"year","doy","temp_mean","temp_max","pm_temp","pm_in_gate","pm_in_peak","wind_mean","pm_wind"
2005,121,9.89864864864865,20.4,14.5119047619048,0.166666666666667,0,8.58783783783784,10.1190476190476
2005,122,12.0466216216216,21.6,17.9880952380952,0.523809523809524,0,6.85135135135135,8.38095238095238
2005,123,11.2563758389262,18.9,15.9166666666667,0,0,9.08053691275168,13.3333333333333
2005,124,11.0684563758389,18.3,14.7952380952381,0,0,6.24161073825503,9.5952380952381
2005,125,13.1214765100671,22.1,19.0190476190476,0.428571428571429,0.0238095238095238,6.05369127516779,8.0952380952381
2005,126,13.7362416107383,23.2,17.4190476190476,0.380952380952381,0.0476190476190476,5.89261744966443,7.80952380952381
2005,127,13.5493243243243,23.1,17.9833333333333,0.404761904761905,0.142857142857143,8.64189189189189,10.9047619047619
2005,128,11.051677852349,16.3,12.85,0,0,5.90604026845637,7.35714285714286
2005,129,11.5560810810811,17.7,13.7357142857143,0,0,8.07432432432433,8.73809523809524
2005,130,12.5510204081633,20.1,14.9536585365854,0.170731707317073,0,9.38095238095238,12.0243902439024
2005,131,13.3066225165563,24.7,20.0642857142857,0.619047619047619,0.404761904761905,6.94701986754967,9.66666666666667
2005,132,15.0645348837209,26.5,22.20625,0.833333333333333,0.5625,5.3953488372093,7.4375
2005,133,16.0104651162791,25.8,21.1553191489362,0.74468085106383,0.51063829787234,7.30813953488372,11.5957446808511
2005,134,12.4300578034682,18.4,14.525,0,0,4.00578034682081,5.79166666666667
2005,135,14.0104046242775,20.4,17.5875,0.375,0,6.72832369942197,10.2083333333333
2005,136,13.7248554913295,19.2,16.6145833333333,0.0625,0,10.0404624277457,13.4583333333333
2005,137,11.5300578034682,17.5,13.7645833333333,0,0,10,13.5416666666667
2005,138,10.5757225433526,15.9,12.7229166666667,0,0,6.65317919075145,8.25
2005,139,10.5356725146199,17.5,12.625,0,0,9.85964912280702,12.6875
2005,140,8.7728323699422,15.7,11.35625,0,0,6.82658959537572,10.7916666666667
2005,141,11.2421965317919,18.7,14.9541666666667,0,0,9.98265895953757,13.0625
2005,142,9.78959537572254,17.3,12.0270833333333,0,0,9.95375722543353,13.375
2005,143,9.7757225433526,19.7,14.09375,0.0416666666666667,0,8.54913294797688,11.2916666666667
2005,144,10.9300578034682,20.5,16.1604166666667,0.145833333333333,0,6.68208092485549,9.08333333333333
2005,145,13.3670520231214,25,20.1895833333333,0.645833333333333,0.291666666666667,5.84971098265896,7.85416666666667
2005,146,15.6267441860465,27.3,23.0625,0.958333333333333,0.5625,5.69767441860465,5.5625
2005,147,17.2290697674419,29.7,25.1354166666667,1,0.916666666666667,5.5,6.70833333333333
2005,148,18.8317919075145,30.7,26.34375,1,0.875,6.79190751445087,9.75
2005,149,19.4668604651163,31.8,25.8020833333333,0.9375,0.729166666666667,7.44186046511628,8.52083333333333
2005,150,18.8395348837209,30,25.9958333333333,1,0.916666666666667,8.07558139534884,9.89583333333333
2005,151,14.5325581395349,22.3,16.963829787234,0.361702127659574,0.0212765957446809,9.16860465116279,15.0212765957447
2005,152,11.7635838150289,15.8,12.98125,0,0,6.36416184971098,7.4375
2005,153,13.6860465116279,21.7,17.2125,0.4375,0,4.51744186046512,8.0625
2005,154,13.8491329479769,23.8,16.70625,0.270833333333333,0.0416666666666667,6.05202312138728,10.9166666666667
2005,155,15.4323699421965,23.3,19.5083333333333,0.5625,0.229166666666667,7.08670520231214,10.3125
2005,156,13.0878612716763,22.7,16.7770833333333,0.395833333333333,0.0833333333333333,8.16763005780347,14.5833333333333
2005,157,10.7531791907514,18.8,13.1916666666667,0,0,7.66473988439306,11.2916666666667
2005,158,7.67630057803468,12.9,8.02916666666667,0,0,4.39884393063584,5.66666666666667
2005,159,11.1277456647399,20.9,14.65625,0.0833333333333333,0,5.45086705202312,8.54166666666667
2005,160,13.2647398843931,21.7,17.1770833333333,0.395833333333333,0,6.72254335260116,9.04166666666667
2005,161,13.6901734104046,23,16.8958333333333,0.1875,0.0416666666666667,6.76300578034682,11.1041666666667
2005,162,13.2410404624277,20.3,15.86875,0.0833333333333333,0,8.38728323699422,14.1458333333333
2005,163,11.5901734104046,17.6,13.7208333333333,0,0,7.80346820809249,11.5
2005,164,11.5994219653179,19.3,14.1083333333333,0.0416666666666667,0,10.0982658959538,13.1666666666667
2005,165,9.75705882352941,16.6,11.8977777777778,0,0,6.08823529411765,6.53333333333333
2005,166,12.0184971098266,22.4,16.23125,0.229166666666667,0.0208333333333333,6.29479768786127,8.5
2005,167,14.3609467455621,23,19.6729166666667,0.666666666666667,0,8.89940828402367,10.4375
2005,168,12.8337209302326,15,13.2666666666667,0,0,5.75,6.91666666666667
2005,169,12.4445086705202,17.9,14.7729166666667,0,0,6.98843930635838,9.3125
2005,170,15.3017341040462,23.4,20.08125,0.770833333333333,0.1875,7.33526011560693,7.79166666666667
2005,171,18.0219653179191,29.1,25.4354166666667,1,0.9375,6.29479768786127,7.83333333333333
2005,172,21.1173410404624,32.8,28.7020833333333,1,0.958333333333333,7.08092485549133,6.9375
2005,173,18.8231213872832,26.7,20.8104166666667,0.625,0.4375,12.9190751445087,16.0208333333333
2005,174,15.2156069364162,23.3,19.9416666666667,0.6875,0.166666666666667,7.70520231213873,11.1666666666667
2005,175,14.175,24.2,18.6729166666667,0.375,0.125,7.44767441860465,9.72916666666667
2005,176,15.3393063583815,23.8,20.1291666666667,0.583333333333333,0.229166666666667,10.21387283237,13.2083333333333
2005,177,16.6132947976879,26.7,22.3729166666667,0.875,0.625,6.68208092485549,8.20833333333333
2005,178,13.8905882352941,18.9,15.0916666666667,0,0,5.22941176470588,6.14583333333333
2005,179,14.193023255814,19.8,15.6895833333333,0.166666666666667,0,4.6453488372093,4.8125
2005,180,17.2699421965318,28.8,21.2770833333333,0.854166666666667,0.333333333333333,5.46242774566474,9.70833333333333
2005,181,18.0508670520231,28.2,22.4895833333333,0.895833333333333,0.583333333333333,6.36416184971098,10
2005,182,19.1086705202312,27.5,24.1625,1,0.875,8.34104046242775,13.0833333333333
2005,183,14.7121387283237,21.8,15.43125,0.229166666666667,0,7.80346820809249,10.8333333333333
2005,184,15.3052023121387,24.7,20.96875,0.8125,0.333333333333333,5.24277456647399,8.6875
2005,185,18.5674418604651,28.8,24.4234042553191,1,0.808510638297872,5.08139534883721,8.70212765957447
2005,186,21.0265895953757,31.1,27.8666666666667,1,1,7.3121387283237,12.75
2005,187,19.1936416184971,27.5,21.5,0.75,0.416666666666667,11.3468208092486,17.0833333333333
2005,188,17.9341040462428,25,22.8,1,0.729166666666667,7.97109826589595,11.2708333333333
2005,189,17.664161849711,27.4,23.0583333333333,0.875,0.770833333333333,10.7456647398844,16.4375
2005,190,15.0838150289017,21.7,17.3791666666667,0.208333333333333,0,9.90173410404624,12.2708333333333
2005,191,13.9598837209302,21.3,16.7895833333333,0.1875,0,6.11046511627907,8.02083333333333
2005,192,16.4578034682081,25.6,20.4958333333333,0.645833333333333,0.3125,6.32369942196532,10.2083333333333
2005,193,19.5468208092486,29.7,26.2375,1,0.9375,8.23121387283237,14.6041666666667
2005,194,19.4709302325581,27.9,24.8425531914894,1,0.936170212765957,9.11046511627907,15.4468085106383
2005,195,19.1473988439306,29.4,25.8104166666667,1,0.979166666666667,5.87861271676301,8.9375
2005,196,18.8179190751445,29.2,24.0833333333333,0.875,0.770833333333333,7.49132947976879,11.4375
2005,197,16.7860465116279,24.2,18.6020833333333,0.583333333333333,0.208333333333333,8.15697674418605,11.3333333333333
2005,198,18.6127167630058,29.4,24.85,0.979166666666667,0.708333333333333,5.61849710982659,8.04166666666667
2005,199,21.6023255813953,32.3,28.81875,1,0.958333333333333,8.37790697674419,13.8541666666667
2005,200,21.6242774566474,30.8,26.9333333333333,1,1,8.72254335260116,9.02083333333333
2005,201,21.4664739884393,32,28.6166666666667,1,1,8.46820809248555,14.4166666666667
2005,202,21.9277456647399,34,29.7083333333333,1,0.770833333333333,7.02312138728324,9.39583333333333
2005,203,17.8606936416185,23.5,18.9416666666667,0.395833333333333,0.0625,5.63005780346821,5.66666666666667
2005,204,19.2046511627907,27.9,24.71875,1,0.916666666666667,9.16860465116279,12.7916666666667
2005,205,18.2780346820809,27.4,24.0645833333333,0.9375,0.875,10.9595375722543,15.2291666666667
2005,206,18.5410404624277,28.6,24.2270833333333,0.958333333333333,0.708333333333333,6.61271676300578,7.77083333333333
2005,207,18.5726744186047,30.7,25.5212765957447,1,0.893617021276596,6.05232558139535,8.76595744680851
2005,208,21.1624277456647,32.4,28.2041666666667,1,0.9375,5.45086705202312,9.02083333333333
2005,209,22.7705202312139,35.3,30.8958333333333,1,0.604166666666667,6.01156069364162,10
2005,210,22.9104046242775,33.5,30.6375,1,0.770833333333333,8.66473988439306,13.1666666666667
2005,211,22.5890173410405,33.8,30.56875,1,0.645833333333333,7.22543352601156,11.6458333333333
2005,212,22.9040697674419,35.3,31.5765957446809,1,0.574468085106383,7.28488372093023,11.1489361702128
2005,213,21.1329479768786,30.7,26.9208333333333,0.979166666666667,0.916666666666667,10.5664739884393,15.8958333333333
2005,214,19.6854651162791,27.8,25.6166666666667,1,1,8.90116279069768,11.4791666666667
2005,215,19.0439306358382,30.7,26.6791666666667,1,1,6.9364161849711,8.16666666666667
2005,216,20.3179190751445,33.6,28.88125,1,0.833333333333333,6.04624277456647,7.35416666666667
2005,217,22.0520467836257,35.3,30.9125,1,0.625,5.70175438596491,9.39583333333333
2005,218,23.0281879194631,35.3,32.0261904761905,1,0.5,7.51006711409396,13.8571428571429
2005,219,23.2691275167785,34.8,31.5428571428571,1,0.595238095238095,7.91275167785235,11.8571428571429
2005,220,22.4932432432432,33.2,29.1738095238095,1,0.738095238095238,7.54054054054054,9.9047619047619
2005,221,22.0214765100671,33.9,27.6214285714286,1,0.857142857142857,8.99328859060403,9.54761904761905
2005,222,18.7114093959732,29.9,22.8619047619048,0.785714285714286,0.619047619047619,7.8255033557047,11.6190476190476
2005,223,19.1409395973154,29.9,24.7309523809524,0.952380952380952,0.80952380952381,7.16107382550336,7.07142857142857
2005,224,14.8046979865772,26,16.5642857142857,0.357142857142857,0.214285714285714,6.8255033557047,11.0714285714286
2005,225,15.3931972789116,27.7,22.7309523809524,0.857142857142857,0.571428571428571,4.70068027210884,6.73809523809524
2005,226,18.4328859060403,31.3,26.297619047619,1,0.904761904761905,7.06040268456376,11.2619047619048
2005,227,20.1630872483221,32.7,27.1928571428571,1,0.880952380952381,7.16107382550336,10.0952380952381
2005,228,20.5476510067114,32,26.6595238095238,1,0.857142857142857,6.48322147651007,7.54761904761905
2005,229,14.6114093959732,22.1,15.1452380952381,0.261904761904762,0.0238095238095238,8.15436241610739,11.3571428571429
2005,230,15.49375,26.1,21.2382978723404,0.659574468085106,0.553191489361702,6.05555555555556,7.41666666666667
2005,231,15.6666666666667,28.1,23.7744186046512,0.953488372093023,0.651162790697674,5.73214285714286,8.06976744186047
2005,232,18.7375722543353,32,27.0479166666667,1,0.958333333333333,5.66473988439307,9.04166666666667
2005,233,21.2184971098266,35.5,29.9791666666667,1,0.729166666666667,5.97109826589595,9.54166666666667
2005,234,19.8317919075145,29.5,24.8604166666667,0.9375,0.729166666666667,7.95375722543353,11.125
2005,235,14.1791907514451,23.6,15.4145833333333,0.125,0.0208333333333333,9.63372093023256,14.4893617021277
2005,236,14.0843930635838,26.5,19.1,0.541666666666667,0.4375,4.95953757225434,6.52083333333333
2005,237,16.1086705202312,29.1,23.5354166666667,0.895833333333333,0.645833333333333,5.17341040462428,9.25
2005,238,17.4976878612717,30.9,25.9958333333333,1,0.895833333333333,5.86127167630058,10.7291666666667
2005,239,18.7092485549133,31.2,27.1520833333333,1,0.979166666666667,6.3757225433526,10.9166666666667
2005,240,19.9554913294798,32.5,28.6,1,0.979166666666667,7.36416184971098,11.3125
2005,241,14.3296511627907,22.9,16.4914893617021,0.212765957446809,0.0851063829787234,10.4302325581395,15.6170212765957
2005,242,12.9526011560694,20.5,17.8229166666667,0.25,0,5.68208092485549,7.16666666666667
2005,243,14.8374193548387,25.6,21.8,0.864864864864865,0.486486486486487,5.02739726027397,7.52941176470588
2005,244,15.8196531791908,27.2,23.19375,0.979166666666667,0.6875,5.64779874213837,8.21739130434783
2005,245,17.3994219653179,29.2,24.03125,0.916666666666667,0.8125,6.40462427745665,9.91666666666667
2005,246,16.721387283237,26.1,22.7833333333333,0.979166666666667,0.708333333333333,8.48554913294798,15
2005,247,14.3219653179191,21.6,18.8458333333333,0.583333333333333,0,9.1849710982659,14.5
2005,248,13.7092485549133,23.2,19.6875,0.666666666666667,0.208333333333333,5.83236994219653,6.72916666666667
2005,249,13.3260115606936,25.8,21.1770833333333,0.875,0.395833333333333,6.1849710982659,8.29166666666667
2005,250,14.1508670520231,28.2,22.5916666666667,0.895833333333333,0.666666666666667,5.69364161849711,8.83333333333333
2005,251,16.121387283237,29.5,24.3354166666667,0.895833333333333,0.791666666666667,7.33526011560694,12
2005,252,13.9728323699422,21.1,16.8958333333333,0.125,0,9.58381502890173,12.0625
2005,253,7.52254335260116,12.2,7.54375,0,0,5.83815028901734,6.02083333333333
2005,254,7.70751445086705,14.5,9.74791666666667,0,0,4.90173410404624,8.0625
2005,255,10.028901734104,20.2,12.4895833333333,0.0208333333333333,0,3.12138728323699,3.89583333333333
2005,256,11.7982658959538,19.1,15.1416666666667,0.0208333333333333,0,6.33526011560694,9.85416666666667
2005,257,13.7664739884393,22.2,18.1291666666667,0.375,0.0208333333333333,6.30057803468208,9.60416666666667
2005,258,12.9789473684211,20.5,15.8375,0.145833333333333,0,5.4327485380117,6.33333333333333
2005,259,12.2674556213018,20.6,15.9191489361702,0.106382978723404,0,7.49704142011835,9.5531914893617
2005,260,12.1832369942197,22.3,18.2229166666667,0.375,0.0208333333333333,4.33526011560694,4.64583333333333
2005,261,12.0849710982659,22.4,17.8479166666667,0.333333333333333,0.0416666666666667,7.64161849710983,12
2005,262,14.6537572254335,23.5,19.1729166666667,0.541666666666667,0.291666666666667,10.7225433526012,13.3125
2005,263,12.2554913294798,20.8,17.2333333333333,0.291666666666667,0,6.91329479768786,9.95833333333333
2005,264,9.36589595375723,21.4,15.675,0.125,0,5.98843930635838,7.47916666666667
2005,265,8.70639534883721,16.8,13.7208333333333,0,0,7.28488372093023,10.9583333333333
2005,266,8.67267441860465,19.4,14.8276595744681,0.0425531914893617,0,7.19767441860465,8.29787234042553
2005,267,8.52023121387283,20.6,16.0604166666667,0.125,0,6.0635838150289,7.5
2005,268,10.3138728323699,22.4,17.6854166666667,0.354166666666667,0.125,6.84393063583815,12.125
2005,269,13.4976878612717,24,20.1145833333333,0.645833333333333,0.3125,9.35838150289017,13.6041666666667
2005,270,11.0098265895954,21.8,15.6541666666667,0.395833333333333,0,7.95375722543353,10.2708333333333
2005,271,9.90813953488372,21.8,16.51875,0.25,0,6.44186046511628,10.625
2005,272,12.228901734104,18.3,13.0729166666667,0,0,9.45086705202312,13
2005,273,12.8566473988439,17.9,14.4604166666667,0,0,7.21965317919075,8.20833333333333
2006,121,5.97456647398844,13.6,8.30833333333333,0,0,8.03468208092486,12.125
2006,122,7.41618497109827,14.7,11.8270833333333,0,0,6.51445086705202,7.8125
2006,123,8.60057803468208,20,14.7645833333333,0.104166666666667,0,7.39306358381503,9.375
2006,124,10.2306358381503,21.7,17.5333333333333,0.354166666666667,0,5.34104046242775,7.64583333333333
2006,125,12.5595375722543,24.1,20.1083333333333,0.604166666666667,0.25,6.74566473988439,11.25
2006,126,12.9040462427746,21,17.3375,0.166666666666667,0,9.69364161849711,13.625
2006,127,9.36337209302325,15,11.1375,0,0,11.6860465116279,14
2006,128,6.82369942196532,13.2,9.59583333333333,0,0,9.53179190751445,13.5625
2006,129,7.70697674418605,18.6,14.1021276595745,0,0,8.5,12.3191489361702
2006,130,10.0323529411765,20.4,16.7041666666667,0.229166666666667,0,6.05263157894737,8.3125
2006,131,10.2441860465116,17.3,14.43125,0,0,7.21511627906977,9.16666666666667
2006,132,8.178612716763,17.4,10.0895833333333,0,0,9.67630057803468,15.8125
2006,133,9.75838150289017,20.1,16.8145833333333,0.25,0,7.36416184971098,8.47916666666667
2006,134,13.9820809248555,27.1,22.3458333333333,0.958333333333333,0.604166666666667,6.4335260115607,7.79166666666667
2006,135,17.1468208092486,29.7,25.4979166666667,1,0.916666666666667,6.73410404624277,6.91666666666667
2006,136,19.571676300578,32.2,27.7604166666667,1,0.979166666666667,6.47398843930636,7.39583333333333
2006,137,20.3393063583815,33,28.2791666666667,1,0.9375,5.33526011560694,5.6875
2006,138,20.6693641618497,34.4,28.3375,1,0.833333333333333,6.46242774566474,6.70833333333333
2006,139,19.3476744186047,31,25.05625,1,0.9375,7.41860465116279,12.0833333333333
2006,140,14.3242774566474,18.2,15.0208333333333,0,0,5.89595375722543,8.27083333333333
2006,141,15.3473988439306,22.1,19.4291666666667,0.6875,0.0208333333333333,5.86705202312139,6.83333333333333
2006,142,14.4300578034682,23.3,17.7395833333333,0.375,0.0833333333333333,6.53757225433526,7.14583333333333
2006,143,15.4558139534884,21.8,18.9583333333333,0.479166666666667,0,8.86627906976744,12.5833333333333
2006,144,13.0473988439306,21.1,16.15,0.104166666666667,0,6.79190751445087,10.2708333333333
2006,145,11.7919075144509,18.1,15.1875,0,0,8.60115606936416,11.2916666666667
2006,146,9.3242774566474,16.5,11.6625,0,0,7.77456647398844,11.7291666666667
2006,147,9.8242774566474,18.2,13.1083333333333,0,0,6.15606936416185,8.22916666666667
2006,148,11.1075144508671,19.8,14.7541666666667,0.0625,0,6.24277456647399,8.79166666666667
2006,149,11.7098837209302,19,14.6354166666667,0.0208333333333333,0,7.93604651162791,9.5
2006,150,14.3439306358382,24.7,19.4770833333333,0.5625,0.208333333333333,7.23121387283237,8.85416666666667
2006,151,16.3017341040462,28.5,23.4854166666667,1,0.666666666666667,4.99421965317919,7.39583333333333
2006,152,18.3907514450867,25.7,23.61875,1,0.854166666666667,6.35838150289017,8.0625
2006,153,16.8664739884393,26.4,19.225,0.395833333333333,0.270833333333333,8.59537572254335,11.1458333333333
2006,154,16.5505813953488,24.2,20.10625,0.6875,0.166666666666667,10.0348837209302,11.7083333333333
2006,155,11.357225433526,16,12.6229166666667,0,0,5.60693641618497,5.77083333333333
2006,156,15.2173410404624,22.3,19.0041666666667,0.541666666666667,0.0625,9.19075144508671,12.8333333333333
2006,157,16.7232558139535,26.8,22.9191489361702,1,0.702127659574468,5.9593023255814,5.5531914893617
2006,158,18.0046242774566,29.6,24.4208333333333,0.916666666666667,0.833333333333333,7.3121387283237,8.77083333333333
2006,159,15.0982658959538,19.4,16.19375,0.0625,0,4.49132947976879,4.95833333333333
2006,160,16.0670520231214,25.8,20.9125,0.854166666666667,0.270833333333333,6.13872832369942,8.10416666666667
2006,161,13.8439306358382,25,15.75,0.104166666666667,0.0416666666666667,4.16763005780347,4.9375
2006,162,13.9404624277457,21.7,17.45,0.291666666666667,0,7.28323699421965,9.02083333333333
2006,163,16.0913294797688,24.6,19.7333333333333,0.729166666666667,0.291666666666667,8.3757225433526,9.52083333333333
2006,164,16.9895348837209,26.2,19.875,0.583333333333333,0.1875,7.6046511627907,8.10416666666667
2006,165,14.328323699422,18.9,14.925,0,0,9.29479768786127,13.9791666666667
2006,166,12.8364161849711,17.8,13.76875,0,0,8.22543352601156,10
2006,167,14.3630057803468,22.9,17.7375,0.3125,0.0208333333333333,9.27167630057803,13.0833333333333
2006,168,14.0173410404624,21.8,17.26875,0.208333333333333,0,8.60115606936416,11.4583333333333
2006,169,14.6734104046243,22.9,19.7604166666667,0.6875,0.104166666666667,6.70520231213873,8.5625
2006,170,12.5485549132948,20,15.4395833333333,0.104166666666667,0,8.03468208092486,12.0208333333333
2006,171,13.0306358381503,21.6,17.1770833333333,0.1875,0,6.9364161849711,8.95833333333333
2006,172,15.0023121387283,24,20.06875,0.5625,0.208333333333333,5.76300578034682,9.04166666666667
2006,173,17.0075581395349,25.9,22.368085106383,0.936170212765957,0.531914893617021,6.19767441860465,11.531914893617
2006,174,17.6906432748538,27.7,23.35,0.895833333333333,0.6875,5.60233918128655,6.35416666666667
2006,175,19.6578034682081,30.9,27.0125,1,1,5.46820809248555,6.20833333333333
2006,176,21.6682080924855,32.3,29.23125,1,0.9375,6.05202312138728,7.8125
2006,177,23.2410404624277,34.9,30.8395833333333,1,0.708333333333333,5.82658959537572,6.70833333333333
2006,178,23.9746913580247,36.3,31.8395348837209,1,0.581395348837209,6.2283950617284,9.69767441860465
2006,179,24.4325153374233,33,30.2617021276596,1,0.851063829787234,10.4049079754601,15.9148936170213
2006,180,21.6508670520231,30.6,27.9833333333333,1,1,8.46242774566474,11.8125
2006,181,21.7854651162791,31.5,27.5020833333333,1,0.979166666666667,8.83139534883721,10.6666666666667
2006,182,20.6861271676301,33.3,25.59375,0.895833333333333,0.645833333333333,6.6242774566474,9.52083333333333
2006,183,21.7726744186047,35,29.1291666666667,1,0.770833333333333,5.97093023255814,7.47916666666667
2006,184,22.728323699422,33.4,29.4020833333333,1,0.895833333333333,5.34104046242775,6.39583333333333
2006,185,22.861935483871,35.2,29.85,1,0.80952380952381,6.21935483870968,8.61904761904762
2006,186,22.9648648648649,32.2,29.1047619047619,1,0.976190476190476,7.11486486486487,7.26190476190476
2006,187,19.2140939597315,28.5,23.25,0.952380952380952,0.761904761904762,7.04026845637584,8
2006,188,19.3194630872483,29.3,24.5642857142857,1,0.928571428571429,9.10738255033557,13.3809523809524
2006,189,21.6859060402685,31.9,28.2738095238095,1,1,5.54362416107383,7.33333333333333
2006,190,22.6906040268456,32.8,29.497619047619,1,0.80952380952381,6.66442953020134,10.0238095238095
2006,191,18.4487341772152,26.9,20.8177777777778,0.644444444444444,0.511111111111111,6.40506329113924,5.95555555555556
2006,192,20.2179190751445,30.5,26.7375,1,1,7.35838150289017,12.1875
2006,193,18.671676300578,26.7,22.90625,0.958333333333333,0.6875,8.95953757225434,13.75
2006,194,17.7312138728324,25.4,21.3770833333333,0.854166666666667,0.416666666666667,8.89595375722543,12.3125
2006,195,19.7313953488372,29.3,25.5234042553192,1,0.893617021276596,7.97674418604651,13.1063829787234
2006,196,20.9719298245614,30.3,27.6340425531915,1,1,8.96491228070176,15.2553191489362
2006,197,21.1618497109827,31.7,28.14375,1,1,7.32369942196532,9.77083333333333
2006,198,21.842774566474,32.3,28.9645833333333,1,0.979166666666667,9.83815028901734,16.6875
2006,199,20.4745664739884,28.6,25.5,1,1,9.65895953757225,12.6041666666667
2006,200,19.850289017341,30.9,25.4479166666667,1,0.958333333333333,6.08670520231214,7.125
2006,201,22.6389534883721,32.8,29.3645833333333,1,0.875,7.02325581395349,7.5625
2006,202,24.650289017341,36.9,32.80625,1,0.375,5.54913294797688,5.4375
2006,203,25.7664739884393,38.3,33.0770833333333,1,0.270833333333333,5.42774566473988,8.33333333333333
2006,204,27.4109826589595,39.7,34.1291666666667,1,0.208333333333333,5.41618497109827,7.70833333333333
2006,205,25.2184971098266,36.2,30.6479166666667,1,0.5625,6.79768786127168,8.625
2006,206,22.86125,35.2,28.5780487804878,1,0.780487804878049,6.58125,10.5609756097561
2006,207,24.9006711409396,36.8,32.6190476190476,1,0.404761904761905,5.97315436241611,8.88095238095238
2006,208,25.6738255033557,35,32.7190476190476,1,0.380952380952381,8.08724832214765,13.1190476190476
2006,209,24.8912751677852,33.2,31.2095238095238,1,0.69047619047619,9.42953020134228,14.2857142857143
2006,210,22.6651006711409,32.6,28.5357142857143,1,0.952380952380952,11.0671140939597,16.5238095238095
2006,211,15.6963768115942,23.4,17.2135135135135,0.378378378378378,0.027027027027027,12.5579710144928,17.1891891891892
2006,212,15.604,24.8,21.8833333333333,0.944444444444444,0.527777777777778,7.032,10.3333333333333
2006,213,16.9920863309353,27,22.252380952381,0.976190476190476,0.452380952380952,5.93525179856115,8
2006,214,17.4630872483221,29,23.7428571428571,1,0.619047619047619,5.28187919463087,8.33333333333333
2006,215,17.8825503355705,29.5,24.697619047619,1,0.880952380952381,5.59060402684564,7.5952380952381
2006,216,18.5512345679012,27.8,24.8375,1,0.958333333333333,10.3641975308642,16.3125
2006,217,18.1838150289017,29.6,25.3625,1,0.833333333333333,7.58959537572254,9.27083333333333
2006,218,20.0005780346821,32.6,28.6125,1,0.895833333333333,4.94797687861272,7.95833333333333
2006,219,22.2959537572254,35.4,31.0020833333333,1,0.6875,5.69942196531792,10.1041666666667
2006,220,22.7482558139535,35.1,29.88125,1,0.875,5.25581395348837,7.77083333333333
2006,221,22.3196531791908,30.4,26.9604166666667,1,0.979166666666667,11.1907514450867,14.5416666666667
2006,222,18.1046242774566,27.8,22.09375,0.729166666666667,0.625,7.76300578034682,13.5416666666667
2006,223,15.0656976744186,22.2,17.5744680851064,0.425531914893617,0.0212765957446809,7.22093023255814,9.91489361702128
2006,224,15.1005780346821,25.7,19.84375,0.604166666666667,0.375,4.3757225433526,7.85416666666667
2006,225,16.6179190751445,29,23.79375,0.958333333333333,0.75,5.30057803468208,8.35416666666667
2006,226,18.9184971098266,31.2,26.5229166666667,1,0.979166666666667,4.86127167630058,8.27083333333333
2006,227,19.6300578034682,30.3,26.5333333333333,1,1,5.73988439306358,8.45833333333333
2006,228,18.2780346820809,29.2,22.8770833333333,0.729166666666667,0.583333333333333,6.21387283236994,7.58333333333333
2006,229,19.0063583815029,30.6,26.5208333333333,1,0.9375,5.23121387283237,6.70833333333333
2006,230,19.7976878612717,31.9,28,1,0.979166666666667,5.63005780346821,8.91666666666667
2006,231,20.3375722543353,33.4,28.5708333333333,1,0.854166666666667,5.49132947976879,8.91666666666667
2006,232,20.6491329479769,34.5,28.6270833333333,1,0.854166666666667,5.30057803468208,7.79166666666667
2006,233,20.7221556886228,36.2,29.3023255813953,1,0.837209302325581,5.27544910179641,7.37209302325581
2006,234,19.4275449101796,32.5,25.9116279069767,0.976744186046512,0.837209302325581,8.04191616766467,11.4186046511628
2006,235,18.5023121387283,28.1,24.7354166666667,1,0.9375,8.30635838150289,12.0416666666667
2006,236,16.8107142857143,26,22.6545454545455,1,0.659090909090909,5.80357142857143,7.88636363636364
2006,237,18.1313953488372,29.1,24.7208333333333,1,0.708333333333333,6,5.66666666666667
2006,238,18.4739884393064,31.7,26.3708333333333,1,0.958333333333333,4.47398843930636,7.14583333333333
2006,239,20.1627906976744,33,28.7166666666667,1,0.854166666666667,4.7093023255814,7.72916666666667
2006,240,21.1913294797688,34.6,30.1208333333333,1,0.729166666666667,5.6242774566474,9.5625
2006,241,19.7369942196532,30.9,25.4583333333333,1,0.791666666666667,9.56647398843931,15.0208333333333
2006,242,12.4254335260116,18.9,12.8416666666667,0,0,10.4682080924855,9.60416666666667
2006,243,12.2369942196532,21.8,17.7583333333333,0.458333333333333,0,6.40462427745665,9.70833333333333
2006,244,13.7150289017341,26.1,21.7291666666667,0.854166666666667,0.479166666666667,5.29479768786127,6.58333333333333
2006,245,17.049710982659,32,26.1395833333333,1,0.9375,4.89017341040462,6.22916666666667
2006,246,18.5813953488372,30.4,27.4145833333333,1,1,5.16279069767442,7.08333333333333
2006,247,19.6210526315789,32.6,27.5229166666667,1,0.979166666666667,4.57309941520468,5.1875
2006,248,19.5404624277457,31.3,27.2479166666667,1,1,5.03468208092486,7.02083333333333
2006,249,19.328323699422,31.2,26.5666666666667,1,0.9375,4.50867052023121,5.1875
2006,250,19.106936416185,30.5,26.0270833333333,1,0.979166666666667,5.23121387283237,6.58333333333333
2006,251,19.2092485549133,32.4,26.6791666666667,1,0.979166666666667,5.09248554913295,6.85416666666667
2006,252,17.506976744186,27.3,23.2958333333333,1,0.6875,7.63372093023256,12.9791666666667
2006,253,17.071676300578,26.6,23.3895833333333,1,0.729166666666667,6.39306358381503,7.54166666666667
2006,254,17.1566473988439,29.9,25.5229166666667,1,0.9375,5.5028901734104,9.16666666666667
2006,255,17.4312138728324,30.6,25.5875,1,0.979166666666667,5.45664739884393,8.89583333333333
2006,256,14.0767441860465,24,17.3708333333333,0.4375,0.166666666666667,10.0232558139535,14.5833333333333
2006,257,7.7849710982659,14.2,8.76458333333333,0,0,4.8150289017341,6.79166666666667
2006,258,9.48771929824561,19,13.4208333333333,0.0208333333333333,0,8.09248554913295,10.375
2006,259,9.58150289017341,18.8,13.0229166666667,0,0,5.99421965317919,8.16666666666667
2006,260,10.5254335260116,21,16.6604166666667,0.25,0,5.45086705202312,7.72916666666667
2006,261,10.6057803468208,15,13.5166666666667,0,0,4.9364161849711,6.33333333333333
2006,262,11.2791907514451,17.8,15.0166666666667,0,0,4.78612716763006,6.5625
2006,263,10.4450867052023,14.5,11.69375,0,0,8.5606936416185,12.3541666666667
2006,264,10.0138728323699,17.2,12.70625,0,0,7.7514450867052,9.97916666666667
2006,265,9.96994219653179,19.9,15.1354166666667,0.0625,0,6.33526011560694,9.5
2006,266,11.4028901734104,22.4,17.7520833333333,0.375,0.0208333333333333,4.82658959537572,6.77083333333333
2006,267,11.9687861271676,23.9,19.1604166666667,0.479166666666667,0.145833333333333,4.60693641618497,7.72916666666667
2006,268,13.3028901734104,26.1,20.8916666666667,0.75,0.270833333333333,5.01734104046243,10.4791666666667
2006,269,14.5826589595376,23.2,20.1833333333333,0.770833333333333,0.166666666666667,4.65895953757225,5.66666666666667
2006,270,14.8593023255814,25.7,21.1354166666667,0.791666666666667,0.375,4.87209302325581,5.54166666666667
2006,271,14.6693641618497,26.8,21.7979166666667,0.916666666666667,0.395833333333333,4.82080924855491,8.27083333333333
2006,272,15.3517441860465,28.1,22.7851063829787,0.957446808510638,0.638297872340426,4.61627906976744,7.23404255319149
2006,273,15.7699421965318,26.9,22.81875,0.9375,0.625,8.57225433526012,13.7291666666667
2007,121,10.6436241610738,18.9,13.5404761904762,0,0,9.26174496644295,12.2857142857143
2007,122,9.26912751677852,14.4,11.6190476190476,0,0,5.9261744966443,8.23809523809524
2007,123,6.27484662576687,10.4,7.01041666666667,0,0,8.54601226993865,10.5833333333333
2007,124,6.46011560693642,12.8,8.475,0,0,11.2890173410405,13.4791666666667
2007,125,9.3485549132948,18.3,14.1541666666667,0,0,8.8728323699422,10.2708333333333
2007,126,11.2312138728324,22.1,17.9479166666667,0.3125,0.0208333333333333,7.41618497109827,10.6458333333333
2007,127,15.3686046511628,24.7,20.7291666666667,0.6875,0.395833333333333,9.28488372093023,12.2291666666667
2007,128,17.8780346820809,27.4,23.9229166666667,0.979166666666667,0.770833333333333,10.7167630057803,14.875
2007,129,15.7988372093023,22.9,19.9829787234043,0.765957446808511,0.0851063829787234,10.5174418604651,9.76595744680851
2007,130,13.4895953757225,23.7,20.5375,0.708333333333333,0.333333333333333,6.02890173410405,7.52083333333333
2007,131,14.393063583815,25.8,22,0.916666666666667,0.479166666666667,5.8150289017341,9.35416666666667
2007,132,16.2121387283237,25.9,22.8979166666667,0.9375,0.770833333333333,6.93063583815029,9.89583333333333
2007,133,10.3578034682081,16.9,11.0479166666667,0,0,8.03468208092486,10.9375
2007,134,11.9947976878613,22.9,17.86875,0.416666666666667,0.0833333333333333,4.46820809248555,6.39583333333333
2007,135,14.5323699421965,25.9,22.0354166666667,0.833333333333333,0.5,5.02906976744186,5.48936170212766
2007,136,16.0277456647399,25.3,22.7958333333333,1,0.791666666666667,5.33526011560694,6.83333333333333
2007,137,16.8809523809524,26.9,23.4173913043478,1,0.717391304347826,8.64880952380953,15.5434782608696
2007,138,16.6121387283237,27.4,22.4083333333333,1,0.645833333333333,9.54335260115607,12.2916666666667
2007,139,13.2208092485549,20.4,15.7270833333333,0.25,0,11.2658959537572,16.2916666666667
2007,140,10.6352601156069,19.1,13.7583333333333,0.0208333333333333,0,9.00578034682081,13.0833333333333
2007,141,9.64682080924855,21.5,13.425,0.0833333333333333,0,7.35260115606936,9.14583333333333
2007,142,11.912426035503,22.6,17.9854166666667,0.541666666666667,0.0625,6.24260355029586,8.47916666666667
2007,143,11.2537572254335,21.3,15.9083333333333,0.145833333333333,0,7.90751445086705,11.4375
2007,144,8.52023121387283,18.6,10.0083333333333,0,0,8.63583815028902,11.2291666666667
2007,145,11.6854651162791,23.1,18.1765957446808,0.531914893617021,0.127659574468085,5.86627906976744,9.29787234042553
2007,146,14.4372781065089,25.2,20.9510638297872,0.787234042553192,0.361702127659574,5.89940828402367,9.42553191489362
2007,147,11.8147928994083,19.1,12.9553191489362,0.0212765957446809,0,6.49112426035503,8.46808510638298
2007,148,11.0289940828402,22.4,14.2531914893617,0.25531914893617,0.0212765957446809,9.20118343195266,12.8085106382979
2007,149,14.2554913294798,25.2,20.2291666666667,0.645833333333333,0.416666666666667,4.80346820809249,6.33333333333333
2007,150,16.4843023255814,28.8,24.268085106383,0.978723404255319,0.829787234042553,4.75,6.17021276595745
2007,151,18.8848837209302,31.3,26.8936170212766,1,1,5.15116279069767,8.04255319148936
2007,152,20.5011560693642,32.7,28.4020833333333,1,0.9375,4.84393063583815,7.0625
2007,153,21.3732558139535,33.9,29.1659574468085,1,0.851063829787234,5,6.14893617021277
2007,154,21.728488372093,35.2,28.3958333333333,0.854166666666667,0.645833333333333,6.78488372093023,8.5
2007,155,19.819298245614,29.6,23.4630434782609,0.978260869565217,0.717391304347826,6.98830409356725,8.60869565217391
2007,156,15.159748427673,22.2,16.3047619047619,0.166666666666667,0.0238095238095238,7.08670520231214,6.41666666666667
2007,157,12.1127516778523,15.7,13.3119047619048,0,0,7.67630057803468,8.20833333333333
2007,158,11.6785234899329,15.7,13.3809523809524,0,0,8.52601156069365,10.9166666666667
2007,159,13.5322147651007,19,16.2595238095238,0.0238095238095238,0,8.65317919075144,9.5
2007,160,13.4926174496644,20.7,17.102380952381,0.19047619047619,0,7.15028901734104,9.5625
2007,161,14.3040268456376,22.4,17.1261904761905,0.238095238095238,0.0238095238095238,9.58959537572254,13.25
2007,162,13.0496644295302,18.6,15.6571428571429,0,0,9.40462427745664,13.1875
2007,163,12.5959731543624,20.3,16.6261904761905,0.214285714285714,0,7.77456647398844,9.5
2007,164,12.3570469798658,21.7,17.0857142857143,0.357142857142857,0,8.41618497109827,12.2708333333333
2007,165,11.9355704697987,19.5,14.5119047619048,0.0238095238095238,0,6.53179190751445,9.58333333333334
2007,166,12.3698630136986,21.2,16.9142857142857,0.166666666666667,0,5.9764705882353,7.91666666666667
2007,167,14.2659574468085,24.2,18.275,0.5,0.2,7.03636363636364,11.2391304347826
2007,168,11.1464,20.2,13.3916666666667,0.0833333333333333,0,7.87248322147651,8.9047619047619
2007,169,12.9152,20.1,16.1861111111111,0.194444444444444,0,6.8255033557047,10.6666666666667
2007,170,16.4352517985612,25.9,22.7166666666667,0.952380952380952,0.619047619047619,7.73154362416107,12.7857142857143
2007,171,19.9590604026846,32.3,27.597619047619,1,0.976190476190476,5.51677852348993,9.19047619047619
2007,172,21.0290540540541,29.9,27.4707317073171,1,1,10.4527027027027,17.8292682926829
2007,173,19.7845637583893,28.2,25.6666666666667,1,1,10.7651006711409,15.8809523809524
2007,174,17.7046979865772,23.4,21.1,0.952380952380952,0.285714285714286,12.5704697986577,14.1190476190476
2007,175,14.9147651006711,23.4,19.3047619047619,0.547619047619048,0.0476190476190476,9.56375838926174,15.8095238095238
2007,176,11.0912751677852,17.8,13.502380952381,0,0,9.70469798657718,10.7619047619048
2007,177,15.4308724832215,26.8,22.647619047619,0.928571428571429,0.619047619047619,4.86577181208054,6.11904761904762
2007,178,18.4047297297297,26.6,24.1452380952381,1,0.952380952380952,5.79054054054054,6.47619047619048
2007,179,20.7451219512195,29.4,25.5333333333333,1,0.9375,5.97315436241611,7.5952380952381
2007,180,17.0867052023121,27.2,20.5479166666667,0.5625,0.4375,8.18791946308725,11.2857142857143
2007,181,15.9360465116279,24.2,20.2617021276596,0.638297872340426,0.297872340425532,8.25675675675676,10.8048780487805
2007,182,17.8300578034682,28.9,25.20625,1,0.9375,6.02013422818792,10.0714285714286
2007,183,20.4393063583815,29.8,26.8770833333333,1,1,7.2013422818792,12.047619047619
2007,184,21.6526011560694,32.2,28.2666666666667,1,0.979166666666667,8.248322147651,13.3333333333333
2007,185,23.1647398843931,35,31.0458333333333,1,0.604166666666667,5.41610738255033,8.54761904761905
2007,186,25.2150289017341,38.1,33.7625,1,0.291666666666667,5.7248322147651,9.26190476190476
2007,187,26.1601156069364,36.7,34.0125,1,0.0625,8.54362416107383,13.9761904761905
2007,188,23.5225433526012,32,28.39375,1,1,9.51677852348993,10.2142857142857
2007,189,22.6046242774566,31.5,27.9791666666667,1,1,7.48993288590604,10.2619047619048
2007,190,21.5005780346821,31.6,26.8854166666667,0.979166666666667,0.833333333333333,9.38926174496644,14.7619047619048
2007,191,22.5884393063584,34.3,29.2229166666667,1,0.8125,7,8.45238095238095
2007,192,24.1191860465116,36,31.5723404255319,1,0.553191489361702,6.85135135135135,7.63414634146342
2007,193,25.9901162790698,39.1,33.7020833333333,1,0.333333333333333,6.11486486486486,7.95238095238095
2007,194,26.6421965317919,39.4,34.2479166666667,1,0.0833333333333333,6.19463087248322,8.33333333333333
2007,195,26.5138728323699,38.9,34.5125,1,0.166666666666667,5.87919463087248,8.71428571428571
2007,196,24.950289017341,35.4,31.53125,1,0.541666666666667,5.87248322147651,8.71428571428571
2007,197,24.4919075144509,34.8,31.2166666666667,1,0.583333333333333,6.09395973154362,10.1190476190476
2007,198,23.1768786127168,33.2,27.9708333333333,1,0.854166666666667,6.77181208053691,6.83333333333333
2007,199,25.164161849711,36.6,30.4729166666667,1,0.770833333333333,7.57718120805369,9.5
2007,200,19.6595375722543,26.8,22.9145833333333,0.958333333333333,0.666666666666667,8.08724832214765,12.0714285714286
2007,201,18.6017341040462,27.6,24.0083333333333,0.958333333333333,0.791666666666667,6.6241610738255,9.61904761904762
2007,202,21.0115606936416,28.8,25.375,1,0.854166666666667,9.95302013422819,13.8095238095238
2007,203,22.8109826589595,33.8,27.8666666666667,1,0.854166666666667,8.06040268456376,10.952380952381
2007,204,24.0444444444444,34.8,30.8166666666667,1,0.4375,6.23809523809524,9.28571428571429
2007,205,24.2219653179191,31.7,28.9083333333333,1,1,9.64429530201342,13.4285714285714
2007,206,22.1410404624277,33.3,28.6791666666667,1,0.9375,8.06040268456376,8.61904761904762
2007,207,23.8323699421965,36.6,31.9020833333333,1,0.604166666666667,6.30201342281879,8.16666666666667
2007,208,25.143023255814,36.9,33.21875,1,0.4375,7.55405405405405,13
2007,209,25.0560693641618,35.4,32.775,1,0.333333333333333,8.99328859060402,14.4761904761905
2007,210,24.5329479768786,33.9,31.9395833333333,1,0.520833333333333,10.1677852348993,14.9047619047619
2007,211,23.7703488372093,32.6,29.81875,1,0.979166666666667,9.2972972972973,14.1666666666667
2007,212,21.9410404624277,31.2,28.60625,1,1,8.30201342281879,11.9047619047619
2007,213,21.8508670520231,34.4,29.4416666666667,1,0.75,7.1744966442953,7.54761904761905
2007,214,22.8728323699422,36.6,31.0666666666667,1,0.708333333333333,5.85906040268456,7.66666666666667
2007,215,23.3034682080925,32.4,29.8125,1,0.9375,11.993288590604,18.3809523809524
2007,216,20.8323699421965,30.1,26.475,1,0.979166666666667,7.91946308724832,10.7619047619048
2007,217,21.1034682080925,31.2,27.1520833333333,1,0.958333333333333,6.36912751677852,7.38095238095238
2007,218,20.9369942196532,31.4,27.825,1,1,6.25503355704698,9.35714285714286
2007,219,21.8907514450867,30.6,27.2958333333333,1,1,10.6644295302013,14.952380952381
2007,220,20.0635838150289,27.2,22.7125,0.895833333333333,0.604166666666667,11.3624161073825,15.7380952380952
2007,221,19.2959537572254,29.7,24.9645833333333,0.979166666666667,0.8125,9.08053691275168,12.8571428571429
2007,222,15.8883040935673,24.8,18.1282608695652,0.41304347826087,0.173913043478261,8.48299319727891,9.9
2007,223,16.4080924855491,28.9,24.0791666666667,0.958333333333333,0.729166666666667,6.39597315436241,9.85714285714286
2007,224,18.3531791907514,28.6,24.6,0.916666666666667,0.854166666666667,9.16107382550335,16.3333333333333
2007,225,19.514450867052,30.1,25.7416666666667,1,0.916666666666667,7.13422818791946,9.73809523809524
2007,226,20.6482558139535,32.6,28.5872340425532,1,0.872340425531915,6.07432432432433,8.09756097560976
2007,227,21.8479768786127,34.5,29.7895833333333,1,0.75,6.83892617449664,8.11904761904762
2007,228,23.0196531791908,36.3,29.8479166666667,1,0.75,9.48993288590604,12.7142857142857
2007,229,22.0277456647399,31.4,28.5958333333333,1,0.979166666666667,9.10738255033557,13.6428571428571
2007,230,19.6531791907514,29.8,25.8916666666667,1,0.979166666666667,7.09395973154363,9.64285714285714
2007,231,15.1236994219653,20.8,16.1875,0.166666666666667,0,6.34228187919463,9.04761904761905
2007,232,14.4456647398844,19.7,16.6583333333333,0.125,0,8.57718120805369,11.2619047619048
2007,233,16.2841176470588,24.6,21.00625,0.791666666666667,0.333333333333333,6.35374149659864,9.42857142857143
2007,234,16.3791907514451,26.8,23.2854166666667,1,0.75,6.87919463087248,8.5
2007,235,17.072049689441,27.7,23.4619047619048,0.857142857142857,0.785714285714286,7.1021897810219,10.6944444444444
2007,236,18.3219178082192,30.3,25.1952380952381,0.976190476190476,0.928571428571429,6.03252032520325,8.66666666666667
2007,237,20.303355704698,29.5,26.6595238095238,1,0.952380952380952,10.712,14.8888888888889
2007,238,14.8214765100671,20.5,16.8095238095238,0.19047619047619,0,7.488,9.38888888888889
2007,239,14.4885906040268,24.1,19.5571428571429,0.619047619047619,0.19047619047619,7.352,9.80555555555556
2007,240,15.0789115646258,26.5,21.4666666666667,0.80952380952381,0.428571428571429,7.11382113821138,9.55555555555556
2007,241,19.2314685314685,31.8,26.9928571428571,1,0.928571428571429,6.42857142857143,10.4166666666667
2007,242,19.7652777777778,33.7,26.0761904761905,0.928571428571429,0.69047619047619,5.83333333333333,8.77777777777778
2007,243,19.9530201342282,29.3,24.0142857142857,0.952380952380952,0.666666666666667,10,13.9444444444444
2007,244,18.8671875,27.6,24.0333333333333,0.972222222222222,0.833333333333333,7.528,8.55555555555556
2007,245,18.6472,29.2,24.8222222222222,0.916666666666667,0.833333333333333,5.744,7.69444444444445
2007,246,19.6872,31.3,26.25,0.888888888888889,0.805555555555556,6.648,9.08333333333333
2007,247,20.3171641791045,29.7,26.1820512820513,1,0.974358974358974,7.888,9.86111111111111
2007,248,19.6328859060403,29.7,26.0714285714286,1,0.928571428571429,6.208,8.08333333333333
2007,249,18.5624161073825,24.7,21.9738095238095,0.952380952380952,0.523809523809524,11.512,13.9166666666667
2007,250,14.4724832214765,21.9,17.8904761904762,0.523809523809524,0,11.096,15.9722222222222
2007,251,13.4684563758389,23.5,19.4952380952381,0.619047619047619,0.238095238095238,6.776,7.25
2007,252,14.4637583892617,25.6,21.3357142857143,0.761904761904762,0.523809523809524,6.072,6.69444444444444
2007,253,16.0154362416107,28.8,23.5047619047619,0.952380952380952,0.714285714285714,4.392,5.88888888888889
2007,254,18.1348993288591,31.9,26.0833333333333,1,0.928571428571429,5.66935483870968,10.1666666666667
2007,255,17.4469798657718,28.2,21.5666666666667,0.714285714285714,0.619047619047619,9.36,11.75
2007,256,16.1174496644295,26.9,22.6738095238095,0.857142857142857,0.666666666666667,5.784,4.58333333333333
2007,257,16.2020134228188,27.5,24.15,0.952380952380952,0.833333333333333,5.744,8.22222222222222
2007,258,16.7904761904762,30.7,24.9904761904762,0.976190476190476,0.904761904761905,5.67479674796748,8.97222222222222
2007,259,17.2335570469799,26,23.2642857142857,1,0.738095238095238,11.48,18.1944444444444
2007,260,14.3328859060403,21.8,17.4928571428571,0.404761904761905,0,7.552,10.3888888888889
2007,261,10.044966442953,16.4,13.0190476190476,0,0,7.504,10.1388888888889
2007,262,10.8624161073826,19,14.5690476190476,0.0238095238095238,0,8.296,9.47222222222222
2007,263,7.52751677852349,11.8,9.05,0,0,5.872,6.91666666666667
2007,264,9.9261744966443,18.1,14.1,0,0,9.6,14.1111111111111
2007,265,10.9114093959732,17.2,13.4190476190476,0,0,8.472,11.2222222222222
2007,266,9.94630872483221,18.5,13.3904761904762,0,0,9.944,11.2777777777778
2007,267,9.50536912751678,19.1,15.5333333333333,0.0476190476190476,0,4.912,7.36111111111111
2007,268,11.2228187919463,19,14.9119047619048,0.0476190476190476,0,8.944,12.25
2007,269,11.3563758389262,20.1,17.2857142857143,0.0952380952380952,0,7.808,11.6666666666667
2007,270,11.3161073825503,20,15.7619047619048,0.0714285714285714,0,4.432,5.30555555555555
2007,271,9.71946308724832,17.4,10.6547619047619,0,0,8.592,11.1111111111111
2007,272,8.28859060402685,14.9,11.3071428571429,0,0,8.128,10.4444444444444
2007,273,7.28724832214765,11.1,8.29047619047619,0,0,5.56,5.75
2008,122,7.09883040935672,15.9,12.7875,0,0,7.79591836734694,10.3809523809524
2008,123,8.76589595375722,19.3,16.1979166666667,0.0416666666666667,0,6.31543624161074,8.47619047619048
2008,124,10.4127906976744,19.9,16.3708333333333,0.104166666666667,0,6.71621621621622,10
2008,125,12.4242774566474,24,19.7791666666667,0.5625,0.1875,6.49664429530201,8.21428571428571
2008,126,11.6018867924528,20.3,17.1309523809524,0.214285714285714,0,7.95302013422819,12.0238095238095
2008,127,11.658389261745,21.4,17.1666666666667,0.380952380952381,0,7.79194630872483,9.95238095238095
2008,128,10.11875,19.3,13.1978723404255,0.0425531914893617,0,8.57046979865772,13.2380952380952
2008,129,7.50635838150289,14.3,10.6145833333333,0,0,9.28859060402685,11.8809523809524
2008,130,8.31965317919075,18.9,13.90625,0,0,7.28859060402685,9.16666666666667
2008,131,8.82832369942196,16.6,12.61875,0,0,9.87248322147651,13.4047619047619
2008,132,7.46416184971098,13.2,8.93541666666667,0,0,8.28859060402685,12
2008,133,9.48959537572254,18.8,13.65625,0,0,6.59731543624161,9.5
2008,134,9.04739884393063,14.5,10.7125,0,0,10.9127516778523,13.047619047619
2008,135,11.9167630057803,20,15.91875,0.0208333333333333,0,7.51006711409396,10.1428571428571
2008,136,15.4254335260116,27.2,23.2625,0.958333333333333,0.708333333333333,7.16107382550335,9.07142857142857
2008,137,17.0676300578035,29.2,25.2104166666667,1,0.916666666666667,7.31543624161074,9.02380952380952
2008,138,18.3225433526012,32.7,26.5958333333333,1,0.895833333333333,6.93959731543624,10.7142857142857
2008,139,19.2080924855491,30,26.0395833333333,0.958333333333333,0.916666666666667,7.62416107382551,11.7380952380952
2008,140,16.6231213872832,26.5,21.2395833333333,0.854166666666667,0.458333333333333,7.19463087248322,9.64285714285714
2008,141,12.6964285714286,22.2,13.25,0,0,7.22758620689655,7.16666666666667
2008,142,10.4057803468208,17.8,13.3145833333333,0,0,9.1744966442953,11.3333333333333
2008,143,11.8514450867052,21.5,15.5208333333333,0.125,0,7.58389261744967,10.5714285714286
2008,144,14.0017341040462,22,16.6833333333333,0.416666666666667,0.0208333333333333,12.3892617449664,13.5714285714286
2008,145,12.1312138728324,18.3,14.425,0,0,7.84563758389262,11.7380952380952
2008,146,13.7046242774566,25.6,17.7458333333333,0.458333333333333,0.125,6.90604026845638,8
2008,147,13.7080924855491,23.8,17.2729166666667,0.479166666666667,0.125,8.21476510067114,11.5
2008,148,13.5012121212121,23.2,17.4113636363636,0.568181818181818,0.113636363636364,7.08510638297872,9.76315789473684
2008,149,16.1,26.3,22.3979166666667,0.895833333333333,0.604166666666667,4.80536912751678,6.61904761904762
2008,150,15.2726114649682,23.2,19.6439024390244,0.634146341463415,0.121951219512195,8.22297297297298,12.1951219512195
2008,151,16.1442953020134,26.1,20.9785714285714,0.619047619047619,0.452380952380952,8.16778523489933,11.7857142857143
2008,152,16.9073825503356,27.3,23.5119047619048,0.976190476190476,0.714285714285714,5.49664429530201,7.95238095238095
2008,153,13.3797297297297,18.6,15.2309523809524,0,0,4.68243243243243,5.5
2008,154,13.5203703703704,18.2,16.0854166666667,0,0,9.85234899328859,14.4047619047619
2008,155,13.7306358381503,21.9,17.8854166666667,0.291666666666667,0,9.54362416107383,11.5
2008,156,13.4479768786127,24.6,17.0458333333333,0.270833333333333,0.0625,5.32214765100671,6.47619047619048
2008,157,11.9271676300578,16.7,14.0770833333333,0,0,9.69798657718121,11.7857142857143
2008,158,9.90520231213873,16.5,12.0333333333333,0,0,12.0738255033557,13.547619047619
2008,159,9.97341040462428,15.1,11.8770833333333,0,0,8.83221476510067,8.80952380952381
2008,160,11.5757225433526,18.5,14.8520833333333,0,0,7.67785234899329,12.9761904761905
2008,161,9.61387283236994,16,11.93125,0,0,6.06711409395973,10.2142857142857
2008,162,7.01849710982659,12.8,7.84583333333333,0,0,9.18120805369127,13.3095238095238
2008,163,10.4612716763006,21.3,15.7541666666667,0.25,0,7.20805369127517,12.547619047619
2008,164,14.3202312138728,25.3,19.6333333333333,0.458333333333333,0.291666666666667,7.4496644295302,11.2857142857143
2008,165,16.4238372093023,24.6,20.7936170212766,0.74468085106383,0.446808510638298,10.6824324324324,12.8780487804878
2008,166,14.1872832369942,22.2,18.8875,0.520833333333333,0.0208333333333333,9.5503355704698,10.952380952381
2008,167,15.1300578034682,26,21.8083333333333,0.854166666666667,0.541666666666667,5.97986577181208,7.07142857142857
2008,168,17.2803468208092,28.2,24.5083333333333,1,0.833333333333333,6.67114093959731,10.9761904761905
2008,169,17.7988439306358,26,23.29375,1,0.791666666666667,10.8120805369127,17.1190476190476
2008,170,15.2947976878613,22.5,19.83125,0.791666666666667,0.0625,11.5570469798658,15.547619047619
2008,171,15.1023121387283,24.1,20.2,0.729166666666667,0.125,7.57718120805369,11.1428571428571
2008,172,17.5959302325581,28.5,24.2170212765957,1,0.765957446808511,5.93918918918919,9.41463414634146
2008,173,19.0852941176471,28.7,24.9395833333333,1,0.916666666666667,6.37671232876712,9.47619047619048
2008,174,16.051677852349,25.6,18.9690476190476,0.380952380952381,0.166666666666667,7.896,10
2008,175,16.558389261745,25,20.9690476190476,0.857142857142857,0.261904761904762,7.544,11.5277777777778
2008,176,16.4946308724832,25.1,20.1380952380952,0.619047619047619,0.238095238095238,6.392,7.77777777777778
2008,177,17.3389261744966,26.8,23.2714285714286,1,0.642857142857143,7.184,10.1111111111111
2008,178,16.9959731543624,26.1,22.2285714285714,0.976190476190476,0.547619047619048,9.744,14.0555555555556
2008,179,18.2684563758389,29.4,25.1095238095238,1,0.952380952380952,6.84,9.08333333333333
2008,180,21.2959731543624,34.4,29.1238095238095,1,0.857142857142857,6.16,7.83333333333333
2008,181,24.0020134228188,37.5,32.4857142857143,1,0.404761904761905,6.136,9.75
2008,182,24.2785234899329,37.2,30.8142857142857,1,0.642857142857143,8.144,10.6944444444444
2008,183,20.893288590604,28.8,23.2714285714286,0.785714285714286,0.69047619047619,6.536,9.58333333333333
2008,184,21.438255033557,33.3,26.597619047619,0.976190476190476,0.80952380952381,6.904,11
2008,185,22.3422818791946,33.6,29.0309523809524,1,0.904761904761905,5.528,8.44444444444444
2008,186,19.8,27.6,23.0047619047619,0.904761904761905,0.619047619047619,7.104,10.75
2008,187,19.348322147651,27,23.05,0.976190476190476,0.642857142857143,7.888,12.2222222222222
2008,188,19.1,28,23.2571428571429,0.904761904761905,0.595238095238095,6.568,9.30555555555556
2008,189,18.0959731543624,26.5,22.8690476190476,0.976190476190476,0.738095238095238,7.776,10.0277777777778
2008,190,19.3825503355705,31.8,25.7285714285714,1,0.880952380952381,6.736,9.33333333333333
2008,191,21.9087248322148,31.9,28.0190476190476,1,1,7.008,11.9722222222222
2008,192,17.7234899328859,26.4,20.2547619047619,0.619047619047619,0.428571428571429,10.912,18.2222222222222
2008,193,14.7348993288591,25.2,20.1952380952381,0.571428571428571,0.333333333333333,7.456,8.61111111111111
2008,194,17.6281879194631,31,24.7190476190476,0.976190476190476,0.833333333333333,6.312,9.52777777777778
2008,195,21.3912751677852,33.3,28.9857142857143,1,0.928571428571429,7.824,11.0833333333333
2008,196,21.3791946308725,30.6,27.5809523809524,1,1,8.384,12.1944444444444
2008,197,21.0181208053691,30,26.652380952381,1,1,10.112,13.25
2008,198,19.7758389261745,30.3,25.1428571428571,1,0.761904761904762,8.136,9.30555555555555
2008,199,19.4227586206897,31.4,26.3684210526316,1,0.973684210526316,7.60655737704918,12.4242424242424
2008,200,18.4140939597315,29.1,24.2309523809524,0.928571428571429,0.785714285714286,10.568,15.4722222222222
2008,201,18.1510067114094,30.3,25.3833333333333,0.976190476190476,0.880952380952381,6.736,9.08333333333333
2008,202,21.4140939597315,34.1,29.7714285714286,1,0.69047619047619,6.464,10.25
2008,203,23.496644295302,34.8,31.5547619047619,1,0.523809523809524,9.272,14.3888888888889
2008,204,21.8892617449664,32.9,27.6928571428571,1,0.976190476190476,11.096,18.0277777777778
2008,205,17.610067114094,25.5,19.7404761904762,0.523809523809524,0.380952380952381,9.72,14.3888888888889
2008,206,18.2302013422819,28.6,24.4642857142857,1,0.880952380952381,5.344,6.86111111111111
2008,207,20.5523489932886,32.4,28.3333333333333,1,0.952380952380952,6.048,7.05555555555556
2008,208,21.2020134228188,31.4,27.9238095238095,1,1,8.032,13.1944444444444
2008,209,19.9885135135135,28.3,24.9952380952381,0.976190476190476,0.880952380952381,10.3629032258065,16.5277777777778
2008,210,19.1422818791946,29.1,25.1285714285714,1,0.928571428571429,6.12,8.91666666666667
2008,211,18.7053691275168,28.4,24.3904761904762,1,0.952380952380952,9.432,16.25
2008,212,15.6953020134228,24.7,18.7214285714286,0.523809523809524,0.238095238095238,8.192,10.8888888888889
2008,213,16.8213793103448,28.5,23.1461538461538,0.897435897435897,0.641025641025641,8.14049586776859,13.7575757575758
2008,214,15.9073825503356,23.9,19.1119047619048,0.523809523809524,0.0952380952380952,10.136,15.2777777777778
2008,215,16.2154362416107,25.4,21.2619047619048,0.928571428571429,0.357142857142857,7.784,10.0555555555556
2008,216,16.3281879194631,27.2,20.597619047619,0.619047619047619,0.523809523809524,5.544,5.36111111111111
2008,217,18.3798657718121,30.6,26.2428571428571,1,0.952380952380952,5.04,7.22222222222222
2008,218,20.2885906040268,32.6,28.2619047619048,1,0.928571428571429,6.528,8.19444444444444
2008,219,22.0442953020134,34.5,29.9238095238095,1,0.80952380952381,5.976,6.36111111111111
2008,220,24.5244897959184,35.7,31.6142857142857,1,0.571428571428571,6.72357723577236,11.5
2008,221,22.0812080536913,34.8,27.7404761904762,1,0.880952380952381,8.68,12.9722222222222
2008,222,19.3281879194631,28.8,22.8714285714286,0.904761904761905,0.619047619047619,8.36,12.4722222222222
2008,223,15.6704697986577,22,17.7761904761905,0.357142857142857,0.0238095238095238,10.736,14.7777777777778
2008,224,15.3671140939597,25.7,19.647619047619,0.523809523809524,0.214285714285714,8.488,12.0277777777778
2008,225,17.7476510067114,30.7,24.8880952380952,1,0.80952380952381,5.696,7.91666666666667
2008,226,20.2275167785235,31.6,27.0642857142857,1,1,5.64,7.52777777777778
2008,227,21.9328859060403,33.6,29.4880952380952,1,0.833333333333333,6.44,7.61111111111111
2008,228,23.8134228187919,37.7,32.1261904761905,1,0.523809523809524,5.264,6.19444444444444
2008,229,24.4838926174497,37.9,32.3190476190476,1,0.523809523809524,4.984,6.47222222222222
2008,230,24.7288590604027,36.2,31.4904761904762,1,0.547619047619048,5.976,8.69444444444445
2008,231,25.138255033557,38.6,32.8285714285714,1,0.357142857142857,6.44,10.1388888888889
2008,232,19.4355704697987,26.4,20.7547619047619,0.571428571428571,0.380952380952381,11.08,15.8333333333333
2008,233,15.2590604026846,21.3,16.9452380952381,0.166666666666667,0,9.168,12.0555555555556
2008,234,13.3140939597315,17.8,14.6666666666667,0,0,7.608,10.6388888888889
2008,235,15.0268456375839,24.3,20.652380952381,0.785714285714286,0.285714285714286,6.2,9.16666666666667
2008,236,16.7006711409396,28.4,23.6214285714286,1,0.785714285714286,6.384,9.91666666666667
2008,237,18.4,29.7,25.2809523809524,1,0.833333333333333,7.488,10.6666666666667
2008,238,15.241610738255,21.7,16.3595238095238,0.166666666666667,0,8.392,13.5
2008,239,13.6557046979866,20.3,17.4785714285714,0.404761904761905,0,8.136,10.8055555555556
2008,240,11.9053691275168,17.8,14.4642857142857,0,0,10.096,12.6944444444444
2008,241,13.438255033557,20.4,16.6714285714286,0.214285714285714,0,10.176,13.9444444444444
2008,242,18.2308724832215,28.7,22.7571428571429,0.833333333333333,0.476190476190476,10.544,16.3333333333333
2008,243,16.2865771812081,22.3,19.5214285714286,0.547619047619048,0.0476190476190476,10.992,10.3888888888889
2008,244,11.9959731543624,19.1,14.6666666666667,0.0476190476190476,0,9.816,13.25
2008,245,10.7765100671141,18.5,14.6809523809524,0,0,4.744,6.88888888888889
2008,246,11.1778523489933,21.7,15.95,0.119047619047619,0,4.44,6.63888888888889
2008,247,12.3805369127517,22.2,16.9309523809524,0.285714285714286,0.0238095238095238,6.24,11.9722222222222
2008,248,12.6651006711409,23.3,18.9238095238095,0.547619047619048,0.119047619047619,4.928,6.41666666666667
2008,249,10.9154362416107,17,14.0714285714286,0,0,4.328,6.08333333333333
2008,250,11.9697986577181,21,16.002380952381,0.238095238095238,0,6.056,7.22222222222222
2008,251,12.4362416107383,23.7,18.6285714285714,0.476190476190476,0.142857142857143,4.488,4.55555555555555
2008,252,11.7597315436242,19.9,17.7095238095238,0.166666666666667,0,4.44,6.77777777777778
2008,253,12.151677852349,23.3,17.4619047619048,0.380952380952381,0.0476190476190476,8.744,15.0833333333333
2008,254,12.451677852349,22.3,18.5452380952381,0.452380952380952,0.0952380952380952,5.696,6.19444444444444
2008,255,13.3557046979866,26.9,20.8238095238095,0.80952380952381,0.214285714285714,5.216,8.80555555555556
2008,256,14.7986577181208,25,21.1833333333333,0.857142857142857,0.380952380952381,9.92,12.9166666666667
2008,257,12.3724832214765,23,18.7690476190476,0.5,0.119047619047619,6.296,6.86111111111111
2008,258,12.6711409395973,23.5,20.4071428571429,0.785714285714286,0.238095238095238,5.512,8.77777777777778
2008,259,13.861744966443,24.9,22.102380952381,0.928571428571429,0.619047619047619,5.024,8.52777777777778
2008,260,14.6328859060403,26,22.6547619047619,0.952380952380952,0.642857142857143,4.224,7.16666666666667
2008,261,15.110067114094,26.8,22.9261904761905,0.952380952380952,0.642857142857143,5.008,9.69444444444444
2008,262,15.4335570469799,27.1,23.2285714285714,0.976190476190476,0.642857142857143,4.016,6.44444444444445
2008,263,16.0812080536913,27.8,23.6095238095238,1,0.714285714285714,4.528,5.72222222222222
2008,264,17.1677852348993,27.4,23.5595238095238,0.952380952380952,0.738095238095238,6.072,6.88888888888889
2008,265,12.1046979865772,17.7,11.7571428571429,0,0,10.432,14.0555555555556
2008,266,9.8006711409396,15.2,10.4285714285714,0,0,8.856,12.4722222222222
2008,267,8.54565217391304,16.5,13.3135135135135,0,0,7.84,9.86111111111111
2008,268,8.27054794520548,15,12.6619047619048,0,0,5.84,9.72222222222222
2008,269,10.2684563758389,18.4,13.85,0,0,6.096,9.19444444444444
2008,270,10.1872483221477,17.1,14.7380952380952,0,0,4.2,6.72222222222222
2008,271,11.4342281879195,20.8,17.8380952380952,0.30952380952381,0,7.4,11.8888888888889
2008,272,10.9630872483221,21.2,17.4,0.19047619047619,0,5.2,7.66666666666667
2008,273,11.3859060402685,22.5,18.4452380952381,0.452380952380952,0.0238095238095238,5.376,8.16666666666667
2008,274,12.4986577181208,23.9,19.8047619047619,0.642857142857143,0.238095238095238,4.4,6.83333333333333
2009,121,8.60982658959538,19.3,15.0833333333333,0.0208333333333333,0,4.73825503355705,6.21428571428571
2009,122,11.3687861271676,23.7,19.0625,0.520833333333333,0.25,8.87919463087248,11.4761904761905
2009,123,10.2618497109827,17.6,13.0791666666667,0,0,11.0335570469799,13.8571428571429
2009,124,10.3618497109827,18.6,15.1,0,0,10.4295302013423,14.2380952380952
2009,125,8.26763005780347,14.6,10.2229166666667,0,0,9.95973154362416,12.1190476190476
2009,126,8.22196531791908,14.1,11.2625,0,0,10.1409395973154,13.7380952380952
2009,127,7.29826589595376,13.5,9.51666666666667,0,0,10.1812080536913,13.0238095238095
2009,128,8.85491329479769,17.4,13.6520833333333,0,0,7.26845637583893,12
2009,129,9.40115606936416,19.9,14.9895833333333,0.0833333333333333,0,6.05369127516779,9.4047619047619
2009,130,10.8023121387283,21.9,17.2104166666667,0.333333333333333,0,5.89261744966443,10.047619047619
2009,131,8.38265895953757,14,10.625,0,0,7.84563758389262,11.4285714285714
2009,132,6.92023121387283,12.2,8.34375,0,0,10.3825503355705,13.0238095238095
2009,133,7.47514450867052,14.6,10.7458333333333,0,0,12.3758389261745,18.5238095238095
2009,134,6.43179190751445,14.5,10.29375,0,0,6.40939597315436,10.2619047619048
2009,135,9.59884393063584,19.6,15.9,0.0625,0,5.29530201342282,7.38095238095238
2009,136,12.2462427745665,22.3,18.5708333333333,0.4375,0.0625,7.81879194630873,11.452380952381
2009,137,15.5410404624277,26.1,21.8083333333333,0.875,0.479166666666667,7.64429530201342,11.9285714285714
2009,138,15.2780346820809,28.2,19.8729166666667,0.604166666666667,0.375,13.9597315436242,21
2009,139,11.0225433526012,16.9,11.71875,0,0,13.2751677852349,16.6904761904762
2009,140,8.33352601156069,15.6,11.9645833333333,0,0,8.97986577181208,13.8333333333333
2009,141,10.4130952380952,20.6,16.4854166666667,0.104166666666667,0,7.17931034482759,8.73809523809524
2009,142,12.9387283236994,23.5,19.6979166666667,0.5625,0.3125,7.26174496644295,8.5952380952381
2009,143,15.428323699422,28.2,23.13125,0.979166666666667,0.625,6.751677852349,7.21428571428571
2009,144,16.6635838150289,27.1,23.8125,1,0.833333333333333,7.14765100671141,7.28571428571429
2009,145,15.5150289017341,26.9,20.64375,0.583333333333333,0.458333333333333,8.22818791946309,9.4047619047619
2009,146,14.7815028901734,22.4,19.4708333333333,0.604166666666667,0.0416666666666667,9.67114093959732,14.2142857142857
2009,147,15.2720930232558,23.1,20.2166666666667,0.729166666666667,0.333333333333333,7.85135135135135,12.7380952380952
2009,148,16.8903614457831,27.4,23.7270833333333,0.979166666666667,0.6875,6.79020979020979,8.88095238095238
2009,149,19.1254335260116,31.9,27.2520833333333,1,1,6.75167785234899,9.14285714285714
2009,150,20.606936416185,30.8,27.9479166666667,1,1,8.14093959731544,11.9761904761905
2009,151,19.0601156069364,28.3,25.0125,1,1,9.53020134228188,11.2380952380952
2009,152,16.293063583815,26.2,20.70625,0.625,0.583333333333333,10.3221476510067,13
2009,153,16.2953757225434,26.2,22.0479166666667,0.708333333333333,0.604166666666667,8.68456375838926,11.3333333333333
2009,154,17.5410404624277,29.6,25.5958333333333,1,0.958333333333333,6.751677852349,8.14285714285714
2009,155,19.506936416185,32.1,27.2958333333333,1,0.979166666666667,7.53691275167785,9
2009,156,17.4988439306358,29,22.2375,0.75,0.708333333333333,9.49664429530201,12.7857142857143
2009,157,11.8485549132948,20.5,13.0979166666667,0,0,10.3020134228188,15.2619047619048
2009,158,10.750289017341,21.7,15.4833333333333,0.25,0,9.67114093959732,12.9761904761905
2009,159,10.6739884393064,21.3,14.5229166666667,0.104166666666667,0,8.77852348993289,10.1904761904762
2009,160,10.6768786127168,25.1,14.46875,0.1875,0.104166666666667,6.7986577181208,7.76190476190476
2009,161,14.9156069364162,27.3,22.3604166666667,0.8125,0.541666666666667,5.38926174496644,6.5952380952381
2009,162,18.1404624277457,30,25.5833333333333,1,0.916666666666667,5.28859060402684,7.33333333333333
2009,163,19.2820809248555,30.3,25.7166666666667,1,0.854166666666667,6.97315436241611,10.3809523809524
2009,164,18.5462427745665,29,23.4854166666667,0.979166666666667,0.770833333333333,6.63758389261745,11.1666666666667
2009,165,18.5520231213873,28.5,24.3666666666667,1,0.8125,6.90604026845637,10.6428571428571
2009,166,16.8606936416185,23.2,19.33125,0.5625,0.208333333333333,5.42953020134228,10.0238095238095
2009,167,18.528901734104,29,23.2708333333333,1,0.729166666666667,7.36912751677852,12.0238095238095
2009,168,15.5656976744186,23.4,17.2375,0.3125,0.0208333333333333,7.08783783783784,9.83333333333333
2009,169,16.5578034682081,26.7,22.43125,0.979166666666667,0.625,7.73825503355705,10.7857142857143
2009,170,13.6526011560694,18.8,15.3541666666667,0,0,6.77181208053691,7.83333333333333
2009,171,16.0080924855491,24.2,20.4125,0.833333333333333,0.145833333333333,8.33557046979866,11.3333333333333
2009,172,14.9728323699422,23.5,18.1916666666667,0.541666666666667,0.0625,7.04026845637584,10.2857142857143
2009,173,10.428323699422,15.1,10.6,0,0,9.87248322147651,11.4285714285714
2009,174,14.121387283237,21.8,18.0791666666667,0.5,0,7.48322147651007,8.5
2009,175,15.3843930635838,25.3,20.7833333333333,0.833333333333333,0.291666666666667,7.08724832214765,10.9761904761905
2009,176,16.7687861271676,24.2,20.2354166666667,0.6875,0.291666666666667,10.0671140939597,9.85714285714286
2009,177,16.2895953757225,24.2,20.5520833333333,0.75,0.291666666666667,9.48322147651007,12.8809523809524
2009,178,17.2433526011561,28.8,24.70625,1,0.791666666666667,8.21476510067114,12.8571428571429
2009,179,20.0901734104046,28.6,25.9083333333333,1,1,10.248322147651,12.7380952380952
2009,180,18.5745664739884,28.5,25.5395833333333,1,0.979166666666667,8.98657718120806,13.8095238095238
2009,181,18.7341040462428,28.1,25.275,1,1,10.006711409396,12.8809523809524
2009,182,18.4092485549133,28.3,24.8895833333333,1,0.895833333333333,8.25503355704698,9.38095238095238
2009,183,19.6127167630058,30.3,26.80625,1,0.979166666666667,7.40268456375839,9.64285714285714
2009,184,20.9554913294798,33.6,28.1416666666667,1,0.770833333333333,8.12080536912752,10.0714285714286
2009,185,22.5468208092486,34.7,29.2083333333333,1,0.708333333333333,6.76510067114094,11.6428571428571
2009,186,22.6687861271676,33.2,29.2458333333333,1,0.75,7.40268456375839,12.7619047619048
2009,187,16.1907514450867,23.1,17.6395833333333,0.375,0.0625,6.74496644295302,10.3571428571429
2009,188,12.5161849710983,19.4,14.5520833333333,0.0208333333333333,0,7.2013422818792,11.952380952381
2009,189,13.1254335260116,22,16.8958333333333,0.208333333333333,0.0208333333333333,7.85906040268456,12.7380952380952
2009,190,14.1757225433526,23.1,17.6854166666667,0.333333333333333,0.104166666666667,4.99328859060403,7.28571428571429
2009,191,17.393063583815,28.7,24.05625,0.979166666666667,0.791666666666667,5.15436241610738,7.21428571428571
2009,192,20.3745664739884,32,27.86875,1,1,5.14765100671141,6.76190476190476
2009,193,20.9728323699422,31.5,26.8166666666667,1,0.979166666666667,6.24161073825503,7.97619047619048
2009,194,15.5693641618497,21.9,15.725,0.104166666666667,0,7.40939597315436,7.5952380952381
2009,195,17.4323699421965,27.9,21.4375,0.854166666666667,0.458333333333333,9.66442953020134,16.4047619047619
2009,196,18.5335260115607,29.5,24.6729166666667,1,0.8125,5.83221476510067,10.8333333333333
2009,197,21.3705202312139,32.8,28.6958333333333,1,0.9375,5.48993288590604,8.76190476190476
2009,198,22.650289017341,34.9,30.58125,1,0.6875,6.4496644295302,9.78571428571429
2009,199,23.7976878612717,35,31.2291666666667,1,0.583333333333333,9.49664429530201,14.9285714285714
2009,200,22.0352601156069,28.8,26.9583333333333,1,1,10.261744966443,14.4285714285714
2009,201,20.4023121387283,30.7,27.4395833333333,1,1,6.94630872483221,8.61904761904762
2009,202,22.0994219653179,34,30.0375,1,0.75,7.04697986577181,9.9047619047619
2009,203,23.7156069364162,35.7,31.96875,1,0.5,6.26845637583893,11.1666666666667
2009,204,21.0265895953757,31.5,25.2604166666667,1,0.791666666666667,7.85906040268456,11.3809523809524
2009,205,20.6426666666667,31.7,25.4357142857143,0.976190476190476,0.904761904761905,7.44444444444445,8.5
2009,206,20.1951388888889,30.5,24.6578947368421,0.921052631578947,0.605263157894737,7.112,9.66666666666667
2009,207,20.7489932885906,33,26.8690476190476,0.976190476190476,0.80952380952381,6.704,10.8055555555556
2009,208,21.7335570469799,33.5,27.4071428571429,0.976190476190476,0.857142857142857,6.912,9.08333333333333
2009,209,21.9154362416107,33.2,26.4285714285714,0.928571428571429,0.666666666666667,6.2,8.22222222222222
2009,210,22.1369127516779,34,27.0904761904762,0.928571428571429,0.738095238095238,5.952,7.97222222222222
2009,211,22.237037037037,34.1,28.2916666666667,1,0.75,7.41304347826087,10.952380952381
2009,212,22.3387283236994,37.4,28.6,1,0.729166666666667,6.90604026845637,10.2619047619048
2009,213,24.4531791907514,37.5,32.3645833333333,1,0.5,6.28187919463087,10.5
2009,214,23.571098265896,37.4,30.4541666666667,1,0.6875,5.53691275167785,6.97619047619048
2009,215,23.5450867052023,35.8,29.8604166666667,1,0.708333333333333,7.3489932885906,9.35714285714286
2009,216,20.3063583815029,34.1,23.8791666666667,0.708333333333333,0.625,8.66442953020134,12.8095238095238
2009,217,19.1595375722543,28.9,22.175,0.666666666666667,0.5625,7.96644295302013,10.5714285714286
2009,218,19.6508670520231,30.3,24.35625,0.916666666666667,0.729166666666667,7.05369127516779,9.38095238095238
2009,219,20.3450867052023,32,26.3895833333333,1,0.75,7.74496644295302,8.02380952380952
2009,220,19.3294797687861,31.5,24.1145833333333,0.9375,0.833333333333333,9.31543624161074,13.5714285714286
2009,221,19.2271676300578,30.2,24.1479166666667,0.9375,0.708333333333333,7.27516778523491,11.047619047619
2009,222,20.2375722543353,28.3,24.9604166666667,0.9375,0.833333333333333,10.6912751677852,17.3333333333333
2009,223,17.8063583815029,26.8,19.4104166666667,0.479166666666667,0.354166666666667,10.744966442953,15.547619047619
2009,224,15.7398843930636,26.2,18.4958333333333,0.4375,0.104166666666667,5.57718120805369,7
2009,225,13.3115606936416,21.8,14.85,0.0833333333333333,0,5.63758389261745,6.14285714285714
2009,226,12.5450867052023,22.1,14.26875,0.104166666666667,0.0208333333333333,5.77852348993289,7.4047619047619
2009,227,13.5693641618497,21.5,17.6041666666667,0.270833333333333,0,4.71140939597315,6.78571428571429
2009,228,15.393023255814,24.8,19.7083333333333,0.708333333333333,0.333333333333333,5.64864864864865,9.30952380952381
2009,229,16.7300578034682,27.5,22.7354166666667,0.875,0.583333333333333,5.70469798657718,10.3571428571429
2009,230,20.0271676300578,31.5,26.7520833333333,1,1,4.85234899328859,8
2009,231,21.1352601156069,32.8,28.4770833333333,1,0.854166666666667,5.7248322147651,7.71428571428571
2009,232,22.1618497109827,36,29.6979166666667,1,0.770833333333333,5.57046979865772,7.23809523809524
2009,233,23.714450867052,32.7,29.46875,1,0.958333333333333,10.8926174496644,15.2142857142857
2009,234,20.4104046242775,28.8,26.1208333333333,1,1,8.66442953020134,11.8571428571429
2009,235,18.2416184971098,28.4,25.4208333333333,1,0.979166666666667,7.88590604026846,12.2380952380952
2009,236,17.514450867052,28.8,25.0041666666667,1,0.854166666666667,6.95302013422819,9.88095238095238
2009,237,18.5057803468208,29.1,26.50625,1,1,8.74496644295302,14.2380952380952
2009,238,19.1138728323699,29.9,25.9625,1,0.958333333333333,7.94630872483221,12.9047619047619
2009,239,18.7942196531792,32,26.8708333333333,1,0.958333333333333,5.46979865771812,7.5952380952381
2009,240,20.0728323699422,33.7,28.475,1,0.916666666666667,5.67785234899329,7.78571428571429
2009,241,20.6612716763006,33,26.91875,1,0.9375,7.21476510067114,11.4761904761905
2009,242,20.8341040462428,33.5,29.2583333333333,1,0.8125,4.77852348993289,6.33333333333333
2009,243,21.5872832369942,33.9,29.1625,1,0.8125,5.45637583892617,8.88095238095238
2009,244,21.2879746835443,34.4,27.897619047619,1,0.69047619047619,6.6865671641791,8.05555555555556
2009,245,20.9959459459459,32.9,27.4636363636364,1,0.931818181818182,6.952,9
2009,246,17.3907975460123,26.6,21.5604166666667,0.75,0.520833333333333,10.9571428571429,17.0238095238095
2009,247,15.8254335260116,26.5,22.0333333333333,0.916666666666667,0.5,7.751677852349,9.92857142857143
2009,248,17.7820809248555,26.5,23.46875,0.979166666666667,0.75,5.91275167785235,5.78571428571429
2009,249,13.9179190751445,20.2,16.2291666666667,0.0833333333333333,0,10.0604026845638,15.3333333333333
2009,250,10.4470930232558,17,12.568085106383,0,0,9.13422818791947,11.4285714285714
2009,251,12.2184971098266,21.5,17.4625,0.354166666666667,0,7.85906040268456,11.6904761904762
2009,252,13.0606936416185,21.2,18.0645833333333,0.3125,0,5.91946308724832,10.4047619047619
2009,253,15.0401162790698,26.2,21.4127659574468,0.936170212765957,0.361702127659574,6.78523489932886,11.5238095238095
2009,254,15.1734104046243,26.9,22.8708333333333,0.9375,0.666666666666667,6.02013422818792,6.47619047619048
2009,255,16.4255813953488,27.3,24.175,1,0.833333333333333,6.0268456375839,7.71428571428571
2009,256,17.8982658959538,29.4,25.8791666666667,1,0.958333333333333,6.48322147651007,7.78571428571429
2009,257,18.0343023255814,29.1,25.15,1,0.958333333333333,7.73154362416107,13.1428571428571
2009,258,19.7329479768786,29.2,26.4020833333333,1,0.958333333333333,5.69798657718121,7.42857142857143
2009,259,19.7260115606936,31.6,27.3375,1,0.979166666666667,5,7.45238095238095
2009,260,17.3179190751445,24.8,21.00625,0.729166666666667,0.333333333333333,6.97986577181208,10.5952380952381
2009,261,16.1803468208092,26.6,23.0979166666667,1,0.708333333333333,5.06711409395973,6.9047619047619
2009,262,14.4398843930636,25.3,19.8416666666667,0.625,0.208333333333333,7.64429530201342,10.2380952380952
2009,263,12.3815028901734,19.8,16.7166666666667,0.166666666666667,0,8.06040268456376,12.7142857142857
2009,264,10.671098265896,22.4,17.4416666666667,0.25,0.0625,5.8255033557047,9.14285714285714
2009,265,13.6705202312139,26,21.29375,0.916666666666667,0.395833333333333,4.9261744966443,7.28571428571429
2009,266,16.1595375722543,27.4,23.8,0.979166666666667,0.791666666666667,5.13422818791946,8.38095238095238
2009,267,17.0653179190751,29.4,24.9791666666667,1,0.8125,5.70469798657718,8
2009,268,16.8398843930636,26.3,23.5145833333333,0.979166666666667,0.770833333333333,7.06040268456376,8.38095238095238
2009,269,17.9812865497076,27.6,24.2875,1,0.895833333333333,10.0743243243243,15.2619047619048
2009,270,11.6416184971098,21.3,17.43125,0.229166666666667,0,8.81879194630873,8.69047619047619
2009,271,11.2635838150289,23.2,18.9208333333333,0.520833333333333,0.145833333333333,6.12080536912752,6.45238095238095
2009,272,11.7433526011561,17.4,13.4958333333333,0,0,12.6979865771812,15
2009,273,8.03872832369942,15.5,12.0041666666667,0,0,6.84563758389262,9.97619047619048
2010,121,7.66763005780347,16.9,10.98125,0,0,8.59060402684564,12.2857142857143
2010,122,8.85491329479769,16,13.0354166666667,0,0,9.04697986577181,12.3333333333333
2010,123,6.31445086705202,12.7,6.97708333333333,0,0,12.6845637583893,12.3809523809524
2010,124,5.79132947976879,11.3,7.54791666666667,0,0,9.51677852348993,11.1666666666667
2010,125,4.49479768786127,12.4,6.82916666666667,0,0,6.04026845637584,8.19047619047619
2010,126,5.19421965317919,13.8,8.74583333333333,0,0,5.76510067114094,8.19047619047619
2010,127,6.3448275862069,16.6,10.4916666666667,0,0,5.89333333333333,8.07142857142857
2010,128,6.3150289017341,17.6,10.4125,0,0,7.39597315436241,9
2010,129,7.28034682080925,16.7,11.69375,0,0,5.87248322147651,9.42857142857143
2010,130,9.55260115606936,20.1,15.6958333333333,0.208333333333333,0,7.1006711409396,9.85714285714286
2010,131,10.9242774566474,21.5,17.06875,0.479166666666667,0,6.9261744966443,8.71428571428571
2010,132,12.2242774566474,23.9,19.9208333333333,0.604166666666667,0.291666666666667,5.03355704697987,6.11904761904762
2010,133,13.4838150289017,23.9,20.3333333333333,0.708333333333333,0.270833333333333,5.81879194630873,8.21428571428571
2010,134,15.1578034682081,23.8,21.1916666666667,0.833333333333333,0.458333333333333,5.67114093959731,7.64285714285714
2010,135,15.3450867052023,27.4,22.3916666666667,0.895833333333333,0.479166666666667,6.06711409395973,8.47619047619048
2010,136,14.9549132947977,22,19.8458333333333,0.770833333333333,0.0208333333333333,6.97315436241611,9.0952380952381
2010,137,16.8699421965318,26.5,22.2875,0.8125,0.604166666666667,8.45637583892617,9.54761904761905
2010,138,15.193063583815,24.8,17.8854166666667,0.333333333333333,0.166666666666667,8.04697986577181,8.92857142857143
2010,139,14.7052023121387,21,18.5354166666667,0.479166666666667,0,8.2013422818792,9.26190476190476
2010,140,8.16763005780347,13.1,8.51458333333333,0,0,13.9261744966443,15.2857142857143
2010,141,7.5028901734104,17.4,11.3416666666667,0,0,9.48993288590604,10.6666666666667
2010,142,7.71791907514451,17,12.3375,0,0,7.93288590604027,12.047619047619
2010,143,8.05780346820809,19.3,12.1229166666667,0.0208333333333333,0,8.79194630872483,13.2619047619048
2010,144,10.850289017341,21.5,17.5541666666667,0.291666666666667,0,5.93959731543624,8.35714285714286
2010,145,12.9936416184971,22.4,17.9333333333333,0.416666666666667,0.0416666666666667,6.14093959731544,8.07142857142857
2010,146,12.7815028901734,22.6,17.26875,0.416666666666667,0.0625,7.43624161073826,10.8333333333333
2010,147,10.9387283236994,18.4,11.6895833333333,0,0,8.26845637583893,8.38095238095238
2010,148,11.7699421965318,22.2,15.1729166666667,0.104166666666667,0.0208333333333333,6.16107382550336,7.9047619047619
2010,149,9.62658959537572,16.7,10.8333333333333,0,0,9.57046979865772,13.047619047619
2010,150,9.8121387283237,18.7,11.4458333333333,0,0,7.60402684563759,9.66666666666667
2010,151,11.403488372093,18.2,13.5166666666667,0,0,5.85135135135135,8.95238095238095
2010,152,12.6005780346821,18.9,15.3458333333333,0,0,6.53691275167785,9.78571428571429
2010,153,11.6080924855491,17.2,13.03125,0,0,6.16778523489933,7.28571428571429
2010,154,12.3606936416185,18.8,15.2333333333333,0,0,9.0738255033557,12.1666666666667
2010,155,10.0479768786127,14.9,12.2854166666667,0,0,5.06040268456376,6.45238095238095
2010,156,13.1774566473988,20.4,16.6958333333333,0.166666666666667,0,6.86577181208054,9.11904761904762
2010,157,11.8445086705202,19,14.79375,0.0208333333333333,0,5.03355704697987,6.95238095238095
2010,158,14.0531791907514,21.9,17.7020833333333,0.291666666666667,0,7.06711409395973,11.2619047619048
2010,159,14.6121387283237,23.4,19.4770833333333,0.5,0.208333333333333,6.54362416107383,9.85714285714286
2010,160,11.4317919075145,18.9,13.4333333333333,0,0,6.23489932885906,9.23809523809524
2010,161,11.4173410404624,19.9,12.8854166666667,0.0625,0,6.03355704697987,8.64285714285714
2010,162,13.3560693641619,20.7,17.2020833333333,0.291666666666667,0,4.95973154362416,7.42857142857143
2010,163,16.1352601156069,27.4,23.5895833333333,0.958333333333333,0.75,4.7248322147651,5.52380952380952
2010,164,18.8971098265896,29.2,26.0708333333333,1,1,8.0268456375839,12.0952380952381
2010,165,17.6635838150289,24.7,21.5145833333333,0.979166666666667,0.375,10.6644295302013,14.3333333333333
2010,166,14.5508670520231,21.8,19.0125,0.541666666666667,0,9.67114093959732,15.2142857142857
2010,167,9.90751445086705,16.5,10.98125,0,0,5.74496644295302,6.92857142857143
2010,168,10.8063583815029,19.7,12.4229166666667,0.0208333333333333,0,6.92617449664429,9.0952380952381
2010,169,12.7630057803468,20.4,15.5833333333333,0.104166666666667,0,4.96644295302013,8.47619047619048
2010,170,15.8161849710983,28.4,22.3958333333333,0.875,0.541666666666667,4.4496644295302,5.35714285714286
2010,171,17.2,28.9,22.98125,1,0.604166666666667,7.44295302013423,11.3571428571429
2010,172,16.2560693641618,28.6,20.16875,0.583333333333333,0.333333333333333,8.43624161073826,14.2857142857143
2010,173,16.9479768786127,26.5,20.9208333333333,0.8125,0.291666666666667,6.85906040268456,9.71428571428571
2010,174,18.142774566474,27,23.4229166666667,0.979166666666667,0.729166666666667,7.21476510067114,10.8571428571429
2010,175,18.556976744186,28,23.9583333333333,1,0.875,7.78378378378378,11.6428571428571
2010,176,18.4156069364162,27.7,24.0791666666667,1,0.791666666666667,5.75838926174497,7.61904761904762
2010,177,18.8312138728324,29.8,25.0229166666667,1,0.895833333333333,7.30872483221477,11.1666666666667
2010,178,19.5699421965318,28.4,24.8583333333333,0.958333333333333,0.895833333333333,8.87919463087248,14.1428571428571
2010,179,20.8479768786127,30.5,26.3270833333333,1,0.895833333333333,8.01342281879194,14.2619047619048
2010,180,20.3196531791908,27.9,25.6270833333333,1,0.9375,8.8993288590604,14.5
2010,181,17.2809248554913,23.7,21.1125,1,0.25,11.6912751677852,14.5
2010,182,14.3630057803468,21.4,18.89375,0.520833333333333,0,6.751677852349,10.5952380952381
2010,183,12.6732558139535,19.3,14.5270833333333,0.0208333333333333,0,7.35810810810811,10.4285714285714
2010,184,13.7687861271676,21.6,17.6479166666667,0.270833333333333,0,7.58389261744967,9.54761904761905
2010,185,13.3335260115607,20.1,15.9416666666667,0.104166666666667,0,8.14093959731544,8.04761904761905
2010,186,14.0861271676301,22.5,18.2875,0.520833333333333,0.0208333333333333,7.76510067114094,12.1190476190476
2010,187,16.514450867052,28,23.125,0.833333333333333,0.625,5.04026845637584,6.07142857142857
2010,188,19.3849710982659,31,26.96875,1,1,4.93288590604027,5
2010,189,21.5919075144509,34,29.7229166666667,1,0.791666666666667,5.64864864864865,7.34146341463415
2010,190,22.8017341040462,35.3,30.64375,1,0.666666666666667,5.50335570469799,9.54761904761905
2010,191,20.7849710982659,31.2,23.55625,0.833333333333333,0.75,5.87248322147651,10.4285714285714
2010,192,21.0768786127168,32.3,26.6354166666667,1,0.9375,6.44295302013423,10.2619047619048
2010,193,17.050289017341,26.5,17.9041666666667,0.479166666666667,0.145833333333333,12.5838926174497,18.7857142857143
2010,194,12.8156069364162,18.2,15.1458333333333,0,0,9.10738255033558,10.3809523809524
2010,195,16.564161849711,27,22.6833333333333,0.895833333333333,0.583333333333333,6.46979865771812,10.4285714285714
2010,196,20.7583815028902,31.9,27.5125,1,1,8.2751677852349,13.8333333333333
2010,197,21.2329479768786,30.2,27.7229166666667,1,1,8.49664429530201,13.0952380952381
2010,198,20.8838150289017,31.8,27.85,1,1,6.91275167785235,8.73809523809524
2010,199,19.6658959537572,31.2,24.2708333333333,0.895833333333333,0.6875,8.26845637583893,12.5952380952381
2010,200,18.6219653179191,29.8,23.0708333333333,0.854166666666667,0.645833333333333,8.53691275167786,12.6666666666667
2010,201,18.0138728323699,31.4,24.4041666666667,1,0.708333333333333,5.41610738255033,6.16666666666667
2010,202,20.014450867052,31.5,26.96875,1,0.875,5.32214765100671,6.0952380952381
2010,203,16.1438271604938,23,18.1279069767442,0.395348837209302,0.0232558139534884,5.86231884057971,8.10810810810811
2010,204,19.410067114094,29,25.2880952380952,0.976190476190476,0.857142857142857,6.232,7.88888888888889
2010,205,22.0711409395973,33.3,29.3952380952381,1,0.738095238095238,7.52,11.9444444444444
2010,206,23.8825503355705,35.2,31.5,1,0.5,7.144,11.3333333333333
2010,207,24.3012195121951,35.8,31.26875,1,0.645833333333333,6.26428571428572,7.88095238095238
2010,208,23.0369942196532,34.9,28.4291666666667,1,0.854166666666667,8.99328859060403,11.5238095238095
2010,209,23.9739884393064,34.6,30.4645833333333,1,0.625,6.49664429530201,9.35714285714286
2010,210,22.3763005780347,32,26.9770833333333,1,0.979166666666667,6.42281879194631,7.57142857142857
2010,211,21.2860465116279,34.2,28.21875,1,0.916666666666667,7.38513513513514,11.9761904761905
2010,212,18.5254335260116,26.5,22.9458333333333,0.979166666666667,0.666666666666667,5.28859060402685,7.04761904761905
2010,213,19.0809248554913,28,23.5145833333333,0.9375,0.6875,7.32214765100671,10.9047619047619
2010,214,16.6537572254335,24.6,19.3166666666667,0.5625,0.1875,5.5234899328859,8.97619047619048
2010,215,19.0612716763006,29.8,24.34375,0.916666666666667,0.729166666666667,6.48993288590604,8.69047619047619
2010,216,20.6098265895954,31.7,26.925,1,0.895833333333333,6.9731543624161,7.73809523809524
2010,217,22.0196531791908,34.3,29.45625,1,0.8125,5.26174496644295,5.23809523809524
2010,218,19.6410404624277,31.4,24.7375,0.9375,0.791666666666667,5.87919463087248,8.95238095238095
2010,219,18.0317919075144,27.8,23.2645833333333,0.916666666666667,0.6875,5.83892617449664,9.52380952380952
2010,220,17.6265895953757,24.4,20.5270833333333,0.645833333333333,0.354166666666667,6.05369127516779,10.9761904761905
2010,221,18.171676300578,29.3,22.7104166666667,0.958333333333333,0.5625,7.61073825503356,9.92857142857143
2010,222,17.3728323699422,25,21.6208333333333,0.9375,0.5,6.60402684563758,9.04761904761905
2010,223,18.564161849711,28.9,24.1125,1,0.75,5.53020134228188,6.14285714285714
2010,224,17.5450867052023,26.5,22.4479166666667,0.9375,0.5625,7.32885906040269,9.26190476190476
2010,225,17.0618497109827,28.6,22.0020833333333,0.666666666666667,0.583333333333333,7,8.02380952380952
2010,226,19.1393063583815,30.4,25.64375,1,0.75,4.08724832214765,4.5952380952381
2010,227,20.1300578034682,31.6,27.48125,1,1,4.3489932885906,5.21428571428571
2010,228,21.2549132947977,34.8,29.1,1,0.833333333333333,5.01342281879195,6.73809523809524
2010,229,21.2768786127168,35.2,28.5208333333333,1,0.833333333333333,6.28187919463087,8.83333333333333
2010,230,22.8687861271676,35.6,30.9854166666667,1,0.604166666666667,6.85906040268456,11.7857142857143
2010,231,22.0005780346821,30.7,27.6020833333333,1,1,10.4026845637584,14.4761904761905
2010,232,19.1225433526012,27.9,25.075,1,1,9.48322147651007,14.4761904761905
2010,233,17.8763005780347,27.5,24.49375,1,0.8125,7.59060402684564,12.9047619047619
2010,234,15.593063583815,24.5,18.3,0.458333333333333,0.208333333333333,7.71140939597315,11.8333333333333
2010,235,14.364161849711,24.7,20.9,0.770833333333333,0.375,5.21476510067114,7.92857142857143
2010,236,17.2294797687861,29.8,25.0520833333333,1,0.895833333333333,5.14093959731544,8.14285714285714
2010,237,20.2658959537572,33.8,29.1604166666667,1,0.75,6.50335570469799,9.78571428571429
2010,238,21.1300578034682,34,28.9416666666667,1,0.770833333333333,13.3422818791946,21.7857142857143
2010,239,14.692485549133,21.7,18.0270833333333,0.375,0,10.6711409395973,10.6190476190476
2010,240,12.6803468208092,22.4,18.625,0.416666666666667,0.0833333333333333,8.14765100671141,8.88095238095238
2010,241,10.5479768786127,19.9,13.0770833333333,0.125,0,6.50335570469799,8.02380952380952
2010,242,11.9514450867052,23.3,17.0583333333333,0.208333333333333,0.0208333333333333,6.1744966442953,6.78571428571429
2010,243,11.2595375722543,19.1,14.2166666666667,0.0208333333333333,0,8.88590604026846,10.8095238095238
2010,244,12.8161849710983,20.6,16.3791666666667,0.145833333333333,0,6.40939597315436,8.73809523809524
2010,245,12.9063583815029,24.6,20.31875,0.666666666666667,0.270833333333333,5.36241610738255,7.42857142857143
2010,246,16.1203488372093,28.4,23.6020833333333,0.979166666666667,0.6875,5.68243243243243,8.28571428571429
2010,247,16.8231213872832,26.6,22.90625,0.854166666666667,0.729166666666667,9.03355704697987,12.9761904761905
2010,248,11.3063583815029,19.9,13.6145833333333,0.0625,0,7.93288590604027,9.66666666666667
2010,249,10.3537572254335,17.1,13.5979166666667,0,0,5.61744966442953,8.23809523809524
2010,250,11.2236994219653,17.2,13.6041666666667,0,0,5.32214765100671,6.4047619047619
2010,251,11.6080924855491,18.9,13.775,0,0,6.35570469798658,8.47619047619048
2010,252,13.4971098265896,20.3,16.8979166666667,0.166666666666667,0,5.81208053691275,7.23809523809524
2010,253,13.1531791907514,20.2,16.5541666666667,0.145833333333333,0,8.16778523489933,11.4761904761905
2010,254,13.2826589595376,21.4,16.9833333333333,0.25,0,8.28187919463087,10.3809523809524
2010,255,11.9618497109827,17.6,14.7166666666667,0,0,6.12751677852349,9.85714285714286
2010,256,14.4820809248555,20.7,17.6958333333333,0.166666666666667,0,8.85234899328859,14
2010,257,14.2745664739884,23,18.2083333333333,0.5,0.0208333333333333,7.38255033557047,9.88095238095238
2010,258,13.5722543352601,20.7,17.3020833333333,0.25,0,6.35570469798658,10.2857142857143
2010,259,15.6023121387283,25.7,19.2208333333333,0.583333333333333,0.145833333333333,6.80536912751678,10.3571428571429
2010,260,12.1456647398844,19.6,13.6708333333333,0.0833333333333333,0,6.26174496644295,7.35714285714286
2010,261,10.9901734104046,17.5,12.4979166666667,0,0,5.26174496644295,6.78571428571429
2010,262,11.3653179190751,17.6,12.2020833333333,0,0,3.26174496644295,2.85714285714286
2010,263,11.7272151898734,17.8,13.597619047619,0,0,7.80536912751678,9.83333333333333
2010,264,8.66577181208054,17.6,11.802380952381,0,0,4.46979865771812,5.5
2010,265,8.68120805369128,17.3,13.9642857142857,0,0,4.87919463087248,6.02380952380952
2010,266,7.58859060402685,13.9,10.6785714285714,0,0,5.06711409395973,6.5
2010,267,11.0120805369128,15.8,13.1285714285714,0,0,7.44295302013423,8.14285714285714
2010,268,13.6604026845638,23.9,20.447619047619,0.738095238095238,0.214285714285714,7.30872483221477,9.26190476190476
2010,269,13.3926174496644,21.1,16.8690476190476,0.19047619047619,0,4.12080536912752,3.45238095238095
2010,270,17.0389261744966,25.3,21.9880952380952,0.976190476190476,0.476190476190476,7.91275167785235,12.7142857142857
2010,271,16.7389261744966,27,19.7857142857143,0.571428571428571,0.238095238095238,9.87248322147651,11.8571428571429
2010,272,12.255033557047,23,18.1857142857143,0.30952380952381,0.0476190476190476,4.97986577181208,7.04761904761905
2010,273,12.0818791946309,21.7,18.7547619047619,0.452380952380952,0,6.02013422818792,8.47619047619048
2011,121,8.22890173410405,18.9,15.21875,0,0,6.30872483221477,10.5714285714286
2011,122,8.66127167630058,16.8,13.9458333333333,0,0,8.49664429530201,12.047619047619
2011,123,7.86936416184971,14.2,10.6854166666667,0,0,11.4496644295302,13.6428571428571
2011,124,9.71907514450867,18.7,15.4395833333333,0,0,8.85234899328859,12.6190476190476
2011,125,8.38959537572254,14.3,11.3666666666667,0,0,7.22818791946309,10.7142857142857
2011,126,8.8150289017341,16.1,12.0166666666667,0,0,7.54362416107382,11.7857142857143
2011,127,7.54682080924855,14.3,10.0104166666667,0,0,8.11409395973154,13
2011,128,9.29421965317919,17.9,14.3875,0,0,4.87248322147651,6.80952380952381
2011,129,11.414450867052,22.5,17.7458333333333,0.5,0.0208333333333333,8.96644295302013,12.0714285714286
2011,130,12.7,23.6,20.2875,0.625,0.291666666666667,5.42953020134228,6.57142857142857
2011,131,14.8296511627907,24.4,21.9395833333333,0.958333333333333,0.583333333333333,8.12162162162162,12.9047619047619
2011,132,11.335838150289,17.9,15.1166666666667,0,0,12.1275167785235,14.6904761904762
2011,133,11.264161849711,20.8,17.31875,0.166666666666667,0,7.751677852349,9.0952380952381
2011,134,15.4791907514451,26.3,21.2479166666667,0.708333333333333,0.5625,12.2147651006711,16.5714285714286
2011,135,13.7947976878613,23.1,17.61875,0.520833333333333,0.0833333333333333,10.6845637583893,13.3095238095238
2011,136,8.9121387283237,13,9.54166666666667,0,0,11.6912751677852,16.1428571428571
2011,137,7.97721518987342,16.3,11.3428571428571,0,0,10.2388059701493,11.5
2011,138,11.5082802547771,24.2,18.8136363636364,0.477272727272727,0.0681818181818182,9.09774436090226,11.4473684210526
2011,139,12.9751445086705,24.7,18.4083333333333,0.5625,0.291666666666667,8.97986577181208,11.5
2011,140,14.1138728323699,25,19.4520833333333,0.5625,0.354166666666667,6.39597315436242,7.28571428571429
2011,141,14.5751445086705,23.9,20.0104166666667,0.625,0.208333333333333,5.48993288590604,6.19047619047619
2011,142,12.5398843930636,18.8,15.6104166666667,0,0,6.46979865771812,10.1190476190476
2011,143,14.064161849711,22.4,19.01875,0.604166666666667,0.0416666666666667,4.3758389261745,6.57142857142857
2011,144,11.7647398843931,19.9,13.9979166666667,0.0208333333333333,0,6.59731543624161,8.78571428571429
2011,145,11.5300578034682,16.7,13.8604166666667,0,0,4.88590604026846,6.45238095238095
2011,146,6.91387283236994,11.2,6.07916666666667,0,0,10.4697986577181,13.8333333333333
2011,147,6.93294797687861,14.7,9.2125,0,0,7.03355704697987,9.04761904761905
2011,148,7.67976878612717,17.8,9.49166666666667,0,0,3.70469798657718,6.21428571428571
2011,149,11.4537572254335,22.8,17.9833333333333,0.520833333333333,0.0416666666666667,6.30872483221477,8.28571428571429
2011,150,12.3450867052023,23.6,18.3791666666667,0.520833333333333,0.104166666666667,5.6241610738255,8.38095238095238
2011,151,12.3722543352601,21.7,16.9583333333333,0.3125,0,6.09395973154363,10.0952380952381
2011,152,11.1080924855491,18.7,14.96875,0,0,6.95302013422819,9.30952380952381
2011,153,12.0624277456647,20.2,15.98125,0.25,0,7.93288590604027,9.52380952380952
2011,154,13.6040462427746,21.4,17.7958333333333,0.354166666666667,0,11.5369127516779,13.5
2011,155,15.5653179190751,27.1,22.23125,0.9375,0.479166666666667,6.32214765100671,8.57142857142857
2011,156,17.4803468208092,29.6,24.8208333333333,1,0.958333333333333,5.85906040268456,7.42857142857143
2011,157,17.2751445086705,28.3,22.1458333333333,0.729166666666667,0.625,7.48993288590604,8.42857142857143
2011,158,12.564161849711,20.8,14.5395833333333,0.0625,0,7.80536912751678,12
2011,159,10.3254335260116,18.8,11.65625,0,0,5.96644295302013,6.73809523809524
2011,160,13.8635838150289,26.4,18.525,0.4375,0.104166666666667,5.96644295302013,8.64285714285714
2011,161,14.3566473988439,21.6,17.79375,0.1875,0,7.20805369127517,10
2011,162,12.7098265895954,19.4,14.99375,0.0416666666666667,0,4.87248322147651,5.9047619047619
2011,163,13.8699421965318,22.5,18.5854166666667,0.395833333333333,0.0208333333333333,5.33557046979866,7.47619047619048
2011,164,12.4115606936416,18.3,15.1520833333333,0,0,7.97315436241611,11.4047619047619
2011,165,14.0109826589595,21.2,18.2020833333333,0.479166666666667,0,9.73154362416107,12.6904761904762
2011,166,11.3815028901734,19.5,12.7104166666667,0.0208333333333333,0,7.80536912751678,8.9047619047619
2011,167,10.5838150289017,16.9,12.5270833333333,0,0,9.23489932885906,10.6904761904762
2011,168,12.042774566474,16.7,13.8395833333333,0,0,8.33557046979866,11.4761904761905
2011,169,13.4387283236994,21.9,16.2104166666667,0.208333333333333,0,6.89261744966443,11.1428571428571
2011,170,13.8664739884393,19.6,16.1916666666667,0.0625,0,8.2751677852349,11
2011,171,15.9017341040462,24.1,19.5875,0.645833333333333,0.1875,8.60402684563759,12.5952380952381
2011,172,17.5843930635838,26.6,22.8666666666667,1,0.5625,5.80536912751678,9.19047619047619
2011,173,18.6734104046243,28.3,24.8708333333333,1,1,5.39597315436241,8.30952380952381
2011,174,14.7884393063584,23,17.36875,0.333333333333333,0.0208333333333333,8.93288590604027,12.3809523809524
2011,175,11.5699421965318,17,13.8166666666667,0,0,8.68456375838926,10.547619047619
2011,176,12.0057803468208,19.7,16.4541666666667,0.0833333333333333,0,8.67114093959732,12.5714285714286
2011,177,14.7849710982659,25.5,21.2645833333333,0.75,0.479166666666667,5.0738255033557,6.16666666666667
2011,178,17.5231213872832,27.2,23.5,1,0.875,5.31543624161074,7.88095238095238
2011,179,19.1271676300578,27.6,24.2020833333333,1,0.833333333333333,8.53020134228188,9.45238095238095
2011,180,18.3751445086705,26.5,21.2958333333333,0.8125,0.375,11.006711409396,14.047619047619
2011,181,13.7919075144509,20.4,16.175,0.104166666666667,0,7.98657718120806,9.69047619047619
2011,182,14.3606936416185,23.6,19.0375,0.5625,0.104166666666667,6.09395973154362,10.047619047619
2011,183,17.6132947976879,28.8,25.0833333333333,1,0.9375,5.63758389261745,9.02380952380952
2011,184,17.6971098265896,27.9,22.69375,0.958333333333333,0.541666666666667,8.12080536912752,10.7857142857143
2011,185,18.3046242774566,28.6,24.9770833333333,1,0.958333333333333,6.45637583892617,8.78571428571429
2011,186,19.8184971098266,31.5,27.8833333333333,1,1,5.98657718120805,8.78571428571429
2011,187,21.5959537572254,33.7,29.45,1,0.8125,6.24161073825503,10.952380952381
2011,188,22.0208092485549,32.8,29.59375,1,0.791666666666667,9.5234899328859,14.9761904761905
2011,189,15.7520231213873,22,18.0708333333333,0.458333333333333,0.0208333333333333,11.7919463087248,14.7380952380952
2011,190,15.9156069364162,24.9,21.8479166666667,0.895833333333333,0.541666666666667,8.12751677852349,11.9047619047619
2011,191,17.2959537572254,27.3,23.8479166666667,1,0.833333333333333,5.3489932885906,8.23809523809524
2011,192,20.1052023121387,29.9,26.1645833333333,1,1,6.40268456375839,10.547619047619
2011,193,20.0184971098266,28.8,24.7583333333333,1,0.916666666666667,5.32885906040269,9.33333333333333
2011,194,16.8479768786127,22.7,19.2416666666667,0.5625,0.0416666666666667,6.04697986577181,9.54761904761905
2011,195,14.2393063583815,22.2,16.4104166666667,0.1875,0,8.36912751677852,13.047619047619
2011,196,14.6780346820809,23.6,18.55,0.395833333333333,0.166666666666667,6.23489932885906,8
2011,197,17.2809248554913,26.5,23.69375,1,0.791666666666667,5.70945945945946,5.73809523809524
2011,198,19.9971098265896,29.4,26.28125,1,1,5.40268456375839,8.21428571428571
2011,199,21.2982658959538,31.7,26.6958333333333,0.9375,0.875,8.61744966442953,12.1904761904762
2011,200,17.3722543352601,26.7,19.4229166666667,0.541666666666667,0.395833333333333,7.05369127516779,11.952380952381
2011,201,16.0653179190751,24.2,19.4916666666667,0.604166666666667,0.229166666666667,8.59060402684564,11.8571428571429
2011,202,14.4219653179191,20.2,16.4270833333333,0.166666666666667,0,8.43624161073826,9.16666666666667
2011,203,12.9531791907514,21.9,15.8458333333333,0.145833333333333,0,6.81879194630873,10.9761904761905
2011,204,16.2219653179191,26.3,22.4145833333333,0.916666666666667,0.5625,5.26174496644295,8.35714285714286
2011,205,18.8971098265896,31.3,26.5291666666667,1,0.979166666666667,6.24832214765101,8.95238095238095
2011,206,16.3,25,20.9708333333333,0.854166666666667,0.291666666666667,5.52348993288591,6.04761904761905
2011,207,15.8745664739884,23.4,19.3520833333333,0.604166666666667,0.0833333333333333,7.2751677852349,9.19047619047619
2011,208,16.9722543352601,25.5,21.0979166666667,0.770833333333333,0.375,7.30201342281879,11.3571428571429
2011,209,17.8720238095238,28,24.9279069767442,1,0.906976744186046,5.51034482758621,8.36842105263158
2011,210,19.4537572254335,27.7,24.98125,1,0.895833333333333,7.16107382550336,9.42857142857143
2011,211,19.9757225433526,31.6,27.8458333333333,1,1,7.14765100671141,12.1428571428571
2011,212,21.7687861271676,31,27.9083333333333,1,1,10.7046979865772,16.4761904761905
2011,213,20.6682080924855,29.5,26.8291666666667,1,1,7.24161073825503,8.30952380952381
2011,214,18.4774566473988,29.8,24.9895833333333,0.9375,0.875,6.1006711409396,8.78571428571429
2011,215,19.6682080924855,31,26.7770833333333,1,1,5.36241610738255,7.0952380952381
2011,216,20.660843373494,32.8,28.4214285714286,1,0.880952380952381,6.14084507042254,8.05555555555556
2011,217,21.3236994219653,32.6,28.1375,0.979166666666667,0.770833333333333,7.25503355704698,12.8571428571429
2011,218,21.3329479768786,31.1,27.95625,1,1,7.91946308724832,11.4047619047619
2011,219,21.1236994219653,32.4,28.0208333333333,1,0.979166666666667,6.81879194630873,8
2011,220,20.4988439306358,31.9,27.4645833333333,1,1,6.32885906040268,9.76190476190476
2011,221,20.2265895953757,32.6,27.5354166666667,1,0.875,5.54362416107383,9.52380952380952
2011,222,20.1254335260116,30.3,27.0083333333333,1,1,7.26174496644296,13.0238095238095
2011,223,18.1375722543353,28.5,22.9520833333333,0.854166666666667,0.708333333333333,5.49664429530201,8.4047619047619
2011,224,19.7208092485549,30.9,27.1395833333333,1,0.979166666666667,4.6510067114094,9.19047619047619
2011,225,20.7296511627907,32.8,28.8021276595745,1,0.893617021276596,5.91891891891892,10.2926829268293
2011,226,20.6028901734104,29.7,27.2416666666667,1,1,10.1275167785235,15.2380952380952
2011,227,14.521387283237,21.8,17.23125,0.291666666666667,0,7.33557046979866,7.64285714285714
2011,228,15.3959537572254,27.1,23.1645833333333,0.958333333333333,0.604166666666667,6.48993288590604,10.0238095238095
2011,229,17.8838150289017,30.1,25.7895833333333,0.958333333333333,0.895833333333333,7.63087248322148,13.5714285714286
2011,230,17.9005780346821,27.3,23.28125,0.958333333333333,0.645833333333333,9.26174496644295,11.6666666666667
2011,231,16.5063583815029,28.5,24.2020833333333,1,0.833333333333333,6.6510067114094,8.07142857142857
2011,232,18.0815476190476,31.1,26.4875,1,0.9375,5.77931034482758,8.80952380952381
2011,233,20.2745664739884,32.7,28.59375,1,0.895833333333333,6.63758389261745,12.3333333333333
2011,234,22.1,33.3,28.5166666666667,0.958333333333333,0.833333333333333,8.83221476510067,14.1190476190476
2011,235,21.9312138728324,30.9,26.3541666666667,1,1,8.0738255033557,10.5238095238095
2011,236,21.2705202312139,32.8,29.1604166666667,1,0.833333333333333,7.02684563758389,12.5714285714286
2011,237,21.3242774566474,33.8,28.6979166666667,1,0.875,6.04026845637584,9.04761904761905
2011,238,21.1635838150289,34.3,29.13125,1,0.875,5.79194630872483,7.92857142857143
2011,239,21.5265895953757,35.5,30.4458333333333,1,0.666666666666667,5.49664429530201,9.4047619047619
2011,240,21.1,34.5,29.3958333333333,1,0.916666666666667,5.74496644295302,7.61904761904762
2011,241,21.0624277456647,32.6,28.725,1,0.958333333333333,8.45637583892618,13.3571428571429
2011,242,19.7052023121387,27.5,24.0395833333333,0.958333333333333,0.854166666666667,9.26845637583893,12.3333333333333
2011,243,13.4994219653179,23.8,15.775,0.395833333333333,0.0833333333333333,6.44295302013423,6.4047619047619
2011,244,13.6682080924855,24,18.4520833333333,0.520833333333333,0.208333333333333,6.71140939597315,11.2380952380952
2011,245,14.0098265895954,25.8,18.4645833333333,0.458333333333333,0.104166666666667,8.14093959731544,11.5238095238095
2011,246,13.0924855491329,24.9,20.6645833333333,0.770833333333333,0.354166666666667,6.38255033557047,7.73809523809524
2011,247,15.3693641618497,29.9,24.1708333333333,0.958333333333333,0.791666666666667,5.58389261744967,10
2011,248,17.1052023121387,32.5,26.2729166666667,1,0.958333333333333,5.39597315436241,9.5
2011,249,17.9982658959538,31.9,26.7833333333333,1,1,4.75167785234899,7.14285714285714
2011,250,17.9936416184971,32.8,26.9833333333333,1,0.916666666666667,4.28187919463087,5.57142857142857
2011,251,18.493063583815,32.2,27.28125,1,0.958333333333333,4.45637583892617,6.80952380952381
2011,252,19.1450867052023,31.9,27.9104166666667,1,1,5.36912751677852,7.38095238095238
2011,253,19.0809248554913,31.6,27.7583333333333,1,1,5.12751677852349,7
2011,254,19.2761627906977,33.9,27.7020833333333,1,0.9375,5.17567567567567,7.38095238095238
2011,255,19.4273255813953,33.2,26.93125,1,0.9375,5.19594594594595,7.47619047619048
2011,256,17.3907514450867,28.2,21.84375,0.75,0.625,4.89261744966443,6.42857142857143
2011,257,18.449710982659,31.1,25.2145833333333,0.979166666666667,0.833333333333333,6.02684563758389,7.42857142857143
2011,258,14.9797687861272,24.3,18.4375,0.458333333333333,0.0833333333333333,8.0738255033557,10.8809523809524
2011,259,15.2398843930636,22.8,19.3270833333333,0.583333333333333,0.0833333333333333,10.1006711409396,13.7380952380952
2011,260,12.9965317919075,19.7,16.5458333333333,0.0833333333333333,0,10.6308724832215,13.7857142857143
2011,261,12.4884393063584,17.7,14.96875,0,0,7.90604026845637,10.9761904761905
2011,262,12.6843930635838,21.1,16.81875,0.375,0,7.68456375838926,10.5238095238095
2011,263,10.9023121387283,23.6,18.4416666666667,0.375,0.125,5.85906040268456,7.23809523809524
2011,264,12.7410404624277,24.6,19.8208333333333,0.666666666666667,0.166666666666667,5.36912751677852,9.28571428571429
2011,265,15.5462427745665,27,20.6583333333333,0.729166666666667,0.375,6.85906040268456,9.52380952380952
2011,266,18.5416184971098,30.8,26.1395833333333,1,0.916666666666667,7.76510067114094,13.7619047619048
2011,267,18.7317919075145,30.8,26.5291666666667,1,0.958333333333333,4.85234899328859,7.16666666666667
2011,268,16.4184971098266,25.5,21.2770833333333,0.729166666666667,0.458333333333333,10.5838926174497,16.7619047619048
2011,269,12.1132947976879,17.1,13.2583333333333,0,0,9.1744966442953,9.57142857142857
2011,270,13.7745664739884,22.4,17.2729166666667,0.3125,0.0416666666666667,10.9189189189189,16.0238095238095
2011,271,10.52,20.6,16.4651162790698,0.13953488372093,0,5.99280575539568,8.68421052631579
2011,272,9.84624277456647,22.3,17.375,0.270833333333333,0.0208333333333333,6.12080536912752,8.26190476190476
2011,273,12.6306358381503,25.4,20.7833333333333,0.6875,0.5,5.79194630872483,9.95238095238095
2013,121,6.45317919075144,17.5,13.4083333333333,0,0,6.36416184971098,8.625
2013,122,10.4780346820809,21.6,17.4104166666667,0.354166666666667,0,7.05780346820809,9.875
2013,123,13.1763005780347,23.6,17.89375,0.479166666666667,0.104166666666667,7.80924855491329,9.375
2013,124,13.4878612716763,24.5,20.3041666666667,0.604166666666667,0.333333333333333,6.63005780346821,8.5
2013,125,14.7468208092486,26.8,23.14375,0.9375,0.729166666666667,6.10982658959538,7.375
2013,126,16.5456647398844,29.7,25.23125,1,0.916666666666667,6.40462427745665,7.97916666666667
2013,127,17.1323699421965,30.9,24.8541666666667,0.979166666666667,0.729166666666667,7.73988439306358,10.2291666666667
2013,128,17.7705202312139,29.2,25.0583333333333,1,0.916666666666667,7.08670520231214,7.75
2013,129,17.7578034682081,31.7,25.96875,1,0.979166666666667,7.1271676300578,8.3125
2013,130,17.7687861271676,32,24.79375,0.9375,0.708333333333333,8.44508670520231,10.6458333333333
2013,131,18.5768786127168,31.4,25.9958333333333,1,0.979166666666667,5.91329479768786,9.125
2013,132,16.3121387283237,26,20.5458333333333,0.645833333333333,0.4375,8.67630057803468,12.9791666666667
2013,133,13.3138728323699,21.4,13.9333333333333,0,0,11.9884393063584,13.0625
2013,134,10.2,18.8,14.0666666666667,0,0,9.02890173410405,10.1875
2013,135,11.6398843930636,20.9,17.6583333333333,0.375,0,5.41618497109827,7.5
2013,136,12.1456647398844,21.3,15.5208333333333,0.145833333333333,0,6.74566473988439,11.1875
2013,137,12.9325581395349,24,19,0.541666666666667,0.104166666666667,6.46242774566474,9
2013,138,11.5664739884393,18.7,13.54375,0,0,6.91907514450867,7.91666666666667
2013,139,12.9803468208092,23.6,16.7458333333333,0.416666666666667,0.0625,5.25433526011561,8.08333333333333
2013,140,14.271098265896,25,20.425,0.708333333333333,0.333333333333333,5.83236994219653,10.0208333333333
2013,141,15.1482558139535,27.1,21.2104166666667,0.8125,0.479166666666667,9.65895953757225,15.75
2013,142,7.41560693641618,17,7.06041666666667,0,0,9.02890173410405,9.6875
2013,143,6.10346820809249,16,9.98541666666667,0,0,4.8728323699422,7.5
2013,144,9.31849710982659,19,14.1791666666667,0.0208333333333333,0,8.35838150289017,10.5833333333333
2013,145,10.3369942196532,17,13.6854166666667,0,0,11.3757225433526,13.6041666666667
2013,146,12.3127167630058,22.3,18.6229166666667,0.395833333333333,0.0416666666666667,5.35838150289017,7.60416666666667
2013,147,12.1803468208092,19.8,15.4458333333333,0.0625,0,5.83815028901734,8.08333333333333
2013,148,12.6410404624277,19,16.0520833333333,0.0208333333333333,0,6.14450867052023,8.45833333333333
2013,149,13.6763005780347,20.7,17.9791666666667,0.333333333333333,0,7.64161849710983,9.54166666666667
2013,150,11.8687861271676,18.4,14.3958333333333,0,0,9.13294797687861,13.3541666666667
2013,151,11.9028901734104,21,14.9104166666667,0.145833333333333,0,5.65317919075145,8.04166666666667
2013,152,11.6462427745665,18.7,15.7416666666667,0,0,5.69364161849711,8.35416666666667
2013,153,12.1242774566474,19.9,16.2166666666667,0.104166666666667,0,6.7456647398844,9.79166666666667
2013,154,13.0202312138728,23.7,17.05,0.354166666666667,0.145833333333333,6.22543352601156,10.1458333333333
2013,155,15.7763005780347,27.6,21.99375,0.708333333333333,0.583333333333333,5.63583815028902,7.95833333333333
2013,156,17.5670520231214,27.9,23.7541666666667,0.979166666666667,0.6875,7.6242774566474,11.4166666666667
2013,157,19.4294797687861,29.9,25.6375,1,1,7.121387283237,9.22916666666667
2013,158,18.7040462427746,27.5,22.825,0.916666666666667,0.6875,8.29479768786127,13.0833333333333
2013,159,16.2610465116279,25.7,21.4770833333333,0.854166666666667,0.5,8.47976878612717,11.0833333333333
2013,160,15.9832369942197,24.4,21.225,0.8125,0.520833333333333,8.80346820809249,12.0833333333333
2013,161,16.4150289017341,26.1,22.4458333333333,0.958333333333333,0.5625,7.40462427745665,8.75
2013,162,16.8808139534884,26.3,21.9729166666667,0.75,0.666666666666667,9.43352601156069,14.2708333333333
2013,163,15.6595375722543,23.6,20.36875,0.645833333333333,0.291666666666667,9.59537572254335,12.2708333333333
2013,164,12.9005780346821,23.1,16.7104166666667,0.270833333333333,0.0625,7.58959537572254,11.7083333333333
2013,165,11.9745664739884,19,15.3541666666667,0.0208333333333333,0,8.96531791907514,12.6666666666667
2013,166,16.0693641618497,26.1,21.6958333333333,0.8125,0.5,6.60693641618497,8.29166666666667
2013,167,18.1158823529412,28.9,24.8148936170213,1,0.893617021276596,6.69767441860465,7.85106382978723
2013,168,17.6693641618497,25.3,22.2770833333333,0.979166666666667,0.625,8.4971098265896,13.5
2013,169,16.614450867052,23.1,20.39375,0.8125,0.25,8.36994219653179,10.4583333333333
2013,170,12.4387283236994,16.1,12.9729166666667,0,0,5.54913294797688,7.70833333333333
2013,171,10.1791907514451,16.2,11.5854166666667,0,0,8.27745664739884,10.2916666666667
2013,172,11.2323699421965,17.4,13.4645833333333,0,0,5.57803468208092,7.0625
2013,173,13.1670520231214,18.9,16.1875,0,0,4.89017341040462,7.875
2013,174,16.4901162790698,25.1,21.9595744680851,0.957446808510638,0.51063829787234,5.32558139534884,8.74468085106383
2013,175,13.7751445086705,18.2,15.2854166666667,0,0,3.63583815028902,3.91666666666667
2013,176,14.9248554913295,20.7,17.6770833333333,0.354166666666667,0,8.02312138728324,10.4583333333333
2013,177,15.585549132948,22.9,18.4083333333333,0.395833333333333,0.166666666666667,8.04624277456647,11.3333333333333
2013,178,15.6757225433526,20.8,18.6625,0.458333333333333,0,6.23121387283237,8.16666666666667
2013,179,19.7780346820809,31,26.0895833333333,1,1,6.12138728323699,7.875
2013,180,19.3138728323699,29.1,23.8270833333333,1,0.791666666666667,6.90173410404624,9.04166666666667
2013,181,21.8942196531792,33.2,28.7916666666667,1,0.9375,6.76300578034682,8.27083333333333
2013,182,24.0202312138728,34.3,30.9583333333333,1,0.729166666666667,5.80924855491329,6.85416666666667
2013,183,25.8416184971098,38.7,33.0979166666667,1,0.333333333333333,7.20231213872832,11.2083333333333
2013,184,25.210843373494,33.6,30.893023255814,1,0.86046511627907,8.46107784431138,11.3023255813953
2013,185,22.2167630057803,31.8,28.4041666666667,1,1,8.85549132947977,15.2708333333333
2013,186,17.6647398843931,28.5,19.99375,0.604166666666667,0.3125,7.71098265895954,12.0625
2013,187,17.6699421965318,28.6,24.3354166666667,1,0.875,7.35260115606936,8.89583333333333
2013,188,19.0331395348837,29.4,25.825,1,0.958333333333333,6.31791907514451,7.8125
2013,189,17.057225433526,26,19.8541666666667,0.604166666666667,0.416666666666667,7.84393063583815,9.79166666666667
2013,190,19.3098265895954,31.9,26.5145833333333,0.979166666666667,0.916666666666667,5.66473988439307,9.14583333333333
2013,191,22.5647398843931,34.1,30.0708333333333,1,0.666666666666667,9.16184971098266,15.5416666666667
2013,192,21.1953757225434,29.4,25.94375,1,0.979166666666667,12.878612716763,17.0208333333333
2013,193,16.7971098265896,24,21.3416666666667,0.9375,0.333333333333333,8.65895953757225,12.9166666666667
2013,194,17.2393063583815,27.2,22.95625,0.958333333333333,0.541666666666667,6.13872832369942,8.125
2013,195,19.1407185628743,30.3,26.5208333333333,1,1,8.13872832369942,13.6666666666667
2013,196,19.0109826589595,27.3,24.2208333333333,1,0.958333333333333,12.0578034682081,15.7291666666667
2013,197,19.5672839506173,30.8,25.8,1,0.953488372093023,8.05555555555556,10.8604651162791
2013,198,18.7811320754717,26.9,22.0113636363636,0.909090909090909,0.590909090909091,9.29559748427673,13.3636363636364
2013,199,20.2164705882353,31,26.9895833333333,1,1,6.61764705882353,8.77083333333333
2013,200,21.493063583815,34.7,28.9520833333333,1,0.791666666666667,6.58959537572254,9.29166666666667
2013,201,22.9011560693642,35.3,30.8541666666667,1,0.625,6.82658959537572,11.2083333333333
2013,202,23.7529411764706,35,31.41875,1,0.666666666666667,9.29479768786127,14.0833333333333
2013,203,24.4256578947368,34.7,31.4166666666667,1,0.547619047619048,8.09868421052632,13.2380952380952
2013,204,24.5845637583893,36.8,32.3309523809524,1,0.428571428571429,6.22147651006711,9.66666666666667
2013,205,24.650641025641,37.3,32.6,1,0.372093023255814,5.71794871794872,7.7906976744186
2013,206,24.7305882352941,36.9,32.5297872340426,1,0.425531914893617,7.72254335260116,10.9583333333333
2013,207,24.306936416185,36.3,32.7854166666667,1,0.395833333333333,7.73988439306358,13.7083333333333
2013,208,22.2254335260116,31.9,28.6625,1,1,9.83815028901734,13.2083333333333
2013,209,19.3936046511628,29.4,24.7958333333333,0.979166666666667,0.9375,8.54335260115607,11.0416666666667
2013,210,17.9294797687861,29.4,22.6458333333333,0.708333333333333,0.625,8.48554913294798,11.9166666666667
2013,211,19.2394117647059,31.8,26.81875,1,0.9375,5.92441860465116,6.75
2013,212,21.0508670520231,31.8,28.4395833333333,1,1,5.27167630057803,5.9375
2013,213,19.7364161849711,28.3,22.6145833333333,0.9375,0.520833333333333,6.7514450867052,9.29166666666667
2013,214,16.8179190751445,27.2,19.1583333333333,0.520833333333333,0.1875,4.96531791907514,5.02083333333333
2013,215,19.1335260115607,29.4,23.9916666666667,0.9375,0.666666666666667,6.58959537572254,11.1041666666667
2013,216,17.175,25.9,20.4957446808511,0.659574468085106,0.404255319148936,5.93063583815029,10.625
2013,217,17.6485549132948,28.5,22.21875,0.770833333333333,0.583333333333333,5.24277456647399,7.5
2013,218,19.8017341040462,31.1,26.2895833333333,1,0.916666666666667,6.26589595375723,7.85416666666667
2013,219,20.0630057803468,31.4,25.4395833333333,1,0.791666666666667,6.23699421965318,6.66666666666667
2013,220,21.2393063583815,32.2,26.9416666666667,1,0.854166666666667,7.76878612716763,11.5625
2013,221,22.3404624277457,34.6,28.5833333333333,1,0.875,6.93063583815029,9.83333333333333
2013,222,21.2618497109827,32.6,26.6833333333333,0.9375,0.833333333333333,6.28901734104046,8.52083333333333
2013,223,20.9184971098266,33,27.6354166666667,1,0.8125,5.47398843930636,6.41666666666667
2013,224,21.1878612716763,32.8,26.93125,1,0.854166666666667,7.06936416184971,8.3125
2013,225,21.328323699422,33.5,28.6291666666667,1,0.75,6.09826589595376,8.25
2013,226,21.7057803468208,33.9,28.7291666666667,1,0.895833333333333,5.41618497109827,8.27083333333333
2013,227,22.0023121387283,31.3,28.7979166666667,1,1,6.48554913294798,10.8333333333333
2013,228,21.8682080924855,30.9,27.5791666666667,1,1,8.12138728323699,12.75
2013,229,19.5994152046784,30.5,24.8446808510638,0.936170212765957,0.723404255319149,9.08720930232558,12.0833333333333
2013,230,20.5375722543353,30.4,27.1916666666667,1,1,7.9364161849711,13.0625
2013,231,21.049710982659,29.3,26.7625,1,1,9.61271676300578,14.1666666666667
2013,232,18.821387283237,28.9,25.625,1,1,8.58381502890173,11.0625
2013,233,18.1468208092486,29.7,25.875,1,0.958333333333333,6.58381502890173,8.10416666666667
2013,234,18.8254335260116,29.7,26.5916666666667,1,1,5.75722543352601,7.5625
2013,235,16.9791907514451,27.1,21.4125,0.75,0.520833333333333,5.38150289017341,6.9375
2013,236,17.4445086705202,25.8,22.0395833333333,0.875,0.583333333333333,5.76300578034682,8.29166666666667
2013,237,18.8005780346821,27.3,24.4645833333333,1,0.9375,5.96531791907514,8.3125
2013,238,17.2341040462428,24.9,21.6375,0.958333333333333,0.395833333333333,7.96531791907514,11.1041666666667
2013,239,18.1797687861272,29.8,25.35625,1,0.895833333333333,6.19075144508671,10.4166666666667
2013,240,18.185549132948,31.1,24.4604166666667,0.979166666666667,0.791666666666667,6.52023121387284,9.25
2013,241,18.3780346820809,27.2,23.10625,0.958333333333333,0.708333333333333,7.14450867052024,9.10416666666667
2013,242,17.8953757225434,27,22.6229166666667,0.916666666666667,0.666666666666667,8.23121387283237,13.4166666666667
2013,243,16.935838150289,29.8,24.3333333333333,1,0.833333333333333,6.47976878612717,8.0625
2013,244,18.6046242774566,30.7,26.9708333333333,1,0.979166666666667,6.35838150289017,9.77083333333333
2013,245,17.7260115606936,30.6,23.1395833333333,0.75,0.583333333333333,4.5606936416185,5.29166666666667
2013,246,19.0335260115607,31.5,24.2583333333333,0.854166666666667,0.625,4.55491329479769,5.16666666666667
2013,247,20.3595375722543,31.7,26.8041666666667,1,0.958333333333333,7,11.0833333333333
2013,248,18.3745664739884,26.2,21.24375,0.895833333333333,0.333333333333333,6.20231213872832,8.1875
2013,249,16.671098265896,22.7,18.5645833333333,0.458333333333333,0.0625,5.3121387283237,8.64583333333333
2013,250,14.5219653179191,19.2,16.0916666666667,0.0208333333333333,0,3.87861271676301,5.02083333333333
2013,251,15.1907514450867,20.7,18.3041666666667,0.395833333333333,0,5.15028901734104,6.66666666666667
2013,252,16.6150289017341,27.1,22.09375,0.895833333333333,0.520833333333333,4.23121387283237,6.875
2013,253,17.4664634146341,28.4,24.5093023255814,1,0.883720930232558,5.6566265060241,8.64444444444444
2013,254,18.8809248554913,29,26.25625,1,1,6.46242774566474,8.20833333333333
2013,255,19.4890173410405,30.5,27.1375,1,0.958333333333333,5.4393063583815,6.64583333333333
2013,256,19.6959537572254,30.9,27.4604166666667,1,0.979166666666667,5.35838150289017,6.625
2013,257,20.1630057803468,32.2,26.9541666666667,1,0.958333333333333,5.76300578034682,8.3125
2013,258,19.8976878612717,31.5,26.0791666666667,1,1,5.53757225433526,5.85416666666667
2013,259,16.942774566474,23.9,19.4854166666667,0.604166666666667,0.145833333333333,9.87861271676301,15.6041666666667
2013,260,14.9404761904762,22.2,18.9186046511628,0.534883720930233,0.0232558139534884,6.42261904761905,8
2013,261,11.1860606060606,20.8,12.8976744186047,0.186046511627907,0,5.29090909090909,5.7906976744186
2013,262,11.4662576687117,21.4,16.4547619047619,0.261904761904762,0,5.13496932515337,8.52380952380952
2013,263,12.1595375722543,22.7,18.9770833333333,0.604166666666667,0.0833333333333333,6.08670520231214,8.72916666666667
2013,264,12.0994219653179,19.7,15.7125,0.0416666666666667,0,8.41618497109826,12.5833333333333
2013,265,11.2601156069364,17.8,13.5854166666667,0,0,8.65317919075144,11.8958333333333
2013,266,10.8346820809249,16.7,12.98125,0,0,10.7052023121387,14.3541666666667
2013,267,8.60404624277457,15.4,10.59375,0,0,5.42774566473988,7.3125
2013,268,7.29537572254335,11.9,8.54166666666667,0,0,7.17919075144509,7.10416666666667
2013,269,8.91098265895954,16.3,12.1458333333333,0,0,6,6.70833333333333
2013,270,6.48843930635838,11.1,8.9875,0,0,8.04046242774566,11.2916666666667
2013,271,8.57919075144509,13.3,9.06875,0,0,9.41618497109827,9.66666666666667
2013,272,9.45375722543353,13.2,10.1020833333333,0,0,13.364161849711,14.1666666666667
2013,273,8.35260115606936,12.9,10.3541666666667,0,0,10.6994219653179,11.75
2014,121,14.2443243243243,28,22.0692307692308,0.884615384615385,0.576923076923077,6.8972972972973,9.23076923076923
2014,122,13.8897959183673,27.4,19.8462962962963,0.62962962962963,0.407407407407407,8.9234693877551,12.1111111111111
2014,123,7.24568527918782,20,8.39444444444444,0.037037037037037,0,9.30769230769231,14.0754716981132
2014,124,5.48423913043478,12.4,7.38958333333333,0,0,6.59562841530055,8.72916666666667
2014,125,7.34508670520231,14.7,10.5875,0,0,8.52906976744186,12.5416666666667
2014,126,6.93121387283237,16.8,10.4166666666667,0,0,8.44767441860465,10.6458333333333
2014,127,7.27167630057803,19.4,13.3020833333333,0.0208333333333333,0,5.43604651162791,6.875
2014,128,9.67919075144509,19.4,15.5645833333333,0.0625,0,6.75,9.875
2014,129,7.84624277456647,14.6,8.85208333333333,0,0,7.90588235294118,11.625
2014,130,7.36300578034682,14.6,10.1833333333333,0,0,6.97687861271676,8.54166666666667
2014,131,8.20520231213873,18.8,13.6729166666667,0,0,5.8728323699422,7.64583333333333
2014,132,10.0057803468208,22,17.4479166666667,0.375,0.0208333333333333,4.79768786127168,6.39583333333333
2014,133,12.217679558011,23.1,18.728,0.44,0.06,5.61325966850829,7.3
2014,134,15.0785714285714,27.9,22.1041666666667,0.875,0.479166666666667,5.12637362637363,6.5
2014,135,15.7510638297872,27.3,21.7056603773585,0.886792452830189,0.471698113207547,7.21505376344086,10.4528301886792
2014,136,14.8263959390863,21.7,18.5962962962963,0.5,0,8.46700507614213,11.0185185185185
2014,137,11.4736040609137,18.2,13.2333333333333,0,0,5.18877551020408,5.98148148148148
2014,138,12.2253807106599,23.8,16.2037037037037,0.111111111111111,0.0740740740740741,7.95918367346939,10.5555555555556
2014,139,11.9492307692308,22.8,14.9,0.0192307692307692,0,7.31632653061225,10.377358490566
2014,140,13.4700507614213,24.6,19.9388888888889,0.685185185185185,0.185185185185185,4.98477157360406,7.75925925925926
2014,141,15.3939086294416,26,22.1703703703704,0.981481481481482,0.481481481481481,6.02551020408163,8.62962962962963
2014,142,17.4728205128205,28.4,24.2111111111111,1,0.888888888888889,6.14720812182741,8.90740740740741
2014,143,15.6827411167513,23.6,19.0444444444444,0.462962962962963,0.185185185185185,7.6751269035533,11.7777777777778
2014,144,15.5741116751269,24.1,20.2111111111111,0.740740740740741,0.111111111111111,7.6243654822335,8.72222222222222
2014,145,12.5355329949239,18.6,15.762962962963,0,0,5.41538461538462,6.87037037037037
2014,146,11.6446700507614,21,14.4925925925926,0.037037037037037,0,8.49238578680203,15.3518518518519
2014,147,12.6878172588832,22.7,18.5666666666667,0.444444444444444,0.111111111111111,5.89285714285715,6.68518518518519
2014,148,11.490306122449,19.3,13.3851851851852,0.0185185185185185,0,7.37244897959184,9.92592592592593
2014,149,10.1329949238579,15.9,12.2944444444444,0,0,11.9137055837563,14.4814814814815
2014,150,13.8,23.9,19.6259259259259,0.574074074074074,0.203703703703704,5.85714285714286,7.05555555555555
2014,151,15.3116751269036,25.6,21.8259259259259,0.944444444444444,0.462962962962963,7.95939086294416,10
2014,152,15.8685279187817,24.7,21.6481481481481,0.981481481481482,0.314814814814815,6.75634517766498,9.96296296296296
2014,153,15.3131979695431,25,19.8685185185185,0.592592592592593,0.259259259259259,6.69035532994924,8.98148148148148
2014,154,14.2720812182741,23,18.1962962962963,0.37037037037037,0.037037037037037,7.65989847715736,11.0925925925926
2014,155,15.9238578680203,26.7,22.7981481481481,1,0.62962962962963,8.33502538071066,13.1296296296296
2014,156,14.7459183673469,23.4,19.3566037735849,0.622641509433962,0.188679245283019,13.8527918781726,13.5740740740741
2014,157,13.8573604060914,25,19.8111111111111,0.62962962962963,0.314814814814815,6.91878172588833,7.2962962962963
2014,158,15.1918781725888,25.3,20.9574074074074,0.796296296296296,0.333333333333333,5.55837563451776,6.83333333333333
2014,159,17.0558375634518,27.7,23.412962962963,1,0.685185185185185,7.08673469387755,10.0185185185185
2014,160,17.810152284264,25.4,21.4259259259259,0.925925925925926,0.407407407407407,9.86224489795918,13.0185185185185
2014,161,13.951269035533,23.1,18.8444444444444,0.407407407407407,0.12962962962963,8.3248730964467,10.5185185185185
2014,162,15.346192893401,25.9,22.0518518518519,0.851851851851852,0.555555555555556,5.91794871794872,7.75925925925926
2014,163,15.5297435897436,25.9,21.2056603773585,0.867924528301887,0.339622641509434,6.71065989847716,9.07407407407407
2014,164,11.8822335025381,17.1,13.6018518518519,0,0,7.96446700507614,11.7962962962963
2014,165,12.9857868020305,22.4,16.9574074074074,0.240740740740741,0.037037037037037,6.81632653061225,9.64814814814815
2014,166,11.8939086294416,17.2,13.6944444444444,0,0,7.36548223350254,11.5
2014,167,11.5284263959391,18.8,14.4518518518519,0,0,6.9492385786802,10.4074074074074
2014,168,11.2736040609137,24.5,14.4407407407407,0.111111111111111,0.037037037037037,7.47208121827412,10.2037037037037
2014,169,11.9147208121827,27.8,14.8481481481481,0.259259259259259,0.111111111111111,6.61928934010152,8.92592592592593
2014,170,16.0467005076142,23.3,20.6074074074074,0.740740740740741,0.314814814814815,8.15104166666667,14
2014,171,16.0299492385787,25.9,20.3296296296296,0.722222222222222,0.296296296296296,8.9238578680203,13.6111111111111
2014,172,15.88730964467,25.4,22.0740740740741,0.962962962962963,0.555555555555556,6.50515463917526,8.01851851851852
2014,173,18.2619289340102,30.8,25.3259259259259,0.981481481481482,0.814814814814815,5.28934010152284,5.74074074074074
2014,174,18.634693877551,28.7,23.3792452830189,0.905660377358491,0.641509433962264,6.95918367346939,10.3207547169811
2014,175,15.2822335025381,22.5,17.2425925925926,0.0740740740740741,0.0185185185185185,4.88775510204082,5.51851851851852
2014,176,17.7042553191489,27.7,23.2520833333333,1,0.666666666666667,6.25,8.58333333333333
2014,177,15.7567567567568,25.8,18.8314814814815,0.518518518518518,0.203703703703704,7.85405405405405,11.0185185185185
2014,178,14.1112299465241,19.7,16.35625,0.0208333333333333,0,7.66310160427808,11.5
2014,179,14.608717948718,23.5,17.4134615384615,0.269230769230769,0.0384615384615385,10.4051282051282,13.25
2014,180,14.8791878172589,24.2,18.4388888888889,0.462962962962963,0.0555555555555556,10.1776649746193,13.8888888888889
2014,181,16.9416243654822,27.3,23.3666666666667,0.981481481481482,0.685185185185185,6.0507614213198,8.5
2014,182,19.9269035532995,30.9,26.8962962962963,1,1,6.0765306122449,7.35185185185185
2014,183,21.7301020408163,31.9,28.5981132075472,1,1,6.26020408163265,8
2014,184,21.8269035532995,32,27.6222222222222,0.981481481481482,0.944444444444444,8.8265306122449,14.4259259259259
2014,185,21.9535714285714,30.9,27.9,1,1,9.74619289340101,15.4259259259259
2014,186,22.5192893401015,30.6,26.9666666666667,1,1,9.22335025380711,13.3148148148148
2014,187,21.2831632653061,30.6,26.5388888888889,0.981481481481482,0.962962962962963,6.99487179487179,10.537037037037
2014,188,20.9497461928934,31.7,27.4296296296296,1,1,6.39086294416244,6.37037037037037
2014,189,23.0081218274112,34.8,30.5759259259259,1,0.759259259259259,6.5948717948718,9.07407407407407
2014,190,24.2326530612245,35,31.8814814814815,1,0.462962962962963,8.10659898477157,14.2777777777778
2014,191,23.2761421319797,32.6,29.9314814814815,1,0.87037037037037,9.34010152284264,12.0555555555556
2014,192,22.4260204081633,33.6,29.3703703703704,1,0.777777777777778,6.53807106598985,6.83333333333333
2014,193,23.8237113402062,36.7,32.2314814814815,1,0.481481481481481,6.31979695431472,8.05555555555556
2014,194,24.7479591836735,36.8,33.0259259259259,1,0.314814814814815,5.70558375634518,7.42592592592593
2014,195,20.7208121827411,28.9,23.9055555555556,0.925925925925926,0.685185185185185,7.62944162436548,11.537037037037
2014,196,23.1625641025641,34.1,29.8307692307692,0.980769230769231,0.846153846153846,6.13265306122449,7.98148148148148
2014,197,24.3704081632653,38.2,32.2925925925926,1,0.444444444444444,5.48223350253807,10.0555555555556
2014,198,24.5989847715736,34.8,31.1259259259259,1,0.648148148148148,10.1522842639594,16.1851851851852
2014,199,22.8720812182741,33.2,28.8962962962963,1,0.888888888888889,8.90355329949239,13.7962962962963
2014,200,21.7644670050761,27.4,23.4222222222222,0.981481481481482,0.740740740740741,10.3401015228426,11.4814814814815
2014,201,20.6492385786802,29.1,24.5611111111111,0.981481481481482,0.888888888888889,8.95431472081218,13.3148148148148
2014,202,19.3005076142132,28.3,24.7907407407407,1,0.925925925925926,9.08121827411167,13.1111111111111
2014,203,16.2473684210526,22.8,18.1264150943396,0.264150943396226,0.0188679245283019,4.64893617021277,6.30188679245283
2014,204,18.4642045454545,30,25.6625,0.979166666666667,0.854166666666667,7.56179775280899,10.125
2014,205,13.5710526315789,16.7,13.9,0,0,13.1578947368421,15.2037037037037
2014,206,16.3715736040609,24.7,21.5851851851852,0.925925925925926,0.5,8.76649746192893,11.2962962962963
2014,207,18.3928934010152,31.1,25.5166666666667,1,0.944444444444444,6.40609137055838,8.53703703703704
2014,208,21.0263959390863,34.1,29.2981481481481,1,0.851851851851852,5.25888324873096,8.25925925925926
2014,209,22.8492385786802,36.9,30.7925925925926,1,0.592592592592593,5.50761421319797,7.53703703703704
2014,210,24.6785714285714,38.8,33.7018518518518,1,0.277777777777778,5.17766497461929,6.59259259259259
2014,211,24.3390862944162,37.9,31.6333333333333,1,0.537037037037037,5.55384615384615,8.11111111111111
2014,212,24.356345177665,38.1,33.1851851851852,1,0.37037037037037,5.87309644670051,9.38888888888889
2014,213,24.0030456852792,36,31.262962962963,1,0.555555555555556,6.11734693877551,8.03703703703704
2014,214,23.3290322580645,34.9,29.2765957446809,1,0.765957446808511,7.40641711229947,8.20833333333333
2014,215,21.5357142857143,34.4,28.0222222222222,1,0.944444444444444,5.90355329949239,8.2962962962963
2014,216,21.7812182741117,33.8,28.2314814814815,1,0.925925925925926,7.16243654822335,8.7962962962963
2014,217,22.6340101522843,36,30.4462962962963,1,0.759259259259259,5.51020408163265,7.27777777777778
2014,218,23.094923857868,34.9,31.2462962962963,1,0.611111111111111,7.18367346938776,13.1296296296296
2014,219,22.5258883248731,32.9,29.7574074074074,1,0.907407407407407,8.46192893401015,14.6111111111111
2014,220,21.4224489795918,31.6,27.8796296296296,1,1,8.91370558375635,13.537037037037
2014,221,20.707614213198,32.5,27.8,1,0.962962962962963,6.28717948717949,7.64814814814815
2014,222,21.8857868020305,33.8,30.0907407407407,1,0.796296296296296,5.50253807106599,6.88888888888889
2014,223,23.8964467005076,37.5,32.5333333333333,1,0.388888888888889,5.8984771573604,7.55555555555556
2014,224,21.0091370558376,29.1,25.3666666666667,1,0.87037037037037,6.07142857142857,8.16666666666667
2014,225,22.9340101522843,32.1,29.1444444444444,1,0.981481481481482,7.21025641025641,11.4444444444444
2014,226,17.5380710659898,22.3,17.7222222222222,0.277777777777778,0,4.6701030927835,5.53703703703704
2014,227,17.6274111675127,24.3,21.0796296296296,0.888888888888889,0.314814814814815,6.06091370558376,9.01851851851852
2014,228,17.1187817258883,24.6,19.612962962963,0.592592592592593,0.12962962962963,6.53807106598985,8.85185185185185
2014,229,19.1203045685279,28.9,23.15,0.962962962962963,0.62962962962963,4.93401015228426,6.83333333333333
2014,230,20.8522842639594,32.8,27.7555555555556,1,0.981481481481482,6.55154639175258,9.81481481481481
2014,231,18.0974489795918,28.1,21.7388888888889,0.777777777777778,0.555555555555556,7.98469387755102,11.7222222222222
2014,232,15.9702564102564,25.8,19.4814814814815,0.5,0.333333333333333,5.89175257731959,7.55555555555556
2014,233,15.3096446700508,26.6,19.0055555555556,0.574074074074074,0.296296296296296,6.21649484536082,8.50943396226415
2014,234,14.8096446700508,23.3,17.1796296296296,0.388888888888889,0.0555555555555556,6.5969387755102,8.5
2014,235,16.155612244898,26.6,20.7944444444444,0.592592592592593,0.537037037037037,6.86224489795918,9.38888888888889
2014,236,15.2944162436548,25,20.3518518518519,0.722222222222222,0.333333333333333,6.58883248730965,9.11111111111111
2014,237,16.389847715736,27.3,23.0925925925926,0.981481481481482,0.703703703703704,5.60913705583756,7.94444444444444
2014,238,18.5494897959184,30.3,26.1444444444444,1,0.944444444444444,5.82233502538071,9.61111111111111
2014,239,20.8112244897959,32,28.362962962963,1,1,6.75126903553299,9.57407407407407
2014,240,17.6837563451777,29,21.2388888888889,0.759259259259259,0.5,7.57216494845361,12.2037037037037
2014,241,16.856345177665,27.6,22.9203703703704,0.888888888888889,0.611111111111111,8.52551020408163,14.2777777777778
2014,242,15.6127551020408,24.5,20.7833333333333,0.851851851851852,0.259259259259259,7.01015228426396,9.64814814814815
2014,243,13.8137055837563,20.8,17.9166666666667,0.259259259259259,0,6.36548223350254,8.5
2014,244,14.0573604060914,21.7,18.5740740740741,0.444444444444444,0,6.57868020304569,9.14814814814815
2014,245,13.6868020304569,19.9,16.3037037037037,0.0185185185185185,0,6.57142857142857,7.72222222222222
2014,246,10.4680203045685,19.6,13.1148148148148,0.0555555555555556,0,6.5989847715736,7.16666666666667
2014,247,11.8639593908629,23.2,16.6185185185185,0.314814814814815,0.0740740740740741,4.64766839378238,6.72222222222222
2014,248,13.7214285714286,26.9,21.1833333333333,0.851851851851852,0.388888888888889,5.90816326530612,9
2014,249,15.5785714285714,27.6,23.0092592592593,0.944444444444444,0.703703703703704,6.16326530612245,8.18518518518519
2014,250,16.8741116751269,30.2,24.8092592592593,0.981481481481482,0.87037037037037,6.11734693877551,10.9814814814815
2014,251,14.9551020408163,26.2,19.2833333333333,0.648148148148148,0.314814814814815,12.1928934010152,17.9074074074074
2014,252,11.4314720812183,22.3,15.1314814814815,0.351851851851852,0.037037037037037,9.09137055837564,11.6666666666667
2014,253,7.8263959390863,18.5,9.67037037037037,0,0,10.9540816326531,15.0740740740741
2014,254,7.16497461928934,18.9,13.5833333333333,0,0,4.76142131979696,5.87037037037037
2014,255,7.54822335025381,19.1,13.5759259259259,0.0185185185185185,0,5.33846153846154,6.54716981132075
2014,256,11.3644670050761,22.4,18.0740740740741,0.425925925925926,0.0740740740740741,5.9746192893401,7.16666666666667
2014,257,12.3715736040609,25.6,20.3462962962963,0.722222222222222,0.277777777777778,5.05612244897959,6.37037037037037
2014,258,13.9128865979381,27.9,22.0509433962264,0.886792452830189,0.584905660377358,5.15736040609137,7.72222222222222
2014,259,14.6736040609137,25,22.1777777777778,0.944444444444444,0.685185185185185,5.23857868020304,7.48148148148148
2014,260,14.802688172043,26.4,21.4729166666667,0.8125,0.520833333333333,5.11229946524064,7.54166666666667
2014,261,14.4142131979695,21.6,17.1981481481481,0.240740740740741,0,5.71573604060914,8.16666666666667
2014,262,16.6284263959391,25.2,21.2037037037037,0.777777777777778,0.425925925925926,7.69543147208122,9.87037037037037
2014,263,15.3654822335025,26.4,22.1333333333333,0.907407407407407,0.555555555555556,5.37244897959184,7.13207547169811
2014,264,15.9979591836735,29,23.6698113207547,0.924528301886792,0.754716981132076,5.69387755102041,7.26415094339623
2014,265,15.7329949238579,26.2,21.962962962963,0.833333333333333,0.592592592592593,4.96428571428571,7.85185185185185
2014,266,16.6634920634921,23.3,20.628,0.84,0.22,6.59259259259259,8.32
2014,267,16.1380208333333,24.7,19.4056603773585,0.509433962264151,0.339622641509434,6.83246073298429,11.3962264150943
2014,268,15.4492385786802,24.1,19.8944444444444,0.555555555555556,0.277777777777778,5.61421319796954,7.87037037037037
2014,269,13.7515306122449,20.9,16.2925925925926,0.037037037037037,0,10.0609137055838,12.1851851851852
2014,270,12.1558375634518,21.7,17.0962962962963,0.37037037037037,0,6.23857868020304,9.66666666666667
2014,271,12.3822335025381,22.4,17.1314814814815,0.314814814814815,0.0185185185185185,6.43654822335025,7.92592592592593
2014,272,12.7035714285714,24,17.2018518518519,0.277777777777778,0.0925925925925926,5.67525773195876,8.42592592592593
2014,273,11.7350961538462,19.9,13.4983333333333,0.0333333333333333,0,6.91787439613527,9.4
