"MSI","NBR","NDMI","NDVI","RGI","TCW","ndmi_norm","ndmi_parent","pi_mpb_killed","pi_mpb_killed_pc","plot","point_id","year","epoch","epoch_start","sensor","n_scenes"
-0.206878423690796,0.42857900261879,0.206878423690796,0.645795166492462,0.789123045547246,-0.05491133025,-0.100100003182888,-0.126315996050835,15.0241928019693,84.9091941165153,1,1,2003,3,"2003-06-02","LT05",1
-0.402084052562714,0.63989919424057,0.402084052562714,0.641630232334137,0.716140696909928,-0.019460852,-0.0895000025629997,-0.152827993035317,39.7510178591308,80.6718155584882,2,2,2003,3,"2003-06-02","LT05",1
-0.1568214148283,0.413945287466049,0.1568214148283,0.621445298194885,0.873076923076923,-0.06364658425,-0.0886000022292137,-0.151792004704475,37.2124167088095,80.7369574840845,3,3,2003,3,"2003-06-02","LT05",1
-0.193951591849327,0.513220250606537,0.193951591849327,0.611905097961426,0.97442819647544,-0.04961057875,-0.0859000012278557,-0.129688993096352,24.519410957203,82.8216273785474,4,4,2003,3,"2003-06-02","LT05",1
-0.343773722648621,0.600915729999542,0.343773722648621,0.525903880596161,0.91714271270411,-0.02263937625,-0.0935999974608421,-0.0932584032416344,2.40276885946298,91.692429154288,9,9,2003,3,"2003-06-02","LT05",1
-0.0743961334228516,0.32127782702446,0.0743961334228516,0.552845418453217,1.01798474022042,-0.0860947875,-0.0826999992132187,-0.112493000924587,9.18144193758311,88.4778213100947,10,10,2003,3,"2003-06-02","LT05",1
-0.179769799113274,0.421547830104828,0.179769799113274,0.583980560302734,0.972068707991038,-0.05229132,-0.0888999998569489,-0.0888196974992752,1.58222089522678,92.3915414763885,11,11,2003,3,"2003-06-02","LT05",1
-0.138966292142868,0.385775148868561,0.138966292142868,0.623784899711609,0.865886369178249,-0.0759428105,-0.0737000033259392,-0.0730312019586563,1.3616191353309,92.5614495204142,12,12,2003,3,"2003-06-02","LT05",1
-0.167083963751793,0.417029201984406,0.167083963751793,0.639210999011993,0.888256118208404,-0.059693297,-0.0824000015854836,-0.117417998611927,11.578429154288,86.7801906400317,13,13,2003,3,"2003-06-02","LT05",1
-0.233183100819588,0.493953824043274,0.233183100819588,0.653585612773895,0.883611174545178,-0.04914854575,-0.0819000005722046,-0.118724003434181,12.2775414763885,86.7627074102368,14,14,2003,3,"2003-06-02","LT05",1
-0.158002883195877,0.400430589914322,0.158002883195877,0.599084079265594,0.863540090771558,-0.065017286,0.0333999991416931,0.0332639999687672,0.622957484084543,97.850410957203,15,15,2003,3,"2003-06-02","LT05",1
-0.18033193051815,0.4173264503479,0.18033193051815,0.638146698474884,0.886389717695662,-0.061000526,-0.109999999403954,-0.130511999130249,26.7821906400317,82.516768859463,18,18,2003,3,"2003-06-02","LT05",1
-0.263180077075958,0.51314514875412,0.263180077075958,0.612636148929596,0.871972551130248,-0.04037491,-0.115800000727177,-0.15599699318409,42.2896190094521,80.3480178591308,19,19,2003,3,"2003-06-02","LT05",1
-0.0706101581454277,0.28705969452858,0.0706101581454277,0.603121280670166,0.888820307075071,-0.07362123025,-0.114600002765656,-0.139293998479843,32.1352144081669,81.4756191353309,20,20,2003,3,"2003-06-02","LT05",1
-0.00749923940747976,0.188498318195343,0.00749923940747976,0.514346063137054,0.947876923076923,-0.0907008945,-0.109099999070167,-0.138340994715691,29.5966132578456,81.6962208952268,22,22,2003,3,"2003-06-02","LT05",1
-0.169126346707344,0.449741125106812,0.169126346707344,0.633779346942902,0.882646345687565,-0.061299946,-0.0808999985456467,-0.128451004624367,15.6960379933792,83.0254167088095,23,23,2003,3,"2003-06-02","LT05",1
-0.124394781887531,0.402664721012115,0.124394781887531,0.629930078983307,0.869451101221043,-0.08455997125,-0.0795999988913536,-0.120993003249168,12.4474495204142,86.4397252412076,24,24,2003,3,"2003-06-02","LT05",1
-0.295901983976364,0.565609216690063,0.295901983976364,0.637646317481995,0.789123045547246,-0.03266544725,-0.0807999968528748,-0.117039002478123,10.4631284723991,87.0560121075243,25,25,2003,3,"2003-06-02","LT05",1
-0.243077173829079,0.485647588968277,0.243077173829079,0.685002684593201,0.797638833170955,-0.066451026,-0.107600003480911,-0.166336998343468,47.3668213100947,75.4096132578456,26,26,2003,3,"2003-06-02","LT05",1
-0.207542255520821,0.462020516395569,0.207542255520821,0.66384881734848,0.787927473031903,-0.05019419475,-0.10589999705553,-0.163434997200966,44.8282201597734,77.9482144081669,27,27,2003,3,"2003-06-02","LT05",1
-0.203918173909187,0.472519904375076,0.203918173909187,0.676019489765167,0.870097005482919,-0.064298524,-0.100100003182888,-0.126315996050835,15.0241928019693,84.9091941165153,1,1,2003,4,"2003-06-18","LT05",2
-0.326027125120163,0.600394666194916,0.326027125120163,0.699885904788971,0.870478682468832,-0.038501753,-0.0895000025629997,-0.152827993035317,39.7510178591308,80.6718155584882,2,2,2003,4,"2003-06-18","LT05",2
-0.220942169427872,0.504330515861511,0.220942169427872,0.655055999755859,0.868026176626124,-0.056482002375,-0.0886000022292137,-0.151792004704475,37.2124167088095,80.7369574840845,3,3,2003,4,"2003-06-18","LT05",2
-0.161423072218895,0.405548304319382,0.161423072218895,0.647474825382233,0.858744675519919,-0.0751788055,-0.0859000012278557,-0.129688993096352,24.519410957203,82.8216273785474,4,4,2003,4,"2003-06-18","LT05",2
-0.440152615308762,0.693889379501343,0.440152615308762,0.790471434593201,0.722562607816311,-0.03735094675,-0.090599998831749,-0.109407000243664,6.64870741023682,89.0634714879892,5,5,2003,4,"2003-06-18","LT05",2
-0.364369094371796,0.681693971157074,0.364369094371796,0.659273386001587,1.71731826511912,-0.02551804875,-0.088699996471405,-0.104301996529102,4.79519411651529,90.5771284723991,7,7,2003,4,"2003-06-18","LT05",2
-0.335898280143738,0.577338814735413,0.335898280143738,0.585414588451385,0.852594082438753,-0.032381038125,-0.0854000002145767,-0.0983740016818047,2.70762737854738,90.6412201597734,8,8,2003,4,"2003-06-18","LT05",2
-0.242042049765587,0.522088944911957,0.242042049765587,0.68281626701355,0.776980897869112,-0.05026802675,-0.0935999974608421,-0.0932584032416344,2.40276885946298,91.692429154288,9,9,2003,4,"2003-06-18","LT05",2
-0.0281506609171629,0.280198633670807,0.0281506609171629,0.628235399723053,0.853668284327719,-0.11409596675,-0.0826999992132187,-0.112493000924587,9.18144193758311,88.4778213100947,10,10,2003,4,"2003-06-18","LT05",2
-0.212291687726974,0.485170602798462,0.212291687726974,0.632804095745087,0.826199783201393,-0.0509585985,-0.0888999998569489,-0.0888196974992752,1.58222089522678,92.3915414763885,11,11,2003,4,"2003-06-18","LT05",2
-0.183015570044518,0.444299250841141,0.183015570044518,0.688440501689911,0.860733182161753,-0.0816784195,-0.0737000033259392,-0.0730312019586563,1.3616191353309,92.5614495204142,12,12,2003,4,"2003-06-18","LT05",2
-0.204538285732269,0.478816032409668,0.204538285732269,0.693468630313873,0.784757178305565,-0.061094884,-0.0824000015854836,-0.117417998611927,11.578429154288,86.7801906400317,13,13,2003,4,"2003-06-18","LT05",2
-0.269143164157867,0.525124788284302,0.269143164157867,0.66634327173233,0.828856382978723,-0.047882471875,-0.0819000005722046,-0.118724003434181,12.2775414763885,86.7627074102368,14,14,2003,4,"2003-06-18","LT05",2
-0.292776554822922,0.581773579120636,0.292776554822922,0.69736248254776,0.742714577774698,-0.040158940125,0.0333999991416931,0.0332639999687672,0.622957484084543,97.850410957203,15,15,2003,4,"2003-06-18","LT05",2
-0.235337197780609,0.477471351623535,0.235337197780609,0.663047254085541,0.831059333893087,-0.053045525375,-0.115199998021126,-0.115543000400066,8.94947148798914,88.3551928019693,16,16,2003,4,"2003-06-18","LT05",2
-0.233888223767281,0.503907144069672,0.233888223767281,0.673345863819122,0.789650470584323,-0.053292023,-0.109999999403954,-0.130511999130249,26.7821906400317,82.516768859463,18,18,2003,4,"2003-06-18","LT05",2
-0.182010486721992,0.408073097467422,0.182010486721992,0.661980986595154,0.866031039042383,-0.06947672725,-0.115800000727177,-0.15599699318409,42.2896190094521,80.3480178591308,19,19,2003,4,"2003-06-18","LT05",2
-0.277158468961716,0.540908873081207,0.277158468961716,0.977668166160583,0.217661875833457,-0.06466181,-0.0790999978780746,-0.133031994104385,27.0580121075243,82.4046190094521,21,21,2003,4,"2003-06-18","LT05",2
-0.181542128324509,0.398862838745117,0.181542128324509,0.539272367954254,0.981240613943544,-0.066778692625,-0.109099999070167,-0.138340994715691,29.5966132578456,81.6962208952268,22,22,2003,4,"2003-06-18","LT05",2
-0.271547645330429,0.563275814056396,0.271547645330429,0.672811269760132,0.831958035522562,-0.050207315,-0.0808999985456467,-0.128451004624367,15.6960379933792,83.0254167088095,23,23,2003,4,"2003-06-18","LT05",2
-0.173266649246216,0.45150762796402,0.173266649246216,0.648816764354706,0.863455661627498,-0.080882097875,-0.0795999988913536,-0.120993003249168,12.4474495204142,86.4397252412076,24,24,2003,4,"2003-06-18","LT05",2
-0.267583310604095,0.578032314777374,0.267583310604095,0.65692013502121,0.787736838425505,-0.037474568875,-0.0807999968528748,-0.117039002478123,10.4631284723991,87.0560121075243,25,25,2003,4,"2003-06-18","LT05",2
-0.277622640132904,0.556511282920837,0.277622640132904,0.694631636142731,0.867417259862171,-0.0632152495,-0.107600003480911,-0.166336998343468,47.3668213100947,75.4096132578456,26,26,2003,4,"2003-06-18","LT05",2
-0.243162855505943,0.508144676685333,0.243162855505943,0.671451210975647,0.750049976677551,-0.04806300525,-0.10589999705553,-0.163434997200966,44.8282201597734,77.9482144081669,27,27,2003,4,"2003-06-18","LT05",2
-0.201775521039963,0.476907730102539,0.201775521039963,0.662671864032745,0.864364981504316,-0.07159758775,-0.0531000010669231,-0.0529821999371052,1.17537001725943,95.2830379933792,28,28,2003,4,"2003-06-18","LT05",2
-0.205922022461891,0.540988266468048,0.205922022461891,0.663353443145752,0.784942059946915,-0.05271435525,-0.100100003182888,-0.126315996050835,15.0241928019693,84.9091941165153,1,1,2003,5,"2003-07-04","LT05",2
-0.322250127792358,0.577667236328125,0.322250127792358,0.75733882188797,0.679688753409273,-0.0407423925,-0.0895000025629997,-0.152827993035317,39.7510178591308,80.6718155584882,2,2,2003,5,"2003-07-04","LT05",2
-0.22750797867775,0.513106346130371,0.22750797867775,0.681143522262573,0.713508135315463,-0.056118495,-0.0886000022292137,-0.151792004704475,37.2124167088095,80.7369574840845,3,3,2003,5,"2003-07-04","LT05",2
-0.22750797867775,0.488249331712723,0.22750797867775,0.681143522262573,0.871782036613272,-0.05979404325,-0.0859000012278557,-0.129688993096352,24.519410957203,82.8216273785474,4,4,2003,5,"2003-07-04","LT05",2
-0.420029282569885,0.715447127819061,0.420029282569885,0.786473155021667,0.723469325340999,-0.03632996525,-0.090599998831749,-0.109407000243664,6.64870741023682,89.0634714879892,5,5,2003,5,"2003-07-04","LT05",2
-0.274006456136703,0.582889795303345,0.274006456136703,0.679965794086456,0.786330361672827,-0.03956011525,-0.0917999967932701,-0.107192002236843,6.32572524120759,89.2954419375831,6,6,2003,5,"2003-07-04","LT05",2
-0.318055242300034,0.614753603935242,0.318055242300034,0.717062950134277,0.839192317585527,-0.0363027925,-0.088699996471405,-0.104301996529102,4.79519411651529,90.5771284723991,7,7,2003,5,"2003-07-04","LT05",2
-0.368095904588699,0.64421820640564,0.368095904588699,0.751958191394806,0.722410167321935,-0.027981038125,-0.0854000002145767,-0.0983740016818047,2.70762737854738,90.6412201597734,8,8,2003,5,"2003-07-04","LT05",2
-0.258242636919022,0.53240692615509,0.258242636919022,0.684201419353485,0.879111182416172,-0.04711742325,-0.0935999974608421,-0.0932584032416344,2.40276885946298,91.692429154288,9,9,2003,5,"2003-07-04","LT05",2
-0.0547771379351616,0.292605042457581,0.0547771379351616,0.622043490409851,0.963900977384604,-0.095577726625,-0.0826999992132187,-0.112493000924587,9.18144193758311,88.4778213100947,10,10,2003,5,"2003-07-04","LT05",2
-0.1940548568964,0.504207968711853,0.1940548568964,0.654311537742615,0.871983435670427,-0.056166796,-0.0888999998569489,-0.0888196974992752,1.58222089522678,92.3915414763885,11,11,2003,5,"2003-07-04","LT05",2
-0.203100562095642,0.444941580295563,0.203100562095642,0.707647502422333,0.788869706509597,-0.07235335925,-0.0737000033259392,-0.0730312019586563,1.3616191353309,92.5614495204142,12,12,2003,5,"2003-07-04","LT05",2
-0.19422410428524,0.467385977506638,0.19422410428524,0.65120255947113,0.875927812545481,-0.057345908,-0.0824000015854836,-0.117417998611927,11.578429154288,86.7801906400317,13,13,2003,5,"2003-07-04","LT05",2
-0.219038084149361,0.527711033821106,0.219038084149361,0.707049667835236,0.74102999434069,-0.05176368025,-0.0819000005722046,-0.118724003434181,12.2775414763885,86.7627074102368,14,14,2003,5,"2003-07-04","LT05",2
-0.279697060585022,0.568518400192261,0.279697060585022,0.724620342254639,0.746629005682773,-0.051500300375,0.0333999991416931,0.0332639999687672,0.622957484084543,97.850410957203,15,15,2003,5,"2003-07-04","LT05",2
-0.228269770741463,0.530398011207581,0.228269770741463,0.714962124824524,0.786509172395457,-0.055807872875,-0.115199998021126,-0.115543000400066,8.94947148798914,88.3551928019693,16,16,2003,5,"2003-07-04","LT05",2
-0.158396318554878,0.480483621358871,0.158396318554878,0.701825857162476,0.865949352038996,-0.0937399635,-0.0780000016093254,-0.140134006738663,34.6738155584882,81.2893700172594,17,17,2003,5,"2003-07-04","LT05",2
-0.223489433526993,0.517240524291992,0.223489433526993,0.720293819904327,0.787031073901143,-0.055856451625,-0.109999999403954,-0.130511999130249,26.7821906400317,82.516768859463,18,18,2003,5,"2003-07-04","LT05",2
-0.1943169683218,0.441134810447693,0.1943169683218,0.678268551826477,0.781321510297483,-0.060330296,-0.115800000727177,-0.15599699318409,42.2896190094521,80.3480178591308,19,19,2003,5,"2003-07-04","LT05",2
-0.220500752329826,0.457003712654114,0.220500752329826,0.673516750335693,0.884920310584389,-0.05470455775,-0.114600002765656,-0.139293998479843,32.1352144081669,81.4756191353309,20,20,2003,5,"2003-07-04","LT05",2
-0.293007642030716,0.582157611846924,0.293007642030716,0.709802329540253,0.947055762726563,-0.045393924,-0.0790999978780746,-0.133031994104385,27.0580121075243,82.4046190094521,21,21,2003,5,"2003-07-04","LT05",2
-0.215239718556404,0.472977817058563,0.215239718556404,0.690231025218964,0.875326939843069,-0.065037845,-0.109099999070167,-0.138340994715691,29.5966132578456,81.6962208952268,22,22,2003,5,"2003-07-04","LT05",2
-0.264708936214447,0.535188913345337,0.264708936214447,0.693240880966187,0.791347534705601,-0.05752542525,-0.0808999985456467,-0.128451004624367,15.6960379933792,83.0254167088095,23,23,2003,5,"2003-07-04","LT05",2
-0.120617121458054,0.417209982872009,0.120617121458054,0.652098655700684,0.863135873155693,-0.09440674225,-0.0795999988913536,-0.120993003249168,12.4474495204142,86.4397252412076,24,24,2003,5,"2003-07-04","LT05",2
-0.300511211156845,0.586022853851318,0.300511211156845,0.71164608001709,0.735812683240291,-0.035981885375,-0.0807999968528748,-0.117039002478123,10.4631284723991,87.0560121075243,25,25,2003,5,"2003-07-04","LT05",2
-0.278894364833832,0.535161435604095,0.278894364833832,0.72038334608078,0.837821625887925,-0.064547207875,-0.107600003480911,-0.166336998343468,47.3668213100947,75.4096132578456,26,26,2003,5,"2003-07-04","LT05",2
-0.254948437213898,0.558673083782196,0.254948437213898,0.715393543243408,0.784285959491932,-0.04417450525,-0.10589999705553,-0.163434997200966,44.8282201597734,77.9482144081669,27,27,2003,5,"2003-07-04","LT05",2
-0.187447503209114,0.460786134004593,0.187447503209114,0.6740802526474,0.886150189749684,-0.06281830075,-0.0531000010669231,-0.0529821999371052,1.17537001725943,95.2830379933792,28,28,2003,5,"2003-07-04","LT05",2
-0.378048926591873,0.635187268257141,0.378048926591873,0.734429597854614,0.881859205776173,-0.031851604,-0.0895000025629997,-0.152827993035317,39.7510178591308,80.6718155584882,2,2,2003,6,"2003-07-20","LT05",2
-0.207844570279121,0.485279232263565,0.207844570279121,0.696846783161163,0.780476485148515,-0.05552349675,-0.0886000022292137,-0.151792004704475,37.2124167088095,80.7369574840845,3,3,2003,6,"2003-07-20","LT05",2
-0.244598776102066,0.533758223056793,0.244598776102066,0.686358392238617,0.864913619648928,-0.05614318175,-0.0859000012278557,-0.129688993096352,24.519410957203,82.8216273785474,4,4,2003,6,"2003-07-20","LT05",2
-0.33075612783432,0.624379813671112,0.33075612783432,0.715728044509888,0.684283620091042,-0.02941793925,-0.088699996471405,-0.104301996529102,4.79519411651529,90.5771284723991,7,7,2003,6,"2003-07-20","LT05",2
-0.389306455850601,0.691030204296112,0.389306455850601,0.704742431640625,0.897073462074457,-0.02031669325,-0.0854000002145767,-0.0983740016818047,2.70762737854738,90.6412201597734,8,8,2003,6,"2003-07-20","LT05",2
-0.278301775455475,0.525656342506409,0.278301775455475,0.723299264907837,0.762124892266708,-0.0483430625,-0.0935999974608421,-0.0932584032416344,2.40276885946298,91.692429154288,9,9,2003,6,"2003-07-20","LT05",2
-0.0767763555049896,0.344673842191696,0.0767763555049896,0.642261326313019,0.858625803262481,-0.0954280455,-0.0826999992132187,-0.112493000924587,9.18144193758311,88.4778213100947,10,10,2003,6,"2003-07-20","LT05",2
-0.234939575195312,0.45262148976326,0.234939575195312,0.665287554264069,0.984405765141371,-0.059905707,-0.0888999998569489,-0.0888196974992752,1.58222089522678,92.3915414763885,11,11,2003,6,"2003-07-20","LT05",2
-0.236019283533096,0.509444117546082,0.236019283533096,0.685005843639374,0.854435348211282,-0.07208417,-0.0737000033259392,-0.0730312019586563,1.3616191353309,92.5614495204142,12,12,2003,6,"2003-07-20","LT05",2
-0.276936829090118,0.574557065963745,0.276936829090118,0.696566462516785,0.886986301369863,-0.0411542655,-0.0819000005722046,-0.118724003434181,12.2775414763885,86.7627074102368,14,14,2003,6,"2003-07-20","LT05",2
-0.298208385705948,0.585738301277161,0.298208385705948,0.729252099990845,0.732784354091611,-0.046709832,0.0333999991416931,0.0332639999687672,0.622957484084543,97.850410957203,15,15,2003,6,"2003-07-20","LT05",2
-0.232158973813057,0.532308399677277,0.232158973813057,0.676440715789795,0.875658748949821,-0.05088991175,-0.115199998021126,-0.115543000400066,8.94947148798914,88.3551928019693,16,16,2003,6,"2003-07-20","LT05",2
-0.235983595252037,0.53433221578598,0.235983595252037,0.719870507717133,0.68525744013465,-0.0473755025,-0.109999999403954,-0.130511999130249,26.7821906400317,82.516768859463,18,18,2003,6,"2003-07-20","LT05",2
-0.249700769782066,0.525524914264679,0.249700769782066,0.691965997219086,0.876669847328244,-0.051069165,-0.115800000727177,-0.15599699318409,42.2896190094521,80.3480178591308,19,19,2003,6,"2003-07-20","LT05",2
-0.244941368699074,0.532308399677277,0.244941368699074,0.741589367389679,0.685861022488522,-0.05135929275,-0.0790999978780746,-0.133031994104385,27.0580121075243,82.4046190094521,21,21,2003,6,"2003-07-20","LT05",2
-0.211274906992912,0.525762915611267,0.211274906992912,0.65596330165863,0.885416666666667,-0.0438589125,-0.109099999070167,-0.138340994715691,29.5966132578456,81.6962208952268,22,22,2003,6,"2003-07-20","LT05",2
-0.194250240921974,0.513563871383667,0.194250240921974,0.686719298362732,0.879412222049448,-0.059687819,-0.0808999985456467,-0.128451004624367,15.6960379933792,83.0254167088095,23,23,2003,6,"2003-07-20","LT05",2
-0.0943792015314102,0.364942759275436,0.0943792015314102,0.658194363117218,0.868172070140028,-0.0954925275,-0.0795999988913536,-0.120993003249168,12.4474495204142,86.4397252412076,24,24,2003,6,"2003-07-20","LT05",2
-0.318075299263,0.514281988143921,0.318075299263,0.741457223892212,0.66929474961012,-0.03824616525,-0.0807999968528748,-0.117039002478123,10.4631284723991,87.0560121075243,25,25,2003,6,"2003-07-20","LT05",2
-0.241922095417976,0.519765138626099,0.241922095417976,0.71727180480957,0.792056520908917,-0.0665563895,-0.107600003480911,-0.166336998343468,47.3668213100947,75.4096132578456,26,26,2003,6,"2003-07-20","LT05",2
-0.269267827272415,0.54646098613739,0.269267827272415,0.672199666500092,0.885416666666667,-0.03943924725,-0.10589999705553,-0.163434997200966,44.8282201597734,77.9482144081669,27,27,2003,6,"2003-07-20","LT05",2
-0.208254128694534,0.474950700998306,0.208254128694534,0.691020667552948,-0.737266989578746,-0.07049725775,-0.0531000010669231,-0.0529821999371052,1.17537001725943,95.2830379933792,28,28,2003,6,"2003-07-20","LT05",2
-0.266086429357529,0.562529981136322,0.266086429357529,0.691339254379272,1.08188293257645,-0.043097235375,-0.100100003182888,-0.126315996050835,15.0241928019693,84.9091941165153,1,1,2003,7,"2003-08-05","LT05",2
-0.379662543535233,0.68462210893631,0.379662543535233,0.697924137115479,0.75115660631671,-0.02224755075,-0.0895000025629997,-0.152827993035317,39.7510178591308,80.6718155584882,2,2,2003,7,"2003-08-05","LT05",2
-0.253359138965607,0.581293523311615,0.253359138965607,0.676938891410828,0.740289925989357,-0.0458213785,-0.0886000022292137,-0.151792004704475,37.2124167088095,80.7369574840845,3,3,2003,7,"2003-08-05","LT05",2
-0.245840057730675,0.547744929790497,0.245840057730675,0.669660449028015,0.758036617603864,-0.045922670625,-0.0859000012278557,-0.129688993096352,24.519410957203,82.8216273785474,4,4,2003,7,"2003-08-05","LT05",2
-0.45415523648262,0.705569744110107,0.45415523648262,0.765587687492371,0.663134809491095,-0.027602272375,-0.090599998831749,-0.109407000243664,6.64870741023682,89.0634714879892,5,5,2003,7,"2003-08-05","LT05",2
-0.350739181041718,0.654522657394409,0.350739181041718,0.665042340755463,0.760581865908345,-0.022708652875,-0.0917999967932701,-0.107192002236843,6.32572524120759,89.2954419375831,6,6,2003,7,"2003-08-05","LT05",2
-0.33067113161087,0.614999949932098,0.33067113161087,0.723193824291229,0.736012838281421,-0.03618969875,-0.088699996471405,-0.104301996529102,4.79519411651529,90.5771284723991,7,7,2003,7,"2003-08-05","LT05",2
-0.434623748064041,0.711864650249481,0.434623748064041,0.762810111045837,0.872484689413823,-0.02001626125,-0.0854000002145767,-0.0983740016818047,2.70762737854738,90.6412201597734,8,8,2003,7,"2003-08-05","LT05",2
-0.296899080276489,0.602648317813873,0.296899080276489,0.6712446808815,0.705360278389681,-0.033654163,-0.0935999974608421,-0.0932584032416344,2.40276885946298,91.692429154288,9,9,2003,7,"2003-08-05","LT05",2
-0.12110174447298,0.384801119565964,0.12110174447298,0.577681541442871,0.946796078685971,-0.06809098575,-0.0826999992132187,-0.112493000924587,9.18144193758311,88.4778213100947,10,10,2003,7,"2003-08-05","LT05",2
-0.226313889026642,0.494579613208771,0.226313889026642,0.630317509174347,0.863492609144035,-0.049104085125,-0.0888999998569489,-0.0888196974992752,1.58222089522678,92.3915414763885,11,11,2003,7,"2003-08-05","LT05",2
-0.210838288068771,0.484707921743393,0.210838288068771,0.704893469810486,0.846243011045956,-0.07105387975,-0.0737000033259392,-0.0730312019586563,1.3616191353309,92.5614495204142,12,12,2003,7,"2003-08-05","LT05",2
-0.242649331688881,0.545981585979462,0.242649331688881,0.657272100448608,0.86741964827168,-0.043990537125,-0.0824000015854836,-0.117417998611927,11.578429154288,86.7801906400317,13,13,2003,7,"2003-08-05","LT05",2
-0.266341984272003,0.590533137321472,0.266341984272003,0.687634646892548,0.847926267281106,-0.0460809345,-0.0819000005722046,-0.118724003434181,12.2775414763885,86.7627074102368,14,14,2003,7,"2003-08-05","LT05",2
-0.293760269880295,0.568383514881134,0.293760269880295,0.692060887813568,0.657352541451482,-0.0435778185,0.0333999991416931,0.0332639999687672,0.622957484084543,97.850410957203,15,15,2003,7,"2003-08-05","LT05",2
-0.296147912740707,0.590761005878448,0.296147912740707,0.740434408187866,0.630554103502353,-0.0435912055,-0.115199998021126,-0.115543000400066,8.94947148798914,88.3551928019693,16,16,2003,7,"2003-08-05","LT05",2
-0.260776877403259,0.561408281326294,0.260776877403259,0.713621914386749,0.768883813873822,-0.062833347375,-0.0780000016093254,-0.140134006738663,34.6738155584882,81.2893700172594,17,17,2003,7,"2003-08-05","LT05",2
-0.293722838163376,0.568256616592407,0.293722838163376,0.709504127502441,1.00983020554066,-0.048117601,-0.109999999403954,-0.130511999130249,26.7821906400317,82.516768859463,18,18,2003,7,"2003-08-05","LT05",2
-0.258277058601379,0.532199859619141,0.258277058601379,0.66305685043335,0.75587816483173,-0.04115894875,-0.115800000727177,-0.15599699318409,42.2896190094521,80.3480178591308,19,19,2003,7,"2003-08-05","LT05",2
-0.236952647566795,0.504380285739899,0.236952647566795,0.630459129810333,0.712197133071166,-0.039937097625,-0.114600002765656,-0.139293998479843,32.1352144081669,81.4756191353309,20,20,2003,7,"2003-08-05","LT05",2
-0.323519736528397,0.665742635726929,0.323519736528397,0.668735861778259,0.849072404019582,-0.03270792925,-0.0790999978780746,-0.133031994104385,27.0580121075243,82.4046190094521,21,21,2003,7,"2003-08-05","LT05",2
-0.287488728761673,0.5280522108078,0.287488728761673,0.639216363430023,0.844047387842299,-0.0412478205,-0.109099999070167,-0.138340994715691,29.5966132578456,81.6962208952268,22,22,2003,7,"2003-08-05","LT05",2
-0.261588394641876,0.55617082118988,0.261588394641876,0.748191833496094,0.56901710608028,-0.0548751705,-0.0808999985456467,-0.128451004624367,15.6960379933792,83.0254167088095,23,23,2003,7,"2003-08-05","LT05",2
-0.164680019021034,0.459479808807373,0.164680019021034,0.627701818943024,0.838227033651637,-0.07585045175,-0.0795999988913536,-0.120993003249168,12.4474495204142,86.4397252412076,24,24,2003,7,"2003-08-05","LT05",2
-0.34334397315979,0.623644828796387,0.34334397315979,0.753121078014374,0.607024917442209,-0.03150401775,-0.0807999968528748,-0.117039002478123,10.4631284723991,87.0560121075243,25,25,2003,7,"2003-08-05","LT05",2
-0.36932310461998,0.617708683013916,0.36932310461998,0.724197089672089,0.758304399647614,-0.0463422615,-0.107600003480911,-0.166336998343468,47.3668213100947,75.4096132578456,26,26,2003,7,"2003-08-05","LT05",2
-0.321450889110565,0.561504065990448,0.321450889110565,0.717640936374664,0.730861603122186,-0.0386514465,-0.10589999705553,-0.163434997200966,44.8282201597734,77.9482144081669,27,27,2003,7,"2003-08-05","LT05",2
-0.22387720644474,0.528072893619537,0.22387720644474,0.662179887294769,0.750829424550967,-0.05455128375,-0.0531000010669231,-0.0529821999371052,1.17537001725943,95.2830379933792,28,28,2003,7,"2003-08-05","LT05",2
-0.272118091583252,0.570526361465454,0.272118091583252,0.653014123439789,0.916540875506475,-0.038639719125,-0.100100003182888,-0.126315996050835,15.0241928019693,84.9091941165153,1,1,2003,8,"2003-08-21","LT05",2
-0.37935882806778,0.671462535858154,0.37935882806778,0.749346196651459,0.670502916600977,-0.026013974125,-0.0895000025629997,-0.152827993035317,39.7510178591308,80.6718155584882,2,2,2003,8,"2003-08-21","LT05",2
-0.296542137861252,0.601872086524963,0.296542137861252,0.716796815395355,0.863628255440599,-0.03945328875,-0.0886000022292137,-0.151792004704475,37.2124167088095,80.7369574840845,3,3,2003,8,"2003-08-21","LT05",2
-0.249670788645744,0.565769791603088,0.249670788645744,0.661077916622162,0.971323616542245,-0.046513065375,-0.0859000012278557,-0.129688993096352,24.519410957203,82.8216273785474,4,4,2003,8,"2003-08-21","LT05",2
-0.451060056686401,0.712253928184509,0.451060056686401,0.802404344081879,0.748121092926881,-0.03260108075,-0.090599998831749,-0.109407000243664,6.64870741023682,89.0634714879892,5,5,2003,8,"2003-08-21","LT05",2
-0.316269338130951,0.602412402629852,0.316269338130951,0.743392050266266,0.599722751689481,-0.028964539875,-0.0917999967932701,-0.107192002236843,6.32572524120759,89.2954419375831,6,6,2003,8,"2003-08-21","LT05",2
-0.31400403380394,0.601573050022125,0.31400403380394,0.759918391704559,0.727074434245206,-0.03882870325,-0.088699996471405,-0.104301996529102,4.79519411651529,90.5771284723991,7,7,2003,8,"2003-08-21","LT05",2
-0.423135548830032,0.644468665122986,0.423135548830032,0.769107520580292,0.585685571965393,-0.0206836505,-0.0854000002145767,-0.0983740016818047,2.70762737854738,90.6412201597734,8,8,2003,8,"2003-08-21","LT05",2
-0.293396592140198,0.600541234016418,0.293396592140198,0.66468346118927,0.783092934088004,-0.032771862625,-0.0935999974608421,-0.0932584032416344,2.40276885946298,91.692429154288,9,9,2003,8,"2003-08-21","LT05",2
-0.137592121958733,0.394930899143219,0.137592121958733,0.594253897666931,0.944708393582593,-0.065026673125,-0.0826999992132187,-0.112493000924587,9.18144193758311,88.4778213100947,10,10,2003,8,"2003-08-21","LT05",2
-0.222207427024841,0.499135494232178,0.222207427024841,0.672034323215485,0.909240159966323,-0.0509300755,-0.0888999998569489,-0.0888196974992752,1.58222089522678,92.3915414763885,11,11,2003,8,"2003-08-21","LT05",2
-0.199331551790237,0.497144728899002,0.199331551790237,0.668948829174042,0.978872157344807,-0.06327166025,-0.0737000033259392,-0.0730312019586563,1.3616191353309,92.5614495204142,12,12,2003,8,"2003-08-21","LT05",2
-0.263073056936264,0.534416675567627,0.263073056936264,0.675536572933197,0.738769123783032,-0.0419292155,-0.0824000015854836,-0.117417998611927,11.578429154288,86.7801906400317,13,13,2003,8,"2003-08-21","LT05",2
-0.276528865098953,0.506605088710785,0.276528865098953,0.724616587162018,0.736020112753314,-0.04985611525,-0.0819000005722046,-0.118724003434181,12.2775414763885,86.7627074102368,14,14,2003,8,"2003-08-21","LT05",2
-0.30011773109436,0.553907096385956,0.30011773109436,0.748029053211212,0.719185893499429,-0.0418464405,0.0333999991416931,0.0332639999687672,0.622957484084543,97.850410957203,15,15,2003,8,"2003-08-21","LT05",2
-0.276573300361633,0.611265778541565,0.276573300361633,0.762074768543243,0.726811465194944,-0.04411269625,-0.115199998021126,-0.115543000400066,8.94947148798914,88.3551928019693,16,16,2003,8,"2003-08-21","LT05",2
-0.304520428180695,0.547512173652649,0.304520428180695,0.62554395198822,0.93847874720358,-0.028008788375,-0.0780000016093254,-0.140134006738663,34.6738155584882,81.2893700172594,17,17,2003,8,"2003-08-21","LT05",2
-0.28184762597084,0.591321647167206,0.28184762597084,0.708172976970673,0.738135077578338,-0.0392672815,-0.109999999403954,-0.130511999130249,26.7821906400317,82.516768859463,18,18,2003,8,"2003-08-21","LT05",2
-0.239860221743584,0.541208148002625,0.239860221743584,0.808008849620819,0.41608687649549,-0.0466448935,-0.115800000727177,-0.15599699318409,42.2896190094521,80.3480178591308,19,19,2003,8,"2003-08-21","LT05",2
-0.263671815395355,0.58303713798523,0.263671815395355,0.638774335384369,0.800175965220992,-0.023576272375,-0.114600002765656,-0.139293998479843,32.1352144081669,81.4756191353309,20,20,2003,8,"2003-08-21","LT05",2
-0.318078428506851,0.630967617034912,0.318078428506851,0.713225662708282,0.741691371508816,-0.03268117175,-0.0790999978780746,-0.133031994104385,27.0580121075243,82.4046190094521,21,21,2003,8,"2003-08-21","LT05",2
-0.321107774972916,0.575215697288513,0.321107774972916,0.61665678024292,0.858727866859184,-0.0263785485,-0.109099999070167,-0.138340994715691,29.5966132578456,81.6962208952268,22,22,2003,8,"2003-08-21","LT05",2
-0.315828323364258,0.673828363418579,0.315828323364258,0.747753977775574,0.741277258566979,-0.03727885275,-0.0808999985456467,-0.128451004624367,15.6960379933792,83.0254167088095,23,23,2003,8,"2003-08-21","LT05",2
-0.159933507442474,0.422542959451675,0.159933507442474,0.612979769706726,1.07392071680695,-0.075383444,-0.0795999988913536,-0.120993003249168,12.4474495204142,86.4397252412076,24,24,2003,8,"2003-08-21","LT05",2
-0.408102869987488,0.633561074733734,0.408102869987488,0.765270292758942,0.711998268960295,-0.022410161,-0.0807999968528748,-0.117039002478123,10.4631284723991,87.0560121075243,25,25,2003,8,"2003-08-21","LT05",2
-0.356932163238525,0.631963133811951,0.356932163238525,0.750530481338501,0.99649820931158,-0.0493786905,-0.107600003480911,-0.166336998343468,47.3668213100947,75.4096132578456,26,26,2003,8,"2003-08-21","LT05",2
-0.362667322158813,0.621031820774078,0.362667322158813,0.742562353610992,0.617660480681472,-0.02832377475,-0.10589999705553,-0.163434997200966,44.8282201597734,77.9482144081669,27,27,2003,8,"2003-08-21","LT05",2
-0.231493309140205,0.580396056175232,0.231493309140205,0.705876886844635,0.742301966622267,-0.04448242825,-0.0531000010669231,-0.0529821999371052,1.17537001725943,95.2830379933792,28,28,2003,8,"2003-08-21","LT05",2
-0.339230835437775,0.746499538421631,0.339230835437775,0.696283996105194,1.05297845373891,-0.01983562475,-0.100100003182888,-0.126315996050835,15.0241928019693,84.9091941165153,1,1,2003,9,"2003-09-06","LT05",2
-0.413733661174774,0.717324256896973,0.413733661174774,0.726719617843628,0.836921202274573,-0.017321011,-0.0895000025629997,-0.152827993035317,39.7510178591308,80.6718155584882,2,2,2003,9,"2003-09-06","LT05",2
-0.320751368999481,0.618338644504547,0.320751368999481,0.725096523761749,0.693729096989966,-0.03076194125,-0.0886000022292137,-0.151792004704475,37.2124167088095,80.7369574840845,3,3,2003,9,"2003-09-06","LT05",2
-0.275237262248993,0.629178881645203,0.275237262248993,0.689513146877289,0.831223274922445,-0.03523038325,-0.0859000012278557,-0.129688993096352,24.519410957203,82.8216273785474,4,4,2003,9,"2003-09-06","LT05",2
-0.431081533432007,0.707720041275024,0.431081533432007,0.813180506229401,0.718222554144884,-0.0354219675,-0.090599998831749,-0.109407000243664,6.64870741023682,89.0634714879892,5,5,2003,9,"2003-09-06","LT05",2
-0.354748457670212,0.727447748184204,0.354748457670212,0.786389470100403,0.638756580596641,-0.019425399,-0.0917999967932701,-0.107192002236843,6.32572524120759,89.2954419375831,6,6,2003,9,"2003-09-06","LT05",2
-0.342765748500824,0.666133224964142,0.342765748500824,0.771210789680481,0.558100929614873,-0.02674276675,-0.088699996471405,-0.104301996529102,4.79519411651529,90.5771284723991,7,7,2003,9,"2003-09-06","LT05",2
-0.342765748500824,0.61855012178421,0.342765748500824,0.723789632320404,0.835771543086172,-0.02926383475,-0.0854000002145767,-0.0983740016818047,2.70762737854738,90.6412201597734,8,8,2003,9,"2003-09-06","LT05",2
-0.339230835437775,0.581492841243744,0.339230835437775,0.750485718250275,0.670111448834853,-0.0287814545,-0.0935999974608421,-0.0932584032416344,2.40276885946298,91.692429154288,9,9,2003,9,"2003-09-06","LT05",2
-0.184219300746918,0.45490837097168,0.184219300746918,0.623044431209564,1.00334346504559,-0.04431989775,-0.0826999992132187,-0.112493000924587,9.18144193758311,88.4778213100947,10,10,2003,9,"2003-09-06","LT05",2
-0.241511538624763,0.517079830169678,0.241511538624763,0.717223584651947,0.835422563687828,-0.044682015,-0.0888999998569489,-0.0888196974992752,1.58222089522678,92.3915414763885,11,11,2003,9,"2003-09-06","LT05",2
-0.287447035312653,0.528051257133484,0.287447035312653,0.7069291472435,0.830457363042385,-0.04432611,-0.0737000033259392,-0.0730312019586563,1.3616191353309,92.5614495204142,12,12,2003,9,"2003-09-06","LT05",2
-0.291068434715271,0.533207774162292,0.291068434715271,0.695602118968964,0.835590330023072,-0.0344524935,-0.0824000015854836,-0.117417998611927,11.578429154288,86.7801906400317,13,13,2003,9,"2003-09-06","LT05",2
-0.278823018074036,0.66619199514389,0.278823018074036,0.724467992782593,0.835408716609761,-0.0332501165,-0.0819000005722046,-0.118724003434181,12.2775414763885,86.7627074102368,14,14,2003,9,"2003-09-06","LT05",2
-0.251794964075089,0.50217604637146,0.251794964075089,0.730208039283752,0.669722921914358,-0.03736572525,0.0333999991416931,0.0332639999687672,0.622957484084543,97.850410957203,15,15,2003,9,"2003-09-06","LT05",2
-0.299345880746841,0.57301539182663,0.299345880746841,0.722797870635986,0.835395051875499,-0.0366883535,-0.115199998021126,-0.115543000400066,8.94947148798914,88.3551928019693,16,16,2003,9,"2003-09-06","LT05",2
-0.320466488599777,0.577000498771667,0.320466488599777,0.713229596614838,0.710650128314799,-0.03735376,-0.0780000016093254,-0.140134006738663,34.6738155584882,81.2893700172594,17,17,2003,9,"2003-09-06","LT05",2
-0.349483489990234,0.655708491802216,0.349483489990234,0.713568329811096,0.835575485799701,-0.02485862075,-0.109999999403954,-0.130511999130249,26.7821906400317,82.516768859463,18,18,2003,9,"2003-09-06","LT05",2
-0.30118128657341,0.552734613418579,0.30118128657341,0.674509942531586,0.836716146622235,-0.0289673545,-0.115800000727177,-0.15599699318409,42.2896190094521,80.3480178591308,19,19,2003,9,"2003-09-06","LT05",2
-0.266955584287643,0.541625440120697,0.266955584287643,0.677440941333771,0.84209212333042,-0.0267881665,-0.114600002765656,-0.139293998479843,32.1352144081669,81.4756191353309,20,20,2003,9,"2003-09-06","LT05",2
-0.346621870994568,0.67688798904419,0.346621870994568,0.685624420642853,0.840628166160081,-0.0204325315,-0.0790999978780746,-0.133031994104385,27.0580121075243,82.4046190094521,21,21,2003,9,"2003-09-06","LT05",2
-0.255017936229706,0.485008120536804,0.255017936229706,0.555491924285889,1.16131284916201,-0.0318184885,-0.109099999070167,-0.138340994715691,29.5966132578456,81.6962208952268,22,22,2003,9,"2003-09-06","LT05",2
-0.310492217540741,0.639303803443909,0.310492217540741,0.74083662033081,0.695288308645074,-0.0336721535,-0.0808999985456467,-0.128451004624367,15.6960379933792,83.0254167088095,23,23,2003,9,"2003-09-06","LT05",2
-0.216741904616356,0.456556588411331,0.216741904616356,0.667032778263092,0.829672308246309,-0.05648813625,-0.0795999988913536,-0.120993003249168,12.4474495204142,86.4397252412076,24,24,2003,9,"2003-09-06","LT05",2
-0.383040189743042,0.727447748184204,0.383040189743042,0.67154985666275,1.04819126298661,-0.0147632855,-0.0807999968528748,-0.117039002478123,10.4631284723991,87.0560121075243,25,25,2003,9,"2003-09-06","LT05",2
-0.439845710992813,0.67428869009018,0.439845710992813,0.755802392959595,0.833102341527464,-0.02966060475,-0.107600003480911,-0.166336998343468,47.3668213100947,75.4096132578456,26,26,2003,9,"2003-09-06","LT05",2
-0.346615225076675,0.677021920681,0.346615225076675,0.682950794696808,1.048125,-0.021137142,-0.10589999705553,-0.163434997200966,44.8282201597734,77.9482144081669,27,27,2003,9,"2003-09-06","LT05",2
-0.25143226981163,0.55277693271637,0.25143226981163,0.73080050945282,0.558035714285715,-0.03343618975,-0.0531000010669231,-0.0529821999371052,1.17537001725943,95.2830379933792,28,28,2003,9,"2003-09-06","LT05",2
-0.389649569988251,0.607302606105804,0.389649569988251,0.490238189697266,0.984404536862004,-0.0178240795,-0.0895000025629997,-0.152827993035317,39.7510178591308,80.6718155584882,2,2,2005,1,"2005-05-01","LT05",2
-0.773584723472595,0.873648762702942,0.773584723472595,0.973189890384674,1.50371493555724,0.033357485,-0.090599998831749,-0.109407000243664,6.64870741023682,89.0634714879892,5,5,2005,1,"2005-05-01","LT05",2
-0.279457420110703,0.537558257579803,0.279457420110703,-0.17567004263401,5.14796497486622,0.0102760805,-0.0917999967932701,-0.107192002236843,6.32572524120759,89.2954419375831,6,6,2005,1,"2005-05-01","LT05",2
-0.400024920701981,0.582961082458496,0.400024920701981,0.454665541648865,1.04418327878608,-0.01357901175,-0.088699996471405,-0.104301996529102,4.79519411651529,90.5771284723991,7,7,2005,1,"2005-05-01","LT05",2
-0.37565952539444,0.558583199977875,0.37565952539444,0.394656985998154,0.988035582488444,-0.012986487125,-0.0854000002145767,-0.0983740016818047,2.70762737854738,90.6412201597734,8,8,2005,1,"2005-05-01","LT05",2
-0.207608267664909,0.446048736572266,0.207608267664909,0.40763321518898,1.01948759880076,-0.0399585325,-0.0826999992132187,-0.112493000924587,9.18144193758311,88.4778213100947,10,10,2005,1,"2005-05-01","LT05",2
-0.0856706574559212,0.343377590179443,0.0856706574559212,0.536245226860046,1.02955097863631,-0.07388972925,-0.0737000033259392,-0.0730312019586563,1.3616191353309,92.5614495204142,12,12,2005,1,"2005-05-01","LT05",2
-0.315338939428329,0.591756761074066,0.315338939428329,0.395289212465286,0.837525538399705,-0.015037411,0.0333999991416931,0.0332639999687672,0.622957484084543,97.850410957203,15,15,2005,1,"2005-05-01","LT05",2
-0.377512842416763,0.605408906936646,0.377512842416763,0.33874300122261,1.01355818253123,-0.00623641687500001,-0.115199998021126,-0.115543000400066,8.94947148798914,88.3551928019693,16,16,2005,1,"2005-05-01","LT05",2
-0.445608079433441,0.656588971614838,0.445608079433441,0.291054397821426,0.964730605082433,0.01468041175,-0.109999999403954,-0.130511999130249,26.7821906400317,82.516768859463,18,18,2005,1,"2005-05-01","LT05",2
-0.268346786499023,0.51285058259964,0.268346786499023,0.518373250961304,0.944671282324398,-0.032361773,-0.0790999978780746,-0.133031994104385,27.0580121075243,82.4046190094521,21,21,2005,1,"2005-05-01","LT05",2
-0.691685616970062,0.77083146572113,0.691685616970062,0.0434272736310959,0.859755261163051,0.15723548925,-0.109099999070167,-0.138340994715691,29.5966132578456,81.6962208952268,22,22,2005,1,"2005-05-01","LT05",2
-0.262744903564453,0.456427901983261,0.262744903564453,0.374333649873734,0.985367151472153,-0.04035479925,-0.0808999985456467,-0.128451004624367,15.6960379933792,83.0254167088095,23,23,2005,1,"2005-05-01","LT05",2
-0.166921705007553,0.414278388023376,0.166921705007553,0.393111318349838,1.05494360093943,-0.064205827,-0.0795999988913536,-0.120993003249168,12.4474495204142,86.4397252412076,24,24,2005,1,"2005-05-01","LT05",2
-0.282674580812454,0.497528880834579,0.282674580812454,0.591529309749603,0.888705256368913,-0.06062359175,-0.107600003480911,-0.166336998343468,47.3668213100947,75.4096132578456,26,26,2005,1,"2005-05-01","LT05",2
-0.38942950963974,0.574028253555298,0.38942950963974,0.320872217416763,1.00293231679684,-0.00530128350000003,-0.10589999705553,-0.163434997200966,44.8282201597734,77.9482144081669,27,27,2005,1,"2005-05-01","LT05",2
-0.15089713037014,0.397856116294861,0.15089713037014,0.467599630355835,1.2533527696793,-0.05096838575,-0.0531000010669231,-0.0529821999371052,1.17537001725943,95.2830379933792,28,28,2005,1,"2005-05-01","LT05",2
-0.100195623934269,0.389354228973389,0.100195623934269,0.598123371601105,1.15539103055059,-0.07269044325,-0.0886000022292137,-0.151792004704475,37.2124167088095,80.7369574840845,3,3,2005,2,"2005-05-17","LT05",2
-0.243494093418121,0.502797365188599,0.243494093418121,0.606719195842743,1.16567690851192,-0.04619588175,-0.088699996471405,-0.104301996529102,4.79519411651529,90.5771284723991,7,7,2005,2,"2005-05-17","LT05",2
-0.243834748864174,0.502945899963379,0.243834748864174,0.627370297908783,0.938888888888889,-0.0458226325,-0.0854000002145767,-0.0983740016818047,2.70762737854738,90.6412201597734,8,8,2005,2,"2005-05-17","LT05",2
-0.0365131758153439,0.287115633487701,0.0365131758153439,0.534441530704498,0.993156650491477,-0.0853669615,-0.0826999992132187,-0.112493000924587,9.18144193758311,88.4778213100947,10,10,2005,2,"2005-05-17","LT05",2
-0.0843350514769554,0.364679574966431,0.0843350514769554,0.61382919549942,0.932089449855947,-0.0807283605,-0.0737000033259392,-0.0730312019586563,1.3616191353309,92.5614495204142,12,12,2005,2,"2005-05-17","LT05",2
-0.168687790632248,0.449561446905136,0.168687790632248,0.580170094966888,1.0144127991173,-0.05768802725,-0.0819000005722046,-0.118724003434181,12.2775414763885,86.7627074102368,14,14,2005,2,"2005-05-17","LT05",2
-0.0874306187033653,0.308858841657639,0.0874306187033653,0.55989146232605,0.92020584041168,-0.07607563,0.0333999991416931,0.0332639999687672,0.622957484084543,97.850410957203,15,15,2005,2,"2005-05-17","LT05",2
-0.146660730242729,0.410639673471451,0.146660730242729,0.558364152908325,1.08946726311509,-0.06476910125,-0.115199998021126,-0.115543000400066,8.94947148798914,88.3551928019693,16,16,2005,2,"2005-05-17","LT05",2
-0.144615516066551,0.389512181282043,0.144615516066551,0.593900501728058,1.03137196037226,-0.06512263575,-0.109999999403954,-0.130511999130249,26.7821906400317,82.516768859463,18,18,2005,2,"2005-05-17","LT05",2
-0.141864955425262,0.391584783792496,0.141864955425262,0.554724454879761,1.02305435238228,-0.05990671625,-0.0790999978780746,-0.133031994104385,27.0580121075243,82.4046190094521,21,21,2005,2,"2005-05-17","LT05",2
-0.204921334981918,0.475900888442993,0.204921334981918,0.62883049249649,0.943222621184919,-0.05288852375,-0.0807999968528748,-0.117039002478123,10.4631284723991,87.0560121075243,25,25,2005,2,"2005-05-17","LT05",2
-0.200925201177597,0.475941628217697,0.200925201177597,0.659467458724976,1.03212479521333,-0.0710427175,-0.107600003480911,-0.166336998343468,47.3668213100947,75.4096132578456,26,26,2005,2,"2005-05-17","LT05",2
-0.155529171228409,0.403316676616669,0.155529171228409,0.585409998893738,1.03137196037226,-0.06048411175,-0.10589999705553,-0.163434997200966,44.8282201597734,77.9482144081669,27,27,2005,2,"2005-05-17","LT05",2
-0.123093485832214,0.376289486885071,0.123093485832214,0.58151376247406,0.932691694818025,-0.06972633925,-0.0531000010669231,-0.0529821999371052,1.17537001725943,95.2830379933792,28,28,2005,2,"2005-05-17","LT05",2
-0.315181106328964,0.583515048027039,0.315181106328964,0.613078773021698,0.924554183813443,-0.0360599565,-0.115199998021126,-0.115543000400066,8.94947148798914,88.3551928019693,16,16,2005,3,"2005-06-02","LT05",2
-0.316835284233093,0.586465656757355,0.316835284233093,0.64038473367691,0.711004960499724,-0.038265748,-0.109999999403954,-0.130511999130249,26.7821906400317,82.516768859463,18,18,2005,3,"2005-06-02","LT05",2
-0.227468311786652,0.539081692695618,0.227468311786652,0.663428604602814,0.880995038588754,-0.0536461625,-0.100100003182888,-0.126315996050835,15.0241928019693,84.9091941165153,1,1,2005,5,"2005-07-04","LT05",1
-0.291840016841888,0.557639479637146,0.291840016841888,0.679669439792633,0.880059746079163,-0.04329967525,-0.0895000025629997,-0.152827993035317,39.7510178591308,80.6718155584882,2,2,2005,5,"2005-07-04","LT05",1
-0.225668773055077,0.505104601383209,0.225668773055077,0.647817552089691,0.871627045384377,-0.05802509475,-0.0886000022292137,-0.151792004704475,37.2124167088095,80.7369574840845,3,3,2005,5,"2005-07-04","LT05",1
-0.214750543236732,0.505290627479553,0.214750543236732,0.672509133815765,0.875676773145642,-0.0613677225,-0.0859000012278557,-0.129688993096352,24.519410957203,82.8216273785474,4,4,2005,5,"2005-07-04","LT05",1
-0.3542560338974,0.597128331661224,0.3542560338974,0.716543853282928,0.88022592290672,-0.05183691275,-0.090599998831749,-0.109407000243664,6.64870741023682,89.0634714879892,5,5,2005,5,"2005-07-04","LT05",1
-0.325300127267838,0.569266438484192,0.325300127267838,0.69992345571518,0.799368939510544,-0.0369751235,-0.0917999967932701,-0.107192002236843,6.32572524120759,89.2954419375831,6,6,2005,5,"2005-07-04","LT05",1
-0.299097001552582,0.599955439567566,0.299097001552582,0.724971294403076,0.715655618094643,-0.04238246775,-0.088699996471405,-0.104301996529102,4.79519411651529,90.5771284723991,7,7,2005,5,"2005-07-04","LT05",1
-0.366193354129791,0.668842852115631,0.366193354129791,0.731270909309387,0.790945181180843,-0.028082399,-0.0854000002145767,-0.0983740016818047,2.70762737854738,90.6412201597734,8,8,2005,5,"2005-07-04","LT05",1
-0.243541583418846,0.569708287715912,0.243541583418846,0.665625393390656,0.880452582998362,-0.04565520975,-0.0935999974608421,-0.0932584032416344,2.40276885946298,91.692429154288,9,9,2005,5,"2005-07-04","LT05",1
-0.0786175802350044,0.3548823595047,0.0786175802350044,0.624008059501648,0.944341601875848,-0.0969945775,-0.0826999992132187,-0.112493000924587,9.18144193758311,88.4778213100947,10,10,2005,5,"2005-07-04","LT05",1
-0.205569490790367,0.446316450834274,0.205569490790367,0.645171403884888,0.874378610775225,-0.06062225525,-0.0888999998569489,-0.0888196974992752,1.58222089522678,92.3915414763885,11,11,2005,5,"2005-07-04","LT05",1
-0.201902270317078,0.527301728725433,0.201902270317078,0.661279737949371,0.866647694934548,-0.06844312875,-0.0737000033259392,-0.0730312019586563,1.3616191353309,92.5614495204142,12,12,2005,5,"2005-07-04","LT05",1
-0.217436045408249,0.470601141452789,0.217436045408249,0.680862605571747,0.799581151832461,-0.05846574375,-0.0824000015854836,-0.117417998611927,11.578429154288,86.7801906400317,13,13,2005,5,"2005-07-04","LT05",1
-0.260138332843781,0.554595768451691,0.260138332843781,0.674938201904297,0.880599065677383,-0.050711775,-0.0819000005722046,-0.118724003434181,12.2775414763885,86.7627074102368,14,14,2005,5,"2005-07-04","LT05",1
-0.267077744007111,0.526139676570892,0.267077744007111,0.694498121738434,0.735535908174344,-0.0620007725,0.0333999991416931,0.0332639999687672,0.622957484084543,97.850410957203,15,15,2005,5,"2005-07-04","LT05",1
-0.223731458187103,0.475329011678696,0.223731458187103,0.682165324687958,0.79976631203493,-0.06536515825,-0.115199998021126,-0.115543000400066,8.94947148798914,88.3551928019693,16,16,2005,5,"2005-07-04","LT05",1
-0.268876254558563,0.552235841751099,0.268876254558563,0.722121477127075,0.803975325565456,-0.07451225775,-0.0780000016093254,-0.140134006738663,34.6738155584882,81.2893700172594,17,17,2005,5,"2005-07-04","LT05",1
-0.259726732969284,0.529224932193756,0.259726732969284,0.670888006687164,0.88071031584655,-0.05246971525,-0.109999999403954,-0.130511999130249,26.7821906400317,82.516768859463,18,18,2005,5,"2005-07-04","LT05",1
-0.229530915617943,0.496144205331802,0.229530915617943,0.64734148979187,0.876798805321749,-0.0533362155,-0.115800000727177,-0.15599699318409,42.2896190094521,80.3480178591308,19,19,2005,5,"2005-07-04","LT05",1
-0.181954562664032,0.422163486480713,0.181954562664032,0.675991296768188,0.801100034376074,-0.06737410475,-0.114600002765656,-0.139293998479843,32.1352144081669,81.4756191353309,20,20,2005,5,"2005-07-04","LT05",1
-0.354766458272934,0.613347709178925,0.354766458272934,0.729762315750122,0.80297815551029,-0.04036070075,-0.0790999978780746,-0.133031994104385,27.0580121075243,82.4046190094521,21,21,2005,5,"2005-07-04","LT05",1
-0.292965024709702,0.567736923694611,0.292965024709702,0.745497047901154,0.799629515282494,-0.0656813065,-0.109099999070167,-0.138340994715691,29.5966132578456,81.6962208952268,22,22,2005,5,"2005-07-04","LT05",1
-0.261579543352127,0.549206912517548,0.261579543352127,0.736676216125488,0.724190866061149,-0.060567324,-0.0808999985456467,-0.128451004624367,15.6960379933792,83.0254167088095,23,23,2005,5,"2005-07-04","LT05",1
-0.183156624436378,0.473859816789627,0.183156624436378,0.687557697296143,0.875750088245676,-0.08541099725,-0.0795999988913536,-0.120993003249168,12.4474495204142,86.4397252412076,24,24,2005,5,"2005-07-04","LT05",1
-0.304550975561142,0.585089862346649,0.304550975561142,0.707659304141998,0.796066018539453,-0.0405720135,-0.0807999968528748,-0.117039002478123,10.4631284723991,87.0560121075243,25,25,2005,5,"2005-07-04","LT05",1
-0.348245561122894,0.536234319210052,0.348245561122894,0.738324582576752,0.740760899145485,-0.059566819,-0.107600003480911,-0.166336998343468,47.3668213100947,75.4096132578456,26,26,2005,5,"2005-07-04","LT05",1
-0.256059676408768,0.513542711734772,0.256059676408768,0.695612728595734,0.797388087868952,-0.04944782825,-0.10589999705553,-0.163434997200966,44.8282201597734,77.9482144081669,27,27,2005,5,"2005-07-04","LT05",1
-0.245386064052582,0.544307768344879,0.245386064052582,0.689785897731781,0.804096170970614,-0.056287422,-0.0531000010669231,-0.0529821999371052,1.17537001725943,95.2830379933792,28,28,2005,5,"2005-07-04","LT05",1
-0.239901185035706,0.565852165222168,0.239901185035706,0.66566413640976,0.868818218568926,-0.05042048675,-0.100100003182888,-0.126315996050835,15.0241928019693,84.9091941165153,1,1,2005,6,"2005-07-20","LT05",1
-0.193562969565392,0.490117341279984,0.193562969565392,0.657543003559113,0.861656236709399,-0.0674157315,-0.0886000022292137,-0.151792004704475,37.2124167088095,80.7369574840845,3,3,2005,6,"2005-07-20","LT05",1
-0.351997077465057,0.63799649477005,0.351997077465057,0.768785655498505,0.592441946457625,-0.032471751,-0.0854000002145767,-0.0983740016818047,2.70762737854738,90.6412201597734,8,8,2005,6,"2005-07-20","LT05",1
-0.218313083052635,0.513459503650665,0.218313083052635,0.676010370254517,0.785544460294817,-0.05358055575,-0.0824000015854836,-0.117417998611927,11.578429154288,86.7801906400317,13,13,2005,6,"2005-07-20","LT05",1
-0.237647756934166,0.529906153678894,0.237647756934166,0.704580664634705,0.783747391099442,-0.05786597975,-0.0819000005722046,-0.118724003434181,12.2775414763885,86.7627074102368,14,14,2005,6,"2005-07-20","LT05",1
-0.335906147956848,0.580915331840515,0.335906147956848,0.754240691661835,0.708136004857317,-0.052817274,0.0333999991416931,0.0332639999687672,0.622957484084543,97.850410957203,15,15,2005,6,"2005-07-20","LT05",1
-0.296649873256683,0.565805554389954,0.296649873256683,0.75325071811676,0.700060148365969,-0.05410619625,-0.115199998021126,-0.115543000400066,8.94947148798914,88.3551928019693,16,16,2005,6,"2005-07-20","LT05",1
-0.304161638021469,0.544789850711823,0.304161638021469,0.713810324668884,0.710614253599854,-0.0491736725,-0.109999999403954,-0.130511999130249,26.7821906400317,82.516768859463,18,18,2005,6,"2005-07-20","LT05",1
-0.216482549905777,0.51356828212738,0.216482549905777,0.692988693714142,0.874512158510957,-0.0596408765,-0.115800000727177,-0.15599699318409,42.2896190094521,80.3480178591308,19,19,2005,6,"2005-07-20","LT05",1
-0.272763848304749,0.595753848552704,0.272763848304749,0.737142622470856,0.788563190773667,-0.055946972,-0.0808999985456467,-0.128451004624367,15.6960379933792,83.0254167088095,23,23,2005,6,"2005-07-20","LT05",1
-0.329515933990479,0.621965110301971,0.329515933990479,0.749601423740387,0.776800811633412,-0.0387301295,-0.0807999968528748,-0.117039002478123,10.4631284723991,87.0560121075243,25,25,2005,6,"2005-07-20","LT05",1
-0.365846037864685,0.624941945075989,0.365846037864685,0.738629221916199,0.774364510746883,-0.0272669085,-0.10589999705553,-0.163434997200966,44.8282201597734,77.9482144081669,27,27,2005,6,"2005-07-20","LT05",1
-0.264435023069382,0.57637220621109,0.264435023069382,0.691275000572205,1.01034904506539,-0.044663447,-0.100100003182888,-0.126315996050835,15.0241928019693,84.9091941165153,1,1,2005,7,"2005-08-05","LT05",1
-0.325055450201035,0.6428142786026,0.325055450201035,0.761538445949554,0.654696359602268,-0.03446798425,-0.0895000025629997,-0.152827993035317,39.7510178591308,80.6718155584882,2,2,2005,7,"2005-08-05","LT05",1
-0.233907356858253,0.505980730056763,0.233907356858253,0.703208804130554,0.872806662893184,-0.05652225825,-0.0886000022292137,-0.151792004704475,37.2124167088095,80.7369574840845,3,3,2005,7,"2005-08-05","LT05",1
-0.24718976020813,0.563159823417664,0.24718976020813,0.705619215965271,0.873346398824106,-0.0504112165,-0.0859000012278557,-0.129688993096352,24.519410957203,82.8216273785474,4,4,2005,7,"2005-08-05","LT05",1
-0.343103975057602,0.661827087402344,0.343103975057602,0.776580095291138,0.698836905384213,-0.0465888595,-0.090599998831749,-0.109407000243664,6.64870741023682,89.0634714879892,5,5,2005,7,"2005-08-05","LT05",1
-0.320427417755127,0.617301642894745,0.320427417755127,0.775135695934296,0.635815635722897,-0.03409663525,-0.0917999967932701,-0.107192002236843,6.32572524120759,89.2954419375831,6,6,2005,7,"2005-08-05","LT05",1
-0.294027060270309,0.608796119689941,0.294027060270309,0.756791055202484,0.75826427041624,-0.0406798905,-0.088699996471405,-0.104301996529102,4.79519411651529,90.5771284723991,7,7,2005,7,"2005-08-05","LT05",1
-0.386060982942581,0.701162397861481,0.386060982942581,0.779499888420105,0.636648828197084,-0.02341999125,-0.0854000002145767,-0.0983740016818047,2.70762737854738,90.6412201597734,8,8,2005,7,"2005-08-05","LT05",1
-0.253850907087326,0.525789022445679,0.253850907087326,0.748591721057892,0.654172791115466,-0.04775705125,-0.0935999974608421,-0.0932584032416344,2.40276885946298,91.692429154288,9,9,2005,7,"2005-08-05","LT05",1
-0.108261257410049,0.383075058460236,0.108261257410049,0.647211790084839,0.867335077012497,-0.07530768425,-0.0826999992132187,-0.112493000924587,9.18144193758311,88.4778213100947,10,10,2005,7,"2005-08-05","LT05",1
-0.196726068854332,0.465241074562073,0.196726068854332,0.676482558250427,0.873912690025202,-0.0574116055,-0.0888999998569489,-0.0888196974992752,1.58222089522678,92.3915414763885,11,11,2005,7,"2005-08-05","LT05",1
-0.206528589129448,0.498669177293777,0.206528589129448,0.707737624645233,0.774099507644468,-0.06829246175,-0.0737000033259392,-0.0730312019586563,1.3616191353309,92.5614495204142,12,12,2005,7,"2005-08-05","LT05",1
-0.238883137702942,0.557867348194122,0.238883137702942,0.711323440074921,0.884090695267664,-0.04707642075,-0.0824000015854836,-0.117417998611927,11.578429154288,86.7801906400317,13,13,2005,7,"2005-08-05","LT05",1
-0.247161149978638,0.56303858757019,0.247161149978638,0.734688758850098,0.765390208434318,-0.0512641345,-0.0819000005722046,-0.118724003434181,12.2775414763885,86.7627074102368,14,14,2005,7,"2005-08-05","LT05",1
-0.28670608997345,0.608999967575073,0.28670608997345,0.763144195079803,0.677111331164238,-0.0501026335,0.0333999991416931,0.0332639999687672,0.622957484084543,97.850410957203,15,15,2005,7,"2005-08-05","LT05",1
-0.23400990664959,0.53395676612854,0.23400990664959,0.671263933181763,0.97965092897933,-0.05307430825,-0.115199998021126,-0.115543000400066,8.94947148798914,88.3551928019693,16,16,2005,7,"2005-08-05","LT05",1
-0.234181463718414,0.521791875362396,0.234181463718414,0.733301162719727,0.866016098012679,-0.07262859025,-0.0780000016093254,-0.140134006738663,34.6738155584882,81.2893700172594,17,17,2005,7,"2005-08-05","LT05",1
-0.250305563211441,0.545109450817108,0.250305563211441,0.721997797489166,0.764450169054902,-0.04885140825,-0.109999999403954,-0.130511999130249,26.7821906400317,82.516768859463,18,18,2005,7,"2005-08-05","LT05",1
-0.238883137702942,0.557867348194122,0.238883137702942,0.711034297943115,0.885125599774202,-0.047067024,-0.115800000727177,-0.15599699318409,42.2896190094521,80.3480178591308,19,19,2005,7,"2005-08-05","LT05",1
-0.240467458963394,0.547924041748047,0.240467458963394,0.701230347156525,0.764658569934851,-0.0448523445,-0.114600002765656,-0.139293998479843,32.1352144081669,81.4756191353309,20,20,2005,7,"2005-08-05","LT05",1
-0.320951700210571,0.616808652877808,0.320951700210571,0.729445457458496,0.885481148002251,-0.03736708375,-0.0790999978780746,-0.133031994104385,27.0580121075243,82.4046190094521,21,21,2005,7,"2005-08-05","LT05",1
-0.365061730146408,0.636848092079163,0.365061730146408,0.76410448551178,0.765074267362505,-0.03786998725,-0.109099999070167,-0.138340994715691,29.5966132578456,81.6962208952268,22,22,2005,7,"2005-08-05","LT05",1
-0.253753572702408,0.567487418651581,0.253753572702408,0.72785097360611,0.875366807955657,-0.05551989975,-0.0808999985456467,-0.128451004624367,15.6960379933792,83.0254167088095,23,23,2005,7,"2005-08-05","LT05",1
-0.154912382364273,0.446809768676758,0.154912382364273,0.689589560031891,0.863049929041414,-0.085348674,-0.0795999988913536,-0.120993003249168,12.4474495204142,86.4397252412076,24,24,2005,7,"2005-08-05","LT05",1
-0.320518612861633,0.654613792896271,0.320518612861633,0.774856150150299,0.635539102267469,-0.03182907875,-0.0807999968528748,-0.117039002478123,10.4631284723991,87.0560121075243,25,25,2005,7,"2005-08-05","LT05",1
-0.35154339671135,0.597899854183197,0.35154339671135,0.756665647029877,0.780042848795689,-0.052010941,-0.107600003480911,-0.166336998343468,47.3668213100947,75.4096132578456,26,26,2005,7,"2005-08-05","LT05",1
-0.271392852067947,0.582009732723236,0.271392852067947,0.73726350069046,0.758476931628682,-0.04072702275,-0.10589999705553,-0.163434997200966,44.8282201597734,77.9482144081669,27,27,2005,7,"2005-08-05","LT05",1
-0.221726149320602,0.496144205331802,0.221726149320602,0.696770310401917,0.877379983726607,-0.05731691475,-0.0531000010669231,-0.0529821999371052,1.17537001725943,95.2830379933792,28,28,2005,7,"2005-08-05","LT05",1
-0.305606693029404,0.606159090995789,0.305606693029404,0.728343069553375,0.755146929438677,-0.035241452,-0.100100003182888,-0.126315996050835,15.0241928019693,84.9091941165153,1,1,2005,8,"2005-08-21","LT05",1
-0.341129183769226,0.644452452659607,0.341129183769226,0.768732130527496,0.623300801673057,-0.030286623,-0.0895000025629997,-0.152827993035317,39.7510178591308,80.6718155584882,2,2,2005,8,"2005-08-21","LT05",1
-0.282696008682251,0.523961424827576,0.282696008682251,0.704121947288513,0.760688295936931,-0.044471508,-0.0886000022292137,-0.151792004704475,37.2124167088095,80.7369574840845,3,3,2005,8,"2005-08-21","LT05",1
-0.254581928253174,0.514168083667755,0.254581928253174,0.69955450296402,0.757174392935982,-0.04720234875,-0.0859000012278557,-0.129688993096352,24.519410957203,82.8216273785474,4,4,2005,8,"2005-08-21","LT05",1
-0.350434720516205,0.617929339408875,0.350434720516205,0.735295355319977,0.869362257156587,-0.0470747845,-0.090599998831749,-0.109407000243664,6.64870741023682,89.0634714879892,5,5,2005,8,"2005-08-21","LT05",1
-0.377252459526062,0.657014429569244,0.377252459526062,0.782027840614319,0.525289142068013,-0.02319303925,-0.0917999967932701,-0.107192002236843,6.32572524120759,89.2954419375831,6,6,2005,8,"2005-08-21","LT05",1
-0.36391744017601,0.634452104568481,0.36391744017601,0.753250002861023,0.642407519185996,-0.0269359515,-0.088699996471405,-0.104301996529102,4.79519411651529,90.5771284723991,7,7,2005,8,"2005-08-21","LT05",1
-0.371046870946884,0.666542410850525,0.371046870946884,0.74950236082077,0.899230487358007,-0.02520855,-0.0854000002145767,-0.0983740016818047,2.70762737854738,90.6412201597734,8,8,2005,8,"2005-08-21","LT05",1
-0.278591632843018,0.587263405323029,0.278591632843018,0.755407452583313,0.73680427192442,-0.0385208325,-0.0935999974608421,-0.0932584032416344,2.40276885946298,91.692429154288,9,9,2005,8,"2005-08-21","LT05",1
-0.092041939496994,0.384843319654465,0.092041939496994,0.694498240947723,0.756812773470484,-0.0779725635,-0.0826999992132187,-0.112493000924587,9.18144193758311,88.4778213100947,10,10,2005,8,"2005-08-21","LT05",1
-0.224695011973381,0.514168083667755,0.224695011973381,0.735006630420685,0.650370818828515,-0.05199358575,-0.0888999998569489,-0.0888196974992752,1.58222089522678,92.3915414763885,11,11,2005,8,"2005-08-21","LT05",1
-0.23387199640274,0.582999587059021,0.23387199640274,0.696398615837097,0.865791505791506,-0.05073444875,-0.0737000033259392,-0.0730312019586563,1.3616191353309,92.5614495204142,12,12,2005,8,"2005-08-21","LT05",1
-0.26063922047615,0.549535691738129,0.26063922047615,0.713795065879822,0.758081611022787,-0.04072863975,-0.0824000015854836,-0.117417998611927,11.578429154288,86.7801906400317,13,13,2005,8,"2005-08-21","LT05",1
-0.269748002290726,0.545891046524048,0.269748002290726,0.73229318857193,0.657577823221995,-0.04371059125,-0.0819000005722046,-0.118724003434181,12.2775414763885,86.7627074102368,14,14,2005,8,"2005-08-21","LT05",1
-0.298559248447418,0.660082101821899,0.298559248447418,0.702837646007538,0.870052599810296,-0.0339279475,0.0333999991416931,0.0332639999687672,0.622957484084543,97.850410957203,15,15,2005,8,"2005-08-21","LT05",1
-0.254099458456039,0.579582691192627,0.254099458456039,0.766894340515137,0.556758382198166,-0.04430427225,-0.115199998021126,-0.115543000400066,8.94947148798914,88.3551928019693,16,16,2005,8,"2005-08-21","LT05",1
-0.194074153900146,0.503261208534241,0.194074153900146,0.724907994270325,0.768072289156626,-0.065077225,-0.0780000016093254,-0.140134006738663,34.6738155584882,81.2893700172594,17,17,2005,8,"2005-08-21","LT05",1
-0.285190790891647,0.61469841003418,0.285190790891647,0.729085147380829,0.661500263336092,-0.037171721,-0.109999999403954,-0.130511999130249,26.7821906400317,82.516768859463,18,18,2005,8,"2005-08-21","LT05",1
-0.223539859056473,0.555971086025238,0.223539859056473,0.60734885931015,0.95041711517761,-0.045393297,-0.115800000727177,-0.15599699318409,42.2896190094521,80.3480178591308,19,19,2005,8,"2005-08-21","LT05",1
-0.248021751642227,0.526614308357239,0.248021751642227,0.690394341945648,0.761695149318142,-0.03983704575,-0.114600002765656,-0.139293998479843,32.1352144081669,81.4756191353309,20,20,2005,8,"2005-08-21","LT05",1
-0.326596111059189,0.595764875411987,0.326596111059189,0.752156972885132,0.646479481641468,-0.0331476735,-0.0790999978780746,-0.133031994104385,27.0580121075243,82.4046190094521,21,21,2005,8,"2005-08-21","LT05",1
-0.428978472948074,0.700433969497681,0.428978472948074,0.768357336521149,0.661780183431062,-0.022958566,-0.109099999070167,-0.138340994715691,29.5966132578456,81.6962208952268,22,22,2005,8,"2005-08-21","LT05",1
-0.288371652364731,0.613827884197235,0.288371652364731,0.755581200122833,0.663385225885226,-0.0427340965,-0.0808999985456467,-0.128451004624367,15.6960379933792,83.0254167088095,23,23,2005,8,"2005-08-21","LT05",1
-0.193899661302567,0.435251355171204,0.193899661302567,0.643862724304199,0.959859440464927,-0.0693901215,-0.0795999988913536,-0.120993003249168,12.4474495204142,86.4397252412076,24,24,2005,8,"2005-08-21","LT05",1
-0.370601207017899,0.594970941543579,0.370601207017899,0.72584080696106,0.748685806712495,-0.024829908,-0.0807999968528748,-0.117039002478123,10.4631284723991,87.0560121075243,25,25,2005,8,"2005-08-21","LT05",1
-0.357659637928009,0.631007432937622,0.357659637928009,0.74883508682251,0.775753471046394,-0.04299517875,-0.107600003480911,-0.166336998343468,47.3668213100947,75.4096132578456,26,26,2005,8,"2005-08-21","LT05",1
-0.336950242519379,0.615722954273224,0.336950242519379,0.74064165353775,0.750632527072159,-0.0292806565,-0.10589999705553,-0.163434997200966,44.8282201597734,77.9482144081669,27,27,2005,8,"2005-08-21","LT05",1
-0.240058749914169,0.569454669952393,0.240058749914169,0.683663845062256,0.771835872680646,-0.04286663275,-0.0531000010669231,-0.0529821999371052,1.17537001725943,95.2830379933792,28,28,2005,8,"2005-08-21","LT05",1
-0.321041643619537,0.620690882205963,0.321041643619537,0.756184697151184,0.67098933277557,-0.028452164,-0.100100003182888,-0.126315996050835,15.0241928019693,84.9091941165153,1,1,2005,10,"2005-09-22","LT05",1
-0.38278916478157,0.595468461513519,0.38278916478157,0.716361284255981,0.83782692113501,-0.02580992,-0.0895000025629997,-0.152827993035317,39.7510178591308,80.6718155584882,2,2,2005,10,"2005-09-22","LT05",1
-0.26516717672348,0.5478875041008,0.26516717672348,0.671547293663025,0.836642905634759,-0.03793194475,-0.0886000022292137,-0.151792004704475,37.2124167088095,80.7369574840845,3,3,2005,10,"2005-09-22","LT05",1
-0.304779648780823,0.607607424259186,0.304779648780823,0.68084180355072,1.01465163934426,-0.03287460675,-0.0859000012278557,-0.129688993096352,24.519410957203,82.8216273785474,4,4,2005,10,"2005-09-22","LT05",1
-0.373289734125137,0.630105197429657,0.373289734125137,0.756887257099152,1.00490065044997,-0.04404361075,-0.090599998831749,-0.109407000243664,6.64870741023682,89.0634714879892,5,5,2005,10,"2005-09-22","LT05",1
-0.425769329071045,0.717201709747314,0.425769329071045,0.74055677652359,0.674632943950273,-0.0129974225,-0.0917999967932701,-0.107192002236843,6.32572524120759,89.2954419375831,6,6,2005,10,"2005-09-22","LT05",1
-0.0613441504538059,0.262636184692383,0.0613441504538059,0.415780872106552,1.26288692557046,-0.072461756,-0.088699996471405,-0.104301996529102,4.79519411651529,90.5771284723991,7,7,2005,10,"2005-09-22","LT05",1
-0.374067366123199,0.620764017105103,0.374067366123199,0.699073731899261,0.844543016298741,-0.022479307,-0.0854000002145767,-0.0983740016818047,2.70762737854738,90.6412201597734,8,8,2005,10,"2005-09-22","LT05",1
-0.321574956178665,0.621056318283081,0.321574956178665,0.750955522060394,0.667511918044427,-0.0279365335,-0.0935999974608421,-0.0932584032416344,2.40276885946298,91.692429154288,9,9,2005,10,"2005-09-22","LT05",1
-0.184711739420891,0.387194991111755,0.184711739420891,0.647911906242371,0.834614410000844,-0.0529088655,-0.0826999992132187,-0.112493000924587,9.18144193758311,88.4778213100947,10,10,2005,10,"2005-09-22","LT05",1
-0.244323253631592,0.548040866851807,0.244323253631592,0.768866181373596,0.667514756767759,-0.04373076525,-0.0888999998569489,-0.0888196974992752,1.58222089522678,92.3915414763885,11,11,2005,10,"2005-09-22","LT05",1
-0.262199610471725,0.561142146587372,0.262199610471725,0.6828173995018,0.836967632027258,-0.03955255825,-0.0737000033259392,-0.0730312019586563,1.3616191353309,92.5614495204142,12,12,2005,10,"2005-09-22","LT05",1
-0.251730144023895,0.502190947532654,0.251730144023895,0.809488713741302,0.49374337221633,-0.04104645175,-0.0824000015854836,-0.117417998611927,11.578429154288,86.7801906400317,13,13,2005,10,"2005-09-22","LT05",1
-0.309656858444214,0.595114648342133,0.309656858444214,0.672960162162781,1.02413036665622,-0.0315727155,-0.0819000005722046,-0.118724003434181,12.2775414763885,86.7627074102368,14,14,2005,10,"2005-09-22","LT05",1
-0.347189664840698,0.568306267261505,0.347189664840698,0.646621108055115,1.01234190126479,-0.02603168825,0.0333999991416931,0.0332639999687672,0.622957484084543,97.850410957203,15,15,2005,10,"2005-09-22","LT05",1
-0.29972717165947,0.573505222797394,0.29972717165947,0.693302631378174,1.02889262450094,-0.0376640975,-0.115199998021126,-0.115543000400066,8.94947148798914,88.3551928019693,16,16,2005,10,"2005-09-22","LT05",1
-0.164791017770767,0.444569498300552,0.164791017770767,0.715946137905121,0.858883139284175,-0.05656108825,-0.0780000016093254,-0.140134006738663,34.6738155584882,81.2893700172594,17,17,2005,10,"2005-09-22","LT05",1
-0.291231542825699,0.581875801086426,0.291231542825699,0.766306638717651,0.673359399767516,-0.035181975,-0.109999999403954,-0.130511999130249,26.7821906400317,82.516768859463,18,18,2005,10,"2005-09-22","LT05",1
-0.276220947504044,0.553309798240662,0.276220947504044,0.687486886978149,0.843762865376697,-0.0328844325,-0.115800000727177,-0.15599699318409,42.2896190094521,80.3480178591308,19,19,2005,10,"2005-09-22","LT05",1
-0.18214513361454,0.569517135620117,0.18214513361454,0.750621795654297,0.636928601021958,-0.03114773875,-0.114600002765656,-0.139293998479843,32.1352144081669,81.4756191353309,20,20,2005,10,"2005-09-22","LT05",1
-0.342597395181656,0.705271661281586,0.342597395181656,0.796994686126709,0.639471092980728,-0.0207098635,-0.0790999978780746,-0.133031994104385,27.0580121075243,82.4046190094521,21,21,2005,10,"2005-09-22","LT05",1
-0.285335958003998,0.57668149471283,0.285335958003998,0.726857721805573,0.865525672371638,-0.02950855175,-0.109099999070167,-0.138340994715691,29.5966132578456,81.6962208952268,22,22,2005,10,"2005-09-22","LT05",1
-0.295234560966492,0.543383896350861,0.295234560966492,0.705748856067657,0.84834913944503,-0.04121773825,-0.0808999985456467,-0.128451004624367,15.6960379933792,83.0254167088095,23,23,2005,10,"2005-09-22","LT05",1
-0.169125109910965,0.423463881015778,0.169125109910965,0.60626208782196,1.09603760913365,-0.06712658825,-0.0795999988913536,-0.120993003249168,12.4474495204142,86.4397252412076,24,24,2005,10,"2005-09-22","LT05",1
-0.334807544946671,0.652677297592163,0.334807544946671,0.73713207244873,0.671004302655053,-0.02236226975,-0.0807999968528748,-0.117039002478123,10.4631284723991,87.0560121075243,25,25,2005,10,"2005-09-22","LT05",1
-0.351970106363297,0.648089528083801,0.351970106363297,0.780360221862793,0.619731986793552,-0.042012436,-0.107600003480911,-0.166336998343468,47.3668213100947,75.4096132578456,26,26,2005,10,"2005-09-22","LT05",1
-0.301365435123444,0.502190947532654,0.301365435123444,0.691483855247498,0.852372397759695,-0.03379198475,-0.10589999705553,-0.163434997200966,44.8282201597734,77.9482144081669,27,27,2005,10,"2005-09-22","LT05",1
-0.300912827253342,0.501818656921387,0.300912827253342,0.69622391462326,0.863190050185468,-0.0341292475,-0.0531000010669231,-0.0529821999371052,1.17537001725943,95.2830379933792,28,28,2005,10,"2005-09-22","LT05",1
-0.51975953578949,0.715000748634338,0.51975953578949,0.293672233819962,0.938768235165076,0.02250370525,-0.100100003182888,-0.126315996050835,15.0241928019693,84.9091941165153,1,1,2006,1,"2006-05-01","LT05",2
-0.44894152879715,0.703307211399078,0.44894152879715,0.400074899196625,0.936502137298601,0.00450782624999998,-0.0895000025629997,-0.152827993035317,39.7510178591308,80.6718155584882,2,2,2006,1,"2006-05-01","LT05",2
-0.613295555114746,0.765716314315796,0.613295555114746,0.268353343009949,1.02846958930234,0.043896277,-0.0886000022292137,-0.151792004704475,37.2124167088095,80.7369574840845,3,3,2006,1,"2006-05-01","LT05",2
-0.532282829284668,0.715973198413849,0.532282829284668,0.320552468299866,0.92873592306719,0.02411824125,-0.0859000012278557,-0.129688993096352,24.519410957203,82.8216273785474,4,4,2006,1,"2006-05-01","LT05",2
-0.433802396059036,0.633541822433472,0.433802396059036,0.367805480957031,0.944071414709878,0.00109645125000002,-0.0917999967932701,-0.107192002236843,6.32572524120759,89.2954419375831,6,6,2006,1,"2006-05-01","LT05",2
-0.74040824174881,0.831048488616943,0.74040824174881,0.117141090333462,1.20352239933112,0.1131280495,-0.088699996471405,-0.104301996529102,4.79519411651529,90.5771284723991,7,7,2006,1,"2006-05-01","LT05",2
-0.425843894481659,0.676839113235474,0.425843894481659,0.357707858085632,0.991049633848657,0.00304570625000001,-0.0854000002145767,-0.0983740016818047,2.70762737854738,90.6412201597734,8,8,2006,1,"2006-05-01","LT05",2
-0.551059246063232,0.705813467502594,0.551059246063232,0.333099633455276,0.938786699196798,0.022577518,-0.0935999974608421,-0.0932584032416344,2.40276885946298,91.692429154288,9,9,2006,1,"2006-05-01","LT05",2
-0.639974594116211,0.772878348827362,0.639974594116211,0.151169046759605,1.09830241544124,0.06401120975,-0.0826999992132187,-0.112493000924587,9.18144193758311,88.4778213100947,10,10,2006,1,"2006-05-01","LT05",2
-0.561267614364624,0.730909287929535,0.561267614364624,0.323826551437378,0.938485155843088,0.0260727295,-0.0888999998569489,-0.0888196974992752,1.58222089522678,92.3915414763885,11,11,2006,1,"2006-05-01","LT05",2
-0.552659928798676,0.72987687587738,0.552659928798676,0.225778207182884,1.0142514283287,0.03895869325,-0.0737000033259392,-0.0730312019586563,1.3616191353309,92.5614495204142,12,12,2006,1,"2006-05-01","LT05",2
-0.475657761096954,0.70931613445282,0.475657761096954,0.334749281406403,1.05792080922853,0.01148592375,-0.0824000015854836,-0.117417998611927,11.578429154288,86.7801906400317,13,13,2006,1,"2006-05-01","LT05",2
-0.532338082790375,0.716010749340057,0.532338082790375,0.320890605449677,1.00603450640481,0.02244096675,-0.0819000005722046,-0.118724003434181,12.2775414763885,86.7627074102368,14,14,2006,1,"2006-05-01","LT05",2
-0.736019909381866,0.845863521099091,0.736019909381866,0.207719832658768,1.12965299090584,0.0787928145,0.0333999991416931,0.0332639999687672,0.622957484084543,97.850410957203,15,15,2006,1,"2006-05-01","LT05",2
-0.739109694957733,0.79915452003479,0.739109694957733,0.134390950202942,1.06751769296911,0.10300064925,-0.0780000016093254,-0.140134006738663,34.6738155584882,81.2893700172594,17,17,2006,1,"2006-05-01","LT05",2
-0.535966455936432,0.72580748796463,0.535966455936432,0.298044562339783,1.01479256080114,0.0238986675,-0.115800000727177,-0.15599699318409,42.2896190094521,80.3480178591308,19,19,2006,1,"2006-05-01","LT05",2
-0.624007344245911,0.779453456401825,0.624007344245911,0.13837830722332,0.955918324861649,0.06202892725,-0.114600002765656,-0.139293998479843,32.1352144081669,81.4756191353309,20,20,2006,1,"2006-05-01","LT05",2
-0.536164343357086,0.758122444152832,0.536164343357086,0.2680903673172,0.925503043935356,0.031121911,-0.0790999978780746,-0.133031994104385,27.0580121075243,82.4046190094521,21,21,2006,1,"2006-05-01","LT05",2
-0.529264748096466,0.681539058685303,0.529264748096466,0.247629061341286,1.05702462426957,0.029350317,-0.0808999985456467,-0.128451004624367,15.6960379933792,83.0254167088095,23,23,2006,1,"2006-05-01","LT05",2
-0.492540031671524,0.720795929431915,0.492540031671524,0.162586078047752,0.996785802165354,0.04839224925,-0.0795999988913536,-0.120993003249168,12.4474495204142,86.4397252412076,24,24,2006,1,"2006-05-01","LT05",2
-0.299372225999832,0.607996582984924,0.299372225999832,0.575557351112366,0.993175120210951,-0.03777302775,-0.107600003480911,-0.166336998343468,47.3668213100947,75.4096132578456,26,26,2006,1,"2006-05-01","LT05",2
-0.562493443489075,0.753780722618103,0.562493443489075,0.255826950073242,0.937181700014916,0.0394278735,-0.0531000010669231,-0.0529821999371052,1.17537001725943,95.2830379933792,28,28,2006,1,"2006-05-01","LT05",2
-0.32980552315712,0.531896770000458,0.32980552315712,0.50927996635437,0.991562568485646,-0.0272361085,-0.100100003182888,-0.126315996050835,15.0241928019693,84.9091941165153,1,1,2006,2,"2006-05-17","LT05",2
-0.433208614587784,0.682009041309357,0.433208614587784,0.521261036396027,0.848930363588344,-0.00687257849999997,-0.0895000025629997,-0.152827993035317,39.7510178591308,80.6718155584882,2,2,2006,2,"2006-05-17","LT05",2
-0.271749198436737,0.531967580318451,0.271749198436737,0.509353160858154,0.991562568485646,-0.033745067,-0.0886000022292137,-0.151792004704475,37.2124167088095,80.7369574840845,3,3,2006,2,"2006-05-17","LT05",2
-0.259780198335648,0.466668456792831,0.259780198335648,0.525384664535522,1.00787777512533,-0.04029538,-0.0859000012278557,-0.129688993096352,24.519410957203,82.8216273785474,4,4,2006,2,"2006-05-17","LT05",2
-0.229643940925598,0.512367069721222,0.229643940925598,0.678672552108765,0.87647350787939,-0.0658027575,-0.090599998831749,-0.109407000243664,6.64870741023682,89.0634714879892,5,5,2006,2,"2006-05-17","LT05",2
-0.228099688887596,0.47924154996872,0.228099688887596,0.367219239473343,1.0778685336445,-0.036510093,-0.088699996471405,-0.104301996529102,4.79519411651529,90.5771284723991,7,7,2006,2,"2006-05-17","LT05",2
-0.445837885141373,0.655542492866516,0.445837885141373,0.535290896892548,0.854456047855622,-0.0078052465,-0.0854000002145767,-0.0983740016818047,2.70762737854738,90.6412201597734,8,8,2006,2,"2006-05-17","LT05",2
-0.392044275999069,0.644357800483704,0.392044275999069,0.446612149477005,0.945940365078054,-0.00892698800000001,-0.0935999974608421,-0.0932584032416344,2.40276885946298,91.692429154288,9,9,2006,2,"2006-05-17","LT05",2
-0.181455031037331,0.435573726892471,0.181455031037331,0.543841600418091,0.925178277564454,-0.05561193125,-0.0826999992132187,-0.112493000924587,9.18144193758311,88.4778213100947,10,10,2006,2,"2006-05-17","LT05",2
-0.249114036560059,0.445574313402176,0.249114036560059,0.505830347537994,0.925268463730002,-0.03908967275,-0.0888999998569489,-0.0888196974992752,1.58222089522678,92.3915414763885,11,11,2006,2,"2006-05-17","LT05",2
-0.124256774783134,0.401021480560303,0.124256774783134,0.560853242874146,1.02815330095813,-0.0673773305,-0.0737000033259392,-0.0730312019586563,1.3616191353309,92.5614495204142,12,12,2006,2,"2006-05-17","LT05",2
-0.193939015269279,0.423064559698105,0.193939015269279,0.570891261100769,0.964094008414333,-0.048720214,-0.0824000015854836,-0.117417998611927,11.578429154288,86.7801906400317,13,13,2006,2,"2006-05-17","LT05",2
-0.336579442024231,0.607146799564362,0.336579442024231,0.50370991230011,0.977706845011906,-0.021821364,-0.0819000005722046,-0.118724003434181,12.2775414763885,86.7627074102368,14,14,2006,2,"2006-05-17","LT05",2
-0.358261585235596,0.587580621242523,0.358261585235596,0.320300042629242,0.896701250332535,-0.00533660175,0.0333999991416931,0.0332639999687672,0.622957484084543,97.850410957203,15,15,2006,2,"2006-05-17","LT05",2
-0.357432395219803,0.56550395488739,0.357432395219803,0.456438034772873,0.945006817336694,-0.019462447,-0.115199998021126,-0.115543000400066,8.94947148798914,88.3551928019693,16,16,2006,2,"2006-05-17","LT05",2
-0.4177086353302,0.621784687042236,0.4177086353302,0.396388500928879,0.92402943946423,-0.00354808425000001,-0.109999999403954,-0.130511999130249,26.7821906400317,82.516768859463,18,18,2006,2,"2006-05-17","LT05",2
-0.440296351909637,0.675743758678436,0.440296351909637,0.386195003986359,0.974921860636147,0.0023649245,-0.115800000727177,-0.15599699318409,42.2896190094521,80.3480178591308,19,19,2006,2,"2006-05-17","LT05",2
-0.273593813180923,0.524558782577515,0.273593813180923,0.491538107395172,1.03122112211221,-0.02731162625,-0.0790999978780746,-0.133031994104385,27.0580121075243,82.4046190094521,21,21,2006,2,"2006-05-17","LT05",2
-0.156010448932648,0.456243544816971,0.156010448932648,0.542983889579773,1.03040673950244,-0.05429920775,-0.0808999985456467,-0.128451004624367,15.6960379933792,83.0254167088095,23,23,2006,2,"2006-05-17","LT05",2
-0.0950585976243019,0.393703371286392,0.0950585976243019,0.561084985733032,0.995742798695196,-0.083046077,-0.0795999988913536,-0.120993003249168,12.4474495204142,86.4397252412076,24,24,2006,2,"2006-05-17","LT05",2
-0.447754353284836,0.702468276023865,0.447754353284836,0.416514307260513,0.995002890889568,0.00214124775000002,-0.0807999968528748,-0.117039002478123,10.4631284723991,87.0560121075243,25,25,2006,2,"2006-05-17","LT05",2
-0.202562049031258,0.497255891561508,0.202562049031258,0.647680938243866,0.870084013149884,-0.062921522,-0.107600003480911,-0.166336998343468,47.3668213100947,75.4096132578456,26,26,2006,2,"2006-05-17","LT05",2
-0.366163671016693,0.58313524723053,0.366163671016693,0.500566780567169,0.746056000660775,-0.015029997,-0.10589999705553,-0.163434997200966,44.8282201597734,77.9482144081669,27,27,2006,2,"2006-05-17","LT05",2
-0.180319368839264,0.407235562801361,0.180319368839264,0.583031475543976,0.873203047366677,-0.05292473575,-0.0531000010669231,-0.0529821999371052,1.17537001725943,95.2830379933792,28,28,2006,2,"2006-05-17","LT05",2
-0.301273167133331,0.564696729183197,0.301273167133331,0.652945101261139,0.745691467002942,-0.062859394,-0.090599998831749,-0.109407000243664,6.64870741023682,89.0634714879892,5,5,2006,3,"2006-06-02","LT05",2
-0.229593202471733,0.488170385360718,0.229593202471733,0.53035032749176,0.904475617902471,-0.04727819375,-0.0917999967932701,-0.107192002236843,6.32572524120759,89.2954419375831,6,6,2006,3,"2006-06-02","LT05",2
-0.306591629981995,0.552853107452393,0.306591629981995,0.532378137111664,1.01412930454462,-0.029039168,-0.0854000002145767,-0.0983740016818047,2.70762737854738,90.6412201597734,8,8,2006,3,"2006-06-02","LT05",2
-0.240804567933083,0.483103692531586,0.240804567933083,0.540990471839905,0.93479018946879,-0.06192407225,-0.0737000033259392,-0.0730312019586563,1.3616191353309,92.5614495204142,12,12,2006,3,"2006-06-02","LT05",2
-0.148057118058205,0.368514835834503,0.148057118058205,0.437425702810287,0.93294933452634,-0.08772566675,-0.115199998021126,-0.115543000400066,8.94947148798914,88.3551928019693,16,16,2006,3,"2006-06-02","LT05",2
-0.195707604289055,0.449580073356628,0.195707604289055,0.616423308849335,0.784096628082536,-0.083115289,-0.0780000016093254,-0.140134006738663,34.6738155584882,81.2893700172594,17,17,2006,3,"2006-06-02","LT05",2
-0.238837137818336,0.51406341791153,0.238837137818336,0.625139713287354,0.719438027438593,-0.05172127525,-0.109999999403954,-0.130511999130249,26.7821906400317,82.516768859463,18,18,2006,3,"2006-06-02","LT05",2
-0.0760899186134338,0.290876001119614,0.0760899186134338,0.461321443319321,1.0503110964605,-0.09801127725,-0.114600002765656,-0.139293998479843,32.1352144081669,81.4756191353309,20,20,2006,3,"2006-06-02","LT05",2
-0.0195865221321583,0.265459328889847,0.0195865221321583,0.510937452316284,0.996388706500328,-0.12699730575,-0.109099999070167,-0.138340994715691,29.5966132578456,81.6962208952268,22,22,2006,3,"2006-06-02","LT05",2
-0.315680086612701,0.585920214653015,0.315680086612701,0.4875648021698,0.933284710759664,-0.0287602135,-0.0807999968528748,-0.117039002478123,10.4631284723991,87.0560121075243,25,25,2006,3,"2006-06-02","LT05",2
-0.252655565738678,0.497098594903946,0.252655565738678,0.585496783256531,0.922617385963933,-0.04865263275,-0.10589999705553,-0.163434997200966,44.8282201597734,77.9482144081669,27,27,2006,3,"2006-06-02","LT05",2
-0.181566476821899,0.487870365381241,0.181566476821899,0.668460249900818,0.885533401251637,-0.0629345625,-0.100100003182888,-0.126315996050835,15.0241928019693,84.9091941165153,1,1,2006,4,"2006-06-18","LT05",2
-0.240099042654037,0.530264496803284,0.240099042654037,0.661572635173798,0.885009074410163,-0.04965781275,-0.0895000025629997,-0.152827993035317,39.7510178591308,80.6718155584882,2,2,2006,4,"2006-06-18","LT05",2
-0.181807890534401,0.427038490772247,0.181807890534401,0.647995173931122,0.97125226860254,-0.0691279475,-0.0886000022292137,-0.151792004704475,37.2124167088095,80.7369574840845,3,3,2006,4,"2006-06-18","LT05",2
-0.181807890534401,0.472616344690323,0.181807890534401,0.674159407615662,0.798885976408912,-0.06514854075,-0.0859000012278557,-0.129688993096352,24.519410957203,82.8216273785474,4,4,2006,4,"2006-06-18","LT05",2
-0.314523041248322,0.602655708789825,0.314523041248322,0.753418803215027,0.74361820199778,-0.05934578225,-0.090599998831749,-0.109407000243664,6.64870741023682,89.0634714879892,5,5,2006,4,"2006-06-18","LT05",2
-0.229823842644691,0.51250296831131,0.229823842644691,0.654906272888184,0.891938507686539,-0.04951280525,-0.0917999967932701,-0.107192002236843,6.32572524120759,89.2954419375831,6,6,2006,4,"2006-06-18","LT05",2
-0.0879780501127243,0.325587511062622,0.0879780501127243,0.464272141456604,1.14886979891539,-0.0878807915,-0.088699996471405,-0.104301996529102,4.79519411651529,90.5771284723991,7,7,2006,4,"2006-06-18","LT05",2
-0.206562161445618,0.513018608093262,0.206562161445618,0.601744711399078,0.878055295846134,-0.04558717475,-0.0854000002145767,-0.0983740016818047,2.70762737854738,90.6412201597734,8,8,2006,4,"2006-06-18","LT05",2
-0.181127592921257,0.450652837753296,0.181127592921257,0.641201794147491,0.884117988956698,-0.05862820825,-0.0935999974608421,-0.0932584032416344,2.40276885946298,91.692429154288,9,9,2006,4,"2006-06-18","LT05",2
-0.0123515361919999,0.298141360282898,0.0123515361919999,0.603647589683533,0.942343200905355,-0.11207826425,-0.0826999992132187,-0.112493000924587,9.18144193758311,88.4778213100947,10,10,2006,4,"2006-06-18","LT05",2
-0.138633921742439,0.431246191263199,0.138633921742439,0.635109484195709,0.877825972660358,-0.0708164145,-0.0888999998569489,-0.0888196974992752,1.58222089522678,92.3915414763885,11,11,2006,4,"2006-06-18","LT05",2
-0.155927509069443,0.49162757396698,0.155927509069443,0.668695271015167,0.871666666666667,-0.0800186515,-0.0737000033259392,-0.0730312019586563,1.3616191353309,92.5614495204142,12,12,2006,4,"2006-06-18","LT05",2
-0.158261328935623,0.460322350263596,0.158261328935623,0.651217341423035,0.888823312430838,-0.063064566,-0.0824000015854836,-0.117417998611927,11.578429154288,86.7801906400317,13,13,2006,4,"2006-06-18","LT05",2
-0.159658163785934,0.479029178619385,0.159658163785934,0.662536442279816,0.800039517881841,-0.06439161425,-0.0819000005722046,-0.118724003434181,12.2775414763885,86.7627074102368,14,14,2006,4,"2006-06-18","LT05",2
-0.232419043779373,0.512569606304169,0.232419043779373,0.655116677284241,0.800397109922233,-0.05926426675,0.0333999991416931,0.0332639999687672,0.622957484084543,97.850410957203,15,15,2006,4,"2006-06-18","LT05",2
-0.161506667733192,0.435937643051147,0.161506667733192,0.659965813159943,0.800170690075592,-0.07242095975,-0.115199998021126,-0.115543000400066,8.94947148798914,88.3551928019693,16,16,2006,4,"2006-06-18","LT05",2
-0.150772914290428,0.450894147157669,0.150772914290428,0.721739888191223,0.737311579066222,-0.09619852675,-0.0780000016093254,-0.140134006738663,34.6738155584882,81.2893700172594,17,17,2006,4,"2006-06-18","LT05",2
-0.181817322969437,0.472630500793457,0.181817322969437,0.680724084377289,0.800336134453782,-0.06571335225,-0.109999999403954,-0.130511999130249,26.7821906400317,82.516768859463,18,18,2006,4,"2006-06-18","LT05",2
-0.170475095510483,0.479099988937378,0.170475095510483,0.661572635173798,0.799462259820316,-0.0627006145,-0.115800000727177,-0.15599699318409,42.2896190094521,80.3480178591308,19,19,2006,4,"2006-06-18","LT05",2
-0.130738481879234,0.449262619018555,0.130738481879234,0.654028952121735,0.883554716472254,-0.07491670575,-0.114600002765656,-0.139293998479843,32.1352144081669,81.4756191353309,20,20,2006,4,"2006-06-18","LT05",2
-0.2465540766716,0.536714553833008,0.2465540766716,0.693809151649475,0.804680590516362,-0.0540558795,-0.0790999978780746,-0.133031994104385,27.0580121075243,82.4046190094521,21,21,2006,4,"2006-06-18","LT05",2
-0.059503760188818,0.420044720172882,0.059503760188818,0.606221735477448,0.936010739456316,-0.09550760025,-0.109099999070167,-0.138340994715691,29.5966132578456,81.6962208952268,22,22,2006,4,"2006-06-18","LT05",2
-0.221138805150986,0.416788041591644,0.221138805150986,0.713058769702911,0.730455075845974,-0.07525394925,-0.0808999985456467,-0.128451004624367,15.6960379933792,83.0254167088095,23,23,2006,4,"2006-06-18","LT05",2
-0.157518282532692,0.419028550386429,0.157518282532692,0.691712141036987,0.807028500056773,-0.09363086825,-0.0795999988913536,-0.120993003249168,12.4474495204142,86.4397252412076,24,24,2006,4,"2006-06-18","LT05",2
-0.205560728907585,0.503524243831635,0.205560728907585,0.676877200603485,0.718553248492968,-0.051779248,-0.0807999968528748,-0.117039002478123,10.4631284723991,87.0560121075243,25,25,2006,4,"2006-06-18","LT05",2
-0.247566819190979,0.517896473407745,0.247566819190979,0.744845747947693,0.680914249350374,-0.0773531205,-0.107600003480911,-0.166336998343468,47.3668213100947,75.4096132578456,26,26,2006,4,"2006-06-18","LT05",2
-0.168571025133133,0.466727942228317,0.168571025133133,0.639842212200165,0.888458097226365,-0.05761877675,-0.10589999705553,-0.163434997200966,44.8282201597734,77.9482144081669,27,27,2006,4,"2006-06-18","LT05",2
-0.152035355567932,0.423109143972397,0.152035355567932,0.668860137462616,0.805496959920586,-0.07749088725,-0.0531000010669231,-0.0529821999371052,1.17537001725943,95.2830379933792,28,28,2006,4,"2006-06-18","LT05",2
-0.248908713459969,0.529692530632019,0.248908713459969,0.634440839290619,0.861333647502356,-0.050613897,-0.100100003182888,-0.126315996050835,15.0241928019693,84.9091941165153,1,1,2006,5,"2006-07-04","LT05",2
-0.255448222160339,0.495897680521011,0.255448222160339,0.638094425201416,0.866355815328036,-0.04856860375,-0.0895000025629997,-0.152827993035317,39.7510178591308,80.6718155584882,2,2,2006,5,"2006-07-04","LT05",2
-0.226139694452286,0.529813587665558,0.226139694452286,0.634766101837158,0.860128333431448,-0.054110291,-0.0886000022292137,-0.151792004704475,37.2124167088095,80.7369574840845,3,3,2006,5,"2006-07-04","LT05",2
-0.22543628513813,0.489975810050964,0.22543628513813,0.617469131946564,0.933128725727439,-0.058430167,-0.0859000012278557,-0.129688993096352,24.519410957203,82.8216273785474,4,4,2006,5,"2006-07-04","LT05",2
-0.299850285053253,0.568799436092377,0.299850285053253,0.645751237869263,0.851607981691894,-0.0621428925,-0.090599998831749,-0.109407000243664,6.64870741023682,89.0634714879892,5,5,2006,5,"2006-07-04","LT05",2
-0.234026476740837,0.513311743736267,0.234026476740837,0.673776030540466,0.889227384276889,-0.0471684055,-0.0917999967932701,-0.107192002236843,6.32572524120759,89.2954419375831,6,6,2006,5,"2006-07-04","LT05",2
-0.0948142185807228,0.322651356458664,0.0948142185807228,0.502231299877167,0.911181414675606,-0.077642569,-0.088699996471405,-0.104301996529102,4.79519411651529,90.5771284723991,7,7,2006,5,"2006-07-04","LT05",2
-0.245526030659676,0.561821043491364,0.245526030659676,0.629003584384918,0.866104868913857,-0.0419843365,-0.0854000002145767,-0.0983740016818047,2.70762737854738,90.6412201597734,8,8,2006,5,"2006-07-04","LT05",2
-0.241164416074753,0.558129489421844,0.241164416074753,0.617058992385864,0.860718107240518,-0.04511107825,-0.0935999974608421,-0.0932584032416344,2.40276885946298,91.692429154288,9,9,2006,5,"2006-07-04","LT05",2
-0.091689869761467,0.374990373849869,0.091689869761467,0.571701407432556,1.00584312105294,-0.08441606925,-0.0826999992132187,-0.112493000924587,9.18144193758311,88.4778213100947,10,10,2006,5,"2006-07-04","LT05",2
-0.205149441957474,0.479661613702774,0.205149441957474,0.590167105197906,0.933518990341885,-0.05549858725,-0.0888999998569489,-0.0888196974992752,1.58222089522678,92.3915414763885,11,11,2006,5,"2006-07-04","LT05",2
-0.222159504890442,0.477559328079224,0.222159504890442,0.686788439750671,0.788696925329429,-0.0689399355,-0.0737000033259392,-0.0730312019586563,1.3616191353309,92.5614495204142,12,12,2006,5,"2006-07-04","LT05",2
-0.2162064909935,0.488312870264053,0.2162064909935,0.598604083061218,0.792809170327728,-0.05337518575,-0.0824000015854836,-0.117417998611927,11.578429154288,86.7801906400317,13,13,2006,5,"2006-07-04","LT05",2
-0.224578395485878,0.520984888076782,0.224578395485878,0.624088406562805,0.856825207440751,-0.05671527525,-0.0819000005722046,-0.118724003434181,12.2775414763885,86.7627074102368,14,14,2006,5,"2006-07-04","LT05",2
-0.256518214941025,0.52886700630188,0.256518214941025,0.638360023498535,0.939019189765458,-0.05420180825,-0.115199998021126,-0.115543000400066,8.94947148798914,88.3551928019693,16,16,2006,5,"2006-07-04","LT05",2
-0.24333630502224,0.538234770298004,0.24333630502224,0.69472998380661,0.793350146687941,-0.07115859975,-0.0780000016093254,-0.140134006738663,34.6738155584882,81.2893700172594,17,17,2006,5,"2006-07-04","LT05",2
-0.258105754852295,0.498220056295395,0.258105754852295,0.657155990600586,0.863691856916128,-0.05627271225,-0.109999999403954,-0.130511999130249,26.7821906400317,82.516768859463,18,18,2006,5,"2006-07-04","LT05",2
-0.216854512691498,0.455108284950256,0.216854512691498,0.614073097705841,0.945206365635917,-0.057590537,-0.115800000727177,-0.15599699318409,42.2896190094521,80.3480178591308,19,19,2006,5,"2006-07-04","LT05",2
-0.236590847373009,0.445247441530228,0.236590847373009,0.649036765098572,0.955695777673357,-0.063488682,-0.114600002765656,-0.139293998479843,32.1352144081669,81.4756191353309,20,20,2006,5,"2006-07-04","LT05",2
-0.314108073711395,0.552362740039825,0.314108073711395,0.686793327331543,0.792097375986298,-0.04586711375,-0.0790999978780746,-0.133031994104385,27.0580121075243,82.4046190094521,21,21,2006,5,"2006-07-04","LT05",2
-0.32619971036911,0.581436038017273,0.32619971036911,0.702362895011902,0.863661218786074,-0.0505767335,-0.109099999070167,-0.138340994715691,29.5966132578456,81.6962208952268,22,22,2006,5,"2006-07-04","LT05",2
-0.242854088544846,0.520474195480347,0.242854088544846,0.648057758808136,0.861796753391149,-0.0592909335,-0.0808999985456467,-0.128451004624367,15.6960379933792,83.0254167088095,23,23,2006,5,"2006-07-04","LT05",2
-0.200950086116791,0.469614148139954,0.200950086116791,0.604876697063446,0.907319900142653,-0.077998947,-0.0795999988913536,-0.120993003249168,12.4474495204142,86.4397252412076,24,24,2006,5,"2006-07-04","LT05",2
-0.268589019775391,0.549992859363556,0.268589019775391,0.643604159355164,0.968731298623578,-0.0436944845,-0.0807999968528748,-0.117039002478123,10.4631284723991,87.0560121075243,25,25,2006,5,"2006-07-04","LT05",2
-0.32116287946701,0.558735549449921,0.32116287946701,0.651405155658722,0.798891966759003,-0.057135588,-0.107600003480911,-0.166336998343468,47.3668213100947,75.4096132578456,26,26,2006,5,"2006-07-04","LT05",2
-0.241333827376366,0.504902482032776,0.241333827376366,0.623545050621033,0.953411764705882,-0.05079538325,-0.10589999705553,-0.163434997200966,44.8282201597734,77.9482144081669,27,27,2006,5,"2006-07-04","LT05",2
-0.223808318376541,0.461810946464539,0.223808318376541,0.63862133026123,0.945243362831859,-0.06574105025,-0.0531000010669231,-0.0529821999371052,1.17537001725943,95.2830379933792,28,28,2006,5,"2006-07-04","LT05",2
-0.209041804075241,0.525345504283905,0.209041804075241,0.721516907215118,0.676641181123122,-0.059329263,-0.100100003182888,-0.126315996050835,15.0241928019693,84.9091941165153,1,1,2006,6,"2006-07-20","LT05",2
-0.316015422344208,0.582765161991119,0.316015422344208,0.710593521595001,0.761732851985559,-0.040382313,-0.0895000025629997,-0.152827993035317,39.7510178591308,80.6718155584882,2,2,2006,6,"2006-07-20","LT05",2
-0.24374982714653,0.551324605941772,0.24374982714653,0.708922564983368,0.768214545214347,-0.05609964375,-0.0886000022292137,-0.151792004704475,37.2124167088095,80.7369574840845,3,3,2006,6,"2006-07-20","LT05",2
-0.220780164003372,0.516766786575317,0.220780164003372,0.683998167514801,0.861601925060158,-0.06058691775,-0.0859000012278557,-0.129688993096352,24.519410957203,82.8216273785474,4,4,2006,6,"2006-07-20","LT05",2
-0.337566643953323,0.618712902069092,0.337566643953323,0.74110347032547,0.78469292076887,-0.05251368775,-0.090599998831749,-0.109407000243664,6.64870741023682,89.0634714879892,5,5,2006,6,"2006-07-20","LT05",2
-0.332757949829102,0.635783433914185,0.332757949829102,0.667850255966187,0.865353499824129,-0.0317090605,-0.0917999967932701,-0.107192002236843,6.32572524120759,89.2954419375831,6,6,2006,6,"2006-07-20","LT05",2
-0.0423091426491737,0.210889771580696,0.0423091426491737,0.490962594747543,0.932049992817124,-0.12889757775,-0.088699996471405,-0.104301996529102,4.79519411651529,90.5771284723991,7,7,2006,6,"2006-07-20","LT05",2
-0.340942889451981,0.619951665401459,0.340942889451981,0.724531531333923,0.761920260374288,-0.032504212,-0.0854000002145767,-0.0983740016818047,2.70762737854738,90.6412201597734,8,8,2006,6,"2006-07-20","LT05",2
-0.273732721805573,0.553454041481018,0.273732721805573,0.706172823905945,0.871309192200557,-0.04881577375,-0.0935999974608421,-0.0932584032416344,2.40276885946298,91.692429154288,9,9,2006,6,"2006-07-20","LT05",2
-0.0442955382168293,0.343661487102509,0.0442955382168293,0.653785705566406,0.855299423703332,-0.10478264625,-0.0826999992132187,-0.112493000924587,9.18144193758311,88.4778213100947,10,10,2006,6,"2006-07-20","LT05",2
-0.221516251564026,0.498278617858887,0.221516251564026,0.670035362243652,0.861160653038825,-0.05828028375,-0.0888999998569489,-0.0888196974992752,1.58222089522678,92.3915414763885,11,11,2006,6,"2006-07-20","LT05",2
-0.218950375914574,0.495402544736862,0.218950375914574,0.749445557594299,0.679923067378086,-0.07498471325,-0.0737000033259392,-0.0730312019586563,1.3616191353309,92.5614495204142,12,12,2006,6,"2006-07-20","LT05",2
-0.247903272509575,0.488706409931183,0.247903272509575,0.741762816905975,0.761485419955138,-0.057205009,-0.0824000015854836,-0.117417998611927,11.578429154288,86.7801906400317,13,13,2006,6,"2006-07-20","LT05",2
-0.233034938573837,0.53423011302948,0.233034938573837,0.721469044685364,0.68000517163359,-0.05641082825,-0.0819000005722046,-0.118724003434181,12.2775414763885,86.7627074102368,14,14,2006,6,"2006-07-20","LT05",2
-0.27080512046814,0.595501959323883,0.27080512046814,0.769091904163361,0.675009958836808,-0.058996524,0.0333999991416931,0.0332639999687672,0.622957484084543,97.850410957203,15,15,2006,6,"2006-07-20","LT05",2
-0.252910226583481,0.541279852390289,0.252910226583481,0.707536101341248,0.864514758972181,-0.058894752,-0.115199998021126,-0.115543000400066,8.94947148798914,88.3551928019693,16,16,2006,6,"2006-07-20","LT05",2
-0.197850555181503,0.550500452518463,0.197850555181503,0.733146846294403,0.775522964984083,-0.084580676,-0.0780000016093254,-0.140134006738663,34.6738155584882,81.2893700172594,17,17,2006,6,"2006-07-20","LT05",2
-0.254092752933502,0.558880090713501,0.254092752933502,0.701156735420227,0.864159198362854,-0.05553005825,-0.109999999403954,-0.130511999130249,26.7821906400317,82.516768859463,18,18,2006,6,"2006-07-20","LT05",2
-0.209185123443604,0.488589078187943,0.209185123443604,0.69049471616745,0.869228409265225,-0.06073635825,-0.115800000727177,-0.15599699318409,42.2896190094521,80.3480178591308,19,19,2006,6,"2006-07-20","LT05",2
-0.25663548707962,0.516263604164124,0.25663548707962,0.687639534473419,0.864121280179675,-0.05532875275,-0.114600002765656,-0.139293998479843,32.1352144081669,81.4756191353309,20,20,2006,6,"2006-07-20","LT05",2
-0.267518579959869,0.57763284444809,0.267518579959869,0.75621896982193,0.673267326732673,-0.0524870925,-0.0790999978780746,-0.133031994104385,27.0580121075243,82.4046190094521,21,21,2006,6,"2006-07-20","LT05",2
-0.324427366256714,0.577402532100677,0.324427366256714,0.75907975435257,0.684781922615666,-0.05240692175,-0.109099999070167,-0.138340994715691,29.5966132578456,81.6962208952268,22,22,2006,6,"2006-07-20","LT05",2
-0.228718355298042,0.532296419143677,0.228718355298042,0.718081295490265,0.773023609089183,-0.0661858215,-0.0808999985456467,-0.128451004624367,15.6960379933792,83.0254167088095,23,23,2006,6,"2006-07-20","LT05",2
-0.162235021591187,0.425882637500763,0.162235021591187,0.694580793380737,0.857076860888145,-0.09770075,-0.0795999988913536,-0.120993003249168,12.4474495204142,86.4397252412076,24,24,2006,6,"2006-07-20","LT05",2
-0.303229063749313,0.604122579097748,0.303229063749313,0.734650909900665,0.669594786058373,-0.0398475755,-0.0807999968528748,-0.117039002478123,10.4631284723991,87.0560121075243,25,25,2006,6,"2006-07-20","LT05",2
-0.287955641746521,0.576944589614868,0.287955641746521,0.74347585439682,0.778748607283176,-0.066247625,-0.107600003480911,-0.166336998343468,47.3668213100947,75.4096132578456,26,26,2006,6,"2006-07-20","LT05",2
-0.247791275382042,0.573565900325775,0.247791275382042,0.701032340526581,0.767545409569581,-0.0479868825,-0.10589999705553,-0.163434997200966,44.8282201597734,77.9482144081669,27,27,2006,6,"2006-07-20","LT05",2
-0.20776055753231,0.524489283561707,0.20776055753231,0.713902473449707,0.774937854547773,-0.0689330055,-0.0531000010669231,-0.0529821999371052,1.17537001725943,95.2830379933792,28,28,2006,6,"2006-07-20","LT05",2
-0.275610864162445,0.598302006721497,0.275610864162445,0.640964269638062,0.949826843483402,-0.0335986625,-0.100100003182888,-0.126315996050835,15.0241928019693,84.9091941165153,1,1,2006,7,"2006-08-05","LT05",2
-0.278963029384613,0.628237962722778,0.278963029384613,0.6686851978302,0.830300997736228,-0.03101886,-0.0895000025629997,-0.152827993035317,39.7510178591308,80.6718155584882,2,2,2006,7,"2006-08-05","LT05",2
-0.225725159049034,0.537114381790161,0.225725159049034,0.650281727313995,0.944509836892551,-0.04488852075,-0.0859000012278557,-0.129688993096352,24.519410957203,82.8216273785474,4,4,2006,7,"2006-08-05","LT05",2
-0.401017844676971,0.669223606586456,0.401017844676971,0.72832864522934,0.770352716873213,-0.0407649425,-0.090599998831749,-0.109407000243664,6.64870741023682,89.0634714879892,5,5,2006,7,"2006-08-05","LT05",2
-0.368167996406555,0.628292202949524,0.368167996406555,0.610242605209351,0.75959311108873,-0.02304386,-0.0917999967932701,-0.107192002236843,6.32572524120759,89.2954419375831,6,6,2006,7,"2006-08-05","LT05",2
-0.208756864070892,0.420698046684265,0.208756864070892,0.464920580387115,1.07021575386187,-0.05945023,-0.088699996471405,-0.104301996529102,4.79519411651529,90.5771284723991,7,7,2006,7,"2006-08-05","LT05",2
-0.293217211961746,0.561812222003937,0.293217211961746,0.676578402519226,0.831378790417155,-0.03508963275,-0.0935999974608421,-0.0932584032416344,2.40276885946298,91.692429154288,9,9,2006,7,"2006-08-05","LT05",2
-0.196395576000214,0.480760961771011,0.196395576000214,0.631327509880066,0.942924094066449,-0.04827210425,-0.0888999998569489,-0.0888196974992752,1.58222089522678,92.3915414763885,11,11,2006,7,"2006-08-05","LT05",2
-0.195916652679443,0.550479590892792,0.195916652679443,0.667582154273987,0.84224372029871,-0.04485592775,-0.0824000015854836,-0.117417998611927,11.578429154288,86.7801906400317,13,13,2006,7,"2006-08-05","LT05",2
-0.337206870317459,0.639458060264587,0.337206870317459,0.69497811794281,0.71151404538962,-0.04952607125,-0.0780000016093254,-0.140134006738663,34.6738155584882,81.2893700172594,17,17,2006,7,"2006-08-05","LT05",2
-0.261291593313217,0.550787329673767,0.261291593313217,0.667213141918182,0.964791464597478,-0.0383021525,-0.115800000727177,-0.15599699318409,42.2896190094521,80.3480178591308,19,19,2006,7,"2006-08-05","LT05",2
-0.286421805620193,0.5826495885849,0.286421805620193,0.655371725559235,0.68682092555332,-0.039899578,-0.114600002765656,-0.139293998479843,32.1352144081669,81.4756191353309,20,20,2006,7,"2006-08-05","LT05",2
-0.384723246097565,0.70074188709259,0.384723246097565,0.655005395412445,0.837550156041016,-0.0232927735,-0.0790999978780746,-0.133031994104385,27.0580121075243,82.4046190094521,21,21,2006,7,"2006-08-05","LT05",2
-0.686508536338806,0.847334027290344,0.686508536338806,0.935809075832367,1.04328849456211,-0.000607330499999992,-0.0808999985456467,-0.128451004624367,15.6960379933792,83.0254167088095,23,23,2006,7,"2006-08-05","LT05",2
-0.171453475952148,0.471409887075424,0.171453475952148,0.63553524017334,0.769190953973562,-0.08861745325,-0.0795999988913536,-0.120993003249168,12.4474495204142,86.4397252412076,24,24,2006,7,"2006-08-05","LT05",2
-0.398099929094315,0.681859612464905,0.398099929094315,0.718069672584534,0.766802682800995,-0.037512743,-0.107600003480911,-0.166336998343468,47.3668213100947,75.4096132578456,26,26,2006,7,"2006-08-05","LT05",2
-0.303086191415787,0.61295735836029,0.303086191415787,0.602503538131714,0.907835271416239,-0.03812761825,-0.0531000010669231,-0.0529821999371052,1.17537001725943,95.2830379933792,28,28,2006,7,"2006-08-05","LT05",2
-0.243993774056435,0.527188360691071,0.243993774056435,0.772043883800507,0.613319201554495,-0.04830679825,-0.100100003182888,-0.126315996050835,15.0241928019693,84.9091941165153,1,1,2006,8,"2006-08-21","LT05",2
-0.291396647691727,0.57304447889328,0.291396647691727,0.735618591308594,0.735054583261134,-0.04002097125,-0.0895000025629997,-0.152827993035317,39.7510178591308,80.6718155584882,2,2,2006,8,"2006-08-21","LT05",2
-0.238187655806541,0.567746520042419,0.238187655806541,0.717787742614746,0.866893009488987,-0.050641804,-0.0886000022292137,-0.151792004704475,37.2124167088095,80.7369574840845,3,3,2006,8,"2006-08-21","LT05",2
-0.226285174489021,0.51580673456192,0.226285174489021,0.742245197296143,0.737867455209602,-0.05377876475,-0.0859000012278557,-0.129688993096352,24.519410957203,82.8216273785474,4,4,2006,8,"2006-08-21","LT05",2
-0.349842488765717,0.635388970375061,0.349842488765717,0.76479572057724,0.682283218964441,-0.04533252475,-0.090599998831749,-0.109407000243664,6.64870741023682,89.0634714879892,5,5,2006,8,"2006-08-21","LT05",2
-0.341797798871994,0.601087689399719,0.341797798871994,0.667595744132996,0.740956007615993,-0.02853918225,-0.0917999967932701,-0.107192002236843,6.32572524120759,89.2954419375831,6,6,2006,8,"2006-08-21","LT05",2
-0.0133742336183786,0.178250655531883,0.0133742336183786,0.412579864263535,1.06041081081081,-0.105039269375,-0.088699996471405,-0.104301996529102,4.79519411651529,90.5771284723991,7,7,2006,8,"2006-08-21","LT05",2
-0.299213409423828,0.5511314868927,0.299213409423828,0.677826881408691,0.840469303784576,-0.03683280825,-0.0854000002145767,-0.0983740016818047,2.70762737854738,90.6412201597734,8,8,2006,8,"2006-08-21","LT05",2
-0.242742702364922,0.538393557071686,0.242742702364922,0.733835577964783,0.735863671572425,-0.04810415075,-0.0935999974608421,-0.0932584032416344,2.40276885946298,91.692429154288,9,9,2006,8,"2006-08-21","LT05",2
-0.142268121242523,0.442747414112091,0.142268121242523,0.627074539661407,0.965869532314212,-0.06472047025,-0.0826999992132187,-0.112493000924587,9.18144193758311,88.4778213100947,10,10,2006,8,"2006-08-21","LT05",2
-0.182977974414825,0.493722349405289,0.182977974414825,0.650083243846893,0.985799122127549,-0.0546184195,-0.0888999998569489,-0.0888196974992752,1.58222089522678,92.3915414763885,11,11,2006,8,"2006-08-21","LT05",2
-0.196820676326752,0.506465196609497,0.196820676326752,0.707038640975952,0.859813797313797,-0.0656607695,-0.0737000033259392,-0.0730312019586563,1.3616191353309,92.5614495204142,12,12,2006,8,"2006-08-21","LT05",2
-0.260259240865707,0.562550663948059,0.260259240865707,0.733144879341125,0.6404563675609,-0.04199678025,-0.0824000015854836,-0.117417998611927,11.578429154288,86.7801906400317,13,13,2006,8,"2006-08-21","LT05",2
-0.211431115865707,0.548342645168304,0.211431115865707,0.742612481117249,0.640914943573431,-0.05241555125,-0.0819000005722046,-0.118724003434181,12.2775414763885,86.7627074102368,14,14,2006,8,"2006-08-21","LT05",2
-0.311131685972214,0.600415289402008,0.311131685972214,0.672642052173615,0.772632217002576,-0.037945025125,0.0333999991416931,0.0332639999687672,0.622957484084543,97.850410957203,15,15,2006,8,"2006-08-21","LT05",2
-0.266995310783386,0.535972595214844,0.266995310783386,0.677638411521912,0.860780105099548,-0.0470078,-0.115199998021126,-0.115543000400066,8.94947148798914,88.3551928019693,16,16,2006,8,"2006-08-21","LT05",2
-0.316985845565796,0.557969987392426,0.316985845565796,0.742079615592957,0.74794026776519,-0.04096304975,-0.109999999403954,-0.130511999130249,26.7821906400317,82.516768859463,18,18,2006,8,"2006-08-21","LT05",2
-0.244027733802795,0.562580466270447,0.244027733802795,0.769252181053162,0.727357224000826,-0.04653336175,-0.115800000727177,-0.15599699318409,42.2896190094521,80.3480178591308,19,19,2006,8,"2006-08-21","LT05",2
-0.318899154663086,0.567833125591278,0.318899154663086,0.719836115837097,0.726287360460929,-0.040231756,-0.0790999978780746,-0.133031994104385,27.0580121075243,82.4046190094521,21,21,2006,8,"2006-08-21","LT05",2
-0.320871412754059,0.582372605800629,0.320871412754059,0.737451612949371,0.746504401864319,-0.03718861975,-0.109099999070167,-0.138340994715691,29.5966132578456,81.6962208952268,22,22,2006,8,"2006-08-21","LT05",2
-0.234403818845749,0.563500702381134,0.234403818845749,0.709436893463135,0.868812845896017,-0.05532193275,-0.0808999985456467,-0.128451004624367,15.6960379933792,83.0254167088095,23,23,2006,8,"2006-08-21","LT05",2
-0.101695977151394,0.433366507291794,0.101695977151394,0.669569730758667,0.962100330760749,-0.093632631,-0.0795999988913536,-0.120993003249168,12.4474495204142,86.4397252412076,24,24,2006,8,"2006-08-21","LT05",2
-0.320106953382492,0.661184430122375,0.320106953382492,0.748307049274445,0.623448866067608,-0.027859066,-0.0807999968528748,-0.117039002478123,10.4631284723991,87.0560121075243,25,25,2006,8,"2006-08-21","LT05",2
-0.311000883579254,0.641380250453949,0.311000883579254,0.742376208305359,0.866181919876949,-0.0520666945,-0.107600003480911,-0.166336998343468,47.3668213100947,75.4096132578456,26,26,2006,8,"2006-08-21","LT05",2
-0.262439459562302,0.515590131282806,0.262439459562302,0.715040624141693,0.883574190922043,-0.04434127625,-0.10589999705553,-0.163434997200966,44.8282201597734,77.9482144081669,27,27,2006,8,"2006-08-21","LT05",2
-0.247455835342407,0.523370683193207,0.247455835342407,0.647118270397186,0.801544700900578,-0.049718930125,-0.0531000010669231,-0.0529821999371052,1.17537001725943,95.2830379933792,28,28,2006,8,"2006-08-21","LT05",2
-0.328563243150711,0.727170288562775,0.328563243150711,0.722104787826538,0.676620606510248,-0.0201520315,-0.100100003182888,-0.126315996050835,15.0241928019693,84.9091941165153,1,1,2006,10,"2006-09-22","LT05",1
-0.347748517990112,0.677145481109619,0.347748517990112,0.678457140922546,1.03006491288008,-0.022051385,-0.0895000025629997,-0.152827993035317,39.7510178591308,80.6718155584882,2,2,2006,10,"2006-09-22","LT05",1
-0.310311287641525,0.64527016878128,0.310311287641525,0.653161108493805,0.987857602796431,-0.027793682,-0.0886000022292137,-0.151792004704475,37.2124167088095,80.7369574840845,3,3,2006,10,"2006-09-22","LT05",1
-0.287649512290955,0.547854483127594,0.287649512290955,0.653161108493805,0.987857602796431,-0.036195383,-0.0859000012278557,-0.129688993096352,24.519410957203,82.8216273785474,4,4,2006,10,"2006-09-22","LT05",1
-0.347574293613434,0.622857511043549,0.347574293613434,0.750604450702667,0.845444566410538,-0.0467673675,-0.090599998831749,-0.109407000243664,6.64870741023682,89.0634714879892,5,5,2006,10,"2006-09-22","LT05",1
0.0820556357502937,0.138807088136673,-0.0820556357502937,0.407473117113113,1.22597712106768,-0.137180553,-0.0917999967932701,-0.107192002236843,6.32572524120759,89.2954419375831,6,6,2006,10,"2006-09-22","LT05",1
0.170118600130081,-0.00174513913225383,-0.170118600130081,0.349629402160645,1.29874992068025,-0.2510108245,-0.088699996471405,-0.104301996529102,4.79519411651529,90.5771284723991,7,7,2006,10,"2006-09-22","LT05",1
-0.287183403968811,0.520834863185883,0.287183403968811,0.695910513401031,0.676145195208924,-0.0305575475,-0.0854000002145767,-0.0983740016818047,2.70762737854738,90.6412201597734,8,8,2006,10,"2006-09-22","LT05",1
-0.328671753406525,0.727227568626404,0.328671753406525,0.720361411571503,0.676202741238156,-0.0201298335,-0.0935999974608421,-0.0932584032416344,2.40276885946298,91.692429154288,9,9,2006,10,"2006-09-22","LT05",1
-0.116909727454185,0.448296219110489,0.116909727454185,0.625434815883636,0.832030172017294,-0.0470492755,-0.0826999992132187,-0.112493000924587,9.18144193758311,88.4778213100947,10,10,2006,10,"2006-09-22","LT05",1
-0.186036139726639,0.533820748329163,0.186036139726639,0.641639113426208,0.987857602796431,-0.04625259775,-0.0888999998569489,-0.0888196974992752,1.58222089522678,92.3915414763885,11,11,2006,10,"2006-09-22","LT05",1
-0.28347435593605,0.560997068881989,0.28347435593605,0.66390734910965,0.988858195211786,-0.037813318,-0.0737000033259392,-0.0730312019586563,1.3616191353309,92.5614495204142,12,12,2006,10,"2006-09-22","LT05",1
-0.208104372024536,0.48576146364212,0.208104372024536,0.606724441051483,0.997923744809362,-0.0398465415,-0.0824000015854836,-0.117417998611927,11.578429154288,86.7801906400317,13,13,2006,10,"2006-09-22","LT05",1
-0.310214161872864,0.594733536243439,0.310214161872864,0.654275119304657,0.99183900584253,-0.03089419975,-0.0819000005722046,-0.118724003434181,12.2775414763885,86.7627074102368,14,14,2006,10,"2006-09-22","LT05",1
-0.277478039264679,0.503057718276978,0.277478039264679,0.615893065929413,0.987869876860871,-0.03405613325,0.0333999991416931,0.0332639999687672,0.622957484084543,97.850410957203,15,15,2006,10,"2006-09-22","LT05",1
-0.266075253486633,0.547704041004181,0.266075253486633,0.701411664485931,0.833549944300037,-0.0400783115,-0.115199998021126,-0.115543000400066,8.94947148798914,88.3551928019693,16,16,2006,10,"2006-09-22","LT05",1
-0.265703111886978,0.547553479671478,0.265703111886978,0.708178162574768,0.84203932151118,-0.0404710225,-0.0780000016093254,-0.140134006738663,34.6738155584882,81.2893700172594,17,17,2006,10,"2006-09-22","LT05",1
-0.29207119345665,0.582244694232941,0.29207119345665,0.692789673805237,0.835267690003744,-0.033260275,-0.109999999403954,-0.130511999130249,26.7821906400317,82.516768859463,18,18,2006,10,"2006-09-22","LT05",1
-0.277478039264679,0.553315341472626,0.277478039264679,0.66666054725647,0.832030172017294,-0.032331534,-0.115800000727177,-0.15599699318409,42.2896190094521,80.3480178591308,19,19,2006,10,"2006-09-22","LT05",1
-0.273095488548279,0.522654056549072,0.273095488548279,0.732900142669678,0.86346276257161,-0.0294190365,-0.114600002765656,-0.139293998479843,32.1352144081669,81.4756191353309,20,20,2006,10,"2006-09-22","LT05",1
-0.286424309015274,0.520364999771118,0.286424309015274,0.71008288860321,0.678168740279938,-0.03138847925,-0.0790999978780746,-0.133031994104385,27.0580121075243,82.4046190094521,21,21,2006,10,"2006-09-22","LT05",1
-0.398302227258682,0.67806351184845,0.398302227258682,0.674741864204407,0.677410287641713,-0.0118355915,-0.109099999070167,-0.138340994715691,29.5966132578456,81.6962208952268,22,22,2006,10,"2006-09-22","LT05",1
-0.327080875635147,0.606998682022095,0.327080875635147,0.717874526977539,0.842766080741743,-0.031904085,-0.0808999985456467,-0.128451004624367,15.6960379933792,83.0254167088095,23,23,2006,10,"2006-09-22","LT05",1
-0.109544679522514,0.443934142589569,0.109544679522514,0.586312413215637,0.932148040638607,-0.071106545,-0.0795999988913536,-0.120993003249168,12.4474495204142,86.4397252412076,24,24,2006,10,"2006-09-22","LT05",1
-0.385889917612076,0.623784124851227,0.385889917612076,0.68676096200943,0.676290382473078,-0.0163070915,-0.0807999968528748,-0.117039002478123,10.4631284723991,87.0560121075243,25,25,2006,10,"2006-09-22","LT05",1
-0.340845614671707,0.675153255462646,0.340845614671707,0.766849339008331,0.844645675832849,-0.04213067775,-0.107600003480911,-0.166336998343468,47.3668213100947,75.4096132578456,26,26,2006,10,"2006-09-22","LT05",1
-0.314817190170288,0.577528953552246,0.314817190170288,0.701480209827423,0.843443770415306,-0.02662048525,-0.10589999705553,-0.163434997200966,44.8282201597734,77.9482144081669,27,27,2006,10,"2006-09-22","LT05",1
-0.255702257156372,0.537288188934326,0.255702257156372,0.72342973947525,0.678627450980392,-0.03519624475,-0.0531000010669231,-0.0529821999371052,1.17537001725943,95.2830379933792,28,28,2006,10,"2006-09-22","LT05",1
-0.544513583183289,0.683019518852234,0.544513583183289,0.294125258922577,0.997413252508361,0.023942805,-0.100100003182888,-0.126315996050835,15.0241928019693,84.9091941165153,1,1,2007,1,"2007-05-01","LT05",1
-0.48725500702858,0.665313601493835,0.48725500702858,0.400185585021973,0.968185104844541,0.0057215745,-0.0895000025629997,-0.152827993035317,39.7510178591308,80.6718155584882,2,2,2007,1,"2007-05-01","LT05",1
-0.533262550830841,0.726351261138916,0.533262550830841,0.320807695388794,0.920291773995522,0.02625732325,-0.0886000022292137,-0.151792004704475,37.2124167088095,80.7369574840845,3,3,2007,1,"2007-05-01","LT05",1
-0.553375840187073,0.739557087421417,0.553375840187073,0.303144931793213,1.05109507279674,0.03043169675,-0.0859000012278557,-0.129688993096352,24.519410957203,82.8216273785474,4,4,2007,1,"2007-05-01","LT05",1
-0.275736272335052,0.539246261119843,0.275736272335052,0.692211866378784,0.798491379310345,-0.06190345825,-0.090599998831749,-0.109407000243664,6.64870741023682,89.0634714879892,5,5,2007,1,"2007-05-01","LT05",1
-0.831649363040924,0.878128588199615,0.831649363040924,-0.0413989536464214,1.01770470634353,0.36020748375,-0.0917999967932701,-0.107192002236843,6.32572524120759,89.2954419375831,6,6,2007,1,"2007-05-01","LT05",1
-0.499743491411209,0.63563996553421,0.499743491411209,0.0261062569916248,1.03972592962672,0.1145261275,-0.088699996471405,-0.104301996529102,4.79519411651529,90.5771284723991,7,7,2007,1,"2007-05-01","LT05",1
-0.396136105060577,0.56117981672287,0.396136105060577,0.380848318338394,0.990176283295798,-0.00916291874999999,-0.0854000002145767,-0.0983740016818047,2.70762737854738,90.6412201597734,8,8,2007,1,"2007-05-01","LT05",1
-0.535354852676392,0.688360750675201,0.535354852676392,0.31729793548584,1.00208316424533,0.02109664025,-0.0935999974608421,-0.0932584032416344,2.40276885946298,91.692429154288,9,9,2007,1,"2007-05-01","LT05",1
-0.596135437488556,0.774193227291107,0.596135437488556,0.196797281503677,0.929788823249813,0.05724697425,-0.0826999992132187,-0.112493000924587,9.18144193758311,88.4778213100947,10,10,2007,1,"2007-05-01","LT05",1
-0.495456874370575,0.721730887889862,0.495456874370575,0.296414494514465,0.98710305086437,0.02248319025,-0.0888999998569489,-0.0888196974992752,1.58222089522678,92.3915414763885,11,11,2007,1,"2007-05-01","LT05",1
-0.481492638587952,0.662365078926086,0.481492638587952,0.290104746818542,1.00484907542748,0.018185768,-0.0737000033259392,-0.0730312019586563,1.3616191353309,92.5614495204142,12,12,2007,1,"2007-05-01","LT05",1
-0.414405584335327,0.659075319766998,0.414405584335327,0.37472540140152,0.965771789863948,4.43259999999834e-05,-0.0824000015854836,-0.117417998611927,11.578429154288,86.7801906400317,13,13,2007,1,"2007-05-01","LT05",1
-0.480475693941116,0.693497955799103,0.480475693941116,0.327704757452011,0.96408327456051,0.015645186,-0.0819000005722046,-0.118724003434181,12.2775414763885,86.7627074102368,14,14,2007,1,"2007-05-01","LT05",1
-0.580090343952179,0.741411924362183,0.580090343952179,0.237122446298599,0.954940036257147,0.05040339575,0.0333999991416931,0.0332639999687672,0.622957484084543,97.850410957203,15,15,2007,1,"2007-05-01","LT05",1
-0.577977180480957,0.763072550296783,0.577977180480957,0.295242577791214,0.941804160688666,0.0376951865,-0.115199998021126,-0.115543000400066,8.94947148798914,88.3551928019693,16,16,2007,1,"2007-05-01","LT05",1
-0.526447892189026,0.717953443527222,0.526447892189026,0.176069349050522,1.03419727020332,0.04885146075,-0.0780000016093254,-0.140134006738663,34.6738155584882,81.2893700172594,17,17,2007,1,"2007-05-01","LT05",1
-0.533451676368713,0.726246356964111,0.533451676368713,0.336414724588394,1.00660210066839,0.0225747405,-0.109999999403954,-0.130511999130249,26.7821906400317,82.516768859463,18,18,2007,1,"2007-05-01","LT05",1
-0.558576762676239,0.721730887889862,0.558576762676239,0.311809003353119,0.956273906847671,0.02836298175,-0.115800000727177,-0.15599699318409,42.2896190094521,80.3480178591308,19,19,2007,1,"2007-05-01","LT05",1
-0.611527681350708,0.696718156337738,0.611527681350708,0.144482955336571,0.962655929259435,0.0603409415,-0.114600002765656,-0.139293998479843,32.1352144081669,81.4756191353309,20,20,2007,1,"2007-05-01","LT05",1
-0.438783556222916,0.636241137981415,0.438783556222916,0.297685593366623,0.974918960496676,0.008267189,-0.0790999978780746,-0.133031994104385,27.0580121075243,82.4046190094521,21,21,2007,1,"2007-05-01","LT05",1
-0.770067036151886,0.832240641117096,0.770067036151886,-0.0378696881234646,0.990198937273199,0.17008881325,-0.109099999070167,-0.138340994715691,29.5966132578456,81.6962208952268,22,22,2007,1,"2007-05-01","LT05",1
-0.396414428949356,0.614584386348724,0.396414428949356,0.313877701759338,1.00057849066526,4.82475000000218e-05,-0.0808999985456467,-0.128451004624367,15.6960379933792,83.0254167088095,23,23,2007,1,"2007-05-01","LT05",1
-0.135088995099068,0.333742290735245,0.135088995099068,0.386150449514389,1.06859739985202,-0.07408299375,-0.0795999988913536,-0.120993003249168,12.4474495204142,86.4397252412076,24,24,2007,1,"2007-05-01","LT05",1
-0.504064202308655,0.726846754550934,0.504064202308655,0.295864254236221,0.894047708631199,0.023701201,-0.0807999968528748,-0.117039002478123,10.4631284723991,87.0560121075243,25,25,2007,1,"2007-05-01","LT05",1
-0.221186861395836,0.47894811630249,0.221186861395836,0.655105888843536,0.865622645570982,-0.0718231565,-0.107600003480911,-0.166336998343468,47.3668213100947,75.4096132578456,26,26,2007,1,"2007-05-01","LT05",1
-0.461854070425034,0.62958163022995,0.461854070425034,0.355318635702133,0.910681234700579,0.00569345025000001,-0.10589999705553,-0.163434997200966,44.8282201597734,77.9482144081669,27,27,2007,1,"2007-05-01","LT05",1
-0.33467099070549,0.585758328437805,0.33467099070549,0.300810933113098,0.991051521542633,-0.00778053499999998,-0.0531000010669231,-0.0529821999371052,1.17537001725943,95.2830379933792,28,28,2007,1,"2007-05-01","LT05",1
-0.205947250127792,0.48922336101532,0.205947250127792,0.6487175822258,0.866504854368932,-0.06018901475,-0.100100003182888,-0.126315996050835,15.0241928019693,84.9091941165153,1,1,2007,5,"2007-07-04","LT05",1
-0.276707887649536,0.548516631126404,0.276707887649536,0.684097647666931,0.784645997817575,-0.047648891,-0.0895000025629997,-0.152827993035317,39.7510178591308,80.6718155584882,2,2,2007,5,"2007-07-04","LT05",1
-0.205284535884857,0.490876853466034,0.205284535884857,0.667111337184906,0.787298095293232,-0.06475338775,-0.0886000022292137,-0.151792004704475,37.2124167088095,80.7369574840845,3,3,2007,5,"2007-07-04","LT05",1
-0.1946652084589,0.49907922744751,0.1946652084589,0.624763667583466,0.934752267969295,-0.0655892805,-0.0859000012278557,-0.129688993096352,24.519410957203,82.8216273785474,4,4,2007,5,"2007-07-04","LT05",1
-0.320411086082458,0.600271821022034,0.320411086082458,0.748691082000732,0.7972803721596,-0.060311464,-0.090599998831749,-0.109407000243664,6.64870741023682,89.0634714879892,5,5,2007,5,"2007-07-04","LT05",1
0.176594272255898,0.00809076894074678,-0.176594272255898,0.296448439359665,1.27744028497821,-0.2130277365,-0.0917999967932701,-0.107192002236843,6.32572524120759,89.2954419375831,6,6,2007,5,"2007-07-04","LT05",1
0.205371409654617,-0.0213455650955439,-0.205371409654617,0.266111314296722,1.2606277411609,-0.2727066195,-0.088699996471405,-0.104301996529102,4.79519411651529,90.5771284723991,7,7,2007,5,"2007-07-04","LT05",1
-0.285627454519272,0.571174621582031,0.285627454519272,0.68502527475357,0.782316771503286,-0.040637304,-0.0854000002145767,-0.0983740016818047,2.70762737854738,90.6412201597734,8,8,2007,5,"2007-07-04","LT05",1
-0.21757085621357,0.489289045333862,0.21757085621357,0.622884809970856,0.947193240734814,-0.0573642395,-0.0935999974608421,-0.0932584032416344,2.40276885946298,91.692429154288,9,9,2007,5,"2007-07-04","LT05",1
-0.041847825050354,0.344430685043335,0.041847825050354,0.557121694087982,0.992345163535142,-0.0998219515,-0.0826999992132187,-0.112493000924587,9.18144193758311,88.4778213100947,10,10,2007,5,"2007-07-04","LT05",1
-0.121155828237534,0.441384553909302,0.121155828237534,0.596204459667206,0.934280742459396,-0.0752185265,-0.0888999998569489,-0.0888196974992752,1.58222089522678,92.3915414763885,11,11,2007,5,"2007-07-04","LT05",1
-0.204425722360611,0.50008100271225,0.204425722360611,0.668438494205475,0.948273640814223,-0.07132044,-0.0737000033259392,-0.0730312019586563,1.3616191353309,92.5614495204142,12,12,2007,5,"2007-07-04","LT05",1
-0.207026913762093,0.514234244823456,0.207026913762093,0.686393976211548,0.782689027856737,-0.055216913,-0.0824000015854836,-0.117417998611927,11.578429154288,86.7801906400317,13,13,2007,5,"2007-07-04","LT05",1
-0.183629840612411,0.441384553909302,0.183629840612411,0.647778868675232,0.787433464475816,-0.0670465715,-0.0819000005722046,-0.118724003434181,12.2775414763885,86.7627074102368,14,14,2007,5,"2007-07-04","LT05",1
-0.194258764386177,0.435423880815506,0.194258764386177,0.677788376808167,0.855339600718285,-0.09084119675,0.0333999991416931,0.0332639999687672,0.622957484084543,97.850410957203,15,15,2007,5,"2007-07-04","LT05",1
-0.164120182394981,0.446193695068359,0.164120182394981,0.693834185600281,0.784203821656051,-0.07773107775,-0.115199998021126,-0.115543000400066,8.94947148798914,88.3551928019693,16,16,2007,5,"2007-07-04","LT05",1
-0.212576910853386,0.50780725479126,0.212576910853386,0.709130942821503,0.867393800229621,-0.077001973,-0.0780000016093254,-0.140134006738663,34.6738155584882,81.2893700172594,17,17,2007,5,"2007-07-04","LT05",1
-0.218306139111519,0.505623161792755,0.218306139111519,0.669467628002167,0.784203821656051,-0.0561130995,-0.109999999403954,-0.130511999130249,26.7821906400317,82.516768859463,18,18,2007,5,"2007-07-04","LT05",1
-0.194706156849861,0.480264186859131,0.194706156849861,0.641883254051208,0.865896470287866,-0.06076997975,-0.115800000727177,-0.15599699318409,42.2896190094521,80.3480178591308,19,19,2007,5,"2007-07-04","LT05",1
-0.172239556908607,0.480128079652786,0.172239556908607,0.640349864959717,0.865853658536585,-0.06398573075,-0.114600002765656,-0.139293998479843,32.1352144081669,81.4756191353309,20,20,2007,5,"2007-07-04","LT05",1
-0.0724686160683632,0.310823380947113,0.0724686160683632,0.53747171163559,1.01024148967123,-0.08531282775,-0.0790999978780746,-0.133031994104385,27.0580121075243,82.4046190094521,21,21,2007,5,"2007-07-04","LT05",1
-0.255397439002991,0.544377207756042,0.255397439002991,0.665136992931366,0.859617716694578,-0.05749833225,-0.109099999070167,-0.138340994715691,29.5966132578456,81.6962208952268,22,22,2007,5,"2007-07-04","LT05",1
-0.2362330108881,0.506849050521851,0.2362330108881,0.705559730529785,0.786359848727646,-0.06370121575,-0.0808999985456467,-0.128451004624367,15.6960379933792,83.0254167088095,23,23,2007,5,"2007-07-04","LT05",1
-0.176185593008995,0.453688561916351,0.176185593008995,0.678055882453918,0.790375247577752,-0.0835398285,-0.0795999988913536,-0.120993003249168,12.4474495204142,86.4397252412076,24,24,2007,5,"2007-07-04","LT05",1
-0.299750864505768,0.571174621582031,0.299750864505768,0.716181933879852,0.692133719697505,-0.03992277425,-0.0807999968528748,-0.117039002478123,10.4631284723991,87.0560121075243,25,25,2007,5,"2007-07-04","LT05",1
-0.252540051937103,0.514261543750763,0.252540051937103,0.727257430553436,0.79087180154958,-0.0673190745,-0.107600003480911,-0.166336998343468,47.3668213100947,75.4096132578456,26,26,2007,5,"2007-07-04","LT05",1
-0.234206855297089,0.495063573122025,0.234206855297089,0.671182036399841,0.78292544914415,-0.04956276175,-0.10589999705553,-0.163434997200966,44.8282201597734,77.9482144081669,27,27,2007,5,"2007-07-04","LT05",1
-0.0633679777383804,0.296096175909042,0.0633679777383804,0.594741463661194,0.966988210075026,-0.084338027,-0.0531000010669231,-0.0529821999371052,1.17537001725943,95.2830379933792,28,28,2007,5,"2007-07-04","LT05",1
-0.194110214710236,0.55226069688797,0.194110214710236,0.696561753749847,0.781562667074009,-0.05305258875,-0.100100003182888,-0.126315996050835,15.0241928019693,84.9091941165153,1,1,2007,6,"2007-07-20","LT05",1
-0.285437315702438,0.622211158275604,0.285437315702438,0.765279233455658,0.67148635855065,-0.04061844175,-0.0895000025629997,-0.152827993035317,39.7510178591308,80.6718155584882,2,2,2007,6,"2007-07-20","LT05",1
-0.193547442555428,0.470469504594803,0.193547442555428,0.656303405761719,0.969931662870159,-0.062968998,-0.0886000022292137,-0.151792004704475,37.2124167088095,80.7369574840845,3,3,2007,6,"2007-07-20","LT05",1
-0.229370251297951,0.549363434314728,0.229370251297951,0.685580551624298,0.87586732748761,-0.05245866575,-0.0859000012278557,-0.129688993096352,24.519410957203,82.8216273785474,4,4,2007,6,"2007-07-20","LT05",1
-0.322816491127014,0.622722506523132,0.322816491127014,0.714760065078735,0.876592508081384,-0.04951052275,-0.090599998831749,-0.109407000243664,6.64870741023682,89.0634714879892,5,5,2007,6,"2007-07-20","LT05",1
0.191771075129509,0.000488024379592389,-0.191771075129509,0.288367986679077,1.38708240534521,-0.23563811825,-0.0917999967932701,-0.107192002236843,6.32572524120759,89.2954419375831,6,6,2007,6,"2007-07-20","LT05",1
0.217475146055222,-0.0298297647386789,-0.217475146055222,0.253509134054184,1.28868040982595,-0.276297971,-0.088699996471405,-0.104301996529102,4.79519411651529,90.5771284723991,7,7,2007,6,"2007-07-20","LT05",1
-0.294158309698105,0.565196096897125,0.294158309698105,0.74718451499939,0.671136926625096,-0.0393785685,-0.0854000002145767,-0.0983740016818047,2.70762737854738,90.6412201597734,8,8,2007,6,"2007-07-20","LT05",1
-0.23406845331192,0.513544321060181,0.23406845331192,0.688478410243988,0.782476422269546,-0.04890820125,-0.0935999974608421,-0.0932584032416344,2.40276885946298,91.692429154288,9,9,2007,6,"2007-07-20","LT05",1
-0.023602195084095,0.323140561580658,0.023602195084095,0.609350204467773,0.95393698084712,-0.09596391875,-0.0826999992132187,-0.112493000924587,9.18144193758311,88.4778213100947,10,10,2007,6,"2007-07-20","LT05",1
-0.157990634441376,0.416091114282608,0.157990634441376,0.664474666118622,0.875550493545938,-0.067952922,-0.0888999998569489,-0.0888196974992752,1.58222089522678,92.3915414763885,11,11,2007,6,"2007-07-20","LT05",1
-0.203178897500038,0.489502012729645,0.203178897500038,0.690325736999512,0.869625137816979,-0.06850559225,-0.0737000033259392,-0.0730312019586563,1.3616191353309,92.5614495204142,12,12,2007,6,"2007-07-20","LT05",1
-0.181901961565018,0.45777639746666,0.181901961565018,0.690552294254303,0.88552597346284,-0.06091687375,-0.0824000015854836,-0.117417998611927,11.578429154288,86.7801906400317,13,13,2007,6,"2007-07-20","LT05",1
-0.182076543569565,0.44596341252327,0.182076543569565,0.656303405761719,0.969931662870159,-0.06683936725,-0.0819000005722046,-0.118724003434181,12.2775414763885,86.7627074102368,14,14,2007,6,"2007-07-20","LT05",1
-0.1825150847435,0.476934969425201,0.1825150847435,0.706685304641724,0.869429559791087,-0.08021172625,0.0333999991416931,0.0332639999687672,0.622957484084543,97.850410957203,15,15,2007,6,"2007-07-20","LT05",1
-0.150620371103287,0.488155156373978,0.150620371103287,0.722923934459686,0.701475365457499,-0.072983629,-0.115199998021126,-0.115543000400066,8.94947148798914,88.3551928019693,16,16,2007,6,"2007-07-20","LT05",1
-0.191530928015709,0.491446793079376,0.191530928015709,0.693353593349457,0.955065359477124,-0.07992258575,-0.0780000016093254,-0.140134006738663,34.6738155584882,81.2893700172594,17,17,2007,6,"2007-07-20","LT05",1
-0.217911168932915,0.513257622718811,0.217911168932915,0.676481664180756,0.873992011455272,-0.05501585225,-0.109999999403954,-0.130511999130249,26.7821906400317,82.516768859463,18,18,2007,6,"2007-07-20","LT05",1
-0.181944370269775,0.430957525968552,0.181944370269775,0.658158779144287,1.14078777656514,-0.0628731715,-0.115800000727177,-0.15599699318409,42.2896190094521,80.3480178591308,19,19,2007,6,"2007-07-20","LT05",1
-0.181945130228996,0.486696779727936,0.181945130228996,0.64865642786026,0.868683442989894,-0.060498651,-0.114600002765656,-0.139293998479843,32.1352144081669,81.4756191353309,20,20,2007,6,"2007-07-20","LT05",1
-0.030267184600234,0.324181705713272,0.030267184600234,0.545361042022705,1.00124589421226,-0.095721773,-0.0790999978780746,-0.133031994104385,27.0580121075243,82.4046190094521,21,21,2007,6,"2007-07-20","LT05",1
-0.269372016191483,0.536516427993774,0.269372016191483,0.711690664291382,0.784693532001355,-0.054561588,-0.109099999070167,-0.138340994715691,29.5966132578456,81.6962208952268,22,22,2007,6,"2007-07-20","LT05",1
-0.182298511266708,0.466902583837509,0.182298511266708,0.687980651855469,0.973070155305639,-0.07466445925,-0.0808999985456467,-0.128451004624367,15.6960379933792,83.0254167088095,23,23,2007,6,"2007-07-20","LT05",1
-0.138333708047867,0.425130724906921,0.138333708047867,0.690342783927917,0.792275752232524,-0.093897555,-0.0795999988913536,-0.120993003249168,12.4474495204142,86.4397252412076,24,24,2007,6,"2007-07-20","LT05",1
-0.302747696638107,0.582904398441315,0.302747696638107,0.757874667644501,0.594776175737903,-0.03905194275,-0.0807999968528748,-0.117039002478123,10.4631284723991,87.0560121075243,25,25,2007,6,"2007-07-20","LT05",1
-0.233977749943733,0.524431943893433,0.233977749943733,0.76248961687088,0.715225976305397,-0.07837061225,-0.107600003480911,-0.166336998343468,47.3668213100947,75.4096132578456,26,26,2007,6,"2007-07-20","LT05",1
-0.194425404071808,0.4850894510746,0.194425404071808,0.686460137367249,0.882879045996593,-0.056849698,-0.10589999705553,-0.163434997200966,44.8282201597734,77.9482144081669,27,27,2007,6,"2007-07-20","LT05",1
-0.0763581022620201,0.366841822862625,0.0763581022620201,0.596328318119049,0.943316570435215,-0.08565145175,-0.0531000010669231,-0.0529821999371052,1.17537001725943,95.2830379933792,28,28,2007,6,"2007-07-20","LT05",1
-0.223913803696632,0.546182096004486,0.223913803696632,0.71082615852356,0.776792565436099,-0.04743531775,-0.100100003182888,-0.126315996050835,15.0241928019693,84.9091941165153,1,1,2007,7,"2007-08-05","LT05",2
-0.326826423406601,0.668163418769836,0.326826423406601,0.753355145454407,0.584225475202097,-0.030071034,-0.0895000025629997,-0.152827993035317,39.7510178591308,80.6718155584882,2,2,2007,7,"2007-08-05","LT05",2
-0.207799986004829,0.485023111104965,0.207799986004829,0.66311776638031,0.875637330968743,-0.05642904425,-0.0886000022292137,-0.151792004704475,37.2124167088095,80.7369574840845,3,3,2007,7,"2007-08-05","LT05",2
-0.234610348939896,0.543551921844482,0.234610348939896,0.632600128650665,0.970809376382132,-0.0473256505,-0.0859000012278557,-0.129688993096352,24.519410957203,82.8216273785474,4,4,2007,7,"2007-08-05","LT05",2
-0.340143024921417,0.635200619697571,0.340143024921417,0.731328547000885,0.72223450104984,-0.045787768,-0.090599998831749,-0.109407000243664,6.64870741023682,89.0634714879892,5,5,2007,7,"2007-08-05","LT05",2
0.180727019906044,0.0189444571733475,-0.180727019906044,0.293632984161377,1.4121379869034,-0.2209976105,-0.0917999967932701,-0.107192002236843,6.32572524120759,89.2954419375831,6,6,2007,7,"2007-08-05","LT05",2
0.208303272724152,-0.0237411372363567,-0.208303272724152,0.283546090126038,1.2654117887112,-0.277621601,-0.088699996471405,-0.104301996529102,4.79519411651529,90.5771284723991,7,7,2007,7,"2007-08-05","LT05",2
-0.318060606718063,0.61511367559433,0.318060606718063,0.737424194812775,0.770898419009751,-0.033383596,-0.0854000002145767,-0.0983740016818047,2.70762737854738,90.6412201597734,8,8,2007,7,"2007-08-05","LT05",2
-0.254202216863632,0.580355048179626,0.254202216863632,0.705672204494476,0.680134434134581,-0.04035989775,-0.0935999974608421,-0.0932584032416344,2.40276885946298,91.692429154288,9,9,2007,7,"2007-08-05","LT05",2
-0.0559316836297512,0.321916371583939,0.0559316836297512,0.595147788524628,0.952907857472173,-0.0890717615,-0.0826999992132187,-0.112493000924587,9.18144193758311,88.4778213100947,10,10,2007,7,"2007-08-05","LT05",2
-0.156412228941917,0.493664741516113,0.156412228941917,0.64657860994339,0.871905668668522,-0.0588657175,-0.0888999998569489,-0.0888196974992752,1.58222089522678,92.3915414763885,11,11,2007,7,"2007-08-05","LT05",2
-0.193915665149689,0.50465601682663,0.193915665149689,0.669159829616547,0.973862033117992,-0.06531932675,-0.0737000033259392,-0.0730312019586563,1.3616191353309,92.5614495204142,12,12,2007,7,"2007-08-05","LT05",2
-0.18151019513607,0.452944666147232,0.18151019513607,0.677621245384216,0.892817107872725,-0.058617365,-0.0824000015854836,-0.117417998611927,11.578429154288,86.7801906400317,13,13,2007,7,"2007-08-05","LT05",2
-0.219935148954391,0.494688332080841,0.219935148954391,0.67095023393631,0.877478280240588,-0.05583893275,-0.0819000005722046,-0.118724003434181,12.2775414763885,86.7627074102368,14,14,2007,7,"2007-08-05","LT05",2
-0.224916249513626,0.489476233720779,0.224916249513626,0.689349472522736,0.866501370220541,-0.06802159775,0.0333999991416931,0.0332639999687672,0.622957484084543,97.850410957203,15,15,2007,7,"2007-08-05","LT05",2
-0.170782044529915,0.48633274435997,0.170782044529915,0.708089172840118,0.78307378838597,-0.068212181,-0.115199998021126,-0.115543000400066,8.94947148798914,88.3551928019693,16,16,2007,7,"2007-08-05","LT05",2
-0.192356646060944,0.519804060459137,0.192356646060944,0.693858027458191,0.791130952380952,-0.07152266675,-0.0780000016093254,-0.140134006738663,34.6738155584882,81.2893700172594,17,17,2007,7,"2007-08-05","LT05",2
-0.259902626276016,0.522677898406982,0.259902626276016,0.695457756519318,0.783701114266987,-0.04888534325,-0.109999999403954,-0.130511999130249,26.7821906400317,82.516768859463,18,18,2007,7,"2007-08-05","LT05",2
-0.209004193544388,0.524299085140228,0.209004193544388,0.715142905712128,0.680558634449124,-0.05158086025,-0.115800000727177,-0.15599699318409,42.2896190094521,80.3480178591308,19,19,2007,7,"2007-08-05","LT05",2
-0.194903627038002,0.408537834882736,0.194903627038002,0.643196523189545,0.8820938257103,-0.059983961,-0.114600002765656,-0.139293998479843,32.1352144081669,81.4756191353309,20,20,2007,7,"2007-08-05","LT05",2
-0.0118658011779189,0.243433907628059,0.0118658011779189,0.557538092136383,1.05149812734082,-0.10100403625,-0.0790999978780746,-0.133031994104385,27.0580121075243,82.4046190094521,21,21,2007,7,"2007-08-05","LT05",2
-0.334216207265854,0.579414129257202,0.334216207265854,0.707044899463654,0.787443070917372,-0.042658235,-0.109099999070167,-0.138340994715691,29.5966132578456,81.6962208952268,22,22,2007,7,"2007-08-05","LT05",2
-0.205493271350861,0.445714592933655,0.205493271350861,0.693984925746918,0.885573272589218,-0.0682751285,-0.0808999985456467,-0.128451004624367,15.6960379933792,83.0254167088095,23,23,2007,7,"2007-08-05","LT05",2
-0.125855430960655,0.391751796007156,0.125855430960655,0.651422798633575,1.05757987763426,-0.0970817195,-0.0795999988913536,-0.120993003249168,12.4474495204142,86.4397252412076,24,24,2007,7,"2007-08-05","LT05",2
-0.317693412303925,0.579677820205688,0.317693412303925,0.7007155418396,0.779240006580029,-0.034149812,-0.0807999968528748,-0.117039002478123,10.4631284723991,87.0560121075243,25,25,2007,7,"2007-08-05","LT05",2
-0.248206317424774,0.561469972133636,0.248206317424774,0.729534983634949,0.793164696514975,-0.06829565725,-0.107600003480911,-0.166336998343468,47.3668213100947,75.4096132578456,26,26,2007,7,"2007-08-05","LT05",2
-0.266438603401184,0.588769733905792,0.266438603401184,0.707384049892426,0.781558998022412,-0.04042071125,-0.10589999705553,-0.163434997200966,44.8282201597734,77.9482144081669,27,27,2007,7,"2007-08-05","LT05",2
-0.0217335112392902,0.286589562892914,0.0217335112392902,0.586450099945068,0.965397229101131,-0.09570051275,-0.0531000010669231,-0.0529821999371052,1.17537001725943,95.2830379933792,28,28,2007,7,"2007-08-05","LT05",2
-0.281823515892029,0.539708375930786,0.281823515892029,0.717007458209991,0.648851908152652,-0.036790494,-0.100100003182888,-0.126315996050835,15.0241928019693,84.9091941165153,1,1,2007,8,"2007-08-21","LT05",2
-0.385278522968292,0.636366486549377,0.385278522968292,0.73093444108963,0.749057124459572,-0.02414103575,-0.0895000025629997,-0.152827993035317,39.7510178591308,80.6718155584882,2,2,2007,8,"2007-08-21","LT05",2
-0.261628270149231,0.550839722156525,0.261628270149231,0.685275793075562,0.755536084116616,-0.03859500275,-0.0886000022292137,-0.151792004704475,37.2124167088095,80.7369574840845,3,3,2007,8,"2007-08-21","LT05",2
-0.275874257087708,0.561445355415344,0.275874257087708,0.657090425491333,0.864067607430439,-0.0369876525,-0.0859000012278557,-0.129688993096352,24.519410957203,82.8216273785474,4,4,2007,8,"2007-08-21","LT05",2
-0.281926393508911,0.57751852273941,0.281926393508911,0.63936448097229,0.761071277941797,-0.03133621,-0.0935999974608421,-0.0932584032416344,2.40276885946298,91.692429154288,9,9,2007,8,"2007-08-21","LT05",2
-0.230117470026016,0.469251900911331,0.230117470026016,0.639064192771912,0.997974217311234,-0.0456174,-0.0888999998569489,-0.0888196974992752,1.58222089522678,92.3915414763885,11,11,2007,8,"2007-08-21","LT05",2
-0.231276512145996,0.527927994728088,0.231276512145996,0.670326948165894,0.759169494264017,-0.0399852185,-0.0824000015854836,-0.117417998611927,11.578429154288,86.7801906400317,13,13,2007,8,"2007-08-21","LT05",2
-0.227262601256371,0.493056952953339,0.227262601256371,0.657319188117981,-1.40264282938204,-0.059328801,-0.0819000005722046,-0.118724003434181,12.2775414763885,86.7627074102368,14,14,2007,8,"2007-08-21","LT05",2
-0.252507627010345,0.566039204597473,0.252507627010345,0.704698622226715,0.770950434338273,-0.054612969,-0.0780000016093254,-0.140134006738663,34.6738155584882,81.2893700172594,17,17,2007,8,"2007-08-21","LT05",2
-0.358403593301773,0.617437303066254,0.358403593301773,0.677156627178192,0.75532169337479,-0.0235273815,-0.115800000727177,-0.15599699318409,42.2896190094521,80.3480178591308,19,19,2007,8,"2007-08-21","LT05",2
-0.165493130683899,0.408854335546494,0.165493130683899,0.547484517097473,1.08805692568934,-0.05011652925,-0.114600002765656,-0.139293998479843,32.1352144081669,81.4756191353309,20,20,2007,8,"2007-08-21","LT05",2
-0.331855624914169,0.590205013751984,0.331855624914169,0.616962194442749,1.08279948750801,-0.03115295275,-0.109099999070167,-0.138340994715691,29.5966132578456,81.6962208952268,22,22,2007,8,"2007-08-21","LT05",2
-0.223767593502998,0.524873375892639,0.223767593502998,0.718907654285431,0.761963089988568,-0.05205262275,-0.0808999985456467,-0.128451004624367,15.6960379933792,83.0254167088095,23,23,2007,8,"2007-08-21","LT05",2
-0.139538675546646,0.42279639840126,0.139538675546646,0.638040363788605,1.06198974062568,-0.0812741585,-0.0795999988913536,-0.120993003249168,12.4474495204142,86.4397252412076,24,24,2007,8,"2007-08-21","LT05",2
-0.338293492794037,0.617591440677643,0.338293492794037,-0.556136012077332,-11.9531499064384,0.08463272275,-0.0807999968528748,-0.117039002478123,10.4631284723991,87.0560121075243,25,25,2007,8,"2007-08-21","LT05",2
-0.285203337669373,0.607366502285004,0.285203337669373,-0.458002001047134,53.0995024875621,0.05603190325,-0.10589999705553,-0.163434997200966,44.8282201597734,77.9482144081669,27,27,2007,8,"2007-08-21","LT05",2
-0.278718143701553,0.531221985816956,0.278718143701553,0.682784378528595,0.626181379449024,-0.0356439255,-0.100100003182888,-0.126315996050835,15.0241928019693,84.9091941165153,1,1,2007,9,"2007-09-06","LT05",2
-0.060028687119484,0.285389363765717,0.060028687119484,0.533249020576477,1.24940851735016,-0.09916705,-0.0895000025629997,-0.152827993035317,39.7510178591308,80.6718155584882,2,2,2007,9,"2007-09-06","LT05",2
-0.272229731082916,0.556400239467621,0.272229731082916,0.656846702098846,0.84064048799085,-0.038085029,-0.0886000022292137,-0.151792004704475,37.2124167088095,80.7369574840845,3,3,2007,9,"2007-09-06","LT05",2
-0.272421002388,0.556542813777924,0.272421002388,0.697933912277222,0.718761854184052,-0.0391573585,-0.0859000012278557,-0.129688993096352,24.519410957203,82.8216273785474,4,4,2007,9,"2007-09-06","LT05",2
-0.332529842853546,0.594964742660522,0.332529842853546,0.741879761219025,0.854590925330475,-0.05085831425,-0.090599998831749,-0.109407000243664,6.64870741023682,89.0634714879892,5,5,2007,9,"2007-09-06","LT05",2
0.167683139443398,0.0361773073673248,-0.167683139443398,0.286219000816345,1.32440507574959,-0.1862867145,-0.0917999967932701,-0.107192002236843,6.32572524120759,89.2954419375831,6,6,2007,9,"2007-09-06","LT05",2
0.174338832497597,-0.0104222297668457,-0.174338832497597,0.27738493680954,1.27069864442127,-0.24954447775,-0.088699996471405,-0.104301996529102,4.79519411651529,90.5771284723991,7,7,2007,9,"2007-09-06","LT05",2
-0.406315386295319,0.729116201400757,0.406315386295319,0.694330453872681,1.03561460310372,-0.016538086,-0.0854000002145767,-0.0983740016818047,2.70762737854738,90.6412201597734,8,8,2007,9,"2007-09-06","LT05",2
-0.278945952653885,0.53154045343399,0.278945952653885,0.676762878894806,0.842912552891397,-0.0372972255,-0.0935999974608421,-0.0932584032416344,2.40276885946298,91.692429154288,9,9,2007,9,"2007-09-06","LT05",2
-0.166353076696396,0.414904832839966,0.166353076696396,0.637125909328461,0.838827838827839,-0.05620968775,-0.0826999992132187,-0.112493000924587,9.18144193758311,88.4778213100947,10,10,2007,9,"2007-09-06","LT05",2
-0.184131145477295,0.466166794300079,0.184131145477295,0.644327938556671,0.729490458390714,-0.05152611875,-0.0888999998569489,-0.0888196974992752,1.58222089522678,92.3915414763885,11,11,2007,9,"2007-09-06","LT05",2
-0.17006978392601,0.482616811990738,0.17006978392601,0.64871084690094,0.965232809127352,-0.0619907515,-0.0737000033259392,-0.0730312019586563,1.3616191353309,92.5614495204142,12,12,2007,9,"2007-09-06","LT05",2
-0.240610688924789,0.561623215675354,0.240610688924789,0.675677597522736,0.723340907310193,-0.03705584975,-0.0824000015854836,-0.117417998611927,11.578429154288,86.7801906400317,13,13,2007,9,"2007-09-06","LT05",2
-0.249319165945053,0.504907548427582,0.249319165945053,0.717304646968842,0.72186247301881,-0.04961194,-0.0819000005722046,-0.118724003434181,12.2775414763885,86.7627074102368,14,14,2007,9,"2007-09-06","LT05",2
-0.292303562164307,0.505471050739288,0.292303562164307,0.626564145088196,1.07690572846189,-0.0460561515,0.0333999991416931,0.0332639999687672,0.622957484084543,97.850410957203,15,15,2007,9,"2007-09-06","LT05",2
-0.184183076024055,0.529601335525513,0.184183076024055,0.633162796497345,0.840092385028191,-0.0507402155,-0.115199998021126,-0.115543000400066,8.94947148798914,88.3551928019693,16,16,2007,9,"2007-09-06","LT05",2
-0.169011622667313,0.469966411590576,0.169011622667313,0.608035504817963,0.954554844040488,-0.05885596875,-0.0780000016093254,-0.140134006738663,34.6738155584882,81.2893700172594,17,17,2007,9,"2007-09-06","LT05",2
-0.275238931179047,0.544263064861298,0.275238931179047,0.697803914546967,0.720794576698723,-0.03825640625,-0.109999999403954,-0.130511999130249,26.7821906400317,82.516768859463,18,18,2007,9,"2007-09-06","LT05",2
-0.27892279624939,0.574718117713928,0.27892279624939,0.67945396900177,1.02869877160561,-0.0359072985,-0.115800000727177,-0.15599699318409,42.2896190094521,80.3480178591308,19,19,2007,9,"2007-09-06","LT05",2
-0.242562651634216,0.460267901420593,0.242562651634216,0.62038916349411,0.733889154650448,-0.03876183975,-0.114600002765656,-0.139293998479843,32.1352144081669,81.4756191353309,20,20,2007,9,"2007-09-06","LT05",2
-0.0325997546315193,0.248106777667999,0.0325997546315193,0.49573165178299,1.06442943770673,-0.07689607875,-0.0790999978780746,-0.133031994104385,27.0580121075243,82.4046190094521,21,21,2007,9,"2007-09-06","LT05",2
-0.337411016225815,0.586562514305115,0.337411016225815,0.612021744251251,1.15159698295931,-0.027739837,-0.109099999070167,-0.138340994715691,29.5966132578456,81.6962208952268,22,22,2007,9,"2007-09-06","LT05",2
-0.249137759208679,0.540871202945709,0.249137759208679,0.72379606962204,0.725109430959013,-0.0473801555,-0.0808999985456467,-0.128451004624367,15.6960379933792,83.0254167088095,23,23,2007,9,"2007-09-06","LT05",2
-0.0965571403503418,0.371935248374939,0.0965571403503418,0.58158552646637,1.03554011216776,-0.087066786,-0.0795999988913536,-0.120993003249168,12.4474495204142,86.4397252412076,24,24,2007,9,"2007-09-06","LT05",2
-0.350118160247803,0.658374607563019,0.350118160247803,0.676649451255798,0.853102105165539,-0.0220221305,-0.0807999968528748,-0.117039002478123,10.4631284723991,87.0560121075243,25,25,2007,9,"2007-09-06","LT05",2
-0.297993272542953,0.609241724014282,0.297993272542953,0.760913014411926,0.738409427704466,-0.052919937,-0.107600003480911,-0.166336998343468,47.3668213100947,75.4096132578456,26,26,2007,9,"2007-09-06","LT05",2
-0.28224840760231,0.561623215675354,0.28224840760231,0.631850838661194,0.846789423984891,-0.03180777725,-0.10589999705553,-0.163434997200966,44.8282201597734,77.9482144081669,27,27,2007,9,"2007-09-06","LT05",2
-0.066990576684475,0.329010665416718,0.066990576684475,0.550689041614532,0.957293399889073,-0.069949334,-0.0531000010669231,-0.0529821999371052,1.17537001725943,95.2830379933792,28,28,2007,9,"2007-09-06","LT05",2
-0.168844729661942,0.424577444791794,0.168844729661942,0.624190866947174,0.97795251310515,-0.061307261,-0.100100003182888,-0.126315996050835,15.0241928019693,84.9091941165153,1,1,2008,3,"2008-06-01","LT05",1
-0.00232260255143046,0.148400515317917,0.00232260255143046,0.469270676374435,1.04049352750809,-0.13936029925,-0.0895000025629997,-0.152827993035317,39.7510178591308,80.6718155584882,2,2,2008,3,"2008-06-01","LT05",1
-0.145967856049538,0.424659669399261,0.145967856049538,0.59540331363678,0.871147582059634,-0.061977238,-0.0886000022292137,-0.151792004704475,37.2124167088095,80.7369574840845,3,3,2008,3,"2008-06-01","LT05",1
-0.17002372443676,0.453697770833969,0.17002372443676,0.618378043174744,0.871659766654121,-0.0619605895,-0.0859000012278557,-0.129688993096352,24.519410957203,82.8216273785474,4,4,2008,3,"2008-06-01","LT05",1
-0.2816361784935,0.546596348285675,0.2816361784935,0.698288083076477,0.8805891327309,-0.0638239235,-0.090599998831749,-0.109407000243664,6.64870741023682,89.0634714879892,5,5,2008,3,"2008-06-01","LT05",1
0.245619222521782,-0.0594445839524269,-0.245619222521782,0.256536453962326,1.22841364075659,-0.2559491315,-0.0917999967932701,-0.107192002236843,6.32572524120759,89.2954419375831,6,6,2008,3,"2008-06-01","LT05",1
0.244940117001534,-0.105677396059036,-0.244940117001534,0.223371356725693,1.28782259508402,-0.2799268875,-0.088699996471405,-0.104301996529102,4.79519411651529,90.5771284723991,7,7,2008,3,"2008-06-01","LT05",1
-0.258790016174316,0.581654071807861,0.258790016174316,0.583716034889221,0.955132562882393,-0.03481301575,-0.0854000002145767,-0.0983740016818047,2.70762737854738,90.6412201597734,8,8,2008,3,"2008-06-01","LT05",1
-0.331239968538284,0.612775206565857,0.331239968538284,0.519891679286957,0.854134165366615,-0.0220944665,-0.0935999974608421,-0.0932584032416344,2.40276885946298,91.692429154288,9,9,2008,3,"2008-06-01","LT05",1
0.0621229112148285,0.220728233456612,-0.0621229112148285,0.533150792121887,1.01998246053621,-0.11249333275,-0.0826999992132187,-0.112493000924587,9.18144193758311,88.4778213100947,10,10,2008,3,"2008-06-01","LT05",1
-0.10964622348547,0.378718107938766,0.10964622348547,0.578877210617065,0.958278739397283,-0.06744271175,-0.0888999998569489,-0.0888196974992752,1.58222089522678,92.3915414763885,11,11,2008,3,"2008-06-01","LT05",1
-0.111325398087502,0.36305958032608,0.111325398087502,0.582394480705261,1.01929341017289,-0.08190704075,-0.0737000033259392,-0.0730312019586563,1.3616191353309,92.5614495204142,12,12,2008,3,"2008-06-01","LT05",1
-0.144901156425476,0.414111495018005,0.144901156425476,0.589414238929749,0.9639092495637,-0.0619123105,-0.0824000015854836,-0.117417998611927,11.578429154288,86.7801906400317,13,13,2008,3,"2008-06-01","LT05",1
-0.180893957614899,0.444472342729568,0.180893957614899,0.611034154891968,0.872261628271923,-0.0593556685,-0.0819000005722046,-0.118724003434181,12.2775414763885,86.7627074102368,14,14,2008,3,"2008-06-01","LT05",1
-0.0267355460673571,0.231196731328964,0.0267355460673571,0.566558122634888,0.933260832236277,-0.105330108,0.0333999991416931,0.0332639999687672,0.622957484084543,97.850410957203,15,15,2008,3,"2008-06-01","LT05",1
-0.106309324502945,0.312643349170685,0.106309324502945,0.53226512670517,1,-0.07885230775,-0.115199998021126,-0.115543000400066,8.94947148798914,88.3551928019693,16,16,2008,3,"2008-06-01","LT05",1
-0.0332336761057377,0.316333383321762,0.0332336761057377,0.580103695392609,0.929126730564431,-0.10666882725,-0.0780000016093254,-0.140134006738663,34.6738155584882,81.2893700172594,17,17,2008,3,"2008-06-01","LT05",1
-0.216527462005615,0.459500908851624,0.216527462005615,0.523766875267029,1.00188409934342,-0.0474889345,-0.109999999403954,-0.130511999130249,26.7821906400317,82.516768859463,18,18,2008,3,"2008-06-01","LT05",1
-0.204965934157372,0.449724406003952,0.204965934157372,0.56879460811615,0.945489900890729,-0.0509698405,-0.115800000727177,-0.15599699318409,42.2896190094521,80.3480178591308,19,19,2008,3,"2008-06-01","LT05",1
-0.046899825334549,0.331806778907776,0.046899825334549,0.550155580043793,0.948869346733668,-0.07930241675,-0.114600002765656,-0.139293998479843,32.1352144081669,81.4756191353309,20,20,2008,3,"2008-06-01","LT05",1
0.0987910479307175,0.0937288030982018,-0.0987910479307175,0.433324009180069,1.0785204412719,-0.1430927395,-0.0790999978780746,-0.133031994104385,27.0580121075243,82.4046190094521,21,21,2008,3,"2008-06-01","LT05",1
-0.0182638932019472,0.248409673571587,0.0182638932019472,0.451750099658966,1.17428963768881,-0.09954306025,-0.109099999070167,-0.138340994715691,29.5966132578456,81.6962208952268,22,22,2008,3,"2008-06-01","LT05",1
-0.126446679234505,0.397538840770721,0.126446679234505,0.587142169475555,0.953725540187393,-0.07057679325,-0.0808999985456467,-0.128451004624367,15.6960379933792,83.0254167088095,23,23,2008,3,"2008-06-01","LT05",1
-0.0827962756156921,0.343009680509567,0.0827962756156921,0.568153619766235,0.923003849807509,-0.09467298625,-0.0795999988913536,-0.120993003249168,12.4474495204142,86.4397252412076,24,24,2008,3,"2008-06-01","LT05",1
-0.267989784479141,0.567827105522156,0.267989784479141,0.499886482954025,0.855296213401544,-0.03004303625,-0.0807999968528748,-0.117039002478123,10.4631284723991,87.0560121075243,25,25,2008,3,"2008-06-01","LT05",1
-0.267226785421371,0.554898023605347,0.267226785421371,0.692823946475983,0.875669629716842,-0.062887961,-0.107600003480911,-0.166336998343468,47.3668213100947,75.4096132578456,26,26,2008,3,"2008-06-01","LT05",1
-0.168379619717598,0.493041962385178,0.168379619717598,0.557680547237396,0.94582632005486,-0.050514677,-0.10589999705553,-0.163434997200966,44.8282201597734,77.9482144081669,27,27,2008,3,"2008-06-01","LT05",1
0.0818894281983376,0.142560452222824,-0.0818894281983376,0.480014234781265,1.05784192734882,-0.1287928825,-0.0531000010669231,-0.0529821999371052,1.17537001725943,95.2830379933792,28,28,2008,3,"2008-06-01","LT05",1
-0.126915767788887,0.362563669681549,0.126915767788887,0.463047474622726,0.970624028125211,-0.0889484625,-0.0895000025629997,-0.152827993035317,39.7510178591308,80.6718155584882,2,2,2008,4,"2008-06-17","LT05",1
-0.243167251348495,0.473339349031448,0.243167251348495,0.527441203594208,0.901090585354996,-0.04889373625,-0.0886000022292137,-0.151792004704475,37.2124167088095,80.7369574840845,3,3,2008,4,"2008-06-17","LT05",1
-0.256644994020462,0.48861238360405,0.256644994020462,0.544483304023743,0.837925662141108,-0.0450044415,-0.0859000012278557,-0.129688993096352,24.519410957203,82.8216273785474,4,4,2008,4,"2008-06-17","LT05",1
-0.281189739704132,0.523724138736725,0.281189739704132,0.553165972232819,0.776343465170949,-0.03943399475,-0.0935999974608421,-0.0932584032416344,2.40276885946298,91.692429154288,9,9,2008,4,"2008-06-17","LT05",1
-0.166277900338173,0.39141371846199,0.166277900338173,0.461298435926437,0.931546762589928,-0.068487588,-0.0826999992132187,-0.112493000924587,9.18144193758311,88.4778213100947,10,10,2008,4,"2008-06-17","LT05",1
-0.219631671905518,0.458169102668762,0.219631671905518,0.489135652780533,0.901090585354996,-0.04575381375,-0.0888999998569489,-0.0888196974992752,1.58222089522678,92.3915414763885,11,11,2008,4,"2008-06-17","LT05",1
-0.207743421196938,0.454972863197327,0.207743421196938,0.505566954612732,0.95145791231905,-0.0588413085,-0.0737000033259392,-0.0730312019586563,1.3616191353309,92.5614495204142,12,12,2008,4,"2008-06-17","LT05",1
-0.269485354423523,0.475852310657501,0.269485354423523,0.544593155384064,0.829527884649958,-0.05430730925,0.0333999991416931,0.0332639999687672,0.622957484084543,97.850410957203,15,15,2008,4,"2008-06-17","LT05",1
-0.272794097661972,0.523111939430237,0.272794097661972,0.47342449426651,0.89338887285025,-0.03336538,-0.115800000727177,-0.15599699318409,42.2896190094521,80.3480178591308,19,19,2008,4,"2008-06-17","LT05",1
-0.3793805539608,0.653269648551941,0.3793805539608,0.701860427856445,0.852918118466899,-0.04897565875,-0.090599998831749,-0.109407000243664,6.64870741023682,89.0634714879892,5,5,2008,5,"2008-07-03","LT05",1
0.117528796195984,0.0758253335952759,-0.117528796195984,0.341181397438049,1.24831337395242,-0.26823838375,-0.0917999967932701,-0.107192002236843,6.32572524120759,89.2954419375831,6,6,2008,5,"2008-07-03","LT05",1
-0.297791361808777,0.539012789726257,0.297791361808777,0.648455798625946,0.94737862822419,-0.04725872375,-0.0854000002145767,-0.0983740016818047,2.70762737854738,90.6412201597734,8,8,2008,5,"2008-07-03","LT05",1
-0.213306665420532,0.48089063167572,0.213306665420532,0.665583372116089,0.785357901496814,-0.07465162775,-0.115199998021126,-0.115543000400066,8.94947148798914,88.3551928019693,16,16,2008,5,"2008-07-03","LT05",1
-0.144484043121338,0.424444049596786,0.144484043121338,0.679362714290619,0.791282051282051,-0.11709123375,-0.0780000016093254,-0.140134006738663,34.6738155584882,81.2893700172594,17,17,2008,5,"2008-07-03","LT05",1
-0.255745112895966,0.521941184997559,0.255745112895966,0.673318445682526,0.860414330401936,-0.06071435825,-0.109999999403954,-0.130511999130249,26.7821906400317,82.516768859463,18,18,2008,5,"2008-07-03","LT05",1
-0.176626339554787,0.442214071750641,0.176626339554787,0.620286345481873,0.848887260738163,-0.08275849025,-0.114600002765656,-0.139293998479843,32.1352144081669,81.4756191353309,20,20,2008,5,"2008-07-03","LT05",1
-0.269728541374207,0.553622663021088,0.269728541374207,0.655455768108368,0.841087276634697,-0.07314809275,-0.109099999070167,-0.138340994715691,29.5966132578456,81.6962208952268,22,22,2008,5,"2008-07-03","LT05",1
-0.29515215754509,0.546443104743958,0.29515215754509,0.681110501289368,0.782703274736904,-0.0488066685,-0.0807999968528748,-0.117039002478123,10.4631284723991,87.0560121075243,25,25,2008,5,"2008-07-03","LT05",1
-0.237306818366051,0.546575546264648,0.237306818366051,0.681511580944061,0.782928840716305,-0.0574445065,-0.10589999705553,-0.163434997200966,44.8282201597734,77.9482144081669,27,27,2008,5,"2008-07-03","LT05",1
-0.22528800368309,0.603813707828522,0.22528800368309,0.657140493392944,0.762140370166758,-0.04488129925,-0.100100003182888,-0.126315996050835,15.0241928019693,84.9091941165153,1,1,2008,7,"2008-08-04","LT05",1
-0.0297534465789795,0.322633326053619,0.0297534465789795,0.543648838996887,1.10172320461927,-0.13275100975,-0.0895000025629997,-0.152827993035317,39.7510178591308,80.6718155584882,2,2,2008,7,"2008-08-04","LT05",1
-0.223671674728394,0.508327782154083,0.223671674728394,0.6784588098526,0.760550569973321,-0.05840834575,-0.0886000022292137,-0.151792004704475,37.2124167088095,80.7369574840845,3,3,2008,7,"2008-08-04","LT05",1
-0.198378637433052,0.454226493835449,0.198378637433052,0.616519153118134,0.938217175987438,-0.06475842025,-0.0859000012278557,-0.129688993096352,24.519410957203,82.8216273785474,4,4,2008,7,"2008-08-04","LT05",1
-0.42680761218071,0.686965525150299,0.42680761218071,0.777668535709381,0.692936170212766,-0.03640342325,-0.090599998831749,-0.109407000243664,6.64870741023682,89.0634714879892,5,5,2008,7,"2008-08-04","LT05",1
0.105667732656002,0.0811808109283447,-0.105667732656002,0.385025203227997,1.25744302569905,-0.215614348,-0.0917999967932701,-0.107192002236843,6.32572524120759,89.2954419375831,6,6,2008,7,"2008-08-04","LT05",1
0.217849805951118,-0.091416023671627,-0.217849805951118,0.268024802207947,1.2214259631185,-0.312795157,-0.088699996471405,-0.104301996529102,4.79519411651529,90.5771284723991,7,7,2008,7,"2008-08-04","LT05",1
-0.350296527147293,0.639218688011169,0.350296527147293,0.690755724906921,0.755890410958904,-0.02898777325,-0.0854000002145767,-0.0983740016818047,2.70762737854738,90.6412201597734,8,8,2008,7,"2008-08-04","LT05",1
-0.280256897211075,0.621370196342468,0.280256897211075,0.702527403831482,0.752650415288001,-0.041406413,-0.0935999974608421,-0.0932584032416344,2.40276885946298,91.692429154288,9,9,2008,7,"2008-08-04","LT05",1
-0.0447595790028572,0.320869952440262,0.0447595790028572,0.560633659362793,1.02795763993949,-0.0946679785,-0.0826999992132187,-0.112493000924587,9.18144193758311,88.4778213100947,10,10,2008,7,"2008-08-04","LT05",1
-0.158841714262962,0.421213775873184,0.158841714262962,0.589867889881134,1.05360043313481,-0.06759885125,-0.0888999998569489,-0.0888196974992752,1.58222089522678,92.3915414763885,11,11,2008,7,"2008-08-04","LT05",1
-0.209758043289185,0.486265361309052,0.209758043289185,0.660834491252899,0.768340535439328,-0.070900999,-0.0737000033259392,-0.0730312019586563,1.3616191353309,92.5614495204142,12,12,2008,7,"2008-08-04","LT05",1
-0.225251778960228,0.448553442955017,0.225251778960228,0.625097751617432,0.855815384615385,-0.05614259325,-0.0824000015854836,-0.117417998611927,11.578429154288,86.7801906400317,13,13,2008,7,"2008-08-04","LT05",1
-0.248963192105293,0.49062779545784,0.248963192105293,0.686179518699646,0.762459586408832,-0.058181138,-0.0819000005722046,-0.118724003434181,12.2775414763885,86.7627074102368,14,14,2008,7,"2008-08-04","LT05",1
-0.241707056760788,0.526212811470032,0.241707056760788,0.725231289863586,0.682600692940667,-0.06833039525,0.0333999991416931,0.0332639999687672,0.622957484084543,97.850410957203,15,15,2008,7,"2008-08-04","LT05",1
-0.198458179831505,0.535628020763397,0.198458179831505,0.670350730419159,0.853701887717578,-0.06505520025,-0.115199998021126,-0.115543000400066,8.94947148798914,88.3551928019693,16,16,2008,7,"2008-08-04","LT05",1
-0.247228845953941,0.518325626850128,0.247228845953941,0.702546179294586,0.949497456260082,-0.07668388875,-0.0780000016093254,-0.140134006738663,34.6738155584882,81.2893700172594,17,17,2008,7,"2008-08-04","LT05",1
-0.262131184339523,0.575036942958832,0.262131184339523,0.687811017036438,0.862519094570198,-0.0501272185,-0.109999999403954,-0.130511999130249,26.7821906400317,82.516768859463,18,18,2008,7,"2008-08-04","LT05",1
-0.226170808076859,0.437324553728104,0.226170808076859,0.64724063873291,0.855351911153506,-0.0568364485,-0.115800000727177,-0.15599699318409,42.2896190094521,80.3480178591308,19,19,2008,7,"2008-08-04","LT05",1
-0.19767153263092,0.477053880691528,0.19767153263092,0.659043371677399,0.764989194195739,-0.05876168775,-0.114600002765656,-0.139293998479843,32.1352144081669,81.4756191353309,20,20,2008,7,"2008-08-04","LT05",1
-0.00463290046900511,0.272369056940079,0.00463290046900511,0.507481873035431,1.02904970822507,-0.127953159,-0.0790999978780746,-0.133031994104385,27.0580121075243,82.4046190094521,21,21,2008,7,"2008-08-04","LT05",1
-0.315384328365326,0.526794254779816,0.315384328365326,0.663739264011383,0.96565600499549,-0.04723716925,-0.109099999070167,-0.138340994715691,29.5966132578456,81.6962208952268,22,22,2008,7,"2008-08-04","LT05",1
-0.277088135480881,0.567557156085968,0.277088135480881,0.724782943725586,0.766436952877631,-0.05763037625,-0.0808999985456467,-0.128451004624367,15.6960379933792,83.0254167088095,23,23,2008,7,"2008-08-04","LT05",1
-0.159500390291214,0.445251673460007,0.159500390291214,0.68216609954834,0.77402992645194,-0.09198764975,-0.0795999988913536,-0.120993003249168,12.4474495204142,86.4397252412076,24,24,2008,7,"2008-08-04","LT05",1
-0.362305462360382,0.61265242099762,0.362305462360382,0.699414968490601,0.758801964446289,-0.031007981,-0.0807999968528748,-0.117039002478123,10.4631284723991,87.0560121075243,25,25,2008,7,"2008-08-04","LT05",1
-0.381191581487656,0.664166867733002,0.381191581487656,0.731281161308289,0.85814479638009,-0.0439532045,-0.107600003480911,-0.166336998343468,47.3668213100947,75.4096132578456,26,26,2008,7,"2008-08-04","LT05",1
-0.294717699289322,0.588546216487885,0.294717699289322,0.673693478107452,0.763397246804327,-0.04040900725,-0.10589999705553,-0.163434997200966,44.8282201597734,77.9482144081669,27,27,2008,7,"2008-08-04","LT05",1
-0.0979073643684387,0.303679674863815,0.0979073643684387,0.57273268699646,0.924161005779175,-0.09663757525,-0.0531000010669231,-0.0529821999371052,1.17537001725943,95.2830379933792,28,28,2008,7,"2008-08-04","LT05",1
-0.313808113336563,0.559400856494904,0.313808113336563,0.693539023399353,0.697915940614762,-0.0352583865,-0.100100003182888,-0.126315996050835,15.0241928019693,84.9091941165153,1,1,2008,9,"2008-09-05","LT05",1
-0.0330857150256634,0.157605975866318,0.0330857150256634,0.420866817235947,1.06128133704735,-0.13134832,-0.0895000025629997,-0.152827993035317,39.7510178591308,80.6718155584882,2,2,2008,9,"2008-09-05","LT05",1
-0.357222557067871,0.602495431900024,0.357222557067871,0.693072319030762,0.69571547420965,-0.02761219025,-0.0886000022292137,-0.151792004704475,37.2124167088095,80.7369574840845,3,3,2008,9,"2008-09-05","LT05",1
-0.234555691480637,0.494023531675339,0.234555691480637,0.615356504917145,0.946698047902533,-0.0484773175,-0.0859000012278557,-0.129688993096352,24.519410957203,82.8216273785474,4,4,2008,9,"2008-09-05","LT05",1
-0.38789689540863,0.643916189670563,0.38789689540863,0.767184793949127,0.723283143591627,-0.04299196125,-0.090599998831749,-0.109407000243664,6.64870741023682,89.0634714879892,5,5,2008,9,"2008-09-05","LT05",1
0.0791634097695351,0.10763144493103,-0.0791634097695351,0.396451830863953,1.04704566390315,-0.16652866025,-0.0917999967932701,-0.107192002236843,6.32572524120759,89.2954419375831,6,6,2008,9,"2008-09-05","LT05",1
0.226131021976471,-0.102352425456047,-0.226131021976471,0.254680693149567,1.1922432367728,-0.2882169825,-0.088699996471405,-0.104301996529102,4.79519411651529,90.5771284723991,7,7,2008,9,"2008-09-05","LT05",1
-0.370574951171875,0.729916751384735,0.370574951171875,0.62152498960495,0.974894033257255,-0.01587423875,-0.0854000002145767,-0.0983740016818047,2.70762737854738,90.6412201597734,8,8,2008,9,"2008-09-05","LT05",1
-0.318535178899765,0.590565502643585,0.318535178899765,0.636182367801666,0.972053761678413,-0.03067431525,-0.0935999974608421,-0.0932584032416344,2.40276885946298,91.692429154288,9,9,2008,9,"2008-09-05","LT05",1
-0.103378862142563,0.415789395570755,0.103378862142563,0.598819673061371,0.975505154639175,-0.06032256025,-0.0826999992132187,-0.112493000924587,9.18144193758311,88.4778213100947,10,10,2008,9,"2008-09-05","LT05",1
-0.147174596786499,0.42815825343132,0.147174596786499,0.591542541980743,0.944582470669427,-0.06003103,-0.0888999998569489,-0.0888196974992752,1.58222089522678,92.3915414763885,11,11,2008,9,"2008-09-05","LT05",1
-0.216215148568153,0.51966792345047,0.216215148568153,0.63713800907135,0.950163797309542,-0.05406492975,-0.0737000033259392,-0.0730312019586563,1.3616191353309,92.5614495204142,12,12,2008,9,"2008-09-05","LT05",1
-0.217754319310188,0.517357409000397,0.217754319310188,0.61206316947937,0.988054464956979,-0.04207942325,-0.0824000015854836,-0.117417998611927,11.578429154288,86.7801906400317,13,13,2008,9,"2008-09-05","LT05",1
-0.306072652339935,0.583421051502228,0.306072652339935,0.625588119029999,0.951808066759387,-0.0353957325,-0.0819000005722046,-0.118724003434181,12.2775414763885,86.7627074102368,14,14,2008,9,"2008-09-05","LT05",1
-0.245708823204041,0.553693413734436,0.245708823204041,0.663103342056274,0.814412166577556,-0.05245562425,0.0333999991416931,0.0332639999687672,0.622957484084543,97.850410957203,15,15,2008,9,"2008-09-05","LT05",1
-0.247904077172279,0.496981710195541,0.247904077172279,0.643407225608826,0.820477693728036,-0.05238242475,-0.115199998021126,-0.115543000400066,8.94947148798914,88.3551928019693,16,16,2008,9,"2008-09-05","LT05",1
-0.260796904563904,0.552846491336823,0.260796904563904,0.66196870803833,0.825974494706449,-0.050286625,-0.0780000016093254,-0.140134006738663,34.6738155584882,81.2893700172594,17,17,2008,9,"2008-09-05","LT05",1
-0.313710808753967,0.602178752422333,0.313710808753967,0.644903182983398,0.825131324301908,-0.0307838285,-0.109999999403954,-0.130511999130249,26.7821906400317,82.516768859463,18,18,2008,9,"2008-09-05","LT05",1
-0.25781038403511,0.577397167682648,0.25781038403511,0.6244176030159,0.977319587628866,-0.0360299595,-0.115800000727177,-0.15599699318409,42.2896190094521,80.3480178591308,19,19,2008,9,"2008-09-05","LT05",1
-0.239482969045639,0.548426330089569,0.239482969045639,0.596358597278595,0.82851972997425,-0.0341521055,-0.114600002765656,-0.139293998479843,32.1352144081669,81.4756191353309,20,20,2008,9,"2008-09-05","LT05",1
-0.0995020419359207,0.331244111061096,0.0995020419359207,0.524967730045319,0.904279971624498,-0.08151106825,-0.0790999978780746,-0.133031994104385,27.0580121075243,82.4046190094521,21,21,2008,9,"2008-09-05","LT05",1
-0.421122014522552,0.624722361564636,0.421122014522552,0.57630980014801,0.952064743722764,-0.0143444935,-0.109099999070167,-0.138340994715691,29.5966132578456,81.6962208952268,22,22,2008,9,"2008-09-05","LT05",1
-0.316875249147415,0.567136347293854,0.316875249147415,0.685509383678436,0.832208632082103,-0.04060434525,-0.0808999985456467,-0.128451004624367,15.6960379933792,83.0254167088095,23,23,2008,9,"2008-09-05","LT05",1
-0.200863376259804,0.469007104635239,0.200863376259804,0.636295199394226,0.823109691160809,-0.06717281025,-0.0795999988913536,-0.120993003249168,12.4474495204142,86.4397252412076,24,24,2008,9,"2008-09-05","LT05",1
-0.352573812007904,0.612133145332336,0.352573812007904,0.609230756759644,0.980131362889984,-0.02254039,-0.0807999968528748,-0.117039002478123,10.4631284723991,87.0560121075243,25,25,2008,9,"2008-09-05","LT05",1
-0.378309160470963,0.666977047920227,0.378309160470963,0.76257973909378,0.83778801843318,-0.04209168825,-0.107600003480911,-0.166336998343468,47.3668213100947,75.4096132578456,26,26,2008,9,"2008-09-05","LT05",1
-0.340229004621506,0.636520087718964,0.340229004621506,0.589244663715363,0.952064743722764,-0.023007923,-0.10589999705553,-0.163434997200966,44.8282201597734,77.9482144081669,27,27,2008,9,"2008-09-05","LT05",1
-0.0921814069151878,0.300104409456253,0.0921814069151878,0.535718619823456,0.919405362357313,-0.08146178275,-0.0531000010669231,-0.0529821999371052,1.17537001725943,95.2830379933792,28,28,2008,9,"2008-09-05","LT05",1
-0.746233522891998,0.812409222126007,0.746233522891998,-0.0479620471596718,0.962661113115346,0.35435775525,-0.088699996471405,-0.104301996529102,4.79519411651529,90.5771284723991,7,7,2009,1,"2009-05-01","LT05",2
-0.350461840629578,0.567905724048615,0.350461840629578,0.356787323951721,1.00776037912366,-0.014241457875,-0.100100003182888,-0.126315996050835,15.0241928019693,84.9091941165153,1,1,2009,2,"2009-05-17","LT05",2
0.0167873147875071,0.186756759881973,-0.0167873147875071,0.385801434516907,1.0887066842123,-0.1336801715,-0.0895000025629997,-0.152827993035317,39.7510178591308,80.6718155584882,2,2,2009,2,"2009-05-17","LT05",2
-0.316978096961975,0.552520275115967,0.316978096961975,0.338018745183945,1.00144834510114,-0.015973973,-0.0886000022292137,-0.151792004704475,37.2124167088095,80.7369574840845,3,3,2009,2,"2009-05-17","LT05",2
-0.247443333268166,0.493753403425217,0.247443333268166,0.380583107471466,0.980465024500937,-0.035927341875,-0.0859000012278557,-0.129688993096352,24.519410957203,82.8216273785474,4,4,2009,2,"2009-05-17","LT05",2
-0.306019186973572,0.572749495506287,0.306019186973572,0.698651373386383,0.838432175260013,-0.056980019125,-0.090599998831749,-0.109407000243664,6.64870741023682,89.0634714879892,5,5,2009,2,"2009-05-17","LT05",2
-0.0595584288239479,0.251498520374298,0.0595584288239479,0.121328234672546,1.11946189266229,-0.11302698125,-0.0917999967932701,-0.107192002236843,6.32572524120759,89.2954419375831,6,6,2009,2,"2009-05-17","LT05",2
0.206239089369774,-0.0409150719642639,-0.206239089369774,0.192510098218918,1.16833178005592,-0.27704302025,-0.088699996471405,-0.104301996529102,4.79519411651529,90.5771284723991,7,7,2009,2,"2009-05-17","LT05",2
-0.367816835641861,0.573058784008026,0.367816835641861,0.489721119403839,0.899276665133587,-0.020203473,-0.0854000002145767,-0.0983740016818047,2.70762737854738,90.6412201597734,8,8,2009,2,"2009-05-17","LT05",2
0.0883537381887436,0.131651625037193,-0.0883537381887436,0.328951060771942,1.16761352947816,-0.13345460275,-0.0935999974608421,-0.0932584032416344,2.40276885946298,91.692429154288,9,9,2009,2,"2009-05-17","LT05",2
0.0614787898957729,0.191755056381226,-0.0614787898957729,0.423410058021545,1.05746931147262,-0.12486996625,-0.0826999992132187,-0.112493000924587,9.18144193758311,88.4778213100947,10,10,2009,2,"2009-05-17","LT05",2
-0.0901239067316055,0.30825075507164,0.0901239067316055,0.341608107089996,1.12185672102165,-0.07312687375,-0.0888999998569489,-0.0888196974992752,1.58222089522678,92.3915414763885,11,11,2009,2,"2009-05-17","LT05",2
0.0215632580220699,0.235026121139526,-0.0215632580220699,0.518018782138824,0.975285728240696,-0.11925066575,-0.0737000033259392,-0.0730312019586563,1.3616191353309,92.5614495204142,12,12,2009,2,"2009-05-17","LT05",2
-0.217795103788376,0.434611856937408,0.217795103788376,0.428500026464462,0.984144058862761,-0.0432852845,-0.0824000015854836,-0.117417998611927,11.578429154288,86.7801906400317,13,13,2009,2,"2009-05-17","LT05",2
-0.281895309686661,0.505677819252014,0.281895309686661,0.365715861320496,0.984500074951282,-0.03278764625,-0.0819000005722046,-0.118724003434181,12.2775414763885,86.7627074102368,14,14,2009,2,"2009-05-17","LT05",2
-0.109187543392181,0.343952178955078,0.109187543392181,0.448263466358185,0.982617856202265,-0.082359985,0.0333999991416931,0.0332639999687672,0.622957484084543,97.850410957203,15,15,2009,2,"2009-05-17","LT05",2
-0.233087882399559,0.448460400104523,0.233087882399559,0.399292647838593,1.00442270320981,-0.04677966,-0.115199998021126,-0.115543000400066,8.94947148798914,88.3551928019693,16,16,2009,2,"2009-05-17","LT05",2
-0.0513063408434391,0.302694410085678,0.0513063408434391,0.436339735984802,1.07950804162725,-0.10520061875,-0.0780000016093254,-0.140134006738663,34.6738155584882,81.2893700172594,17,17,2009,2,"2009-05-17","LT05",2
-0.418446034193039,0.627375423908234,0.418446034193039,0.3741075694561,0.95035677258035,-0.00180235949999998,-0.109999999403954,-0.130511999130249,26.7821906400317,82.516768859463,18,18,2009,2,"2009-05-17","LT05",2
-0.349669456481934,0.53297883272171,0.349669456481934,0.294861525297165,1.02386250717275,-0.010784798625,-0.115800000727177,-0.15599699318409,42.2896190094521,80.3480178591308,19,19,2009,2,"2009-05-17","LT05",2
-0.221389696002007,0.405997067689896,0.221389696002007,0.295231640338898,0.885940159455344,-0.04081164575,-0.114600002765656,-0.139293998479843,32.1352144081669,81.4756191353309,20,20,2009,2,"2009-05-17","LT05",2
0.0466792359948158,0.142470687627792,-0.0466792359948158,0.314318507909775,1.06886738759249,-0.1463974585,-0.0790999978780746,-0.133031994104385,27.0580121075243,82.4046190094521,21,21,2009,2,"2009-05-17","LT05",2
-0.681995332241058,0.803484618663788,0.681995332241058,0.073560930788517,1.02649886698151,0.118941138375,-0.109099999070167,-0.138340994715691,29.5966132578456,81.6962208952268,22,22,2009,2,"2009-05-17","LT05",2
-0.172055572271347,0.428975075483322,0.172055572271347,0.460413962602615,0.917990480013764,-0.058632226,-0.0808999985456467,-0.128451004624367,15.6960379933792,83.0254167088095,23,23,2009,2,"2009-05-17","LT05",2
-0.0704850479960442,0.321792632341385,0.0704850479960442,0.49383533000946,0.948165600807809,-0.099054235375,-0.0795999988913536,-0.120993003249168,12.4474495204142,86.4397252412076,24,24,2009,2,"2009-05-17","LT05",2
-0.473974168300629,0.673761010169983,0.473974168300629,0.353810697793961,0.77031776337391,0.011392884375,-0.0807999968528748,-0.117039002478123,10.4631284723991,87.0560121075243,25,25,2009,2,"2009-05-17","LT05",2
-0.23218135535717,0.434885889291763,0.23218135535717,0.637995839118958,11.2008248730964,-0.087376667,-0.107600003480911,-0.166336998343468,47.3668213100947,75.4096132578456,26,26,2009,2,"2009-05-17","LT05",2
-0.435106664896011,0.660547137260437,0.435106664896011,0.32753786444664,0.30856896499166,0.0447724765,-0.10589999705553,-0.163434997200966,44.8282201597734,77.9482144081669,27,27,2009,2,"2009-05-17","LT05",2
0.0298572164028883,0.186212629079819,-0.0298572164028883,0.388032793998718,1.04218394540136,-0.136352803,-0.0531000010669231,-0.0529821999371052,1.17537001725943,95.2830379933792,28,28,2009,2,"2009-05-17","LT05",2
-0.150889083743095,0.414360046386719,0.150889083743095,0.662790536880493,0.805178033331283,-0.0770458575,-0.100100003182888,-0.126315996050835,15.0241928019693,84.9091941165153,1,1,2009,4,"2009-06-18","LT05",2
0.116426177322865,0.0977501571178436,-0.116426177322865,0.357481449842453,1.13904059456112,-0.206027133,-0.0895000025629997,-0.152827993035317,39.7510178591308,80.6718155584882,2,2,2009,4,"2009-06-18","LT05",2
-0.201912999153137,0.466228067874908,0.201912999153137,0.667867600917816,0.80299511002445,-0.0657758625,-0.0886000022292137,-0.151792004704475,37.2124167088095,80.7369574840845,3,3,2009,4,"2009-06-18","LT05",2
-0.139604970812798,0.440440833568573,0.139604970812798,0.574185848236084,0.934820280619375,-0.068804157,-0.0859000012278557,-0.129688993096352,24.519410957203,82.8216273785474,4,4,2009,4,"2009-06-18","LT05",2
-0.360738486051559,0.647091031074524,0.360738486051559,0.753746509552002,0.692563542494043,-0.05046817175,-0.090599998831749,-0.109407000243664,6.64870741023682,89.0634714879892,5,5,2009,4,"2009-06-18","LT05",2
0.127600908279419,0.0741724818944931,-0.127600908279419,0.425178229808807,1.04577846188929,-0.23559965125,-0.0917999967932701,-0.107192002236843,6.32572524120759,89.2954419375831,6,6,2009,4,"2009-06-18","LT05",2
0.237223908305168,-0.0905279517173767,-0.237223908305168,0.275479108095169,1.13804382683057,-0.3256077865,-0.088699996471405,-0.104301996529102,4.79519411651529,90.5771284723991,7,7,2009,4,"2009-06-18","LT05",2
-0.266169935464859,0.576690495014191,0.266169935464859,0.697062909603119,0.799044875682231,-0.0435752005,-0.0854000002145767,-0.0983740016818047,2.70762737854738,90.6412201597734,8,8,2009,4,"2009-06-18","LT05",2
0.132717743515968,0.121247865259647,-0.132717743515968,0.356165409088135,1.32328951803168,-0.203043801,-0.0935999974608421,-0.0932584032416344,2.40276885946298,91.692429154288,9,9,2009,4,"2009-06-18","LT05",2
0.0310217067599297,0.281100332736969,-0.0310217067599297,0.543802201747894,0.986918980404322,-0.12112057775,-0.0826999992132187,-0.112493000924587,9.18144193758311,88.4778213100947,10,10,2009,4,"2009-06-18","LT05",2
0.100551307201385,0.145725727081299,-0.100551307201385,0.492304801940918,1.10825990621941,-0.1509955135,-0.0888999998569489,-0.0888196974992752,1.58222089522678,92.3915414763885,11,11,2009,4,"2009-06-18","LT05",2
-0.0270813442766666,0.310876786708832,0.0270813442766666,0.53919130563736,0.96577843906398,-0.11546565375,-0.0737000033259392,-0.0730312019586563,1.3616191353309,92.5614495204142,12,12,2009,4,"2009-06-18","LT05",2
-0.118029899895191,0.454584866762161,0.118029899895191,0.644837915897369,0.886999115586094,-0.07353561725,-0.0824000015854836,-0.117417998611927,11.578429154288,86.7801906400317,13,13,2009,4,"2009-06-18","LT05",2
-0.20183302462101,0.466162830591202,0.20183302462101,0.64381754398346,0.964372469635627,-0.0655101685,-0.0819000005722046,-0.118724003434181,12.2775414763885,86.7627074102368,14,14,2009,4,"2009-06-18","LT05",2
-0.181958138942719,0.446503549814224,0.181958138942719,0.66779088973999,0.863322334501959,-0.091015071,0.0333999991416931,0.0332639999687672,0.622957484084543,97.850410957203,15,15,2009,4,"2009-06-18","LT05",2
-0.145213946700096,0.416632860898972,0.145213946700096,0.647669613361359,0.872122179165717,-0.0859963925,-0.115199998021126,-0.115543000400066,8.94947148798914,88.3551928019693,16,16,2009,4,"2009-06-18","LT05",2
-0.137311697006226,0.442603886127472,0.137311697006226,0.680258691310883,0.808756550271805,-0.1047056765,-0.0780000016093254,-0.140134006738663,34.6738155584882,81.2893700172594,17,17,2009,4,"2009-06-18","LT05",2
-0.191392302513123,0.452769577503204,0.191392302513123,0.653346419334412,0.806059568640877,-0.06937498825,-0.109999999403954,-0.130511999130249,26.7821906400317,82.516768859463,18,18,2009,4,"2009-06-18","LT05",2
-0.116862967610359,0.445549160242081,0.116862967610359,0.635673403739929,0.880643000669793,-0.07209110825,-0.115800000727177,-0.15599699318409,42.2896190094521,80.3480178591308,19,19,2009,4,"2009-06-18","LT05",2
-0.108031205832958,0.364730894565582,0.108031205832958,0.619967818260193,0.881528979642657,-0.08156843875,-0.114600002765656,-0.139293998479843,32.1352144081669,81.4756191353309,20,20,2009,4,"2009-06-18","LT05",2
0.0141494041308761,0.214349895715714,-0.0141494041308761,0.512444138526917,1.0013308061459,-0.14720278775,-0.0790999978780746,-0.133031994104385,27.0580121075243,82.4046190094521,21,21,2009,4,"2009-06-18","LT05",2
-0.138302266597748,0.451219260692596,0.138302266597748,0.636233568191528,0.941112819636653,-0.08659548275,-0.109099999070167,-0.138340994715691,29.5966132578456,81.6962208952268,22,22,2009,4,"2009-06-18","LT05",2
-0.229002416133881,0.463252037763596,0.229002416133881,0.67441326379776,0.883423726700331,-0.06978940775,-0.0808999985456467,-0.128451004624367,15.6960379933792,83.0254167088095,23,23,2009,4,"2009-06-18","LT05",2
-0.157831281423569,0.43939420580864,0.157831281423569,0.667107403278351,0.810298236132265,-0.09451012025,-0.0795999988913536,-0.120993003249168,12.4474495204142,86.4397252412076,24,24,2009,4,"2009-06-18","LT05",2
-0.26388031244278,0.529699265956879,0.26388031244278,0.702312350273132,0.722948463486415,-0.04798027425,-0.0807999968528748,-0.117039002478123,10.4631284723991,87.0560121075243,25,25,2009,4,"2009-06-18","LT05",2
-0.328464537858963,0.625221192836761,0.328464537858963,0.735635876655579,0.748722044728435,-0.0540120775,-0.107600003480911,-0.166336998343468,47.3668213100947,75.4096132578456,26,26,2009,4,"2009-06-18","LT05",2
-0.215899601578712,0.494945645332336,0.215899601578712,0.667853832244873,0.80486301369863,-0.0547054955,-0.10589999705553,-0.163434997200966,44.8282201597734,77.9482144081669,27,27,2009,4,"2009-06-18","LT05",2
-0.0183319505304098,0.251656413078308,0.0183319505304098,0.535924851894379,1.02771796398955,-0.13054033425,-0.0531000010669231,-0.0529821999371052,1.17537001725943,95.2830379933792,28,28,2009,4,"2009-06-18","LT05",2
-0.181865096092224,0.478981554508209,0.181865096092224,0.641835808753967,0.876991092906833,-0.06255036275,-0.100100003182888,-0.126315996050835,15.0241928019693,84.9091941165153,1,1,2009,5,"2009-07-04","LT05",2
0.131737217307091,0.0536585375666618,-0.131737217307091,0.367569476366043,1.23773693647541,-0.2197122715,-0.0895000025629997,-0.152827993035317,39.7510178591308,80.6718155584882,2,2,2009,5,"2009-07-04","LT05",2
-0.138999417424202,0.431160390377045,0.138999417424202,0.667403757572174,0.793949147087223,-0.0743125115,-0.0886000022292137,-0.151792004704475,37.2124167088095,80.7369574840845,3,3,2009,5,"2009-07-04","LT05",2
-0.147742971777916,0.435618370771408,0.147742971777916,0.624929368495941,0.872379975642587,-0.067311325,-0.0859000012278557,-0.129688993096352,24.519410957203,82.8216273785474,4,4,2009,5,"2009-07-04","LT05",2
-0.372035294771194,0.642077505588531,0.372035294771194,0.747848510742188,0.803840877914952,-0.046888571,-0.090599998831749,-0.109407000243664,6.64870741023682,89.0634714879892,5,5,2009,5,"2009-07-04","LT05",2
0.0667452365159988,0.157924741506577,-0.0667452365159988,0.457800596952438,1.12498786054191,-0.2041430585,-0.0917999967932701,-0.107192002236843,6.32572524120759,89.2954419375831,6,6,2009,5,"2009-07-04","LT05",2
0.271656781435013,-0.135058328509331,-0.271656781435013,0.239552766084671,1.25256046545175,-0.3251978385,-0.088699996471405,-0.104301996529102,4.79519411651529,90.5771284723991,7,7,2009,5,"2009-07-04","LT05",2
-0.297303855419159,0.630389034748077,0.297303855419159,0.6813103556633,0.791158968546331,-0.0348917235,-0.0854000002145767,-0.0983740016818047,2.70762737854738,90.6412201597734,8,8,2009,5,"2009-07-04","LT05",2
0.108970120549202,0.12308219820261,-0.108970120549202,0.367644906044006,1.3031233135456,-0.1969700685,-0.0935999974608421,-0.0932584032416344,2.40276885946298,91.692429154288,9,9,2009,5,"2009-07-04","LT05",2
0.0392973348498344,0.193026080727577,-0.0392973348498344,0.570548176765442,0.928077603301355,-0.133015799,-0.0826999992132187,-0.112493000924587,9.18144193758311,88.4778213100947,10,10,2009,5,"2009-07-04","LT05",2
0.0920353457331657,0.151066288352013,-0.0920353457331657,0.536298811435699,0.917805525513716,-0.1459482075,-0.0888999998569489,-0.0888196974992752,1.58222089522678,92.3915414763885,11,11,2009,5,"2009-07-04","LT05",2
-0.0293632857501507,0.309166461229324,0.0293632857501507,0.562310457229614,1.06582565097849,-0.116401597,-0.0737000033259392,-0.0730312019586563,1.3616191353309,92.5614495204142,12,12,2009,5,"2009-07-04","LT05",2
-0.15851141512394,0.411192804574966,0.15851141512394,0.658458352088928,0.79700531949826,-0.06920262925,-0.0824000015854836,-0.117417998611927,11.578429154288,86.7801906400317,13,13,2009,5,"2009-07-04","LT05",2
-0.215188205242157,0.472624480724335,0.215188205242157,0.681570172309875,0.795186194368756,-0.062881823,-0.0819000005722046,-0.118724003434181,12.2775414763885,86.7627074102368,14,14,2009,5,"2009-07-04","LT05",2
-0.24566875398159,0.480624914169312,0.24566875398159,0.69236958026886,0.794408945686901,-0.073931378,0.0333999991416931,0.0332639999687672,0.622957484084543,97.850410957203,15,15,2009,5,"2009-07-04","LT05",2
-0.161662325263023,0.436022251844406,0.161662325263023,0.630075514316559,0.95515923566879,-0.074168461,-0.115199998021126,-0.115543000400066,8.94947148798914,88.3551928019693,16,16,2009,5,"2009-07-04","LT05",2
-0.206650584936142,0.482986629009247,0.206650584936142,0.697299301624298,0.802107146406918,-0.090005546,-0.0780000016093254,-0.140134006738663,34.6738155584882,81.2893700172594,17,17,2009,5,"2009-07-04","LT05",2
-0.214753687381744,0.472517192363739,0.214753687381744,0.675361037254333,0.797515923566879,-0.0623200145,-0.109999999403954,-0.130511999130249,26.7821906400317,82.516768859463,18,18,2009,5,"2009-07-04","LT05",2
-0.181817263364792,0.460382729768753,0.181817263364792,0.625118911266327,0.873522610483042,-0.060160819,-0.115800000727177,-0.15599699318409,42.2896190094521,80.3480178591308,19,19,2009,5,"2009-07-04","LT05",2
-0.136355742812157,0.460118591785431,0.136355742812157,0.65194445848465,0.887425749660058,-0.06852906075,-0.114600002765656,-0.139293998479843,32.1352144081669,81.4756191353309,20,20,2009,5,"2009-07-04","LT05",2
-0.0162212122231722,0.257061183452606,0.0162212122231722,0.542110502719879,0.965554734049494,-0.13101816325,-0.0790999978780746,-0.133031994104385,27.0580121075243,82.4046190094521,21,21,2009,5,"2009-07-04","LT05",2
-0.27208349108696,0.526827692985535,0.27208349108696,0.666335880756378,0.871258879701875,-0.05724347325,-0.109099999070167,-0.138340994715691,29.5966132578456,81.6962208952268,22,22,2009,5,"2009-07-04","LT05",2
-0.232815697789192,0.535286068916321,0.232815697789192,0.739377379417419,0.715907581994423,-0.06431419075,-0.0808999985456467,-0.128451004624367,15.6960379933792,83.0254167088095,23,23,2009,5,"2009-07-04","LT05",2
-0.134013369679451,0.45517036318779,0.134013369679451,0.695216298103333,0.802223943350298,-0.09755181275,-0.0795999988913536,-0.120993003249168,12.4474495204142,86.4397252412076,24,24,2009,5,"2009-07-04","LT05",2
-0.283127009868622,0.540544807910919,0.283127009868622,0.709842324256897,0.794449745547073,-0.044808119,-0.0807999968528748,-0.117039002478123,10.4631284723991,87.0560121075243,25,25,2009,5,"2009-07-04","LT05",2
-0.346067607402802,0.578709304332733,0.346067607402802,0.748235404491425,0.803500060554681,-0.0576398115,-0.107600003480911,-0.166336998343468,47.3668213100947,75.4096132578456,26,26,2009,5,"2009-07-04","LT05",2
-0.242869958281517,0.435439020395279,0.242869958281517,0.678900003433228,0.796772138458271,-0.056564941,-0.10589999705553,-0.163434997200966,44.8282201597734,77.9482144081669,27,27,2009,5,"2009-07-04","LT05",2
-0.0364356376230717,0.25970458984375,0.0364356376230717,0.562462568283081,0.919929074704867,-0.11944574525,-0.0531000010669231,-0.0529821999371052,1.17537001725943,95.2830379933792,28,28,2009,5,"2009-07-04","LT05",2
-0.222101002931595,0.454770386219025,0.222101002931595,0.66578334569931,0.829520011195074,-0.05727826625,-0.100100003182888,-0.126315996050835,15.0241928019693,84.9091941165153,1,1,2009,6,"2009-07-20","LT05",2
0.0582894198596478,0.158454075455666,-0.0582894198596478,0.373981773853302,1.14919460622278,-0.197158977,-0.0895000025629997,-0.152827993035317,39.7510178591308,80.6718155584882,2,2,2009,6,"2009-07-20","LT05",2
-0.208385735750198,0.488220751285553,0.208385735750198,0.69369101524353,0.831676215117354,-0.0610681705,-0.0886000022292137,-0.151792004704475,37.2124167088095,80.7369574840845,3,3,2009,6,"2009-07-20","LT05",2
-0.171773359179497,0.448073834180832,0.171773359179497,0.636748433113098,0.978555927465333,-0.0652627015,-0.0859000012278557,-0.129688993096352,24.519410957203,82.8216273785474,4,4,2009,6,"2009-07-20","LT05",2
-0.374402523040771,0.644041776657104,0.374402523040771,0.768920421600342,0.709915611814346,-0.04675181075,-0.090599998831749,-0.109407000243664,6.64870741023682,89.0634714879892,5,5,2009,6,"2009-07-20","LT05",2
0.0278084576129913,0.205886647105217,-0.0278084576129913,0.487666010856628,1.10162483444778,-0.194572239,-0.0917999967932701,-0.107192002236843,6.32572524120759,89.2954419375831,6,6,2009,6,"2009-07-20","LT05",2
0.23969255387783,-0.0830373242497444,-0.23969255387783,0.287253111600876,1.2392643764003,-0.335807564,-0.088699996471405,-0.104301996529102,4.79519411651529,90.5771284723991,7,7,2009,6,"2009-07-20","LT05",2
-0.350292205810547,0.594567477703094,0.350292205810547,0.697410762310028,0.77444302540088,-0.03333816325,-0.0854000002145767,-0.0983740016818047,2.70762737854738,90.6412201597734,8,8,2009,6,"2009-07-20","LT05",2
0.0697436779737473,0.155835688114166,-0.0697436779737473,0.412429481744766,1.208495353014,-0.180079550625,-0.0935999974608421,-0.0932584032416344,2.40276885946298,91.692429154288,9,9,2009,6,"2009-07-20","LT05",2
-0.00317498901858926,0.285835295915604,0.00317498901858926,0.550122678279877,1.094204967171,-0.11665242175,-0.0826999992132187,-0.112493000924587,9.18144193758311,88.4778213100947,10,10,2009,6,"2009-07-20","LT05",2
0.0314941853284836,0.227161556482315,-0.0314941853284836,0.511155664920807,1.08725020320076,-0.117623934875,-0.0888999998569489,-0.0888196974992752,1.58222089522678,92.3915414763885,11,11,2009,6,"2009-07-20","LT05",2
-0.0360706262290478,0.284457236528397,0.0360706262290478,0.565718293190002,1.0687965810184,-0.12390994675,-0.0737000033259392,-0.0730312019586563,1.3616191353309,92.5614495204142,12,12,2009,6,"2009-07-20","LT05",2
-0.202125996351242,0.485364109277725,0.202125996351242,0.675019145011902,0.786396475770925,-0.056108450625,-0.0824000015854836,-0.117417998611927,11.578429154288,86.7801906400317,13,13,2009,6,"2009-07-20","LT05",2
-0.250811547040939,0.515494823455811,0.250811547040939,0.689385056495667,0.785262879264137,-0.054088091625,-0.0819000005722046,-0.118724003434181,12.2775414763885,86.7627074102368,14,14,2009,6,"2009-07-20","LT05",2
-0.311761796474457,0.557306408882141,0.311761796474457,0.702684640884399,0.782048629073978,-0.05808664525,0.0333999991416931,0.0332639999687672,0.622957484084543,97.850410957203,15,15,2009,6,"2009-07-20","LT05",2
-0.184860974550247,0.466063261032104,0.184860974550247,0.663682162761688,0.868464571937412,-0.07048848525,-0.115199998021126,-0.115543000400066,8.94947148798914,88.3551928019693,16,16,2009,6,"2009-07-20","LT05",2
-0.237377882003784,0.474223166704178,0.237377882003784,0.70447564125061,0.860473684210527,-0.089592782,-0.0780000016093254,-0.140134006738663,34.6738155584882,81.2893700172594,17,17,2009,6,"2009-07-20","LT05",2
-0.241753846406937,0.544347882270813,0.241753846406937,0.719574451446533,40.7515657620045,-0.058485959,-0.109999999403954,-0.130511999130249,26.7821906400317,82.516768859463,18,18,2009,6,"2009-07-20","LT05",2
-0.216009676456451,0.494674891233444,0.216009676456451,0.685825884342194,0.885795621049106,-0.05428785025,-0.115800000727177,-0.15599699318409,42.2896190094521,80.3480178591308,19,19,2009,6,"2009-07-20","LT05",2
-0.150720581412315,0.432926625013351,0.150720581412315,0.636146903038025,0.882538668937136,-0.06441113925,-0.114600002765656,-0.139293998479843,32.1352144081669,81.4756191353309,20,20,2009,6,"2009-07-20","LT05",2
-0.0324671976268291,0.28940612077713,0.0324671976268291,0.551310122013092,0.962087866456274,-0.13196875025,-0.0790999978780746,-0.133031994104385,27.0580121075243,82.4046190094521,21,21,2009,6,"2009-07-20","LT05",2
-0.283511340618134,0.555942356586456,0.283511340618134,0.706403374671936,0.784816384180791,-0.047428042625,-0.109099999070167,-0.138340994715691,29.5966132578456,81.6962208952268,22,22,2009,6,"2009-07-20","LT05",2
-0.223306059837341,0.519774913787842,0.223306059837341,0.698153078556061,0.884564761125538,-0.06423257075,-0.0808999985456467,-0.128451004624367,15.6960379933792,83.0254167088095,23,23,2009,6,"2009-07-20","LT05",2
-0.176957607269287,0.466688245534897,0.176957607269287,0.692841708660126,0.796499390716739,-0.08570738675,-0.0795999988913536,-0.120993003249168,12.4474495204142,86.4397252412076,24,24,2009,6,"2009-07-20","LT05",2
-0.338882833719254,0.584523737430573,0.338882833719254,0.702287912368774,0.691625128150741,-0.031806315625,-0.0807999968528748,-0.117039002478123,10.4631284723991,87.0560121075243,25,25,2009,6,"2009-07-20","LT05",2
-0.303457081317902,0.562500536441803,0.303457081317902,0.740185379981995,0.839164676263637,-0.06323326475,-0.107600003480911,-0.166336998343468,47.3668213100947,75.4096132578456,26,26,2009,6,"2009-07-20","LT05",2
-0.230010688304901,0.510031759738922,0.230010688304901,0.673154652118683,0.891128545564272,-0.05052763225,-0.10589999705553,-0.163434997200966,44.8282201597734,77.9482144081669,27,27,2009,6,"2009-07-20","LT05",2
-0.0778880789875984,0.364114433526993,0.0778880789875984,0.551143527030945,0.975877192982456,-0.104053459,-0.0531000010669231,-0.0529821999371052,1.17537001725943,95.2830379933792,28,28,2009,6,"2009-07-20","LT05",2
-0.169413611292839,0.505735039710999,0.169413611292839,0.687226831912994,0.867571004662993,-0.05784270925,-0.100100003182888,-0.126315996050835,15.0241928019693,84.9091941165153,1,1,2009,7,"2009-08-05","LT05",2
0.145091891288757,0.0420813262462616,-0.145091891288757,0.356995463371277,1.19272284680183,-0.21200429925,-0.0895000025629997,-0.152827993035317,39.7510178591308,80.6718155584882,2,2,2009,7,"2009-08-05","LT05",2
-0.212597727775574,0.539053380489349,0.212597727775574,0.687563061714172,0.753501400560224,-0.049032262,-0.0886000022292137,-0.151792004704475,37.2124167088095,80.7369574840845,3,3,2009,7,"2009-08-05","LT05",2
-0.17100040614605,0.46622771024704,0.17100040614605,0.636589705944061,0.965693918467365,-0.06210689775,-0.0859000012278557,-0.129688993096352,24.519410957203,82.8216273785474,4,4,2009,7,"2009-08-05","LT05",2
-0.381324768066406,0.689552247524261,0.381324768066406,0.75140118598938,0.867092044528916,-0.03994540125,-0.090599998831749,-0.109407000243664,6.64870741023682,89.0634714879892,5,5,2009,7,"2009-08-05","LT05",2
0.0213115643709898,0.230829253792763,-0.0213115643709898,0.495675176382065,1.08417664938316,-0.1704336465,-0.0917999967932701,-0.107192002236843,6.32572524120759,89.2954419375831,6,6,2009,7,"2009-08-05","LT05",2
0.231229737401009,-0.083977609872818,-0.231229737401009,0.285630017518997,1.1738525384558,-0.29254972575,-0.088699996471405,-0.104301996529102,4.79519411651529,90.5771284723991,7,7,2009,7,"2009-08-05","LT05",2
-0.309035688638687,0.573777973651886,0.309035688638687,0.679723560810089,0.866760052735662,-0.03554063825,-0.0854000002145767,-0.0983740016818047,2.70762737854738,90.6412201597734,8,8,2009,7,"2009-08-05","LT05",2
0.0956477671861649,0.151161774992943,-0.0956477671861649,0.391021102666855,1.24281946602117,-0.177031276,-0.0935999974608421,-0.0932584032416344,2.40276885946298,91.692429154288,9,9,2009,7,"2009-08-05","LT05",2
-0.036138154566288,0.322364658117294,0.036138154566288,0.614099502563477,0.84727615013531,-0.09803010375,-0.0826999992132187,-0.112493000924587,9.18144193758311,88.4778213100947,10,10,2009,7,"2009-08-05","LT05",2
0.0851554125547409,0.111731313169003,-0.0851554125547409,0.54397439956665,1.01615746180964,-0.14351414675,-0.0888999998569489,-0.0888196974992752,1.58222089522678,92.3915414763885,11,11,2009,7,"2009-08-05","LT05",2
-0.0469527281820774,0.314038842916489,0.0469527281820774,0.554205656051636,1.10024104885649,-0.103126225,-0.0737000033259392,-0.0730312019586563,1.3616191353309,92.5614495204142,12,12,2009,7,"2009-08-05","LT05",2
-0.183209732174873,0.461442917585373,0.183209732174873,0.677867293357849,0.866453081527696,-0.05705048375,-0.0824000015854836,-0.117417998611927,11.578429154288,86.7801906400317,13,13,2009,7,"2009-08-05","LT05",2
-0.25212761759758,0.51647812128067,0.25212761759758,0.714836120605469,0.66744517970676,-0.0520609745,-0.0819000005722046,-0.118724003434181,12.2775414763885,86.7627074102368,14,14,2009,7,"2009-08-05","LT05",2
-0.297041952610016,0.548389613628387,0.297041952610016,0.71502822637558,0.851428944277698,-0.0574578825,0.0333999991416931,0.0332639999687672,0.622957484084543,97.850410957203,15,15,2009,7,"2009-08-05","LT05",2
-0.197746515274048,0.497628331184387,0.197746515274048,0.683096647262573,0.76108280254777,-0.0617279395,-0.115199998021126,-0.115543000400066,8.94947148798914,88.3551928019693,16,16,2009,7,"2009-08-05","LT05",2
-0.207345724105835,0.501024723052979,0.207345724105835,0.684116661548615,0.847742084318588,-0.0751312635,-0.0780000016093254,-0.140134006738663,34.6738155584882,81.2893700172594,17,17,2009,7,"2009-08-05","LT05",2
-0.253452003002167,0.536928176879883,0.253452003002167,0.701730310916901,0.866217437751664,-0.04964043825,-0.109999999403954,-0.130511999130249,26.7821906400317,82.516768859463,18,18,2009,7,"2009-08-05","LT05",2
-0.213096186518669,0.49427855014801,0.213096186518669,0.643919765949249,0.859037037037037,-0.04897556525,-0.115800000727177,-0.15599699318409,42.2896190094521,80.3480178591308,19,19,2009,7,"2009-08-05","LT05",2
-0.139359846711159,0.417835742235184,0.139359846711159,0.62567412853241,0.8577381807731,-0.06150928425,-0.114600002765656,-0.139293998479843,32.1352144081669,81.4756191353309,20,20,2009,7,"2009-08-05","LT05",2
-0.0443007089197636,0.276890218257904,0.0443007089197636,0.542218625545502,0.978287034808146,-0.11127189275,-0.0790999978780746,-0.133031994104385,27.0580121075243,82.4046190094521,21,21,2009,7,"2009-08-05","LT05",2
-0.36607825756073,0.626773595809937,0.36607825756073,0.722124516963959,0.754993533553671,-0.03241826075,-0.109099999070167,-0.138340994715691,29.5966132578456,81.6962208952268,22,22,2009,7,"2009-08-05","LT05",2
-0.235489308834076,0.56482058763504,0.235489308834076,0.759593844413757,0.65197011864655,-0.0557844415,-0.0808999985456467,-0.128451004624367,15.6960379933792,83.0254167088095,23,23,2009,7,"2009-08-05","LT05",2
-0.112268932163715,0.434330433607101,0.112268932163715,0.656658232212067,0.949686356508103,-0.08968384,-0.0795999988913536,-0.120993003249168,12.4474495204142,86.4397252412076,24,24,2009,7,"2009-08-05","LT05",2
-0.363300502300262,0.648257434368134,0.363300502300262,0.755880177021027,0.632003955174687,-0.02720317725,-0.0807999968528748,-0.117039002478123,10.4631284723991,87.0560121075243,25,25,2009,7,"2009-08-05","LT05",2
-0.349899917840958,0.635143876075745,0.349899917840958,0.743768393993378,0.860086121232196,-0.04893588,-0.107600003480911,-0.166336998343468,47.3668213100947,75.4096132578456,26,26,2009,7,"2009-08-05","LT05",2
-0.275413244962692,0.610156893730164,0.275413244962692,0.716810882091522,0.653313231387752,-0.03709586225,-0.10589999705553,-0.163434997200966,44.8282201597734,77.9482144081669,27,27,2009,7,"2009-08-05","LT05",2
-0.0906179323792458,0.33617702126503,0.0906179323792458,0.593912661075592,1.01602283982987,-0.09851261325,-0.0531000010669231,-0.0529821999371052,1.17537001725943,95.2830379933792,28,28,2009,7,"2009-08-05","LT05",2
-0.111880958080292,0.305933952331543,0.111880958080292,0.392506092786789,1.7963713228818,-0.08984986575,-0.0826999992132187,-0.112493000924587,9.18144193758311,88.4778213100947,10,10,2009,8,"2009-08-21","LT05",2
-0.231439843773842,0.443114846944809,0.231439843773842,0.488729149103165,0.945552912286087,-0.0559675805,-0.0819000005722046,-0.118724003434181,12.2775414763885,86.7627074102368,14,14,2009,8,"2009-08-21","LT05",2
-0.227867498993874,0.464590519666672,0.227867498993874,0.487162828445435,0.925237712602116,-0.06014057075,0.0333999991416931,0.0332639999687672,0.622957484084543,97.850410957203,15,15,2009,8,"2009-08-21","LT05",2
-0.225199595093727,0.534248411655426,0.225199595093727,0.669688880443573,0.851365108745951,-0.03993322425,-0.100100003182888,-0.126315996050835,15.0241928019693,84.9091941165153,1,1,2009,9,"2009-09-06","LT05",2
0.0938339605927467,0.173242658376694,-0.0938339605927467,0.3805912733078,1.12513941556993,-0.1461110625,-0.0895000025629997,-0.152827993035317,39.7510178591308,80.6718155584882,2,2,2009,9,"2009-09-06","LT05",2
-0.231120631098747,0.50484973192215,0.231120631098747,0.695863544940948,0.972851423243569,-0.0458698775,-0.0886000022292137,-0.151792004704475,37.2124167088095,80.7369574840845,3,3,2009,9,"2009-09-06","LT05",2
-0.222428679466248,0.476717233657837,0.222428679466248,0.737485349178314,0.700184162062615,-0.04987915475,-0.0859000012278557,-0.129688993096352,24.519410957203,82.8216273785474,4,4,2009,9,"2009-09-06","LT05",2
-0.368908554315567,0.687815964221954,0.368908554315567,0.785974442958832,0.648342004638626,-0.04106494275,-0.090599998831749,-0.109407000243664,6.64870741023682,89.0634714879892,5,5,2009,9,"2009-09-06","LT05",2
0.0506689436733723,0.199248850345612,-0.0506689436733723,0.451805949211121,1.00908237943329,-0.14281523975,-0.0917999967932701,-0.107192002236843,6.32572524120759,89.2954419375831,6,6,2009,9,"2009-09-06","LT05",2
0.21742208302021,-0.0452192947268486,-0.21742208302021,0.287518054246902,1.21773863729313,-0.261262181,-0.088699996471405,-0.104301996529102,4.79519411651529,90.5771284723991,7,7,2009,9,"2009-09-06","LT05",2
-0.374368369579315,0.607957184314728,0.374368369579315,0.691185593605042,0.848619192758843,-0.024673884,-0.0854000002145767,-0.0983740016818047,2.70762737854738,90.6412201597734,8,8,2009,9,"2009-09-06","LT05",2
0.0584963373839855,0.199730634689331,-0.0584963373839855,0.381803721189499,1.28056715938303,-0.14196871,-0.0935999974608421,-0.0932584032416344,2.40276885946298,91.692429154288,9,9,2009,9,"2009-09-06","LT05",2
-0.0615072101354599,0.366925299167633,0.0615072101354599,0.577258944511414,1.14788213627993,-0.068552906,-0.0826999992132187,-0.112493000924587,9.18144193758311,88.4778213100947,10,10,2009,9,"2009-09-06","LT05",2
0.101325891911983,0.204652220010757,-0.101325891911983,0.50725656747818,1.12180246328754,-0.132176829,-0.0888999998569489,-0.0888196974992752,1.58222089522678,92.3915414763885,11,11,2009,9,"2009-09-06","LT05",2
-0.0658711642026901,0.314294248819351,0.0658711642026901,0.472602009773254,1.16564705882353,-0.0697374905,-0.0737000033259392,-0.0730312019586563,1.3616191353309,92.5614495204142,12,12,2009,9,"2009-09-06","LT05",2
-0.205828309059143,0.502756416797638,0.205828309059143,0.647333681583405,1.05461893764434,-0.0404712315,-0.0824000015854836,-0.117417998611927,11.578429154288,86.7801906400317,13,13,2009,9,"2009-09-06","LT05",2
-0.297248899936676,0.530317664146423,0.297248899936676,0.726423919200897,0.890831234256927,-0.043108191375,-0.0819000005722046,-0.118724003434181,12.2775414763885,86.7627074102368,14,14,2009,9,"2009-09-06","LT05",2
-0.253283381462097,0.492796123027802,0.253283381462097,0.726015985012054,0.807263459700542,-0.05048840075,0.0333999991416931,0.0332639999687672,0.622957484084543,97.850410957203,15,15,2009,9,"2009-09-06","LT05",2
-0.219823941588402,0.50423926115036,0.219823941588402,0.711484313011169,0.717194748014781,-0.05053412225,-0.115199998021126,-0.115543000400066,8.94947148798914,88.3551928019693,16,16,2009,9,"2009-09-06","LT05",2
-0.17010198533535,0.470203399658203,0.17010198533535,0.659181773662567,0.846127342888643,-0.063874232,-0.0780000016093254,-0.140134006738663,34.6738155584882,81.2893700172594,17,17,2009,9,"2009-09-06","LT05",2
-0.343595147132874,0.619396269321442,0.343595147132874,0.703089833259583,0.853498405552429,-0.028441901,-0.109999999403954,-0.130511999130249,26.7821906400317,82.516768859463,18,18,2009,9,"2009-09-06","LT05",2
-0.272532761096954,0.472624331712723,0.272532761096954,0.657396554946899,1.04357175192395,-0.0381638165,-0.115800000727177,-0.15599699318409,42.2896190094521,80.3480178591308,19,19,2009,9,"2009-09-06","LT05",2
-0.206299871206284,0.485409110784531,0.206299871206284,0.635965764522552,1.06046783625731,-0.039242713,-0.114600002765656,-0.139293998479843,32.1352144081669,81.4756191353309,20,20,2009,9,"2009-09-06","LT05",2
-0.0673340931534767,0.289713799953461,0.0673340931534767,0.466245770454407,1.23544748969197,-0.08298748825,-0.0790999978780746,-0.133031994104385,27.0580121075243,82.4046190094521,21,21,2009,9,"2009-09-06","LT05",2
-0.374223470687866,0.739342510700226,0.374223470687866,0.660581886768341,0.854530106921779,-0.01416278725,-0.109099999070167,-0.138340994715691,29.5966132578456,81.6962208952268,22,22,2009,9,"2009-09-06","LT05",2
-0.249610647559166,0.578228950500488,0.249610647559166,0.737147986888885,0.721752314075966,-0.047740774,-0.0808999985456467,-0.128451004624367,15.6960379933792,83.0254167088095,23,23,2009,9,"2009-09-06","LT05",2
-0.158080920577049,0.414253771305084,0.158080920577049,0.65030437707901,0.842943070660429,-0.07653415125,-0.0795999988913536,-0.120993003249168,12.4474495204142,86.4397252412076,24,24,2009,9,"2009-09-06","LT05",2
-0.321458220481873,0.568438470363617,0.321458220481873,0.766691744327545,0.676470588235293,-0.030433033,-0.0807999968528748,-0.117039002478123,10.4631284723991,87.0560121075243,25,25,2009,9,"2009-09-06","LT05",2
-0.359288483858109,0.621768534183502,0.359288483858109,0.778449416160583,0.57493441189331,-0.04614997325,-0.107600003480911,-0.166336998343468,47.3668213100947,75.4096132578456,26,26,2009,9,"2009-09-06","LT05",2
-0.249054282903671,0.518972218036652,0.249054282903671,0.712874889373779,0.863914903457048,-0.0388689825,-0.10589999705553,-0.163434997200966,44.8282201597734,77.9482144081669,27,27,2009,9,"2009-09-06","LT05",2
-0.05031343922019,0.313576817512512,0.05031343922019,0.514862835407257,1.07239348804988,-0.0737557135,-0.0531000010669231,-0.0529821999371052,1.17537001725943,95.2830379933792,28,28,2009,9,"2009-09-06","LT05",2
0.131438538432121,0.0902932807803154,-0.131438538432121,0.376213431358337,1.16613252143258,-0.16208689875,-0.0935999974608421,-0.0932584032416344,2.40276885946298,91.692429154288,9,9,2009,10,"2009-09-22","LT05",2
-0.0267576798796654,0.291877895593643,0.0267576798796654,0.486556500196457,1.03723437597944,-0.07651259675,-0.0888999998569489,-0.0888196974992752,1.58222089522678,92.3915414763885,11,11,2009,10,"2009-09-22","LT05",2
-0.247996523976326,0.51870983839035,0.247996523976326,0.660884380340576,0.683603445758505,-0.035971643,-0.115800000727177,-0.15599699318409,42.2896190094521,80.3480178591308,19,19,2009,10,"2009-09-22","LT05",2
-0.120152004063129,0.353742003440857,0.120152004063129,0.591733872890472,0.936099049407346,-0.08189015025,-0.100100003182888,-0.126315996050835,15.0241928019693,84.9091941165153,1,1,2010,4,"2010-06-18","LT05",2
0.140825986862183,0.0262138023972511,-0.140825986862183,0.32652935385704,1.26281396773535,-0.2294152065,-0.0895000025629997,-0.152827993035317,39.7510178591308,80.6718155584882,2,2,2010,4,"2010-06-18","LT05",2
-0.131559059023857,0.405562430620193,0.131559059023857,0.595541417598724,0.855831476175316,-0.0759499165,-0.0886000022292137,-0.151792004704475,37.2124167088095,80.7369574840845,3,3,2010,4,"2010-06-18","LT05",2
-0.101133540272713,0.3746258020401,0.101133540272713,0.588942110538483,0.854579240775153,-0.08200292775,-0.0859000012278557,-0.129688993096352,24.519410957203,82.8216273785474,4,4,2010,4,"2010-06-18","LT05",2
-0.343740195035934,0.609945178031921,0.343740195035934,0.722272038459778,0.738260911877767,-0.05253533025,-0.090599998831749,-0.109407000243664,6.64870741023682,89.0634714879892,5,5,2010,4,"2010-06-18","LT05",2
0.126274600625038,0.0655919834971428,-0.126274600625038,0.384797841310501,1.09017099595353,-0.2408604755,-0.0917999967932701,-0.107192002236843,6.32572524120759,89.2954419375831,6,6,2010,4,"2010-06-18","LT05",2
0.234991207718849,-0.0866894498467445,-0.234991207718849,0.240784347057343,1.22796319604184,-0.315517547,-0.088699996471405,-0.104301996529102,4.79519411651529,90.5771284723991,7,7,2010,4,"2010-06-18","LT05",2
-0.206401765346527,0.460511565208435,0.206401765346527,0.573772728443146,0.935093574919537,-0.05293965175,-0.0854000002145767,-0.0983740016818047,2.70762737854738,90.6412201597734,8,8,2010,4,"2010-06-18","LT05",2
0.206778675317764,-0.0253599192947149,-0.206778675317764,0.294556468725204,1.20765133982099,-0.24807113775,-0.0935999974608421,-0.0932584032416344,2.40276885946298,91.692429154288,9,9,2010,4,"2010-06-18","LT05",2
0.0911006480455399,0.154182836413383,-0.0911006480455399,0.492341697216034,1.01819769312072,-0.1507987345,-0.0826999992132187,-0.112493000924587,9.18144193758311,88.4778213100947,10,10,2010,4,"2010-06-18","LT05",2
0.166862279176712,0.042786531150341,-0.166862279176712,0.454664975404739,1.0305421598714,-0.16316338075,-0.0888999998569489,-0.0888196974992752,1.58222089522678,92.3915414763885,11,11,2010,4,"2010-06-18","LT05",2
0.0231808610260487,0.195428654551506,-0.0231808610260487,0.466198056936264,1.04403380372811,-0.13728997825,-0.0737000033259392,-0.0730312019586563,1.3616191353309,92.5614495204142,12,12,2010,4,"2010-06-18","LT05",2
-0.0943656787276268,0.364707559347153,0.0943656787276268,0.570273041725159,0.939919259083353,-0.0779624545,-0.0824000015854836,-0.117417998611927,11.578429154288,86.7801906400317,13,13,2010,4,"2010-06-18","LT05",2
-0.183472260832787,0.432586878538132,0.183472260832787,0.618192434310913,0.858091108613029,-0.0710264045,-0.0819000005722046,-0.118724003434181,12.2775414763885,86.7627074102368,14,14,2010,4,"2010-06-18","LT05",2
-0.118221901357174,0.395176589488983,0.118221901357174,0.553890585899353,0.949166913978039,-0.094976644,0.0333999991416931,0.0332639999687672,0.622957484084543,97.850410957203,15,15,2010,4,"2010-06-18","LT05",2
-0.0956119671463966,0.334213703870773,0.0956119671463966,0.541866779327393,0.980504354871379,-0.08934602175,-0.115199998021126,-0.115543000400066,8.94947148798914,88.3551928019693,16,16,2010,4,"2010-06-18","LT05",2
-0.0640089362859726,0.336702406406403,0.0640089362859726,0.557134449481964,0.96076099881094,-0.11289376025,-0.0780000016093254,-0.140134006738663,34.6738155584882,81.2893700172594,17,17,2010,4,"2010-06-18","LT05",2
-0.156800657510757,0.389075577259064,0.156800657510757,0.558418393135071,0.940249864204237,-0.061880801,-0.109999999403954,-0.130511999130249,26.7821906400317,82.516768859463,18,18,2010,4,"2010-06-18","LT05",2
-0.137904897332191,0.398312091827393,0.137904897332191,0.573112666606903,1.02235772357724,-0.07051784975,-0.115800000727177,-0.15599699318409,42.2896190094521,80.3480178591308,19,19,2010,4,"2010-06-18","LT05",2
-0.0700340792536736,0.283952713012695,0.0700340792536736,0.5407595038414,0.919565327781445,-0.09245771,-0.114600002765656,-0.139293998479843,32.1352144081669,81.4756191353309,20,20,2010,4,"2010-06-18","LT05",2
0.0439021289348602,0.170481592416763,-0.0439021289348602,0.422632843255997,1.11578947368421,-0.15229788875,-0.0790999978780746,-0.133031994104385,27.0580121075243,82.4046190094521,21,21,2010,4,"2010-06-18","LT05",2
-0.080278791487217,0.294367998838425,0.080278791487217,0.535555183887482,1.02682800994325,-0.10734420525,-0.109099999070167,-0.138340994715691,29.5966132578456,81.6962208952268,22,22,2010,4,"2010-06-18","LT05",2
-0.164654150605202,0.449117362499237,0.164654150605202,0.613993108272552,0.931650720334323,-0.076158328,-0.0808999985456467,-0.128451004624367,15.6960379933792,83.0254167088095,23,23,2010,4,"2010-06-18","LT05",2
-0.105582937598228,0.393184959888458,0.105582937598228,0.63537585735321,0.854708138048573,-0.1074223905,-0.0795999988913536,-0.120993003249168,12.4474495204142,86.4397252412076,24,24,2010,4,"2010-06-18","LT05",2
-0.217253774404526,0.454823881387711,0.217253774404526,0.590915024280548,0.858115154509029,-0.055053464,-0.0807999968528748,-0.117039002478123,10.4631284723991,87.0560121075243,25,25,2010,4,"2010-06-18","LT05",2
-0.29799085855484,0.572451055049896,0.29799085855484,0.699872553348541,0.742287400518644,-0.06295555875,-0.107600003480911,-0.166336998343468,47.3668213100947,75.4096132578456,26,26,2010,4,"2010-06-18","LT05",2
-0.137817651033401,0.397821336984634,0.137817651033401,0.557404160499573,0.927977991746905,-0.06883296875,-0.10589999705553,-0.163434997200966,44.8282201597734,77.9482144081669,27,27,2010,4,"2010-06-18","LT05",2
-0.0303390007466078,0.214035958051682,0.0303390007466078,0.505130648612976,1.00318431826641,-0.12946622825,-0.0531000010669231,-0.0529821999371052,1.17537001725943,95.2830379933792,28,28,2010,4,"2010-06-18","LT05",2
0.0624851584434509,0.0554655455052853,-0.0624851584434509,0.361235231161118,1.08925631497248,-0.22636072375,-0.0895000025629997,-0.152827993035317,39.7510178591308,80.6718155584882,2,2,2010,5,"2010-07-04","LT05",2
-0.15492445230484,0.400771260261536,0.15492445230484,0.600968718528748,0.915424719574491,-0.08043051625,-0.0859000012278557,-0.129688993096352,24.519410957203,82.8216273785474,4,4,2010,5,"2010-07-04","LT05",2
-0.0491749010980129,0.30046421289444,0.0491749010980129,0.538257002830505,0.979499754781756,-0.20770334325,-0.0917999967932701,-0.107192002236843,6.32572524120759,89.2954419375831,6,6,2010,5,"2010-07-04","LT05",2
0.185352340340614,-0.0247485935688019,-0.185352340340614,0.267181575298309,1.17407348271152,-0.33839770925,-0.088699996471405,-0.104301996529102,4.79519411651529,90.5771284723991,7,7,2010,5,"2010-07-04","LT05",2
0.160817086696625,0.0500708892941475,-0.160817086696625,0.339925438165665,1.14348432939982,-0.2480570275,-0.0935999974608421,-0.0932584032416344,2.40276885946298,91.692429154288,9,9,2010,5,"2010-07-04","LT05",2
-0.0122050344944,0.283758908510208,0.0122050344944,0.536375224590302,0.999071612440394,-0.134430366,-0.0826999992132187,-0.112493000924587,9.18144193758311,88.4778213100947,10,10,2010,5,"2010-07-04","LT05",2
0.0375177934765816,0.147603243589401,-0.0375177934765816,0.464811980724335,1.05194148151271,-0.142837204,-0.0888999998569489,-0.0888196974992752,1.58222089522678,92.3915414763885,11,11,2010,5,"2010-07-04","LT05",2
-0.025227215141058,0.29860132932663,0.025227215141058,0.536375224590302,0.93647403188165,-0.12784477325,-0.0737000033259392,-0.0730312019586563,1.3616191353309,92.5614495204142,12,12,2010,5,"2010-07-04","LT05",2
-0.121746994554996,0.384058922529221,0.121746994554996,0.57357269525528,0.918868725458983,-0.0790716725,-0.0824000015854836,-0.117417998611927,11.578429154288,86.7801906400317,13,13,2010,5,"2010-07-04","LT05",2
-0.237806037068367,0.497562378644943,0.237806037068367,0.659996271133423,0.786639804060994,-0.08354012825,0.0333999991416931,0.0332639999687672,0.622957484084543,97.850410957203,15,15,2010,5,"2010-07-04","LT05",2
-0.183393388986588,0.490216195583344,0.183393388986588,0.611361622810364,0.848315789473684,-0.06361004775,-0.115800000727177,-0.15599699318409,42.2896190094521,80.3480178591308,19,19,2010,5,"2010-07-04","LT05",2
-0.0281608626246452,0.261851131916046,0.0281608626246452,0.520416975021362,0.946756370056927,-0.16494556775,-0.0790999978780746,-0.133031994104385,27.0580121075243,82.4046190094521,21,21,2010,5,"2010-07-04","LT05",2
-0.178965598344803,0.433122992515564,0.178965598344803,0.496686071157455,0.85948238420071,-0.09087122125,-0.0808999985456467,-0.128451004624367,15.6960379933792,83.0254167088095,23,23,2010,5,"2010-07-04","LT05",2
-0.152320176362991,0.391414433717728,0.152320176362991,0.442970603704453,0.915260263582061,-0.098243171,-0.0795999988913536,-0.120993003249168,12.4474495204142,86.4397252412076,24,24,2010,5,"2010-07-04","LT05",2
-0.223101943731308,0.517695784568787,0.223101943731308,0.652197301387787,0.950703732231636,-0.056859873,-0.100100003182888,-0.126315996050835,15.0241928019693,84.9091941165153,1,1,2010,7,"2010-08-05","LT05",1
0.155490174889565,0.038454957306385,-0.155490174889565,0.387637108564377,1.19871466939506,-0.2375314135,-0.0895000025629997,-0.152827993035317,39.7510178591308,80.6718155584882,2,2,2010,7,"2010-08-05","LT05",1
-0.222661375999451,0.499779105186462,0.222661375999451,0.660088241100311,1.09899464893789,-0.0615865565,-0.0886000022292137,-0.151792004704475,37.2124167088095,80.7369574840845,3,3,2010,7,"2010-08-05","LT05",1
-0.161901667714119,0.412743955850601,0.161901667714119,0.652895927429199,0.839729679459359,-0.0749773515,-0.0859000012278557,-0.129688993096352,24.519410957203,82.8216273785474,4,4,2010,7,"2010-08-05","LT05",1
-0.378688663244247,0.686599671840668,0.378688663244247,0.77922385931015,0.672470834058854,-0.04225688075,-0.090599998831749,-0.109407000243664,6.64870741023682,89.0634714879892,5,5,2010,7,"2010-08-05","LT05",1
-0.116191387176514,0.406455010175705,0.116191387176514,0.627782821655273,0.928180202401248,-0.14314939775,-0.0917999967932701,-0.107192002236843,6.32572524120759,89.2954419375831,6,6,2010,7,"2010-08-05","LT05",1
0.173151507973671,-0.0357012450695038,-0.173151507973671,0.357879400253296,1.15646783445225,-0.29097058225,-0.088699996471405,-0.104301996529102,4.79519411651529,90.5771284723991,7,7,2010,7,"2010-08-05","LT05",1
-0.2984878718853,0.613712072372437,0.2984878718853,0.731001496315002,0.733222010178117,-0.0385820805,-0.0854000002145767,-0.0983740016818047,2.70762737854738,90.6412201597734,8,8,2010,7,"2010-08-05","LT05",1
0.112047053873539,0.0897863209247589,-0.112047053873539,0.412894606590271,1.15123417316792,-0.2152577995,-0.0935999974608421,-0.0932584032416344,2.40276885946298,91.692429154288,9,9,2010,7,"2010-08-05","LT05",1
-0.0695111826062202,0.307047516107559,0.0695111826062202,0.595874845981598,0.905695377519302,-0.11000384025,-0.0826999992132187,-0.112493000924587,9.18144193758311,88.4778213100947,10,10,2010,7,"2010-08-05","LT05",1
0.0573193989694118,0.183551266789436,-0.0573193989694118,0.517423152923584,1.05628291948834,-0.14240980175,-0.0888999998569489,-0.0888196974992752,1.58222089522678,92.3915414763885,11,11,2010,7,"2010-08-05","LT05",1
-0.0419493168592453,0.328167080879211,0.0419493168592453,0.610439419746399,0.905248397435898,-0.1199043765,-0.0737000033259392,-0.0730312019586563,1.3616191353309,92.5614495204142,12,12,2010,7,"2010-08-05","LT05",1
-0.223702669143677,0.468943536281586,0.223702669143677,0.669217526912689,0.84618611480109,-0.0579155815,-0.0824000015854836,-0.117417998611927,11.578429154288,86.7801906400317,13,13,2010,7,"2010-08-05","LT05",1
-0.309220731258392,0.553575873374939,0.309220731258392,0.680179953575134,0.839485562357014,-0.04743532325,-0.0819000005722046,-0.118724003434181,12.2775414763885,86.7627074102368,14,14,2010,7,"2010-08-05","LT05",1
-0.318713337182999,0.583794295787811,0.318713337182999,0.738699793815613,0.750957216580656,-0.05896698625,0.0333999991416931,0.0332639999687672,0.622957484084543,97.850410957203,15,15,2010,7,"2010-08-05","LT05",1
-0.244803085923195,0.535560607910156,0.244803085923195,0.712133646011353,0.747365214742613,-0.06133486825,-0.115199998021126,-0.115543000400066,8.94947148798914,88.3551928019693,16,16,2010,7,"2010-08-05","LT05",1
-0.227766782045364,0.53386127948761,0.227766782045364,0.745895206928253,0.752172709659563,-0.08545506325,-0.0780000016093254,-0.140134006738663,34.6738155584882,81.2893700172594,17,17,2010,7,"2010-08-05","LT05",1
-0.275082141160965,0.584465980529785,0.275082141160965,0.686903953552246,0.747534396688177,-0.04565085375,-0.109999999403954,-0.130511999130249,26.7821906400317,82.516768859463,18,18,2010,7,"2010-08-05","LT05",1
-0.250505357980728,0.507822334766388,0.250505357980728,0.712769865989685,0.739051094890511,-0.0543266665,-0.115800000727177,-0.15599699318409,42.2896190094521,80.3480178591308,19,19,2010,7,"2010-08-05","LT05",1
-0.210463434457779,0.458318561315536,0.210463434457779,0.696442604064941,0.745992753178161,-0.06835961125,-0.114600002765656,-0.139293998479843,32.1352144081669,81.4756191353309,20,20,2010,7,"2010-08-05","LT05",1
-0.0995004326105118,0.357865184545517,0.0995004326105118,0.587266087532043,0.952985485167788,-0.118121975,-0.0790999978780746,-0.133031994104385,27.0580121075243,82.4046190094521,21,21,2010,7,"2010-08-05","LT05",1
-0.427559316158295,0.671420156955719,0.427559316158295,0.756880223751068,0.7470181662487,-0.033162419,-0.109099999070167,-0.138340994715691,29.5966132578456,81.6962208952268,22,22,2010,7,"2010-08-05","LT05",1
-0.289810806512833,0.503649950027466,0.289810806512833,0.727630317211151,0.747997764946918,-0.0613487035,-0.0808999985456467,-0.128451004624367,15.6960379933792,83.0254167088095,23,23,2010,7,"2010-08-05","LT05",1
-0.210345029830933,0.442366540431976,0.210345029830933,0.69003689289093,0.756297420333839,-0.0837484875,-0.0795999988913536,-0.120993003249168,12.4474495204142,86.4397252412076,24,24,2010,7,"2010-08-05","LT05",1
-0.355566829442978,0.630882799625397,0.355566829442978,0.743519961833954,0.733455152141097,-0.0334993545,-0.0807999968528748,-0.117039002478123,10.4631284723991,87.0560121075243,25,25,2010,7,"2010-08-05","LT05",1
-0.397374004125595,0.660220623016357,0.397374004125595,0.765669345855713,0.681764555014106,-0.043799342,-0.107600003480911,-0.166336998343468,47.3668213100947,75.4096132578456,26,26,2010,7,"2010-08-05","LT05",1
-0.285152018070221,0.570161700248718,0.285152018070221,0.686132252216339,0.740935147454935,-0.0394592205,-0.10589999705553,-0.163434997200966,44.8282201597734,77.9482144081669,27,27,2010,7,"2010-08-05","LT05",1
-0.134010076522827,0.375395238399506,0.134010076522827,0.583898901939392,0.967517187283716,-0.09901277225,-0.0531000010669231,-0.0529821999371052,1.17537001725943,95.2830379933792,28,28,2010,7,"2010-08-05","LT05",1
0.111119329929352,0.0932817980647087,-0.111119329929352,0.309996336698532,1.14068903400135,-0.224219912,-0.0895000025629997,-0.152827993035317,39.7510178591308,80.6718155584882,2,2,2010,8,"2010-08-21","LT05",1
-0.261902213096619,0.626799881458282,0.261902213096619,0.660507440567017,0.845535201378694,-0.04238455775,-0.0886000022292137,-0.151792004704475,37.2124167088095,80.7369574840845,3,3,2010,8,"2010-08-21","LT05",1
-0.335778832435608,0.671597719192505,0.335778832435608,0.705994367599487,0.642593530646211,-0.023869993,-0.0819000005722046,-0.118724003434181,12.2775414763885,86.7627074102368,14,14,2010,8,"2010-08-21","LT05",1
0.0656983628869057,0.164446413516998,-0.0656983628869057,0.310542404651642,1.06546519162007,-0.1646544005,-0.0895000025629997,-0.152827993035317,39.7510178591308,80.6718155584882,2,2,2011,4,"2011-06-18","LT05",1
-0.256662011146545,0.522831082344055,0.256662011146545,0.466686367988586,0.835263239153929,-0.03336421125,-0.0886000022292137,-0.151792004704475,37.2124167088095,80.7369574840845,3,3,2011,4,"2011-06-18","LT05",1
-0.227959468960762,0.506109714508057,0.227959468960762,0.502683103084564,0.78745314944871,-0.0444270185,-0.0859000012278557,-0.129688993096352,24.519410957203,82.8216273785474,4,4,2011,4,"2011-06-18","LT05",1
0.0805841907858849,0.140888437628746,-0.0805841907858849,0.252201497554779,1.1697623974669,-0.157116689,-0.0935999974608421,-0.0932584032416344,2.40276885946298,91.692429154288,9,9,2011,4,"2011-06-18","LT05",1
-0.0742051154375076,0.372504889965057,0.0742051154375076,0.418915957212448,0.962896675156605,-0.08261206375,-0.0826999992132187,-0.112493000924587,9.18144193758311,88.4778213100947,10,10,2011,4,"2011-06-18","LT05",1
-0.0457854345440865,0.320959568023682,0.0457854345440865,0.369474172592163,0.971991852175178,-0.07644419875,-0.0888999998569489,-0.0888196974992752,1.58222089522678,92.3915414763885,11,11,2011,4,"2011-06-18","LT05",1
-0.238421633839607,0.538638591766357,0.238421633839607,0.489428073167801,0.884139048574405,-0.04150664225,0.0333999991416931,0.0332639999687672,0.622957484084543,97.850410957203,15,15,2011,4,"2011-06-18","LT05",1
-0.310103565454483,0.538638591766357,0.310103565454483,0.409787327051163,0.962546430045399,-0.02580957075,-0.115800000727177,-0.15599699318409,42.2896190094521,80.3480178591308,19,19,2011,4,"2011-06-18","LT05",1
0.0975003689527512,0.00203123991377652,-0.0975003689527512,0.352347016334534,1.19736021898799,-0.23946070625,-0.0895000025629997,-0.152827993035317,39.7510178591308,80.6718155584882,2,2,2011,5,"2011-07-04","LT05",1
-0.171105593442917,0.46382349729538,0.171105593442917,0.61663293838501,0.863046527940145,-0.064128992,-0.0886000022292137,-0.151792004704475,37.2124167088095,80.7369574840845,3,3,2011,5,"2011-07-04","LT05",1
-0.339849263429642,0.639016509056091,0.339849263429642,0.750207364559174,0.74150206091751,-0.0542881225,-0.090599998831749,-0.109407000243664,6.64870741023682,89.0634714879892,5,5,2011,5,"2011-07-04","LT05",1
-0.0453103631734848,0.302979350090027,0.0453103631734848,0.583154618740082,0.99892982228564,-0.18975426375,-0.0917999967932701,-0.107192002236843,6.32572524120759,89.2954419375831,6,6,2011,5,"2011-07-04","LT05",1
0.137388497591019,0.0234581120312214,-0.137388497591019,0.285184919834137,1.25497485239449,-0.2708607865,-0.088699996471405,-0.104301996529102,4.79519411651529,90.5771284723991,7,7,2011,5,"2011-07-04","LT05",1
-0.218202203512192,0.531719326972961,0.218202203512192,0.65618222951889,0.790257377711899,-0.04844094875,-0.0854000002145767,-0.0983740016818047,2.70762737854738,90.6412201597734,8,8,2011,5,"2011-07-04","LT05",1
0.137276589870453,0.088089607656002,-0.137276589870453,0.402851045131683,1.13794168519891,-0.22388639475,-0.0935999974608421,-0.0932584032416344,2.40276885946298,91.692429154288,9,9,2011,5,"2011-07-04","LT05",1
0.0132077084854245,0.251772820949554,-0.0132077084854245,0.567315220832825,1.03794810259487,-0.142794964,-0.0826999992132187,-0.112493000924587,9.18144193758311,88.4778213100947,10,10,2011,5,"2011-07-04","LT05",1
0.10952116549015,0.0992414280772209,-0.10952116549015,0.54370105266571,0.905835787923417,-0.1705783515,-0.0888999998569489,-0.0888196974992752,1.58222089522678,92.3915414763885,11,11,2011,5,"2011-07-04","LT05",1
-0.202157109975815,0.490701138973236,0.202157109975815,0.631501913070679,0.937430364158799,-0.066927491,-0.0819000005722046,-0.118724003434181,12.2775414763885,86.7627074102368,14,14,2011,5,"2011-07-04","LT05",1
-0.214881494641304,0.500576078891754,0.214881494641304,0.674371004104614,0.794086685889514,-0.08253425525,0.0333999991416931,0.0332639999687672,0.622957484084543,97.850410957203,15,15,2011,5,"2011-07-04","LT05",1
-0.143327623605728,0.431967943906784,0.143327623605728,0.654030799865723,0.734630350194552,-0.078825443,-0.115199998021126,-0.115543000400066,8.94947148798914,88.3551928019693,16,16,2011,5,"2011-07-04","LT05",1
-0.140134364366531,0.430562824010849,0.140134364366531,0.679091989994049,0.860096248281281,-0.11195539425,-0.0780000016093254,-0.140134006738663,34.6738155584882,81.2893700172594,17,17,2011,5,"2011-07-04","LT05",1
-0.149864315986633,0.417988687753677,0.149864315986633,0.603533804416656,0.944492307692308,-0.07136205025,-0.109999999403954,-0.130511999130249,26.7821906400317,82.516768859463,18,18,2011,5,"2011-07-04","LT05",1
-0.152636095881462,0.431899130344391,0.152636095881462,0.611998200416565,1.02560070449113,-0.07742298425,-0.114600002765656,-0.139293998479843,32.1352144081669,81.4756191353309,20,20,2011,5,"2011-07-04","LT05",1
-0.145753368735313,0.39801013469696,0.145753368735313,0.605655491352081,0.857011204345928,-0.0849583995,-0.109099999070167,-0.138340994715691,29.5966132578456,81.6962208952268,22,22,2011,5,"2011-07-04","LT05",1
-0.234972015023232,0.505975604057312,0.234972015023232,0.719540059566498,0.79702380952381,-0.0754089365,-0.0808999985456467,-0.128451004624367,15.6960379933792,83.0254167088095,23,23,2011,5,"2011-07-04","LT05",1
-0.142628148198128,0.377621591091156,0.142628148198128,0.611761033535004,0.89622641509434,-0.11880408225,-0.0795999988913536,-0.120993003249168,12.4474495204142,86.4397252412076,24,24,2011,5,"2011-07-04","LT05",1
-0.255353301763535,0.485838264226913,0.255353301763535,0.663973093032837,0.793171327721966,-0.048855679,-0.0807999968528748,-0.117039002478123,10.4631284723991,87.0560121075243,25,25,2011,5,"2011-07-04","LT05",1
-0.171647191047668,0.423281282186508,0.171647191047668,0.555917978286743,0.915392801857585,-0.06834901275,-0.10589999705553,-0.163434997200966,44.8282201597734,77.9482144081669,27,27,2011,5,"2011-07-04","LT05",1
-0.176177650690079,0.450837135314941,0.176177650690079,0.589221060276031,0.908587257617729,-0.07577174675,-0.100100003182888,-0.126315996050835,15.0241928019693,84.9091941165153,1,1,2011,6,"2011-07-20","LT05",1
0.110860489308834,0.130965039134026,-0.110860489308834,0.328507423400879,1.05566138826051,-0.2361520465,-0.0895000025629997,-0.152827993035317,39.7510178591308,80.6718155584882,2,2,2011,6,"2011-07-20","LT05",1
-0.195313364267349,0.48140287399292,0.195313364267349,0.514947950839996,0.930864818273237,-0.068250582,-0.0886000022292137,-0.151792004704475,37.2124167088095,80.7369574840845,3,3,2011,6,"2011-07-20","LT05",1
-0.148369386792183,0.450895667076111,0.148369386792183,0.525346040725708,0.947657393850658,-0.0761690805,-0.0859000012278557,-0.129688993096352,24.519410957203,82.8216273785474,4,4,2011,6,"2011-07-20","LT05",1
-0.358754247426987,0.65202522277832,0.358754247426987,0.682380855083466,0.797239033266089,-0.04788967825,-0.090599998831749,-0.109407000243664,6.64870741023682,89.0634714879892,5,5,2011,6,"2011-07-20","LT05",1
-0.168542206287384,0.444758027791977,0.168542206287384,0.613875925540924,0.896588924278229,-0.155351013,-0.0917999967932701,-0.107192002236843,6.32572524120759,89.2954419375831,6,6,2011,6,"2011-07-20","LT05",1
-0.298033058643341,0.59025239944458,0.298033058643341,0.613545298576355,0.785048036563753,-0.03946653825,-0.0854000002145767,-0.0983740016818047,2.70762737854738,90.6412201597734,8,8,2011,6,"2011-07-20","LT05",1
0.103067435324192,0.122210495173931,-0.103067435324192,0.42157119512558,1.05045500257549,-0.24796229825,-0.0935999974608421,-0.0932584032416344,2.40276885946298,91.692429154288,9,9,2011,6,"2011-07-20","LT05",1
-0.0369470678269863,0.3292336165905,0.0369470678269863,0.553186297416687,0.89437278756561,-0.1183945715,-0.0826999992132187,-0.112493000924587,9.18144193758311,88.4778213100947,10,10,2011,6,"2011-07-20","LT05",1
-0.0215015038847923,0.225237727165222,0.0215015038847923,0.507958948612213,0.930864818273237,-0.138840387,-0.0888999998569489,-0.0888196974992752,1.58222089522678,92.3915414763885,11,11,2011,6,"2011-07-20","LT05",1
-0.0854551047086716,0.334782928228378,0.0854551047086716,0.616667807102203,0.938713985880557,-0.1528295105,-0.0737000033259392,-0.0730312019586563,1.3616191353309,92.5614495204142,12,12,2011,6,"2011-07-20","LT05",1
-0.203084260225296,0.456463843584061,0.203084260225296,0.542110025882721,0.875676197836167,-0.08008018275,-0.0819000005722046,-0.118724003434181,12.2775414763885,86.7627074102368,14,14,2011,6,"2011-07-20","LT05",1
-0.272648215293884,0.525163471698761,0.272648215293884,0.633536994457245,0.835091408608351,-0.079729544,0.0333999991416931,0.0332639999687672,0.622957484084543,97.850410957203,15,15,2011,6,"2011-07-20","LT05",1
-0.186020478606224,0.466571271419525,0.186020478606224,0.623255789279938,0.735484395979981,-0.07579362575,-0.115199998021126,-0.115543000400066,8.94947148798914,88.3551928019693,16,16,2011,6,"2011-07-20","LT05",1
-0.234578043222427,0.490421772003174,0.234578043222427,0.643710851669312,0.793875032475968,-0.096684746,-0.0780000016093254,-0.140134006738663,34.6738155584882,81.2893700172594,17,17,2011,6,"2011-07-20","LT05",1
-0.215897306799889,0.507546186447144,0.215897306799889,0.605017483234406,0.788489271511602,-0.06112955875,-0.109999999403954,-0.130511999130249,26.7821906400317,82.516768859463,18,18,2011,6,"2011-07-20","LT05",1
-0.164376482367516,0.460314095020294,0.164376482367516,0.583694159984589,0.846492460428959,-0.069491976,-0.115800000727177,-0.15599699318409,42.2896190094521,80.3480178591308,19,19,2011,6,"2011-07-20","LT05",1
-0.204264491796494,0.469202667474747,0.204264491796494,0.580567538738251,0.841744883828281,-0.07370105725,-0.114600002765656,-0.139293998479843,32.1352144081669,81.4756191353309,20,20,2011,6,"2011-07-20","LT05",1
-0.30126342177391,0.58695513010025,0.30126342177391,0.650855123996735,0.902850647079398,-0.06035452075,-0.109099999070167,-0.138340994715691,29.5966132578456,81.6962208952268,22,22,2011,6,"2011-07-20","LT05",1
-0.297961741685867,0.616967916488647,0.297961741685867,0.664795100688934,0.663618029173116,-0.039461426,-0.0807999968528748,-0.117039002478123,10.4631284723991,87.0560121075243,25,25,2011,6,"2011-07-20","LT05",1
-0.218046754598618,0.523524641990662,0.218046754598618,0.653137266635895,0.663265306122449,-0.05594237125,-0.10589999705553,-0.163434997200966,44.8282201597734,77.9482144081669,27,27,2011,6,"2011-07-20","LT05",1
-0.131727769970894,0.46494048833847,0.131727769970894,0.700983703136444,0.679544501886265,-0.065680278,-0.100100003182888,-0.126315996050835,15.0241928019693,84.9091941165153,1,1,2011,7,"2011-08-05","LT05",1
0.120618507266045,0.0557521916925907,-0.120618507266045,0.370919823646545,1.23370531608314,-0.225717221,-0.0895000025629997,-0.152827993035317,39.7510178591308,80.6718155584882,2,2,2011,7,"2011-08-05","LT05",1
-0.183099985122681,0.49577733874321,0.183099985122681,0.656480550765991,0.861309317630758,-0.05992609825,-0.0886000022292137,-0.151792004704475,37.2124167088095,80.7369574840845,3,3,2011,7,"2011-08-05","LT05",1
-0.146640762686729,0.458379089832306,0.146640762686729,0.647642552852631,0.971777328564764,-0.0671159705,-0.0859000012278557,-0.129688993096352,24.519410957203,82.8216273785474,4,4,2011,7,"2011-08-05","LT05",1
-0.395684659481049,0.681062519550323,0.395684659481049,0.768633365631104,0.708057493886801,-0.03879417975,-0.090599998831749,-0.109407000243664,6.64870741023682,89.0634714879892,5,5,2011,7,"2011-08-05","LT05",1
-0.209445402026176,0.516843318939209,0.209445402026176,0.689717233181,0.89296181953183,-0.117633828,-0.0917999967932701,-0.107192002236843,6.32572524120759,89.2954419375831,6,6,2011,7,"2011-08-05","LT05",1
0.0989829376339912,0.0485475845634937,-0.0989829376339912,0.35940232872963,1.12908845034266,-0.257716782,-0.088699996471405,-0.104301996529102,4.79519411651529,90.5771284723991,7,7,2011,7,"2011-08-05","LT05",1
-0.286652237176895,0.581449389457703,0.286652237176895,0.726929783821106,0.662461059190032,-0.037602877,-0.0854000002145767,-0.0983740016818047,2.70762737854738,90.6412201597734,8,8,2011,7,"2011-08-05","LT05",1
0.089475154876709,0.131151929497719,-0.089475154876709,0.463358104228973,1.11943151895538,-0.19830928275,-0.0935999974608421,-0.0932584032416344,2.40276885946298,91.692429154288,9,9,2011,7,"2011-08-05","LT05",1
-0.000162515148986131,0.261438697576523,0.000162515148986131,0.661398410797119,0.77650832958127,-0.128345276,-0.0826999992132187,-0.112493000924587,9.18144193758311,88.4778213100947,10,10,2011,7,"2011-08-05","LT05",1
0.0552339404821396,0.198788076639175,-0.0552339404821396,0.577003419399261,1.01694601922603,-0.1333888365,-0.0888999998569489,-0.0888196974992752,1.58222089522678,92.3915414763885,11,11,2011,7,"2011-08-05","LT05",1
-0.11884893476963,0.378543972969055,0.11884893476963,0.67537647485733,0.848542885242508,-0.114511676,-0.0737000033259392,-0.0730312019586563,1.3616191353309,92.5614495204142,12,12,2011,7,"2011-08-05","LT05",1
-0.145032778382301,0.47540557384491,0.145032778382301,0.709730803966522,0.770705215238399,-0.06617564375,-0.0824000015854836,-0.117417998611927,11.578429154288,86.7801906400317,13,13,2011,7,"2011-08-05","LT05",1
-0.195021748542786,0.471330106258392,0.195021748542786,0.678288757801056,0.864083769633508,-0.066283463,-0.0819000005722046,-0.118724003434181,12.2775414763885,86.7627074102368,14,14,2011,7,"2011-08-05","LT05",1
-0.355156809091568,0.608537673950195,0.355156809091568,0.753795027732849,0.701653124124405,-0.050400046,0.0333999991416931,0.0332639999687672,0.622957484084543,97.850410957203,15,15,2011,7,"2011-08-05","LT05",1
-0.205833852291107,0.539850413799286,0.205833852291107,0.718944191932678,0.693639442980805,-0.0624843875,-0.115199998021126,-0.115543000400066,8.94947148798914,88.3551928019693,16,16,2011,7,"2011-08-05","LT05",1
-0.226306766271591,0.538491010665894,0.226306766271591,0.744187355041504,0.781983127239108,-0.08464703625,-0.0780000016093254,-0.140134006738663,34.6738155584882,81.2893700172594,17,17,2011,7,"2011-08-05","LT05",1
-0.259677439928055,0.478076875209808,0.259677439928055,0.696102619171143,0.77421622381555,-0.053879687,-0.109999999403954,-0.130511999130249,26.7821906400317,82.516768859463,18,18,2011,7,"2011-08-05","LT05",1
-0.16958124935627,0.525195300579071,0.16958124935627,0.632060885429382,0.973396785770011,-0.0544743745,-0.115800000727177,-0.15599699318409,42.2896190094521,80.3480178591308,19,19,2011,7,"2011-08-05","LT05",1
-0.208103612065315,0.495638936758041,0.208103612065315,0.691604197025299,0.87801350048216,-0.0584431635,-0.114600002765656,-0.139293998479843,32.1352144081669,81.4756191353309,20,20,2011,7,"2011-08-05","LT05",1
-0.129539579153061,0.368821650743484,0.129539579153061,0.672438204288483,0.851039992206148,-0.11934055775,-0.0790999978780746,-0.133031994104385,27.0580121075243,82.4046190094521,21,21,2011,7,"2011-08-05","LT05",1
-0.35025292634964,0.636088192462921,0.35025292634964,0.759177267551422,0.680129240710824,-0.03860024975,-0.109099999070167,-0.138340994715691,29.5966132578456,81.6962208952268,22,22,2011,7,"2011-08-05","LT05",1
-0.247129395604134,0.521627962589264,0.247129395604134,0.743223905563354,0.694854586129754,-0.064828009,-0.0808999985456467,-0.128451004624367,15.6960379933792,83.0254167088095,23,23,2011,7,"2011-08-05","LT05",1
-0.166672632098198,0.453005790710449,0.166672632098198,0.740993499755859,0.705557171952284,-0.09476188,-0.0795999988913536,-0.120993003249168,12.4474495204142,86.4397252412076,24,24,2011,7,"2011-08-05","LT05",1
-0.3322494328022,0.625551044940948,0.3322494328022,0.773157894611359,0.559234964040148,-0.03230886575,-0.0807999968528748,-0.117039002478123,10.4631284723991,87.0560121075243,25,25,2011,7,"2011-08-05","LT05",1
-0.356054186820984,0.645538091659546,0.356054186820984,0.751112878322601,0.786030061892131,-0.0497564525,-0.107600003480911,-0.166336998343468,47.3668213100947,75.4096132578456,26,26,2011,7,"2011-08-05","LT05",1
-0.254667669534683,0.547206223011017,0.254667669534683,0.694455802440643,0.77015968856757,-0.04261427075,-0.10589999705553,-0.163434997200966,44.8282201597734,77.9482144081669,27,27,2011,7,"2011-08-05","LT05",1
-0.125432774424553,0.387593150138855,0.125432774424553,0.652944028377533,1.01537207406545,-0.10978777825,-0.0531000010669231,-0.0529821999371052,1.17537001725943,95.2830379933792,28,28,2011,7,"2011-08-05","LT05",1
-0.226160809397697,0.548115015029907,0.226160809397697,0.651995003223419,0.860838221782458,-0.047623877,-0.100100003182888,-0.126315996050835,15.0241928019693,84.9091941165153,1,1,2011,8,"2011-08-21","LT05",1
0.139899790287018,0.0749441087245941,-0.139899790287018,0.381911218166351,1.02488898945046,-0.20920605875,-0.0895000025629997,-0.152827993035317,39.7510178591308,80.6718155584882,2,2,2011,8,"2011-08-21","LT05",1
-0.197875902056694,0.572480380535126,0.197875902056694,0.67623621225357,0.864944590608307,-0.049558821,-0.0886000022292137,-0.151792004704475,37.2124167088095,80.7369574840845,3,3,2011,8,"2011-08-21","LT05",1
-0.169900089502335,0.473358601331711,0.169900089502335,0.676945805549622,0.756974061385723,-0.0600173185,-0.0859000012278557,-0.129688993096352,24.519410957203,82.8216273785474,4,4,2011,8,"2011-08-21","LT05",1
-0.379777938127518,0.705454587936401,0.379777938127518,0.77434629201889,0.694350108058042,-0.03820332025,-0.090599998831749,-0.109407000243664,6.64870741023682,89.0634714879892,5,5,2011,8,"2011-08-21","LT05",1
-0.17095473408699,0.459196656942368,0.17095473408699,0.646061539649963,0.951754385964912,-0.1190174685,-0.0917999967932701,-0.107192002236843,6.32572524120759,89.2954419375831,6,6,2011,8,"2011-08-21","LT05",1
0.155383571982384,-0.0137930680066347,-0.155383571982384,0.332414269447327,1.15780082790122,-0.278944483,-0.088699996471405,-0.104301996529102,4.79519411651529,90.5771284723991,7,7,2011,8,"2011-08-21","LT05",1
-0.305483102798462,0.607937932014465,0.305483102798462,0.715081870555878,0.642695400952604,-0.03024630525,-0.0854000002145767,-0.0983740016818047,2.70762737854738,90.6412201597734,8,8,2011,8,"2011-08-21","LT05",1
0.0868955180048943,0.132579162716866,-0.0868955180048943,0.441596388816833,1.06242532855436,-0.18961946425,-0.0935999974608421,-0.0932584032416344,2.40276885946298,91.692429154288,9,9,2011,8,"2011-08-21","LT05",1
-0.0636026933789253,0.346560716629028,0.0636026933789253,0.592835545539856,0.925275095441276,-0.0958556265,-0.0826999992132187,-0.112493000924587,9.18144193758311,88.4778213100947,10,10,2011,8,"2011-08-21","LT05",1
0.041195847094059,0.185571730136871,-0.041195847094059,0.53717428445816,1.00307830077797,-0.1249424205,-0.0888999998569489,-0.0888196974992752,1.58222089522678,92.3915414763885,11,11,2011,8,"2011-08-21","LT05",1
-0.145911410450935,0.40509295463562,0.145911410450935,0.626126766204834,0.915927160810464,-0.09297536725,-0.0737000033259392,-0.0730312019586563,1.3616191353309,92.5614495204142,12,12,2011,8,"2011-08-21","LT05",1
-0.198040902614594,0.481909453868866,0.198040902614594,0.700410306453705,0.756091617933723,-0.05337684675,-0.0824000015854836,-0.117417998611927,11.578429154288,86.7801906400317,13,13,2011,8,"2011-08-21","LT05",1
-0.211055889725685,0.525933504104614,0.211055889725685,0.658174693584442,0.979776179056754,-0.05391269525,-0.0819000005722046,-0.118724003434181,12.2775414763885,86.7627074102368,14,14,2011,8,"2011-08-21","LT05",1
-0.334198504686356,0.642990946769714,0.334198504686356,0.81079912185669,0.561828888119155,-0.046502548,0.0333999991416931,0.0332639999687672,0.622957484084543,97.850410957203,15,15,2011,8,"2011-08-21","LT05",1
-0.210198029875755,0.505254328250885,0.210198029875755,0.725825130939484,0.666483327603988,-0.058689811,-0.115199998021126,-0.115543000400066,8.94947148798914,88.3551928019693,16,16,2011,8,"2011-08-21","LT05",1
-0.312170952558517,0.607860922813416,0.312170952558517,0.752290844917297,0.864319184123484,-0.05920360175,-0.0780000016093254,-0.140134006738663,34.6738155584882,81.2893700172594,17,17,2011,8,"2011-08-21","LT05",1
-0.268883407115936,0.557467997074127,0.268883407115936,0.754159390926361,0.57151690024732,-0.0459114465,-0.109999999403954,-0.130511999130249,26.7821906400317,82.516768859463,18,18,2011,8,"2011-08-21","LT05",1
-0.154270127415657,0.482228934764862,0.154270127415657,0.624203324317932,0.85739313244569,-0.05567190325,-0.115800000727177,-0.15599699318409,42.2896190094521,80.3480178591308,19,19,2011,8,"2011-08-21","LT05",1
-0.21339450776577,0.515518844127655,0.21339450776577,0.727283120155334,0.650984682713348,-0.04949761975,-0.114600002765656,-0.139293998479843,32.1352144081669,81.4756191353309,20,20,2011,8,"2011-08-21","LT05",1
-0.145223125815392,0.425161391496658,0.145223125815392,0.623503744602203,1.01241254795757,-0.0912919245,-0.0790999978780746,-0.133031994104385,27.0580121075243,82.4046190094521,21,21,2011,8,"2011-08-21","LT05",1
-0.372864991426468,0.676281988620758,0.372864991426468,0.730030655860901,0.877503367759318,-0.02845747975,-0.109099999070167,-0.138340994715691,29.5966132578456,81.6962208952268,22,22,2011,8,"2011-08-21","LT05",1
-0.256820976734161,0.579198122024536,0.256820976734161,0.700731515884399,0.866330301307561,-0.05308011075,-0.0808999985456467,-0.128451004624367,15.6960379933792,83.0254167088095,23,23,2011,8,"2011-08-21","LT05",1
-0.163653761148453,0.474392354488373,0.163653761148453,0.690390229225159,0.969394306913034,-0.08322842675,-0.0795999988913536,-0.120993003249168,12.4474495204142,86.4397252412076,24,24,2011,8,"2011-08-21","LT05",1
-0.359223037958145,0.617614030838013,0.359223037958145,0.761618614196777,0.624109638445586,-0.0276905515,-0.0807999968528748,-0.117039002478123,10.4631284723991,87.0560121075243,25,25,2011,8,"2011-08-21","LT05",1
-0.35047259926796,0.642304241657257,0.35047259926796,0.765431046485901,0.698983089579525,-0.050264812,-0.107600003480911,-0.166336998343468,47.3668213100947,75.4096132578456,26,26,2011,8,"2011-08-21","LT05",1
-0.214457035064697,0.469534367322922,0.214457035064697,0.719550132751465,0.889706666666667,-0.05237667725,-0.10589999705553,-0.163434997200966,44.8282201597734,77.9482144081669,27,27,2011,8,"2011-08-21","LT05",1
-0.174194246530533,0.459725230932236,0.174194246530533,0.640873908996582,0.850390063641963,-0.0797905665,-0.0531000010669231,-0.0529821999371052,1.17537001725943,95.2830379933792,28,28,2011,8,"2011-08-21","LT05",1
-0.2170400172472,0.556970357894897,0.2170400172472,0.698295712471008,0.733455152141097,-0.04463700025,-0.100100003182888,-0.126315996050835,15.0241928019693,84.9091941165153,1,1,2011,9,"2011-09-06","LT05",1
0.119786091148853,-0.052982147783041,-0.119786091148853,0.391451507806778,1.06230481905578,-0.229681775,-0.0895000025629997,-0.152827993035317,39.7510178591308,80.6718155584882,2,2,2011,9,"2011-09-06","LT05",1
-0.28802564740181,0.529660880565643,0.28802564740181,0.704759657382965,0.732128829536528,-0.04023345,-0.0886000022292137,-0.151792004704475,37.2124167088095,80.7369574840845,3,3,2011,9,"2011-09-06","LT05",1
-0.167769506573677,0.492637485265732,0.167769506573677,0.622022330760956,0.976869158878505,-0.05498117475,-0.0859000012278557,-0.129688993096352,24.519410957203,82.8216273785474,4,4,2011,9,"2011-09-06","LT05",1
-0.403132408857346,0.610701560974121,0.403132408857346,0.761511981487274,0.862393101986006,-0.04528724325,-0.090599998831749,-0.109407000243664,6.64870741023682,89.0634714879892,5,5,2011,9,"2011-09-06","LT05",1
-0.145936772227287,0.432840764522552,0.145936772227287,0.640033721923828,0.978747304097771,-0.1172124015,-0.0917999967932701,-0.107192002236843,6.32572524120759,89.2954419375831,6,6,2011,9,"2011-09-06","LT05",1
0.124618135392666,0.0406817831099033,-0.124618135392666,0.33264222741127,1.17555094179153,-0.241104637,-0.088699996471405,-0.104301996529102,4.79519411651529,90.5771284723991,7,7,2011,9,"2011-09-06","LT05",1
-0.367226839065552,0.670590281486511,0.367226839065552,0.723681628704071,1.13725778038755,-0.0235027305,-0.0854000002145767,-0.0983740016818047,2.70762737854738,90.6412201597734,8,8,2011,9,"2011-09-06","LT05",1
0.073988676071167,0.125284016132355,-0.073988676071167,0.463773459196091,1.14556604534818,-0.17811273,-0.0935999974608421,-0.0932584032416344,2.40276885946298,91.692429154288,9,9,2011,9,"2011-09-06","LT05",1
-0.111250884830952,0.318111836910248,0.111250884830952,0.595344543457031,1.10126384771415,-0.07938179275,-0.0826999992132187,-0.112493000924587,9.18144193758311,88.4778213100947,10,10,2011,9,"2011-09-06","LT05",1
0.0428022257983685,0.19671505689621,-0.0428022257983685,0.558067500591278,1.16392562260858,-0.129762626,-0.0888999998569489,-0.0888196974992752,1.58222089522678,92.3915414763885,11,11,2011,9,"2011-09-06","LT05",1
-0.127510637044907,0.418483704328537,0.127510637044907,0.66657567024231,0.842932565394768,-0.0884321005,-0.0737000033259392,-0.0730312019586563,1.3616191353309,92.5614495204142,12,12,2011,9,"2011-09-06","LT05",1
-0.199930429458618,0.489857941865921,0.199930429458618,0.681921064853668,0.735227821606827,-0.04686212975,-0.0824000015854836,-0.117417998611927,11.578429154288,86.7801906400317,13,13,2011,9,"2011-09-06","LT05",1
-0.231008246541023,0.552735447883606,0.231008246541023,0.644669055938721,0.985156374027623,-0.0469211145,-0.0819000005722046,-0.118724003434181,12.2775414763885,86.7627074102368,14,14,2011,9,"2011-09-06","LT05",1
-0.323639184236526,0.618618488311768,0.323639184236526,0.729324400424957,0.740052514643507,-0.04182150075,0.0333999991416931,0.0332639999687672,0.622957484084543,97.850410957203,15,15,2011,9,"2011-09-06","LT05",1
-0.245677649974823,0.563444018363953,0.245677649974823,0.690775752067566,0.743449032789134,-0.04657236225,-0.115199998021126,-0.115543000400066,8.94947148798914,88.3551928019693,16,16,2011,9,"2011-09-06","LT05",1
-0.198159441351891,0.535269558429718,0.198159441351891,0.741564035415649,0.656144445126819,-0.069430299,-0.0780000016093254,-0.140134006738663,34.6738155584882,81.2893700172594,17,17,2011,9,"2011-09-06","LT05",1
-0.266489744186401,0.57981926202774,0.266489744186401,0.758452713489532,0.722995361166335,-0.0435157345,-0.109999999403954,-0.130511999130249,26.7821906400317,82.516768859463,18,18,2011,9,"2011-09-06","LT05",1
-0.200367540121078,0.489951312541962,0.200367540121078,0.676069259643555,0.863720414201183,-0.04753067125,-0.115800000727177,-0.15599699318409,42.2896190094521,80.3480178591308,19,19,2011,9,"2011-09-06","LT05",1
-0.237606883049011,0.621219515800476,0.237606883049011,0.681799173355103,0.736532258064516,-0.03474239575,-0.114600002765656,-0.139293998479843,32.1352144081669,81.4756191353309,20,20,2011,9,"2011-09-06","LT05",1
-0.129003942012787,0.380845099687576,0.129003942012787,0.619052946567535,0.933344350796012,-0.09205479375,-0.0790999978780746,-0.133031994104385,27.0580121075243,82.4046190094521,21,21,2011,9,"2011-09-06","LT05",1
-0.452110201120377,0.722905576229095,0.452110201120377,0.771932721138,0.607988519492944,-0.01636756125,-0.109099999070167,-0.138340994715691,29.5966132578456,81.6962208952268,22,22,2011,9,"2011-09-06","LT05",1
-0.27096363902092,0.628065526485443,0.27096363902092,0.755570352077484,0.63397819205065,-0.045246986,-0.0808999985456467,-0.128451004624367,15.6960379933792,83.0254167088095,23,23,2011,9,"2011-09-06","LT05",1
-0.151012450456619,0.480187445878983,0.151012450456619,0.680178225040436,0.852867985566753,-0.0808813595,-0.0795999988913536,-0.120993003249168,12.4474495204142,86.4397252412076,24,24,2011,9,"2011-09-06","LT05",1
-0.367144137620926,0.621359407901764,0.367144137620926,0.72622960805893,0.886663579532298,-0.02534170225,-0.0807999968528748,-0.117039002478123,10.4631284723991,87.0560121075243,25,25,2011,9,"2011-09-06","LT05",1
-0.346091628074646,0.650996208190918,0.346091628074646,0.727099478244781,0.975672397802668,-0.046712714,-0.107600003480911,-0.166336998343468,47.3668213100947,75.4096132578456,26,26,2011,9,"2011-09-06","LT05",1
-0.315977424383163,0.544356465339661,0.315977424383163,0.689527869224548,0.871911388809997,-0.0339401025,-0.10589999705553,-0.163434997200966,44.8282201597734,77.9482144081669,27,27,2011,9,"2011-09-06","LT05",1
-0.14753957092762,0.449048042297363,0.14753957092762,0.62527334690094,0.95154485668197,-0.0755519365,-0.0531000010669231,-0.0529821999371052,1.17537001725943,95.2830379933792,28,28,2011,9,"2011-09-06","LT05",1
-0.624940752983093,0.702717006206512,0.624940752983093,0.000442199845565483,1.10118192194559,0.1992150937609,-0.0895000025629997,-0.152827993035317,39.7510178591308,80.6718155584882,2,2,2013,1,"2013-05-01","LC08",1
-0.311055660247803,0.502540171146393,0.311055660247803,0.620361506938934,0.875246296220687,-0.066999939604975,-0.090599998831749,-0.109407000243664,6.64870741023682,89.0634714879892,5,5,2013,1,"2013-05-01","LC08",1
-0.0620994716882706,0.28925609588623,0.0620994716882706,0.610692799091339,0.913567518336277,-0.11985641181555,-0.100100003182888,-0.126315996050835,15.0241928019693,84.9091941165153,1,1,2013,3,"2013-06-02","LC08",1
-0.323629677295685,0.558497905731201,0.323629677295685,0.759873270988464,0.698401412280922,-0.07062055355165,-0.090599998831749,-0.109407000243664,6.64870741023682,89.0634714879892,5,5,2013,3,"2013-06-02","LC08",1
0.0265077278017998,0.182349592447281,-0.0265077278017998,0.508721351623535,1.11925304981322,-0.2271822482229,-0.0917999967932701,-0.107192002236843,6.32572524120759,89.2954419375831,6,6,2013,3,"2013-06-02","LC08",1
0.1249128729105,0.0181286372244358,-0.1249128729105,0.30310919880867,1.26245711360558,-0.298255479085325,-0.088699996471405,-0.104301996529102,4.79519411651529,90.5771284723991,7,7,2013,3,"2013-06-02","LC08",1
0.11166275292635,0.075637698173523,-0.11166275292635,0.397862821817398,1.36439036592161,-0.240222298738425,-0.0854000002145767,-0.0983740016818047,2.70762737854738,90.6412201597734,8,8,2013,3,"2013-06-02","LC08",1
0.0128475865349174,0.211290374398232,-0.0128475865349174,0.558596789836884,1.00436359106493,-0.1720701446632,-0.0826999992132187,-0.112493000924587,9.18144193758311,88.4778213100947,10,10,2013,3,"2013-06-02","LC08",1
-0.0619231425225735,0.290956765413284,0.0619231425225735,0.618614614009857,0.92417037928889,-0.16582017778015,-0.0737000033259392,-0.0730312019586563,1.3616191353309,92.5614495204142,12,12,2013,3,"2013-06-02","LC08",1
-0.0918983370065689,0.307472318410873,0.0918983370065689,0.592184245586395,0.935905546085298,-0.11082479267835,-0.0824000015854836,-0.117417998611927,11.578429154288,86.7801906400317,13,13,2013,3,"2013-06-02","LC08",1
-0.123676732182503,0.350931763648987,0.123676732182503,0.641203165054321,0.884843475116232,-0.10234792855955,-0.0819000005722046,-0.118724003434181,12.2775414763885,86.7627074102368,14,14,2013,3,"2013-06-02","LC08",1
-0.0477625727653503,0.268902271986008,0.0477625727653503,0.583642601966858,0.968791182759073,-0.12767921424365,-0.115199998021126,-0.115543000400066,8.94947148798914,88.3551928019693,16,16,2013,3,"2013-06-02","LC08",1
-0.149504020810127,0.382392764091492,0.149504020810127,0.675818860530853,0.833425894853539,-0.117398016626575,-0.0780000016093254,-0.140134006738663,34.6738155584882,81.2893700172594,17,17,2013,3,"2013-06-02","LC08",1
-0.107838876545429,0.321393042802811,0.107838876545429,0.613995254039764,0.937513369146837,-0.09997470839155,-0.109999999403954,-0.130511999130249,26.7821906400317,82.516768859463,18,18,2013,3,"2013-06-02","LC08",1
-0.125760063529015,0.334792643785477,0.125760063529015,0.63565993309021,0.910432165180279,-0.103412077364225,-0.114600002765656,-0.139293998479843,32.1352144081669,81.4756191353309,20,20,2013,3,"2013-06-02","LC08",1
-0.0861644521355629,0.313104212284088,0.0861644521355629,0.620769143104553,0.897676313236136,-0.147289295335075,-0.0790999978780746,-0.133031994104385,27.0580121075243,82.4046190094521,21,21,2013,3,"2013-06-02","LC08",1
-0.113292895257473,0.340679168701172,0.113292895257473,0.638685524463654,0.932992255573754,-0.11461165538105,-0.109099999070167,-0.138340994715691,29.5966132578456,81.6962208952268,22,22,2013,3,"2013-06-02","LC08",1
-0.0602647922933102,0.274134397506714,0.0602647922933102,0.582450330257416,0.968978191163289,-0.135865017631775,-0.0808999985456467,-0.128451004624367,15.6960379933792,83.0254167088095,23,23,2013,3,"2013-06-02","LC08",1
-0.105317533016205,0.346639931201935,0.105317533016205,0.642688274383545,0.866018692594544,-0.133890745301525,-0.0795999988913536,-0.120993003249168,12.4474495204142,86.4397252412076,24,24,2013,3,"2013-06-02","LC08",1
-0.219328105449677,0.442842155694962,0.219328105449677,0.711988687515259,0.763490430902536,-0.068861210683125,-0.0807999968528748,-0.117039002478123,10.4631284723991,87.0560121075243,25,25,2013,3,"2013-06-02","LC08",1
-0.311860531568527,0.535730063915253,0.311860531568527,0.751895189285278,0.736875229948548,-0.07390940202555,-0.107600003480911,-0.166336998343468,47.3668213100947,75.4096132578456,26,26,2013,3,"2013-06-02","LC08",1
-0.105818577110767,0.31799253821373,0.105818577110767,0.63845831155777,0.871930197989648,-0.0919392777141,-0.10589999705553,-0.163434997200966,44.8282201597734,77.9482144081669,27,27,2013,3,"2013-06-02","LC08",1
-0.101226530969143,0.324658870697021,0.101226530969143,0.626950979232788,0.902687448961437,-0.13401901949565,-0.0531000010669231,-0.0529821999371052,1.17537001725943,95.2830379933792,28,28,2013,3,"2013-06-02","LC08",1
-0.163820445537567,0.373401463031769,0.163820445537567,0.607617020606995,0.889932995808035,-0.08527366499055,-0.100100003182888,-0.126315996050835,15.0241928019693,84.9091941165153,1,1,2013,4,"2013-06-18","LC08",1
-0.0926372110843658,0.289764672517776,0.0926372110843658,0.530962586402893,0.975676051592404,-0.10638685637555,-0.0859000012278557,-0.129688993096352,24.519410957203,82.8216273785474,4,4,2013,4,"2013-06-18","LC08",1
-0.0265873540192842,0.223295018076897,0.0265873540192842,0.45918220281601,1.10309205318156,-0.161781916876,-0.0935999974608421,-0.0932584032416344,2.40276885946298,91.692429154288,9,9,2013,4,"2013-06-18","LC08",1
-0.0166405029594898,0.21380141377449,0.0166405029594898,0.445702850818634,1.09191296469988,-0.163108696380875,-0.0888999998569489,-0.0888196974992752,1.58222089522678,92.3915414763885,11,11,2013,4,"2013-06-18","LC08",1
-0.178913459181786,0.370520800352097,0.178913459181786,0.586716830730438,0.885270729627527,-0.079951662294375,-0.0824000015854836,-0.117417998611927,11.578429154288,86.7801906400317,13,13,2013,4,"2013-06-18","LC08",1
-0.140753567218781,0.338352084159851,0.140753567218781,0.574507415294647,0.915431941514338,-0.085364566742425,-0.115800000727177,-0.15599699318409,42.2896190094521,80.3480178591308,19,19,2013,4,"2013-06-18","LC08",1
-0.113080769777298,0.362075626850128,0.113080769777298,0.67383748292923,0.830166345835236,-0.10304469703855,-0.100100003182888,-0.126315996050835,15.0241928019693,84.9091941165153,1,1,2013,5,"2013-07-04","LC08",1
0.105411626398563,0.0538311265408993,-0.105411626398563,0.382069200277328,1.24257954293524,-0.258825771595625,-0.0895000025629997,-0.152827993035317,39.7510178591308,80.6718155584882,2,2,2013,5,"2013-07-04","LC08",1
-0.16582265496254,0.394266933202744,0.16582265496254,0.682894349098206,0.837650394308326,-0.089640893785325,-0.0886000022292137,-0.151792004704475,37.2124167088095,80.7369574840845,3,3,2013,5,"2013-07-04","LC08",1
-0.0629662200808525,0.281345218420029,0.0629662200808525,0.607085704803467,0.968171067452603,-0.12415721897675,-0.0859000012278557,-0.129688993096352,24.519410957203,82.8216273785474,4,4,2013,5,"2013-07-04","LC08",1
-0.356118977069855,0.600611746311188,0.356118977069855,0.791745722293854,0.670963127112982,-0.06142102959165,-0.090599998831749,-0.109407000243664,6.64870741023682,89.0634714879892,5,5,2013,5,"2013-07-04","LC08",1
-0.186915889382362,0.436478227376938,0.186915889382362,0.687071204185486,0.876217748023468,-0.1411537280233,-0.0917999967932701,-0.107192002236843,6.32572524120759,89.2954419375831,6,6,2013,5,"2013-07-04","LC08",1
0.115510702133179,0.0257579106837511,-0.115510702133179,0.309617906808853,1.24533233698921,-0.284622567829625,-0.088699996471405,-0.104301996529102,4.79519411651529,90.5771284723991,7,7,2013,5,"2013-07-04","LC08",1
0.129522800445557,0.0660084709525108,-0.129522800445557,0.37492436170578,1.44281599093301,-0.23354434357075,-0.0854000002145767,-0.0983740016818047,2.70762737854738,90.6412201597734,8,8,2013,5,"2013-07-04","LC08",1
0.0364010818302631,0.166572600603104,-0.0364010818302631,0.496938794851303,1.15852986254683,-0.2254657718272,-0.0935999974608421,-0.0932584032416344,2.40276885946298,91.692429154288,9,9,2013,5,"2013-07-04","LC08",1
-0.0412386283278465,0.278115063905716,0.0412386283278465,0.629321455955505,0.932462457981844,-0.145653654187275,-0.0826999992132187,-0.112493000924587,9.18144193758311,88.4778213100947,10,10,2013,5,"2013-07-04","LC08",1
0.0667135417461395,0.135971784591675,-0.0667135417461395,0.465998411178589,1.16071476228741,-0.216618036432075,-0.0888999998569489,-0.0888196974992752,1.58222089522678,92.3915414763885,11,11,2013,5,"2013-07-04","LC08",1
-0.159027293324471,0.405540764331818,0.159027293324471,0.70938640832901,0.826899183219039,-0.132107767722725,-0.0737000033259392,-0.0730312019586563,1.3616191353309,92.5614495204142,12,12,2013,5,"2013-07-04","LC08",1
-0.110247150063515,0.355062633752823,0.110247150063515,0.671777248382568,0.826615806717032,-0.096851560187825,-0.0824000015854836,-0.117417998611927,11.578429154288,86.7801906400317,13,13,2013,5,"2013-07-04","LC08",1
-0.145549848675728,0.383126020431519,0.145549848675728,0.682364761829376,0.836784200820914,-0.093625846474075,-0.0819000005722046,-0.118724003434181,12.2775414763885,86.7627074102368,14,14,2013,5,"2013-07-04","LC08",1
-0.30409699678421,0.539665758609772,0.30409699678421,0.763160467147827,0.712999997593084,-0.07577025419565,0.0333999991416931,0.0332639999687672,0.622957484084543,97.850410957203,15,15,2013,5,"2013-07-04","LC08",1
-0.126361131668091,0.368512868881226,0.126361131668091,0.670977652072906,0.843010227058662,-0.110122622067175,-0.115199998021126,-0.115543000400066,8.94947148798914,88.3551928019693,16,16,2013,5,"2013-07-04","LC08",1
-0.234940782189369,0.492479264736176,0.234940782189369,0.759167015552521,0.743065312868324,-0.10684037521825,-0.0780000016093254,-0.140134006738663,34.6738155584882,81.2893700172594,17,17,2013,5,"2013-07-04","LC08",1
-0.180237233638763,0.412884563207626,0.180237233638763,0.695578694343567,0.80078709794373,-0.0881813853374,-0.109999999403954,-0.130511999130249,26.7821906400317,82.516768859463,18,18,2013,5,"2013-07-04","LC08",1
-0.0957522541284561,0.330314308404922,0.0957522541284561,0.65388435125351,0.887760820499108,-0.104100866286475,-0.115800000727177,-0.15599699318409,42.2896190094521,80.3480178591308,19,19,2013,5,"2013-07-04","LC08",1
-0.201436907052994,0.443975776433945,0.201436907052994,0.71909636259079,0.760245820923282,-0.08520258278045,-0.114600002765656,-0.139293998479843,32.1352144081669,81.4756191353309,20,20,2013,5,"2013-07-04","LC08",1
-0.179786190390587,0.41713273525238,0.179786190390587,0.702544152736664,0.836104779622984,-0.1242965648466,-0.0790999978780746,-0.133031994104385,27.0580121075243,82.4046190094521,21,21,2013,5,"2013-07-04","LC08",1
-0.289385139942169,0.541530549526215,0.289385139942169,0.763322412967682,0.707918824883948,-0.0655644078774,-0.109099999070167,-0.138340994715691,29.5966132578456,81.6962208952268,22,22,2013,5,"2013-07-04","LC08",1
-0.100565947592258,0.335347294807434,0.100565947592258,0.629528760910034,0.929560680175666,-0.12345199719135,-0.0808999985456467,-0.128451004624367,15.6960379933792,83.0254167088095,23,23,2013,5,"2013-07-04","LC08",1
-0.13785457611084,0.392266035079956,0.13785457611084,0.681595623493195,0.842563340641547,-0.121014423310575,-0.0795999988913536,-0.120993003249168,12.4474495204142,86.4397252412076,24,24,2013,5,"2013-07-04","LC08",1
-0.263516634702682,0.50465989112854,0.263516634702682,0.751985728740692,0.685888452667163,-0.061423984679775,-0.0807999968528748,-0.117039002478123,10.4631284723991,87.0560121075243,25,25,2013,5,"2013-07-04","LC08",1
-0.318623483181,0.561449468135834,0.318623483181,0.773053348064423,0.699108643859754,-0.0700881093388,-0.107600003480911,-0.166336998343468,47.3668213100947,75.4096132578456,26,26,2013,5,"2013-07-04","LC08",1
-0.160398572683334,0.395568758249283,0.160398572683334,0.69883805513382,0.784914869760844,-0.085168861928175,-0.10589999705553,-0.163434997200966,44.8282201597734,77.9482144081669,27,27,2013,5,"2013-07-04","LC08",1
-0.16653735935688,0.409123361110687,0.16653735935688,0.688099086284637,0.848923142521994,-0.1145759605829,-0.0531000010669231,-0.0529821999371052,1.17537001725943,95.2830379933792,28,28,2013,5,"2013-07-04","LC08",1
-0.161241129040718,0.403660595417023,0.161241129040718,0.664964973926544,0.85400219086641,-0.09043421554945,-0.100100003182888,-0.126315996050835,15.0241928019693,84.9091941165153,1,1,2013,6,"2013-07-20","LC08",1
0.0805455073714256,0.0748805776238441,-0.0805455073714256,0.372165322303772,1.28413622778397,-0.243298208077675,-0.0895000025629997,-0.152827993035317,39.7510178591308,80.6718155584882,2,2,2013,6,"2013-07-20","LC08",1
-0.13420644402504,0.379981726408005,0.13420644402504,0.657463371753693,0.850302143323781,-0.0943366461337,-0.0886000022292137,-0.151792004704475,37.2124167088095,80.7369574840845,3,3,2013,6,"2013-07-20","LC08",1
-0.0372235924005508,0.261549025774002,0.0372235924005508,0.575652778148651,0.994983144649708,-0.126273683656475,-0.0859000012278557,-0.129688993096352,24.519410957203,82.8216273785474,4,4,2013,6,"2013-07-20","LC08",1
-0.355190247297287,0.602040469646454,0.355190247297287,0.785593330860138,0.689759034549715,-0.06146943855995,-0.090599998831749,-0.109407000243664,6.64870741023682,89.0634714879892,5,5,2013,6,"2013-07-20","LC08",1
-0.182339459657669,0.440676957368851,0.182339459657669,0.659258842468262,0.961390456828107,-0.13487031465685,-0.0917999967932701,-0.107192002236843,6.32572524120759,89.2954419375831,6,6,2013,6,"2013-07-20","LC08",1
0.0891204625368118,0.079523079097271,-0.0891204625368118,0.404486358165741,1.20694643766203,-0.269201820596525,-0.088699996471405,-0.104301996529102,4.79519411651529,90.5771284723991,7,7,2013,6,"2013-07-20","LC08",1
0.125317186117172,0.0749359801411629,-0.125317186117172,0.393314123153687,1.40615667594549,-0.22247056129845,-0.0854000002145767,-0.0983740016818047,2.70762737854738,90.6412201597734,8,8,2013,6,"2013-07-20","LC08",1
0.044221293181181,0.152480572462082,-0.044221293181181,0.488247662782669,1.16472083688394,-0.22680218547995,-0.0935999974608421,-0.0932584032416344,2.40276885946298,91.692429154288,9,9,2013,6,"2013-07-20","LC08",1
-0.0804887339472771,0.32217937707901,0.0804887339472771,0.642542362213135,0.903128368741599,-0.132033890033125,-0.0826999992132187,-0.112493000924587,9.18144193758311,88.4778213100947,10,10,2013,6,"2013-07-20","LC08",1
0.0765374451875687,0.127622678875923,-0.0765374451875687,0.448389500379562,1.21791661538703,-0.223516932662125,-0.0888999998569489,-0.0888196974992752,1.58222089522678,92.3915414763885,11,11,2013,6,"2013-07-20","LC08",1
-0.209893867373466,0.459120154380798,0.209893867373466,0.725369393825531,0.810710719672071,-0.1166958695037,-0.0737000033259392,-0.0730312019586563,1.3616191353309,92.5614495204142,12,12,2013,6,"2013-07-20","LC08",1
-0.169933065772057,0.409931510686874,0.169933065772057,0.675459086894989,0.833232629858219,-0.084187802138025,-0.0824000015854836,-0.117417998611927,11.578429154288,86.7801906400317,13,13,2013,6,"2013-07-20","LC08",1
-0.192847445607185,0.430202573537827,0.192847445607185,0.687121868133545,0.831061593541606,-0.0815317850284,-0.0819000005722046,-0.118724003434181,12.2775414763885,86.7627074102368,14,14,2013,6,"2013-07-20","LC08",1
-0.282464474439621,0.514669060707092,0.282464474439621,0.733129858970642,0.770685500782888,-0.07460783758095,0.0333999991416931,0.0332639999687672,0.622957484084543,97.850410957203,15,15,2013,6,"2013-07-20","LC08",1
-0.149094045162201,0.394025385379791,0.149094045162201,0.664297223091125,0.859827726409118,-0.10033279513815,-0.115199998021126,-0.115543000400066,8.94947148798914,88.3551928019693,16,16,2013,6,"2013-07-20","LC08",1
-0.240604013204575,0.486017048358917,0.240604013204575,0.729895174503326,0.787922223691502,-0.0937096829771,-0.0780000016093254,-0.140134006738663,34.6738155584882,81.2893700172594,17,17,2013,6,"2013-07-20","LC08",1
-0.194723010063171,0.437242925167084,0.194723010063171,0.692346513271332,0.795098735496473,-0.080588234178675,-0.109999999403954,-0.130511999130249,26.7821906400317,82.516768859463,18,18,2013,6,"2013-07-20","LC08",1
-0.0806716680526733,0.330078601837158,0.0806716680526733,0.63886284828186,0.882493621550633,-0.10240674205715,-0.115800000727177,-0.15599699318409,42.2896190094521,80.3480178591308,19,19,2013,6,"2013-07-20","LC08",1
-0.198781117796898,0.445756584405899,0.198781117796898,0.702134251594543,0.77589477150018,-0.080223922034875,-0.114600002765656,-0.139293998479843,32.1352144081669,81.4756191353309,20,20,2013,6,"2013-07-20","LC08",1
-0.205063089728355,0.447528541088104,0.205063089728355,0.707261145114899,0.83347630023386,-0.113874789973475,-0.0790999978780746,-0.133031994104385,27.0580121075243,82.4046190094521,21,21,2013,6,"2013-07-20","LC08",1
-0.355585664510727,0.581572115421295,0.355585664510727,0.77185982465744,0.717384309496148,-0.0559741620595,-0.109099999070167,-0.138340994715691,29.5966132578456,81.6962208952268,22,22,2013,6,"2013-07-20","LC08",1
-0.111797317862511,0.342140406370163,0.111797317862511,0.612265467643738,0.955705892404059,-0.115146884138025,-0.0808999985456467,-0.128451004624367,15.6960379933792,83.0254167088095,23,23,2013,6,"2013-07-20","LC08",1
-0.159999296069145,0.403175860643387,0.159999296069145,0.656774818897247,0.904723532046287,-0.1167192484725,-0.0795999988913536,-0.120993003249168,12.4474495204142,86.4397252412076,24,24,2013,6,"2013-07-20","LC08",1
-0.276237040758133,0.518318831920624,0.276237040758133,0.733799457550049,0.710624259760207,-0.05546289108555,-0.0807999968528748,-0.117039002478123,10.4631284723991,87.0560121075243,25,25,2013,6,"2013-07-20","LC08",1
-0.338456004858017,0.575890839099884,0.338456004858017,0.759943306446075,0.746055191406875,-0.06485740131945,-0.107600003480911,-0.166336998343468,47.3668213100947,75.4096132578456,26,26,2013,6,"2013-07-20","LC08",1
-0.174854651093483,0.420375466346741,0.174854651093483,0.689596474170685,0.783608744295628,-0.08005191128415,-0.10589999705553,-0.163434997200966,44.8282201597734,77.9482144081669,27,27,2013,6,"2013-07-20","LC08",1
-0.157867610454559,0.402025073766708,0.157867610454559,0.663793742656708,0.889525663726156,-0.114930765652475,-0.0531000010669231,-0.0529821999371052,1.17537001725943,95.2830379933792,28,28,2013,6,"2013-07-20","LC08",1
0.0679242983460426,0.128580287098885,-0.0679242983460426,0.390847086906433,1.25346776612731,-0.20233916093245,-0.0854000002145767,-0.0983740016818047,2.70762737854738,90.6412201597734,8,8,2013,7,"2013-08-05","LC08",1
-0.130404531955719,0.376626938581467,0.130404531955719,0.690696895122528,0.845652816981292,-0.084816408448225,-0.100100003182888,-0.126315996050835,15.0241928019693,84.9091941165153,1,1,2013,8,"2013-08-21","LC08",1
0.132586464285851,0.0320064276456833,-0.132586464285851,0.377427279949188,1.24048041684952,-0.251637206065875,-0.0895000025629997,-0.152827993035317,39.7510178591308,80.6718155584882,2,2,2013,8,"2013-08-21","LC08",1
-0.195743754506111,0.432260364294052,0.195743754506111,0.71510922908783,0.834936917094423,-0.070115016410475,-0.0886000022292137,-0.151792004704475,37.2124167088095,80.7369574840845,3,3,2013,8,"2013-08-21","LC08",1
-0.0603745691478252,0.28813049197197,0.0603745691478252,0.613661766052246,0.995173650101339,-0.10826543778465,-0.0859000012278557,-0.129688993096352,24.519410957203,82.8216273785474,4,4,2013,8,"2013-08-21","LC08",1
-0.342413067817688,0.589469194412231,0.342413067817688,0.789723992347717,0.709967243318373,-0.05881460474755,-0.090599998831749,-0.109407000243664,6.64870741023682,89.0634714879892,5,5,2013,8,"2013-08-21","LC08",1
-0.138620838522911,0.390634894371033,0.138620838522911,0.613284826278687,1.1051752415578,-0.127729802922725,-0.0917999967932701,-0.107192002236843,6.32572524120759,89.2954419375831,6,6,2013,8,"2013-08-21","LC08",1
0.0733100697398186,0.0835573524236679,-0.0733100697398186,0.365957289934158,1.27421373386282,-0.24061987402945,-0.088699996471405,-0.104301996529102,4.79519411651529,90.5771284723991,7,7,2013,8,"2013-08-21","LC08",1
0.104903899133205,0.09316486120224,-0.104903899133205,0.379486531019211,1.43810271048568,-0.193746127877525,-0.0854000002145767,-0.0983740016818047,2.70762737854738,90.6412201597734,8,8,2013,8,"2013-08-21","LC08",1
0.00928428396582603,0.197309255599976,-0.00928428396582603,0.514299333095551,1.18204530003821,-0.195296771760775,-0.0935999974608421,-0.0932584032416344,2.40276885946298,91.692429154288,9,9,2013,8,"2013-08-21","LC08",1
-0.0912770554423332,0.33316633105278,0.0912770554423332,0.663480281829834,0.930656021986774,-0.102120617079,-0.0826999992132187,-0.112493000924587,9.18144193758311,88.4778213100947,10,10,2013,8,"2013-08-21","LC08",1
0.0714906975626945,0.134135022759438,-0.0714906975626945,0.436675727367401,1.25790579496745,-0.208980261832125,-0.0888999998569489,-0.0888196974992752,1.58222089522678,92.3915414763885,11,11,2013,8,"2013-08-21","LC08",1
-0.206019997596741,0.450726270675659,0.206019997596741,0.72965133190155,0.845143141231847,-0.10201609293895,-0.0737000033259392,-0.0730312019586563,1.3616191353309,92.5614495204142,12,12,2013,8,"2013-08-21","LC08",1
-0.139806196093559,0.380007237195969,0.139806196093559,0.688324630260468,0.860702805198403,-0.076689063323975,-0.0824000015854836,-0.117417998611927,11.578429154288,86.7801906400317,13,13,2013,8,"2013-08-21","LC08",1
-0.18436786532402,0.425059229135513,0.18436786532402,0.715185761451721,0.821664509204651,-0.077635916119325,-0.0819000005722046,-0.118724003434181,12.2775414763885,86.7627074102368,14,14,2013,8,"2013-08-21","LC08",1
-0.299766004085541,0.545334458351135,0.299766004085541,0.777334690093994,0.720799726220136,-0.0625636885987,0.0333999991416931,0.0332639999687672,0.622957484084543,97.850410957203,15,15,2013,8,"2013-08-21","LC08",1
-0.120458446443081,0.371338576078415,0.120458446443081,0.665241122245789,0.905612705013453,-0.0960434832459,-0.115199998021126,-0.115543000400066,8.94947148798914,88.3551928019693,16,16,2013,8,"2013-08-21","LC08",1
-0.219017863273621,0.480204731225967,0.219017863273621,0.742269515991211,0.781157168003135,-0.0821703275825,-0.0780000016093254,-0.140134006738663,34.6738155584882,81.2893700172594,17,17,2013,8,"2013-08-21","LC08",1
-0.187042981386185,0.429960340261459,0.187042981386185,0.70838063955307,0.815040514370125,-0.07287427859885,-0.109999999403954,-0.130511999130249,26.7821906400317,82.516768859463,18,18,2013,8,"2013-08-21","LC08",1
-0.104044668376446,0.337047934532166,0.104044668376446,0.681405782699585,0.859681808203132,-0.084600751929675,-0.115800000727177,-0.15599699318409,42.2896190094521,80.3480178591308,19,19,2013,8,"2013-08-21","LC08",1
-0.220492660999298,0.45123279094696,0.220492660999298,0.715459406375885,0.834269498045468,-0.06907503094885,-0.114600002765656,-0.139293998479843,32.1352144081669,81.4756191353309,20,20,2013,8,"2013-08-21","LC08",1
-0.161593556404114,0.415006130933762,0.161593556404114,0.688777327537537,0.893373267870074,-0.1072448621929,-0.0790999978780746,-0.133031994104385,27.0580121075243,82.4046190094521,21,21,2013,8,"2013-08-21","LC08",1
-0.320693790912628,0.569209158420563,0.320693790912628,0.780251085758209,0.712301545474152,-0.045236465845475,-0.109099999070167,-0.138340994715691,29.5966132578456,81.6962208952268,22,22,2013,8,"2013-08-21","LC08",1
-0.105345629155636,0.338623523712158,0.105345629155636,0.638920068740845,0.963931979658822,-0.10562533867685,-0.0808999985456467,-0.128451004624367,15.6960379933792,83.0254167088095,23,23,2013,8,"2013-08-21","LC08",1
-0.120187863707542,0.380661189556122,0.120187863707542,0.671655237674713,0.907853427409929,-0.11304031066765,-0.0795999988913536,-0.120993003249168,12.4474495204142,86.4397252412076,24,24,2013,8,"2013-08-21","LC08",1
-0.273445606231689,0.514004468917847,0.273445606231689,0.766594886779785,0.674429783728027,-0.04980852022055,-0.0807999968528748,-0.117039002478123,10.4631284723991,87.0560121075243,25,25,2013,8,"2013-08-21","LC08",1
-0.353040844202042,0.586668431758881,0.353040844202042,0.794127702713013,0.719729283902901,-0.061343400469475,-0.107600003480911,-0.166336998343468,47.3668213100947,75.4096132578456,26,26,2013,8,"2013-08-21","LC08",1
-0.165318951010704,0.403982043266296,0.165318951010704,0.716673374176025,0.785388097248717,-0.070956976852875,-0.10589999705553,-0.163434997200966,44.8282201597734,77.9482144081669,27,27,2013,8,"2013-08-21","LC08",1
-0.166424706578255,0.404626429080963,0.166424706578255,0.676268875598907,0.919234765762181,-0.094240275113075,-0.0531000010669231,-0.0529821999371052,1.17537001725943,95.2830379933792,28,28,2013,8,"2013-08-21","LC08",1
-0.597635865211487,0.717966318130493,0.597635865211487,0.161933988332748,1.05615419978765,0.072306217593475,-0.100100003182888,-0.126315996050835,15.0241928019693,84.9091941165153,1,1,2014,1,"2014-05-01","LC08",1
-0.796544134616852,0.844411075115204,0.796544134616852,-0.0455006249248981,1.09439878015237,0.22962104983425,-0.0895000025629997,-0.152827993035317,39.7510178591308,80.6718155584882,2,2,2014,1,"2014-05-01","LC08",1
-0.596337974071503,0.709220230579376,0.596337974071503,0.199132233858109,1.08699363960992,0.06822046922265,-0.0886000022292137,-0.151792004704475,37.2124167088095,80.7369574840845,3,3,2014,1,"2014-05-01","LC08",1
-0.641242742538452,0.743053734302521,0.641242742538452,0.169051393866539,1.02887450201696,0.059671673455875,-0.0859000012278557,-0.129688993096352,24.519410957203,82.8216273785474,4,4,2014,1,"2014-05-01","LC08",1
-0.303279519081116,0.529618740081787,0.303279519081116,0.717173755168915,0.776282118643715,-0.0721328069718,-0.090599998831749,-0.109407000243664,6.64870741023682,89.0634714879892,5,5,2014,1,"2014-05-01","LC08",1
-0.868116080760956,0.899258732795715,0.868116080760956,-0.0933399051427841,1.07061448901586,0.408664651826725,-0.0917999967932701,-0.107192002236843,6.32572524120759,89.2954419375831,6,6,2014,1,"2014-05-01","LC08",1
-0.716197192668915,0.772006452083588,0.716197192668915,-0.0647069364786148,0.930293479295929,0.114230332166475,-0.0935999974608421,-0.0932584032416344,2.40276885946298,91.692429154288,9,9,2014,1,"2014-05-01","LC08",1
-0.702941119670868,0.781040728092194,0.702941119670868,0.0395100116729736,1.05878490870724,0.1444795664386,-0.0826999992132187,-0.112493000924587,9.18144193758311,88.4778213100947,10,10,2014,1,"2014-05-01","LC08",1
-0.802738666534424,0.852669537067413,0.802738666534424,-0.0654429793357849,1.09618894728367,0.418175047384025,-0.0888999998569489,-0.0888196974992752,1.58222089522678,92.3915414763885,11,11,2014,1,"2014-05-01","LC08",1
-0.677330553531647,0.764050960540771,0.677330553531647,0.0458005107939243,1.03319221181663,0.1151756788564,-0.0737000033259392,-0.0730312019586563,1.3616191353309,92.5614495204142,12,12,2014,1,"2014-05-01","LC08",1
-0.515663743019104,0.656419396400452,0.515663743019104,0.236091122031212,1.05265087149046,0.03174719593675,-0.0824000015854836,-0.117417998611927,11.578429154288,86.7801906400317,13,13,2014,1,"2014-05-01","LC08",1
-0.501635432243347,0.64518404006958,0.501635432243347,0.297287613153458,1.07417986785412,0.021527421610175,-0.0819000005722046,-0.118724003434181,12.2775414763885,86.7627074102368,14,14,2014,1,"2014-05-01","LC08",1
-0.688675224781036,0.778868615627289,0.688675224781036,0.127594336867332,1.06224718487447,0.1320230140853,-0.0780000016093254,-0.140134006738663,34.6738155584882,81.2893700172594,17,17,2014,1,"2014-05-01","LC08",1
-0.605539441108704,0.709992408752441,0.605539441108704,0.147801876068115,1.08469023943351,0.086848370673875,-0.115800000727177,-0.15599699318409,42.2896190094521,80.3480178591308,19,19,2014,1,"2014-05-01","LC08",1
-0.6849325299263,0.781219363212585,0.6849325299263,0.125516682863235,1.08390423510554,0.1147307730522,-0.114600002765656,-0.139293998479843,32.1352144081669,81.4756191353309,20,20,2014,1,"2014-05-01","LC08",1
-0.435213327407837,0.552828371524811,0.435213327407837,0.0473582446575165,1.07196721618958,0.0832241536332,-0.0790999978780746,-0.133031994104385,27.0580121075243,82.4046190094521,21,21,2014,1,"2014-05-01","LC08",1
-0.639632344245911,0.740754008293152,0.639632344245911,0.0731731876730919,1.08076405240264,0.145788853169275,-0.0808999985456467,-0.128451004624367,15.6960379933792,83.0254167088095,23,23,2014,1,"2014-05-01","LC08",1
-0.519425511360168,0.663308024406433,0.519425511360168,0.193643599748611,1.08981656480807,0.04208324663975,-0.0795999988913536,-0.120993003249168,12.4474495204142,86.4397252412076,24,24,2014,1,"2014-05-01","LC08",1
-0.343451946973801,0.5633345246315,0.343451946973801,0.705880641937256,0.830366946463299,-0.0582445966644,-0.107600003480911,-0.166336998343468,47.3668213100947,75.4096132578456,26,26,2014,1,"2014-05-01","LC08",1
-0.42476698756218,0.554847538471222,0.42476698756218,0.0820963829755783,1.0665612397671,0.062486654574825,-0.0531000010669231,-0.0529821999371052,1.17537001725943,95.2830379933792,28,28,2014,1,"2014-05-01","LC08",1
-0.29161524772644,0.496833890676498,0.29161524772644,0.633605480194092,0.842334175281895,-0.0740026326691,-0.090599998831749,-0.109407000243664,6.64870741023682,89.0634714879892,5,5,2014,2,"2014-05-17","LC08",1
-0.1189836114645,0.294931381940842,0.1189836114645,0.50477123260498,0.942634976298672,-0.09238219693425,-0.0824000015854836,-0.117417998611927,11.578429154288,86.7801906400317,13,13,2014,2,"2014-05-17","LC08",1
-0.0679759234189987,0.245550855994225,0.0679759234189987,0.488575011491776,0.997940733937295,-0.1264283624266,-0.0808999985456467,-0.128451004624367,15.6960379933792,83.0254167088095,23,23,2014,2,"2014-05-17","LC08",1
-0.140427157282829,0.32372522354126,0.140427157282829,0.528633117675781,0.977007836126938,-0.1140424057336,-0.0795999988913536,-0.120993003249168,12.4474495204142,86.4397252412076,24,24,2014,2,"2014-05-17","LC08",1
-0.29106941819191,0.490188598632812,0.29106941819191,0.661971032619476,0.804605435401494,-0.071771246304475,-0.107600003480911,-0.166336998343468,47.3668213100947,75.4096132578456,26,26,2014,2,"2014-05-17","LC08",1
-0.108225934207439,0.344206631183624,0.108225934207439,0.652107119560242,0.835901149655227,-0.10520587850605,-0.100100003182888,-0.126315996050835,15.0241928019693,84.9091941165153,1,1,2014,4,"2014-06-18","LC08",1
0.0941077321767807,0.0837248861789703,-0.0941077321767807,0.421930611133575,1.16344060565256,-0.236232703207625,-0.0895000025629997,-0.152827993035317,39.7510178591308,80.6718155584882,2,2,2014,4,"2014-06-18","LC08",1
-0.0967333316802979,0.324437856674194,0.0967333316802979,0.633866608142853,0.865390101924877,-0.106510017238925,-0.0886000022292137,-0.151792004704475,37.2124167088095,80.7369574840845,3,3,2014,4,"2014-06-18","LC08",1
0.00101456791162491,0.207156971096992,-0.00101456791162491,0.549894094467163,0.9912290928645,-0.141492855831275,-0.0859000012278557,-0.129688993096352,24.519410957203,82.8216273785474,4,4,2014,4,"2014-06-18","LC08",1
-0.31757640838623,0.564141631126404,0.31757640838623,0.758428633213043,0.68238779732807,-0.071680987363725,-0.090599998831749,-0.109407000243664,6.64870741023682,89.0634714879892,5,5,2014,4,"2014-06-18","LC08",1
-0.0819350183010101,0.326414108276367,0.0819350183010101,0.632085561752319,0.908180044370756,-0.17559553762935,-0.0917999967932701,-0.107192002236843,6.32572524120759,89.2954419375831,6,6,2014,4,"2014-06-18","LC08",1
0.122133925557137,0.0495691113173962,-0.122133925557137,0.352282583713531,1.19865514355634,-0.257663744251675,-0.088699996471405,-0.104301996529102,4.79519411651529,90.5771284723991,7,7,2014,4,"2014-06-18","LC08",1
0.169229447841644,0.0115686552599072,-0.169229447841644,0.372646123170853,1.28638367890998,-0.244952549677025,-0.0854000002145767,-0.0983740016818047,2.70762737854738,90.6412201597734,8,8,2014,4,"2014-06-18","LC08",1
0.0510418228805065,0.149191811680794,-0.0510418228805065,0.478940725326538,1.11836056775165,-0.220487965507725,-0.0935999974608421,-0.0932584032416344,2.40276885946298,91.692429154288,9,9,2014,4,"2014-06-18","LC08",1
-0.0568785704672337,0.290087044239044,0.0568785704672337,0.624126672744751,0.902078087234259,-0.1401304848298,-0.0826999992132187,-0.112493000924587,9.18144193758311,88.4778213100947,10,10,2014,4,"2014-06-18","LC08",1
0.0850082486867905,0.107118897140026,-0.0850082486867905,0.44749990105629,1.12634663030769,-0.232111646324,-0.0888999998569489,-0.0888196974992752,1.58222089522678,92.3915414763885,11,11,2014,4,"2014-06-18","LC08",1
-0.144946232438087,0.397482454776764,0.144946232438087,0.699032306671143,0.779974986859114,-0.132633502402525,-0.0737000033259392,-0.0730312019586563,1.3616191353309,92.5614495204142,12,12,2014,4,"2014-06-18","LC08",1
-0.0876399278640747,0.316364258527756,0.0876399278640747,0.635525941848755,0.839824150066113,-0.10106154093395,-0.0824000015854836,-0.117417998611927,11.578429154288,86.7801906400317,13,13,2014,4,"2014-06-18","LC08",1
-0.153800323605537,0.379785150289536,0.153800323605537,0.657250046730042,0.833743815184092,-0.0878883799544,-0.0819000005722046,-0.118724003434181,12.2775414763885,86.7627074102368,14,14,2014,4,"2014-06-18","LC08",1
-0.240435555577278,0.470151901245117,0.240435555577278,0.704114317893982,0.756802983502453,-0.085365667104875,0.0333999991416931,0.0332639999687672,0.622957484084543,97.850410957203,15,15,2014,4,"2014-06-18","LC08",1
-0.0911527425050735,0.322337090969086,0.0911527425050735,0.628760755062103,0.876835564716696,-0.11584830313075,-0.115199998021126,-0.115543000400066,8.94947148798914,88.3551928019693,16,16,2014,4,"2014-06-18","LC08",1
-0.215145960450172,0.46595498919487,0.215145960450172,0.727854251861572,0.721591666812667,-0.10400422121625,-0.0780000016093254,-0.140134006738663,34.6738155584882,81.2893700172594,17,17,2014,4,"2014-06-18","LC08",1
-0.11524248868227,0.344023674726486,0.11524248868227,0.644039750099182,0.829111433065653,-0.099075767902125,-0.109999999403954,-0.130511999130249,26.7821906400317,82.516768859463,18,18,2014,4,"2014-06-18","LC08",1
-0.043608546257019,0.256859987974167,0.043608546257019,0.605063498020172,0.890401643129835,-0.1134001846079,-0.115800000727177,-0.15599699318409,42.2896190094521,80.3480178591308,19,19,2014,4,"2014-06-18","LC08",1
-0.157809779047966,0.391580641269684,0.157809779047966,0.679522633552551,0.776252988247257,-0.093839481227,-0.114600002765656,-0.139293998479843,32.1352144081669,81.4756191353309,20,20,2014,4,"2014-06-18","LC08",1
-0.163385808467865,0.400418132543564,0.163385808467865,0.688383877277374,0.790083306601529,-0.12985286750565,-0.0790999978780746,-0.133031994104385,27.0580121075243,82.4046190094521,21,21,2014,4,"2014-06-18","LC08",1
-0.250879406929016,0.47872331738472,0.250879406929016,0.703473389148712,0.790932790172307,-0.0728612776092,-0.109099999070167,-0.138340994715691,29.5966132578456,81.6962208952268,22,22,2014,4,"2014-06-18","LC08",1
-0.0901491120457649,0.317181706428528,0.0901491120457649,0.61991935968399,0.888183571309864,-0.130345360549275,-0.0808999985456467,-0.128451004624367,15.6960379933792,83.0254167088095,23,23,2014,4,"2014-06-18","LC08",1
-0.152302592992783,0.38993239402771,0.152302592992783,0.67198371887207,0.830092082130923,-0.1216956809302,-0.0795999988913536,-0.120993003249168,12.4474495204142,86.4397252412076,24,24,2014,4,"2014-06-18","LC08",1
-0.216679140925407,0.452805787324905,0.216679140925407,0.698974132537842,0.741423359452268,-0.066195954833825,-0.0807999968528748,-0.117039002478123,10.4631284723991,87.0560121075243,25,25,2014,4,"2014-06-18","LC08",1
-0.352125555276871,0.57756519317627,0.352125555276871,0.766016066074371,0.69312886380498,-0.061719968899075,-0.107600003480911,-0.166336998343468,47.3668213100947,75.4096132578456,26,26,2014,4,"2014-06-18","LC08",1
-0.106824077665806,0.33408510684967,0.106824077665806,0.647334933280945,0.819269192462924,-0.09487059369895,-0.10589999705553,-0.163434997200966,44.8282201597734,77.9482144081669,27,27,2014,4,"2014-06-18","LC08",1
-0.146790906786919,0.383882254362106,0.146790906786919,0.662491023540497,0.831267270362034,-0.120365012609625,-0.0531000010669231,-0.0529821999371052,1.17537001725943,95.2830379933792,28,28,2014,4,"2014-06-18","LC08",1
-0.150192260742188,0.388364493846893,0.150192260742188,0.628215432167053,0.737513885027518,-0.101741727029275,-0.100100003182888,-0.126315996050835,15.0241928019693,84.9091941165153,1,1,2014,5,"2014-07-04","LC08",1
0.0816711708903313,0.0780584439635277,-0.0816711708903313,0.382133930921555,1.05709795386757,-0.250714929769175,-0.0895000025629997,-0.152827993035317,39.7510178591308,80.6718155584882,2,2,2014,5,"2014-07-04","LC08",1
-0.185567304491997,0.413357704877853,0.185567304491997,0.616355895996094,0.734234117145923,-0.08592112199195,-0.0886000022292137,-0.151792004704475,37.2124167088095,80.7369574840845,3,3,2014,5,"2014-07-04","LC08",1
-0.0672999545931816,0.281501650810242,0.0672999545931816,0.505318105220795,0.875113477631707,-0.123317506810875,-0.0859000012278557,-0.129688993096352,24.519410957203,82.8216273785474,4,4,2014,5,"2014-07-04","LC08",1
-0.325105369091034,0.558472573757172,0.325105369091034,0.647068738937378,0.769941133604859,-0.062664137894075,-0.090599998831749,-0.109407000243664,6.64870741023682,89.0634714879892,5,5,2014,5,"2014-07-04","LC08",1
-0.185517951846123,0.439015686511993,0.185517951846123,0.650797367095947,0.828942790685328,-0.13789480397195,-0.0917999967932701,-0.107192002236843,6.32572524120759,89.2954419375831,6,6,2014,5,"2014-07-04","LC08",1
0.0405917540192604,0.128067597746849,-0.0405917540192604,0.442512899637222,1.06741056750016,-0.2501321819813,-0.088699996471405,-0.104301996529102,4.79519411651529,90.5771284723991,7,7,2014,5,"2014-07-04","LC08",1
0.122072994709015,0.0650888606905937,-0.122072994709015,0.388383209705353,1.12454463454593,-0.236795946055375,-0.0854000002145767,-0.0983740016818047,2.70762737854738,90.6412201597734,8,8,2014,5,"2014-07-04","LC08",1
-0.0157669093459845,0.226821184158325,0.0157669093459845,0.504199862480164,0.958391787124971,-0.204349503785375,-0.0935999974608421,-0.0932584032416344,2.40276885946298,91.692429154288,9,9,2014,5,"2014-07-04","LC08",1
-0.0944908633828163,0.331706881523132,0.0944908633828163,0.559900522232056,0.833311552159867,-0.12835253232315,-0.0826999992132187,-0.112493000924587,9.18144193758311,88.4778213100947,10,10,2014,5,"2014-07-04","LC08",1
0.0331797450780869,0.16536808013916,-0.0331797450780869,0.458220958709717,1.00386687652742,-0.21580336741125,-0.0888999998569489,-0.0888196974992752,1.58222089522678,92.3915414763885,11,11,2014,5,"2014-07-04","LC08",1
-0.192552179098129,0.441939860582352,0.192552179098129,0.64601343870163,0.788232298419832,-0.12062962499475,-0.0737000033259392,-0.0730312019586563,1.3616191353309,92.5614495204142,12,12,2014,5,"2014-07-04","LC08",1
-0.156001716852188,0.3934166431427,0.156001716852188,0.605941593647003,0.748431540189043,-0.09344854647455,-0.0824000015854836,-0.117417998611927,11.578429154288,86.7801906400317,13,13,2014,5,"2014-07-04","LC08",1
-0.203492358326912,0.440177977085114,0.203492358326912,0.631875813007355,0.7298625271308,-0.08418011196845,-0.0819000005722046,-0.118724003434181,12.2775414763885,86.7627074102368,14,14,2014,5,"2014-07-04","LC08",1
-0.293452203273773,0.533722102642059,0.293452203273773,0.690529406070709,0.685467355425326,-0.073299077853125,0.0333999991416931,0.0332639999687672,0.622957484084543,97.850410957203,15,15,2014,5,"2014-07-04","LC08",1
-0.134443655610085,0.374366164207458,0.134443655610085,0.621471047401428,0.813386431604504,-0.11471205437645,-0.115199998021126,-0.115543000400066,8.94947148798914,88.3551928019693,16,16,2014,5,"2014-07-04","LC08",1
-0.245167270302773,0.490441530942917,0.245167270302773,0.672473549842834,0.767515198343749,-0.097055017299925,-0.0780000016093254,-0.140134006738663,34.6738155584882,81.2893700172594,17,17,2014,5,"2014-07-04","LC08",1
-0.177080363035202,0.410733968019485,0.177080363035202,0.615545094013214,0.790415085361399,-0.091264453335575,-0.109999999403954,-0.130511999130249,26.7821906400317,82.516768859463,18,18,2014,5,"2014-07-04","LC08",1
-0.115452878177166,0.34232971072197,0.115452878177166,0.555629372596741,0.802540317090371,-0.1016162793264,-0.115800000727177,-0.15599699318409,42.2896190094521,80.3480178591308,19,19,2014,5,"2014-07-04","LC08",1
-0.213262274861336,0.452023983001709,0.213262274861336,0.634584069252014,0.756730670463649,-0.08509954684195,-0.114600002765656,-0.139293998479843,32.1352144081669,81.4756191353309,20,20,2014,5,"2014-07-04","LC08",1
-0.20401231944561,0.44951805472374,0.20401231944561,0.639051496982574,0.795361622697945,-0.113146553224675,-0.0790999978780746,-0.133031994104385,27.0580121075243,82.4046190094521,21,21,2014,5,"2014-07-04","LC08",1
-0.325272053480148,0.562889695167542,0.325272053480148,0.730470955371857,0.6645978099793,-0.064732727692075,-0.109099999070167,-0.138340994715691,29.5966132578456,81.6962208952268,22,22,2014,5,"2014-07-04","LC08",1
-0.119968801736832,0.343945324420929,0.119968801736832,0.588552713394165,0.83102937044046,-0.12581549760755,-0.0808999985456467,-0.128451004624367,15.6960379933792,83.0254167088095,23,23,2014,5,"2014-07-04","LC08",1
-0.157911852002144,0.404434382915497,0.157911852002144,0.608323097229004,0.810107445123007,-0.1174378078789,-0.0795999988913536,-0.120993003249168,12.4474495204142,86.4397252412076,24,24,2014,5,"2014-07-04","LC08",1
-0.283638834953308,0.513492107391357,0.283638834953308,0.6829634308815,0.674623825908534,-0.0593096688176,-0.0807999968528748,-0.117039002478123,10.4631284723991,87.0560121075243,25,25,2014,5,"2014-07-04","LC08",1
-0.338147968053818,0.570913672447205,0.338147968053818,0.684123575687408,0.695994743492923,-0.05911898496105,-0.107600003480911,-0.166336998343468,47.3668213100947,75.4096132578456,26,26,2014,5,"2014-07-04","LC08",1
-0.179012641310692,0.414293467998505,0.179012641310692,0.615538716316223,0.761934114605451,-0.082733218414575,-0.10589999705553,-0.163434997200966,44.8282201597734,77.9482144081669,27,27,2014,5,"2014-07-04","LC08",1
-0.179227486252785,0.42478021979332,0.179227486252785,0.610486626625061,0.81543995496523,-0.109514030044125,-0.0531000010669231,-0.0529821999371052,1.17537001725943,95.2830379933792,28,28,2014,5,"2014-07-04","LC08",1
0.0125765232369304,0.158235043287277,-0.0125765232369304,0.388293415307999,1.13632546965572,-0.190873353012125,-0.0895000025629997,-0.152827993035317,39.7510178591308,80.6718155584882,2,2,2014,6,"2014-07-20","LC08",1
-0.106769397854805,0.321360409259796,0.106769397854805,0.538775444030762,0.999136580162502,-0.13055330523485,-0.0826999992132187,-0.112493000924587,9.18144193758311,88.4778213100947,10,10,2014,6,"2014-07-20","LC08",1
-0.14609169960022,0.393410801887512,0.14609169960022,0.661653578281403,0.808983642471607,-0.083583483867425,-0.100100003182888,-0.126315996050835,15.0241928019693,84.9091941165153,1,1,2014,7,"2014-08-05","LC08",1
0.0735381469130516,0.124868117272854,-0.0735381469130516,0.437221467494965,1.15614532121616,-0.21924843012685,-0.0895000025629997,-0.152827993035317,39.7510178591308,80.6718155584882,2,2,2014,7,"2014-08-05","LC08",1
-0.19950957596302,0.427366644144058,0.19950957596302,0.675254583358765,0.822987532048928,-0.074423768474575,-0.0886000022292137,-0.151792004704475,37.2124167088095,80.7369574840845,3,3,2014,7,"2014-08-05","LC08",1
-0.0607096552848816,0.287223607301712,0.0607096552848816,0.57439386844635,0.958516898480939,-0.114098380262375,-0.0859000012278557,-0.129688993096352,24.519410957203,82.8216273785474,4,4,2014,7,"2014-08-05","LC08",1
-0.31061640381813,0.564907968044281,0.31061640381813,0.757870614528656,0.730812770901866,-0.069804482773325,-0.090599998831749,-0.109407000243664,6.64870741023682,89.0634714879892,5,5,2014,7,"2014-08-05","LC08",1
-0.244335517287254,0.501245260238647,0.244335517287254,0.676379144191742,0.883683146621505,-0.075712510413125,-0.0917999967932701,-0.107192002236843,6.32572524120759,89.2954419375831,6,6,2014,7,"2014-08-05","LC08",1
0.0582646541297436,0.124418616294861,-0.0582646541297436,0.402448177337646,1.20755966698949,-0.220338189850925,-0.088699996471405,-0.104301996529102,4.79519411651529,90.5771284723991,7,7,2014,7,"2014-08-05","LC08",1
0.0995533168315887,0.106110200285912,-0.0995533168315887,0.419641762971878,1.21176454333623,-0.20042362297625,-0.0854000002145767,-0.0983740016818047,2.70762737854738,90.6412201597734,8,8,2014,7,"2014-08-05","LC08",1
-0.0263946298509836,0.257989197969437,0.0263946298509836,0.553086400032043,1.0641272142069,-0.1913531282259,-0.0935999974608421,-0.0932584032416344,2.40276885946298,91.692429154288,9,9,2014,7,"2014-08-05","LC08",1
-0.101128906011581,0.311741024255753,0.101128906011581,0.619436204433441,0.898184876101443,-0.119417514466275,-0.0826999992132187,-0.112493000924587,9.18144193758311,88.4778213100947,10,10,2014,7,"2014-08-05","LC08",1
0.0541554614901543,0.154154777526855,-0.0541554614901543,0.465735167264938,1.13110919834043,-0.221218161969225,-0.0888999998569489,-0.0888196974992752,1.58222089522678,92.3915414763885,11,11,2014,7,"2014-08-05","LC08",1
-0.193326979875565,0.447785317897797,0.193326979875565,0.701259136199951,0.82498851718878,-0.105228411967275,-0.0737000033259392,-0.0730312019586563,1.3616191353309,92.5614495204142,12,12,2014,7,"2014-08-05","LC08",1
-0.128710925579071,0.369466245174408,0.128710925579071,0.647745430469513,0.822727400807735,-0.08182658873595,-0.0824000015854836,-0.117417998611927,11.578429154288,86.7801906400317,13,13,2014,7,"2014-08-05","LC08",1
-0.177568778395653,0.418796002864838,0.177568778395653,0.643992722034454,0.825736828794679,-0.081078825047025,-0.0819000005722046,-0.118724003434181,12.2775414763885,86.7627074102368,14,14,2014,7,"2014-08-05","LC08",1
-0.330884993076324,0.566959381103516,0.330884993076324,0.748478770256042,0.739150321880603,-0.062137518418825,0.0333999991416931,0.0332639999687672,0.622957484084543,97.850410957203,15,15,2014,7,"2014-08-05","LC08",1
-0.14052851498127,0.392171412706375,0.14052851498127,0.680176556110382,0.799356623369131,-0.096001658751375,-0.115199998021126,-0.115543000400066,8.94947148798914,88.3551928019693,16,16,2014,7,"2014-08-05","LC08",1
-0.252310365438461,0.506667971611023,0.252310365438461,0.727496683597565,0.770411285652487,-0.079990683683925,-0.0780000016093254,-0.140134006738663,34.6738155584882,81.2893700172594,17,17,2014,7,"2014-08-05","LC08",1
-0.178433075547218,0.426160603761673,0.178433075547218,0.677296340465546,0.784958622243894,-0.077413846148675,-0.109999999403954,-0.130511999130249,26.7821906400317,82.516768859463,18,18,2014,7,"2014-08-05","LC08",1
-0.099098764359951,0.331907600164413,0.099098764359951,0.618252694606781,0.88692873396882,-0.0924741659625,-0.115800000727177,-0.15599699318409,42.2896190094521,80.3480178591308,19,19,2014,7,"2014-08-05","LC08",1
-0.210256800055504,0.455676853656769,0.210256800055504,0.704091370105743,0.773966600083889,-0.07719379715715,-0.114600002765656,-0.139293998479843,32.1352144081669,81.4756191353309,20,20,2014,7,"2014-08-05","LC08",1
-0.199626013636589,0.451874166727066,0.199626013636589,0.690002739429474,0.819799639362807,-0.1000609249533,-0.0790999978780746,-0.133031994104385,27.0580121075243,82.4046190094521,21,21,2014,7,"2014-08-05","LC08",1
-0.35067868232727,0.596570909023285,0.35067868232727,0.784172356128693,0.678303210250067,-0.046216731178225,-0.109099999070167,-0.138340994715691,29.5966132578456,81.6962208952268,22,22,2014,7,"2014-08-05","LC08",1
-0.129315540194511,0.369769155979156,0.129315540194511,0.643832921981812,0.899618927397577,-0.110005498896175,-0.0808999985456467,-0.128451004624367,15.6960379933792,83.0254167088095,23,23,2014,7,"2014-08-05","LC08",1
-0.148778900504112,0.407738268375397,0.148778900504112,0.662537336349487,0.847898004570062,-0.104406104079225,-0.0795999988913536,-0.120993003249168,12.4474495204142,86.4397252412076,24,24,2014,7,"2014-08-05","LC08",1
-0.281649351119995,0.524832308292389,0.281649351119995,0.738064229488373,0.695881823083828,-0.050604754368875,-0.0807999968528748,-0.117039002478123,10.4631284723991,87.0560121075243,25,25,2014,7,"2014-08-05","LC08",1
-0.327787816524506,0.574298322200775,0.327787816524506,0.770070374011993,0.722078784529283,-0.06464924446615,-0.107600003480911,-0.166336998343468,47.3668213100947,75.4096132578456,26,26,2014,7,"2014-08-05","LC08",1
-0.181497618556023,0.420033991336823,0.181497618556023,0.690431892871857,0.784795564489605,-0.07197762064325,-0.10589999705553,-0.163434997200966,44.8282201597734,77.9482144081669,27,27,2014,7,"2014-08-05","LC08",1
-0.189659550786018,0.438039660453796,0.189659550786018,0.677980601787567,0.843767426997247,-0.094220615818475,-0.0531000010669231,-0.0529821999371052,1.17537001725943,95.2830379933792,28,28,2014,7,"2014-08-05","LC08",1
-0.222218245267868,0.345966309309006,0.222218245267868,0.54725444316864,0.971857231976106,-0.112003839443675,-0.090599998831749,-0.109407000243664,6.64870741023682,89.0634714879892,5,5,2014,10,"2014-09-22","LC08",1
-0.112159699201584,0.203976407647133,0.112159699201584,0.460994035005569,1.0278620164481,-0.103172581861,-0.0790999978780746,-0.133031994104385,27.0580121075243,82.4046190094521,21,21,2014,10,"2014-09-22","LC08",1
-0.08725655823946,0.264233708381653,0.08725655823946,0.504168033599854,1.01866415533704,-0.140947347982675,-0.090599998831749,-0.109407000243664,6.64870741023682,89.0634714879892,5,5,2020,5,"2020-07-03","LC08",1
0.0706259533762932,0.0421192348003387,-0.0706259533762932,0.426242560148239,1.08657727433179,-0.18646408720035,-0.100100003182888,-0.126315996050835,15.0241928019693,84.9091941165153,1,1,2020,6,"2020-07-19","LC08",1
-0.00314056035131216,0.191543728113174,0.00314056035131216,0.505978167057037,1.0993681180924,-0.2091032724135,-0.0895000025629997,-0.152827993035317,39.7510178591308,80.6718155584882,2,2,2020,6,"2020-07-19","LC08",1
0.0225794650614262,0.158598363399506,-0.0225794650614262,0.512253403663635,1.04463096174378,-0.174071987651125,-0.0886000022292137,-0.151792004704475,37.2124167088095,80.7369574840845,3,3,2020,6,"2020-07-19","LC08",1
0.0603468157351017,0.0662194341421127,-0.0603468157351017,0.410084426403046,1.11631630484351,-0.19821117609455,-0.0859000012278557,-0.129688993096352,24.519410957203,82.8216273785474,4,4,2020,6,"2020-07-19","LC08",1
0.0472620949149132,0.126403644680977,-0.0472620949149132,0.494227468967438,1.08138886204461,-0.22246928163985,-0.090599998831749,-0.109407000243664,6.64870741023682,89.0634714879892,5,5,2020,6,"2020-07-19","LC08",1
-0.025383910164237,0.196284294128418,0.025383910164237,0.560528337955475,1.02086154117613,-0.18385606342595,-0.0917999967932701,-0.107192002236843,6.32572524120759,89.2954419375831,6,6,2020,6,"2020-07-19","LC08",1
0.036864135414362,0.132121920585632,-0.036864135414362,0.451834499835968,1.14683679077606,-0.237999658069825,-0.088699996471405,-0.104301996529102,4.79519411651529,90.5771284723991,7,7,2020,6,"2020-07-19","LC08",1
0.0268946029245853,0.135999262332916,-0.0268946029245853,0.539644479751587,1.07546324942915,-0.1990032179556,-0.0854000002145767,-0.0983740016818047,2.70762737854738,90.6412201597734,8,8,2020,6,"2020-07-19","LC08",1
-0.00422598095610738,0.188424959778786,0.00422598095610738,0.521069467067719,1.07093719175076,-0.2043326055268,-0.0935999974608421,-0.0932584032416344,2.40276885946298,91.692429154288,9,9,2020,6,"2020-07-19","LC08",1
0.0436880551278591,0.126638948917389,-0.0436880551278591,0.46607905626297,1.06266848245388,-0.18226543015535,-0.0826999992132187,-0.112493000924587,9.18144193758311,88.4778213100947,10,10,2020,6,"2020-07-19","LC08",1
0.0727109983563423,0.0254620239138603,-0.0727109983563423,0.385834813117981,1.1351680204974,-0.233628951096225,-0.0888999998569489,-0.0888196974992752,1.58222089522678,92.3915414763885,11,11,2020,6,"2020-07-19","LC08",1
-0.00292324228212237,0.142030015587807,0.00292324228212237,0.418333530426025,1.08401427652385,-0.183449709081675,-0.0737000033259392,-0.0730312019586563,1.3616191353309,92.5614495204142,12,12,2020,6,"2020-07-19","LC08",1
-0.0283910576254129,0.165373235940933,0.0283910576254129,0.488730669021606,1.00606327545972,-0.158627447308025,-0.0824000015854836,-0.117417998611927,11.578429154288,86.7801906400317,13,13,2020,6,"2020-07-19","LC08",1
0.0123929353430867,0.174705475568771,-0.0123929353430867,0.513584017753601,0.997577127867408,-0.1590061154498,-0.0819000005722046,-0.118724003434181,12.2775414763885,86.7627074102368,14,14,2020,6,"2020-07-19","LC08",1
-0.126636281609535,0.356064289808273,0.126636281609535,0.677828550338745,0.866056627782632,-0.13465316471175,0.0333999991416931,0.0332639999687672,0.622957484084543,97.850410957203,15,15,2020,6,"2020-07-19","LC08",1
0.114124625921249,-0.0139232082292438,-0.114124625921249,0.498529344797134,1.08535941474334,-0.211738925304525,-0.115199998021126,-0.115543000400066,8.94947148798914,88.3551928019693,16,16,2020,6,"2020-07-19","LC08",1
-0.013501432724297,0.181689351797104,0.013501432724297,0.548433601856232,1.01477356133426,-0.1796612004212,-0.0780000016093254,-0.140134006738663,34.6738155584882,81.2893700172594,17,17,2020,6,"2020-07-19","LC08",1
0.106363035738468,-0.0100273936986923,-0.106363035738468,0.495214521884918,1.08547028702017,-0.20985671992315,-0.109999999403954,-0.130511999130249,26.7821906400317,82.516768859463,18,18,2020,6,"2020-07-19","LC08",1
0.0833558738231659,0.0938941836357117,-0.0833558738231659,0.456715911626816,1.11171904515393,-0.19211606598335,-0.115800000727177,-0.15599699318409,42.2896190094521,80.3480178591308,19,19,2020,6,"2020-07-19","LC08",1
0.026289451867342,0.118572123348713,-0.026289451867342,0.529385566711426,1.05211202836013,-0.171943303412125,-0.114600002765656,-0.139293998479843,32.1352144081669,81.4756191353309,20,20,2020,6,"2020-07-19","LC08",1
0.0640225261449814,0.0473839193582535,-0.0640225261449814,0.447913378477097,1.10909698067975,-0.205378062857575,-0.0790999978780746,-0.133031994104385,27.0580121075243,82.4046190094521,21,21,2020,6,"2020-07-19","LC08",1
-0.0463356226682663,0.227912083268166,0.0463356226682663,0.591802537441254,0.965448390894295,-0.13703096982495,-0.109099999070167,-0.138340994715691,29.5966132578456,81.6962208952268,22,22,2020,6,"2020-07-19","LC08",1
0.0110578937456012,0.132588282227516,-0.0110578937456012,0.472757995128632,1.06241381818428,-0.178660227759775,-0.0808999985456467,-0.128451004624367,15.6960379933792,83.0254167088095,23,23,2020,6,"2020-07-19","LC08",1
0.0549295842647552,0.0811886638402939,-0.0549295842647552,0.474818408489227,1.06074470804159,-0.20561708160265,-0.0795999988913536,-0.120993003249168,12.4474495204142,86.4397252412076,24,24,2020,6,"2020-07-19","LC08",1
0.0687557756900787,0.0665294229984283,-0.0687557756900787,0.533831596374512,1.01634315089405,-0.163711963846225,-0.0807999968528748,-0.117039002478123,10.4631284723991,87.0560121075243,25,25,2020,6,"2020-07-19","LC08",1
-0.0697194039821625,0.29087820649147,0.0697194039821625,0.618638694286346,0.92365257309084,-0.141332350773925,-0.107600003480911,-0.166336998343468,47.3668213100947,75.4096132578456,26,26,2020,6,"2020-07-19","LC08",1
0.135359853506088,-0.0410750359296799,-0.135359853506088,0.464861780405045,1.11923446186836,-0.2030607099898,-0.10589999705553,-0.163434997200966,44.8282201597734,77.9482144081669,27,27,2020,6,"2020-07-19","LC08",1
0.0361901447176933,0.0912167280912399,-0.0361901447176933,0.399045884609222,1.10302018141944,-0.1940652153817,-0.0531000010669231,-0.0529821999371052,1.17537001725943,95.2830379933792,28,28,2020,6,"2020-07-19","LC08",1
0.0602010749280453,0.063529945909977,-0.0602010749280453,0.418851315975189,1.09947195986738,-0.181869493881925,-0.100100003182888,-0.126315996050835,15.0241928019693,84.9091941165153,1,1,2020,7,"2020-08-04","LC08",1
-0.00524837337434292,0.196600496768951,0.00524837337434292,0.491150707006454,1.1368282064802,-0.20375519515755,-0.0895000025629997,-0.152827993035317,39.7510178591308,80.6718155584882,2,2,2020,7,"2020-08-04","LC08",1
0.0486589595675468,0.136473268270493,-0.0486589595675468,0.490235596895218,1.08179804636027,-0.17584387543445,-0.0886000022292137,-0.151792004704475,37.2124167088095,80.7369574840845,3,3,2020,7,"2020-08-04","LC08",1
0.0816120132803917,0.0509039424359798,-0.0816120132803917,0.387543976306915,1.15484147412905,-0.2031934447535,-0.0859000012278557,-0.129688993096352,24.519410957203,82.8216273785474,4,4,2020,7,"2020-08-04","LC08",1
0.057396337389946,0.125103354454041,-0.057396337389946,0.481896728277206,1.10926295635809,-0.2293247063077,-0.090599998831749,-0.109407000243664,6.64870741023682,89.0634714879892,5,5,2020,7,"2020-08-04","LC08",1
-0.0510680563747883,0.235682293772697,0.0510680563747883,0.55820095539093,1.02636839651771,-0.1720151658723,-0.0917999967932701,-0.107192002236843,6.32572524120759,89.2954419375831,6,6,2020,7,"2020-08-04","LC08",1
0.0296647772192955,0.149752199649811,-0.0296647772192955,0.464241176843643,1.15267487940592,-0.2364968905973,-0.088699996471405,-0.104301996529102,4.79519411651529,90.5771284723991,7,7,2020,7,"2020-08-04","LC08",1
0.0141584118828177,0.165847837924957,-0.0141584118828177,0.538483679294586,1.08242605184018,-0.185358382611625,-0.0854000002145767,-0.0983740016818047,2.70762737854738,90.6412201597734,8,8,2020,7,"2020-08-04","LC08",1
-0.0204266123473644,0.223406732082367,0.0204266123473644,0.542516708374023,1.06254261476161,-0.198143589790325,-0.0935999974608421,-0.0932584032416344,2.40276885946298,91.692429154288,9,9,2020,7,"2020-08-04","LC08",1
0.053816482424736,0.121888384222984,-0.053816482424736,0.467896968126297,1.08383887369576,-0.182958536758275,-0.0826999992132187,-0.112493000924587,9.18144193758311,88.4778213100947,10,10,2020,7,"2020-08-04","LC08",1
0.0903740078210831,0.0117837209254503,-0.0903740078210831,0.370841562747955,1.15558301428346,-0.23912534359205,-0.0888999998569489,-0.0888196974992752,1.58222089522678,92.3915414763885,11,11,2020,7,"2020-08-04","LC08",1
-0.00983241107314825,0.15812286734581,0.00983241107314825,0.436593472957611,1.08127372268765,-0.18756851324065,-0.0737000033259392,-0.0730312019586563,1.3616191353309,92.5614495204142,12,12,2020,7,"2020-08-04","LC08",1
-0.0298367887735367,0.181643798947334,0.0298367887735367,0.48245894908905,1.03131887159691,-0.158301170977425,-0.0824000015854836,-0.117417998611927,11.578429154288,86.7801906400317,13,13,2020,7,"2020-08-04","LC08",1
0.0464979335665703,0.134829834103584,-0.0464979335665703,0.464633822441101,1.06533612705584,-0.16562353734,-0.0819000005722046,-0.118724003434181,12.2775414763885,86.7627074102368,14,14,2020,7,"2020-08-04","LC08",1
-0.100872837007046,0.335738986730576,0.100872837007046,0.639121055603027,0.923914267117629,-0.136293035653525,0.0333999991416931,0.0332639999687672,0.622957484084543,97.850410957203,15,15,2020,7,"2020-08-04","LC08",1
0.11730782687664,-0.010074800811708,-0.11730782687664,0.484199166297913,1.11583620090118,-0.208182711934475,-0.115199998021126,-0.115543000400066,8.94947148798914,88.3551928019693,16,16,2020,7,"2020-08-04","LC08",1
-0.00718556949868798,0.187972187995911,0.00718556949868798,0.53222393989563,1.05234755885038,-0.177576897007425,-0.0780000016093254,-0.140134006738663,34.6738155584882,81.2893700172594,17,17,2020,7,"2020-08-04","LC08",1
0.116228200495243,-0.00672841956838965,-0.116228200495243,0.485194593667984,1.08963831889173,-0.204183033023225,-0.109999999403954,-0.130511999130249,26.7821906400317,82.516768859463,18,18,2020,7,"2020-08-04","LC08",1
0.108917884528637,0.0721666142344475,-0.108917884528637,0.436479508876801,1.13456409594156,-0.1989082194322,-0.115800000727177,-0.15599699318409,42.2896190094521,80.3480178591308,19,19,2020,7,"2020-08-04","LC08",1
0.036482073366642,0.111169844865799,-0.036482073366642,0.50799024105072,1.07623922383204,-0.1725277160522,-0.114600002765656,-0.139293998479843,32.1352144081669,81.4756191353309,20,20,2020,7,"2020-08-04","LC08",1
0.0612072236835957,0.052765779197216,-0.0612072236835957,0.454836666584015,1.12344665368682,-0.200479706829075,-0.0790999978780746,-0.133031994104385,27.0580121075243,82.4046190094521,21,21,2020,7,"2020-08-04","LC08",1
-0.0716265961527824,0.273826241493225,0.0716265961527824,0.595567226409912,0.960818861154326,-0.130049924790525,-0.109099999070167,-0.138340994715691,29.5966132578456,81.6962208952268,22,22,2020,7,"2020-08-04","LC08",1
-0.0196438636630774,0.174611896276474,0.0196438636630774,0.524806261062622,1.04320862555422,-0.1689378444229,-0.0808999985456467,-0.128451004624367,15.6960379933792,83.0254167088095,23,23,2020,7,"2020-08-04","LC08",1
0.0541854649782181,0.0912264436483383,-0.0541854649782181,0.450129806995392,1.10122329277849,-0.2052221537545,-0.0795999988913536,-0.120993003249168,12.4474495204142,86.4397252412076,24,24,2020,7,"2020-08-04","LC08",1
0.0621666312217712,0.0834216326475143,-0.0621666312217712,0.533679842948914,1.02348424375402,-0.156587390689975,-0.0807999968528748,-0.117039002478123,10.4631284723991,87.0560121075243,25,25,2020,7,"2020-08-04","LC08",1
-0.0556525848805904,0.290911287069321,0.0556525848805904,0.603527724742889,0.958400214501237,-0.14816919166475,-0.107600003480911,-0.166336998343468,47.3668213100947,75.4096132578456,26,26,2020,7,"2020-08-04","LC08",1
0.129220709204674,-0.0208821650594473,-0.129220709204674,0.472672492265701,1.09853825061896,-0.193258774825625,-0.10589999705553,-0.163434997200966,44.8282201597734,77.9482144081669,27,27,2020,7,"2020-08-04","LC08",1
0.0197636131197214,0.119897581636906,-0.0197636131197214,0.394415140151978,1.09514429800041,-0.181509619797575,-0.0531000010669231,-0.0529821999371052,1.17537001725943,95.2830379933792,28,28,2020,7,"2020-08-04","LC08",1
0.0564520247280598,0.0612118355929852,-0.0564520247280598,0.420937746763229,1.14595446124613,-0.164933660373375,-0.100100003182888,-0.126315996050835,15.0241928019693,84.9091941165153,1,1,2020,8,"2020-08-20","LC08",1
-0.00919231306761503,0.196324914693832,0.00919231306761503,0.49575474858284,1.15257723350256,-0.194843063598725,-0.0895000025629997,-0.152827993035317,39.7510178591308,80.6718155584882,2,2,2020,8,"2020-08-20","LC08",1
0.0709748193621635,0.105462767183781,-0.0709748193621635,0.460901618003845,1.135077249664,-0.174800280557675,-0.0886000022292137,-0.151792004704475,37.2124167088095,80.7369574840845,3,3,2020,8,"2020-08-20","LC08",1
0.0726519450545311,0.0556352585554123,-0.0726519450545311,0.377300143241882,1.20506206701818,-0.19321252589515,-0.0859000012278557,-0.129688993096352,24.519410957203,82.8216273785474,4,4,2020,8,"2020-08-20","LC08",1
0.0555054396390915,0.122704654932022,-0.0555054396390915,0.474127650260925,1.16141002512421,-0.221848506278325,-0.090599998831749,-0.109407000243664,6.64870741023682,89.0634714879892,5,5,2020,8,"2020-08-20","LC08",1
-0.0315617583692074,0.20618163049221,0.0315617583692074,0.534426391124725,1.10174843450181,-0.1656889904585,-0.0917999967932701,-0.107192002236843,6.32572524120759,89.2954419375831,6,6,2020,8,"2020-08-20","LC08",1
0.0266888793557882,0.153743743896484,-0.0266888793557882,0.482638239860535,1.12337298532779,-0.22088899240625,-0.088699996471405,-0.104301996529102,4.79519411651529,90.5771284723991,7,7,2020,8,"2020-08-20","LC08",1
0.00272099673748016,0.160267889499664,-0.00272099673748016,0.533594489097595,1.13077458597765,-0.173229775397,-0.0854000002145767,-0.0983740016818047,2.70762737854738,90.6412201597734,8,8,2020,8,"2020-08-20","LC08",1
-0.0127521576359868,0.198112040758133,0.0127521576359868,0.516591608524323,1.11994364996968,-0.189090486882025,-0.0935999974608421,-0.0932584032416344,2.40276885946298,91.692429154288,9,9,2020,8,"2020-08-20","LC08",1
0.0405908972024918,0.12767206132412,-0.0405908972024918,0.456791460514069,1.11493734853704,-0.16132880546395,-0.0826999992132187,-0.112493000924587,9.18144193758311,88.4778213100947,10,10,2020,8,"2020-08-20","LC08",1
0.0896791517734528,0.00797851011157036,-0.0896791517734528,0.358958691358566,1.18188075957451,-0.234343013422125,-0.0888999998569489,-0.0888196974992752,1.58222089522678,92.3915414763885,11,11,2020,8,"2020-08-20","LC08",1
-0.00802761223167181,0.151061430573463,0.00802761223167181,0.416856735944748,1.13728145948866,-0.17163782730355,-0.0737000033259392,-0.0730312019586563,1.3616191353309,92.5614495204142,12,12,2020,8,"2020-08-20","LC08",1
-0.0207611229270697,0.159846305847168,0.0207611229270697,0.469464302062988,1.06875773055379,-0.14469177453805,-0.0824000015854836,-0.117417998611927,11.578429154288,86.7801906400317,13,13,2020,8,"2020-08-20","LC08",1
0.0396795123815536,0.141507774591446,-0.0396795123815536,0.482454597949982,1.07665188621619,-0.15498198242535,-0.0819000005722046,-0.118724003434181,12.2775414763885,86.7627074102368,14,14,2020,8,"2020-08-20","LC08",1
-0.0600628443062305,0.283901184797287,0.0600628443062305,0.602978527545929,1.03697094103509,-0.13895306966725,0.0333999991416931,0.0332639999687672,0.622957484084543,97.850410957203,15,15,2020,8,"2020-08-20","LC08",1
0.104372672736645,0.00375844980590045,-0.104372672736645,0.497722655534744,1.14955557576392,-0.1916167063748,-0.115199998021126,-0.115543000400066,8.94947148798914,88.3551928019693,16,16,2020,8,"2020-08-20","LC08",1
0.00364014878869057,0.169359132647514,-0.00364014878869057,0.519626080989838,1.11882451738926,-0.165324493869725,-0.0780000016093254,-0.140134006738663,34.6738155584882,81.2893700172594,17,17,2020,8,"2020-08-20","LC08",1
0.108730174601078,-0.00650215102359653,-0.108730174601078,0.489677846431732,1.128530388812,-0.191506301395225,-0.109999999403954,-0.130511999130249,26.7821906400317,82.516768859463,18,18,2020,8,"2020-08-20","LC08",1
0.1175606995821,0.0632716417312622,-0.1175606995821,0.419642776250839,1.19874689392,-0.18782762891505,-0.115800000727177,-0.15599699318409,42.2896190094521,80.3480178591308,19,19,2020,8,"2020-08-20","LC08",1
-0.00213409750722349,0.14571924507618,0.00213409750722349,0.550845384597778,1.08216750283286,-0.15141812102975,-0.114600002765656,-0.139293998479843,32.1352144081669,81.4756191353309,20,20,2020,8,"2020-08-20","LC08",1
0.047392513602972,0.0635958388447762,-0.047392513602972,0.452329188585281,1.16300415140287,-0.17975036315035,-0.0790999978780746,-0.133031994104385,27.0580121075243,82.4046190094521,21,21,2020,8,"2020-08-20","LC08",1
-0.0716469809412956,0.250899195671082,0.0716469809412956,0.594303548336029,1.01706994504857,-0.1159826229312,-0.109099999070167,-0.138340994715691,29.5966132578456,81.6962208952268,22,22,2020,8,"2020-08-20","LC08",1
-0.00317803560756147,0.141171470284462,0.00317803560756147,0.452400296926498,1.14108931980363,-0.15868196643725,-0.0808999985456467,-0.128451004624367,15.6960379933792,83.0254167088095,23,23,2020,8,"2020-08-20","LC08",1
0.0699742063879967,0.0625437200069427,-0.0699742063879967,0.43120402097702,1.20131205389715,-0.19869496280785,-0.0795999988913536,-0.120993003249168,12.4474495204142,86.4397252412076,24,24,2020,8,"2020-08-20","LC08",1
0.0675234943628311,0.0669831857085228,-0.0675234943628311,0.534584283828735,1.06346317065023,-0.145096125762525,-0.0807999968528748,-0.117039002478123,10.4631284723991,87.0560121075243,25,25,2020,8,"2020-08-20","LC08",1
-0.05543003231287,0.286986470222473,0.05543003231287,0.613450407981873,0.981127775985717,-0.138691062819675,-0.107600003480911,-0.166336998343468,47.3668213100947,75.4096132578456,26,26,2020,8,"2020-08-20","LC08",1
0.109407871961594,-0.00826272182166576,-0.109407871961594,0.481231182813644,1.13253299678258,-0.179296351908875,-0.10589999705553,-0.163434997200966,44.8282201597734,77.9482144081669,27,27,2020,8,"2020-08-20","LC08",1
0.00777965504676104,0.119154311716557,-0.00777965504676104,0.384396255016327,1.16740146877607,-0.16413682566465,-0.0531000010669231,-0.0529821999371052,1.17537001725943,95.2830379933792,28,28,2020,8,"2020-08-20","LC08",1
0.0364344529807568,0.097674697637558,-0.0364344529807568,0.41875222325325,1.11659061346417,-0.128732840024275,-0.100100003182888,-0.126315996050835,15.0241928019693,84.9091941165153,1,1,2020,10,"2020-09-21","LC08",1
-0.0145290018990636,0.213785126805305,0.0145290018990636,0.490407347679138,1.1515698032776,-0.16578206736055,-0.0895000025629997,-0.152827993035317,39.7510178591308,80.6718155584882,2,2,2020,10,"2020-09-21","LC08",1
0.0659334734082222,0.0964973419904709,-0.0659334734082222,0.409783035516739,1.22151266481582,-0.149761368819725,-0.0886000022292137,-0.151792004704475,37.2124167088095,80.7369574840845,3,3,2020,10,"2020-09-21","LC08",1
0.0627060979604721,0.0666887760162354,-0.0627060979604721,0.358258038759232,1.23619198161907,-0.16861399340145,-0.0859000012278557,-0.129688993096352,24.519410957203,82.8216273785474,4,4,2020,10,"2020-09-21","LC08",1
0.092215433716774,0.0864811763167381,-0.092215433716774,0.423675239086151,1.20031288520606,-0.2288150828659,-0.090599998831749,-0.109407000243664,6.64870741023682,89.0634714879892,5,5,2020,10,"2020-09-21","LC08",1
-0.00670384243130684,0.198694050312042,0.00670384243130684,0.473775774240494,1.17098430573963,-0.132074368520625,-0.0917999967932701,-0.107192002236843,6.32572524120759,89.2954419375831,6,6,2020,10,"2020-09-21","LC08",1
0.00982578285038471,0.180631339550018,-0.00982578285038471,0.469814300537109,1.16949569484989,-0.191406683568675,-0.088699996471405,-0.104301996529102,4.79519411651529,90.5771284723991,7,7,2020,10,"2020-09-21","LC08",1
0.0188122466206551,0.164945676922798,-0.0188122466206551,0.475255191326141,1.22914622800966,-0.142262844543075,-0.0854000002145767,-0.0983740016818047,2.70762737854738,90.6412201597734,8,8,2020,10,"2020-09-21","LC08",1
-0.026314165443182,0.21293593943119,0.026314165443182,0.484001994132996,1.17541107054219,-0.152187585723825,-0.0935999974608421,-0.0932584032416344,2.40276885946298,91.692429154288,9,9,2020,10,"2020-09-21","LC08",1
-0.0176055058836937,0.187351688742638,0.0176055058836937,0.462532639503479,1.13595981204809,-0.112948433397,-0.0826999992132187,-0.112493000924587,9.18144193758311,88.4778213100947,10,10,2020,10,"2020-09-21","LC08",1
0.0918683782219887,0.00716551905497909,-0.0918683782219887,0.332353383302689,1.21551296851109,-0.219838674776075,-0.0888999998569489,-0.0888196974992752,1.58222089522678,92.3915414763885,11,11,2020,10,"2020-09-21","LC08",1
-0.00300504802726209,0.170081004500389,0.00300504802726209,0.421002060174942,1.16663863644217,-0.1390143136374,-0.0737000033259392,-0.0730312019586563,1.3616191353309,92.5614495204142,12,12,2020,10,"2020-09-21","LC08",1
0.000289867777610198,0.153124839067459,-0.000289867777610198,0.42626029253006,1.09255759337601,-0.122627700269825,-0.0824000015854836,-0.117417998611927,11.578429154288,86.7801906400317,13,13,2020,10,"2020-09-21","LC08",1
0.0500948093831539,0.128060966730118,-0.0500948093831539,0.427640855312347,1.15451508746663,-0.13420880996245,-0.0819000005722046,-0.118724003434181,12.2775414763885,86.7627074102368,14,14,2020,10,"2020-09-21","LC08",1
0.00772760808467865,0.208936080336571,-0.00772760808467865,0.511820435523987,1.16602071413982,-0.12927193493915,0.0333999991416931,0.0332639999687672,0.622957484084543,97.850410957203,15,15,2020,10,"2020-09-21","LC08",1
0.117895185947418,-0.00456487573683262,-0.117895185947418,0.454846203327179,1.18664675761649,-0.1679306977945,-0.115199998021126,-0.115543000400066,8.94947148798914,88.3551928019693,16,16,2020,10,"2020-09-21","LC08",1
0.0258353613317013,0.150241643190384,-0.0258353613317013,0.465510070323944,1.17016936683373,-0.144337261516,-0.0780000016093254,-0.140134006738663,34.6738155584882,81.2893700172594,17,17,2020,10,"2020-09-21","LC08",1
0.100400023162365,0.0164845380932093,-0.100400023162365,0.451413035392761,1.1832618100076,-0.161453909595575,-0.109999999403954,-0.130511999130249,26.7821906400317,82.516768859463,18,18,2020,10,"2020-09-21","LC08",1
0.0977235734462738,0.078622505068779,-0.0977235734462738,0.418242007493973,1.179297169178,-0.15678903090705,-0.115800000727177,-0.15599699318409,42.2896190094521,80.3480178591308,19,19,2020,10,"2020-09-21","LC08",1
-0.0360790938138962,0.20147317647934,0.0360790938138962,0.527639210224152,1.0698691507364,-0.109216119518025,-0.114600002765656,-0.139293998479843,32.1352144081669,81.4756191353309,20,20,2020,10,"2020-09-21","LC08",1
0.0426038913428783,0.079175628721714,-0.0426038913428783,0.424287974834442,1.15649338077832,-0.1365923059163,-0.0790999978780746,-0.133031994104385,27.0580121075243,82.4046190094521,21,21,2020,10,"2020-09-21","LC08",1
-0.0499653182923794,0.256271421909332,0.0499653182923794,0.511992931365967,1.07403956232414,-0.0854035979338,-0.109099999070167,-0.138340994715691,29.5966132578456,81.6962208952268,22,22,2020,10,"2020-09-21","LC08",1
0.00595705676823854,0.150420367717743,-0.00595705676823854,0.434127777814865,1.14728599492927,-0.123016112480275,-0.0808999985456467,-0.128451004624367,15.6960379933792,83.0254167088095,23,23,2020,10,"2020-09-21","LC08",1
0.0947837680578232,0.0478732362389565,-0.0947837680578232,0.413061916828156,1.18789067310113,-0.1819815558091,-0.0795999988913536,-0.120993003249168,12.4474495204142,86.4397252412076,24,24,2020,10,"2020-09-21","LC08",1
0.0351108834147453,0.112430609762669,-0.0351108834147453,0.491129606962204,1.08649051587874,-0.1082643516298,-0.0807999968528748,-0.117039002478123,10.4631284723991,87.0560121075243,25,25,2020,10,"2020-09-21","LC08",1
-0.0469780787825584,0.27400541305542,0.0469780787825584,0.565431356430054,1.04940223022235,-0.128008014285825,-0.107600003480911,-0.166336998343468,47.3668213100947,75.4096132578456,26,26,2020,10,"2020-09-21","LC08",1
0.101416453719139,0.0240827929228544,-0.101416453719139,0.452777475118637,1.1242792594315,-0.139614371923425,-0.10589999705553,-0.163434997200966,44.8282201597734,77.9482144081669,27,27,2020,10,"2020-09-21","LC08",1
-0.00198548031039536,0.154452532529831,0.00198548031039536,0.387892603874207,1.15167712628629,-0.12110902426565,-0.0531000010669231,-0.0529821999371052,1.17537001725943,95.2830379933792,28,28,2020,10,"2020-09-21","LC08",1
