"easting","northing","class_id","severity","plot_id","y2005","y2006","y2007","y2008","y2009","y2010","y2011","y2013","y2014","y2020","dndmi","worst_year_index","worst_year"
481875,5484825,1,"unaffected",1,0.364774882793427,0.359304904937744,0.332804292440414,0.357753902673721,0.365870893001556,0.365533411502838,0.402399569749832,0.424352049827576,0.407522082328796,0.467381685972214,-0.0319705903530121,2,2007
516645,5485395,1,"unaffected",2,0.376759499311447,0.435342460870743,0.414639383554459,0.423635244369507,0.403768569231033,0.369290977716446,0.428141713142395,0.400013238191605,0.4168900847435,0.433990836143494,-0.00746852159500122,5,2010
486165,5447295,1,"unaffected",3,0.34328830242157,0.332828402519226,0.32457846403122,0.315076470375061,0.366503715515137,0.403756529092789,0.345500320196152,0.438831001520157,0.412938266992569,0.402794182300568,-0.0282118320465088,3,2008
520725,5483895,1,"unaffected",4,0.48679906129837,0.522276043891907,0.506470918655396,0.453076720237732,0.489646196365356,0.514340698719025,0.525498628616333,0.527097344398499,0.54700493812561,0.516393065452576,-0.0337223410606384,3,2008
507195,5486175,1,"unaffected",5,0.328031808137894,0.367427736520767,0.374827921390533,0.394727796316147,0.428557455539703,0.641951501369476,0.435767263174057,0.329522013664246,0.479148328304291,0.391087025403976,0.00149020552635193,7,2013
485385,5459835,1,"unaffected",6,0.509230256080627,0.532193601131439,0.498101532459259,0.470541775226593,0.565965056419373,0.561935126781464,0.528268694877625,0.503522098064423,0.492798686027527,0.453663527965546,-0.0386884808540344,3,2008
500595,5449935,1,"unaffected",7,0.239425644278526,0.283474713563919,0.241061985492706,0.22894760966301,0.31277471780777,0.334566116333008,0.256013631820679,0.200148448348045,0.248464971780777,0.28698542714119,-0.039277195930481,7,2013
499485,5447115,1,"unaffected",8,0.279413133859634,0.263825327157974,0.254301071166992,0.268430173397064,0.257755726575851,0.354769378900528,0.350793182849884,0.306237429380417,0.297973275184631,0.352636218070984,-0.0251120626926422,2,2007
490725,5449905,1,"unaffected",9,0.301500380039215,0.263410776853561,0.255637794733047,0.319622695446014,0.309564501047134,0.297708064317703,0.27460178732872,0.326865196228027,0.347527325153351,0.304825931787491,-0.0458625853061676,2,2007
495255,5443995,1,"unaffected",10,0.523535966873169,0.498227834701538,0.49266055226326,0.477081447839737,0.516101658344269,0.52160656452179,0.558947086334229,0.568235218524933,0.562193989753723,0.586767435073853,-0.046454519033432,3,2008
485625,5465385,1,"unaffected",11,0.318835437297821,0.269454181194305,0.272826105356216,0.300567328929901,0.328730076551437,0.288231194019318,0.300428003072739,0.301731884479523,0.294122695922852,0.368384659290314,-0.0493812561035156,1,2006
511335,5470095,1,"unaffected",12,0.368206948041916,0.364731222391129,0.348821848630905,0.335938572883606,0.357074201107025,0.359962463378906,0.371465176343918,0.432125896215439,0.417004317045212,0.39035028219223,-0.0322683751583099,3,2008
520365,5440695,1,"unaffected",13,0.304306775331497,0.267078995704651,0.356569051742554,0.391189873218536,0.308065563440323,0.344218999147415,0.319046437740326,0.376785814762115,0.360135555267334,0.489169001579285,-0.0372277796268463,1,2006
482565,5474115,1,"unaffected",14,0.529952526092529,0.577376663684845,0.509088456630707,0.522531807422638,0.527802050113678,0.513657748699188,0.502977967262268,0.548195242881775,0.549774169921875,0.525942981243134,-0.0269745588302612,6,2011
509325,5488695,1,"unaffected",15,0.417771726846695,0.412142217159271,0.423690110445023,0.43463060259819,0.42062109708786,0.411786645650864,0.447056204080582,0.460827559232712,0.47260919213295,0.452475666999817,-0.0059850811958313,5,2010
482265,5454825,1,"unaffected",16,0.350431650876999,0.338591635227203,0.3528952896595,0.383180290460587,0.332778751850128,0.36198502779007,0.374637693166733,0.3905910551548,0.395737111568451,0.371892839670181,-0.0176528990268707,4,2009
523965,5444205,1,"unaffected",17,0.254734933376312,0.259481817483902,0.228847712278366,0.257860571146011,0.22624497115612,0.265973061323166,0.239379599690437,0.228652969002724,0.224770501255989,0.212675675749779,-0.0299644321203232,8,2014
501585,5461215,1,"unaffected",18,0.320934474468231,0.273858934640884,0.336518377065659,0.339311242103577,0.345923840999603,0.411819666624069,0.409995377063751,0.424897760152817,0.454988867044449,0.527166426181793,-0.0470755398273468,1,2006
530685,5453565,1,"unaffected",19,0.306088149547577,0.29787740111351,0.288744270801544,0.336219429969788,0.303873121738434,0.307863116264343,0.310461550951004,0.332490921020508,0.338278502225876,0.335262775421143,-0.0173438787460327,2,2007
508455,5470665,1,"unaffected",20,0.273860335350037,0.249493926763535,0.272364646196365,0.275857537984848,0.312163263559341,0.272466838359833,0.305367946624756,0.330447822809219,0.299312353134155,0.31783801317215,-0.0243664085865021,1,2006
505095,5480805,1,"unaffected",21,0.352355450391769,0.311901152133942,0.309344559907913,0.347680509090424,0.348718255758286,0.30364716053009,0.365325003862381,0.405266970396042,0.404866307973862,0.456912964582443,-0.0487082898616791,5,2010
500325,5441715,1,"unaffected",22,0.428371608257294,0.397911608219147,0.399974226951599,0.428049266338348,0.42358523607254,0.432093113660812,0.473335891962051,0.512386083602905,0.527093470096588,0.558303117752075,-0.030460000038147,1,2006
512415,5470185,1,"unaffected",23,0.297704845666885,0.34602963924408,0.316809266805649,0.309293061494827,0.307877242565155,0.263375997543335,0.323599189519882,0.410597234964371,0.380473405122757,0.366328686475754,-0.0343288481235504,5,2010
530325,5454375,1,"unaffected",24,0.356431216001511,0.33783370256424,0.375557661056519,0.377600997686386,0.395563632249832,0.372675240039825,0.356116980314255,0.371858298778534,0.384939908981323,0.418442696332932,-0.0185975134372711,1,2006
503955,5476905,1,"unaffected",25,0.482207834720612,0.44902577996254,0.460799425840378,0.448355376720428,0.471162259578705,0.435796022415161,0.503223061561584,0.487194657325745,0.505382537841797,0.517184436321259,-0.0464118123054504,5,2010
486045,5458785,1,"unaffected",26,0.456137299537659,0.48488238453865,0.447601556777954,0.425779521465302,0.485266983509064,0.485818207263947,0.503066837787628,0.45025435090065,0.466655790805817,0.4432253241539,-0.0303577780723572,3,2008
488835,5465085,1,"unaffected",27,0.269079864025116,0.294122159481049,0.288297355175018,0.300903975963593,0.295313328504562,0.282846987247467,0.338755905628204,0.357285708189011,0.334422886371613,0.393180668354034,0.0137671232223511,5,2010
517125,5481195,1,"unaffected",28,0.430018723011017,0.442202597856522,0.460395604372025,0.430147528648376,0.46060773730278,0.417610704898834,0.495722502470016,0.443809449672699,0.454923301935196,0.173359706997871,-0.0124080181121826,5,2010
485625,5464215,1,"unaffected",29,0.386929452419281,0.34915828704834,0.338219404220581,0.484784096479416,0.422275334596634,0.427286446094513,0.384830594062805,0.382008165121078,0.414945214986801,0.437290787696838,-0.0487100481987,2,2007
511155,5470035,1,"unaffected",30,0.212983772158623,0.233052045106888,0.224952653050423,0.241167321801186,0.197925806045532,0.221309006214142,0.236146926879883,0.299794793128967,0.29048952460289,0.295573055744171,-0.0150579661130905,4,2009
485415,5464005,1,"unaffected",31,0.377565145492554,0.386737823486328,0.36659187078476,0.379325300455093,0.437663376331329,0.429888427257538,0.376856356859207,0.38983541727066,0.380225569009781,0.365913599729538,-0.0109732747077942,2,2007
521055,5483865,1,"unaffected",32,0.459403425455093,0.495653063058853,0.470833957195282,0.449065238237381,0.463701188564301,0.56113851070404,0.497175484895706,0.527105689048767,0.482869744300842,0.493781834840775,-0.0103381872177124,3,2008
514155,5463075,1,"unaffected",33,0.378960222005844,0.349870592355728,0.405880659818649,0.396539777517319,0.38098356127739,0.370761156082153,0.42610576748848,0.438757300376892,0.432206332683563,0.438914656639099,-0.029089629650116,1,2006
531195,5446455,1,"unaffected",34,0.426299214363098,0.399702727794647,0.407431185245514,0.39051228761673,0.418241858482361,0.417616814374924,0.408477514982224,0.498354554176331,0.465272307395935,0.486241668462753,-0.0357869267463684,3,2008
512955,5467485,1,"unaffected",35,0.332839488983154,0.322142720222473,0.341554701328278,0.319097518920898,0.342126816511154,0.335709810256958,0.34002473950386,0.406405001878738,0.37772724032402,0.410076439380646,-0.0137419700622559,3,2008
490755,5489505,1,"unaffected",36,0.480368256568909,0.490806043148041,0.486222177743912,0.468957304954529,0.504568994045258,0.502428114414215,0.536631464958191,0.505727469921112,0.513666868209839,0.52821958065033,-0.0114109516143799,3,2008
484995,5472645,1,"unaffected",37,0.273224115371704,0.311081796884537,0.312924027442932,0.286629617214203,0.275319755077362,0.337196588516235,0.30314838886261,0.344668805599213,0.290718883275986,0.331798195838928,0.00209563970565796,4,2009
489195,5446725,1,"unaffected",38,0.208468839526176,0.262260943651199,0.270681172609329,0.273102343082428,0.244553416967392,0.266369730234146,0.287410259246826,0.310654103755951,0.274713695049286,0.329735100269318,0.0360845774412155,4,2009
511095,5437935,1,"unaffected",39,0.519744873046875,0.527492344379425,0.523594915866852,0.488858938217163,0.532932341098785,0.558565199375153,0.574027419090271,0.609011232852936,0.597613751888275,0.6138556599617,-0.0308859348297119,3,2008
518955,5472975,1,"unaffected",40,0.297149628400803,0.3336301445961,0.335119992494583,0.331393092870712,0.367574900388718,0.358332425355911,0.353865772485733,0.461181133985519,0.486314684152603,0.458881825208664,0.0342434644699097,3,2008
483795,5444535,1,"unaffected",41,0.36721670627594,0.36663880944252,0.35042330622673,0.370038449764252,0.352933347225189,0.36596092581749,0.401457339525223,0.425874024629593,0.406309247016907,0.397761136293411,-0.0167934000492096,2,2007
483915,5439555,1,"unaffected",42,0.412121117115021,0.430710136890411,0.410016387701035,0.435574501752853,0.439045429229736,0.493689984083176,0.501002252101898,0.437565237283707,0.420398384332657,0.429146945476532,-0.00210472941398621,2,2007
526815,5465295,1,"unaffected",43,0.235479533672333,0.270495444536209,0.303304731845856,0.372091591358185,0.333968877792358,0.243517026305199,0.300262004137039,0.284330487251282,0.392052114009857,0.431886464357376,0.00803749263286591,5,2010
484635,5454405,1,"unaffected",44,0.43643444776535,0.449269652366638,0.426139622926712,0.468733549118042,0.42590120434761,0.436510175466537,0.511993706226349,0.452102333307266,0.440639168024063,0.438990324735641,-0.0105332434177399,4,2009
506145,5466825,1,"unaffected",45,0.225026234984398,0.248333409428596,0.237841501832008,0.222152665257454,0.27192834019661,0.268178641796112,0.318742692470551,0.330915957689285,0.331907749176025,0.383742213249207,-0.00287356972694397,3,2008
523065,5462595,1,"unaffected",46,0.237972840666771,0.526624321937561,0.213248506188393,0.479719430208206,0.508827149868011,0.356105595827103,0.294896811246872,0.229019492864609,0.266124874353409,0.14918914437294,-0.0247243344783783,2,2007
481125,5483445,1,"unaffected",47,0.341973781585693,0.398039549589157,0.372025102376938,0.357231497764587,0.369851440191269,0.318562358617783,0.364912956953049,0.386332660913467,0.36948624253273,0.408027976751328,-0.0234114229679108,5,2010
482745,5487885,1,"unaffected",48,0.374124497175217,0.422136098146439,0.419408887624741,0.414065420627594,0.441385835409164,0.40398770570755,0.441547453403473,0.401510834693909,0.390814483165741,0.367083370685577,0.0166899859905243,8,2014
520725,5465175,1,"unaffected",49,0.283784538507462,0.287660092115402,0.294439196586609,0.322938501834869,0.269453942775726,0.285100817680359,0.279859572649002,0.358004927635193,0.327311724424362,0.322782337665558,-0.0143305957317352,4,2009
481545,5454405,1,"unaffected",50,0.383106768131256,0.375880628824234,0.38925501704216,0.425539612770081,0.428773909807205,0.447893172502518,0.473977357149124,0.503063440322876,0.488120257854462,0.49619722366333,-0.0072261393070221,1,2006
502065,5456805,1,"unaffected",51,0.410467207431793,0.458313226699829,0.41891074180603,0.439213633537292,0.368847161531448,0.395796746015549,0.433418750762939,0.402853518724442,0.385627508163452,0.450583934783936,-0.0416200459003448,4,2009
521835,5470005,1,"unaffected",52,0.444624930620193,0.446757465600967,0.434311926364899,0.454413056373596,0.430714309215546,0.433119237422943,0.474182844161987,0.415756106376648,0.427175730466843,0.394203037023544,-0.0288688242435455,7,2013
521475,5471355,1,"unaffected",53,0.250734150409698,0.260921090841293,0.246039032936096,0.248930647969246,0.227137982845306,0.219177737832069,0.210629716515541,0.292851597070694,0.254527688026428,0.25465252995491,-0.0401044338941574,6,2011
484965,5447205,1,"unaffected",54,0.304518550634384,0.257444202899933,0.284122049808502,0.293101072311401,0.265563279390335,0.286607176065445,0.318373441696167,0.310664743185043,0.321520626544952,0.321420341730118,-0.0470743477344513,1,2006
519045,5444415,1,"unaffected",55,0.435658991336823,0.416333615779877,0.421140998601913,0.397581398487091,0.408884733915329,0.423413783311844,0.421192020177841,0.446265816688538,0.429977595806122,0.391264736652374,-0.0380775928497314,3,2008
506745,5465685,1,"unaffected",56,0.433737397193909,0.407929331064224,0.456427276134491,0.443825989961624,0.439830183982849,0.4168501496315,0.458405435085297,0.458643764257431,0.490022510290146,0.518944561481476,-0.0258080661296844,1,2006
502605,5475825,1,"unaffected",57,0.213106542825699,0.225263223052025,0.225299805402756,0.222206458449364,0.244600132107735,0.197272941470146,0.252657324075699,0.278704196214676,0.292531192302704,0.293209850788116,-0.0158336013555527,5,2010
489285,5441565,1,"unaffected",58,0.473472595214844,0.504333317279816,0.488785535097122,0.476729959249496,0.459894299507141,0.456806600093842,0.504600048065186,0.443389356136322,0.480696499347687,0.502413809299469,-0.0300832390785217,7,2013
485085,5484705,1,"unaffected",59,0.485850602388382,0.511142551898956,0.519565999507904,0.49086332321167,0.55465829372406,0.508928418159485,0.57305109500885,0.543884932994843,0.528180539608002,0.527468919754028,0.00501272082328796,3,2008
490965,5450715,1,"unaffected",60,0.218045935034752,0.234890624880791,0.235742062330246,0.235555782914162,0.256408363580704,0.251448005437851,0.345528811216354,0.423546433448792,0.409254342317581,0.503246009349823,0.0168446898460388,1,2006
509355,5466495,1,"unaffected",61,0.394755005836487,0.403482139110565,0.416231036186218,0.399176567792892,0.368135988712311,0.371269106864929,0.437849313020706,0.457146316766739,0.441814661026001,0.434750407934189,-0.026619017124176,4,2009
483615,5442825,1,"unaffected",62,0.341227978467941,0.367151468992233,0.363840937614441,0.372306644916534,0.372855067253113,0.385611325502396,0.39335423707962,0.448843955993652,0.426843583583832,0.442779719829559,0.0226129591464996,2,2007
493845,5447025,1,"unaffected",63,0.388698637485504,0.395876318216324,0.425804555416107,0.351057440042496,0.415174901485443,0.374509781599045,0.449303209781647,0.437356323003769,0.379032611846924,0.52077054977417,-0.0376411974430084,3,2008
482835,5456445,1,"unaffected",64,0.362762928009033,0.345412820577621,0.362116247415543,0.380505442619324,0.405021667480469,0.434110105037689,0.411602348089218,0.416387528181076,0.424040943384171,0.421876668930054,-0.0173501074314117,1,2006
498135,5458335,1,"unaffected",65,0.264785259962082,0.304488033056259,0.315199911594391,0.312755733728409,0.361415326595306,0.270064175128937,0.296073228120804,0.322393208742142,0.41096955537796,0.356136947870255,0.00527891516685486,5,2010
523095,5489205,1,"unaffected",66,0.508377134799957,0.495816379785538,0.523487210273743,0.490698367357254,0.509289681911469,0.517026245594025,0.564661204814911,0.551613509654999,0.549651384353638,0.589680254459381,-0.0176787674427032,3,2008
484245,5450385,1,"unaffected",67,0.299283146858215,0.32563441991806,0.288035094738007,0.279624402523041,0.383552402257919,0.28149226307869,0.314652919769287,0.304052144289017,0.348450869321823,0.295588970184326,-0.0196587443351746,3,2008
483735,5444985,1,"unaffected",68,0.431044787168503,0.463664144277573,0.457604050636292,0.422445088624954,0.436171680688858,0.451377838850021,0.464337706565857,0.457396298646927,0.448107361793518,0.429685562849045,-0.00859969854354858,3,2008
516765,5448165,1,"unaffected",69,0.211229532957077,0.215749084949493,0.242186546325684,0.277519702911377,0.231240928173065,0.343437790870667,0.228410631418228,0.228863894939423,0.298589020967484,0.211460798978806,0.00451955199241638,1,2006
481005,5487855,1,"unaffected",70,0.336812913417816,0.336541146039963,0.367578834295273,0.318146049976349,0.383117258548737,0.395840406417847,0.417754501104355,0.446320235729218,0.446657091379166,0.411923766136169,-0.0186668634414673,3,2008
489135,5450535,1,"unaffected",71,0.473541676998138,0.541162133216858,0.491458207368851,0.505728423595428,0.530069470405579,0.546471118927002,0.503053426742554,0.520051538944244,0.527755856513977,0.504563212394714,0.0179165303707123,2,2007
518115,5453295,1,"unaffected",72,0.410260140895844,0.406879544258118,0.391880840063095,0.431052774190903,0.463604271411896,0.427309840917587,0.390948385000229,0.393539756536484,0.369217455387115,0.297335922718048,-0.041042685508728,8,2014
515835,5487045,1,"unaffected",73,0.282025396823883,0.356371223926544,0.328102558851242,0.334579616785049,0.309366464614868,0.373565107584,0.342781782150269,0.395462512969971,0.384530693292618,0.319489896297455,0.0273410677909851,4,2009
521985,5464275,1,"unaffected",74,0.228983268141747,0.266013592481613,0.244420439004898,0.336185246706009,0.215667068958282,0.210708290338516,0.2750084400177,0.310039430856705,0.31286159157753,0.229613542556763,-0.0182749778032303,5,2010
526575,5488995,1,"unaffected",75,0.275976806879044,0.250236511230469,0.257038414478302,0.36370462179184,0.262978851795197,0.24302314221859,0.340203583240509,0.344064116477966,0.326996475458145,0.330929577350616,-0.0329536646604538,5,2010
484845,5461695,1,"unaffected",76,0.425805598497391,0.468810349702835,0.448696166276932,0.420182377099991,0.421072900295258,0.454428195953369,0.475080639123917,0.439052134752274,0.443829447031021,0.428047031164169,-0.0056232213973999,3,2008
523035,5463945,1,"unaffected",77,0.261859059333801,0.252494484186172,0.234218686819077,0.244859114289284,0.243744894862175,0.248063698410988,0.264689564704895,0.249730318784714,0.254937559366226,0.241532474756241,-0.0276403725147247,2,2007
496665,5462145,1,"unaffected",78,0.347039371728897,0.306011945009232,0.303133636713028,0.330101817846298,0.384379416704178,0.345692664384842,0.337647885084152,0.374881863594055,0.640755414962769,0.472177714109421,-0.0439057350158691,2,2007
500205,5440305,1,"unaffected",79,0.384463459253311,0.373153328895569,0.35006707906723,0.383589506149292,0.39943328499794,0.462564796209335,0.461267620325089,0.468673437833786,0.49369665980339,0.515873491764069,-0.0343963801860809,2,2007
481125,5483055,1,"unaffected",80,0.372925162315369,0.380932658910751,0.405278831720352,0.403010368347168,0.412133246660233,0.352183401584625,0.372319638729095,0.401785492897034,0.395234733819962,0.419780194759369,-0.0207417607307434,5,2010
514605,5457615,1,"unaffected",81,0.377708971500397,0.374297171831131,0.369283258914948,0.404365599155426,0.336768418550491,0.403366059064865,0.424679487943649,0.445597857236862,0.387581378221512,0.419210404157639,-0.0409405529499054,4,2009
484665,5452995,1,"unaffected",82,0.28643274307251,0.26270991563797,0.298732936382294,0.340433746576309,0.314713656902313,0.347631603479385,0.354625642299652,0.37539604306221,0.333869427442551,0.290637135505676,-0.0237228274345398,1,2006
511485,5479815,1,"unaffected",83,0.393971085548401,0.391095966100693,0.403694450855255,0.381480634212494,0.389313101768494,0.407553255558014,0.406558692455292,0.454220145940781,0.469805210828781,0.470631569623947,-0.012490451335907,3,2008
484005,5455155,1,"unaffected",84,0.30312991142273,0.362762689590454,0.37034484744072,0.347995460033417,0.353955715894699,0.368295967578888,0.384947717189789,0.37597993016243,0.355406999588013,0.383947521448135,0.0448655486106873,3,2008
486285,5451735,1,"unaffected",85,0.409795939922333,0.395628362894058,0.455458253622055,0.449915379285812,0.436042934656143,0.470537751913071,0.46626353263855,0.475233405828476,0.482684314250946,0.464866310358047,-0.0141675770282745,1,2006
495735,5444175,1,"unaffected",86,0.252337157726288,0.262662202119827,0.241957426071167,0.273424714803696,0.248223796486855,0.355061322450638,0.326463639736176,0.379108667373657,0.343276023864746,0.442555248737335,-0.0103797316551208,2,2007
480945,5483205,1,"unaffected",87,0.339596480131149,0.392602115869522,0.344364553689957,0.345710456371307,0.41733655333519,0.391652703285217,0.426746696233749,0.472263395786285,0.460833102464676,0.460128784179688,0.00476807355880737,2,2007
511605,5480565,1,"unaffected",88,0.259296357631683,0.239179447293282,0.306439012289047,0.288255274295807,0.281393259763718,0.291471302509308,0.259417235851288,0.3045873939991,0.328467935323715,0.295063942670822,-0.0201169103384018,1,2006
481455,5446005,1,"unaffected",89,0.311916023492813,0.338273793458939,0.323515355587006,0.332169771194458,0.326663821935654,0.356075882911682,0.373290300369263,0.330686718225479,0.324005991220474,0.273789316415787,0.0115993320941925,2,2007
484935,5441685,1,"unaffected",90,0.447172194719315,0.419331938028336,0.451733291149139,0.459167510271072,0.43641072511673,0.450922429561615,0.456414252519608,0.476997137069702,0.494626402854919,0.276918679475784,-0.027840256690979,1,2006
503295,5465445,1,"unaffected",91,0.451761662960052,0.441580802202225,0.446542501449585,0.435092687606812,0.469362020492554,0.436529576778412,0.482682913541794,0.451138645410538,0.434688836336136,0.471176862716675,-0.0170728266239166,8,2014
517215,5488845,1,"unaffected",92,0.467837750911713,0.46813377737999,0.45346388220787,0.443000704050064,0.481002926826477,0.46160826086998,0.477634191513062,0.482543557882309,0.471713781356812,0.514312505722046,-0.0248370468616486,3,2008
504405,5465175,1,"unaffected",93,0.363753318786621,0.366757422685623,0.327197372913361,0.365295976400375,0.349313616752625,0.427005738019943,0.412694066762924,0.429029047489166,0.350266605615616,0.486136257648468,-0.0365559458732605,2,2007
528015,5442195,1,"unaffected",94,0.372814178466797,0.540383040904999,0.576113164424896,0.438079297542572,0.411063730716705,0.56073135137558,0.536017596721649,0.543093860149384,0.531128227710724,0.409156650304794,0.0382495522499084,4,2009
515625,5488545,1,"unaffected",95,0.403804570436478,0.448712289333344,0.443087995052338,0.423659414052963,0.419303119182587,0.43617656826973,0.436881363391876,0.473011791706085,0.453837782144547,0.453938901424408,0.015498548746109,4,2009
498615,5476965,1,"unaffected",96,0.249934464693069,0.211784586310387,0.218972474336624,0.234831467270851,0.319906055927277,0.255710363388062,0.236018434166908,0.245841145515442,0.213501513004303,0.269909501075745,-0.0381498783826828,1,2006
498015,5449635,1,"unaffected",97,0.349787086248398,0.379176586866379,0.35683599114418,0.334816008806229,0.350698918104172,0.410040646791458,0.329910099506378,0.301342278718948,0.369430810213089,0.37623405456543,-0.0484448075294495,7,2013
503805,5443035,1,"unaffected",98,0.30002024769783,0.254059612751007,0.287802577018738,0.36742827296257,0.325296223163605,0.259355843067169,0.307112634181976,0.318946003913879,0.33363476395607,0.360161006450653,-0.0459606349468231,1,2006
487275,5447715,1,"unaffected",99,0.271807253360748,0.263949483633041,0.254551351070404,0.301049828529358,0.287498116493225,0.289913922548294,0.338176608085632,0.379496365785599,0.364162623882294,0.407028347253799,-0.0172559022903442,2,2007
516495,5486985,1,"unaffected",100,0.317597687244415,0.284963548183441,0.328304082155228,0.329166620969772,0.302229046821594,0.305172353982925,0.347258359193802,0.321330100297928,0.340897917747498,0.303226560354233,-0.0326341390609741,1,2006
492525,5444805,1,"unaffected",101,0.326494574546814,0.363713026046753,0.343001157045364,0.326315194368362,0.348135769367218,0.389348298311234,0.370012581348419,0.390537649393082,0.39859414100647,0.410966724157333,-0.000179380178451538,3,2008
499545,5471235,1,"unaffected",102,0.319209426641464,0.340918123722076,0.316775888204575,0.307792752981186,0.398909270763397,0.396459251642227,0.393043041229248,0.352546155452728,0.426515340805054,0.383887767791748,-0.0114166736602783,3,2008
512355,5472705,1,"unaffected",103,0.285839766263962,0.304540067911148,0.286587595939636,0.280024409294128,0.312644690275192,0.294625699520111,0.316033989191055,0.38262277841568,0.36592024564743,0.384830176830292,-0.00581535696983337,3,2008
516735,5484825,1,"unaffected",104,0.376522362232208,0.397335946559906,0.392666697502136,0.389840841293335,0.386715024709702,0.361439198255539,0.402560770511627,0.397441446781158,0.409357041120529,0.399851769208908,-0.0150831639766693,5,2010
521385,5488785,1,"unaffected",105,0.428933352231979,0.405049562454224,0.411270171403885,0.444854170084,0.461212158203125,0.428553223609924,0.442170321941376,0.445578247308731,0.47526153922081,0.45889487862587,-0.0238837897777557,1,2006
514125,5438025,1,"unaffected",106,0.517525792121887,0.518935561180115,0.513669610023499,0.493565827608109,0.51973968744278,0.545853734016418,0.50747948884964,0.49718514084816,0.474561423063278,0.500372350215912,-0.042964369058609,8,2014
503775,5437785,1,"unaffected",107,0.506609737873077,0.509414851665497,0.543623983860016,0.538069248199463,0.501541078090668,0.51528537273407,0.526153266429901,0.510472536087036,0.483622640371323,0.507530510425568,-0.0229870975017548,8,2014
495915,5489025,1,"unaffected",108,0.477345079183578,0.446306020021439,0.457203805446625,0.494446575641632,0.463747501373291,0.484456330537796,0.473466008901596,0.508247792720795,0.503231048583984,0.484649807214737,-0.0310390591621399,1,2006
510675,5484795,1,"unaffected",109,0.388427197933197,0.410114794969559,0.392604529857635,0.406332343816757,0.418474167585373,0.427662491798401,0.451184242963791,0.43968340754509,0.455700069665909,0.440523713827133,0.00417733192443848,2,2007
522645,5483895,1,"unaffected",110,0.272983491420746,0.274486720561981,0.291862010955811,0.26647087931633,0.301303148269653,0.301579147577286,0.269440621137619,0.321560025215149,0.308015137910843,0.277626186609268,-0.00651261210441589,3,2008
520185,5456205,1,"unaffected",111,0.406181484460831,0.380917429924011,0.412155658006668,0.449335187673569,0.400560230016708,0.417817413806915,0.399094223976135,0.437753319740295,0.396531850099564,0.372562408447266,-0.0252640545368195,1,2006
511155,5465835,1,"unaffected",112,0.26977002620697,0.247022360563278,0.262911021709442,0.265130996704102,0.283695608377457,0.358444720506668,0.22034540772438,0.320116877555847,0.63597959280014,0.419468253850937,-0.0494246184825897,6,2011
504015,5442315,1,"unaffected",113,0.306615144014359,0.302256107330322,0.327377498149872,0.326063513755798,0.354829132556915,0.366361647844315,0.400452762842178,0.478655487298965,0.454249292612076,0.516230881214142,-0.00435903668403625,1,2006
486075,5441535,1,"unaffected",114,0.477641046047211,0.510993719100952,0.4596107006073,0.470703691244125,0.478405117988586,0.491115301847458,0.505779683589935,0.477650344371796,0.478119105100632,0.451379269361496,-0.0180303454399109,2,2007
500685,5467515,1,"unaffected",115,0.379433959722519,0.360683381557465,0.35574147105217,0.403615087270737,0.40142685174942,0.443146854639053,0.408391565084457,0.469271063804626,0.373653888702393,0.511892735958099,-0.0236924886703491,2,2007
518715,5456655,1,"unaffected",116,0.320213973522186,0.311997383832932,0.278447270393372,0.28761300444603,0.305046677589417,0.348759323358536,0.28291592001915,0.352937340736389,0.331630200147629,0.343767464160919,-0.0417667031288147,2,2007
492135,5456865,1,"unaffected",117,0.213155657052994,0.207613304257393,0.20209364593029,0.254130363464355,0.212192788720131,0.246798053383827,0.245115682482719,0.301193743944168,0.273118138313293,0.35368800163269,-0.0110620111227036,2,2007
518295,5448915,1,"unaffected",118,0.233744934201241,0.247691705822945,0.302504241466522,0.425717562437057,0.264988660812378,0.322215914726257,0.38604086637497,0.328846842050552,0.338806927204132,0.39050081372261,0.0139467716217041,1,2006
520725,5453295,1,"unaffected",119,0.25372502207756,0.264441788196564,0.24638207256794,0.248562470078468,0.274997591972351,0.209391459822655,0.248144373297691,0.332246571779251,0.280346781015396,0.325431168079376,-0.0443335622549057,5,2010
508575,5474595,1,"unaffected",120,0.388413697481155,0.352270156145096,0.378038942813873,0.521136999130249,0.388245344161987,0.484903305768967,0.363864809274673,0.404685825109482,0.411277145147324,0.413310110569,-0.0361435413360596,1,2006
499635,5467425,1,"unaffected",121,0.367106884717941,0.346210807561874,0.347113192081451,0.378816425800323,0.363018751144409,0.394902944564819,0.353918820619583,0.346898585557938,0.59570574760437,0.405395835638046,-0.0208960771560669,1,2006
515325,5442435,1,"unaffected",122,0.465539902448654,0.448375910520554,0.481130391359329,0.499269783496857,0.483372569084167,0.479346752166748,0.526728630065918,0.516231775283813,0.510855495929718,0.50663834810257,-0.0171639919281006,1,2006
482805,5453265,1,"unaffected",123,0.50452333688736,0.519131362438202,0.503761053085327,0.511988818645477,0.480986714363098,0.528590500354767,0.531692743301392,0.537253737449646,0.534586071968079,0.504882335662842,-0.0235366225242615,4,2009
498885,5451735,1,"unaffected",124,0.300898432731628,0.294074922800064,0.305728137493134,0.274444371461868,0.329826444387436,0.328610569238663,0.376722574234009,0.441983431577682,0.347174793481827,0.471529483795166,-0.0264540612697601,3,2008
507555,5463645,1,"unaffected",125,0.201032489538193,0.230847701430321,0.196821108460426,0.366278320550919,0.235393777489662,0.264990121126175,0.251105219125748,0.256466209888458,0.219623520970345,0.290030926465988,-0.00421138107776642,2,2007
527475,5464365,1,"unaffected",126,0.226209238171577,0.237049043178558,0.248233944177628,0.278922826051712,0.265055000782013,0.25548991560936,0.352782845497131,0.222623229026794,0.251341462135315,0.255648165941238,-0.00358600914478302,7,2013
530955,5452305,1,"unaffected",127,0.253729552030563,0.31834751367569,0.296042740345001,0.303590059280396,0.296067744493484,0.286945909261703,0.337135493755341,0.357213765382767,0.31908044219017,0.313507914543152,0.0332163572311401,5,2010
483585,5445525,1,"unaffected",128,0.399207383394241,0.452062994241714,0.397814124822617,0.45320463180542,0.399198323488235,0.426822364330292,0.402830839157104,0.416984289884567,0.391465216875076,0.42137798666954,-0.00774216651916504,8,2014
494835,5464635,1,"unaffected",129,0.329689383506775,0.354776859283447,0.347598344087601,0.334199368953705,0.384429305791855,0.495183885097504,0.303410589694977,0.383228272199631,0.459761798381805,0.336029648780823,-0.0262787938117981,6,2011
490485,5457045,1,"unaffected",130,0.366008162498474,0.376434653997421,0.365859031677246,0.376881986856461,0.407319933176041,0.391375005245209,0.406841516494751,0.429956585168839,0.440634042024612,0.419108301401138,-0.000149130821228027,2,2007
487755,5444295,1,"unaffected",131,0.384793728590012,0.38104173541069,0.36943793296814,0.375586003065109,0.380620568990707,0.41700690984726,0.406779557466507,0.428480744361877,0.406148135662079,0.419291645288467,-0.0153557956218719,2,2007
501225,5467965,1,"unaffected",132,0.225289344787598,0.215652704238892,0.184970527887344,0.18132521212101,0.224597245454788,0.221940189599991,0.217080131173134,0.189548343420029,0.239129409193993,0.293481260538101,-0.0439641326665878,3,2008
531045,5449965,1,"unaffected",133,0.25738713145256,0.350834280252457,0.311875581741333,0.317318350076675,0.282258659601212,0.302273213863373,0.341085284948349,0.349692672491074,0.34248474240303,0.331266283988953,0.0248715281486511,4,2009
518805,5485335,1,"unaffected",134,0.311048179864883,0.314994156360626,0.312458664178848,0.309762686491013,0.325621545314789,0.433467417955399,0.334442853927612,0.34373065829277,0.320958435535431,0.322432488203049,-0.00128549337387085,3,2008
511695,5445465,1,"unaffected",135,0.422286301851273,0.4578957259655,0.438481152057648,0.437455087900162,0.43657973408699,0.431891024112701,0.457466930150986,0.397360950708389,0.40951868891716,-0.197867646813393,-0.0249253511428833,7,2013
518535,5482365,1,"unaffected",136,0.427473664283752,0.427603930234909,0.430288702249527,0.387876570224762,0.423898458480835,0.405018031597137,0.443359553813934,0.454064011573792,0.419551283121109,0.488195925951004,-0.0395970940589905,3,2008
510585,5481765,1,"unaffected",137,0.293255567550659,0.300009042024612,0.319691777229309,0.322341978549957,0.300339102745056,0.305983930826187,0.343255549669266,0.38578325510025,0.371388167142868,0.345637381076813,0.00675347447395325,1,2006
513045,5448195,1,"unaffected",138,0.28980565071106,0.344228595495224,0.262803345918655,0.272325575351715,0.253335803747177,0.347550183534622,0.338873952627182,0.287047743797302,0.590820729732513,0.229883089661598,-0.0364698469638824,4,2009
488565,5471955,1,"unaffected",139,0.363738268613815,0.359122574329376,0.392271548509598,0.336721390485764,0.338264286518097,0.354269802570343,0.384607940912247,0.443053424358368,0.412805080413818,0.451585114002228,-0.0270168781280518,3,2008
516105,5439285,1,"unaffected",140,0.297803640365601,0.361309677362442,0.3243408203125,0.389093786478043,0.348833620548248,0.392301201820374,0.399610728025436,0.446373552083969,0.477461576461792,0.449390918016434,0.0265371799468994,2,2007
491985,5488035,1,"unaffected",141,0.398251682519913,0.451216638088226,0.446114957332611,0.438730090856552,0.409254014492035,0.621496260166168,0.403882414102554,0.474128633737564,0.431481599807739,0.466326028108597,0.0056307315826416,6,2011
514875,5463465,1,"unaffected",142,0.404350697994232,0.384755343198776,0.412488847970963,0.409329891204834,0.361455202102661,0.432408481836319,0.435803055763245,0.432245433330536,0.438988834619522,0.412371754646301,-0.042895495891571,4,2009
506685,5478285,1,"unaffected",143,0.354649126529694,0.319597542285919,0.334656089544296,0.377689510583878,0.435875773429871,0.315145224332809,0.375727772712708,0.390338361263275,0.409931749105453,0.418478399515152,-0.0395039021968842,5,2010
500955,5451255,1,"unaffected",144,0.270636200904846,0.288794010877609,0.247490480542183,0.288300842046738,0.256177335977554,0.322889536619186,0.270630270242691,0.232699811458588,0.303223311901093,0.337809294462204,-0.0379363894462585,7,2013
483975,5442225,1,"unaffected",145,0.475718915462494,0.504485487937927,0.500979721546173,0.496895909309387,0.517757892608643,0.510278522968292,0.537555456161499,0.55043751001358,0.540656864643097,0.50840562582016,0.0211769938468933,3,2008
525255,5447505,1,"unaffected",146,0.513373494148254,0.502078056335449,0.494299948215485,0.524355351924896,0.523629665374756,0.544755935668945,0.53440910577774,0.569277882575989,0.570500671863556,0.433482736349106,-0.0190735459327698,2,2007
486225,5447505,1,"unaffected",147,0.383957087993622,0.355675727128983,0.351743340492249,0.364634841680527,0.379486292600632,0.359157145023346,0.394699990749359,0.407098889350891,0.368020683526993,0.4228555560112,-0.0322137475013733,2,2007
521205,5450985,1,"unaffected",148,0.27450880408287,0.284058094024658,0.281864285469055,0.256098091602325,0.306437999010086,0.340272098779678,0.338642686605453,0.346563160419464,0.365369558334351,0.370584934949875,-0.018410712480545,3,2008
483495,5473425,1,"unaffected",149,0.461981058120728,0.429938644170761,0.422166556119919,0.436592370271683,0.460465103387833,0.48951330780983,0.464485973119736,0.476182878017426,0.486632347106934,0.501845240592957,-0.0398145020008087,2,2007
481725,5466555,1,"unaffected",150,0.367571175098419,0.382252097129822,0.387291431427002,0.388269871473312,0.376958817243576,0.417184084653854,0.400866836309433,0.393084019422531,0.40132087469101,0.405688941478729,0.00938764214515686,4,2009
519825,5445735,1,"unaffected",151,0.476263105869293,0.430828362703323,0.428493767976761,0.471621572971344,0.459016025066376,0.434017956256866,0.460265845060349,0.47683984041214,0.457683354616165,0.48841592669487,-0.0477693378925323,2,2007
509415,5452365,1,"unaffected",152,0.235869839787483,0.207762032747269,0.187303528189659,0.254633545875549,0.251242250204086,0.262510001659393,0.271572023630142,0.249618873000145,0.232942253351212,0.0206358935683966,-0.0485663115978241,2,2007
511395,5444505,1,"unaffected",153,0.446015894412994,0.440994530916214,0.459270030260086,0.433162659406662,0.437002658843994,0.446381449699402,0.487672597169876,0.488465905189514,0.457889974117279,0.468852460384369,-0.0128532350063324,3,2008
489105,5465145,1,"unaffected",154,0.316422164440155,0.31826063990593,0.313289046287537,0.29804053902626,0.31048858165741,0.308592349290848,0.359831601381302,0.387983828783035,0.368261456489563,0.36887800693512,-0.0183816254138947,3,2008
507195,5468775,1,"unaffected",155,0.266908824443817,0.273785561323166,0.260138332843781,0.26281076669693,0.296229273080826,0.240335702896118,0.3409603536129,0.3106290102005,0.333007276058197,0.362278163433075,-0.026573121547699,5,2010
485055,5447505,1,"unaffected",156,0.36052417755127,0.337495505809784,0.312133938074112,0.352825611829758,0.36133548617363,0.335847347974777,0.366149365901947,0.347951292991638,0.378400683403015,0.331388235092163,-0.0483902394771576,2,2007
517455,5483115,1,"unaffected",157,0.427461415529251,0.453802078962326,0.459346294403076,0.442949742078781,0.453392654657364,0.456811964511871,0.490372896194458,0.465775728225708,0.464806258678436,0.445287317037582,0.01548832654953,3,2008
501585,5457465,1,"unaffected",158,0.251280784606934,0.295254677534103,0.300974607467651,0.283415406942368,0.297674179077148,0.269850134849548,0.296313345432281,0.204347610473633,0.477339744567871,0.365980058908463,-0.0469331741333008,7,2013
482865,5439675,1,"unaffected",159,0.323378950357437,0.35216498374939,0.295064955949783,0.345693320035934,0.283325254917145,0.310918718576431,0.314246863126755,0.316615581512451,0.340025693178177,0.346964776515961,-0.0400536954402924,4,2009
529215,5477385,1,"unaffected",160,0.22706463932991,0.200752943754196,0.224173530936241,0.237114861607552,0.270852655172348,0.258595585823059,0.223418623209,0.245156362652779,0.236873611807823,0.270964741706848,-0.0263116955757141,1,2006
497505,5451435,1,"unaffected",161,0.329965680837631,0.324318319559097,0.311176389455795,0.284031480550766,0.342478930950165,0.385316222906113,0.322424709796906,0.357385784387589,0.348873734474182,0.382337808609009,-0.0459342002868652,3,2008
503865,5468205,1,"unaffected",162,0.32074761390686,0.325324952602386,0.316085040569305,0.294338405132294,0.305824786424637,0.394096434116364,0.274614572525024,0.27884441614151,0.415443301200867,0.353459686040878,-0.0461330413818359,6,2011
493785,5475495,1,"unaffected",163,0.453257322311401,0.437952905893326,0.45881861448288,0.458161324262619,0.54460221529007,0.432530760765076,0.470533043146133,0.450091183185577,0.68303632736206,0.496373146772385,-0.0207265615463257,5,2010
485925,5442915,1,"unaffected",164,0.305543154478073,0.327903091907501,0.315958350896835,0.287401109933853,0.306890100240707,0.378279745578766,0.390066117048264,0.405294388532639,0.408130317926407,0.452764570713043,-0.01814204454422,3,2008
525165,5455515,1,"unaffected",165,0.443826228380203,0.457938104867935,0.447604417800903,0.476035416126251,0.445790380239487,0.487821072340012,0.473426908254623,0.519061028957367,0.533865988254547,0.509509742259979,0.00196415185928345,4,2009
493965,5456475,1,"unaffected",166,0.280230283737183,0.253350853919983,0.248813971877098,0.286876529455185,0.260125547647476,0.288130462169647,0.290783673524857,0.31219208240509,0.334395736455917,0.396758645772934,-0.0314163118600845,2,2007
493155,5472075,1,"unaffected",167,0.251683413982391,0.263482987880707,0.252970278263092,0.303275018930435,0.263888984918594,0.236902445554733,0.314747929573059,0.311663925647736,0.325046896934509,0.375310808420181,-0.0147809684276581,5,2010
484815,5471595,1,"unaffected",168,0.429193407297134,0.429514110088348,0.428685188293457,0.407481163740158,0.43482106924057,0.490598857402802,0.47439894080162,0.498833984136581,0.504209995269775,0.50714910030365,-0.0217122435569763,3,2008
518445,5447025,1,"unaffected",169,0.33681908249855,0.28804937005043,0.339345574378967,0.376291006803513,0.344854295253754,0.348164647817612,0.312974959611893,0.30036386847496,0.300117671489716,0.337664723396301,-0.0487697124481201,1,2006
484485,5443455,1,"unaffected",170,0.347735792398453,0.344610691070557,0.358460307121277,0.35287407040596,0.337630540132523,0.327428102493286,0.35597088932991,0.389447212219238,0.393950372934341,0.389745533466339,-0.0203076899051666,5,2010
482565,5442255,1,"unaffected",171,0.323103964328766,0.343763649463654,0.336235910654068,0.351250201463699,0.324631214141846,0.362614929676056,0.399520426988602,0.395211100578308,0.44132936000824,0.46746438741684,0.00152724981307983,4,2009
506505,5437395,1,"unaffected",172,0.427711695432663,0.417472362518311,0.420299828052521,0.470947235822678,0.468235164880753,0.507758617401123,0.499477237462997,0.435704082250595,0.511709451675415,0.535401046276093,-0.0102393329143524,1,2006
505125,5439375,1,"unaffected",173,0.492803066968918,0.506065785884857,0.445394039154053,0.452884435653687,0.488814115524292,0.535978019237518,0.481268286705017,0.534394025802612,0.538847863674164,0.557050287723541,-0.0474090278148651,2,2007
485235,5463045,1,"unaffected",174,0.39253181219101,0.422661662101746,0.38670203089714,0.377861350774765,0.395278334617615,0.391954481601715,0.398799657821655,0.401569277048111,0.398209065198898,0.431054562330246,-0.0146704614162445,3,2008
504645,5440245,1,"unaffected",175,0.33554482460022,0.340313047170639,0.355784595012665,0.372042179107666,0.391278058290482,0.36803725361824,0.395668506622314,0.407300531864166,0.442893505096436,0.430536836385727,0.00476822257041931,1,2006
516075,5439345,1,"unaffected",176,0.32716953754425,0.335766911506653,0.367648601531982,0.365944713354111,0.384415239095688,0.410898596048355,0.419697195291519,0.468818962574005,0.456989079713821,0.434804230928421,0.00859737396240234,1,2006
521985,5441745,1,"unaffected",177,0.385112911462784,0.397615253925323,0.392921477556229,0.434662669897079,0.380814105272293,0.451800316572189,0.40316179394722,0.425124824047089,0.404727935791016,0.388642251491547,-0.00429880619049072,4,2009
517425,5481345,1,"unaffected",178,0.465145438909531,0.465345829725266,0.504431426525116,0.451363325119019,0.468594759702682,0.464847385883331,0.529196202754974,0.463329255580902,0.478383302688599,0.356729626655579,-0.0137821137905121,3,2008
481515,5439285,1,"unaffected",179,0.272775202989578,0.336727142333984,0.321423262357712,0.35858741402626,0.322055757045746,0.336558610200882,0.34786930680275,0.366195470094681,0.384142696857452,0.260246485471725,0.0486480593681335,2,2007
522375,5483415,1,"unaffected",180,0.475477576255798,0.500993430614471,0.461256384849548,0.462554007768631,0.48015484213829,0.488308936357498,0.482968121767044,0.467847794294357,0.479745298624039,0.517148613929749,-0.01422119140625,2,2007
496005,5475525,1,"unaffected",181,0.381682276725769,0.378346294164658,0.41100424528122,0.435506343841553,0.525921761989594,0.578579246997833,0.438977032899857,0.455579668283463,0.644784390926361,0.503310143947601,-0.00333598256111145,1,2006
482595,5469915,1,"unaffected",182,0.321296185255051,0.351475059986115,0.350162714719772,0.361161231994629,0.344014257192612,0.371938049793243,0.387050807476044,0.417833358049393,0.406414091587067,0.423366874456406,0.022718071937561,4,2009
485865,5451645,1,"unaffected",183,0.439186811447144,0.492400497198105,0.505487740039825,0.50324010848999,0.502516031265259,0.540012240409851,0.547566115856171,0.519955694675446,0.538118600845337,0.521909117698669,0.0532136857509613,1,2006
490245,5446125,1,"unaffected",184,0.45306658744812,0.4943026304245,0.458220422267914,0.449181973934174,0.463849514722824,0.480581700801849,0.473691552877426,0.434054762125015,0.436049729585648,0.505210936069489,-0.0190118253231049,7,2013
484965,5477475,1,"unaffected",185,0.306263267993927,0.287376523017883,0.314232587814331,0.321083515882492,0.33435931801796,0.266367554664612,0.41116338968277,0.37570858001709,0.411583483219147,0.42968887090683,-0.0398957133293152,5,2010
502605,5482365,1,"unaffected",186,0.252685099840164,0.259589433670044,0.268734186887741,0.409241229295731,0.258419781923294,0.45964840054512,0.336114704608917,0.248473137617111,0.533760011196136,0.311336070299149,-0.00421196222305298,7,2013
482355,5440755,1,"unaffected",187,0.467691719532013,0.497540980577469,0.484446406364441,0.488612323999405,0.468704700469971,0.51909202337265,0.510455787181854,0.496425479650497,0.503114461898804,0.476304620504379,0.00101298093795776,4,2009
484455,5457345,1,"unaffected",188,0.361616879701614,0.380586624145508,0.369131624698639,0.438061028718948,0.375155687332153,0.365459054708481,0.432666569948196,0.409137845039368,0.422754883766174,0.346961379051208,0.00384217500686646,5,2010
492555,5464695,1,"unaffected",189,0.339457541704178,0.378431349992752,0.389711380004883,0.317165851593018,0.409891098737717,0.446788609027863,0.470404475927353,0.542989253997803,0.51142007112503,0.549394726753235,-0.0222916901111603,3,2008
494265,5473035,1,"unaffected",190,0.289862394332886,0.281175792217255,0.249864593148232,0.274871200323105,0.359411031007767,0.35342201590538,0.297123640775681,0.341308951377869,0.604404151439667,0.435909062623978,-0.0399978011846542,2,2007
520305,5480655,1,"unaffected",191,0.232855126261711,0.302976220846176,0.304289937019348,0.270062148571014,0.185623601078987,0.308235973119736,0.22834424674511,0.269445478916168,0.319024831056595,0.336625784635544,-0.047231525182724,4,2009
522045,5488785,1,"unaffected",192,0.46644726395607,0.475497156381607,0.47925677895546,0.476668626070023,0.466253608465195,0.479798048734665,0.50142776966095,0.500102877616882,0.501184523105621,0.512640953063965,-0.000193655490875244,4,2009
505575,5473995,1,"unaffected",193,0.494080483913422,0.467598766088486,0.471551477909088,0.445829212665558,0.499640792608261,0.53832882642746,0.501091480255127,0.531964302062988,0.52490097284317,0.526964545249939,-0.0482512712478638,3,2008
490455,5489505,1,"unaffected",194,0.421691447496414,0.444852083921432,0.442902714014053,0.417133867740631,0.441889524459839,0.427103817462921,0.4746013879776,0.440045565366745,0.474421918392181,0.468183040618896,-0.00455757975578308,3,2008
524595,5445645,1,"unaffected",195,0.393127143383026,0.401290953159332,0.388931274414062,0.393234074115753,0.411532253026962,0.422446131706238,0.398181676864624,0.45347073674202,0.461084306240082,0.445316642522812,-0.00419586896896362,2,2007
522465,5438205,1,"unaffected",196,0.300844371318817,0.257750809192657,0.323620229959488,0.324635773897171,0.284829825162888,0.395785510540009,0.304182827472687,0.327944487333298,0.284480780363083,0.259233981370926,-0.0430935621261597,1,2006
497595,5473785,1,"unaffected",197,0.305634617805481,0.341041564941406,0.329027950763702,0.32775405049324,0.280516296625137,0.429127871990204,0.333267539739609,0.295880198478699,0.514123141765594,0.38816437125206,-0.0251183211803436,4,2009
524445,5446215,1,"unaffected",198,0.389354288578033,0.374966621398926,0.378766030073166,0.388830572366714,0.41955354809761,0.434942543506622,0.416445910930634,0.451883882284164,0.44236421585083,0.384855002164841,-0.0143876671791077,1,2006
529695,5481135,1,"unaffected",199,0.230196058750153,0.24588580429554,0.210113883018494,0.777175545692444,0.261597216129303,0.265251666307449,0.265375345945358,0.279664516448975,0.252805382013321,0.295974582433701,-0.0200821757316589,2,2007
530565,5472795,1,"unaffected",200,0.271674335002899,0.379196494817734,0.315935760736465,0.295575469732285,0.306422889232635,0.402899533510208,0.450949370861053,0.35122138261795,0.34874501824379,0.340390890836716,0.0239011347293854,3,2008
486825,5447595,1,"unaffected",201,0.238828927278519,0.214071854948997,0.230735078454018,0.216606184840202,0.249160662293434,0.239261254668236,0.284313082695007,0.332427799701691,0.305534183979034,0.358691185712814,-0.0247570723295212,1,2006
484575,5459865,1,"unaffected",202,0.426847010850906,0.428816497325897,0.417235016822815,0.406094551086426,0.436953097581863,0.431836992502213,0.461673110723495,0.454349160194397,0.458429574966431,0.461684763431549,-0.0207524597644806,3,2008
488415,5463045,1,"unaffected",203,0.271688997745514,0.300732433795929,0.290494799613953,0.320690125226974,0.290196359157562,0.342750132083893,0.348370969295502,0.363351732492447,0.376660645008087,0.384271502494812,0.0185073614120483,4,2009
495735,5441505,1,"unaffected",204,0.236135065555573,0.219306021928787,0.229672908782959,0.238882526755333,0.227726489305496,0.235088512301445,0.240080788731575,0.261799991130829,0.20071779191494,0.286265969276428,-0.0354172736406326,8,2014
490185,5464245,1,"unaffected",205,0.24958673119545,0.282639235258102,0.237120121717453,0.204838678240776,0.248265400528908,0.235827475786209,0.298034876585007,0.33943173289299,0.250791549682617,0.359671771526337,-0.0447480529546738,3,2008
521445,5452305,1,"unaffected",206,0.331365525722504,0.339325398206711,0.3171406686306,0.311341553926468,0.345094978809357,0.336157381534576,0.374451160430908,0.383386939764023,0.381412267684937,0.37616816163063,-0.0200239717960358,3,2008
501945,5449575,1,"unaffected",207,0.215574368834496,0.194853335618973,0.172352388501167,0.562086462974548,0.217984512448311,0.3869968354702,0.200534284114838,0.242182791233063,0.386925607919693,0.308618009090424,-0.0432219803333282,2,2007
504495,5476875,1,"unaffected",208,0.372364103794098,0.348350167274475,0.347999036312103,0.361883729696274,0.380851775407791,0.349371910095215,0.412874668836594,0.390701830387115,0.394623428583145,0.413716226816177,-0.0243650674819946,2,2007
519795,5479065,1,"unaffected",209,0.320107877254486,0.363171219825745,0.292444795370102,0.274448126554489,0.303206920623779,0.320353180170059,0.336732596158981,0.324945151805878,0.328985810279846,0.342326611280441,-0.045659750699997,3,2008
512445,5450115,1,"unaffected",210,0.293105363845825,0.310062199831009,0.32683601975441,0.338368773460388,0.349047660827637,0.342124819755554,0.355412751436234,0.432559490203857,0.372305810451508,0.541939795017242,0.0169568359851837,1,2006
522375,5445015,1,"unaffected",211,0.435518085956573,0.399073660373688,0.412688195705414,0.465231001377106,0.448374688625336,0.434457153081894,0.430615484714508,0.440828680992126,0.453196048736572,0.460141450166702,-0.0364444255828857,1,2006
531525,5448255,1,"unaffected",212,0.283985018730164,0.283388912677765,0.295473754405975,0.296583205461502,0.29155895113945,0.293124139308929,0.281091272830963,0.366704344749451,0.341779738664627,0.202571302652359,-0.00289374589920044,6,2011
491955,5488155,1,"unaffected",213,0.475350737571716,0.470660269260406,0.458496004343033,0.43570265173912,0.450061768293381,0.523396253585815,0.465210407972336,0.515141546726227,0.485534250736237,0.545584857463837,-0.0396480858325958,3,2008
524115,5448435,1,"unaffected",214,0.279370903968811,0.306869119405746,0.320582538843155,0.361502975225449,0.32022613286972,0.321117669343948,0.343685030937195,0.346311837434769,0.37778627872467,0.401614397764206,0.0274982154369354,1,2006
486135,5441025,1,"unaffected",215,0.5365030169487,0.528286874294281,0.501283526420593,0.517692744731903,0.55520635843277,0.563857793807983,0.556530475616455,0.527937829494476,0.537655711174011,0.539525926113129,-0.0352194905281067,2,2007
510855,5484855,1,"unaffected",216,0.472803801298141,0.51054459810257,0.509484529495239,0.466535985469818,0.488058656454086,0.502463698387146,0.531551659107208,0.539602041244507,0.554475367069244,0.534785449504852,-0.00626781582832336,3,2008
531045,5452965,1,"unaffected",217,0.382221162319183,0.400788992643356,0.415052175521851,0.410508424043655,0.388825535774231,0.383114576339722,0.421370714902878,0.404343843460083,0.430943429470062,0.43754854798317,0.00089341402053833,5,2010
481275,5474745,1,"unaffected",218,0.461505055427551,0.493623554706573,0.430297195911407,0.412763774394989,0.447092473506927,0.420801341533661,0.457733005285263,0.485509991645813,0.472797244787216,0.503929138183594,-0.0487412810325623,3,2008
484095,5465325,1,"unaffected",219,0.400071084499359,0.425930052995682,0.40642237663269,0.438520550727844,0.414858341217041,0.442680895328522,0.484501928091049,0.453628033399582,0.451235264539719,0.468883335590363,0.0063512921333313,2,2007
493065,5438715,1,"unaffected",220,0.236674591898918,0.221762299537659,0.238319888710976,0.267845660448074,0.226864621043205,0.233216926455498,0.247446089982986,0.272418200969696,0.244078233838081,0.318668782711029,-0.0149122923612595,1,2006
496305,5468205,1,"unaffected",221,0.28893831372261,0.343532562255859,0.311446875333786,0.396686375141144,0.328921884298325,0.344651818275452,0.368435800075531,0.30747726559639,0.322356283664703,0.43421459197998,0.0185389518737793,7,2013
503295,5484075,1,"unaffected",222,0.237543016672134,0.283595681190491,0.31990572810173,0.283429652452469,0.338372379541397,0.557857692241669,0.292114406824112,0.265540987253189,0.67024564743042,0.345731317996979,0.0279979705810547,7,2013
484485,5471055,1,"unaffected",223,0.429061204195023,0.452427744865417,0.467999547719955,0.455729633569717,0.451558232307434,0.51767086982727,0.496703863143921,0.512334167957306,0.515612840652466,0.522495627403259,0.0224970281124115,4,2009
486255,5452635,1,"unaffected",224,0.346000283956528,0.32655593752861,0.370452731847763,0.389183014631271,0.352738291025162,0.397183746099472,0.39272403717041,0.440601855516434,0.440733879804611,0.284478545188904,-0.0194443464279175,1,2006
488685,5449845,1,"unaffected",225,0.282138913869858,0.30544912815094,0.282751739025116,0.25643053650856,0.301960796117783,0.294695109128952,0.266676217317581,0.242002844810486,0.284924119710922,0.0978125184774399,-0.040136069059372,7,2013
508605,5474475,1,"unaffected",226,0.288411438465118,0.260142117738724,0.339133471250534,0.508518218994141,0.345664262771606,0.393158793449402,0.352538138628006,0.345371872186661,0.358890026807785,0.420259416103363,-0.0282693207263947,1,2006
481935,5448165,1,"unaffected",227,0.309549391269684,0.271767348051071,0.278973996639252,0.288999110460281,0.315327703952789,0.356469631195068,0.350891321897507,0.365916758775711,0.363197356462479,0.34935462474823,-0.0377820432186127,1,2006
487215,5456205,1,"unaffected",228,0.320024460554123,0.334032595157623,0.329382658004761,0.410185754299164,0.328809350728989,0.349401384592056,0.328195303678513,0.41092374920845,0.365246683359146,0.377798110246658,0.00817084312438965,6,2011
513165,5472765,1,"unaffected",229,0.374427318572998,0.411014914512634,0.401446968317032,0.464008092880249,0.361327558755875,0.377835214138031,0.378219038248062,0.45136433839798,0.469808340072632,0.393520593643188,-0.0130997598171234,4,2009
530535,5468865,1,"unaffected",230,0.203599721193314,0.195727571845055,0.195694595575333,0.238949432969093,0.340760469436646,0.323860108852386,0.491182208061218,0.310073792934418,0.368567168712616,0.342667758464813,-0.00790512561798096,2,2007
501195,5438685,1,"unaffected",231,0.377232432365417,0.337567299604416,0.340688824653625,0.339181900024414,0.39298865199089,0.3766188621521,0.362054169178009,0.398350864648819,0.39021560549736,0.38003870844841,-0.0396651327610016,1,2006
500985,5470215,1,"unaffected",232,0.2956123650074,0.288494527339935,0.286167591810226,0.402190685272217,0.364126831293106,0.34896844625473,0.298598557710648,0.357103228569031,0.459847748279572,0.40095528960228,-0.00944477319717407,2,2007
488175,5452665,1,"unaffected",233,0.408773213624954,0.386591285467148,0.386456280946732,0.381967604160309,0.370451033115387,0.394439071416855,0.434366464614868,0.435747891664505,0.430867195129395,0.453217059373856,-0.0383221805095673,4,2009
494565,5460885,1,"unaffected",234,0.239434376358986,0.288333237171173,0.22380618751049,0.246691077947617,0.236112371087074,0.258344531059265,0.205058604478836,0.209771066904068,0.281229376792908,0.345998138189316,-0.0343757718801498,6,2011
501555,5448045,1,"unaffected",235,0.40761125087738,0.379577279090881,0.432448595762253,0.379577189683914,0.422931432723999,0.447952330112457,0.430904120206833,0.486203402280807,0.467839032411575,0.537806212902069,-0.0280340611934662,3,2008
487365,5448495,1,"unaffected",236,0.318686485290527,0.289966076612473,0.290613174438477,0.318627715110779,0.371518790721893,0.276604741811752,0.35480272769928,0.314385443925858,0.311645537614822,0.353506743907928,-0.042081743478775,5,2010
482925,5457705,1,"unaffected",237,0.529922485351562,0.541980862617493,0.529872536659241,0.502201199531555,0.480437308549881,0.559156537055969,0.572256982326508,0.535879552364349,0.570331752300262,0.525804400444031,-0.0494851768016815,4,2009
504195,5460075,1,"unaffected",238,0.58267480134964,0.604648292064667,0.549489974975586,0.564406156539917,0.575762748718262,0.568292915821075,0.578872680664062,0.584715306758881,0.567232191562653,0.549301624298096,-0.033184826374054,2,2007
490125,5453385,1,"unaffected",239,0.312167853116989,0.345415115356445,0.288194328546524,0.323171496391296,0.314892619848251,0.388153314590454,0.332603484392166,0.325534015893936,0.356169641017914,0.336488157510757,-0.0239735245704651,2,2007
486165,5480685,1,"unaffected",240,0.212353304028511,0.223355561494827,0.216054260730743,0.249472811818123,0.26682785153389,0.223389744758606,0.238084614276886,0.266522526741028,0.265602767467499,0.325821757316589,0.00370095670223236,2,2007
490545,5441055,1,"unaffected",241,0.34855580329895,0.354705810546875,0.320341914892197,0.337325543165207,0.340749114751816,0.353411644697189,0.333781898021698,0.367414832115173,0.352833271026611,0.388115167617798,-0.0282138884067535,2,2007
485835,5484915,1,"unaffected",242,0.479595720767975,0.51516580581665,0.465631306171417,0.506874442100525,0.514397978782654,0.453626722097397,0.450094074010849,0.507434368133545,0.48831433057785,0.537067830562592,-0.0295016467571259,6,2011
503385,5458245,1,"unaffected",243,0.520237267017365,0.523520469665527,0.487793982028961,0.513816595077515,0.543035447597504,0.53638482093811,0.559457778930664,0.551685273647308,0.577636420726776,0.52114874124527,-0.0324432849884033,2,2007
523245,5475555,1,"unaffected",244,0.286783635616302,0.244200140237808,0.269682884216309,0.256629467010498,0.317965358495712,0.359052926301956,0.330040335655212,0.301502883434296,0.245305255055428,0.32592248916626,-0.0425834953784943,1,2006
513165,5462265,1,"unaffected",245,0.394073009490967,0.391265273094177,0.431919574737549,0.446024000644684,0.402596145868301,0.455512911081314,0.458003044128418,0.439951509237289,0.437037438154221,0.426877021789551,-0.00280773639678955,1,2006
523395,5443155,1,"unaffected",246,0.415703862905502,0.400628358125687,0.457558959722519,0.455532222986221,0.428002536296844,0.432480424642563,0.448275566101074,0.477381497621536,0.44524273276329,0.279526948928833,-0.0150755047798157,1,2006
529935,5445495,1,"unaffected",247,0.22694143652916,0.254746645689011,0.201652839779854,0.379528760910034,0.318820238113403,0.408986926078796,0.392247974872589,0.649317443370819,0.272037506103516,0.0733411461114883,-0.0252885967493057,2,2007
489315,5447445,1,"unaffected",248,0.356954783201218,0.349333077669144,0.327418714761734,0.332285195589066,0.350677818059921,0.364988386631012,0.367445260286331,0.392092555761337,0.384021490812302,0.447878271341324,-0.0295360684394836,2,2007
490305,5438505,1,"unaffected",249,0.331098824739456,0.317881971597672,0.317617654800415,0.326546102762222,0.323315382003784,0.333876252174377,0.35593318939209,0.353748917579651,0.331588745117188,0.292531102895737,-0.0134811699390411,2,2007
526935,5487555,1,"unaffected",250,0.437831521034241,0.434127867221832,0.454890638589859,0.510182559490204,0.500822126865387,0.44578805565834,0.476348429918289,0.447685390710831,0.446123480796814,0.47145614027977,-0.00370365381240845,1,2006
487035,5477115,2,"low",251,0.420678734779358,0.372714072465897,0.389854162931442,0.386028200387955,0.353136718273163,0.456407159566879,0.395267844200134,0.415536105632782,0.39285472035408,0.429140120744705,-0.0675420165061951,4,2009
508845,5448435,2,"low",252,0.358582764863968,0.300258666276932,0.303577661514282,0.316370964050293,0.304904758930206,0.370473235845566,0.348581463098526,0.330853819847107,0.330199062824249,0.0540393367409706,-0.0583240985870361,1,2006
495015,5451465,2,"low",253,0.333471983671188,0.333760023117065,0.314006239175797,0.37925973534584,0.319769710302353,0.31899031996727,0.310200393199921,0.326903223991394,0.277616083621979,0.414727479219437,-0.0558559000492096,8,2014
488025,5442255,2,"low",254,0.542929947376251,0.514599800109863,0.509833991527557,0.48581337928772,0.51005744934082,0.533334374427795,0.501128077507019,0.498120576143265,0.49535197019577,-0.0615388341248035,-0.0571165680885315,3,2008
494325,5449215,2,"low",255,0.248269811272621,0.191951498389244,0.193566113710403,0.212102368474007,0.223654717206955,0.299482703208923,0.254399240016937,0.279742121696472,0.290842682123184,0.263941913843155,-0.0563183128833771,1,2006
507825,5489475,2,"low",256,0.327891945838928,0.282430231571198,0.271317094564438,0.302405774593353,0.257692456245422,0.274671226739883,0.314648866653442,0.340900808572769,0.311436831951141,0.362259805202484,-0.0701994895935059,4,2009
506025,5456985,2,"low",257,0.282377749681473,0.208155706524849,0.279467523097992,0.285944789648056,0.354860812425613,0.27254530787468,0.283042430877686,0.299644947052002,0.293068885803223,0.334243655204773,-0.0742220431566238,1,2006
487095,5461005,2,"low",258,0.455308526754379,0.387511253356934,0.390955567359924,0.381091415882111,0.451116353273392,0.402099519968033,0.442863255739212,0.415913850069046,0.420367032289505,0.41985148191452,-0.0742171108722687,3,2008
495045,5472045,2,"low",259,0.406834781169891,0.409236073493958,0.404490083456039,0.339827477931976,0.458952158689499,0.437288552522659,0.421118140220642,0.447543889284134,0.435753405094147,0.491358876228333,-0.067007303237915,3,2008
503535,5439495,2,"low",260,0.327131003141403,0.297239661216736,0.288689911365509,0.296155571937561,0.315008729696274,0.289167404174805,0.276926547288895,0.313655525445938,0.269908040761948,0.307012170553207,-0.0572229623794556,8,2014
501225,5443635,2,"low",261,0.29766184091568,0.241968065500259,0.229426398873329,0.26170027256012,0.274318069219589,0.254451036453247,0.257990926504135,0.323837161064148,0.24496391415596,0.364760279655457,-0.0682354420423508,2,2007
512715,5465355,2,"low",262,0.320451200008392,0.363532453775406,0.364732474088669,0.268540918827057,0.398190051317215,0.284655123949051,0.284512966871262,0.318525850772858,0.337907671928406,0.32593622803688,-0.0519102811813354,3,2008
493095,5440755,2,"low",263,0.377885282039642,0.385722488164902,0.348165452480316,0.325422704219818,0.355965554714203,0.370916455984116,0.434091925621033,0.411499321460724,0.343931972980499,0.347886770963669,-0.0524625778198242,3,2008
525405,5466645,2,"low",264,0.271164536476135,0.250384211540222,0.197206929326057,0.256062299013138,0.230746209621429,0.216842576861382,0.26095849275589,0.30216446518898,0.205448195338249,0.317377477884293,-0.0739576071500778,2,2007
529155,5453805,2,"low",265,0.259870111942291,0.227202698588371,0.202032521367073,0.263238251209259,0.240142583847046,0.269778519868851,0.302909255027771,0.316353291273117,0.340721279382706,0.230121120810509,-0.0578375905752182,2,2007
486045,5470335,2,"low",266,0.534507215023041,0.52151221036911,0.496499598026276,0.50285279750824,0.548131883144379,0.5395827293396,0.462077170610428,0.527954280376434,0.502769768238068,0.479073375463486,-0.0724300444126129,6,2011
520695,5460795,2,"low",267,0.275183945894241,0.577325165271759,0.601867854595184,0.354487121105194,0.492537319660187,0.562131226062775,0.267071306705475,0.255477547645569,0.202359706163406,0.133224353194237,-0.072824239730835,8,2014
503295,5450535,2,"low",268,0.45746061205864,0.427353650331497,0.43271940946579,0.485894024372101,0.462019234895706,0.422196507453918,0.486611634492874,0.42572420835495,0.399841517210007,0.466350585222244,-0.0576190948486328,8,2014
513885,5466075,2,"low",269,0.379336029291153,0.371233582496643,0.354442685842514,0.349079847335815,0.323266446590424,0.372321516275406,0.372850090265274,0.332241326570511,0.365672141313553,0.373767882585526,-0.0560695827007294,4,2009
510645,5478585,2,"low",270,0.354856461286545,0.345598191022873,0.369136184453964,0.328017503023148,0.328238099813461,0.295929282903671,0.395433783531189,0.353516727685928,0.38816887140274,0.411326020956039,-0.0589271783828735,5,2010
510765,5477085,2,"low",271,0.464313119649887,0.438428521156311,0.43664687871933,0.394049346446991,0.454404652118683,0.409547924995422,0.475507616996765,0.498890429735184,0.474151045084,0.450838357210159,-0.0702637732028961,3,2008
506145,5478045,2,"low",272,0.422370046377182,0.40500608086586,0.347408324480057,0.404440253973007,0.455851942300797,0.439986556768417,0.439991444349289,0.402797013521194,0.621341943740845,0.432444155216217,-0.0749617218971252,2,2007
485235,5466645,2,"low",273,0.317440658807755,0.269754767417908,0.265249967575073,0.243942484259605,0.296594172716141,0.348526835441589,0.29913741350174,0.322573006153107,0.356181263923645,0.360608130693436,-0.0734981745481491,3,2008
531195,5448975,2,"low",274,0.259621173143387,0.292711943387985,0.203871324658394,0.334137439727783,0.250274389982224,0.335094273090363,0.288819819688797,0.365942656993866,0.402411907911301,0.130587458610535,-0.055749848484993,2,2007
520095,5451945,2,"low",275,0.562602937221527,0.505992531776428,0.549366056919098,0.509995758533478,0.54609739780426,0.556617438793182,0.603657007217407,0.627455830574036,0.590234875679016,0.601069152355194,-0.0566104054450989,1,2006
494625,5456955,2,"low",276,0.450624734163284,0.401205509901047,0.406106621026993,0.397983938455582,0.406985759735107,0.428574949502945,0.444782376289368,0.430107355117798,0.457890689373016,0.488646388053894,-0.0526407957077026,3,2008
491985,5471835,2,"low",277,0.398224055767059,0.381044000387192,0.332559853792191,0.397649735212326,0.4498530626297,0.363115936517715,0.411124736070633,0.453023821115494,0.478297919034958,0.475855529308319,-0.0656642019748688,2,2007
521595,5487705,2,"low",278,0.366508007049561,0.330664753913879,0.382628321647644,0.339443922042847,0.334628015756607,0.347854465246201,0.417387664318085,0.338005125522614,0.288706630468369,0.334477633237839,-0.077801376581192,8,2014
498165,5483355,2,"low",279,0.254067093133926,0.201500222086906,0.206823229789734,0.207495793700218,0.339811593294144,0.530391156673431,0.266218900680542,0.292761713266373,0.222480714321136,0.37633228302002,-0.05256687104702,1,2006
490695,5445825,2,"low",280,0.357707917690277,0.358598440885544,0.313631534576416,0.324117749929428,0.385995388031006,0.306914806365967,0.367115676403046,0.317797958850861,0.352153092622757,0.374496310949326,-0.0507931113243103,5,2010
509475,5476125,2,"low",281,0.388805121183395,0.354781001806259,0.365193963050842,0.379934072494507,0.364222288131714,0.325461775064468,0.373677372932434,0.434364885091782,0.401991605758667,0.368949323892593,-0.063343346118927,5,2010
503685,5469165,2,"low",282,0.335800170898438,0.282311975955963,0.290356874465942,0.369738012552261,0.39346781373024,0.362575262784958,0.309325009584427,0.401397883892059,0.804638803005219,0.44075158238411,-0.0534881949424744,1,2006
485175,5481075,2,"low",283,0.251666784286499,0.269265532493591,0.175648927688599,0.251358151435852,0.289307475090027,0.265898704528809,0.265513688325882,0.252537399530411,0.230894163250923,0.359674215316772,-0.0760178565979004,2,2007
499785,5441325,2,"low",284,0.457145184278488,0.447998017072678,0.422139018774033,0.41697683930397,0.475623160600662,0.392408162355423,0.41431799530983,0.48869863152504,0.483683437108994,0.494357019662857,-0.0647370219230652,5,2010
498945,5448915,2,"low",285,0.327575236558914,0.271296501159668,0.326768308877945,0.318546682596207,0.340059995651245,0.502525925636292,0.383028835058212,0.251412123441696,0.465314090251923,0.398525416851044,-0.076163113117218,7,2013
519885,5441175,2,"low",286,0.387462675571442,0.409554988145828,0.415777713060379,0.361873000860214,0.353136628866196,0.431838184595108,0.372291624546051,0.317717343568802,0.324340373277664,0.403060048818588,-0.0697453320026398,7,2013
499185,5465835,2,"low",287,0.319353461265564,0.320803701877594,0.296611487865448,0.293906211853027,0.318976670503616,0.349477410316467,0.352540880441666,0.365595996379852,0.249041512608528,0.377553462982178,-0.0703119486570358,8,2014
504765,5470425,2,"low",288,0.408141195774078,0.403222352266312,0.331997245550156,0.371919631958008,0.376436233520508,0.430868834257126,0.390457212924957,0.361396282911301,0.343646049499512,0.379806667566299,-0.0761439502239227,2,2007
489945,5451645,2,"low",289,0.313955545425415,0.31273365020752,0.252658039331436,0.245317429304123,0.274351596832275,0.334497153759003,0.315493583679199,0.323918491601944,0.342937856912613,0.36891832947731,-0.0686381161212921,3,2008
500115,5450565,2,"low",290,0.448897361755371,0.392230689525604,0.397369712591171,0.393604427576065,0.408710896968842,0.390765070915222,0.456566363573074,0.506697595119476,0.490663975477219,0.59235692024231,-0.0581322908401489,5,2010
511905,5438085,2,"low",291,0.535148799419403,0.526039361953735,0.534187316894531,0.48316279053688,0.544689118862152,0.594610691070557,0.549159646034241,0.569283783435822,0.549313127994537,0.549705803394318,-0.0519860088825226,3,2008
497265,5471805,2,"low",292,0.422619223594666,0.395681440830231,0.379855662584305,0.350345581769943,0.425557166337967,0.410201251506805,0.395834922790527,0.402824640274048,0.466757982969284,0.420391798019409,-0.0722736418247223,3,2008
517515,5443275,2,"low",293,0.487286478281021,0.461306005716324,0.483437865972519,0.453831762075424,0.429783433675766,0.44090723991394,0.519487738609314,0.530863165855408,0.541117250919342,0.510984480381012,-0.0575030446052551,4,2009
495075,5455095,2,"low",294,0.259849429130554,0.238373696804047,0.208266317844391,0.228224977850914,0.273081749677658,0.293384522199631,0.276459753513336,0.347801834344864,0.325666129589081,0.435558587312698,-0.0515831112861633,2,2007
509265,5439465,2,"low",295,0.349760591983795,0.346705615520477,0.315818965435028,0.286028534173965,0.366174101829529,0.344008296728134,0.345731467008591,0.379743754863739,0.391642063856125,0.414623856544495,-0.0637320578098297,3,2008
485325,5455245,2,"low",296,0.42131108045578,0.401618778705597,0.42014068365097,0.46275007724762,0.418089091777802,0.413329303264618,0.43436872959137,0.421334654092789,0.368096441030502,0.376452088356018,-0.0532146394252777,8,2014
513465,5464785,2,"low",297,0.240670278668404,0.239399597048759,0.231722429394722,0.236423209309578,0.203282669186592,0.178501471877098,0.243317112326622,0.303632885217667,0.31559807062149,0.288029491901398,-0.0621688067913055,5,2010
506355,5487765,2,"low",298,0.48018217086792,0.415445268154144,0.406847208738327,0.458853334188461,0.447553515434265,0.43171888589859,0.528151035308838,0.470659166574478,0.471788316965103,0.488167136907578,-0.0733349621295929,2,2007
524565,5461395,2,"low",299,0.364227205514908,0.357201218605042,0.370595753192902,0.379317671060562,0.305463373661041,0.34949067234993,0.374582469463348,0.359429210424423,0.426481485366821,0.360837668180466,-0.0587638318538666,4,2009
503625,5446785,2,"low",300,0.481809675693512,0.441596895456314,0.417137145996094,0.477516412734985,0.448049962520599,0.449481546878815,0.526852905750275,0.529494822025299,0.529179036617279,0.569960415363312,-0.0646725296974182,2,2007
523575,5477475,2,"low",301,0.413522988557816,0.425053507089615,0.445439219474792,0.441216558218002,0.358808249235153,0.367064923048019,0.41521430015564,0.453037887811661,0.476867973804474,0.462981015443802,-0.0547147393226624,4,2009
529485,5463495,2,"low",302,0.328732222318649,0.336522787809372,0.3364237844944,0.458877682685852,0.347301959991455,0.426990926265717,0.254356741905212,0.389172613620758,0.421717703342438,0.455977380275726,-0.0743754804134369,6,2011
484305,5466405,2,"low",303,0.357585549354553,0.313481777906418,0.297753393650055,0.302135288715363,0.291278272867203,0.382343947887421,0.334825694561005,0.379869997501373,0.339419573545456,0.371993035078049,-0.0663072764873505,4,2009
488115,5440965,2,"low",304,0.510096907615662,0.511268794536591,0.471792727708817,0.447448015213013,0.489206939935684,0.488463878631592,0.514809191226959,0.462975293397903,0.465964019298553,0.492629945278168,-0.0626488924026489,3,2008
516615,5441475,2,"low",305,0.293664932250977,0.220672607421875,0.302703052759171,0.301055043935776,0.310281693935394,0.292633414268494,0.323062002658844,0.28755322098732,0.312275469303131,0.367544531822205,-0.0729923248291016,1,2006
501855,5439255,2,"low",306,0.275771081447601,0.252460569143295,0.239815697073936,0.233147725462914,0.275718688964844,0.231731593608856,0.222330361604691,0.293244481086731,0.290091216564178,0.307330280542374,-0.0534407198429108,6,2011
498645,5467035,2,"low",307,0.211793124675751,0.18862472474575,0.228209763765335,0.271042168140411,0.232933029532433,0.576070785522461,0.161709949374199,0.239750519394875,0.611830592155457,0.313975811004639,-0.0500831753015518,6,2011
496515,5443845,2,"low",308,0.424843341112137,0.375100463628769,0.405930489301682,0.37159252166748,0.378797382116318,0.397866308689117,0.369408547878265,0.441021740436554,0.387301295995712,0.453453302383423,-0.0554347932338715,6,2011
522165,5445435,2,"low",309,0.273168981075287,0.229750126600266,0.269536823034286,0.23869651556015,0.207407906651497,0.224487796425819,0.268193304538727,0.293065965175629,0.263422906398773,0.334231913089752,-0.06576107442379,4,2009
519195,5484975,2,"low",310,0.4146888256073,0.421849220991135,0.40294736623764,0.35242035984993,0.400193870067596,0.380484342575073,0.380216807126999,0.402477324008942,0.383771061897278,0.38130709528923,-0.06226846575737,3,2008
502065,5483685,2,"low",311,0.413967072963715,0.468239665031433,0.338731020689011,0.345410108566284,0.476272493600845,0.460465103387833,0.423914909362793,0.343955993652344,0.422513991594315,0.337644875049591,-0.075236052274704,2,2007
482805,5472615,2,"low",312,0.235636010766029,0.251807481050491,0.239489302039146,0.177918687462807,0.228277191519737,0.285986721515656,0.24728898704052,0.262605160474777,0.240846931934357,0.287012577056885,-0.0577173233032227,3,2008
481035,5459415,2,"low",313,0.461824089288712,0.455754905939102,0.469000458717346,0.413676291704178,0.463474065065384,0.40971651673317,0.46554046869278,0.465706139802933,0.443474739789963,0.489740252494812,-0.052107572555542,5,2010
525675,5486295,2,"low",314,0.283743619918823,0.331384092569351,0.230773150920868,0.347939342260361,0.285215586423874,0.480599611997604,0.287182211875916,0.231997072696686,0.237243860960007,0.287111550569534,-0.0529704689979553,2,2007
508785,5488275,2,"low",315,0.225983083248138,0.216674596071243,0.196235656738281,0.181052476167679,0.220061480998993,0.169469341635704,0.212657079100609,0.249727010726929,0.197389528155327,0.233790531754494,-0.0565137416124344,5,2010
485235,5448165,2,"low",316,0.408439069986343,0.37908399105072,0.338520854711533,0.355820953845978,0.424246042966843,0.3977010846138,0.428375661373138,0.361510694026947,0.365440964698792,0.117322489619255,-0.0699182152748108,2,2007
490815,5449095,2,"low",317,0.431564807891846,0.371345788240433,0.419349372386932,0.391793608665466,0.47056981921196,0.495398312807083,0.470806747674942,0.428568154573441,0.48929300904274,0.45171645283699,-0.060219019651413,1,2006
501615,5488605,2,"low",318,0.350334525108337,0.330899089574814,0.301174193620682,0.283437788486481,0.408053398132324,0.465432465076447,0.363036036491394,0.341332197189331,0.300966411828995,0.202114433050156,-0.0668967366218567,3,2008
496785,5440035,2,"low",319,0.224682629108429,0.234579727053642,0.221843123435974,0.19666413962841,0.192246854305267,0.15915547311306,0.238316848874092,0.315592527389526,0.204134806990623,0.314225107431412,-0.065527155995369,5,2010
502425,5446275,2,"low",320,0.297989845275879,0.240381374955177,0.248444676399231,0.335707813501358,0.365905314683914,0.364918321371078,0.336926400661469,0.353425323963165,0.349097579717636,0.38242444396019,-0.0576084703207016,1,2006
498225,5468145,2,"low",321,0.329562306404114,0.298493415117264,0.3328737616539,0.457606792449951,0.33476796746254,0.359663069248199,0.270599544048309,0.29752516746521,0.473281741142273,0.398136734962463,-0.0589627623558044,6,2011
509745,5445675,2,"low",322,0.417369872331619,0.352741092443466,0.399143636226654,0.416615039110184,0.403136104345322,0.430062472820282,0.435862213373184,0.462624937295914,0.4587222635746,-0.00661457935348153,-0.0646287798881531,1,2006
483675,5464965,2,"low",323,0.448513209819794,0.463099807500839,0.458326011896133,0.440783113241196,0.394484043121338,0.443030774593353,0.505630612373352,0.515595436096191,0.472061544656754,0.453550428152084,-0.0540291666984558,4,2009
504165,5474895,2,"low",324,0.504453659057617,0.51240074634552,0.507469832897186,0.430030673742294,0.539457857608795,0.535970330238342,0.531564593315125,0.557293891906738,0.515227496623993,0.532903432846069,-0.0744229853153229,3,2008
484065,5440815,2,"low",325,0.459017664194107,0.383894622325897,0.429023504257202,0.427633196115494,0.442952424287796,0.457584321498871,0.443659573793411,0.456661850214005,0.4829520881176,0.466857880353928,-0.0751230418682098,1,2006
488895,5450565,2,"low",326,0.410753279924393,0.354409724473953,0.380730658769608,0.421392649412155,0.438301026821136,0.446655333042145,0.42967364192009,0.423478901386261,0.405560106039047,0.0540853515267372,-0.0563435554504395,1,2006
482715,5462835,2,"low",327,0.412888556718826,0.406440019607544,0.409473657608032,0.39836797118187,0.360127300024033,0.431596666574478,0.450885593891144,0.426511824131012,0.406651556491852,0.427835136651993,-0.0527612566947937,4,2009
505035,5459415,2,"low",328,0.447878509759903,0.369840353727341,0.395599573850632,0.383594661951065,0.454030871391296,0.428179889917374,0.452670454978943,0.53626823425293,0.495699673891068,0.522165179252625,-0.0780381560325623,1,2006
487665,5471835,2,"low",329,0.360149264335632,0.396765530109406,0.335838913917542,0.287653654813766,0.323758184909821,0.350395143032074,0.31816703081131,0.402826875448227,0.340059846639633,0.401557326316833,-0.0724956095218658,3,2008
486645,5440455,2,"low",330,0.365408718585968,0.383159786462784,0.353605568408966,0.388492405414581,0.311711221933365,0.313206911087036,0.361086428165436,0.335894107818604,0.306220561265945,0.207728415727615,-0.0591881573200226,8,2014
482775,5487765,2,"low",331,0.301923424005508,0.290581375360489,0.249810755252838,0.28906124830246,0.240683034062386,0.299810975790024,0.30952051281929,0.291277557611465,0.290349662303925,0.284257709980011,-0.0612403899431229,4,2009
504105,5446995,2,"low",332,0.299344271421432,0.230771213769913,0.233297497034073,0.305513948202133,0.31805345416069,0.305550187826157,0.291424334049225,0.363575905561447,0.365192621946335,0.426398247480392,-0.0685730576515198,1,2006
522705,5464455,2,"low",333,0.253448396921158,0.237555325031281,0.199920326471329,0.245747312903404,0.240266069769859,0.240583926439285,0.251818299293518,0.258431375026703,0.264480978250504,0.259263753890991,-0.0535280704498291,2,2007
491985,5454075,2,"low",334,0.333991885185242,0.280658006668091,0.270710706710815,0.262147188186646,0.294702410697937,0.26387882232666,0.279133766889572,0.307683646678925,0.313624531030655,0.338947087526321,-0.0718446969985962,3,2008
504795,5467965,2,"low",335,0.290943801403046,0.272944062948227,0.23628294467926,0.26994988322258,0.319776445627213,0.26598060131073,0.281494736671448,0.284184783697128,0.251240521669388,0.274226158857346,-0.0546608567237854,2,2007
492705,5450295,2,"low",336,0.406652271747589,0.347710758447647,0.340256094932556,0.350592970848083,0.417048186063766,0.435624271631241,0.486090660095215,0.432584494352341,0.53523200750351,0.488553702831268,-0.066396176815033,2,2007
524805,5462205,2,"low",337,0.275772243738174,0.265371918678284,0.226879864931107,0.255664974451065,0.22329081594944,0.225984841585159,0.249773323535919,0.239781156182289,0.27116933465004,0.198006480932236,-0.0524814277887344,4,2009
506925,5473305,2,"low",338,0.377179354429245,0.329703778028488,0.319120824337006,0.435406923294067,0.406647056341171,0.365525275468826,0.395839691162109,0.410109132528305,0.416384160518646,0.441324770450592,-0.0580585300922394,2,2007
511425,5463915,2,"low",339,0.34985339641571,0.3288314640522,0.296432793140411,0.294175952672958,0.294920951128006,0.322162747383118,0.308734506368637,0.400674611330032,0.418552219867706,0.372451782226562,-0.0556774437427521,3,2008
528915,5439705,2,"low",340,0.315133988857269,0.298488527536392,0.309906423091888,0.241853788495064,0.321465045213699,0.383429259061813,0.317748069763184,0.387927353382111,0.348372012376785,0.303007125854492,-0.0732802003622055,3,2008
513255,5460525,2,"low",341,0.255575954914093,0.231414631009102,0.234704971313477,0.18884901702404,0.211133480072021,0.191757649183273,0.215176001191139,0.24429227411747,0.211084485054016,0.307666063308716,-0.0667269378900528,3,2008
514305,5446425,2,"low",342,0.218582928180695,0.153077214956284,0.161787465214729,0.260949432849884,0.237110942602158,0.24703474342823,0.201295331120491,0.242255374789238,0.160936236381531,0.280495375394821,-0.065505713224411,1,2006
502815,5462505,2,"low",343,0.214208230376244,0.170317426323891,0.16292105615139,0.177673533558846,0.209191963076591,0.161691784858704,0.175144821405411,0.188065201044083,0.262472748756409,0.291931718587875,-0.05251644551754,5,2010
489525,5466915,2,"low",344,0.357037961483002,0.394487708806992,0.292383015155792,0.344381630420685,0.429306238889694,0.403932303190231,0.339205741882324,0.36888313293457,0.356334507465363,0.469005197286606,-0.0646549463272095,2,2007
497565,5483325,2,"low",345,0.258581519126892,0.256074637174606,0.250395208597183,0.256670773029327,0.277822583913803,0.21892237663269,0.187345147132874,0.248598024249077,0.186249285936356,0.413703411817551,-0.0723322331905365,8,2014
507675,5452755,2,"low",346,0.461040496826172,0.395260095596313,0.430698037147522,0.446301370859146,0.442570775747299,0.44877701997757,0.484130203723907,0.498225063085556,0.50076562166214,0.53191477060318,-0.0657804012298584,1,2006
521955,5465415,2,"low",347,0.447066456079483,0.396530270576477,0.405782639980316,0.417594015598297,0.423662722110748,0.383195698261261,0.439436256885529,0.456314772367477,0.416304171085358,0.411826908588409,-0.063870757818222,5,2010
490515,5448225,2,"low",348,0.270214885473251,0.219439253211021,0.218562126159668,0.25658968091011,0.250204056501389,0.267937302589417,0.213944554328918,0.284228980541229,0.295845717191696,0.282758474349976,-0.0562703311443329,6,2011
495735,5443395,2,"low",349,0.447295129299164,0.447625517845154,0.424618363380432,0.39435276389122,0.433870911598206,0.463094234466553,0.417606860399246,0.390353620052338,0.38483276963234,0.411589354276657,-0.0624623596668243,8,2014
511065,5488935,2,"low",350,0.357990980148315,0.376722782850266,0.380614191293716,0.386979460716248,0.302536725997925,0.340329170227051,0.363677054643631,0.370262861251831,0.391686737537384,0.352402061223984,-0.0554542541503906,4,2009
487905,5458305,2,"low",351,0.416435033082962,0.38682234287262,0.411852896213531,0.365010499954224,0.405228644609451,0.463298738002777,0.455581665039062,0.478170365095139,0.44537353515625,0.434652537107468,-0.0514245331287384,3,2008
509085,5476785,2,"low",352,0.323367476463318,0.311980664730072,0.258079677820206,0.294454276561737,0.312196731567383,0.263647556304932,0.263919800519943,0.33223769068718,0.262397915124893,0.299239784479141,-0.0652877986431122,2,2007
498135,5473395,2,"low",353,0.299582988023758,0.296518385410309,0.23396860063076,0.253851354122162,0.261803328990936,0.237511560320854,0.280564367771149,0.294568419456482,0.277099072933197,0.320737719535828,-0.0656143873929977,2,2007
512505,5463615,2,"low",354,0.365136325359344,0.358477175235748,0.363792926073074,0.34771728515625,0.288955628871918,0.322114795446396,0.332391828298569,0.369720667600632,0.34729591012001,0.315880119800568,-0.0761806964874268,4,2009
519675,5477685,2,"low",355,0.240748450160027,0.209243148565292,0.18933579325676,0.193567186594009,0.226131170988083,0.227265700697899,0.239599823951721,0.307986319065094,0.259571850299835,0.349634110927582,-0.0514126569032669,2,2007
531645,5448915,2,"low",356,0.347645550966263,0.30900451540947,0.273583471775055,0.346455484628677,0.359263956546783,0.339081287384033,0.330774039030075,0.366357266902924,0.372829914093018,0.219808354973793,-0.0740620791912079,2,2007
503205,5461485,2,"low",357,0.596399009227753,0.571759343147278,0.569490432739258,0.563622176647186,0.55391401052475,0.532681047916412,0.603570640087128,0.569410562515259,0.586198031902313,0.574734568595886,-0.0637179613113403,5,2010
501375,5473335,2,"low",358,0.43481108546257,0.411118805408478,0.4023377597332,0.424861401319504,0.378286689519882,0.468523234128952,0.458762586116791,0.446253597736359,0.50955468416214,0.481340259313583,-0.056524395942688,4,2009
494265,5464575,2,"low",359,0.298886597156525,0.286991119384766,0.225366368889809,0.293199211359024,0.285332441329956,0.323835343122482,0.293904095888138,0.293662667274475,0.286208182573318,0.29477733373642,-0.073520228266716,2,2007
485565,5488815,2,"low",360,0.451000243425369,0.473986327648163,0.377936780452728,0.39306104183197,0.398339509963989,0.38662600517273,0.426718086004257,0.410055249929428,0.377518892288208,0.414342224597931,-0.0734813511371613,8,2014
505305,5472345,2,"low",361,0.496781498193741,0.487268686294556,0.443537801504135,0.477425873279572,0.468713313341141,0.449177712202072,0.477699637413025,0.44827476143837,0.479151636362076,0.464810490608215,-0.0532436966896057,2,2007
495435,5471535,2,"low",362,0.458920001983643,0.456185907125473,0.387328386306763,0.390504151582718,0.466176182031631,0.45880064368248,0.426452368497849,0.422679603099823,0.401503622531891,0.425292044878006,-0.0715916156768799,2,2007
502785,5482695,2,"low",363,0.286673247814178,0.228273525834084,0.242305636405945,0.240344896912575,0.263165533542633,0.271158188581467,0.271357804536819,0.252781093120575,0.339533746242523,0.302009135484695,-0.0583997219800949,1,2006
511395,5464485,2,"low",364,0.347911059856415,0.36025071144104,0.317124575376511,0.316617459058762,0.295620381832123,0.310262024402618,0.352071732282639,0.381162375211716,0.38703390955925,0.418694913387299,-0.052290678024292,4,2009
499605,5443755,2,"low",365,0.281850695610046,0.246634915471077,0.273365527391434,0.313461750745773,0.290254473686218,0.265008747577667,0.218333452939987,0.313619762659073,0.297556966543198,0.389959871768951,-0.0635172426700592,6,2011
522945,5460855,2,"low",366,0.243524938821793,0.704864680767059,0.528782665729523,0.681923031806946,0.328429251909256,0.430209040641785,0.374702453613281,0.178205519914627,0.235534563660622,0.161425203084946,-0.0653194189071655,7,2013
482265,5476815,2,"low",367,0.456842303276062,0.44327837228775,0.396267414093018,0.45766818523407,0.471110671758652,0.38426062464714,0.468617230653763,0.478955447673798,0.453968107700348,0.496882915496826,-0.0725816786289215,5,2010
506715,5447055,2,"low",368,0.395632445812225,0.327977895736694,0.348687469959259,0.405538558959961,0.465462744235992,0.438979536294937,0.378872394561768,0.413699448108673,0.433773696422577,0.458461403846741,-0.067654550075531,1,2006
524565,5441715,2,"low",369,0.483879566192627,0.479344099760056,0.43260133266449,0.457611054182053,0.441387116909027,0.512954652309418,0.459745645523071,0.447699636220932,0.450460165739059,0.463415294885635,-0.0512782335281372,2,2007
485265,5455845,2,"low",370,0.439218938350677,0.384898722171783,0.449128985404968,0.424061238765717,0.423264056444168,0.393911808729172,0.457753151655197,0.425238162279129,0.394159018993378,0.38696950674057,-0.054320216178894,1,2006
522675,5449575,2,"low",371,0.256714433431625,0.258702307939529,0.185637414455414,0.213281884789467,0.225280731916428,0.32455962896347,0.261343091726303,0.284962296485901,0.271807968616486,0.303449213504791,-0.0710770189762115,2,2007
528285,5472795,2,"low",372,0.244869813323021,0.23356905579567,0.205601900815964,0.240749731659889,0.186510413885117,0.244944781064987,0.183476969599724,0.248374179005623,0.265479624271393,0.324841231107712,-0.0613928437232971,6,2011
517635,5441745,2,"low",373,0.423968553543091,0.378950029611588,0.414093554019928,0.412135452032089,0.386798679828644,0.403334408998489,0.401835292577744,0.34844383597374,0.348665297031403,0.383318543434143,-0.0755247175693512,7,2013
522015,5464395,2,"low",374,0.300841122865677,0.276624858379364,0.299155563116074,0.316686868667603,0.260673880577087,0.250111907720566,0.266195625066757,0.309199959039688,0.288454920053482,0.211920008063316,-0.0507292151451111,5,2010
499815,5471865,2,"low",375,0.361252278089523,0.288176745176315,0.316610455513,0.329430758953094,0.367168873548508,0.411896914243698,0.392902731895447,0.398005485534668,0.406172752380371,0.442019313573837,-0.073075532913208,1,2006
499545,5459145,2,"low",376,0.354801654815674,0.326931297779083,0.297317236661911,0.350336283445358,0.375252783298492,0.327224493026733,0.378403723239899,0.389065831899643,0.394830763339996,0.426549732685089,-0.0574844181537628,2,2007
489435,5458245,2,"low",377,0.364080369472504,0.375817507505417,0.350673943758011,0.294097125530243,0.363753318786621,0.397290676832199,0.417793601751328,0.456773638725281,0.422764837741852,0.479187607765198,-0.0699832439422607,3,2008
512805,5442345,2,"low",378,0.476895540952682,0.457460463047028,0.404070615768433,0.424755573272705,0.488459885120392,0.473582983016968,0.468545407056808,0.440617501735687,0.450727552175522,-0.0139612425118685,-0.0728249251842499,2,2007
507705,5446305,2,"low",379,0.437630891799927,0.376683950424194,0.417002737522125,0.435625225305557,0.43465068936348,0.381041884422302,0.445142596960068,0.465514779090881,0.501274049282074,0.510295748710632,-0.0609469413757324,1,2006
521805,5454435,2,"low",380,0.278649210929871,0.271138191223145,0.261148750782013,0.261118799448013,0.244162425398827,0.260311782360077,0.224571242928505,0.298682630062103,0.302628636360168,0.240794822573662,-0.0540779680013657,6,2011
481185,5458155,2,"low",381,0.324633568525314,0.304783999919891,0.264252632856369,0.328928589820862,0.371182143688202,0.307549029588699,0.323689758777618,0.357585817575455,0.274904072284698,0.400034129619598,-0.0603809356689453,2,2007
496455,5458605,2,"low",382,0.256506562232971,0.207015842199326,0.234211951494217,0.224740549921989,0.218299955129623,0.295086920261383,0.198977202177048,0.218082785606384,0.317303389310837,0.311442017555237,-0.0575293600559235,6,2011
490725,5469255,2,"low",383,0.344741940498352,0.337305545806885,0.287316590547562,0.305209785699844,0.345950573682785,0.358508378267288,0.304081797599792,0.344976723194122,0.340740889310837,0.397330015897751,-0.0574253499507904,2,2007
496875,5438175,2,"low",384,0.263236701488495,0.220441684126854,0.217658922076225,0.215158075094223,0.243401035666466,0.233571171760559,0.258072972297668,0.193509474396706,0.185984879732132,0.268563240766525,-0.0772518217563629,8,2014
510255,5462925,2,"low",385,0.539769113063812,0.500251770019531,0.480722397565842,0.537346959114075,0.491809993982315,0.479791611433029,0.573354244232178,0.563353359699249,0.561109244823456,0.535385608673096,-0.0599775016307831,5,2010
504315,5476515,2,"low",386,0.500728845596313,0.498851925134659,0.480082154273987,0.433879733085632,0.488865971565247,0.449891686439514,0.490761429071426,0.533994615077972,0.512966871261597,0.561194241046906,-0.0668491125106812,3,2008
488505,5440485,2,"low",387,0.467850118875504,0.446761786937714,0.467111229896545,0.492303967475891,0.450511932373047,0.504940152168274,0.417560756206512,0.452227741479874,0.454205065965652,0.465578973293304,-0.0502893626689911,6,2011
529155,5488665,2,"low",388,0.335704028606415,0.284655272960663,0.30605736374855,0.300770789384842,0.316846132278442,0.338285177946091,0.306840717792511,0.335252404212952,0.311724454164505,0.368003785610199,-0.051048755645752,1,2006
506115,5446665,2,"low",389,0.332793831825256,0.26642519235611,0.283797740936279,0.295646578073502,0.313652247190475,0.282502472400665,0.296618819236755,0.321997076272964,0.360519230365753,0.352568238973618,-0.0663686394691467,1,2006
504075,5456685,2,"low",390,0.292411267757416,0.252249479293823,0.246022507548332,0.269469499588013,0.26055571436882,0.241373792290688,0.300580650568008,0.25498640537262,0.600602507591248,0.348343759775162,-0.0510374754667282,5,2010
523605,5480865,2,"low",391,0.341107934713364,0.348694145679474,0.311780452728271,0.317508041858673,0.365707844495773,0.305963933467865,0.305204659700394,0.283957868814468,0.263297259807587,0.312421679496765,-0.077810674905777,8,2014
507765,5458485,2,"low",392,0.304140686988831,0.255439251661301,0.27084669470787,0.357253462076187,0.277202427387238,0.231569662690163,0.310575217008591,0.279651284217834,0.246567860245705,0.306978195905685,-0.0725710242986679,5,2010
493485,5443875,2,"low",393,0.511313736438751,0.541601657867432,0.457517087459564,0.518496930599213,0.545077443122864,0.53191614151001,0.545407116413116,0.491725027561188,0.481076091527939,0.523005127906799,-0.053796648979187,2,2007
507435,5461215,2,"low",394,0.457018494606018,0.383998066186905,0.427330285310745,0.429638177156448,0.410249888896942,0.405029207468033,0.473188191652298,0.477002829313278,0.475446403026581,0.50152188539505,-0.0730204284191132,1,2006
509175,5478645,2,"low",395,0.243710771203041,0.30434861779213,0.264868885278702,0.264203310012817,0.314513713121414,0.173715174198151,0.354626715183258,0.268427401781082,0.317414939403534,0.276004314422607,-0.0699955970048904,5,2010
515475,5450505,2,"low",396,0.432200402021408,0.460355162620544,0.389327824115753,0.577512204647064,0.458244055509567,0.3598453104496,0.426913201808929,0.394369065761566,0.676481246948242,0.438221275806427,-0.0723550915718079,5,2010
493485,5458425,2,"low",397,0.308604031801224,0.296722412109375,0.297556638717651,0.271520495414734,0.245445862412453,0.238059639930725,0.278216868638992,0.304459244012833,0.29363551735878,0.330530017614365,-0.0705443918704987,5,2010
497535,5457015,2,"low",398,0.302845478057861,0.299922257661819,0.264655828475952,0.252441078424454,0.287437677383423,0.279238224029541,0.276103377342224,0.281704246997833,0.310821831226349,0.351890802383423,-0.0504043996334076,3,2008
502725,5439135,2,"low",399,0.360229969024658,0.336055338382721,0.308430045843124,0.360380113124847,0.382541418075562,0.401633679866791,0.399624317884445,0.479989349842072,0.405717611312866,0.517908930778503,-0.0517999231815338,2,2007
485025,5470125,2,"low",400,0.55162388086319,0.529875695705414,0.504174947738647,0.498573184013367,0.515409767627716,0.541329145431519,0.511982500553131,0.513827204704285,0.52170717716217,0.481186926364899,-0.053050696849823,3,2008
504225,5467065,2,"low",401,0.36101645231247,0.380431979894638,0.341811299324036,0.361085593700409,0.313382476568222,0.308425694704056,0.318360447883606,0.333553612232208,0.312052994966507,0.343686372041702,-0.0525907576084137,5,2010
501435,5448105,2,"low",402,0.402532756328583,0.343028128147125,0.353027075529099,0.341212809085846,0.332539886236191,0.411872863769531,0.385005235671997,0.424771666526794,0.350760728120804,0.44960343837738,-0.069992870092392,4,2009
524535,5454585,2,"low",403,0.362860321998596,0.436939686536789,0.385703384876251,0.478050112724304,0.399646431207657,0.350552618503571,0.431757420301437,0.285349488258362,0.336835443973541,0.406503587961197,-0.0775108337402344,7,2013
513465,5465505,2,"low",404,0.23063562810421,0.211865499615669,0.173896849155426,0.157681837677956,0.21910685300827,0.185724228620529,0.2004504352808,0.241387188434601,0.266830533742905,0.317647635936737,-0.0729537904262543,3,2008
525945,5486685,2,"low",405,0.399527132511139,0.359610795974731,0.334507495164871,0.322750627994537,0.449311405420303,0.365318268537521,0.439377695322037,0.410991668701172,0.430038869380951,0.411013603210449,-0.0767765045166016,3,2008
518745,5479275,2,"low",406,0.353492856025696,0.344967156648636,0.314190208911896,0.281434148550034,0.290982693433762,0.312838733196259,0.312674969434738,0.339340090751648,0.310039848089218,0.303565233945847,-0.0720587074756622,3,2008
525795,5484735,2,"low",407,0.375329196453094,0.3895682990551,0.305048674345016,0.343605369329453,0.340331703424454,0.396204501390457,0.363152295351028,0.330827355384827,0.326720684766769,0.350757420063019,-0.070280522108078,2,2007
494505,5465535,2,"low",408,0.434957712888718,0.450652062892914,0.384534984827042,0.416104763746262,0.475198090076447,0.406145989894867,0.427803844213486,0.436174005270004,0.430277436971664,0.441190123558044,-0.050422728061676,2,2007
502065,5450955,2,"low",409,0.318386197090149,0.254337787628174,0.293685138225555,0.475665509700775,0.268083512783051,0.2508285343647,0.273727834224701,0.30448591709137,0.321110755205154,0.313679605722427,-0.0675576627254486,5,2010
509535,5467305,2,"low",410,0.466590225696564,0.420623809099197,0.424706071615219,0.456600099802017,0.412396460771561,0.443655014038086,0.466699212789536,0.462484508752823,0.461302101612091,0.483066767454147,-0.054193764925003,4,2009
518025,5440815,2,"low",411,0.395370095968246,0.329387277364731,0.413395047187805,0.43470299243927,0.402551114559174,0.387269705533981,0.363994121551514,0.381840586662292,0.401013821363449,0.389677941799164,-0.0659828186035156,1,2006
516915,5459505,2,"low",412,0.379664599895477,0.37164905667305,0.375813901424408,0.327387183904648,0.36674627661705,0.315365582704544,0.307932645082474,0.386027842760086,0.340577363967896,0.404326349496841,-0.0717319548130035,6,2011
506325,5476005,2,"low",413,0.451545774936676,0.387914150953293,0.420443117618561,0.4318807721138,0.434577077627182,0.437318056821823,0.415121406316757,0.477144598960876,0.469907432794571,0.491718888282776,-0.0636316239833832,1,2006
509715,5486895,2,"low",414,0.439579695463181,0.412804067134857,0.416764169931412,0.364167928695679,0.40023472905159,0.470222324132919,0.425373673439026,0.478740721940994,0.488626480102539,0.443371921777725,-0.0754117667675018,3,2008
488115,5487225,2,"low",415,0.292022138834,0.234913676977158,0.26879158616066,0.414393305778503,0.407135277986526,0.331651479005814,0.350344181060791,0.299762785434723,0.392576664686203,0.376099824905396,-0.057108461856842,1,2006
507105,5476215,2,"low",416,0.48932883143425,0.443280339241028,0.465942919254303,0.428147166967392,0.48280531167984,0.44516932964325,0.494988948106766,0.527501463890076,0.51639050245285,0.503137826919556,-0.0611816644668579,3,2008
521325,5483175,2,"low",417,0.529049515724182,0.583819508552551,0.519019961357117,0.467272192239761,0.550649464130402,0.494173735380173,0.573964595794678,0.514145910739899,0.515892744064331,0.506673097610474,-0.0617773234844208,3,2008
502995,5460165,2,"low",418,0.579220294952393,0.559976696968079,0.517070174217224,0.504973828792572,0.526575326919556,0.54890912771225,0.590465664863586,0.556427657604218,0.530540585517883,0.554627954959869,-0.0742464661598206,3,2008
510375,5440665,2,"low",419,0.32516211271286,0.272296488285065,0.271826654672623,0.283177256584167,0.258456826210022,0.268931537866592,0.255983650684357,0.292901545763016,0.292799293994904,0.034854281693697,-0.0691784620285034,6,2011
513525,5461515,2,"low",420,0.383502542972565,0.363818645477295,0.308719515800476,0.318182826042175,0.371218830347061,0.338630974292755,0.392121762037277,0.390290945768356,0.360159277915955,0.366847336292267,-0.0747830271720886,2,2007
504945,5485845,2,"low",421,0.212627679109573,0.224663615226746,0.15005898475647,0.216287419199944,0.224020004272461,0.311059594154358,0.236943647265434,0.221746534109116,0.250708788633347,0.249238714575768,-0.0625686943531036,2,2007
517455,5439825,2,"low",422,0.375673472881317,0.322153121232986,0.377126812934875,0.554399132728577,0.311428755521774,0.413993656635284,0.379279494285583,0.491196542978287,0.428824663162231,0.396155685186386,-0.0642447173595428,4,2009
529275,5446965,2,"low",423,0.443050682544708,0.433703750371933,0.45188581943512,0.483289450407028,0.420479416847229,0.389844954013824,0.456425130367279,0.47117155790329,0.472604542970657,0.461708605289459,-0.0532057285308838,5,2010
519465,5489025,2,"low",424,0.368498086929321,0.362956941127777,0.33954456448555,0.35374191403389,0.351957678794861,0.300183713436127,0.370250821113586,0.33948090672493,0.327428787946701,0.364043474197388,-0.0683143734931946,5,2010
483105,5467725,2,"low",425,0.343443781137466,0.343273907899857,0.27275025844574,0.313159704208374,0.316144198179245,0.332799911499023,0.312498390674591,0.336678713560104,0.312560677528381,0.342023611068726,-0.0706935226917267,2,2007
487845,5448555,2,"low",426,0.350773125886917,0.303432255983353,0.280091434717178,0.36039787530899,0.344134718179703,0.293035805225372,0.295798480510712,0.349556118249893,0.353196412324905,0.35333377122879,-0.0706816911697388,2,2007
489105,5461155,2,"low",427,0.35290789604187,0.280303329229355,0.296230256557465,0.34991329908371,0.416766494512558,0.29482102394104,0.347980171442032,0.318852514028549,0.367698013782501,0.299983441829681,-0.0726045668125153,1,2006
494535,5460315,2,"low",428,0.296441316604614,0.308215022087097,0.228392943739891,0.346904903650284,0.311417430639267,0.29798549413681,0.284300118684769,0.271620184183121,0.301611870527267,0.343718588352203,-0.0680483728647232,2,2007
487755,5443215,2,"low",429,0.525881052017212,0.491424530744553,0.499871402978897,0.452087044715881,0.49928605556488,0.538471877574921,0.49424609541893,0.50536572933197,0.480284333229065,0.203138515353203,-0.0737940073013306,3,2008
499635,5442525,2,"low",430,0.423715889453888,0.373909145593643,0.358964651823044,0.383757650852203,0.435964554548264,0.397094428539276,0.470258891582489,0.484592199325562,0.47141045331955,0.539030075073242,-0.0647512376308441,2,2007
489165,5485155,2,"low",431,0.329343318939209,0.360322266817093,0.28210523724556,0.338714748620987,0.334748655557632,0.268148839473724,0.308540433645248,0.304332822561264,0.349660366773605,0.364495784044266,-0.0611944794654846,5,2010
501945,5474685,2,"low",432,0.567748427391052,0.561134517192841,0.497620493173599,0.507745087146759,0.603562355041504,0.58420193195343,0.572194576263428,0.556273102760315,0.539073765277863,0.540224254131317,-0.070127934217453,2,2007
481095,5458335,2,"low",433,0.306076198816299,0.245391234755516,0.24501533806324,0.313886731863022,0.241475135087967,0.261577427387238,0.319696307182312,0.341173559427261,0.246149227023125,0.385292291641235,-0.0646010637283325,4,2009
510045,5470035,2,"low",434,0.236463859677315,0.205262318253517,0.200197324156761,0.208333924412727,0.169609114527702,0.162814050912857,0.248600155115128,0.271407067775726,0.251917332410812,0.307040005922318,-0.0736498087644577,5,2010
514755,5457045,2,"low",435,0.214673683047295,0.217600494623184,0.218525528907776,0.166581854224205,0.248410016298294,0.245259895920753,0.228492572903633,0.249663546681404,0.158210799098015,0.292156100273132,-0.0564628839492798,8,2014
517515,5440365,2,"low",436,0.410080283880234,0.342761516571045,0.417219668626785,0.405524849891663,0.392958581447601,0.347203612327576,0.396525740623474,0.418033689260483,0.404384315013885,0.430608630180359,-0.0673187673091888,1,2006
481425,5449245,2,"low",437,0.220677703619003,0.195841997861862,0.16406574845314,0.203047841787338,0.171008080244064,0.238758608698845,0.220387622714043,0.22608394920826,0.237552464008331,0.234591141343117,-0.056611955165863,2,2007
516945,5485005,2,"low",438,0.364752680063248,0.341819167137146,0.342689275741577,0.342751145362854,0.337464034557343,0.329590529203415,0.381444275379181,0.327763050794601,0.312249153852463,0.37097430229187,-0.0525035262107849,8,2014
494325,5467575,2,"low",439,0.366582751274109,0.310752719640732,0.341213077306747,0.366278976202011,0.335543304681778,0.362676024436951,0.385050892829895,0.418051034212112,0.320530623197556,0.440188080072403,-0.0558300316333771,1,2006
487215,5449605,2,"low",440,0.450658619403839,0.437702059745789,0.397927850484848,0.416267693042755,0.423288702964783,0.44068056344986,0.448788732290268,0.407617479562759,0.420569807291031,0.449378073215485,-0.0527307689189911,2,2007
519795,5479515,2,"low",441,0.297083914279938,0.29536110162735,0.260915786027908,0.221791878342628,0.249504610896111,0.268679261207581,0.245367988944054,0.283556580543518,0.243627801537514,0.276897251605988,-0.0752920359373093,3,2008
528705,5480925,2,"low",442,0.315715849399567,0.394712090492249,0.265018254518509,0.507722735404968,0.342553943395615,0.368482291698456,0.256434559822083,0.296223998069763,0.377064913511276,0.38328492641449,-0.0592812895774841,6,2011
499395,5442555,2,"low",443,0.36060506105423,0.311978995800018,0.283869028091431,0.32246196269989,0.354983985424042,0.399498224258423,0.338453084230423,0.441633343696594,0.342684894800186,0.469682514667511,-0.0767360329627991,2,2007
486015,5475075,2,"low",444,0.397162586450577,0.370639264583588,0.345192402601242,0.379247725009918,0.36704495549202,0.395060509443283,0.392728567123413,0.421731233596802,0.415876746177673,0.456542164087296,-0.0519701838493347,2,2007
488235,5470155,2,"low",445,0.556329309940338,0.538617789745331,0.53248655796051,0.485235810279846,0.542157828807831,0.507657110691071,0.545668959617615,0.543209552764893,0.548559665679932,0.50950300693512,-0.0710934996604919,3,2008
508965,5452575,2,"low",446,0.47820708155632,0.419592589139938,0.469841092824936,0.437252163887024,0.458797007799149,0.442380130290985,0.533544182777405,0.409206837415695,0.458584666252136,0.516055464744568,-0.069000244140625,7,2013
498315,5465025,2,"low",447,0.24801978468895,0.23673041164875,0.197588369250298,0.212961345911026,0.344597309827805,0.261342704296112,0.24776454269886,0.216200396418571,0.510673642158508,0.297797650098801,-0.050431415438652,2,2007
509355,5465295,2,"low",448,0.374804764986038,0.322627514600754,0.363949149847031,0.389529764652252,0.355263501405716,0.327540814876556,0.397379636764526,0.424189120531082,0.425687670707703,0.471108108758926,-0.0521772503852844,1,2006
506385,5456295,2,"low",449,0.312428683042526,0.260796248912811,0.264485538005829,0.260961174964905,0.286546766757965,0.312863737344742,0.308871507644653,0.272405475378036,0.365410506725311,0.302147686481476,-0.051632434129715,1,2006
500865,5485485,2,"low",450,0.299864530563354,0.246634155511856,0.249711886048317,0.258863657712936,0.372157990932465,0.260315269231796,0.280389457941055,0.285175263881683,0.288247764110565,0.103458121418953,-0.0532303750514984,1,2006
505875,5483295,2,"low",451,0.395787626504898,0.391108065843582,0.331959128379822,0.529309153556824,0.378554582595825,0.396690100431442,0.381753593683243,0.398092836141586,0.815607070922852,0.423315137624741,-0.0638284981250763,2,2007
495495,5437515,2,"low",452,0.399491727352142,0.327989161014557,0.363613992929459,0.335492640733719,0.321937382221222,0.360597759485245,0.333417743444443,0.455146193504333,0.42469796538353,0.40064400434494,-0.0775543451309204,4,2009
487545,5443185,2,"low",453,0.411709189414978,0.418041527271271,0.377959877252579,0.341336399316788,0.400891304016113,0.442568212747574,0.414162874221802,0.384516417980194,0.365148782730103,0.195597976446152,-0.0703727900981903,3,2008
487005,5486955,2,"low",454,0.317990511655807,0.274743735790253,0.264125823974609,0.403142750263214,0.395788669586182,0.269780486822128,0.319011449813843,0.331081926822662,0.266686260700226,0.353498756885529,-0.0538646876811981,2,2007
517305,5444235,2,"low",455,0.241198346018791,0.249747157096863,0.220838293433189,0.191005051136017,0.214487761259079,0.285128563642502,0.254575788974762,0.338927179574966,0.30355316400528,0.220593079924583,-0.0501932948827744,3,2008
500685,5471865,2,"low",456,0.387340426445007,0.36469092965126,0.334207355976105,0.408258557319641,0.37737050652504,0.311334252357483,0.384504228830338,0.406314641237259,0.514389872550964,0.4447301030159,-0.0760061740875244,5,2010
520755,5480895,2,"low",457,0.252120941877365,0.278902262449265,0.233851298689842,0.267669051885605,0.264744907617569,0.244634568691254,0.191615164279938,0.226405262947083,0.176333501935005,0.241737589240074,-0.0757874399423599,8,2014
498645,5446275,2,"low",458,0.3099664747715,0.264865279197693,0.25903308391571,0.267120033502579,0.328699856996536,0.310673952102661,0.325196892023087,0.395493984222412,0.323998034000397,0.47497946023941,-0.0509333908557892,2,2007
510135,5470185,2,"low",459,0.322093844413757,0.329434186220169,0.330799639225006,0.290496200323105,0.329567432403564,0.263303875923157,0.365564972162247,0.36391869187355,0.361780107021332,0.367372781038284,-0.0587899684906006,5,2010
513015,5488905,2,"low",460,0.200579836964607,0.742178678512573,0.506303787231445,0.193279802799225,0.738458275794983,0.750422477722168,0.310792624950409,0.131106302142143,0.175620257854462,0.200088232755661,-0.069473534822464,7,2013
515775,5482425,2,"low",461,0.218555152416229,0.400935709476471,0.374864339828491,0.241912961006165,0.609651863574982,0.729663848876953,0.41184401512146,0.152844488620758,0.236748725175858,0.20858146250248,-0.0657106637954712,7,2013
484005,5446545,2,"low",462,0.435182332992554,0.378818839788437,0.384578347206116,0.387684613466263,0.410258114337921,0.402054876089096,0.398959875106812,0.405854880809784,0.429626107215881,0.476073235273361,-0.0563634932041168,1,2006
507705,5485095,2,"low",463,0.484228312969208,0.448791742324829,0.475231438875198,0.452617049217224,0.523393750190735,0.423408418893814,0.504292488098145,0.557073473930359,0.537467420101166,0.558773934841156,-0.0608198940753937,5,2010
495435,5460015,2,"low",464,0.293995767831802,0.311963945627213,0.341026991605759,0.332840740680695,0.344383418560028,0.484233766794205,0.233545646071434,0.259513527154922,0.614300966262817,0.404565542936325,-0.0604501217603683,6,2011
486195,5453325,2,"low",465,0.459607303142548,0.464230746030807,0.462593704462051,0.443392992019653,0.404978364706039,0.490614801645279,0.502325415611267,0.480473548173904,0.489445894956589,0.499002695083618,-0.0546289384365082,4,2009
515295,5452215,2,"low",466,0.410846918821335,0.350365459918976,0.399804562330246,0.412177622318268,0.384908318519592,0.378466755151749,0.378525108098984,0.403771907091141,0.40997126698494,0.453856885433197,-0.060481458902359,1,2006
523305,5444715,2,"low",467,0.405146926641464,0.360583424568176,0.389117807149887,0.355464071035385,0.357641369104385,0.374226182699203,0.355078101158142,0.417833626270294,0.432720720767975,0.409070909023285,-0.0500688254833221,6,2011
486765,5487345,2,"low",468,0.29898276925087,0.24745686352253,0.242808848619461,0.269271105527878,0.273394167423248,0.291763037443161,0.327683091163635,0.27848219871521,0.267623662948608,0.312291145324707,-0.0561739206314087,2,2007
510885,5443575,2,"low",469,0.443718254566193,0.409101635217667,0.421151429414749,0.365895807743073,0.468960136175156,0.432163864374161,0.496987104415894,0.560944616794586,0.464322507381439,0.546509146690369,-0.0778224468231201,3,2008
491715,5438745,2,"low",470,0.256091237068176,0.252143323421478,0.247841715812683,0.257010489702225,0.203034326434135,0.345364958047867,0.325041681528091,0.294651448726654,0.336678028106689,0.308322012424469,-0.0530569106340408,4,2009
519945,5482395,2,"low",471,0.419045031070709,0.454195976257324,0.386026203632355,0.378975361585617,0.424184143543243,0.405552893877029,0.443398296833038,0.376670390367508,0.36116749048233,0.402015417814255,-0.0578775405883789,8,2014
490575,5447085,2,"low",472,0.36127632856369,0.369158267974854,0.310531497001648,0.340259611606598,0.38385334610939,0.336880922317505,0.32482236623764,0.355901926755905,0.377140611410141,0.426655679941177,-0.0507448315620422,2,2007
505305,5480775,2,"low",473,0.333855956792831,0.270355433225632,0.265242338180542,0.303465217351913,0.354277729988098,0.295901149511337,0.318319886922836,0.343577116727829,0.458475798368454,0.36538228392601,-0.0686136186122894,2,2007
521265,5481255,2,"low",474,0.293908327817917,0.275599539279938,0.275727301836014,0.451664119958878,0.223949179053307,0.320667326450348,0.272705733776093,0.316900908946991,0.331071078777313,0.327937602996826,-0.0699591487646103,4,2009
496065,5467125,2,"low",475,0.316002517938614,0.3080695271492,0.251668870449066,0.259574085474014,0.319054007530212,0.306687086820602,0.314408391714096,0.326107084751129,0.343896418809891,0.356044113636017,-0.0643336474895477,2,2007
494595,5462055,2,"low",476,0.296623289585114,0.230292201042175,0.231042295694351,0.326705008745193,0.278924942016602,0.3530353307724,0.307402461767197,0.290462672710419,0.284601241350174,0.323316544294357,-0.0663310885429382,1,2006
526575,5472315,2,"low",477,0.259670048952103,0.205042809247971,0.225134909152985,0.276389181613922,0.27799466252327,0.182399019598961,0.213294669985771,0.262799918651581,0.229968041181564,0.263339281082153,-0.0772710293531418,5,2010
519885,5439255,2,"low",478,0.288979887962341,0.266950011253357,0.296438574790955,0.30524542927742,0.238783717155457,0.288102388381958,0.276926785707474,0.25894683599472,0.241171613335609,0.320523351430893,-0.0501961708068848,4,2009
502035,5458185,2,"low",479,0.32207003235817,0.245610430836678,0.251999229192734,0.370439797639847,0.312509059906006,0.319345384836197,0.282265365123749,0.287070244550705,0.335914075374603,0.326445490121841,-0.076459601521492,1,2006
518415,5480175,2,"low",480,0.47206038236618,0.450062721967697,0.477232486009598,0.47248050570488,0.450864195823669,0.419289886951447,0.4487164914608,0.393824815750122,0.3989637196064,0.422441512346268,-0.0782355666160583,7,2013
487485,5484915,2,"low",481,0.409928053617477,0.439933210611343,0.374882519245148,0.415471434593201,0.387497365474701,0.337566137313843,0.41122230887413,0.354452013969421,0.364043325185776,0.431007832288742,-0.0723619163036346,5,2010
501675,5444895,2,"low",482,0.255121618509293,0.198611408472061,0.219917416572571,0.223962038755417,0.216204836964607,0.305099695920944,0.254384726285934,0.283934742212296,0.32187032699585,0.328291863203049,-0.0565102100372314,1,2006
495045,5469435,2,"low",483,0.290649354457855,0.263003498315811,0.258340209722519,0.212757870554924,0.342192143201828,0.287817239761353,0.294305980205536,0.288738965988159,0.292896330356598,0.365886598825455,-0.0778914839029312,3,2008
525915,5452935,2,"low",484,0.254135191440582,0.532795667648315,0.635988175868988,0.496039420366287,0.496383041143417,0.768976509571075,0.570989727973938,0.183952867984772,0.267236053943634,0.229555293917656,-0.0701823234558105,7,2013
506835,5440035,2,"low",485,0.383591949939728,0.343544185161591,0.353170692920685,0.321660906076431,0.413759857416153,0.405591547489166,0.404157161712646,0.451325207948685,0.46666544675827,0.494070023298264,-0.0619310438632965,3,2008
514815,5457585,2,"low",486,0.382567405700684,0.332187294960022,0.360231518745422,0.390322893857956,0.358377128839493,0.38703241944313,0.370799601078033,0.402575731277466,0.357803374528885,0.390257358551025,-0.0503801107406616,1,2006
487125,5467695,2,"low",487,0.319304794073105,0.301239758729935,0.302456200122833,0.259983539581299,0.31763082742691,0.313547968864441,0.322639733552933,0.377664983272552,0.256772726774216,0.379881680011749,-0.0625320672988892,8,2014
522285,5446215,2,"low",488,0.333461344242096,0.303609549999237,0.381614536046982,0.263912945985794,0.367438167333603,0.349513322114944,0.423400729894638,0.492887794971466,0.486392885446548,0.553912401199341,-0.0695483982563019,3,2008
520185,5472945,2,"low",489,0.265381932258606,0.233551800251007,0.195498898625374,0.226394146680832,0.238142102956772,0.21953721344471,0.215511664748192,0.256674826145172,0.246182560920715,0.263708651065826,-0.0698830336332321,2,2007
483075,5441145,2,"low",490,0.351845413446426,0.361309677362442,0.338046610355377,0.326772779226303,0.286144882440567,0.35135692358017,0.351159900426865,0.31878337264061,0.301095902919769,0.304317861795425,-0.0657005310058594,4,2009
503685,5437875,2,"low",491,0.507348418235779,0.462717682123184,0.51319020986557,0.483378201723099,0.45602610707283,0.560010433197021,0.502451241016388,0.511685848236084,0.464254111051559,0.506396770477295,-0.0513223111629486,4,2009
526425,5458935,2,"low",492,0.399303048849106,0.37496829032898,0.391991227865219,0.400544881820679,0.356299877166748,0.401251554489136,0.356784135103226,0.32784977555275,0.386452406644821,0.352344512939453,-0.0714532732963562,7,2013
499695,5438475,2,"low",493,0.325949221849442,0.326806306838989,0.289991527795792,0.259192079305649,0.306952267885208,0.30687141418457,0.34908202290535,0.412931352853775,0.29114231467247,0.434903979301453,-0.0667571425437927,3,2008
506445,5440185,2,"low",494,0.253675311803818,0.195667877793312,0.188698291778564,0.210339426994324,0.260085016489029,0.226850226521492,0.240764051675797,0.234609872102737,0.195264652371407,0.219199240207672,-0.0649770200252533,2,2007
490365,5446665,2,"low",495,0.429026961326599,0.449768006801605,0.37663534283638,0.357792407274246,0.442526042461395,0.402080684900284,0.401793748140335,0.38911697268486,0.467626959085464,0.464176058769226,-0.0712345540523529,3,2008
512025,5468775,2,"low",496,0.311289608478546,0.312655180692673,0.305574059486389,0.31840169429779,0.278783082962036,0.242126032710075,0.288823336362839,0.340658724308014,0.327243715524673,0.261204302310944,-0.0691635757684708,5,2010
513255,5450715,2,"low",497,0.420793205499649,0.360363513231277,0.450789898633957,0.442089766263962,0.428033292293549,0.441103041172028,0.477534800767899,0.502221643924713,0.459738910198212,0.575873017311096,-0.0604296922683716,1,2006
499755,5439705,2,"low",498,0.256972521543503,0.290623545646667,0.216229051351547,0.281875818967819,0.202299922704697,0.198040977120399,0.268540233373642,0.251442164182663,0.252114325761795,0.323997139930725,-0.0589315444231033,5,2010
483015,5474385,2,"low",499,0.495849698781967,0.493398070335388,0.453161507844925,0.437745451927185,0.449771970510483,0.456282824277878,0.512487351894379,0.522655665874481,0.514616549015045,0.557257175445557,-0.0581042468547821,3,2008
487815,5473365,2,"low",500,0.342253357172012,0.334264636039734,0.284155070781708,0.27344873547554,0.355361789464951,0.331650257110596,0.357283771038055,0.348208069801331,0.308077216148376,0.347984880208969,-0.0688046216964722,3,2008
513645,5446305,3,"moderate",501,0.24718976020813,0.261175543069839,0.189961194992065,0.260213881731033,0.229006469249725,0.223786309361458,0.27782678604126,0.215359210968018,0.161139011383057,-0.215690240263939,-0.0860507488250732,8,2014
500565,5445255,3,"moderate",502,0.27056622505188,0.148795083165169,0.293747901916504,0.207466453313828,0.262412518262863,0.377418279647827,0.370306432247162,0.205889388918877,0.355597347021103,0.238749012351036,-0.121771141886711,1,2006
522855,5458215,3,"moderate",503,0.264837026596069,0.569210112094879,0.44017967581749,0.489961087703705,0.540922224521637,0.194675788283348,0.553510665893555,0.132265225052834,0.228465512394905,0.187942191958427,-0.132571801543236,7,2013
492345,5463315,3,"moderate",504,0.531145870685577,0.47265625,0.431147545576096,0.398533433675766,0.446965306997299,0.437721848487854,0.474165558815002,0.4167640209198,0.423696547746658,0.437316477298737,-0.132612437009811,3,2008
486435,5487015,3,"moderate",505,0.319470643997192,0.278482973575592,0.270651668310165,0.312883585691452,0.323284715414047,0.265710055828094,0.289549350738525,0.272981703281403,0.239165306091309,0.341150760650635,-0.0803053379058838,8,2014
499965,5474415,3,"moderate",506,0.410295516252518,0.405301600694656,0.394537031650543,0.397977411746979,0.395609617233276,0.449874848127365,0.44319748878479,0.412807881832123,0.312121897935867,0.404752194881439,-0.0981736183166504,8,2014
509115,5456655,3,"moderate",507,0.390360027551651,0.342212408781052,0.324119091033936,0.390376687049866,0.296292871236801,0.372963219881058,0.358407646417618,0.406933903694153,0.39989173412323,0.378516167402267,-0.0940671563148499,4,2009
487815,5482575,3,"moderate",508,0.519728004932404,0.470997184514999,0.470782071352005,0.41102409362793,0.519968152046204,0.496002554893494,0.511437296867371,0.495420664548874,0.484222263097763,0.520590960979462,-0.108703911304474,3,2008
525585,5486715,3,"moderate",509,0.478349059820175,0.382975429296494,0.419354468584061,0.432610243558884,0.433377027511597,0.505110085010529,0.441430568695068,0.394970923662186,0.395007729530334,0.423275172710419,-0.0953736305236816,1,2006
496305,5460495,3,"moderate",510,0.440007895231247,0.37476447224617,0.373896330595016,0.348711520433426,0.419728815555573,0.439555794000626,0.422114372253418,0.455410271883011,0.412306427955627,0.3905830681324,-0.091296374797821,3,2008
501555,5483805,3,"moderate",511,0.274251520633698,0.383492857217789,0.237700641155243,0.217588901519775,0.357688367366791,0.166918143630028,0.408199161291122,0.263496786355972,0.324155926704407,0.346666127443314,-0.10733337700367,5,2010
498915,5445885,3,"moderate",512,0.350826591253281,0.248779490590096,0.284125626087189,0.304783314466476,0.297702729701996,0.314353197813034,0.397257566452026,0.405689418315887,0.429869055747986,0.458585292100906,-0.102047100663185,1,2006
493965,5464395,3,"moderate",513,0.432212918996811,0.406259834766388,0.368914008140564,0.377112656831741,0.426839470863342,0.320477217435837,0.417749017477036,0.403159350156784,0.39497247338295,0.422779858112335,-0.111735701560974,5,2010
493485,5453745,3,"moderate",514,0.335129380226135,0.282897561788559,0.216942057013512,0.251291424036026,0.408325493335724,0.30378869175911,0.273083716630936,0.285459369421005,0.262686222791672,0.350137531757355,-0.118187323212624,2,2007
492795,5458035,3,"moderate",515,0.303203612565994,0.235746487975121,0.271627962589264,0.260985791683197,0.25675156712532,0.175900623202324,0.223832562565804,0.252701163291931,0.216872811317444,0.286117851734161,-0.12730298936367,5,2010
497115,5460975,3,"moderate",516,0.410913646221161,0.355776786804199,0.31768661737442,0.329141795635223,0.347389489412308,0.344465792179108,0.378939777612686,0.366380482912064,0.315827250480652,0.448067873716354,-0.095086395740509,8,2014
530175,5471295,3,"moderate",517,0.50857424736023,0.49821799993515,0.509337723255157,0.425461828708649,0.383305966854095,0.507743418216705,0.530916631221771,0.522694110870361,0.521106660366058,0.495802730321884,-0.125268280506134,4,2009
518205,5452935,3,"moderate",518,0.370743662118912,0.306377172470093,0.337689310312271,0.303403198719025,0.339490294456482,0.290942311286926,0.302022725343704,0.360808402299881,0.325544834136963,0.347251623868942,-0.0798013508319855,5,2010
483885,5453925,3,"moderate",519,0.440105557441711,0.345971047878265,0.426203429698944,0.359062224626541,0.401976674795151,0.431254297494888,0.480500996112823,0.361724555492401,0.365847617387772,0.388566195964813,-0.094134509563446,1,2006
513495,5487765,3,"moderate",520,0.280557483434677,0.64239913225174,0.508889079093933,0.348345756530762,0.686155200004578,0.943295836448669,0.516385138034821,0.1910620033741,0.210139200091362,0.248167395591736,-0.0894954800605774,7,2013
494595,5454375,3,"moderate",521,0.447063118219376,0.41404527425766,0.398730009794235,0.373812615871429,0.407602190971375,0.331379145383835,0.40802526473999,0.367130786180496,0.377675533294678,0.351226568222046,-0.115683972835541,5,2010
495015,5475495,3,"moderate",522,0.4952412545681,0.531020045280457,0.443645387887955,0.490080744028091,0.499842703342438,0.522253930568695,0.528742015361786,0.416184425354004,0.623465120792389,0.509308993816376,-0.0790568292140961,7,2013
503205,5446695,3,"moderate",523,0.375363886356354,0.281577914953232,0.325405180454254,0.40180504322052,0.399981617927551,0.323064148426056,0.348288089036942,0.415796428918839,0.552762091159821,0.477255403995514,-0.093785971403122,1,2006
518685,5468925,3,"moderate",524,0.321200013160706,0.756272077560425,0.571168661117554,0.443338871002197,0.489201724529266,0.423806011676788,0.570627629756927,0.227990597486496,0.243809148669243,0.208645954728127,-0.0932094156742096,7,2013
509625,5451705,3,"moderate",525,0.323548823595047,0.322665959596634,0.240909978747368,0.276124805212021,0.223543673753738,0.196755170822144,0.269323289394379,0.251468539237976,0.229131653904915,0.23307529091835,-0.126793652772903,5,2010
516285,5458005,3,"moderate",526,0.35253694653511,0.280499696731567,0.333128809928894,0.338429480791092,0.385826051235199,0.21748560667038,0.335337549448013,0.371832638978958,0.307595014572144,0.294450104236603,-0.135051339864731,5,2010
497115,5445615,3,"moderate",527,0.394636571407318,0.314559400081635,0.285653322935104,0.337896943092346,0.321041256189346,0.361762553453445,0.353206306695938,0.370645880699158,0.37737849354744,0.397145628929138,-0.108983248472214,2,2007
524655,5468325,3,"moderate",528,0.214729115366936,0.213973477482796,0.137849926948547,0.125274494290352,0.146363064646721,0.136672034859657,0.0847684890031815,0.179435238242149,0.08701341599226,0.214441239833832,-0.129960626363754,6,2011
496605,5455095,3,"moderate",529,0.411114066839218,0.364542096853256,0.345845073461533,0.42046120762825,0.369220644235611,0.354193985462189,0.331951558589935,0.415168136358261,0.393873453140259,0.473241567611694,-0.0791625082492828,6,2011
485325,5465085,3,"moderate",530,0.385664790868759,0.34303006529808,0.350277572870255,0.397213727235794,0.36917307972908,0.373614758253098,0.338702648878098,0.374543339014053,0.304757863283157,0.427715122699738,-0.0809069275856018,8,2014
485835,5482425,3,"moderate",531,0.234735131263733,0.224793493747711,0.214152589440346,0.219644665718079,0.177555605769157,0.127961844205856,0.170606285333633,0.248858273029327,0.203790321946144,0.309706747531891,-0.106773287057877,5,2010
487725,5458095,3,"moderate",532,0.441342234611511,0.448916137218475,0.435496896505356,0.345078319311142,0.433889508247375,0.446543365716934,0.476898074150085,0.445500552654266,0.418738275766373,0.401774674654007,-0.0962639153003693,3,2008
511755,5470275,3,"moderate",533,0.369314223527908,0.359217286109924,0.341465622186661,0.36292353272438,0.288675785064697,0.255323529243469,0.289843529462814,0.323988348245621,0.290596127510071,0.36064013838768,-0.113990694284439,5,2010
526485,5452785,3,"moderate",534,0.38489243388176,0.502929747104645,0.634635925292969,0.484979629516602,0.660266101360321,0.75577986240387,0.57542872428894,0.277620315551758,0.251944482326508,0.221621721982956,-0.132947951555252,8,2014
490305,5451555,3,"moderate",535,0.556894063949585,0.516268372535706,0.482607007026672,0.428293019533157,0.444568276405334,0.492337137460709,0.516377747058868,0.546893954277039,0.56377899646759,0.552186906337738,-0.128601044416428,3,2008
506775,5454225,3,"moderate",536,0.508209407329559,0.452954769134521,0.455449253320694,0.492875337600708,0.467622876167297,0.406011551618576,0.523042261600494,0.513285279273987,0.483856648206711,0.482659995555878,-0.102197855710983,5,2010
505575,5486805,3,"moderate",537,0.314227551221848,0.271074742078781,0.2338607609272,0.243454724550247,0.238149270415306,0.202593430876732,0.281806766986847,0.269937932491302,0.236077204346657,0.289752930402756,-0.111634120345116,5,2010
516795,5443275,3,"moderate",538,0.516326546669006,0.421623915433884,0.437737464904785,0.382216811180115,0.460536926984787,0.462642818689346,0.447380781173706,0.452443331480026,0.45932412147522,0.415328323841095,-0.134109735488892,3,2008
495945,5487885,3,"moderate",539,0.507734060287476,0.41274619102478,0.432498693466187,0.455787360668182,0.40512028336525,0.472794711589813,0.479329138994217,0.423315078020096,0.430391520261765,0.433332681655884,-0.102613776922226,4,2009
493905,5466525,3,"moderate",540,0.350357711315155,0.361095905303955,0.35120216012001,0.241607517004013,0.366738498210907,0.342445403337479,0.402573317289352,0.443429827690125,0.403210878372192,0.419939190149307,-0.108750194311142,3,2008
482865,5485395,3,"moderate",541,0.446902364492416,0.414701014757156,0.454638421535492,0.42058053612709,0.331782668828964,0.352136671543121,0.393576741218567,0.378200948238373,0.359881490468979,0.393515348434448,-0.115119695663452,4,2009
518115,5457075,3,"moderate",542,0.374616533517838,0.321063041687012,0.328914254903793,0.373551398515701,0.322865724563599,0.272275686264038,0.320911675691605,0.380089402198792,0.33090677857399,0.379298508167267,-0.102340847253799,5,2010
497775,5474385,3,"moderate",543,0.406326532363892,0.342036962509155,0.361976385116577,0.33962881565094,0.318731427192688,0.540484189987183,0.354508459568024,0.369235068559647,0.668636679649353,0.493319064378738,-0.0875951051712036,4,2009
496665,5460045,3,"moderate",544,0.407268673181534,0.33393993973732,0.31796807050705,0.381191194057465,0.38883039355278,0.343801349401474,0.430420249700546,0.457907170057297,0.424132138490677,0.465048938989639,-0.0893006026744843,2,2007
500805,5467635,3,"moderate",545,0.357826203107834,0.31692361831665,0.280034869909286,0.287747800350189,0.368811339139938,0.334536641836166,0.327854573726654,0.338896960020065,0.265579283237457,0.405903488397598,-0.0922469198703766,8,2014
523485,5447445,3,"moderate",546,0.246628955006599,0.208191677927971,0.153912857174873,0.167387545108795,0.218451708555222,0.190087929368019,0.255080044269562,0.259667724370956,0.245734184980392,0.155825778841972,-0.0927160978317261,2,2007
502455,5464905,3,"moderate",547,0.288892179727554,0.219957187771797,0.240196272730827,0.33946692943573,0.244373008608818,0.269582599401474,0.189305707812309,0.256082445383072,0.328827321529388,0.267053753137589,-0.099586471915245,6,2011
498495,5488125,3,"moderate",548,0.35864183306694,0.329839944839478,0.321102142333984,0.302504897117615,0.260285526514053,0.232640519738197,0.392452716827393,0.371181488037109,0.335649818181992,0.132937699556351,-0.126001313328743,5,2010
497565,5456925,3,"moderate",549,0.287671804428101,0.221071675419807,0.257213085889816,0.215248629450798,0.200813516974449,0.260660201311111,0.263510763645172,0.281823456287384,0.254238247871399,0.320773601531982,-0.0868582874536514,4,2009
523065,5441505,3,"moderate",550,0.411095857620239,0.361064583063126,0.418049663305283,0.331100106239319,0.372553467750549,0.447327435016632,0.390533864498138,0.379883915185928,0.374302119016647,0.394700706005096,-0.0799957513809204,3,2008
504675,5487645,3,"moderate",551,0.261220067739487,0.16005577147007,0.146544262766838,0.225044757127762,0.24940399825573,0.734132647514343,0.22281950712204,0.193673327565193,0.199111685156822,0.257604032754898,-0.114675804972649,2,2007
482835,5481885,3,"moderate",552,0.289213508367538,0.238799795508385,0.224119707942009,0.188364639878273,0.251786768436432,0.197364881634712,0.248333275318146,0.309183955192566,0.233570709824562,0.347130209207535,-0.100848868489265,3,2008
531675,5456415,3,"moderate",553,0.470406889915466,0.405247867107391,0.420806854963303,0.37580606341362,0.469583570957184,0.384030759334564,0.428333401679993,0.417097628116608,0.46843358874321,0.474634885787964,-0.0946008265018463,3,2008
514395,5488605,3,"moderate",554,0.292035400867462,0.679573237895966,0.529495060443878,0.349135935306549,0.675977647304535,0.794419705867767,0.683615803718567,0.183220148086548,0.233595967292786,0.243506371974945,-0.108815252780914,7,2013
504345,5465835,3,"moderate",555,0.433494508266449,0.416824251413345,0.44513601064682,0.411891907453537,0.396535992622375,0.340654999017715,0.462655663490295,0.499630868434906,0.469840496778488,0.518300950527191,-0.0928395092487335,5,2010
510765,5474985,3,"moderate",556,0.32542222738266,0.309071600437164,0.313308656215668,0.214213281869888,0.377581924200058,0.317457556724548,0.377324819564819,0.402261942625046,0.353259444236755,0.37686961889267,-0.111208945512772,3,2008
486435,5441175,3,"moderate",557,0.305276602506638,0.176799952983856,0.172769919037819,0.207563698291779,0.177637562155724,0.186335876584053,0.222769230604172,0.278212428092957,0.261460453271866,0.311039924621582,-0.132506683468819,2,2007
528525,5452305,3,"moderate",558,0.299083858728409,0.832411885261536,0.672878742218018,0.332096815109253,0.738251388072968,0.628925859928131,0.707100927829742,0.185818508267403,0.612683534622192,0.341405928134918,-0.113265350461006,7,2013
486885,5475015,3,"moderate",559,0.539324760437012,0.538302898406982,0.482126921415329,0.435309648513794,0.479951322078705,0.590714991092682,0.511374354362488,0.478350728750229,0.474947780370712,0.45490750670433,-0.104015111923218,3,2008
530175,5445615,3,"moderate",560,0.233220010995865,0.200427904725075,0.148060590028763,0.325886696577072,0.247603371739388,0.333746403455734,0.334366202354431,0.609890937805176,0.230473503470421,0.0571288727223873,-0.085159420967102,2,2007
518415,5446935,3,"moderate",561,0.314886748790741,0.22760035097599,0.305968433618546,0.271346896886826,0.291721850633621,0.291508316993713,0.276468843221664,0.299070864915848,0.272197782993317,0.383201152086258,-0.0872863978147507,1,2006
516585,5452275,3,"moderate",562,0.447799652814865,0.397352397441864,0.415269434452057,0.415142297744751,0.440447837114334,0.357581406831741,0.464919865131378,0.399500250816345,0.365461498498917,0.383888602256775,-0.0902182459831238,5,2010
511605,5457645,3,"moderate",563,0.518443167209625,0.463926494121552,0.456861972808838,0.497314274311066,0.435850858688354,0.482509016990662,0.529046177864075,0.51090133190155,0.524052679538727,0.509104311466217,-0.0825923085212708,4,2009
499425,5441025,3,"moderate",564,0.424339592456818,0.395428270101547,0.394296318292618,0.361152201890945,0.410961031913757,0.335479557514191,0.429700762033463,0.459049701690674,0.393383264541626,0.461743026971817,-0.088860034942627,5,2010
514905,5439045,3,"moderate",565,0.409679263830185,0.305076479911804,0.373656421899796,0.413666576147079,0.42739725112915,0.445845395326614,0.443229645490646,0.477773994207382,0.497553765773773,0.488072097301483,-0.104602783918381,1,2006
502845,5450265,3,"moderate",566,0.330438017845154,0.246835231781006,0.282895237207413,0.296831250190735,0.298017114400864,0.281929045915604,0.316836625337601,0.327551931142807,0.311656713485718,0.339886754751205,-0.083602786064148,1,2006
514545,5441145,3,"moderate",567,0.464455991983414,0.48477503657341,0.450945198535919,0.447448253631592,0.443758755922318,0.448755204677582,0.46195176243782,0.391831815242767,0.359350383281708,0.428944885730743,-0.105105608701706,8,2014
494325,5460345,3,"moderate",568,0.360337883234024,0.288659423589706,0.237090438604355,0.309069782495499,0.290124446153641,0.38055345416069,0.264865785837173,0.260487020015717,0.551425039768219,0.368214339017868,-0.123247444629669,2,2007
497895,5446155,3,"moderate",569,0.277282804250717,0.258173942565918,0.197488322854042,0.323286771774292,0.222800463438034,0.327840030193329,0.281217485666275,0.329050213098526,0.299241006374359,0.325375109910965,-0.0797944813966751,2,2007
501195,5480415,3,"moderate",570,0.227444723248482,0.195029750466347,0.136550605297089,0.206642061471939,0.15049734711647,0.28569683432579,0.248854503035545,0.236996710300446,0.0962033867835999,0.331301480531693,-0.131241336464882,8,2014
489255,5468775,3,"moderate",571,0.346439063549042,0.337084352970123,0.331874996423721,0.287491291761398,0.317208111286163,0.24906325340271,0.373556971549988,0.401531875133514,0.395999014377594,0.416493594646454,-0.0973758101463318,5,2010
496005,5477205,3,"moderate",572,0.505472302436829,0.454670518636703,0.40510493516922,0.492187142372131,0.512826442718506,0.437926471233368,0.455275505781174,0.444553226232529,0.462424546480179,0.511756241321564,-0.100367367267609,2,2007
521625,5484915,3,"moderate",573,0.276605069637299,0.284878104925156,0.272639662027359,0.301297128200531,0.237826287746429,0.237960159778595,0.182497218251228,0.223413556814194,0.175567254424095,0.216204598546028,-0.101037815213203,8,2014
529425,5488755,3,"moderate",574,0.295519322156906,0.183976545929909,0.193558275699615,0.237663194537163,0.307527095079422,0.332417339086533,0.306736320257187,0.3168685734272,0.299705684185028,0.399469375610352,-0.111542776226997,1,2006
507915,5459955,3,"moderate",575,0.359964460134506,0.335357993841171,0.326515734195709,0.337676763534546,0.322417855262756,0.240020200610161,0.348812431097031,0.319724023342133,0.305070549249649,0.368925780057907,-0.119944259524345,5,2010
526245,5472675,3,"moderate",576,0.315618425607681,0.274770349264145,0.304521799087524,0.523722112178802,0.265952736139297,0.206993520259857,0.317581176757812,0.316037118434906,0.290398806333542,0.374294102191925,-0.108624905347824,5,2010
490935,5488425,3,"moderate",577,0.34647673368454,0.335348010063171,0.328348696231842,0.261025786399841,0.251156836748123,0.259255617856979,0.367520838975906,0.334003359079361,0.293920367956161,0.336219638586044,-0.0953198969364166,4,2009
528135,5487045,3,"moderate",578,0.224666491150856,0.186739593744278,0.206353470683098,0.219336748123169,0.184909075498581,0.161142960190773,0.151723489165306,0.188572227954865,0.098514012992382,0.19862462580204,-0.126152478158474,8,2014
519375,5448495,3,"moderate",579,0.437424927949905,0.40543121099472,0.35628467798233,0.455927133560181,0.386851996183395,0.426218599081039,0.423240005970001,0.368240535259247,0.34895196557045,0.406043171882629,-0.0884729623794556,8,2014
508455,5470725,3,"moderate",580,0.363202482461929,0.281505763530731,0.315019190311432,0.336496710777283,0.333776772022247,0.335531741380692,0.381295055150986,0.385496884584427,0.381875336170197,0.385796636343002,-0.0816967189311981,1,2006
496335,5463525,3,"moderate",581,0.447634220123291,0.383333712816238,0.409550219774246,0.448557704687119,0.466578155755997,0.337096035480499,0.482365697622299,0.515767633914948,0.534374356269836,0.526314735412598,-0.110538184642792,5,2010
497175,5471355,3,"moderate",582,0.278226405382156,0.323395848274231,0.300269693136215,0.30230113863945,0.194874078035355,0.338967710733414,0.423261016607285,0.49103569984436,0.356076598167419,0.515775561332703,-0.0833523273468018,4,2009
514995,5446755,3,"moderate",583,0.213528633117676,0.223650515079498,0.229780286550522,0.305806279182434,0.219625875353813,0.103686183691025,0.190813988447189,0.226851671934128,0.208246931433678,0.159769535064697,-0.109842449426651,5,2010
505305,5440365,3,"moderate",584,0.48644807934761,0.443514674901962,0.472868531942368,0.450622588396072,0.464078992605209,0.375172972679138,0.498977810144424,0.556599855422974,0.532718181610107,0.555201709270477,-0.111275106668472,5,2010
500715,5474745,3,"moderate",585,0.605103194713593,0.60367739200592,0.566377639770508,0.497644007205963,0.591497898101807,0.60994553565979,0.632136464118958,0.624375641345978,0.597208440303802,0.60718309879303,-0.107459187507629,3,2008
501915,5481465,3,"moderate",586,0.364355951547623,0.340280622243881,0.309715688228607,0.262053072452545,0.366283476352692,0.33149915933609,0.353673726320267,0.361253470182419,0.318794280290604,0.34693831205368,-0.102302879095078,3,2008
503235,5468775,3,"moderate",587,0.443999707698822,0.346691489219666,0.343455791473389,0.455210268497467,0.390407115221024,0.420470744371414,0.423938632011414,0.389915555715561,0.397060871124268,0.444455772638321,-0.100543916225433,2,2007
524445,5439015,3,"moderate",588,0.214358434081078,0.228712558746338,0.232204541563988,0.126830533146858,0.184929445385933,0.218387618660927,0.221362963318825,0.266425311565399,0.242752522230148,0.256825357675552,-0.0875279009342194,3,2008
502305,5450745,3,"moderate",589,0.327253937721252,0.250384420156479,0.266292095184326,0.225369676947594,0.227409958839417,0.212723597884178,0.322743237018585,0.275230169296265,0.212271973490715,0.35297879576683,-0.114981964230537,8,2014
499335,5484705,3,"moderate",590,0.492590218782425,0.606220185756683,0.400806069374084,0.367632687091827,0.4888836145401,0.447673410177231,0.458640366792679,0.39342275261879,0.39253705739975,-0.0278142523020506,-0.124957531690598,3,2008
516135,5445885,3,"moderate",591,0.332896053791046,0.314876616001129,0.297230035066605,0.334278762340546,0.358780920505524,0.313433766365051,0.251312166452408,0.249495357275009,0.249732583761215,0.275432646274567,-0.083400696516037,7,2013
500595,5467515,3,"moderate",592,0.452510058879852,0.356356978416443,0.385539561510086,0.413324058055878,0.433767408132553,0.471442669630051,0.4342360496521,0.509877145290375,0.526970624923706,0.531572639942169,-0.0961530804634094,1,2006
516015,5459475,3,"moderate",593,0.275456130504608,0.293748170137405,0.240267425775528,0.245630860328674,0.195369601249695,0.164888560771942,0.178998067975044,0.202211439609528,0.180446282029152,0.310181230306625,-0.110567569732666,5,2010
531555,5471025,3,"moderate",594,0.230248138308525,0.147175490856171,0.18341962993145,0.322325676679611,0.215888664126396,0.287170112133026,0.238016948103905,0.259144425392151,0.27044290304184,0.259508848190308,-0.0830726474523544,1,2006
491475,5441565,3,"moderate",595,0.30412021279335,0.326370716094971,0.325002759695053,0.291523545980453,0.315166085958481,0.467451989650726,0.213698014616966,0.407269597053528,0.33149528503418,0.419191896915436,-0.090422198176384,6,2011
501225,5446755,3,"moderate",596,0.298704534769058,0.271994441747665,0.224845364689827,0.234116300940514,0.228202283382416,0.1794064193964,0.207009091973305,0.278558433055878,0.204562693834305,0.279458820819855,-0.119298115372658,5,2010
496815,5486325,3,"moderate",597,0.314388990402222,0.253608912229538,0.238079935312271,0.27897372841835,0.198254689574242,0.272615253925323,0.2871033847332,0.275546312332153,0.257439732551575,0.282793462276459,-0.11613430082798,4,2009
505365,5454675,3,"moderate",598,0.375238865613937,0.342561453580856,0.413311392068863,0.398246943950653,0.395005941390991,0.271404653787613,0.4421147108078,0.496402859687805,0.453254610300064,0.54963481426239,-0.103834211826324,5,2010
525375,5484525,3,"moderate",599,0.369118869304657,0.384842127561569,0.302206814289093,0.360991269350052,0.32797446846962,0.386074185371399,0.37055104970932,0.329059332609177,0.28889337182045,0.378031313419342,-0.0802254974842072,8,2014
499275,5473185,3,"moderate",600,0.524518966674805,0.514633357524872,0.463322281837463,0.439957737922668,0.452933013439178,0.504375457763672,0.469151645898819,0.465658992528915,0.468815475702286,0.46292632818222,-0.0845612287521362,3,2008
522495,5453445,3,"moderate",601,0.289995551109314,0.345330029726028,0.259914070367813,0.204933971166611,0.243129104375839,0.181553587317467,0.381511688232422,0.374430954456329,0.380527228116989,0.20886068046093,-0.108441963791847,5,2010
494205,5450415,3,"moderate",602,0.283753335475922,0.217619001865387,0.263783365488052,0.165578693151474,0.267627716064453,0.287865728139877,0.309406727552414,0.382388681173325,0.382236182689667,0.448428004980087,-0.118174642324448,3,2008
513945,5449785,3,"moderate",603,0.372197240591049,0.297304332256317,0.352573215961456,0.293328940868378,0.37952995300293,0.390878528356552,0.413173824548721,0.434809952974319,0.37748920917511,0.490730702877045,-0.0788682997226715,3,2008
509685,5448405,3,"moderate",604,0.387210667133331,0.337079286575317,0.368762254714966,0.443906009197235,0.436250299215317,0.266300648450851,0.489526748657227,0.454724907875061,0.450401961803436,0.497940450906754,-0.12091001868248,5,2010
505185,5476065,3,"moderate",605,0.488138973712921,0.39862072467804,0.419087111949921,0.413436740636826,0.450833648443222,0.431035816669464,0.473159283399582,0.474175095558167,0.461290776729584,0.493953138589859,-0.0895182490348816,1,2006
504045,5476275,3,"moderate",606,0.512251853942871,0.451125770807266,0.438586980104446,0.415647238492966,0.475251942873001,0.438197195529938,0.501699388027191,0.507526814937592,0.484947860240936,0.503355324268341,-0.0966046154499054,3,2008
506025,5475795,3,"moderate",607,0.350695669651031,0.260875016450882,0.290678530931473,0.329876065254211,0.294279366731644,0.303588926792145,0.328209906816483,0.369457066059113,0.357463330030441,0.365775972604752,-0.0898206532001495,1,2006
508215,5467125,3,"moderate",608,0.366021752357483,0.344810992479324,0.340682685375214,0.288941234350204,0.322156548500061,0.240596070885658,0.423497974872589,0.48971626162529,0.437105417251587,0.562978863716125,-0.125425681471825,5,2010
495705,5459835,3,"moderate",609,0.315122425556183,0.284764051437378,0.21394619345665,0.352040410041809,0.279236972332001,0.409861117601395,0.198572918772697,0.252315998077393,0.63564658164978,0.326862514019012,-0.116549506783485,6,2011
503025,5448645,3,"moderate",610,0.389772921800613,0.363433063030243,0.371530741453171,0.293110460042953,0.368634611368179,0.400059133768082,0.415445804595947,0.427149534225464,0.370533347129822,0.460065901279449,-0.0966624617576599,3,2008
531345,5442645,3,"moderate",611,0.247584909200668,0.141757115721703,0.118641026318073,0.407008171081543,0.239715620875359,0.260969668626785,0.194380685687065,0.484313547611237,0.433990597724915,0.261793494224548,-0.128943882882595,2,2007
506115,5455395,3,"moderate",612,0.270528942346573,0.23828162252903,0.226776123046875,0.191693112254143,0.206267699599266,0.226161569356918,0.229570180177689,0.28117772936821,0.278901994228363,0.2862309217453,-0.0788358300924301,3,2008
505785,5487315,3,"moderate",613,0.421432107686996,0.323259294033051,0.346986144781113,0.395840048789978,0.375995099544525,0.296414792537689,0.404543161392212,0.33458024263382,0.286536335945129,0.381338596343994,-0.134895771741867,8,2014
498585,5486475,3,"moderate",614,0.289074212312698,0.236391454935074,0.249392434954643,0.263143092393875,0.218876719474792,0.440388590097427,0.261419296264648,0.249917596578598,0.193859979510307,0.0511754415929317,-0.095214232802391,8,2014
490605,5461515,3,"moderate",615,0.468896389007568,0.51240473985672,0.429024159908295,0.464617699384689,0.497276425361633,0.361083745956421,0.43342450261116,0.407899737358093,0.409039080142975,0.407796174287796,-0.107812643051147,5,2010
511575,5465805,3,"moderate",616,0.303559273481369,0.21759544312954,0.28169459104538,0.315350294113159,0.286674827337265,0.341140925884247,0.296499162912369,0.334767043590546,0.575950443744659,0.422069758176804,-0.0859638303518295,1,2006
506715,5461005,3,"moderate",617,0.535399854183197,0.500241219997406,0.538509547710419,0.479543834924698,0.528038620948792,0.453562945127487,0.56151294708252,0.575969159603119,0.573424339294434,0.56877326965332,-0.0818369090557098,5,2010
525465,5451135,3,"moderate",618,0.373560696840286,0.633464932441711,0.593960404396057,0.47243857383728,0.437623381614685,0.542222797870636,0.499851763248444,0.287419199943542,0.253052115440369,0.295103460550308,-0.120508581399918,8,2014
507555,5463885,3,"moderate",619,0.322547078132629,0.20667490363121,0.230309680104256,0.435462921857834,0.300524950027466,0.332690417766571,0.261443018913269,0.292553901672363,0.27331680059433,0.342092007398605,-0.115872174501419,1,2006
521955,5485065,3,"moderate",620,0.247826457023621,0.202426627278328,0.244757115840912,0.301523566246033,0.220917925238609,0.178610280156136,0.217229470610619,0.210313275456429,0.132650807499886,0.189177244901657,-0.115175649523735,8,2014
505305,5475675,3,"moderate",621,0.3847476541996,0.25520059466362,0.251148551702499,0.33560585975647,0.29270127415657,0.280624628067017,0.283000886440277,0.33275032043457,0.330593198537827,0.343354433774948,-0.133599102497101,2,2007
526725,5452845,3,"moderate",622,0.326243162155151,0.610783994197845,0.281947642564774,0.226359367370605,0.449787378311157,0.602077484130859,0.495551764965057,0.275003045797348,0.290019571781158,0.205739885568619,-0.0998837947845459,3,2008
511245,5444475,3,"moderate",623,0.488677501678467,0.425656914710999,0.455793857574463,0.392352908849716,0.406847953796387,0.37118324637413,0.487723499536514,0.452737897634506,0.420780837535858,0.46575540304184,-0.117494255304337,5,2010
525285,5486355,3,"moderate",624,0.238788560032845,0.296854108572006,0.21921817958355,0.219288989901543,0.201082304120064,0.185135662555695,0.14983306825161,0.1583361774683,0.191413849592209,0.234311312437057,-0.0889554917812347,6,2011
482925,5477955,3,"moderate",625,0.572944343090057,0.534142076969147,0.52155727148056,0.54289698600769,0.568736672401428,0.471243977546692,0.534120380878448,0.536155581474304,0.520289540290833,0.562164843082428,-0.101700365543365,5,2010
487365,5467515,3,"moderate",626,0.368911534547806,0.287195205688477,0.286858052015305,0.35618531703949,0.374826788902283,0.320317476987839,0.321870625019073,0.384501129388809,0.363206267356873,0.425366967916489,-0.0820534825325012,2,2007
484425,5489385,3,"moderate",627,0.433839201927185,0.373401373624802,0.394389450550079,0.393850266933441,0.369186252355576,0.348189383745193,0.423736125230789,0.439359098672867,0.413658946752548,0.432003647089005,-0.0856498181819916,5,2010
490305,5479515,3,"moderate",628,0.330257415771484,0.240137085318565,0.210643067955971,0.307873338460922,0.33641317486763,0.227545157074928,0.268656104803085,0.284805625677109,0.312571406364441,0.361534297466278,-0.119614347815514,2,2007
522885,5470125,3,"moderate",629,0.396497994661331,0.403349578380585,0.428096622228622,0.35565647482872,0.365639388561249,0.311863660812378,0.408671408891678,0.321218997240067,0.272139459848404,0.249852851033211,-0.124358534812927,8,2014
483525,5475675,3,"moderate",630,0.386623919010162,0.326145559549332,0.328710794448853,0.29072692990303,0.318539142608643,0.312240421772003,0.324728041887283,0.372375816106796,0.376344561576843,0.378253012895584,-0.095896989107132,3,2008
496605,5445345,3,"moderate",631,0.297830492258072,0.202931717038155,0.225515708327293,0.291833072900772,0.281212985515594,0.243609473109245,0.243697643280029,0.231869876384735,0.250191926956177,0.227400630712509,-0.0948987752199173,1,2006
504375,5461455,3,"moderate",632,0.360843539237976,0.390052944421768,0.373332262039185,0.335691720247269,0.30461910367012,0.280947208404541,0.298281222581863,0.345034092664719,0.327404707670212,0.360209196805954,-0.0798963308334351,5,2010
507975,5441715,3,"moderate",633,0.335705578327179,0.276299208402634,0.243530720472336,0.335107505321503,0.261855870485306,0.284254997968674,0.363486468791962,0.302897542715073,0.335267215967178,0.375027567148209,-0.0921748578548431,2,2007
511815,5484555,3,"moderate",634,0.301752269268036,0.44299989938736,0.380461156368256,0.177131444215775,0.426714032888412,0.552296996116638,0.171875,0.184553727507591,0.20935346186161,0.241565868258476,-0.129877269268036,6,2011
491385,5467635,3,"moderate",635,0.395931899547577,0.386063188314438,0.308866649866104,0.402113735675812,0.322334945201874,0.337416797876358,0.314227283000946,0.334244340658188,0.289912194013596,0.317316770553589,-0.106019705533981,8,2014
488685,5439885,3,"moderate",636,0.385430783033371,0.415065556764603,0.352684050798416,0.381218463182449,0.3612040579319,0.351144164800644,0.38084876537323,0.334212303161621,0.290324121713638,0.308724045753479,-0.0951066613197327,8,2014
484545,5478645,3,"moderate",637,0.419613361358643,0.364399313926697,0.40001368522644,0.322293817996979,0.33771350979805,0.298755407333374,0.366569608449936,0.353938370943069,0.347749352455139,0.409318447113037,-0.120857954025269,5,2010
516135,5466525,3,"moderate",638,0.320342600345612,0.654239654541016,0.486169904470444,0.475212186574936,0.314956426620483,0.643445014953613,0.452772527933121,0.185085609555244,0.233238130807877,0.228648200631142,-0.135256990790367,7,2013
512355,5486835,3,"moderate",639,0.281163990497589,0.548575937747955,0.399600803852081,0.392683297395706,0.693246781826019,0.540114343166351,0.571913301944733,0.164566799998283,0.179243713617325,0.246871322393417,-0.116597190499306,7,2013
501675,5483235,3,"moderate",640,0.22404944896698,0.230753123760223,0.136965602636337,0.22542630136013,0.3170066177845,0.199434384703636,0.149892881512642,0.149364441633224,0.199077054858208,0.215370684862137,-0.0870838463306427,2,2007
500295,5452455,3,"moderate",641,0.34797415137291,0.313627660274506,0.325383901596069,0.367929846048355,0.34799736738205,0.239434882998466,0.408760666847229,0.442092597484589,0.400330781936646,0.458246260881424,-0.108539268374443,5,2010
512985,5449185,3,"moderate",642,0.319185703992844,0.316110819578171,0.252239763736725,0.273230046033859,0.30875039100647,0.209899112582207,0.309294730424881,0.374835640192032,0.511728703975677,0.444568425416946,-0.109286591410637,5,2010
489285,5462175,3,"moderate",643,0.449103891849518,0.44701161980629,0.443528234958649,0.358935922384262,0.459238529205322,0.423177689313889,0.509525537490845,0.493870884180069,0.485847502946854,0.495920836925507,-0.0901679694652557,3,2008
513225,5465445,3,"moderate",644,0.413432270288467,0.380543619394302,0.34914156794548,0.367644757032394,0.328696370124817,0.304368227720261,0.352066487073898,0.354333430528641,0.360675126314163,0.378119617700577,-0.109064042568207,5,2010
515055,5439165,3,"moderate",645,0.410400599241257,0.299122452735901,0.358772069215775,0.396732747554779,0.385813564062119,0.389666944742203,0.392710208892822,0.42279589176178,0.463209927082062,0.461774379014969,-0.111278146505356,1,2006
489045,5439945,3,"moderate",646,0.338858962059021,0.340359210968018,0.315728515386581,0.306876122951508,0.297622114419937,0.249005690217018,0.318609803915024,0.337416410446167,0.280925780534744,0.30822142958641,-0.0898532718420029,5,2010
499005,5448795,3,"moderate",647,0.253616362810135,0.161255791783333,0.242054045200348,0.17947755753994,0.205868914723396,0.395771384239197,0.240393742918968,0.203363284468651,0.270405471324921,0.292100220918655,-0.0923605710268021,1,2006
483045,5458095,3,"moderate",648,0.511157870292664,0.539954245090485,0.543458461761475,0.429294168949127,0.492054581642151,0.550456643104553,0.576753318309784,0.568271040916443,0.563265144824982,0.527385890483856,-0.0818637013435364,3,2008
485745,5485185,3,"moderate",649,0.276469856500626,0.244612440466881,0.196840241551399,0.213290929794312,0.187640205025673,0.15246744453907,0.160514637827873,0.202424600720406,0.175465881824493,0.202454298734665,-0.124002411961555,5,2010
503835,5477595,3,"moderate",650,0.263444066047668,0.174417331814766,0.213534668087959,0.263950020074844,0.245407074689865,0.212165474891663,0.221637800335884,0.26751121878624,0.243245005607605,0.276599377393723,-0.0890267342329025,1,2006
481605,5457825,3,"moderate",651,0.323197573423386,0.297958552837372,0.2644262611866,0.282979547977448,0.243294969201088,0.268563330173492,0.351115345954895,0.329220771789551,0.300446361303329,0.310378104448318,-0.0799026042222977,4,2009
496725,5476935,3,"moderate",652,0.503349244594574,0.467983275651932,0.40443429350853,0.368656247854233,0.51668506860733,0.482007056474686,0.480857491493225,0.448327839374542,0.410523891448975,0.492034882307053,-0.134692996740341,3,2008
507465,5484495,3,"moderate",653,0.233136832714081,0.229018285870552,0.245001405477524,0.354467988014221,0.228866145014763,0.119596153497696,0.266096234321594,0.258402168750763,0.113098032772541,0.318211287260056,-0.12003879994154,8,2014
508605,5478285,3,"moderate",654,0.556523978710175,0.505456566810608,0.46222111582756,0.432504236698151,0.541058778762817,0.497586905956268,0.470409691333771,0.497215449810028,0.483902603387833,0.51152116060257,-0.124019742012024,3,2008
514125,5450055,3,"moderate",655,0.296802699565887,0.286998242139816,0.264439731836319,0.170003414154053,0.278467863798141,0.169424787163734,0.364049315452576,0.392592132091522,0.30850338935852,0.492134660482407,-0.127377912402153,5,2010
487395,5482425,3,"moderate",656,0.44624924659729,0.460625886917114,0.416010528802872,0.371119141578674,0.485394060611725,0.346327245235443,0.474222123622894,0.444958984851837,0.398428976535797,0.47389030456543,-0.0999220013618469,5,2010
516525,5470275,3,"moderate",657,0.343119263648987,0.79077959060669,0.423427700996399,0.331187158823013,0.648905813694,0.329463243484497,0.34422180056572,0.223769530653954,0.237018868327141,0.17477910220623,-0.119349732995033,7,2013
520785,5445345,3,"moderate",658,0.335864067077637,0.317343384027481,0.335641384124756,0.31205216050148,0.354687988758087,0.32532200217247,0.220016449689865,0.271443605422974,0.24167437851429,0.351656913757324,-0.115847617387772,6,2011
489225,5488635,3,"moderate",659,0.406857311725616,0.388245791196823,0.347703784704208,0.384004235267639,0.374552220106125,0.27724301815033,0.398745805025101,0.330341726541519,0.327062368392944,0.430757224559784,-0.129614293575287,5,2010
492765,5439945,3,"moderate",660,0.364227145910263,0.346798658370972,0.327370345592499,0.295246243476868,0.314838081598282,0.276923447847366,0.341511160135269,0.325444430112839,0.327874153852463,0.347620218992233,-0.0873036980628967,5,2010
500565,5446725,3,"moderate",661,0.424461245536804,0.389086008071899,0.363282293081284,0.428633958101273,0.405385464429855,0.34231498837471,0.408138751983643,0.488009989261627,0.469538539648056,0.482151746749878,-0.0821462571620941,5,2010
507735,5468865,3,"moderate",662,0.41247546672821,0.375530660152435,0.332933694124222,0.375330567359924,0.400144666433334,0.351178258657455,0.39240700006485,0.40273317694664,0.336826831102371,0.4012431204319,-0.0795417726039886,2,2007
531465,5471385,3,"moderate",663,0.238873362541199,0.200561389327049,0.236187160015106,0.116664715111256,0.22213377058506,0.284259974956512,0.321142911911011,0.353997766971588,0.379284024238586,0.409676522016525,-0.122208647429943,3,2008
513285,5448825,3,"moderate",664,0.291649401187897,0.216178730130196,0.28713122010231,0.329769283533096,0.25130769610405,0.2733513712883,0.25788676738739,0.244879871606827,0.180360868573189,0.291807442903519,-0.111288532614708,8,2014
529905,5486505,3,"moderate",665,0.321343243122101,0.242800384759903,0.26092654466629,0.296725481748581,0.242538064718246,0.22838132083416,0.308016985654831,0.252261191606522,0.256241291761398,0.303033113479614,-0.092961922287941,5,2010
504765,5463945,3,"moderate",666,0.48218697309494,0.365184217691422,0.417264461517334,0.382494926452637,0.443771213293076,0.392899751663208,0.480725705623627,0.461533516645432,0.42418497800827,0.509768724441528,-0.117002755403519,1,2006
530265,5473065,3,"moderate",667,0.355914354324341,0.357092350721359,0.312469273805618,0.34942039847374,0.301193475723267,0.356037616729736,0.348040074110031,0.318292677402496,0.24354313313961,0.308208882808685,-0.112371221184731,8,2014
502425,5468205,3,"moderate",668,0.21840263903141,0.224139496684074,0.154068857431412,0.110482387244701,0.16284941136837,0.188065528869629,0.100208096206188,0.131044670939445,0.098762609064579,0.178972467780113,-0.119640029966831,8,2014
496245,5476485,3,"moderate",669,0.469576686620712,0.399970799684525,0.390339225530624,0.335348665714264,0.453286975622177,0.557899057865143,0.491705238819122,0.422524243593216,0.396460980176926,0.476660192012787,-0.134228020906448,3,2008
488115,5438925,3,"moderate",670,0.480578631162643,0.451934814453125,0.405517339706421,0.419169068336487,0.376748412847519,0.427718132734299,0.432909905910492,0.420604765415192,0.417124360799789,0.44070553779602,-0.103830218315125,4,2009
499185,5471055,3,"moderate",671,0.218358889222145,0.243171513080597,0.194715514779091,0.256621688604355,0.294174492359161,0.317492127418518,0.271489858627319,0.239666104316711,0.109284795820713,0.239798322319984,-0.109074093401432,8,2014
526965,5441325,3,"moderate",672,0.40242612361908,0.335651218891144,0.277169406414032,0.484200596809387,0.391885787248611,0.467734724283218,0.553207814693451,0.277734667062759,0.307020574808121,0.328160345554352,-0.125256717205048,2,2007
514995,5445675,3,"moderate",673,0.355952709913254,0.312644720077515,0.343525379896164,0.392126619815826,0.375205785036087,0.238892436027527,0.365942537784576,0.346972852945328,0.362920612096786,0.333514302968979,-0.117060273885727,5,2010
512025,5479395,3,"moderate",674,0.294970482587814,0.679589927196503,0.683689653873444,0.352184474468231,0.602305471897125,0.492567807435989,0.416856914758682,0.21311143040657,0.236100614070892,0.23818938434124,-0.0818590521812439,7,2013
501705,5474685,3,"moderate",675,0.557221591472626,0.516730964183807,0.500902891159058,0.464921861886978,0.542360126972198,0.50357460975647,0.563419699668884,0.553365170955658,0.514445304870605,0.541699886322021,-0.0922997295856476,3,2008
497595,5444175,3,"moderate",676,0.284228950738907,0.232602044939995,0.21844944357872,0.158945560455322,0.203634098172188,0.241935268044472,0.196312382817268,0.279388040304184,0.255361378192902,0.281901508569717,-0.125283390283585,3,2008
499485,5448435,3,"moderate",677,0.394961804151535,0.390837341547012,0.30853658914566,0.28538915514946,0.271638482809067,0.29769492149353,0.29825896024704,0.30996835231781,0.268904358148575,0.285370796918869,-0.12605744600296,8,2014
493455,5457525,3,"moderate",678,0.25578984618187,0.172182440757751,0.161553338170052,0.181119754910469,0.252247422933578,0.215258061885834,0.229635387659073,0.243551969528198,0.322281122207642,0.307643115520477,-0.0942365080118179,2,2007
527295,5468925,3,"moderate",679,0.40626460313797,0.360143005847931,0.311914086341858,0.287049949169159,0.334978044033051,0.408835262060165,0.356112390756607,0.320963352918625,0.335620164871216,0.37954768538475,-0.119214653968811,3,2008
519195,5459625,3,"moderate",680,0.367654979228973,0.590736210346222,0.2709159553051,0.320708453655243,0.520459115505219,0.402656048536301,0.325623035430908,0.252265214920044,0.238094389438629,0.162215292453766,-0.129560589790344,8,2014
504795,5485005,3,"moderate",681,0.205169200897217,0.199358746409416,0.126545548439026,0.173689693212509,0.177364557981491,0.203149557113647,0.198258236050606,0.198715373873711,0.181939393281937,0.228785127401352,-0.0786236524581909,2,2007
495705,5486565,3,"moderate",682,0.242091715335846,0.18267896771431,0.12606355547905,0.180281355977058,0.265665054321289,0.234270498156548,0.192498788237572,0.190618559718132,0.136586517095566,0.229489982128143,-0.116028159856796,2,2007
531075,5457645,3,"moderate",683,0.284473419189453,0.282515287399292,0.304500699043274,0.310984194278717,0.288842439651489,0.174245610833168,0.205710768699646,0.320068597793579,0.294477939605713,0.367166638374329,-0.110227808356285,5,2010
505125,5464935,3,"moderate",684,0.437736093997955,0.430090308189392,0.437093883752823,0.411220163106918,0.462778568267822,0.332423806190491,0.5094113945961,0.499598234891891,0.503451943397522,0.502047717571259,-0.105312287807465,5,2010
517665,5447055,3,"moderate",685,0.448775261640549,0.389490246772766,0.379702687263489,0.39366027712822,0.398370265960693,0.463211953639984,0.411830931901932,0.383713483810425,0.363023012876511,0.315291106700897,-0.0857522487640381,8,2014
506445,5455245,3,"moderate",686,0.283033728599548,0.233113989233971,0.253791630268097,0.198897287249565,0.219977393746376,0.260419219732285,0.301060378551483,0.312393814325333,0.235301941633224,0.349038481712341,-0.0841364413499832,3,2008
504315,5449905,3,"moderate",687,0.477564573287964,0.423023849725723,0.38735020160675,0.393049240112305,0.478353232145309,0.383535951375961,0.462436705827713,0.443426668643951,0.430706113576889,0.492515712976456,-0.0940286219120026,5,2010
501705,5474295,3,"moderate",688,0.490059375762939,0.459153473377228,0.442324757575989,0.390797555446625,0.55607134103775,0.57301276922226,0.517011225223541,0.493307381868362,0.50239896774292,0.48227334022522,-0.0992618203163147,3,2008
501675,5477235,3,"moderate",689,0.233617693185806,0.18872894346714,0.186212405562401,0.227752208709717,0.252567768096924,0.120731398463249,0.20572692155838,0.229339182376862,0.206223160028458,0.24552421271801,-0.112886294722557,5,2010
522945,5471445,3,"moderate",690,0.326068341732025,0.309353888034821,0.226368233561516,0.282709419727325,0.290358304977417,0.287011504173279,0.276574164628983,0.310927003622055,0.330544322729111,0.309363603591919,-0.0997001081705093,2,2007
516105,5454405,3,"moderate",691,0.364768505096436,0.396764904260635,0.410633832216263,0.327636033296585,0.425764858722687,0.263797134160995,0.382830291986465,0.422455757856369,0.403438746929169,0.454189598560333,-0.10097137093544,5,2010
504795,5449935,3,"moderate",692,0.273498922586441,0.295281141996384,0.235235527157784,0.254863679409027,0.206158235669136,0.14733250439167,0.265760362148285,0.269530147314072,0.219673633575439,0.31054151058197,-0.126166418194771,5,2010
514755,5458155,3,"moderate",693,0.401149243116379,0.362052023410797,0.372692465782166,0.405022978782654,0.356629103422165,0.343553632497787,0.34147572517395,0.346497565507889,0.294343888759613,0.345187455415726,-0.106805354356766,8,2014
485235,5482485,3,"moderate",694,0.213320925831795,0.202655300498009,0.194031581282616,0.190509930253029,0.18001164495945,0.228323668241501,0.200263887643814,0.186038345098495,0.125774502754211,0.227755814790726,-0.0875464230775833,8,2014
507195,5451405,3,"moderate",695,0.442140847444534,0.375592827796936,0.399519085884094,0.350182831287384,0.435080081224442,0.353473007678986,0.437130808830261,0.531864762306213,0.4527547955513,0.555836856365204,-0.0919580161571503,3,2008
494445,5470875,3,"moderate",696,0.399760901927948,0.292381823062897,0.311929732561111,0.324230909347534,0.32673516869545,0.268648087978363,0.306723088026047,0.32073962688446,0.440738469362259,0.403576105833054,-0.131112813949585,5,2010
529815,5443575,3,"moderate",697,0.241310447454453,0.234844073653221,0.165229737758636,0.185658171772957,0.117466934025288,0.149331912398338,0.153646856546402,0.244910523295403,0.236567422747612,0.194183334708214,-0.123843513429165,4,2009
505425,5472225,3,"moderate",698,0.444885432720184,0.348242402076721,0.39709010720253,0.409794539213181,0.464565396308899,0.421447187662125,0.454697549343109,0.395660668611526,0.367565989494324,0.44579091668129,-0.0966430306434631,1,2006
522735,5469375,3,"moderate",699,0.421548753976822,0.47672301530838,0.43919649720192,0.414266407489777,0.351979613304138,0.303656816482544,0.304239690303802,0.320954501628876,0.293019145727158,0.387794554233551,-0.128529608249664,8,2014
519735,5461065,3,"moderate",700,0.317837208509445,0.744037508964539,0.460476517677307,0.267586350440979,0.463912218809128,0.488426804542542,0.330894321203232,0.234051644802094,0.225762501358986,0.139640986919403,-0.0920747071504593,8,2014
481875,5479395,3,"moderate",701,0.397877722978592,0.3624127805233,0.388950675725937,0.37593412399292,0.311538755893707,0.341687321662903,0.299983650445938,0.375243693590164,0.362746983766556,0.40001904964447,-0.0978940725326538,6,2011
487725,5484315,3,"moderate",702,0.254380494356155,0.272335261106491,0.281224489212036,0.279300779104233,0.293184995651245,0.166942343115807,0.219533637166023,0.255005091428757,0.233836069703102,0.266692906618118,-0.0874381512403488,5,2010
504915,5464275,3,"moderate",703,0.309300392866135,0.242530569434166,0.285039275884628,0.370794296264648,0.367759376764297,0.174618154764175,0.364807516336441,0.347348362207413,0.386173218488693,0.436729937791824,-0.134682238101959,5,2010
496545,5459685,3,"moderate",704,0.357437342405319,0.248770892620087,0.300706923007965,0.335192739963531,0.299203872680664,0.569621086120605,0.309192389249802,0.30692383646965,0.302185773849487,0.379423558712006,-0.108666449785233,1,2006
518355,5482095,3,"moderate",705,0.532807350158691,0.487962245941162,0.492554008960724,0.440812766551971,0.486322075128555,0.44906497001648,0.509132564067841,0.470079630613327,0.453853517770767,0.478353768587112,-0.09199458360672,3,2008
501645,5474385,3,"moderate",706,0.536882102489471,0.53060793876648,0.528532266616821,0.42842048406601,0.559348940849304,0.608973264694214,0.611697018146515,0.541429758071899,0.513794541358948,0.499058812856674,-0.108461618423462,3,2008
492045,5453985,3,"moderate",707,0.338888198137283,0.258182257413864,0.251373767852783,0.266800165176392,0.254003643989563,0.205426037311554,0.261193960905075,0.249094814062119,0.238707184791565,0.261838555335999,-0.133462160825729,5,2010
507495,5447355,3,"moderate",708,0.218165934085846,0.201220765709877,0.194613039493561,0.147885605692863,0.156899586319923,0.118647009134293,0.140285551548004,0.190357849001884,0.213106423616409,-0.209636494517326,-0.0995189249515533,5,2010
511695,5446725,3,"moderate",709,0.415789663791656,0.321312427520752,0.396930903196335,0.45072078704834,0.447725594043732,0.395280212163925,0.50633430480957,0.391060799360275,0.568186342716217,0.448916524648666,-0.0944772362709045,1,2006
509655,5455935,3,"moderate",710,0.555983066558838,0.45115464925766,0.504295647144318,0.518589973449707,0.505123555660248,0.537693977355957,0.502361059188843,0.487848907709122,0.497049540281296,0.483007311820984,-0.104828417301178,1,2006
505245,5453955,3,"moderate",711,0.337757080793381,0.385299921035767,0.340949892997742,0.278059720993042,0.333280146121979,0.204168364405632,0.44271245598793,0.462341904640198,0.404256016016006,0.5130455493927,-0.133588716387749,5,2010
516195,5481855,3,"moderate",712,0.314816504716873,0.308360755443573,0.314707815647125,0.334999680519104,0.332259684801102,0.214817956089973,0.31386187672615,0.306493639945984,0.229754269123077,0.238974511623383,-0.0999985486268997,5,2010
529545,5439045,3,"moderate",713,0.273921221494675,0.279838889837265,0.208826705813408,0.241225928068161,0.164120450615883,0.312188744544983,0.241484060883522,0.343369781970978,0.188719347119331,0.26686480641365,-0.109800770878792,4,2009
490755,5467785,3,"moderate",714,0.399162828922272,0.379565209150314,0.310044378042221,0.378505170345306,0.416311621665955,0.354133695363998,0.33789786696434,0.364286333322525,0.350757867097855,0.287087917327881,-0.0891184508800507,2,2007
509085,5473095,3,"moderate",715,0.36453366279602,0.341343611478806,0.336019933223724,0.321935147047043,0.386960506439209,0.26232060790062,0.420969158411026,0.394152343273163,0.424166709184647,0.45717266201973,-0.102213054895401,5,2010
499695,5446905,3,"moderate",716,0.334219247102737,0.258578956127167,0.233451187610626,0.250878155231476,0.252553284168243,0.264424234628677,0.212665915489197,0.299109250307083,0.281682163476944,0.318299621343613,-0.121553331613541,6,2011
489795,5464545,3,"moderate",717,0.211365714669228,0.183784440159798,0.171350628137589,0.221088573336601,0.213737353682518,0.158345386385918,0.208436161279678,0.225567981600761,0.116157606244087,0.248625159263611,-0.0952081084251404,8,2014
498045,5476635,3,"moderate",718,0.439663171768188,0.412677884101868,0.35167407989502,0.403750628232956,0.438705235719681,0.436192542314529,0.475879698991776,0.364004760980606,0.323721438646317,0.358331054449081,-0.115941733121872,8,2014
492315,5454855,3,"moderate",719,0.404133766889572,0.380543619394302,0.302578121423721,0.354413539171219,0.490676581859589,0.326823055744171,0.432260811328888,0.348010450601578,0.372977077960968,0.376164495944977,-0.101555645465851,2,2007
506025,5464695,3,"moderate",720,0.524510145187378,0.470610409975052,0.50207781791687,0.498591691255569,0.452951461076736,0.405071884393692,0.523082971572876,0.508296608924866,0.49933847784996,0.478059381246567,-0.119438260793686,5,2010
492075,5461365,3,"moderate",721,0.5081866979599,0.489986628293991,0.53372460603714,0.384065359830856,0.496942937374115,0.437450081110001,0.505633354187012,0.518956005573273,0.480337530374527,0.524445533752441,-0.124121338129044,3,2008
491835,5452815,3,"moderate",722,0.417244762182236,0.358754843473434,0.4056256711483,0.365943968296051,0.411249130964279,0.319872856140137,0.416033416986465,0.476075619459152,0.366538107395172,0.462712943553925,-0.097371906042099,5,2010
502305,5468265,3,"moderate",723,0.200300812721252,0.206017702817917,0.138380542397499,0.113588437438011,0.138869136571884,0.139566108584404,0.188437029719353,0.197528600692749,0.170480132102966,0.224721238017082,-0.0867123752832413,3,2008
507915,5444295,3,"moderate",724,0.366173714399338,0.268756359815598,0.333659738302231,0.367668241262436,0.350908428430557,0.409010320901871,0.430500745773315,0.336384356021881,0.372695475816727,0.196858704090118,-0.0974173545837402,1,2006
495405,5445255,3,"moderate",725,0.246349424123764,0.188610062003136,0.266761034727097,0.137052223086357,0.183951690793037,0.232994243502617,0.13850112259388,0.250334858894348,0.204457998275757,0.298663079738617,-0.109297201037407,3,2008
517095,5452515,3,"moderate",726,0.454868048429489,0.391718626022339,0.428117543458939,0.408912867307663,0.452798962593079,0.373217433691025,0.425124973058701,0.435832500457764,0.362792462110519,0.413606941699982,-0.0920755863189697,8,2014
503595,5483805,3,"moderate",727,0.340938121080399,0.392433881759644,0.372373461723328,0.329347431659698,0.314550042152405,0.50732034444809,0.302425771951675,0.260544210672379,0.517159461975098,0.348851263523102,-0.08039391040802,7,2013
515145,5461935,3,"moderate",728,0.299595385789871,0.280236035585403,0.242931634187698,0.182385548949242,0.208341807126999,0.211602821946144,0.23077192902565,0.252026408910751,0.238836288452148,0.238338217139244,-0.11720983684063,3,2008
484875,5466195,3,"moderate",729,0.414071172475815,0.337707310914993,0.326863974332809,0.424760818481445,0.385486423969269,0.354089498519897,0.350829541683197,0.394773304462433,0.392659306526184,0.468642711639404,-0.0872071981430054,2,2007
516135,5455005,3,"moderate",730,0.351982086896896,0.337002545595169,0.372083842754364,0.366336524486542,0.396821141242981,0.271546870470047,0.386152327060699,0.404945969581604,0.414073050022125,0.457138776779175,-0.0804352164268494,5,2010
492105,5443755,3,"moderate",731,0.272085398435593,0.23928090929985,0.191716283559799,0.218089282512665,0.260901749134064,0.292921811342239,0.293843418359756,0.245276212692261,0.221767634153366,0.326929360628128,-0.0803691148757935,2,2007
509115,5456505,3,"moderate",732,0.327133566141129,0.266532123088837,0.27018216252327,0.256498575210571,0.227764025330544,0.249508962035179,0.206328794360161,0.271103352308273,0.311737865209579,0.282481253147125,-0.120804771780968,6,2011
502365,5467275,3,"moderate",733,0.362720876932144,0.355189174413681,0.356257617473602,0.26395446062088,0.359381765127182,0.438144505023956,0.448565632104874,0.480038970708847,0.427806615829468,0.556502938270569,-0.098766416311264,3,2008
517155,5455695,3,"moderate",734,0.208052471280098,0.148924261331558,0.186141923069954,0.178699985146523,0.243789568543434,0.0962179526686668,0.182843461632729,0.197224795818329,0.0751430317759514,0.179024115204811,-0.132909439504147,8,2014
501015,5481315,3,"moderate",735,0.382409900426865,0.360492646694183,0.346309512853622,0.306792140007019,0.379935711622238,0.387017250061035,0.394519180059433,0.332504421472549,0.249052420258522,0.199830323457718,-0.133357480168343,8,2014
495675,5469045,3,"moderate",736,0.33502796292305,0.314931690692902,0.273915946483612,0.366522550582886,0.322643011808395,0.23685148358345,0.285903602838516,0.380647748708725,0.313907951116562,0.414027959108353,-0.0981764793395996,5,2010
498135,5458065,3,"moderate",737,0.350745737552643,0.257359176874161,0.272870242595673,0.34144526720047,0.310577124357224,0.487216949462891,0.323511093854904,0.283891558647156,0.39393737912178,0.363544672727585,-0.093386560678482,1,2006
506475,5473455,3,"moderate",738,0.356582790613174,0.226493552327156,0.275654137134552,0.344166368246078,0.344791918992996,0.314973264932632,0.311994433403015,0.370464891195297,0.343743056058884,0.349583804607391,-0.130089238286018,1,2006
493035,5470725,3,"moderate",739,0.367782980203629,0.268733501434326,0.2987100481987,0.327069044113159,0.242646247148514,0.32131627202034,0.320362746715546,0.345200687646866,0.4588583111763,0.444707155227661,-0.125136733055115,4,2009
493905,5468325,3,"moderate",740,0.221455559134483,0.225327119231224,0.22815902531147,0.247669279575348,0.290181547403336,0.137616083025932,0.216642513871193,0.271256655454636,0.265170305967331,0.333479642868042,-0.083839476108551,5,2010
529665,5458545,3,"moderate",741,0.45264932513237,0.485382795333862,0.402386665344238,0.454228729009628,0.402073860168457,0.420115202665329,0.378702402114868,0.36698117852211,0.375689208507538,0.425918638706207,-0.08566814661026,7,2013
513975,5476365,3,"moderate",742,0.26552826166153,0.492432475090027,0.48561292886734,0.361574500799179,0.417700260877609,0.301620274782181,0.383278489112854,0.167452558875084,0.172835454344749,0.210919260978699,-0.0980757027864456,7,2013
482535,5437395,3,"moderate",743,0.234806060791016,0.174492329359055,0.145982012152672,0.222580924630165,0.236172035336494,0.204305425286293,0.261704117059708,0.304420083761215,0.304313629865646,0.223368749022484,-0.0888240486383438,2,2007
527625,5470305,3,"moderate",744,0.445557653903961,0.428254723548889,0.448452025651932,0.365204960107803,0.456849873065948,0.453381150960922,0.44535505771637,0.444819957017899,0.469124376773834,0.49654296040535,-0.0803526937961578,3,2008
499215,5458575,3,"moderate",745,0.247017383575439,0.221929267048836,0.21048292517662,0.153784796595573,0.308805495500565,0.223346844315529,0.229274764657021,0.253850430250168,0.376634746789932,0.339985370635986,-0.093232586979866,3,2008
508335,5452365,3,"moderate",746,0.387874633073807,0.384984612464905,0.326536148786545,0.334257751703262,0.33555281162262,0.352065443992615,0.291609585285187,0.353223979473114,0.338415414094925,0.371250540018082,-0.09626504778862,6,2011
518235,5489025,3,"moderate",747,0.393339097499847,0.365449011325836,0.352435946464539,0.348898202180862,0.354666948318481,0.294395089149475,0.383871346712112,0.389883309602737,0.367714375257492,0.402023434638977,-0.0989440083503723,5,2010
502815,5474145,3,"moderate",748,0.459182500839233,0.466519922018051,0.465253055095673,0.360347658395767,0.482112377882004,0.455508291721344,0.506796002388,0.487761676311493,0.47092741727829,0.431808620691299,-0.0988348424434662,3,2008
524325,5455095,3,"moderate",749,0.361079156398773,0.427696406841278,0.368369102478027,0.348869621753693,0.320796817541122,0.245161652565002,0.442613750696182,0.417097896337509,0.37125489115715,0.3232541680336,-0.115917503833771,5,2010
504585,5477265,3,"moderate",750,0.380292296409607,0.357978016138077,0.34761169552803,0.346520870923996,0.350764572620392,0.31098023056984,0.283000886440277,0.366157174110413,0.333487391471863,0.379816830158234,-0.0972914099693298,6,2011
496905,5470125,4,"high",751,0.366219162940979,0.400135695934296,0.250609904527664,0.175860598683357,0.351915895938873,0.199293121695518,0.472312241792679,0.431776404380798,0.40817853808403,0.462872982025146,-0.190358564257622,3,2008
512895,5449125,4,"high",752,0.273766666650772,0.268144190311432,0.217080563306808,0.221340849995613,0.297899454832077,0.191965252161026,0.311667561531067,0.351412743330002,0.0425166711211205,0.364308685064316,-0.231249995529652,8,2014
518235,5472855,4,"high",753,0.451026916503906,0.722443282604218,0.66506153345108,0.307553678750992,0.500996530056,0.847030401229858,0.67029732465744,0.260900348424911,0.230746448040009,0.240530356764793,-0.220280468463898,8,2014
505785,5463765,4,"high",754,0.394759178161621,0.324505686759949,0.359109193086624,0.2497838139534,0.4184210896492,0.348185390233994,0.438604980707169,0.505788505077362,0.306648075580597,0.519021928310394,-0.144975364208221,3,2008
528915,5471535,4,"high",755,0.288023173809052,0.298271328210831,0.291619837284088,0.187483698129654,0.196298211812973,0.161493733525276,0.128894433379173,0.206891715526581,0.169600814580917,0.282256782054901,-0.159128740429878,6,2011
521325,5451315,4,"high",756,0.366791516542435,0.328783601522446,0.341500520706177,0.326032876968384,-0.0374814569950104,0.0220510363578796,0.0913614928722382,0.151828646659851,0.187257587909698,0.310733586549759,-0.404272973537445,4,2009
488655,5477565,4,"high",757,0.455564230680466,0.359618902206421,0.365239441394806,0.345873862504959,0.36365869641304,0.161056190729141,0.376705437898636,0.443466812372208,0.45102122426033,0.509458959102631,-0.294508039951324,5,2010
512055,5454585,4,"high",758,0.391596734523773,0.369409382343292,0.303832501173019,0.334012538194656,0.338191092014313,0.19588141143322,0.382830053567886,0.437109917402267,0.407756805419922,0.449008852243423,-0.195715323090553,5,2010
500295,5465805,4,"high",759,0.402362108230591,0.406765669584274,0.409656584262848,0.324487566947937,0.236687257885933,0.253178089857101,0.348817110061646,0.407573282718658,0.305119723081589,0.4560726583004,-0.165674850344658,4,2009
519135,5482125,4,"high",760,0.395797073841095,0.375176131725311,0.354994118213654,0.340133011341095,0.316655665636063,0.280293643474579,0.244498625397682,0.306714713573456,0.308102905750275,0.33350944519043,-0.151298448443413,6,2011
516855,5463435,4,"high",761,0.485601276159286,0.767414331436157,0.680426597595215,0.482556134462357,0.696952819824219,0.689324378967285,0.486187845468521,0.25740858912468,0.184384435415268,0.213404804468155,-0.301216840744019,8,2014
521715,5438775,4,"high",762,0.384461849927902,0.365798711776733,0.368566930294037,0.236300945281982,0.373012512922287,0.334837943315506,0.375877052545547,0.372815549373627,0.343748480081558,0.399955362081528,-0.14816090464592,3,2008
508545,5467275,4,"high",763,0.307447850704193,0.311427623033524,0.26387220621109,0.254689455032349,0.277201682329178,0.170419842004776,0.374764949083328,0.441041052341461,0.378782004117966,0.575936198234558,-0.137028008699417,5,2010
527085,5451435,4,"high",764,0.217435374855995,0.223546221852303,0.0234813652932644,0.197109937667847,0.119562238454819,0.100016117095947,0.247048914432526,0.227030664682388,0.251664370298386,0.296540886163712,-0.193954009562731,2,2007
498825,5468955,4,"high",765,0.410291463136673,0.605304956436157,0.478165030479431,0.476323455572128,0.114888489246368,0.500552475452423,0.334093600511551,0.428308129310608,0.33309081196785,0.344553500413895,-0.295402973890305,4,2009
508395,5468295,4,"high",766,0.429074138402939,0.395743399858475,0.128995567560196,0.164651438593864,0.137045159935951,0.133150041103363,0.0980724096298218,-0.0755394175648689,-0.174422234296799,0.257112592458725,-0.603496372699738,8,2014
512145,5484645,4,"high",767,0.347163289785385,0.608629465103149,0.562780499458313,0.4728042781353,0.609647810459137,0.21700730919838,0.30717796087265,0.121147476136684,0.221919357776642,0.238898247480392,-0.226015813648701,7,2013
481605,5473305,4,"high",768,0.267806500196457,0.344426453113556,0.286719977855682,0.337356835603714,0.306180506944656,0.184703558683395,0.287209451198578,-0.00365946418605745,0.0724247843027115,0.399800598621368,-0.271465964382514,7,2013
516585,5464875,4,"high",769,0.477335065603256,0.664631366729736,0.669827818870544,0.520562469959259,0.542615532875061,0.634405314922333,0.534404933452606,0.239762529730797,0.155489340424538,0.234505921602249,-0.321845725178719,8,2014
490815,5461305,4,"high",770,0.242995142936707,0.17491115629673,0.207046583294868,0.139398455619812,0.127670347690582,0.105842277407646,0.196199014782906,0.218936949968338,0.181458368897438,0.241110995411873,-0.13715286552906,5,2010
518655,5469405,4,"high",771,0.751180529594421,0.845994353294373,0.629427790641785,0.686073839664459,0.650658249855042,0.523674726486206,0.412593513727188,0.260259479284286,0.241872176527977,0.223948538303375,-0.509308353066444,8,2014
514095,5476155,4,"high",772,0.254622042179108,0.328262537717819,0.571070194244385,0.274352729320526,0.764757335186005,0.339882731437683,0.490246176719666,0.135168343782425,0.0988936349749565,0.1775072067976,-0.155728407204151,8,2014
520875,5478675,4,"high",773,0.209026962518692,0.167341068387032,0.123283833265305,0.155094370245934,-0.0545293837785721,-0.0349344201385975,0.127547800540924,0.172733426094055,0.163984298706055,0.25749483704567,-0.263556346297264,4,2009
524955,5459535,4,"high",774,0.36197155714035,0.216757327318192,0.396160572767258,0.180940419435501,0.375615447759628,0.250219017267227,0.251038908958435,0.426975041627884,0.456722438335419,0.00132607424166054,-0.181031137704849,3,2008
516135,5470845,4,"high",775,0.750439703464508,0.79474550485611,0.629427790641785,0.548827826976776,0.6982741355896,0.326105713844299,0.35938149690628,0.271984964609146,0.238674715161324,0.170688852667809,-0.511764988303185,8,2014
522585,5459385,4,"high",776,0.574980974197388,0.573657751083374,0.543145298957825,0.455947279930115,0.449651032686234,0.53815495967865,0.297738999128342,0.0770134255290031,0.19755157828331,0.141305774450302,-0.497967548668385,7,2013
531045,5442375,4,"high",777,0.208254933357239,0.428567826747894,0.461610734462738,0.458766877651215,0.349723339080811,0.39397719502449,0.0186030194163322,0.073091134428978,0.262509882450104,0.306304305791855,-0.189651913940907,6,2011
497895,5484555,4,"high",778,0.323577642440796,0.369478404521942,0.20645022392273,0.302342057228088,0.287511914968491,0.284534782171249,0.190744876861572,0.106266520917416,0.160888507962227,0.0730765536427498,-0.21731112152338,7,2013
496995,5470425,4,"high",779,0.43605974316597,0.385324984788895,0.367067903280258,0.278149038553238,0.397891461849213,0.230968117713928,0.488698750734329,0.371760785579681,0.345305025577545,0.434184789657593,-0.205091625452042,5,2010
516825,5464785,4,"high",780,0.476572543382645,0.856940507888794,0.490630149841309,0.51769608259201,0.303111106157303,0.946703493595123,0.494220405817032,0.232649311423302,0.159412682056427,0.223882243037224,-0.317159861326218,8,2014
498195,5487075,4,"high",781,0.358334511518478,0.321276754140854,0.339276283979416,0.241688251495361,0.163779035210609,0.139616459608078,0.170219242572784,0.192713677883148,0.121840506792068,0.0176322590559721,-0.23649400472641,8,2014
522915,5448525,4,"high",782,0.313147962093353,0.205257505178452,0.259571313858032,0.0746568739414215,0.0349428877234459,0.0431986711919308,0.162713184952736,0.250812262296677,0.221379816532135,0.291843771934509,-0.278205074369907,4,2009
518355,5465625,4,"high",783,0.576301336288452,0.523678600788116,0.603737890720367,0.549674093723297,0.435870707035065,0.572813212871552,0.16522242128849,0.216892942786217,0.242167830467224,0.234520331025124,-0.411078914999962,6,2011
512115,5483715,4,"high",784,0.48615974187851,0.534762144088745,0.656233608722687,0.608133852481842,0.724698007106781,0.566523611545563,0.488994389772415,0.179401531815529,0.238615155220032,0.202418729662895,-0.306758210062981,7,2013
527595,5445315,4,"high",785,0.607582211494446,0.595452427864075,0.489013016223907,0.407273977994919,0.483112126588821,0.294003903865814,0.348002672195435,0.168000042438507,0.25576588511467,0.208966627717018,-0.439582169055939,7,2013
508245,5475885,4,"high",786,0.250744104385376,0.259318917989731,0.234791204333305,0.202230766415596,0.227838039398193,0.0912935733795166,0.165947765111923,0.215745761990547,0.166870296001434,0.263456851243973,-0.159450531005859,5,2010
527625,5444895,4,"high",787,0.424743145704269,0.35836586356163,0.302425414323807,0.0859363377094269,0.28880500793457,0.176794797182083,0.270030617713928,-0.123385787010193,0.00737754022702575,0.288642853498459,-0.548128932714462,7,2013
521535,5461695,4,"high",788,0.480585068464279,0.761265456676483,0.602660596370697,0.676883697509766,0.771336019039154,0.396657884120941,0.41969832777977,0.259334444999695,0.19077356159687,0.207180604338646,-0.289811506867409,8,2014
525675,5449605,4,"high",789,0.45170447230339,0.475514382123947,0.39684647321701,0.439629286527634,0.299426943063736,0.515685498714447,0.515521705150604,0.476731032133102,0.457597613334656,0.328702300786972,-0.152277529239655,4,2009
531555,5468715,4,"high",790,0.294257014989853,0.260220259428024,0.248139753937721,0.269628077745438,0.175195291638374,0.10761733353138,0.225038111209869,0.266983211040497,0.167053759098053,0.312313467264175,-0.186639681458473,5,2010
490455,5471655,4,"high",791,0.43967404961586,0.428515911102295,0.413376420736313,0.365823775529861,0.430453956127167,0.274528980255127,0.43938884139061,0.449451416730881,0.333710104227066,0.483793586492538,-0.165145069360733,5,2010
507165,5457615,4,"high",792,0.455884009599686,0.368082493543625,0.404831051826477,0.019936004653573,0.0454142577946186,0.064240574836731,0.253139317035675,0.360781222581863,0.148310244083405,0.417995542287827,-0.435948004946113,3,2008
515325,5480085,4,"high",793,0.474509805440903,0.607107996940613,0.430198013782501,0.294448852539062,0.724081814289093,0.12156143039465,0.155039310455322,0.194455683231354,0.209132343530655,0.191140592098236,-0.352948375046253,5,2010
515475,5469645,4,"high",794,0.476113051176071,0.783560216426849,0.631273210048676,0.590904355049133,0.801736295223236,0.492251068353653,0.483703583478928,0.259591162204742,0.229817315936089,0.152243718504906,-0.246295735239983,8,2014
509055,5448195,4,"high",795,0.262495040893555,0.242785319685936,0.225651398301125,0.294106066226959,0.229275047779083,0.111338324844837,0.251125901937485,0.235024601221085,0.237495705485344,-0.0759415552020073,-0.151156716048717,5,2010
514935,5481285,4,"high",796,0.486862987279892,0.696544468402863,0.476658999919891,0.389776259660721,0.561727464199066,0.367037028074265,0.489878535270691,0.212377399206161,0.135339111089706,0.188511252403259,-0.351523876190186,8,2014
490695,5486925,4,"high",797,0.328509002923965,0.277646958827972,0.29119747877121,0.285622209310532,0.334572941064835,0.157215192914009,0.349108010530472,0.30675333738327,0.352028876543045,0.274223685264587,-0.171293810009956,5,2010
516255,5468595,4,"high",798,0.677656352519989,0.704534828662872,0.580981910228729,0.538868427276611,0.489277213811874,0.279195159673691,0.33457612991333,0.20955428481102,0.241035133600235,0.159825310111046,-0.468102067708969,7,2013
521505,5457225,4,"high",799,0.307586789131165,0.450203537940979,0.684262156486511,0.593426764011383,0.373155891895294,0.491198271512985,0.285294324159622,0.081175222992897,0.181813582777977,0.145134314894676,-0.226411566138268,7,2013
491655,5468295,4,"high",800,0.330686569213867,0.310093075037003,0.329843729734421,0.148725047707558,0.315762102603912,0.265094697475433,0.355162292718887,0.403286933898926,0.383360147476196,0.396344900131226,-0.18196152150631,3,2008
492435,5484645,4,"high",801,0.266848295927048,0.255755096673965,0.220918834209442,0.234511211514473,0.187045574188232,0.106666289269924,0.0995211377739906,0.148744374513626,0.116122126579285,0.24151548743248,-0.167327158153057,6,2011
512445,5481375,4,"high",802,0.411052912473679,0.638443529605865,0.456339627504349,0.539662599563599,0.727377593517303,0.565631687641144,0.314754486083984,0.126117497682571,0.249637991189957,0.093101903796196,-0.284935414791107,7,2013
505635,5447955,4,"high",803,0.304287046194077,0.209493458271027,0.0936466827988625,-0.0428250953555107,0.0435975380241871,0.143591865897179,0.134659498929977,0.269235223531723,0.275712847709656,0.131990596652031,-0.347112141549587,3,2008
488955,5488425,4,"high",804,0.378672003746033,0.343933999538422,0.320994734764099,0.318712770938873,0.305399715900421,0.16110771894455,0.266966611146927,0.235543191432953,0.202210977673531,0.319774091243744,-0.217564284801483,5,2010
501975,5446155,4,"high",805,0.462476670742035,0.363493323326111,0.482905328273773,0.518468737602234,0.453708499670029,0.423823863267899,0.373618692159653,0.277148991823196,0.738758146762848,0.196992605924606,-0.185327678918839,7,2013
512745,5476125,4,"high",806,0.412881225347519,0.548154056072235,0.511297583580017,0.377383559942245,0.509690642356873,0.310525864362717,0.401920646429062,0.237619325518608,0.290409505367279,0.197030872106552,-0.175261899828911,7,2013
503565,5452635,4,"high",807,0.283802002668381,0.231346786022186,0.217179194092751,0.114678010344505,0.278026223182678,0.169336721301079,0.369470357894897,0.448432117700577,0.290794104337692,0.51291435956955,-0.169123992323875,3,2008
481245,5440185,4,"high",808,0.254070430994034,0.237078800797462,0.0269484985619783,0.0988470166921616,0.239958956837654,0.242639988660812,0.290821462869644,0.360696375370026,0.348791092634201,0.438114136457443,-0.227121932432055,2,2007
528045,5487945,4,"high",809,0.206670254468918,0.0386020578444004,0.164690598845482,0.237682655453682,0.229554980993271,0.0552318915724754,0.229158446192741,0.27587965130806,0.258199632167816,0.316019415855408,-0.168068196624517,1,2006
519405,5450925,4,"high",810,0.357897967100143,0.289109468460083,0.348769336938858,0.177430972456932,0.368150532245636,0.225559756159782,0.429474323987961,0.488986134529114,0.497005879878998,0.522593259811401,-0.180466994643211,3,2008
523665,5459355,4,"high",811,0.336715459823608,0.592023611068726,0.703735530376434,0.369145840406418,0.594685733318329,0.3879753947258,0.371779918670654,0.0888918787240982,0.233459129929543,0.143221959471703,-0.24782358109951,7,2013
517725,5465955,4,"high",812,0.33496955037117,0.644471287727356,0.467181473970413,0.549674093723297,0.338506042957306,0.828580260276794,0.322686403989792,0.154994070529938,0.158592596650124,0.213328778743744,-0.179975479841232,7,2013
518595,5448495,4,"high",813,0.326090157032013,0.244657218456268,0.263327211141586,0.425867676734924,0.293190181255341,0.142684102058411,0.320667147636414,0.286316722631454,0.268498122692108,0.33238086104393,-0.183406054973602,5,2010
531435,5441565,4,"high",814,0.466343522071838,0.40731954574585,0.310635447502136,0.468639999628067,0.334967970848083,0.305454760789871,0.273062378168106,0.248115196824074,0.32964676618576,0.136446490883827,-0.218228325247765,7,2013
520155,5462625,4,"high",815,0.634190440177917,0.592820763587952,0.49805098772049,0.464493870735168,0.489738494157791,0.639143705368042,0.325401365756989,0.223591536283493,0.225414708256721,0.182556256651878,-0.410598903894424,7,2013
520995,5464065,4,"high",816,0.492938965559006,0.558216512203217,0.542449414730072,0.260131686925888,0.442258328199387,0.600621163845062,0.186533331871033,0.217297434806824,0.18918488919735,0.221833452582359,-0.306405633687973,6,2011
503805,5449035,4,"high",817,0.41578820347786,0.365249305963516,0.363800346851349,0.356467306613922,0.39711320400238,0.278716623783112,0.458989560604095,0.432648330926895,0.391815543174744,0.453585118055344,-0.137071579694748,5,2010
514575,5469255,4,"high",818,0.646389782428741,0.769781291484833,0.579860627651215,0.403323650360107,0.62588906288147,0.0372173078358173,0.479134321212769,0.211177289485931,0.234504699707031,0.204896122217178,-0.609172474592924,5,2010
481455,5480295,4,"high",819,0.380227386951447,0.363655656576157,0.361515820026398,-0.122407793998718,-0.186948984861374,-0.210171610116959,-0.129943311214447,-0.0294285994023085,-0.0809037610888481,0.24170432984829,-0.590398997068405,5,2010
505245,5463465,4,"high",820,0.257864445447922,0.139957115054131,0.0786896124482155,0.0991499722003937,0.193467184901237,0.182251796126366,0.169644922018051,0.213827103376389,0.163550823926926,0.41424635052681,-0.179174832999706,2,2007
522765,5457525,4,"high",821,0.880037188529968,0.547489702701569,0.453340172767639,0.45062717795372,0.6649569272995,0.46109127998352,0.482987076044083,0.0764201879501343,0.228931158781052,0.187996059656143,-0.803617000579834,7,2013
488085,5453415,4,"high",822,0.238997936248779,0.133385822176933,0.134712308645248,0.115353964269161,-0.0839091688394547,-0.0566670261323452,-0.0111993486061692,0.049340296536684,0.0806402936577797,0.148021876811981,-0.322907105088234,4,2009
523275,5471595,4,"high",823,0.244247555732727,-0.0580141544342041,-0.0371119529008865,0.0161765310913324,0.00575697375461459,0.010622869245708,0.0550521798431873,0.106057032942772,0.0387647189199924,0.134096249938011,-0.302261710166931,1,2006
520545,5460315,4,"high",824,0.488570421934128,0.618269503116608,0.549424409866333,0.548560619354248,0.540807247161865,0.302439659833908,0.352764308452606,0.252629071474075,0.218245655298233,0.148988470435143,-0.270324766635895,8,2014
514065,5484675,4,"high",825,0.359490036964417,0.624584496021271,0.566931068897247,0.238073080778122,0.67724335193634,0.818048179149628,0.355616450309753,0.162486031651497,0.23217648267746,0.201693743467331,-0.19700400531292,7,2013
482925,5482215,4,"high",826,0.359801054000854,0.29574903845787,0.294655740261078,0.28048774600029,0.269690424203873,0.211722016334534,0.274959057569504,0.312712818384171,0.27155864238739,0.358660697937012,-0.148079037666321,5,2010
515715,5478585,4,"high",827,0.474509805440903,0.746598720550537,0.40838611125946,0.24550761282444,0.702083706855774,0.521208345890045,0.353951305150986,0.142030313611031,0.133558019995689,0.199497848749161,-0.340951785445213,8,2014
519675,5450745,4,"high",828,0.34131994843483,0.277523934841156,0.263034105300903,0.362625688314438,0.33330687880516,0.196865573525429,0.271900624036789,0.285346210002899,0.343402028083801,0.268589437007904,-0.144454374909401,5,2010
512775,5477415,4,"high",829,0.422126024961472,0.562689363956451,0.571812868118286,0.37138295173645,0.611508309841156,0.239931628108025,0.545194625854492,0.137543052434921,0.240312159061432,0.217924684286118,-0.28458297252655,7,2013
524445,5459145,4,"high",830,0.444508075714111,0.680271863937378,0.562015175819397,0.541360139846802,0.684336006641388,0.340293884277344,0.335663408041,0.256637096405029,0.355546236038208,0.182518050074577,-0.187870979309082,7,2013
502035,5441385,4,"high",831,0.416207283735275,0.314280986785889,0.244727164506912,0.373426645994186,0.427202582359314,0.47926738858223,0.372881352901459,0.395465552806854,0.251146078109741,0.376554191112518,-0.171480119228363,2,2007
496665,5437995,4,"high",832,0.350663989782333,0.31685283780098,0.321808516979218,0.294428914785385,0.263911545276642,0.211145967245102,0.273068457841873,0.365426510572433,0.313422977924347,0.418931812047958,-0.139518022537231,5,2010
492225,5459955,4,"high",833,0.391431868076324,0.368027955293655,0.373865276575089,0.385583728551865,0.37494495511055,0.166508391499519,0.398467004299164,0.409771084785461,0.42223510146141,0.445759832859039,-0.224923476576805,5,2010
521265,5458035,4,"high",834,0.356873273849487,0.7850182056427,0.573630690574646,0.205853074789047,0.563382685184479,0.312464654445648,0.304129719734192,0.203417912125587,0.237367361783981,0.16882349550724,-0.1534553617239,7,2013
483165,5474025,4,"high",835,0.504605174064636,0.504919767379761,0.346284508705139,0.338442713022232,0.41339185833931,0.410753816366196,0.429930835962296,0.475526332855225,0.45961382985115,0.558355510234833,-0.166162461042404,3,2008
508095,5485305,4,"high",836,0.32501021027565,0.30636465549469,0.334907293319702,0.0902363881468773,0.352140009403229,0.170116856694221,0.395688235759735,0.42759108543396,0.389674305915833,0.458652943372726,-0.234773822128773,3,2008
515235,5480295,4,"high",837,0.515513896942139,0.671682834625244,0.798205554485321,0.356152206659317,0.605994820594788,0.397282153367996,0.516226351261139,0.180305913090706,0.214774444699287,0.199471145868301,-0.335207983851433,7,2013
516405,5470665,4,"high",838,0.592121362686157,0.652166604995728,0.484806686639786,0.4779854118824,0.775263428688049,0.259077042341232,0.33049350976944,0.260380685329437,0.233816936612129,0.169164702296257,-0.358304426074028,8,2014
517935,5460705,4,"high",839,0.748545408248901,0.586070537567139,0.708057522773743,0.483291536569595,0.580276370048523,0.566857516765594,0.397794932126999,0.24381810426712,0.22717173397541,0.233792036771774,-0.521373674273491,8,2014
518685,5460705,4,"high",840,0.573696136474609,0.621924877166748,0.553795695304871,0.27018016576767,0.428886264562607,0.436414152383804,0.35369473695755,0.238308027386665,0.239022359251976,0.182154461741447,-0.335388109087944,7,2013
529155,5445045,4,"high",841,0.237831249833107,0.303148210048676,-0.167368113994598,-0.0105686131864786,0.206003576517105,0.217865377664566,0.375350296497345,0.0596825703978539,0.611558735370636,0.0158122628927231,-0.405199363827705,2,2007
529335,5441205,4,"high",842,0.500908672809601,0.114157900214195,0.00951628386974335,0.480577170848846,0.40677011013031,0.276984840631485,0.414051383733749,0.245861977338791,0.367084115743637,0.0685666501522064,-0.491392388939857,2,2007
511365,5443545,4,"high",843,0.46306300163269,0.463234931230545,0.417541772127151,0.325571775436401,0.325141817331314,0.366893529891968,0.381476402282715,0.39301335811615,0.353264898061752,0.131921172142029,-0.137921184301376,4,2009
503205,5454795,4,"high",844,0.270575702190399,0.259518802165985,0.248698189854622,0.290716648101807,0.301515340805054,0.0744529366493225,0.351332098245621,0.41783595085144,0.79274582862854,0.512799441814423,-0.196122765541077,5,2010
519015,5470005,4,"high",845,0.746231138706207,0.588080644607544,0.651472866535187,0.413802951574326,0.748219013214111,0.508129060268402,0.52645355463028,0.242356762290001,0.238689571619034,0.219327837228775,-0.507541567087173,8,2014
526635,5438175,4,"high",846,0.462769985198975,0.350213199853897,0.319401890039444,0.339891016483307,0.323170274496078,0.387278079986572,0.357068777084351,0.358316391706467,0.341830760240555,0.216719463467598,-0.143368095159531,2,2007
487365,5476905,4,"high",847,0.441714584827423,0.325051844120026,0.296264320611954,0.347216099500656,0.420539200305939,0.413985013961792,0.362805813550949,0.331304997205734,0.229174017906189,0.412218242883682,-0.212540566921234,8,2014
506595,5439225,4,"high",848,0.354926198720932,0.360121071338654,0.11197917163372,0.17927049100399,0.238830476999283,0.312314718961716,0.336000025272369,0.352650374174118,0.287955969572067,0.378912538290024,-0.242947027087212,2,2007
514725,5455575,4,"high",849,0.294077515602112,0.220764324069023,0.209443122148514,0.26662066578865,0.191276654601097,0.216473430395126,0.150925785303116,0.243685364723206,0.101665206253529,0.252689689397812,-0.192412309348583,8,2014
523665,5445345,4,"high",850,0.269467562437057,0.256147891283035,0.218643814325333,0.120167851448059,0.260502219200134,0.255169123411179,0.266113609075546,0.245513886213303,0.255760848522186,0.250443935394287,-0.149299710988998,3,2008
521355,5445165,4,"high",851,0.322926491498947,0.266480058431625,0.338769525289536,0.39573946595192,0.290635734796524,-0.165083676576614,-0.242958158254623,-0.154380545020103,-0.170487344264984,0.103452742099762,-0.56588464975357,6,2011
508875,5479665,4,"high",852,0.451076924800873,0.441787660121918,0.464171379804611,0.401192426681519,0.435056835412979,0.286352217197418,0.366152822971344,0.415988028049469,0.411760658025742,0.411947041749954,-0.164724707603455,5,2010
512535,5487975,4,"high",853,0.348134160041809,0.713310599327087,0.526459157466888,0.381493270397186,0.722774267196655,0.943339705467224,0.537493944168091,0.151744425296783,0.174416989088058,0.215541705489159,-0.196389734745026,7,2013
527265,5437545,4,"high",854,0.369763225317001,0.360321134328842,0.232822805643082,0.36758029460907,0.359383970499039,0.395988255739212,0.419278204441071,0.489400595426559,0.445605993270874,0.495450466871262,-0.13694041967392,2,2007
525585,5461335,4,"high",855,0.254947543144226,0.307432115077972,0.174059629440308,0.164574041962624,0.115475237369537,0.139284357428551,0.139490455389023,0.185777932405472,0.225359350442886,0.349795639514923,-0.139472305774689,4,2009
480855,5485995,4,"high",856,0.572119534015656,0.824321091175079,0.513959527015686,0.703879058361053,0.561172246932983,0.616306483745575,0.41280609369278,0.237984210252762,0.252717882394791,0.261525064706802,-0.334135323762894,7,2013
506775,5477745,4,"high",857,0.364617377519608,0.349987328052521,0.383109092712402,0.353121697902679,0.366599321365356,0.282282322645187,0.16223318874836,0.248750001192093,0.177246481180191,0.295952498912811,-0.202384188771248,6,2011
528135,5488755,4,"high",858,0.395499378442764,0.247310146689415,0.31711944937706,0.513130724430084,0.261742740869522,0.273759722709656,0.346940487623215,0.390587449073792,0.428671538829803,0.418114095926285,-0.148189231753349,1,2006
519495,5472915,4,"high",859,0.370087951421738,0.371098428964615,0.381872177124023,0.361172616481781,0.337218880653381,0.317586839199066,0.339966624975204,0.199765041470528,0.199410244822502,0.210532993078232,-0.170677706599236,8,2014
482655,5476065,4,"high",860,0.383993357419968,0.294950306415558,0.263975977897644,0.227220728993416,0.285995543003082,0.279073715209961,0.345418095588684,0.361995667219162,0.351789504289627,0.353472918272018,-0.156772628426552,3,2008
515685,5475855,4,"high",861,0.567550599575043,0.536371409893036,0.575151145458221,0.383732676506042,0.63346254825592,0.818939864635468,0.285597532987595,0.193735241889954,0.199590384960175,0.177355632185936,-0.373815357685089,7,2013
493455,5485845,4,"high",862,0.212507039308548,0.190246298909187,0.198214069008827,0.093129500746727,-0.142874777317047,-0.0245500337332487,0.20437303185463,0.147663950920105,0.0268304236233234,0.290775865316391,-0.355381816625595,4,2009
522225,5450685,4,"high",863,0.483900099992752,0.466043680906296,0.417828500270844,0.295590668916702,0.372128903865814,0.389099597930908,0.352181196212769,0.403692871332169,0.363196134567261,0.43842539191246,-0.18830943107605,3,2008
505665,5458365,4,"high",864,0.265868186950684,0.254386514425278,-0.106225833296776,-0.157393798232079,-0.20466710627079,-0.116393283009529,-0.11251263320446,-0.0186939220875502,-0.117469325661659,0.149400353431702,-0.470535293221474,4,2009
509445,5440485,4,"high",865,0.35334050655365,0.277110010385513,0.300414264202118,0.179213330149651,0.22286893427372,0.19440869987011,0.299286395311356,0.235665753483772,0.23402027785778,0.100807763636112,-0.174127176403999,3,2008
519795,5465595,4,"high",866,0.587447226047516,0.563154101371765,0.635545313358307,0.352524310350418,0.512271881103516,0.542451202869415,0.255115956068039,0.241866037249565,0.2362210303545,0.211852177977562,-0.351226195693016,8,2014
521925,5468385,4,"high",867,0.243290588259697,0.249948665499687,0.2080267816782,0.217838510870934,0.156638965010643,0.0773582980036736,0.133323565125465,0.134526044130325,0.113497547805309,0.161328867077827,-0.165932290256023,5,2010
520335,5459325,4,"high",868,0.627510190010071,0.616103947162628,0.581037163734436,0.351311475038528,0.638322472572327,0.316119968891144,0.191199123859406,0.257901519536972,0.20364274084568,0.174446389079094,-0.436311066150665,6,2011
517425,5476065,4,"high",869,0.568358480930328,0.568357288837433,0.545384466648102,0.488519638776779,0.565027296543121,0.409197747707367,0.393044799566269,0.226311594247818,0.232224807143211,0.197143092751503,-0.34204688668251,7,2013
493935,5487405,4,"high",870,0.284158200025558,0.264078348875046,0.265554785728455,0.274725764989853,0.266307532787323,0.166323930025101,0.209486827254295,0.21401035785675,0.146286711096764,0.252354294061661,-0.137871488928795,8,2014
524475,5457015,4,"high",871,0.623886048793793,0.858877658843994,0.594408810138702,0.506616055965424,0.755790591239929,0.62778627872467,0.294499129056931,0.279328465461731,0.429392397403717,0.216306880116463,-0.344557583332062,7,2013
513105,5460435,4,"high",872,0.296719044446945,0.235287696123123,0.226781204342842,0.190256655216217,0.186049908399582,0.161095514893532,0.166048347949982,0.184011459350586,0.157868698239326,0.253735065460205,-0.138850346207619,8,2014
527145,5453415,4,"high",873,0.682721614837646,0.69223153591156,0.549033403396606,0.447598487138748,0.614102303981781,0.581747353076935,0.666257441043854,0.159832254052162,0.271944135427475,0.231491774320602,-0.522889360785484,7,2013
515385,5473455,4,"high",874,0.47235095500946,0.554811239242554,0.4739970266819,0.297693967819214,0.485943764448166,0.465823233127594,0.412146061658859,0.198079630732536,0.176811665296555,0.200017049908638,-0.295539289712906,8,2014
499275,5485275,4,"high",875,0.325982987880707,0.294672340154648,0.265792310237885,0.304716855287552,0.3765849173069,0.195071905851364,0.326350450515747,0.242091745138168,0.0852641835808754,0.258310437202454,-0.240718804299831,8,2014
493755,5469135,4,"high",876,0.278552025556564,0.219603091478348,0.278154522180557,0.270748615264893,0.264228016138077,0.113635338842869,0.253157556056976,0.325134128332138,0.189530372619629,0.320369780063629,-0.164916686713696,5,2010
498915,5489505,4,"high",877,0.369484215974808,0.279779464006424,0.211042612791061,0.166178643703461,0.159408062696457,0.0657003447413445,0.0946653708815575,0.162127017974854,0.103898704051971,0.0234898161143064,-0.303783871233463,5,2010
527925,5445705,4,"high",878,0.277988404035568,0.374173939228058,0.222575396299362,0.120908081531525,0.349096238613129,0.26069700717926,0.419360816478729,0.351245582103729,0.460804313421249,0.400812923908234,-0.157080322504044,3,2008
490455,5487975,4,"high",879,0.367338091135025,0.350949198007584,0.336104869842529,0.300359815359116,0.305224597454071,0.172006234526634,0.21607169508934,0.232752457261086,0.210228517651558,0.220527693629265,-0.195331856608391,5,2010
496335,5450895,4,"high",880,0.303015828132629,0.245530396699905,0.222311988472939,0.27979576587677,0.236682668328285,0.141485989093781,0.254500836133957,0.275435566902161,0.385409891605377,0.28370389342308,-0.161529839038849,5,2010
508635,5460525,4,"high",881,0.514698266983032,0.44342690706253,0.409113138914108,0.464841276407242,0.393222987651825,0.353072166442871,0.454401046037674,0.438824474811554,0.430966228246689,0.404051899909973,-0.161626100540161,5,2010
521205,5451225,4,"high",882,0.361736387014389,0.349197745323181,0.362383514642715,0.315406113862991,-0.0673845931887627,-0.0597437955439091,0.0539689362049103,0.116718724370003,0.175763487815857,0.286741971969604,-0.429120980203152,4,2009
480915,5452065,4,"high",883,0.292803287506104,0.253049910068512,0.197214037179947,0.293255597352982,0.214669570326805,0.115841530263424,0.348929345607758,0.315034627914429,0.333514750003815,0.312039703130722,-0.17696175724268,5,2010
521835,5462715,4,"high",884,0.413400024175644,0.616008520126343,0.501860201358795,0.425428003072739,0.724859595298767,0.62827718257904,0.353330820798874,0.188238963484764,0.231464624404907,0.212634980678558,-0.22516106069088,7,2013
508305,5467665,4,"high",885,0.446559935808182,0.426643878221512,0.407570719718933,0.390497714281082,0.386355102062225,0.405004531145096,0.436305493116379,0.376602858304977,0.308046579360962,0.373475760221481,-0.13851335644722,8,2014
521265,5462715,4,"high",886,0.537685751914978,0.75344055891037,0.649880588054657,0.480798065662384,0.372656792402267,0.5834721326828,0.482183545827866,0.198491483926773,0.230768039822578,0.213304862380028,-0.339194267988205,7,2013
530415,5459385,4,"high",887,0.394910782575607,0.332814455032349,0.324080944061279,0.254387885332108,0.362870842218399,0.255855679512024,0.256755858659744,0.306205987930298,0.214752838015556,0.392194330692291,-0.180157944560051,8,2014
486645,5470575,4,"high",888,0.474744141101837,0.496213138103485,0.0175316575914621,-0.0294405035674572,0.0578002631664276,0.19336761534214,0.319182127714157,0.3748879134655,0.305979162454605,0.470443278551102,-0.504184644669294,3,2008
516735,5472645,4,"high",889,0.475749164819717,0.698502838611603,0.59486973285675,0.613721668720245,0.603583455085754,0.480223417282104,0.385079324245453,0.243740379810333,0.237953320145607,0.177110359072685,-0.23779584467411,8,2014
507375,5457825,4,"high",890,0.45502233505249,0.383468359708786,0.402153104543686,0.286885172128677,0.21829754114151,0.232243537902832,0.281114637851715,0.369215190410614,0.342904925346375,0.396466761827469,-0.23672479391098,4,2009
501825,5482185,4,"high",891,0.208386644721031,0.174236238002777,0.166692703962326,0.187076419591904,0.137707695364952,0.0233890321105719,0.00503032095730305,0.075836531817913,-0.0413981154561043,0.087470293045044,-0.249784760177135,8,2014
531645,5438715,4,"high",892,0.20597417652607,0.0466370359063148,-0.00710188271477818,0.289489477872849,0.17630672454834,0.369800567626953,0.125674441456795,0.467986315488815,0.018053600564599,0.0826263800263405,-0.213076059240848,2,2007
529875,5440605,4,"high",893,0.38235279917717,0.378990024328232,0.142720624804497,0.344417124986649,0.36015111207962,0.205382645130157,0.143203586339951,0.273571044206619,0.22419510781765,0.352990210056305,-0.239632174372673,2,2007
513375,5485905,4,"high",894,0.351227134466171,0.695825338363647,0.586390495300293,0.429656028747559,0.603807508945465,0.799932956695557,0.537963092327118,0.17583566904068,0.209871456027031,0.15543819963932,-0.175391465425491,7,2013
527625,5448915,4,"high",895,0.217490091919899,0.0993653610348701,-0.127570390701294,0.170843064785004,-0.0032312551047653,0.136582478880882,-0.0803132802248001,0.471060454845428,0.386626690626144,0.227859854698181,-0.345060482621193,2,2007
493245,5461695,4,"high",896,0.344777524471283,0.343122988939285,0.293335199356079,0.326285541057587,0.320848256349564,0.382297903299332,0.288305580615997,0.26232972741127,0.204573377966881,0.202076271176338,-0.140204146504402,8,2014
529335,5439525,4,"high",897,0.347583830356598,0.175483375787735,0.213337197899818,0.163571670651436,0.0489876195788383,0.417596906423569,0.341789692640305,0.352439433336258,0.45463415980339,0.173512414097786,-0.29859621077776,4,2009
522525,5462925,4,"high",898,0.403858870267868,0.638834118843079,0.351901799440384,0.509916543960571,0.523982048034668,0.484671324491501,0.506080389022827,0.137885272502899,0.236886292695999,0.149996742606163,-0.265973597764969,7,2013
515115,5472795,4,"high",899,0.632614433765411,0.618505358695984,0.565800249576569,0.272135406732559,0.621660888195038,0.568796873092651,0.442687302827835,0.215918660163879,0.165119633078575,0.184686437249184,-0.467494800686836,8,2014
494325,5460105,4,"high",900,0.426616311073303,0.333928138017654,0.288314044475555,0.383489787578583,0.365561008453369,0.473702818155289,0.325339257717133,0.316965132951736,0.382489532232285,0.388840228319168,-0.138302266597748,2,2007
527505,5452005,4,"high",901,0.645768404006958,0.481015980243683,0.49927344918251,0.225034981966019,0.581242620944977,0.669988930225372,0.551917016506195,0.171848639845848,0.316343933343887,0.352882772684097,-0.47391976416111,7,2013
499155,5474175,4,"high",902,0.460665166378021,0.437398284673691,0.405031591653824,0.396507322788239,0.369335412979126,0.451793730258942,0.459015190601349,0.4679214656353,0.31111079454422,0.438937872648239,-0.149554371833801,8,2014
517245,5464875,4,"high",903,0.385702311992645,0.711031258106232,0.615122079849243,0.2689248919487,0.339881598949432,0.83078396320343,0.346626818180084,0.242819368839264,0.159348770976067,0.22386933863163,-0.226353541016579,8,2014
489795,5453745,4,"high",904,0.348750859498978,0.264851212501526,0.29393082857132,0.269553333520889,0.197815954685211,0.248396083712578,0.208519145846367,0.279097229242325,0.265485256910324,0.298809677362442,-0.150934904813766,4,2009
518055,5469315,4,"high",905,0.438544243574142,0.772134065628052,0.565532207489014,0.601165235042572,0.653963387012482,0.753424644470215,0.571312785148621,0.246650382876396,0.237602919340134,0.193937465548515,-0.200941324234009,8,2014
531495,5437395,4,"high",906,0.434723228216171,0.337674230337143,0.380974650382996,0.0788665264844894,0.220618605613708,0.525245130062103,0.25712838768959,0.158828526735306,0.167641296982765,0.238933011889458,-0.355856701731682,3,2008
512925,5478195,4,"high",907,0.680939555168152,0.694418251514435,0.491689532995224,0.42274734377861,0.681426525115967,0.157982870936394,0.415344834327698,0.180231526494026,0.235979095101357,0.222431555390358,-0.522956684231758,5,2010
495975,5450685,4,"high",908,0.239997491240501,0.241957277059555,0.106204651296139,0.170970350503922,0.162028446793556,0.100864984095097,0.216498017311096,0.230315372347832,0.332001090049744,0.295384705066681,-0.139132507145405,5,2010
513615,5483715,4,"high",909,0.257552355527878,0.748103320598602,0.485271751880646,0.391175508499146,0.655157506465912,0.58462119102478,0.370504975318909,0.110813565552235,0.203315407037735,0.175392672419548,-0.146738789975643,7,2013
515205,5486295,4,"high",910,0.490824043750763,0.607450723648071,0.514081478118896,0.78750741481781,0.681063830852509,0.795760154724121,0.328773766756058,0.197904199361801,0.243771284818649,0.192075982689857,-0.292919844388962,7,2013
510465,5455335,4,"high",911,0.44925132393837,0.364184886217117,0.368528932332993,0.364570736885071,0.32527157664299,0.339702665805817,0.31732714176178,0.287302404642105,0.283592045307159,0.335713654756546,-0.16565927863121,8,2014
482085,5487495,4,"high",912,0.488839447498322,0.717562735080719,0.831693828105927,0.646391749382019,0.589035451412201,0.82741779088974,0.797546982765198,0.250387698411942,0.262631177902222,0.268495291471481,-0.23845174908638,7,2013
521775,5484615,4,"high",913,0.343353778123856,0.32013937830925,0.274981260299683,0.256767213344574,0.261861175298691,0.213528826832771,0.18555574119091,0.248367249965668,0.240148663520813,0.256067991256714,-0.157798036932945,6,2011
511845,5442165,4,"high",914,0.403380453586578,0.374982982873917,0.328637480735779,0.255456358194351,0.309998601675034,0.243500709533691,0.364631146192551,0.345628380775452,0.243319645524025,0.115411587059498,-0.160060808062553,8,2014
527445,5443905,4,"high",915,0.491842687129974,0.394637912511826,0.33382460474968,0.281462490558624,0.284653395414352,0.265034973621368,0.289214283227921,0.108413867652416,0.133547395467758,0.19267126917839,-0.383428819477558,7,2013
483585,5474715,4,"high",916,0.459125608205795,0.448455691337585,0.270459890365601,0.264806151390076,0.290613919496536,0.228889524936676,0.304547369480133,0.355023741722107,0.314896017313004,0.293777942657471,-0.230236083269119,5,2010
530745,5447355,4,"high",917,0.2654669880867,0.203132688999176,0.116521023213863,0.212188243865967,0.135040506720543,0.25139319896698,0.154414311051369,0.197380781173706,0.289697825908661,0.335536032915115,-0.148945964872837,2,2007
508095,5444865,4,"high",918,0.301235377788544,0.200676962733269,0.260179877281189,0.367000192403793,0.375952988862991,0.300266236066818,0.336077332496643,0.320437222719193,0.0691343396902084,-0.0183936301618814,-0.232101038098335,8,2014
521565,5464035,4,"high",919,0.299243181943893,0.433060795068741,0.28844478726387,0.23947386443615,0.323074072599411,0.210919216275215,0.0580654852092266,0.345726609230042,0.397426038980484,0.344156861305237,-0.241177696734667,6,2011
515535,5480445,4,"high",920,0.480515390634537,0.493198275566101,0.53398060798645,0.334951102733612,0.755950391292572,0.540199935436249,0.616426646709442,0.193334519863129,0.178322717547417,0.175296977162361,-0.30219267308712,8,2014
514065,5479245,4,"high",921,0.706574559211731,0.484443187713623,0.461872011423111,0.306284815073013,0.673346161842346,0.283964276313782,0.247162774205208,0.180668249726295,0.164749100804329,0.201025739312172,-0.541825458407402,8,2014
510075,5466525,4,"high",922,0.460372477769852,0.407608777284622,0.395396649837494,0.380501687526703,0.295185714960098,0.338704437017441,0.35061651468277,0.345035433769226,0.270848125219345,0.370053738355637,-0.189524352550507,8,2014
529905,5440935,4,"high",923,0.30200007557869,0.275179713964462,0.0493743531405926,0.279109537601471,0.0680893212556839,0.305557072162628,0.487024366855621,0.358126997947693,0.410947620868683,0.0122779123485088,-0.252625722438097,2,2007
495885,5453625,4,"high",924,0.377436757087708,0.369650900363922,0.340482026338577,0.34819233417511,0.385108113288879,0.141964241862297,0.409022331237793,0.484377413988113,0.491252064704895,0.5461705327034,-0.23547251522541,5,2010
507435,5475705,4,"high",925,0.48162192106247,0.411809176206589,0.399788230657578,0.331260055303574,0.414938867092133,0.407734662294388,0.404526799917221,0.428369641304016,0.411974191665649,0.398720353841782,-0.150361865758896,3,2008
517245,5478315,4,"high",926,0.21842049062252,0.151681452989578,0.0276302210986614,0.0662785097956657,0.0706549063324928,0.176414057612419,-0.0437440909445286,0.04441924020648,0.137555316090584,-0.0461655966937542,-0.262164581567049,6,2011
523425,5446545,4,"high",927,0.302688598632812,0.277858704328537,-0.169916838407516,-0.151137053966522,0.0609312951564789,0.0841339528560638,0.204995259642601,0.23387049138546,0.180340081453323,0.171156778931618,-0.472605437040329,2,2007
515775,5481825,4,"high",928,0.734245419502258,0.574507474899292,0.699950695037842,0.307639449834824,0.720519185066223,0.585667431354523,0.301334589719772,0.235805541276932,0.138526007533073,0.189076706767082,-0.595719411969185,8,2014
481815,5486325,4,"high",929,0.564727485179901,0.49432098865509,0.498903870582581,0.777211964130402,0.480739325284958,0.544149398803711,0.841501295566559,0.241398841142654,0.270155876874924,0.276323318481445,-0.323328644037247,7,2013
495585,5453235,4,"high",930,0.311143338680267,0.305085867643356,0.282212287187576,0.310947388410568,0.38379043340683,0.0784747824072838,0.403064638376236,0.457629382610321,0.506878912448883,0.531050324440002,-0.232668556272984,5,2010
489105,5477385,4,"high",931,0.379826903343201,0.285622388124466,0.36637157201767,0.331942796707153,0.332607090473175,0.105811960995197,0.337562292814255,0.406316667795181,0.419447034597397,0.50894021987915,-0.274014942348003,5,2010
514275,5479665,4,"high",932,0.465283334255219,0.539600491523743,0.495681136846542,0.378561556339264,0.600939869880676,0.600310981273651,0.356729090213776,0.143292501568794,0.174630329012871,0.192854285240173,-0.321990832686424,7,2013
506655,5455875,4,"high",933,0.351957142353058,0.229299545288086,0.239292278885841,0.23294697701931,0.216413795948029,0.21696437895298,0.203119441866875,0.259857594966888,0.226041167974472,0.316327661275864,-0.148837700486183,6,2011
524265,5482215,4,"high",934,0.503987729549408,0.474670231342316,0.403101772069931,0.463463366031647,0.413512021303177,0.526320576667786,0.492943286895752,0.357761919498444,0.439319610595703,0.442782878875732,-0.146225810050964,7,2013
508395,5467635,4,"high",935,0.271273463964462,0.298611432313919,0.259737253189087,0.286564648151398,0.251111179590225,0.267271846532822,0.222221344709396,-0.0373501144349575,-0.175282940268517,0.207016140222549,-0.446556404232979,8,2014
529845,5440815,4,"high",936,0.324384659528732,0.278137743473053,0.0530052743852139,0.280476808547974,0.0482984967529774,0.299226373434067,0.450943768024445,0.358145982027054,0.413761466741562,0.0206815432757139,-0.276086162775755,4,2009
524085,5457195,4,"high",937,0.692645132541656,0.716718912124634,0.751083791255951,0.499469101428986,0.614131450653076,0.68101954460144,0.30456081032753,0.175180196762085,0.426474541425705,0.265658408403397,-0.517464935779572,7,2013
515115,5486085,4,"high",938,0.391711443662643,0.765158236026764,0.422910511493683,0.787704765796661,0.677212476730347,0.488550782203674,0.490474879741669,0.20094421505928,0.245173186063766,0.0780250132083893,-0.190767228603363,7,2013
520155,5468955,4,"high",939,0.218599751591682,0.283118307590485,0.30770942568779,0.296074032783508,0.276043713092804,0.269888937473297,0.309828191995621,0.346827656030655,0.0371379815042019,0.133327573537827,-0.181461770087481,8,2014
525015,5456475,4,"high",940,0.489538043737411,0.426478922367096,0.418948620557785,0.343025594949722,0.412469685077667,0.406328588724136,0.44774666428566,0.393675357103348,0.353265225887299,0.366043865680695,-0.146512448787689,3,2008
523425,5459145,4,"high",941,0.306806564331055,0.610554039478302,0.676942884922028,0.559824228286743,0.373891979455948,0.429415494203568,0.325605452060699,0.109491556882858,0.239271387457848,0.19964411854744,-0.197315007448196,7,2013
481155,5465895,4,"high",942,0.559948027133942,0.541751682758331,0.504793763160706,0.412593603134155,0.527570784091949,0.589495241641998,0.572077870368958,0.575278222560883,0.559665858745575,0.311411887407303,-0.147354423999786,3,2008
516855,5474685,4,"high",943,0.661051034927368,0.574684023857117,0.497203320264816,0.279811799526215,0.421354562044144,0.442409485578537,0.410930663347244,0.22075080871582,0.173864334821701,0.20593923330307,-0.487186700105667,8,2014
482865,5447325,4,"high",944,0.53778350353241,0.51958155632019,0.484279632568359,0.493875443935394,0.539261817932129,0.565249085426331,0.483449071645737,0.121870696544647,0.0744496136903763,0.323272049427032,-0.463333889842033,8,2014
518235,5471415,4,"high",945,0.498085141181946,0.685269296169281,0.39759036898613,0.369739353656769,0.584308922290802,0.821696698665619,0.565095961093903,0.230306029319763,0.240597069263458,0.239159509539604,-0.267779111862183,7,2013
516585,5475465,4,"high",946,0.857060432434082,0.448759526014328,0.561255097389221,0.405683606863022,0.633354127407074,0.646623134613037,0.46340474486351,0.197491228580475,0.127316564321518,0.219502374529839,-0.729743868112564,8,2014
525285,5455185,4,"high",947,0.63371741771698,0.569135844707489,0.492843359708786,0.541141450405121,0.577692210674286,0.591878831386566,0.673409998416901,0.165490865707397,0.297668963670731,0.254866808652878,-0.468226552009583,7,2013
487545,5453295,4,"high",948,0.323134481906891,0.304298341274261,0.195252954959869,-0.109403036534786,-0.155892372131348,-0.113298997282982,-0.0523703396320343,0.0305930115282536,0.0300616044551134,0.275679022073746,-0.479026854038239,4,2009
530235,5457105,4,"high",949,0.367585003376007,0.314501881599426,0.35402974486351,0.358126014471054,0.38175556063652,0.308956444263458,0.285407841205597,0.101375110447407,0.0372747220098972,0.168997660279274,-0.33031028136611,8,2014
518265,5448405,4,"high",950,0.402704536914825,0.314040750265121,0.302710115909576,0.464810311794281,0.365119427442551,0.279557168483734,0.300330251455307,0.31413933634758,0.261664360761642,0.308776617050171,-0.141040176153183,8,2014
491025,5455365,4,"high",951,0.403787851333618,0.381046682596207,0.351693987846375,0.330937296152115,0.327524304389954,0.205257594585419,0.268809229135513,0.330065190792084,0.286882489919662,0.379248023033142,-0.198530256748199,5,2010
513795,5445765,4,"high",952,0.208268612623215,0.193278327584267,0.188523754477501,0.209834635257721,0.221307948231697,-0.0240208841860294,0.250193566083908,0.256025671958923,0.140941753983498,0.327967017889023,-0.232289496809244,5,2010
526005,5454675,4,"high",953,0.688799321651459,0.673201501369476,0.752543985843658,0.491248846054077,0.453972846269608,0.698996663093567,0.426963835954666,0.165846064686775,0.281891584396362,0.236616343259811,-0.522953256964684,7,2013
513405,5482305,4,"high",954,0.263881415128708,0.772287666797638,0.359636932611465,0.251331388950348,0.60007643699646,0.811397194862366,0.327207148075104,0.105889551341534,0.0992709696292877,0.0764144137501717,-0.16461044549942,8,2014
515805,5470875,4,"high",955,0.747651517391205,0.641222655773163,0.480604320764542,0.492210328578949,0.738007068634033,0.618613362312317,0.325975894927979,0.262495160102844,0.187556207180023,0.158178329467773,-0.560095310211182,8,2014
496215,5450685,4,"high",956,0.264633029699326,0.201666876673698,0.27023857831955,0.230097338557243,0.245988175272942,0.104460559785366,0.209310173988342,0.228178560733795,0.371181726455688,0.271144807338715,-0.16017246991396,5,2010
515205,5484945,4,"high",957,0.284504026174545,0.631827294826508,0.499220669269562,0.34042900800705,0.670545518398285,0.813689887523651,0.536551356315613,0.143011569976807,0.241891160607338,0.144012257456779,-0.141492456197739,7,2013
502485,5446845,4,"high",958,0.310937404632568,0.258381485939026,0.266418933868408,0.31448370218277,0.310883283615112,0.155630573630333,0.258641183376312,0.241296350955963,0.484558939933777,0.358957827091217,-0.155306831002235,5,2010
520515,5450445,4,"high",959,0.234002619981766,0.00838874187320471,-0.100907579064369,-0.0997283980250359,-0.0070824259892106,-0.0608692467212677,0.046626478433609,0.151312738656998,0.00847643706947565,0.220251500606537,-0.334910199046135,2,2007
517035,5446575,4,"high",960,0.340911746025085,0.324341356754303,0.318754076957703,0.159309178590775,0.332831799983978,0.394489109516144,0.417329788208008,0.450675427913666,0.346560537815094,0.424720168113708,-0.181602567434311,3,2008
512205,5477895,4,"high",961,0.675299048423767,0.601857721805573,0.653098881244659,0.470432162284851,0.769935667514801,0.252651005983353,0.461836010217667,0.229667842388153,0.22761857509613,0.172490328550339,-0.447680473327637,8,2014
493695,5450325,4,"high",962,0.320485979318619,0.283874481916428,0.311660647392273,0.337744683027267,0.284389555454254,0.14485003054142,0.359135717153549,0.424517601728439,0.378403276205063,0.439536303281784,-0.175635948777199,5,2010
514005,5479935,4,"high",963,0.359938830137253,0.605682492256165,0.615776062011719,0.299208700656891,0.666268169879913,0.530281007289886,0.355601489543915,0.159857854247093,0.135249391198158,0.196478068828583,-0.224689438939095,8,2014
493605,5453265,4,"high",964,0.277461022138596,0.218334585428238,0.229455918073654,0.228501781821251,0.304971903562546,0.108682475984097,0.257343888282776,0.279323875904083,0.241835251450539,0.316389501094818,-0.168778546154499,5,2010
499875,5449245,4,"high",965,0.272055238485336,0.177772521972656,0.218375414609909,0.429532289505005,0.268900722265244,0.112216271460056,0.282605886459351,0.260351717472076,0.221603721380234,0.314308553934097,-0.15983896702528,5,2010
523275,5456295,4,"high",966,0.331237643957138,0.312242448329926,0.324409782886505,0.22887958586216,0.321048676967621,0.310033351182938,0.378382056951523,0.163965120911598,0.251796334981918,0.283388674259186,-0.16727252304554,7,2013
530325,5441745,4,"high",967,0.513213694095612,0.290936440229416,0.21849262714386,0.272139072418213,0.333211064338684,0.536456286907196,0.295599043369293,0.32549124956131,0.371136367321014,0.277354508638382,-0.294721066951752,2,2007
528375,5469225,4,"high",968,0.373698025941849,0.35833203792572,0.366290152072906,0.328015893697739,0.336674779653549,0.197185903787613,0.345453321933746,0.338943541049957,0.31093493103981,0.36953216791153,-0.176512122154236,5,2010
529545,5448075,4,"high",969,0.318445682525635,0.405729234218597,0.559685230255127,0.481589138507843,-0.113443486392498,0.312124103307724,0.275039523839951,0.417746633291245,0.0357105545699596,0.0201177913695574,-0.431889168918133,4,2009
529995,5448915,4,"high",970,0.40820586681366,0.310977250337601,-0.05766861140728,0.435130953788757,0.31960991024971,0.371522814035416,-0.0814637839794159,0.42251455783844,0.221102654933929,0.437464416027069,-0.489669650793076,6,2011
513645,5484105,4,"high",971,0.706074714660645,0.75450211763382,0.616772949695587,0.183882385492325,0.633093535900116,0.584155917167664,0.535395264625549,0.150430724024773,0.146043553948402,0.143368259072304,-0.560031160712242,8,2014
482265,5472525,4,"high",972,0.369666159152985,0.33842521905899,0.305216640233994,0.232774376869202,0.29248583316803,0.347656965255737,0.351453810930252,0.395790159702301,0.391371130943298,0.383316606283188,-0.136891782283783,3,2008
517635,5472975,4,"high",973,0.658890306949615,0.764266848564148,0.639885663986206,0.270305752754211,0.401364594697952,0.534736692905426,0.35938349366188,0.237504363059998,0.23223240673542,0.191101089119911,-0.426657900214195,8,2014
503025,5456715,4,"high",974,0.391935348510742,0.245962962508202,0.183066472411156,0.274029284715652,0.369204699993134,0.331431835889816,0.381293803453445,0.330359727144241,0.384006410837173,0.398111373186111,-0.208868876099586,2,2007
486525,5477055,4,"high",975,0.359715670347214,0.368974924087524,0.353208363056183,0.359065741300583,0.386006951332092,0.217679038643837,0.354919910430908,0.420477151870728,0.386083155870438,0.428764790296555,-0.142036631703377,5,2010
530685,5459625,4,"high",976,0.330924868583679,0.228148713707924,0.238078564405441,0.348830431699753,0.30889356136322,0.283066749572754,-0.0806384235620499,0.0871474221348763,0.0846866816282272,0.259767055511475,-0.411563292145729,6,2011
496455,5489205,4,"high",977,0.575163125991821,0.539854288101196,0.555061817169189,0.536564826965332,0.56127542257309,0.412406414747238,0.581040441989899,0.59305876493454,0.602617561817169,0.594331681728363,-0.162756711244583,5,2010
487335,5477265,4,"high",978,0.544201791286469,0.476669430732727,0.42449963092804,0.522086918354034,0.449772238731384,0.57390546798706,0.492390185594559,0.478458613157272,0.407242983579636,0.520953357219696,-0.136958807706833,8,2014
523485,5441535,4,"high",979,0.471380263566971,0.495027780532837,0.445826262235641,0.26099294424057,0.48692798614502,0.477426528930664,0.481875389814377,0.439439058303833,0.475610017776489,0.449974983930588,-0.210387319326401,3,2008
508845,5461245,4,"high",980,0.490569144487381,0.406320989131927,0.431771337985992,0.44057023525238,0.431348025798798,0.240740597248077,0.516938865184784,0.459518253803253,0.450980961322784,0.390731453895569,-0.249828547239304,5,2010
495255,5451255,4,"high",981,0.434798419475555,0.408890694379807,0.395276635885239,0.441024154424667,0.445835381746292,0.205485120415688,0.444896459579468,0.474670916795731,0.537363171577454,0.554670214653015,-0.229313299059868,5,2010
528255,5452365,4,"high",982,0.639941334724426,0.763653993606567,0.608708798885345,0.24135510623455,0.688454151153564,0.674794793128967,0.818500518798828,0.195572584867477,0.53946989774704,0.270627349615097,-0.444368749856949,7,2013
515565,5475765,4,"high",983,0.394747018814087,0.449354767799377,0.42558765411377,0.423875719308853,0.580459117889404,0.562967240810394,0.458431303501129,0.155792281031609,0.14002314209938,0.182594567537308,-0.254723876714706,8,2014
523995,5485215,4,"high",984,0.280422776937485,0.239624381065369,0.244495809078217,0.317897826433182,0.209590122103691,0.433266073465347,0.225087836384773,0.208349630236626,0.126071780920029,0.207780510187149,-0.154350996017456,8,2014
491565,5452605,4,"high",985,0.44983971118927,0.362993746995926,0.365053832530975,0.346011072397232,0.483221143484116,0.264351814985275,0.40418341755867,0.352967292070389,0.526589035987854,0.419720619916916,-0.185487896203995,5,2010
518235,5461305,4,"high",986,0.723283290863037,0.531430304050446,0.597300887107849,0.306091755628586,0.604291379451752,0.410015732049942,0.431807994842529,0.248065143823624,0.18276159465313,0.208848774433136,-0.540521696209908,8,2014
497265,5486985,4,"high",987,0.431405514478683,0.412995487451553,0.366541385650635,0.382697343826294,0.292988389730453,0.334363728761673,0.271189004182816,0.268072426319122,0.222819179296494,0.00677137449383736,-0.20858633518219,8,2014
528165,5444835,4,"high",988,0.378872990608215,0.348626643419266,0.277400881052017,0.160637676715851,0.399450957775116,0.35691449046135,0.338992685079575,0.0984539017081261,0.35950443148613,0.358747154474258,-0.280419088900089,7,2013
514155,5450355,4,"high",989,0.369116187095642,0.31816178560257,0.337154507637024,0.173373967409134,0.333752274513245,0.260143309831619,0.393297791481018,0.359901517629623,0.23267987370491,0.492313385009766,-0.195742219686508,3,2008
520005,5453055,4,"high",990,0.354751139879227,0.336031794548035,0.341442078351974,0.309683918952942,0.333312451839447,0.300712734460831,-0.0268075745552778,-0.114595584571362,-0.124245837330818,0.354140281677246,-0.478996977210045,8,2014
525435,5453955,4,"high",991,0.335403949022293,0.602445185184479,0.431809812784195,0.405297219753265,0.450700342655182,0.526146233081818,0.651504755020142,0.16944308578968,0.309856325387955,0.263837099075317,-0.165960863232613,7,2013
512685,5481495,4,"high",992,0.258542358875275,0.615482151508331,0.510657489299774,0.518390834331512,0.706560552120209,0.524267137050629,0.600922524929047,0.179630592465401,0.0740316733717918,0.149985745549202,-0.184510685503483,8,2014
517095,5467785,4,"high",993,0.477058440446854,0.746063470840454,0.419700443744659,0.567695081233978,0.602165460586548,0.43451714515686,0.387140452861786,0.216874539852142,0.239099413156509,0.218422278761864,-0.260183900594711,7,2013
528885,5458425,4,"high",994,0.265299737453461,0.236309722065926,0.123030409216881,0.145226553082466,0.0918120220303535,0.197895392775536,0.127044007182121,0.157771527767181,0.120997376739979,0.234886482357979,-0.173487715423107,4,2009
498105,5463945,4,"high",995,0.232271060347557,0.049969345331192,0.183018445968628,0.213560059666634,0.130234926939011,0.211580365896225,0.130691856145859,0.0967933982610703,0.330765932798386,0.266859531402588,-0.182301715016365,1,2006
512565,5476215,4,"high",996,0.41219174861908,0.606952369213104,0.558181047439575,0.28139054775238,0.464799731969833,0.132977440953255,0.371870130300522,0.271499425172806,0.318795204162598,0.217782840132713,-0.279214307665825,5,2010
515415,5471385,4,"high",997,0.556701958179474,0.784004330635071,0.570960223674774,0.37439501285553,0.591444253921509,0.312047153711319,0.540375649929047,0.248413920402527,0.152986958622932,0.181066513061523,-0.403714999556541,8,2014
498645,5461605,4,"high",998,0.43343248963356,0.350639522075653,0.427599221467972,0.267004489898682,0.38978698849678,0.158464327454567,0.439816623926163,0.475056558847427,0.274128198623657,0.537740707397461,-0.274968162178993,5,2010
488865,5483235,4,"high",999,0.201012685894966,0.160170033574104,0.0781051069498062,0.0809145793318748,0.178447857499123,0.0434189066290855,0.140369355678558,0.157739788293839,0.131050691008568,0.226633921265602,-0.157593779265881,5,2010
482715,5446275,4,"high",1000,0.436887890100479,0.447441667318344,0.47567680478096,0.463284015655518,0.466180771589279,0.494356393814087,0.349050939083099,0.181087672710419,0.178315043449402,0.330609619617462,-0.258572846651077,8,2014
