"map","r","L_obs","L_lo","L_hi"
"redstage_2006_e01.tif",0,0,-105.529261010309,105.529261010309
"redstage_2006_e01.tif",30,97.4867822396896,-71.7073228220523,139.351199198566
"redstage_2006_e01.tif",60,158.998723461612,-46.9576785537166,164.100843466901
"redstage_2006_e01.tif",90,228.467286222657,-16.0368409145712,195.021681106047
"redstage_2006_e01.tif",120,283.074884367834,11.7074643974381,222.765986418056
"redstage_2006_e01.tif",150,342.099967455464,45.8788340493872,256.937356070005
"redstage_2006_e01.tif",180,387.329845705558,73.6320045240106,284.690526544629
"redstage_2006_e01.tif",210,427.907088399168,100.422876273004,311.481398293622
"redstage_2006_e01.tif",240,472.312108043128,131.460026867022,342.51854888764
"redstage_2006_e01.tif",270,515.047916290903,163.195583277567,374.254105298185
"redstage_2006_e01.tif",300,555.991339471076,195.357181647531,406.415703668149
"redstage_2006_e01.tif",330,589.951747616211,222.698251103773,433.756773124391
"redstage_2006_e01.tif",360,622.411367786905,249.529392623566,460.587914644184
"redstage_2006_e01.tif",390,666.108447926252,283.437531541496,494.496053562114
"redstage_2006_e01.tif",420,702.991993963994,313.240424239946,524.298946260564
"redstage_2006_e01.tif",450,744.446690536674,344.876491557813,555.935013578431
"redstage_2006_e01.tif",480,774.073869200316,372.050075165195,583.108597185813
"redstage_2006_e01.tif",510,804.180741046559,402.307710372203,613.366232392821
"redstage_2006_e01.tif",540,829.964656698273,431.998232895437,643.056754916055
"redstage_2006_e01.tif",570,854.453599948284,463.101384194171,674.159906214789
"redstage_2006_e01.tif",600,883.323737941231,494.58348900662,705.642011027238
"redstage_2006_e01.tif",630,905.10552896269,521.685846161339,732.744368181957
"redstage_2006_e01.tif",660,931.456850543925,553.786769899069,764.845291919687
"redstage_2006_e01.tif",690,947.017232886486,582.707712107441,793.766234128059
"redstage_2006_e01.tif",720,948.238808046938,611.262011432177,822.320533452795
"redstage_2006_e01.tif",750,951.514562990477,643.857604259085,854.916126279703
"redstage_2006_e01.tif",780,950.070947179527,673.616014200945,884.674536221563
"redstage_2006_e01.tif",810,949.244985583749,703.732769359139,914.791291379757
"redstage_2006_e01.tif",840,946.563870417668,732.102186361197,943.160708381815
"redstage_2006_e01.tif",870,960.883730520269,761.628834374606,972.687356395224
"redstage_2006_e01.tif",900,987.138194114365,792.695660648855,1003.75418266947
"redstage_2006_e01.tif",930,1009.4541100409,820.969555130634,1032.02807715125
"redstage_2006_e01.tif",960,1040.43127006614,852.571216537296,1063.62973855791
"redstage_2006_e01.tif",990,1077.61347224539,882.060224740962,1093.11874676158
"redstage_2006_e01.tif",1020,1116.83586590303,912.925419341554,1123.98394136217
"redstage_2006_e01.tif",1050,1159.81229859236,944.608232208259,1155.66675422888
"redstage_2006_e01.tif",1080,1202.2953392642,971.667641695973,1182.72616371659
"redstage_2006_e01.tif",1110,1239.63121543775,1003.10745972237,1214.16598174299
"redstage_2006_e01.tif",1140,1269.5192919992,1031.27725715607,1242.33577917669
"redstage_2006_e01.tif",1170,1296.47728520876,1064.14179410482,1275.20031612544
"redstage_2006_e01.tif",1200,1358.93921406933,1095.41882944362,1306.47735146424
"redstage_2006_e01.tif",1230,NA,1125.9530277138,1337.01154973441
"redstage_2006_e01.tif",1260,NA,NA,NA
"redstage_2006_e01.tif",1290,NA,NA,NA
"redstage_2006_e01.tif",1320,NA,NA,NA
"redstage_2006_e01.tif",1350,NA,NA,NA
"redstage_2006_e01.tif",1380,NA,NA,NA
"redstage_2006_e01.tif",1410,NA,NA,NA
"redstage_2006_e01.tif",1440,NA,NA,NA
"redstage_2006_e01.tif",1470,NA,NA,NA
"redstage_2006_e01.tif",1500,NA,NA,NA
"redstage_2006_e02.tif",0,0,-97.063866386187,97.063866386187
"redstage_2006_e02.tif",30,87.918032527924,-63.2699121220441,130.85782065033
"redstage_2006_e02.tif",60,141.601677882491,-38.5039844382832,155.623748334091
"redstage_2006_e02.tif",90,200.190100765672,-7.63105017167679,186.496682600697
"redstage_2006_e02.tif",120,245.657619346935,19.9579888262358,214.08572159861
"redstage_2006_e02.tif",150,293.174265104104,53.9827778772251,248.110510649599
"redstage_2006_e02.tif",180,325.160573148996,81.5912415025952,275.718974274969
"redstage_2006_e02.tif",210,356.006891654768,108.324350737887,302.452083510261
"redstage_2006_e02.tif",240,399.969291905818,139.065971742143,333.193704514517
"redstage_2006_e02.tif",270,428.247615003263,170.271889246238,364.399622018612
"redstage_2006_e02.tif",300,451.071159307346,202.01023569113,396.137968463504
"redstage_2006_e02.tif",330,244.856315458321,228.510792699358,422.638525471731
"redstage_2006_e02.tif",360,100.900804733259,254.761614441986,448.88934721436
"redstage_2006_e02.tif",390,58.255106774197,287.781728663268,481.909461435642
"redstage_2006_e02.tif",420,82.3851620775622,316.75064251437,510.878375286744
"redstage_2006_e02.tif",450,100.900804733259,348.229598773905,542.357331546278
"redstage_2006_e02.tif",480,116.510213548394,375.404635290175,569.53236806255
"redstage_2006_e02.tif",510,NA,406.106549049235,600.234281821609
"redstage_2006_e02.tif",540,NA,435.941301157958,630.069033930332
"redstage_2006_e02.tif",570,NA,469.922151458727,664.049884231101
"redstage_2006_e02.tif",600,NA,NA,NA
"redstage_2006_e02.tif",630,NA,NA,NA
"redstage_2006_e02.tif",660,NA,NA,NA
"redstage_2006_e02.tif",690,NA,NA,NA
"redstage_2006_e02.tif",720,NA,NA,NA
"redstage_2006_e02.tif",750,NA,NA,NA
"redstage_2006_e02.tif",780,NA,NA,NA
"redstage_2006_e02.tif",810,NA,NA,NA
"redstage_2006_e02.tif",840,NA,NA,NA
"redstage_2006_e02.tif",870,NA,NA,NA
"redstage_2006_e02.tif",900,NA,NA,NA
"redstage_2006_e02.tif",930,NA,NA,NA
"redstage_2006_e02.tif",960,NA,NA,NA
"redstage_2006_e02.tif",990,NA,NA,NA
"redstage_2006_e02.tif",1020,NA,NA,NA
"redstage_2006_e02.tif",1050,NA,NA,NA
"redstage_2006_e02.tif",1080,NA,NA,NA
"redstage_2006_e02.tif",1110,NA,NA,NA
"redstage_2006_e02.tif",1140,NA,NA,NA
"redstage_2006_e02.tif",1170,NA,NA,NA
"redstage_2006_e02.tif",1200,NA,NA,NA
"redstage_2006_e02.tif",1230,NA,NA,NA
"redstage_2006_e02.tif",1260,NA,NA,NA
"redstage_2006_e02.tif",1290,NA,NA,NA
"redstage_2006_e02.tif",1320,NA,NA,NA
"redstage_2006_e02.tif",1350,NA,NA,NA
"redstage_2006_e02.tif",1380,NA,NA,NA
"redstage_2006_e02.tif",1410,NA,NA,NA
"redstage_2006_e02.tif",1440,NA,NA,NA
"redstage_2006_e02.tif",1470,NA,NA,NA
"redstage_2006_e02.tif",1500,NA,NA,NA
"redstage_2006_e03.tif",0,0,-40.8125587837871,40.8125587837871
"redstage_2006_e03.tif",30,51.9142452737886,-6.99309144082093,74.6320261267533
"redstage_2006_e03.tif",60,89.0861191009468,17.7905549720669,99.4156725396411
"redstage_2006_e03.tif",90,135.360228830129,48.7235150581291,130.348632625703
"redstage_2006_e03.tif",120,177.04459126672,76.4055459197714,158.030663487346
"redstage_2006_e03.tif",150,228.881182515072,110.53240957473,192.157527142304
"redstage_2006_e03.tif",180,272.520236955017,138.272615504818,219.897733072392
"redstage_2006_e03.tif",210,313.708592237539,165.057379239919,246.682496807493
"redstage_2006_e03.tif",240,361.765209402271,196.10873504767,277.733852615245
"redstage_2006_e03.tif",270,411.418161712956,227.774650578047,309.399768145621
"redstage_2006_e03.tif",300,464.849644096198,259.838151962158,341.463269529732
"redstage_2006_e03.tif",330,508.630720101696,287.070597339798,368.695714907372
"redstage_2006_e03.tif",360,558.638612584306,313.84009732265,395.465214890224
"redstage_2006_e03.tif",390,630.21372538202,347.413832148766,429.03894971634
"redstage_2006_e03.tif",420,683.658866563739,377.129367385907,458.754484953481
"redstage_2006_e03.tif",450,730.280435231249,408.716186286329,490.341303853903
"redstage_2006_e03.tif",480,762.717517465375,435.992436313312,517.617553880887
"redstage_2006_e03.tif",510,799.577975835925,467.066582164076,548.69169973165
"redstage_2006_e03.tif",540,NA,NA,NA
"redstage_2006_e03.tif",570,NA,NA,NA
"redstage_2006_e03.tif",600,NA,NA,NA
"redstage_2006_e03.tif",630,NA,NA,NA
"redstage_2006_e03.tif",660,NA,NA,NA
"redstage_2006_e03.tif",690,NA,NA,NA
"redstage_2006_e03.tif",720,NA,NA,NA
"redstage_2006_e03.tif",750,NA,NA,NA
"redstage_2006_e03.tif",780,NA,NA,NA
"redstage_2006_e03.tif",810,NA,NA,NA
"redstage_2006_e03.tif",840,NA,NA,NA
"redstage_2006_e03.tif",870,NA,NA,NA
"redstage_2006_e03.tif",900,NA,NA,NA
"redstage_2006_e03.tif",930,NA,NA,NA
"redstage_2006_e03.tif",960,NA,NA,NA
"redstage_2006_e03.tif",990,NA,NA,NA
"redstage_2006_e03.tif",1020,NA,NA,NA
"redstage_2006_e03.tif",1050,NA,NA,NA
"redstage_2006_e03.tif",1080,NA,NA,NA
"redstage_2006_e03.tif",1110,NA,NA,NA
"redstage_2006_e03.tif",1140,NA,NA,NA
"redstage_2006_e03.tif",1170,NA,NA,NA
"redstage_2006_e03.tif",1200,NA,NA,NA
"redstage_2006_e03.tif",1230,NA,NA,NA
"redstage_2006_e03.tif",1260,NA,NA,NA
"redstage_2006_e03.tif",1290,NA,NA,NA
"redstage_2006_e03.tif",1320,NA,NA,NA
"redstage_2006_e03.tif",1350,NA,NA,NA
"redstage_2006_e03.tif",1380,NA,NA,NA
"redstage_2006_e03.tif",1410,NA,NA,NA
"redstage_2006_e03.tif",1440,NA,NA,NA
"redstage_2006_e03.tif",1470,NA,NA,NA
"redstage_2006_e03.tif",1500,NA,NA,NA
"redstage_2006_e04.tif",0,0,-74.5185669396539,74.5185669396539
"redstage_2006_e04.tif",30,70.7882110282191,-40.710091728351,108.327042150957
"redstage_2006_e04.tif",60,115.318358941442,-15.910864740431,133.126269138877
"redstage_2006_e04.tif",90,164.22834562976,14.9707074166515,164.007841295959
"redstage_2006_e04.tif",120,199.816367193799,42.6497124902177,191.686846369525
"redstage_2006_e04.tif",150,239.185140507461,76.7518767420141,225.789010621322
"redstage_2006_e04.tif",180,266.309079752989,104.446266503122,253.483400382429
"redstage_2006_e04.tif",210,286.107333817633,131.206413518161,280.243547397468
"redstage_2006_e04.tif",240,305.265062933877,162.203325895137,311.240459774445
"redstage_2006_e04.tif",270,329.44037237103,193.880158538977,342.917292418284
"redstage_2006_e04.tif",300,350.326489773035,226.040131725563,375.077265604871
"redstage_2006_e04.tif",330,369.327362735196,253.308121682456,402.345255561764
"redstage_2006_e04.tif",360,385.936587192531,280.103527550955,429.140661430262
"redstage_2006_e04.tif",390,407.585502433333,313.935996729,462.973130608308
"redstage_2006_e04.tif",420,428.565576932224,343.696251364297,492.733385243605
"redstage_2006_e04.tif",450,452.47385181919,375.225101812236,524.262235691543
"redstage_2006_e04.tif",480,473.746322243802,402.292849432364,551.329983311672
"redstage_2006_e04.tif",510,505.502412228215,432.413771381098,581.450905260406
"redstage_2006_e04.tif",540,538.373035141709,461.80954354197,610.846677421277
"redstage_2006_e04.tif",570,566.839988866812,492.664237879235,641.701371758543
"redstage_2006_e04.tif",600,595.765103569522,523.802093053483,672.839226932791
"redstage_2006_e04.tif",630,614.210340814531,550.692594536906,699.729728416214
"redstage_2006_e04.tif",660,641.492717099073,582.60280259238,731.639936471688
"redstage_2006_e04.tif",690,658.328199581497,611.394061442177,760.431195321485
"redstage_2006_e04.tif",720,685.851117254065,639.924490403834,788.961624283142
"redstage_2006_e04.tif",750,708.231509583554,672.710950747328,821.748084626636
"redstage_2006_e04.tif",780,741.734805909455,702.643269532012,851.68040341132
"redstage_2006_e04.tif",810,772.145097436192,733.036788039533,882.073921918841
"redstage_2006_e04.tif",840,790.919003630373,761.613828405713,910.650962285021
"redstage_2006_e04.tif",870,826.784417239661,791.168294426312,940.20542830562
"redstage_2006_e04.tif",900,856.232837513157,822.360251843112,971.39738572242
"redstage_2006_e04.tif",930,876.18257133575,850.522994857056,999.560128736364
"redstage_2006_e04.tif",960,917.045303343587,882.215311402124,1031.25244528143
"redstage_2006_e04.tif",990,940.439563818258,911.861565027804,1060.89869890711
"redstage_2006_e04.tif",1020,NA,942.816868972126,1091.85400285143
"redstage_2006_e04.tif",1050,NA,NA,NA
"redstage_2006_e04.tif",1080,NA,NA,NA
"redstage_2006_e04.tif",1110,NA,NA,NA
"redstage_2006_e04.tif",1140,NA,NA,NA
"redstage_2006_e04.tif",1170,NA,NA,NA
"redstage_2006_e04.tif",1200,NA,NA,NA
"redstage_2006_e04.tif",1230,NA,NA,NA
"redstage_2006_e04.tif",1260,NA,NA,NA
"redstage_2006_e04.tif",1290,NA,NA,NA
"redstage_2006_e04.tif",1320,NA,NA,NA
"redstage_2006_e04.tif",1350,NA,NA,NA
"redstage_2006_e04.tif",1380,NA,NA,NA
"redstage_2006_e04.tif",1410,NA,NA,NA
"redstage_2006_e04.tif",1440,NA,NA,NA
"redstage_2006_e04.tif",1470,NA,NA,NA
"redstage_2006_e04.tif",1500,NA,NA,NA
"redstage_2006_e05.tif",0,0,-62.0197776164296,62.0197776164296
"redstage_2006_e05.tif",30,63.0053227025011,-28.1804253470607,95.8591298857984
"redstage_2006_e05.tif",60,104.92967665559,-3.39434358235491,120.645211650504
"redstage_2006_e05.tif",90,153.863169297304,27.5367749527479,151.576330185607
"redstage_2006_e05.tif",120,194.837503231348,55.2264010000558,179.265956232915
"redstage_2006_e05.tif",150,242.294928213744,89.3426840778846,213.382239310744
"redstage_2006_e05.tif",180,278.80027440546,117.074301214997,241.113856447856
"redstage_2006_e05.tif",210,312.538822459889,143.85470005397,267.894255286829
"redstage_2006_e05.tif",240,350.913863769454,174.893945673971,298.93350090683
"redstage_2006_e05.tif",270,389.624056520849,206.613351119784,330.652906352643
"redstage_2006_e05.tif",300,428.864317130849,238.796005119018,362.835560351877
"redstage_2006_e05.tif",330,461.498884018013,266.117039604399,390.156594837258
"redstage_2006_e05.tif",360,491.844771751207,292.942408870817,416.981964103676
"redstage_2006_e05.tif",390,529.950333768222,326.821654035261,450.86120926812
"redstage_2006_e05.tif",420,561.938521556716,356.61790858697,480.657463819829
"redstage_2006_e05.tif",450,595.338096424234,388.26550876962,512.30506400248
"redstage_2006_e05.tif",480,621.7299986525,415.422216590259,539.461771823118
"redstage_2006_e05.tif",510,648.718752151353,445.653642379829,569.693197612688
"redstage_2006_e05.tif",540,670.570280855128,475.240669901311,599.28022513417
"redstage_2006_e05.tif",570,689.696083912625,506.308721796452,630.348277029311
"redstage_2006_e05.tif",600,706.046673152495,537.66741258041,661.70696781327
"redstage_2006_e05.tif",630,718.935368986837,564.733866513039,688.773421745898
"redstage_2006_e05.tif",660,733.548884544201,596.773692640758,720.813247873618
"redstage_2006_e05.tif",690,753.862436375022,625.660564699599,749.700119932459
"redstage_2006_e05.tif",720,775.157904541719,654.190339857691,778.22989509055
"redstage_2006_e05.tif",750,805.106138453484,686.980179651492,811.019734884351
"redstage_2006_e05.tif",780,831.944169525704,716.928969840059,840.968525072918
"redstage_2006_e05.tif",810,856.573561458185,747.174893474752,871.214448707611
"redstage_2006_e05.tif",840,882.171570521945,775.663548021695,899.703103254554
"redstage_2006_e05.tif",870,917.970059708844,805.218970530188,929.258525763047
"redstage_2006_e05.tif",900,951.444223105302,836.34201843342,960.381573666279
"redstage_2006_e05.tif",930,985.128278240592,864.560633704478,988.600188937337
"redstage_2006_e05.tif",960,1017.80163045134,896.135722914122,1020.17527814698
"redstage_2006_e05.tif",990,1049.77160056701,925.560740222071,1049.60029545493
"redstage_2006_e05.tif",1020,1080.76987104677,956.386116870107,1080.42567210297
"redstage_2006_e05.tif",1050,1116.66357681175,987.934876237059,1111.97443146992
"redstage_2006_e05.tif",1080,1144.24270856116,1014.8503744253,1138.88992965816
"redstage_2006_e05.tif",1110,1178.90823398198,1046.28014872769,1170.31970396054
"redstage_2006_e05.tif",1140,1208.14858414452,1074.31381125885,1198.35336649171
"redstage_2006_e05.tif",1170,1245.28965696727,1107.08116359014,1231.120718823
"redstage_2006_e05.tif",1200,1271.50351453357,1137.0519508493,1261.09150608216
"redstage_2006_e05.tif",1230,1295.50767014798,1164.92122743528,1288.96078266813
"redstage_2006_e05.tif",1260,1321.92495210582,1195.35721903698,1319.39677426984
"redstage_2006_e05.tif",1290,1347.36485791357,1225.01212568776,1349.05168092062
"redstage_2006_e05.tif",1320,1382.9005293154,1256.62253090496,1380.66208613782
"redstage_2006_e05.tif",1350,1410.77166464805,1287.07958533174,1411.1191405646
"redstage_2006_e05.tif",1380,1432.11363273452,1314.83238397608,1438.87193920894
"redstage_2006_e05.tif",1410,1457.4348034673,1345.07855542733,1469.11811066019
"redstage_2006_e05.tif",1440,1472.44924485661,1374.73494377011,1498.77449900297
"redstage_2006_e05.tif",1470,NA,NA,NA
"redstage_2006_e05.tif",1500,NA,NA,NA
"redstage_2006_e06.tif",0,0,-91.1066382366644,91.1066382366644
"redstage_2006_e06.tif",30,71.7620824955659,-57.2909020676918,124.922374405637
"redstage_2006_e06.tif",60,116.551668956999,-32.5191010386017,149.694175434727
"redstage_2006_e06.tif",90,165.982394911193,-1.56904538259785,180.644231090731
"redstage_2006_e06.tif",120,205.240343850231,26.1292387391074,208.342515212436
"redstage_2006_e06.tif",150,247.96706893185,60.2779268962352,242.491203369564
"redstage_2006_e06.tif",180,281.142434770056,88.0049486737573,270.218225147086
"redstage_2006_e06.tif",210,311.084802994183,114.811504090816,297.024780564145
"redstage_2006_e06.tif",240,340.996358753143,145.872707687264,328.085984160593
"redstage_2006_e06.tif",270,373.915177527705,177.577577365112,359.79085383844
"redstage_2006_e06.tif",300,403.136023342085,209.782541080852,391.99581755418
"redstage_2006_e06.tif",330,429.876523372478,237.093276318834,419.306552792163
"redstage_2006_e06.tif",360,457.101741883185,263.902404477963,446.115680951291
"redstage_2006_e06.tif",390,492.6699917116,297.75231411751,479.965590590839
"redstage_2006_e06.tif",420,523.868466892678,327.519869740424,509.733146213753
"redstage_2006_e06.tif",450,559.281971027154,359.126196116471,541.3394725898
"redstage_2006_e06.tif",480,590.46863534117,386.205062908373,568.418339381701
"redstage_2006_e06.tif",510,617.867201138771,416.402466715818,598.615743189147
"redstage_2006_e06.tif",540,647.447165297336,445.876161341515,628.089437814843
"redstage_2006_e06.tif",570,682.98750769007,476.85556546091,659.068841934238
"redstage_2006_e06.tif",600,707.904799650935,508.160804882159,690.374081355488
"redstage_2006_e06.tif",630,730.089013780281,535.228555337658,717.441831810987
"redstage_2006_e06.tif",660,749.414692318531,567.188969735045,749.402246208374
"redstage_2006_e06.tif",690,757.96072486679,595.939068091709,778.152344565038
"redstage_2006_e06.tif",720,746.864504714039,624.336683180863,806.549959654192
"redstage_2006_e06.tif",750,676.690617336461,656.752019283039,838.965295756368
"redstage_2006_e06.tif",780,668.884752974973,686.489091774433,868.702368247761
"redstage_2006_e06.tif",810,663.958479379638,716.638095911504,898.851372384833
"redstage_2006_e06.tif",840,689.262557702651,745.148260698143,927.361537171472
"redstage_2006_e06.tif",870,707.894633206156,774.837565567052,957.05084204038
"redstage_2006_e06.tif",900,706.821251795379,806.10029923671,988.313575710038
"redstage_2006_e06.tif",930,726.944528081007,834.331316484323,1016.54459295765
"redstage_2006_e06.tif",960,NA,865.954732908835,1048.16800938216
"redstage_2006_e06.tif",990,NA,895.602467975655,1077.81574444898
"redstage_2006_e06.tif",1020,NA,NA,NA
"redstage_2006_e06.tif",1050,NA,NA,NA
"redstage_2006_e06.tif",1080,NA,NA,NA
"redstage_2006_e06.tif",1110,NA,NA,NA
"redstage_2006_e06.tif",1140,NA,NA,NA
"redstage_2006_e06.tif",1170,NA,NA,NA
"redstage_2006_e06.tif",1200,NA,NA,NA
"redstage_2006_e06.tif",1230,NA,NA,NA
"redstage_2006_e06.tif",1260,NA,NA,NA
"redstage_2006_e06.tif",1290,NA,NA,NA
"redstage_2006_e06.tif",1320,NA,NA,NA
"redstage_2006_e06.tif",1350,NA,NA,NA
"redstage_2006_e06.tif",1380,NA,NA,NA
"redstage_2006_e06.tif",1410,NA,NA,NA
"redstage_2006_e06.tif",1440,NA,NA,NA
"redstage_2006_e06.tif",1470,NA,NA,NA
"redstage_2006_e06.tif",1500,NA,NA,NA
"redstage_2006_e07.tif",0,0,-131.76200616799,131.76200616799
"redstage_2006_e07.tif",30,93.8994932862615,-97.9226247394565,165.601387596524
"redstage_2006_e07.tif",60,151.514896626585,-73.2177840603594,190.306228275621
"redstage_2006_e07.tif",90,215.96986493455,-42.325171413797,221.198840922184
"redstage_2006_e07.tif",120,269.124340913263,-14.585763735488,248.938248600493
"redstage_2006_e07.tif",150,324.366733955989,19.513707193718,283.037719529699
"redstage_2006_e07.tif",180,367.905705450324,47.26987841906,310.793890755041
"redstage_2006_e07.tif",210,407.169413237245,74.0554780246078,337.579490360589
"redstage_2006_e07.tif",240,447.737590846127,105.056857830179,368.580870166159
"redstage_2006_e07.tif",270,484.609578154981,136.769466361356,400.293478697337
"redstage_2006_e07.tif",300,518.915701392879,168.992107482876,432.516119818857
"redstage_2006_e07.tif",330,553.385817627656,196.282154555324,459.806166891304
"redstage_2006_e07.tif",360,585.493208914651,223.065384000633,486.589396336614
"redstage_2006_e07.tif",390,625.505551048203,256.944311257031,520.468323593012
"redstage_2006_e07.tif",420,660.054832103661,286.726904131138,550.250916467118
"redstage_2006_e07.tif",450,696.277937104729,318.349233430045,581.873245766026
"redstage_2006_e07.tif",480,724.999720558321,345.550151163989,609.07416349997
"redstage_2006_e07.tif",510,760.087684587136,375.813067418748,639.337079754729
"redstage_2006_e07.tif",540,790.401786801892,405.448987468184,668.972999804164
"redstage_2006_e07.tif",570,826.377292106574,436.510093447812,700.034105783793
"redstage_2006_e07.tif",600,854.018731789648,467.883829109255,731.407841445236
"redstage_2006_e07.tif",630,874.924580056351,494.97032208806,758.494334424041
"redstage_2006_e07.tif",660,889.351252584622,527.043272541294,790.567284877275
"redstage_2006_e07.tif",690,901.968949800066,555.892735375667,819.416747711647
"redstage_2006_e07.tif",720,906.94812341439,584.331535474281,847.855547810262
"redstage_2006_e07.tif",750,910.597227192464,616.951122015368,880.475134351349
"redstage_2006_e07.tif",780,944.251866634835,646.82653279497,910.350545130951
"redstage_2006_e07.tif",810,974.177917646837,676.82507233264,940.349084668621
"redstage_2006_e07.tif",840,996.079111449277,705.106176530475,968.630188866456
"redstage_2006_e07.tif",870,1022.64427918473,734.51262414172,998.036636477701
"redstage_2006_e07.tif",900,1042.08867071519,765.522490215292,1029.04650255127
"redstage_2006_e07.tif",930,1060.06951308274,793.738523420035,1057.26253575602
"redstage_2006_e07.tif",960,1087.55387786154,825.420478832969,1088.94449116895
"redstage_2006_e07.tif",990,1096.69957445929,854.794910351474,1118.31892268745
"redstage_2006_e07.tif",1020,1093.91308782094,885.718727110063,1149.24273944604
"redstage_2006_e07.tif",1050,1113.06584637053,917.268294704225,1180.79230704021
"redstage_2006_e07.tif",1080,1156.32450449847,944.198285084055,1207.72229742004
"redstage_2006_e07.tif",1110,1323.01775323186,975.587322948781,1239.11133528476
"redstage_2006_e07.tif",1140,1293.25551067604,1003.79032220555,1267.31433454153
"redstage_2006_e07.tif",1170,1414.90055039547,1036.57538674053,1300.09939907651
"redstage_2006_e07.tif",1200,1457.25105765238,1066.40778792419,1329.93180026017
"redstage_2006_e07.tif",1230,1496.71290199063,1094.37712104189,1357.90113337787
"redstage_2006_e07.tif",1260,NA,1125.11260334868,1388.63661568466
"redstage_2006_e07.tif",1290,NA,1154.95404200115,1418.47805433713
"redstage_2006_e07.tif",1320,NA,1188.30729359289,1451.83130592887
"redstage_2006_e07.tif",1350,NA,NA,NA
"redstage_2006_e07.tif",1380,NA,NA,NA
"redstage_2006_e07.tif",1410,NA,NA,NA
"redstage_2006_e07.tif",1440,NA,NA,NA
"redstage_2006_e07.tif",1470,NA,NA,NA
"redstage_2006_e07.tif",1500,NA,NA,NA
"redstage_2006_e08.tif",0,0,-67.4986963578294,67.4986963578294
"redstage_2006_e08.tif",30,55.555359451405,-33.6498302350778,101.347562480581
"redstage_2006_e08.tif",60,92.9503696204477,-8.87238088741962,126.125011828239
"redstage_2006_e08.tif",90,137.013679037915,22.05636766477,157.053760380429
"redstage_2006_e08.tif",120,174.341300106575,49.745545856788,184.742938572447
"redstage_2006_e08.tif",150,216.61326071035,83.8784533219763,218.875846037635
"redstage_2006_e08.tif",180,249.352924675305,111.620406583321,246.617799298979
"redstage_2006_e08.tif",210,279.705047265466,138.405968392748,273.403361108407
"redstage_2006_e08.tif",240,310.936772910764,169.465281905879,304.462674621538
"redstage_2006_e08.tif",270,341.913682919114,201.193389044945,336.190781760604
"redstage_2006_e08.tif",300,371.518227740066,233.375703958223,368.373096673881
"redstage_2006_e08.tif",330,397.500184209082,260.706901178701,395.70429389436
"redstage_2006_e08.tif",360,423.418067977844,287.544692952389,422.542085668048
"redstage_2006_e08.tif",390,456.419151430995,321.430662511644,456.428055227303
"redstage_2006_e08.tif",420,485.909565840387,351.208482294047,486.205875009706
"redstage_2006_e08.tif",450,515.623100679122,382.846408617089,517.843801332748
"redstage_2006_e08.tif",480,540.509751875878,410.008680552338,545.006073267997
"redstage_2006_e08.tif",510,568.8390300421,440.2386926858,575.236085401459
"redstage_2006_e08.tif",540,596.362022653351,469.845391112335,604.842783827994
"redstage_2006_e08.tif",570,627.684442769931,500.935887095539,635.933279811198
"redstage_2006_e08.tif",600,658.407178872673,532.33549007023,667.332882785889
"redstage_2006_e08.tif",630,684.705004400881,559.431020850619,694.428413566278
"redstage_2006_e08.tif",660,715.447497356178,591.504819766558,726.502212482217
"redstage_2006_e08.tif",690,744.145559459946,620.429163128294,755.426555843953
"redstage_2006_e08.tif",720,771.657391992362,648.971224712241,783.9686174279
"redstage_2006_e08.tif",750,806.162990137229,681.80150783999,816.798900555649
"redstage_2006_e08.tif",780,837.851662908998,711.771753802731,846.76914651839
"redstage_2006_e08.tif",810,872.401495325846,742.031410479958,877.028803195617
"redstage_2006_e08.tif",840,904.016324138836,770.513046778821,905.51043949448
"redstage_2006_e08.tif",870,939.400166597879,800.040843941697,935.038236657356
"redstage_2006_e08.tif",900,978.685639747045,831.14638360838,966.143776324039
"redstage_2006_e08.tif",930,1011.95680221589,859.339109212214,994.336501927873
"redstage_2006_e08.tif",960,1049.91347518443,890.892432859197,1025.88982557486
"redstage_2006_e08.tif",990,1086.93863229637,920.282617204403,1055.28000992006
"redstage_2006_e08.tif",1020,1127.85871323956,951.03487283778,1086.03226555344
"redstage_2006_e08.tif",1050,1169.53791078923,982.55846839666,1117.55586111232
"redstage_2006_e08.tif",1080,1203.28836940458,1009.45762828748,1144.45502100313
"redstage_2006_e08.tif",1110,1244.16793433837,1040.84604496488,1175.84343768054
"redstage_2006_e08.tif",1140,1285.71518529535,1068.83578213583,1203.83317485149
"redstage_2006_e08.tif",1170,1329.19151901157,1101.56925255959,1236.56664527524
"redstage_2006_e08.tif",1200,1363.44814508009,1131.54211627388,1266.53950898954
"redstage_2006_e08.tif",1230,1394.26043550206,1159.35332447767,1294.35071719333
"redstage_2006_e08.tif",1260,1423.97492875164,1189.76339755961,1324.76079027527
"redstage_2006_e08.tif",1290,1450.08202507195,1219.3878541203,1354.38524683595
"redstage_2006_e08.tif",1320,1477.38542491135,1250.87353853684,1385.8709312525
"redstage_2006_e08.tif",1350,1505.06025629511,1281.28263186203,1416.28002457768
"redstage_2006_e08.tif",1380,1533.44637918622,1308.9611765663,1443.95856928196
"redstage_2006_e08.tif",1410,1562.80443617467,1339.37366975906,1474.37106247472
"redstage_2006_e08.tif",1440,1584.69543781679,1368.71829740636,1503.71569012202
"redstage_2006_e08.tif",1470,1604.15153691612,1399.28049607666,1534.27788879232
"redstage_2006_e08.tif",1500,NA,1428.10507132338,1563.10246403904
"redstage_2007_e01.tif",0,0,-80.5204872847452,80.5204872847452
"redstage_2007_e01.tif",30,78.3399225184148,-46.691045500031,114.349929069459
"redstage_2007_e01.tif",60,128.21886278043,-21.9103262496321,139.130648319858
"redstage_2007_e01.tif",90,184.412846495319,9.01317265634904,170.054147225839
"redstage_2007_e01.tif",120,231.328489995562,36.7187235499969,197.759698119487
"redstage_2007_e01.tif",150,285.994943332459,70.8694642150021,231.910438784492
"redstage_2007_e01.tif",180,329.471672741931,98.6321262412886,259.673100810779
"redstage_2007_e01.tif",210,369.702285285728,125.42482016713,286.465794736621
"redstage_2007_e01.tif",240,414.529909232405,156.489853179468,317.530827748958
"redstage_2007_e01.tif",270,459.25317344694,188.218944696577,349.259919266068
"redstage_2007_e01.tif",300,501.323897587149,220.383800827406,381.424775396896
"redstage_2007_e01.tif",330,536.74301821906,247.694301962158,408.735276531648
"redstage_2007_e01.tif",360,568.02978064618,274.505371533815,435.546346103305
"redstage_2007_e01.tif",390,609.465703230744,308.373171644539,469.414146214029
"redstage_2007_e01.tif",420,642.419043493284,338.154026113463,499.195000682954
"redstage_2007_e01.tif",450,678.7554380841,369.765028034771,530.806002604261
"redstage_2007_e01.tif",480,710.07385434148,396.910052272648,557.951026842139
"redstage_2007_e01.tif",510,738.213536200355,427.094352135643,588.135326705134
"redstage_2007_e01.tif",540,758.461365442486,456.658936592642,617.699911162133
"redstage_2007_e01.tif",570,773.304829574907,487.705930144959,648.746904714449
"redstage_2007_e01.tif",600,788.885354518957,519.035002802978,680.075977372468
"redstage_2007_e01.tif",630,805.445629769328,546.082245642989,707.123220212479
"redstage_2007_e01.tif",660,837.228848738247,578.091385631751,739.132360201242
"redstage_2007_e01.tif",690,862.323257382584,606.971014681547,768.011989251038
"redstage_2007_e01.tif",720,894.400996780855,635.504484710105,796.545459279595
"redstage_2007_e01.tif",750,934.531812238243,668.292996577856,829.333971147346
"redstage_2007_e01.tif",780,964.448190271932,698.269468481524,859.310443051014
"redstage_2007_e01.tif",810,988.594490803733,728.513337052831,889.554311622322
"redstage_2007_e01.tif",840,994.714480403937,757.020269561192,918.061244130682
"redstage_2007_e01.tif",870,1020.32146913576,786.563842244602,947.604816814092
"redstage_2007_e01.tif",900,1038.70316324105,817.625897435337,978.666872004827
"redstage_2007_e01.tif",930,960.900203821698,845.901830562029,1006.94280513152
"redstage_2007_e01.tif",960,NA,877.450346719082,1038.49132128857
"redstage_2007_e01.tif",990,NA,906.892302525248,1067.93327709474
"redstage_2007_e01.tif",1020,NA,938.008094783078,1099.04906935257
"redstage_2007_e01.tif",1050,NA,NA,NA
"redstage_2007_e01.tif",1080,NA,NA,NA
"redstage_2007_e01.tif",1110,NA,NA,NA
"redstage_2007_e01.tif",1140,NA,NA,NA
"redstage_2007_e01.tif",1170,NA,NA,NA
"redstage_2007_e01.tif",1200,NA,NA,NA
"redstage_2007_e01.tif",1230,NA,NA,NA
"redstage_2007_e01.tif",1260,NA,NA,NA
"redstage_2007_e01.tif",1290,NA,NA,NA
"redstage_2007_e01.tif",1320,NA,NA,NA
"redstage_2007_e01.tif",1350,NA,NA,NA
"redstage_2007_e01.tif",1380,NA,NA,NA
"redstage_2007_e01.tif",1410,NA,NA,NA
"redstage_2007_e01.tif",1440,NA,NA,NA
"redstage_2007_e01.tif",1470,NA,NA,NA
"redstage_2007_e01.tif",1500,NA,NA,NA
"redstage_2007_e05.tif",0,0,-78.0258730532653,78.0258730532653
"redstage_2007_e05.tif",30,66.7901646447352,-44.1661859302043,111.885560176326
"redstage_2007_e05.tif",60,111.36651423835,-19.3929905576193,136.658755548911
"redstage_2007_e05.tif",90,163.371812243636,11.5358852691066,167.587631375637
"redstage_2007_e05.tif",120,206.972621581515,39.2218312175304,195.273577324061
"redstage_2007_e05.tif",150,256.641102654145,73.356506330374,229.408252436905
"redstage_2007_e05.tif",180,295.044026786036,101.104728098497,257.156474205027
"redstage_2007_e05.tif",210,331.339865018859,127.899535445599,283.951281552129
"redstage_2007_e05.tif",240,370.82781746359,158.967331740815,315.019077847345
"redstage_2007_e05.tif",270,409.860133213232,190.67930795159,346.73105405812
"redstage_2007_e05.tif",300,449.16296917544,222.876408443945,378.928154550476
"redstage_2007_e05.tif",330,482.997100978955,250.200075595832,406.251821702363
"redstage_2007_e05.tif",360,515.735815850916,277.037454992222,433.089201098752
"redstage_2007_e05.tif",390,555.008992532527,310.939422421765,466.991168528296
"redstage_2007_e05.tif",420,588.324343792211,340.74472274369,496.796468850221
"redstage_2007_e05.tif",450,622.216383853479,372.39141865482,528.44316476135
"redstage_2007_e05.tif",480,649.438473611391,399.567659145216,555.619405251747
"redstage_2007_e05.tif",510,676.625596034291,429.807587422718,585.859333529248
"redstage_2007_e05.tif",540,701.233736219452,459.412029910397,615.463776016928
"redstage_2007_e05.tif",570,726.414960382119,490.49109565167,646.5428417582
"redstage_2007_e05.tif",600,749.784338490963,521.871524088467,677.923270194998
"redstage_2007_e05.tif",630,766.105044119406,548.958442164018,705.010188270548
"redstage_2007_e05.tif",660,784.619831601425,581.033744635614,737.085490742145
"redstage_2007_e05.tif",690,800.615986100664,609.961272437862,766.013018544392
"redstage_2007_e05.tif",720,817.611566409171,638.500890770776,794.552636877306
"redstage_2007_e05.tif",750,838.690712130769,671.33496531798,827.386711424511
"redstage_2007_e05.tif",780,854.642091693499,701.310621352954,857.362367459484
"redstage_2007_e05.tif",810,870.471170024789,731.592299293454,887.644045399985
"redstage_2007_e05.tif",840,888.939550936969,760.100240243465,916.151986349995
"redstage_2007_e05.tif",870,909.061978782382,789.660565413154,945.712311519685
"redstage_2007_e05.tif",900,932.231750224112,820.810421665118,976.862167771648
"redstage_2007_e05.tif",930,950.919679078719,849.055072044361,1005.10681815089
"redstage_2007_e05.tif",960,973.946841442496,880.657547240236,1036.70929334677
"redstage_2007_e05.tif",990,989.480491671454,910.089197656082,1066.14094376261
"redstage_2007_e05.tif",1020,1008.7654800594,940.913271655643,1096.96501776217
"redstage_2007_e05.tif",1050,1030.97084788044,972.502936977311,1128.55468308384
"redstage_2007_e05.tif",1080,1047.48327461297,999.439099911334,1155.49084601786
"redstage_2007_e05.tif",1110,1072.39208931259,1030.86953216732,1186.92127827385
"redstage_2007_e05.tif",1140,1090.48234558239,1058.93094424301,1214.98269034954
"redstage_2007_e05.tif",1170,1110.28226380116,1091.73608855155,1247.78783465808
"redstage_2007_e05.tif",1200,1130.72920031935,1121.75424684866,1277.80599295519
"redstage_2007_e05.tif",1230,1159.60707586398,1149.67484975334,1305.72659585987
"redstage_2007_e05.tif",1260,1182.52713950796,1180.14033852113,1336.19208462766
"redstage_2007_e05.tif",1290,1204.57633638036,1209.92441552249,1365.97616162902
"redstage_2007_e05.tif",1320,1213.09510799547,1241.55544386269,1397.60718996922
"redstage_2007_e05.tif",1350,1223.60529198159,1272.14894680092,1428.20069290745
"redstage_2007_e05.tif",1380,1280.95346145232,1299.9526243744,1456.00437048093
"redstage_2007_e05.tif",1410,1378.33556841141,1330.16609924983,1486.21784535636
"redstage_2007_e05.tif",1440,1408.41188556634,1359.4963831924,1515.54812929893
"redstage_2007_e05.tif",1470,NA,NA,NA
"redstage_2007_e05.tif",1500,NA,NA,NA
"redstage_2007_e06.tif",0,0,-57.2331008640773,57.2331008640773
"redstage_2007_e06.tif",30,55.8533151663903,-23.391914612653,91.0742871155016
"redstage_2007_e06.tif",60,92.6175735037668,1.39638001200737,115.862581740162
"redstage_2007_e06.tif",90,135.428988806156,32.3288349332649,146.79503666142
"redstage_2007_e06.tif",120,171.205189069436,60.0228264262067,174.489028154361
"redstage_2007_e06.tif",150,211.722939203268,94.15127893415,208.617480662305
"redstage_2007_e06.tif",180,243.675287746153,121.879917252961,236.346118981116
"redstage_2007_e06.tif",210,272.616431052613,148.64303324465,263.109234972804
"redstage_2007_e06.tif",240,303.782573250893,179.680621756591,294.146823484746
"redstage_2007_e06.tif",270,336.041170504209,211.387375889959,325.853577618113
"redstage_2007_e06.tif",300,367.113522214867,243.539524845838,358.005726573993
"redstage_2007_e06.tif",330,391.78323340981,270.839329587309,385.305531315463
"redstage_2007_e06.tif",360,414.890346215439,297.652257652463,412.118459380618
"redstage_2007_e06.tif",390,442.319200076947,331.510499502991,445.976701231145
"redstage_2007_e06.tif",420,466.686900076303,361.275915202883,475.742116931038
"redstage_2007_e06.tif",450,497.119428349211,392.893130475703,507.359332203857
"redstage_2007_e06.tif",480,522.079241724195,420.000332757182,534.466534485337
"redstage_2007_e06.tif",510,548.357738279742,450.157621942107,564.623823670261
"redstage_2007_e06.tif",540,576.233594778843,479.673381873049,594.139583601204
"redstage_2007_e06.tif",570,606.665420358455,510.674393884694,625.140595612849
"redstage_2007_e06.tif",600,637.403322160734,541.977882965372,656.444084693527
"redstage_2007_e06.tif",630,659.936015155318,568.995655736929,683.461857465084
"redstage_2007_e06.tif",660,691.918678243774,600.988826653013,715.455028381167
"redstage_2007_e06.tif",690,716.867524131318,629.824694672579,744.290896400733
"redstage_2007_e06.tif",720,740.388301940592,658.240765474758,772.706967202912
"redstage_2007_e06.tif",750,761.700533309643,690.8315728507,805.297774578855
"redstage_2007_e06.tif",780,786.211870782718,720.738180598488,835.204382326643
"redstage_2007_e06.tif",810,813.088310334273,750.961057538655,865.42725926681
"redstage_2007_e06.tif",840,840.294663346769,779.475739531304,893.941941259459
"redstage_2007_e06.tif",870,867.383922337761,809.082975735732,923.549177463886
"redstage_2007_e06.tif",900,892.352945041923,840.233997645847,954.700199374002
"redstage_2007_e06.tif",930,914.92138727538,868.477315275366,982.94351700352
"redstage_2007_e06.tif",960,944.224932993418,900.150949104573,1014.61715083273
"redstage_2007_e06.tif",990,NA,929.976585237194,1044.44278696535
"redstage_2007_e06.tif",1020,NA,NA,NA
"redstage_2007_e06.tif",1050,NA,NA,NA
"redstage_2007_e06.tif",1080,NA,NA,NA
"redstage_2007_e06.tif",1110,NA,NA,NA
"redstage_2007_e06.tif",1140,NA,NA,NA
"redstage_2007_e06.tif",1170,NA,NA,NA
"redstage_2007_e06.tif",1200,NA,NA,NA
"redstage_2007_e06.tif",1230,NA,NA,NA
"redstage_2007_e06.tif",1260,NA,NA,NA
"redstage_2007_e06.tif",1290,NA,NA,NA
"redstage_2007_e06.tif",1320,NA,NA,NA
"redstage_2007_e06.tif",1350,NA,NA,NA
"redstage_2007_e06.tif",1380,NA,NA,NA
"redstage_2007_e06.tif",1410,NA,NA,NA
"redstage_2007_e06.tif",1440,NA,NA,NA
"redstage_2007_e06.tif",1470,NA,NA,NA
"redstage_2007_e06.tif",1500,NA,NA,NA
"redstage_2007_e07.tif",0,0,-67.1748609688468,67.1748609688468
"redstage_2007_e07.tif",30,67.3508546736531,-33.3418067589675,101.007915178726
"redstage_2007_e07.tif",60,111.512754909117,-8.57349265737346,125.77622928032
"redstage_2007_e07.tif",90,163.018874800235,22.3578221113976,156.707544049091
"redstage_2007_e07.tif",120,206.622608142818,50.0528288624518,184.402550800145
"redstage_2007_e07.tif",150,257.965803989474,84.1764331224636,218.526155060157
"redstage_2007_e07.tif",180,298.059188078095,111.929173032692,246.278894970385
"redstage_2007_e07.tif",210,336.152284758698,138.725252237855,273.074974175549
"redstage_2007_e07.tif",240,379.352322098797,169.777508971153,304.127230908846
"redstage_2007_e07.tif",270,423.238955072966,201.499103010334,335.848824948028
"redstage_2007_e07.tif",300,467.987505292893,233.69752588253,368.047247820224
"redstage_2007_e07.tif",330,504.824339776985,261.009412588252,395.359134525946
"redstage_2007_e07.tif",360,540.060650045111,287.838217606233,422.187939543926
"redstage_2007_e07.tif",390,584.123675415125,321.710342703484,456.060064641177
"redstage_2007_e07.tif",420,620.834598221884,351.49847502181,485.848196959504
"redstage_2007_e07.tif",450,657.65881991428,383.121781335187,517.471503272881
"redstage_2007_e07.tif",480,689.071797512402,410.285127481976,544.63484941967
"redstage_2007_e07.tif",510,721.477412060536,440.516551593212,574.866273530906
"redstage_2007_e07.tif",540,752.255154476058,470.105189881141,604.454911818835
"redstage_2007_e07.tif",570,782.873793989007,501.183497844248,635.533219781941
"redstage_2007_e07.tif",600,810.809693362527,532.551420601958,666.901142539652
"redstage_2007_e07.tif",630,831.415200053393,559.619871898625,693.969593836319
"redstage_2007_e07.tif",660,857.777441281188,591.67136698962,726.021088927313
"redstage_2007_e07.tif",690,880.245878332278,620.58194907893,754.931671016624
"redstage_2007_e07.tif",720,900.075197527312,649.108610185415,783.458332123109
"redstage_2007_e07.tif",750,925.338871686522,681.919112569209,816.268834506903
"redstage_2007_e07.tif",780,945.772965316177,711.878600100238,846.228322037931
"redstage_2007_e07.tif",810,966.67521964728,742.12863474728,876.478356684973
"redstage_2007_e07.tif",840,988.724290926355,770.607502863669,904.957224801362
"redstage_2007_e07.tif",870,1012.65471935638,800.118917673102,934.468639610796
"redstage_2007_e07.tif",900,1037.07202351459,831.203762977455,965.553484915149
"redstage_2007_e07.tif",930,1060.07752851414,859.373607363327,993.723329301021
"redstage_2007_e07.tif",960,1086.88044098903,890.914066611066,1025.26378854876
"redstage_2007_e07.tif",990,1096.14595758602,920.265144230015,1054.61486616771
"redstage_2007_e07.tif",1020,1109.9112228928,951.00791476689,1085.35763670458
"redstage_2007_e07.tif",1050,1123.33199863941,982.500318483936,1116.85004042163
"redstage_2007_e07.tif",1080,1137.97440198296,1009.35675572051,1143.7064776582
"redstage_2007_e07.tif",1110,1157.10980841712,1040.74682597534,1175.09654791303
"redstage_2007_e07.tif",1140,1178.28617937234,1068.78715192378,1203.13687386147
"redstage_2007_e07.tif",1170,1189.18774393485,1101.55669877779,1235.90642071548
"redstage_2007_e07.tif",1200,1220.71560861707,1131.463558519,1265.81328045669
"redstage_2007_e07.tif",1230,1250.61455974458,1159.26963738372,1293.61935932141
"redstage_2007_e07.tif",1260,1299.60082520986,1189.66677019652,1324.01649213421
"redstage_2007_e07.tif",1290,1349.56644417416,1219.32510380685,1353.67482574455
"redstage_2007_e07.tif",1320,1368.67154831941,1250.89855440842,1385.24827634611
"redstage_2007_e07.tif",1350,1374.03187609683,1281.39377643517,1415.74349837286
"redstage_2007_e07.tif",1380,1382.45806747966,1309.16689257339,1443.51661451109
"redstage_2007_e07.tif",1410,1356.83546726253,1339.56904129403,1473.91876323173
"redstage_2007_e07.tif",1440,1448.01593878313,1368.97356029813,1503.32328223583
"redstage_2007_e07.tif",1470,NA,1399.86317918093,1534.21290111863
"redstage_2007_e07.tif",1500,NA,1428.74740838689,1563.09713032458
"redstage_2007_e08.tif",0,0,-64.4957867887119,64.4957867887119
"redstage_2007_e08.tif",30,67.8733880758061,-30.6570154029782,98.3345581744456
"redstage_2007_e08.tif",60,113.136243921334,-5.87823839041904,123.113335187005
"redstage_2007_e08.tif",90,165.875446350957,25.0472764735157,154.03885005094
"redstage_2007_e08.tif",120,210.490606448853,52.7571183569775,181.748691934401
"redstage_2007_e08.tif",150,260.98869979683,86.8698189674477,215.861392544872
"redstage_2007_e08.tif",180,300.946823983915,114.596138637835,243.587712215259
"redstage_2007_e08.tif",210,336.722928313291,141.379596042259,270.371169619683
"redstage_2007_e08.tif",240,372.10132307181,172.425208857159,301.416782434583
"redstage_2007_e08.tif",270,403.418326632333,204.125414297458,333.116987874882
"redstage_2007_e08.tif",300,430.966638009027,236.308789955485,365.300363532909
"redstage_2007_e08.tif",330,453.55397767636,263.622577239773,392.614150817197
"redstage_2007_e08.tif",360,471.966041214876,290.46866017677,419.460233754194
"redstage_2007_e08.tif",390,493.584009354385,324.341945983615,453.333519561039
"redstage_2007_e08.tif",420,513.020963465907,354.141055222227,483.132628799651
"redstage_2007_e08.tif",450,528.44970171542,385.782871489314,514.774445066738
"redstage_2007_e08.tif",480,545.34568994153,412.965423378869,541.956996956293
"redstage_2007_e08.tif",510,557.991110707671,443.215926844402,572.207500421826
"redstage_2007_e08.tif",540,566.627590877871,472.854579842972,601.846153420396
"redstage_2007_e08.tif",570,583.282171994604,503.960999852427,632.952573429851
"redstage_2007_e08.tif",600,599.427212044708,535.374306148068,664.365879725492
"redstage_2007_e08.tif",630,615.579939587442,562.475094047647,691.46666762507
"redstage_2007_e08.tif",660,637.524061172532,594.572492428992,723.564066006416
"redstage_2007_e08.tif",690,659.72858498774,623.476352064589,752.467925642012
"redstage_2007_e08.tif",720,686.219286261525,652.031743862197,781.02331743962
"redstage_2007_e08.tif",750,713.431683310113,684.85960333948,813.851176916904
"redstage_2007_e08.tif",780,739.55530391244,714.837487317027,843.82906089445
"redstage_2007_e08.tif",810,767.870903703072,745.134292771677,874.1258663491
"redstage_2007_e08.tif",840,794.22282117392,773.652118283754,902.643691861178
"redstage_2007_e08.tif",870,824.300588156284,803.21129267843,932.202866255854
"redstage_2007_e08.tif",900,859.439329616301,834.356525483606,963.34809906103
"redstage_2007_e08.tif",930,888.587395503508,862.591929182863,991.583502760287
"redstage_2007_e08.tif",960,920.986204581325,894.195886127569,1023.18745970499
"redstage_2007_e08.tif",990,948.160795532306,923.639732310691,1052.63130588812
"redstage_2007_e08.tif",1020,977.354304205821,954.458799684257,1083.45037326168
"redstage_2007_e08.tif",1050,1010.80129968269,985.993066052065,1114.98463962949
"redstage_2007_e08.tif",1080,1037.357065953,1012.90049391749,1141.89206749492
"redstage_2007_e08.tif",1110,1070.88957057722,1044.34277041157,1173.334343989
"redstage_2007_e08.tif",1140,1102.1624994003,1072.37062036226,1201.36219393968
"redstage_2007_e08.tif",1170,1138.87577110941,1105.13714175537,1234.1287153328
"redstage_2007_e08.tif",1200,1175.07167807608,1135.04942438172,1264.04099795914
"redstage_2007_e08.tif",1230,1216.58252732314,1162.89637298397,1291.88794656139
"redstage_2007_e08.tif",1260,1260.12051499264,1193.34691230645,1322.33848588387
"redstage_2007_e08.tif",1290,1324.12200171406,1223.099568166,1352.09114174343
"redstage_2007_e08.tif",1320,1349.77314366976,1254.87663381864,1383.86820739606
"redstage_2007_e08.tif",1350,NA,1285.68409125543,1414.67566483286
"redstage_2007_e08.tif",1380,NA,1312.93133113778,1441.92290471521
"redstage_2007_e08.tif",1410,NA,NA,NA
"redstage_2007_e08.tif",1440,NA,NA,NA
"redstage_2007_e08.tif",1470,NA,NA,NA
"redstage_2007_e08.tif",1500,NA,NA,NA
"redstage_2008_e03.tif",0,0,-22.311623919074,22.311623919074
"redstage_2008_e03.tif",30,40.245339262767,11.5426233372682,56.1658711754161
"redstage_2008_e03.tif",60,69.0117246158271,36.3248825585337,80.9481303966816
"redstage_2008_e03.tif",90,104.412000606322,67.2616020446943,111.884849882842
"redstage_2008_e03.tif",120,136.137778232001,94.9722094311897,139.595457269338
"redstage_2008_e03.tif",150,175.381875283792,129.106411464946,173.729659303094
"redstage_2008_e03.tif",180,207.579991611474,156.859642933271,201.482890771419
"redstage_2008_e03.tif",210,238.669479013946,183.658582786685,228.281830624833
"redstage_2008_e03.tif",240,274.952316968338,214.736717157954,259.359964996102
"redstage_2008_e03.tif",270,310.707112455406,246.484531559523,291.107779397671
"redstage_2008_e03.tif",300,346.328920030164,278.715243366881,323.338491205029
"redstage_2008_e03.tif",330,378.016996660705,306.06040852189,350.683656360038
"redstage_2008_e03.tif",360,407.606008168111,332.911231403058,377.534479241206
"redstage_2008_e03.tif",390,444.606449730732,366.76073726705,411.383985105198
"redstage_2008_e03.tif",420,479.931009905256,396.513688420003,441.136936258151
"redstage_2008_e03.tif",450,516.301051067831,428.165757035213,472.789004873361
"redstage_2008_e03.tif",480,543.712183778689,455.340815887617,499.964063725765
"redstage_2008_e03.tif",510,569.518381406185,485.736121552214,530.359369390362
"redstage_2008_e03.tif",540,NA,NA,NA
"redstage_2008_e03.tif",570,NA,NA,NA
"redstage_2008_e03.tif",600,NA,NA,NA
"redstage_2008_e03.tif",630,NA,NA,NA
"redstage_2008_e03.tif",660,NA,NA,NA
"redstage_2008_e03.tif",690,NA,NA,NA
"redstage_2008_e03.tif",720,NA,NA,NA
"redstage_2008_e03.tif",750,NA,NA,NA
"redstage_2008_e03.tif",780,NA,NA,NA
"redstage_2008_e03.tif",810,NA,NA,NA
"redstage_2008_e03.tif",840,NA,NA,NA
"redstage_2008_e03.tif",870,NA,NA,NA
"redstage_2008_e03.tif",900,NA,NA,NA
"redstage_2008_e03.tif",930,NA,NA,NA
"redstage_2008_e03.tif",960,NA,NA,NA
"redstage_2008_e03.tif",990,NA,NA,NA
"redstage_2008_e03.tif",1020,NA,NA,NA
"redstage_2008_e03.tif",1050,NA,NA,NA
"redstage_2008_e03.tif",1080,NA,NA,NA
"redstage_2008_e03.tif",1110,NA,NA,NA
"redstage_2008_e03.tif",1140,NA,NA,NA
"redstage_2008_e03.tif",1170,NA,NA,NA
"redstage_2008_e03.tif",1200,NA,NA,NA
"redstage_2008_e03.tif",1230,NA,NA,NA
"redstage_2008_e03.tif",1260,NA,NA,NA
"redstage_2008_e03.tif",1290,NA,NA,NA
"redstage_2008_e03.tif",1320,NA,NA,NA
"redstage_2008_e03.tif",1350,NA,NA,NA
"redstage_2008_e03.tif",1380,NA,NA,NA
"redstage_2008_e03.tif",1410,NA,NA,NA
"redstage_2008_e03.tif",1440,NA,NA,NA
"redstage_2008_e03.tif",1470,NA,NA,NA
"redstage_2008_e03.tif",1500,NA,NA,NA
"redstage_2008_e05.tif",0,0,-80.9126807995631,80.9126807995631
"redstage_2008_e05.tif",30,79.9986465052564,-47.1101195770096,114.715242022117
"redstage_2008_e05.tif",60,132.571091878566,-22.3371979758871,139.488163623239
"redstage_2008_e05.tif",90,192.30002292784,8.60902158920834,170.434383188334
"redstage_2008_e05.tif",120,240.025862886101,36.2598395801721,198.085201179298
"redstage_2008_e05.tif",150,292.169372951347,70.3749474358622,232.200309034988
"redstage_2008_e05.tif",180,326.302483326805,98.0365645423694,259.861926141496
"redstage_2008_e05.tif",210,343.090630649962,124.755060406315,286.580422005441
"redstage_2008_e05.tif",240,335.154244187247,155.764360650723,317.589722249849
"redstage_2008_e05.tif",270,317.769154837604,187.406718006981,349.232079606107
"redstage_2008_e05.tif",300,313.259966821606,219.494128663296,381.319490262422
"redstage_2008_e05.tif",330,311.765693934717,246.746821870661,408.572183469787
"redstage_2008_e05.tif",360,316.18503955915,273.448446914183,435.273808513309
"redstage_2008_e05.tif",390,303.812159620449,307.207743694992,469.033105294119
"redstage_2008_e05.tif",420,309.117781107295,336.835923244132,498.661284843258
"redstage_2008_e05.tif",450,312.406633091917,368.35150440922,530.176866008346
"redstage_2008_e05.tif",480,324.153925152549,395.347721433007,557.173083032133
"redstage_2008_e05.tif",510,339.176164014017,425.459262754515,587.284624353641
"redstage_2008_e05.tif",540,356.424162202042,454.952770931373,616.7781325305
"redstage_2008_e05.tif",570,381.459907371544,485.877213736123,647.702575335249
"redstage_2008_e05.tif",600,408.091639121038,517.141570274655,678.966931873781
"redstage_2008_e05.tif",630,407.25694077559,544.163252279084,705.988613878211
"redstage_2008_e05.tif",660,425.504746785723,576.040368040546,737.865729639672
"redstage_2008_e05.tif",690,426.900872726821,604.789762609257,766.615124208383
"redstage_2008_e05.tif",720,443.603503946927,633.22297613243,795.048337731556
"redstage_2008_e05.tif",750,462.088752028667,666.079986328659,827.905347927785
"redstage_2008_e05.tif",780,484.116571565507,696.067793631713,857.89315523084
"redstage_2008_e05.tif",810,503.412574406733,726.468393380879,888.293754980005
"redstage_2008_e05.tif",840,508.285137001462,754.988161531098,916.813523130224
"redstage_2008_e05.tif",870,521.600346354758,784.573554400278,946.398915999404
"redstage_2008_e05.tif",900,537.611942690706,815.723395415843,977.54875701497
"redstage_2008_e05.tif",930,553.043232782795,844.069408008567,1005.89476960769
"redstage_2008_e05.tif",960,572.19965103381,875.658251082798,1037.48361268192
"redstage_2008_e05.tif",990,591.228084899168,905.072498288508,1066.89785988763
"redstage_2008_e05.tif",1020,603.419637335772,935.958340150674,1097.7837017498
"redstage_2008_e05.tif",1050,NA,NA,NA
"redstage_2008_e05.tif",1080,NA,NA,NA
"redstage_2008_e05.tif",1110,NA,NA,NA
"redstage_2008_e05.tif",1140,NA,NA,NA
"redstage_2008_e05.tif",1170,NA,NA,NA
"redstage_2008_e05.tif",1200,NA,NA,NA
"redstage_2008_e05.tif",1230,NA,NA,NA
"redstage_2008_e05.tif",1260,NA,NA,NA
"redstage_2008_e05.tif",1290,NA,NA,NA
"redstage_2008_e05.tif",1320,NA,NA,NA
"redstage_2008_e05.tif",1350,NA,NA,NA
"redstage_2008_e05.tif",1380,NA,NA,NA
"redstage_2008_e05.tif",1410,NA,NA,NA
"redstage_2008_e05.tif",1440,NA,NA,NA
"redstage_2008_e05.tif",1470,NA,NA,NA
"redstage_2008_e05.tif",1500,NA,NA,NA
"redstage_2008_e06.tif",0,0,-83.3625276650579,83.3625276650579
"redstage_2008_e06.tif",30,94.0632056859885,-49.5915302335525,117.133525096563
"redstage_2008_e06.tif",60,156.2318097337,-24.8473719812725,141.877683348843
"redstage_2008_e06.tif",90,218.287558026103,6.01405356960795,172.739108899724
"redstage_2008_e06.tif",120,260.676095139068,33.7530018234971,200.478057153613
"redstage_2008_e06.tif",150,302.063056852108,67.704719690276,234.429775020392
"redstage_2008_e06.tif",180,336.892894956995,95.2185527937964,261.943608123912
"redstage_2008_e06.tif",210,346.211490651522,121.91401159276,288.639066922876
"redstage_2008_e06.tif",240,264.973436939112,152.505576720899,319.230632051015
"redstage_2008_e06.tif",270,200.561730043783,183.707405256951,350.432460587066
"redstage_2008_e06.tif",300,NA,215.615455699218,382.340511029333
"redstage_2008_e06.tif",330,NA,242.35668391965,409.081739249766
"redstage_2008_e06.tif",360,NA,267.659221505798,434.384276835913
"redstage_2008_e06.tif",390,NA,302.358184481717,469.083239811833
"redstage_2008_e06.tif",420,NA,NA,NA
"redstage_2008_e06.tif",450,NA,NA,NA
"redstage_2008_e06.tif",480,NA,NA,NA
"redstage_2008_e06.tif",510,NA,NA,NA
"redstage_2008_e06.tif",540,NA,NA,NA
"redstage_2008_e06.tif",570,NA,NA,NA
"redstage_2008_e06.tif",600,NA,NA,NA
"redstage_2008_e06.tif",630,NA,NA,NA
"redstage_2008_e06.tif",660,NA,NA,NA
"redstage_2008_e06.tif",690,NA,NA,NA
"redstage_2008_e06.tif",720,NA,NA,NA
"redstage_2008_e06.tif",750,NA,NA,NA
"redstage_2008_e06.tif",780,NA,NA,NA
"redstage_2008_e06.tif",810,NA,NA,NA
"redstage_2008_e06.tif",840,NA,NA,NA
"redstage_2008_e06.tif",870,NA,NA,NA
"redstage_2008_e06.tif",900,NA,NA,NA
"redstage_2008_e06.tif",930,NA,NA,NA
"redstage_2008_e06.tif",960,NA,NA,NA
"redstage_2008_e06.tif",990,NA,NA,NA
"redstage_2008_e06.tif",1020,NA,NA,NA
"redstage_2008_e06.tif",1050,NA,NA,NA
"redstage_2008_e06.tif",1080,NA,NA,NA
"redstage_2008_e06.tif",1110,NA,NA,NA
"redstage_2008_e06.tif",1140,NA,NA,NA
"redstage_2008_e06.tif",1170,NA,NA,NA
"redstage_2008_e06.tif",1200,NA,NA,NA
"redstage_2008_e06.tif",1230,NA,NA,NA
"redstage_2008_e06.tif",1260,NA,NA,NA
"redstage_2008_e06.tif",1290,NA,NA,NA
"redstage_2008_e06.tif",1320,NA,NA,NA
"redstage_2008_e06.tif",1350,NA,NA,NA
"redstage_2008_e06.tif",1380,NA,NA,NA
"redstage_2008_e06.tif",1410,NA,NA,NA
"redstage_2008_e06.tif",1440,NA,NA,NA
"redstage_2008_e06.tif",1470,NA,NA,NA
"redstage_2008_e06.tif",1500,NA,NA,NA
"redstage_2008_e07.tif",0,0,-79.0180340135087,79.0180340135087
"redstage_2008_e07.tif",30,95.8152094341567,-45.1344147534402,112.901653273577
"redstage_2008_e07.tif",60,160.305842877426,-20.3463556496789,137.689712377338
"redstage_2008_e07.tif",90,235.916807883331,10.5756223767649,168.611690403782
"redstage_2008_e07.tif",120,300.425556968661,38.2840271920765,196.320095219094
"redstage_2008_e07.tif",150,375.637004724656,72.4152447263533,230.451312753371
"redstage_2008_e07.tif",180,434.62152956313,100.155889041399,258.191957068417
"redstage_2008_e07.tif",210,487.810816125535,126.945701606648,284.981769633665
"redstage_2008_e07.tif",240,547.968702338237,158.006637145347,316.042705172364
"redstage_2008_e07.tif",270,606.21688154472,189.731295658849,347.767363685866
"redstage_2008_e07.tif",300,666.104000796144,221.894625947293,379.93069397431
"redstage_2008_e07.tif",330,714.387096797581,249.209744786868,407.245812813885
"redstage_2008_e07.tif",360,762.452533610724,276.055620714751,434.091688741769
"redstage_2008_e07.tif",390,825.95580143788,309.956507299132,467.992575326149
"redstage_2008_e07.tif",420,878.088393041358,339.754044110773,497.79011213779
"redstage_2008_e07.tif",450,934.951391234555,371.411537632742,529.44760565976
"redstage_2008_e07.tif",480,979.002044684254,398.592465549725,556.628533576742
"redstage_2008_e07.tif",510,1025.65789301544,428.850455461958,586.886523488975
"redstage_2008_e07.tif",540,1068.35818668044,458.465190122055,616.501258149072
"redstage_2008_e07.tif",570,1107.76874529753,489.584377855188,647.620445882206
"redstage_2008_e07.tif",600,1140.49648484015,521.008908216105,679.044976243122
"redstage_2008_e07.tif",630,1157.54526398194,548.132477108907,706.168545135925
"redstage_2008_e07.tif",660,1180.451013019,580.253370547739,738.289438574756
"redstage_2008_e07.tif",690,1186.81665597428,609.244914878355,767.280982905372
"redstage_2008_e07.tif",720,1190.12982308539,637.855228108603,795.89129613562
"redstage_2008_e07.tif",750,1192.71366804969,670.757841872395,828.793909899412
"redstage_2008_e07.tif",780,1188.02958205793,700.744768142383,858.780836169401
"redstage_2008_e07.tif",810,1193.89101010052,731.083386938999,889.119454966017
"redstage_2008_e07.tif",840,1194.83214378885,759.617267263937,917.653335290954
"redstage_2008_e07.tif",870,1190.88866050843,789.125795748527,947.161863775544
"redstage_2008_e07.tif",900,1212.75529091935,820.206874955911,978.242942982928
"redstage_2008_e07.tif",930,1254.58545477886,848.452775642313,1006.48884366933
"redstage_2008_e07.tif",960,1262.92471507815,880.032221196619,1038.06828922364
"redstage_2008_e07.tif",990,1255.0477362865,909.530314007828,1067.56638203484
"redstage_2008_e07.tif",1020,1191.2225705197,940.35629425129,1098.39236227831
"redstage_2008_e07.tif",1050,1074.68882176614,971.945492926451,1129.98156095347
"redstage_2008_e07.tif",1080,987.794889342311,998.979078301004,1157.01514632802
"redstage_2008_e07.tif",1110,978.794292657985,1030.36097714483,1188.39704517185
"redstage_2008_e07.tif",1140,939.58035528545,1058.09031348331,1216.12638151033
"redstage_2008_e07.tif",1170,NA,NA,NA
"redstage_2008_e07.tif",1200,NA,NA,NA
"redstage_2008_e07.tif",1230,NA,NA,NA
"redstage_2008_e07.tif",1260,NA,NA,NA
"redstage_2008_e07.tif",1290,NA,NA,NA
"redstage_2008_e07.tif",1320,NA,NA,NA
"redstage_2008_e07.tif",1350,NA,NA,NA
"redstage_2008_e07.tif",1380,NA,NA,NA
"redstage_2008_e07.tif",1410,NA,NA,NA
"redstage_2008_e07.tif",1440,NA,NA,NA
"redstage_2008_e07.tif",1470,NA,NA,NA
"redstage_2008_e07.tif",1500,NA,NA,NA
"redstage_2008_e08.tif",0,0,-77.3536416051382,77.3536416051382
"redstage_2008_e08.tif",30,82.676462544037,-43.6011716644083,111.106111545868
"redstage_2008_e08.tif",60,128.913057261966,-18.8211937840407,135.886089426236
"redstage_2008_e08.tif",90,168.314824747184,12.0710780309821,166.778361241258
"redstage_2008_e08.tif",120,193.440498812666,39.7320328440568,194.439316054333
"redstage_2008_e08.tif",150,209.161243878942,73.8179288311999,228.525212041476
"redstage_2008_e08.tif",180,219.688282664286,101.409332403992,256.116615614269
"redstage_2008_e08.tif",210,202.290333975756,128.046683930143,282.753967140419
"redstage_2008_e08.tif",240,202.251443206585,158.931694045293,313.638977255569
"redstage_2008_e08.tif",270,212.863500216907,190.575264193476,345.282547403753
"redstage_2008_e08.tif",300,217.814475981113,222.554613693734,377.26189690401
"redstage_2008_e08.tif",330,241.364522047148,249.572184550543,404.27946776082
"redstage_2008_e08.tif",360,264.903297855081,276.039627017747,430.746910228023
"redstage_2008_e08.tif",390,297.501650743944,309.520921406507,464.228204616783
"redstage_2008_e08.tif",420,326.313566761778,339.397292455113,494.104575665389
"redstage_2008_e08.tif",450,338.803094194306,371.288093466846,525.995376677123
"redstage_2008_e08.tif",480,NA,398.929331684608,553.636614894884
"redstage_2008_e08.tif",510,NA,429.537430294776,584.244713505052
"redstage_2008_e08.tif",540,NA,461.609434812729,616.316718023005
"redstage_2008_e08.tif",570,NA,NA,NA
"redstage_2008_e08.tif",600,NA,NA,NA
"redstage_2008_e08.tif",630,NA,NA,NA
"redstage_2008_e08.tif",660,NA,NA,NA
"redstage_2008_e08.tif",690,NA,NA,NA
"redstage_2008_e08.tif",720,NA,NA,NA
"redstage_2008_e08.tif",750,NA,NA,NA
"redstage_2008_e08.tif",780,NA,NA,NA
"redstage_2008_e08.tif",810,NA,NA,NA
"redstage_2008_e08.tif",840,NA,NA,NA
"redstage_2008_e08.tif",870,NA,NA,NA
"redstage_2008_e08.tif",900,NA,NA,NA
"redstage_2008_e08.tif",930,NA,NA,NA
"redstage_2008_e08.tif",960,NA,NA,NA
"redstage_2008_e08.tif",990,NA,NA,NA
"redstage_2008_e08.tif",1020,NA,NA,NA
"redstage_2008_e08.tif",1050,NA,NA,NA
"redstage_2008_e08.tif",1080,NA,NA,NA
"redstage_2008_e08.tif",1110,NA,NA,NA
"redstage_2008_e08.tif",1140,NA,NA,NA
"redstage_2008_e08.tif",1170,NA,NA,NA
"redstage_2008_e08.tif",1200,NA,NA,NA
"redstage_2008_e08.tif",1230,NA,NA,NA
"redstage_2008_e08.tif",1260,NA,NA,NA
"redstage_2008_e08.tif",1290,NA,NA,NA
"redstage_2008_e08.tif",1320,NA,NA,NA
"redstage_2008_e08.tif",1350,NA,NA,NA
"redstage_2008_e08.tif",1380,NA,NA,NA
"redstage_2008_e08.tif",1410,NA,NA,NA
"redstage_2008_e08.tif",1440,NA,NA,NA
"redstage_2008_e08.tif",1470,NA,NA,NA
"redstage_2008_e08.tif",1500,NA,NA,NA
"redstage_2009_e01.tif",0,0,-70.5075148047798,70.5075148047798
"redstage_2009_e01.tif",30,82.7906637299293,-36.7202443363912,104.294785273168
"redstage_2009_e01.tif",60,137.350767050022,-11.9662152378922,129.048814371667
"redstage_2009_e01.tif",90,202.135256293913,18.9697578338548,159.984787443414
"redstage_2009_e01.tif",120,257.029122287318,46.7014113570036,187.716440966563
"redstage_2009_e01.tif",150,319.653997150571,80.8426311756455,221.857660785205
"redstage_2009_e01.tif",180,366.478930310865,108.580249671823,249.595279281383
"redstage_2009_e01.tif",210,408.944809113868,135.32417392795,276.339203537509
"redstage_2009_e01.tif",240,455.268079521538,166.3173400559,307.33236966546
"redstage_2009_e01.tif",270,497.913314792659,198.029344862226,339.044374471786
"redstage_2009_e01.tif",300,537.50626489053,230.167118984334,371.182148593894
"redstage_2009_e01.tif",330,567.813085931812,257.459931275355,398.474960884914
"redstage_2009_e01.tif",360,598.328986356476,284.258336103808,425.273365713368
"redstage_2009_e01.tif",390,635.28253600514,318.08506305572,459.100092665279
"redstage_2009_e01.tif",420,666.145978379983,347.856724362405,488.871753971965
"redstage_2009_e01.tif",450,697.310610817307,379.436362883739,520.451392493299
"redstage_2009_e01.tif",480,722.424837388692,406.54853366248,547.56356327204
"redstage_2009_e01.tif",510,743.050763843317,436.70262962935,577.71765923891
"redstage_2009_e01.tif",540,765.974797891311,466.19695889105,607.211988500609
"redstage_2009_e01.tif",570,781.209400076287,497.225995545414,638.241025154973
"redstage_2009_e01.tif",600,793.853609324893,528.471101286826,669.486130896386
"redstage_2009_e01.tif",630,803.251816008269,555.459087955977,696.474117565537
"redstage_2009_e01.tif",660,809.41575394105,587.412941950355,728.427971559915
"redstage_2009_e01.tif",690,814.497199087553,616.215588366046,757.230617975605
"redstage_2009_e01.tif",720,820.003324969665,644.678680474658,785.693710084218
"redstage_2009_e01.tif",750,826.970834498137,677.363008114057,818.378037723617
"redstage_2009_e01.tif",780,831.3059299645,707.293167141222,848.308196750782
"redstage_2009_e01.tif",810,833.807480528102,737.478202989663,878.493232599223
"redstage_2009_e01.tif",840,841.110825515997,766.025164656264,907.040194265824
"redstage_2009_e01.tif",870,844.253685014587,795.699964885695,936.714994495255
"redstage_2009_e01.tif",900,850.115382130037,826.828606732352,967.843636341912
"redstage_2009_e01.tif",930,848.048977469459,855.121301902789,996.136331512349
"redstage_2009_e01.tif",960,856.048755602074,886.621755021642,1027.6367846312
"redstage_2009_e01.tif",990,883.577577407757,916.127251439875,1057.14228104944
"redstage_2009_e01.tif",1020,902.3365929766,947.064793254386,1088.07982286395
"redstage_2009_e01.tif",1050,929.664510013281,978.652963046772,1119.66799265633
"redstage_2009_e01.tif",1080,NA,1005.52315076222,1146.53818037178
"redstage_2009_e01.tif",1110,NA,1037.27407598214,1178.2891055917
"redstage_2009_e01.tif",1140,NA,1066.36052266536,1207.37555227492
"redstage_2009_e01.tif",1170,NA,NA,NA
"redstage_2009_e01.tif",1200,NA,NA,NA
"redstage_2009_e01.tif",1230,NA,NA,NA
"redstage_2009_e01.tif",1260,NA,NA,NA
"redstage_2009_e01.tif",1290,NA,NA,NA
"redstage_2009_e01.tif",1320,NA,NA,NA
"redstage_2009_e01.tif",1350,NA,NA,NA
"redstage_2009_e01.tif",1380,NA,NA,NA
"redstage_2009_e01.tif",1410,NA,NA,NA
"redstage_2009_e01.tif",1440,NA,NA,NA
"redstage_2009_e01.tif",1470,NA,NA,NA
"redstage_2009_e01.tif",1500,NA,NA,NA
"redstage_2009_e02.tif",0,0,-60.3905699277016,60.3905699277016
"redstage_2009_e02.tif",30,70.8876479913289,-26.5519419980569,94.2291978573463
"redstage_2009_e02.tif",60,118.14513325091,-1.77589941239085,119.005240443012
"redstage_2009_e02.tif",90,173.141322906427,29.1573394214581,149.938479276861
"redstage_2009_e02.tif",120,219.16099871247,56.8494557533883,177.630595608791
"redstage_2009_e02.tif",150,271.265887658802,90.9605185776024,211.741658433005
"redstage_2009_e02.tif",180,311.23873203568,118.682588729874,239.463728585277
"redstage_2009_e02.tif",210,346.431812853123,145.452258805138,266.233398660541
"redstage_2009_e02.tif",240,383.043553453452,176.490835973602,297.271975829005
"redstage_2009_e02.tif",270,417.175225262221,208.213709356325,328.994849211728
"redstage_2009_e02.tif",300,448.823106254774,240.391447832525,361.172587687929
"redstage_2009_e02.tif",330,475.174542498222,267.702282937151,388.483422792554
"redstage_2009_e02.tif",360,499.779914531769,294.527183024513,415.308322879916
"redstage_2009_e02.tif",390,530.453368444785,328.396173262433,449.177313117836
"redstage_2009_e02.tif",420,555.1513036665,358.172361870027,478.95350172543
"redstage_2009_e02.tif",450,579.92421587922,389.797915033088,510.579054888491
"redstage_2009_e02.tif",480,599.913289256225,416.936229984696,537.717369840099
"redstage_2009_e02.tif",510,623.851830402583,447.142836800822,567.923976656225
"redstage_2009_e02.tif",540,644.842351283355,476.715699348029,597.496839203432
"redstage_2009_e02.tif",570,666.21384268944,507.772390991564,628.553530846967
"redstage_2009_e02.tif",600,689.766948806,539.126936756905,659.908076612308
"redstage_2009_e02.tif",630,712.460336624824,566.195206969733,686.976346825136
"redstage_2009_e02.tif",660,735.670277687191,598.219356574878,719.000496430281
"redstage_2009_e02.tif",690,756.731810473453,627.099440908077,747.880580763481
"redstage_2009_e02.tif",720,779.081536054844,655.638160916649,776.419300772052
"redstage_2009_e02.tif",750,802.288401366161,688.403313237905,809.184453093308
"redstage_2009_e02.tif",780,830.796372847462,718.360516291491,839.141656146894
"redstage_2009_e02.tif",810,864.488035251046,748.610158382671,869.391298238074
"redstage_2009_e02.tif",840,896.173616893402,777.078227103153,897.859366958557
"redstage_2009_e02.tif",870,929.463650395455,806.592842939812,927.373982795215
"redstage_2009_e02.tif",900,961.179228807142,837.704148504126,958.485288359529
"redstage_2009_e02.tif",930,992.493288180641,865.927397325405,986.708537180808
"redstage_2009_e02.tif",960,1027.75221388593,897.528371562256,1018.30951141766
"redstage_2009_e02.tif",990,1055.6557473981,926.943213006554,1047.72435286196
"redstage_2009_e02.tif",1020,1082.26752576486,957.754122820623,1078.53526267603
"redstage_2009_e02.tif",1050,1107.90624072249,989.321981345953,1110.10312120136
"redstage_2009_e02.tif",1080,1124.58131589984,1016.24501236796,1137.02615222336
"redstage_2009_e02.tif",1110,1143.57938038827,1047.65144884036,1168.43258869577
"redstage_2009_e02.tif",1140,1159.55626895665,1075.68054250095,1196.46168235635
"redstage_2009_e02.tif",1170,1181.41991530083,1108.42949211817,1229.21063197357
"redstage_2009_e02.tif",1200,1202.30858682698,1138.38896438784,1259.17010424324
"redstage_2009_e02.tif",1230,1223.17805474272,1166.18195136015,1286.96309121555
"redstage_2009_e02.tif",1260,1248.36846422534,1196.69387004622,1317.47500990162
"redstage_2009_e02.tif",1290,1269.70934478031,1226.45230914511,1347.23344900052
"redstage_2009_e02.tif",1320,1283.61921613191,1257.95587866105,1378.73701851645
"redstage_2009_e02.tif",1350,NA,1288.49806008203,1409.27919993743
"redstage_2009_e02.tif",1380,NA,NA,NA
"redstage_2009_e02.tif",1410,NA,NA,NA
"redstage_2009_e02.tif",1440,NA,NA,NA
"redstage_2009_e02.tif",1470,NA,NA,NA
"redstage_2009_e02.tif",1500,NA,NA,NA
"redstage_2009_e04.tif",0,0,-65.0036289174008,65.0036289174008
"redstage_2009_e04.tif",30,68.7639942561896,-31.1853980128028,98.8218598219987
"redstage_2009_e04.tif",60,109.211389589274,-6.40394640928245,123.603311425519
"redstage_2009_e04.tif",90,151.305868090785,24.5099412061448,154.517199040946
"redstage_2009_e04.tif",120,182.283914821912,52.1651336012149,182.172391436016
"redstage_2009_e04.tif",150,215.044499381483,86.2829309949284,216.29018882973
"redstage_2009_e04.tif",180,238.536839676103,114.008903339072,244.016161173873
"redstage_2009_e04.tif",210,257.98902857737,140.750429024829,270.75768685963
"redstage_2009_e04.tif",240,274.788435740171,171.741624937132,301.748882771933
"redstage_2009_e04.tif",270,297.857581707691,203.437030063526,333.444287898328
"redstage_2009_e04.tif",300,322.230529739761,235.583488055514,365.590745890316
"redstage_2009_e04.tif",330,347.191643083587,262.892461572274,392.899719407075
"redstage_2009_e04.tif",360,369.404143015007,289.671350568492,419.678608403293
"redstage_2009_e04.tif",390,399.222228886093,323.501777658112,453.509035492914
"redstage_2009_e04.tif",420,419.454196988265,353.223084163876,483.230341998678
"redstage_2009_e04.tif",450,438.064363909411,384.776941214997,514.784199049798
"redstage_2009_e04.tif",480,455.746040346851,411.81059805151,541.817855886311
"redstage_2009_e04.tif",510,474.987126885433,441.943840947817,571.951098782618
"redstage_2009_e04.tif",540,491.963664624896,471.388642317616,601.395900152417
"redstage_2009_e04.tif",570,506.47010373579,502.305050623972,632.312308458773
"redstage_2009_e04.tif",600,518.111286117425,533.485483416998,663.4927412518
"redstage_2009_e04.tif",630,531.587745413665,560.406052215231,690.413310050032
"redstage_2009_e04.tif",660,549.497236672377,592.288037304494,722.295295139296
"redstage_2009_e04.tif",690,566.241957705652,621.118367927068,751.12562576187
"redstage_2009_e04.tif",720,586.369642917883,649.607461960015,779.614719794817
"redstage_2009_e04.tif",750,603.926913777152,682.441774100423,812.449031935225
"redstage_2009_e04.tif",780,625.308795241824,712.378235321949,842.385493156751
"redstage_2009_e04.tif",810,641.452719906757,742.747039754437,872.754297589238
"redstage_2009_e04.tif",840,652.033099017414,771.297396267903,901.304654102705
"redstage_2009_e04.tif",870,669.500376280426,800.981105897605,930.988363732407
"redstage_2009_e04.tif",900,685.163895756034,832.249591889782,962.256849724584
"redstage_2009_e04.tif",930,701.061972930979,860.353366043425,990.360623878226
"redstage_2009_e04.tif",960,703.820983879833,892.052217141568,1022.05947497637
"redstage_2009_e04.tif",990,728.181821035701,921.52078142335,1051.52803925815
"redstage_2009_e04.tif",1020,NA,952.740370244698,1082.7476280795
"redstage_2009_e04.tif",1050,NA,NA,NA
"redstage_2009_e04.tif",1080,NA,NA,NA
"redstage_2009_e04.tif",1110,NA,NA,NA
"redstage_2009_e04.tif",1140,NA,NA,NA
"redstage_2009_e04.tif",1170,NA,NA,NA
"redstage_2009_e04.tif",1200,NA,NA,NA
"redstage_2009_e04.tif",1230,NA,NA,NA
"redstage_2009_e04.tif",1260,NA,NA,NA
"redstage_2009_e04.tif",1290,NA,NA,NA
"redstage_2009_e04.tif",1320,NA,NA,NA
"redstage_2009_e04.tif",1350,NA,NA,NA
"redstage_2009_e04.tif",1380,NA,NA,NA
"redstage_2009_e04.tif",1410,NA,NA,NA
"redstage_2009_e04.tif",1440,NA,NA,NA
"redstage_2009_e04.tif",1470,NA,NA,NA
"redstage_2009_e04.tif",1500,NA,NA,NA
"redstage_2009_e05.tif",0,0,-60.5139794549289,60.5139794549289
"redstage_2009_e05.tif",30,66.6336935170139,-26.6737402016501,94.3542187082077
"redstage_2009_e05.tif",60,112.133967657796,-1.87968177233337,119.148277137524
"redstage_2009_e05.tif",90,165.804046195193,29.0515444666032,150.079503376461
"redstage_2009_e05.tif",120,211.343950538113,56.7497120083564,177.777670918214
"redstage_2009_e05.tif",150,264.051382287383,90.8797957808919,211.90775469075
"redstage_2009_e05.tif",180,304.757731652594,118.61458667809,239.642545587948
"redstage_2009_e05.tif",210,342.694536776262,145.395591558032,266.42355046789
"redstage_2009_e05.tif",240,384.726113346237,176.447649282838,297.475608192695
"redstage_2009_e05.tif",270,425.728126336299,208.168837245987,329.196796155845
"redstage_2009_e05.tif",300,465.22030964842,240.351794039456,361.379752949314
"redstage_2009_e05.tif",330,497.717136015984,267.670927942002,388.69888685186
"redstage_2009_e05.tif",360,528.670459685463,294.50485689631,415.532815806168
"redstage_2009_e05.tif",390,567.103516020417,328.391678897562,449.41963780742
"redstage_2009_e05.tif",420,599.626350209887,358.190336322738,479.218295232595
"redstage_2009_e05.tif",450,632.774935434103,389.842800360704,510.870759270562
"redstage_2009_e05.tif",480,659.0943742207,417.011782032155,538.039740942013
"redstage_2009_e05.tif",510,687.029605190843,447.243851675034,568.271810584891
"redstage_2009_e05.tif",540,710.964637907042,476.844833504897,597.872792414755
"redstage_2009_e05.tif",570,734.036887968569,507.922284408532,628.950243318389
"redstage_2009_e05.tif",600,757.650437906934,539.309318134883,660.33727704474
"redstage_2009_e05.tif",630,775.045283071858,566.393661780975,687.421620690832
"redstage_2009_e05.tif",660,793.550056724354,598.469829579429,719.497788489287
"redstage_2009_e05.tif",690,810.184634695896,627.389522003588,748.417480913446
"redstage_2009_e05.tif",720,826.78470870271,655.932509509592,776.96046841945
"redstage_2009_e05.tif",750,846.97862286184,688.757584547213,809.785543457071
"redstage_2009_e05.tif",780,865.707861139138,718.732926889468,839.760885799325
"redstage_2009_e05.tif",810,889.588897601932,749.006739374603,870.034698284461
"redstage_2009_e05.tif",840,913.838287079802,777.507426845778,898.535385755636
"redstage_2009_e05.tif",870,939.40101976322,807.048890954032,928.07684986389
"redstage_2009_e05.tif",900,965.165608294143,838.162166194939,959.190125104796
"redstage_2009_e05.tif",930,986.110994384337,866.371085317582,987.39904422744
"redstage_2009_e05.tif",960,1011.50014400924,897.937290731426,1018.96524964128
"redstage_2009_e05.tif",990,1032.81785808512,927.334315523399,1048.36227443326
"redstage_2009_e05.tif",1020,1057.73537377764,958.132792691009,1079.16075160087
"redstage_2009_e05.tif",1050,1081.85073243025,989.66498280278,1110.69294171264
"redstage_2009_e05.tif",1080,1098.63040378494,1016.5683662536,1137.59632516345
"redstage_2009_e05.tif",1110,1120.89261694453,1047.98376054025,1169.01171945011
"redstage_2009_e05.tif",1140,1141.18879528139,1076.00964231254,1197.03760122239
"redstage_2009_e05.tif",1170,1170.63154873059,1108.75158555798,1229.77954446784
"redstage_2009_e05.tif",1200,1199.78881001668,1138.75404737105,1259.7820062809
"redstage_2009_e05.tif",1230,1222.48096007683,1166.62795289652,1287.65591180638
"redstage_2009_e05.tif",1260,1252.61361091875,1197.1401360884,1318.16809499826
"redstage_2009_e05.tif",1290,1272.9235404488,1226.8578226539,1347.88578156376
"redstage_2009_e05.tif",1320,1302.0918041447,1258.48485430062,1379.51281321048
"redstage_2009_e05.tif",1350,1332.30901939911,1288.96499510756,1409.99295401741
"redstage_2009_e05.tif",1380,1382.95460204632,1316.70461085265,1437.73256976251
"redstage_2009_e05.tif",1410,1489.66560710996,1346.75194103498,1467.77989994484
"redstage_2009_e05.tif",1440,NA,1376.2310880582,1497.25904696806
"redstage_2009_e05.tif",1470,NA,NA,NA
"redstage_2009_e05.tif",1500,NA,NA,NA
"redstage_2009_e06.tif",0,0,-72.3416591060043,72.3416591060043
"redstage_2009_e06.tif",30,90.7729672184501,-38.5134254734688,106.16989273854
"redstage_2009_e06.tif",60,153.010879439548,-13.7388953602078,130.944422851801
"redstage_2009_e06.tif",90,226.886504100104,17.2209329243472,161.904251136356
"redstage_2009_e06.tif",120,289.5731603465,44.9212988887511,189.60461710076
"redstage_2009_e06.tif",150,361.452421330421,79.0022429078207,223.685561119829
"redstage_2009_e06.tif",180,417.797704897068,106.729374219224,251.412692431232
"redstage_2009_e06.tif",210,470.413395276138,133.511077864653,278.194396076662
"redstage_2009_e06.tif",240,526.205143129686,164.545315315654,309.228633527663
"redstage_2009_e06.tif",270,576.920332763178,196.26502125121,340.948339463219
"redstage_2009_e06.tif",300,622.23979694171,228.40519887297,373.088517084979
"redstage_2009_e06.tif",330,654.687077943275,255.682685066216,400.366003278224
"redstage_2009_e06.tif",360,684.970869897437,282.499357783614,427.182675995623
"redstage_2009_e06.tif",390,721.641727337876,316.349474156017,461.032792368025
"redstage_2009_e06.tif",420,750.260138037705,346.099592279933,490.782910491942
"redstage_2009_e06.tif",450,786.555650725599,377.712818144535,522.396136356544
"redstage_2009_e06.tif",480,815.696104245737,404.852015975989,549.535334187997
"redstage_2009_e06.tif",510,829.040634492472,435.04976127515,579.733079487159
"redstage_2009_e06.tif",540,841.083165588023,464.568843183862,609.252161395871
"redstage_2009_e06.tif",570,865.486778266489,495.577240412906,640.260558624915
"redstage_2009_e06.tif",600,893.575612287337,526.795813950706,671.479132162715
"redstage_2009_e06.tif",630,918.126859772341,553.789194340411,698.47251255242
"redstage_2009_e06.tif",660,920.828536271485,585.666291471647,730.349609683655
"redstage_2009_e06.tif",690,937.766016909768,614.389050612376,759.072368824384
"redstage_2009_e06.tif",720,906.212663853451,642.654205388352,787.337523600361
"redstage_2009_e06.tif",750,534.598680898274,674.998798362498,819.682116574506
"redstage_2009_e06.tif",780,406.161091408535,704.67257990551,849.355898117519
"redstage_2009_e06.tif",810,430.403483177546,734.747977322036,879.431295534045
"redstage_2009_e06.tif",840,456.213361083519,763.346984538726,908.030302750735
"redstage_2009_e06.tif",870,462.440805894182,792.908338366129,937.591656578138
"redstage_2009_e06.tif",900,472.637576970232,824.022012101191,968.705330313199
"redstage_2009_e06.tif",930,NA,852.426798278585,997.110116490594
"redstage_2009_e06.tif",960,NA,883.912672396078,1028.59599060809
"redstage_2009_e06.tif",990,NA,913.706457797909,1058.38977600992
"redstage_2009_e06.tif",1020,NA,NA,NA
"redstage_2009_e06.tif",1050,NA,NA,NA
"redstage_2009_e06.tif",1080,NA,NA,NA
"redstage_2009_e06.tif",1110,NA,NA,NA
"redstage_2009_e06.tif",1140,NA,NA,NA
"redstage_2009_e06.tif",1170,NA,NA,NA
"redstage_2009_e06.tif",1200,NA,NA,NA
"redstage_2009_e06.tif",1230,NA,NA,NA
"redstage_2009_e06.tif",1260,NA,NA,NA
"redstage_2009_e06.tif",1290,NA,NA,NA
"redstage_2009_e06.tif",1320,NA,NA,NA
"redstage_2009_e06.tif",1350,NA,NA,NA
"redstage_2009_e06.tif",1380,NA,NA,NA
"redstage_2009_e06.tif",1410,NA,NA,NA
"redstage_2009_e06.tif",1440,NA,NA,NA
"redstage_2009_e06.tif",1470,NA,NA,NA
"redstage_2009_e06.tif",1500,NA,NA,NA
"redstage_2009_e07.tif",0,0,-85.773230376328,85.773230376328
"redstage_2009_e07.tif",30,80.8225127413963,-51.9420574961315,119.604403256525
"redstage_2009_e07.tif",60,135.833351595427,-27.1706092900949,144.375851462561
"redstage_2009_e07.tif",90,200.437238375563,3.74861254195552,175.295073294612
"redstage_2009_e07.tif",120,254.718092669641,31.4543904622629,203.000851214919
"redstage_2009_e07.tif",150,317.559983297506,65.5744254649132,237.120886217569
"redstage_2009_e07.tif",180,365.661435050833,93.3155214298156,264.861982182472
"redstage_2009_e07.tif",210,409.611927127085,120.111165446409,291.657626199065
"redstage_2009_e07.tif",240,458.087457349063,151.167177382256,322.713638134912
"redstage_2009_e07.tif",270,505.92222861884,182.881436197744,354.4278969504
"redstage_2009_e07.tif",300,551.997963828765,215.073054879571,386.619515632227
"redstage_2009_e07.tif",330,589.242164475145,242.376410715551,413.922871468207
"redstage_2009_e07.tif",360,624.830350299448,269.218409635576,440.764870388232
"redstage_2009_e07.tif",390,669.965651447401,303.094681894736,474.641142647392
"redstage_2009_e07.tif",420,706.147972428867,332.869151291185,504.415612043841
"redstage_2009_e07.tif",450,743.111271479682,364.494291721966,536.040752474622
"redstage_2009_e07.tif",480,773.489334737341,391.655740232785,563.202200985441
"redstage_2009_e07.tif",510,802.200321885713,421.880231009902,593.426691762558
"redstage_2009_e07.tif",540,827.39788292825,451.463955972487,623.010416725143
"redstage_2009_e07.tif",570,849.667073748123,482.531002589035,654.077463341691
"redstage_2009_e07.tif",600,870.321756961266,513.893332455415,685.439793208071
"redstage_2009_e07.tif",630,884.599180619605,540.963825130035,712.510285882691
"redstage_2009_e07.tif",660,902.422981074107,573.009681634209,744.556142386865
"redstage_2009_e07.tif",690,919.219228140404,601.914456428317,773.460917180973
"redstage_2009_e07.tif",720,934.370485984442,630.442922585305,801.989383337961
"redstage_2009_e07.tif",750,953.839811733556,663.237182339694,834.78364309235
"redstage_2009_e07.tif",780,972.525214512252,693.184405485457,864.730866238113
"redstage_2009_e07.tif",810,992.963767954585,723.418426014901,894.964886767557
"redstage_2009_e07.tif",840,1015.6947780741,751.86768799752,923.414148750176
"redstage_2009_e07.tif",870,1041.46848070225,781.346156031969,952.892616784625
"redstage_2009_e07.tif",900,1069.78428793682,812.393219566032,983.939680318688
"redstage_2009_e07.tif",930,1098.20992653743,840.536061732102,1012.08252248476
"redstage_2009_e07.tif",960,1133.36077037618,872.047314617965,1043.59377537062
"redstage_2009_e07.tif",990,1161.24636516854,901.396811547952,1072.94327230061
"redstage_2009_e07.tif",1020,1189.47703260129,932.145484395387,1103.69194514804
"redstage_2009_e07.tif",1050,1213.15725378485,963.618895165077,1135.16535591773
"redstage_2009_e07.tif",1080,1235.47057120945,990.469334544147,1162.0157952968
"redstage_2009_e07.tif",1110,1258.21560120251,1021.8109347108,1193.35739546346
"redstage_2009_e07.tif",1140,1281.58724588295,1049.83669648768,1221.38315724034
"redstage_2009_e07.tif",1170,1305.42470379,1082.5568394232,1254.10330017586
"redstage_2009_e07.tif",1200,1326.45752248096,1112.48435476777,1284.03081552043
"redstage_2009_e07.tif",1230,1348.79745558879,1140.30275332835,1311.849214081
"redstage_2009_e07.tif",1260,1360.50885923085,1170.69530765695,1342.24176840961
"redstage_2009_e07.tif",1290,1358.95453090688,1200.39299918544,1371.9394599381
"redstage_2009_e07.tif",1320,1366.36634297688,1231.97344547392,1403.51990622658
"redstage_2009_e07.tif",1350,1347.37223576508,1262.4478773259,1433.99433807856
"redstage_2009_e07.tif",1380,1380.27097137598,1290.13728368194,1461.68374443459
"redstage_2009_e07.tif",1410,1328.12056183453,1320.52034331234,1492.06680406499
"redstage_2009_e07.tif",1440,1347.31208924648,1349.92990619718,1521.47636694983
"redstage_2009_e07.tif",1470,NA,1380.57978841828,1552.12624917093
"redstage_2009_e07.tif",1500,NA,1409.35602520308,1580.90248595574
"redstage_2009_e08.tif",0,0,-32.0022598184353,32.0022598184353
"redstage_2009_e08.tif",30,46.3048305303635,1.84433976079148,65.848859397662
"redstage_2009_e08.tif",60,78.5640404653837,26.6241113267844,90.6286309636549
"redstage_2009_e08.tif",90,117.443292471291,57.5511194033352,121.555639040206
"redstage_2009_e08.tif",120,151.187448064179,85.2551758355218,149.259695472392
"redstage_2009_e08.tif",150,191.686053906398,119.374544297695,183.379063934565
"redstage_2009_e08.tif",180,223.443636935903,147.101650820047,211.106170456917
"redstage_2009_e08.tif",210,253.153762591993,173.877662608111,237.882182244981
"redstage_2009_e08.tif",240,286.156503721298,204.922804851862,268.927324488732
"redstage_2009_e08.tif",270,321.178012656458,236.638297712333,300.642817349204
"redstage_2009_e08.tif",300,356.876485748992,268.819167396993,332.823687033864
"redstage_2009_e08.tif",330,387.444986163238,296.129743461982,360.134263098852
"redstage_2009_e08.tif",360,417.663536587309,322.957774632811,386.962294269682
"redstage_2009_e08.tif",390,456.479386976202,356.831048973276,420.835568610147
"redstage_2009_e08.tif",420,490.32450951028,386.614596277146,450.619115914016
"redstage_2009_e08.tif",450,527.662320114896,418.246227759323,482.250747396194
"redstage_2009_e08.tif",480,559.772033672341,445.400172127391,509.404691764262
"redstage_2009_e08.tif",510,596.425181842626,475.61926491251,539.623784549381
"redstage_2009_e08.tif",540,632.276133893394,505.198345886023,569.202865522894
"redstage_2009_e08.tif",570,670.111758274558,536.259149701389,600.26366933826
"redstage_2009_e08.tif",600,708.098104318372,567.617943156978,631.622462793849
"redstage_2009_e08.tif",630,739.39178732513,594.688731757252,658.693251394123
"redstage_2009_e08.tif",660,776.956243186208,626.741529152327,690.746048789198
"redstage_2009_e08.tif",690,808.491336229863,655.64070726266,719.64522689953
"redstage_2009_e08.tif",720,839.499335280444,684.176834120124,748.181353756995
"redstage_2009_e08.tif",750,874.204313020013,716.989322135601,780.993841772472
"redstage_2009_e08.tif",780,905.09385555386,746.955633553254,810.960153190124
"redstage_2009_e08.tif",810,937.525363593362,777.224908786671,841.229428423541
"redstage_2009_e08.tif",840,966.23678356836,805.718984099284,869.723503736154
"redstage_2009_e08.tif",870,997.287209551226,835.251619269542,899.256138906412
"redstage_2009_e08.tif",900,1029.82146129827,866.363827365787,930.368347002657
"redstage_2009_e08.tif",930,1058.58401600044,894.588264846112,958.592784482983
"redstage_2009_e08.tif",960,1091.35287148798,926.168695461774,990.173215098644
"redstage_2009_e08.tif",990,1122.0467376221,955.579904359054,1019.58442399592
"redstage_2009_e08.tif",1020,1155.05306182169,986.402217471018,1050.40673710789
"redstage_2009_e08.tif",1050,1190.25240749572,1017.95210473437,1081.95662437124
"redstage_2009_e08.tif",1080,1219.38746479046,1044.87277717058,1108.87729680745
"redstage_2009_e08.tif",1110,1255.93468913135,1076.3099386771,1140.31445831397
"redstage_2009_e08.tif",1140,1288.71539242024,1104.36500034106,1168.36951997793
"redstage_2009_e08.tif",1170,1328.1150806511,1137.13666942527,1201.14118906214
"redstage_2009_e08.tif",1200,1361.95776870434,1167.10179935324,1231.10631899011
"redstage_2009_e08.tif",1230,1393.30028363183,1194.93830954437,1258.94282918124
"redstage_2009_e08.tif",1260,1427.84631806395,1225.36922395802,1289.3737435949
"redstage_2009_e08.tif",1290,1463.24044094199,1255.09373260204,1319.09825223891
"redstage_2009_e08.tif",1320,1507.13690713413,1286.7520805473,1350.75660018417
"redstage_2009_e08.tif",1350,1554.76433108885,1317.2367057204,1381.24122535727
"redstage_2009_e08.tif",1380,1589.9996496582,1344.94965762489,1408.95417726176
"redstage_2009_e08.tif",1410,NA,NA,NA
"redstage_2009_e08.tif",1440,NA,NA,NA
"redstage_2009_e08.tif",1470,NA,NA,NA
"redstage_2009_e08.tif",1500,NA,NA,NA
"redstage_2010_e01.tif",0,0,-75.5690551746571,75.5690551746571
"redstage_2010_e01.tif",30,85.3984176750019,-41.7073007604284,109.430809588886
"redstage_2010_e01.tif",60,141.42881174115,-16.9961103454085,134.142000003906
"redstage_2010_e01.tif",90,206.704211099638,13.9075725279734,165.045682877288
"redstage_2010_e01.tif",120,263.882016562513,41.5257331409667,192.663843490281
"redstage_2010_e01.tif",150,326.062181515506,75.5258682834819,226.663978632796
"redstage_2010_e01.tif",180,380.207766057715,103.116668504317,254.254778853631
"redstage_2010_e01.tif",210,421.126721896133,129.734378325684,280.872488674998
"redstage_2010_e01.tif",240,439.426905492727,160.138798694776,311.27690904409
"redstage_2010_e01.tif",270,385.923354652629,191.334117449798,342.472227799112
"redstage_2010_e01.tif",300,NA,222.963541121493,374.101651470807
"redstage_2010_e01.tif",330,NA,249.964002958061,401.102113307376
"redstage_2010_e01.tif",360,NA,276.454958550701,427.593068900015
"redstage_2010_e01.tif",390,NA,309.753298528953,460.891408878267
"redstage_2010_e01.tif",420,NA,339.306787290844,490.444897640158
"redstage_2010_e01.tif",450,NA,370.877900197627,522.016010546941
"redstage_2010_e01.tif",480,NA,398.195159919513,549.333270268827
"redstage_2010_e01.tif",510,NA,428.601057382777,579.739167732091
"redstage_2010_e01.tif",540,NA,459.0856925594,610.223802908714
"redstage_2010_e01.tif",570,NA,493.072913006509,644.211023355823
"redstage_2010_e01.tif",600,NA,NA,NA
"redstage_2010_e01.tif",630,NA,NA,NA
"redstage_2010_e01.tif",660,NA,NA,NA
"redstage_2010_e01.tif",690,NA,NA,NA
"redstage_2010_e01.tif",720,NA,NA,NA
"redstage_2010_e01.tif",750,NA,NA,NA
"redstage_2010_e01.tif",780,NA,NA,NA
"redstage_2010_e01.tif",810,NA,NA,NA
"redstage_2010_e01.tif",840,NA,NA,NA
"redstage_2010_e01.tif",870,NA,NA,NA
"redstage_2010_e01.tif",900,NA,NA,NA
"redstage_2010_e01.tif",930,NA,NA,NA
"redstage_2010_e01.tif",960,NA,NA,NA
"redstage_2010_e01.tif",990,NA,NA,NA
"redstage_2010_e01.tif",1020,NA,NA,NA
"redstage_2010_e01.tif",1050,NA,NA,NA
"redstage_2010_e01.tif",1080,NA,NA,NA
"redstage_2010_e01.tif",1110,NA,NA,NA
"redstage_2010_e01.tif",1140,NA,NA,NA
"redstage_2010_e01.tif",1170,NA,NA,NA
"redstage_2010_e01.tif",1200,NA,NA,NA
"redstage_2010_e01.tif",1230,NA,NA,NA
"redstage_2010_e01.tif",1260,NA,NA,NA
"redstage_2010_e01.tif",1290,NA,NA,NA
"redstage_2010_e01.tif",1320,NA,NA,NA
"redstage_2010_e01.tif",1350,NA,NA,NA
"redstage_2010_e01.tif",1380,NA,NA,NA
"redstage_2010_e01.tif",1410,NA,NA,NA
"redstage_2010_e01.tif",1440,NA,NA,NA
"redstage_2010_e01.tif",1470,NA,NA,NA
"redstage_2010_e01.tif",1500,NA,NA,NA
"redstage_2010_e04.tif",0,0,-31.3487528305661,31.3487528305661
"redstage_2010_e04.tif",30,45.3964736652273,2.48635151018998,65.1838571713222
"redstage_2010_e04.tif",60,76.2163084056994,27.2699890554391,89.9674947165714
"redstage_2010_e04.tif",90,113.126539165694,58.1968508194654,120.894356480598
"redstage_2010_e04.tif",120,144.496741046785,85.882021663942,148.579527325074
"redstage_2010_e04.tif",150,180.572866090895,120.002240623596,182.699746284728
"redstage_2010_e04.tif",180,207.079523771874,147.729931315119,210.427436976252
"redstage_2010_e04.tif",210,229.832717492502,174.503091908236,237.200597569369
"redstage_2010_e04.tif",240,249.401424309832,205.494504989242,268.192010650374
"redstage_2010_e04.tif",270,270.133145081416,237.103293220399,299.800798881531
"redstage_2010_e04.tif",300,281.772869708025,269.118873975481,331.816379636613
"redstage_2010_e04.tif",330,296.23150450367,296.277414962828,358.97492062396
"redstage_2010_e04.tif",360,318.87693873832,322.930332736291,385.627838397423
"redstage_2010_e04.tif",390,342.270752746397,356.595506561823,419.293012222955
"redstage_2010_e04.tif",420,372.685688672911,386.306103045894,449.003608707026
"redstage_2010_e04.tif",450,402.895118087473,417.822187109856,480.519692770988
"redstage_2010_e04.tif",480,NA,NA,NA
"redstage_2010_e04.tif",510,NA,NA,NA
"redstage_2010_e04.tif",540,NA,NA,NA
"redstage_2010_e04.tif",570,NA,NA,NA
"redstage_2010_e04.tif",600,NA,NA,NA
"redstage_2010_e04.tif",630,NA,NA,NA
"redstage_2010_e04.tif",660,NA,NA,NA
"redstage_2010_e04.tif",690,NA,NA,NA
"redstage_2010_e04.tif",720,NA,NA,NA
"redstage_2010_e04.tif",750,NA,NA,NA
"redstage_2010_e04.tif",780,NA,NA,NA
"redstage_2010_e04.tif",810,NA,NA,NA
"redstage_2010_e04.tif",840,NA,NA,NA
"redstage_2010_e04.tif",870,NA,NA,NA
"redstage_2010_e04.tif",900,NA,NA,NA
"redstage_2010_e04.tif",930,NA,NA,NA
"redstage_2010_e04.tif",960,NA,NA,NA
"redstage_2010_e04.tif",990,NA,NA,NA
"redstage_2010_e04.tif",1020,NA,NA,NA
"redstage_2010_e04.tif",1050,NA,NA,NA
"redstage_2010_e04.tif",1080,NA,NA,NA
"redstage_2010_e04.tif",1110,NA,NA,NA
"redstage_2010_e04.tif",1140,NA,NA,NA
"redstage_2010_e04.tif",1170,NA,NA,NA
"redstage_2010_e04.tif",1200,NA,NA,NA
"redstage_2010_e04.tif",1230,NA,NA,NA
"redstage_2010_e04.tif",1260,NA,NA,NA
"redstage_2010_e04.tif",1290,NA,NA,NA
"redstage_2010_e04.tif",1320,NA,NA,NA
"redstage_2010_e04.tif",1350,NA,NA,NA
"redstage_2010_e04.tif",1380,NA,NA,NA
"redstage_2010_e04.tif",1410,NA,NA,NA
"redstage_2010_e04.tif",1440,NA,NA,NA
"redstage_2010_e04.tif",1470,NA,NA,NA
"redstage_2010_e04.tif",1500,NA,NA,NA
"redstage_2010_e05.tif",0,0,-50.7452340993224,50.7452340993224
"redstage_2010_e05.tif",30,64.5134065020869,-16.9268703549203,84.5635978437245
"redstage_2010_e05.tif",60,110.077189769898,7.8500473986956,109.34051559734
"redstage_2010_e05.tif",90,165.939093160279,38.7683401327104,140.258808331355
"redstage_2010_e05.tif",120,214.901028964594,66.4796740120806,167.970142210725
"redstage_2010_e05.tif",150,275.30972232087,100.601264626483,202.091732825128
"redstage_2010_e05.tif",180,325.262903538174,128.33833037098,229.828798569625
"redstage_2010_e05.tif",210,372.821433839773,155.095350798137,256.585818996782
"redstage_2010_e05.tif",240,424.751945252702,186.112234728855,287.602702927499
"redstage_2010_e05.tif",270,476.412937564481,217.813002171782,319.303470370427
"redstage_2010_e05.tif",300,527.407968917246,249.96581184879,351.456280047435
"redstage_2010_e05.tif",330,571.32253377749,277.2554137375,378.745881936145
"redstage_2010_e05.tif",360,611.934332277693,304.048587545371,405.539055744015
"redstage_2010_e05.tif",390,651.371776068228,337.892283829221,439.382752027866
"redstage_2010_e05.tif",420,668.302661279644,367.646710473631,469.137178672276
"redstage_2010_e05.tif",450,675.539472048945,399.233281436806,500.72374963545
"redstage_2010_e05.tif",480,670.478293292965,426.351169732357,527.841637931002
"redstage_2010_e05.tif",510,659.131928210224,456.544531736964,558.034999935608
"redstage_2010_e05.tif",540,683.128434965749,486.122418701653,587.612886900297
"redstage_2010_e05.tif",570,636.5272714545,517.198292547209,618.688760745854
"redstage_2010_e05.tif",600,681.518353923553,548.543881049744,650.034349248388
"redstage_2010_e05.tif",630,NA,575.570190831818,677.060659030463
"redstage_2010_e05.tif",660,NA,607.572580017514,709.063048216159
"redstage_2010_e05.tif",690,NA,636.512072041537,738.002540240182
"redstage_2010_e05.tif",720,NA,665.143523820593,766.633992019238
"redstage_2010_e05.tif",750,NA,697.976718192084,799.467186390729
"redstage_2010_e05.tif",780,NA,729.060618509233,830.551086707878
"redstage_2010_e05.tif",810,NA,NA,NA
"redstage_2010_e05.tif",840,NA,NA,NA
"redstage_2010_e05.tif",870,NA,NA,NA
"redstage_2010_e05.tif",900,NA,NA,NA
"redstage_2010_e05.tif",930,NA,NA,NA
"redstage_2010_e05.tif",960,NA,NA,NA
"redstage_2010_e05.tif",990,NA,NA,NA
"redstage_2010_e05.tif",1020,NA,NA,NA
"redstage_2010_e05.tif",1050,NA,NA,NA
"redstage_2010_e05.tif",1080,NA,NA,NA
"redstage_2010_e05.tif",1110,NA,NA,NA
"redstage_2010_e05.tif",1140,NA,NA,NA
"redstage_2010_e05.tif",1170,NA,NA,NA
"redstage_2010_e05.tif",1200,NA,NA,NA
"redstage_2010_e05.tif",1230,NA,NA,NA
"redstage_2010_e05.tif",1260,NA,NA,NA
"redstage_2010_e05.tif",1290,NA,NA,NA
"redstage_2010_e05.tif",1320,NA,NA,NA
"redstage_2010_e05.tif",1350,NA,NA,NA
"redstage_2010_e05.tif",1380,NA,NA,NA
"redstage_2010_e05.tif",1410,NA,NA,NA
"redstage_2010_e05.tif",1440,NA,NA,NA
"redstage_2010_e05.tif",1470,NA,NA,NA
"redstage_2010_e05.tif",1500,NA,NA,NA
"redstage_2010_e07.tif",0,0,-73.1973896838415,73.1973896838415
"redstage_2010_e07.tif",30,85.2180765640043,-39.3771113364267,107.017668031256
"redstage_2010_e07.tif",60,143.47666084965,-14.5713426125787,131.823436755104
"redstage_2010_e07.tif",90,212.429837690599,16.3602464481331,162.755025815816
"redstage_2010_e07.tif",120,270.80109163147,44.0644376990251,190.459217066708
"redstage_2010_e07.tif",150,338.094441088679,78.1981135771032,224.592892944786
"redstage_2010_e07.tif",180,389.385884325827,105.919413836393,252.314193204076
"redstage_2010_e07.tif",210,435.242268719966,132.697642011914,279.092421379597
"redstage_2010_e07.tif",240,485.371065285065,163.733867427102,310.128646794785
"redstage_2010_e07.tif",270,533.376657077008,195.461958853887,341.85673822157
"redstage_2010_e07.tif",300,579.110279022561,227.646552214553,374.041331582236
"redstage_2010_e07.tif",330,615.626773797537,254.961286875083,401.356066242766
"redstage_2010_e07.tif",360,649.160388584818,281.786053331824,428.180832699507
"redstage_2010_e07.tif",390,689.814945547014,315.658059199175,462.052838566858
"redstage_2010_e07.tif",420,724.532872056799,345.447370019514,491.842149387197
"redstage_2010_e07.tif",450,759.792901445769,377.074105322836,523.468884690519
"redstage_2010_e07.tif",480,785.394943840021,404.239360889737,550.63414025742
"redstage_2010_e07.tif",510,810.99013290047,434.497658087244,580.892437454926
"redstage_2010_e07.tif",540,833.343216963899,464.100028257342,610.494807625025
"redstage_2010_e07.tif",570,855.032209533955,495.18463876335,641.579418131033
"redstage_2010_e07.tif",600,873.710361325156,526.570976026314,672.965755393997
"redstage_2010_e07.tif",630,883.112239750902,553.65773423794,700.052513605623
"redstage_2010_e07.tif",660,897.988970813118,585.724520117433,732.119299485116
"redstage_2010_e07.tif",690,907.346586619675,614.642249086981,761.037028454664
"redstage_2010_e07.tif",720,914.290132031981,643.18900209032,789.583781458003
"redstage_2010_e07.tif",750,928.814007925262,676.041261879289,822.436041246972
"redstage_2010_e07.tif",780,937.836225370569,706.039938876884,852.434718244567
"redstage_2010_e07.tif",810,950.740602102605,736.318214598308,882.712993965991
"redstage_2010_e07.tif",840,962.695520138005,764.81812729506,911.212906662743
"redstage_2010_e07.tif",870,974.909604385942,794.35927959139,940.754058959073
"redstage_2010_e07.tif",900,991.621308790065,825.450034030513,971.844813398196
"redstage_2010_e07.tif",930,1005.49748821318,853.634062330494,1000.02884169818
"redstage_2010_e07.tif",960,999.849429262521,885.171095900859,1031.56587526854
"redstage_2010_e07.tif",990,1025.2845373513,914.534802178118,1060.9295815458
"redstage_2010_e07.tif",1020,1046.67891925379,945.276502373727,1091.67128174141
"redstage_2010_e07.tif",1050,1076.1212471613,976.777792668362,1123.17257203604
"redstage_2010_e07.tif",1080,1115.2939336003,1003.59964885512,1149.9944282228
"redstage_2010_e07.tif",1110,1153.19131828095,1034.96764484415,1181.36242421184
"redstage_2010_e07.tif",1140,1172.11217450573,1062.95696969275,1209.35174906043
"redstage_2010_e07.tif",1170,1181.86524920377,1095.63994779455,1242.03472716223
"redstage_2010_e07.tif",1200,1191.46371116014,1125.61852019559,1272.01329956328
"redstage_2010_e07.tif",1230,1209.04050953531,1153.40888285133,1299.80366221901
"redstage_2010_e07.tif",1260,1216.61091697694,1183.7324029688,1330.12718233648
"redstage_2010_e07.tif",1290,1220.57824640955,1213.44622399354,1359.84100336122
"redstage_2010_e07.tif",1320,1220.72555751092,1245.05251085787,1391.44729022555
"redstage_2010_e07.tif",1350,1211.02011750893,1275.50577735223,1421.90055671991
"redstage_2010_e07.tif",1380,1216.38615054968,1303.29264606577,1449.68742543345
"redstage_2010_e07.tif",1410,1213.20094375929,1333.69654575423,1480.09132512191
"redstage_2010_e07.tif",1440,1234.69745520029,1363.0927635723,1509.48754293999
"redstage_2010_e07.tif",1470,1261.84791717298,1394.06879965012,1540.4635790178
"redstage_2010_e07.tif",1500,1297.90378244326,1423.72756034563,1570.12233971331
"redstage_2010_e08.tif",0,0,-55.2190467532948,55.2190467532948
"redstage_2010_e08.tif",30,58.7585027413736,-21.3906104724722,89.0474830341173
"redstage_2010_e08.tif",60,100.03988610739,3.40392127059949,113.842014777189
"redstage_2010_e08.tif",90,150.623395228694,34.3443232884009,144.78241679499
"redstage_2010_e08.tif",120,194.042777259428,62.0270879823421,172.465181488932
"redstage_2010_e08.tif",150,242.957600491898,96.1137640476656,206.551857554255
"redstage_2010_e08.tif",180,278.394546764821,123.846181790026,234.284275296615
"redstage_2010_e08.tif",210,306.982709101035,150.60521760819,261.04331111478
"redstage_2010_e08.tif",240,329.246760924566,181.659511768374,292.097605274963
"redstage_2010_e08.tif",270,337.286823110959,213.366190351305,323.804283857895
"redstage_2010_e08.tif",300,249.979928272845,245.523454329219,355.961547835809
"redstage_2010_e08.tif",330,197.938979411621,272.875320216832,383.313413723422
"redstage_2010_e08.tif",360,217.046719106382,299.7070426256,410.145136132189
"redstage_2010_e08.tif",390,270.013363331773,333.625048946979,444.063142453568
"redstage_2010_e08.tif",420,320.846531804471,363.30432756265,473.74242106924
"redstage_2010_e08.tif",450,387.927792594015,394.892941226046,505.331034732636
"redstage_2010_e08.tif",480,NA,422.861022927112,533.299116433701
"redstage_2010_e08.tif",510,NA,NA,NA
"redstage_2010_e08.tif",540,NA,NA,NA
"redstage_2010_e08.tif",570,NA,NA,NA
"redstage_2010_e08.tif",600,NA,NA,NA
"redstage_2010_e08.tif",630,NA,NA,NA
"redstage_2010_e08.tif",660,NA,NA,NA
"redstage_2010_e08.tif",690,NA,NA,NA
"redstage_2010_e08.tif",720,NA,NA,NA
"redstage_2010_e08.tif",750,NA,NA,NA
"redstage_2010_e08.tif",780,NA,NA,NA
"redstage_2010_e08.tif",810,NA,NA,NA
"redstage_2010_e08.tif",840,NA,NA,NA
"redstage_2010_e08.tif",870,NA,NA,NA
"redstage_2010_e08.tif",900,NA,NA,NA
"redstage_2010_e08.tif",930,NA,NA,NA
"redstage_2010_e08.tif",960,NA,NA,NA
"redstage_2010_e08.tif",990,NA,NA,NA
"redstage_2010_e08.tif",1020,NA,NA,NA
"redstage_2010_e08.tif",1050,NA,NA,NA
"redstage_2010_e08.tif",1080,NA,NA,NA
"redstage_2010_e08.tif",1110,NA,NA,NA
"redstage_2010_e08.tif",1140,NA,NA,NA
"redstage_2010_e08.tif",1170,NA,NA,NA
"redstage_2010_e08.tif",1200,NA,NA,NA
"redstage_2010_e08.tif",1230,NA,NA,NA
"redstage_2010_e08.tif",1260,NA,NA,NA
"redstage_2010_e08.tif",1290,NA,NA,NA
"redstage_2010_e08.tif",1320,NA,NA,NA
"redstage_2010_e08.tif",1350,NA,NA,NA
"redstage_2010_e08.tif",1380,NA,NA,NA
"redstage_2010_e08.tif",1410,NA,NA,NA
"redstage_2010_e08.tif",1440,NA,NA,NA
"redstage_2010_e08.tif",1470,NA,NA,NA
"redstage_2010_e08.tif",1500,NA,NA,NA
"redstage_2011_e02.tif",0,0,-111.019800952243,111.019800952243
"redstage_2011_e02.tif",30,121.864306707136,-77.2688196846604,144.770782219825
"redstage_2011_e02.tif",60,204.20103107206,-52.3770732656889,169.662528638796
"redstage_2011_e02.tif",90,298.861168501927,-21.5621132257459,200.477488678739
"redstage_2011_e02.tif",120,377.066451418197,5.99774043638625,228.037342340872
"redstage_2011_e02.tif",150,463.611046349362,39.9939225280613,262.033524432547
"redstage_2011_e02.tif",180,520.007899146747,67.6106636264648,289.65026553095
"redstage_2011_e02.tif",210,566.425114132079,94.2509179351452,316.29051983963
"redstage_2011_e02.tif",240,548.230353031177,124.756554371671,346.796156276156
"redstage_2011_e02.tif",270,413.491734887121,155.504193155201,377.543795059686
"redstage_2011_e02.tif",300,169.163052542198,187.134860239092,409.174462143577
"redstage_2011_e02.tif",330,174.067345016249,213.77343154707,435.813033451555
"redstage_2011_e02.tif",360,NA,239.634776083644,461.674377988129
"redstage_2011_e02.tif",390,NA,272.344345564261,494.383947468746
"redstage_2011_e02.tif",420,NA,306.662930168065,528.70253207255
"redstage_2011_e02.tif",450,NA,347.204333642633,569.243935547118
"redstage_2011_e02.tif",480,NA,NA,NA
"redstage_2011_e02.tif",510,NA,NA,NA
"redstage_2011_e02.tif",540,NA,NA,NA
"redstage_2011_e02.tif",570,NA,NA,NA
"redstage_2011_e02.tif",600,NA,NA,NA
"redstage_2011_e02.tif",630,NA,NA,NA
"redstage_2011_e02.tif",660,NA,NA,NA
"redstage_2011_e02.tif",690,NA,NA,NA
"redstage_2011_e02.tif",720,NA,NA,NA
"redstage_2011_e02.tif",750,NA,NA,NA
"redstage_2011_e02.tif",780,NA,NA,NA
"redstage_2011_e02.tif",810,NA,NA,NA
"redstage_2011_e02.tif",840,NA,NA,NA
"redstage_2011_e02.tif",870,NA,NA,NA
"redstage_2011_e02.tif",900,NA,NA,NA
"redstage_2011_e02.tif",930,NA,NA,NA
"redstage_2011_e02.tif",960,NA,NA,NA
"redstage_2011_e02.tif",990,NA,NA,NA
"redstage_2011_e02.tif",1020,NA,NA,NA
"redstage_2011_e02.tif",1050,NA,NA,NA
"redstage_2011_e02.tif",1080,NA,NA,NA
"redstage_2011_e02.tif",1110,NA,NA,NA
"redstage_2011_e02.tif",1140,NA,NA,NA
"redstage_2011_e02.tif",1170,NA,NA,NA
"redstage_2011_e02.tif",1200,NA,NA,NA
"redstage_2011_e02.tif",1230,NA,NA,NA
"redstage_2011_e02.tif",1260,NA,NA,NA
"redstage_2011_e02.tif",1290,NA,NA,NA
"redstage_2011_e02.tif",1320,NA,NA,NA
"redstage_2011_e02.tif",1350,NA,NA,NA
"redstage_2011_e02.tif",1380,NA,NA,NA
"redstage_2011_e02.tif",1410,NA,NA,NA
"redstage_2011_e02.tif",1440,NA,NA,NA
"redstage_2011_e02.tif",1470,NA,NA,NA
"redstage_2011_e02.tif",1500,NA,NA,NA
"redstage_2011_e04.tif",0,0,-60.9865118026614,60.9865118026614
"redstage_2011_e04.tif",30,61.6946512222414,-27.1502261969947,94.8227974083282
"redstage_2011_e04.tif",60,99.7198446821771,-2.38041983807663,119.592603767246
"redstage_2011_e04.tif",90,140.370425759074,28.5262641625927,150.499287767916
"redstage_2011_e04.tif",120,171.416271542117,56.1789296297738,178.151953235097
"redstage_2011_e04.tif",150,203.623165698527,90.1985099831409,212.171533588464
"redstage_2011_e04.tif",180,224.522832477252,117.888183614791,239.861207220114
"redstage_2011_e04.tif",210,241.84587133372,144.608385778068,266.581409383391
"redstage_2011_e04.tif",240,257.254072454182,175.526115826562,297.499139431885
"redstage_2011_e04.tif",270,273.261949201678,207.112514802826,329.085538408148
"redstage_2011_e04.tif",300,293.800027328633,239.096056021141,361.069079626464
"redstage_2011_e04.tif",330,316.306800175533,266.29495150001,388.267975105333
"redstage_2011_e04.tif",360,340.346753927757,292.910724202376,414.883747807699
"redstage_2011_e04.tif",390,366.946376088625,326.420912740218,448.393936345541
"redstage_2011_e04.tif",420,388.531558499168,355.863679079113,477.836702684436
"redstage_2011_e04.tif",450,391.479837048187,387.163257036376,509.136280641699
"redstage_2011_e04.tif",480,395.874409572236,414.258216262293,536.231239867616
"redstage_2011_e04.tif",510,416.140663232078,444.502760676815,566.475784282138
"redstage_2011_e04.tif",540,NA,474.210507826851,596.183531432174
"redstage_2011_e04.tif",570,NA,505.272558865787,627.24558247111
"redstage_2011_e04.tif",600,NA,537.284870851886,659.257894457209
"redstage_2011_e04.tif",630,NA,NA,NA
"redstage_2011_e04.tif",660,NA,NA,NA
"redstage_2011_e04.tif",690,NA,NA,NA
"redstage_2011_e04.tif",720,NA,NA,NA
"redstage_2011_e04.tif",750,NA,NA,NA
"redstage_2011_e04.tif",780,NA,NA,NA
"redstage_2011_e04.tif",810,NA,NA,NA
"redstage_2011_e04.tif",840,NA,NA,NA
"redstage_2011_e04.tif",870,NA,NA,NA
"redstage_2011_e04.tif",900,NA,NA,NA
"redstage_2011_e04.tif",930,NA,NA,NA
"redstage_2011_e04.tif",960,NA,NA,NA
"redstage_2011_e04.tif",990,NA,NA,NA
"redstage_2011_e04.tif",1020,NA,NA,NA
"redstage_2011_e04.tif",1050,NA,NA,NA
"redstage_2011_e04.tif",1080,NA,NA,NA
"redstage_2011_e04.tif",1110,NA,NA,NA
"redstage_2011_e04.tif",1140,NA,NA,NA
"redstage_2011_e04.tif",1170,NA,NA,NA
"redstage_2011_e04.tif",1200,NA,NA,NA
"redstage_2011_e04.tif",1230,NA,NA,NA
"redstage_2011_e04.tif",1260,NA,NA,NA
"redstage_2011_e04.tif",1290,NA,NA,NA
"redstage_2011_e04.tif",1320,NA,NA,NA
"redstage_2011_e04.tif",1350,NA,NA,NA
"redstage_2011_e04.tif",1380,NA,NA,NA
"redstage_2011_e04.tif",1410,NA,NA,NA
"redstage_2011_e04.tif",1440,NA,NA,NA
"redstage_2011_e04.tif",1470,NA,NA,NA
"redstage_2011_e04.tif",1500,NA,NA,NA
"redstage_2011_e05.tif",0,0,-39.6720259319306,39.6720259319306
"redstage_2011_e05.tif",30,59.6049563997343,-5.82142028117567,73.5226315826856
"redstage_2011_e05.tif",60,100.906305101415,18.9555355725158,98.2995874363771
"redstage_2011_e05.tif",90,150.483835106434,49.8825536487852,129.226605512646
"redstage_2011_e05.tif",120,193.405383196081,77.5874553414473,156.931507205309
"redstage_2011_e05.tif",150,243.992297616512,111.715632432932,191.059684296794
"redstage_2011_e05.tif",180,283.309085395251,139.445945067252,218.789996931113
"redstage_2011_e05.tif",210,319.679625834331,166.231466165537,245.575518029399
"redstage_2011_e05.tif",240,359.505044096432,197.280219787075,276.624271650936
"redstage_2011_e05.tif",270,398.415114406843,229.006823118714,308.350874982575
"redstage_2011_e05.tif",300,436.18907730034,261.191701951227,340.535753815088
"redstage_2011_e05.tif",330,467.448504946327,288.51533242576,367.859384289622
"redstage_2011_e05.tif",360,497.434747323178,315.349087747728,394.693139611589
"redstage_2011_e05.tif",390,534.322548632324,349.233423512101,428.577475375962
"redstage_2011_e05.tif",420,566.539814427967,379.02571114247,458.369763006332
"redstage_2011_e05.tif",450,599.524171419131,410.664391019071,490.008442882933
"redstage_2011_e05.tif",480,625.639469420578,437.830628480012,517.174680343873
"redstage_2011_e05.tif",510,653.87773128722,468.063468722742,547.407520586603
"redstage_2011_e05.tif",540,680.943544705334,497.660312782213,577.004364646074
"redstage_2011_e05.tif",570,707.481744774822,528.737313907137,608.081365770998
"redstage_2011_e05.tif",600,736.223368293802,560.109797127797,639.453848991658
"redstage_2011_e05.tif",630,762.515856499944,587.184228140155,666.528280004016
"redstage_2011_e05.tif",660,793.186093198409,619.255939326248,698.599991190109
"redstage_2011_e05.tif",690,819.642576247899,648.162164030345,727.506215894207
"redstage_2011_e05.tif",720,844.473428267255,676.697580585836,756.041632449697
"redstage_2011_e05.tif",750,873.424234673286,709.499953741602,788.844005605463
"redstage_2011_e05.tif",780,898.891254494139,739.451049822945,818.795101686807
"redstage_2011_e05.tif",810,925.482150639943,769.717103523292,849.061155387153
"redstage_2011_e05.tif",840,952.287776703085,798.197939822537,877.541991686399
"redstage_2011_e05.tif",870,980.843174053988,827.716072487053,907.060124350915
"redstage_2011_e05.tif",900,1013.32915742259,858.809663335087,938.153715198949
"redstage_2011_e05.tif",930,1042.31665502163,887.004293278001,966.348345141862
"redstage_2011_e05.tif",960,1076.25199438212,918.547689750717,997.891741614579
"redstage_2011_e05.tif",990,1110.6205592957,947.929318743336,1027.2733706072
"redstage_2011_e05.tif",1020,1150.79383691817,978.69293344319,1058.03698530705
"redstage_2011_e05.tif",1050,1192.80786978584,1010.19224737736,1089.53629924122
"redstage_2011_e05.tif",1080,1227.03911326421,1037.06319155522,1116.40724341908
"redstage_2011_e05.tif",1110,1265.36508210995,1068.43466561304,1147.77871747691
"redstage_2011_e05.tif",1140,1296.2403080968,1096.44154890819,1175.78560077205
"redstage_2011_e05.tif",1170,1327.06457117427,1129.20133458899,1208.54538645285
"redstage_2011_e05.tif",1200,1353.74066681504,1159.17241943931,1238.51647130318
"redstage_2011_e05.tif",1230,1376.93878470787,1187.03239993648,1266.37645180034
"redstage_2011_e05.tif",1260,1404.9394839557,1217.44163016054,1296.7856820244
"redstage_2011_e05.tif",1290,1436.49206004049,1247.16581998402,1326.50987184788
"redstage_2011_e05.tif",1320,1495.49684797808,1278.87194040327,1358.21599226713
"redstage_2011_e05.tif",1350,1566.44343021126,1309.33991891212,1388.68397077598
"redstage_2011_e05.tif",1380,1594.34456356489,1337.1511680639,1416.49521992776
"redstage_2011_e05.tif",1410,NA,NA,NA
"redstage_2011_e05.tif",1440,NA,NA,NA
"redstage_2011_e05.tif",1470,NA,NA,NA
"redstage_2011_e05.tif",1500,NA,NA,NA
"redstage_2011_e06.tif",0,0,-63.3208336064587,63.3208336064587
"redstage_2011_e06.tif",30,72.3402408812204,-29.4865695113017,97.1550977016157
"redstage_2011_e06.tif",60,121.577922706637,-4.70018781099579,121.941479401922
"redstage_2011_e06.tif",90,180.238923814778,26.2181624539392,152.859829666857
"redstage_2011_e06.tif",120,229.415487804319,53.9244303350254,180.566097547943
"redstage_2011_e06.tif",150,287.275467199222,88.016262219774,214.657929432691
"redstage_2011_e06.tif",180,332.64698298168,115.728219786772,242.369886999689
"redstage_2011_e06.tif",210,374.83549149733,142.500683481781,269.142350694699
"redstage_2011_e06.tif",240,419.296421058883,173.528457512977,300.170124725894
"redstage_2011_e06.tif",270,455.431253059336,205.230847051428,331.872514264345
"redstage_2011_e06.tif",300,490.877059693875,237.408969358126,364.050636571044
"redstage_2011_e06.tif",330,519.095848890045,264.690666452097,391.332333665015
"redstage_2011_e06.tif",360,539.044590602725,291.49584270897,418.137509921887
"redstage_2011_e06.tif",390,560.67358090412,325.309714784274,451.951381997192
"redstage_2011_e06.tif",420,578.831788043897,354.990643481831,481.632310694748
"redstage_2011_e06.tif",450,588.069208340939,386.497776458747,513.139443671664
"redstage_2011_e06.tif",480,591.818164659856,413.519042877848,540.160710090766
"redstage_2011_e06.tif",510,584.000734719254,443.664543378671,570.306210591588
"redstage_2011_e06.tif",540,571.707658546573,473.197676312763,599.83934352568
"redstage_2011_e06.tif",570,533.114454130872,504.217906688493,630.85957390141
"redstage_2011_e06.tif",600,528.884270346404,535.522873922872,662.164541135789
"redstage_2011_e06.tif",630,547.082143209991,562.566651079961,689.208318292879
"redstage_2011_e06.tif",660,578.91647786994,594.525739422187,721.167406635104
"redstage_2011_e06.tif",690,612.988809800524,623.35129161875,749.992958831668
"redstage_2011_e06.tif",720,620.998124364449,651.66032231402,778.301989526937
"redstage_2011_e06.tif",750,667.316990417896,684.41186809231,811.053535305227
"redstage_2011_e06.tif",780,691.605926180466,714.483304802304,841.124972015222
"redstage_2011_e06.tif",810,NA,745.278529097947,871.920196310864
"redstage_2011_e06.tif",840,NA,NA,NA
"redstage_2011_e06.tif",870,NA,NA,NA
"redstage_2011_e06.tif",900,NA,NA,NA
"redstage_2011_e06.tif",930,NA,NA,NA
"redstage_2011_e06.tif",960,NA,NA,NA
"redstage_2011_e06.tif",990,NA,NA,NA
"redstage_2011_e06.tif",1020,NA,NA,NA
"redstage_2011_e06.tif",1050,NA,NA,NA
"redstage_2011_e06.tif",1080,NA,NA,NA
"redstage_2011_e06.tif",1110,NA,NA,NA
"redstage_2011_e06.tif",1140,NA,NA,NA
"redstage_2011_e06.tif",1170,NA,NA,NA
"redstage_2011_e06.tif",1200,NA,NA,NA
"redstage_2011_e06.tif",1230,NA,NA,NA
"redstage_2011_e06.tif",1260,NA,NA,NA
"redstage_2011_e06.tif",1290,NA,NA,NA
"redstage_2011_e06.tif",1320,NA,NA,NA
"redstage_2011_e06.tif",1350,NA,NA,NA
"redstage_2011_e06.tif",1380,NA,NA,NA
"redstage_2011_e06.tif",1410,NA,NA,NA
"redstage_2011_e06.tif",1440,NA,NA,NA
"redstage_2011_e06.tif",1470,NA,NA,NA
"redstage_2011_e06.tif",1500,NA,NA,NA
"redstage_2011_e07.tif",0,0,-62.8474454658765,62.8474454658765
"redstage_2011_e07.tif",30,74.3903835674607,-29.0024915768527,96.6923993549003
"redstage_2011_e07.tif",60,125.648280685652,-4.23481108328867,121.460079848464
"redstage_2011_e07.tif",90,186.663124993936,26.7075697805442,152.402460712297
"redstage_2011_e07.tif",120,238.658738594382,54.4101311857056,180.105022117459
"redstage_2011_e07.tif",150,299.238666279043,88.531719605664,214.226610537417
"redstage_2011_e07.tif",180,345.8834332587,116.271702210816,241.966593142569
"redstage_2011_e07.tif",210,389.037713025163,143.06007749377,268.754968425523
"redstage_2011_e07.tif",240,436.277608226483,174.10665613483,299.801547066583
"redstage_2011_e07.tif",270,481.749447056691,205.841076417387,331.53596734914
"redstage_2011_e07.tif",300,526.183255027799,238.026558235672,363.721449167425
"redstage_2011_e07.tif",330,562.078716386457,265.350258483079,391.045149414832
"redstage_2011_e07.tif",360,595.171093311962,292.180403769925,417.875294701678
"redstage_2011_e07.tif",390,636.966482614141,326.072401676089,451.767292607842
"redstage_2011_e07.tif",420,671.750037160982,355.865610413819,481.560501345572
"redstage_2011_e07.tif",450,707.870899261432,387.500547838883,513.195438770636
"redstage_2011_e07.tif",480,737.132830849792,414.667203484899,540.362094416652
"redstage_2011_e07.tif",510,767.62173157531,444.905246626377,570.60013755813
"redstage_2011_e07.tif",540,795.109875383717,474.506367610392,600.201258542145
"redstage_2011_e07.tif",570,821.862608630104,505.59676961636,631.291660548113
"redstage_2011_e07.tif",600,849.705816960931,536.983924576449,662.678815508202
"redstage_2011_e07.tif",630,871.21946047539,564.065933350819,689.760824282572
"redstage_2011_e07.tif",660,899.693791264659,596.136499688714,721.831390620467
"redstage_2011_e07.tif",690,922.25901373466,625.049339650072,750.744230581825
"redstage_2011_e07.tif",720,942.842298207456,653.610699666342,779.305590598095
"redstage_2011_e07.tif",750,970.488255564824,686.443504356262,812.138395288015
"redstage_2011_e07.tif",780,993.800231225331,716.435368969027,842.13025990078
"redstage_2011_e07.tif",810,1022.47966671703,746.732146654457,872.42703758621
"redstage_2011_e07.tif",840,1049.9319924435,775.25447949488,900.949370426633
"redstage_2011_e07.tif",870,1079.13085289078,804.822598358541,930.517489290294
"redstage_2011_e07.tif",900,1109.18954887232,835.96177595237,961.656666884123
"redstage_2011_e07.tif",930,1135.49842908667,864.197725832099,989.892616763852
"redstage_2011_e07.tif",960,1167.5232790464,895.783538382723,1021.47842931448
"redstage_2011_e07.tif",990,1197.74818651162,925.175030207863,1050.86992113962
"redstage_2011_e07.tif",1020,1233.24111867291,955.976973869839,1081.67186480159
"redstage_2011_e07.tif",1050,1265.11216706967,987.518854545278,1113.21374547703
"redstage_2011_e07.tif",1080,1292.9654125254,1014.42187200221,1140.11676293396
"redstage_2011_e07.tif",1110,1324.54495687643,1045.8291852926,1171.52407622436
"redstage_2011_e07.tif",1140,1351.92750023736,1073.87315583507,1199.56804676682
"redstage_2011_e07.tif",1170,1384.54361929381,1106.63435875374,1232.3292496855
"redstage_2011_e07.tif",1200,1411.82911164826,1136.58098062753,1262.27587155928
"redstage_2011_e07.tif",1230,1442.79503163142,1164.40071034971,1290.09560128146
"redstage_2011_e07.tif",1260,1482.17394559804,1194.82005672212,1320.51494765387
"redstage_2011_e07.tif",1290,1516.49056576463,1224.50677961292,1350.20167054468
"redstage_2011_e07.tif",1320,1548.07618723328,1256.09748198476,1381.79237291651
"redstage_2011_e07.tif",1350,1569.28766978361,1286.58801310039,1412.28290403214
"redstage_2011_e07.tif",1380,1588.3981524344,1314.35413917791,1440.04903010966
"redstage_2011_e07.tif",1410,1582.11546044893,1344.83196458216,1470.52685551391
"redstage_2011_e07.tif",1440,1603.39932533748,1374.22543245556,1499.92032338732
"redstage_2011_e07.tif",1470,1621.93176149867,1404.9467819138,1530.64167284555
"redstage_2011_e07.tif",1500,1656.02621248284,1433.6976062868,1559.39249721855
"redstage_2011_e08.tif",0,0,-51.4641038045547,51.4641038045547
"redstage_2011_e08.tif",30,64.4221234239757,-17.6219929394568,85.3062146696527
"redstage_2011_e08.tif",60,108.752074125981,7.15646346136477,110.084671070474
"redstage_2011_e08.tif",90,161.79815480618,38.0818084674534,141.010016076563
"redstage_2011_e08.tif",120,207.335822631427,65.7758050553731,168.704012664483
"redstage_2011_e08.tif",150,260.85339983137,99.896672572732,202.824880181841
"redstage_2011_e08.tif",180,302.128223374424,127.625845267678,230.554052876787
"redstage_2011_e08.tif",210,340.182397807791,154.408125908594,257.336333517703
"redstage_2011_e08.tif",240,381.861825304349,185.442703485818,288.370911094927
"redstage_2011_e08.tif",270,422.258994859694,217.15889825493,320.08710586404
"redstage_2011_e08.tif",300,460.324704236312,249.332639249839,352.260846858948
"redstage_2011_e08.tif",330,491.048590824974,276.647155801276,379.575363410385
"redstage_2011_e08.tif",360,519.790920264555,303.476044179901,406.40425178901
"redstage_2011_e08.tif",390,555.297437719033,337.359613532331,440.28782114144
"redstage_2011_e08.tif",420,584.911861985084,367.149118192163,470.077325801273
"redstage_2011_e08.tif",450,614.874819163546,398.793069092747,501.721276701856
"redstage_2011_e08.tif",480,638.356133084881,425.964399606934,528.892607216043
"redstage_2011_e08.tif",510,664.835034682786,456.204576015006,559.132783624116
"redstage_2011_e08.tif",540,689.155521363578,485.80947268088,588.737680289989
"redstage_2011_e08.tif",570,715.750684569864,516.90493297897,619.833140588079
"redstage_2011_e08.tif",600,744.013594133338,548.292945016708,651.221152625817
"redstage_2011_e08.tif",630,767.836194113063,575.384740084965,678.312947694074
"redstage_2011_e08.tif",660,795.221764188796,607.475082719502,710.403290328612
"redstage_2011_e08.tif",690,820.3270660265,636.407081358139,739.335288967249
"redstage_2011_e08.tif",720,846.000454083414,664.966740942727,767.894948551837
"redstage_2011_e08.tif",750,877.080804348612,697.798502627545,800.726710236654
"redstage_2011_e08.tif",780,905.846520726322,727.793121951699,830.721329560808
"redstage_2011_e08.tif",810,937.990596292446,758.096372060995,861.024579670105
"redstage_2011_e08.tif",840,969.980939434542,786.610659019771,889.53886662888
"redstage_2011_e08.tif",870,1004.5001189652,816.167355606735,919.095563215845
"redstage_2011_e08.tif",900,1043.48271786874,847.304685484265,950.232893093375
"redstage_2011_e08.tif",930,1077.40824265954,875.529221229318,978.457428838427
"redstage_2011_e08.tif",960,1117.55704827291,907.104566875702,1010.03277448481
"redstage_2011_e08.tif",990,1158.12591909133,936.513967846788,1039.4421754559
"redstage_2011_e08.tif",1020,1198.29617232736,967.310448885035,1070.23865649414
"redstage_2011_e08.tif",1050,1232.68006849266,998.833476299417,1101.76168390853
"redstage_2011_e08.tif",1080,1262.13690154192,1025.72254580878,1128.65075341789
"redstage_2011_e08.tif",1110,1297.14693465814,1057.11448916467,1160.04269677378
"redstage_2011_e08.tif",1140,1327.59538647105,1085.13819699793,1188.06640460704
"redstage_2011_e08.tif",1170,1364.93004338553,1117.87466416048,1220.80287176959
"redstage_2011_e08.tif",1200,1395.42627998309,1147.80554155117,1250.73374916028
"redstage_2011_e08.tif",1230,1429.19448309735,1175.65777576366,1278.58598337277
"redstage_2011_e08.tif",1260,1464.15135559419,1206.06125831241,1308.98946592152
"redstage_2011_e08.tif",1290,1505.25875026447,1235.7402196601,1338.66842726921
"redstage_2011_e08.tif",1320,1558.55382485855,1267.33774525917,1370.26595286828
"redstage_2011_e08.tif",1350,1590.39056150753,1297.80700547318,1400.73521308229
"redstage_2011_e08.tif",1380,1615.51638362688,1325.60457884222,1428.53278645133
"redstage_2011_e08.tif",1410,1642.74207291376,1356.1086037428,1459.03681135191
"redstage_2011_e08.tif",1440,1666.39247442144,1385.60609434349,1488.5343019526
"redstage_2011_e08.tif",1470,1691.06687148695,1416.34157865516,1519.26978626427
"redstage_2011_e08.tif",1500,1737.19962185552,1445.02330644772,1547.95151405683
"redstage_2013_e01.tif",0,0,-96.0902546881623,96.0902546881623
"redstage_2013_e01.tif",30,88.0973629080486,-62.2503663203824,129.930143055942
"redstage_2013_e01.tif",60,143.660772835853,-37.4999063037602,154.680603072564
"redstage_2013_e01.tif",90,205.605668013468,-6.5436245980467,185.636884778278
"redstage_2013_e01.tif",120,253.903231894149,21.1625337836385,213.343043159963
"redstage_2013_e01.tif",150,305.405096353172,55.3179608071301,247.498470183455
"redstage_2013_e01.tif",180,339.674305624572,83.0527277866478,275.233237162972
"redstage_2013_e01.tif",210,366.236761425795,109.848185293878,302.028694670202
"redstage_2013_e01.tif",240,386.777312928192,140.896171708226,333.076681084551
"redstage_2013_e01.tif",270,403.979013834296,172.592394149108,364.772903525433
"redstage_2013_e01.tif",300,416.202155666378,204.770143489242,396.950652865567
"redstage_2013_e01.tif",330,434.648166151538,232.075785808154,424.256295184478
"redstage_2013_e01.tif",360,453.731917550964,258.850349939322,451.030859315647
"redstage_2013_e01.tif",390,482.203695920881,292.695744598148,484.876253974473
"redstage_2013_e01.tif",420,504.842695039875,322.425822082569,514.606331458894
"redstage_2013_e01.tif",450,528.928366660042,354.031381497133,546.211890873457
"redstage_2013_e01.tif",480,545.863677897499,381.168562012597,573.349071388921
"redstage_2013_e01.tif",510,561.047846139928,411.397419598138,603.577928974462
"redstage_2013_e01.tif",540,571.76113606751,440.945371167122,633.125880543446
"redstage_2013_e01.tif",570,597.476982491883,471.965655419705,664.14616479603
"redstage_2013_e01.tif",600,619.557837611871,503.313813621186,695.49432299751
"redstage_2013_e01.tif",630,635.899836439176,530.346763082575,722.5272724589
"redstage_2013_e01.tif",660,652.427695906314,562.35232046041,754.532829836734
"redstage_2013_e01.tif",690,669.346066632662,591.229941003349,783.410450379674
"redstage_2013_e01.tif",720,689.283511204781,619.694497363377,811.875006739701
"redstage_2013_e01.tif",750,721.853057957603,652.467453407124,844.647962783448
"redstage_2013_e01.tif",780,753.549209991654,682.252062012748,874.432571389072
"redstage_2013_e01.tif",810,766.415225543727,712.421619955209,904.602129331534
"redstage_2013_e01.tif",840,784.164704046141,740.751367656667,932.931877032992
"redstage_2013_e01.tif",870,819.713964153324,769.896797297177,962.077306673501
"redstage_2013_e01.tif",900,830.936457314211,801.01080336153,993.191312737855
"redstage_2013_e01.tif",930,NA,829.712718338346,1021.89322771467
"redstage_2013_e01.tif",960,NA,862.218719653367,1054.39922902969
"redstage_2013_e01.tif",990,NA,NA,NA
"redstage_2013_e01.tif",1020,NA,NA,NA
"redstage_2013_e01.tif",1050,NA,NA,NA
"redstage_2013_e01.tif",1080,NA,NA,NA
"redstage_2013_e01.tif",1110,NA,NA,NA
"redstage_2013_e01.tif",1140,NA,NA,NA
"redstage_2013_e01.tif",1170,NA,NA,NA
"redstage_2013_e01.tif",1200,NA,NA,NA
"redstage_2013_e01.tif",1230,NA,NA,NA
"redstage_2013_e01.tif",1260,NA,NA,NA
"redstage_2013_e01.tif",1290,NA,NA,NA
"redstage_2013_e01.tif",1320,NA,NA,NA
"redstage_2013_e01.tif",1350,NA,NA,NA
"redstage_2013_e01.tif",1380,NA,NA,NA
"redstage_2013_e01.tif",1410,NA,NA,NA
"redstage_2013_e01.tif",1440,NA,NA,NA
"redstage_2013_e01.tif",1470,NA,NA,NA
"redstage_2013_e01.tif",1500,NA,NA,NA
"redstage_2013_e04.tif",0,0,-41.6892914950733,41.6892914950733
"redstage_2013_e04.tif",30,51.1845843309886,-7.85358134930726,75.5250016408394
"redstage_2013_e04.tif",60,86.075046215857,16.9369776901563,100.315560680303
"redstage_2013_e04.tif",90,127.269055439046,47.8673107023849,131.245893692532
"redstage_2013_e04.tif",120,162.965745072261,75.5570965287006,158.935679518847
"redstage_2013_e04.tif",150,204.987766284277,109.662272041873,193.040855032019
"redstage_2013_e04.tif",180,238.398353231845,137.395549915453,220.774132905599
"redstage_2013_e04.tif",210,268.852401926822,164.173378880809,247.551961870956
"redstage_2013_e04.tif",240,305.372449117422,195.235660081497,278.614243071643
"redstage_2013_e04.tif",270,343.509887392422,226.962072614299,310.340655604446
"redstage_2013_e04.tif",300,380.667048427626,259.153112061994,342.531695052141
"redstage_2013_e04.tif",330,409.356886701379,286.470466832811,369.849049822957
"redstage_2013_e04.tif",360,437.271004750649,313.284306893771,396.662889883917
"redstage_2013_e04.tif",390,469.909085687672,347.168998981317,430.547581971463
"redstage_2013_e04.tif",420,498.922902845693,376.948065736735,460.326648726882
"redstage_2013_e04.tif",450,525.602137853646,408.584499895773,491.96308288592
"redstage_2013_e04.tif",480,554.186101464722,435.753828214398,519.132411204544
"redstage_2013_e04.tif",510,580.730473155466,465.999952451814,549.378535441961
"redstage_2013_e04.tif",540,604.552735157529,495.597228367355,578.975811357502
"redstage_2013_e04.tif",570,630.140898740547,526.684488228048,610.063071218195
"redstage_2013_e04.tif",600,653.997684138029,558.044770343591,641.423353333738
"redstage_2013_e04.tif",630,682.123738388041,585.093903226064,668.472486216211
"redstage_2013_e04.tif",660,718.146135968002,617.097715732286,700.476298722432
"redstage_2013_e04.tif",690,754.728769968808,645.969869789094,729.348452779241
"redstage_2013_e04.tif",720,790.480486053397,674.436689504659,757.815272494805
"redstage_2013_e04.tif",750,838.852663530799,707.083704237321,790.462287227468
"redstage_2013_e04.tif",780,NA,NA,NA
"redstage_2013_e04.tif",810,NA,NA,NA
"redstage_2013_e04.tif",840,NA,NA,NA
"redstage_2013_e04.tif",870,NA,NA,NA
"redstage_2013_e04.tif",900,NA,NA,NA
"redstage_2013_e04.tif",930,NA,NA,NA
"redstage_2013_e04.tif",960,NA,NA,NA
"redstage_2013_e04.tif",990,NA,NA,NA
"redstage_2013_e04.tif",1020,NA,NA,NA
"redstage_2013_e04.tif",1050,NA,NA,NA
"redstage_2013_e04.tif",1080,NA,NA,NA
"redstage_2013_e04.tif",1110,NA,NA,NA
"redstage_2013_e04.tif",1140,NA,NA,NA
"redstage_2013_e04.tif",1170,NA,NA,NA
"redstage_2013_e04.tif",1200,NA,NA,NA
"redstage_2013_e04.tif",1230,NA,NA,NA
"redstage_2013_e04.tif",1260,NA,NA,NA
"redstage_2013_e04.tif",1290,NA,NA,NA
"redstage_2013_e04.tif",1320,NA,NA,NA
"redstage_2013_e04.tif",1350,NA,NA,NA
"redstage_2013_e04.tif",1380,NA,NA,NA
"redstage_2013_e04.tif",1410,NA,NA,NA
"redstage_2013_e04.tif",1440,NA,NA,NA
"redstage_2013_e04.tif",1470,NA,NA,NA
"redstage_2013_e04.tif",1500,NA,NA,NA
"redstage_2013_e05.tif",0,0,-50.3238332494168,50.3238332494168
"redstage_2013_e05.tif",30,60.8812956577033,-16.4875333130714,84.1601331857622
"redstage_2013_e05.tif",60,102.187168254583,8.29771277732416,108.945379276158
"redstage_2013_e05.tif",90,150.831556752157,39.2312943396773,139.878960838511
"redstage_2013_e05.tif",120,192.113430416408,66.9386575581148,167.586324056948
"redstage_2013_e05.tif",150,240.059046311267,101.069920139929,201.717586638762
"redstage_2013_e05.tif",180,277.314455543692,128.807992651566,229.4556591504
"redstage_2013_e05.tif",210,311.869673960166,155.597779089078,256.245445587911
"redstage_2013_e05.tif",240,350.089818448532,186.660617806902,287.308284305735
"redstage_2013_e05.tif",270,387.469411502741,218.3978451254,319.045511624234
"redstage_2013_e05.tif",300,425.094827196142,250.598739901919,351.246406400752
"redstage_2013_e05.tif",330,455.54060790545,277.934898844003,378.582565342837
"redstage_2013_e05.tif",360,484.245357390181,304.783161048641,405.430827547475
"redstage_2013_e05.tif",390,520.270427630286,338.681485509479,439.329152008312
"redstage_2013_e05.tif",420,551.640070751193,368.486119408571,469.133785907405
"redstage_2013_e05.tif",450,583.834619285676,400.140350627586,500.78801712642
"redstage_2013_e05.tif",480,609.911553661748,427.324284292256,527.97195079109
"redstage_2013_e05.tif",510,637.647300691704,457.574000350399,558.221666849232
"redstage_2013_e05.tif",540,663.162517571725,487.188986967516,587.83665346635
"redstage_2013_e05.tif",570,688.801550948909,518.292760523847,618.94042702268
"redstage_2013_e05.tif",600,714.703549052864,549.692022163389,650.339688662223
"redstage_2013_e05.tif",630,734.955169953388,576.787500410068,677.435166908901
"redstage_2013_e05.tif",660,760.900484404034,608.873633494923,709.521299993757
"redstage_2013_e05.tif",690,781.742684493027,637.80301670096,738.450683199793
"redstage_2013_e05.tif",720,800.342497225149,666.366894958632,767.014561457465
"redstage_2013_e05.tif",750,823.442905872095,699.201171472273,799.848837971107
"redstage_2013_e05.tif",780,842.585843624444,729.18836976938,829.836036268213
"redstage_2013_e05.tif",810,867.46173092758,759.477632515712,860.125299014546
"redstage_2013_e05.tif",840,896.75603837355,787.995805679155,888.643472177989
"redstage_2013_e05.tif",870,918.970219425983,817.541093749816,918.188760248649
"redstage_2013_e05.tif",900,945.420443695016,848.6832498596,949.330916358434
"redstage_2013_e05.tif",930,962.384164186622,876.917537732273,977.565204231107
"redstage_2013_e05.tif",960,992.035761506296,908.508018048616,1009.15568454745
"redstage_2013_e05.tif",990,1038.23845734977,937.934763171,1038.58242966983
"redstage_2013_e05.tif",1020,1099.86496417667,968.739453922309,1069.38712042114
"redstage_2013_e05.tif",1050,1147.20019026653,1000.26738717851,1100.91505367734
"redstage_2013_e05.tif",1080,1183.85013936565,1027.18596835477,1127.83363485361
"redstage_2013_e05.tif",1110,1272.96307783417,1058.57229211704,1159.21995861587
"redstage_2013_e05.tif",1140,1333.63018255033,1086.62641293958,1187.27407943841
"redstage_2013_e05.tif",1170,1410.09827331283,1119.31066172678,1219.95832822562
"redstage_2013_e05.tif",1200,1469.24964723184,1149.24632357315,1249.89399007198
"redstage_2013_e05.tif",1230,1506.50125097541,1177.07511186642,1277.72277836525
"redstage_2013_e05.tif",1260,1533.25000827851,1207.46136142651,1308.10902792534
"redstage_2013_e05.tif",1290,1568.3868936227,1237.16037872592,1337.80804522476
"redstage_2013_e05.tif",1320,1610.8723502147,1268.77503731136,1369.4227038102
"redstage_2013_e05.tif",1350,NA,1299.76909094113,1400.41675743997
"redstage_2013_e05.tif",1380,NA,NA,NA
"redstage_2013_e05.tif",1410,NA,NA,NA
"redstage_2013_e05.tif",1440,NA,NA,NA
"redstage_2013_e05.tif",1470,NA,NA,NA
"redstage_2013_e05.tif",1500,NA,NA,NA
"redstage_2013_e06.tif",0,0,-46.234394627319,46.234394627319
"redstage_2013_e06.tif",30,55.9300269955855,-12.3954584283762,80.0733308262618
"redstage_2013_e06.tif",60,93.7295105977845,12.3842238818383,104.853013136476
"redstage_2013_e06.tif",90,138.003412280641,43.3159458174766,135.784735072115
"redstage_2013_e06.tif",120,175.093807114482,71.0127909231757,163.481580177814
"redstage_2013_e06.tif",150,218.396179246083,105.129438968287,197.598228222925
"redstage_2013_e06.tif",180,251.722375423901,132.858599107432,225.32738836207
"redstage_2013_e06.tif",210,282.703918056327,159.645830223672,252.11461947831
"redstage_2013_e06.tif",240,317.539700905849,190.690334290831,283.159123545469
"redstage_2013_e06.tif",270,352.051841399892,222.411215982401,314.880005237039
"redstage_2013_e06.tif",300,386.53921809643,254.59232946922,347.061118723858
"redstage_2013_e06.tif",330,414.931445925244,281.905936895884,374.374726150522
"redstage_2013_e06.tif",360,441.8251533069,308.736463949394,401.205253204032
"redstage_2013_e06.tif",390,477.321046737059,342.609382362225,435.078171616863
"redstage_2013_e06.tif",420,508.99743737502,372.387019546194,464.855808800832
"redstage_2013_e06.tif",450,541.615953833555,404.018584670116,496.487373924754
"redstage_2013_e06.tif",480,570.131081439222,431.171023066833,523.639812321471
"redstage_2013_e06.tif",510,601.125635197587,461.387344221713,553.856133476351
"redstage_2013_e06.tif",540,625.329987669338,490.960418819592,583.42920807423
"redstage_2013_e06.tif",570,653.748570582317,521.984904790643,614.453694045281
"redstage_2013_e06.tif",600,669.518727293765,553.31691295135,645.785702205988
"redstage_2013_e06.tif",630,676.758782031294,580.366260066798,672.835049321436
"redstage_2013_e06.tif",660,679.272818227353,612.393917407031,704.862706661669
"redstage_2013_e06.tif",690,680.738990808756,641.27965765761,733.748446912248
"redstage_2013_e06.tif",720,676.274588380863,669.735209224159,762.203998478797
"redstage_2013_e06.tif",750,682.34595013408,702.47750344419,794.946292698829
"redstage_2013_e06.tif",780,704.571880694459,732.428561757655,824.897351012293
"redstage_2013_e06.tif",810,726.340454592624,762.741814273199,855.210603527837
"redstage_2013_e06.tif",840,745.096441633013,791.298089534089,883.766878788727
"redstage_2013_e06.tif",870,774.003507337734,820.90290624784,913.371695502478
"redstage_2013_e06.tif",900,794.039007819277,852.08158830283,944.550377557468
"redstage_2013_e06.tif",930,804.879616128167,880.281840266675,972.750629521313
"redstage_2013_e06.tif",960,832.848526630426,911.865898515167,1004.3346877698
"redstage_2013_e06.tif",990,856.665913790363,941.244194263622,1033.71298351826
"redstage_2013_e06.tif",1020,NA,NA,NA
"redstage_2013_e06.tif",1050,NA,NA,NA
"redstage_2013_e06.tif",1080,NA,NA,NA
"redstage_2013_e06.tif",1110,NA,NA,NA
"redstage_2013_e06.tif",1140,NA,NA,NA
"redstage_2013_e06.tif",1170,NA,NA,NA
"redstage_2013_e06.tif",1200,NA,NA,NA
"redstage_2013_e06.tif",1230,NA,NA,NA
"redstage_2013_e06.tif",1260,NA,NA,NA
"redstage_2013_e06.tif",1290,NA,NA,NA
"redstage_2013_e06.tif",1320,NA,NA,NA
"redstage_2013_e06.tif",1350,NA,NA,NA
"redstage_2013_e06.tif",1380,NA,NA,NA
"redstage_2013_e06.tif",1410,NA,NA,NA
"redstage_2013_e06.tif",1440,NA,NA,NA
"redstage_2013_e06.tif",1470,NA,NA,NA
"redstage_2013_e06.tif",1500,NA,NA,NA
"redstage_2013_e07.tif",0,0,-29.1423953338656,29.1423953338656
"redstage_2013_e07.tif",30,48.2633913111028,4.71174370313517,62.9965343708663
"redstage_2013_e07.tif",60,82.0425013830157,29.4893671613612,87.7741578290924
"redstage_2013_e07.tif",90,122.89403658289,60.4184216157787,118.70321228351
"redstage_2013_e07.tif",120,158.303021813739,88.1183945351395,146.403185202871
"redstage_2013_e07.tif",150,200.908282921951,122.241422715625,180.526213383356
"redstage_2013_e07.tif",180,234.888000022375,149.979156149088,208.263946816819
"redstage_2013_e07.tif",210,267.177310578227,176.75797037172,235.042761039451
"redstage_2013_e07.tif",240,304.140160773325,207.803559336932,266.088350004664
"redstage_2013_e07.tif",270,341.6424636392,239.524980119772,297.809770787503
"redstage_2013_e07.tif",300,379.502740917027,271.70832144712,329.993112114851
"redstage_2013_e07.tif",330,411.256728831319,299.026020269136,357.310810936867
"redstage_2013_e07.tif",360,442.489777656246,325.853447384474,384.138238052205
"redstage_2013_e07.tif",390,482.34915855821,359.728678021983,418.013468689715
"redstage_2013_e07.tif",420,517.017320245926,389.518382060374,447.803172728105
"redstage_2013_e07.tif",450,553.325049168795,421.15764181477,479.442432482501
"redstage_2013_e07.tif",480,584.282821421744,448.322386736694,506.607177404425
"redstage_2013_e07.tif",510,618.811481989551,478.549850469205,536.834641136937
"redstage_2013_e07.tif",540,651.369849780248,508.144535626265,566.429326293996
"redstage_2013_e07.tif",570,684.529676105675,539.220165203264,597.504955870995
"redstage_2013_e07.tif",600,717.968216717856,570.593221746544,628.878012414276
"redstage_2013_e07.tif",630,745.552633837441,597.675073606702,655.959864274433
"redstage_2013_e07.tif",660,777.490608392805,629.744174726704,688.028965394435
"redstage_2013_e07.tif",690,805.507138502838,658.659661844055,716.944452511786
"redstage_2013_e07.tif",720,831.925483404558,687.20435454235,745.489145210081
"redstage_2013_e07.tif",750,861.293934459633,720.029754257561,778.314544925293
"redstage_2013_e07.tif",780,884.020509779928,750.001828266081,808.286618933812
"redstage_2013_e07.tif",810,905.48200716044,780.276749800852,838.561540468583
"redstage_2013_e07.tif",840,922.350428456336,808.775831301263,867.060621968994
"redstage_2013_e07.tif",870,936.237902005163,838.312751157217,896.597541824948
"redstage_2013_e07.tif",900,953.888561776091,869.429209963264,927.714000630995
"redstage_2013_e07.tif",930,975.601630710591,897.649927506987,955.934718174718
"redstage_2013_e07.tif",960,1003.25282229555,929.227031343983,987.511822011714
"redstage_2013_e07.tif",990,1028.34459886361,958.639551484051,1016.92434215178
"redstage_2013_e07.tif",1020,1053.02606320269,989.449576226432,1047.73436689416
"redstage_2013_e07.tif",1050,1079.16741117016,1021.00214596768,1079.28693663541
"redstage_2013_e07.tif",1080,1103.37349009739,1047.93975718871,1106.22454785644
"redstage_2013_e07.tif",1110,1132.70709142361,1079.39513992108,1137.67993058881
"redstage_2013_e07.tif",1140,1157.05524821697,1107.46743524654,1165.75222591427
"redstage_2013_e07.tif",1170,1186.37140862663,1140.27060025298,1198.55539092071
"redstage_2013_e07.tif",1200,1212.79220536331,1170.25881196647,1228.5436026342
"redstage_2013_e07.tif",1230,1237.13979991041,1198.122356288,1256.40714695573
"redstage_2013_e07.tif",1260,1267.54965804368,1228.58152929856,1286.8663199663
"redstage_2013_e07.tif",1290,1294.7875701432,1258.31108111429,1316.59587178202
"redstage_2013_e07.tif",1320,1327.24833758692,1289.97585230519,1348.26064297292
"redstage_2013_e07.tif",1350,1353.10615293552,1320.45343271654,1378.73822338427
"redstage_2013_e07.tif",1380,1368.31591941771,1348.21313190796,1406.4979225757
"redstage_2013_e07.tif",1410,1388.11815315467,1378.56671706799,1436.85150773572
"redstage_2013_e07.tif",1440,NA,NA,NA
"redstage_2013_e07.tif",1470,NA,NA,NA
"redstage_2013_e07.tif",1500,NA,NA,NA
"redstage_2013_e08.tif",0,0,-34.0921243476057,34.0921243476057
"redstage_2013_e08.tif",30,49.3644938935962,-0.244381407857695,67.9398672873537
"redstage_2013_e08.tif",60,83.8392165225624,24.5335403312795,92.717789026491
"redstage_2013_e08.tif",90,125.61479927369,55.4641503050762,123.648399000288
"redstage_2013_e08.tif",120,161.834074590751,83.1639786848629,151.348227380074
"redstage_2013_e08.tif",150,205.051831648006,117.285404361439,185.46965305665
"redstage_2013_e08.tif",180,239.058508643933,145.020038638769,213.20428733398
"redstage_2013_e08.tif",210,271.069677937046,171.804793047202,239.989041742413
"redstage_2013_e08.tif",240,307.398328613747,202.853844441165,271.038093136376
"redstage_2013_e08.tif",270,343.948876005906,234.577071184835,302.761319880046
"redstage_2013_e08.tif",300,380.296036285392,266.764667041512,334.948915736723
"redstage_2013_e08.tif",330,410.611339736581,294.087065597316,362.271314292527
"redstage_2013_e08.tif",360,440.11546968818,320.921593386616,389.105842081828
"redstage_2013_e08.tif",390,477.173790134806,354.803062497024,422.987311192236
"redstage_2013_e08.tif",420,509.621822448262,384.595135863958,452.77938455917
"redstage_2013_e08.tif",450,543.525367219508,416.234724167868,484.418972863079
"redstage_2013_e08.tif",480,572.318801761132,443.40232663087,511.586575326081
"redstage_2013_e08.tif",510,604.091202311294,473.636422009979,541.82067070519
"redstage_2013_e08.tif",540,634.628443106593,503.23439545066,571.418644145871
"redstage_2013_e08.tif",570,665.988615692993,534.316113804782,602.500362499994
"redstage_2013_e08.tif",600,697.93046214568,565.697479646941,633.881728342153
"redstage_2013_e08.tif",630,724.492377957908,592.778882601206,660.963131296417
"redstage_2013_e08.tif",660,755.944841877228,624.850690499518,693.03493919473
"redstage_2013_e08.tif",690,784.46779093108,653.768014017153,721.952262712364
"redstage_2013_e08.tif",720,811.545249227561,682.3202885986,750.504537293811
"redstage_2013_e08.tif",750,844.18816654766,715.145764142412,783.330012837623
"redstage_2013_e08.tif",780,872.106035065503,745.119453991487,813.303702686698
"redstage_2013_e08.tif",810,899.051232519939,775.397627925751,843.581876620962
"redstage_2013_e08.tif",840,926.028863935094,803.892057824119,872.07630651933
"redstage_2013_e08.tif",870,954.522423834629,833.429284971019,901.61353366623
"redstage_2013_e08.tif",900,987.845910856807,864.537279483904,932.721528179115
"redstage_2013_e08.tif",930,1022.78523698144,892.747276883203,960.931525578414
"redstage_2013_e08.tif",960,1068.76512200042,924.308699090507,992.492947785718
"redstage_2013_e08.tif",990,1108.88703876218,953.702032788475,1021.88628148369
"redstage_2013_e08.tif",1020,1147.75097209705,984.482937750518,1052.66718644573
"redstage_2013_e08.tif",1050,1181.97853736164,1015.99466360339,1084.1789122986
"redstage_2013_e08.tif",1080,1210.67722809387,1042.87130281364,1111.05555150885
"redstage_2013_e08.tif",1110,1245.75273610188,1074.26972399418,1142.45397268939
"redstage_2013_e08.tif",1140,1276.714947657,1102.29905420433,1170.48330289954
"redstage_2013_e08.tif",1170,1310.72289108619,1135.02824579642,1203.21249449163
"redstage_2013_e08.tif",1200,1339.04430607275,1164.99304486331,1233.17729355852
"redstage_2013_e08.tif",1230,1365.37987907401,1192.83468832746,1261.01893702267
"redstage_2013_e08.tif",1260,1392.61306251019,1223.25362019039,1291.4378688856
"redstage_2013_e08.tif",1290,1419.21455851238,1252.97137199571,1321.15562069092
"redstage_2013_e08.tif",1320,1446.84489370811,1284.63562080792,1352.81986950314
"redstage_2013_e08.tif",1350,1470.43785607451,1315.12867121009,1383.3129199053
"redstage_2013_e08.tif",1380,1489.06082274397,1342.86718739559,1411.0514360908
"redstage_2013_e08.tif",1410,1507.99018157959,1373.27964892201,1441.46389761722
"redstage_2013_e08.tif",1440,1517.23491620048,1402.67688027722,1470.86112897243
"redstage_2013_e08.tif",1470,1490.67383666195,1433.46348683737,1501.64773553258
"redstage_2013_e08.tif",1500,1515.27449448309,1462.46322130023,1530.64746999544
"redstage_2014_e01.tif",0,0,-78.4082303974828,78.4082303974828
"redstage_2014_e01.tif",30,79.5651922106571,-44.5331801283128,112.283280666653
"redstage_2014_e01.tif",60,131.252120547559,-19.7599063331436,137.056554461822
"redstage_2014_e01.tif",90,191.312260166066,11.1796414000745,167.99610219504
"redstage_2014_e01.tif",120,241.236630336206,38.8661318638695,195.682592658835
"redstage_2014_e01.tif",150,298.037238148249,73.002301065229,229.818761860195
"redstage_2014_e01.tif",180,338.991973866322,100.724389088097,257.540849883063
"redstage_2014_e01.tif",210,373.295309358985,127.506999507426,284.323460302392
"redstage_2014_e01.tif",240,409.479562312771,158.558302862946,315.374763657911
"redstage_2014_e01.tif",270,447.915035002069,190.278791725426,347.095252520391
"redstage_2014_e01.tif",300,487.022250760421,222.493126558608,379.309587353574
"redstage_2014_e01.tif",330,518.886299121605,249.831059537309,406.647520332275
"redstage_2014_e01.tif",360,550.059411441632,276.691919622011,433.508380416976
"redstage_2014_e01.tif",390,590.941971479512,310.584351129818,467.400811924784
"redstage_2014_e01.tif",420,624.649012415195,340.396893012251,497.213353807217
"redstage_2014_e01.tif",450,659.643000431199,372.065093764353,528.881554559319
"redstage_2014_e01.tif",480,688.355583796231,399.251937049953,556.068397844919
"redstage_2014_e01.tif",510,717.333892136916,429.516917231068,586.333378026034
"redstage_2014_e01.tif",540,743.544270271104,459.125804114943,615.942264909909
"redstage_2014_e01.tif",570,770.049818958948,490.238929341868,647.055390136834
"redstage_2014_e01.tif",600,795.413103552292,521.638185987867,678.454646782832
"redstage_2014_e01.tif",630,816.270485839791,548.707896241983,705.524357036948
"redstage_2014_e01.tif",660,841.383490203555,580.784803711923,737.601264506888
"redstage_2014_e01.tif",690,866.040735944397,609.682531157087,766.498991952053
"redstage_2014_e01.tif",720,889.22153636664,638.206763360766,795.023224155731
"redstage_2014_e01.tif",750,919.280393061393,670.964572231357,827.781033026323
"redstage_2014_e01.tif",780,954.358329642104,700.845440189942,857.661900984908
"redstage_2014_e01.tif",810,998.683277655649,731.01224767952,887.828708474486
"redstage_2014_e01.tif",840,1047.25601110916,759.436894360663,916.253355155629
"redstage_2014_e01.tif",870,1101.83008911106,788.837427225926,945.653888020892
"redstage_2014_e01.tif",900,1153.83469944403,819.877088939477,976.693549734442
"redstage_2014_e01.tif",930,1199.55876718237,848.031429820725,1004.84789061569
"redstage_2014_e01.tif",960,1242.94449002687,879.545057138021,1036.36151793299
"redstage_2014_e01.tif",990,1274.4272981444,908.91455355704,1065.73101435201
"redstage_2014_e01.tif",1020,1308.29963869113,939.665100052595,1096.48156084756
"redstage_2014_e01.tif",1050,1338.8773659946,971.171828025985,1127.98828882095
"redstage_2014_e01.tif",1080,1363.32080671779,998.018629476847,1154.83509027181
"redstage_2014_e01.tif",1110,1399.05581071509,1029.41502647186,1186.23148726683
"redstage_2014_e01.tif",1140,1431.10056923143,1057.43999599405,1214.25645678901
"redstage_2014_e01.tif",1170,1517.83905590732,1090.09482474277,1246.91128553774
"redstage_2014_e01.tif",1200,1549.81835387272,1120.01771122795,1276.83417202291
"redstage_2014_e01.tif",1230,1558.09293672965,1147.52539992204,1304.34186071701
"redstage_2014_e01.tif",1260,1618.80468884684,1178.16114028529,1334.97760108026
"redstage_2014_e01.tif",1290,NA,1208.3101207644,1365.12658155937
"redstage_2014_e01.tif",1320,NA,NA,NA
"redstage_2014_e01.tif",1350,NA,NA,NA
"redstage_2014_e01.tif",1380,NA,NA,NA
"redstage_2014_e01.tif",1410,NA,NA,NA
"redstage_2014_e01.tif",1440,NA,NA,NA
"redstage_2014_e01.tif",1470,NA,NA,NA
"redstage_2014_e01.tif",1500,NA,NA,NA
"redstage_2014_e02.tif",0,0,-90.5741780523002,90.5741780523002
"redstage_2014_e02.tif",30,91.5513335742434,-56.8784570349772,124.269899069623
"redstage_2014_e02.tif",60,147.563187253167,-32.0377014184774,149.110654686123
"redstage_2014_e02.tif",90,210.588908492155,-0.977678132280758,180.17067797232
"redstage_2014_e02.tif",120,268.944464012225,26.6882688514146,207.836624956015
"redstage_2014_e02.tif",150,327.72811599206,60.7660783162327,241.914434420833
"redstage_2014_e02.tif",180,369.990653415902,88.4459560419857,269.594312146586
"redstage_2014_e02.tif",210,410.688775920624,115.169087076815,296.317443181416
"redstage_2014_e02.tif",240,450.903524707445,146.035500867286,327.183856971886
"redstage_2014_e02.tif",270,449.626196843836,177.69833747524,358.84669357984
"redstage_2014_e02.tif",300,414.461732326782,209.813918940209,390.96227504481
"redstage_2014_e02.tif",330,438.069421134424,237.061286575202,418.209642679802
"redstage_2014_e02.tif",360,438.766018904773,263.815021804078,444.963377908678
"redstage_2014_e02.tif",390,454.584430881712,297.578485625357,478.726841729957
"redstage_2014_e02.tif",420,426.790933681711,327.16267962675,508.311035731351
"redstage_2014_e02.tif",450,393.43737011564,358.668258037913,539.816614142514
"redstage_2014_e02.tif",480,385.146120924244,385.778002333848,566.926358438449
"redstage_2014_e02.tif",510,417.323919066555,415.864813759898,597.013169864498
"redstage_2014_e02.tif",540,498.435452502852,445.260861838649,626.409217943249
"redstage_2014_e02.tif",570,438.508148756783,476.258278219827,657.406634324428
"redstage_2014_e02.tif",600,NA,507.247286829679,688.39564293428
"redstage_2014_e02.tif",630,NA,534.036791084174,715.185147188775
"redstage_2014_e02.tif",660,NA,566.992381556219,748.14073766082
"redstage_2014_e02.tif",690,NA,595.903848440086,777.052204544687
"redstage_2014_e02.tif",720,NA,NA,NA
"redstage_2014_e02.tif",750,NA,NA,NA
"redstage_2014_e02.tif",780,NA,NA,NA
"redstage_2014_e02.tif",810,NA,NA,NA
"redstage_2014_e02.tif",840,NA,NA,NA
"redstage_2014_e02.tif",870,NA,NA,NA
"redstage_2014_e02.tif",900,NA,NA,NA
"redstage_2014_e02.tif",930,NA,NA,NA
"redstage_2014_e02.tif",960,NA,NA,NA
"redstage_2014_e02.tif",990,NA,NA,NA
"redstage_2014_e02.tif",1020,NA,NA,NA
"redstage_2014_e02.tif",1050,NA,NA,NA
"redstage_2014_e02.tif",1080,NA,NA,NA
"redstage_2014_e02.tif",1110,NA,NA,NA
"redstage_2014_e02.tif",1140,NA,NA,NA
"redstage_2014_e02.tif",1170,NA,NA,NA
"redstage_2014_e02.tif",1200,NA,NA,NA
"redstage_2014_e02.tif",1230,NA,NA,NA
"redstage_2014_e02.tif",1260,NA,NA,NA
"redstage_2014_e02.tif",1290,NA,NA,NA
"redstage_2014_e02.tif",1320,NA,NA,NA
"redstage_2014_e02.tif",1350,NA,NA,NA
"redstage_2014_e02.tif",1380,NA,NA,NA
"redstage_2014_e02.tif",1410,NA,NA,NA
"redstage_2014_e02.tif",1440,NA,NA,NA
"redstage_2014_e02.tif",1470,NA,NA,NA
"redstage_2014_e02.tif",1500,NA,NA,NA
"redstage_2014_e04.tif",0,0,-39.4708355886843,39.4708355886843
"redstage_2014_e04.tif",30,52.1378670741829,-5.61884229917958,73.322828878189
"redstage_2014_e04.tif",60,86.9085400668807,19.1573436779675,98.0990148553361
"redstage_2014_e04.tif",90,127.346984704171,50.0914370884994,129.033108265868
"redstage_2014_e04.tif",120,161.257622449091,77.7960225824833,156.737693759852
"redstage_2014_e04.tif",150,201.029741224975,111.914976150992,190.856647328361
"redstage_2014_e04.tif",180,232.14106154907,139.652758311953,218.594429489321
"redstage_2014_e04.tif",210,261.257423495593,166.430325240419,245.371996417787
"redstage_2014_e04.tif",240,294.446754903848,197.468031107763,276.409702285132
"redstage_2014_e04.tif",270,327.635083497484,229.18724661298,308.128917790349
"redstage_2014_e04.tif",300,360.447366297397,261.352414182117,340.294085359486
"redstage_2014_e04.tif",330,387.298062811826,288.656777813994,367.598448991362
"redstage_2014_e04.tif",360,413.784345602099,315.471087948459,394.412759125827
"redstage_2014_e04.tif",390,446.988314487081,349.317713409193,428.259384586561
"redstage_2014_e04.tif",420,475.281263164743,379.075906015898,458.017577193266
"redstage_2014_e04.tif",450,504.929620456546,410.68755950215,489.629230679519
"redstage_2014_e04.tif",480,530.557150178776,437.826313462187,516.767984639556
"redstage_2014_e04.tif",510,560.256566444201,468.023819656641,546.96549083401
"redstage_2014_e04.tif",540,588.784862351548,497.58730732579,576.528978503159
"redstage_2014_e04.tif",570,618.063389990509,528.646596495382,607.588267672751
"redstage_2014_e04.tif",600,646.990374236697,559.992348494962,638.93401967233
"redstage_2014_e04.tif",630,669.232330144853,587.051902125731,665.9935733031
"redstage_2014_e04.tif",660,694.90840337678,619.114415557166,698.056086734534
"redstage_2014_e04.tif",690,723.427463331473,648.038165692392,726.97983686976
"redstage_2014_e04.tif",720,749.30933196994,676.604995613926,755.546666791294
"redstage_2014_e04.tif",750,780.459935411259,709.455218057155,788.396889234524
"redstage_2014_e04.tif",780,805.937822206846,739.490394706503,818.432065883871
"redstage_2014_e04.tif",810,830.726021004412,769.793967287796,848.735638465165
"redstage_2014_e04.tif",840,855.991737465829,798.338750263969,877.280421441338
"redstage_2014_e04.tif",870,885.006314757646,827.907237059643,906.848908237012
"redstage_2014_e04.tif",900,913.781738952007,859.062588252748,938.004259430117
"redstage_2014_e04.tif",930,930.685809569478,887.27071799014,966.212389167508
"redstage_2014_e04.tif",960,971.088218039392,918.890180478344,997.831851655713
"redstage_2014_e04.tif",990,994.749338191715,948.295162988881,1027.23683416625
"redstage_2014_e04.tif",1020,NA,979.173867109841,1058.11553828721
"redstage_2014_e04.tif",1050,NA,NA,NA
"redstage_2014_e04.tif",1080,NA,NA,NA
"redstage_2014_e04.tif",1110,NA,NA,NA
"redstage_2014_e04.tif",1140,NA,NA,NA
"redstage_2014_e04.tif",1170,NA,NA,NA
"redstage_2014_e04.tif",1200,NA,NA,NA
"redstage_2014_e04.tif",1230,NA,NA,NA
"redstage_2014_e04.tif",1260,NA,NA,NA
"redstage_2014_e04.tif",1290,NA,NA,NA
"redstage_2014_e04.tif",1320,NA,NA,NA
"redstage_2014_e04.tif",1350,NA,NA,NA
"redstage_2014_e04.tif",1380,NA,NA,NA
"redstage_2014_e04.tif",1410,NA,NA,NA
"redstage_2014_e04.tif",1440,NA,NA,NA
"redstage_2014_e04.tif",1470,NA,NA,NA
"redstage_2014_e04.tif",1500,NA,NA,NA
"redstage_2014_e05.tif",0,0,-54.1133929805037,54.1133929805037
"redstage_2014_e05.tif",30,64.0349508517832,-20.2812758663714,87.945510094636
"redstage_2014_e05.tif",60,107.617035004931,4.51447566256428,112.741261623572
"redstage_2014_e05.tif",90,158.73556942588,35.4528634826325,143.67964944364
"redstage_2014_e05.tif",120,201.849162771009,63.1525687166891,171.379354677697
"redstage_2014_e05.tif",150,251.434289568304,97.2731106178159,205.499896578823
"redstage_2014_e05.tif",180,289.226088599571,125.002114981526,233.228900942534
"redstage_2014_e05.tif",210,323.313612998146,151.782943888509,260.009729849517
"redstage_2014_e05.tif",240,359.85381788805,182.821731983357,291.048517944365
"redstage_2014_e05.tif",270,393.841597550256,214.522490821952,322.74927678296
"redstage_2014_e05.tif",300,425.028676876891,246.691432181221,354.918218142228
"redstage_2014_e05.tif",330,449.609025696541,273.996229999676,382.223015960684
"redstage_2014_e05.tif",360,472.92721201012,300.808355507696,409.035141468704
"redstage_2014_e05.tif",390,501.704574852101,334.661155888361,442.887941849368
"redstage_2014_e05.tif",420,527.855105907562,364.435543636881,472.662329597888
"redstage_2014_e05.tif",450,554.345054013499,396.064214245345,504.291000206352
"redstage_2014_e05.tif",480,576.103703348356,423.207227239238,531.434013200245
"redstage_2014_e05.tif",510,597.822698285748,453.419946389175,561.646732350182
"redstage_2014_e05.tif",540,615.752717583899,482.984711597502,591.211497558509
"redstage_2014_e05.tif",570,632.734132745939,514.040013665261,622.266799626268
"redstage_2014_e05.tif",600,647.030039276675,545.40779238606,653.634578347068
"redstage_2014_e05.tif",630,657.940299971393,572.472902965392,680.699688926399
"redstage_2014_e05.tif",660,670.540806715595,604.525856114001,712.752642075009
"redstage_2014_e05.tif",690,678.621001280717,633.430090259734,741.656876220741
"redstage_2014_e05.tif",720,683.566922820425,661.970113630087,770.196899591094
"redstage_2014_e05.tif",750,689.501700676447,694.785926042319,803.012712003326
"redstage_2014_e05.tif",780,693.720088415337,724.749976190304,832.976762151311
"redstage_2014_e05.tif",810,703.24691277134,755.028565942844,863.255351903851
"redstage_2014_e05.tif",840,711.864145068069,783.509488303621,891.736274264628
"redstage_2014_e05.tif",870,724.215084439242,813.038545912446,921.265331873453
"redstage_2014_e05.tif",900,742.832555194782,844.142162587779,952.368948548787
"redstage_2014_e05.tif",930,755.387480882711,872.350269917802,980.577055878809
"redstage_2014_e05.tif",960,773.395687622374,903.900139887941,1012.12692584895
"redstage_2014_e05.tif",990,815.772359825988,933.326982119147,1041.55376808015
"redstage_2014_e05.tif",1020,841.676972455519,964.075173525367,1072.30195948637
"redstage_2014_e05.tif",1050,850.456233481981,995.590220222377,1103.81700618338
"redstage_2014_e05.tif",1080,874.443918760059,1022.44488312927,1130.67166909028
"redstage_2014_e05.tif",1110,885.913003647425,1053.72414147222,1161.95092743322
"redstage_2014_e05.tif",1140,914.227764232702,1081.68366644585,1189.91045240686
"redstage_2014_e05.tif",1170,903.574776727081,1114.51177345072,1222.73855941173
"redstage_2014_e05.tif",1200,NA,1143.97962654992,1252.20641251092
"redstage_2014_e05.tif",1230,NA,NA,NA
"redstage_2014_e05.tif",1260,NA,NA,NA
"redstage_2014_e05.tif",1290,NA,NA,NA
"redstage_2014_e05.tif",1320,NA,NA,NA
"redstage_2014_e05.tif",1350,NA,NA,NA
"redstage_2014_e05.tif",1380,NA,NA,NA
"redstage_2014_e05.tif",1410,NA,NA,NA
"redstage_2014_e05.tif",1440,NA,NA,NA
"redstage_2014_e05.tif",1470,NA,NA,NA
"redstage_2014_e05.tif",1500,NA,NA,NA
"redstage_2014_e07.tif",0,0,-47.0436553159552,47.0436553159552
"redstage_2014_e07.tif",30,57.9633099276411,-13.1941885042,80.8931221277105
"redstage_2014_e07.tif",60,96.9954134354142,11.581081317392,105.668391949302
"redstage_2014_e07.tif",90,143.166928726175,42.5104502853938,136.597760917304
"redstage_2014_e07.tif",120,182.354896147876,70.2163373572632,164.303647989174
"redstage_2014_e07.tif",150,228.387502593889,104.341968649467,198.429279281377
"redstage_2014_e07.tif",180,264.298058347676,132.074874809115,226.162185441025
"redstage_2014_e07.tif",210,297.703068672067,158.858706392068,252.946017023979
"redstage_2014_e07.tif",240,334.918448894638,189.908335298631,283.995645930541
"redstage_2014_e07.tif",270,371.110449443038,221.634097937896,315.721408569806
"redstage_2014_e07.tif",300,406.463505462855,253.818832102004,347.906142733914
"redstage_2014_e07.tif",330,435.684649116414,281.138920547262,375.226231179172
"redstage_2014_e07.tif",360,464.368642190281,307.969861793747,402.057172425658
"redstage_2014_e07.tif",390,499.585148746663,341.845734852208,435.933045484119
"redstage_2014_e07.tif",420,529.671353094069,371.638297207388,465.725607839299
"redstage_2014_e07.tif",450,560.972775773804,403.279386543446,497.366697175357
"redstage_2014_e07.tif",480,587.252222402458,430.444575196866,524.531885828776
"redstage_2014_e07.tif",510,615.904178740645,460.672034977016,554.759345608926
"redstage_2014_e07.tif",540,643.883749884633,490.272426977926,584.359737609836
"redstage_2014_e07.tif",570,674.067620611855,521.35442919346,615.44173982537
"redstage_2014_e07.tif",600,704.825624831241,552.744584294962,646.831894926873
"redstage_2014_e07.tif",630,732.533016005395,579.839731415961,673.927042047871
"redstage_2014_e07.tif",660,766.488090531705,611.921668306487,706.008978938397
"redstage_2014_e07.tif",690,797.578855305399,640.850958626904,734.938269258814
"redstage_2014_e07.tif",720,828.570572025962,669.409782507097,763.497093139008
"redstage_2014_e07.tif",750,867.643000720449,702.241212481661,796.328523113572
"redstage_2014_e07.tif",780,902.340878488597,732.23640905063,826.32371968254
"redstage_2014_e07.tif",810,941.008682591235,762.530145685893,856.617456317804
"redstage_2014_e07.tif",840,978.218769499203,791.042105166805,885.129415798715
"redstage_2014_e07.tif",870,1017.54695572134,820.602564003425,914.689874635335
"redstage_2014_e07.tif",900,1059.41290632916,851.74097630285,945.828286934761
"redstage_2014_e07.tif",930,1099.60305354014,879.994438598048,974.081749229958
"redstage_2014_e07.tif",960,1146.89559404082,911.594592610629,1005.68190324254
"redstage_2014_e07.tif",990,1187.39399462308,941.016193113706,1035.10350374562
"redstage_2014_e07.tif",1020,1224.27176622653,971.830483779777,1065.91779441169
"redstage_2014_e07.tif",1050,1259.84487393039,1003.38069232879,1097.4680029607
"redstage_2014_e07.tif",1080,1286.49937930373,1030.30950918392,1124.39681981583
"redstage_2014_e07.tif",1110,1319.62765772884,1061.74036009905,1155.82767073096
"redstage_2014_e07.tif",1140,1346.18616905144,1089.80471066379,1183.8920212957
"redstage_2014_e07.tif",1170,1377.53698085146,1122.57952300289,1216.6668336348
"redstage_2014_e07.tif",1200,1404.33466236741,1152.54157384513,1246.62888447704
"redstage_2014_e07.tif",1230,1428.14104651642,1180.35862727947,1274.44593791138
"redstage_2014_e07.tif",1260,1452.60593080531,1210.71938901984,1304.80669965175
"redstage_2014_e07.tif",1290,1473.93564663041,1240.36722412087,1334.45453475278
"redstage_2014_e07.tif",1320,1495.11867544229,1271.97462676728,1366.06193739919
"redstage_2014_e07.tif",1350,1513.73984274933,1302.45322454051,1396.54053517242
"redstage_2014_e07.tif",1380,1527.96978344484,1330.22891743257,1424.31622806448
"redstage_2014_e07.tif",1410,1544.71914961677,1360.69315497272,1454.78046560463
"redstage_2014_e07.tif",1440,1560.60873052339,1390.07835867596,1484.16566930787
"redstage_2014_e07.tif",1470,1574.03865083977,1420.77853325616,1514.86584388807
"redstage_2014_e07.tif",1500,1599.69130408541,1450.27113254503,1544.35844317694
