"year","date","start_agl","hour_back","lat","lon","agl"
2005,"2005-07-01",100,0,49.168,-116.696,100
2005,"2005-07-01",500,0,49.168,-116.696,500
2005,"2005-07-01",100,1,49.159,-116.939,87.5
2005,"2005-07-01",500,1,49.156,-116.968,478.6
2005,"2005-07-01",100,2,49.15,-117.152,78.4
2005,"2005-07-01",500,2,49.142,-117.189,464.5
2005,"2005-07-01",100,3,49.15,-117.336,72.1
2005,"2005-07-01",500,3,49.131,-117.362,450.7
2005,"2005-07-01",100,4,49.174,-117.503,66
2005,"2005-07-01",500,4,49.147,-117.528,432.2
2005,"2005-07-01",100,5,49.221,-117.656,60.2
2005,"2005-07-01",500,5,49.212,-117.733,417.3
2005,"2005-07-01",100,6,49.281,-117.802,55.7
2005,"2005-07-01",500,6,49.33,-117.99,417.2
2005,"2005-07-01",100,7,49.346,-117.942,56
2005,"2005-07-01",500,7,49.475,-118.289,433.9
2005,"2005-07-01",100,8,49.415,-118.067,63.9
2005,"2005-07-01",500,8,49.607,-118.604,456.4
2005,"2005-07-01",100,9,49.493,-118.183,78
2005,"2005-07-01",500,9,49.728,-118.953,469
2005,"2005-07-01",100,10,49.591,-118.33,93.6
2005,"2005-07-01",500,10,49.821,-119.38,463.8
2005,"2005-07-01",100,11,49.711,-118.569,99.3
2005,"2005-07-01",500,11,49.867,-119.926,457.5
2005,"2005-07-01",100,12,49.822,-118.857,87
2005,"2005-07-01",500,12,49.843,-120.519,465
2005,"2005-07-02",100,0,49.168,-116.696,100
2005,"2005-07-02",500,0,49.168,-116.696,500
2005,"2005-07-02",100,1,49.191,-117.05,75.1
2005,"2005-07-02",500,1,49.193,-117.099,448.3
2005,"2005-07-02",100,2,49.222,-117.346,53.9
2005,"2005-07-02",500,2,49.223,-117.407,400.7
2005,"2005-07-02",100,3,49.273,-117.597,42.9
2005,"2005-07-02",500,3,49.264,-117.646,368.8
2005,"2005-07-02",100,4,49.337,-117.816,34.6
2005,"2005-07-02",500,4,49.334,-117.853,346.7
2005,"2005-07-02",100,5,49.407,-118.027,27.8
2005,"2005-07-02",500,5,49.447,-118.081,325.7
2005,"2005-07-02",100,6,49.486,-118.223,22.2
2005,"2005-07-02",500,6,49.581,-118.32,291.2
2005,"2005-07-02",100,7,49.572,-118.401,17
2005,"2005-07-02",500,7,49.69,-118.565,249.9
2005,"2005-07-02",100,8,49.648,-118.572,13.5
2005,"2005-07-02",500,8,49.757,-118.845,213.5
2005,"2005-07-02",100,9,49.706,-118.737,11.6
2005,"2005-07-02",500,9,49.782,-119.152,185.6
2005,"2005-07-02",100,10,49.749,-118.906,10.3
2005,"2005-07-02",500,10,49.777,-119.468,168
2005,"2005-07-02",100,11,49.784,-119.088,8.7
2005,"2005-07-02",500,11,49.766,-119.787,153.2
2005,"2005-07-02",100,12,49.81,-119.284,6.8
2005,"2005-07-02",500,12,49.747,-120.123,139
2005,"2005-07-03",100,0,49.168,-116.696,100
2005,"2005-07-03",500,0,49.168,-116.696,500
2005,"2005-07-03",100,1,49.14,-116.861,73.3
2005,"2005-07-03",500,1,49.155,-116.87,452.4
2005,"2005-07-03",100,2,49.114,-116.997,55.3
2005,"2005-07-03",500,2,49.143,-117.011,417.2
2005,"2005-07-03",100,3,49.09,-117.102,45.3
2005,"2005-07-03",500,3,49.135,-117.121,398
2005,"2005-07-03",100,4,49.079,-117.182,38.3
2005,"2005-07-03",500,4,49.136,-117.218,384.9
2005,"2005-07-03",100,5,49.088,-117.241,31
2005,"2005-07-03",500,5,49.154,-117.317,365.5
2005,"2005-07-03",100,6,49.12,-117.281,24.1
2005,"2005-07-03",500,6,49.188,-117.423,340.1
2005,"2005-07-03",100,7,49.158,-117.323,19
2005,"2005-07-03",500,7,49.211,-117.516,316.3
2005,"2005-07-03",100,8,49.191,-117.386,15.6
2005,"2005-07-03",500,8,49.208,-117.578,300.8
2005,"2005-07-03",100,9,49.215,-117.474,13.5
2005,"2005-07-03",500,9,49.179,-117.613,294.3
2005,"2005-07-03",100,10,49.245,-117.574,12.8
2005,"2005-07-03",500,10,49.17,-117.658,297.8
2005,"2005-07-03",100,11,49.293,-117.673,13.2
2005,"2005-07-03",500,11,49.238,-117.755,311.3
2005,"2005-07-03",100,12,49.358,-117.777,15.2
2005,"2005-07-03",500,12,49.39,-117.915,345.6
2005,"2005-07-04",100,0,49.168,-116.696,100
2005,"2005-07-04",500,0,49.168,-116.696,500
2005,"2005-07-04",100,1,49.111,-116.887,71.7
2005,"2005-07-04",500,1,49.101,-116.907,456.9
2005,"2005-07-04",100,2,49.051,-117.058,60.7
2005,"2005-07-04",500,2,49.036,-117.076,434.5
2005,"2005-07-04",100,3,48.992,-117.19,60.7
2005,"2005-07-04",500,3,48.974,-117.201,431.5
2005,"2005-07-04",100,4,48.942,-117.271,66.8
2005,"2005-07-04",500,4,48.921,-117.288,437.3
2005,"2005-07-04",100,5,48.912,-117.31,75.3
2005,"2005-07-04",500,5,48.884,-117.345,444.2
2005,"2005-07-04",100,6,48.901,-117.319,86.4
2005,"2005-07-04",500,6,48.862,-117.378,453.5
2005,"2005-07-04",100,7,48.905,-117.32,101.3
2005,"2005-07-04",500,7,48.855,-117.403,467.8
2005,"2005-07-04",100,8,48.918,-117.327,121.4
2005,"2005-07-04",500,8,48.866,-117.435,489.1
2005,"2005-07-04",100,9,48.94,-117.342,146
2005,"2005-07-04",500,9,48.894,-117.479,518.8
2005,"2005-07-04",100,10,48.972,-117.368,168.7
2005,"2005-07-04",500,10,48.94,-117.547,546.7
2005,"2005-07-04",100,11,49.016,-117.408,183.5
2005,"2005-07-04",500,11,49.004,-117.647,561.2
2005,"2005-07-04",100,12,49.073,-117.461,189.8
2005,"2005-07-04",500,12,49.094,-117.773,562.1
2005,"2005-07-05",100,0,49.168,-116.696,100
2005,"2005-07-05",500,0,49.168,-116.696,500
2005,"2005-07-05",100,1,49.004,-116.776,70.4
2005,"2005-07-05",500,1,48.985,-116.783,439.6
2005,"2005-07-05",100,2,48.854,-116.834,61.6
2005,"2005-07-05",500,2,48.819,-116.84,412.5
2005,"2005-07-05",100,3,48.728,-116.854,75.6
2005,"2005-07-05",500,3,48.671,-116.867,401.5
2005,"2005-07-05",100,4,48.625,-116.838,94.3
2005,"2005-07-05",500,4,48.536,-116.868,388.1
2005,"2005-07-05",100,5,48.546,-116.803,96
2005,"2005-07-05",500,5,48.424,-116.844,362.5
2005,"2005-07-05",100,6,48.494,-116.75,85
2005,"2005-07-05",500,6,48.337,-116.798,331.7
2005,"2005-07-05",100,7,48.465,-116.652,75.1
2005,"2005-07-05",500,7,48.268,-116.712,308.3
2005,"2005-07-05",100,8,48.452,-116.49,71.9
2005,"2005-07-05",500,8,48.211,-116.581,303.8
2005,"2005-07-05",100,9,48.463,-116.291,77.3
2005,"2005-07-05",500,9,48.18,-116.425,324.1
2005,"2005-07-05",100,10,48.495,-116.136,100.7
2005,"2005-07-05",500,10,48.151,-116.315,356.9
2005,"2005-07-05",100,11,48.516,-116.065,130.4
2005,"2005-07-05",500,11,48.105,-116.29,379
2005,"2005-07-05",100,12,48.52,-116.07,160
2005,"2005-07-05",500,12,48.043,-116.323,385.2
2005,"2005-07-06",100,0,49.168,-116.696,100
2005,"2005-07-06",500,0,49.168,-116.696,500
2005,"2005-07-06",100,1,49.038,-116.911,66.4
2005,"2005-07-06",500,1,49.018,-116.93,430.2
2005,"2005-07-06",100,2,48.887,-117.103,37
2005,"2005-07-06",500,2,48.859,-117.117,356.6
2005,"2005-07-06",100,3,48.718,-117.305,19.7
2005,"2005-07-06",500,3,48.696,-117.251,257.1
2005,"2005-07-06",100,4,48.558,-117.465,10.7
2005,"2005-07-06",500,4,48.541,-117.355,163.6
2005,"2005-07-06",100,5,48.414,-117.573,6.6
2005,"2005-07-06",500,5,48.406,-117.443,108.9
2005,"2005-07-06",100,6,48.276,-117.652,4.3
2005,"2005-07-06",500,6,48.291,-117.519,84
2005,"2005-07-06",100,7,48.143,-117.744,3.3
2005,"2005-07-06",500,7,48.171,-117.633,72.3
2005,"2005-07-06",100,8,48.021,-117.889,3.1
2005,"2005-07-06",500,8,48.037,-117.797,69
2005,"2005-07-06",100,9,47.922,-118.087,2.6
2005,"2005-07-06",500,9,47.904,-118.005,66.9
2005,"2005-07-06",100,10,47.841,-118.296,1
2005,"2005-07-06",500,10,47.79,-118.24,60.8
2005,"2005-07-06",100,11,47.764,-118.488,0
2005,"2005-07-06",500,11,47.698,-118.481,51.5
2005,"2005-07-06",100,12,47.696,-118.672,0
2005,"2005-07-06",500,12,47.625,-118.716,38.8
2005,"2005-07-07",100,0,49.168,-116.696,100
2005,"2005-07-07",500,0,49.168,-116.696,500
2005,"2005-07-07",100,1,49.107,-116.821,87.6
2005,"2005-07-07",500,1,49.097,-116.838,483.5
2005,"2005-07-07",100,2,49.049,-116.961,80.5
2005,"2005-07-07",500,2,49.036,-116.984,478.2
2005,"2005-07-07",100,3,49,-117.111,76.7
2005,"2005-07-07",500,3,48.987,-117.136,480.3
2005,"2005-07-07",100,4,48.969,-117.235,79.4
2005,"2005-07-07",500,4,48.956,-117.266,487.9
2005,"2005-07-07",100,5,48.955,-117.312,94.7
2005,"2005-07-07",500,5,48.945,-117.355,506.2
2005,"2005-07-07",100,6,48.955,-117.344,126.9
2005,"2005-07-07",500,6,48.951,-117.414,539.8
2005,"2005-07-07",100,7,48.973,-117.366,171.7
2005,"2005-07-07",500,7,48.983,-117.476,591
2005,"2005-07-07",100,8,49.013,-117.406,223.8
2005,"2005-07-07",500,8,49.053,-117.573,665.7
2005,"2005-07-07",100,9,49.075,-117.471,287.5
2005,"2005-07-07",500,9,49.159,-117.713,767.6
2005,"2005-07-07",100,10,49.171,-117.604,352.7
2005,"2005-07-07",500,10,49.289,-117.905,875.4
2005,"2005-07-07",100,11,49.323,-117.83,422.9
2005,"2005-07-07",500,11,49.431,-118.169,966.2
2005,"2005-07-07",100,12,49.53,-118.164,495.4
2005,"2005-07-07",500,12,49.564,-118.538,1002.8
2005,"2005-07-08",100,0,49.168,-116.696,100
2005,"2005-07-08",500,0,49.168,-116.696,500
2005,"2005-07-08",100,1,48.965,-116.851,93.6
2005,"2005-07-08",500,1,48.933,-116.887,474.9
2005,"2005-07-08",100,2,48.776,-117.009,70
2005,"2005-07-08",500,2,48.72,-117.057,417.3
2005,"2005-07-08",100,3,48.591,-117.141,30.9
2005,"2005-07-08",500,3,48.542,-117.2,299.3
2005,"2005-07-08",100,4,48.406,-117.223,8.3
2005,"2005-07-08",500,4,48.383,-117.29,202.6
2005,"2005-07-08",100,5,48.241,-117.27,5.1
2005,"2005-07-08",500,5,48.22,-117.331,159.9
2005,"2005-07-08",100,6,48.113,-117.308,5
2005,"2005-07-08",500,6,48.056,-117.343,148.9
2005,"2005-07-08",100,7,48.007,-117.353,5
2005,"2005-07-08",500,7,47.903,-117.348,139.6
2005,"2005-07-08",100,8,47.903,-117.398,3.5
2005,"2005-07-08",500,8,47.769,-117.354,117.8
2005,"2005-07-08",100,9,47.801,-117.426,0.8
2005,"2005-07-08",500,9,47.644,-117.376,92
2005,"2005-07-08",100,10,47.704,-117.439,0
2005,"2005-07-08",500,10,47.506,-117.435,78.2
2005,"2005-07-08",100,11,47.605,-117.445,2.8
2005,"2005-07-08",500,11,47.337,-117.525,84.2
2005,"2005-07-08",100,12,47.49,-117.458,15.4
2005,"2005-07-08",500,12,47.161,-117.608,95.2
2005,"2005-07-09",100,0,49.168,-116.696,100
2005,"2005-07-09",500,0,49.168,-116.696,500
2005,"2005-07-09",100,1,49.061,-116.823,57.3
2005,"2005-07-09",500,1,49.065,-116.835,419.5
2005,"2005-07-09",100,2,48.95,-116.981,34.3
2005,"2005-07-09",500,2,48.963,-116.984,371.3
2005,"2005-07-09",100,3,48.85,-117.126,21.4
2005,"2005-07-09",500,3,48.863,-117.14,346.1
2005,"2005-07-09",100,4,48.761,-117.225,14.3
2005,"2005-07-09",500,4,48.773,-117.272,320
2005,"2005-07-09",100,5,48.67,-117.279,9.3
2005,"2005-07-09",500,5,48.69,-117.358,278
2005,"2005-07-09",100,6,48.574,-117.312,6.4
2005,"2005-07-09",500,6,48.612,-117.405,223.9
2005,"2005-07-09",100,7,48.478,-117.356,3.5
2005,"2005-07-09",500,7,48.53,-117.43,164.3
2005,"2005-07-09",100,8,48.386,-117.427,0
2005,"2005-07-09",500,8,48.434,-117.437,109.6
2005,"2005-07-09",100,9,48.27,-117.522,0
2005,"2005-07-09",500,9,48.31,-117.421,64.3
2005,"2005-07-09",100,10,48.108,-117.65,0
2005,"2005-07-09",500,10,48.165,-117.471,38.2
2005,"2005-07-09",100,11,47.928,-117.802,0
2005,"2005-07-09",500,11,47.994,-117.601,27.7
2005,"2005-07-09",100,12,47.771,-117.975,0
2005,"2005-07-09",500,12,47.821,-117.772,22
2005,"2005-07-10",100,0,49.168,-116.696,100
2005,"2005-07-10",500,0,49.168,-116.696,500
2005,"2005-07-10",100,1,49.083,-116.752,101.4
2005,"2005-07-10",500,1,49.072,-116.779,486.9
2005,"2005-07-10",100,2,49.014,-116.817,120.2
2005,"2005-07-10",500,2,48.984,-116.869,498.7
2005,"2005-07-10",100,3,48.96,-116.9,159.6
2005,"2005-07-10",500,3,48.897,-116.974,528.5
2005,"2005-07-10",100,4,48.916,-116.966,191.1
2005,"2005-07-10",500,4,48.807,-117.067,539.5
2005,"2005-07-10",100,5,48.877,-116.981,181.5
2005,"2005-07-10",500,5,48.721,-117.105,497.4
2005,"2005-07-10",100,6,48.842,-116.946,132.2
2005,"2005-07-10",500,6,48.643,-117.086,403.7
2005,"2005-07-10",100,7,48.797,-116.897,86.4
2005,"2005-07-10",500,7,48.564,-117.036,309.8
2005,"2005-07-10",100,8,48.73,-116.859,68.7
2005,"2005-07-10",500,8,48.464,-116.984,249.5
2005,"2005-07-10",100,9,48.641,-116.827,70.2
2005,"2005-07-10",500,9,48.339,-116.937,213.6
2005,"2005-07-10",100,10,48.543,-116.802,72.8
2005,"2005-07-10",500,10,48.196,-116.924,190
2005,"2005-07-10",100,11,48.458,-116.782,65
2005,"2005-07-10",500,11,48.057,-116.951,166.1
2005,"2005-07-10",100,12,48.388,-116.759,50.6
2005,"2005-07-10",500,12,47.947,-116.986,137
2005,"2005-07-11",100,0,49.168,-116.696,100
2005,"2005-07-11",500,0,49.168,-116.696,500
2005,"2005-07-11",100,1,49.059,-116.824,112.6
2005,"2005-07-11",500,1,49.034,-116.851,515.7
2005,"2005-07-11",100,2,48.94,-116.911,118.9
2005,"2005-07-11",500,2,48.879,-116.971,528.1
2005,"2005-07-11",100,3,48.82,-116.951,110.8
2005,"2005-07-11",500,3,48.722,-117.037,518.1
2005,"2005-07-11",100,4,48.711,-116.958,96.5
2005,"2005-07-11",500,4,48.582,-117.06,485.7
2005,"2005-07-11",100,5,48.617,-116.945,90.3
2005,"2005-07-11",500,5,48.453,-117.065,452.6
2005,"2005-07-11",100,6,48.539,-116.915,94.6
2005,"2005-07-11",500,6,48.323,-117.052,435.3
2005,"2005-07-11",100,7,48.462,-116.876,110.7
2005,"2005-07-11",500,7,48.183,-117.037,432.1
2005,"2005-07-11",100,8,48.37,-116.831,141.2
2005,"2005-07-11",500,8,48.03,-117.031,428.5
2005,"2005-07-11",100,9,48.253,-116.785,180.6
2005,"2005-07-11",500,9,47.867,-117.036,425.7
2005,"2005-07-11",100,10,48.119,-116.76,208.7
2005,"2005-07-11",500,10,47.713,-117.059,428.2
2005,"2005-07-11",100,11,47.994,-116.757,216.7
2005,"2005-07-11",500,11,47.581,-117.113,422.6
2005,"2005-07-11",100,12,47.885,-116.762,213.9
2005,"2005-07-11",500,12,47.463,-117.213,399.8
2005,"2005-07-12",100,0,49.168,-116.696,100
2005,"2005-07-12",500,0,49.168,-116.696,500
2005,"2005-07-12",100,1,49.011,-116.863,60.7
2005,"2005-07-12",500,1,48.996,-116.876,431.5
2005,"2005-07-12",100,2,48.853,-117.015,49.6
2005,"2005-07-12",500,2,48.84,-117.025,398.1
2005,"2005-07-12",100,3,48.706,-117.137,52.2
2005,"2005-07-12",500,3,48.699,-117.137,377.9
2005,"2005-07-12",100,4,48.584,-117.213,47
2005,"2005-07-12",500,4,48.578,-117.21,332.3
2005,"2005-07-12",100,5,48.487,-117.246,25.5
2005,"2005-07-12",500,5,48.483,-117.243,252
2005,"2005-07-12",100,6,48.414,-117.234,7
2005,"2005-07-12",500,6,48.42,-117.238,155.9
2005,"2005-07-12",100,7,48.361,-117.202,0
2005,"2005-07-12",500,7,48.376,-117.209,96.3
2005,"2005-07-12",100,8,48.324,-117.175,0.4
2005,"2005-07-12",500,8,48.336,-117.173,94.8
2005,"2005-07-12",100,9,48.305,-117.15,7.8
2005,"2005-07-12",500,9,48.286,-117.129,150.8
2005,"2005-07-12",100,10,48.288,-117.119,23.5
2005,"2005-07-12",500,10,48.222,-117.079,234.5
2005,"2005-07-12",100,11,48.255,-117.065,57.7
2005,"2005-07-12",500,11,48.154,-117.022,306
2005,"2005-07-12",100,12,48.21,-116.986,104.5
2005,"2005-07-12",500,12,48.087,-116.957,363
2005,"2005-07-13",100,0,49.168,-116.696,100
2005,"2005-07-13",500,0,49.168,-116.696,500
2005,"2005-07-13",100,1,49.193,-116.967,74.6
2005,"2005-07-13",500,1,49.195,-116.997,450.5
2005,"2005-07-13",100,2,49.235,-117.202,60.9
2005,"2005-07-13",500,2,49.225,-117.232,414.3
2005,"2005-07-13",100,3,49.284,-117.393,58.7
2005,"2005-07-13",500,3,49.263,-117.404,399.4
2005,"2005-07-13",100,4,49.339,-117.542,58.9
2005,"2005-07-13",500,4,49.309,-117.538,396.6
2005,"2005-07-13",100,5,49.406,-117.675,54.4
2005,"2005-07-13",500,5,49.366,-117.66,394.6
2005,"2005-07-13",100,6,49.481,-117.797,45.9
2005,"2005-07-13",500,6,49.432,-117.78,391
2005,"2005-07-13",100,7,49.551,-117.908,45.8
2005,"2005-07-13",500,7,49.5,-117.901,404.2
2005,"2005-07-13",100,8,49.613,-118.008,67.9
2005,"2005-07-13",500,8,49.566,-118.023,452.5
2005,"2005-07-13",100,9,49.675,-118.101,115.9
2005,"2005-07-13",500,9,49.633,-118.141,528.4
2005,"2005-07-13",100,10,49.756,-118.206,176.8
2005,"2005-07-13",500,10,49.717,-118.263,593.8
2005,"2005-07-13",100,11,49.871,-118.356,215.2
2005,"2005-07-13",500,11,49.823,-118.412,615.4
2005,"2005-07-13",100,12,50.019,-118.549,220.3
2005,"2005-07-13",500,12,49.944,-118.587,599.2
2005,"2005-07-14",100,0,49.168,-116.696,100
2005,"2005-07-14",500,0,49.168,-116.696,500
2005,"2005-07-14",100,1,49.137,-116.797,78.4
2005,"2005-07-14",500,1,49.139,-116.804,469.7
2005,"2005-07-14",100,2,49.1,-116.866,70.4
2005,"2005-07-14",500,2,49.1,-116.878,451.8
2005,"2005-07-14",100,3,49.055,-116.911,71.3
2005,"2005-07-14",500,3,49.051,-116.922,445.1
2005,"2005-07-14",100,4,49.018,-116.933,72.7
2005,"2005-07-14",500,4,48.998,-116.943,437.2
2005,"2005-07-14",100,5,49.005,-116.935,67.9
2005,"2005-07-14",500,5,48.946,-116.946,417.4
2005,"2005-07-14",100,6,49.016,-116.915,58
2005,"2005-07-14",500,6,48.903,-116.933,387.7
2005,"2005-07-14",100,7,49.043,-116.879,51.7
2005,"2005-07-14",500,7,48.878,-116.899,372.5
2005,"2005-07-14",100,8,49.074,-116.837,57.2
2005,"2005-07-14",500,8,48.862,-116.837,393.8
2005,"2005-07-14",100,9,49.094,-116.783,79.7
2005,"2005-07-14",500,9,48.853,-116.739,450.2
2005,"2005-07-14",100,10,49.106,-116.736,118.1
2005,"2005-07-14",500,10,48.878,-116.651,522.4
2005,"2005-07-14",100,11,49.147,-116.724,161.4
2005,"2005-07-14",500,11,48.966,-116.639,594.8
2005,"2005-07-14",100,12,49.238,-116.752,205.8
2005,"2005-07-14",500,12,49.112,-116.718,672.9
2005,"2005-07-15",100,0,49.168,-116.696,100
2005,"2005-07-15",500,0,49.168,-116.696,500
2005,"2005-07-15",100,1,49.046,-116.81,59.5
2005,"2005-07-15",500,1,49.037,-116.82,408.6
2005,"2005-07-15",100,2,48.927,-116.877,40.4
2005,"2005-07-15",500,2,48.93,-116.876,352.7
2005,"2005-07-15",100,3,48.823,-116.876,34.1
2005,"2005-07-15",500,3,48.838,-116.86,315.9
2005,"2005-07-15",100,4,48.746,-116.829,33.8
2005,"2005-07-15",500,4,48.762,-116.809,287.7
2005,"2005-07-15",100,5,48.707,-116.779,31.7
2005,"2005-07-15",500,5,48.708,-116.772,261.8
2005,"2005-07-15",100,6,48.708,-116.735,27.6
2005,"2005-07-15",500,6,48.684,-116.755,238.2
2005,"2005-07-15",100,7,48.722,-116.682,26.9
2005,"2005-07-15",500,7,48.672,-116.734,226.2
2005,"2005-07-15",100,8,48.728,-116.607,35.6
2005,"2005-07-15",500,8,48.654,-116.688,235.4
2005,"2005-07-15",100,9,48.733,-116.51,60.6
2005,"2005-07-15",500,9,48.627,-116.623,264.3
2005,"2005-07-15",100,10,48.735,-116.427,93.7
2005,"2005-07-15",500,10,48.59,-116.573,291.8
2005,"2005-07-15",100,11,48.733,-116.386,114
2005,"2005-07-15",500,11,48.547,-116.554,301.3
2005,"2005-07-15",100,12,48.727,-116.382,116.7
2005,"2005-07-15",500,12,48.5,-116.555,294.2
2005,"2005-07-16",100,0,49.168,-116.696,100
2005,"2005-07-16",500,0,49.168,-116.696,500
2005,"2005-07-16",100,1,49.234,-116.944,70
2005,"2005-07-16",500,1,49.228,-116.948,454.5
2005,"2005-07-16",100,2,49.289,-117.172,49
2005,"2005-07-16",500,2,49.275,-117.146,408.7
2005,"2005-07-16",100,3,49.337,-117.381,39.1
2005,"2005-07-16",500,3,49.313,-117.301,378.7
2005,"2005-07-16",100,4,49.394,-117.578,31.5
2005,"2005-07-16",500,4,49.344,-117.438,349.3
2005,"2005-07-16",100,5,49.451,-117.77,23.1
2005,"2005-07-16",500,5,49.365,-117.573,305.4
2005,"2005-07-16",100,6,49.496,-117.958,16.4
2005,"2005-07-16",500,6,49.373,-117.712,251
2005,"2005-07-16",100,7,49.543,-118.131,13.7
2005,"2005-07-16",500,7,49.38,-117.858,216.6
2005,"2005-07-16",100,8,49.599,-118.285,16.8
2005,"2005-07-16",500,8,49.407,-118.006,227
2005,"2005-07-16",100,9,49.658,-118.421,30.6
2005,"2005-07-16",500,9,49.466,-118.171,283.9
2005,"2005-07-16",100,10,49.71,-118.546,58
2005,"2005-07-16",500,10,49.555,-118.35,358.1
2005,"2005-07-16",100,11,49.76,-118.666,78.2
2005,"2005-07-16",500,11,49.646,-118.515,409.6
2005,"2005-07-16",100,12,49.808,-118.773,81.3
2005,"2005-07-16",500,12,49.737,-118.672,430.5
2005,"2005-07-17",100,0,49.168,-116.696,100
2005,"2005-07-17",500,0,49.168,-116.696,500
2005,"2005-07-17",100,1,49.178,-116.809,98.6
2005,"2005-07-17",500,1,49.185,-116.82,504.6
2005,"2005-07-17",100,2,49.192,-116.893,105.2
2005,"2005-07-17",500,2,49.202,-116.9,514.2
2005,"2005-07-17",100,3,49.21,-116.95,121.3
2005,"2005-07-17",500,3,49.218,-116.937,529.9
2005,"2005-07-17",100,4,49.235,-116.989,138.6
2005,"2005-07-17",500,4,49.256,-116.929,548.6
2005,"2005-07-17",100,5,49.271,-117.012,148.7
2005,"2005-07-17",500,5,49.338,-116.873,569.4
2005,"2005-07-17",100,6,49.318,-117.016,152.8
2005,"2005-07-17",500,6,49.466,-116.77,598.9
2005,"2005-07-17",100,7,49.388,-117.01,162
2005,"2005-07-17",500,7,49.633,-116.65,650.5
2005,"2005-07-17",100,8,49.494,-116.996,191.6
2005,"2005-07-17",500,8,49.831,-116.537,721.2
2005,"2005-07-17",100,9,49.65,-116.986,246
2005,"2005-07-17",500,9,50.053,-116.441,806.9
2005,"2005-07-17",100,10,49.843,-117.052,299.5
2005,"2005-07-17",500,10,50.29,-116.381,899.4
2005,"2005-07-17",100,11,50,-117.207,301.5
2005,"2005-07-17",500,11,50.534,-116.373,997.6
2005,"2005-07-17",100,12,50.076,-117.406,246.8
2005,"2005-07-17",500,12,50.778,-116.406,1067.2
2005,"2005-07-18",100,0,49.168,-116.696,100
2005,"2005-07-18",500,0,49.168,-116.696,500
2005,"2005-07-18",100,1,49.014,-116.909,54.4
2005,"2005-07-18",500,1,49.015,-116.895,396.7
2005,"2005-07-18",100,2,48.878,-117.103,30.9
2005,"2005-07-18",500,2,48.901,-117.074,325.4
2005,"2005-07-18",100,3,48.761,-117.229,19.4
2005,"2005-07-18",500,3,48.823,-117.222,276
2005,"2005-07-18",100,4,48.664,-117.29,7.2
2005,"2005-07-18",500,4,48.764,-117.329,223.2
2005,"2005-07-18",100,5,48.586,-117.31,0
2005,"2005-07-18",500,5,48.705,-117.395,148.9
2005,"2005-07-18",100,6,48.535,-117.304,0
2005,"2005-07-18",500,6,48.649,-117.429,61.2
2005,"2005-07-18",100,7,48.497,-117.28,0
2005,"2005-07-18",500,7,48.604,-117.425,0.7
2005,"2005-07-18",100,8,48.453,-117.247,0
2005,"2005-07-18",500,8,48.564,-117.387,0
2005,"2005-07-18",100,9,48.403,-117.207,0.6
2005,"2005-07-18",500,9,48.52,-117.34,0
2005,"2005-07-18",100,10,48.349,-117.166,4.8
2005,"2005-07-18",500,10,48.471,-117.299,4.7
2005,"2005-07-18",100,11,48.296,-117.125,6.2
2005,"2005-07-18",500,11,48.42,-117.273,5.5
2005,"2005-07-18",100,12,48.244,-117.079,5
2005,"2005-07-18",500,12,48.369,-117.254,3.8
2005,"2005-07-19",100,0,49.168,-116.696,100
2005,"2005-07-19",500,0,49.168,-116.696,500
2005,"2005-07-19",100,1,49.155,-116.861,126.7
2005,"2005-07-19",500,1,49.148,-116.882,532.7
2005,"2005-07-19",100,2,49.139,-116.993,141.3
2005,"2005-07-19",500,2,49.128,-117.039,554.7
2005,"2005-07-19",100,3,49.12,-117.093,140
2005,"2005-07-19",500,3,49.112,-117.165,564.4
2005,"2005-07-19",100,4,49.109,-117.173,128.8
2005,"2005-07-19",500,4,49.116,-117.282,566.6
2005,"2005-07-19",100,5,49.113,-117.247,114.1
2005,"2005-07-19",500,5,49.153,-117.412,568.2
2005,"2005-07-19",100,6,49.131,-117.314,96.5
2005,"2005-07-19",500,6,49.224,-117.561,572
2005,"2005-07-19",100,7,49.166,-117.386,86
2005,"2005-07-19",500,7,49.333,-117.728,597.3
2005,"2005-07-19",100,8,49.217,-117.466,88
2005,"2005-07-19",500,8,49.481,-117.935,656.8
2005,"2005-07-19",100,9,49.291,-117.561,101.8
2005,"2005-07-19",500,9,49.658,-118.167,713.1
2005,"2005-07-19",100,10,49.388,-117.71,130.8
2005,"2005-07-19",500,10,49.82,-118.431,737.8
2005,"2005-07-19",100,11,49.485,-117.913,172.1
2005,"2005-07-19",500,11,49.944,-118.788,756.8
2005,"2005-07-19",100,12,49.573,-118.17,222
2005,"2005-07-19",500,12,50.046,-119.271,753.7
2005,"2005-07-20",100,0,49.168,-116.696,100
2005,"2005-07-20",500,0,49.168,-116.696,500
2005,"2005-07-20",100,1,49.107,-116.883,57.1
2005,"2005-07-20",500,1,49.106,-116.877,406
2005,"2005-07-20",100,2,49.034,-117.022,44.1
2005,"2005-07-20",500,2,49.042,-116.992,363.8
2005,"2005-07-20",100,3,48.955,-117.099,55.3
2005,"2005-07-20",500,3,48.975,-117.055,369.9
2005,"2005-07-20",100,4,48.884,-117.128,87.1
2005,"2005-07-20",500,4,48.903,-117.101,397.3
2005,"2005-07-20",100,5,48.833,-117.132,129.2
2005,"2005-07-20",500,5,48.834,-117.145,423.3
2005,"2005-07-20",100,6,48.795,-117.12,177
2005,"2005-07-20",500,6,48.766,-117.192,452.1
2005,"2005-07-20",100,7,48.75,-117.102,220.4
2005,"2005-07-20",500,7,48.695,-117.235,482.9
2005,"2005-07-20",100,8,48.681,-117.087,251.6
2005,"2005-07-20",500,8,48.614,-117.26,510.7
2005,"2005-07-20",100,9,48.592,-117.078,269.2
2005,"2005-07-20",500,9,48.519,-117.278,530.4
2005,"2005-07-20",100,10,48.508,-117.07,275
2005,"2005-07-20",500,10,48.43,-117.291,535.3
2005,"2005-07-20",100,11,48.451,-117.06,272.6
2005,"2005-07-20",500,11,48.374,-117.298,528.4
2005,"2005-07-20",100,12,48.417,-117.049,263.7
2005,"2005-07-20",500,12,48.354,-117.296,514.1
2005,"2005-07-21",100,0,49.168,-116.696,100
2005,"2005-07-21",500,0,49.168,-116.696,500
2005,"2005-07-21",100,1,49.09,-116.63,94.7
2005,"2005-07-21",500,1,49.059,-116.629,490.4
2005,"2005-07-21",100,2,49.03,-116.547,90
2005,"2005-07-21",500,2,48.952,-116.546,474.4
2005,"2005-07-21",100,3,48.995,-116.444,85
2005,"2005-07-21",500,3,48.858,-116.449,452.7
2005,"2005-07-21",100,4,48.99,-116.326,76.8
2005,"2005-07-21",500,4,48.791,-116.333,426.2
2005,"2005-07-21",100,5,49.02,-116.208,66.2
2005,"2005-07-21",500,5,48.759,-116.192,397.9
2005,"2005-07-21",100,6,49.076,-116.091,55.4
2005,"2005-07-21",500,6,48.761,-116.037,370.4
2005,"2005-07-21",100,7,49.132,-115.975,46.7
2005,"2005-07-21",500,7,48.765,-115.888,345.6
2005,"2005-07-21",100,8,49.18,-115.863,41.5
2005,"2005-07-21",500,8,48.748,-115.756,327.3
2005,"2005-07-21",100,9,49.227,-115.762,38.8
2005,"2005-07-21",500,9,48.707,-115.639,316.1
2005,"2005-07-21",100,10,49.269,-115.682,37.2
2005,"2005-07-21",500,10,48.655,-115.541,307.2
2005,"2005-07-21",100,11,49.299,-115.631,35.8
2005,"2005-07-21",500,11,48.615,-115.458,293
2005,"2005-07-21",100,12,49.32,-115.608,34.1
2005,"2005-07-21",500,12,48.594,-115.381,272.1
2005,"2005-07-22",100,0,49.168,-116.696,100
2005,"2005-07-22",500,0,49.168,-116.696,500
2005,"2005-07-22",100,1,49.063,-116.567,94.9
2005,"2005-07-22",500,1,48.99,-116.512,423.4
2005,"2005-07-22",100,2,48.977,-116.371,79.9
2005,"2005-07-22",500,2,48.844,-116.291,351.1
2005,"2005-07-22",100,3,48.946,-116.149,64.5
2005,"2005-07-22",500,3,48.74,-116.045,314.4
2005,"2005-07-22",100,4,48.942,-115.942,52.7
2005,"2005-07-22",500,4,48.635,-115.824,307.3
2005,"2005-07-22",100,5,48.927,-115.773,46.4
2005,"2005-07-22",500,5,48.517,-115.667,324.3
2005,"2005-07-22",100,6,48.899,-115.635,43.6
2005,"2005-07-22",500,6,48.389,-115.609,358.1
2005,"2005-07-22",100,7,48.845,-115.496,42.5
2005,"2005-07-22",500,7,48.236,-115.599,389.4
2005,"2005-07-22",100,8,48.762,-115.322,41.5
2005,"2005-07-22",500,8,48.054,-115.572,385.1
2005,"2005-07-22",100,9,48.67,-115.115,36.9
2005,"2005-07-22",500,9,47.85,-115.506,330.1
2005,"2005-07-22",100,10,48.589,-114.908,28.2
2005,"2005-07-22",500,10,47.659,-115.4,266.4
2005,"2005-07-22",100,11,48.517,-114.713,21.3
2005,"2005-07-22",500,11,47.512,-115.286,224.1
2005,"2005-07-22",100,12,48.474,-114.517,19
2005,"2005-07-22",500,12,47.379,-115.179,187.1
2005,"2005-07-23",100,0,49.168,-116.696,100
2005,"2005-07-23",500,0,49.168,-116.696,500
2005,"2005-07-23",100,1,49.101,-116.932,83.4
2005,"2005-07-23",500,1,49.096,-116.949,472.5
2005,"2005-07-23",100,2,49.034,-117.15,79.8
2005,"2005-07-23",500,2,49.023,-117.171,456.9
2005,"2005-07-23",100,3,48.965,-117.328,85.6
2005,"2005-07-23",500,3,48.951,-117.356,445.4
2005,"2005-07-23",100,4,48.912,-117.456,91.6
2005,"2005-07-23",500,4,48.901,-117.505,428.8
2005,"2005-07-23",100,5,48.889,-117.543,87.2
2005,"2005-07-23",500,5,48.89,-117.628,407.8
2005,"2005-07-23",100,6,48.894,-117.595,75.2
2005,"2005-07-23",500,6,48.919,-117.736,388
2005,"2005-07-23",100,7,48.909,-117.641,65.8
2005,"2005-07-23",500,7,48.961,-117.859,379.3
2005,"2005-07-23",100,8,48.922,-117.715,66
2005,"2005-07-23",500,8,48.993,-118.022,393.5
2005,"2005-07-23",100,9,48.93,-117.814,75.7
2005,"2005-07-23",500,9,49.014,-118.234,434
2005,"2005-07-23",100,10,48.926,-117.919,87.8
2005,"2005-07-23",500,10,49.044,-118.477,483.1
2005,"2005-07-23",100,11,48.909,-118.023,91
2005,"2005-07-23",500,11,49.09,-118.707,513.2
2005,"2005-07-23",100,12,48.882,-118.133,84.6
2005,"2005-07-23",500,12,49.147,-118.945,520.7
2005,"2005-07-24",100,0,49.168,-116.696,100
2005,"2005-07-24",500,0,49.168,-116.696,500
2005,"2005-07-24",100,1,49.244,-116.821,89.9
2005,"2005-07-24",500,1,49.252,-116.825,500.5
2005,"2005-07-24",100,2,49.323,-116.924,73.4
2005,"2005-07-24",500,2,49.335,-116.932,491.7
2005,"2005-07-24",100,3,49.403,-117.008,57.8
2005,"2005-07-24",500,3,49.416,-117.015,486.5
2005,"2005-07-24",100,4,49.479,-117.07,48.8
2005,"2005-07-24",500,4,49.509,-117.074,502
2005,"2005-07-24",100,5,49.552,-117.106,49.3
2005,"2005-07-24",500,5,49.626,-117.114,543.8
2005,"2005-07-24",100,6,49.627,-117.12,57.2
2005,"2005-07-24",500,6,49.758,-117.153,593.7
2005,"2005-07-24",100,7,49.707,-117.134,66
2005,"2005-07-24",500,7,49.894,-117.215,624.1
2005,"2005-07-24",100,8,49.797,-117.166,68.8
2005,"2005-07-24",500,8,50.018,-117.322,590.7
2005,"2005-07-24",100,9,49.893,-117.227,63.8
2005,"2005-07-24",500,9,50.128,-117.473,493.5
2005,"2005-07-24",100,10,49.972,-117.321,52.8
2005,"2005-07-24",500,10,50.229,-117.638,383.3
2005,"2005-07-24",100,11,50.025,-117.436,39.3
2005,"2005-07-24",500,11,50.311,-117.797,296.6
2005,"2005-07-24",100,12,50.053,-117.568,26.9
2005,"2005-07-24",500,12,50.37,-117.953,223.6
2005,"2005-07-25",100,0,49.168,-116.696,100
2005,"2005-07-25",500,0,49.168,-116.696,500
2005,"2005-07-25",100,1,49.209,-116.761,81.6
2005,"2005-07-25",500,1,49.213,-116.761,473.5
2005,"2005-07-25",100,2,49.261,-116.841,72.6
2005,"2005-07-25",500,2,49.26,-116.84,457.4
2005,"2005-07-25",100,3,49.321,-116.928,72.9
2005,"2005-07-25",500,3,49.312,-116.927,455.6
2005,"2005-07-25",100,4,49.376,-117.002,72.8
2005,"2005-07-25",500,4,49.362,-116.981,451.3
2005,"2005-07-25",100,5,49.418,-117.047,59.6
2005,"2005-07-25",500,5,49.402,-116.968,419.8
2005,"2005-07-25",100,6,49.448,-117.067,35.2
2005,"2005-07-25",500,6,49.432,-116.899,361.5
2005,"2005-07-25",100,7,49.487,-117.071,20.6
2005,"2005-07-25",500,7,49.485,-116.824,314.8
2005,"2005-07-25",100,8,49.554,-117.066,16.1
2005,"2005-07-25",500,8,49.596,-116.753,313.1
2005,"2005-07-25",100,9,49.647,-117.05,17.6
2005,"2005-07-25",500,9,49.748,-116.677,339.8
2005,"2005-07-25",100,10,49.753,-117.024,20.9
2005,"2005-07-25",500,10,49.907,-116.604,364.2
2005,"2005-07-25",100,11,49.855,-117.009,22.8
2005,"2005-07-25",500,11,50.05,-116.556,374.3
2005,"2005-07-25",100,12,49.944,-117.039,22.6
2005,"2005-07-25",500,12,50.174,-116.531,377.7
2005,"2005-07-26",100,0,49.168,-116.696,100
2005,"2005-07-26",500,0,49.168,-116.696,500
2005,"2005-07-26",100,1,49.138,-116.798,56.9
2005,"2005-07-26",500,1,49.143,-116.79,435.1
2005,"2005-07-26",100,2,49.101,-116.89,39.3
2005,"2005-07-26",500,2,49.104,-116.859,389.9
2005,"2005-07-26",100,3,49.065,-116.96,33
2005,"2005-07-26",500,3,49.048,-116.906,365.3
2005,"2005-07-26",100,4,49.048,-117.009,29.8
2005,"2005-07-26",500,4,49.011,-116.935,350.1
2005,"2005-07-26",100,5,49.063,-117.038,26
2005,"2005-07-26",500,5,49.024,-116.949,332
2005,"2005-07-26",100,6,49.109,-117.043,21.9
2005,"2005-07-26",500,6,49.084,-116.954,310
2005,"2005-07-26",100,7,49.17,-117.023,20.2
2005,"2005-07-26",500,7,49.18,-116.96,304.5
2005,"2005-07-26",100,8,49.239,-116.981,24.2
2005,"2005-07-26",500,8,49.311,-116.962,340.7
2005,"2005-07-26",100,9,49.324,-116.929,40.9
2005,"2005-07-26",500,9,49.487,-116.948,423.4
2005,"2005-07-26",100,10,49.428,-116.906,75.4
2005,"2005-07-26",500,10,49.682,-116.95,528.1
2005,"2005-07-26",100,11,49.528,-116.918,117.4
2005,"2005-07-26",500,11,49.863,-117.006,625.6
2005,"2005-07-26",100,12,49.617,-116.971,162.8
2005,"2005-07-26",500,12,50.023,-117.123,696.7
2005,"2005-07-27",100,0,49.168,-116.696,100
2005,"2005-07-27",500,0,49.168,-116.696,500
2005,"2005-07-27",100,1,49.139,-116.724,105.4
2005,"2005-07-27",500,1,49.129,-116.735,498.5
2005,"2005-07-27",100,2,49.109,-116.711,122.3
2005,"2005-07-27",500,2,49.089,-116.731,511.6
2005,"2005-07-27",100,3,49.076,-116.654,151.1
2005,"2005-07-27",500,3,49.046,-116.687,536.8
2005,"2005-07-27",100,4,49.047,-116.577,169.6
2005,"2005-07-27",500,4,49.011,-116.636,549.9
2005,"2005-07-27",100,5,49.037,-116.508,154.6
2005,"2005-07-27",500,5,48.997,-116.601,528.6
2005,"2005-07-27",100,6,49.05,-116.445,112.7
2005,"2005-07-27",500,6,49.002,-116.576,473.3
2005,"2005-07-27",100,7,49.068,-116.381,76.6
2005,"2005-07-27",500,7,49.015,-116.551,415.7
2005,"2005-07-27",100,8,49.07,-116.315,61.4
2005,"2005-07-27",500,8,49.021,-116.528,386.1
2005,"2005-07-27",100,9,49.051,-116.249,59.4
2005,"2005-07-27",500,9,49.019,-116.51,383.8
2005,"2005-07-27",100,10,49.012,-116.196,60.2
2005,"2005-07-27",500,10,49.003,-116.533,387.5
2005,"2005-07-27",100,11,48.957,-116.176,59
2005,"2005-07-27",500,11,48.969,-116.619,377.6
2005,"2005-07-27",100,12,48.891,-116.194,57.6
2005,"2005-07-27",500,12,48.915,-116.764,351.6
2005,"2005-07-28",100,0,49.168,-116.696,100
2005,"2005-07-28",500,0,49.168,-116.696,500
2005,"2005-07-28",100,1,49.112,-116.739,130.7
2005,"2005-07-28",500,1,49.09,-116.742,534.6
2005,"2005-07-28",100,2,49.067,-116.736,151
2005,"2005-07-28",500,2,49.02,-116.778,549.7
2005,"2005-07-28",100,3,49.033,-116.697,153.8
2005,"2005-07-28",500,3,48.959,-116.801,542.6
2005,"2005-07-28",100,4,49.009,-116.634,150.5
2005,"2005-07-28",500,4,48.911,-116.806,528.3
2005,"2005-07-28",100,5,48.991,-116.56,153.8
2005,"2005-07-28",500,5,48.871,-116.802,520.6
2005,"2005-07-28",100,6,48.985,-116.477,163.4
2005,"2005-07-28",500,6,48.838,-116.793,517.8
2005,"2005-07-28",100,7,48.993,-116.387,176.5
2005,"2005-07-28",500,7,48.81,-116.783,516.8
2005,"2005-07-28",100,8,49.013,-116.292,188.7
2005,"2005-07-28",500,8,48.792,-116.773,515.9
2005,"2005-07-28",100,9,49.046,-116.191,197.9
2005,"2005-07-28",500,9,48.784,-116.762,515
2005,"2005-07-28",100,10,49.071,-116.109,211
2005,"2005-07-28",500,10,48.769,-116.766,519.4
2005,"2005-07-28",100,11,49.072,-116.067,234.3
2005,"2005-07-28",500,11,48.734,-116.8,532.7
2005,"2005-07-28",100,12,49.046,-116.067,266.4
2005,"2005-07-28",500,12,48.676,-116.86,553.5
2005,"2005-07-29",100,0,49.168,-116.696,100
2005,"2005-07-29",500,0,49.168,-116.696,500
2005,"2005-07-29",100,1,49.105,-116.837,78
2005,"2005-07-29",500,1,49.087,-116.839,449.8
2005,"2005-07-29",100,2,49.046,-116.947,66.4
2005,"2005-07-29",500,2,49.022,-116.954,413.3
2005,"2005-07-29",100,3,48.995,-117.024,63
2005,"2005-07-29",500,3,48.975,-117.041,388.1
2005,"2005-07-29",100,4,48.958,-117.074,65
2005,"2005-07-29",500,4,48.941,-117.099,372.7
2005,"2005-07-29",100,5,48.936,-117.102,70.3
2005,"2005-07-29",500,5,48.915,-117.127,365
2005,"2005-07-29",100,6,48.929,-117.11,79.8
2005,"2005-07-29",500,6,48.894,-117.131,364.2
2005,"2005-07-29",100,7,48.937,-117.105,86.5
2005,"2005-07-29",500,7,48.882,-117.128,361.9
2005,"2005-07-29",100,8,48.964,-117.099,83
2005,"2005-07-29",500,8,48.891,-117.126,351.5
2005,"2005-07-29",100,9,49.012,-117.094,70.8
2005,"2005-07-29",500,9,48.924,-117.124,333.6
2005,"2005-07-29",100,10,49.077,-117.093,63.4
2005,"2005-07-29",500,10,48.98,-117.119,325.3
2005,"2005-07-29",100,11,49.148,-117.1,71.5
2005,"2005-07-29",500,11,49.044,-117.115,343.1
2005,"2005-07-29",100,12,49.214,-117.105,99.1
2005,"2005-07-29",500,12,49.113,-117.115,384.3
2005,"2005-07-30",100,0,49.168,-116.696,100
2005,"2005-07-30",500,0,49.168,-116.696,500
2005,"2005-07-30",100,1,49.08,-116.767,69.7
2005,"2005-07-30",500,1,49.065,-116.772,453.7
2005,"2005-07-30",100,2,48.99,-116.823,60.1
2005,"2005-07-30",500,2,48.967,-116.83,429.2
2005,"2005-07-30",100,3,48.907,-116.848,61.8
2005,"2005-07-30",500,3,48.875,-116.868,420
2005,"2005-07-30",100,4,48.836,-116.846,62.7
2005,"2005-07-30",500,4,48.788,-116.906,404
2005,"2005-07-30",100,5,48.775,-116.84,52.8
2005,"2005-07-30",500,5,48.711,-116.943,366.3
2005,"2005-07-30",100,6,48.722,-116.829,35
2005,"2005-07-30",500,6,48.652,-116.964,308.8
2005,"2005-07-30",100,7,48.679,-116.803,23.4
2005,"2005-07-30",500,7,48.601,-116.984,261.1
2005,"2005-07-30",100,8,48.648,-116.766,21.3
2005,"2005-07-30",500,8,48.55,-117.023,248.6
2005,"2005-07-30",100,9,48.63,-116.727,27.2
2005,"2005-07-30",500,9,48.501,-117.087,269.7
2005,"2005-07-30",100,10,48.611,-116.706,37.4
2005,"2005-07-30",500,10,48.465,-117.153,299.1
2005,"2005-07-30",100,11,48.589,-116.693,42.9
2005,"2005-07-30",500,11,48.453,-117.189,312
2005,"2005-07-30",100,12,48.57,-116.675,40.5
2005,"2005-07-30",500,12,48.465,-117.192,308.5
2005,"2005-07-31",100,0,49.168,-116.696,100
2005,"2005-07-31",500,0,49.168,-116.696,500
2005,"2005-07-31",100,1,49.086,-116.741,92.9
2005,"2005-07-31",500,1,49.066,-116.767,484.3
2005,"2005-07-31",100,2,49.006,-116.79,80.1
2005,"2005-07-31",500,2,48.959,-116.865,456.3
2005,"2005-07-31",100,3,48.927,-116.841,63.5
2005,"2005-07-31",500,3,48.85,-116.973,415.7
2005,"2005-07-31",100,4,48.857,-116.89,44.5
2005,"2005-07-31",500,4,48.761,-117.057,362.9
2005,"2005-07-31",100,5,48.799,-116.929,26.8
2005,"2005-07-31",500,5,48.702,-117.107,300.5
2005,"2005-07-31",100,6,48.751,-116.949,14.2
2005,"2005-07-31",500,6,48.665,-117.142,231.2
2005,"2005-07-31",100,7,48.704,-116.95,5.1
2005,"2005-07-31",500,7,48.627,-117.179,170.2
2005,"2005-07-31",100,8,48.648,-116.938,0.2
2005,"2005-07-31",500,8,48.571,-117.224,130.1
2005,"2005-07-31",100,9,48.586,-116.923,0
2005,"2005-07-31",500,9,48.503,-117.278,111.3
2005,"2005-07-31",100,10,48.524,-116.904,0
2005,"2005-07-31",500,10,48.435,-117.313,102.5
2005,"2005-07-31",100,11,48.464,-116.862,0
2005,"2005-07-31",500,11,48.378,-117.304,92.7
2005,"2005-07-31",100,12,48.402,-116.793,0
2005,"2005-07-31",500,12,48.33,-117.258,81.5
2005,"2005-08-01",100,0,49.168,-116.696,100
2005,"2005-08-01",500,0,49.168,-116.696,500
2005,"2005-08-01",100,1,49.118,-116.938,73.3
2005,"2005-08-01",500,1,49.116,-116.95,452.5
2005,"2005-08-01",100,2,49.089,-117.159,54.3
2005,"2005-08-01",500,2,49.085,-117.165,400
2005,"2005-08-01",100,3,49.091,-117.356,40.1
2005,"2005-08-01",500,3,49.071,-117.348,342.5
2005,"2005-08-01",100,4,49.126,-117.532,31.1
2005,"2005-08-01",500,4,49.076,-117.518,290.7
2005,"2005-08-01",100,5,49.184,-117.688,26.2
2005,"2005-08-01",500,5,49.119,-117.685,256.5
2005,"2005-08-01",100,6,49.25,-117.822,23.2
2005,"2005-08-01",500,6,49.214,-117.849,241.1
2005,"2005-08-01",100,7,49.307,-117.947,21.9
2005,"2005-08-01",500,7,49.314,-117.983,237.1
2005,"2005-08-01",100,8,49.342,-118.074,22
2005,"2005-08-01",500,8,49.376,-118.072,235.6
2005,"2005-08-01",100,9,49.362,-118.202,23.2
2005,"2005-08-01",500,9,49.407,-118.123,234.5
2005,"2005-08-01",100,10,49.367,-118.318,23.6
2005,"2005-08-01",500,10,49.417,-118.152,224.9
2005,"2005-08-01",100,11,49.352,-118.414,21.5
2005,"2005-08-01",500,11,49.408,-118.168,201.1
2005,"2005-08-01",100,12,49.316,-118.499,17.2
2005,"2005-08-01",500,12,49.378,-118.179,166.4
2005,"2005-08-02",100,0,49.168,-116.696,100
2005,"2005-08-02",500,0,49.168,-116.696,500
2005,"2005-08-02",100,1,49.249,-116.786,109.6
2005,"2005-08-02",500,1,49.264,-116.799,521.4
2005,"2005-08-02",100,2,49.319,-116.855,131.6
2005,"2005-08-02",500,2,49.354,-116.886,557.5
2005,"2005-08-02",100,3,49.376,-116.904,170.5
2005,"2005-08-02",500,3,49.443,-116.965,615.1
2005,"2005-08-02",100,4,49.434,-116.94,219.6
2005,"2005-08-02",500,4,49.545,-117.053,690.4
2005,"2005-08-02",100,5,49.514,-116.973,269.6
2005,"2005-08-02",500,5,49.667,-117.172,764.4
2005,"2005-08-02",100,6,49.62,-117.014,315.4
2005,"2005-08-02",500,6,49.796,-117.333,821.5
2005,"2005-08-02",100,7,49.737,-117.085,358.1
2005,"2005-08-02",500,7,49.911,-117.521,855.6
2005,"2005-08-02",100,8,49.856,-117.2,400.8
2005,"2005-08-02",500,8,50.024,-117.703,844.7
2005,"2005-08-02",100,9,49.961,-117.369,410.3
2005,"2005-08-02",500,9,50.142,-117.875,797.8
2005,"2005-08-02",100,10,50.055,-117.575,367.7
2005,"2005-08-02",500,10,50.265,-118.068,752.3
2005,"2005-08-02",100,11,50.152,-117.813,294
2005,"2005-08-02",500,11,50.395,-118.306,721
2005,"2005-08-02",100,12,50.24,-118.091,241
2005,"2005-08-02",500,12,50.517,-118.613,661.3
2005,"2005-08-03",100,0,49.168,-116.696,100
2005,"2005-08-03",500,0,49.168,-116.696,500
2005,"2005-08-03",100,1,49.18,-116.762,107.8
2005,"2005-08-03",500,1,49.175,-116.771,528.7
2005,"2005-08-03",100,2,49.198,-116.799,110.4
2005,"2005-08-03",500,2,49.184,-116.807,544.7
2005,"2005-08-03",100,3,49.221,-116.808,107.9
2005,"2005-08-03",500,3,49.195,-116.804,547.2
2005,"2005-08-03",100,4,49.256,-116.802,100.6
2005,"2005-08-03",500,4,49.218,-116.772,542.7
2005,"2005-08-03",100,5,49.311,-116.787,89.6
2005,"2005-08-03",500,5,49.264,-116.722,538.9
2005,"2005-08-03",100,6,49.384,-116.756,77.9
2005,"2005-08-03",500,6,49.331,-116.651,538.6
2005,"2005-08-03",100,7,49.472,-116.715,74.1
2005,"2005-08-03",500,7,49.417,-116.571,551.4
2005,"2005-08-03",100,8,49.571,-116.674,82.8
2005,"2005-08-03",500,8,49.519,-116.496,584.5
2005,"2005-08-03",100,9,49.68,-116.646,101.6
2005,"2005-08-03",500,9,49.641,-116.42,631.5
2005,"2005-08-03",100,10,49.806,-116.642,129.7
2005,"2005-08-03",500,10,49.778,-116.356,677.4
2005,"2005-08-03",100,11,49.942,-116.658,158.3
2005,"2005-08-03",500,11,49.923,-116.322,717.2
2005,"2005-08-03",100,12,50.082,-116.701,174.7
2005,"2005-08-03",500,12,50.078,-116.321,763.3
2005,"2005-08-04",100,0,49.168,-116.696,100
2005,"2005-08-04",500,0,49.168,-116.696,500
2005,"2005-08-04",100,1,49.113,-116.677,111.1
2005,"2005-08-04",500,1,49.096,-116.685,501.7
2005,"2005-08-04",100,2,49.066,-116.633,120.3
2005,"2005-08-04",500,2,49.012,-116.656,502.5
2005,"2005-08-04",100,3,49.03,-116.562,127.3
2005,"2005-08-04",500,3,48.918,-116.603,499
2005,"2005-08-04",100,4,49.013,-116.471,134.7
2005,"2005-08-04",500,4,48.831,-116.531,494.3
2005,"2005-08-04",100,5,49.02,-116.371,146.6
2005,"2005-08-04",500,5,48.759,-116.451,495.2
2005,"2005-08-04",100,6,49.053,-116.263,164.2
2005,"2005-08-04",500,6,48.705,-116.363,506.3
2005,"2005-08-04",100,7,49.092,-116.141,185.8
2005,"2005-08-04",500,7,48.648,-116.27,527.8
2005,"2005-08-04",100,8,49.116,-116.006,210
2005,"2005-08-04",500,8,48.558,-116.173,560.4
2005,"2005-08-04",100,9,49.119,-115.868,238.5
2005,"2005-08-04",500,9,48.422,-116.083,605.6
2005,"2005-08-04",100,10,49.115,-115.74,266.9
2005,"2005-08-04",500,10,48.257,-115.999,659.3
2005,"2005-08-04",100,11,49.112,-115.624,293.4
2005,"2005-08-04",500,11,48.099,-115.913,715.5
2005,"2005-08-04",100,12,49.107,-115.513,322.7
2005,"2005-08-04",500,12,47.958,-115.828,767.6
2005,"2005-08-05",100,0,49.168,-116.696,100
2005,"2005-08-05",500,0,49.168,-116.696,500
2005,"2005-08-05",100,1,49.133,-116.778,113.5
2005,"2005-08-05",500,1,49.117,-116.799,521.2
2005,"2005-08-05",100,2,49.104,-116.83,122.2
2005,"2005-08-05",500,2,49.067,-116.89,531.1
2005,"2005-08-05",100,3,49.083,-116.853,125.6
2005,"2005-08-05",500,3,49.017,-116.965,528
2005,"2005-08-05",100,4,49.07,-116.85,126.3
2005,"2005-08-05",500,4,48.981,-117.025,519.2
2005,"2005-08-05",100,5,49.068,-116.826,126.8
2005,"2005-08-05",500,5,48.97,-117.069,513.8
2005,"2005-08-05",100,6,49.077,-116.781,127.5
2005,"2005-08-05",500,6,48.982,-117.098,512.5
2005,"2005-08-05",100,7,49.098,-116.734,134.5
2005,"2005-08-05",500,7,49.007,-117.136,517.9
2005,"2005-08-05",100,8,49.131,-116.706,155.2
2005,"2005-08-05",500,8,49.037,-117.206,531.3
2005,"2005-08-05",100,9,49.177,-116.706,192.6
2005,"2005-08-05",500,9,49.073,-117.306,552.2
2005,"2005-08-05",100,10,49.215,-116.725,247
2005,"2005-08-05",500,10,49.097,-117.413,581.8
2005,"2005-08-05",100,11,49.225,-116.753,313.9
2005,"2005-08-05",500,11,49.089,-117.506,621.1
2005,"2005-08-05",100,12,49.205,-116.798,391.6
2005,"2005-08-05",500,12,49.048,-117.588,668.4
2005,"2005-08-06",100,0,49.168,-116.696,100
2005,"2005-08-06",500,0,49.168,-116.696,500
2005,"2005-08-06",100,1,49.122,-116.812,107.5
2005,"2005-08-06",500,1,49.106,-116.837,493.4
2005,"2005-08-06",100,2,49.079,-116.875,126.6
2005,"2005-08-06",500,2,49.03,-116.93,500.3
2005,"2005-08-06",100,3,49.035,-116.884,156.8
2005,"2005-08-06",500,3,48.936,-116.986,514
2005,"2005-08-06",100,4,48.995,-116.858,181.5
2005,"2005-08-06",500,4,48.84,-117.021,515.8
2005,"2005-08-06",100,5,48.966,-116.818,183.8
2005,"2005-08-06",500,5,48.761,-117.032,495.5
2005,"2005-08-06",100,6,48.953,-116.763,164.9
2005,"2005-08-06",500,6,48.703,-117.013,458.2
2005,"2005-08-06",100,7,48.953,-116.708,152.7
2005,"2005-08-06",500,7,48.66,-116.974,431.4
2005,"2005-08-06",100,8,48.954,-116.674,172.2
2005,"2005-08-06",500,8,48.621,-116.936,442.5
2005,"2005-08-06",100,9,48.948,-116.663,228.7
2005,"2005-08-06",500,9,48.583,-116.899,491
2005,"2005-08-06",100,10,48.948,-116.649,298.7
2005,"2005-08-06",500,10,48.555,-116.857,550.6
2005,"2005-08-06",100,11,48.967,-116.62,355.9
2005,"2005-08-06",500,11,48.55,-116.802,597.2
2005,"2005-08-06",100,12,49.008,-116.587,401.4
2005,"2005-08-06",500,12,48.569,-116.733,629.8
2005,"2005-08-07",100,0,49.168,-116.696,100
2005,"2005-08-07",500,0,49.168,-116.696,500
2005,"2005-08-07",100,1,49.118,-116.777,105.2
2005,"2005-08-07",500,1,49.111,-116.782,496.4
2005,"2005-08-07",100,2,49.09,-116.823,108.6
2005,"2005-08-07",500,2,49.075,-116.837,485.3
2005,"2005-08-07",100,3,49.085,-116.835,109.4
2005,"2005-08-07",500,3,49.061,-116.862,465.9
2005,"2005-08-07",100,4,49.092,-116.817,113.3
2005,"2005-08-07",500,4,49.056,-116.861,450.2
2005,"2005-08-07",100,5,49.095,-116.775,126
2005,"2005-08-07",500,5,49.047,-116.839,447.8
2005,"2005-08-07",100,6,49.095,-116.708,148
2005,"2005-08-07",500,6,49.032,-116.801,457.9
2005,"2005-08-07",100,7,49.096,-116.641,180.6
2005,"2005-08-07",500,7,49.017,-116.767,479.4
2005,"2005-08-07",100,8,49.103,-116.599,224
2005,"2005-08-07",500,8,49.01,-116.759,510.8
2005,"2005-08-07",100,9,49.118,-116.582,278.2
2005,"2005-08-07",500,9,49.009,-116.777,552.1
2005,"2005-08-07",100,10,49.138,-116.578,340.4
2005,"2005-08-07",500,10,49.01,-116.814,600.9
2005,"2005-08-07",100,11,49.16,-116.584,406.1
2005,"2005-08-07",500,11,49.015,-116.864,654.1
2005,"2005-08-07",100,12,49.186,-116.609,476.1
2005,"2005-08-07",500,12,49.021,-116.929,711.2
2005,"2005-08-08",100,0,49.168,-116.696,100
2005,"2005-08-08",500,0,49.168,-116.696,500
2005,"2005-08-08",100,1,49.169,-116.764,124.7
2005,"2005-08-08",500,1,49.157,-116.758,533.5
2005,"2005-08-08",100,2,49.143,-116.8,137.2
2005,"2005-08-08",500,2,49.126,-116.796,545.9
2005,"2005-08-08",100,3,49.092,-116.81,134.8
2005,"2005-08-08",500,3,49.076,-116.81,537.2
2005,"2005-08-08",100,4,49.043,-116.8,130
2005,"2005-08-08",500,4,49.027,-116.807,525.1
2005,"2005-08-08",100,5,49.022,-116.777,136.9
2005,"2005-08-08",500,5,49.007,-116.798,530.1
2005,"2005-08-08",100,6,49.029,-116.744,156.5
2005,"2005-08-08",500,6,49.016,-116.784,552.9
2005,"2005-08-08",100,7,49.05,-116.72,190.2
2005,"2005-08-08",500,7,49.045,-116.788,592.4
2005,"2005-08-08",100,8,49.07,-116.724,239.9
2005,"2005-08-08",500,8,49.079,-116.826,647.1
2005,"2005-08-08",100,9,49.089,-116.754,307
2005,"2005-08-08",500,9,49.117,-116.902,718.5
2005,"2005-08-08",100,10,49.112,-116.796,387.4
2005,"2005-08-08",500,10,49.143,-117.008,802.3
2005,"2005-08-08",100,11,49.136,-116.846,475.7
2005,"2005-08-08",500,11,49.146,-117.129,894.1
2005,"2005-08-08",100,12,49.151,-116.914,571
2005,"2005-08-08",500,12,49.126,-117.253,995
2005,"2005-08-09",100,0,49.168,-116.696,100
2005,"2005-08-09",500,0,49.168,-116.696,500
2005,"2005-08-09",100,1,49.165,-116.726,74.2
2005,"2005-08-09",500,1,49.162,-116.729,457.9
2005,"2005-08-09",100,2,49.147,-116.727,71.1
2005,"2005-08-09",500,2,49.136,-116.738,444.8
2005,"2005-08-09",100,3,49.116,-116.695,88.1
2005,"2005-08-09",500,3,49.087,-116.724,458.7
2005,"2005-08-09",100,4,49.087,-116.638,109
2005,"2005-08-09",500,4,49.033,-116.697,474.7
2005,"2005-08-09",100,5,49.078,-116.566,115.7
2005,"2005-08-09",500,5,48.99,-116.658,470.3
2005,"2005-08-09",100,6,49.094,-116.481,108.4
2005,"2005-08-09",500,6,48.959,-116.601,445.8
2005,"2005-08-09",100,7,49.126,-116.39,98.8
2005,"2005-08-09",500,7,48.936,-116.533,417.6
2005,"2005-08-09",100,8,49.16,-116.294,95.6
2005,"2005-08-09",500,8,48.916,-116.466,402.5
2005,"2005-08-09",100,9,49.2,-116.182,96
2005,"2005-08-09",500,9,48.898,-116.393,400.4
2005,"2005-08-09",100,10,49.241,-116.058,96.9
2005,"2005-08-09",500,10,48.884,-116.311,400.4
2005,"2005-08-09",100,11,49.279,-115.927,96.4
2005,"2005-08-09",500,11,48.881,-116.219,392.3
2005,"2005-08-09",100,12,49.321,-115.779,95.8
2005,"2005-08-09",500,12,48.892,-116.12,376.1
2005,"2005-08-10",100,0,49.168,-116.696,100
2005,"2005-08-10",500,0,49.168,-116.696,500
2005,"2005-08-10",100,1,49.178,-116.749,71.7
2005,"2005-08-10",500,1,49.178,-116.737,419.2
2005,"2005-08-10",100,2,49.163,-116.763,61.3
2005,"2005-08-10",500,2,49.155,-116.739,367.9
2005,"2005-08-10",100,3,49.122,-116.733,62.9
2005,"2005-08-10",500,3,49.094,-116.7,343
2005,"2005-08-10",100,4,49.082,-116.664,63.3
2005,"2005-08-10",500,4,49.03,-116.63,317.8
2005,"2005-08-10",100,5,49.081,-116.57,54
2005,"2005-08-10",500,5,49.001,-116.542,272.3
2005,"2005-08-10",100,6,49.117,-116.457,40.8
2005,"2005-08-10",500,6,49.024,-116.441,209.3
2005,"2005-08-10",100,7,49.157,-116.329,30.8
2005,"2005-08-10",500,7,49.079,-116.322,155
2005,"2005-08-10",100,8,49.177,-116.195,24.5
2005,"2005-08-10",500,8,49.132,-116.176,119.2
2005,"2005-08-10",100,9,49.201,-116.055,19.9
2005,"2005-08-10",500,9,49.188,-115.999,95.8
2005,"2005-08-10",100,10,49.244,-115.907,15.3
2005,"2005-08-10",500,10,49.254,-115.798,77.6
2005,"2005-08-10",100,11,49.302,-115.758,11.4
2005,"2005-08-10",500,11,49.321,-115.605,64.5
2005,"2005-08-10",100,12,49.362,-115.613,9.1
2005,"2005-08-10",500,12,49.385,-115.434,57.5
2005,"2005-08-11",100,0,49.168,-116.696,100
2005,"2005-08-11",500,0,49.168,-116.696,500
2005,"2005-08-11",100,1,49.218,-116.802,102.6
2005,"2005-08-11",500,1,49.227,-116.814,503
2005,"2005-08-11",100,2,49.257,-116.865,99.4
2005,"2005-08-11",500,2,49.272,-116.884,496.8
2005,"2005-08-11",100,3,49.284,-116.886,91.9
2005,"2005-08-11",500,3,49.304,-116.905,483.8
2005,"2005-08-11",100,4,49.305,-116.882,83.7
2005,"2005-08-11",500,4,49.333,-116.9,472.2
2005,"2005-08-11",100,5,49.331,-116.867,77.6
2005,"2005-08-11",500,5,49.369,-116.891,470
2005,"2005-08-11",100,6,49.362,-116.84,73.7
2005,"2005-08-11",500,6,49.415,-116.882,477.9
2005,"2005-08-11",100,7,49.398,-116.797,71.9
2005,"2005-08-11",500,7,49.471,-116.871,490.3
2005,"2005-08-11",100,8,49.442,-116.738,71.9
2005,"2005-08-11",500,8,49.537,-116.855,500.4
2005,"2005-08-11",100,9,49.494,-116.67,72.3
2005,"2005-08-11",500,9,49.616,-116.839,505.8
2005,"2005-08-11",100,10,49.549,-116.602,69.2
2005,"2005-08-11",500,10,49.696,-116.837,502
2005,"2005-08-11",100,11,49.595,-116.535,60.9
2005,"2005-08-11",500,11,49.762,-116.856,486.8
2005,"2005-08-11",100,12,49.621,-116.456,49
2005,"2005-08-11",500,12,49.809,-116.889,459.1
2005,"2005-08-12",100,0,49.168,-116.696,100
2005,"2005-08-12",500,0,49.168,-116.696,500
2005,"2005-08-12",100,1,49.221,-116.534,155.4
2005,"2005-08-12",500,1,49.224,-116.528,564.2
2005,"2005-08-12",100,2,49.278,-116.351,204.1
2005,"2005-08-12",500,2,49.289,-116.333,614.3
2005,"2005-08-12",100,3,49.341,-116.148,242.1
2005,"2005-08-12",500,3,49.365,-116.119,649.7
2005,"2005-08-12",100,4,49.412,-115.945,280.3
2005,"2005-08-12",500,4,49.452,-115.902,684.8
2005,"2005-08-12",100,5,49.492,-115.754,335.2
2005,"2005-08-12",500,5,49.55,-115.698,740
2005,"2005-08-12",100,6,49.575,-115.567,423.5
2005,"2005-08-12",500,6,49.67,-115.52,822.9
2005,"2005-08-12",100,7,49.652,-115.377,528.5
2005,"2005-08-12",500,7,49.822,-115.384,902.8
2005,"2005-08-12",100,8,49.729,-115.186,605.7
2005,"2005-08-12",500,8,50.001,-115.284,947.8
2005,"2005-08-12",100,9,49.813,-115,645.3
2005,"2005-08-12",500,9,50.197,-115.237,973.2
2005,"2005-08-12",100,10,49.908,-114.837,671.4
2005,"2005-08-12",500,10,50.417,-115.266,1002.2
2005,"2005-08-12",100,11,50.025,-114.732,702.7
2005,"2005-08-12",500,11,50.673,-115.385,1055.2
2005,"2005-08-12",100,12,50.162,-114.678,737.7
2005,"2005-08-12",500,12,50.952,-115.547,1125
2005,"2005-08-13",100,0,49.168,-116.696,100
2005,"2005-08-13",500,0,49.168,-116.696,500
2005,"2005-08-13",100,1,49.176,-116.832,63.9
2005,"2005-08-13",500,1,49.182,-116.859,458.9
2005,"2005-08-13",100,2,49.175,-116.934,50
2005,"2005-08-13",500,2,49.199,-116.985,443.8
2005,"2005-08-13",100,3,49.157,-117.008,51.1
2005,"2005-08-13",500,3,49.217,-117.075,456.5
2005,"2005-08-13",100,4,49.138,-117.046,55.9
2005,"2005-08-13",500,4,49.228,-117.144,472
2005,"2005-08-13",100,5,49.129,-117.045,53.7
2005,"2005-08-13",500,5,49.22,-117.196,463.2
2005,"2005-08-13",100,6,49.131,-117.004,44.9
2005,"2005-08-13",500,6,49.199,-117.225,432
2005,"2005-08-13",100,7,49.136,-116.932,37.3
2005,"2005-08-13",500,7,49.168,-117.223,403
2005,"2005-08-13",100,8,49.135,-116.843,36.8
2005,"2005-08-13",500,8,49.125,-117.188,400.4
2005,"2005-08-13",100,9,49.13,-116.738,44.7
2005,"2005-08-13",500,9,49.063,-117.119,425.9
2005,"2005-08-13",100,10,49.121,-116.622,58.5
2005,"2005-08-13",500,10,48.981,-117.008,468.7
2005,"2005-08-13",100,11,49.115,-116.497,70.1
2005,"2005-08-13",500,11,48.892,-116.835,517.6
2005,"2005-08-13",100,12,49.12,-116.364,77.3
2005,"2005-08-13",500,12,48.817,-116.593,569.7
2005,"2005-08-14",100,0,49.168,-116.696,100
2005,"2005-08-14",500,0,49.168,-116.696,500
2005,"2005-08-14",100,1,49.16,-116.761,71.8
2005,"2005-08-14",500,1,49.162,-116.775,467.3
2005,"2005-08-14",100,2,49.138,-116.804,60.5
2005,"2005-08-14",500,2,49.141,-116.833,449.3
2005,"2005-08-14",100,3,49.103,-116.825,61.8
2005,"2005-08-14",500,3,49.104,-116.869,446.5
2005,"2005-08-14",100,4,49.065,-116.826,68.9
2005,"2005-08-14",500,4,49.064,-116.888,453.1
2005,"2005-08-14",100,5,49.035,-116.813,76.9
2005,"2005-08-14",500,5,49.032,-116.896,463.7
2005,"2005-08-14",100,6,49.012,-116.785,86.8
2005,"2005-08-14",500,6,49.009,-116.894,478.9
2005,"2005-08-14",100,7,49,-116.753,97.3
2005,"2005-08-14",500,7,49.005,-116.887,495.9
2005,"2005-08-14",100,8,49.002,-116.728,106.1
2005,"2005-08-14",500,8,49.028,-116.879,513.2
2005,"2005-08-14",100,9,49.022,-116.709,112.2
2005,"2005-08-14",500,9,49.081,-116.872,531.4
2005,"2005-08-14",100,10,49.053,-116.707,114.8
2005,"2005-08-14",500,10,49.154,-116.878,548.5
2005,"2005-08-14",100,11,49.088,-116.73,112.6
2005,"2005-08-14",500,11,49.242,-116.916,561
2005,"2005-08-14",100,12,49.128,-116.773,105.3
2005,"2005-08-14",500,12,49.346,-116.983,569.6
2005,"2005-08-15",100,0,49.168,-116.696,100
2005,"2005-08-15",500,0,49.168,-116.696,500
2005,"2005-08-15",100,1,49.081,-116.744,55.3
2005,"2005-08-15",500,1,49.073,-116.745,421.8
2005,"2005-08-15",100,2,48.966,-116.798,35.8
2005,"2005-08-15",500,2,48.952,-116.783,354.1
2005,"2005-08-15",100,3,48.842,-116.848,29.4
2005,"2005-08-15",500,3,48.809,-116.813,312.5
2005,"2005-08-15",100,4,48.736,-116.867,31.1
2005,"2005-08-15",500,4,48.675,-116.82,305
2005,"2005-08-15",100,5,48.668,-116.829,34.1
2005,"2005-08-15",500,5,48.58,-116.781,305.5
2005,"2005-08-15",100,6,48.64,-116.732,37.7
2005,"2005-08-15",500,6,48.52,-116.685,298.5
2005,"2005-08-15",100,7,48.635,-116.61,45.8
2005,"2005-08-15",500,7,48.474,-116.569,286.2
2005,"2005-08-15",100,8,48.63,-116.497,57.4
2005,"2005-08-15",500,8,48.432,-116.475,279.6
2005,"2005-08-15",100,9,48.619,-116.394,71.8
2005,"2005-08-15",500,9,48.388,-116.405,290.8
2005,"2005-08-15",100,10,48.598,-116.315,89.2
2005,"2005-08-15",500,10,48.333,-116.371,314.9
2005,"2005-08-15",100,11,48.565,-116.268,106
2005,"2005-08-15",500,11,48.263,-116.372,339.4
2005,"2005-08-15",100,12,48.522,-116.247,120.6
2005,"2005-08-15",500,12,48.181,-116.399,363.6
2006,"2006-07-01",100,0,49.168,-116.696,100
2006,"2006-07-01",500,0,49.168,-116.696,500
2006,"2006-07-01",100,1,49.106,-116.836,63.1
2006,"2006-07-01",500,1,49.1,-116.842,445.7
2006,"2006-07-01",100,2,49.045,-116.961,45.2
2006,"2006-07-01",500,2,49.029,-116.944,404.9
2006,"2006-07-01",100,3,48.986,-117.065,35.9
2006,"2006-07-01",500,3,48.957,-117.007,372.5
2006,"2006-07-01",100,4,48.938,-117.139,29.6
2006,"2006-07-01",500,4,48.897,-117.045,343
2006,"2006-07-01",100,5,48.913,-117.18,24.5
2006,"2006-07-01",500,5,48.858,-117.07,312.8
2006,"2006-07-01",100,6,48.91,-117.193,20.6
2006,"2006-07-01",500,6,48.837,-117.08,283.5
2006,"2006-07-01",100,7,48.92,-117.201,17
2006,"2006-07-01",500,7,48.827,-117.089,251.1
2006,"2006-07-01",100,8,48.94,-117.226,13.1
2006,"2006-07-01",500,8,48.821,-117.105,211.6
2006,"2006-07-01",100,9,48.972,-117.262,9.2
2006,"2006-07-01",500,9,48.818,-117.13,165.5
2006,"2006-07-01",100,10,49.008,-117.307,6.1
2006,"2006-07-01",500,10,48.813,-117.163,128.7
2006,"2006-07-01",100,11,49.037,-117.363,4.6
2006,"2006-07-01",500,11,48.803,-117.204,115.4
2006,"2006-07-01",100,12,49.058,-117.432,5.1
2006,"2006-07-01",500,12,48.788,-117.249,124.7
2006,"2006-07-02",100,0,49.168,-116.696,100
2006,"2006-07-02",500,0,49.168,-116.696,500
2006,"2006-07-02",100,1,49.151,-116.693,103.8
2006,"2006-07-02",500,1,49.143,-116.693,514.1
2006,"2006-07-02",100,2,49.14,-116.704,116.6
2006,"2006-07-02",500,2,49.119,-116.719,538.5
2006,"2006-07-02",100,3,49.133,-116.729,138.7
2006,"2006-07-02",500,3,49.096,-116.774,572.2
2006,"2006-07-02",100,4,49.121,-116.74,161.2
2006,"2006-07-02",500,4,49.061,-116.828,603.2
2006,"2006-07-02",100,5,49.094,-116.709,173.1
2006,"2006-07-02",500,5,49.008,-116.849,618.8
2006,"2006-07-02",100,6,49.056,-116.636,172.2
2006,"2006-07-02",500,6,48.936,-116.836,619.3
2006,"2006-07-02",100,7,49.028,-116.545,166.1
2006,"2006-07-02",500,7,48.867,-116.801,610.3
2006,"2006-07-02",100,8,49.022,-116.444,164.6
2006,"2006-07-02",500,8,48.825,-116.756,599.7
2006,"2006-07-02",100,9,49.034,-116.331,168.9
2006,"2006-07-02",500,9,48.808,-116.704,588.6
2006,"2006-07-02",100,10,49.04,-116.237,183.4
2006,"2006-07-02",500,10,48.79,-116.676,585
2006,"2006-07-02",100,11,49.012,-116.196,213.1
2006,"2006-07-02",500,11,48.74,-116.705,594.5
2006,"2006-07-02",100,12,48.946,-116.217,256.4
2006,"2006-07-02",500,12,48.66,-116.79,614.7
2006,"2006-07-03",100,0,49.168,-116.696,100
2006,"2006-07-03",500,0,49.168,-116.696,500
2006,"2006-07-03",100,1,49.109,-116.743,91.4
2006,"2006-07-03",500,1,49.105,-116.749,482.5
2006,"2006-07-03",100,2,49.038,-116.751,84.1
2006,"2006-07-03",500,2,49.02,-116.76,460.7
2006,"2006-07-03",100,3,48.956,-116.714,76.2
2006,"2006-07-03",500,3,48.919,-116.727,431.8
2006,"2006-07-03",100,4,48.887,-116.642,64.8
2006,"2006-07-03",500,4,48.823,-116.641,393.6
2006,"2006-07-03",100,5,48.852,-116.55,50.1
2006,"2006-07-03",500,5,48.75,-116.5,342
2006,"2006-07-03",100,6,48.851,-116.44,34.6
2006,"2006-07-03",500,6,48.713,-116.34,287.8
2006,"2006-07-03",100,7,48.877,-116.317,24.3
2006,"2006-07-03",500,7,48.716,-116.218,252.6
2006,"2006-07-03",100,8,48.923,-116.194,20.1
2006,"2006-07-03",500,8,48.754,-116.138,245.1
2006,"2006-07-03",100,9,48.982,-116.07,19.4
2006,"2006-07-03",500,9,48.815,-116.074,256.1
2006,"2006-07-03",100,10,49.029,-115.951,20.3
2006,"2006-07-03",500,10,48.865,-116.017,272.5
2006,"2006-07-03",100,11,49.045,-115.845,21.9
2006,"2006-07-03",500,11,48.876,-115.96,289.7
2006,"2006-07-03",100,12,49.034,-115.757,24.3
2006,"2006-07-03",500,12,48.852,-115.901,308.6
2006,"2006-07-04",100,0,49.168,-116.696,100
2006,"2006-07-04",500,0,49.168,-116.696,500
2006,"2006-07-04",100,1,49.164,-116.587,96.2
2006,"2006-07-04",500,1,49.158,-116.567,497.3
2006,"2006-07-04",100,2,49.14,-116.454,88.4
2006,"2006-07-04",500,2,49.115,-116.407,486.2
2006,"2006-07-04",100,3,49.102,-116.302,77.5
2006,"2006-07-04",500,3,49.046,-116.209,466
2006,"2006-07-04",100,4,49.082,-116.157,64.8
2006,"2006-07-04",500,4,48.975,-116.015,437.6
2006,"2006-07-04",100,5,49.088,-116.044,51.7
2006,"2006-07-04",500,5,48.922,-115.872,404.6
2006,"2006-07-04",100,6,49.111,-115.957,40.2
2006,"2006-07-04",500,6,48.891,-115.777,369.9
2006,"2006-07-04",100,7,49.139,-115.874,33.3
2006,"2006-07-04",500,7,48.87,-115.696,346
2006,"2006-07-04",100,8,49.162,-115.783,32.9
2006,"2006-07-04",500,8,48.831,-115.585,348.8
2006,"2006-07-04",100,9,49.181,-115.682,38
2006,"2006-07-04",500,9,48.759,-115.435,379.4
2006,"2006-07-04",100,10,49.179,-115.587,46.7
2006,"2006-07-04",500,10,48.663,-115.279,424.5
2006,"2006-07-04",100,11,49.15,-115.512,55.7
2006,"2006-07-04",500,11,48.563,-115.146,467.5
2006,"2006-07-04",100,12,49.098,-115.45,63.9
2006,"2006-07-04",500,12,48.467,-115.024,505.2
2006,"2006-07-05",100,0,49.168,-116.696,100
2006,"2006-07-05",500,0,49.168,-116.696,500
2006,"2006-07-05",100,1,49.167,-116.577,92.9
2006,"2006-07-05",500,1,49.169,-116.598,524.2
2006,"2006-07-05",100,2,49.171,-116.462,88.6
2006,"2006-07-05",500,2,49.17,-116.512,547.7
2006,"2006-07-05",100,3,49.179,-116.353,83.6
2006,"2006-07-05",500,3,49.17,-116.44,562.3
2006,"2006-07-05",100,4,49.189,-116.259,72.5
2006,"2006-07-05",500,4,49.159,-116.396,559
2006,"2006-07-05",100,5,49.199,-116.188,53.5
2006,"2006-07-05",500,5,49.127,-116.387,534.8
2006,"2006-07-05",100,6,49.209,-116.135,31.5
2006,"2006-07-05",500,6,49.073,-116.404,491.1
2006,"2006-07-05",100,7,49.219,-116.075,14.5
2006,"2006-07-05",500,7,49.006,-116.412,439.9
2006,"2006-07-05",100,8,49.232,-115.993,3.5
2006,"2006-07-05",500,8,48.934,-116.39,397.4
2006,"2006-07-05",100,9,49.253,-115.889,0
2006,"2006-07-05",500,9,48.857,-116.342,370.7
2006,"2006-07-05",100,10,49.285,-115.774,0
2006,"2006-07-05",500,10,48.791,-116.277,347.6
2006,"2006-07-05",100,11,49.316,-115.657,0
2006,"2006-07-05",500,11,48.753,-116.196,313.1
2006,"2006-07-05",100,12,49.338,-115.534,0
2006,"2006-07-05",500,12,48.747,-116.094,267
2006,"2006-07-06",100,0,49.168,-116.696,100
2006,"2006-07-06",500,0,49.168,-116.696,500
2006,"2006-07-06",100,1,49.118,-116.855,89.7
2006,"2006-07-06",500,1,49.105,-116.866,501.3
2006,"2006-07-06",100,2,49.05,-116.961,85.4
2006,"2006-07-06",500,2,49.024,-116.967,493.1
2006,"2006-07-06",100,3,48.959,-117.027,80
2006,"2006-07-06",500,3,48.923,-117.009,472.9
2006,"2006-07-06",100,4,48.862,-117.072,65.3
2006,"2006-07-06",500,4,48.816,-117.035,436
2006,"2006-07-06",100,5,48.783,-117.119,40.7
2006,"2006-07-06",500,5,48.724,-117.078,378.1
2006,"2006-07-06",100,6,48.731,-117.161,18.3
2006,"2006-07-06",500,6,48.654,-117.135,305.3
2006,"2006-07-06",100,7,48.685,-117.187,1.1
2006,"2006-07-06",500,7,48.59,-117.178,227.8
2006,"2006-07-06",100,8,48.621,-117.195,0
2006,"2006-07-06",500,8,48.521,-117.178,157.5
2006,"2006-07-06",100,9,48.536,-117.187,0
2006,"2006-07-06",500,9,48.446,-117.141,100.1
2006,"2006-07-06",100,10,48.434,-117.184,0
2006,"2006-07-06",500,10,48.366,-117.114,63.9
2006,"2006-07-06",100,11,48.326,-117.207,0.8
2006,"2006-07-06",500,11,48.272,-117.136,53.5
2006,"2006-07-06",100,12,48.221,-117.273,5.3
2006,"2006-07-06",500,12,48.168,-117.21,59.8
2006,"2006-07-07",100,0,49.168,-116.696,100
2006,"2006-07-07",500,0,49.168,-116.696,500
2006,"2006-07-07",100,1,49.066,-116.901,89.6
2006,"2006-07-07",500,1,49.062,-116.909,478.5
2006,"2006-07-07",100,2,48.974,-117.096,83.2
2006,"2006-07-07",500,2,48.957,-117.1,464.1
2006,"2006-07-07",100,3,48.895,-117.258,78.8
2006,"2006-07-07",500,3,48.855,-117.261,447.5
2006,"2006-07-07",100,4,48.847,-117.373,72.7
2006,"2006-07-07",500,4,48.787,-117.383,421.3
2006,"2006-07-07",100,5,48.853,-117.446,63.9
2006,"2006-07-07",500,5,48.79,-117.469,395.7
2006,"2006-07-07",100,6,48.913,-117.491,55.2
2006,"2006-07-07",500,6,48.864,-117.532,378.2
2006,"2006-07-07",100,7,48.992,-117.531,49.9
2006,"2006-07-07",500,7,48.974,-117.597,375.7
2006,"2006-07-07",100,8,49.055,-117.588,53.9
2006,"2006-07-07",500,8,49.085,-117.696,398.3
2006,"2006-07-07",100,9,49.099,-117.653,73.5
2006,"2006-07-07",500,9,49.218,-117.854,456.6
2006,"2006-07-07",100,10,49.151,-117.731,98.1
2006,"2006-07-07",500,10,49.392,-118.084,534.8
2006,"2006-07-07",100,11,49.246,-117.84,110.9
2006,"2006-07-07",500,11,49.575,-118.375,581.6
2006,"2006-07-07",100,12,49.401,-118.011,122.4
2006,"2006-07-07",500,12,49.749,-118.765,585.9
2006,"2006-07-08",100,0,49.168,-116.696,100
2006,"2006-07-08",500,0,49.168,-116.696,500
2006,"2006-07-08",100,1,49.138,-116.757,82.1
2006,"2006-07-08",500,1,49.141,-116.762,473.7
2006,"2006-07-08",100,2,49.101,-116.807,74.6
2006,"2006-07-08",500,2,49.104,-116.823,460.9
2006,"2006-07-08",100,3,49.059,-116.846,74.5
2006,"2006-07-08",500,3,49.058,-116.878,461.8
2006,"2006-07-08",100,4,49.02,-116.869,75.3
2006,"2006-07-08",500,4,49.015,-116.927,463.7
2006,"2006-07-08",100,5,48.993,-116.87,71
2006,"2006-07-08",500,5,48.99,-116.968,453.4
2006,"2006-07-08",100,6,48.976,-116.851,62.6
2006,"2006-07-08",500,6,48.982,-116.998,430.1
2006,"2006-07-08",100,7,48.963,-116.839,56.3
2006,"2006-07-08",500,7,48.984,-117.031,412.3
2006,"2006-07-08",100,8,48.946,-116.856,56.6
2006,"2006-07-08",500,8,48.983,-117.091,419.4
2006,"2006-07-08",100,9,48.928,-116.898,63.4
2006,"2006-07-08",500,9,48.98,-117.176,448.9
2006,"2006-07-08",100,10,48.907,-116.957,73.5
2006,"2006-07-08",500,10,48.97,-117.276,478.7
2006,"2006-07-08",100,11,48.877,-117.029,79.8
2006,"2006-07-08",500,11,48.947,-117.375,487.2
2006,"2006-07-08",100,12,48.837,-117.102,80.6
2006,"2006-07-08",500,12,48.914,-117.455,473.9
2006,"2006-07-09",100,0,49.168,-116.696,100
2006,"2006-07-09",500,0,49.168,-116.696,500
2006,"2006-07-09",100,1,49.129,-116.828,87.8
2006,"2006-07-09",500,1,49.138,-116.819,469.8
2006,"2006-07-09",100,2,49.086,-116.906,84.1
2006,"2006-07-09",500,2,49.102,-116.891,451.4
2006,"2006-07-09",100,3,49.037,-116.932,88.6
2006,"2006-07-09",500,3,49.061,-116.913,443.1
2006,"2006-07-09",100,4,48.993,-116.925,92.6
2006,"2006-07-09",500,4,49.019,-116.912,435.1
2006,"2006-07-09",100,5,48.956,-116.911,87.9
2006,"2006-07-09",500,5,48.983,-116.91,419.2
2006,"2006-07-09",100,6,48.929,-116.891,77
2006,"2006-07-09",500,6,48.952,-116.906,394.6
2006,"2006-07-09",100,7,48.913,-116.864,66.4
2006,"2006-07-09",500,7,48.922,-116.903,368.2
2006,"2006-07-09",100,8,48.902,-116.828,59.1
2006,"2006-07-09",500,8,48.893,-116.908,346.5
2006,"2006-07-09",100,9,48.899,-116.779,53.7
2006,"2006-07-09",500,9,48.865,-116.92,327.9
2006,"2006-07-09",100,10,48.897,-116.724,51.1
2006,"2006-07-09",500,10,48.836,-116.928,316.9
2006,"2006-07-09",100,11,48.889,-116.679,52.3
2006,"2006-07-09",500,11,48.801,-116.918,318.3
2006,"2006-07-09",100,12,48.873,-116.644,57.5
2006,"2006-07-09",500,12,48.762,-116.892,331.4
2006,"2006-07-10",100,0,49.168,-116.696,100
2006,"2006-07-10",500,0,49.168,-116.696,500
2006,"2006-07-10",100,1,49.197,-116.917,53.5
2006,"2006-07-10",500,1,49.204,-116.972,420.9
2006,"2006-07-10",100,2,49.241,-117.091,31.5
2006,"2006-07-10",500,2,49.233,-117.174,381.2
2006,"2006-07-10",100,3,49.302,-117.233,23
2006,"2006-07-10",500,3,49.255,-117.309,381.2
2006,"2006-07-10",100,4,49.367,-117.363,22.8
2006,"2006-07-10",500,4,49.283,-117.43,401.3
2006,"2006-07-10",100,5,49.428,-117.486,27.1
2006,"2006-07-10",500,5,49.334,-117.581,424.8
2006,"2006-07-10",100,6,49.492,-117.608,38.4
2006,"2006-07-10",500,6,49.429,-117.77,465.4
2006,"2006-07-10",100,7,49.56,-117.722,58.1
2006,"2006-07-10",500,7,49.547,-117.976,528.9
2006,"2006-07-10",100,8,49.626,-117.812,83
2006,"2006-07-10",500,8,49.64,-118.153,595.7
2006,"2006-07-10",100,9,49.687,-117.881,115.2
2006,"2006-07-10",500,9,49.706,-118.301,656.9
2006,"2006-07-10",100,10,49.743,-117.926,154.8
2006,"2006-07-10",500,10,49.759,-118.455,699.8
2006,"2006-07-10",100,11,49.8,-117.947,196.5
2006,"2006-07-10",500,11,49.804,-118.622,721.3
2006,"2006-07-10",100,12,49.856,-117.948,233.1
2006,"2006-07-10",500,12,49.837,-118.795,737.4
2006,"2006-07-11",100,0,49.168,-116.696,100
2006,"2006-07-11",500,0,49.168,-116.696,500
2006,"2006-07-11",100,1,49.063,-116.77,79.4
2006,"2006-07-11",500,1,49.051,-116.782,457.5
2006,"2006-07-11",100,2,48.964,-116.832,78.8
2006,"2006-07-11",500,2,48.944,-116.853,443.8
2006,"2006-07-11",100,3,48.873,-116.88,96.2
2006,"2006-07-11",500,3,48.841,-116.914,449.2
2006,"2006-07-11",100,4,48.796,-116.911,111.9
2006,"2006-07-11",500,4,48.741,-116.975,447.4
2006,"2006-07-11",100,5,48.735,-116.918,110.3
2006,"2006-07-11",500,5,48.65,-117.027,423.6
2006,"2006-07-11",100,6,48.689,-116.896,97.3
2006,"2006-07-11",500,6,48.581,-117.065,387.6
2006,"2006-07-11",100,7,48.639,-116.869,85.3
2006,"2006-07-11",500,7,48.525,-117.092,356.6
2006,"2006-07-11",100,8,48.571,-116.869,82.7
2006,"2006-07-11",500,8,48.467,-117.124,338.8
2006,"2006-07-11",100,9,48.49,-116.902,85.3
2006,"2006-07-11",500,9,48.396,-117.173,328.5
2006,"2006-07-11",100,10,48.413,-116.961,86.6
2006,"2006-07-11",500,10,48.332,-117.237,317.6
2006,"2006-07-11",100,11,48.35,-117.031,87.8
2006,"2006-07-11",500,11,48.299,-117.304,304.6
2006,"2006-07-11",100,12,48.298,-117.106,91.9
2006,"2006-07-11",500,12,48.302,-117.373,293.2
2006,"2006-07-12",100,0,49.168,-116.696,100
2006,"2006-07-12",500,0,49.168,-116.696,500
2006,"2006-07-12",100,1,49.051,-116.823,54
2006,"2006-07-12",500,1,49.048,-116.827,410.2
2006,"2006-07-12",100,2,48.913,-116.992,32.3
2006,"2006-07-12",500,2,48.906,-116.977,355.8
2006,"2006-07-12",100,3,48.758,-117.144,22.8
2006,"2006-07-12",500,3,48.733,-117.141,316.8
2006,"2006-07-12",100,4,48.607,-117.233,17.2
2006,"2006-07-12",500,4,48.561,-117.278,266.4
2006,"2006-07-12",100,5,48.474,-117.262,11.9
2006,"2006-07-12",500,5,48.42,-117.353,214.8
2006,"2006-07-12",100,6,48.354,-117.258,8
2006,"2006-07-12",500,6,48.312,-117.377,171.3
2006,"2006-07-12",100,7,48.246,-117.272,4.8
2006,"2006-07-12",500,7,48.216,-117.387,133.5
2006,"2006-07-12",100,8,48.155,-117.338,1.8
2006,"2006-07-12",500,8,48.113,-117.446,104.7
2006,"2006-07-12",100,9,48.071,-117.446,0
2006,"2006-07-12",500,9,48.004,-117.559,87.2
2006,"2006-07-12",100,10,47.981,-117.57,0
2006,"2006-07-12",500,10,47.891,-117.708,75.2
2006,"2006-07-12",100,11,47.884,-117.696,0
2006,"2006-07-12",500,11,47.797,-117.889,61.6
2006,"2006-07-12",100,12,47.801,-117.84,0
2006,"2006-07-12",500,12,47.757,-118.094,47.6
2006,"2006-07-13",100,0,49.168,-116.696,100
2006,"2006-07-13",500,0,49.168,-116.696,500
2006,"2006-07-13",100,1,49.038,-116.912,61.7
2006,"2006-07-13",500,1,49.05,-116.92,415.9
2006,"2006-07-13",100,2,48.905,-117.123,41.7
2006,"2006-07-13",500,2,48.939,-117.11,357.6
2006,"2006-07-13",100,3,48.772,-117.3,30.1
2006,"2006-07-13",500,3,48.827,-117.271,305.6
2006,"2006-07-13",100,4,48.65,-117.42,16.3
2006,"2006-07-13",500,4,48.724,-117.398,234.9
2006,"2006-07-13",100,5,48.539,-117.479,0
2006,"2006-07-13",500,5,48.642,-117.484,156.2
2006,"2006-07-13",100,6,48.429,-117.496,0
2006,"2006-07-13",500,6,48.579,-117.53,84.8
2006,"2006-07-13",100,7,48.314,-117.515,0
2006,"2006-07-13",500,7,48.508,-117.558,39.3
2006,"2006-07-13",100,8,48.2,-117.586,0
2006,"2006-07-13",500,8,48.419,-117.613,17.9
2006,"2006-07-13",100,9,48.088,-117.702,0
2006,"2006-07-13",500,9,48.318,-117.705,11.3
2006,"2006-07-13",100,10,47.978,-117.846,0
2006,"2006-07-13",500,10,48.208,-117.837,9.4
2006,"2006-07-13",100,11,47.886,-118.007,0
2006,"2006-07-13",500,11,48.106,-118.001,7.1
2006,"2006-07-13",100,12,47.818,-118.178,0
2006,"2006-07-13",500,12,48.035,-118.188,3.2
2006,"2006-07-14",100,0,49.168,-116.696,100
2006,"2006-07-14",500,0,49.168,-116.696,500
2006,"2006-07-14",100,1,49.059,-116.896,44
2006,"2006-07-14",500,1,49.077,-116.89,381.4
2006,"2006-07-14",100,2,48.938,-117.083,24.1
2006,"2006-07-14",500,2,49.004,-117.035,321.8
2006,"2006-07-14",100,3,48.829,-117.217,20
2006,"2006-07-14",500,3,48.944,-117.136,312
2006,"2006-07-14",100,4,48.749,-117.298,13.2
2006,"2006-07-14",500,4,48.894,-117.217,296.2
2006,"2006-07-14",100,5,48.691,-117.349,0
2006,"2006-07-14",500,5,48.85,-117.296,230
2006,"2006-07-14",100,6,48.654,-117.385,0
2006,"2006-07-14",500,6,48.813,-117.368,125.1
2006,"2006-07-14",100,7,48.613,-117.42,0
2006,"2006-07-14",500,7,48.781,-117.406,52
2006,"2006-07-14",100,8,48.548,-117.452,0
2006,"2006-07-14",500,8,48.724,-117.438,20.3
2006,"2006-07-14",100,9,48.478,-117.472,1.4
2006,"2006-07-14",500,9,48.64,-117.465,23.7
2006,"2006-07-14",100,10,48.407,-117.477,10.8
2006,"2006-07-14",500,10,48.532,-117.481,41.5
2006,"2006-07-14",100,11,48.332,-117.464,15.7
2006,"2006-07-14",500,11,48.431,-117.467,54.4
2006,"2006-07-14",100,12,48.247,-117.442,17.7
2006,"2006-07-14",500,12,48.334,-117.421,62.1
2006,"2006-07-15",100,0,49.168,-116.696,100
2006,"2006-07-15",500,0,49.168,-116.696,500
2006,"2006-07-15",100,1,49.087,-116.874,85.8
2006,"2006-07-15",500,1,49.08,-116.881,477.4
2006,"2006-07-15",100,2,49.002,-117.053,73.6
2006,"2006-07-15",500,2,48.988,-117.054,455
2006,"2006-07-15",100,3,48.919,-117.217,61.8
2006,"2006-07-15",500,3,48.897,-117.206,424.7
2006,"2006-07-15",100,4,48.854,-117.338,45.9
2006,"2006-07-15",500,4,48.825,-117.327,374.2
2006,"2006-07-15",100,5,48.82,-117.408,27.4
2006,"2006-07-15",500,5,48.794,-117.411,309.3
2006,"2006-07-15",100,6,48.808,-117.427,13.2
2006,"2006-07-15",500,6,48.803,-117.467,242.9
2006,"2006-07-15",100,7,48.809,-117.443,3.4
2006,"2006-07-15",500,7,48.828,-117.519,190.9
2006,"2006-07-15",100,8,48.824,-117.494,0
2006,"2006-07-15",500,8,48.85,-117.584,165.2
2006,"2006-07-15",100,9,48.856,-117.582,0
2006,"2006-07-15",500,9,48.87,-117.661,164.7
2006,"2006-07-15",100,10,48.904,-117.69,0.3
2006,"2006-07-15",500,10,48.899,-117.75,169.8
2006,"2006-07-15",100,11,48.96,-117.806,0
2006,"2006-07-15",500,11,48.95,-117.849,159.6
2006,"2006-07-15",100,12,49.016,-117.938,0
2006,"2006-07-15",500,12,49.02,-117.957,129.2
2006,"2006-07-16",100,0,49.168,-116.696,100
2006,"2006-07-16",500,0,49.168,-116.696,500
2006,"2006-07-16",100,1,49.194,-116.78,78.9
2006,"2006-07-16",500,1,49.2,-116.777,482.2
2006,"2006-07-16",100,2,49.22,-116.831,83
2006,"2006-07-16",500,2,49.232,-116.821,497.1
2006,"2006-07-16",100,3,49.248,-116.847,117.9
2006,"2006-07-16",500,3,49.263,-116.832,548.6
2006,"2006-07-16",100,4,49.284,-116.842,170.7
2006,"2006-07-16",500,4,49.298,-116.843,612.3
2006,"2006-07-16",100,5,49.335,-116.838,213.7
2006,"2006-07-16",500,5,49.344,-116.883,662.6
2006,"2006-07-16",100,6,49.402,-116.835,245.1
2006,"2006-07-16",500,6,49.397,-116.956,698.9
2006,"2006-07-16",100,7,49.47,-116.841,278.8
2006,"2006-07-16",500,7,49.447,-117.055,738.8
2006,"2006-07-16",100,8,49.527,-116.873,332.6
2006,"2006-07-16",500,8,49.479,-117.191,798.3
2006,"2006-07-16",100,9,49.578,-116.941,407.8
2006,"2006-07-16",500,9,49.494,-117.362,876.7
2006,"2006-07-16",100,10,49.641,-117.047,495.9
2006,"2006-07-16",500,10,49.514,-117.562,961.8
2006,"2006-07-16",100,11,49.739,-117.185,578
2006,"2006-07-16",500,11,49.534,-117.793,1039.1
2006,"2006-07-16",100,12,49.862,-117.368,628.9
2006,"2006-07-16",500,12,49.552,-118.03,1107.3
2006,"2006-07-17",100,0,49.168,-116.696,100
2006,"2006-07-17",500,0,49.168,-116.696,500
2006,"2006-07-17",100,1,49.056,-116.864,65.5
2006,"2006-07-17",500,1,49.046,-116.862,431.6
2006,"2006-07-17",100,2,48.936,-117.03,47.2
2006,"2006-07-17",500,2,48.933,-116.998,374.4
2006,"2006-07-17",100,3,48.816,-117.163,34.4
2006,"2006-07-17",500,3,48.832,-117.1,317.5
2006,"2006-07-17",100,4,48.712,-117.243,21.2
2006,"2006-07-17",500,4,48.737,-117.168,250.8
2006,"2006-07-17",100,5,48.635,-117.27,9.9
2006,"2006-07-17",500,5,48.646,-117.208,176.6
2006,"2006-07-17",100,6,48.588,-117.248,0.2
2006,"2006-07-17",500,6,48.563,-117.219,107.6
2006,"2006-07-17",100,7,48.548,-117.196,0
2006,"2006-07-17",500,7,48.492,-117.195,63.4
2006,"2006-07-17",100,8,48.499,-117.128,0
2006,"2006-07-17",500,8,48.425,-117.137,44.8
2006,"2006-07-17",100,9,48.445,-117.04,0
2006,"2006-07-17",500,9,48.362,-117.047,42.4
2006,"2006-07-17",100,10,48.391,-116.939,0.8
2006,"2006-07-17",500,10,48.302,-116.94,47.3
2006,"2006-07-17",100,11,48.342,-116.84,1.2
2006,"2006-07-17",500,11,48.245,-116.841,49.7
2006,"2006-07-17",100,12,48.297,-116.745,1.1
2006,"2006-07-17",500,12,48.189,-116.753,49
2006,"2006-07-18",100,0,49.168,-116.696,100
2006,"2006-07-18",500,0,49.168,-116.696,500
2006,"2006-07-18",100,1,49.129,-116.852,109.8
2006,"2006-07-18",500,1,49.135,-116.869,497.8
2006,"2006-07-18",100,2,49.103,-116.985,115.2
2006,"2006-07-18",500,2,49.118,-117.012,486.9
2006,"2006-07-18",100,3,49.094,-117.095,119
2006,"2006-07-18",500,3,49.117,-117.127,471.2
2006,"2006-07-18",100,4,49.099,-117.18,110
2006,"2006-07-18",500,4,49.135,-117.212,445.3
2006,"2006-07-18",100,5,49.114,-117.242,80
2006,"2006-07-18",500,5,49.173,-117.266,402.5
2006,"2006-07-18",100,6,49.139,-117.283,38.6
2006,"2006-07-18",500,6,49.222,-117.294,341.2
2006,"2006-07-18",100,7,49.18,-117.322,5.8
2006,"2006-07-18",500,7,49.272,-117.317,293
2006,"2006-07-18",100,8,49.243,-117.378,0
2006,"2006-07-18",500,8,49.329,-117.352,295.5
2006,"2006-07-18",100,9,49.324,-117.453,0
2006,"2006-07-18",500,9,49.409,-117.384,365.4
2006,"2006-07-18",100,10,49.411,-117.543,4.8
2006,"2006-07-18",500,10,49.539,-117.407,499.1
2006,"2006-07-18",100,11,49.495,-117.64,10.9
2006,"2006-07-18",500,11,49.709,-117.445,628.8
2006,"2006-07-18",100,12,49.585,-117.742,22.1
2006,"2006-07-18",500,12,49.887,-117.533,698.2
2006,"2006-07-19",100,0,49.168,-116.696,100
2006,"2006-07-19",500,0,49.168,-116.696,500
2006,"2006-07-19",100,1,49.085,-116.684,107.7
2006,"2006-07-19",500,1,49.074,-116.676,507.2
2006,"2006-07-19",100,2,49.007,-116.664,112
2006,"2006-07-19",500,2,48.982,-116.649,508.9
2006,"2006-07-19",100,3,48.932,-116.63,112.4
2006,"2006-07-19",500,3,48.893,-116.612,501
2006,"2006-07-19",100,4,48.878,-116.585,112.6
2006,"2006-07-19",500,4,48.823,-116.557,492.5
2006,"2006-07-19",100,5,48.853,-116.539,117.4
2006,"2006-07-19",500,5,48.784,-116.484,498.3
2006,"2006-07-19",100,6,48.856,-116.49,128.4
2006,"2006-07-19",500,6,48.774,-116.401,521.5
2006,"2006-07-19",100,7,48.876,-116.45,144.6
2006,"2006-07-19",500,7,48.784,-116.33,556.4
2006,"2006-07-19",100,8,48.899,-116.435,165
2006,"2006-07-19",500,8,48.807,-116.29,595.2
2006,"2006-07-19",100,9,48.93,-116.446,190.7
2006,"2006-07-19",500,9,48.846,-116.276,637.5
2006,"2006-07-19",100,10,48.967,-116.477,218.8
2006,"2006-07-19",500,10,48.896,-116.281,678.6
2006,"2006-07-19",100,11,49.012,-116.516,245.7
2006,"2006-07-19",500,11,48.95,-116.305,714.2
2006,"2006-07-19",100,12,49.073,-116.56,272.2
2006,"2006-07-19",500,12,49.008,-116.345,746.3
2006,"2006-07-20",100,0,49.168,-116.696,100
2006,"2006-07-20",500,0,49.168,-116.696,500
2006,"2006-07-20",100,1,49.152,-116.727,84.2
2006,"2006-07-20",500,1,49.153,-116.715,484.1
2006,"2006-07-20",100,2,49.152,-116.754,75.6
2006,"2006-07-20",500,2,49.156,-116.725,478.5
2006,"2006-07-20",100,3,49.167,-116.773,72
2006,"2006-07-20",500,3,49.178,-116.728,483.3
2006,"2006-07-20",100,4,49.188,-116.786,74.6
2006,"2006-07-20",500,4,49.222,-116.74,505.1
2006,"2006-07-20",100,5,49.208,-116.798,86.4
2006,"2006-07-20",500,5,49.294,-116.78,551
2006,"2006-07-20",100,6,49.222,-116.812,111.6
2006,"2006-07-20",500,6,49.399,-116.853,628.3
2006,"2006-07-20",100,7,49.246,-116.843,147.5
2006,"2006-07-20",500,7,49.529,-116.976,728.2
2006,"2006-07-20",100,8,49.299,-116.89,185.3
2006,"2006-07-20",500,8,49.665,-117.161,823.4
2006,"2006-07-20",100,9,49.375,-116.95,224.3
2006,"2006-07-20",500,9,49.803,-117.41,895.1
2006,"2006-07-20",100,10,49.453,-117.02,266.4
2006,"2006-07-20",500,10,49.906,-117.691,937.4
2006,"2006-07-20",100,11,49.512,-117.102,312.6
2006,"2006-07-20",500,11,49.949,-117.967,959.3
2006,"2006-07-20",100,12,49.548,-117.202,361.2
2006,"2006-07-20",500,12,49.948,-118.239,977
2006,"2006-07-21",100,0,49.168,-116.696,100
2006,"2006-07-21",500,0,49.168,-116.696,500
2006,"2006-07-21",100,1,49.129,-116.629,90.1
2006,"2006-07-21",500,1,49.111,-116.616,493.9
2006,"2006-07-21",100,2,49.103,-116.56,83.3
2006,"2006-07-21",500,2,49.046,-116.527,488.8
2006,"2006-07-21",100,3,49.09,-116.486,79
2006,"2006-07-21",500,3,48.978,-116.433,486.4
2006,"2006-07-21",100,4,49.091,-116.395,77.9
2006,"2006-07-21",500,4,48.921,-116.297,488
2006,"2006-07-21",100,5,49.106,-116.27,82.9
2006,"2006-07-21",500,5,48.881,-116.086,493.1
2006,"2006-07-21",100,6,49.134,-116.105,95.8
2006,"2006-07-21",500,6,48.847,-115.809,499.3
2006,"2006-07-21",100,7,49.182,-115.931,112.3
2006,"2006-07-21",500,7,48.814,-115.526,521.5
2006,"2006-07-21",100,8,49.251,-115.782,131.1
2006,"2006-07-21",500,8,48.792,-115.28,577.2
2006,"2006-07-21",100,9,49.343,-115.654,161.4
2006,"2006-07-21",500,9,48.791,-115.079,654.6
2006,"2006-07-21",100,10,49.429,-115.552,202.8
2006,"2006-07-21",500,10,48.796,-114.928,732.6
2006,"2006-07-21",100,11,49.477,-115.478,238.5
2006,"2006-07-21",500,11,48.778,-114.823,802.7
2006,"2006-07-21",100,12,49.484,-115.43,261.1
2006,"2006-07-21",500,12,48.73,-114.758,868.9
2006,"2006-07-22",100,0,49.168,-116.696,100
2006,"2006-07-22",500,0,49.168,-116.696,500
2006,"2006-07-22",100,1,49.179,-116.713,75.1
2006,"2006-07-22",500,1,49.176,-116.708,465.5
2006,"2006-07-22",100,2,49.198,-116.71,67.3
2006,"2006-07-22",500,2,49.179,-116.696,450.5
2006,"2006-07-22",100,3,49.225,-116.688,74.6
2006,"2006-07-22",500,3,49.178,-116.661,455.3
2006,"2006-07-22",100,4,49.246,-116.639,96.9
2006,"2006-07-22",500,4,49.165,-116.596,475.8
2006,"2006-07-22",100,5,49.245,-116.546,131.7
2006,"2006-07-22",500,5,49.138,-116.495,506.2
2006,"2006-07-22",100,6,49.229,-116.408,176.7
2006,"2006-07-22",500,6,49.1,-116.36,542.8
2006,"2006-07-22",100,7,49.22,-116.249,209.5
2006,"2006-07-22",500,7,49.06,-116.222,564.4
2006,"2006-07-22",100,8,49.23,-116.1,212.1
2006,"2006-07-22",500,8,49.021,-116.11,557.7
2006,"2006-07-22",100,9,49.251,-115.962,186.9
2006,"2006-07-22",500,9,48.986,-116.021,527.5
2006,"2006-07-22",100,10,49.275,-115.851,150.2
2006,"2006-07-22",500,10,48.947,-115.944,480.6
2006,"2006-07-22",100,11,49.295,-115.774,117.1
2006,"2006-07-22",500,11,48.902,-115.869,423.1
2006,"2006-07-22",100,12,49.309,-115.719,89.1
2006,"2006-07-22",500,12,48.858,-115.799,358.3
2006,"2006-07-23",100,0,49.168,-116.696,100
2006,"2006-07-23",500,0,49.168,-116.696,500
2006,"2006-07-23",100,1,49.153,-116.758,92.8
2006,"2006-07-23",500,1,49.157,-116.766,495.8
2006,"2006-07-23",100,2,49.137,-116.815,105.2
2006,"2006-07-23",500,2,49.142,-116.842,514
2006,"2006-07-23",100,3,49.117,-116.867,139
2006,"2006-07-23",500,3,49.124,-116.928,554.1
2006,"2006-07-23",100,4,49.101,-116.906,178.7
2006,"2006-07-23",500,4,49.112,-117.011,598.2
2006,"2006-07-23",100,5,49.097,-116.923,205.8
2006,"2006-07-23",500,5,49.114,-117.068,628.9
2006,"2006-07-23",100,6,49.107,-116.919,218.7
2006,"2006-07-23",500,6,49.128,-117.098,646.2
2006,"2006-07-23",100,7,49.125,-116.916,221.7
2006,"2006-07-23",500,7,49.152,-117.128,653
2006,"2006-07-23",100,8,49.146,-116.936,220.5
2006,"2006-07-23",500,8,49.184,-117.186,654.5
2006,"2006-07-23",100,9,49.17,-116.978,214.3
2006,"2006-07-23",500,9,49.224,-117.273,651.2
2006,"2006-07-23",100,10,49.193,-117.031,198.7
2006,"2006-07-23",500,10,49.268,-117.377,638.3
2006,"2006-07-23",100,11,49.215,-117.085,170.9
2006,"2006-07-23",500,11,49.311,-117.485,610.2
2006,"2006-07-23",100,12,49.237,-117.135,133.2
2006,"2006-07-23",500,12,49.354,-117.594,566.2
2006,"2006-07-24",100,0,49.168,-116.696,100
2006,"2006-07-24",500,0,49.168,-116.696,500
2006,"2006-07-24",100,1,49.202,-116.777,72.1
2006,"2006-07-24",500,1,49.206,-116.781,442.6
2006,"2006-07-24",100,2,49.242,-116.831,52.3
2006,"2006-07-24",500,2,49.237,-116.825,386.3
2006,"2006-07-24",100,3,49.291,-116.86,38.2
2006,"2006-07-24",500,3,49.262,-116.836,334.4
2006,"2006-07-24",100,4,49.345,-116.866,30.4
2006,"2006-07-24",500,4,49.286,-116.828,301.7
2006,"2006-07-24",100,5,49.402,-116.847,30.5
2006,"2006-07-24",500,5,49.315,-116.808,302
2006,"2006-07-24",100,6,49.461,-116.802,40.3
2006,"2006-07-24",500,6,49.35,-116.773,336.7
2006,"2006-07-24",100,7,49.524,-116.744,56.4
2006,"2006-07-24",500,7,49.393,-116.731,385.2
2006,"2006-07-24",100,8,49.59,-116.687,70.6
2006,"2006-07-24",500,8,49.449,-116.7,425.1
2006,"2006-07-24",100,9,49.657,-116.649,80.9
2006,"2006-07-24",500,9,49.532,-116.69,455
2006,"2006-07-24",100,10,49.724,-116.639,83.9
2006,"2006-07-24",500,10,49.631,-116.708,475.5
2006,"2006-07-24",100,11,49.787,-116.655,76.9
2006,"2006-07-24",500,11,49.72,-116.751,486.7
2006,"2006-07-24",100,12,49.846,-116.691,57.7
2006,"2006-07-24",500,12,49.793,-116.817,484.9
2006,"2006-07-25",100,0,49.168,-116.696,100
2006,"2006-07-25",500,0,49.168,-116.696,500
2006,"2006-07-25",100,1,49.126,-116.807,74.2
2006,"2006-07-25",500,1,49.125,-116.796,439.5
2006,"2006-07-25",100,2,49.076,-116.885,62.4
2006,"2006-07-25",500,2,49.069,-116.853,402
2006,"2006-07-25",100,3,49.015,-116.924,62.6
2006,"2006-07-25",500,3,49.001,-116.865,385
2006,"2006-07-25",100,4,48.946,-116.934,60.3
2006,"2006-07-25",500,4,48.923,-116.864,363
2006,"2006-07-25",100,5,48.871,-116.942,41.2
2006,"2006-07-25",500,5,48.839,-116.873,312.4
2006,"2006-07-25",100,6,48.787,-116.95,13.6
2006,"2006-07-25",500,6,48.744,-116.9,234.3
2006,"2006-07-25",100,7,48.696,-116.959,0
2006,"2006-07-25",500,7,48.642,-116.918,156.2
2006,"2006-07-25",100,8,48.599,-116.974,0
2006,"2006-07-25",500,8,48.536,-116.92,104.3
2006,"2006-07-25",100,9,48.497,-117,0
2006,"2006-07-25",500,9,48.416,-116.932,74.9
2006,"2006-07-25",100,10,48.403,-117.047,0
2006,"2006-07-25",500,10,48.291,-116.977,57.2
2006,"2006-07-25",100,11,48.331,-117.117,0
2006,"2006-07-25",500,11,48.174,-117.054,44.6
2006,"2006-07-25",100,12,48.283,-117.208,0
2006,"2006-07-25",500,12,48.068,-117.171,35.5
2006,"2006-07-26",100,0,49.168,-116.696,100
2006,"2006-07-26",500,0,49.168,-116.696,500
2006,"2006-07-26",100,1,49.154,-116.814,111.3
2006,"2006-07-26",500,1,49.147,-116.826,517.4
2006,"2006-07-26",100,2,49.142,-116.914,121.2
2006,"2006-07-26",500,2,49.132,-116.958,523.5
2006,"2006-07-26",100,3,49.133,-117.006,130.3
2006,"2006-07-26",500,3,49.125,-117.091,523.1
2006,"2006-07-26",100,4,49.13,-117.081,132.1
2006,"2006-07-26",500,4,49.123,-117.205,515.1
2006,"2006-07-26",100,5,49.135,-117.128,119.2
2006,"2006-07-26",500,5,49.123,-117.279,494.3
2006,"2006-07-26",100,6,49.153,-117.149,92.7
2006,"2006-07-26",500,6,49.127,-117.313,461
2006,"2006-07-26",100,7,49.192,-117.158,73.5
2006,"2006-07-26",500,7,49.149,-117.321,437.8
2006,"2006-07-26",100,8,49.25,-117.171,72.9
2006,"2006-07-26",500,8,49.197,-117.321,446.2
2006,"2006-07-26",100,9,49.324,-117.184,90.2
2006,"2006-07-26",500,9,49.268,-117.307,488
2006,"2006-07-26",100,10,49.407,-117.194,123.9
2006,"2006-07-26",500,10,49.363,-117.279,557.6
2006,"2006-07-26",100,11,49.492,-117.204,169.4
2006,"2006-07-26",500,11,49.481,-117.246,653.2
2006,"2006-07-26",100,12,49.581,-117.211,232.1
2006,"2006-07-26",500,12,49.617,-117.219,770.9
2006,"2006-07-27",100,0,49.168,-116.696,100
2006,"2006-07-27",500,0,49.168,-116.696,500
2006,"2006-07-27",100,1,49.119,-116.805,105.3
2006,"2006-07-27",500,1,49.108,-116.814,496.4
2006,"2006-07-27",100,2,49.068,-116.879,141.4
2006,"2006-07-27",500,2,49.042,-116.933,523.9
2006,"2006-07-27",100,3,49.013,-116.925,210.2
2006,"2006-07-27",500,3,48.97,-117.083,575.6
2006,"2006-07-27",100,4,48.965,-116.95,276.2
2006,"2006-07-27",500,4,48.899,-117.243,622.4
2006,"2006-07-27",100,5,48.935,-116.957,307.5
2006,"2006-07-27",500,5,48.84,-117.363,642.1
2006,"2006-07-27",100,6,48.921,-116.948,305.8
2006,"2006-07-27",500,6,48.799,-117.444,641.8
2006,"2006-07-27",100,7,48.919,-116.943,306.5
2006,"2006-07-27",500,7,48.788,-117.507,655
2006,"2006-07-27",100,8,48.929,-116.962,343.7
2006,"2006-07-27",500,8,48.807,-117.585,710.9
2006,"2006-07-27",100,9,48.948,-117.009,418.5
2006,"2006-07-27",500,9,48.84,-117.687,805.4
2006,"2006-07-27",100,10,48.981,-117.088,505.2
2006,"2006-07-27",500,10,48.879,-117.81,906.4
2006,"2006-07-27",100,11,49.041,-117.202,579.4
2006,"2006-07-27",500,11,48.939,-117.948,985.1
2006,"2006-07-27",100,12,49.14,-117.359,645.6
2006,"2006-07-27",500,12,49.011,-118.107,1042.1
2006,"2006-07-28",100,0,49.168,-116.696,100
2006,"2006-07-28",500,0,49.168,-116.696,500
2006,"2006-07-28",100,1,49.055,-116.727,86.3
2006,"2006-07-28",500,1,49.054,-116.718,458.2
2006,"2006-07-28",100,2,48.927,-116.757,54.5
2006,"2006-07-28",500,2,48.931,-116.723,390.8
2006,"2006-07-28",100,3,48.774,-116.812,13.3
2006,"2006-07-28",500,3,48.794,-116.716,287.2
2006,"2006-07-28",100,4,48.621,-116.865,0
2006,"2006-07-28",500,4,48.652,-116.711,177.2
2006,"2006-07-28",100,5,48.484,-116.895,0
2006,"2006-07-28",500,5,48.526,-116.709,104.5
2006,"2006-07-28",100,6,48.361,-116.912,0
2006,"2006-07-28",500,6,48.42,-116.705,69.7
2006,"2006-07-28",100,7,48.251,-116.938,0
2006,"2006-07-28",500,7,48.318,-116.715,51
2006,"2006-07-28",100,8,48.148,-117.004,0
2006,"2006-07-28",500,8,48.207,-116.755,35
2006,"2006-07-28",100,9,48.05,-117.11,0
2006,"2006-07-28",500,9,48.086,-116.832,21.6
2006,"2006-07-28",100,10,47.961,-117.244,0
2006,"2006-07-28",500,10,47.972,-116.938,14
2006,"2006-07-28",100,11,47.878,-117.382,0
2006,"2006-07-28",500,11,47.875,-117.057,12.2
2006,"2006-07-28",100,12,47.8,-117.519,4.1
2006,"2006-07-28",500,12,47.789,-117.178,12.7
2006,"2006-07-29",100,0,49.168,-116.696,100
2006,"2006-07-29",500,0,49.168,-116.696,500
2006,"2006-07-29",100,1,49.057,-116.815,60.9
2006,"2006-07-29",500,1,49.055,-116.814,425
2006,"2006-07-29",100,2,48.924,-116.933,37.3
2006,"2006-07-29",500,2,48.947,-116.89,365.8
2006,"2006-07-29",100,3,48.777,-117.045,20.5
2006,"2006-07-29",500,3,48.84,-116.929,311
2006,"2006-07-29",100,4,48.633,-117.126,0
2006,"2006-07-29",500,4,48.73,-116.958,240.6
2006,"2006-07-29",100,5,48.503,-117.155,0
2006,"2006-07-29",500,5,48.621,-116.987,150
2006,"2006-07-29",100,6,48.382,-117.13,0
2006,"2006-07-29",500,6,48.511,-116.999,70.3
2006,"2006-07-29",100,7,48.256,-117.109,0
2006,"2006-07-29",500,7,48.388,-116.991,29.2
2006,"2006-07-29",100,8,48.128,-117.147,0
2006,"2006-07-29",500,8,48.253,-116.994,17.4
2006,"2006-07-29",100,9,48.01,-117.237,0
2006,"2006-07-29",500,9,48.122,-117.041,12.9
2006,"2006-07-29",100,10,47.893,-117.347,0
2006,"2006-07-29",500,10,48.002,-117.128,11
2006,"2006-07-29",100,11,47.774,-117.458,1.6
2006,"2006-07-29",500,11,47.889,-117.237,10.5
2006,"2006-07-29",100,12,47.664,-117.593,9.4
2006,"2006-07-29",500,12,47.782,-117.352,12
2006,"2006-07-30",100,0,49.168,-116.696,100
2006,"2006-07-30",500,0,49.168,-116.696,500
2006,"2006-07-30",100,1,49.007,-116.993,71.6
2006,"2006-07-30",500,1,48.988,-117.012,423.8
2006,"2006-07-30",100,2,48.851,-117.235,46.5
2006,"2006-07-30",500,2,48.832,-117.248,349.9
2006,"2006-07-30",100,3,48.702,-117.415,31.4
2006,"2006-07-30",500,3,48.698,-117.401,260
2006,"2006-07-30",100,4,48.562,-117.541,25.2
2006,"2006-07-30",500,4,48.577,-117.506,191.3
2006,"2006-07-30",100,5,48.433,-117.643,26.8
2006,"2006-07-30",500,5,48.461,-117.6,157.4
2006,"2006-07-30",100,6,48.302,-117.765,34.8
2006,"2006-07-30",500,6,48.337,-117.734,150.8
2006,"2006-07-30",100,7,48.168,-117.935,39.6
2006,"2006-07-30",500,7,48.199,-117.938,149.3
2006,"2006-07-30",100,8,48.062,-118.141,34.2
2006,"2006-07-30",500,8,48.07,-118.174,131.7
2006,"2006-07-30",100,9,47.984,-118.343,24
2006,"2006-07-30",500,9,47.956,-118.411,96.1
2006,"2006-07-30",100,10,47.921,-118.528,14.4
2006,"2006-07-30",500,10,47.842,-118.622,60.1
2006,"2006-07-30",100,11,47.866,-118.714,7.1
2006,"2006-07-30",500,11,47.749,-118.828,37.7
2006,"2006-07-30",100,12,47.816,-118.908,1.2
2006,"2006-07-30",500,12,47.689,-119.037,25.4
2006,"2006-07-31",100,0,49.168,-116.696,100
2006,"2006-07-31",500,0,49.168,-116.696,500
2006,"2006-07-31",100,1,49.125,-116.782,120.1
2006,"2006-07-31",500,1,49.122,-116.791,530.7
2006,"2006-07-31",100,2,49.084,-116.852,130.2
2006,"2006-07-31",500,2,49.078,-116.879,548.1
2006,"2006-07-31",100,3,49.047,-116.911,125.2
2006,"2006-07-31",500,3,49.036,-116.96,548.9
2006,"2006-07-31",100,4,49.021,-116.955,126.4
2006,"2006-07-31",500,4,49.009,-117.027,560.4
2006,"2006-07-31",100,5,49.016,-116.977,158.7
2006,"2006-07-31",500,5,49.01,-117.08,614
2006,"2006-07-31",100,6,49.031,-116.98,226.7
2006,"2006-07-31",500,6,49.04,-117.129,710.4
2006,"2006-07-31",100,7,49.067,-116.989,316.9
2006,"2006-07-31",500,7,49.092,-117.213,828
2006,"2006-07-31",100,8,49.13,-117.034,410.7
2006,"2006-07-31",500,8,49.154,-117.337,949.1
2006,"2006-07-31",100,9,49.22,-117.121,508
2006,"2006-07-31",500,9,49.216,-117.489,1079.1
2006,"2006-07-31",100,10,49.328,-117.27,610.2
2006,"2006-07-31",500,10,49.276,-117.672,1204.8
2006,"2006-07-31",100,11,49.439,-117.481,713.5
2006,"2006-07-31",500,11,49.337,-117.888,1302.7
2006,"2006-07-31",100,12,49.554,-117.758,794.9
2006,"2006-07-31",500,12,49.4,-118.129,1365.5
2006,"2006-08-01",100,0,49.168,-116.696,100
2006,"2006-08-01",500,0,49.168,-116.696,500
2006,"2006-08-01",100,1,49.148,-116.859,108.2
2006,"2006-08-01",500,1,49.151,-116.874,500.9
2006,"2006-08-01",100,2,49.137,-116.973,134.2
2006,"2006-08-01",500,2,49.138,-117.005,519.6
2006,"2006-08-01",100,3,49.133,-117.04,180.8
2006,"2006-08-01",500,3,49.129,-117.094,560.2
2006,"2006-08-01",100,4,49.131,-117.079,223.4
2006,"2006-08-01",500,4,49.118,-117.171,598
2006,"2006-08-01",100,5,49.128,-117.104,236.9
2006,"2006-08-01",500,5,49.104,-117.253,606.1
2006,"2006-08-01",100,6,49.125,-117.117,220.7
2006,"2006-08-01",500,6,49.087,-117.335,584.7
2006,"2006-08-01",100,7,49.127,-117.133,199.6
2006,"2006-08-01",500,7,49.082,-117.413,563.9
2006,"2006-08-01",100,8,49.141,-117.164,197.6
2006,"2006-08-01",500,8,49.104,-117.492,575
2006,"2006-08-01",100,9,49.166,-117.208,215.5
2006,"2006-08-01",500,9,49.155,-117.573,619.7
2006,"2006-08-01",100,10,49.196,-117.261,246.8
2006,"2006-08-01",500,10,49.222,-117.659,681
2006,"2006-08-01",100,11,49.229,-117.32,282.8
2006,"2006-08-01",500,11,49.29,-117.756,738.8
2006,"2006-08-01",100,12,49.268,-117.389,323.2
2006,"2006-08-01",500,12,49.357,-117.866,792
2006,"2006-08-02",100,0,49.168,-116.696,100
2006,"2006-08-02",500,0,49.168,-116.696,500
2006,"2006-08-02",100,1,49.087,-116.895,75.9
2006,"2006-08-02",500,1,49.083,-116.91,459.3
2006,"2006-08-02",100,2,49.017,-117.074,60.5
2006,"2006-08-02",500,2,49.005,-117.086,427
2006,"2006-08-02",100,3,48.964,-117.219,51.5
2006,"2006-08-02",500,3,48.942,-117.218,403.6
2006,"2006-08-02",100,4,48.938,-117.319,43.8
2006,"2006-08-02",500,4,48.899,-117.31,378.1
2006,"2006-08-02",100,5,48.94,-117.385,33.9
2006,"2006-08-02",500,5,48.888,-117.374,343.3
2006,"2006-08-02",100,6,48.967,-117.429,22.5
2006,"2006-08-02",500,6,48.909,-117.415,303.6
2006,"2006-08-02",100,7,49.015,-117.472,12.9
2006,"2006-08-02",500,7,48.954,-117.449,274.9
2006,"2006-08-02",100,8,49.082,-117.527,6.5
2006,"2006-08-02",500,8,49.011,-117.488,270.6
2006,"2006-08-02",100,9,49.165,-117.58,4.7
2006,"2006-08-02",500,9,49.075,-117.534,292.3
2006,"2006-08-02",100,10,49.252,-117.637,6.3
2006,"2006-08-02",500,10,49.157,-117.605,325.5
2006,"2006-08-02",100,11,49.338,-117.711,8.3
2006,"2006-08-02",500,11,49.282,-117.722,357.6
2006,"2006-08-02",100,12,49.429,-117.809,11.9
2006,"2006-08-02",500,12,49.454,-117.89,405.4
2006,"2006-08-03",100,0,49.168,-116.696,100
2006,"2006-08-03",500,0,49.168,-116.696,500
2006,"2006-08-03",100,1,49.148,-116.746,79.3
2006,"2006-08-03",500,1,49.151,-116.753,482.6
2006,"2006-08-03",100,2,49.128,-116.763,68.5
2006,"2006-08-03",500,2,49.131,-116.775,473.4
2006,"2006-08-03",100,3,49.108,-116.744,64.9
2006,"2006-08-03",500,3,49.108,-116.762,471
2006,"2006-08-03",100,4,49.098,-116.704,60.6
2006,"2006-08-03",500,4,49.089,-116.729,463.9
2006,"2006-08-03",100,5,49.11,-116.661,50.3
2006,"2006-08-03",500,5,49.079,-116.694,444.1
2006,"2006-08-03",100,6,49.144,-116.615,35.6
2006,"2006-08-03",500,6,49.082,-116.654,413
2006,"2006-08-03",100,7,49.191,-116.554,24.2
2006,"2006-08-03",500,7,49.098,-116.605,387.1
2006,"2006-08-03",100,8,49.238,-116.474,19.3
2006,"2006-08-03",500,8,49.122,-116.548,381.5
2006,"2006-08-03",100,9,49.284,-116.379,20.2
2006,"2006-08-03",500,9,49.154,-116.488,395.4
2006,"2006-08-03",100,10,49.325,-116.313,26.4
2006,"2006-08-03",500,10,49.184,-116.451,420
2006,"2006-08-03",100,11,49.362,-116.304,38.4
2006,"2006-08-03",500,11,49.21,-116.465,448.8
2006,"2006-08-03",100,12,49.394,-116.347,59.2
2006,"2006-08-03",500,12,49.231,-116.524,482.1
2006,"2006-08-04",100,0,49.168,-116.696,100
2006,"2006-08-04",500,0,49.168,-116.696,500
2006,"2006-08-04",100,1,49.206,-116.903,93
2006,"2006-08-04",500,1,49.194,-116.909,487.3
2006,"2006-08-04",100,2,49.23,-117.082,93.5
2006,"2006-08-04",500,2,49.207,-117.093,485.2
2006,"2006-08-04",100,3,49.246,-117.234,106.3
2006,"2006-08-04",500,3,49.213,-117.256,500.1
2006,"2006-08-04",100,4,49.266,-117.357,116.9
2006,"2006-08-04",500,4,49.225,-117.427,506.9
2006,"2006-08-04",100,5,49.295,-117.452,108.1
2006,"2006-08-04",500,5,49.264,-117.611,483.8
2006,"2006-08-04",100,6,49.331,-117.528,83.3
2006,"2006-08-04",500,6,49.336,-117.791,436.9
2006,"2006-08-04",100,7,49.364,-117.609,58.4
2006,"2006-08-04",500,7,49.415,-117.957,388.1
2006,"2006-08-04",100,8,49.384,-117.707,42.8
2006,"2006-08-04",500,8,49.465,-118.118,351.4
2006,"2006-08-04",100,9,49.389,-117.815,34.4
2006,"2006-08-04",500,9,49.483,-118.288,326.3
2006,"2006-08-04",100,10,49.386,-117.917,30.3
2006,"2006-08-04",500,10,49.502,-118.482,314.5
2006,"2006-08-04",100,11,49.381,-117.999,28.1
2006,"2006-08-04",500,11,49.545,-118.718,311.4
2006,"2006-08-04",100,12,49.374,-118.062,27.2
2006,"2006-08-04",500,12,49.611,-118.977,316.1
2006,"2006-08-05",100,0,49.168,-116.696,100
2006,"2006-08-05",500,0,49.168,-116.696,500
2006,"2006-08-05",100,1,49.174,-116.777,90.9
2006,"2006-08-05",500,1,49.179,-116.786,499.7
2006,"2006-08-05",100,2,49.185,-116.836,89.4
2006,"2006-08-05",500,2,49.196,-116.852,506.6
2006,"2006-08-05",100,3,49.202,-116.873,95.3
2006,"2006-08-05",500,3,49.219,-116.896,521.8
2006,"2006-08-05",100,4,49.224,-116.902,100.9
2006,"2006-08-05",500,4,49.26,-116.925,538.7
2006,"2006-08-05",100,5,49.251,-116.934,97.1
2006,"2006-08-05",500,5,49.329,-116.946,553.1
2006,"2006-08-05",100,6,49.282,-116.963,84.7
2006,"2006-08-05",500,6,49.429,-116.962,570.2
2006,"2006-08-05",100,7,49.333,-116.986,74.8
2006,"2006-08-05",500,7,49.569,-116.991,606.9
2006,"2006-08-05",100,8,49.419,-117.004,76.5
2006,"2006-08-05",500,8,49.746,-117.057,667.4
2006,"2006-08-05",100,9,49.545,-117.022,91.7
2006,"2006-08-05",500,9,49.947,-117.168,739.1
2006,"2006-08-05",100,10,49.694,-117.06,115.7
2006,"2006-08-05",500,10,50.134,-117.315,780
2006,"2006-08-05",100,11,49.845,-117.143,133.8
2006,"2006-08-05",500,11,50.295,-117.478,776
2006,"2006-08-05",100,12,49.953,-117.255,127.2
2006,"2006-08-05",500,12,50.439,-117.638,765.2
2006,"2006-08-06",100,0,49.168,-116.696,100
2006,"2006-08-06",500,0,49.168,-116.696,500
2006,"2006-08-06",100,1,49.105,-116.735,58.5
2006,"2006-08-06",500,1,49.093,-116.745,446.7
2006,"2006-08-06",100,2,49.046,-116.733,40.4
2006,"2006-08-06",500,2,49.019,-116.738,411.2
2006,"2006-08-06",100,3,48.999,-116.685,34.1
2006,"2006-08-06",500,3,48.949,-116.675,389.8
2006,"2006-08-06",100,4,48.975,-116.604,32.9
2006,"2006-08-06",500,4,48.893,-116.578,379
2006,"2006-08-06",100,5,48.98,-116.509,34.6
2006,"2006-08-06",500,5,48.856,-116.47,378.2
2006,"2006-08-06",100,6,49.01,-116.399,39
2006,"2006-08-06",500,6,48.837,-116.358,389.6
2006,"2006-08-06",100,7,49.048,-116.283,46.6
2006,"2006-08-06",500,7,48.829,-116.252,406.2
2006,"2006-08-06",100,8,49.085,-116.162,54
2006,"2006-08-06",500,8,48.826,-116.155,420.1
2006,"2006-08-06",100,9,49.117,-116.037,58.9
2006,"2006-08-06",500,9,48.82,-116.068,430.2
2006,"2006-08-06",100,10,49.138,-115.929,61.5
2006,"2006-08-06",500,10,48.805,-116.006,434.3
2006,"2006-08-06",100,11,49.144,-115.852,61.5
2006,"2006-08-06",500,11,48.776,-115.98,432.8
2006,"2006-08-06",100,12,49.132,-115.803,58.6
2006,"2006-08-06",500,12,48.736,-115.984,425.9
2006,"2006-08-07",100,0,49.168,-116.696,100
2006,"2006-08-07",500,0,49.168,-116.696,500
2006,"2006-08-07",100,1,49.08,-116.744,102.2
2006,"2006-08-07",500,1,49.075,-116.747,491
2006,"2006-08-07",100,2,49.007,-116.754,130
2006,"2006-08-07",500,2,48.983,-116.78,514.6
2006,"2006-08-07",100,3,48.946,-116.73,186.3
2006,"2006-08-07",500,3,48.882,-116.808,563.3
2006,"2006-08-07",100,4,48.895,-116.676,239.3
2006,"2006-08-07",500,4,48.773,-116.849,600.4
2006,"2006-08-07",100,5,48.86,-116.599,253.5
2006,"2006-08-07",500,5,48.673,-116.897,595.7
2006,"2006-08-07",100,6,48.848,-116.5,230.8
2006,"2006-08-07",500,6,48.588,-116.927,552.5
2006,"2006-08-07",100,7,48.859,-116.383,195.5
2006,"2006-08-07",500,7,48.514,-116.908,492.4
2006,"2006-08-07",100,8,48.882,-116.245,166.5
2006,"2006-08-07",500,8,48.444,-116.838,437
2006,"2006-08-07",100,9,48.916,-116.08,142.6
2006,"2006-08-07",500,9,48.374,-116.737,388.5
2006,"2006-08-07",100,10,48.939,-115.916,128.7
2006,"2006-08-07",500,10,48.287,-116.633,357.3
2006,"2006-08-07",100,11,48.928,-115.775,128.7
2006,"2006-08-07",500,11,48.169,-116.551,353.4
2006,"2006-08-07",100,12,48.879,-115.651,140.3
2006,"2006-08-07",500,12,48.022,-116.488,373.8
2006,"2006-08-08",100,0,49.168,-116.696,100
2006,"2006-08-08",500,0,49.168,-116.696,500
2006,"2006-08-08",100,1,49.205,-116.776,109.2
2006,"2006-08-08",500,1,49.201,-116.774,518.9
2006,"2006-08-08",100,2,49.23,-116.83,117.3
2006,"2006-08-08",500,2,49.217,-116.81,539.2
2006,"2006-08-08",100,3,49.24,-116.855,124.7
2006,"2006-08-08",500,3,49.217,-116.803,562.1
2006,"2006-08-08",100,4,49.256,-116.869,131.4
2006,"2006-08-08",500,4,49.222,-116.796,585.9
2006,"2006-08-08",100,5,49.297,-116.887,137.4
2006,"2006-08-08",500,5,49.251,-116.836,606.8
2006,"2006-08-08",100,6,49.364,-116.909,144
2006,"2006-08-08",500,6,49.306,-116.923,622.3
2006,"2006-08-08",100,7,49.44,-116.922,156.4
2006,"2006-08-08",500,7,49.366,-117.032,639.8
2006,"2006-08-08",100,8,49.508,-116.919,179.6
2006,"2006-08-08",500,8,49.412,-117.142,665
2006,"2006-08-08",100,9,49.566,-116.907,213.6
2006,"2006-08-08",500,9,49.44,-117.253,697
2006,"2006-08-08",100,10,49.61,-116.896,251.5
2006,"2006-08-08",500,10,49.447,-117.364,731.7
2006,"2006-08-08",100,11,49.633,-116.892,287.9
2006,"2006-08-08",500,11,49.435,-117.476,765.3
2006,"2006-08-08",100,12,49.636,-116.9,324.2
2006,"2006-08-08",500,12,49.408,-117.589,797.5
2006,"2006-08-09",100,0,49.168,-116.696,100
2006,"2006-08-09",500,0,49.168,-116.696,500
2006,"2006-08-09",100,1,49.073,-116.832,67.9
2006,"2006-08-09",500,1,49.062,-116.835,454.1
2006,"2006-08-09",100,2,48.998,-116.976,60.4
2006,"2006-08-09",500,2,48.975,-116.955,438.2
2006,"2006-08-09",100,3,48.947,-117.11,67.9
2006,"2006-08-09",500,3,48.907,-117.056,447.7
2006,"2006-08-09",100,4,48.918,-117.213,82.8
2006,"2006-08-09",500,4,48.866,-117.154,462.1
2006,"2006-08-09",100,5,48.915,-117.291,92.1
2006,"2006-08-09",500,5,48.863,-117.259,460.9
2006,"2006-08-09",100,6,48.943,-117.353,92
2006,"2006-08-09",500,6,48.903,-117.364,446.1
2006,"2006-08-09",100,7,48.991,-117.41,95.2
2006,"2006-08-09",500,7,48.974,-117.458,440.6
2006,"2006-08-09",100,8,49.053,-117.469,117.3
2006,"2006-08-09",500,8,49.064,-117.546,468
2006,"2006-08-09",100,9,49.115,-117.526,161.6
2006,"2006-08-09",500,9,49.176,-117.635,536.8
2006,"2006-08-09",100,10,49.183,-117.59,210.7
2006,"2006-08-09",500,10,49.306,-117.719,623.8
2006,"2006-08-09",100,11,49.28,-117.672,248.9
2006,"2006-08-09",500,11,49.448,-117.808,705.9
2006,"2006-08-09",100,12,49.418,-117.775,282
2006,"2006-08-09",500,12,49.576,-117.916,753
2006,"2006-08-10",100,0,49.168,-116.696,100
2006,"2006-08-10",500,0,49.168,-116.696,500
2006,"2006-08-10",100,1,49.033,-116.798,61.9
2006,"2006-08-10",500,1,49.014,-116.815,412.7
2006,"2006-08-10",100,2,48.895,-116.871,36.4
2006,"2006-08-10",500,2,48.863,-116.883,331.7
2006,"2006-08-10",100,3,48.754,-116.92,20.3
2006,"2006-08-10",500,3,48.714,-116.899,254.5
2006,"2006-08-10",100,4,48.63,-116.944,9.6
2006,"2006-08-10",500,4,48.587,-116.881,187.4
2006,"2006-08-10",100,5,48.54,-116.934,2.9
2006,"2006-08-10",500,5,48.505,-116.848,138.4
2006,"2006-08-10",100,6,48.483,-116.881,0
2006,"2006-08-10",500,6,48.469,-116.796,107.9
2006,"2006-08-10",100,7,48.436,-116.801,0
2006,"2006-08-10",500,7,48.447,-116.72,97.9
2006,"2006-08-10",100,8,48.372,-116.706,3.9
2006,"2006-08-10",500,8,48.411,-116.62,110.5
2006,"2006-08-10",100,9,48.293,-116.602,10.1
2006,"2006-08-10",500,9,48.352,-116.497,140.7
2006,"2006-08-10",100,10,48.201,-116.523,14.5
2006,"2006-08-10",500,10,48.26,-116.406,165.2
2006,"2006-08-10",100,11,48.102,-116.491,15.1
2006,"2006-08-10",500,11,48.142,-116.37,164.3
2006,"2006-08-10",100,12,47.994,-116.505,12.5
2006,"2006-08-10",500,12,48.014,-116.374,137
2006,"2006-08-11",100,0,49.168,-116.696,100
2006,"2006-08-11",500,0,49.168,-116.696,500
2006,"2006-08-11",100,1,49.166,-116.975,100.1
2006,"2006-08-11",500,1,49.157,-117.02,493.3
2006,"2006-08-11",100,2,49.171,-117.225,76.6
2006,"2006-08-11",500,2,49.163,-117.291,453
2006,"2006-08-11",100,3,49.194,-117.441,53.7
2006,"2006-08-11",500,3,49.191,-117.522,389.4
2006,"2006-08-11",100,4,49.235,-117.625,39.8
2006,"2006-08-11",500,4,49.241,-117.713,337.3
2006,"2006-08-11",100,5,49.29,-117.772,35.5
2006,"2006-08-11",500,5,49.31,-117.87,326
2006,"2006-08-11",100,6,49.347,-117.888,39.3
2006,"2006-08-11",500,6,49.389,-118.009,353.6
2006,"2006-08-11",100,7,49.404,-117.985,46.6
2006,"2006-08-11",500,7,49.495,-118.156,396.6
2006,"2006-08-11",100,8,49.467,-118.077,51.5
2006,"2006-08-11",500,8,49.616,-118.302,421
2006,"2006-08-11",100,9,49.542,-118.165,53.6
2006,"2006-08-11",500,9,49.724,-118.436,418.7
2006,"2006-08-11",100,10,49.622,-118.255,56.8
2006,"2006-08-11",500,10,49.81,-118.585,409.3
2006,"2006-08-11",100,11,49.7,-118.362,68.4
2006,"2006-08-11",500,11,49.881,-118.787,410
2006,"2006-08-11",100,12,49.766,-118.511,93.8
2006,"2006-08-11",500,12,49.931,-119.068,415.7
2006,"2006-08-12",100,0,49.168,-116.696,100
2006,"2006-08-12",500,0,49.168,-116.696,500
2006,"2006-08-12",100,1,49.201,-116.882,103.5
2006,"2006-08-12",500,1,49.212,-116.906,499.4
2006,"2006-08-12",100,2,49.239,-117.05,90.1
2006,"2006-08-12",500,2,49.259,-117.097,483.9
2006,"2006-08-12",100,3,49.283,-117.198,74.2
2006,"2006-08-12",500,3,49.308,-117.265,476.3
2006,"2006-08-12",100,4,49.334,-117.323,65.2
2006,"2006-08-12",500,4,49.383,-117.414,494.7
2006,"2006-08-12",100,5,49.399,-117.431,64.7
2006,"2006-08-12",500,5,49.494,-117.542,554.7
2006,"2006-08-12",100,6,49.484,-117.53,71.9
2006,"2006-08-12",500,6,49.665,-117.661,632.5
2006,"2006-08-12",100,7,49.593,-117.633,84.7
2006,"2006-08-12",500,7,49.904,-117.791,681.1
2006,"2006-08-12",100,8,49.713,-117.745,102.3
2006,"2006-08-12",500,8,50.106,-117.945,642.6
2006,"2006-08-12",100,9,49.85,-117.864,127.3
2006,"2006-08-12",500,9,50.294,-118.114,608.3
2006,"2006-08-12",100,10,49.994,-117.995,143.8
2006,"2006-08-12",500,10,50.48,-118.3,602.7
2006,"2006-08-12",100,11,50.113,-118.146,155.2
2006,"2006-08-12",500,11,50.663,-118.505,597.6
2006,"2006-08-12",100,12,50.216,-118.328,170.3
2006,"2006-08-12",500,12,50.84,-118.693,590.6
2006,"2006-08-13",100,0,49.168,-116.696,100
2006,"2006-08-13",500,0,49.168,-116.696,500
2006,"2006-08-13",100,1,49.134,-116.77,94.3
2006,"2006-08-13",500,1,49.137,-116.801,482.5
2006,"2006-08-13",100,2,49.112,-116.825,84.3
2006,"2006-08-13",500,2,49.116,-116.895,460
2006,"2006-08-13",100,3,49.1,-116.86,71.8
2006,"2006-08-13",500,3,49.108,-116.975,432.8
2006,"2006-08-13",100,4,49.097,-116.87,63.2
2006,"2006-08-13",500,4,49.117,-117.032,414.1
2006,"2006-08-13",100,5,49.103,-116.857,63.5
2006,"2006-08-13",500,5,49.142,-117.058,416
2006,"2006-08-13",100,6,49.12,-116.822,72.8
2006,"2006-08-13",500,6,49.186,-117.058,437.7
2006,"2006-08-13",100,7,49.147,-116.791,87.2
2006,"2006-08-13",500,7,49.247,-117.06,470.7
2006,"2006-08-13",100,8,49.185,-116.789,99.7
2006,"2006-08-13",500,8,49.325,-117.089,506.6
2006,"2006-08-13",100,9,49.235,-116.817,109.3
2006,"2006-08-13",500,9,49.422,-117.14,549.8
2006,"2006-08-13",100,10,49.294,-116.86,125.4
2006,"2006-08-13",500,10,49.538,-117.202,610.3
2006,"2006-08-13",100,11,49.36,-116.907,159.4
2006,"2006-08-13",500,11,49.674,-117.273,687.1
2006,"2006-08-13",100,12,49.434,-116.959,214
2006,"2006-08-13",500,12,49.824,-117.352,768.1
2006,"2006-08-14",100,0,49.168,-116.696,100
2006,"2006-08-14",500,0,49.168,-116.696,500
2006,"2006-08-14",100,1,49.105,-116.806,85.7
2006,"2006-08-14",500,1,49.106,-116.823,473.4
2006,"2006-08-14",100,2,49.05,-116.875,79.4
2006,"2006-08-14",500,2,49.05,-116.91,458.6
2006,"2006-08-14",100,3,49.003,-116.901,81.1
2006,"2006-08-14",500,3,49.004,-116.958,456
2006,"2006-08-14",100,4,48.97,-116.891,84.9
2006,"2006-08-14",500,4,48.969,-116.98,456.7
2006,"2006-08-14",100,5,48.956,-116.854,84.6
2006,"2006-08-14",500,5,48.95,-116.984,454.3
2006,"2006-08-14",100,6,48.964,-116.786,79.6
2006,"2006-08-14",500,6,48.946,-116.966,449.1
2006,"2006-08-14",100,7,48.983,-116.692,72.1
2006,"2006-08-14",500,7,48.948,-116.93,442.2
2006,"2006-08-14",100,8,49.004,-116.575,64.9
2006,"2006-08-14",500,8,48.948,-116.878,434.1
2006,"2006-08-14",100,9,49.028,-116.438,58.7
2006,"2006-08-14",500,9,48.947,-116.808,424.4
2006,"2006-08-14",100,10,49.054,-116.302,53.8
2006,"2006-08-14",500,10,48.939,-116.736,414.8
2006,"2006-08-14",100,11,49.081,-116.187,50.9
2006,"2006-08-14",500,11,48.918,-116.683,408.9
2006,"2006-08-14",100,12,49.098,-116.101,50.5
2006,"2006-08-14",500,12,48.884,-116.652,408.2
2006,"2006-08-15",100,0,49.168,-116.696,100
2006,"2006-08-15",500,0,49.168,-116.696,500
2006,"2006-08-15",100,1,49.14,-116.785,78.5
2006,"2006-08-15",500,1,49.126,-116.791,451.3
2006,"2006-08-15",100,2,49.12,-116.845,63.1
2006,"2006-08-15",500,2,49.097,-116.837,409.2
2006,"2006-08-15",100,3,49.109,-116.877,52.1
2006,"2006-08-15",500,3,49.082,-116.834,372.4
2006,"2006-08-15",100,4,49.109,-116.891,44.3
2006,"2006-08-15",500,4,49.07,-116.808,343.6
2006,"2006-08-15",100,5,49.122,-116.895,39
2006,"2006-08-15",500,5,49.05,-116.783,324.8
2006,"2006-08-15",100,6,49.153,-116.886,35.9
2006,"2006-08-15",500,6,49.024,-116.76,314.1
2006,"2006-08-15",100,7,49.206,-116.876,36.1
2006,"2006-08-15",500,7,49.007,-116.745,313.3
2006,"2006-08-15",100,8,49.278,-116.878,41.1
2006,"2006-08-15",500,8,49.013,-116.742,325.6
2006,"2006-08-15",100,9,49.359,-116.881,56.4
2006,"2006-08-15",500,9,49.044,-116.75,352.7
2006,"2006-08-15",100,10,49.426,-116.887,76.5
2006,"2006-08-15",500,10,49.083,-116.772,373.6
2006,"2006-08-15",100,11,49.473,-116.916,82.6
2006,"2006-08-15",500,11,49.111,-116.811,366.4
2006,"2006-08-15",100,12,49.507,-116.981,70.8
2006,"2006-08-15",500,12,49.125,-116.86,328.9
2007,"2007-07-01",100,0,49.168,-116.696,100
2007,"2007-07-01",500,0,49.168,-116.696,500
2007,"2007-07-01",100,1,49.084,-116.842,67.8
2007,"2007-07-01",500,1,49.079,-116.864,472.4
2007,"2007-07-01",100,2,49.006,-116.939,60.5
2007,"2007-07-01",500,2,49.003,-116.973,479.2
2007,"2007-07-01",100,3,48.943,-116.985,70.3
2007,"2007-07-01",500,3,48.943,-117.029,511.2
2007,"2007-07-01",100,4,48.898,-116.985,95.6
2007,"2007-07-01",500,4,48.89,-117.044,554.1
2007,"2007-07-01",100,5,48.868,-116.943,134.3
2007,"2007-07-01",500,5,48.833,-117.028,597.1
2007,"2007-07-01",100,6,48.847,-116.857,181.4
2007,"2007-07-01",500,6,48.77,-116.984,639.3
2007,"2007-07-01",100,7,48.836,-116.749,228.3
2007,"2007-07-01",500,7,48.712,-116.939,677.2
2007,"2007-07-01",100,8,48.834,-116.65,268.8
2007,"2007-07-01",500,8,48.668,-116.922,704.8
2007,"2007-07-01",100,9,48.845,-116.571,302.4
2007,"2007-07-01",500,9,48.638,-116.934,719.9
2007,"2007-07-01",100,10,48.851,-116.529,322.2
2007,"2007-07-01",500,10,48.603,-116.965,717.8
2007,"2007-07-01",100,11,48.836,-116.528,319.5
2007,"2007-07-01",500,11,48.547,-117.001,695.2
2007,"2007-07-01",100,12,48.8,-116.56,294
2007,"2007-07-01",500,12,48.472,-117.036,653.3
2007,"2007-07-02",100,0,49.168,-116.696,100
2007,"2007-07-02",500,0,49.168,-116.696,500
2007,"2007-07-02",100,1,49.087,-116.824,88.6
2007,"2007-07-02",500,1,49.079,-116.846,464.3
2007,"2007-07-02",100,2,48.989,-116.923,74.4
2007,"2007-07-02",500,2,48.975,-116.964,428.6
2007,"2007-07-02",100,3,48.884,-116.989,56.6
2007,"2007-07-02",500,3,48.864,-117.041,384
2007,"2007-07-02",100,4,48.787,-117.027,36.1
2007,"2007-07-02",500,4,48.766,-117.076,323.6
2007,"2007-07-02",100,5,48.706,-117.047,18.4
2007,"2007-07-02",500,5,48.687,-117.088,255.3
2007,"2007-07-02",100,6,48.641,-117.043,3.1
2007,"2007-07-02",500,6,48.623,-117.085,190.4
2007,"2007-07-02",100,7,48.578,-117.031,0
2007,"2007-07-02",500,7,48.55,-117.084,131.7
2007,"2007-07-02",100,8,48.503,-117.02,0
2007,"2007-07-02",500,8,48.461,-117.09,82.6
2007,"2007-07-02",100,9,48.419,-117.003,0
2007,"2007-07-02",500,9,48.368,-117.086,47.2
2007,"2007-07-02",100,10,48.333,-116.969,0
2007,"2007-07-02",500,10,48.282,-117.066,25.7
2007,"2007-07-02",100,11,48.247,-116.916,0
2007,"2007-07-02",500,11,48.202,-117.026,13.9
2007,"2007-07-02",100,12,48.152,-116.839,0
2007,"2007-07-02",500,12,48.114,-116.969,6.8
2007,"2007-07-03",100,0,49.168,-116.696,100
2007,"2007-07-03",500,0,49.168,-116.696,500
2007,"2007-07-03",100,1,49.078,-116.864,52.3
2007,"2007-07-03",500,1,49.085,-116.87,404.3
2007,"2007-07-03",100,2,48.975,-117.039,37.2
2007,"2007-07-03",500,2,49.009,-117.028,347.2
2007,"2007-07-03",100,3,48.868,-117.187,32.7
2007,"2007-07-03",500,3,48.939,-117.166,323.6
2007,"2007-07-03",100,4,48.77,-117.277,26.1
2007,"2007-07-03",500,4,48.869,-117.268,294.6
2007,"2007-07-03",100,5,48.691,-117.313,15.6
2007,"2007-07-03",500,5,48.798,-117.327,233.7
2007,"2007-07-03",100,6,48.636,-117.308,5
2007,"2007-07-03",500,6,48.73,-117.346,154
2007,"2007-07-03",100,7,48.589,-117.289,0
2007,"2007-07-03",500,7,48.668,-117.346,93.7
2007,"2007-07-03",100,8,48.53,-117.269,0
2007,"2007-07-03",500,8,48.607,-117.345,67
2007,"2007-07-03",100,9,48.458,-117.251,0
2007,"2007-07-03",500,9,48.542,-117.343,64.8
2007,"2007-07-03",100,10,48.371,-117.239,0
2007,"2007-07-03",500,10,48.469,-117.342,67.5
2007,"2007-07-03",100,11,48.272,-117.245,0
2007,"2007-07-03",500,11,48.388,-117.339,61.8
2007,"2007-07-03",100,12,48.168,-117.283,0
2007,"2007-07-03",500,12,48.293,-117.336,51.2
2007,"2007-07-04",100,0,49.168,-116.696,100
2007,"2007-07-04",500,0,49.168,-116.696,500
2007,"2007-07-04",100,1,49.122,-116.765,76.3
2007,"2007-07-04",500,1,49.126,-116.78,465.2
2007,"2007-07-04",100,2,49.066,-116.804,63.7
2007,"2007-07-04",500,2,49.073,-116.833,439.7
2007,"2007-07-04",100,3,49.005,-116.816,56.9
2007,"2007-07-04",500,3,49.008,-116.855,421.9
2007,"2007-07-04",100,4,48.957,-116.803,51.6
2007,"2007-07-04",500,4,48.947,-116.844,406
2007,"2007-07-04",100,5,48.939,-116.769,46.1
2007,"2007-07-04",500,5,48.911,-116.803,387.9
2007,"2007-07-04",100,6,48.953,-116.716,40.6
2007,"2007-07-04",500,6,48.904,-116.736,367.7
2007,"2007-07-04",100,7,48.984,-116.663,37.6
2007,"2007-07-04",500,7,48.917,-116.666,356.9
2007,"2007-07-04",100,8,49.019,-116.623,39.7
2007,"2007-07-04",500,8,48.94,-116.609,367.4
2007,"2007-07-04",100,9,49.054,-116.591,49.8
2007,"2007-07-04",500,9,48.97,-116.562,400.5
2007,"2007-07-04",100,10,49.089,-116.569,67.7
2007,"2007-07-04",500,10,49.015,-116.533,446.4
2007,"2007-07-04",100,11,49.129,-116.564,89
2007,"2007-07-04",500,11,49.085,-116.532,496.2
2007,"2007-07-04",100,12,49.185,-116.568,114
2007,"2007-07-04",500,12,49.177,-116.564,551.7
2007,"2007-07-05",100,0,49.168,-116.696,100
2007,"2007-07-05",500,0,49.168,-116.696,500
2007,"2007-07-05",100,1,49.087,-116.683,96.3
2007,"2007-07-05",500,1,49.075,-116.679,492.2
2007,"2007-07-05",100,2,49.005,-116.676,85.7
2007,"2007-07-05",500,2,48.972,-116.673,472.6
2007,"2007-07-05",100,3,48.928,-116.664,70.6
2007,"2007-07-05",500,3,48.863,-116.673,439.1
2007,"2007-07-05",100,4,48.874,-116.633,56.6
2007,"2007-07-05",500,4,48.773,-116.651,400.6
2007,"2007-07-05",100,5,48.855,-116.577,46.8
2007,"2007-07-05",500,5,48.717,-116.581,367.9
2007,"2007-07-05",100,6,48.867,-116.502,40.5
2007,"2007-07-05",500,6,48.692,-116.466,342.7
2007,"2007-07-05",100,7,48.895,-116.416,36.5
2007,"2007-07-05",500,7,48.688,-116.353,327.8
2007,"2007-07-05",100,8,48.925,-116.325,33.6
2007,"2007-07-05",500,8,48.687,-116.264,319.9
2007,"2007-07-05",100,9,48.957,-116.226,31.5
2007,"2007-07-05",500,9,48.683,-116.187,316.5
2007,"2007-07-05",100,10,48.988,-116.126,30.2
2007,"2007-07-05",500,10,48.68,-116.129,317.7
2007,"2007-07-05",100,11,49.009,-116.051,29.8
2007,"2007-07-05",500,11,48.687,-116.104,321.4
2007,"2007-07-05",100,12,49.018,-116.005,30
2007,"2007-07-05",500,12,48.705,-116.115,326.3
2007,"2007-07-06",100,0,49.168,-116.696,100
2007,"2007-07-06",500,0,49.168,-116.696,500
2007,"2007-07-06",100,1,49.161,-116.884,54.7
2007,"2007-07-06",500,1,49.137,-116.881,405.3
2007,"2007-07-06",100,2,49.176,-117.06,35.2
2007,"2007-07-06",500,2,49.135,-117.034,348.9
2007,"2007-07-06",100,3,49.223,-117.218,29.4
2007,"2007-07-06",500,3,49.162,-117.16,331.6
2007,"2007-07-06",100,4,49.296,-117.349,28.2
2007,"2007-07-06",500,4,49.203,-117.256,322.9
2007,"2007-07-06",100,5,49.366,-117.441,23.6
2007,"2007-07-06",500,5,49.241,-117.314,294.1
2007,"2007-07-06",100,6,49.422,-117.497,16.6
2007,"2007-07-06",500,6,49.274,-117.335,247.8
2007,"2007-07-06",100,7,49.466,-117.536,11
2007,"2007-07-06",500,7,49.297,-117.322,200.6
2007,"2007-07-06",100,8,49.514,-117.585,7.9
2007,"2007-07-06",500,8,49.299,-117.279,165.8
2007,"2007-07-06",100,9,49.578,-117.655,6.2
2007,"2007-07-06",500,9,49.275,-117.201,142.9
2007,"2007-07-06",100,10,49.651,-117.739,4.8
2007,"2007-07-06",500,10,49.222,-117.094,122.8
2007,"2007-07-06",100,11,49.713,-117.826,3.2
2007,"2007-07-06",500,11,49.164,-117,97.4
2007,"2007-07-06",100,12,49.748,-117.914,1.3
2007,"2007-07-06",500,12,49.113,-116.938,70.1
2007,"2007-07-07",100,0,49.168,-116.696,100
2007,"2007-07-07",500,0,49.168,-116.696,500
2007,"2007-07-07",100,1,49.14,-116.816,87.9
2007,"2007-07-07",500,1,49.133,-116.822,470.2
2007,"2007-07-07",100,2,49.118,-116.891,85.1
2007,"2007-07-07",500,2,49.103,-116.898,456.7
2007,"2007-07-07",100,3,49.102,-116.924,91.5
2007,"2007-07-07",500,3,49.077,-116.929,456.6
2007,"2007-07-07",100,4,49.093,-116.926,98.5
2007,"2007-07-07",500,4,49.059,-116.917,460.6
2007,"2007-07-07",100,5,49.093,-116.905,96.6
2007,"2007-07-07",500,5,49.055,-116.868,461.3
2007,"2007-07-07",100,6,49.107,-116.862,86.6
2007,"2007-07-07",500,6,49.065,-116.784,458.5
2007,"2007-07-07",100,7,49.139,-116.829,83.1
2007,"2007-07-07",500,7,49.093,-116.718,471.1
2007,"2007-07-07",100,8,49.183,-116.835,97.9
2007,"2007-07-07",500,8,49.152,-116.713,521.4
2007,"2007-07-07",100,9,49.228,-116.885,134.9
2007,"2007-07-07",500,9,49.244,-116.783,609.6
2007,"2007-07-07",100,10,49.272,-116.952,184
2007,"2007-07-07",500,10,49.358,-116.909,712.3
2007,"2007-07-07",100,11,49.332,-117,229.2
2007,"2007-07-07",500,11,49.468,-117.053,816.4
2007,"2007-07-07",100,12,49.413,-117.027,275.6
2007,"2007-07-07",500,12,49.555,-117.211,915.8
2007,"2007-07-08",100,0,49.168,-116.696,100
2007,"2007-07-08",500,0,49.168,-116.696,500
2007,"2007-07-08",100,1,49.136,-116.883,94.4
2007,"2007-07-08",500,1,49.134,-116.895,485.6
2007,"2007-07-08",100,2,49.119,-117.025,94.4
2007,"2007-07-08",500,2,49.117,-117.042,478.8
2007,"2007-07-08",100,3,49.119,-117.119,101.1
2007,"2007-07-08",500,3,49.117,-117.139,479.7
2007,"2007-07-08",100,4,49.135,-117.178,111.5
2007,"2007-07-08",500,4,49.134,-117.211,485.5
2007,"2007-07-08",100,5,49.159,-117.219,119.9
2007,"2007-07-08",500,5,49.168,-117.281,493.5
2007,"2007-07-08",100,6,49.187,-117.244,125.8
2007,"2007-07-08",500,6,49.219,-117.354,505.4
2007,"2007-07-08",100,7,49.213,-117.27,134.8
2007,"2007-07-08",500,7,49.273,-117.431,534
2007,"2007-07-08",100,8,49.233,-117.315,154.4
2007,"2007-07-08",500,8,49.322,-117.512,592.3
2007,"2007-07-08",100,9,49.247,-117.374,188.4
2007,"2007-07-08",500,9,49.37,-117.593,686
2007,"2007-07-08",100,10,49.27,-117.455,234.7
2007,"2007-07-08",500,10,49.439,-117.7,803.6
2007,"2007-07-08",100,11,49.336,-117.579,295.4
2007,"2007-07-08",500,11,49.546,-117.869,923.3
2007,"2007-07-08",100,12,49.463,-117.781,385.9
2007,"2007-07-08",500,12,49.688,-118.098,1018.6
2007,"2007-07-09",100,0,49.168,-116.696,100
2007,"2007-07-09",500,0,49.168,-116.696,500
2007,"2007-07-09",100,1,49.267,-116.833,99.8
2007,"2007-07-09",500,1,49.281,-116.845,525.7
2007,"2007-07-09",100,2,49.356,-116.954,121.1
2007,"2007-07-09",500,2,49.389,-116.984,584.9
2007,"2007-07-09",100,3,49.431,-117.063,177.9
2007,"2007-07-09",500,3,49.497,-117.117,702.4
2007,"2007-07-09",100,4,49.494,-117.153,253
2007,"2007-07-09",500,4,49.641,-117.257,842.5
2007,"2007-07-09",100,5,49.556,-117.223,310
2007,"2007-07-09",500,5,49.837,-117.436,929.2
2007,"2007-07-09",100,6,49.629,-117.284,332.1
2007,"2007-07-09",500,6,50.043,-117.632,895.1
2007,"2007-07-09",100,7,49.725,-117.362,331.5
2007,"2007-07-09",500,7,50.232,-117.827,769.2
2007,"2007-07-09",100,8,49.861,-117.49,320.3
2007,"2007-07-09",500,8,50.425,-118.061,682.5
2007,"2007-07-09",100,9,50.007,-117.671,256.5
2007,"2007-07-09",500,9,50.631,-118.341,642.9
2007,"2007-07-09",100,10,50.139,-117.891,173.5
2007,"2007-07-09",500,10,50.828,-118.626,603.7
2007,"2007-07-09",100,11,50.224,-118.135,127.7
2007,"2007-07-09",500,11,50.991,-118.861,550.1
2007,"2007-07-09",100,12,50.28,-118.389,94
2007,"2007-07-09",500,12,51.127,-119.086,497.2
2007,"2007-07-10",100,0,49.168,-116.696,100
2007,"2007-07-10",500,0,49.168,-116.696,500
2007,"2007-07-10",100,1,49.211,-116.712,70.8
2007,"2007-07-10",500,1,49.214,-116.712,471.9
2007,"2007-07-10",100,2,49.246,-116.723,59.1
2007,"2007-07-10",500,2,49.241,-116.72,464.4
2007,"2007-07-10",100,3,49.271,-116.729,64.7
2007,"2007-07-10",500,3,49.25,-116.718,477.6
2007,"2007-07-10",100,4,49.294,-116.727,76.8
2007,"2007-07-10",500,4,49.261,-116.695,498.6
2007,"2007-07-10",100,5,49.331,-116.71,82.9
2007,"2007-07-10",500,5,49.296,-116.648,516.4
2007,"2007-07-10",100,6,49.384,-116.676,83.8
2007,"2007-07-10",500,6,49.354,-116.591,528.9
2007,"2007-07-10",100,7,49.448,-116.623,86.7
2007,"2007-07-10",500,7,49.421,-116.537,541.9
2007,"2007-07-10",100,8,49.513,-116.555,96.7
2007,"2007-07-10",500,8,49.479,-116.489,563
2007,"2007-07-10",100,9,49.576,-116.476,112.4
2007,"2007-07-10",500,9,49.525,-116.447,591.1
2007,"2007-07-10",100,10,49.632,-116.404,133.6
2007,"2007-07-10",500,10,49.561,-116.416,625.7
2007,"2007-07-10",100,11,49.682,-116.353,161.2
2007,"2007-07-10",500,11,49.586,-116.395,665.9
2007,"2007-07-10",100,12,49.729,-116.326,197.5
2007,"2007-07-10",500,12,49.595,-116.373,711.8
2007,"2007-07-11",100,0,49.168,-116.696,100
2007,"2007-07-11",500,0,49.168,-116.696,500
2007,"2007-07-11",100,1,49.139,-116.642,76.1
2007,"2007-07-11",500,1,49.135,-116.628,467.1
2007,"2007-07-11",100,2,49.123,-116.591,62.8
2007,"2007-07-11",500,2,49.113,-116.555,446.9
2007,"2007-07-11",100,3,49.119,-116.536,58
2007,"2007-07-11",500,3,49.102,-116.478,439.3
2007,"2007-07-11",100,4,49.127,-116.478,62.4
2007,"2007-07-11",500,4,49.101,-116.398,447.9
2007,"2007-07-11",100,5,49.15,-116.423,79.5
2007,"2007-07-11",500,5,49.108,-116.318,476.6
2007,"2007-07-11",100,6,49.184,-116.371,114.7
2007,"2007-07-11",500,6,49.122,-116.24,524.5
2007,"2007-07-11",100,7,49.223,-116.325,170.6
2007,"2007-07-11",500,7,49.142,-116.174,586.8
2007,"2007-07-11",100,8,49.265,-116.282,243.3
2007,"2007-07-11",500,8,49.17,-116.129,659.9
2007,"2007-07-11",100,9,49.313,-116.248,330.3
2007,"2007-07-11",500,9,49.206,-116.107,741.5
2007,"2007-07-11",100,10,49.368,-116.235,426.9
2007,"2007-07-11",500,10,49.237,-116.11,826
2007,"2007-07-11",100,11,49.422,-116.252,530.4
2007,"2007-07-11",500,11,49.249,-116.132,910.9
2007,"2007-07-11",100,12,49.468,-116.29,641.4
2007,"2007-07-11",500,12,49.238,-116.165,996.7
2007,"2007-07-12",100,0,49.168,-116.696,100
2007,"2007-07-12",500,0,49.168,-116.696,500
2007,"2007-07-12",100,1,49.145,-116.626,82.9
2007,"2007-07-12",500,1,49.139,-116.621,478.5
2007,"2007-07-12",100,2,49.129,-116.542,57.1
2007,"2007-07-12",500,2,49.111,-116.529,438.3
2007,"2007-07-12",100,3,49.131,-116.445,31.6
2007,"2007-07-12",500,3,49.09,-116.421,380.7
2007,"2007-07-12",100,4,49.152,-116.342,15.7
2007,"2007-07-12",500,4,49.081,-116.297,323.5
2007,"2007-07-12",100,5,49.182,-116.235,8.9
2007,"2007-07-12",500,5,49.089,-116.16,283
2007,"2007-07-12",100,6,49.221,-116.127,6.9
2007,"2007-07-12",500,6,49.115,-116.024,262.2
2007,"2007-07-12",100,7,49.269,-116.008,7.5
2007,"2007-07-12",500,7,49.156,-115.878,257.7
2007,"2007-07-12",100,8,49.332,-115.875,9
2007,"2007-07-12",500,8,49.217,-115.707,263.7
2007,"2007-07-12",100,9,49.408,-115.733,10.5
2007,"2007-07-12",500,9,49.29,-115.506,289.9
2007,"2007-07-12",100,10,49.48,-115.593,12.2
2007,"2007-07-12",500,10,49.347,-115.318,345.6
2007,"2007-07-12",100,11,49.531,-115.469,15
2007,"2007-07-12",500,11,49.356,-115.151,411.9
2007,"2007-07-12",100,12,49.558,-115.364,19.2
2007,"2007-07-12",500,12,49.307,-114.989,468.8
2007,"2007-07-13",100,0,49.168,-116.696,100
2007,"2007-07-13",500,0,49.168,-116.696,500
2007,"2007-07-13",100,1,49.135,-116.62,113.2
2007,"2007-07-13",500,1,49.129,-116.612,526.3
2007,"2007-07-13",100,2,49.1,-116.545,126.1
2007,"2007-07-13",500,2,49.082,-116.533,551.6
2007,"2007-07-13",100,3,49.066,-116.468,140.5
2007,"2007-07-13",500,3,49.023,-116.458,578.2
2007,"2007-07-13",100,4,49.041,-116.389,156.3
2007,"2007-07-13",500,4,48.966,-116.382,604.3
2007,"2007-07-13",100,5,49.038,-116.304,172.4
2007,"2007-07-13",500,5,48.922,-116.302,625.2
2007,"2007-07-13",100,6,49.057,-116.211,188.4
2007,"2007-07-13",500,6,48.894,-116.216,639.1
2007,"2007-07-13",100,7,49.09,-116.115,205.8
2007,"2007-07-13",500,7,48.874,-116.138,651.3
2007,"2007-07-13",100,8,49.12,-116.029,226.5
2007,"2007-07-13",500,8,48.855,-116.088,668.5
2007,"2007-07-13",100,9,49.145,-115.96,250.7
2007,"2007-07-13",500,9,48.835,-116.067,690.7
2007,"2007-07-13",100,10,49.172,-115.9,278.6
2007,"2007-07-13",500,10,48.818,-116.057,717.4
2007,"2007-07-13",100,11,49.209,-115.842,309
2007,"2007-07-13",500,11,48.802,-116.038,748.1
2007,"2007-07-13",100,12,49.258,-115.78,339.4
2007,"2007-07-13",500,12,48.788,-116.01,783
2007,"2007-07-14",100,0,49.168,-116.696,100
2007,"2007-07-14",500,0,49.168,-116.696,500
2007,"2007-07-14",100,1,49.094,-116.638,138.2
2007,"2007-07-14",500,1,49.086,-116.638,535.6
2007,"2007-07-14",100,2,49.026,-116.558,182.6
2007,"2007-07-14",500,2,49.012,-116.558,578.1
2007,"2007-07-14",100,3,48.963,-116.455,234.8
2007,"2007-07-14",500,3,48.944,-116.455,627.5
2007,"2007-07-14",100,4,48.918,-116.344,279.5
2007,"2007-07-14",500,4,48.886,-116.357,669.5
2007,"2007-07-14",100,5,48.905,-116.241,299
2007,"2007-07-14",500,5,48.841,-116.291,686.7
2007,"2007-07-14",100,6,48.924,-116.149,291.9
2007,"2007-07-14",500,6,48.81,-116.257,678.2
2007,"2007-07-14",100,7,48.956,-116.063,277.5
2007,"2007-07-14",500,7,48.778,-116.24,660.3
2007,"2007-07-14",100,8,48.971,-115.981,277.5
2007,"2007-07-14",500,8,48.729,-116.23,650.5
2007,"2007-07-14",100,9,48.965,-115.903,291.1
2007,"2007-07-14",500,9,48.663,-116.231,648.2
2007,"2007-07-14",100,10,48.939,-115.838,304.7
2007,"2007-07-14",500,10,48.578,-116.238,643
2007,"2007-07-14",100,11,48.906,-115.788,306.6
2007,"2007-07-14",500,11,48.477,-116.234,628
2007,"2007-07-14",100,12,48.868,-115.747,298.1
2007,"2007-07-14",500,12,48.36,-116.215,606.6
2007,"2007-07-15",100,0,49.168,-116.696,100
2007,"2007-07-15",500,0,49.168,-116.696,500
2007,"2007-07-15",100,1,49.085,-116.811,63.4
2007,"2007-07-15",500,1,49.08,-116.811,428.3
2007,"2007-07-15",100,2,48.999,-116.908,41.2
2007,"2007-07-15",500,2,48.994,-116.878,369.5
2007,"2007-07-15",100,3,48.913,-116.98,28.1
2007,"2007-07-15",500,3,48.91,-116.898,321.6
2007,"2007-07-15",100,4,48.833,-117.026,15.4
2007,"2007-07-15",500,4,48.83,-116.899,267.7
2007,"2007-07-15",100,5,48.762,-117.057,2.2
2007,"2007-07-15",500,5,48.759,-116.901,193
2007,"2007-07-15",100,6,48.704,-117.068,0
2007,"2007-07-15",500,6,48.7,-116.904,99.5
2007,"2007-07-15",100,7,48.653,-117.071,0
2007,"2007-07-15",500,7,48.645,-116.906,42.5
2007,"2007-07-15",100,8,48.601,-117.071,0
2007,"2007-07-15",500,8,48.593,-116.906,12.1
2007,"2007-07-15",100,9,48.546,-117.064,0
2007,"2007-07-15",500,9,48.524,-116.898,8.8
2007,"2007-07-15",100,10,48.478,-117.073,0
2007,"2007-07-15",500,10,48.441,-116.91,7.3
2007,"2007-07-15",100,11,48.39,-117.122,0
2007,"2007-07-15",500,11,48.34,-116.985,0
2007,"2007-07-15",100,12,48.283,-117.209,0
2007,"2007-07-15",500,12,48.229,-117.101,0
2007,"2007-07-16",100,0,49.168,-116.696,100
2007,"2007-07-16",500,0,49.168,-116.696,500
2007,"2007-07-16",100,1,49.073,-116.753,83.9
2007,"2007-07-16",500,1,49.08,-116.775,467.8
2007,"2007-07-16",100,2,48.969,-116.795,68.4
2007,"2007-07-16",500,2,48.976,-116.807,440.7
2007,"2007-07-16",100,3,48.862,-116.81,52.2
2007,"2007-07-16",500,3,48.864,-116.79,408.9
2007,"2007-07-16",100,4,48.771,-116.801,33.7
2007,"2007-07-16",500,4,48.763,-116.755,364
2007,"2007-07-16",100,5,48.705,-116.793,18.4
2007,"2007-07-16",500,5,48.682,-116.736,308.8
2007,"2007-07-16",100,6,48.662,-116.774,6.7
2007,"2007-07-16",500,6,48.627,-116.732,252.2
2007,"2007-07-16",100,7,48.624,-116.742,0.4
2007,"2007-07-16",500,7,48.589,-116.724,213.6
2007,"2007-07-16",100,8,48.575,-116.706,0.2
2007,"2007-07-16",500,8,48.546,-116.709,204.8
2007,"2007-07-16",100,9,48.514,-116.671,5
2007,"2007-07-16",500,9,48.49,-116.69,220.8
2007,"2007-07-16",100,10,48.449,-116.671,8
2007,"2007-07-16",500,10,48.433,-116.731,231.7
2007,"2007-07-16",100,11,48.382,-116.741,0
2007,"2007-07-16",500,11,48.374,-116.862,206.6
2007,"2007-07-16",100,12,48.316,-116.898,0
2007,"2007-07-16",500,12,48.316,-117.048,149.8
2007,"2007-07-17",100,0,49.168,-116.696,100
2007,"2007-07-17",500,0,49.168,-116.696,500
2007,"2007-07-17",100,1,49.083,-116.77,108.1
2007,"2007-07-17",500,1,49.07,-116.738,481.9
2007,"2007-07-17",100,2,49.021,-116.749,110.7
2007,"2007-07-17",500,2,48.977,-116.657,453.4
2007,"2007-07-17",100,3,48.982,-116.623,106.3
2007,"2007-07-17",500,3,48.91,-116.465,415.7
2007,"2007-07-17",100,4,48.974,-116.447,105.1
2007,"2007-07-17",500,4,48.877,-116.228,394.6
2007,"2007-07-17",100,5,48.998,-116.288,111.1
2007,"2007-07-17",500,5,48.861,-116.001,398.8
2007,"2007-07-17",100,6,49.056,-116.146,119.6
2007,"2007-07-17",500,6,48.842,-115.788,416.2
2007,"2007-07-17",100,7,49.116,-116.015,127
2007,"2007-07-17",500,7,48.803,-115.609,433.7
2007,"2007-07-17",100,8,49.163,-115.899,131.1
2007,"2007-07-17",500,8,48.749,-115.472,446.2
2007,"2007-07-17",100,9,49.204,-115.794,131.1
2007,"2007-07-17",500,9,48.693,-115.368,456.8
2007,"2007-07-17",100,10,49.236,-115.701,129.2
2007,"2007-07-17",500,10,48.64,-115.288,469.5
2007,"2007-07-17",100,11,49.25,-115.621,128.5
2007,"2007-07-17",500,11,48.588,-115.225,490.5
2007,"2007-07-17",100,12,49.248,-115.553,129.3
2007,"2007-07-17",500,12,48.532,-115.185,521.6
2007,"2007-07-18",100,0,49.168,-116.696,100
2007,"2007-07-18",500,0,49.168,-116.696,500
2007,"2007-07-18",100,1,49.072,-116.409,58.3
2007,"2007-07-18",500,1,49.029,-116.334,404
2007,"2007-07-18",100,2,49.025,-116.136,35.8
2007,"2007-07-18",500,2,48.97,-116.008,320.9
2007,"2007-07-18",100,3,49.004,-115.886,29.7
2007,"2007-07-18",500,3,48.959,-115.726,302.8
2007,"2007-07-18",100,4,48.982,-115.667,29.3
2007,"2007-07-18",500,4,48.937,-115.477,310.9
2007,"2007-07-18",100,5,48.946,-115.466,26.5
2007,"2007-07-18",500,5,48.873,-115.256,312.2
2007,"2007-07-18",100,6,48.89,-115.259,21
2007,"2007-07-18",500,6,48.787,-115.066,288.2
2007,"2007-07-18",100,7,48.847,-115.064,16.8
2007,"2007-07-18",500,7,48.707,-114.891,251.2
2007,"2007-07-18",100,8,48.834,-114.905,15
2007,"2007-07-18",500,8,48.654,-114.713,222.8
2007,"2007-07-18",100,9,48.836,-114.782,14.1
2007,"2007-07-18",500,9,48.628,-114.536,207.7
2007,"2007-07-18",100,10,48.841,-114.698,13.1
2007,"2007-07-18",500,10,48.621,-114.382,199.2
2007,"2007-07-18",100,11,48.843,-114.658,11.4
2007,"2007-07-18",500,11,48.614,-114.265,184.1
2007,"2007-07-18",100,12,48.842,-114.666,9.5
2007,"2007-07-18",500,12,48.598,-114.166,159.1
2007,"2007-07-19",100,0,49.168,-116.696,100
2007,"2007-07-19",500,0,49.168,-116.696,500
2007,"2007-07-19",100,1,49.045,-116.783,97
2007,"2007-07-19",500,1,49.036,-116.798,500.4
2007,"2007-07-19",100,2,48.918,-116.873,117.9
2007,"2007-07-19",500,2,48.885,-116.928,529.1
2007,"2007-07-19",100,3,48.786,-116.945,153.9
2007,"2007-07-19",500,3,48.712,-117.067,561.6
2007,"2007-07-19",100,4,48.673,-117.007,171.9
2007,"2007-07-19",500,4,48.56,-117.187,572.3
2007,"2007-07-19",100,5,48.599,-117.07,166.2
2007,"2007-07-19",500,5,48.459,-117.288,559.9
2007,"2007-07-19",100,6,48.556,-117.133,144.2
2007,"2007-07-19",500,6,48.403,-117.374,530.3
2007,"2007-07-19",100,7,48.541,-117.213,126.5
2007,"2007-07-19",500,7,48.387,-117.471,519.3
2007,"2007-07-19",100,8,48.559,-117.325,129.6
2007,"2007-07-19",500,8,48.389,-117.624,569.7
2007,"2007-07-19",100,9,48.619,-117.474,160.1
2007,"2007-07-19",500,9,48.39,-117.857,694.3
2007,"2007-07-19",100,10,48.669,-117.651,192.2
2007,"2007-07-19",500,10,48.304,-118.197,851.3
2007,"2007-07-19",100,11,48.681,-117.841,195.8
2007,"2007-07-19",500,11,48.132,-118.543,1034
2007,"2007-07-19",100,12,48.636,-118.055,187.7
2007,"2007-07-19",500,12,47.906,-118.814,1352.4
2007,"2007-07-20",100,0,49.168,-116.696,100
2007,"2007-07-20",500,0,49.168,-116.696,500
2007,"2007-07-20",100,1,49.02,-116.653,79.4
2007,"2007-07-20",500,1,48.997,-116.642,449.6
2007,"2007-07-20",100,2,48.909,-116.598,67
2007,"2007-07-20",500,2,48.869,-116.578,415.3
2007,"2007-07-20",100,3,48.844,-116.517,62
2007,"2007-07-20",500,3,48.784,-116.499,395
2007,"2007-07-20",100,4,48.82,-116.418,53.5
2007,"2007-07-20",500,4,48.736,-116.39,376.5
2007,"2007-07-20",100,5,48.828,-116.322,37.2
2007,"2007-07-20",500,5,48.724,-116.255,343.6
2007,"2007-07-20",100,6,48.861,-116.238,23.3
2007,"2007-07-20",500,6,48.752,-116.113,295.5
2007,"2007-07-20",100,7,48.909,-116.162,17.2
2007,"2007-07-20",500,7,48.802,-116.003,256.4
2007,"2007-07-20",100,8,48.959,-116.085,17.7
2007,"2007-07-20",500,8,48.85,-115.946,248.6
2007,"2007-07-20",100,9,49.004,-116.007,20
2007,"2007-07-20",500,9,48.892,-115.939,268.1
2007,"2007-07-20",100,10,49.022,-115.953,20.9
2007,"2007-07-20",500,10,48.908,-115.97,289.4
2007,"2007-07-20",100,11,49.005,-115.943,19.4
2007,"2007-07-20",500,11,48.886,-116.016,285.4
2007,"2007-07-20",100,12,48.956,-115.977,16.2
2007,"2007-07-20",500,12,48.83,-116.073,252.4
2007,"2007-07-21",100,0,49.168,-116.696,100
2007,"2007-07-21",500,0,49.168,-116.696,500
2007,"2007-07-21",100,1,49.05,-116.737,72.3
2007,"2007-07-21",500,1,49.051,-116.719,460
2007,"2007-07-21",100,2,48.913,-116.817,56.8
2007,"2007-07-21",500,2,48.935,-116.762,429.1
2007,"2007-07-21",100,3,48.776,-116.902,36.4
2007,"2007-07-21",500,3,48.818,-116.823,392
2007,"2007-07-21",100,4,48.637,-117.013,18.1
2007,"2007-07-21",500,4,48.694,-116.919,337.2
2007,"2007-07-21",100,5,48.501,-117.127,5.1
2007,"2007-07-21",500,5,48.569,-117.055,269.9
2007,"2007-07-21",100,6,48.374,-117.228,0.1
2007,"2007-07-21",500,6,48.447,-117.203,209.8
2007,"2007-07-21",100,7,48.261,-117.322,0
2007,"2007-07-21",500,7,48.334,-117.313,169.3
2007,"2007-07-21",100,8,48.166,-117.417,0
2007,"2007-07-21",500,8,48.226,-117.399,137.5
2007,"2007-07-21",100,9,48.088,-117.512,0
2007,"2007-07-21",500,9,48.12,-117.49,109.1
2007,"2007-07-21",100,10,48.015,-117.607,0
2007,"2007-07-21",500,10,48.021,-117.595,89.5
2007,"2007-07-21",100,11,47.939,-117.705,0
2007,"2007-07-21",500,11,47.92,-117.715,78.6
2007,"2007-07-21",100,12,47.865,-117.814,0
2007,"2007-07-21",500,12,47.814,-117.874,70.9
2007,"2007-07-22",100,0,49.168,-116.696,100
2007,"2007-07-22",500,0,49.168,-116.696,500
2007,"2007-07-22",100,1,49.074,-116.792,85.7
2007,"2007-07-22",500,1,49.065,-116.799,477.5
2007,"2007-07-22",100,2,48.982,-116.887,82.5
2007,"2007-07-22",500,2,48.971,-116.906,476.1
2007,"2007-07-22",100,3,48.896,-116.973,86.4
2007,"2007-07-22",500,3,48.884,-117.012,488.8
2007,"2007-07-22",100,4,48.819,-117.039,87.9
2007,"2007-07-22",500,4,48.792,-117.121,489.6
2007,"2007-07-22",100,5,48.746,-117.07,79.6
2007,"2007-07-22",500,5,48.695,-117.203,455.4
2007,"2007-07-22",100,6,48.683,-117.058,64.1
2007,"2007-07-22",500,6,48.609,-117.228,402.7
2007,"2007-07-22",100,7,48.636,-117.036,50.6
2007,"2007-07-22",500,7,48.543,-117.232,359.8
2007,"2007-07-22",100,8,48.602,-117.047,44.5
2007,"2007-07-22",500,8,48.494,-117.266,338.1
2007,"2007-07-22",100,9,48.574,-117.09,45.5
2007,"2007-07-22",500,9,48.458,-117.337,332.7
2007,"2007-07-22",100,10,48.537,-117.172,52.9
2007,"2007-07-22",500,10,48.415,-117.45,334.6
2007,"2007-07-22",100,11,48.476,-117.272,65.4
2007,"2007-07-22",500,11,48.359,-117.611,348.2
2007,"2007-07-22",100,12,48.404,-117.362,81.7
2007,"2007-07-22",500,12,48.282,-117.851,399.5
2007,"2007-07-23",100,0,49.168,-116.696,100
2007,"2007-07-23",500,0,49.168,-116.696,500
2007,"2007-07-23",100,1,49.147,-116.679,95.7
2007,"2007-07-23",500,1,49.133,-116.676,492.5
2007,"2007-07-23",100,2,49.144,-116.632,106.6
2007,"2007-07-23",500,2,49.112,-116.624,504.6
2007,"2007-07-23",100,3,49.157,-116.552,132.9
2007,"2007-07-23",500,3,49.104,-116.537,536.7
2007,"2007-07-23",100,4,49.17,-116.46,163.1
2007,"2007-07-23",500,4,49.091,-116.461,575.4
2007,"2007-07-23",100,5,49.173,-116.374,187.8
2007,"2007-07-23",500,5,49.059,-116.441,606.8
2007,"2007-07-23",100,6,49.168,-116.294,208.1
2007,"2007-07-23",500,6,49.007,-116.482,631.6
2007,"2007-07-23",100,7,49.157,-116.244,229.7
2007,"2007-07-23",500,7,48.94,-116.59,660.9
2007,"2007-07-23",100,8,49.135,-116.258,258.4
2007,"2007-07-23",500,8,48.861,-116.765,704.8
2007,"2007-07-23",100,9,49.101,-116.338,294.8
2007,"2007-07-23",500,9,48.775,-116.996,767.3
2007,"2007-07-23",100,10,49.054,-116.456,328.1
2007,"2007-07-23",500,10,48.675,-117.245,835.9
2007,"2007-07-23",100,11,48.993,-116.586,349.9
2007,"2007-07-23",500,11,48.555,-117.475,883.4
2007,"2007-07-23",100,12,48.912,-116.733,362
2007,"2007-07-23",500,12,48.415,-117.697,913.7
2007,"2007-07-24",100,0,49.168,-116.696,100
2007,"2007-07-24",500,0,49.168,-116.696,500
2007,"2007-07-24",100,1,49.17,-116.831,96.1
2007,"2007-07-24",500,1,49.154,-116.819,498.1
2007,"2007-07-24",100,2,49.192,-116.976,90.1
2007,"2007-07-24",500,2,49.16,-116.962,495.6
2007,"2007-07-24",100,3,49.238,-117.134,82.6
2007,"2007-07-24",500,3,49.19,-117.125,495.7
2007,"2007-07-24",100,4,49.306,-117.283,74.5
2007,"2007-07-24",500,4,49.245,-117.288,498.7
2007,"2007-07-24",100,5,49.387,-117.41,65.8
2007,"2007-07-24",500,5,49.327,-117.429,508.3
2007,"2007-07-24",100,6,49.471,-117.528,56.9
2007,"2007-07-24",500,6,49.418,-117.552,531.7
2007,"2007-07-24",100,7,49.56,-117.643,52.1
2007,"2007-07-24",500,7,49.514,-117.662,574.2
2007,"2007-07-24",100,8,49.656,-117.75,54.4
2007,"2007-07-24",500,8,49.618,-117.775,624.4
2007,"2007-07-24",100,9,49.755,-117.856,61.8
2007,"2007-07-24",500,9,49.717,-117.9,662.7
2007,"2007-07-24",100,10,49.851,-117.982,70.6
2007,"2007-07-24",500,10,49.814,-118.066,674.8
2007,"2007-07-24",100,11,49.933,-118.147,78.1
2007,"2007-07-24",500,11,49.914,-118.329,646.5
2007,"2007-07-24",100,12,50.008,-118.341,86.2
2007,"2007-07-24",500,12,49.989,-118.692,631.9
2007,"2007-07-25",100,0,49.168,-116.696,100
2007,"2007-07-25",500,0,49.168,-116.696,500
2007,"2007-07-25",100,1,49.164,-116.699,115.9
2007,"2007-07-25",500,1,49.161,-116.697,523.3
2007,"2007-07-25",100,2,49.146,-116.687,135.8
2007,"2007-07-25",500,2,49.14,-116.686,545.9
2007,"2007-07-25",100,3,49.112,-116.661,158.6
2007,"2007-07-25",500,3,49.105,-116.663,567.2
2007,"2007-07-25",100,4,49.079,-116.624,179
2007,"2007-07-25",500,4,49.068,-116.633,587.2
2007,"2007-07-25",100,5,49.067,-116.587,192.3
2007,"2007-07-25",500,5,49.042,-116.604,605.5
2007,"2007-07-25",100,6,49.078,-116.55,198.7
2007,"2007-07-25",500,6,49.027,-116.578,621.1
2007,"2007-07-25",100,7,49.105,-116.517,208.9
2007,"2007-07-25",500,7,49.021,-116.554,641.6
2007,"2007-07-25",100,8,49.136,-116.491,234.5
2007,"2007-07-25",500,8,49.021,-116.53,674.7
2007,"2007-07-25",100,9,49.171,-116.47,277.2
2007,"2007-07-25",500,9,49.021,-116.514,720.6
2007,"2007-07-25",100,10,49.22,-116.453,330.8
2007,"2007-07-25",500,10,49.024,-116.516,769.2
2007,"2007-07-25",100,11,49.295,-116.444,387.6
2007,"2007-07-25",500,11,49.038,-116.538,811.4
2007,"2007-07-25",100,12,49.401,-116.458,446.3
2007,"2007-07-25",500,12,49.066,-116.573,847.1
2007,"2007-07-26",100,0,49.168,-116.696,100
2007,"2007-07-26",500,0,49.168,-116.696,500
2007,"2007-07-26",100,1,49.127,-116.65,84.6
2007,"2007-07-26",500,1,49.108,-116.65,470.6
2007,"2007-07-26",100,2,49.078,-116.577,64.9
2007,"2007-07-26",500,2,49.028,-116.571,426.9
2007,"2007-07-26",100,3,49.037,-116.477,46.6
2007,"2007-07-26",500,3,48.944,-116.458,371.8
2007,"2007-07-26",100,4,49.022,-116.361,33.9
2007,"2007-07-26",500,4,48.877,-116.313,315.1
2007,"2007-07-26",100,5,49.038,-116.238,25.1
2007,"2007-07-26",500,5,48.838,-116.153,267.9
2007,"2007-07-26",100,6,49.074,-116.107,16.8
2007,"2007-07-26",500,6,48.819,-115.988,232.4
2007,"2007-07-26",100,7,49.115,-115.963,11.3
2007,"2007-07-26",500,7,48.804,-115.813,214.8
2007,"2007-07-26",100,8,49.162,-115.81,10.2
2007,"2007-07-26",500,8,48.774,-115.628,219
2007,"2007-07-26",100,9,49.214,-115.651,11.4
2007,"2007-07-26",500,9,48.704,-115.423,250.6
2007,"2007-07-26",100,10,49.263,-115.49,14
2007,"2007-07-26",500,10,48.6,-115.23,301.4
2007,"2007-07-26",100,11,49.309,-115.332,18.1
2007,"2007-07-26",500,11,48.51,-115.069,350.1
2007,"2007-07-26",100,12,49.368,-115.181,24
2007,"2007-07-26",500,12,48.458,-114.92,394.1
2007,"2007-07-27",100,0,49.168,-116.696,100
2007,"2007-07-27",500,0,49.168,-116.696,500
2007,"2007-07-27",100,1,49.054,-116.724,133.7
2007,"2007-07-27",500,1,49.033,-116.749,533.5
2007,"2007-07-27",100,2,48.956,-116.75,164.2
2007,"2007-07-27",500,2,48.9,-116.834,559.9
2007,"2007-07-27",100,3,48.874,-116.775,187.4
2007,"2007-07-27",500,3,48.767,-116.94,567.9
2007,"2007-07-27",100,4,48.799,-116.798,195.4
2007,"2007-07-27",500,4,48.64,-117.039,549.9
2007,"2007-07-27",100,5,48.726,-116.817,185.6
2007,"2007-07-27",500,5,48.522,-117.118,506.2
2007,"2007-07-27",100,6,48.658,-116.828,161.4
2007,"2007-07-27",500,6,48.413,-117.176,443.7
2007,"2007-07-27",100,7,48.595,-116.828,140.4
2007,"2007-07-27",500,7,48.31,-117.211,386.3
2007,"2007-07-27",100,8,48.531,-116.816,135.1
2007,"2007-07-27",500,8,48.21,-117.24,347.5
2007,"2007-07-27",100,9,48.464,-116.793,143.1
2007,"2007-07-27",500,9,48.107,-117.279,324.7
2007,"2007-07-27",100,10,48.393,-116.764,151.6
2007,"2007-07-27",500,10,48.001,-117.333,306.8
2007,"2007-07-27",100,11,48.313,-116.74,151.2
2007,"2007-07-27",500,11,47.9,-117.397,286.4
2007,"2007-07-27",100,12,48.216,-116.728,142.8
2007,"2007-07-27",500,12,47.807,-117.48,262.3
2007,"2007-07-28",100,0,49.168,-116.696,100
2007,"2007-07-28",500,0,49.168,-116.696,500
2007,"2007-07-28",100,1,49.041,-116.803,71.8
2007,"2007-07-28",500,1,49.034,-116.818,445.5
2007,"2007-07-28",100,2,48.909,-116.908,46.3
2007,"2007-07-28",500,2,48.904,-116.911,388.7
2007,"2007-07-28",100,3,48.77,-117.012,23.7
2007,"2007-07-28",500,3,48.779,-116.965,322.1
2007,"2007-07-28",100,4,48.636,-117.091,7.8
2007,"2007-07-28",500,4,48.658,-117,251.6
2007,"2007-07-28",100,5,48.52,-117.124,0.2
2007,"2007-07-28",500,5,48.548,-117.038,190.7
2007,"2007-07-28",100,6,48.427,-117.109,0
2007,"2007-07-28",500,6,48.457,-117.072,149.6
2007,"2007-07-28",100,7,48.333,-117.085,0
2007,"2007-07-28",500,7,48.372,-117.094,122.3
2007,"2007-07-28",100,8,48.224,-117.092,0
2007,"2007-07-28",500,8,48.27,-117.11,98.3
2007,"2007-07-28",100,9,48.111,-117.153,0
2007,"2007-07-28",500,9,48.148,-117.152,75.4
2007,"2007-07-28",100,10,48.005,-117.263,0
2007,"2007-07-28",500,10,48.027,-117.238,56.5
2007,"2007-07-28",100,11,47.902,-117.383,0
2007,"2007-07-28",500,11,47.917,-117.342,41.2
2007,"2007-07-28",100,12,47.796,-117.492,0
2007,"2007-07-28",500,12,47.812,-117.443,26.9
2007,"2007-07-29",100,0,49.168,-116.696,100
2007,"2007-07-29",500,0,49.168,-116.696,500
2007,"2007-07-29",100,1,49.062,-116.846,60.9
2007,"2007-07-29",500,1,49.051,-116.838,419.5
2007,"2007-07-29",100,2,48.946,-116.987,38.7
2007,"2007-07-29",500,2,48.943,-116.968,361.3
2007,"2007-07-29",100,3,48.826,-117.102,24.4
2007,"2007-07-29",500,3,48.845,-117.088,315.7
2007,"2007-07-29",100,4,48.718,-117.179,12.4
2007,"2007-07-29",500,4,48.751,-117.188,262.6
2007,"2007-07-29",100,5,48.632,-117.22,0
2007,"2007-07-29",500,5,48.664,-117.254,197
2007,"2007-07-29",100,6,48.57,-117.231,0
2007,"2007-07-29",500,6,48.592,-117.278,137.2
2007,"2007-07-29",100,7,48.516,-117.226,0
2007,"2007-07-29",500,7,48.527,-117.276,90.8
2007,"2007-07-29",100,8,48.456,-117.214,0
2007,"2007-07-29",500,8,48.458,-117.266,56.2
2007,"2007-07-29",100,9,48.39,-117.2,0
2007,"2007-07-29",500,9,48.386,-117.254,31.3
2007,"2007-07-29",100,10,48.322,-117.202,0
2007,"2007-07-29",500,10,48.316,-117.259,16.4
2007,"2007-07-29",100,11,48.255,-117.239,0
2007,"2007-07-29",500,11,48.251,-117.296,11.2
2007,"2007-07-29",100,12,48.193,-117.315,0
2007,"2007-07-29",500,12,48.191,-117.372,11.3
2007,"2007-07-30",100,0,49.168,-116.696,100
2007,"2007-07-30",500,0,49.168,-116.696,500
2007,"2007-07-30",100,1,49.105,-116.901,56.7
2007,"2007-07-30",500,1,49.082,-116.908,417
2007,"2007-07-30",100,2,49.04,-117.086,36.8
2007,"2007-07-30",500,2,49.016,-117.095,364.6
2007,"2007-07-30",100,3,48.975,-117.233,30.5
2007,"2007-07-30",500,3,48.974,-117.264,338.9
2007,"2007-07-30",100,4,48.928,-117.337,28.6
2007,"2007-07-30",500,4,48.952,-117.397,320
2007,"2007-07-30",100,5,48.915,-117.41,23.9
2007,"2007-07-30",500,5,48.946,-117.486,296.6
2007,"2007-07-30",100,6,48.943,-117.471,18
2007,"2007-07-30",500,6,48.953,-117.537,273.1
2007,"2007-07-30",100,7,49.006,-117.54,14.7
2007,"2007-07-30",500,7,48.989,-117.582,259.3
2007,"2007-07-30",100,8,49.088,-117.616,15
2007,"2007-07-30",500,8,49.065,-117.648,265.8
2007,"2007-07-30",100,9,49.176,-117.689,17.5
2007,"2007-07-30",500,9,49.182,-117.74,294.7
2007,"2007-07-30",100,10,49.269,-117.764,21.1
2007,"2007-07-30",500,10,49.336,-117.843,343.7
2007,"2007-07-30",100,11,49.367,-117.852,25
2007,"2007-07-30",500,11,49.509,-117.928,405.6
2007,"2007-07-30",100,12,49.465,-117.955,30
2007,"2007-07-30",500,12,49.707,-118.006,455.9
2007,"2007-07-31",100,0,49.168,-116.696,100
2007,"2007-07-31",500,0,49.168,-116.696,500
2007,"2007-07-31",100,1,49.241,-116.91,81.7
2007,"2007-07-31",500,1,49.231,-116.935,471.6
2007,"2007-07-31",100,2,49.315,-117.097,64.9
2007,"2007-07-31",500,2,49.299,-117.151,448.5
2007,"2007-07-31",100,3,49.392,-117.262,52.2
2007,"2007-07-31",500,3,49.381,-117.341,441.2
2007,"2007-07-31",100,4,49.469,-117.393,43.9
2007,"2007-07-31",500,4,49.466,-117.482,452.4
2007,"2007-07-31",100,5,49.537,-117.488,39
2007,"2007-07-31",500,5,49.533,-117.571,470.5
2007,"2007-07-31",100,6,49.592,-117.56,36.1
2007,"2007-07-31",500,6,49.572,-117.621,485.9
2007,"2007-07-31",100,7,49.654,-117.634,35.3
2007,"2007-07-31",500,7,49.61,-117.663,511.4
2007,"2007-07-31",100,8,49.739,-117.727,36.3
2007,"2007-07-31",500,8,49.673,-117.741,551.4
2007,"2007-07-31",100,9,49.837,-117.835,36.2
2007,"2007-07-31",500,9,49.757,-117.852,593.6
2007,"2007-07-31",100,10,49.937,-117.972,33.5
2007,"2007-07-31",500,10,49.863,-117.977,605.7
2007,"2007-07-31",100,11,50.039,-118.161,30.8
2007,"2007-07-31",500,11,49.999,-118.129,551
2007,"2007-07-31",100,12,50.122,-118.393,29.3
2007,"2007-07-31",500,12,50.142,-118.365,483.2
2007,"2007-08-01",100,0,49.168,-116.696,100
2007,"2007-08-01",500,0,49.168,-116.696,500
2007,"2007-08-01",100,1,49.145,-116.701,102.6
2007,"2007-08-01",500,1,49.134,-116.702,508.5
2007,"2007-08-01",100,2,49.132,-116.684,108.3
2007,"2007-08-01",500,2,49.103,-116.689,518.1
2007,"2007-08-01",100,3,49.129,-116.646,117
2007,"2007-08-01",500,3,49.074,-116.658,526.8
2007,"2007-08-01",100,4,49.13,-116.592,127.2
2007,"2007-08-01",500,4,49.032,-116.602,531.8
2007,"2007-08-01",100,5,49.128,-116.528,136.3
2007,"2007-08-01",500,5,48.965,-116.511,529.7
2007,"2007-08-01",100,6,49.124,-116.455,143.1
2007,"2007-08-01",500,6,48.876,-116.387,520.6
2007,"2007-08-01",100,7,49.134,-116.383,153.5
2007,"2007-08-01",500,7,48.811,-116.257,525.2
2007,"2007-08-01",100,8,49.165,-116.32,177.2
2007,"2007-08-01",500,8,48.795,-116.137,558.2
2007,"2007-08-01",100,9,49.215,-116.259,218.6
2007,"2007-08-01",500,9,48.823,-116.02,614.5
2007,"2007-08-01",100,10,49.289,-116.206,276.5
2007,"2007-08-01",500,10,48.884,-115.925,680.3
2007,"2007-08-01",100,11,49.4,-116.185,349.2
2007,"2007-08-01",500,11,48.972,-115.882,746.1
2007,"2007-08-01",100,12,49.555,-116.222,438.1
2007,"2007-08-01",500,12,49.085,-115.899,814.6
2007,"2007-08-02",100,0,49.168,-116.696,100
2007,"2007-08-02",500,0,49.168,-116.696,500
2007,"2007-08-02",100,1,49.161,-116.687,109.7
2007,"2007-08-02",500,1,49.159,-116.688,511.9
2007,"2007-08-02",100,2,49.159,-116.659,116.8
2007,"2007-08-02",500,2,49.15,-116.667,520.4
2007,"2007-08-02",100,3,49.16,-116.613,120.9
2007,"2007-08-02",500,3,49.141,-116.634,524.9
2007,"2007-08-02",100,4,49.164,-116.555,114
2007,"2007-08-02",500,4,49.132,-116.599,516.3
2007,"2007-08-02",100,5,49.171,-116.488,90.3
2007,"2007-08-02",500,5,49.125,-116.57,486.2
2007,"2007-08-02",100,6,49.187,-116.413,53.9
2007,"2007-08-02",500,6,49.119,-116.534,435.4
2007,"2007-08-02",100,7,49.208,-116.324,28.8
2007,"2007-08-02",500,7,49.11,-116.487,385.9
2007,"2007-08-02",100,8,49.225,-116.229,20.6
2007,"2007-08-02",500,8,49.095,-116.441,358.3
2007,"2007-08-02",100,9,49.24,-116.129,23.3
2007,"2007-08-02",500,9,49.077,-116.403,352.3
2007,"2007-08-02",100,10,49.255,-116.033,32.5
2007,"2007-08-02",500,10,49.05,-116.372,360.9
2007,"2007-08-02",100,11,49.267,-115.951,46.3
2007,"2007-08-02",500,11,49.009,-116.341,377.2
2007,"2007-08-02",100,12,49.272,-115.886,65.5
2007,"2007-08-02",500,12,48.953,-116.312,401.5
2007,"2007-08-03",100,0,49.168,-116.696,100
2007,"2007-08-03",500,0,49.168,-116.696,500
2007,"2007-08-03",100,1,49.11,-116.921,53.4
2007,"2007-08-03",500,1,49.102,-116.909,397.5
2007,"2007-08-03",100,2,49.067,-117.14,35.9
2007,"2007-08-03",500,2,49.047,-117.095,337.9
2007,"2007-08-03",100,3,49.062,-117.335,34.6
2007,"2007-08-03",500,3,49.005,-117.268,319.5
2007,"2007-08-03",100,4,49.1,-117.501,35.3
2007,"2007-08-03",500,4,48.992,-117.422,304.7
2007,"2007-08-03",100,5,49.174,-117.639,27.3
2007,"2007-08-03",500,5,49.023,-117.544,263.6
2007,"2007-08-03",100,6,49.264,-117.755,15.9
2007,"2007-08-03",500,6,49.091,-117.634,198.9
2007,"2007-08-03",100,7,49.352,-117.861,9
2007,"2007-08-03",500,7,49.18,-117.714,148.8
2007,"2007-08-03",100,8,49.434,-117.97,8.8
2007,"2007-08-03",500,8,49.276,-117.802,140.7
2007,"2007-08-03",100,9,49.517,-118.081,12.7
2007,"2007-08-03",500,9,49.376,-117.898,178.6
2007,"2007-08-03",100,10,49.594,-118.196,19.7
2007,"2007-08-03",500,10,49.467,-118.003,230.9
2007,"2007-08-03",100,11,49.654,-118.33,22.9
2007,"2007-08-03",500,11,49.54,-118.113,238
2007,"2007-08-03",100,12,49.712,-118.495,18.2
2007,"2007-08-03",500,12,49.606,-118.248,194.4
2007,"2007-08-04",100,0,49.168,-116.696,100
2007,"2007-08-04",500,0,49.168,-116.696,500
2007,"2007-08-04",100,1,49.189,-116.795,66.3
2007,"2007-08-04",500,1,49.18,-116.798,430.5
2007,"2007-08-04",100,2,49.226,-116.877,38.4
2007,"2007-08-04",500,2,49.207,-116.875,366.8
2007,"2007-08-04",100,3,49.28,-116.943,15.5
2007,"2007-08-04",500,3,49.25,-116.929,306.7
2007,"2007-08-04",100,4,49.34,-116.987,0.1
2007,"2007-08-04",500,4,49.3,-116.96,260.3
2007,"2007-08-04",100,5,49.397,-117.001,0
2007,"2007-08-04",500,5,49.347,-116.965,237.7
2007,"2007-08-04",100,6,49.45,-116.984,0
2007,"2007-08-04",500,6,49.391,-116.944,237.5
2007,"2007-08-04",100,7,49.506,-116.958,3
2007,"2007-08-04",500,7,49.44,-116.925,260.8
2007,"2007-08-04",100,8,49.569,-116.945,12.9
2007,"2007-08-04",500,8,49.508,-116.93,313.4
2007,"2007-08-04",100,9,49.642,-116.956,33
2007,"2007-08-04",500,9,49.604,-116.961,398.2
2007,"2007-08-04",100,10,49.728,-116.998,62
2007,"2007-08-04",500,10,49.728,-117.019,491.2
2007,"2007-08-04",100,11,49.836,-117.067,84
2007,"2007-08-04",500,11,49.877,-117.105,556.7
2007,"2007-08-04",100,12,49.941,-117.163,85.4
2007,"2007-08-04",500,12,50.033,-117.25,539.3
2007,"2007-08-05",100,0,49.168,-116.696,100
2007,"2007-08-05",500,0,49.168,-116.696,500
2007,"2007-08-05",100,1,49.203,-116.752,83.3
2007,"2007-08-05",500,1,49.197,-116.751,474.6
2007,"2007-08-05",100,2,49.23,-116.791,74
2007,"2007-08-05",500,2,49.209,-116.797,462
2007,"2007-08-05",100,3,49.248,-116.812,73
2007,"2007-08-05",500,3,49.203,-116.834,466
2007,"2007-08-05",100,4,49.269,-116.81,78.4
2007,"2007-08-05",500,4,49.196,-116.849,482.5
2007,"2007-08-05",100,5,49.305,-116.783,88.3
2007,"2007-08-05",500,5,49.203,-116.834,505.8
2007,"2007-08-05",100,6,49.357,-116.729,104.1
2007,"2007-08-05",500,6,49.224,-116.79,535.7
2007,"2007-08-05",100,7,49.42,-116.666,127.4
2007,"2007-08-05",500,7,49.253,-116.74,572.8
2007,"2007-08-05",100,8,49.49,-116.615,160.5
2007,"2007-08-05",500,8,49.283,-116.708,616.1
2007,"2007-08-05",100,9,49.569,-116.577,206.4
2007,"2007-08-05",500,9,49.314,-116.696,664
2007,"2007-08-05",100,10,49.65,-116.563,258.5
2007,"2007-08-05",500,10,49.344,-116.697,715.8
2007,"2007-08-05",100,11,49.727,-116.582,311.9
2007,"2007-08-05",500,11,49.37,-116.709,770.7
2007,"2007-08-05",100,12,49.796,-116.632,372.3
2007,"2007-08-05",500,12,49.39,-116.728,829.3
2007,"2007-08-06",100,0,49.168,-116.696,100
2007,"2007-08-06",500,0,49.168,-116.696,500
2007,"2007-08-06",100,1,49.167,-116.854,66.1
2007,"2007-08-06",500,1,49.154,-116.864,443.9
2007,"2007-08-06",100,2,49.182,-117.004,47.2
2007,"2007-08-06",500,2,49.157,-117.004,408.9
2007,"2007-08-06",100,3,49.212,-117.145,40.4
2007,"2007-08-06",500,3,49.176,-117.121,398.8
2007,"2007-08-06",100,4,49.249,-117.261,38.9
2007,"2007-08-06",500,4,49.199,-117.227,399.4
2007,"2007-08-06",100,5,49.283,-117.345,34.4
2007,"2007-08-06",500,5,49.219,-117.331,394.4
2007,"2007-08-06",100,6,49.311,-117.397,27.8
2007,"2007-08-06",500,6,49.236,-117.433,385.7
2007,"2007-08-06",100,7,49.346,-117.431,22.6
2007,"2007-08-06",500,7,49.263,-117.521,383.4
2007,"2007-08-06",100,8,49.398,-117.469,20.4
2007,"2007-08-06",500,8,49.315,-117.596,398.8
2007,"2007-08-06",100,9,49.468,-117.517,21.1
2007,"2007-08-06",500,9,49.397,-117.667,435.1
2007,"2007-08-06",100,10,49.548,-117.573,22.2
2007,"2007-08-06",500,10,49.503,-117.745,483.4
2007,"2007-08-06",100,11,49.63,-117.624,21.1
2007,"2007-08-06",500,11,49.624,-117.836,521.5
2007,"2007-08-06",100,12,49.712,-117.67,18.8
2007,"2007-08-06",500,12,49.751,-117.935,537.5
2007,"2007-08-07",100,0,49.168,-116.696,100
2007,"2007-08-07",500,0,49.168,-116.696,500
2007,"2007-08-07",100,1,49.066,-116.924,70.5
2007,"2007-08-07",500,1,49.049,-116.947,439.6
2007,"2007-08-07",100,2,48.975,-117.123,43.6
2007,"2007-08-07",500,2,48.953,-117.154,381.1
2007,"2007-08-07",100,3,48.887,-117.282,24.7
2007,"2007-08-07",500,3,48.879,-117.315,319.2
2007,"2007-08-07",100,4,48.805,-117.386,15.3
2007,"2007-08-07",500,4,48.822,-117.433,263
2007,"2007-08-07",100,5,48.751,-117.442,12.5
2007,"2007-08-07",500,5,48.785,-117.517,227.4
2007,"2007-08-07",100,6,48.733,-117.465,14
2007,"2007-08-07",500,6,48.768,-117.574,216.4
2007,"2007-08-07",100,7,48.746,-117.491,17.5
2007,"2007-08-07",500,7,48.769,-117.617,220.1
2007,"2007-08-07",100,8,48.785,-117.539,21.3
2007,"2007-08-07",500,8,48.786,-117.653,230.4
2007,"2007-08-07",100,9,48.846,-117.596,25.4
2007,"2007-08-07",500,9,48.817,-117.684,247.8
2007,"2007-08-07",100,10,48.922,-117.651,29.7
2007,"2007-08-07",500,10,48.873,-117.713,269.3
2007,"2007-08-07",100,11,49.003,-117.707,33.9
2007,"2007-08-07",500,11,48.965,-117.757,291.1
2007,"2007-08-07",100,12,49.096,-117.77,37.4
2007,"2007-08-07",500,12,49.102,-117.843,314
2007,"2007-08-08",100,0,49.168,-116.696,100
2007,"2007-08-08",500,0,49.168,-116.696,500
2007,"2007-08-08",100,1,49.091,-116.854,64.1
2007,"2007-08-08",500,1,49.09,-116.841,428.5
2007,"2007-08-08",100,2,49.016,-117.007,49
2007,"2007-08-08",500,2,49.017,-116.949,393.9
2007,"2007-08-08",100,3,48.948,-117.132,52.9
2007,"2007-08-08",500,3,48.955,-117.029,391.7
2007,"2007-08-08",100,4,48.897,-117.217,67.2
2007,"2007-08-08",500,4,48.906,-117.1,399.9
2007,"2007-08-08",100,5,48.869,-117.276,77.5
2007,"2007-08-08",500,5,48.879,-117.173,399.2
2007,"2007-08-08",100,6,48.865,-117.32,83.3
2007,"2007-08-08",500,6,48.878,-117.246,393.6
2007,"2007-08-08",100,7,48.89,-117.356,94
2007,"2007-08-08",500,7,48.909,-117.318,397.3
2007,"2007-08-08",100,8,48.949,-117.386,119
2007,"2007-08-08",500,8,48.977,-117.402,420.6
2007,"2007-08-08",100,9,49.029,-117.414,154
2007,"2007-08-08",500,9,49.076,-117.523,463.4
2007,"2007-08-08",100,10,49.109,-117.463,174.8
2007,"2007-08-08",500,10,49.196,-117.722,507.5
2007,"2007-08-08",100,11,49.184,-117.558,162.9
2007,"2007-08-08",500,11,49.329,-117.989,530.1
2007,"2007-08-08",100,12,49.259,-117.701,128.1
2007,"2007-08-08",500,12,49.461,-118.341,516.9
2007,"2007-08-09",100,0,49.168,-116.696,100
2007,"2007-08-09",500,0,49.168,-116.696,500
2007,"2007-08-09",100,1,49.058,-116.691,95.6
2007,"2007-08-09",500,1,49.037,-116.682,478.9
2007,"2007-08-09",100,2,48.946,-116.67,82.9
2007,"2007-08-09",500,2,48.909,-116.657,447.9
2007,"2007-08-09",100,3,48.835,-116.644,60.3
2007,"2007-08-09",500,3,48.782,-116.63,397.1
2007,"2007-08-09",100,4,48.744,-116.624,35.7
2007,"2007-08-09",500,4,48.659,-116.611,332.1
2007,"2007-08-09",100,5,48.688,-116.602,19
2007,"2007-08-09",500,5,48.554,-116.595,268.1
2007,"2007-08-09",100,6,48.667,-116.56,7.6
2007,"2007-08-09",500,6,48.48,-116.572,209.7
2007,"2007-08-09",100,7,48.661,-116.494,3
2007,"2007-08-09",500,7,48.43,-116.527,171.8
2007,"2007-08-09",100,8,48.645,-116.411,3.6
2007,"2007-08-09",500,8,48.378,-116.46,167.5
2007,"2007-08-09",100,9,48.62,-116.311,8.4
2007,"2007-08-09",500,9,48.313,-116.378,195.9
2007,"2007-08-09",100,10,48.586,-116.214,15.8
2007,"2007-08-09",500,10,48.227,-116.318,236.6
2007,"2007-08-09",100,11,48.541,-116.139,25
2007,"2007-08-09",500,11,48.126,-116.299,265.2
2007,"2007-08-09",100,12,48.484,-116.074,36
2007,"2007-08-09",500,12,48.019,-116.306,275.5
2007,"2007-08-10",100,0,49.168,-116.696,100
2007,"2007-08-10",500,0,49.168,-116.696,500
2007,"2007-08-10",100,1,49.209,-116.979,67
2007,"2007-08-10",500,1,49.191,-116.988,437.8
2007,"2007-08-10",100,2,49.275,-117.254,41.1
2007,"2007-08-10",500,2,49.229,-117.236,361.1
2007,"2007-08-10",100,3,49.371,-117.517,25.3
2007,"2007-08-10",500,3,49.294,-117.458,287
2007,"2007-08-10",100,4,49.481,-117.767,16.9
2007,"2007-08-10",500,4,49.378,-117.656,230
2007,"2007-08-10",100,5,49.581,-117.984,12.5
2007,"2007-08-10",500,5,49.455,-117.831,189.5
2007,"2007-08-10",100,6,49.675,-118.155,9.5
2007,"2007-08-10",500,6,49.519,-117.99,158.8
2007,"2007-08-10",100,7,49.767,-118.301,7.2
2007,"2007-08-10",500,7,49.591,-118.122,143.7
2007,"2007-08-10",100,8,49.86,-118.449,6.6
2007,"2007-08-10",500,8,49.696,-118.199,152.5
2007,"2007-08-10",100,9,49.962,-118.57,10.6
2007,"2007-08-10",500,9,49.843,-118.21,182.7
2007,"2007-08-10",100,10,50.067,-118.659,16.2
2007,"2007-08-10",500,10,50.006,-118.199,202.4
2007,"2007-08-10",100,11,50.147,-118.749,17.7
2007,"2007-08-10",500,11,50.125,-118.232,204.8
2007,"2007-08-10",100,12,50.193,-118.846,16.7
2007,"2007-08-10",500,12,50.194,-118.311,200
2007,"2007-08-11",100,0,49.168,-116.696,100
2007,"2007-08-11",500,0,49.168,-116.696,500
2007,"2007-08-11",100,1,49.084,-116.529,106.3
2007,"2007-08-11",500,1,49.069,-116.52,496.1
2007,"2007-08-11",100,2,49.031,-116.355,106.1
2007,"2007-08-11",500,2,49.005,-116.335,484.5
2007,"2007-08-11",100,3,49.011,-116.177,107.4
2007,"2007-08-11",500,3,48.98,-116.147,476.8
2007,"2007-08-11",100,4,49.014,-116.015,109.9
2007,"2007-08-11",500,4,48.956,-115.962,477.2
2007,"2007-08-11",100,5,49.029,-115.886,112.4
2007,"2007-08-11",500,5,48.894,-115.788,481.9
2007,"2007-08-11",100,6,49.053,-115.786,112.2
2007,"2007-08-11",500,6,48.785,-115.625,483.1
2007,"2007-08-11",100,7,49.076,-115.7,114.5
2007,"2007-08-11",500,7,48.663,-115.478,495.5
2007,"2007-08-11",100,8,49.091,-115.614,125.9
2007,"2007-08-11",500,8,48.583,-115.358,524.9
2007,"2007-08-11",100,9,49.103,-115.525,148.1
2007,"2007-08-11",500,9,48.547,-115.263,562.9
2007,"2007-08-11",100,10,49.115,-115.45,180.8
2007,"2007-08-11",500,10,48.544,-115.21,605.8
2007,"2007-08-11",100,11,49.128,-115.411,221.5
2007,"2007-08-11",500,11,48.559,-115.218,654.6
2007,"2007-08-11",100,12,49.143,-115.41,269.3
2007,"2007-08-11",500,12,48.592,-115.288,711.9
2007,"2007-08-12",100,0,49.168,-116.696,100
2007,"2007-08-12",500,0,49.168,-116.696,500
2007,"2007-08-12",100,1,49.011,-116.868,87.3
2007,"2007-08-12",500,1,48.998,-116.878,463.8
2007,"2007-08-12",100,2,48.864,-117.007,82.9
2007,"2007-08-12",500,2,48.846,-117.021,438.6
2007,"2007-08-12",100,3,48.729,-117.105,80.2
2007,"2007-08-12",500,3,48.711,-117.123,401
2007,"2007-08-12",100,4,48.607,-117.159,75.9
2007,"2007-08-12",500,4,48.589,-117.187,349
2007,"2007-08-12",100,5,48.499,-117.173,74.5
2007,"2007-08-12",500,5,48.473,-117.214,301.8
2007,"2007-08-12",100,6,48.412,-117.146,80.9
2007,"2007-08-12",500,6,48.365,-117.207,271.9
2007,"2007-08-12",100,7,48.335,-117.097,88.7
2007,"2007-08-12",500,7,48.255,-117.195,248.3
2007,"2007-08-12",100,8,48.247,-117.064,90.3
2007,"2007-08-12",500,8,48.13,-117.209,224.1
2007,"2007-08-12",100,9,48.143,-117.068,84.8
2007,"2007-08-12",500,9,48.006,-117.255,197.5
2007,"2007-08-12",100,10,48.042,-117.095,80.7
2007,"2007-08-12",500,10,47.905,-117.297,176.9
2007,"2007-08-12",100,11,47.962,-117.094,84.2
2007,"2007-08-12",500,11,47.829,-117.295,170.1
2007,"2007-08-12",100,12,47.903,-117.036,96.4
2007,"2007-08-12",500,12,47.773,-117.236,175.5
2007,"2007-08-13",100,0,49.168,-116.696,100
2007,"2007-08-13",500,0,49.168,-116.696,500
2007,"2007-08-13",100,1,49.104,-116.79,76.7
2007,"2007-08-13",500,1,49.098,-116.796,471.6
2007,"2007-08-13",100,2,49.035,-116.886,69.6
2007,"2007-08-13",500,2,49.035,-116.896,463.9
2007,"2007-08-13",100,3,48.962,-116.981,73.2
2007,"2007-08-13",500,3,48.977,-116.999,474.9
2007,"2007-08-13",100,4,48.891,-117.053,79.1
2007,"2007-08-13",500,4,48.904,-117.102,485.4
2007,"2007-08-13",100,5,48.824,-117.084,79.7
2007,"2007-08-13",500,5,48.809,-117.186,475.9
2007,"2007-08-13",100,6,48.763,-117.076,75.2
2007,"2007-08-13",500,6,48.712,-117.233,452
2007,"2007-08-13",100,7,48.708,-117.056,67.3
2007,"2007-08-13",500,7,48.638,-117.251,423.2
2007,"2007-08-13",100,8,48.664,-117.049,57.2
2007,"2007-08-13",500,8,48.593,-117.265,394.6
2007,"2007-08-13",100,9,48.626,-117.057,45.1
2007,"2007-08-13",500,9,48.571,-117.285,365.6
2007,"2007-08-13",100,10,48.588,-117.079,34.4
2007,"2007-08-13",500,10,48.564,-117.315,337.2
2007,"2007-08-13",100,11,48.549,-117.119,26.3
2007,"2007-08-13",500,11,48.566,-117.356,311.2
2007,"2007-08-13",100,12,48.516,-117.178,19.7
2007,"2007-08-13",500,12,48.576,-117.407,286.8
2007,"2007-08-14",100,0,49.168,-116.696,100
2007,"2007-08-14",500,0,49.168,-116.696,500
2007,"2007-08-14",100,1,49.119,-116.875,66.1
2007,"2007-08-14",500,1,49.116,-116.895,448.9
2007,"2007-08-14",100,2,49.06,-117.032,47.6
2007,"2007-08-14",500,2,49.052,-117.069,402.8
2007,"2007-08-14",100,3,49,-117.144,36.2
2007,"2007-08-14",500,3,48.982,-117.218,361.4
2007,"2007-08-14",100,4,48.948,-117.205,28.7
2007,"2007-08-14",500,4,48.919,-117.327,324.7
2007,"2007-08-14",100,5,48.913,-117.224,24.3
2007,"2007-08-14",500,5,48.869,-117.384,296.9
2007,"2007-08-14",100,6,48.893,-117.206,21.8
2007,"2007-08-14",500,6,48.831,-117.39,280.1
2007,"2007-08-14",100,7,48.873,-117.167,19.9
2007,"2007-08-14",500,7,48.795,-117.372,267.4
2007,"2007-08-14",100,8,48.842,-117.116,17.5
2007,"2007-08-14",500,8,48.753,-117.352,253.4
2007,"2007-08-14",100,9,48.803,-117.049,14.8
2007,"2007-08-14",500,9,48.705,-117.329,236.6
2007,"2007-08-14",100,10,48.764,-116.969,11.8
2007,"2007-08-14",500,10,48.649,-117.3,213.9
2007,"2007-08-14",100,11,48.732,-116.883,8.8
2007,"2007-08-14",500,11,48.587,-117.261,184.4
2007,"2007-08-14",100,12,48.702,-116.795,5.5
2007,"2007-08-14",500,12,48.525,-117.212,151.7
2007,"2007-08-15",100,0,49.168,-116.696,100
2007,"2007-08-15",500,0,49.168,-116.696,500
2007,"2007-08-15",100,1,49.114,-116.726,74.4
2007,"2007-08-15",500,1,49.101,-116.726,454.6
2007,"2007-08-15",100,2,49.066,-116.735,57.7
2007,"2007-08-15",500,2,49.033,-116.731,421.4
2007,"2007-08-15",100,3,49.03,-116.717,48
2007,"2007-08-15",500,3,48.965,-116.711,400.4
2007,"2007-08-15",100,4,49.013,-116.676,41.8
2007,"2007-08-15",500,4,48.913,-116.673,385.8
2007,"2007-08-15",100,5,49.023,-116.621,36.1
2007,"2007-08-15",500,5,48.893,-116.627,370.4
2007,"2007-08-15",100,6,49.056,-116.552,30.8
2007,"2007-08-15",500,6,48.902,-116.575,353.2
2007,"2007-08-15",100,7,49.101,-116.475,28.3
2007,"2007-08-15",500,7,48.936,-116.535,345.1
2007,"2007-08-15",100,8,49.153,-116.396,31.1
2007,"2007-08-15",500,8,48.989,-116.526,356.7
2007,"2007-08-15",100,9,49.213,-116.318,38.9
2007,"2007-08-15",500,9,49.061,-116.553,391
2007,"2007-08-15",100,10,49.276,-116.265,47.1
2007,"2007-08-15",500,10,49.13,-116.619,434.3
2007,"2007-08-15",100,11,49.341,-116.258,51.3
2007,"2007-08-15",500,11,49.173,-116.714,466
2007,"2007-08-15",100,12,49.405,-116.298,50.5
2007,"2007-08-15",500,12,49.192,-116.823,479.3
2008,"2008-07-01",100,0,49.168,-116.696,100
2008,"2008-07-01",500,0,49.168,-116.696,500
2008,"2008-07-01",100,1,49.164,-116.74,95.3
2008,"2008-07-01",500,1,49.166,-116.74,489.1
2008,"2008-07-01",100,2,49.153,-116.783,94.1
2008,"2008-07-01",500,2,49.157,-116.781,477.3
2008,"2008-07-01",100,3,49.135,-116.824,94.9
2008,"2008-07-01",500,3,49.142,-116.819,463.5
2008,"2008-07-01",100,4,49.115,-116.855,96.1
2008,"2008-07-01",500,4,49.128,-116.85,453.2
2008,"2008-07-01",100,5,49.1,-116.869,97.4
2008,"2008-07-01",500,5,49.123,-116.868,452.4
2008,"2008-07-01",100,6,49.091,-116.866,99.6
2008,"2008-07-01",500,6,49.128,-116.873,461.1
2008,"2008-07-01",100,7,49.105,-116.859,107.4
2008,"2008-07-01",500,7,49.156,-116.878,484.5
2008,"2008-07-01",100,8,49.157,-116.861,127.3
2008,"2008-07-01",500,8,49.213,-116.899,528.6
2008,"2008-07-01",100,9,49.249,-116.874,162.8
2008,"2008-07-01",500,9,49.288,-116.94,595
2008,"2008-07-01",100,10,49.35,-116.891,215.1
2008,"2008-07-01",500,10,49.361,-116.988,672.5
2008,"2008-07-01",100,11,49.439,-116.899,279
2008,"2008-07-01",500,11,49.424,-117.021,744.1
2008,"2008-07-01",100,12,49.524,-116.891,348.4
2008,"2008-07-01",500,12,49.481,-117.032,804
2008,"2008-07-02",100,0,49.168,-116.696,100
2008,"2008-07-02",500,0,49.168,-116.696,500
2008,"2008-07-02",100,1,49.119,-116.772,77.5
2008,"2008-07-02",500,1,49.116,-116.788,451
2008,"2008-07-02",100,2,49.078,-116.821,70.8
2008,"2008-07-02",500,2,49.071,-116.84,434.6
2008,"2008-07-02",100,3,49.048,-116.844,77.3
2008,"2008-07-02",500,3,49.035,-116.854,447.3
2008,"2008-07-02",100,4,49.028,-116.841,85.8
2008,"2008-07-02",500,4,49.011,-116.842,463.3
2008,"2008-07-02",100,5,49.022,-116.817,82.7
2008,"2008-07-02",500,5,49.002,-116.813,457.9
2008,"2008-07-02",100,6,49.034,-116.771,69.4
2008,"2008-07-02",500,6,49.007,-116.763,430.6
2008,"2008-07-02",100,7,49.063,-116.704,56.1
2008,"2008-07-02",500,7,49.019,-116.688,400
2008,"2008-07-02",100,8,49.101,-116.617,49.6
2008,"2008-07-02",500,8,49.038,-116.59,383.4
2008,"2008-07-02",100,9,49.147,-116.508,49.6
2008,"2008-07-02",500,9,49.068,-116.469,380.9
2008,"2008-07-02",100,10,49.196,-116.375,56.6
2008,"2008-07-02",500,10,49.104,-116.319,391.8
2008,"2008-07-02",100,11,49.251,-116.211,71.6
2008,"2008-07-02",500,11,49.149,-116.141,414.6
2008,"2008-07-02",100,12,49.317,-116.016,97.8
2008,"2008-07-02",500,12,49.205,-115.936,452.5
2008,"2008-07-03",100,0,49.168,-116.696,100
2008,"2008-07-03",500,0,49.168,-116.696,500
2008,"2008-07-03",100,1,49.126,-116.575,76.4
2008,"2008-07-03",500,1,49.106,-116.569,464.1
2008,"2008-07-03",100,2,49.094,-116.475,60
2008,"2008-07-03",500,2,49.063,-116.464,433.4
2008,"2008-07-03",100,3,49.072,-116.398,50.5
2008,"2008-07-03",500,3,49.038,-116.374,413.7
2008,"2008-07-03",100,4,49.061,-116.338,42.6
2008,"2008-07-03",500,4,49.021,-116.306,390.7
2008,"2008-07-03",100,5,49.061,-116.284,33.3
2008,"2008-07-03",500,5,49.009,-116.261,349.5
2008,"2008-07-03",100,6,49.072,-116.236,24.8
2008,"2008-07-03",500,6,49.004,-116.238,294
2008,"2008-07-03",100,7,49.08,-116.192,19.7
2008,"2008-07-03",500,7,48.998,-116.229,247.6
2008,"2008-07-03",100,8,49.07,-116.149,18.2
2008,"2008-07-03",500,8,48.981,-116.236,231.2
2008,"2008-07-03",100,9,49.042,-116.106,19.1
2008,"2008-07-03",500,9,48.949,-116.262,246.1
2008,"2008-07-03",100,10,49.005,-116.076,20.8
2008,"2008-07-03",500,10,48.919,-116.307,268.4
2008,"2008-07-03",100,11,48.977,-116.069,19.8
2008,"2008-07-03",500,11,48.91,-116.37,270.9
2008,"2008-07-03",100,12,48.96,-116.084,14.7
2008,"2008-07-03",500,12,48.923,-116.448,253.6
2008,"2008-07-04",100,0,49.168,-116.696,100
2008,"2008-07-04",500,0,49.168,-116.696,500
2008,"2008-07-04",100,1,49.105,-116.954,86.7
2008,"2008-07-04",500,1,49.103,-116.979,473.9
2008,"2008-07-04",100,2,49.044,-117.194,82.4
2008,"2008-07-04",500,2,49.034,-117.235,457
2008,"2008-07-04",100,3,48.977,-117.419,89.1
2008,"2008-07-04",500,3,48.958,-117.474,435
2008,"2008-07-04",100,4,48.923,-117.608,103.1
2008,"2008-07-04",500,4,48.902,-117.688,422.2
2008,"2008-07-04",100,5,48.904,-117.739,119.4
2008,"2008-07-04",500,5,48.887,-117.863,435.1
2008,"2008-07-04",100,6,48.921,-117.81,142.2
2008,"2008-07-04",500,6,48.907,-118.023,475.3
2008,"2008-07-04",100,7,48.953,-117.877,167.9
2008,"2008-07-04",500,7,48.932,-118.24,524.3
2008,"2008-07-04",100,8,48.987,-118.003,192.2
2008,"2008-07-04",500,8,48.939,-118.545,576.2
2008,"2008-07-04",100,9,49.034,-118.211,215.4
2008,"2008-07-04",500,9,48.937,-118.89,659.1
2008,"2008-07-04",100,10,49.095,-118.44,246.2
2008,"2008-07-04",500,10,48.911,-119.194,779.6
2008,"2008-07-04",100,11,49.175,-118.616,285.2
2008,"2008-07-04",500,11,48.87,-119.445,899.9
2008,"2008-07-04",100,12,49.28,-118.761,315.2
2008,"2008-07-04",500,12,48.82,-119.726,1001.2
2008,"2008-07-05",100,0,49.168,-116.696,100
2008,"2008-07-05",500,0,49.168,-116.696,500
2008,"2008-07-05",100,1,49.089,-116.926,56
2008,"2008-07-05",500,1,49.095,-116.942,411.1
2008,"2008-07-05",100,2,49.001,-117.139,34.9
2008,"2008-07-05",500,2,49.021,-117.14,350.7
2008,"2008-07-05",100,3,48.903,-117.306,26.4
2008,"2008-07-05",500,3,48.94,-117.294,312.9
2008,"2008-07-05",100,4,48.806,-117.413,20.1
2008,"2008-07-05",500,4,48.855,-117.412,272
2008,"2008-07-05",100,5,48.722,-117.465,13
2008,"2008-07-05",500,5,48.779,-117.502,213.4
2008,"2008-07-05",100,6,48.652,-117.471,7.1
2008,"2008-07-05",500,6,48.713,-117.565,151.7
2008,"2008-07-05",100,7,48.589,-117.456,3
2008,"2008-07-05",500,7,48.658,-117.592,108.3
2008,"2008-07-05",100,8,48.521,-117.445,0.2
2008,"2008-07-05",500,8,48.608,-117.588,87.1
2008,"2008-07-05",100,9,48.441,-117.449,0
2008,"2008-07-05",500,9,48.552,-117.564,79
2008,"2008-07-05",100,10,48.343,-117.479,0
2008,"2008-07-05",500,10,48.476,-117.548,72.1
2008,"2008-07-05",100,11,48.229,-117.55,0
2008,"2008-07-05",500,11,48.366,-117.569,63.7
2008,"2008-07-05",100,12,48.112,-117.65,0
2008,"2008-07-05",500,12,48.231,-117.65,58.7
2008,"2008-07-06",100,0,49.168,-116.696,100
2008,"2008-07-06",500,0,49.168,-116.696,500
2008,"2008-07-06",100,1,49.164,-116.945,50.9
2008,"2008-07-06",500,1,49.16,-116.959,425.3
2008,"2008-07-06",100,2,49.186,-117.157,32.1
2008,"2008-07-06",500,2,49.163,-117.17,370
2008,"2008-07-06",100,3,49.243,-117.328,25.3
2008,"2008-07-06",500,3,49.182,-117.342,336.7
2008,"2008-07-06",100,4,49.32,-117.462,23.1
2008,"2008-07-06",500,4,49.219,-117.48,324.1
2008,"2008-07-06",100,5,49.4,-117.574,24.1
2008,"2008-07-06",500,5,49.273,-117.586,331.7
2008,"2008-07-06",100,6,49.474,-117.668,29
2008,"2008-07-06",500,6,49.339,-117.665,361.7
2008,"2008-07-06",100,7,49.544,-117.754,36.8
2008,"2008-07-06",500,7,49.425,-117.739,413.6
2008,"2008-07-06",100,8,49.622,-117.841,45.7
2008,"2008-07-06",500,8,49.535,-117.83,478.7
2008,"2008-07-06",100,9,49.711,-117.936,56.7
2008,"2008-07-06",500,9,49.655,-117.944,528.3
2008,"2008-07-06",100,10,49.803,-118.058,66.9
2008,"2008-07-06",500,10,49.77,-118.091,544.5
2008,"2008-07-06",100,11,49.882,-118.212,71.2
2008,"2008-07-06",500,11,49.868,-118.293,524.4
2008,"2008-07-06",100,12,49.944,-118.389,67.6
2008,"2008-07-06",500,12,49.939,-118.564,497.8
2008,"2008-07-07",100,0,49.168,-116.696,100
2008,"2008-07-07",500,0,49.168,-116.696,500
2008,"2008-07-07",100,1,49.13,-116.946,86.1
2008,"2008-07-07",500,1,49.119,-116.959,463.5
2008,"2008-07-07",100,2,49.109,-117.153,84.7
2008,"2008-07-07",500,2,49.096,-117.176,448.5
2008,"2008-07-07",100,3,49.114,-117.315,100.7
2008,"2008-07-07",500,3,49.102,-117.35,456.2
2008,"2008-07-07",100,4,49.14,-117.433,124.8
2008,"2008-07-07",500,4,49.124,-117.482,474.3
2008,"2008-07-07",100,5,49.174,-117.507,141.4
2008,"2008-07-07",500,5,49.153,-117.573,488.4
2008,"2008-07-07",100,6,49.21,-117.543,148.8
2008,"2008-07-07",500,6,49.186,-117.631,498.9
2008,"2008-07-07",100,7,49.247,-117.555,156.7
2008,"2008-07-07",500,7,49.23,-117.676,519.2
2008,"2008-07-07",100,8,49.288,-117.559,177.2
2008,"2008-07-07",500,8,49.293,-117.721,564.7
2008,"2008-07-07",100,9,49.338,-117.552,214.2
2008,"2008-07-07",500,9,49.376,-117.76,637.4
2008,"2008-07-07",100,10,49.408,-117.563,256.5
2008,"2008-07-07",500,10,49.481,-117.815,719
2008,"2008-07-07",100,11,49.513,-117.625,288
2008,"2008-07-07",500,11,49.606,-117.924,775.4
2008,"2008-07-07",100,12,49.643,-117.744,297.9
2008,"2008-07-07",500,12,49.745,-118.085,794.7
2008,"2008-07-08",100,0,49.168,-116.696,100
2008,"2008-07-08",500,0,49.168,-116.696,500
2008,"2008-07-08",100,1,49.176,-116.928,46.3
2008,"2008-07-08",500,1,49.182,-116.955,421.9
2008,"2008-07-08",100,2,49.192,-117.134,24.6
2008,"2008-07-08",500,2,49.208,-117.176,350.1
2008,"2008-07-08",100,3,49.217,-117.313,11.3
2008,"2008-07-08",500,3,49.246,-117.362,294.3
2008,"2008-07-08",100,4,49.249,-117.45,0
2008,"2008-07-08",500,4,49.287,-117.507,258.3
2008,"2008-07-08",100,5,49.288,-117.542,0
2008,"2008-07-08",500,5,49.325,-117.61,239.8
2008,"2008-07-08",100,6,49.333,-117.596,0
2008,"2008-07-08",500,6,49.361,-117.677,239.2
2008,"2008-07-08",100,7,49.384,-117.639,0
2008,"2008-07-08",500,7,49.42,-117.743,252.4
2008,"2008-07-08",100,8,49.445,-117.699,0
2008,"2008-07-08",500,8,49.519,-117.842,274.7
2008,"2008-07-08",100,9,49.521,-117.778,0
2008,"2008-07-08",500,9,49.655,-117.968,305.3
2008,"2008-07-08",100,10,49.612,-117.874,1.4
2008,"2008-07-08",500,10,49.808,-118.097,330.2
2008,"2008-07-08",100,11,49.712,-117.974,3.5
2008,"2008-07-08",500,11,49.967,-118.205,316.3
2008,"2008-07-08",100,12,49.817,-118.074,4.5
2008,"2008-07-08",500,12,50.127,-118.339,272.6
2008,"2008-07-09",100,0,49.168,-116.696,100
2008,"2008-07-09",500,0,49.168,-116.696,500
2008,"2008-07-09",100,1,49.133,-116.921,91.8
2008,"2008-07-09",500,1,49.128,-116.936,484.6
2008,"2008-07-09",100,2,49.108,-117.126,89.5
2008,"2008-07-09",500,2,49.099,-117.153,478.6
2008,"2008-07-09",100,3,49.098,-117.306,93.3
2008,"2008-07-09",500,3,49.086,-117.351,479.7
2008,"2008-07-09",100,4,49.109,-117.441,95.7
2008,"2008-07-09",500,4,49.107,-117.54,480.4
2008,"2008-07-09",100,5,49.144,-117.531,90.5
2008,"2008-07-09",500,5,49.177,-117.738,478.9
2008,"2008-07-09",100,6,49.201,-117.587,80.3
2008,"2008-07-09",500,6,49.304,-117.959,479.1
2008,"2008-07-09",100,7,49.27,-117.644,72.1
2008,"2008-07-09",500,7,49.466,-118.234,487.7
2008,"2008-07-09",100,8,49.347,-117.736,74.1
2008,"2008-07-09",500,8,49.599,-118.568,507.8
2008,"2008-07-09",100,9,49.438,-117.89,94.1
2008,"2008-07-09",500,9,49.713,-118.976,533.5
2008,"2008-07-09",100,10,49.542,-118.094,126.8
2008,"2008-07-09",500,10,49.799,-119.483,550
2008,"2008-07-09",100,11,49.645,-118.341,151.5
2008,"2008-07-09",500,11,49.833,-120.041,563.3
2008,"2008-07-09",100,12,49.728,-118.657,164.4
2008,"2008-07-09",500,12,49.807,-120.573,584.2
2008,"2008-07-10",100,0,49.168,-116.696,100
2008,"2008-07-10",500,0,49.168,-116.696,500
2008,"2008-07-10",100,1,49.074,-117.032,39.6
2008,"2008-07-10",500,1,49.054,-117.037,374.9
2008,"2008-07-10",100,2,49.01,-117.353,12.1
2008,"2008-07-10",500,2,48.979,-117.301,260.9
2008,"2008-07-10",100,3,48.977,-117.62,0
2008,"2008-07-10",500,3,48.936,-117.51,162.9
2008,"2008-07-10",100,4,48.977,-117.856,0
2008,"2008-07-10",500,4,48.926,-117.69,106.2
2008,"2008-07-10",100,5,49.01,-118.057,0
2008,"2008-07-10",500,5,48.949,-117.849,85.6
2008,"2008-07-10",100,6,49.068,-118.219,0
2008,"2008-07-10",500,6,48.995,-117.984,82.8
2008,"2008-07-10",100,7,49.139,-118.352,0.2
2008,"2008-07-10",500,7,49.059,-118.105,88.6
2008,"2008-07-10",100,8,49.217,-118.467,1.4
2008,"2008-07-10",500,8,49.144,-118.228,101.2
2008,"2008-07-10",100,9,49.298,-118.566,2.9
2008,"2008-07-10",500,9,49.254,-118.366,121.6
2008,"2008-07-10",100,10,49.374,-118.672,3.7
2008,"2008-07-10",500,10,49.367,-118.523,138.7
2008,"2008-07-10",100,11,49.442,-118.814,2.7
2008,"2008-07-10",500,11,49.466,-118.719,135
2008,"2008-07-10",100,12,49.502,-118.984,0
2008,"2008-07-10",500,12,49.554,-118.938,102.9
2008,"2008-07-11",100,0,49.168,-116.696,100
2008,"2008-07-11",500,0,49.168,-116.696,500
2008,"2008-07-11",100,1,49.253,-116.888,72.1
2008,"2008-07-11",500,1,49.268,-116.906,471.6
2008,"2008-07-11",100,2,49.338,-117.073,57.2
2008,"2008-07-11",500,2,49.363,-117.112,466.4
2008,"2008-07-11",100,3,49.421,-117.255,57.5
2008,"2008-07-11",500,3,49.457,-117.311,508.2
2008,"2008-07-11",100,4,49.506,-117.414,65.4
2008,"2008-07-11",500,4,49.564,-117.483,582.7
2008,"2008-07-11",100,5,49.592,-117.542,70.2
2008,"2008-07-11",500,5,49.72,-117.621,656.8
2008,"2008-07-11",100,6,49.681,-117.639,67.3
2008,"2008-07-11",500,6,49.915,-117.749,680.6
2008,"2008-07-11",100,7,49.801,-117.723,66.4
2008,"2008-07-11",500,7,50.098,-117.889,602.4
2008,"2008-07-11",100,8,49.947,-117.848,65.4
2008,"2008-07-11",500,8,50.334,-118.132,503.4
2008,"2008-07-11",100,9,50.096,-118.029,53.8
2008,"2008-07-11",500,9,50.596,-118.479,455.8
2008,"2008-07-11",100,10,50.214,-118.238,46.2
2008,"2008-07-11",500,10,50.775,-118.805,405.4
2008,"2008-07-11",100,11,50.293,-118.461,42.7
2008,"2008-07-11",500,11,50.931,-119.045,392.5
2008,"2008-07-11",100,12,50.364,-118.693,38.3
2008,"2008-07-11",500,12,51.128,-119.235,462.2
2008,"2008-07-12",100,0,49.168,-116.696,100
2008,"2008-07-12",500,0,49.168,-116.696,500
2008,"2008-07-12",100,1,49.127,-116.808,62.6
2008,"2008-07-12",500,1,49.138,-116.806,434.7
2008,"2008-07-12",100,2,49.078,-116.919,47.5
2008,"2008-07-12",500,2,49.1,-116.904,392
2008,"2008-07-12",100,3,49.027,-117.024,42.1
2008,"2008-07-12",500,3,49.053,-116.992,371.5
2008,"2008-07-12",100,4,48.987,-117.102,39.4
2008,"2008-07-12",500,4,49.014,-117.062,359.8
2008,"2008-07-12",100,5,48.969,-117.14,35.9
2008,"2008-07-12",500,5,49,-117.104,345.2
2008,"2008-07-12",100,6,48.972,-117.142,32
2008,"2008-07-12",500,6,49.011,-117.115,328
2008,"2008-07-12",100,7,48.999,-117.135,30.1
2008,"2008-07-12",500,7,49.038,-117.122,322
2008,"2008-07-12",100,8,49.048,-117.137,32.2
2008,"2008-07-12",500,8,49.076,-117.15,340.8
2008,"2008-07-12",100,9,49.114,-117.14,38.9
2008,"2008-07-12",500,9,49.124,-117.198,384.9
2008,"2008-07-12",100,10,49.186,-117.136,48.7
2008,"2008-07-12",500,10,49.194,-117.259,442.7
2008,"2008-07-12",100,11,49.259,-117.132,57.8
2008,"2008-07-12",500,11,49.298,-117.325,503.9
2008,"2008-07-12",100,12,49.339,-117.142,66.8
2008,"2008-07-12",500,12,49.437,-117.39,575.9
2008,"2008-07-13",100,0,49.168,-116.696,100
2008,"2008-07-13",500,0,49.168,-116.696,500
2008,"2008-07-13",100,1,49.118,-116.946,68.5
2008,"2008-07-13",500,1,49.118,-116.963,436.4
2008,"2008-07-13",100,2,49.08,-117.178,53.7
2008,"2008-07-13",500,2,49.08,-117.194,402.2
2008,"2008-07-13",100,3,49.063,-117.372,52.2
2008,"2008-07-13",500,3,49.06,-117.388,392.8
2008,"2008-07-13",100,4,49.06,-117.514,44.7
2008,"2008-07-13",500,4,49.062,-117.555,378.4
2008,"2008-07-13",100,5,49.065,-117.608,22.8
2008,"2008-07-13",500,5,49.089,-117.696,334
2008,"2008-07-13",100,6,49.077,-117.669,0.9
2008,"2008-07-13",500,6,49.135,-117.816,264.8
2008,"2008-07-13",100,7,49.099,-117.716,0
2008,"2008-07-13",500,7,49.177,-117.911,199.2
2008,"2008-07-13",100,8,49.134,-117.774,0
2008,"2008-07-13",500,8,49.2,-117.989,165.8
2008,"2008-07-13",100,9,49.178,-117.842,0
2008,"2008-07-13",500,9,49.211,-118.059,163.3
2008,"2008-07-13",100,10,49.223,-117.93,0
2008,"2008-07-13",500,10,49.234,-118.147,171.6
2008,"2008-07-13",100,11,49.259,-118.043,0
2008,"2008-07-13",500,11,49.274,-118.257,169.4
2008,"2008-07-13",100,12,49.291,-118.175,0
2008,"2008-07-13",500,12,49.333,-118.398,157.8
2008,"2008-07-14",100,0,49.168,-116.696,100
2008,"2008-07-14",500,0,49.168,-116.696,500
2008,"2008-07-14",100,1,49.115,-116.888,94.2
2008,"2008-07-14",500,1,49.101,-116.906,487.4
2008,"2008-07-14",100,2,49.076,-117.054,94.1
2008,"2008-07-14",500,2,49.052,-117.077,485.4
2008,"2008-07-14",100,3,49.058,-117.191,99.1
2008,"2008-07-14",500,3,49.026,-117.217,489.8
2008,"2008-07-14",100,4,49.06,-117.301,103.9
2008,"2008-07-14",500,4,49.031,-117.352,495.1
2008,"2008-07-14",100,5,49.079,-117.394,103.7
2008,"2008-07-14",500,5,49.082,-117.514,501.5
2008,"2008-07-14",100,6,49.113,-117.47,100.5
2008,"2008-07-14",500,6,49.193,-117.729,519
2008,"2008-07-14",100,7,49.163,-117.533,97.4
2008,"2008-07-14",500,7,49.351,-117.996,552.6
2008,"2008-07-14",100,8,49.228,-117.59,96.3
2008,"2008-07-14",500,8,49.517,-118.302,580.9
2008,"2008-07-14",100,9,49.31,-117.669,96.2
2008,"2008-07-14",500,9,49.672,-118.666,586.2
2008,"2008-07-14",100,10,49.404,-117.802,93.5
2008,"2008-07-14",500,10,49.797,-119.101,565.2
2008,"2008-07-14",100,11,49.497,-117.97,88.3
2008,"2008-07-14",500,11,49.858,-119.664,522.9
2008,"2008-07-14",100,12,49.585,-118.185,79
2008,"2008-07-14",500,12,49.831,-120.361,486.9
2008,"2008-07-15",100,0,49.168,-116.696,100
2008,"2008-07-15",500,0,49.168,-116.696,500
2008,"2008-07-15",100,1,49.105,-116.941,54
2008,"2008-07-15",500,1,49.114,-116.94,402.1
2008,"2008-07-15",100,2,49.035,-117.162,33.2
2008,"2008-07-15",500,2,49.039,-117.122,338.5
2008,"2008-07-15",100,3,48.972,-117.328,25.9
2008,"2008-07-15",500,3,48.946,-117.249,307.3
2008,"2008-07-15",100,4,48.928,-117.434,21.4
2008,"2008-07-15",500,4,48.868,-117.34,283
2008,"2008-07-15",100,5,48.914,-117.502,13.6
2008,"2008-07-15",500,5,48.838,-117.415,246.8
2008,"2008-07-15",100,6,48.922,-117.543,5.5
2008,"2008-07-15",500,6,48.853,-117.474,201.5
2008,"2008-07-15",100,7,48.952,-117.582,0
2008,"2008-07-15",500,7,48.895,-117.548,160.6
2008,"2008-07-15",100,8,49.003,-117.639,0
2008,"2008-07-15",500,8,48.94,-117.654,140.9
2008,"2008-07-15",100,9,49.073,-117.71,0
2008,"2008-07-15",500,9,48.985,-117.778,141.7
2008,"2008-07-15",100,10,49.139,-117.796,0
2008,"2008-07-15",500,10,49.024,-117.907,138.7
2008,"2008-07-15",100,11,49.177,-117.904,0
2008,"2008-07-15",500,11,49.046,-118.024,108.6
2008,"2008-07-15",100,12,49.187,-118.035,0
2008,"2008-07-15",500,12,49.048,-118.13,58.3
2008,"2008-07-16",100,0,49.168,-116.696,100
2008,"2008-07-16",500,0,49.168,-116.696,500
2008,"2008-07-16",100,1,49.215,-116.922,85.5
2008,"2008-07-16",500,1,49.227,-116.945,469.4
2008,"2008-07-16",100,2,49.241,-117.139,73.3
2008,"2008-07-16",500,2,49.249,-117.183,445.3
2008,"2008-07-16",100,3,49.243,-117.345,66.1
2008,"2008-07-16",500,3,49.241,-117.408,430.5
2008,"2008-07-16",100,4,49.241,-117.52,63.1
2008,"2008-07-16",500,4,49.246,-117.606,425.2
2008,"2008-07-16",100,5,49.266,-117.649,64.3
2008,"2008-07-16",500,5,49.299,-117.774,433.6
2008,"2008-07-16",100,6,49.313,-117.739,69.1
2008,"2008-07-16",500,6,49.393,-117.931,456.8
2008,"2008-07-16",100,7,49.371,-117.806,78.2
2008,"2008-07-16",500,7,49.506,-118.08,495.1
2008,"2008-07-16",100,8,49.437,-117.859,93.4
2008,"2008-07-16",500,8,49.616,-118.194,538.6
2008,"2008-07-16",100,9,49.513,-117.897,115.7
2008,"2008-07-16",500,9,49.715,-118.252,578
2008,"2008-07-16",100,10,49.596,-117.937,135.9
2008,"2008-07-16",500,10,49.805,-118.306,596.1
2008,"2008-07-16",100,11,49.681,-118.01,142.6
2008,"2008-07-16",500,11,49.889,-118.43,581.6
2008,"2008-07-16",100,12,49.769,-118.137,134.8
2008,"2008-07-16",500,12,49.963,-118.625,553.9
2008,"2008-07-17",100,0,49.168,-116.696,100
2008,"2008-07-17",500,0,49.168,-116.696,500
2008,"2008-07-17",100,1,49.055,-116.785,58.1
2008,"2008-07-17",500,1,49.052,-116.785,421
2008,"2008-07-17",100,2,48.947,-116.843,42
2008,"2008-07-17",500,2,48.956,-116.827,370.8
2008,"2008-07-17",100,3,48.85,-116.864,35.8
2008,"2008-07-17",500,3,48.88,-116.822,341
2008,"2008-07-17",100,4,48.774,-116.861,33.2
2008,"2008-07-17",500,4,48.817,-116.797,321.4
2008,"2008-07-17",100,5,48.721,-116.844,33.1
2008,"2008-07-17",500,5,48.758,-116.78,307
2008,"2008-07-17",100,6,48.694,-116.812,36.3
2008,"2008-07-17",500,6,48.705,-116.773,299.2
2008,"2008-07-17",100,7,48.678,-116.769,39.9
2008,"2008-07-17",500,7,48.657,-116.764,291.5
2008,"2008-07-17",100,8,48.658,-116.715,39.4
2008,"2008-07-17",500,8,48.611,-116.738,278.8
2008,"2008-07-17",100,9,48.634,-116.647,34.3
2008,"2008-07-17",500,9,48.563,-116.694,259.8
2008,"2008-07-17",100,10,48.617,-116.593,28.4
2008,"2008-07-17",500,10,48.521,-116.658,237
2008,"2008-07-17",100,11,48.607,-116.582,24.5
2008,"2008-07-17",500,11,48.498,-116.657,216.3
2008,"2008-07-17",100,12,48.602,-116.615,22.1
2008,"2008-07-17",500,12,48.493,-116.693,198.3
2008,"2008-07-18",100,0,49.168,-116.696,100
2008,"2008-07-18",500,0,49.168,-116.696,500
2008,"2008-07-18",100,1,49.179,-116.88,75.1
2008,"2008-07-18",500,1,49.173,-116.853,436.1
2008,"2008-07-18",100,2,49.188,-117.063,57.1
2008,"2008-07-18",500,2,49.167,-116.997,385.9
2008,"2008-07-18",100,3,49.205,-117.248,46
2008,"2008-07-18",500,3,49.151,-117.134,348.4
2008,"2008-07-18",100,4,49.249,-117.426,40.2
2008,"2008-07-18",500,4,49.144,-117.258,321.3
2008,"2008-07-18",100,5,49.321,-117.582,37.3
2008,"2008-07-18",500,5,49.162,-117.362,302.6
2008,"2008-07-18",100,6,49.401,-117.713,35.9
2008,"2008-07-18",500,6,49.203,-117.449,292.4
2008,"2008-07-18",100,7,49.474,-117.827,35.1
2008,"2008-07-18",500,7,49.256,-117.532,287.7
2008,"2008-07-18",100,8,49.548,-117.933,34.5
2008,"2008-07-18",500,8,49.319,-117.621,287.8
2008,"2008-07-18",100,9,49.632,-118.029,33.5
2008,"2008-07-18",500,9,49.4,-117.719,297.9
2008,"2008-07-18",100,10,49.732,-118.128,32
2008,"2008-07-18",500,10,49.511,-117.834,317.6
2008,"2008-07-18",100,11,49.837,-118.273,28.2
2008,"2008-07-18",500,11,49.665,-117.973,328.2
2008,"2008-07-18",100,12,49.929,-118.479,13.3
2008,"2008-07-18",500,12,49.834,-118.156,312.1
2008,"2008-07-19",100,0,49.168,-116.696,100
2008,"2008-07-19",500,0,49.168,-116.696,500
2008,"2008-07-19",100,1,49.095,-116.794,71.6
2008,"2008-07-19",500,1,49.094,-116.79,448.4
2008,"2008-07-19",100,2,49.035,-116.889,63
2008,"2008-07-19",500,2,49.033,-116.876,428.8
2008,"2008-07-19",100,3,48.989,-116.968,72.1
2008,"2008-07-19",500,3,48.983,-116.954,437.4
2008,"2008-07-19",100,4,48.955,-117.013,95.6
2008,"2008-07-19",500,4,48.947,-117.002,464.4
2008,"2008-07-19",100,5,48.934,-117.007,128.3
2008,"2008-07-19",500,5,48.933,-117.002,501.6
2008,"2008-07-19",100,6,48.924,-116.955,167.8
2008,"2008-07-19",500,6,48.944,-116.962,548.5
2008,"2008-07-19",100,7,48.94,-116.89,212.2
2008,"2008-07-19",500,7,48.987,-116.926,603.3
2008,"2008-07-19",100,8,48.994,-116.844,264
2008,"2008-07-19",500,8,49.061,-116.931,664.9
2008,"2008-07-19",100,9,49.085,-116.818,323.7
2008,"2008-07-19",500,9,49.16,-116.981,731.7
2008,"2008-07-19",100,10,49.186,-116.813,386.3
2008,"2008-07-19",500,10,49.263,-117.06,800.8
2008,"2008-07-19",100,11,49.273,-116.833,448.2
2008,"2008-07-19",500,11,49.353,-117.143,872.8
2008,"2008-07-19",100,12,49.349,-116.876,510.7
2008,"2008-07-19",500,12,49.433,-117.221,950.6
2008,"2008-07-20",100,0,49.168,-116.696,100
2008,"2008-07-20",500,0,49.168,-116.696,500
2008,"2008-07-20",100,1,49.131,-116.757,64.6
2008,"2008-07-20",500,1,49.139,-116.778,433.3
2008,"2008-07-20",100,2,49.089,-116.774,47.8
2008,"2008-07-20",500,2,49.103,-116.806,389.4
2008,"2008-07-20",100,3,49.043,-116.748,42
2008,"2008-07-20",500,3,49.061,-116.782,368.5
2008,"2008-07-20",100,4,49.004,-116.695,42.2
2008,"2008-07-20",500,4,49.017,-116.729,362.2
2008,"2008-07-20",100,5,48.98,-116.633,46.4
2008,"2008-07-20",500,5,48.976,-116.668,364.6
2008,"2008-07-20",100,6,48.971,-116.561,56.7
2008,"2008-07-20",500,6,48.937,-116.603,377.4
2008,"2008-07-20",100,7,48.965,-116.485,70.1
2008,"2008-07-20",500,7,48.9,-116.55,392.2
2008,"2008-07-20",100,8,48.956,-116.408,80.9
2008,"2008-07-20",500,8,48.869,-116.519,399.6
2008,"2008-07-20",100,9,48.946,-116.324,87.3
2008,"2008-07-20",500,9,48.844,-116.508,399.8
2008,"2008-07-20",100,10,48.924,-116.258,88.2
2008,"2008-07-20",500,10,48.812,-116.527,389.6
2008,"2008-07-20",100,11,48.878,-116.238,82.9
2008,"2008-07-20",500,11,48.757,-116.592,365.2
2008,"2008-07-20",100,12,48.812,-116.27,70.7
2008,"2008-07-20",500,12,48.673,-116.695,324.1
2008,"2008-07-21",100,0,49.168,-116.696,100
2008,"2008-07-21",500,0,49.168,-116.696,500
2008,"2008-07-21",100,1,49.102,-116.832,73.6
2008,"2008-07-21",500,1,49.092,-116.837,448.4
2008,"2008-07-21",100,2,49.033,-116.971,64.4
2008,"2008-07-21",500,2,49.018,-116.994,424.3
2008,"2008-07-21",100,3,48.963,-117.11,70.6
2008,"2008-07-21",500,3,48.946,-117.169,424.2
2008,"2008-07-21",100,4,48.902,-117.227,79.1
2008,"2008-07-21",500,4,48.881,-117.326,419.5
2008,"2008-07-21",100,5,48.856,-117.287,72.5
2008,"2008-07-21",500,5,48.828,-117.426,388.4
2008,"2008-07-21",100,6,48.826,-117.289,53.5
2008,"2008-07-21",500,6,48.793,-117.462,338.6
2008,"2008-07-21",100,7,48.796,-117.258,35.6
2008,"2008-07-21",500,7,48.754,-117.459,286.6
2008,"2008-07-21",100,8,48.752,-117.218,24.3
2008,"2008-07-21",500,8,48.688,-117.45,244.2
2008,"2008-07-21",100,9,48.699,-117.168,16.8
2008,"2008-07-21",500,9,48.597,-117.436,211
2008,"2008-07-21",100,10,48.641,-117.109,8.5
2008,"2008-07-21",500,10,48.498,-117.408,174.4
2008,"2008-07-21",100,11,48.577,-117.047,0
2008,"2008-07-21",500,11,48.418,-117.356,127.3
2008,"2008-07-21",100,12,48.501,-116.985,0
2008,"2008-07-21",500,12,48.351,-117.288,79.8
2008,"2008-07-22",100,0,49.168,-116.696,100
2008,"2008-07-22",500,0,49.168,-116.696,500
2008,"2008-07-22",100,1,49.049,-116.798,71.2
2008,"2008-07-22",500,1,49.048,-116.8,433.8
2008,"2008-07-22",100,2,48.931,-116.881,51.4
2008,"2008-07-22",500,2,48.934,-116.882,384.1
2008,"2008-07-22",100,3,48.822,-116.945,32.7
2008,"2008-07-22",500,3,48.833,-116.947,338
2008,"2008-07-22",100,4,48.723,-116.995,18.2
2008,"2008-07-22",500,4,48.743,-116.995,288.7
2008,"2008-07-22",100,5,48.642,-117.018,9.5
2008,"2008-07-22",500,5,48.66,-117.02,243
2008,"2008-07-22",100,6,48.58,-117.003,6.5
2008,"2008-07-22",500,6,48.588,-117.013,213.1
2008,"2008-07-22",100,7,48.52,-116.969,5.8
2008,"2008-07-22",500,7,48.517,-116.988,195.5
2008,"2008-07-22",100,8,48.455,-116.943,5.2
2008,"2008-07-22",500,8,48.436,-116.958,182.5
2008,"2008-07-22",100,9,48.396,-116.928,4.7
2008,"2008-07-22",500,9,48.351,-116.922,172
2008,"2008-07-22",100,10,48.34,-116.92,4.9
2008,"2008-07-22",500,10,48.26,-116.889,175.6
2008,"2008-07-22",100,11,48.278,-116.914,6.8
2008,"2008-07-22",500,11,48.165,-116.866,209.4
2008,"2008-07-22",100,12,48.207,-116.906,11.9
2008,"2008-07-22",500,12,48.075,-116.852,275
2008,"2008-07-23",100,0,49.168,-116.696,100
2008,"2008-07-23",500,0,49.168,-116.696,500
2008,"2008-07-23",100,1,49.125,-116.784,66.5
2008,"2008-07-23",500,1,49.124,-116.776,429
2008,"2008-07-23",100,2,49.061,-116.869,47.9
2008,"2008-07-23",500,2,49.061,-116.843,378.6
2008,"2008-07-23",100,3,48.974,-116.947,40
2008,"2008-07-23",500,3,48.979,-116.895,352.1
2008,"2008-07-23",100,4,48.881,-117.006,35.9
2008,"2008-07-23",500,4,48.89,-116.931,334.5
2008,"2008-07-23",100,5,48.794,-117.034,30.3
2008,"2008-07-23",500,5,48.803,-116.947,309.1
2008,"2008-07-23",100,6,48.713,-117.025,25.8
2008,"2008-07-23",500,6,48.709,-116.941,278.6
2008,"2008-07-23",100,7,48.633,-117.008,22.5
2008,"2008-07-23",500,7,48.606,-116.932,249
2008,"2008-07-23",100,8,48.549,-117.001,20
2008,"2008-07-23",500,8,48.499,-116.938,222.8
2008,"2008-07-23",100,9,48.462,-116.996,18.1
2008,"2008-07-23",500,9,48.386,-116.955,197.6
2008,"2008-07-23",100,10,48.371,-116.986,16.4
2008,"2008-07-23",500,10,48.257,-116.97,177.4
2008,"2008-07-23",100,11,48.275,-116.965,15.1
2008,"2008-07-23",500,11,48.103,-116.976,168.4
2008,"2008-07-23",100,12,48.18,-116.927,14.6
2008,"2008-07-23",500,12,47.928,-116.961,165.7
2008,"2008-07-24",100,0,49.168,-116.696,100
2008,"2008-07-24",500,0,49.168,-116.696,500
2008,"2008-07-24",100,1,49.207,-116.768,89.6
2008,"2008-07-24",500,1,49.217,-116.769,489.5
2008,"2008-07-24",100,2,49.245,-116.855,75.5
2008,"2008-07-24",500,2,49.268,-116.86,470.9
2008,"2008-07-24",100,3,49.279,-116.958,59.9
2008,"2008-07-24",500,3,49.322,-116.968,446.2
2008,"2008-07-24",100,4,49.302,-117.062,47.6
2008,"2008-07-24",500,4,49.38,-117.084,429.8
2008,"2008-07-24",100,5,49.315,-117.153,38.9
2008,"2008-07-24",500,5,49.446,-117.195,432.7
2008,"2008-07-24",100,6,49.322,-117.233,30.9
2008,"2008-07-24",500,6,49.517,-117.295,451.8
2008,"2008-07-24",100,7,49.338,-117.308,23
2008,"2008-07-24",500,7,49.613,-117.383,477.9
2008,"2008-07-24",100,8,49.377,-117.386,16.4
2008,"2008-07-24",500,8,49.766,-117.467,499.6
2008,"2008-07-24",100,9,49.435,-117.469,12.4
2008,"2008-07-24",500,9,49.951,-117.574,499.4
2008,"2008-07-24",100,10,49.501,-117.56,11.6
2008,"2008-07-24",500,10,50.098,-117.73,463.9
2008,"2008-07-24",100,11,49.57,-117.663,13.7
2008,"2008-07-24",500,11,50.207,-117.915,432.5
2008,"2008-07-24",100,12,49.641,-117.777,20
2008,"2008-07-24",500,12,50.306,-118.118,437.2
2008,"2008-07-25",100,0,49.168,-116.696,100
2008,"2008-07-25",500,0,49.168,-116.696,500
2008,"2008-07-25",100,1,49.115,-116.625,87.6
2008,"2008-07-25",500,1,49.107,-116.612,473.5
2008,"2008-07-25",100,2,49.061,-116.549,93.9
2008,"2008-07-25",500,2,49.042,-116.522,474
2008,"2008-07-25",100,3,49.01,-116.464,115.9
2008,"2008-07-25",500,3,48.976,-116.423,500.1
2008,"2008-07-25",100,4,48.976,-116.368,139.9
2008,"2008-07-25",500,4,48.91,-116.293,528.5
2008,"2008-07-25",100,5,48.975,-116.263,149.7
2008,"2008-07-25",500,5,48.849,-116.12,537.8
2008,"2008-07-25",100,6,49.014,-116.149,144.4
2008,"2008-07-25",500,6,48.784,-115.907,532.9
2008,"2008-07-25",100,7,49.07,-116.03,135.3
2008,"2008-07-25",500,7,48.703,-115.682,531.3
2008,"2008-07-25",100,8,49.114,-115.906,135
2008,"2008-07-25",500,8,48.614,-115.475,552.2
2008,"2008-07-25",100,9,49.15,-115.786,144.1
2008,"2008-07-25",500,9,48.525,-115.289,596.6
2008,"2008-07-25",100,10,49.174,-115.677,159.2
2008,"2008-07-25",500,10,48.442,-115.135,648.1
2008,"2008-07-25",100,11,49.184,-115.58,175.9
2008,"2008-07-25",500,11,48.37,-115.019,690.3
2008,"2008-07-25",100,12,49.184,-115.492,194.6
2008,"2008-07-25",500,12,48.309,-114.935,722.7
2008,"2008-07-26",100,0,49.168,-116.696,100
2008,"2008-07-26",500,0,49.168,-116.696,500
2008,"2008-07-26",100,1,49.064,-116.826,69.5
2008,"2008-07-26",500,1,49.059,-116.833,434
2008,"2008-07-26",100,2,48.954,-116.94,46.2
2008,"2008-07-26",500,2,48.951,-116.934,376.9
2008,"2008-07-26",100,3,48.838,-117.037,26.7
2008,"2008-07-26",500,3,48.842,-117.005,319.7
2008,"2008-07-26",100,4,48.731,-117.112,12.2
2008,"2008-07-26",500,4,48.74,-117.057,257.7
2008,"2008-07-26",100,5,48.647,-117.158,1.1
2008,"2008-07-26",500,5,48.66,-117.098,194
2008,"2008-07-26",100,6,48.59,-117.176,0
2008,"2008-07-26",500,6,48.606,-117.127,136.6
2008,"2008-07-26",100,7,48.545,-117.175,0
2008,"2008-07-26",500,7,48.56,-117.14,93.1
2008,"2008-07-26",100,8,48.498,-117.165,0
2008,"2008-07-26",500,8,48.505,-117.142,64.6
2008,"2008-07-26",100,9,48.448,-117.15,0
2008,"2008-07-26",500,9,48.442,-117.136,46.6
2008,"2008-07-26",100,10,48.397,-117.142,0
2008,"2008-07-26",500,10,48.378,-117.135,28.8
2008,"2008-07-26",100,11,48.347,-117.151,0
2008,"2008-07-26",500,11,48.323,-117.149,9.8
2008,"2008-07-26",100,12,48.3,-117.174,0
2008,"2008-07-26",500,12,48.275,-117.176,0
2008,"2008-07-27",100,0,49.168,-116.696,100
2008,"2008-07-27",500,0,49.168,-116.696,500
2008,"2008-07-27",100,1,49.088,-116.896,54.7
2008,"2008-07-27",500,1,49.086,-116.899,400.7
2008,"2008-07-27",100,2,48.989,-117.086,30.3
2008,"2008-07-27",500,2,48.992,-117.071,325.3
2008,"2008-07-27",100,3,48.877,-117.241,16.5
2008,"2008-07-27",500,3,48.884,-117.216,265.7
2008,"2008-07-27",100,4,48.773,-117.334,7.3
2008,"2008-07-27",500,4,48.777,-117.321,204.5
2008,"2008-07-27",100,5,48.696,-117.362,0
2008,"2008-07-27",500,5,48.695,-117.373,144.4
2008,"2008-07-27",100,6,48.643,-117.337,0
2008,"2008-07-27",500,6,48.641,-117.366,98.3
2008,"2008-07-27",100,7,48.592,-117.306,0
2008,"2008-07-27",500,7,48.592,-117.341,64.6
2008,"2008-07-27",100,8,48.527,-117.301,0
2008,"2008-07-27",500,8,48.527,-117.329,42.8
2008,"2008-07-27",100,9,48.449,-117.326,0
2008,"2008-07-27",500,9,48.44,-117.34,28.8
2008,"2008-07-27",100,10,48.359,-117.374,0
2008,"2008-07-27",500,10,48.336,-117.376,20.7
2008,"2008-07-27",100,11,48.261,-117.447,0
2008,"2008-07-27",500,11,48.229,-117.447,17.1
2008,"2008-07-27",100,12,48.16,-117.55,0.1
2008,"2008-07-27",500,12,48.125,-117.552,16.9
2008,"2008-07-28",100,0,49.168,-116.696,100
2008,"2008-07-28",500,0,49.168,-116.696,500
2008,"2008-07-28",100,1,49.092,-116.758,86.7
2008,"2008-07-28",500,1,49.094,-116.766,478.5
2008,"2008-07-28",100,2,49.015,-116.828,75.8
2008,"2008-07-28",500,2,49.02,-116.827,460.4
2008,"2008-07-28",100,3,48.936,-116.903,67.3
2008,"2008-07-28",500,3,48.945,-116.879,446.4
2008,"2008-07-28",100,4,48.871,-116.964,60.1
2008,"2008-07-28",500,4,48.88,-116.923,434.6
2008,"2008-07-28",100,5,48.839,-117.003,54
2008,"2008-07-28",500,5,48.841,-116.96,423.6
2008,"2008-07-28",100,6,48.841,-117.026,49.6
2008,"2008-07-28",500,6,48.83,-116.991,415.2
2008,"2008-07-28",100,7,48.872,-117.053,48.6
2008,"2008-07-28",500,7,48.846,-117.023,415.8
2008,"2008-07-28",100,8,48.929,-117.099,52.3
2008,"2008-07-28",500,8,48.885,-117.065,431.3
2008,"2008-07-28",100,9,49.009,-117.162,60.4
2008,"2008-07-28",500,9,48.95,-117.115,460.9
2008,"2008-07-28",100,10,49.107,-117.234,64.3
2008,"2008-07-28",500,10,49.05,-117.176,489.5
2008,"2008-07-28",100,11,49.219,-117.306,57.7
2008,"2008-07-28",500,11,49.194,-117.262,503.1
2008,"2008-07-28",100,12,49.341,-117.387,46.8
2008,"2008-07-28",500,12,49.384,-117.378,517.9
2008,"2008-07-29",100,0,49.168,-116.696,100
2008,"2008-07-29",500,0,49.168,-116.696,500
2008,"2008-07-29",100,1,48.977,-116.81,79.3
2008,"2008-07-29",500,1,48.955,-116.811,443.4
2008,"2008-07-29",100,2,48.804,-116.918,38.5
2008,"2008-07-29",500,2,48.773,-116.916,358.3
2008,"2008-07-29",100,3,48.643,-117.02,0
2008,"2008-07-29",500,3,48.629,-117.003,239
2008,"2008-07-29",100,4,48.49,-117.088,0
2008,"2008-07-29",500,4,48.504,-117.057,143.4
2008,"2008-07-29",100,5,48.352,-117.111,0
2008,"2008-07-29",500,5,48.387,-117.074,95.9
2008,"2008-07-29",100,6,48.244,-117.096,0
2008,"2008-07-29",500,6,48.289,-117.055,78.1
2008,"2008-07-29",100,7,48.158,-117.055,0
2008,"2008-07-29",500,7,48.196,-117.014,72.3
2008,"2008-07-29",100,8,48.078,-116.998,0.3
2008,"2008-07-29",500,8,48.101,-116.969,74
2008,"2008-07-29",100,9,48.006,-116.908,1.7
2008,"2008-07-29",500,9,48.009,-116.916,85.3
2008,"2008-07-29",100,10,47.939,-116.797,3.7
2008,"2008-07-29",500,10,47.927,-116.852,103
2008,"2008-07-29",100,11,47.872,-116.704,5.7
2008,"2008-07-29",500,11,47.858,-116.78,125.8
2008,"2008-07-29",100,12,47.803,-116.632,8
2008,"2008-07-29",500,12,47.798,-116.705,157.9
2008,"2008-07-30",100,0,49.168,-116.696,100
2008,"2008-07-30",500,0,49.168,-116.696,500
2008,"2008-07-30",100,1,49.161,-116.96,85
2008,"2008-07-30",500,1,49.155,-116.961,455.9
2008,"2008-07-30",100,2,49.167,-117.2,74.3
2008,"2008-07-30",500,2,49.157,-117.187,411.8
2008,"2008-07-30",100,3,49.19,-117.433,65.7
2008,"2008-07-30",500,3,49.177,-117.382,369.8
2008,"2008-07-30",100,4,49.229,-117.658,59.5
2008,"2008-07-30",500,4,49.211,-117.569,334.6
2008,"2008-07-30",100,5,49.274,-117.862,59.6
2008,"2008-07-30",500,5,49.257,-117.764,314.2
2008,"2008-07-30",100,6,49.323,-118.059,66.9
2008,"2008-07-30",500,6,49.318,-117.964,309.6
2008,"2008-07-30",100,7,49.364,-118.26,76.2
2008,"2008-07-30",500,7,49.379,-118.17,311.8
2008,"2008-07-30",100,8,49.391,-118.459,83
2008,"2008-07-30",500,8,49.418,-118.39,315.3
2008,"2008-07-30",100,9,49.406,-118.659,86
2008,"2008-07-30",500,9,49.433,-118.65,318.3
2008,"2008-07-30",100,10,49.412,-118.86,89.5
2008,"2008-07-30",500,10,49.43,-118.975,327.2
2008,"2008-07-30",100,11,49.415,-119.047,100.9
2008,"2008-07-30",500,11,49.424,-119.332,366.1
2008,"2008-07-30",100,12,49.41,-119.219,123.3
2008,"2008-07-30",500,12,49.386,-119.76,455.6
2008,"2008-07-31",100,0,49.168,-116.696,100
2008,"2008-07-31",500,0,49.168,-116.696,500
2008,"2008-07-31",100,1,49.051,-116.74,71.5
2008,"2008-07-31",500,1,49.045,-116.747,451
2008,"2008-07-31",100,2,48.937,-116.799,64.2
2008,"2008-07-31",500,2,48.93,-116.812,434.7
2008,"2008-07-31",100,3,48.834,-116.865,76.5
2008,"2008-07-31",500,3,48.816,-116.893,441.3
2008,"2008-07-31",100,4,48.739,-116.915,91.9
2008,"2008-07-31",500,4,48.688,-116.972,441.9
2008,"2008-07-31",100,5,48.644,-116.93,92.6
2008,"2008-07-31",500,5,48.55,-117.024,420.7
2008,"2008-07-31",100,6,48.553,-116.911,83.9
2008,"2008-07-31",500,6,48.416,-117.039,391.4
2008,"2008-07-31",100,7,48.481,-116.869,76.4
2008,"2008-07-31",500,7,48.301,-117.023,367.7
2008,"2008-07-31",100,8,48.432,-116.811,75.1
2008,"2008-07-31",500,8,48.207,-116.996,353.7
2008,"2008-07-31",100,9,48.401,-116.737,78.1
2008,"2008-07-31",500,9,48.12,-116.967,346.3
2008,"2008-07-31",100,10,48.372,-116.667,79.2
2008,"2008-07-31",500,10,48.033,-116.946,336.3
2008,"2008-07-31",100,11,48.332,-116.618,72.9
2008,"2008-07-31",500,11,47.947,-116.937,314.9
2008,"2008-07-31",100,12,48.28,-116.593,60.2
2008,"2008-07-31",500,12,47.868,-116.933,279.7
2008,"2008-08-01",100,0,49.168,-116.696,100
2008,"2008-08-01",500,0,49.168,-116.696,500
2008,"2008-08-01",100,1,49.022,-117.029,43.4
2008,"2008-08-01",500,1,49.011,-117.045,379.4
2008,"2008-08-01",100,2,48.851,-117.368,11.6
2008,"2008-08-01",500,2,48.851,-117.378,257
2008,"2008-08-01",100,3,48.671,-117.67,0
2008,"2008-08-01",500,3,48.682,-117.694,152.3
2008,"2008-08-01",100,4,48.505,-117.911,0
2008,"2008-08-01",500,4,48.524,-117.952,123.2
2008,"2008-08-01",100,5,48.346,-118.132,0
2008,"2008-08-01",500,5,48.374,-118.202,119.6
2008,"2008-08-01",100,6,48.19,-118.394,0
2008,"2008-08-01",500,6,48.23,-118.484,104
2008,"2008-08-01",100,7,48.053,-118.634,0
2008,"2008-08-01",500,7,48.097,-118.745,67.9
2008,"2008-08-01",100,8,47.939,-118.811,0
2008,"2008-08-01",500,8,47.98,-118.94,37.4
2008,"2008-08-01",100,9,47.842,-118.944,0
2008,"2008-08-01",500,9,47.88,-119.081,18.8
2008,"2008-08-01",100,10,47.753,-119.068,0
2008,"2008-08-01",500,10,47.787,-119.209,5.9
2008,"2008-08-01",100,11,47.665,-119.207,0
2008,"2008-08-01",500,11,47.697,-119.347,0
2008,"2008-08-01",100,12,47.578,-119.355,0
2008,"2008-08-01",500,12,47.607,-119.497,0
2008,"2008-08-02",100,0,49.168,-116.696,100
2008,"2008-08-02",500,0,49.168,-116.696,500
2008,"2008-08-02",100,1,49.136,-116.788,75.6
2008,"2008-08-02",500,1,49.122,-116.763,438.3
2008,"2008-08-02",100,2,49.102,-116.871,58
2008,"2008-08-02",500,2,49.077,-116.805,388.5
2008,"2008-08-02",100,3,49.064,-116.943,46.2
2008,"2008-08-02",500,3,49.034,-116.823,347.8
2008,"2008-08-02",100,4,49.035,-117.008,36.5
2008,"2008-08-02",500,4,49.002,-116.832,311.7
2008,"2008-08-02",100,5,49.034,-117.072,27.3
2008,"2008-08-02",500,5,48.99,-116.849,277.1
2008,"2008-08-02",100,6,49.064,-117.135,19.8
2008,"2008-08-02",500,6,48.997,-116.872,242.9
2008,"2008-08-02",100,7,49.116,-117.201,14.4
2008,"2008-08-02",500,7,49.027,-116.897,211
2008,"2008-08-02",100,8,49.183,-117.273,10.9
2008,"2008-08-02",500,8,49.077,-116.917,182.6
2008,"2008-08-02",100,9,49.26,-117.343,8.4
2008,"2008-08-02",500,9,49.145,-116.928,156.3
2008,"2008-08-02",100,10,49.337,-117.418,7.1
2008,"2008-08-02",500,10,49.22,-116.946,136.8
2008,"2008-08-02",100,11,49.412,-117.502,7.4
2008,"2008-08-02",500,11,49.295,-116.992,129.7
2008,"2008-08-02",100,12,49.486,-117.593,9.7
2008,"2008-08-02",500,12,49.372,-117.067,138.4
2008,"2008-08-03",100,0,49.168,-116.696,100
2008,"2008-08-03",500,0,49.168,-116.696,500
2008,"2008-08-03",100,1,49.245,-116.748,94.9
2008,"2008-08-03",500,1,49.239,-116.744,505.1
2008,"2008-08-03",100,2,49.306,-116.816,82.6
2008,"2008-08-03",500,2,49.278,-116.826,496.6
2008,"2008-08-03",100,3,49.348,-116.903,64.3
2008,"2008-08-03",500,3,49.282,-116.945,473.1
2008,"2008-08-03",100,4,49.382,-116.988,51.1
2008,"2008-08-03",500,4,49.28,-117.072,454.6
2008,"2008-08-03",100,5,49.415,-117.053,54.3
2008,"2008-08-03",500,5,49.303,-117.175,468.2
2008,"2008-08-03",100,6,49.452,-117.104,81.3
2008,"2008-08-03",500,6,49.358,-117.255,517.7
2008,"2008-08-03",100,7,49.497,-117.14,126.7
2008,"2008-08-03",500,7,49.435,-117.321,588.5
2008,"2008-08-03",100,8,49.559,-117.158,177
2008,"2008-08-03",500,8,49.517,-117.377,661.8
2008,"2008-08-03",100,9,49.644,-117.169,228.5
2008,"2008-08-03",500,9,49.595,-117.432,722.1
2008,"2008-08-03",100,10,49.736,-117.197,269.7
2008,"2008-08-03",500,10,49.653,-117.48,763.4
2008,"2008-08-03",100,11,49.816,-117.245,293.5
2008,"2008-08-03",500,11,49.684,-117.512,792.8
2008,"2008-08-03",100,12,49.871,-117.303,300.4
2008,"2008-08-03",500,12,49.689,-117.523,817.1
2008,"2008-08-04",100,0,49.168,-116.696,100
2008,"2008-08-04",500,0,49.168,-116.696,500
2008,"2008-08-04",100,1,49.14,-116.723,101.4
2008,"2008-08-04",500,1,49.139,-116.72,502.1
2008,"2008-08-04",100,2,49.126,-116.741,119.2
2008,"2008-08-04",500,2,49.127,-116.735,523.2
2008,"2008-08-04",100,3,49.126,-116.753,154.4
2008,"2008-08-04",500,3,49.136,-116.741,563.1
2008,"2008-08-04",100,4,49.144,-116.764,197.2
2008,"2008-08-04",500,4,49.177,-116.743,615.5
2008,"2008-08-04",100,5,49.191,-116.777,236.5
2008,"2008-08-04",500,5,49.262,-116.746,677
2008,"2008-08-04",100,6,49.274,-116.788,273.7
2008,"2008-08-04",500,6,49.383,-116.758,748.9
2008,"2008-08-04",100,7,49.379,-116.817,315.9
2008,"2008-08-04",500,7,49.519,-116.79,825.9
2008,"2008-08-04",100,8,49.492,-116.882,370.5
2008,"2008-08-04",500,8,49.657,-116.845,905.2
2008,"2008-08-04",100,9,49.619,-116.986,439.8
2008,"2008-08-04",500,9,49.8,-116.923,986.2
2008,"2008-08-04",100,10,49.757,-117.123,509.3
2008,"2008-08-04",500,10,49.95,-117.02,1058.4
2008,"2008-08-04",100,11,49.892,-117.288,546.6
2008,"2008-08-04",500,11,50.105,-117.139,1094.1
2008,"2008-08-04",100,12,50.005,-117.477,518
2008,"2008-08-04",500,12,50.254,-117.283,1073.9
2008,"2008-08-05",100,0,49.168,-116.696,100
2008,"2008-08-05",500,0,49.168,-116.696,500
2008,"2008-08-05",100,1,49.231,-116.628,110.6
2008,"2008-08-05",500,1,49.247,-116.612,524.6
2008,"2008-08-05",100,2,49.289,-116.575,137.7
2008,"2008-08-05",500,2,49.323,-116.535,566.6
2008,"2008-08-05",100,3,49.342,-116.539,180.7
2008,"2008-08-05",500,3,49.397,-116.464,624.1
2008,"2008-08-05",100,4,49.391,-116.502,230.6
2008,"2008-08-05",500,4,49.477,-116.4,690.3
2008,"2008-08-05",100,5,49.439,-116.444,278.8
2008,"2008-08-05",500,5,49.569,-116.349,757.3
2008,"2008-08-05",100,6,49.483,-116.369,325.1
2008,"2008-08-05",500,6,49.67,-116.318,822.1
2008,"2008-08-05",100,7,49.532,-116.305,367.3
2008,"2008-08-05",500,7,49.767,-116.321,876.7
2008,"2008-08-05",100,8,49.595,-116.281,404.2
2008,"2008-08-05",500,8,49.849,-116.367,917.8
2008,"2008-08-05",100,9,49.667,-116.303,434.8
2008,"2008-08-05",500,9,49.916,-116.457,946.9
2008,"2008-08-05",100,10,49.725,-116.36,453
2008,"2008-08-05",500,10,49.959,-116.565,963
2008,"2008-08-05",100,11,49.747,-116.429,455.5
2008,"2008-08-05",500,11,49.969,-116.666,963
2008,"2008-08-05",100,12,49.733,-116.499,443.1
2008,"2008-08-05",500,12,49.946,-116.756,945.2
2008,"2008-08-06",100,0,49.168,-116.696,100
2008,"2008-08-06",500,0,49.168,-116.696,500
2008,"2008-08-06",100,1,49.129,-116.587,72.4
2008,"2008-08-06",500,1,49.112,-116.576,466.1
2008,"2008-08-06",100,2,49.105,-116.472,56.5
2008,"2008-08-06",500,2,49.053,-116.448,436.6
2008,"2008-08-06",100,3,49.103,-116.344,48.1
2008,"2008-08-06",500,3,48.998,-116.308,412.6
2008,"2008-08-06",100,4,49.123,-116.203,39.2
2008,"2008-08-06",500,4,48.959,-116.144,383.6
2008,"2008-08-06",100,5,49.16,-116.056,27.8
2008,"2008-08-06",500,5,48.944,-115.965,343.8
2008,"2008-08-06",100,6,49.214,-115.908,18.6
2008,"2008-08-06",500,6,48.95,-115.784,299
2008,"2008-08-06",100,7,49.287,-115.768,13.8
2008,"2008-08-06",500,7,48.965,-115.615,270.5
2008,"2008-08-06",100,8,49.373,-115.634,13.1
2008,"2008-08-06",500,8,48.949,-115.443,280.2
2008,"2008-08-06",100,9,49.458,-115.491,14.9
2008,"2008-08-06",500,9,48.867,-115.233,336.5
2008,"2008-08-06",100,10,49.528,-115.326,18.8
2008,"2008-08-06",500,10,48.733,-114.97,413
2008,"2008-08-06",100,11,49.572,-115.144,24.3
2008,"2008-08-06",500,11,48.588,-114.667,482.2
2008,"2008-08-06",100,12,49.588,-114.948,32.5
2008,"2008-08-06",500,12,48.449,-114.318,577.4
2008,"2008-08-07",100,0,49.168,-116.696,100
2008,"2008-08-07",500,0,49.168,-116.696,500
2008,"2008-08-07",100,1,49.078,-116.787,68.3
2008,"2008-08-07",500,1,49.072,-116.8,451.3
2008,"2008-08-07",100,2,48.988,-116.866,53.6
2008,"2008-08-07",500,2,48.987,-116.896,417.8
2008,"2008-08-07",100,3,48.906,-116.921,46.6
2008,"2008-08-07",500,3,48.911,-116.986,392.9
2008,"2008-08-07",100,4,48.832,-116.95,39.6
2008,"2008-08-07",500,4,48.838,-117.054,364.1
2008,"2008-08-07",100,5,48.767,-116.947,30
2008,"2008-08-07",500,5,48.767,-117.076,323.2
2008,"2008-08-07",100,6,48.724,-116.908,20.7
2008,"2008-08-07",500,6,48.698,-117.05,274
2008,"2008-08-07",100,7,48.702,-116.845,14.3
2008,"2008-08-07",500,7,48.623,-116.978,227
2008,"2008-08-07",100,8,48.687,-116.775,10.6
2008,"2008-08-07",500,8,48.544,-116.87,191.3
2008,"2008-08-07",100,9,48.677,-116.699,8.4
2008,"2008-08-07",500,9,48.467,-116.734,166
2008,"2008-08-07",100,10,48.677,-116.617,6
2008,"2008-08-07",500,10,48.405,-116.591,138.2
2008,"2008-08-07",100,11,48.691,-116.525,2.1
2008,"2008-08-07",500,11,48.372,-116.462,101.1
2008,"2008-08-07",100,12,48.72,-116.419,0
2008,"2008-08-07",500,12,48.358,-116.355,66.5
2008,"2008-08-08",100,0,49.168,-116.696,100
2008,"2008-08-08",500,0,49.168,-116.696,500
2008,"2008-08-08",100,1,49.067,-116.741,85.1
2008,"2008-08-08",500,1,49.052,-116.742,466.4
2008,"2008-08-08",100,2,48.98,-116.742,75
2008,"2008-08-08",500,2,48.944,-116.747,440.9
2008,"2008-08-08",100,3,48.911,-116.702,67.9
2008,"2008-08-08",500,3,48.848,-116.711,418.3
2008,"2008-08-08",100,4,48.866,-116.634,63.1
2008,"2008-08-08",500,4,48.769,-116.641,399.6
2008,"2008-08-08",100,5,48.842,-116.555,61.8
2008,"2008-08-08",500,5,48.706,-116.54,387.5
2008,"2008-08-08",100,6,48.839,-116.462,64.2
2008,"2008-08-08",500,6,48.656,-116.409,385.5
2008,"2008-08-08",100,7,48.854,-116.357,67.4
2008,"2008-08-08",500,7,48.609,-116.281,392.8
2008,"2008-08-08",100,8,48.882,-116.242,68.9
2008,"2008-08-08",500,8,48.567,-116.177,405
2008,"2008-08-08",100,9,48.92,-116.114,69.1
2008,"2008-08-08",500,9,48.528,-116.098,422.7
2008,"2008-08-08",100,10,48.945,-116.002,68.8
2008,"2008-08-08",500,10,48.478,-116.058,440.9
2008,"2008-08-08",100,11,48.94,-115.928,69.2
2008,"2008-08-08",500,11,48.404,-116.073,452.8
2008,"2008-08-08",100,12,48.91,-115.887,70.5
2008,"2008-08-08",500,12,48.308,-116.132,454
2008,"2008-08-09",100,0,49.168,-116.696,100
2008,"2008-08-09",500,0,49.168,-116.696,500
2008,"2008-08-09",100,1,49.035,-116.833,80.4
2008,"2008-08-09",500,1,49.026,-116.845,449.8
2008,"2008-08-09",100,2,48.905,-116.93,70.4
2008,"2008-08-09",500,2,48.89,-116.951,410.9
2008,"2008-08-09",100,3,48.785,-116.993,64.8
2008,"2008-08-09",500,3,48.765,-117.026,375.1
2008,"2008-08-09",100,4,48.681,-117.023,52.2
2008,"2008-08-09",500,4,48.655,-117.067,330.4
2008,"2008-08-09",100,5,48.597,-117.021,32.4
2008,"2008-08-09",500,5,48.564,-117.069,277.5
2008,"2008-08-09",100,6,48.531,-116.995,15.6
2008,"2008-08-09",500,6,48.499,-117.035,227.5
2008,"2008-08-09",100,7,48.474,-116.953,5.3
2008,"2008-08-09",500,7,48.448,-116.966,190
2008,"2008-08-09",100,8,48.42,-116.914,1.8
2008,"2008-08-09",500,8,48.398,-116.86,169.5
2008,"2008-08-09",100,9,48.377,-116.885,1
2008,"2008-08-09",500,9,48.346,-116.703,162.3
2008,"2008-08-09",100,10,48.343,-116.875,1.2
2008,"2008-08-09",500,10,48.284,-116.531,166.8
2008,"2008-08-09",100,11,48.316,-116.891,1.7
2008,"2008-08-09",500,11,48.215,-116.409,180.3
2008,"2008-08-09",100,12,48.294,-116.933,2.5
2008,"2008-08-09",500,12,48.139,-116.341,201.5
2008,"2008-08-10",100,0,49.168,-116.696,100
2008,"2008-08-10",500,0,49.168,-116.696,500
2008,"2008-08-10",100,1,49.078,-116.87,69.6
2008,"2008-08-10",500,1,49.076,-116.832,426.5
2008,"2008-08-10",100,2,48.977,-117.046,58.7
2008,"2008-08-10",500,2,48.986,-116.962,395.3
2008,"2008-08-10",100,3,48.877,-117.199,64.6
2008,"2008-08-10",500,3,48.895,-117.088,396.8
2008,"2008-08-10",100,4,48.789,-117.318,73.4
2008,"2008-08-10",500,4,48.806,-117.213,391
2008,"2008-08-10",100,5,48.717,-117.407,64.6
2008,"2008-08-10",500,5,48.73,-117.322,346.5
2008,"2008-08-10",100,6,48.657,-117.473,38.7
2008,"2008-08-10",500,6,48.669,-117.402,274.4
2008,"2008-08-10",100,7,48.592,-117.519,15.7
2008,"2008-08-10",500,7,48.613,-117.477,203.7
2008,"2008-08-10",100,8,48.508,-117.561,5.7
2008,"2008-08-10",500,8,48.543,-117.553,160.2
2008,"2008-08-10",100,9,48.405,-117.619,4.3
2008,"2008-08-10",500,9,48.447,-117.637,149.3
2008,"2008-08-10",100,10,48.298,-117.714,6
2008,"2008-08-10",500,10,48.334,-117.792,160.5
2008,"2008-08-10",100,11,48.203,-117.856,7.3
2008,"2008-08-10",500,11,48.231,-118.049,184.4
2008,"2008-08-10",100,12,48.135,-118.048,6.9
2008,"2008-08-10",500,12,48.152,-118.359,195.8
2008,"2008-08-11",100,0,49.168,-116.696,100
2008,"2008-08-11",500,0,49.168,-116.696,500
2008,"2008-08-11",100,1,49.178,-116.894,80.8
2008,"2008-08-11",500,1,49.179,-116.921,468.3
2008,"2008-08-11",100,2,49.183,-117.089,53.5
2008,"2008-08-11",500,2,49.182,-117.126,410
2008,"2008-08-11",100,3,49.191,-117.265,23.1
2008,"2008-08-11",500,3,49.175,-117.307,331
2008,"2008-08-11",100,4,49.207,-117.419,0
2008,"2008-08-11",500,4,49.173,-117.453,247.8
2008,"2008-08-11",100,5,49.24,-117.559,0
2008,"2008-08-11",500,5,49.191,-117.566,178.7
2008,"2008-08-11",100,6,49.288,-117.698,0
2008,"2008-08-11",500,6,49.231,-117.659,127.2
2008,"2008-08-11",100,7,49.342,-117.837,0
2008,"2008-08-11",500,7,49.287,-117.753,94.3
2008,"2008-08-11",100,8,49.393,-117.972,0
2008,"2008-08-11",500,8,49.342,-117.861,77.9
2008,"2008-08-11",100,9,49.446,-118.099,0
2008,"2008-08-11",500,9,49.395,-117.979,74.4
2008,"2008-08-11",100,10,49.5,-118.232,0
2008,"2008-08-11",500,10,49.447,-118.104,73
2008,"2008-08-11",100,11,49.549,-118.374,0
2008,"2008-08-11",500,11,49.502,-118.244,62.2
2008,"2008-08-11",100,12,49.587,-118.503,0
2008,"2008-08-11",500,12,49.555,-118.401,41.2
2008,"2008-08-12",100,0,49.168,-116.696,100
2008,"2008-08-12",500,0,49.168,-116.696,500
2008,"2008-08-12",100,1,49.182,-116.852,82.8
2008,"2008-08-12",500,1,49.186,-116.873,482.6
2008,"2008-08-12",100,2,49.177,-116.978,85.4
2008,"2008-08-12",500,2,49.185,-117.016,489.6
2008,"2008-08-12",100,3,49.156,-117.076,108.1
2008,"2008-08-12",500,3,49.166,-117.132,524
2008,"2008-08-12",100,4,49.134,-117.143,132.4
2008,"2008-08-12",500,4,49.149,-117.233,559.1
2008,"2008-08-12",100,5,49.127,-117.177,130.6
2008,"2008-08-12",500,5,49.153,-117.325,568
2008,"2008-08-12",100,6,49.135,-117.177,101.8
2008,"2008-08-12",500,6,49.178,-117.406,552.3
2008,"2008-08-12",100,7,49.157,-117.148,74.7
2008,"2008-08-12",500,7,49.22,-117.471,535.5
2008,"2008-08-12",100,8,49.194,-117.109,61.8
2008,"2008-08-12",500,8,49.275,-117.523,542.8
2008,"2008-08-12",100,9,49.246,-117.062,58
2008,"2008-08-12",500,9,49.348,-117.574,575.5
2008,"2008-08-12",100,10,49.309,-117.027,61.7
2008,"2008-08-12",500,10,49.436,-117.634,632.7
2008,"2008-08-12",100,11,49.378,-117.01,75.1
2008,"2008-08-12",500,11,49.531,-117.705,707.2
2008,"2008-08-12",100,12,49.451,-117.006,103.8
2008,"2008-08-12",500,12,49.639,-117.787,788.4
2008,"2008-08-13",100,0,49.168,-116.696,100
2008,"2008-08-13",500,0,49.168,-116.696,500
2008,"2008-08-13",100,1,49.132,-116.785,92.2
2008,"2008-08-13",500,1,49.123,-116.8,489.3
2008,"2008-08-13",100,2,49.096,-116.836,82
2008,"2008-08-13",500,2,49.074,-116.856,470.3
2008,"2008-08-13",100,3,49.06,-116.854,70.5
2008,"2008-08-13",500,3,49.023,-116.865,443.1
2008,"2008-08-13",100,4,49.036,-116.856,62.3
2008,"2008-08-13",500,4,48.982,-116.842,419.8
2008,"2008-08-13",100,5,49.038,-116.851,60
2008,"2008-08-13",500,5,48.966,-116.807,411.7
2008,"2008-08-13",100,6,49.062,-116.836,63.1
2008,"2008-08-13",500,6,48.976,-116.761,418.6
2008,"2008-08-13",100,7,49.1,-116.823,71.7
2008,"2008-08-13",500,7,49.002,-116.726,440.3
2008,"2008-08-13",100,8,49.146,-116.825,86.2
2008,"2008-08-13",500,8,49.041,-116.715,477.8
2008,"2008-08-13",100,9,49.195,-116.844,108.6
2008,"2008-08-13",500,9,49.098,-116.725,532.7
2008,"2008-08-13",100,10,49.242,-116.884,128.2
2008,"2008-08-13",500,10,49.179,-116.77,588.1
2008,"2008-08-13",100,11,49.294,-116.941,129.8
2008,"2008-08-13",500,11,49.285,-116.86,625.3
2008,"2008-08-13",100,12,49.356,-117.011,114.7
2008,"2008-08-13",500,12,49.424,-116.999,655.2
2008,"2008-08-14",100,0,49.168,-116.696,100
2008,"2008-08-14",500,0,49.168,-116.696,500
2008,"2008-08-14",100,1,49.209,-116.603,174.9
2008,"2008-08-14",500,1,49.211,-116.582,603.7
2008,"2008-08-14",100,2,49.231,-116.506,246.9
2008,"2008-08-14",500,2,49.229,-116.441,695.2
2008,"2008-08-14",100,3,49.23,-116.402,309.3
2008,"2008-08-14",500,3,49.225,-116.273,774.2
2008,"2008-08-14",100,4,49.232,-116.281,351.1
2008,"2008-08-14",500,4,49.227,-116.085,832.7
2008,"2008-08-14",100,5,49.257,-116.145,362.6
2008,"2008-08-14",500,5,49.259,-115.881,860.1
2008,"2008-08-14",100,6,49.309,-116.013,344.4
2008,"2008-08-14",500,6,49.323,-115.654,859.5
2008,"2008-08-14",100,7,49.391,-115.906,324.1
2008,"2008-08-14",500,7,49.426,-115.428,869.6
2008,"2008-08-14",100,8,49.511,-115.812,330.7
2008,"2008-08-14",500,8,49.584,-115.231,912.7
2008,"2008-08-14",100,9,49.673,-115.718,369.3
2008,"2008-08-14",500,9,49.808,-115.061,981.7
2008,"2008-08-14",100,10,49.854,-115.653,426.7
2008,"2008-08-14",500,10,50.057,-114.961,1060.5
2008,"2008-08-14",100,11,50.018,-115.642,475.4
2008,"2008-08-14",500,11,50.289,-114.961,1131.4
2008,"2008-08-14",100,12,50.171,-115.675,517.6
2008,"2008-08-14",500,12,50.498,-115.061,1187.3
2008,"2008-08-15",100,0,49.168,-116.696,100
2008,"2008-08-15",500,0,49.168,-116.696,500
2008,"2008-08-15",100,1,49.143,-116.616,86.7
2008,"2008-08-15",500,1,49.143,-116.607,489.8
2008,"2008-08-15",100,2,49.11,-116.534,80.4
2008,"2008-08-15",500,2,49.112,-116.502,479.4
2008,"2008-08-15",100,3,49.067,-116.451,79.8
2008,"2008-08-15",500,3,49.073,-116.379,470.8
2008,"2008-08-15",100,4,49.029,-116.366,81.1
2008,"2008-08-15",500,4,49.029,-116.245,464.5
2008,"2008-08-15",100,5,49.016,-116.275,82.3
2008,"2008-08-15",500,5,48.983,-116.117,460.4
2008,"2008-08-15",100,6,49.034,-116.181,82.9
2008,"2008-08-15",500,6,48.934,-116.003,466.1
2008,"2008-08-15",100,7,49.065,-116.09,83.7
2008,"2008-08-15",500,7,48.886,-115.898,475.9
2008,"2008-08-15",100,8,49.093,-116.005,82.8
2008,"2008-08-15",500,8,48.846,-115.799,475.6
2008,"2008-08-15",100,9,49.122,-115.929,78.6
2008,"2008-08-15",500,9,48.815,-115.702,458.5
2008,"2008-08-15",100,10,49.147,-115.861,75
2008,"2008-08-15",500,10,48.786,-115.596,442.9
2008,"2008-08-15",100,11,49.164,-115.796,75.6
2008,"2008-08-15",500,11,48.748,-115.479,450.8
2008,"2008-08-15",100,12,49.173,-115.732,80
2008,"2008-08-15",500,12,48.701,-115.355,484
2009,"2009-07-01",100,0,49.168,-116.696,100
2009,"2009-07-01",500,0,49.168,-116.696,500
2009,"2009-07-01",100,1,49.135,-116.775,104.4
2009,"2009-07-01",500,1,49.127,-116.78,505.1
2009,"2009-07-01",100,2,49.109,-116.827,98.3
2009,"2009-07-01",500,2,49.091,-116.837,501.7
2009,"2009-07-01",100,3,49.093,-116.847,83
2009,"2009-07-01",500,3,49.062,-116.866,487.6
2009,"2009-07-01",100,4,49.09,-116.826,66.1
2009,"2009-07-01",500,4,49.053,-116.829,474
2009,"2009-07-01",100,5,49.101,-116.768,52.3
2009,"2009-07-01",500,5,49.075,-116.697,474.2
2009,"2009-07-01",100,6,49.125,-116.68,41
2009,"2009-07-01",500,6,49.128,-116.476,490.3
2009,"2009-07-01",100,7,49.169,-116.587,38.3
2009,"2009-07-01",500,7,49.227,-116.246,536.1
2009,"2009-07-01",100,8,49.238,-116.51,57.9
2009,"2009-07-01",500,8,49.383,-116.117,625.1
2009,"2009-07-01",100,9,49.354,-116.449,114.6
2009,"2009-07-01",500,9,49.593,-116.115,754.6
2009,"2009-07-01",100,10,49.521,-116.432,203.6
2009,"2009-07-01",500,10,49.801,-116.262,912.1
2009,"2009-07-01",100,11,49.705,-116.489,318.1
2009,"2009-07-01",500,11,49.969,-116.507,1091.6
2009,"2009-07-01",100,12,49.892,-116.631,462
2009,"2009-07-01",500,12,50.12,-116.809,1285.2
2009,"2009-07-02",100,0,49.168,-116.696,100
2009,"2009-07-02",500,0,49.168,-116.696,500
2009,"2009-07-02",100,1,49.143,-116.671,81.2
2009,"2009-07-02",500,1,49.136,-116.667,478.9
2009,"2009-07-02",100,2,49.121,-116.633,83.1
2009,"2009-07-02",500,2,49.104,-116.62,484.2
2009,"2009-07-02",100,3,49.1,-116.577,105.4
2009,"2009-07-02",500,3,49.071,-116.554,517.2
2009,"2009-07-02",100,4,49.087,-116.512,137.4
2009,"2009-07-02",500,4,49.048,-116.473,561.7
2009,"2009-07-02",100,5,49.093,-116.447,164.7
2009,"2009-07-02",500,5,49.042,-116.389,599.3
2009,"2009-07-02",100,6,49.119,-116.381,187
2009,"2009-07-02",500,6,49.05,-116.309,628
2009,"2009-07-02",100,7,49.158,-116.315,213.8
2009,"2009-07-02",500,7,49.064,-116.241,659.4
2009,"2009-07-02",100,8,49.204,-116.25,255.8
2009,"2009-07-02",500,8,49.073,-116.194,705.7
2009,"2009-07-02",100,9,49.252,-116.191,313.4
2009,"2009-07-02",500,9,49.077,-116.167,766.4
2009,"2009-07-02",100,10,49.303,-116.149,388.9
2009,"2009-07-02",500,10,49.082,-116.158,843.9
2009,"2009-07-02",100,11,49.363,-116.128,485.5
2009,"2009-07-02",500,11,49.092,-116.167,940.8
2009,"2009-07-02",100,12,49.434,-116.131,600.2
2009,"2009-07-02",500,12,49.102,-116.199,1054.9
2009,"2009-07-03",100,0,49.168,-116.696,100
2009,"2009-07-03",500,0,49.168,-116.696,500
2009,"2009-07-03",100,1,49.147,-116.638,102.7
2009,"2009-07-03",500,1,49.14,-116.627,509.3
2009,"2009-07-03",100,2,49.138,-116.57,114.9
2009,"2009-07-03",500,2,49.127,-116.537,533.6
2009,"2009-07-03",100,3,49.142,-116.491,137.6
2009,"2009-07-03",500,3,49.13,-116.423,572.9
2009,"2009-07-03",100,4,49.158,-116.401,169.4
2009,"2009-07-03",500,4,49.154,-116.28,625.9
2009,"2009-07-03",100,5,49.186,-116.299,210
2009,"2009-07-03",500,5,49.207,-116.112,692.8
2009,"2009-07-03",100,6,49.229,-116.183,263
2009,"2009-07-03",500,6,49.291,-115.939,777.1
2009,"2009-07-03",100,7,49.293,-116.059,328.5
2009,"2009-07-03",500,7,49.401,-115.811,867.6
2009,"2009-07-03",100,8,49.384,-115.95,403
2009,"2009-07-03",500,8,49.511,-115.783,949.2
2009,"2009-07-03",100,9,49.507,-115.88,485.3
2009,"2009-07-03",500,9,49.607,-115.863,1025.1
2009,"2009-07-03",100,10,49.633,-115.877,563.8
2009,"2009-07-03",500,10,49.67,-116.023,1094.8
2009,"2009-07-03",100,11,49.727,-115.937,626.2
2009,"2009-07-03",500,11,49.687,-116.214,1154.6
2009,"2009-07-03",100,12,49.78,-116.037,670.4
2009,"2009-07-03",500,12,49.661,-116.41,1210.3
2009,"2009-07-04",100,0,49.168,-116.696,100
2009,"2009-07-04",500,0,49.168,-116.696,500
2009,"2009-07-04",100,1,49.014,-116.786,128.7
2009,"2009-07-04",500,1,48.993,-116.806,510.7
2009,"2009-07-04",100,2,48.863,-116.843,131.8
2009,"2009-07-04",500,2,48.815,-116.886,489.5
2009,"2009-07-04",100,3,48.715,-116.864,105.6
2009,"2009-07-04",500,3,48.637,-116.922,429.1
2009,"2009-07-04",100,4,48.587,-116.849,70.6
2009,"2009-07-04",500,4,48.487,-116.917,359.9
2009,"2009-07-04",100,5,48.496,-116.795,43.6
2009,"2009-07-04",500,5,48.378,-116.876,302.1
2009,"2009-07-04",100,6,48.441,-116.7,25.5
2009,"2009-07-04",500,6,48.298,-116.796,251.2
2009,"2009-07-04",100,7,48.4,-116.571,16.5
2009,"2009-07-04",500,7,48.225,-116.695,214.4
2009,"2009-07-04",100,8,48.358,-116.419,13.9
2009,"2009-07-04",500,8,48.146,-116.59,201.2
2009,"2009-07-04",100,9,48.318,-116.257,15.6
2009,"2009-07-04",500,9,48.064,-116.483,211.2
2009,"2009-07-04",100,10,48.265,-116.111,22.8
2009,"2009-07-04",500,10,47.972,-116.38,242.2
2009,"2009-07-04",100,11,48.187,-115.99,35.9
2009,"2009-07-04",500,11,47.863,-116.281,291.4
2009,"2009-07-04",100,12,48.094,-115.883,57.7
2009,"2009-07-04",500,12,47.738,-116.196,363
2009,"2009-07-05",100,0,49.168,-116.696,100
2009,"2009-07-05",500,0,49.168,-116.696,500
2009,"2009-07-05",100,1,48.995,-116.787,74.8
2009,"2009-07-05",500,1,48.988,-116.81,430.6
2009,"2009-07-05",100,2,48.83,-116.842,47.9
2009,"2009-07-05",500,2,48.823,-116.879,363.7
2009,"2009-07-05",100,3,48.677,-116.865,24
2009,"2009-07-05",500,3,48.672,-116.901,286.1
2009,"2009-07-05",100,4,48.537,-116.857,11.4
2009,"2009-07-05",500,4,48.532,-116.9,225.3
2009,"2009-07-05",100,5,48.416,-116.827,12.9
2009,"2009-07-05",500,5,48.407,-116.899,198.2
2009,"2009-07-05",100,6,48.324,-116.794,21.5
2009,"2009-07-05",500,6,48.295,-116.897,195.7
2009,"2009-07-05",100,7,48.239,-116.754,31.9
2009,"2009-07-05",500,7,48.173,-116.884,199.3
2009,"2009-07-05",100,8,48.14,-116.693,37.3
2009,"2009-07-05",500,8,48.023,-116.851,199.3
2009,"2009-07-05",100,9,48.027,-116.617,39.1
2009,"2009-07-05",500,9,47.877,-116.772,197.5
2009,"2009-07-05",100,10,47.9,-116.558,39.7
2009,"2009-07-05",500,10,47.73,-116.683,195.1
2009,"2009-07-05",100,11,47.76,-116.536,40.6
2009,"2009-07-05",500,11,47.549,-116.646,196.1
2009,"2009-07-05",100,12,47.605,-116.551,43.4
2009,"2009-07-05",500,12,47.324,-116.655,196.4
2009,"2009-07-06",100,0,49.168,-116.696,100
2009,"2009-07-06",500,0,49.168,-116.696,500
2009,"2009-07-06",100,1,48.99,-116.887,43.1
2009,"2009-07-06",500,1,48.975,-116.898,384.9
2009,"2009-07-06",100,2,48.838,-117.082,15.1
2009,"2009-07-06",500,2,48.822,-117.065,305.8
2009,"2009-07-06",100,3,48.715,-117.247,5.1
2009,"2009-07-06",500,3,48.704,-117.2,248.4
2009,"2009-07-06",100,4,48.633,-117.392,2.5
2009,"2009-07-06",500,4,48.626,-117.326,200.3
2009,"2009-07-06",100,5,48.603,-117.559,0.7
2009,"2009-07-06",500,5,48.595,-117.469,161.1
2009,"2009-07-06",100,6,48.625,-117.759,0.9
2009,"2009-07-06",500,6,48.615,-117.647,146.6
2009,"2009-07-06",100,7,48.665,-117.944,2.8
2009,"2009-07-06",500,7,48.652,-117.843,155.5
2009,"2009-07-06",100,8,48.697,-118.099,5.4
2009,"2009-07-06",500,8,48.664,-118.047,176
2009,"2009-07-06",100,9,48.714,-118.25,8.1
2009,"2009-07-06",500,9,48.627,-118.285,206.5
2009,"2009-07-06",100,10,48.705,-118.377,10.6
2009,"2009-07-06",500,10,48.551,-118.541,251.8
2009,"2009-07-06",100,11,48.674,-118.448,13.4
2009,"2009-07-06",500,11,48.478,-118.766,304
2009,"2009-07-06",100,12,48.627,-118.469,17.3
2009,"2009-07-06",500,12,48.411,-118.948,352.8
2009,"2009-07-07",100,0,49.168,-116.696,100
2009,"2009-07-07",500,0,49.168,-116.696,500
2009,"2009-07-07",100,1,49.067,-116.885,81.4
2009,"2009-07-07",500,1,49.053,-116.905,461.3
2009,"2009-07-07",100,2,48.972,-117.05,63.6
2009,"2009-07-07",500,2,48.955,-117.072,424.2
2009,"2009-07-07",100,3,48.887,-117.179,47.7
2009,"2009-07-07",500,3,48.875,-117.198,384.6
2009,"2009-07-07",100,4,48.812,-117.265,32.5
2009,"2009-07-07",500,4,48.815,-117.287,334.2
2009,"2009-07-07",100,5,48.75,-117.319,19.8
2009,"2009-07-07",500,5,48.778,-117.348,275.2
2009,"2009-07-07",100,6,48.711,-117.353,11
2009,"2009-07-07",500,6,48.762,-117.384,212.9
2009,"2009-07-07",100,7,48.684,-117.38,4.4
2009,"2009-07-07",500,7,48.762,-117.409,158.7
2009,"2009-07-07",100,8,48.652,-117.402,0
2009,"2009-07-07",500,8,48.775,-117.436,118.8
2009,"2009-07-07",100,9,48.612,-117.421,0
2009,"2009-07-07",500,9,48.8,-117.463,90
2009,"2009-07-07",100,10,48.56,-117.448,0
2009,"2009-07-07",500,10,48.831,-117.504,66.5
2009,"2009-07-07",100,11,48.496,-117.496,0
2009,"2009-07-07",500,11,48.859,-117.578,46.2
2009,"2009-07-07",100,12,48.421,-117.568,0
2009,"2009-07-07",500,12,48.879,-117.685,32.1
2009,"2009-07-08",100,0,49.168,-116.696,100
2009,"2009-07-08",500,0,49.168,-116.696,500
2009,"2009-07-08",100,1,49.141,-116.915,57.8
2009,"2009-07-08",500,1,49.138,-116.92,407.7
2009,"2009-07-08",100,2,49.131,-117.12,37.8
2009,"2009-07-08",500,2,49.129,-117.11,345.5
2009,"2009-07-08",100,3,49.143,-117.296,30.8
2009,"2009-07-08",500,3,49.146,-117.282,312.8
2009,"2009-07-08",100,4,49.178,-117.436,27.2
2009,"2009-07-08",500,4,49.179,-117.427,287.8
2009,"2009-07-08",100,5,49.236,-117.541,21.8
2009,"2009-07-08",500,5,49.211,-117.523,250.4
2009,"2009-07-08",100,6,49.301,-117.618,14.8
2009,"2009-07-08",500,6,49.232,-117.563,199.3
2009,"2009-07-08",100,7,49.363,-117.679,9.2
2009,"2009-07-08",500,7,49.264,-117.585,155.7
2009,"2009-07-08",100,8,49.426,-117.737,6.6
2009,"2009-07-08",500,8,49.324,-117.63,133.1
2009,"2009-07-08",100,9,49.495,-117.793,5.8
2009,"2009-07-08",500,9,49.406,-117.703,128.8
2009,"2009-07-08",100,10,49.568,-117.843,6
2009,"2009-07-08",500,10,49.494,-117.787,136.9
2009,"2009-07-08",100,11,49.638,-117.887,6.5
2009,"2009-07-08",500,11,49.571,-117.851,147.8
2009,"2009-07-08",100,12,49.704,-117.935,7.1
2009,"2009-07-08",500,12,49.638,-117.892,160
2009,"2009-07-09",100,0,49.168,-116.696,100
2009,"2009-07-09",500,0,49.168,-116.696,500
2009,"2009-07-09",100,1,49.192,-116.818,125.8
2009,"2009-07-09",500,1,49.196,-116.839,527.3
2009,"2009-07-09",100,2,49.224,-116.936,145
2009,"2009-07-09",500,2,49.233,-116.993,556.5
2009,"2009-07-09",100,3,49.263,-117.049,157.4
2009,"2009-07-09",500,3,49.278,-117.16,589.9
2009,"2009-07-09",100,4,49.298,-117.144,162.6
2009,"2009-07-09",500,4,49.327,-117.319,620.7
2009,"2009-07-09",100,5,49.321,-117.209,159.4
2009,"2009-07-09",500,5,49.377,-117.449,644.7
2009,"2009-07-09",100,6,49.335,-117.244,147.8
2009,"2009-07-09",500,6,49.423,-117.544,663.5
2009,"2009-07-09",100,7,49.347,-117.273,133.5
2009,"2009-07-09",500,7,49.479,-117.628,687.5
2009,"2009-07-09",100,8,49.368,-117.32,122.1
2009,"2009-07-09",500,8,49.561,-117.73,717.4
2009,"2009-07-09",100,9,49.403,-117.389,112.1
2009,"2009-07-09",500,9,49.671,-117.851,742.2
2009,"2009-07-09",100,10,49.462,-117.484,108.1
2009,"2009-07-09",500,10,49.796,-117.991,757.6
2009,"2009-07-09",100,11,49.558,-117.621,115.1
2009,"2009-07-09",500,11,49.93,-118.161,745.3
2009,"2009-07-09",100,12,49.678,-117.786,134
2009,"2009-07-09",500,12,50.075,-118.367,710.5
2009,"2009-07-10",100,0,49.168,-116.696,100
2009,"2009-07-10",500,0,49.168,-116.696,500
2009,"2009-07-10",100,1,49.181,-116.792,157.9
2009,"2009-07-10",500,1,49.181,-116.806,582.3
2009,"2009-07-10",100,2,49.196,-116.894,200.4
2009,"2009-07-10",500,2,49.192,-116.935,642.8
2009,"2009-07-10",100,3,49.212,-117.006,222.6
2009,"2009-07-10",500,3,49.2,-117.085,678.5
2009,"2009-07-10",100,4,49.22,-117.107,233.6
2009,"2009-07-10",500,4,49.206,-117.237,704.5
2009,"2009-07-10",100,5,49.214,-117.18,246.4
2009,"2009-07-10",500,5,49.206,-117.377,735.6
2009,"2009-07-10",100,6,49.194,-117.226,263.6
2009,"2009-07-10",500,6,49.199,-117.503,773.8
2009,"2009-07-10",100,7,49.178,-117.26,282.1
2009,"2009-07-10",500,7,49.201,-117.615,816.7
2009,"2009-07-10",100,8,49.182,-117.296,297.3
2009,"2009-07-10",500,8,49.227,-117.717,862
2009,"2009-07-10",100,9,49.205,-117.331,308
2009,"2009-07-10",500,9,49.279,-117.813,908.6
2009,"2009-07-10",100,10,49.236,-117.374,319.3
2009,"2009-07-10",500,10,49.347,-117.923,953.7
2009,"2009-07-10",100,11,49.269,-117.435,339
2009,"2009-07-10",500,11,49.422,-118.064,997.6
2009,"2009-07-10",100,12,49.313,-117.518,370.6
2009,"2009-07-10",500,12,49.511,-118.227,1039.6
2009,"2009-07-11",100,0,49.168,-116.696,100
2009,"2009-07-11",500,0,49.168,-116.696,500
2009,"2009-07-11",100,1,49.152,-116.683,114.5
2009,"2009-07-11",500,1,49.15,-116.681,528.1
2009,"2009-07-11",100,2,49.151,-116.668,126.7
2009,"2009-07-11",500,2,49.147,-116.665,553.2
2009,"2009-07-11",100,3,49.163,-116.652,136.3
2009,"2009-07-11",500,3,49.161,-116.648,574.8
2009,"2009-07-11",100,4,49.181,-116.633,150.4
2009,"2009-07-11",500,4,49.19,-116.64,602.6
2009,"2009-07-11",100,5,49.2,-116.61,177.4
2009,"2009-07-11",500,5,49.236,-116.654,649.2
2009,"2009-07-11",100,6,49.219,-116.583,218.9
2009,"2009-07-11",500,6,49.302,-116.698,716.6
2009,"2009-07-11",100,7,49.248,-116.563,265
2009,"2009-07-11",500,7,49.38,-116.78,786.5
2009,"2009-07-11",100,8,49.293,-116.56,304
2009,"2009-07-11",500,8,49.46,-116.902,839.1
2009,"2009-07-11",100,9,49.351,-116.583,334
2009,"2009-07-11",500,9,49.542,-117.062,872.4
2009,"2009-07-11",100,10,49.408,-116.633,360.1
2009,"2009-07-11",500,10,49.609,-117.244,896.5
2009,"2009-07-11",100,11,49.447,-116.71,388.7
2009,"2009-07-11",500,11,49.649,-117.433,921.8
2009,"2009-07-11",100,12,49.466,-116.807,420.9
2009,"2009-07-11",500,12,49.661,-117.631,952.4
2009,"2009-07-12",100,0,49.168,-116.696,100
2009,"2009-07-12",500,0,49.168,-116.696,500
2009,"2009-07-12",100,1,49.115,-116.614,76.5
2009,"2009-07-12",500,1,49.099,-116.605,454.8
2009,"2009-07-12",100,2,49.071,-116.53,63.2
2009,"2009-07-12",500,2,49.03,-116.51,420.5
2009,"2009-07-12",100,3,49.042,-116.441,58
2009,"2009-07-12",500,3,48.965,-116.416,401.8
2009,"2009-07-12",100,4,49.039,-116.345,53.7
2009,"2009-07-12",500,4,48.919,-116.304,387.9
2009,"2009-07-12",100,5,49.065,-116.243,44.4
2009,"2009-07-12",500,5,48.904,-116.16,365.1
2009,"2009-07-12",100,6,49.115,-116.138,30.3
2009,"2009-07-12",500,6,48.917,-115.992,333.1
2009,"2009-07-12",100,7,49.173,-116.025,16.4
2009,"2009-07-12",500,7,48.94,-115.833,295
2009,"2009-07-12",100,8,49.234,-115.903,8
2009,"2009-07-12",500,8,48.966,-115.707,254.7
2009,"2009-07-12",100,9,49.31,-115.775,3.8
2009,"2009-07-12",500,9,48.992,-115.603,214.4
2009,"2009-07-12",100,10,49.395,-115.644,0.9
2009,"2009-07-12",500,10,48.999,-115.493,179
2009,"2009-07-12",100,11,49.475,-115.508,0
2009,"2009-07-12",500,11,48.972,-115.356,151
2009,"2009-07-12",100,12,49.537,-115.369,0
2009,"2009-07-12",500,12,48.92,-115.183,128.6
2009,"2009-07-13",100,0,49.168,-116.696,100
2009,"2009-07-13",500,0,49.168,-116.696,500
2009,"2009-07-13",100,1,49.162,-116.929,67
2009,"2009-07-13",500,1,49.172,-116.938,402.3
2009,"2009-07-13",100,2,49.167,-117.132,44.8
2009,"2009-07-13",500,2,49.183,-117.101,328
2009,"2009-07-13",100,3,49.187,-117.303,31.9
2009,"2009-07-13",500,3,49.205,-117.198,272.6
2009,"2009-07-13",100,4,49.217,-117.456,25.7
2009,"2009-07-13",500,4,49.228,-117.267,235.3
2009,"2009-07-13",100,5,49.248,-117.601,22.3
2009,"2009-07-13",500,5,49.234,-117.338,213.7
2009,"2009-07-13",100,6,49.271,-117.735,18.9
2009,"2009-07-13",500,6,49.222,-117.414,203.4
2009,"2009-07-13",100,7,49.306,-117.841,15
2009,"2009-07-13",500,7,49.227,-117.447,194.1
2009,"2009-07-13",100,8,49.365,-117.902,11.9
2009,"2009-07-13",500,8,49.278,-117.372,181.6
2009,"2009-07-13",100,9,49.445,-117.917,10
2009,"2009-07-13",500,9,49.367,-117.169,167.1
2009,"2009-07-13",100,10,49.536,-117.909,9.1
2009,"2009-07-13",500,10,49.479,-116.934,162.5
2009,"2009-07-13",100,11,49.628,-117.902,8.9
2009,"2009-07-13",500,11,49.61,-116.789,182.8
2009,"2009-07-13",100,12,49.723,-117.904,9.4
2009,"2009-07-13",500,12,49.738,-116.765,225.2
2009,"2009-07-14",100,0,49.168,-116.696,100
2009,"2009-07-14",500,0,49.168,-116.696,500
2009,"2009-07-14",100,1,49.165,-116.906,57.3
2009,"2009-07-14",500,1,49.176,-116.926,425
2009,"2009-07-14",100,2,49.166,-117.107,36.9
2009,"2009-07-14",500,2,49.188,-117.123,361.9
2009,"2009-07-14",100,3,49.168,-117.285,23.9
2009,"2009-07-14",500,3,49.202,-117.289,309.9
2009,"2009-07-14",100,4,49.181,-117.433,13.5
2009,"2009-07-14",500,4,49.223,-117.423,274.7
2009,"2009-07-14",100,5,49.221,-117.565,7.1
2009,"2009-07-14",500,5,49.261,-117.521,264.5
2009,"2009-07-14",100,6,49.28,-117.685,5.9
2009,"2009-07-14",500,6,49.323,-117.588,281.6
2009,"2009-07-14",100,7,49.341,-117.805,9
2009,"2009-07-14",500,7,49.412,-117.657,328.4
2009,"2009-07-14",100,8,49.399,-117.937,17.7
2009,"2009-07-14",500,8,49.539,-117.766,408.8
2009,"2009-07-14",100,9,49.451,-118.094,48.1
2009,"2009-07-14",500,9,49.732,-117.922,505.4
2009,"2009-07-14",100,10,49.523,-118.29,101.8
2009,"2009-07-14",500,10,49.958,-118.123,513.8
2009,"2009-07-14",100,11,49.645,-118.526,140.2
2009,"2009-07-14",500,11,50.167,-118.413,437.7
2009,"2009-07-14",100,12,49.773,-118.817,153.3
2009,"2009-07-14",500,12,50.292,-118.803,341.5
2009,"2009-07-15",100,0,49.168,-116.696,100
2009,"2009-07-15",500,0,49.168,-116.696,500
2009,"2009-07-15",100,1,49.126,-116.822,57.7
2009,"2009-07-15",500,1,49.122,-116.829,440.7
2009,"2009-07-15",100,2,49.086,-116.924,37.8
2009,"2009-07-15",500,2,49.084,-116.916,395.8
2009,"2009-07-15",100,3,49.056,-116.998,28.9
2009,"2009-07-15",500,3,49.055,-116.963,364.1
2009,"2009-07-15",100,4,49.038,-117.047,23.6
2009,"2009-07-15",500,4,49.042,-116.992,336.2
2009,"2009-07-15",100,5,49.034,-117.073,18.4
2009,"2009-07-15",500,5,49.056,-117.025,303.2
2009,"2009-07-15",100,6,49.043,-117.076,13.6
2009,"2009-07-15",500,6,49.097,-117.059,265.7
2009,"2009-07-15",100,7,49.069,-117.063,10.7
2009,"2009-07-15",500,7,49.154,-117.077,237.9
2009,"2009-07-15",100,8,49.115,-117.039,10
2009,"2009-07-15",500,8,49.214,-117.071,232.9
2009,"2009-07-15",100,9,49.179,-116.997,11.2
2009,"2009-07-15",500,9,49.279,-117.044,250.9
2009,"2009-07-15",100,10,49.253,-116.935,15.7
2009,"2009-07-15",500,10,49.356,-117.024,288
2009,"2009-07-15",100,11,49.33,-116.877,26
2009,"2009-07-15",500,11,49.448,-117.038,339.6
2009,"2009-07-15",100,12,49.414,-116.845,46.7
2009,"2009-07-15",500,12,49.556,-117.096,407.2
2009,"2009-07-16",100,0,49.168,-116.696,100
2009,"2009-07-16",500,0,49.168,-116.696,500
2009,"2009-07-16",100,1,49.092,-116.821,56.1
2009,"2009-07-16",500,1,49.083,-116.829,421.4
2009,"2009-07-16",100,2,49.022,-116.911,36.8
2009,"2009-07-16",500,2,49.012,-116.928,360.8
2009,"2009-07-16",100,3,48.957,-116.962,27.9
2009,"2009-07-16",500,3,48.955,-116.998,316.7
2009,"2009-07-16",100,4,48.899,-116.976,21.5
2009,"2009-07-16",500,4,48.908,-117.039,276.4
2009,"2009-07-16",100,5,48.855,-116.955,14.9
2009,"2009-07-16",500,5,48.865,-117.047,226
2009,"2009-07-16",100,6,48.83,-116.902,9.1
2009,"2009-07-16",500,6,48.829,-117.014,167.1
2009,"2009-07-16",100,7,48.815,-116.842,4.9
2009,"2009-07-16",500,7,48.796,-116.969,119.8
2009,"2009-07-16",100,8,48.794,-116.798,2.7
2009,"2009-07-16",500,8,48.76,-116.938,96.1
2009,"2009-07-16",100,9,48.765,-116.759,2.6
2009,"2009-07-16",500,9,48.72,-116.919,92.2
2009,"2009-07-16",100,10,48.724,-116.72,2.3
2009,"2009-07-16",500,10,48.666,-116.906,84.7
2009,"2009-07-16",100,11,48.666,-116.678,0
2009,"2009-07-16",500,11,48.597,-116.884,57.8
2009,"2009-07-16",100,12,48.588,-116.638,0
2009,"2009-07-16",500,12,48.514,-116.853,29.6
2009,"2009-07-17",100,0,49.168,-116.696,100
2009,"2009-07-17",500,0,49.168,-116.696,500
2009,"2009-07-17",100,1,49.095,-116.721,105
2009,"2009-07-17",500,1,49.076,-116.725,498.4
2009,"2009-07-17",100,2,49.025,-116.709,118
2009,"2009-07-17",500,2,48.977,-116.713,512.2
2009,"2009-07-17",100,3,48.958,-116.659,138
2009,"2009-07-17",500,3,48.872,-116.663,536.8
2009,"2009-07-17",100,4,48.906,-116.587,167.8
2009,"2009-07-17",500,4,48.774,-116.587,566
2009,"2009-07-17",100,5,48.876,-116.509,212.6
2009,"2009-07-17",500,5,48.687,-116.5,598.7
2009,"2009-07-17",100,6,48.864,-116.424,270
2009,"2009-07-17",500,6,48.604,-116.403,639.6
2009,"2009-07-17",100,7,48.858,-116.331,322.9
2009,"2009-07-17",500,7,48.528,-116.307,685.1
2009,"2009-07-17",100,8,48.848,-116.238,359.5
2009,"2009-07-17",500,8,48.472,-116.22,722.7
2009,"2009-07-17",100,9,48.837,-116.145,381.1
2009,"2009-07-17",500,9,48.442,-116.139,747.9
2009,"2009-07-17",100,10,48.837,-116.073,401.2
2009,"2009-07-17",500,10,48.438,-116.088,770.4
2009,"2009-07-17",100,11,48.86,-116.044,434.2
2009,"2009-07-17",500,11,48.459,-116.091,799.6
2009,"2009-07-17",100,12,48.913,-116.06,482.1
2009,"2009-07-17",500,12,48.503,-116.146,834.9
2009,"2009-07-18",100,0,49.168,-116.696,100
2009,"2009-07-18",500,0,49.168,-116.696,500
2009,"2009-07-18",100,1,49.009,-116.835,65.2
2009,"2009-07-18",500,1,48.991,-116.846,426.7
2009,"2009-07-18",100,2,48.858,-116.959,45.3
2009,"2009-07-18",500,2,48.84,-116.968,363.8
2009,"2009-07-18",100,3,48.725,-117.051,29
2009,"2009-07-18",500,3,48.721,-117.047,297.6
2009,"2009-07-18",100,4,48.615,-117.099,18
2009,"2009-07-18",500,4,48.621,-117.082,235.9
2009,"2009-07-18",100,5,48.528,-117.096,12.2
2009,"2009-07-18",500,5,48.528,-117.081,189.5
2009,"2009-07-18",100,6,48.468,-117.049,10.2
2009,"2009-07-18",500,6,48.453,-117.046,163
2009,"2009-07-18",100,7,48.416,-116.977,10
2009,"2009-07-18",500,7,48.392,-116.99,151
2009,"2009-07-18",100,8,48.357,-116.896,11.2
2009,"2009-07-18",500,8,48.335,-116.924,149.4
2009,"2009-07-18",100,9,48.295,-116.803,13.6
2009,"2009-07-18",500,9,48.267,-116.85,156.9
2009,"2009-07-18",100,10,48.227,-116.705,16.1
2009,"2009-07-18",500,10,48.176,-116.777,168.1
2009,"2009-07-18",100,11,48.148,-116.615,18
2009,"2009-07-18",500,11,48.064,-116.708,179.6
2009,"2009-07-18",100,12,48.058,-116.536,19.5
2009,"2009-07-18",500,12,47.942,-116.631,192.4
2009,"2009-07-19",100,0,49.168,-116.696,100
2009,"2009-07-19",500,0,49.168,-116.696,500
2009,"2009-07-19",100,1,49.233,-116.887,72.4
2009,"2009-07-19",500,1,49.237,-116.899,471.5
2009,"2009-07-19",100,2,49.306,-117.047,58.5
2009,"2009-07-19",500,2,49.303,-117.067,459.7
2009,"2009-07-19",100,3,49.374,-117.176,60.4
2009,"2009-07-19",500,3,49.366,-117.194,482.5
2009,"2009-07-19",100,4,49.433,-117.277,74.6
2009,"2009-07-19",500,4,49.447,-117.296,543.6
2009,"2009-07-19",100,5,49.495,-117.362,98.3
2009,"2009-07-19",500,5,49.567,-117.396,642.1
2009,"2009-07-19",100,6,49.572,-117.439,130.8
2009,"2009-07-19",500,6,49.741,-117.548,744.4
2009,"2009-07-19",100,7,49.678,-117.524,168.1
2009,"2009-07-19",500,7,49.933,-117.76,797.2
2009,"2009-07-19",100,8,49.818,-117.622,206.2
2009,"2009-07-19",500,8,50.127,-117.935,765.9
2009,"2009-07-19",100,9,49.985,-117.75,209.3
2009,"2009-07-19",500,9,50.333,-118.106,724.2
2009,"2009-07-19",100,10,50.142,-117.924,181.3
2009,"2009-07-19",500,10,50.54,-118.303,703.5
2009,"2009-07-19",100,11,50.255,-118.141,159.3
2009,"2009-07-19",500,11,50.744,-118.526,642.8
2009,"2009-07-19",100,12,50.331,-118.392,139.6
2009,"2009-07-19",500,12,50.941,-118.713,554
2009,"2009-07-20",100,0,49.168,-116.696,100
2009,"2009-07-20",500,0,49.168,-116.696,500
2009,"2009-07-20",100,1,49.171,-116.715,90.6
2009,"2009-07-20",500,1,49.166,-116.711,495.5
2009,"2009-07-20",100,2,49.184,-116.718,84.8
2009,"2009-07-20",500,2,49.172,-116.708,496.7
2009,"2009-07-20",100,3,49.204,-116.704,82.5
2009,"2009-07-20",500,3,49.186,-116.686,504.5
2009,"2009-07-20",100,4,49.227,-116.683,84.6
2009,"2009-07-20",500,4,49.216,-116.624,523.9
2009,"2009-07-20",100,5,49.248,-116.662,92
2009,"2009-07-20",500,5,49.268,-116.5,558.7
2009,"2009-07-20",100,6,49.267,-116.634,106.2
2009,"2009-07-20",500,6,49.344,-116.32,604.6
2009,"2009-07-20",100,7,49.316,-116.624,133.2
2009,"2009-07-20",500,7,49.465,-116.157,664.6
2009,"2009-07-20",100,8,49.426,-116.652,180.8
2009,"2009-07-20",500,8,49.647,-116.074,745.2
2009,"2009-07-20",100,9,49.603,-116.722,256.1
2009,"2009-07-20",500,9,49.867,-116.072,845.1
2009,"2009-07-20",100,10,49.814,-116.842,357.3
2009,"2009-07-20",500,10,50.087,-116.136,963.4
2009,"2009-07-20",100,11,50.01,-117.013,442.8
2009,"2009-07-20",500,11,50.275,-116.228,1102.5
2009,"2009-07-20",100,12,50.158,-117.241,462.3
2009,"2009-07-20",500,12,50.436,-116.329,1258.4
2009,"2009-07-21",100,0,49.168,-116.696,100
2009,"2009-07-21",500,0,49.168,-116.696,500
2009,"2009-07-21",100,1,49.159,-116.741,144.2
2009,"2009-07-21",500,1,49.159,-116.744,552.5
2009,"2009-07-21",100,2,49.139,-116.759,179
2009,"2009-07-21",500,2,49.139,-116.764,594.5
2009,"2009-07-21",100,3,49.105,-116.749,203.5
2009,"2009-07-21",500,3,49.11,-116.754,625.5
2009,"2009-07-21",100,4,49.071,-116.715,222.4
2009,"2009-07-21",500,4,49.085,-116.728,650.5
2009,"2009-07-21",100,5,49.052,-116.663,241.4
2009,"2009-07-21",500,5,49.082,-116.706,676
2009,"2009-07-21",100,6,49.049,-116.594,259.6
2009,"2009-07-21",500,6,49.101,-116.691,702.4
2009,"2009-07-21",100,7,49.063,-116.519,270.2
2009,"2009-07-21",500,7,49.131,-116.69,723.4
2009,"2009-07-21",100,8,49.093,-116.45,268
2009,"2009-07-21",500,8,49.158,-116.705,731.5
2009,"2009-07-21",100,9,49.139,-116.388,254.3
2009,"2009-07-21",500,9,49.183,-116.735,726.2
2009,"2009-07-21",100,10,49.172,-116.328,240.3
2009,"2009-07-21",500,10,49.184,-116.762,721.6
2009,"2009-07-21",100,11,49.16,-116.269,234.1
2009,"2009-07-21",500,11,49.138,-116.771,729.5
2009,"2009-07-21",100,12,49.106,-116.213,234.2
2009,"2009-07-21",500,12,49.044,-116.76,748.4
2009,"2009-07-22",100,0,49.168,-116.696,100
2009,"2009-07-22",500,0,49.168,-116.696,500
2009,"2009-07-22",100,1,49.084,-116.796,80.1
2009,"2009-07-22",500,1,49.086,-116.818,447.8
2009,"2009-07-22",100,2,49.012,-116.857,72.1
2009,"2009-07-22",500,2,49.014,-116.891,418.2
2009,"2009-07-22",100,3,48.952,-116.874,73
2009,"2009-07-22",500,3,48.953,-116.919,404.8
2009,"2009-07-22",100,4,48.902,-116.859,76.3
2009,"2009-07-22",500,4,48.889,-116.923,396.5
2009,"2009-07-22",100,5,48.86,-116.828,75.7
2009,"2009-07-22",500,5,48.815,-116.922,382.5
2009,"2009-07-22",100,6,48.828,-116.783,71.6
2009,"2009-07-22",500,6,48.738,-116.907,362.5
2009,"2009-07-22",100,7,48.807,-116.724,62.6
2009,"2009-07-22",500,7,48.669,-116.868,332.7
2009,"2009-07-22",100,8,48.796,-116.652,48.9
2009,"2009-07-22",500,8,48.615,-116.802,295.1
2009,"2009-07-22",100,9,48.795,-116.568,34.9
2009,"2009-07-22",500,9,48.572,-116.714,253.2
2009,"2009-07-22",100,10,48.791,-116.491,26.7
2009,"2009-07-22",500,10,48.534,-116.623,219.4
2009,"2009-07-22",100,11,48.773,-116.438,25.7
2009,"2009-07-22",500,11,48.484,-116.552,203.9
2009,"2009-07-22",100,12,48.738,-116.407,32.2
2009,"2009-07-22",500,12,48.419,-116.501,204.4
2009,"2009-07-23",100,0,49.168,-116.696,100
2009,"2009-07-23",500,0,49.168,-116.696,500
2009,"2009-07-23",100,1,49.082,-116.511,101.9
2009,"2009-07-23",500,1,49.05,-116.495,494.8
2009,"2009-07-23",100,2,49.016,-116.355,97.8
2009,"2009-07-23",500,2,48.947,-116.318,473.2
2009,"2009-07-23",100,3,48.974,-116.231,95.7
2009,"2009-07-23",500,3,48.861,-116.161,462.1
2009,"2009-07-23",100,4,48.953,-116.124,98.5
2009,"2009-07-23",500,4,48.784,-116.025,466.9
2009,"2009-07-23",100,5,48.951,-116.019,105
2009,"2009-07-23",500,5,48.705,-115.91,475.3
2009,"2009-07-23",100,6,48.965,-115.916,113.5
2009,"2009-07-23",500,6,48.616,-115.82,482.8
2009,"2009-07-23",100,7,48.973,-115.818,115.3
2009,"2009-07-23",500,7,48.524,-115.747,485.7
2009,"2009-07-23",100,8,48.952,-115.724,105
2009,"2009-07-23",500,8,48.442,-115.684,477.6
2009,"2009-07-23",100,9,48.9,-115.646,85.8
2009,"2009-07-23",500,9,48.371,-115.624,456.9
2009,"2009-07-23",100,10,48.831,-115.605,71.2
2009,"2009-07-23",500,10,48.308,-115.594,441.7
2009,"2009-07-23",100,11,48.76,-115.603,67.5
2009,"2009-07-23",500,11,48.251,-115.638,450.2
2009,"2009-07-23",100,12,48.691,-115.626,75.7
2009,"2009-07-23",500,12,48.203,-115.758,480.4
2009,"2009-07-24",100,0,49.168,-116.696,100
2009,"2009-07-24",500,0,49.168,-116.696,500
2009,"2009-07-24",100,1,49.128,-116.618,58.9
2009,"2009-07-24",500,1,49.116,-116.602,452.1
2009,"2009-07-24",100,2,49.106,-116.562,35.9
2009,"2009-07-24",500,2,49.07,-116.548,426
2009,"2009-07-24",100,3,49.097,-116.515,24.2
2009,"2009-07-24",500,3,49.03,-116.531,423.9
2009,"2009-07-24",100,4,49.091,-116.477,18.3
2009,"2009-07-24",500,4,48.974,-116.534,432.2
2009,"2009-07-24",100,5,49.08,-116.457,15.1
2009,"2009-07-24",500,5,48.886,-116.558,431.5
2009,"2009-07-24",100,6,49.06,-116.463,13.5
2009,"2009-07-24",500,6,48.764,-116.632,415
2009,"2009-07-24",100,7,49.031,-116.49,13.1
2009,"2009-07-24",500,7,48.626,-116.733,386.9
2009,"2009-07-24",100,8,48.984,-116.535,13.9
2009,"2009-07-24",500,8,48.484,-116.813,359.5
2009,"2009-07-24",100,9,48.912,-116.593,16.6
2009,"2009-07-24",500,9,48.324,-116.876,333.2
2009,"2009-07-24",100,10,48.825,-116.636,20.4
2009,"2009-07-24",500,10,48.138,-116.94,300.7
2009,"2009-07-24",100,11,48.731,-116.671,22.1
2009,"2009-07-24",500,11,47.941,-117.007,262
2009,"2009-07-24",100,12,48.626,-116.72,20.1
2009,"2009-07-24",500,12,47.754,-117.068,226.9
2009,"2009-07-25",100,0,49.168,-116.696,100
2009,"2009-07-25",500,0,49.168,-116.696,500
2009,"2009-07-25",100,1,49.08,-116.535,62.4
2009,"2009-07-25",500,1,49.065,-116.509,429.7
2009,"2009-07-25",100,2,49.027,-116.402,44.6
2009,"2009-07-25",500,2,48.986,-116.369,371
2009,"2009-07-25",100,3,49.01,-116.292,37.6
2009,"2009-07-25",500,3,48.934,-116.269,338.9
2009,"2009-07-25",100,4,49.016,-116.196,33
2009,"2009-07-25",500,4,48.895,-116.187,316.4
2009,"2009-07-25",100,5,49.035,-116.109,26.5
2009,"2009-07-25",500,5,48.856,-116.113,280.7
2009,"2009-07-25",100,6,49.062,-116.032,18.3
2009,"2009-07-25",500,6,48.819,-116.042,231
2009,"2009-07-25",100,7,49.093,-115.958,10.4
2009,"2009-07-25",500,7,48.788,-115.984,175.5
2009,"2009-07-25",100,8,49.124,-115.882,3.6
2009,"2009-07-25",500,8,48.762,-115.946,124.3
2009,"2009-07-25",100,9,49.158,-115.803,0
2009,"2009-07-25",500,9,48.74,-115.921,78.7
2009,"2009-07-25",100,10,49.204,-115.724,0
2009,"2009-07-25",500,10,48.73,-115.884,48
2009,"2009-07-25",100,11,49.263,-115.639,0
2009,"2009-07-25",500,11,48.74,-115.829,33.8
2009,"2009-07-25",100,12,49.336,-115.547,0
2009,"2009-07-25",500,12,48.775,-115.766,30.6
2009,"2009-07-26",100,0,49.168,-116.696,100
2009,"2009-07-26",500,0,49.168,-116.696,500
2009,"2009-07-26",100,1,49.15,-116.631,99.3
2009,"2009-07-26",500,1,49.156,-116.615,493.5
2009,"2009-07-26",100,2,49.133,-116.605,93.6
2009,"2009-07-26",500,2,49.143,-116.572,483.7
2009,"2009-07-26",100,3,49.119,-116.616,84.6
2009,"2009-07-26",500,3,49.128,-116.567,471.7
2009,"2009-07-26",100,4,49.112,-116.642,77.9
2009,"2009-07-26",500,4,49.113,-116.59,464
2009,"2009-07-26",100,5,49.111,-116.663,77.3
2009,"2009-07-26",500,5,49.099,-116.63,467.3
2009,"2009-07-26",100,6,49.116,-116.679,82.6
2009,"2009-07-26",500,6,49.087,-116.686,481.6
2009,"2009-07-26",100,7,49.119,-116.695,83.5
2009,"2009-07-26",500,7,49.062,-116.742,487.1
2009,"2009-07-26",100,8,49.114,-116.713,69.9
2009,"2009-07-26",500,8,49.012,-116.788,464.2
2009,"2009-07-26",100,9,49.101,-116.733,46
2009,"2009-07-26",500,9,48.941,-116.824,414.9
2009,"2009-07-26",100,10,49.091,-116.734,27.7
2009,"2009-07-26",500,10,48.868,-116.832,358.1
2009,"2009-07-26",100,11,49.088,-116.703,16.6
2009,"2009-07-26",500,11,48.806,-116.803,308.2
2009,"2009-07-26",100,12,49.094,-116.647,8.8
2009,"2009-07-26",500,12,48.754,-116.751,262.3
2009,"2009-07-27",100,0,49.168,-116.696,100
2009,"2009-07-27",500,0,49.168,-116.696,500
2009,"2009-07-27",100,1,49.175,-116.766,83.6
2009,"2009-07-27",500,1,49.178,-116.783,484
2009,"2009-07-27",100,2,49.185,-116.81,69.8
2009,"2009-07-27",500,2,49.189,-116.862,473.4
2009,"2009-07-27",100,3,49.196,-116.826,58
2009,"2009-07-27",500,3,49.2,-116.933,469.7
2009,"2009-07-27",100,4,49.209,-116.811,50.5
2009,"2009-07-27",500,4,49.201,-116.975,475.4
2009,"2009-07-27",100,5,49.223,-116.773,50
2009,"2009-07-27",500,5,49.18,-116.962,490
2009,"2009-07-27",100,6,49.236,-116.711,57.4
2009,"2009-07-27",500,6,49.14,-116.897,512.3
2009,"2009-07-27",100,7,49.246,-116.63,66.6
2009,"2009-07-27",500,7,49.092,-116.786,531
2009,"2009-07-27",100,8,49.261,-116.525,65.1
2009,"2009-07-27",500,8,49.051,-116.633,533.7
2009,"2009-07-27",100,9,49.29,-116.391,50.2
2009,"2009-07-27",500,9,49.026,-116.431,521
2009,"2009-07-27",100,10,49.327,-116.235,35.6
2009,"2009-07-27",500,10,49.029,-116.187,507.4
2009,"2009-07-27",100,11,49.371,-116.083,30.2
2009,"2009-07-27",500,11,49.056,-115.932,510.7
2009,"2009-07-27",100,12,49.425,-115.949,31.1
2009,"2009-07-27",500,12,49.1,-115.685,537.4
2009,"2009-07-28",100,0,49.168,-116.696,100
2009,"2009-07-28",500,0,49.168,-116.696,500
2009,"2009-07-28",100,1,49.238,-116.72,80.1
2009,"2009-07-28",500,1,49.252,-116.724,475.2
2009,"2009-07-28",100,2,49.304,-116.757,62.7
2009,"2009-07-28",500,2,49.337,-116.748,456.1
2009,"2009-07-28",100,3,49.364,-116.799,49.5
2009,"2009-07-28",500,3,49.424,-116.761,444.2
2009,"2009-07-28",100,4,49.418,-116.839,45.5
2009,"2009-07-28",500,4,49.526,-116.762,452.1
2009,"2009-07-28",100,5,49.466,-116.871,56.1
2009,"2009-07-28",500,5,49.657,-116.753,493.5
2009,"2009-07-28",100,6,49.513,-116.893,84.7
2009,"2009-07-28",500,6,49.817,-116.724,566.2
2009,"2009-07-28",100,7,49.563,-116.911,121.6
2009,"2009-07-28",500,7,49.996,-116.695,635.7
2009,"2009-07-28",100,8,49.623,-116.941,143.5
2009,"2009-07-28",500,8,50.169,-116.711,665.6
2009,"2009-07-28",100,9,49.698,-116.994,141.4
2009,"2009-07-28",500,9,50.339,-116.753,654.6
2009,"2009-07-28",100,10,49.777,-117.075,136.3
2009,"2009-07-28",500,10,50.501,-116.791,642.8
2009,"2009-07-28",100,11,49.848,-117.182,149.8
2009,"2009-07-28",500,11,50.653,-116.827,664.4
2009,"2009-07-28",100,12,49.904,-117.301,184.3
2009,"2009-07-28",500,12,50.795,-116.873,730.4
2009,"2009-07-29",100,0,49.168,-116.696,100
2009,"2009-07-29",500,0,49.168,-116.696,500
2009,"2009-07-29",100,1,49.158,-116.611,133.3
2009,"2009-07-29",500,1,49.159,-116.591,560.7
2009,"2009-07-29",100,2,49.164,-116.515,160.4
2009,"2009-07-29",500,2,49.168,-116.459,617.3
2009,"2009-07-29",100,3,49.187,-116.408,180.8
2009,"2009-07-29",500,3,49.198,-116.304,670.1
2009,"2009-07-29",100,4,49.216,-116.302,200.6
2009,"2009-07-29",500,4,49.243,-116.12,723.6
2009,"2009-07-29",100,5,49.24,-116.206,226
2009,"2009-07-29",500,5,49.295,-115.906,781.7
2009,"2009-07-29",100,6,49.258,-116.119,259.4
2009,"2009-07-29",500,6,49.357,-115.661,848.2
2009,"2009-07-29",100,7,49.284,-116.007,287
2009,"2009-07-29",500,7,49.454,-115.386,915.5
2009,"2009-07-29",100,8,49.344,-115.862,292.6
2009,"2009-07-29",500,8,49.619,-115.119,959.2
2009,"2009-07-29",100,9,49.442,-115.694,275.6
2009,"2009-07-29",500,9,49.854,-114.894,979.4
2009,"2009-07-29",100,10,49.542,-115.537,258.4
2009,"2009-07-29",500,10,50.117,-114.737,999.8
2009,"2009-07-29",100,11,49.606,-115.415,257
2009,"2009-07-29",500,11,50.375,-114.646,1029.3
2009,"2009-07-29",100,12,49.639,-115.321,268.8
2009,"2009-07-29",500,12,50.631,-114.6,1073.2
2009,"2009-07-30",100,0,49.168,-116.696,100
2009,"2009-07-30",500,0,49.168,-116.696,500
2009,"2009-07-30",100,1,49.158,-116.857,125.1
2009,"2009-07-30",500,1,49.167,-116.891,539.4
2009,"2009-07-30",100,2,49.15,-116.988,135.4
2009,"2009-07-30",500,2,49.162,-117.063,556.1
2009,"2009-07-30",100,3,49.141,-117.09,128.1
2009,"2009-07-30",500,3,49.149,-117.205,549.1
2009,"2009-07-30",100,4,49.12,-117.154,113
2009,"2009-07-30",500,4,49.117,-117.312,525.8
2009,"2009-07-30",100,5,49.084,-117.172,99.4
2009,"2009-07-30",500,5,49.052,-117.379,498.6
2009,"2009-07-30",100,6,49.033,-117.151,87.1
2009,"2009-07-30",500,6,48.964,-117.401,474.5
2009,"2009-07-30",100,7,48.973,-117.099,73.7
2009,"2009-07-30",500,7,48.872,-117.374,454.8
2009,"2009-07-30",100,8,48.909,-117.009,58.6
2009,"2009-07-30",500,8,48.789,-117.301,434.3
2009,"2009-07-30",100,9,48.862,-116.88,42.9
2009,"2009-07-30",500,9,48.711,-117.18,412
2009,"2009-07-30",100,10,48.849,-116.733,31.2
2009,"2009-07-30",500,10,48.63,-116.99,388.7
2009,"2009-07-30",100,11,48.858,-116.589,24.8
2009,"2009-07-30",500,11,48.555,-116.732,378.5
2009,"2009-07-30",100,12,48.878,-116.442,22.4
2009,"2009-07-30",500,12,48.473,-116.435,389.9
2009,"2009-07-31",100,0,49.168,-116.696,100
2009,"2009-07-31",500,0,49.168,-116.696,500
2009,"2009-07-31",100,1,49.132,-116.629,85.1
2009,"2009-07-31",500,1,49.12,-116.629,473.6
2009,"2009-07-31",100,2,49.109,-116.519,98.7
2009,"2009-07-31",500,2,49.083,-116.515,488.2
2009,"2009-07-31",100,3,49.099,-116.368,139.4
2009,"2009-07-31",500,3,49.062,-116.349,541.4
2009,"2009-07-31",100,4,49.103,-116.194,193.2
2009,"2009-07-31",500,4,49.054,-116.129,611.7
2009,"2009-07-31",100,5,49.116,-116.009,245.9
2009,"2009-07-31",500,5,49.047,-115.872,685.1
2009,"2009-07-31",100,6,49.138,-115.805,301.4
2009,"2009-07-31",500,6,49.038,-115.598,772.1
2009,"2009-07-31",100,7,49.17,-115.586,374.4
2009,"2009-07-31",500,7,49.049,-115.316,887.1
2009,"2009-07-31",100,8,49.212,-115.355,496.9
2009,"2009-07-31",500,8,49.112,-115.088,1026.3
2009,"2009-07-31",100,9,49.274,-115.071,675.1
2009,"2009-07-31",500,9,49.221,-114.943,1180.3
2009,"2009-07-31",100,10,49.372,-114.772,844.9
2009,"2009-07-31",500,10,49.36,-114.872,1318.5
2009,"2009-07-31",100,11,49.497,-114.524,962.9
2009,"2009-07-31",500,11,49.512,-114.847,1424.3
2009,"2009-07-31",100,12,49.644,-114.31,1045.7
2009,"2009-07-31",500,12,49.666,-114.843,1516.1
2009,"2009-08-01",100,0,49.168,-116.696,100
2009,"2009-08-01",500,0,49.168,-116.696,500
2009,"2009-08-01",100,1,49.101,-116.898,63.7
2009,"2009-08-01",500,1,49.097,-116.917,412.9
2009,"2009-08-01",100,2,49.042,-117.061,43.1
2009,"2009-08-01",500,2,49.045,-117.089,345.8
2009,"2009-08-01",100,3,48.991,-117.174,31.5
2009,"2009-08-01",500,3,49.009,-117.217,295.7
2009,"2009-08-01",100,4,48.946,-117.239,24.6
2009,"2009-08-01",500,4,48.984,-117.312,257.8
2009,"2009-08-01",100,5,48.913,-117.269,20
2009,"2009-08-01",500,5,48.968,-117.381,231
2009,"2009-08-01",100,6,48.897,-117.268,17.2
2009,"2009-08-01",500,6,48.964,-117.417,216.1
2009,"2009-08-01",100,7,48.886,-117.261,14.4
2009,"2009-08-01",500,7,48.959,-117.433,200.9
2009,"2009-08-01",100,8,48.867,-117.261,10.1
2009,"2009-08-01",500,8,48.937,-117.437,174
2009,"2009-08-01",100,9,48.838,-117.265,3.6
2009,"2009-08-01",500,9,48.896,-117.432,135.9
2009,"2009-08-01",100,10,48.798,-117.266,0
2009,"2009-08-01",500,10,48.844,-117.421,99.9
2009,"2009-08-01",100,11,48.747,-117.259,0
2009,"2009-08-01",500,11,48.788,-117.412,76.3
2009,"2009-08-01",100,12,48.685,-117.246,0
2009,"2009-08-01",500,12,48.724,-117.408,63.6
2009,"2009-08-02",100,0,49.168,-116.696,100
2009,"2009-08-02",500,0,49.168,-116.696,500
2009,"2009-08-02",100,1,49.227,-116.808,82.9
2009,"2009-08-02",500,1,49.223,-116.811,468.1
2009,"2009-08-02",100,2,49.297,-116.906,70.8
2009,"2009-08-02",500,2,49.301,-116.911,448.6
2009,"2009-08-02",100,3,49.372,-116.99,64.5
2009,"2009-08-02",500,3,49.404,-116.998,450.4
2009,"2009-08-02",100,4,49.444,-117.062,65.6
2009,"2009-08-02",500,4,49.525,-117.073,481.7
2009,"2009-08-02",100,5,49.502,-117.12,76.9
2009,"2009-08-02",500,5,49.662,-117.149,535.5
2009,"2009-08-02",100,6,49.548,-117.166,99.8
2009,"2009-08-02",500,6,49.81,-117.234,594.8
2009,"2009-08-02",100,7,49.608,-117.223,126.2
2009,"2009-08-02",500,7,49.967,-117.348,622.2
2009,"2009-08-02",100,8,49.716,-117.325,140.2
2009,"2009-08-02",500,8,50.112,-117.509,573.9
2009,"2009-08-02",100,9,49.862,-117.473,131.6
2009,"2009-08-02",500,9,50.251,-117.702,479.3
2009,"2009-08-02",100,10,50,-117.645,98.3
2009,"2009-08-02",500,10,50.381,-117.907,395.6
2009,"2009-08-02",100,11,50.11,-117.827,66.5
2009,"2009-08-02",500,11,50.497,-118.113,336.6
2009,"2009-08-02",100,12,50.196,-118.016,48.1
2009,"2009-08-02",500,12,50.593,-118.325,288.4
2009,"2009-08-03",100,0,49.168,-116.696,100
2009,"2009-08-03",500,0,49.168,-116.696,500
2009,"2009-08-03",100,1,49.062,-116.78,39
2009,"2009-08-03",500,1,49.056,-116.784,403.4
2009,"2009-08-03",100,2,48.97,-116.837,23.4
2009,"2009-08-03",500,2,48.965,-116.837,354.7
2009,"2009-08-03",100,3,48.898,-116.865,24.5
2009,"2009-08-03",500,3,48.89,-116.858,348.6
2009,"2009-08-03",100,4,48.845,-116.873,30.1
2009,"2009-08-03",500,4,48.826,-116.866,355.2
2009,"2009-08-03",100,5,48.807,-116.875,30
2009,"2009-08-03",500,5,48.774,-116.877,349.5
2009,"2009-08-03",100,6,48.789,-116.869,23.2
2009,"2009-08-03",500,6,48.733,-116.891,332.7
2009,"2009-08-03",100,7,48.791,-116.859,18
2009,"2009-08-03",500,7,48.698,-116.909,322.7
2009,"2009-08-03",100,8,48.806,-116.86,19.8
2009,"2009-08-03",500,8,48.667,-116.936,336.6
2009,"2009-08-03",100,9,48.83,-116.88,29.3
2009,"2009-08-03",500,9,48.644,-116.971,375.6
2009,"2009-08-03",100,10,48.857,-116.92,44.7
2009,"2009-08-03",500,10,48.644,-117.012,424.3
2009,"2009-08-03",100,11,48.895,-116.97,56.7
2009,"2009-08-03",500,11,48.676,-117.053,466.1
2009,"2009-08-03",100,12,48.956,-117.026,61.1
2009,"2009-08-03",500,12,48.736,-117.096,497.3
2009,"2009-08-04",100,0,49.168,-116.696,100
2009,"2009-08-04",500,0,49.168,-116.696,500
2009,"2009-08-04",100,1,49.074,-116.877,43.6
2009,"2009-08-04",500,1,49.076,-116.889,382.6
2009,"2009-08-04",100,2,48.989,-117.044,25.6
2009,"2009-08-04",500,2,48.997,-117.063,306.5
2009,"2009-08-04",100,3,48.921,-117.174,18.6
2009,"2009-08-04",500,3,48.929,-117.218,258.6
2009,"2009-08-04",100,4,48.872,-117.26,15.4
2009,"2009-08-04",500,4,48.882,-117.343,227.5
2009,"2009-08-04",100,5,48.846,-117.312,14.1
2009,"2009-08-04",500,5,48.868,-117.434,210.9
2009,"2009-08-04",100,6,48.846,-117.341,15
2009,"2009-08-04",500,6,48.892,-117.5,211.4
2009,"2009-08-04",100,7,48.867,-117.368,16.2
2009,"2009-08-04",500,7,48.94,-117.54,217
2009,"2009-08-04",100,8,48.907,-117.413,15.4
2009,"2009-08-04",500,8,48.996,-117.552,214.2
2009,"2009-08-04",100,9,48.969,-117.474,12.9
2009,"2009-08-04",500,9,49.052,-117.535,202.6
2009,"2009-08-04",100,10,49.04,-117.544,10.9
2009,"2009-08-04",500,10,49.101,-117.524,188.5
2009,"2009-08-04",100,11,49.109,-117.616,10.5
2009,"2009-08-04",500,11,49.147,-117.558,180.3
2009,"2009-08-04",100,12,49.19,-117.699,11.2
2009,"2009-08-04",500,12,49.204,-117.642,180.7
2009,"2009-08-05",100,0,49.168,-116.696,100
2009,"2009-08-05",500,0,49.168,-116.696,500
2009,"2009-08-05",100,1,49.084,-116.743,90.5
2009,"2009-08-05",500,1,49.07,-116.759,446
2009,"2009-08-05",100,2,49.012,-116.744,99.3
2009,"2009-08-05",500,2,48.98,-116.793,423.4
2009,"2009-08-05",100,3,48.953,-116.712,129.2
2009,"2009-08-05",500,3,48.897,-116.804,427.2
2009,"2009-08-05",100,4,48.907,-116.648,156.8
2009,"2009-08-05",500,4,48.813,-116.795,426.9
2009,"2009-08-05",100,5,48.881,-116.544,158.3
2009,"2009-08-05",500,5,48.732,-116.746,398.3
2009,"2009-08-05",100,6,48.889,-116.406,137.4
2009,"2009-08-05",500,6,48.671,-116.633,346.6
2009,"2009-08-05",100,7,48.931,-116.231,112.6
2009,"2009-08-05",500,7,48.642,-116.459,295.9
2009,"2009-08-05",100,8,48.996,-116.017,94.3
2009,"2009-08-05",500,8,48.637,-116.252,265.5
2009,"2009-08-05",100,9,49.07,-115.78,82.3
2009,"2009-08-05",500,9,48.641,-115.998,250.2
2009,"2009-08-05",100,10,49.102,-115.531,76.5
2009,"2009-08-05",500,10,48.588,-115.738,227
2009,"2009-08-05",100,11,49.005,-115.275,77.1
2009,"2009-08-05",500,11,48.453,-115.486,196.1
2009,"2009-08-05",100,12,48.848,-115.006,68
2009,"2009-08-05",500,12,48.294,-115.275,157.5
2009,"2009-08-06",100,0,49.168,-116.696,100
2009,"2009-08-06",500,0,49.168,-116.696,500
2009,"2009-08-06",100,1,49.267,-116.78,101.7
2009,"2009-08-06",500,1,49.264,-116.796,513.7
2009,"2009-08-06",100,2,49.341,-116.852,104.9
2009,"2009-08-06",500,2,49.336,-116.878,534.5
2009,"2009-08-06",100,3,49.386,-116.911,110.9
2009,"2009-08-06",500,3,49.386,-116.942,564.1
2009,"2009-08-06",100,4,49.422,-116.954,110.7
2009,"2009-08-06",500,4,49.426,-117.004,582.8
2009,"2009-08-06",100,5,49.471,-116.975,97.5
2009,"2009-08-06",500,5,49.472,-117.078,572.4
2009,"2009-08-06",100,6,49.534,-116.968,76.6
2009,"2009-08-06",500,6,49.527,-117.156,531.7
2009,"2009-08-06",100,7,49.585,-116.923,58.4
2009,"2009-08-06",500,7,49.567,-117.201,479.1
2009,"2009-08-06",100,8,49.605,-116.838,50.2
2009,"2009-08-06",500,8,49.559,-117.189,437.2
2009,"2009-08-06",100,9,49.599,-116.713,54.3
2009,"2009-08-06",500,9,49.507,-117.129,407.2
2009,"2009-08-06",100,10,49.563,-116.571,60.4
2009,"2009-08-06",500,10,49.422,-117.027,377.7
2009,"2009-08-06",100,11,49.5,-116.412,52.7
2009,"2009-08-06",500,11,49.321,-116.884,337.4
2009,"2009-08-06",100,12,49.42,-116.232,34.8
2009,"2009-08-06",500,12,49.204,-116.694,284.8
2009,"2009-08-07",100,0,49.168,-116.696,100
2009,"2009-08-07",500,0,49.168,-116.696,500
2009,"2009-08-07",100,1,49.252,-116.704,140.4
2009,"2009-08-07",500,1,49.246,-116.675,544.4
2009,"2009-08-07",100,2,49.316,-116.715,183.7
2009,"2009-08-07",500,2,49.311,-116.653,587
2009,"2009-08-07",100,3,49.355,-116.724,227.7
2009,"2009-08-07",500,3,49.356,-116.623,627.9
2009,"2009-08-07",100,4,49.383,-116.706,279.1
2009,"2009-08-07",500,4,49.377,-116.552,675.6
2009,"2009-08-07",100,5,49.406,-116.62,351.4
2009,"2009-08-07",500,5,49.371,-116.404,732.4
2009,"2009-08-07",100,6,49.415,-116.433,435.8
2009,"2009-08-07",500,6,49.338,-116.175,787.7
2009,"2009-08-07",100,7,49.405,-116.151,500.4
2009,"2009-08-07",500,7,49.29,-115.868,831.6
2009,"2009-08-07",100,8,49.401,-115.819,538.1
2009,"2009-08-07",500,8,49.24,-115.492,871.6
2009,"2009-08-07",100,9,49.403,-115.456,578.6
2009,"2009-08-07",500,9,49.19,-115.05,920.8
2009,"2009-08-07",100,10,49.406,-115.064,658.8
2009,"2009-08-07",500,10,49.172,-114.653,970.4
2009,"2009-08-07",100,11,49.437,-114.641,746.1
2009,"2009-08-07",500,11,49.205,-114.324,1033.9
2009,"2009-08-07",100,12,49.502,-114.312,813.6
2009,"2009-08-07",500,12,49.282,-114.058,1088.4
2009,"2009-08-08",100,0,49.168,-116.696,100
2009,"2009-08-08",500,0,49.168,-116.696,500
2009,"2009-08-08",100,1,49.107,-116.882,76.5
2009,"2009-08-08",500,1,49.118,-116.895,437.6
2009,"2009-08-08",100,2,49.044,-117.056,62.6
2009,"2009-08-08",500,2,49.058,-117.059,394.4
2009,"2009-08-08",100,3,48.978,-117.205,55.2
2009,"2009-08-08",500,3,48.983,-117.187,362.2
2009,"2009-08-08",100,4,48.914,-117.313,52
2009,"2009-08-08",500,4,48.908,-117.287,333.9
2009,"2009-08-08",100,5,48.867,-117.376,52
2009,"2009-08-08",500,5,48.859,-117.365,311.6
2009,"2009-08-08",100,6,48.847,-117.403,55.9
2009,"2009-08-08",500,6,48.838,-117.422,299.6
2009,"2009-08-08",100,7,48.835,-117.421,56.8
2009,"2009-08-08",500,7,48.833,-117.472,283.9
2009,"2009-08-08",100,8,48.812,-117.44,48
2009,"2009-08-08",500,8,48.823,-117.526,250.2
2009,"2009-08-08",100,9,48.769,-117.449,34.1
2009,"2009-08-08",500,9,48.807,-117.584,201.5
2009,"2009-08-08",100,10,48.708,-117.438,23.6
2009,"2009-08-08",500,10,48.783,-117.637,157.5
2009,"2009-08-08",100,11,48.637,-117.403,17.4
2009,"2009-08-08",500,11,48.754,-117.675,131.1
2009,"2009-08-08",100,12,48.557,-117.36,13.4
2009,"2009-08-08",500,12,48.722,-117.694,118.7
2009,"2009-08-09",100,0,49.168,-116.696,100
2009,"2009-08-09",500,0,49.168,-116.696,500
2009,"2009-08-09",100,1,49.085,-116.816,69.5
2009,"2009-08-09",500,1,49.081,-116.831,442.5
2009,"2009-08-09",100,2,49,-116.936,50.4
2009,"2009-08-09",500,2,49.004,-116.946,394.1
2009,"2009-08-09",100,3,48.917,-117.055,36.5
2009,"2009-08-09",500,3,48.938,-117.037,350.4
2009,"2009-08-09",100,4,48.838,-117.153,24
2009,"2009-08-09",500,4,48.879,-117.12,302.9
2009,"2009-08-09",100,5,48.768,-117.217,13.5
2009,"2009-08-09",500,5,48.824,-117.206,244.9
2009,"2009-08-09",100,6,48.716,-117.252,4.1
2009,"2009-08-09",500,6,48.777,-117.291,181.1
2009,"2009-08-09",100,7,48.677,-117.271,0
2009,"2009-08-09",500,7,48.739,-117.357,123.2
2009,"2009-08-09",100,8,48.641,-117.282,0
2009,"2009-08-09",500,8,48.714,-117.387,81
2009,"2009-08-09",100,9,48.606,-117.287,0
2009,"2009-08-09",500,9,48.698,-117.388,52.9
2009,"2009-08-09",100,10,48.563,-117.301,0
2009,"2009-08-09",500,10,48.68,-117.391,33.3
2009,"2009-08-09",100,11,48.501,-117.329,0
2009,"2009-08-09",500,11,48.65,-117.41,18.5
2009,"2009-08-09",100,12,48.417,-117.367,0
2009,"2009-08-09",500,12,48.609,-117.442,7.9
2009,"2009-08-10",100,0,49.168,-116.696,100
2009,"2009-08-10",500,0,49.168,-116.696,500
2009,"2009-08-10",100,1,49.005,-116.935,103.7
2009,"2009-08-10",500,1,48.993,-116.957,481.7
2009,"2009-08-10",100,2,48.844,-117.131,116.3
2009,"2009-08-10",500,2,48.822,-117.17,462.4
2009,"2009-08-10",100,3,48.683,-117.272,117.9
2009,"2009-08-10",500,3,48.664,-117.326,405.6
2009,"2009-08-10",100,4,48.534,-117.349,111.7
2009,"2009-08-10",500,4,48.523,-117.427,341.7
2009,"2009-08-10",100,5,48.428,-117.369,116.3
2009,"2009-08-10",500,5,48.399,-117.489,303.4
2009,"2009-08-10",100,6,48.369,-117.331,130.6
2009,"2009-08-10",500,6,48.279,-117.551,288.9
2009,"2009-08-10",100,7,48.304,-117.283,143.9
2009,"2009-08-10",500,7,48.153,-117.634,282.8
2009,"2009-08-10",100,8,48.179,-117.28,150
2009,"2009-08-10",500,8,48.009,-117.718,280.1
2009,"2009-08-10",100,9,48.004,-117.354,146
2009,"2009-08-10",500,9,47.837,-117.834,275.8
2009,"2009-08-10",100,10,47.819,-117.457,147.9
2009,"2009-08-10",500,10,47.681,-118.026,267.3
2009,"2009-08-10",100,11,47.647,-117.576,156.8
2009,"2009-08-10",500,11,47.567,-118.232,260.4
2009,"2009-08-10",100,12,47.492,-117.737,162.4
2009,"2009-08-10",500,12,47.47,-118.433,261.4
2009,"2009-08-11",100,0,49.168,-116.696,100
2009,"2009-08-11",500,0,49.168,-116.696,500
2009,"2009-08-11",100,1,49.031,-116.962,81.4
2009,"2009-08-11",500,1,49.011,-116.968,452.7
2009,"2009-08-11",100,2,48.889,-117.193,59.4
2009,"2009-08-11",500,2,48.866,-117.18,392.9
2009,"2009-08-11",100,3,48.747,-117.382,37.9
2009,"2009-08-11",500,3,48.731,-117.337,301
2009,"2009-08-11",100,4,48.622,-117.516,26.3
2009,"2009-08-11",500,4,48.614,-117.456,215
2009,"2009-08-11",100,5,48.53,-117.59,24.9
2009,"2009-08-11",500,5,48.529,-117.54,170.3
2009,"2009-08-11",100,6,48.467,-117.603,28.9
2009,"2009-08-11",500,6,48.478,-117.589,162.3
2009,"2009-08-11",100,7,48.411,-117.599,35.3
2009,"2009-08-11",500,7,48.428,-117.643,167.3
2009,"2009-08-11",100,8,48.338,-117.624,42.9
2009,"2009-08-11",500,8,48.346,-117.75,182
2009,"2009-08-11",100,9,48.241,-117.694,56
2009,"2009-08-11",500,9,48.228,-117.943,212.9
2009,"2009-08-11",100,10,48.133,-117.828,82.2
2009,"2009-08-11",500,10,48.113,-118.195,258.2
2009,"2009-08-11",100,11,48.058,-118.015,117.1
2009,"2009-08-11",500,11,48.038,-118.495,300.4
2009,"2009-08-11",100,12,48.026,-118.247,154.2
2009,"2009-08-11",500,12,48.001,-118.836,320.5
2009,"2009-08-12",100,0,49.168,-116.696,100
2009,"2009-08-12",500,0,49.168,-116.696,500
2009,"2009-08-12",100,1,49.088,-116.848,66.9
2009,"2009-08-12",500,1,49.081,-116.842,417.3
2009,"2009-08-12",100,2,49.014,-116.987,52.8
2009,"2009-08-12",500,2,49.016,-116.964,368.9
2009,"2009-08-12",100,3,48.95,-117.106,52.3
2009,"2009-08-12",500,3,48.973,-117.071,353.4
2009,"2009-08-12",100,4,48.904,-117.192,54.8
2009,"2009-08-12",500,4,48.946,-117.157,346.8
2009,"2009-08-12",100,5,48.873,-117.241,47.7
2009,"2009-08-12",500,5,48.926,-117.208,325.8
2009,"2009-08-12",100,6,48.855,-117.257,33.7
2009,"2009-08-12",500,6,48.914,-117.224,292.3
2009,"2009-08-12",100,7,48.848,-117.281,22.9
2009,"2009-08-12",500,7,48.901,-117.261,260.3
2009,"2009-08-12",100,8,48.856,-117.345,17.9
2009,"2009-08-12",500,8,48.88,-117.367,242.4
2009,"2009-08-12",100,9,48.885,-117.441,16
2009,"2009-08-12",500,9,48.85,-117.538,237.5
2009,"2009-08-12",100,10,48.927,-117.542,14.4
2009,"2009-08-12",500,10,48.829,-117.718,233.7
2009,"2009-08-12",100,11,48.969,-117.638,11.3
2009,"2009-08-12",500,11,48.83,-117.863,217.1
2009,"2009-08-12",100,12,49.013,-117.745,7.5
2009,"2009-08-12",500,12,48.858,-117.983,186.1
2009,"2009-08-13",100,0,49.168,-116.696,100
2009,"2009-08-13",500,0,49.168,-116.696,500
2009,"2009-08-13",100,1,49.107,-116.726,87
2009,"2009-08-13",500,1,49.096,-116.718,453.1
2009,"2009-08-13",100,2,49.055,-116.745,94.7
2009,"2009-08-13",500,2,49.034,-116.737,446.8
2009,"2009-08-13",100,3,49.01,-116.757,132
2009,"2009-08-13",500,3,48.983,-116.751,473.8
2009,"2009-08-13",100,4,48.969,-116.754,169.3
2009,"2009-08-13",500,4,48.938,-116.747,499.5
2009,"2009-08-13",100,5,48.933,-116.726,173.1
2009,"2009-08-13",500,5,48.894,-116.715,492.2
2009,"2009-08-13",100,6,48.901,-116.677,142.9
2009,"2009-08-13",500,6,48.852,-116.66,451
2009,"2009-08-13",100,7,48.88,-116.605,113.2
2009,"2009-08-13",500,7,48.817,-116.591,406.4
2009,"2009-08-13",100,8,48.874,-116.501,112.9
2009,"2009-08-13",500,8,48.795,-116.507,389.3
2009,"2009-08-13",100,9,48.877,-116.361,141.6
2009,"2009-08-13",500,9,48.782,-116.404,398.3
2009,"2009-08-13",100,10,48.856,-116.239,175.5
2009,"2009-08-13",500,10,48.756,-116.333,408.9
2009,"2009-08-13",100,11,48.788,-116.18,193.1
2009,"2009-08-13",500,11,48.69,-116.342,399.5
2009,"2009-08-13",100,12,48.674,-116.183,198.6
2009,"2009-08-13",500,12,48.583,-116.432,377.7
2009,"2009-08-14",100,0,49.168,-116.696,100
2009,"2009-08-14",500,0,49.168,-116.696,500
2009,"2009-08-14",100,1,49.091,-116.866,67.9
2009,"2009-08-14",500,1,49.086,-116.857,415.4
2009,"2009-08-14",100,2,49.006,-117.014,46.5
2009,"2009-08-14",500,2,49.013,-116.993,351.6
2009,"2009-08-14",100,3,48.917,-117.133,31.5
2009,"2009-08-14",500,3,48.944,-117.111,300.8
2009,"2009-08-14",100,4,48.837,-117.227,17.4
2009,"2009-08-14",500,4,48.885,-117.208,243.2
2009,"2009-08-14",100,5,48.782,-117.303,5
2009,"2009-08-14",500,5,48.844,-117.276,166.2
2009,"2009-08-14",100,6,48.754,-117.359,0
2009,"2009-08-14",500,6,48.821,-117.317,83.9
2009,"2009-08-14",100,7,48.756,-117.411,0
2009,"2009-08-14",500,7,48.816,-117.358,37.8
2009,"2009-08-14",100,8,48.792,-117.473,0
2009,"2009-08-14",500,8,48.836,-117.409,17.2
2009,"2009-08-14",100,9,48.857,-117.545,0
2009,"2009-08-14",500,9,48.893,-117.478,12.7
2009,"2009-08-14",100,10,48.933,-117.61,0
2009,"2009-08-14",500,10,48.964,-117.543,11.5
2009,"2009-08-14",100,11,49.003,-117.666,0
2009,"2009-08-14",500,11,49.03,-117.599,9.2
2009,"2009-08-14",100,12,49.074,-117.72,0
2009,"2009-08-14",500,12,49.096,-117.653,6.4
2009,"2009-08-15",100,0,49.168,-116.696,100
2009,"2009-08-15",500,0,49.168,-116.696,500
2009,"2009-08-15",100,1,49.248,-116.938,94
2009,"2009-08-15",500,1,49.268,-116.965,499.2
2009,"2009-08-15",100,2,49.341,-117.188,90.1
2009,"2009-08-15",500,2,49.384,-117.238,527.2
2009,"2009-08-15",100,3,49.445,-117.431,97.3
2009,"2009-08-15",500,3,49.523,-117.498,599.5
2009,"2009-08-15",100,4,49.558,-117.639,104.8
2009,"2009-08-15",500,4,49.717,-117.729,669.3
2009,"2009-08-15",100,5,49.669,-117.798,106.1
2009,"2009-08-15",500,5,49.939,-117.915,670.3
2009,"2009-08-15",100,6,49.776,-117.916,102.8
2009,"2009-08-15",500,6,50.133,-118.07,565.7
2009,"2009-08-15",100,7,49.887,-118.03,93.4
2009,"2009-08-15",500,7,50.333,-118.273,483.9
2009,"2009-08-15",100,8,50.005,-118.18,80.3
2009,"2009-08-15",500,8,50.481,-118.531,421.7
2009,"2009-08-15",100,9,50.113,-118.375,66.8
2009,"2009-08-15",500,9,50.531,-118.834,349.5
2009,"2009-08-15",100,10,50.204,-118.59,51.9
2009,"2009-08-15",500,10,50.559,-119.185,300
2009,"2009-08-15",100,11,50.285,-118.809,37.9
2009,"2009-08-15",500,11,50.644,-119.513,294.3
2009,"2009-08-15",100,12,50.353,-119.024,29.9
2009,"2009-08-15",500,12,50.779,-119.79,326.8
2010,"2010-07-01",100,0,49.168,-116.696,100
2010,"2010-07-01",500,0,49.168,-116.696,500
2010,"2010-07-01",100,1,49.073,-116.789,97.1
2010,"2010-07-01",500,1,49.063,-116.812,508
2010,"2010-07-01",100,2,48.98,-116.885,86
2010,"2010-07-01",500,2,48.962,-116.92,503.5
2010,"2010-07-01",100,3,48.888,-116.983,63
2010,"2010-07-01",500,3,48.863,-117.027,478.3
2010,"2010-07-01",100,4,48.799,-117.055,40.2
2010,"2010-07-01",500,4,48.765,-117.12,439.1
2010,"2010-07-01",100,5,48.727,-117.082,26.4
2010,"2010-07-01",500,5,48.669,-117.183,398.2
2010,"2010-07-01",100,6,48.677,-117.073,19.7
2010,"2010-07-01",500,6,48.579,-117.213,363.6
2010,"2010-07-01",100,7,48.639,-117.043,15.6
2010,"2010-07-01",500,7,48.494,-117.215,336.2
2010,"2010-07-01",100,8,48.603,-116.996,11.5
2010,"2010-07-01",500,8,48.42,-117.201,310.9
2010,"2010-07-01",100,9,48.567,-116.933,7.8
2010,"2010-07-01",500,9,48.356,-117.177,285.9
2010,"2010-07-01",100,10,48.528,-116.881,1.2
2010,"2010-07-01",500,10,48.3,-117.163,253.9
2010,"2010-07-01",100,11,48.485,-116.873,0
2010,"2010-07-01",500,11,48.246,-117.172,207.6
2010,"2010-07-01",100,12,48.438,-116.914,0
2010,"2010-07-01",500,12,48.191,-117.196,150.5
2010,"2010-07-02",100,0,49.168,-116.696,100
2010,"2010-07-02",500,0,49.168,-116.696,500
2010,"2010-07-02",100,1,49.059,-116.904,48.4
2010,"2010-07-02",500,1,49.058,-116.938,391.6
2010,"2010-07-02",100,2,48.955,-117.104,22.8
2010,"2010-07-02",500,2,48.97,-117.148,319.3
2010,"2010-07-02",100,3,48.856,-117.266,14.8
2010,"2010-07-02",500,3,48.892,-117.314,271.3
2010,"2010-07-02",100,4,48.748,-117.365,12.2
2010,"2010-07-02",500,4,48.818,-117.444,217.4
2010,"2010-07-02",100,5,48.623,-117.406,7.6
2010,"2010-07-02",500,5,48.743,-117.548,153.3
2010,"2010-07-02",100,6,48.489,-117.418,1.7
2010,"2010-07-02",500,6,48.66,-117.63,98.4
2010,"2010-07-02",100,7,48.357,-117.44,0
2010,"2010-07-02",500,7,48.558,-117.686,66.9
2010,"2010-07-02",100,8,48.234,-117.488,0
2010,"2010-07-02",500,8,48.417,-117.747,57.5
2010,"2010-07-02",100,9,48.12,-117.547,0
2010,"2010-07-02",500,9,48.229,-117.844,61
2010,"2010-07-02",100,10,48.014,-117.609,0.3
2010,"2010-07-02",500,10,48.059,-117.933,65.1
2010,"2010-07-02",100,11,47.914,-117.673,1.5
2010,"2010-07-02",500,11,47.927,-117.99,66.1
2010,"2010-07-02",100,12,47.818,-117.732,4.4
2010,"2010-07-02",500,12,47.819,-118.014,67.7
2010,"2010-07-03",100,0,49.168,-116.696,100
2010,"2010-07-03",500,0,49.168,-116.696,500
2010,"2010-07-03",100,1,49.19,-116.927,71.1
2010,"2010-07-03",500,1,49.205,-116.955,452.2
2010,"2010-07-03",100,2,49.217,-117.124,54.7
2010,"2010-07-03",500,2,49.239,-117.158,423.5
2010,"2010-07-03",100,3,49.255,-117.292,50.1
2010,"2010-07-03",500,3,49.277,-117.317,419.6
2010,"2010-07-03",100,4,49.309,-117.441,56
2010,"2010-07-03",500,4,49.339,-117.463,443.5
2010,"2010-07-03",100,5,49.384,-117.585,73
2010,"2010-07-03",500,5,49.437,-117.612,503.7
2010,"2010-07-03",100,6,49.477,-117.727,109.6
2010,"2010-07-03",500,6,49.571,-117.782,598.3
2010,"2010-07-03",100,7,49.58,-117.852,154.5
2010,"2010-07-03",500,7,49.726,-117.952,672.4
2010,"2010-07-03",100,8,49.687,-117.935,179.6
2010,"2010-07-03",500,8,49.879,-118.074,670.8
2010,"2010-07-03",100,9,49.791,-117.976,176.1
2010,"2010-07-03",500,9,50.027,-118.18,572.2
2010,"2010-07-03",100,10,49.889,-118.045,152.2
2010,"2010-07-03",500,10,50.141,-118.331,464.7
2010,"2010-07-03",100,11,49.974,-118.198,123.9
2010,"2010-07-03",500,11,50.235,-118.594,382.9
2010,"2010-07-03",100,12,50.047,-118.428,95.8
2010,"2010-07-03",500,12,50.289,-118.925,308
2010,"2010-07-04",100,0,49.168,-116.696,100
2010,"2010-07-04",500,0,49.168,-116.696,500
2010,"2010-07-04",100,1,49.125,-117.014,79.9
2010,"2010-07-04",500,1,49.11,-117.066,454.6
2010,"2010-07-04",100,2,49.082,-117.296,54.3
2010,"2010-07-04",500,2,49.059,-117.369,385.4
2010,"2010-07-04",100,3,49.043,-117.523,33.2
2010,"2010-07-04",500,3,49.018,-117.612,298.6
2010,"2010-07-04",100,4,49.008,-117.693,21.2
2010,"2010-07-04",500,4,48.991,-117.805,231.4
2010,"2010-07-04",100,5,48.988,-117.822,17.4
2010,"2010-07-04",500,5,48.985,-117.966,200.4
2010,"2010-07-04",100,6,48.978,-117.916,18.5
2010,"2010-07-04",500,6,48.985,-118.109,193.8
2010,"2010-07-04",100,7,48.975,-117.997,20.8
2010,"2010-07-04",500,7,48.98,-118.236,194.5
2010,"2010-07-04",100,8,48.977,-118.083,20.6
2010,"2010-07-04",500,8,48.963,-118.331,190.5
2010,"2010-07-04",100,9,48.982,-118.17,18
2010,"2010-07-04",500,9,48.933,-118.392,183
2010,"2010-07-04",100,10,48.994,-118.26,15.1
2010,"2010-07-04",500,10,48.91,-118.438,175.1
2010,"2010-07-04",100,11,49.016,-118.351,13.3
2010,"2010-07-04",500,11,48.912,-118.487,170.3
2010,"2010-07-04",100,12,49.047,-118.438,12.5
2010,"2010-07-04",500,12,48.94,-118.541,169.8
2010,"2010-07-05",100,0,49.168,-116.696,100
2010,"2010-07-05",500,0,49.168,-116.696,500
2010,"2010-07-05",100,1,49.309,-116.898,107.8
2010,"2010-07-05",500,1,49.331,-116.917,548.7
2010,"2010-07-05",100,2,49.436,-117.053,134.6
2010,"2010-07-05",500,2,49.492,-117.091,637.9
2010,"2010-07-05",100,3,49.558,-117.164,196.3
2010,"2010-07-05",500,3,49.681,-117.241,760.2
2010,"2010-07-05",100,4,49.676,-117.274,261.1
2010,"2010-07-05",500,4,49.909,-117.432,836.8
2010,"2010-07-05",100,5,49.802,-117.421,285
2010,"2010-07-05",500,5,50.099,-117.684,752.4
2010,"2010-07-05",100,6,49.923,-117.618,247.3
2010,"2010-07-05",500,6,50.257,-117.971,581.7
2010,"2010-07-05",100,7,50.032,-117.811,161.1
2010,"2010-07-05",500,7,50.432,-118.311,439.9
2010,"2010-07-05",100,8,50.135,-117.997,92
2010,"2010-07-05",500,8,50.57,-118.612,313
2010,"2010-07-05",100,9,50.226,-118.175,53.5
2010,"2010-07-05",500,9,50.659,-118.829,200.8
2010,"2010-07-05",100,10,50.298,-118.353,32.6
2010,"2010-07-05",500,10,50.755,-119.004,130.3
2010,"2010-07-05",100,11,50.35,-118.543,21
2010,"2010-07-05",500,11,50.842,-119.188,107.4
2010,"2010-07-05",100,12,50.391,-118.749,14.9
2010,"2010-07-05",500,12,50.912,-119.388,122
2010,"2010-07-06",100,0,49.168,-116.696,100
2010,"2010-07-06",500,0,49.168,-116.696,500
2010,"2010-07-06",100,1,49.218,-116.848,77.6
2010,"2010-07-06",500,1,49.226,-116.853,462.7
2010,"2010-07-06",100,2,49.281,-116.983,70.9
2010,"2010-07-06",500,2,49.289,-116.985,448.5
2010,"2010-07-06",100,3,49.347,-117.097,79.4
2010,"2010-07-06",500,3,49.354,-117.093,466
2010,"2010-07-06",100,4,49.409,-117.179,98.3
2010,"2010-07-06",500,4,49.43,-117.165,507.6
2010,"2010-07-06",100,5,49.465,-117.223,119.8
2010,"2010-07-06",500,5,49.522,-117.193,563.1
2010,"2010-07-06",100,6,49.521,-117.229,142.9
2010,"2010-07-06",500,6,49.618,-117.189,617.4
2010,"2010-07-06",100,7,49.587,-117.216,167.6
2010,"2010-07-06",500,7,49.723,-117.172,667.3
2010,"2010-07-06",100,8,49.676,-117.216,192.4
2010,"2010-07-06",500,8,49.844,-117.154,716.4
2010,"2010-07-06",100,9,49.805,-117.265,211.1
2010,"2010-07-06",500,9,49.973,-117.152,745.8
2010,"2010-07-06",100,10,49.924,-117.369,207.9
2010,"2010-07-06",500,10,50.114,-117.234,730.1
2010,"2010-07-06",100,11,50.018,-117.494,187.6
2010,"2010-07-06",500,11,50.262,-117.427,661.1
2010,"2010-07-06",100,12,50.114,-117.646,155.7
2010,"2010-07-06",500,12,50.43,-117.659,600
2010,"2010-07-07",100,0,49.168,-116.696,100
2010,"2010-07-07",500,0,49.168,-116.696,500
2010,"2010-07-07",100,1,49.164,-116.718,88.4
2010,"2010-07-07",500,1,49.166,-116.721,486.5
2010,"2010-07-07",100,2,49.15,-116.742,91.3
2010,"2010-07-07",500,2,49.149,-116.75,489.9
2010,"2010-07-07",100,3,49.127,-116.769,107.9
2010,"2010-07-07",500,3,49.118,-116.783,510.4
2010,"2010-07-07",100,4,49.105,-116.784,129.5
2010,"2010-07-07",500,4,49.081,-116.784,537
2010,"2010-07-07",100,5,49.097,-116.766,146.2
2010,"2010-07-07",500,5,49.046,-116.724,558.3
2010,"2010-07-07",100,6,49.103,-116.712,157.9
2010,"2010-07-07",500,6,49.013,-116.609,573.2
2010,"2010-07-07",100,7,49.125,-116.637,163.9
2010,"2010-07-07",500,7,48.998,-116.474,582.8
2010,"2010-07-07",100,8,49.165,-116.557,164.5
2010,"2010-07-07",500,8,49.01,-116.343,593.4
2010,"2010-07-07",100,9,49.223,-116.47,159.4
2010,"2010-07-07",500,9,49.046,-116.214,607.5
2010,"2010-07-07",100,10,49.293,-116.398,164.7
2010,"2010-07-07",500,10,49.107,-116.11,640.2
2010,"2010-07-07",100,11,49.378,-116.371,198.3
2010,"2010-07-07",500,11,49.194,-116.052,704.1
2010,"2010-07-07",100,12,49.481,-116.398,262.7
2010,"2010-07-07",500,12,49.3,-116.039,796.2
2010,"2010-07-08",100,0,49.168,-116.696,100
2010,"2010-07-08",500,0,49.168,-116.696,500
2010,"2010-07-08",100,1,49.113,-116.7,63.1
2010,"2010-07-08",500,1,49.107,-116.699,446.8
2010,"2010-07-08",100,2,49.059,-116.688,41.9
2010,"2010-07-08",500,2,49.037,-116.679,399.4
2010,"2010-07-08",100,3,49.013,-116.661,30
2010,"2010-07-08",500,3,48.96,-116.638,354.6
2010,"2010-07-08",100,4,48.983,-116.621,22.3
2010,"2010-07-08",500,4,48.885,-116.584,303.7
2010,"2010-07-08",100,5,48.976,-116.565,16.1
2010,"2010-07-08",500,5,48.831,-116.533,242
2010,"2010-07-08",100,6,48.993,-116.491,11.2
2010,"2010-07-08",500,6,48.812,-116.494,175.4
2010,"2010-07-08",100,7,49.02,-116.41,7
2010,"2010-07-08",500,7,48.817,-116.439,116.3
2010,"2010-07-08",100,8,49.039,-116.337,3.1
2010,"2010-07-08",500,8,48.828,-116.345,74.4
2010,"2010-07-08",100,9,49.053,-116.269,0
2010,"2010-07-08",500,9,48.834,-116.227,46.4
2010,"2010-07-08",100,10,49.059,-116.202,0
2010,"2010-07-08",500,10,48.834,-116.115,29.1
2010,"2010-07-08",100,11,49.051,-116.131,0
2010,"2010-07-08",500,11,48.821,-116.028,19.5
2010,"2010-07-08",100,12,49.027,-116.063,0
2010,"2010-07-08",500,12,48.788,-115.953,14.3
2010,"2010-07-09",100,0,49.168,-116.696,100
2010,"2010-07-09",500,0,49.168,-116.696,500
2010,"2010-07-09",100,1,49.113,-116.843,86.4
2010,"2010-07-09",500,1,49.113,-116.857,468.2
2010,"2010-07-09",100,2,49.054,-116.973,83.5
2010,"2010-07-09",500,2,49.05,-116.999,458
2010,"2010-07-09",100,3,48.994,-117.085,92.1
2010,"2010-07-09",500,3,48.984,-117.129,467.5
2010,"2010-07-09",100,4,48.936,-117.174,107.5
2010,"2010-07-09",500,4,48.928,-117.255,481.5
2010,"2010-07-09",100,5,48.891,-117.237,120
2010,"2010-07-09",500,5,48.889,-117.37,486
2010,"2010-07-09",100,6,48.861,-117.276,128.5
2010,"2010-07-09",500,6,48.866,-117.464,481.7
2010,"2010-07-09",100,7,48.836,-117.298,135.3
2010,"2010-07-09",500,7,48.848,-117.537,473.8
2010,"2010-07-09",100,8,48.806,-117.306,142.8
2010,"2010-07-09",500,8,48.827,-117.592,466.5
2010,"2010-07-09",100,9,48.771,-117.301,151.1
2010,"2010-07-09",500,9,48.803,-117.63,459.7
2010,"2010-07-09",100,10,48.738,-117.301,143.9
2010,"2010-07-09",500,10,48.778,-117.665,436.3
2010,"2010-07-09",100,11,48.716,-117.32,106.4
2010,"2010-07-09",500,11,48.758,-117.702,381.3
2010,"2010-07-09",100,12,48.701,-117.348,48.4
2010,"2010-07-09",500,12,48.748,-117.738,297.6
2010,"2010-07-10",100,0,49.168,-116.696,100
2010,"2010-07-10",500,0,49.168,-116.696,500
2010,"2010-07-10",100,1,49.17,-116.899,81
2010,"2010-07-10",500,1,49.164,-116.912,457
2010,"2010-07-10",100,2,49.17,-117.067,67.7
2010,"2010-07-10",500,2,49.15,-117.08,423.1
2010,"2010-07-10",100,3,49.176,-117.2,60.7
2010,"2010-07-10",500,3,49.127,-117.209,400.2
2010,"2010-07-10",100,4,49.196,-117.307,57.9
2010,"2010-07-10",500,4,49.113,-117.313,383.8
2010,"2010-07-10",100,5,49.228,-117.395,57.1
2010,"2010-07-10",500,5,49.122,-117.402,371.5
2010,"2010-07-10",100,6,49.263,-117.468,58
2010,"2010-07-10",500,6,49.152,-117.478,364
2010,"2010-07-10",100,7,49.305,-117.526,62.7
2010,"2010-07-10",500,7,49.202,-117.538,369
2010,"2010-07-10",100,8,49.361,-117.57,77
2010,"2010-07-10",500,8,49.27,-117.579,397.5
2010,"2010-07-10",100,9,49.432,-117.592,111.5
2010,"2010-07-10",500,9,49.358,-117.604,454.3
2010,"2010-07-10",100,10,49.518,-117.627,156.1
2010,"2010-07-10",500,10,49.456,-117.65,518.1
2010,"2010-07-10",100,11,49.608,-117.724,178.9
2010,"2010-07-10",500,11,49.558,-117.76,554.5
2010,"2010-07-10",100,12,49.697,-117.883,180.4
2010,"2010-07-10",500,12,49.661,-117.944,553.6
2010,"2010-07-11",100,0,49.168,-116.696,100
2010,"2010-07-11",500,0,49.168,-116.696,500
2010,"2010-07-11",100,1,49.134,-116.899,73.5
2010,"2010-07-11",500,1,49.141,-116.917,448.1
2010,"2010-07-11",100,2,49.105,-117.082,46.9
2010,"2010-07-11",500,2,49.111,-117.099,393
2010,"2010-07-11",100,3,49.087,-117.238,28.5
2010,"2010-07-11",500,3,49.08,-117.243,335.7
2010,"2010-07-11",100,4,49.085,-117.351,19.3
2010,"2010-07-11",500,4,49.061,-117.347,291.3
2010,"2010-07-11",100,5,49.101,-117.422,16.5
2010,"2010-07-11",500,5,49.066,-117.41,275.5
2010,"2010-07-11",100,6,49.134,-117.459,17.5
2010,"2010-07-11",500,6,49.093,-117.437,288.2
2010,"2010-07-11",100,7,49.184,-117.473,19.8
2010,"2010-07-11",500,7,49.143,-117.434,313.9
2010,"2010-07-11",100,8,49.25,-117.473,21.4
2010,"2010-07-11",500,8,49.216,-117.405,335.1
2010,"2010-07-11",100,9,49.334,-117.466,21.9
2010,"2010-07-11",500,9,49.312,-117.351,351.8
2010,"2010-07-11",100,10,49.429,-117.46,23.1
2010,"2010-07-11",500,10,49.422,-117.291,373.6
2010,"2010-07-11",100,11,49.524,-117.463,28.5
2010,"2010-07-11",500,11,49.536,-117.244,408.5
2010,"2010-07-11",100,12,49.62,-117.475,38.4
2010,"2010-07-11",500,12,49.653,-117.22,444.8
2010,"2010-07-12",100,0,49.168,-116.696,100
2010,"2010-07-12",500,0,49.168,-116.696,500
2010,"2010-07-12",100,1,49.115,-117.191,62.8
2010,"2010-07-12",500,1,49.104,-117.239,368.1
2010,"2010-07-12",100,2,49.084,-117.62,35
2010,"2010-07-12",500,2,49.07,-117.646,233.5
2010,"2010-07-12",100,3,49.071,-117.999,21.2
2010,"2010-07-12",500,3,49.056,-117.934,149.1
2010,"2010-07-12",100,4,49.057,-118.34,15.9
2010,"2010-07-12",500,4,49.046,-118.188,102.7
2010,"2010-07-12",100,5,49.028,-118.611,9.6
2010,"2010-07-12",500,5,49.023,-118.43,78.5
2010,"2010-07-12",100,6,48.987,-118.799,0
2010,"2010-07-12",500,6,48.992,-118.638,45.5
2010,"2010-07-12",100,7,48.939,-118.929,0
2010,"2010-07-12",500,7,48.954,-118.791,17.1
2010,"2010-07-12",100,8,48.894,-119.024,0
2010,"2010-07-12",500,8,48.917,-118.898,2.4
2010,"2010-07-12",100,9,48.853,-119.089,0
2010,"2010-07-12",500,9,48.88,-118.969,0
2010,"2010-07-12",100,10,48.82,-119.151,0
2010,"2010-07-12",500,10,48.851,-119.037,0
2010,"2010-07-12",100,11,48.799,-119.232,1.5
2010,"2010-07-12",500,11,48.834,-119.124,2
2010,"2010-07-12",100,12,48.794,-119.345,4.3
2010,"2010-07-12",500,12,48.828,-119.23,5.4
2010,"2010-07-13",100,0,49.168,-116.696,100
2010,"2010-07-13",500,0,49.168,-116.696,500
2010,"2010-07-13",100,1,49.217,-117.082,78.7
2010,"2010-07-13",500,1,49.227,-117.173,475.5
2010,"2010-07-13",100,2,49.275,-117.456,58.4
2010,"2010-07-13",500,2,49.276,-117.606,455.5
2010,"2010-07-13",100,3,49.35,-117.827,51.9
2010,"2010-07-13",500,3,49.348,-118.023,449.2
2010,"2010-07-13",100,4,49.43,-118.196,51.4
2010,"2010-07-13",500,4,49.468,-118.454,455.5
2010,"2010-07-13",100,5,49.531,-118.539,54.9
2010,"2010-07-13",500,5,49.652,-118.912,464.1
2010,"2010-07-13",100,6,49.652,-118.879,57.7
2010,"2010-07-13",500,6,49.863,-119.399,431.8
2010,"2010-07-13",100,7,49.767,-119.217,52.4
2010,"2010-07-13",500,7,50.057,-119.845,378.9
2010,"2010-07-13",100,8,49.849,-119.511,40.1
2010,"2010-07-13",500,8,50.201,-120.175,311.7
2010,"2010-07-13",100,9,49.914,-119.766,28.2
2010,"2010-07-13",500,9,50.309,-120.399,247.9
2010,"2010-07-13",100,10,49.978,-120.005,20.7
2010,"2010-07-13",500,10,50.395,-120.589,207.7
2010,"2010-07-13",100,11,50.022,-120.225,17.3
2010,"2010-07-13",500,11,50.5,-120.793,203.7
2010,"2010-07-13",100,12,50.036,-120.408,17.4
2010,"2010-07-13",500,12,50.669,-120.992,229.9
2010,"2010-07-14",100,0,49.168,-116.696,100
2010,"2010-07-14",500,0,49.168,-116.696,500
2010,"2010-07-14",100,1,49.132,-116.863,119.6
2010,"2010-07-14",500,1,49.144,-116.881,510.7
2010,"2010-07-14",100,2,49.106,-117.01,132.5
2010,"2010-07-14",500,2,49.132,-117.044,518.5
2010,"2010-07-14",100,3,49.089,-117.138,141
2010,"2010-07-14",500,3,49.131,-117.186,523.4
2010,"2010-07-14",100,4,49.083,-117.25,150.6
2010,"2010-07-14",500,4,49.147,-117.312,531.3
2010,"2010-07-14",100,5,49.083,-117.349,165.5
2010,"2010-07-14",500,5,49.185,-117.427,549.4
2010,"2010-07-14",100,6,49.089,-117.438,185.6
2010,"2010-07-14",500,6,49.246,-117.532,581.4
2010,"2010-07-14",100,7,49.109,-117.505,208.8
2010,"2010-07-14",500,7,49.347,-117.599,633.2
2010,"2010-07-14",100,8,49.16,-117.536,232.7
2010,"2010-07-14",500,8,49.492,-117.591,720.7
2010,"2010-07-14",100,9,49.24,-117.518,258.1
2010,"2010-07-14",500,9,49.659,-117.503,816.6
2010,"2010-07-14",100,10,49.366,-117.493,291.5
2010,"2010-07-14",500,10,49.849,-117.409,900.8
2010,"2010-07-14",100,11,49.534,-117.512,342.9
2010,"2010-07-14",500,11,50.059,-117.43,931.3
2010,"2010-07-14",100,12,49.766,-117.598,408
2010,"2010-07-14",500,12,50.279,-117.616,859.6
2010,"2010-07-15",100,0,49.168,-116.696,100
2010,"2010-07-15",500,0,49.168,-116.696,500
2010,"2010-07-15",100,1,49.043,-116.874,103.9
2010,"2010-07-15",500,1,49.031,-116.891,492.5
2010,"2010-07-15",100,2,48.927,-117.027,107.8
2010,"2010-07-15",500,2,48.903,-117.056,488.4
2010,"2010-07-15",100,3,48.824,-117.146,103.8
2010,"2010-07-15",500,3,48.79,-117.184,466.9
2010,"2010-07-15",100,4,48.734,-117.228,87.8
2010,"2010-07-15",500,4,48.695,-117.275,415.2
2010,"2010-07-15",100,5,48.656,-117.276,62.4
2010,"2010-07-15",500,5,48.614,-117.33,342
2010,"2010-07-15",100,6,48.594,-117.281,37.6
2010,"2010-07-15",500,6,48.549,-117.348,267.1
2010,"2010-07-15",100,7,48.538,-117.256,23.5
2010,"2010-07-15",500,7,48.488,-117.335,208.8
2010,"2010-07-15",100,8,48.47,-117.229,19.1
2010,"2010-07-15",500,8,48.417,-117.293,174.2
2010,"2010-07-15",100,9,48.387,-117.213,20.1
2010,"2010-07-15",500,9,48.328,-117.234,162.3
2010,"2010-07-15",100,10,48.297,-117.207,17.7
2010,"2010-07-15",500,10,48.229,-117.199,143.3
2010,"2010-07-15",100,11,48.211,-117.209,2.1
2010,"2010-07-15",500,11,48.139,-117.199,95.3
2010,"2010-07-15",100,12,48.132,-117.207,0
2010,"2010-07-15",500,12,48.062,-117.203,25.4
2010,"2010-07-16",100,0,49.168,-116.696,100
2010,"2010-07-16",500,0,49.168,-116.696,500
2010,"2010-07-16",100,1,49.153,-116.956,110.3
2010,"2010-07-16",500,1,49.153,-116.982,502.6
2010,"2010-07-16",100,2,49.142,-117.191,107.9
2010,"2010-07-16",500,2,49.141,-117.242,491
2010,"2010-07-16",100,3,49.152,-117.404,92.7
2010,"2010-07-16",500,3,49.143,-117.477,456.9
2010,"2010-07-16",100,4,49.196,-117.586,78.1
2010,"2010-07-16",500,4,49.181,-117.677,419.7
2010,"2010-07-16",100,5,49.259,-117.725,71.8
2010,"2010-07-16",500,5,49.266,-117.838,403.7
2010,"2010-07-16",100,6,49.319,-117.82,73.2
2010,"2010-07-16",500,6,49.38,-117.966,413.5
2010,"2010-07-16",100,7,49.382,-117.881,80.1
2010,"2010-07-16",500,7,49.507,-118.065,443.6
2010,"2010-07-16",100,8,49.456,-117.918,89
2010,"2010-07-16",500,8,49.637,-118.108,476.3
2010,"2010-07-16",100,9,49.551,-117.924,98.1
2010,"2010-07-16",500,9,49.764,-118.071,491.9
2010,"2010-07-16",100,10,49.652,-117.918,99.8
2010,"2010-07-16",500,10,49.865,-118.041,461.8
2010,"2010-07-16",100,11,49.741,-117.952,91.4
2010,"2010-07-16",500,11,49.944,-118.098,395.8
2010,"2010-07-16",100,12,49.811,-118.052,76.2
2010,"2010-07-16",500,12,50.001,-118.26,319.4
2010,"2010-07-17",100,0,49.168,-116.696,100
2010,"2010-07-17",500,0,49.168,-116.696,500
2010,"2010-07-17",100,1,49.155,-116.739,78.5
2010,"2010-07-17",500,1,49.15,-116.743,474.1
2010,"2010-07-17",100,2,49.155,-116.755,70.1
2010,"2010-07-17",500,2,49.145,-116.76,464.7
2010,"2010-07-17",100,3,49.17,-116.745,72.6
2010,"2010-07-17",500,3,49.155,-116.749,472.2
2010,"2010-07-17",100,4,49.197,-116.715,82
2010,"2010-07-17",500,4,49.181,-116.711,492.2
2010,"2010-07-17",100,5,49.232,-116.667,94.1
2010,"2010-07-17",500,5,49.227,-116.65,521.1
2010,"2010-07-17",100,6,49.279,-116.6,110.5
2010,"2010-07-17",500,6,49.296,-116.578,561.9
2010,"2010-07-17",100,7,49.331,-116.535,134.1
2010,"2010-07-17",500,7,49.381,-116.537,619.7
2010,"2010-07-17",100,8,49.381,-116.496,169.3
2010,"2010-07-17",500,8,49.477,-116.556,700.4
2010,"2010-07-17",100,9,49.43,-116.483,219.8
2010,"2010-07-17",500,9,49.583,-116.627,800
2010,"2010-07-17",100,10,49.494,-116.501,279.2
2010,"2010-07-17",500,10,49.708,-116.755,903.8
2010,"2010-07-17",100,11,49.589,-116.56,334.8
2010,"2010-07-17",500,11,49.855,-116.949,997.2
2010,"2010-07-17",100,12,49.715,-116.677,380.3
2010,"2010-07-17",500,12,50.018,-117.184,1050.2
2010,"2010-07-18",100,0,49.168,-116.696,100
2010,"2010-07-18",500,0,49.168,-116.696,500
2010,"2010-07-18",100,1,49.116,-116.813,77.4
2010,"2010-07-18",500,1,49.117,-116.804,439.4
2010,"2010-07-18",100,2,49.062,-116.909,66.8
2010,"2010-07-18",500,2,49.058,-116.881,402.4
2010,"2010-07-18",100,3,49.011,-116.982,64.8
2010,"2010-07-18",500,3,48.991,-116.929,382.6
2010,"2010-07-18",100,4,48.966,-117.026,66.5
2010,"2010-07-18",500,4,48.927,-116.955,370.7
2010,"2010-07-18",100,5,48.933,-117.037,67.9
2010,"2010-07-18",500,5,48.88,-116.962,360.3
2010,"2010-07-18",100,6,48.911,-117.017,69.2
2010,"2010-07-18",500,6,48.848,-116.952,350.2
2010,"2010-07-18",100,7,48.901,-116.978,71
2010,"2010-07-18",500,7,48.829,-116.921,340.6
2010,"2010-07-18",100,8,48.898,-116.927,74.4
2010,"2010-07-18",500,8,48.813,-116.866,332.1
2010,"2010-07-18",100,9,48.899,-116.861,79.5
2010,"2010-07-18",500,9,48.797,-116.793,325.3
2010,"2010-07-18",100,10,48.898,-116.805,85.6
2010,"2010-07-18",500,10,48.777,-116.744,319.9
2010,"2010-07-18",100,11,48.891,-116.783,92.3
2010,"2010-07-18",500,11,48.758,-116.746,315.4
2010,"2010-07-18",100,12,48.883,-116.795,100.3
2010,"2010-07-18",500,12,48.741,-116.79,312
2010,"2010-07-19",100,0,49.168,-116.696,100
2010,"2010-07-19",500,0,49.168,-116.696,500
2010,"2010-07-19",100,1,49.242,-116.908,71.5
2010,"2010-07-19",500,1,49.248,-116.93,456.9
2010,"2010-07-19",100,2,49.325,-117.083,54.9
2010,"2010-07-19",500,2,49.33,-117.12,432.2
2010,"2010-07-19",100,3,49.407,-117.222,48.5
2010,"2010-07-19",500,3,49.416,-117.268,434.9
2010,"2010-07-19",100,4,49.483,-117.33,46.5
2010,"2010-07-19",500,4,49.508,-117.377,464.7
2010,"2010-07-19",100,5,49.555,-117.413,45.3
2010,"2010-07-19",500,5,49.61,-117.457,507.4
2010,"2010-07-19",100,6,49.622,-117.478,44.6
2010,"2010-07-19",500,6,49.727,-117.517,551.9
2010,"2010-07-19",100,7,49.705,-117.52,45.6
2010,"2010-07-19",500,7,49.868,-117.565,580.5
2010,"2010-07-19",100,8,49.829,-117.532,46.3
2010,"2010-07-19",500,8,50.02,-117.625,527.2
2010,"2010-07-19",100,9,49.954,-117.566,38
2010,"2010-07-19",500,9,50.175,-117.707,397.2
2010,"2010-07-19",100,10,50.047,-117.671,24.5
2010,"2010-07-19",500,10,50.294,-117.852,280.9
2010,"2010-07-19",100,11,50.12,-117.824,14.7
2010,"2010-07-19",500,11,50.398,-118.069,202.4
2010,"2010-07-19",100,12,50.196,-117.983,8.9
2010,"2010-07-19",500,12,50.5,-118.332,135.8
2010,"2010-07-20",100,0,49.168,-116.696,100
2010,"2010-07-20",500,0,49.168,-116.696,500
2010,"2010-07-20",100,1,49.186,-116.753,142.3
2010,"2010-07-20",500,1,49.187,-116.762,544.1
2010,"2010-07-20",100,2,49.187,-116.811,185.3
2010,"2010-07-20",500,2,49.187,-116.833,586.2
2010,"2010-07-20",100,3,49.171,-116.871,229
2010,"2010-07-20",500,3,49.169,-116.909,626.4
2010,"2010-07-20",100,4,49.159,-116.918,265.9
2010,"2010-07-20",500,4,49.156,-116.97,659
2010,"2010-07-20",100,5,49.175,-116.938,288
2010,"2010-07-20",500,5,49.175,-116.997,678
2010,"2010-07-20",100,6,49.22,-116.928,296.7
2010,"2010-07-20",500,6,49.225,-116.99,685.2
2010,"2010-07-20",100,7,49.285,-116.912,309.7
2010,"2010-07-20",500,7,49.303,-116.966,699.3
2010,"2010-07-20",100,8,49.365,-116.909,344.1
2010,"2010-07-20",500,8,49.404,-116.94,736.7
2010,"2010-07-20",100,9,49.464,-116.914,400.6
2010,"2010-07-20",500,9,49.526,-116.898,796.2
2010,"2010-07-20",100,10,49.588,-116.936,469.6
2010,"2010-07-20",500,10,49.671,-116.848,863.3
2010,"2010-07-20",100,11,49.734,-116.992,537.2
2010,"2010-07-20",500,11,49.842,-116.81,926.5
2010,"2010-07-20",100,12,49.899,-117.085,594.1
2010,"2010-07-20",500,12,50.04,-116.795,988.2
2010,"2010-07-21",100,0,49.168,-116.696,100
2010,"2010-07-21",500,0,49.168,-116.696,500
2010,"2010-07-21",100,1,49.231,-116.744,96.5
2010,"2010-07-21",500,1,49.236,-116.744,502.5
2010,"2010-07-21",100,2,49.296,-116.795,101.3
2010,"2010-07-21",500,2,49.306,-116.79,518.4
2010,"2010-07-21",100,3,49.357,-116.851,118.3
2010,"2010-07-21",500,3,49.381,-116.829,550.2
2010,"2010-07-21",100,4,49.414,-116.898,148.7
2010,"2010-07-21",500,4,49.461,-116.842,595.7
2010,"2010-07-21",100,5,49.478,-116.923,190.4
2010,"2010-07-21",500,5,49.542,-116.81,650.5
2010,"2010-07-21",100,6,49.552,-116.918,243.4
2010,"2010-07-21",500,6,49.613,-116.735,713.8
2010,"2010-07-21",100,7,49.634,-116.864,301.4
2010,"2010-07-21",500,7,49.676,-116.623,774.9
2010,"2010-07-21",100,8,49.717,-116.748,356.6
2010,"2010-07-21",500,8,49.741,-116.478,820.9
2010,"2010-07-21",100,9,49.795,-116.572,399.8
2010,"2010-07-21",500,9,49.809,-116.301,849.6
2010,"2010-07-21",100,10,49.87,-116.398,434.4
2010,"2010-07-21",500,10,49.873,-116.143,878
2010,"2010-07-21",100,11,49.945,-116.284,480.4
2010,"2010-07-21",500,11,49.932,-116.051,921.1
2010,"2010-07-21",100,12,50.014,-116.231,543.6
2010,"2010-07-21",500,12,49.991,-116.026,981.1
2010,"2010-07-22",100,0,49.168,-116.696,100
2010,"2010-07-22",500,0,49.168,-116.696,500
2010,"2010-07-22",100,1,49.123,-116.954,75.7
2010,"2010-07-22",500,1,49.106,-116.983,436.9
2010,"2010-07-22",100,2,49.091,-117.171,61.7
2010,"2010-07-22",500,2,49.071,-117.22,385.1
2010,"2010-07-22",100,3,49.075,-117.34,58
2010,"2010-07-22",500,3,49.061,-117.399,346.8
2010,"2010-07-22",100,4,49.066,-117.466,57
2010,"2010-07-22",500,4,49.062,-117.538,315.8
2010,"2010-07-22",100,5,49.058,-117.563,52.8
2010,"2010-07-22",500,5,49.061,-117.651,284.6
2010,"2010-07-22",100,6,49.049,-117.639,46.6
2010,"2010-07-22",500,6,49.06,-117.746,255.7
2010,"2010-07-22",100,7,49.053,-117.692,40.1
2010,"2010-07-22",500,7,49.071,-117.814,231.9
2010,"2010-07-22",100,8,49.08,-117.725,34.9
2010,"2010-07-22",500,8,49.104,-117.848,215.4
2010,"2010-07-22",100,9,49.13,-117.741,31.5
2010,"2010-07-22",500,9,49.156,-117.85,205
2010,"2010-07-22",100,10,49.193,-117.752,32.2
2010,"2010-07-22",500,10,49.215,-117.841,205.4
2010,"2010-07-22",100,11,49.255,-117.77,39.1
2010,"2010-07-22",500,11,49.274,-117.843,222.7
2010,"2010-07-22",100,12,49.314,-117.795,54
2010,"2010-07-22",500,12,49.335,-117.868,255.9
2010,"2010-07-23",100,0,49.168,-116.696,100
2010,"2010-07-23",500,0,49.168,-116.696,500
2010,"2010-07-23",100,1,49.211,-116.825,93.3
2010,"2010-07-23",500,1,49.222,-116.831,500.4
2010,"2010-07-23",100,2,49.274,-116.933,96.2
2010,"2010-07-23",500,2,49.3,-116.939,518.1
2010,"2010-07-23",100,3,49.347,-117.023,113
2010,"2010-07-23",500,3,49.408,-117.014,566.7
2010,"2010-07-23",100,4,49.429,-117.098,146.4
2010,"2010-07-23",500,4,49.586,-117.047,664.4
2010,"2010-07-23",100,5,49.547,-117.162,202.5
2010,"2010-07-23",500,5,49.856,-117.063,779.3
2010,"2010-07-23",100,6,49.734,-117.245,267.4
2010,"2010-07-23",500,6,50.145,-117.15,824.4
2010,"2010-07-23",100,7,49.945,-117.38,302.5
2010,"2010-07-23",500,7,50.398,-117.364,786.3
2010,"2010-07-23",100,8,50.115,-117.553,255.4
2010,"2010-07-23",500,8,50.655,-117.508,775.6
2010,"2010-07-23",100,9,50.257,-117.742,197.4
2010,"2010-07-23",500,9,50.958,-117.52,825.5
2010,"2010-07-23",100,10,50.377,-117.998,167.6
2010,"2010-07-23",500,10,51.302,-117.547,889.5
2010,"2010-07-23",100,11,50.513,-118.306,148.9
2010,"2010-07-23",500,11,51.647,-117.628,960.3
2010,"2010-07-23",100,12,50.636,-118.616,127.6
2010,"2010-07-23",500,12,51.984,-117.763,1026.3
2010,"2010-07-24",100,0,49.168,-116.696,100
2010,"2010-07-24",500,0,49.168,-116.696,500
2010,"2010-07-24",100,1,49.139,-116.836,99.3
2010,"2010-07-24",500,1,49.138,-116.848,502.9
2010,"2010-07-24",100,2,49.144,-116.982,106.4
2010,"2010-07-24",500,2,49.143,-117.011,514.3
2010,"2010-07-24",100,3,49.184,-117.13,121.1
2010,"2010-07-24",500,3,49.185,-117.187,535.5
2010,"2010-07-24",100,4,49.223,-117.254,141.7
2010,"2010-07-24",500,4,49.228,-117.355,564.9
2010,"2010-07-24",100,5,49.23,-117.334,169.1
2010,"2010-07-24",500,5,49.239,-117.492,600.4
2010,"2010-07-24",100,6,49.205,-117.375,206.2
2010,"2010-07-24",500,6,49.216,-117.604,642.8
2010,"2010-07-24",100,7,49.176,-117.39,241.5
2010,"2010-07-24",500,7,49.189,-117.692,681.6
2010,"2010-07-24",100,8,49.173,-117.389,264.7
2010,"2010-07-24",500,8,49.187,-117.749,707.6
2010,"2010-07-24",100,9,49.197,-117.371,276.3
2010,"2010-07-24",500,9,49.213,-117.774,720.6
2010,"2010-07-24",100,10,49.233,-117.354,295.1
2010,"2010-07-24",500,10,49.255,-117.787,741.9
2010,"2010-07-24",100,11,49.268,-117.358,341.1
2010,"2010-07-24",500,11,49.3,-117.811,792
2010,"2010-07-24",100,12,49.304,-117.386,417.3
2010,"2010-07-24",500,12,49.347,-117.844,871.4
2010,"2010-07-25",100,0,49.168,-116.696,100
2010,"2010-07-25",500,0,49.168,-116.696,500
2010,"2010-07-25",100,1,49.144,-116.8,85.4
2010,"2010-07-25",500,1,49.134,-116.81,475.3
2010,"2010-07-25",100,2,49.125,-116.871,85.1
2010,"2010-07-25",500,2,49.108,-116.897,473.6
2010,"2010-07-25",100,3,49.116,-116.91,102.1
2010,"2010-07-25",500,3,49.086,-116.962,494.7
2010,"2010-07-25",100,4,49.116,-116.928,133.9
2010,"2010-07-25",500,4,49.065,-117.028,526.6
2010,"2010-07-25",100,5,49.121,-116.94,170.3
2010,"2010-07-25",500,5,49.043,-117.107,558.4
2010,"2010-07-25",100,6,49.127,-116.947,209.6
2010,"2010-07-25",500,6,49.019,-117.197,590.7
2010,"2010-07-25",100,7,49.131,-116.949,249.3
2010,"2010-07-25",500,7,48.995,-117.284,622.8
2010,"2010-07-25",100,8,49.131,-116.947,286.8
2010,"2010-07-25",500,8,48.97,-117.354,652.5
2010,"2010-07-25",100,9,49.125,-116.94,322.1
2010,"2010-07-25",500,9,48.945,-117.409,678.5
2010,"2010-07-25",100,10,49.118,-116.945,349
2010,"2010-07-25",500,10,48.922,-117.47,690.8
2010,"2010-07-25",100,11,49.109,-116.975,360.5
2010,"2010-07-25",500,11,48.903,-117.553,679.9
2010,"2010-07-25",100,12,49.099,-117.023,355.6
2010,"2010-07-25",500,12,48.9,-117.656,648
2010,"2010-07-26",100,0,49.168,-116.696,100
2010,"2010-07-26",500,0,49.168,-116.696,500
2010,"2010-07-26",100,1,49.186,-116.727,84.3
2010,"2010-07-26",500,1,49.169,-116.737,470.9
2010,"2010-07-26",100,2,49.216,-116.724,78.1
2010,"2010-07-26",500,2,49.182,-116.745,459.3
2010,"2010-07-26",100,3,49.26,-116.687,79.6
2010,"2010-07-26",500,3,49.206,-116.721,465.9
2010,"2010-07-26",100,4,49.311,-116.627,83.4
2010,"2010-07-26",500,4,49.238,-116.663,480.9
2010,"2010-07-26",100,5,49.363,-116.556,84.1
2010,"2010-07-26",500,5,49.276,-116.573,493.8
2010,"2010-07-26",100,6,49.415,-116.473,79.5
2010,"2010-07-26",500,6,49.325,-116.462,501.6
2010,"2010-07-26",100,7,49.473,-116.397,77.1
2010,"2010-07-26",500,7,49.395,-116.374,519.8
2010,"2010-07-26",100,8,49.546,-116.349,90.1
2010,"2010-07-26",500,8,49.497,-116.357,572.5
2010,"2010-07-26",100,9,49.635,-116.329,130.6
2010,"2010-07-26",500,9,49.635,-116.425,668.4
2010,"2010-07-26",100,10,49.739,-116.359,187
2010,"2010-07-26",500,10,49.781,-116.601,782.2
2010,"2010-07-26",100,11,49.857,-116.463,235.2
2010,"2010-07-26",500,11,49.906,-116.877,879.4
2010,"2010-07-26",100,12,49.987,-116.647,263.3
2010,"2010-07-26",500,12,50.028,-117.2,912.7
2010,"2010-07-27",100,0,49.168,-116.696,100
2010,"2010-07-27",500,0,49.168,-116.696,500
2010,"2010-07-27",100,1,49.068,-116.636,61.9
2010,"2010-07-27",500,1,49.049,-116.635,431.6
2010,"2010-07-27",100,2,48.975,-116.535,44.1
2010,"2010-07-27",500,2,48.935,-116.543,371.3
2010,"2010-07-27",100,3,48.888,-116.412,35.8
2010,"2010-07-27",500,3,48.824,-116.438,317.8
2010,"2010-07-27",100,4,48.823,-116.291,29.9
2010,"2010-07-27",500,4,48.735,-116.32,273.3
2010,"2010-07-27",100,5,48.801,-116.169,22
2010,"2010-07-27",500,5,48.683,-116.18,237.3
2010,"2010-07-27",100,6,48.821,-116.035,13.3
2010,"2010-07-27",500,6,48.668,-116.022,207.8
2010,"2010-07-27",100,7,48.861,-115.881,9
2010,"2010-07-27",500,7,48.67,-115.852,192.2
2010,"2010-07-27",100,8,48.907,-115.711,9.2
2010,"2010-07-27",500,8,48.667,-115.678,199.3
2010,"2010-07-27",100,9,48.953,-115.535,11.5
2010,"2010-07-27",500,9,48.651,-115.502,232.6
2010,"2010-07-27",100,10,48.979,-115.352,16.3
2010,"2010-07-27",500,10,48.617,-115.338,280.1
2010,"2010-07-27",100,11,48.991,-115.166,22.8
2010,"2010-07-27",500,11,48.584,-115.209,321.1
2010,"2010-07-27",100,12,49.008,-114.989,29.1
2010,"2010-07-27",500,12,48.566,-115.122,348.6
2010,"2010-07-28",100,0,49.168,-116.696,100
2010,"2010-07-28",500,0,49.168,-116.696,500
2010,"2010-07-28",100,1,49.1,-116.758,87.1
2010,"2010-07-28",500,1,49.087,-116.767,479.1
2010,"2010-07-28",100,2,49.027,-116.817,76
2010,"2010-07-28",500,2,48.993,-116.834,457.1
2010,"2010-07-28",100,3,48.952,-116.873,67
2010,"2010-07-28",500,3,48.885,-116.894,436.7
2010,"2010-07-28",100,4,48.883,-116.913,60.8
2010,"2010-07-28",500,4,48.783,-116.938,417.9
2010,"2010-07-28",100,5,48.83,-116.922,58.5
2010,"2010-07-28",500,5,48.705,-116.964,399.5
2010,"2010-07-28",100,6,48.795,-116.904,61.1
2010,"2010-07-28",500,6,48.653,-116.969,382
2010,"2010-07-28",100,7,48.773,-116.857,64.2
2010,"2010-07-28",500,7,48.617,-116.941,360.5
2010,"2010-07-28",100,8,48.756,-116.783,63.7
2010,"2010-07-28",500,8,48.592,-116.868,332
2010,"2010-07-28",100,9,48.749,-116.687,61.3
2010,"2010-07-28",500,9,48.578,-116.766,298.3
2010,"2010-07-28",100,10,48.748,-116.593,61.2
2010,"2010-07-28",500,10,48.562,-116.666,268.5
2010,"2010-07-28",100,11,48.739,-116.519,64.8
2010,"2010-07-28",500,11,48.528,-116.586,248.5
2010,"2010-07-28",100,12,48.719,-116.464,71.3
2010,"2010-07-28",500,12,48.469,-116.524,237.8
2010,"2010-07-29",100,0,49.168,-116.696,100
2010,"2010-07-29",500,0,49.168,-116.696,500
2010,"2010-07-29",100,1,49.14,-116.885,63.6
2010,"2010-07-29",500,1,49.139,-116.904,446.1
2010,"2010-07-29",100,2,49.105,-117.064,50.2
2010,"2010-07-29",500,2,49.101,-117.089,416.6
2010,"2010-07-29",100,3,49.067,-117.226,47.4
2010,"2010-07-29",500,3,49.051,-117.246,404
2010,"2010-07-29",100,4,49.028,-117.354,42.6
2010,"2010-07-29",500,4,49.006,-117.393,378.2
2010,"2010-07-29",100,5,48.999,-117.438,30.8
2010,"2010-07-29",500,5,48.992,-117.522,318.1
2010,"2010-07-29",100,6,48.98,-117.471,18.3
2010,"2010-07-29",500,6,49.012,-117.628,239.2
2010,"2010-07-29",100,7,48.961,-117.472,8.7
2010,"2010-07-29",500,7,49.044,-117.714,170.3
2010,"2010-07-29",100,8,48.936,-117.46,2.2
2010,"2010-07-29",500,8,49.067,-117.781,119.8
2010,"2010-07-29",100,9,48.906,-117.44,0
2010,"2010-07-29",500,9,49.075,-117.836,82.7
2010,"2010-07-29",100,10,48.872,-117.438,0
2010,"2010-07-29",500,10,49.056,-117.889,54.6
2010,"2010-07-29",100,11,48.835,-117.465,0
2010,"2010-07-29",500,11,49.001,-117.95,34.9
2010,"2010-07-29",100,12,48.793,-117.522,0
2010,"2010-07-29",500,12,48.92,-118.019,22.3
2010,"2010-07-30",100,0,49.168,-116.696,100
2010,"2010-07-30",500,0,49.168,-116.696,500
2010,"2010-07-30",100,1,49.105,-116.744,50.4
2010,"2010-07-30",500,1,49.094,-116.745,426
2010,"2010-07-30",100,2,49.035,-116.766,29
2010,"2010-07-30",500,2,49.02,-116.734,366.6
2010,"2010-07-30",100,3,48.961,-116.764,20.7
2010,"2010-07-30",500,3,48.95,-116.663,321.1
2010,"2010-07-30",100,4,48.898,-116.739,16.2
2010,"2010-07-30",500,4,48.883,-116.561,282.8
2010,"2010-07-30",100,5,48.865,-116.692,12.1
2010,"2010-07-30",500,5,48.826,-116.469,245.6
2010,"2010-07-30",100,6,48.866,-116.627,8.5
2010,"2010-07-30",500,6,48.791,-116.393,209.3
2010,"2010-07-30",100,7,48.884,-116.554,5.8
2010,"2010-07-30",500,7,48.778,-116.325,179.9
2010,"2010-07-30",100,8,48.897,-116.48,4.1
2010,"2010-07-30",500,8,48.776,-116.251,162.8
2010,"2010-07-30",100,9,48.905,-116.399,3.4
2010,"2010-07-30",500,9,48.78,-116.167,157.2
2010,"2010-07-30",100,10,48.898,-116.323,3.1
2010,"2010-07-30",500,10,48.779,-116.097,156.4
2010,"2010-07-30",100,11,48.869,-116.266,2.9
2010,"2010-07-30",500,11,48.764,-116.063,154.3
2010,"2010-07-30",100,12,48.815,-116.226,2.7
2010,"2010-07-30",500,12,48.735,-116.066,150.1
2010,"2010-07-31",100,0,49.168,-116.696,100
2010,"2010-07-31",500,0,49.168,-116.696,500
2010,"2010-07-31",100,1,49.185,-116.62,107.5
2010,"2010-07-31",500,1,49.192,-116.594,518.2
2010,"2010-07-31",100,2,49.183,-116.569,123.5
2010,"2010-07-31",500,2,49.189,-116.505,575
2010,"2010-07-31",100,3,49.162,-116.554,152.6
2010,"2010-07-31",500,3,49.17,-116.422,681.7
2010,"2010-07-31",100,4,49.125,-116.563,183.9
2010,"2010-07-31",500,4,49.158,-116.325,786.4
2010,"2010-07-31",100,5,49.091,-116.574,196.3
2010,"2010-07-31",500,5,49.165,-116.225,806.2
2010,"2010-07-31",100,6,49.061,-116.58,185.1
2010,"2010-07-31",500,6,49.193,-116.124,735.4
2010,"2010-07-31",100,7,49.055,-116.565,176.9
2010,"2010-07-31",500,7,49.252,-116.015,661.6
2010,"2010-07-31",100,8,49.098,-116.509,199.5
2010,"2010-07-31",500,8,49.365,-115.922,654.9
2010,"2010-07-31",100,9,49.19,-116.405,261.9
2010,"2010-07-31",500,9,49.515,-115.892,721.1
2010,"2010-07-31",100,10,49.31,-116.308,343.3
2010,"2010-07-31",500,10,49.632,-115.983,816.6
2010,"2010-07-31",100,11,49.415,-116.298,409.7
2010,"2010-07-31",500,11,49.678,-116.179,884.6
2010,"2010-07-31",100,12,49.49,-116.383,455.7
2010,"2010-07-31",500,12,49.66,-116.449,923.4
2010,"2010-08-01",100,0,49.168,-116.696,100
2010,"2010-08-01",500,0,49.168,-116.696,500
2010,"2010-08-01",100,1,49.116,-116.893,97.3
2010,"2010-08-01",500,1,49.113,-116.917,491.2
2010,"2010-08-01",100,2,49.061,-117.072,78.1
2010,"2010-08-01",500,2,49.06,-117.108,459.1
2010,"2010-08-01",100,3,48.998,-117.229,51.2
2010,"2010-08-01",500,3,49.006,-117.261,401.5
2010,"2010-08-01",100,4,48.927,-117.335,30.7
2010,"2010-08-01",500,4,48.954,-117.372,332.4
2010,"2010-08-01",100,5,48.862,-117.377,19.1
2010,"2010-08-01",500,5,48.912,-117.452,272.1
2010,"2010-08-01",100,6,48.81,-117.364,13
2010,"2010-08-01",500,6,48.885,-117.515,224.2
2010,"2010-08-01",100,7,48.773,-117.354,7.9
2010,"2010-08-01",500,7,48.871,-117.569,178.8
2010,"2010-08-01",100,8,48.761,-117.387,1.4
2010,"2010-08-01",500,8,48.863,-117.62,128.3
2010,"2010-08-01",100,9,48.781,-117.465,0
2010,"2010-08-01",500,9,48.868,-117.677,79.3
2010,"2010-08-01",100,10,48.824,-117.566,0
2010,"2010-08-01",500,10,48.901,-117.748,49.1
2010,"2010-08-01",100,11,48.88,-117.659,0
2010,"2010-08-01",500,11,48.959,-117.821,36.3
2010,"2010-08-01",100,12,48.951,-117.742,0
2010,"2010-08-01",500,12,49.033,-117.892,36
2010,"2010-08-02",100,0,49.168,-116.696,100
2010,"2010-08-02",500,0,49.168,-116.696,500
2010,"2010-08-02",100,1,49.139,-116.801,70.3
2010,"2010-08-02",500,1,49.125,-116.828,462.1
2010,"2010-08-02",100,2,49.11,-116.87,61
2010,"2010-08-02",500,2,49.077,-116.927,446.1
2010,"2010-08-02",100,3,49.078,-116.904,66.3
2010,"2010-08-02",500,3,49.021,-116.993,451.7
2010,"2010-08-02",100,4,49.047,-116.918,75.3
2010,"2010-08-02",500,4,48.957,-117.05,461.4
2010,"2010-08-02",100,5,49.017,-116.929,76.6
2010,"2010-08-02",500,5,48.894,-117.101,455.1
2010,"2010-08-02",100,6,48.992,-116.941,69.9
2010,"2010-08-02",500,6,48.836,-117.136,428.5
2010,"2010-08-02",100,7,48.973,-116.968,63.3
2010,"2010-08-02",500,7,48.791,-117.156,398.7
2010,"2010-08-02",100,8,48.968,-117.017,62.9
2010,"2010-08-02",500,8,48.762,-117.174,385.2
2010,"2010-08-02",100,9,48.975,-117.08,67.9
2010,"2010-08-02",500,9,48.747,-117.199,388.7
2010,"2010-08-02",100,10,48.986,-117.145,73.5
2010,"2010-08-02",500,10,48.744,-117.237,397.2
2010,"2010-08-02",100,11,48.997,-117.214,74.7
2010,"2010-08-02",500,11,48.746,-117.289,396.6
2010,"2010-08-02",100,12,49.007,-117.287,71.3
2010,"2010-08-02",500,12,48.755,-117.35,385.6
2010,"2010-08-03",100,0,49.168,-116.696,100
2010,"2010-08-03",500,0,49.168,-116.696,500
2010,"2010-08-03",100,1,49.205,-116.673,117.4
2010,"2010-08-03",500,1,49.194,-116.669,524.1
2010,"2010-08-03",100,2,49.229,-116.655,156.1
2010,"2010-08-03",500,2,49.208,-116.639,569.5
2010,"2010-08-03",100,3,49.242,-116.64,217
2010,"2010-08-03",500,3,49.206,-116.606,635.8
2010,"2010-08-03",100,4,49.241,-116.599,275.1
2010,"2010-08-03",500,4,49.193,-116.562,697.7
2010,"2010-08-03",100,5,49.223,-116.515,300.6
2010,"2010-08-03",500,5,49.174,-116.493,725.3
2010,"2010-08-03",100,6,49.19,-116.398,288.9
2010,"2010-08-03",500,6,49.15,-116.396,716
2010,"2010-08-03",100,7,49.179,-116.291,269.2
2010,"2010-08-03",500,7,49.146,-116.301,700.6
2010,"2010-08-03",100,8,49.215,-116.216,279.4
2010,"2010-08-03",500,8,49.187,-116.259,716.3
2010,"2010-08-03",100,9,49.293,-116.184,322.9
2010,"2010-08-03",500,9,49.275,-116.289,765.9
2010,"2010-08-03",100,10,49.382,-116.201,383.6
2010,"2010-08-03",500,10,49.379,-116.378,831.7
2010,"2010-08-03",100,11,49.458,-116.255,444.8
2010,"2010-08-03",500,11,49.464,-116.49,894.7
2010,"2010-08-03",100,12,49.52,-116.343,507.7
2010,"2010-08-03",500,12,49.532,-116.611,953.3
2010,"2010-08-04",100,0,49.168,-116.696,100
2010,"2010-08-04",500,0,49.168,-116.696,500
2010,"2010-08-04",100,1,49.184,-116.537,79.1
2010,"2010-08-04",500,1,49.168,-116.506,482.4
2010,"2010-08-04",100,2,49.213,-116.367,79
2010,"2010-08-04",500,2,49.184,-116.3,491.3
2010,"2010-08-04",100,3,49.254,-116.182,101.9
2010,"2010-08-04",500,3,49.217,-116.077,533.2
2010,"2010-08-04",100,4,49.307,-115.994,132.5
2010,"2010-08-04",500,4,49.25,-115.823,584
2010,"2010-08-04",100,5,49.373,-115.814,145.4
2010,"2010-08-04",500,5,49.271,-115.535,625.3
2010,"2010-08-04",100,6,49.454,-115.657,142.7
2010,"2010-08-04",500,6,49.261,-115.207,675.1
2010,"2010-08-04",100,7,49.551,-115.504,139.1
2010,"2010-08-04",500,7,49.221,-114.889,707.1
2010,"2010-08-04",100,8,49.654,-115.326,143.8
2010,"2010-08-04",500,8,49.184,-114.634,710.7
2010,"2010-08-04",100,9,49.745,-115.089,147.9
2010,"2010-08-04",500,9,49.152,-114.421,690.9
2010,"2010-08-04",100,10,49.8,-114.809,149.2
2010,"2010-08-04",500,10,49.12,-114.211,672.1
2010,"2010-08-04",100,11,49.831,-114.541,145.7
2010,"2010-08-04",500,11,49.085,-113.994,667.7
2010,"2010-08-04",100,12,49.849,-114.322,145.3
2010,"2010-08-04",500,12,49.054,-113.79,685.1
2010,"2010-08-05",100,0,49.168,-116.696,100
2010,"2010-08-05",500,0,49.168,-116.696,500
2010,"2010-08-05",100,1,49.102,-116.633,98.9
2010,"2010-08-05",500,1,49.074,-116.622,478.5
2010,"2010-08-05",100,2,49.049,-116.534,98.5
2010,"2010-08-05",500,2,48.993,-116.515,455
2010,"2010-08-05",100,3,49.021,-116.397,94.4
2010,"2010-08-05",500,3,48.937,-116.375,428.7
2010,"2010-08-05",100,4,49.036,-116.238,83.7
2010,"2010-08-05",500,4,48.905,-116.188,396.1
2010,"2010-08-05",100,5,49.091,-116.068,71.1
2010,"2010-08-05",500,5,48.892,-115.953,360.2
2010,"2010-08-05",100,6,49.171,-115.897,60.3
2010,"2010-08-05",500,6,48.874,-115.676,327
2010,"2010-08-05",100,7,49.266,-115.734,52.8
2010,"2010-08-05",500,7,48.848,-115.381,318.4
2010,"2010-08-05",100,8,49.371,-115.575,51.9
2010,"2010-08-05",500,8,48.816,-115.069,345.4
2010,"2010-08-05",100,9,49.476,-115.407,60.8
2010,"2010-08-05",500,9,48.752,-114.719,387.3
2010,"2010-08-05",100,10,49.561,-115.215,85
2010,"2010-08-05",500,10,48.645,-114.302,479.5
2010,"2010-08-05",100,11,49.593,-114.939,144.9
2010,"2010-08-05",500,11,48.532,-113.86,626.1
2010,"2010-08-05",100,12,49.593,-114.55,238.1
2010,"2010-08-05",500,12,48.352,-113.495,755
2010,"2010-08-06",100,0,49.168,-116.696,100
2010,"2010-08-06",500,0,49.168,-116.696,500
2010,"2010-08-06",100,1,49.124,-116.899,79.3
2010,"2010-08-06",500,1,49.112,-116.91,444.6
2010,"2010-08-06",100,2,49.083,-117.091,69.3
2010,"2010-08-06",500,2,49.062,-117.107,417
2010,"2010-08-06",100,3,49.054,-117.268,68
2010,"2010-08-06",500,3,49.021,-117.289,405.4
2010,"2010-08-06",100,4,49.05,-117.421,71.2
2010,"2010-08-06",500,4,49,-117.449,393.2
2010,"2010-08-06",100,5,49.078,-117.545,75.2
2010,"2010-08-06",500,5,49.02,-117.586,379.8
2010,"2010-08-06",100,6,49.137,-117.649,80.3
2010,"2010-08-06",500,6,49.096,-117.717,373.1
2010,"2010-08-06",100,7,49.213,-117.734,84.5
2010,"2010-08-06",500,7,49.22,-117.842,372.6
2010,"2010-08-06",100,8,49.288,-117.8,85.1
2010,"2010-08-06",500,8,49.342,-117.949,377
2010,"2010-08-06",100,9,49.361,-117.849,81.5
2010,"2010-08-06",500,9,49.442,-118.035,384.3
2010,"2010-08-06",100,10,49.439,-117.892,76.3
2010,"2010-08-06",500,10,49.531,-118.109,390.9
2010,"2010-08-06",100,11,49.523,-117.934,71.9
2010,"2010-08-06",500,11,49.623,-118.181,393.9
2010,"2010-08-06",100,12,49.611,-117.977,67.3
2010,"2010-08-06",500,12,49.718,-118.258,393.5
2010,"2010-08-07",100,0,49.168,-116.696,100
2010,"2010-08-07",500,0,49.168,-116.696,500
2010,"2010-08-07",100,1,49.123,-116.926,44.3
2010,"2010-08-07",500,1,49.117,-116.934,386.1
2010,"2010-08-07",100,2,49.078,-117.124,21.8
2010,"2010-08-07",500,2,49.072,-117.112,312.7
2010,"2010-08-07",100,3,49.043,-117.272,15.5
2010,"2010-08-07",500,3,49.03,-117.245,277.8
2010,"2010-08-07",100,4,49.03,-117.381,15.4
2010,"2010-08-07",500,4,49.011,-117.343,264.2
2010,"2010-08-07",100,5,49.052,-117.47,15.8
2010,"2010-08-07",500,5,49.031,-117.411,256
2010,"2010-08-07",100,6,49.107,-117.552,15.9
2010,"2010-08-07",500,6,49.087,-117.451,251.9
2010,"2010-08-07",100,7,49.185,-117.629,16.4
2010,"2010-08-07",500,7,49.163,-117.483,252.8
2010,"2010-08-07",100,8,49.267,-117.699,18.6
2010,"2010-08-07",500,8,49.249,-117.525,263.3
2010,"2010-08-07",100,9,49.351,-117.763,23.9
2010,"2010-08-07",500,9,49.354,-117.573,291.6
2010,"2010-08-07",100,10,49.444,-117.833,30.1
2010,"2010-08-07",500,10,49.483,-117.629,336.2
2010,"2010-08-07",100,11,49.545,-117.918,34.6
2010,"2010-08-07",500,11,49.63,-117.701,367.5
2010,"2010-08-07",100,12,49.655,-118.027,39.5
2010,"2010-08-07",500,12,49.79,-117.808,370.3
2010,"2010-08-08",100,0,49.168,-116.696,100
2010,"2010-08-08",500,0,49.168,-116.696,500
2010,"2010-08-08",100,1,49.091,-116.854,66.5
2010,"2010-08-08",500,1,49.091,-116.878,431.6
2010,"2010-08-08",100,2,48.983,-117.003,43.3
2010,"2010-08-08",500,2,48.983,-117.023,379.6
2010,"2010-08-08",100,3,48.86,-117.123,29.1
2010,"2010-08-08",500,3,48.839,-117.123,345.6
2010,"2010-08-08",100,4,48.753,-117.2,21.2
2010,"2010-08-08",500,4,48.709,-117.184,314.4
2010,"2010-08-08",100,5,48.679,-117.246,16.5
2010,"2010-08-08",500,5,48.639,-117.225,281.8
2010,"2010-08-08",100,6,48.625,-117.274,14.3
2010,"2010-08-08",500,6,48.626,-117.253,254.3
2010,"2010-08-08",100,7,48.587,-117.311,13.6
2010,"2010-08-08",500,7,48.642,-117.305,239.8
2010,"2010-08-08",100,8,48.575,-117.377,14
2010,"2010-08-08",500,8,48.662,-117.413,240.3
2010,"2010-08-08",100,9,48.59,-117.475,16
2010,"2010-08-08",500,9,48.685,-117.581,259.5
2010,"2010-08-08",100,10,48.629,-117.595,19.1
2010,"2010-08-08",500,10,48.726,-117.779,291
2010,"2010-08-08",100,11,48.693,-117.712,17.2
2010,"2010-08-08",500,11,48.812,-117.944,306.7
2010,"2010-08-08",100,12,48.769,-117.804,9.9
2010,"2010-08-08",500,12,48.941,-118.072,292.8
2010,"2010-08-09",100,0,49.168,-116.696,100
2010,"2010-08-09",500,0,49.168,-116.696,500
2010,"2010-08-09",100,1,49.097,-116.77,45.9
2010,"2010-08-09",500,1,49.091,-116.772,391.8
2010,"2010-08-09",100,2,49.008,-116.835,22.9
2010,"2010-08-09",500,2,49.008,-116.813,314
2010,"2010-08-09",100,3,48.904,-116.881,12.3
2010,"2010-08-09",500,3,48.91,-116.831,265.1
2010,"2010-08-09",100,4,48.807,-116.903,3.7
2010,"2010-08-09",500,4,48.814,-116.838,223.5
2010,"2010-08-09",100,5,48.74,-116.892,0
2010,"2010-08-09",500,5,48.747,-116.828,174.4
2010,"2010-08-09",100,6,48.71,-116.84,0
2010,"2010-08-09",500,6,48.714,-116.793,124.5
2010,"2010-08-09",100,7,48.7,-116.77,0
2010,"2010-08-09",500,7,48.706,-116.741,83
2010,"2010-08-09",100,8,48.691,-116.702,0
2010,"2010-08-09",500,8,48.707,-116.681,55.2
2010,"2010-08-09",100,9,48.678,-116.633,0
2010,"2010-08-09",500,9,48.709,-116.612,39.7
2010,"2010-08-09",100,10,48.661,-116.573,0
2010,"2010-08-09",500,10,48.709,-116.544,23.1
2010,"2010-08-09",100,11,48.637,-116.529,0
2010,"2010-08-09",500,11,48.693,-116.496,1.9
2010,"2010-08-09",100,12,48.605,-116.504,0
2010,"2010-08-09",500,12,48.666,-116.466,0
2010,"2010-08-10",100,0,49.168,-116.696,100
2010,"2010-08-10",500,0,49.168,-116.696,500
2010,"2010-08-10",100,1,49.127,-116.674,68
2010,"2010-08-10",500,1,49.107,-116.661,432.1
2010,"2010-08-10",100,2,49.048,-116.667,51.8
2010,"2010-08-10",500,2,49.012,-116.621,391.1
2010,"2010-08-10",100,3,48.925,-116.686,49.8
2010,"2010-08-10",500,3,48.881,-116.586,383.7
2010,"2010-08-10",100,4,48.806,-116.7,55.6
2010,"2010-08-10",500,4,48.735,-116.598,380.9
2010,"2010-08-10",100,5,48.735,-116.706,53.8
2010,"2010-08-10",500,5,48.606,-116.661,354.2
2010,"2010-08-10",100,6,48.711,-116.709,42.2
2010,"2010-08-10",500,6,48.511,-116.752,307.8
2010,"2010-08-10",100,7,48.686,-116.696,26
2010,"2010-08-10",500,7,48.437,-116.823,253.4
2010,"2010-08-10",100,8,48.622,-116.666,12.2
2010,"2010-08-10",500,8,48.338,-116.858,200.9
2010,"2010-08-10",100,9,48.525,-116.633,1.2
2010,"2010-08-10",500,9,48.18,-116.887,148.3
2010,"2010-08-10",100,10,48.412,-116.625,0
2010,"2010-08-10",500,10,47.993,-116.948,98.2
2010,"2010-08-10",100,11,48.298,-116.664,0
2010,"2010-08-10",500,11,47.841,-117.038,61
2010,"2010-08-10",100,12,48.186,-116.746,0
2010,"2010-08-10",500,12,47.721,-117.152,39.4
2010,"2010-08-11",100,0,49.168,-116.696,100
2010,"2010-08-11",500,0,49.168,-116.696,500
2010,"2010-08-11",100,1,49.194,-116.741,84.3
2010,"2010-08-11",500,1,49.194,-116.729,472.3
2010,"2010-08-11",100,2,49.219,-116.784,74.6
2010,"2010-08-11",500,2,49.211,-116.761,457.7
2010,"2010-08-11",100,3,49.243,-116.823,69.3
2010,"2010-08-11",500,3,49.219,-116.79,456.4
2010,"2010-08-11",100,4,49.274,-116.85,63.8
2010,"2010-08-11",500,4,49.237,-116.817,457.2
2010,"2010-08-11",100,5,49.322,-116.856,55.6
2010,"2010-08-11",500,5,49.283,-116.844,450.4
2010,"2010-08-11",100,6,49.388,-116.839,46.5
2010,"2010-08-11",500,6,49.359,-116.869,438.6
2010,"2010-08-11",100,7,49.459,-116.796,40.4
2010,"2010-08-11",500,7,49.436,-116.87,427.7
2010,"2010-08-11",100,8,49.52,-116.731,38.3
2010,"2010-08-11",500,8,49.488,-116.833,418.7
2010,"2010-08-11",100,9,49.568,-116.645,39.7
2010,"2010-08-11",500,9,49.515,-116.761,408.9
2010,"2010-08-11",100,10,49.605,-116.547,43.2
2010,"2010-08-11",500,10,49.525,-116.668,399.4
2010,"2010-08-11",100,11,49.637,-116.442,45.1
2010,"2010-08-11",500,11,49.532,-116.567,391.5
2010,"2010-08-11",100,12,49.664,-116.323,41.8
2010,"2010-08-11",500,12,49.532,-116.453,381.2
2010,"2010-08-12",100,0,49.168,-116.696,100
2010,"2010-08-12",500,0,49.168,-116.696,500
2010,"2010-08-12",100,1,49.216,-116.978,82.6
2010,"2010-08-12",500,1,49.218,-117.012,460.7
2010,"2010-08-12",100,2,49.272,-117.231,78.8
2010,"2010-08-12",500,2,49.269,-117.278,451.8
2010,"2010-08-12",100,3,49.337,-117.453,97.2
2010,"2010-08-12",500,3,49.328,-117.514,486.9
2010,"2010-08-12",100,4,49.413,-117.645,136.7
2010,"2010-08-12",500,4,49.421,-117.733,562.4
2010,"2010-08-12",100,5,49.498,-117.807,186.5
2010,"2010-08-12",500,5,49.572,-117.952,660.4
2010,"2010-08-12",100,6,49.593,-117.941,242
2010,"2010-08-12",500,6,49.774,-118.165,737
2010,"2010-08-12",100,7,49.728,-118.071,294.1
2010,"2010-08-12",500,7,50.018,-118.376,729.5
2010,"2010-08-12",100,8,49.897,-118.195,306.6
2010,"2010-08-12",500,8,50.253,-118.613,679.7
2010,"2010-08-12",100,9,50.066,-118.326,263.3
2010,"2010-08-12",500,9,50.435,-118.885,596.5
2010,"2010-08-12",100,10,50.232,-118.542,215
2010,"2010-08-12",500,10,50.598,-119.178,532.7
2010,"2010-08-12",100,11,50.365,-118.802,177.4
2010,"2010-08-12",500,11,50.766,-119.446,531.3
2010,"2010-08-12",100,12,50.464,-119.068,161.5
2010,"2010-08-12",500,12,50.971,-119.69,582.6
2010,"2010-08-13",100,0,49.168,-116.696,100
2010,"2010-08-13",500,0,49.168,-116.696,500
2010,"2010-08-13",100,1,49.272,-116.735,143
2010,"2010-08-13",500,1,49.3,-116.735,574.3
2010,"2010-08-13",100,2,49.371,-116.781,186.8
2010,"2010-08-13",500,2,49.443,-116.774,655.9
2010,"2010-08-13",100,3,49.463,-116.834,234.9
2010,"2010-08-13",500,3,49.613,-116.804,747.9
2010,"2010-08-13",100,4,49.568,-116.878,285.9
2010,"2010-08-13",500,4,49.843,-116.787,839.4
2010,"2010-08-13",100,5,49.703,-116.916,325.3
2010,"2010-08-13",500,5,50.131,-116.709,912.9
2010,"2010-08-13",100,6,49.842,-116.978,335.4
2010,"2010-08-13",500,6,50.469,-116.551,982.8
2010,"2010-08-13",100,7,49.97,-117.07,313.1
2010,"2010-08-13",500,7,50.88,-116.334,1029.8
2010,"2010-08-13",100,8,50.075,-117.181,263.8
2010,"2010-08-13",500,8,51.336,-116.132,1051.1
2010,"2010-08-13",100,9,50.13,-117.314,205.2
2010,"2010-08-13",500,9,51.876,-115.959,1066.9
2010,"2010-08-13",100,10,50.194,-117.459,151.5
2010,"2010-08-13",500,10,52.424,-115.982,1019.3
2010,"2010-08-13",100,11,50.284,-117.632,102.3
2010,"2010-08-13",500,11,52.866,-116.256,777.7
2010,"2010-08-13",100,12,50.385,-117.847,68.6
2010,"2010-08-13",500,12,53.195,-116.562,556.6
2010,"2010-08-14",100,0,49.168,-116.696,100
2010,"2010-08-14",500,0,49.168,-116.696,500
2010,"2010-08-14",100,1,49.197,-116.63,88.8
2010,"2010-08-14",500,1,49.196,-116.617,498
2010,"2010-08-14",100,2,49.229,-116.55,91.9
2010,"2010-08-14",500,2,49.23,-116.523,516.5
2010,"2010-08-14",100,3,49.266,-116.46,110.6
2010,"2010-08-14",500,3,49.271,-116.416,556
2010,"2010-08-14",100,4,49.302,-116.36,148.9
2010,"2010-08-14",500,4,49.312,-116.273,622.1
2010,"2010-08-14",100,5,49.327,-116.246,211
2010,"2010-08-14",500,5,49.358,-116.071,717.9
2010,"2010-08-14",100,6,49.347,-116.119,300.1
2010,"2010-08-14",500,6,49.422,-115.828,843.3
2010,"2010-08-14",100,7,49.389,-115.968,397.1
2010,"2010-08-14",500,7,49.526,-115.555,977.8
2010,"2010-08-14",100,8,49.478,-115.797,481.2
2010,"2010-08-14",500,8,49.681,-115.283,1088.5
2010,"2010-08-14",100,9,49.615,-115.598,554.9
2010,"2010-08-14",500,9,49.872,-115.061,1161.9
2010,"2010-08-14",100,10,49.79,-115.381,634.4
2010,"2010-08-14",500,10,50.075,-114.874,1232.4
2010,"2010-08-14",100,11,50.01,-115.113,728.6
2010,"2010-08-14",500,11,50.301,-114.683,1335.3
2010,"2010-08-14",100,12,50.289,-114.783,842
2010,"2010-08-14",500,12,50.558,-114.466,1466.1
2010,"2010-08-15",100,0,49.168,-116.696,100
2010,"2010-08-15",500,0,49.168,-116.696,500
2010,"2010-08-15",100,1,49.179,-116.519,111.5
2010,"2010-08-15",500,1,49.166,-116.491,526.7
2010,"2010-08-15",100,2,49.193,-116.316,121.8
2010,"2010-08-15",500,2,49.17,-116.25,548.2
2010,"2010-08-15",100,3,49.215,-116.091,129.2
2010,"2010-08-15",500,3,49.182,-115.987,568.5
2010,"2010-08-15",100,4,49.243,-115.885,134.3
2010,"2010-08-15",500,4,49.191,-115.724,593.4
2010,"2010-08-15",100,5,49.271,-115.721,137.4
2010,"2010-08-15",500,5,49.181,-115.46,634.9
2010,"2010-08-15",100,6,49.297,-115.589,140.9
2010,"2010-08-15",500,6,49.152,-115.166,703.3
2010,"2010-08-15",100,7,49.331,-115.458,150.9
2010,"2010-08-15",500,7,49.137,-114.828,772.6
2010,"2010-08-15",100,8,49.393,-115.303,173.7
2010,"2010-08-15",500,8,49.186,-114.506,828.7
2010,"2010-08-15",100,9,49.469,-115.114,207
2010,"2010-08-15",500,9,49.308,-114.258,876.9
2010,"2010-08-15",100,10,49.513,-114.918,247.8
2010,"2010-08-15",500,10,49.446,-114.111,927.6
2010,"2010-08-15",100,11,49.518,-114.754,295.5
2010,"2010-08-15",500,11,49.559,-114.037,980.4
2010,"2010-08-15",100,12,49.502,-114.623,350.7
2010,"2010-08-15",500,12,49.655,-114.009,1035.5
2011,"2011-07-01",100,0,49.168,-116.696,100
2011,"2011-07-01",500,0,49.168,-116.696,500
2011,"2011-07-01",100,1,49.138,-116.871,99.1
2011,"2011-07-01",500,1,49.133,-116.889,503.3
2011,"2011-07-01",100,2,49.116,-117.015,104
2011,"2011-07-01",500,2,49.11,-117.047,515.6
2011,"2011-07-01",100,3,49.107,-117.129,117.6
2011,"2011-07-01",500,3,49.101,-117.175,537
2011,"2011-07-01",100,4,49.114,-117.22,133.4
2011,"2011-07-01",500,4,49.113,-117.291,559
2011,"2011-07-01",100,5,49.136,-117.297,142.3
2011,"2011-07-01",500,5,49.155,-117.412,575.2
2011,"2011-07-01",100,6,49.169,-117.36,142.8
2011,"2011-07-01",500,6,49.228,-117.543,585.3
2011,"2011-07-01",100,7,49.201,-117.433,144.2
2011,"2011-07-01",500,7,49.32,-117.689,605
2011,"2011-07-01",100,8,49.224,-117.536,157.1
2011,"2011-07-01",500,8,49.429,-117.88,645.8
2011,"2011-07-01",100,9,49.245,-117.671,182.8
2011,"2011-07-01",500,9,49.56,-118.13,684.7
2011,"2011-07-01",100,10,49.291,-117.843,216.8
2011,"2011-07-01",500,10,49.699,-118.442,690.2
2011,"2011-07-01",100,11,49.38,-118.05,253.4
2011,"2011-07-01",500,11,49.842,-118.845,665.5
2011,"2011-07-01",100,12,49.496,-118.304,287.6
2011,"2011-07-01",500,12,49.957,-119.375,625.9
2011,"2011-07-02",100,0,49.168,-116.696,100
2011,"2011-07-02",500,0,49.168,-116.696,500
2011,"2011-07-02",100,1,49.112,-116.721,101.2
2011,"2011-07-02",500,1,49.114,-116.726,503.4
2011,"2011-07-02",100,2,49.071,-116.739,104.9
2011,"2011-07-02",500,2,49.07,-116.747,508.1
2011,"2011-07-02",100,3,49.041,-116.747,110.3
2011,"2011-07-02",500,3,49.037,-116.757,513.3
2011,"2011-07-02",100,4,49.019,-116.74,112.2
2011,"2011-07-02",500,4,49.008,-116.756,514
2011,"2011-07-02",100,5,49,-116.708,105.1
2011,"2011-07-02",500,5,48.977,-116.741,505.2
2011,"2011-07-02",100,6,48.988,-116.652,90.8
2011,"2011-07-02",500,6,48.946,-116.706,485.9
2011,"2011-07-02",100,7,48.988,-116.585,77.7
2011,"2011-07-02",500,7,48.924,-116.659,464.3
2011,"2011-07-02",100,8,48.995,-116.519,70.4
2011,"2011-07-02",500,8,48.916,-116.621,450.2
2011,"2011-07-02",100,9,49.003,-116.45,67.2
2011,"2011-07-02",500,9,48.92,-116.596,444.2
2011,"2011-07-02",100,10,49.009,-116.391,64.9
2011,"2011-07-02",500,10,48.929,-116.605,441.8
2011,"2011-07-02",100,11,49.008,-116.363,61.5
2011,"2011-07-02",500,11,48.933,-116.662,438.5
2011,"2011-07-02",100,12,48.999,-116.37,57.8
2011,"2011-07-02",500,12,48.929,-116.76,433.6
2011,"2011-07-03",100,0,49.168,-116.696,100
2011,"2011-07-03",500,0,49.168,-116.696,500
2011,"2011-07-03",100,1,49.182,-116.938,81.6
2011,"2011-07-03",500,1,49.175,-116.96,457.3
2011,"2011-07-03",100,2,49.213,-117.153,70
2011,"2011-07-03",500,2,49.202,-117.18,426.3
2011,"2011-07-03",100,3,49.265,-117.347,66.4
2011,"2011-07-03",500,3,49.247,-117.36,410.3
2011,"2011-07-03",100,4,49.328,-117.524,63.4
2011,"2011-07-03",500,4,49.303,-117.535,395.5
2011,"2011-07-03",100,5,49.387,-117.688,51.1
2011,"2011-07-03",500,5,49.365,-117.735,361.1
2011,"2011-07-03",100,6,49.429,-117.821,35
2011,"2011-07-03",500,6,49.443,-117.95,314.2
2011,"2011-07-03",100,7,49.437,-117.905,22.9
2011,"2011-07-03",500,7,49.507,-118.142,260.9
2011,"2011-07-03",100,8,49.403,-117.944,15.1
2011,"2011-07-03",500,8,49.53,-118.288,202.7
2011,"2011-07-03",100,9,49.336,-117.954,9.8
2011,"2011-07-03",500,9,49.519,-118.404,144.9
2011,"2011-07-03",100,10,49.261,-117.936,8
2011,"2011-07-03",500,10,49.485,-118.463,104.4
2011,"2011-07-03",100,11,49.196,-117.879,10.5
2011,"2011-07-03",500,11,49.434,-118.442,83.3
2011,"2011-07-03",100,12,49.134,-117.774,16.5
2011,"2011-07-03",500,12,49.371,-118.346,73.8
2011,"2011-07-04",100,0,49.168,-116.696,100
2011,"2011-07-04",500,0,49.168,-116.696,500
2011,"2011-07-04",100,1,49.129,-116.798,81.1
2011,"2011-07-04",500,1,49.128,-116.808,471.2
2011,"2011-07-04",100,2,49.078,-116.89,71.9
2011,"2011-07-04",500,2,49.081,-116.91,453.4
2011,"2011-07-04",100,3,49.019,-116.973,70.1
2011,"2011-07-04",500,3,49.025,-117.003,446.9
2011,"2011-07-04",100,4,48.966,-117.032,70.1
2011,"2011-07-04",500,4,48.967,-117.067,444.3
2011,"2011-07-04",100,5,48.937,-117.051,67.2
2011,"2011-07-04",500,5,48.917,-117.089,438.3
2011,"2011-07-04",100,6,48.932,-117.03,61.4
2011,"2011-07-04",500,6,48.878,-117.07,427.7
2011,"2011-07-04",100,7,48.947,-116.997,53.6
2011,"2011-07-04",500,7,48.856,-117.044,414
2011,"2011-07-04",100,8,48.985,-116.984,45
2011,"2011-07-04",500,8,48.861,-117.042,401.5
2011,"2011-07-04",100,9,49.046,-116.987,36.2
2011,"2011-07-04",500,9,48.897,-117.066,391.4
2011,"2011-07-04",100,10,49.123,-117.003,32
2011,"2011-07-04",500,10,48.969,-117.113,399.4
2011,"2011-07-04",100,11,49.213,-117.037,37
2011,"2011-07-04",500,11,49.065,-117.188,441.7
2011,"2011-07-04",100,12,49.309,-117.096,57.2
2011,"2011-07-04",500,12,49.181,-117.301,521.3
2011,"2011-07-05",100,0,49.168,-116.696,100
2011,"2011-07-05",500,0,49.168,-116.696,500
2011,"2011-07-05",100,1,49.166,-116.829,84.7
2011,"2011-07-05",500,1,49.169,-116.844,486.8
2011,"2011-07-05",100,2,49.17,-116.937,81.7
2011,"2011-07-05",500,2,49.176,-116.966,490.1
2011,"2011-07-05",100,3,49.181,-117.019,90.2
2011,"2011-07-05",500,3,49.188,-117.066,513.8
2011,"2011-07-05",100,4,49.199,-117.077,103.7
2011,"2011-07-05",500,4,49.209,-117.157,546.7
2011,"2011-07-05",100,5,49.223,-117.11,113.8
2011,"2011-07-05",500,5,49.24,-117.251,575.4
2011,"2011-07-05",100,6,49.251,-117.12,119.5
2011,"2011-07-05",500,6,49.279,-117.35,600.8
2011,"2011-07-05",100,7,49.286,-117.122,124.8
2011,"2011-07-05",500,7,49.323,-117.447,630
2011,"2011-07-05",100,8,49.328,-117.129,134.5
2011,"2011-07-05",500,8,49.376,-117.535,668.6
2011,"2011-07-05",100,9,49.377,-117.142,149.2
2011,"2011-07-05",500,9,49.439,-117.621,713.1
2011,"2011-07-05",100,10,49.423,-117.17,172.3
2011,"2011-07-05",500,10,49.501,-117.728,762.2
2011,"2011-07-05",100,11,49.461,-117.229,207.6
2011,"2011-07-05",500,11,49.553,-117.87,814.1
2011,"2011-07-05",100,12,49.498,-117.322,257
2011,"2011-07-05",500,12,49.601,-118.028,865.7
2011,"2011-07-06",100,0,49.168,-116.696,100
2011,"2011-07-06",500,0,49.168,-116.696,500
2011,"2011-07-06",100,1,49.133,-116.78,110.4
2011,"2011-07-06",500,1,49.132,-116.789,512.6
2011,"2011-07-06",100,2,49.101,-116.832,122.8
2011,"2011-07-06",500,2,49.099,-116.855,529.4
2011,"2011-07-06",100,3,49.073,-116.853,137.8
2011,"2011-07-06",500,3,49.07,-116.895,549.3
2011,"2011-07-06",100,4,49.052,-116.859,153.2
2011,"2011-07-06",500,4,49.043,-116.931,568.2
2011,"2011-07-06",100,5,49.04,-116.864,166.3
2011,"2011-07-06",500,5,49.018,-116.983,582
2011,"2011-07-06",100,6,49.037,-116.871,176.5
2011,"2011-07-06",500,6,48.991,-117.049,588.5
2011,"2011-07-06",100,7,49.044,-116.879,184.2
2011,"2011-07-06",500,7,48.975,-117.12,591.6
2011,"2011-07-06",100,8,49.061,-116.891,189.7
2011,"2011-07-06",500,8,48.983,-117.186,595.2
2011,"2011-07-06",100,9,49.086,-116.905,193
2011,"2011-07-06",500,9,49.015,-117.25,599.5
2011,"2011-07-06",100,10,49.12,-116.933,190
2011,"2011-07-06",500,10,49.059,-117.328,598
2011,"2011-07-06",100,11,49.162,-116.983,176.3
2011,"2011-07-06",500,11,49.102,-117.43,584.3
2011,"2011-07-06",100,12,49.213,-117.048,150.5
2011,"2011-07-06",500,12,49.143,-117.552,556.7
2011,"2011-07-07",100,0,49.168,-116.696,100
2011,"2011-07-07",500,0,49.168,-116.696,500
2011,"2011-07-07",100,1,49.017,-116.759,110.9
2011,"2011-07-07",500,1,48.995,-116.766,490.8
2011,"2011-07-07",100,2,48.889,-116.77,133.1
2011,"2011-07-07",500,2,48.836,-116.788,490.8
2011,"2011-07-07",100,3,48.785,-116.736,159.7
2011,"2011-07-07",500,3,48.695,-116.764,488.2
2011,"2011-07-07",100,4,48.705,-116.676,177.3
2011,"2011-07-07",500,4,48.574,-116.716,483.2
2011,"2011-07-07",100,5,48.645,-116.604,178.4
2011,"2011-07-07",500,5,48.467,-116.661,472
2011,"2011-07-07",100,6,48.605,-116.515,164.9
2011,"2011-07-07",500,6,48.371,-116.594,451.5
2011,"2011-07-07",100,7,48.575,-116.426,149.3
2011,"2011-07-07",500,7,48.274,-116.545,430.1
2011,"2011-07-07",100,8,48.536,-116.35,142.3
2011,"2011-07-07",500,8,48.166,-116.542,418.8
2011,"2011-07-07",100,9,48.485,-116.287,143.1
2011,"2011-07-07",500,9,48.043,-116.572,415.2
2011,"2011-07-07",100,10,48.423,-116.241,149.8
2011,"2011-07-07",500,10,47.909,-116.607,412.6
2011,"2011-07-07",100,11,48.348,-116.23,159.5
2011,"2011-07-07",500,11,47.767,-116.635,408
2011,"2011-07-07",100,12,48.255,-116.256,170.6
2011,"2011-07-07",500,12,47.617,-116.656,407.1
2011,"2011-07-08",100,0,49.168,-116.696,100
2011,"2011-07-08",500,0,49.168,-116.696,500
2011,"2011-07-08",100,1,49.095,-117.017,52.2
2011,"2011-07-08",500,1,49.084,-117.028,402.5
2011,"2011-07-08",100,2,49.049,-117.312,26.8
2011,"2011-07-08",500,2,49.029,-117.27,325.2
2011,"2011-07-08",100,3,49.038,-117.579,17.8
2011,"2011-07-08",500,3,49.001,-117.437,264.1
2011,"2011-07-08",100,4,49.046,-117.815,15.9
2011,"2011-07-08",500,4,48.994,-117.57,224.9
2011,"2011-07-08",100,5,49.055,-118.018,19.6
2011,"2011-07-08",500,5,49.004,-117.701,207.8
2011,"2011-07-08",100,6,49.068,-118.174,36.5
2011,"2011-07-08",500,6,49.026,-117.829,212.4
2011,"2011-07-08",100,7,49.075,-118.276,72.6
2011,"2011-07-08",500,7,49.045,-117.962,226.4
2011,"2011-07-08",100,8,49.055,-118.366,106.1
2011,"2011-07-08",500,8,49.04,-118.101,238.8
2011,"2011-07-08",100,9,49.006,-118.465,127.5
2011,"2011-07-08",500,9,49.012,-118.256,249
2011,"2011-07-08",100,10,48.95,-118.607,140.9
2011,"2011-07-08",500,10,48.979,-118.456,265.9
2011,"2011-07-08",100,11,48.91,-118.809,148.8
2011,"2011-07-08",500,11,48.958,-118.709,290.7
2011,"2011-07-08",100,12,48.867,-119.026,153.2
2011,"2011-07-08",500,12,48.931,-118.975,315.8
2011,"2011-07-09",100,0,49.168,-116.696,100
2011,"2011-07-09",500,0,49.168,-116.696,500
2011,"2011-07-09",100,1,49.169,-116.895,108.8
2011,"2011-07-09",500,1,49.168,-116.928,514.3
2011,"2011-07-09",100,2,49.18,-117.064,115
2011,"2011-07-09",500,2,49.179,-117.122,524
2011,"2011-07-09",100,3,49.201,-117.201,120.2
2011,"2011-07-09",500,3,49.203,-117.281,535.9
2011,"2011-07-09",100,4,49.221,-117.31,123.1
2011,"2011-07-09",500,4,49.234,-117.423,554.3
2011,"2011-07-09",100,5,49.226,-117.394,121.5
2011,"2011-07-09",500,5,49.267,-117.564,577.2
2011,"2011-07-09",100,6,49.219,-117.459,115.6
2011,"2011-07-09",500,6,49.308,-117.704,600.6
2011,"2011-07-09",100,7,49.221,-117.515,110.1
2011,"2011-07-09",500,7,49.383,-117.845,630.9
2011,"2011-07-09",100,8,49.252,-117.574,109.6
2011,"2011-07-09",500,8,49.502,-117.991,676.3
2011,"2011-07-09",100,9,49.315,-117.647,114.6
2011,"2011-07-09",500,9,49.664,-118.134,719.9
2011,"2011-07-09",100,10,49.409,-117.755,121
2011,"2011-07-09",500,10,49.852,-118.299,736.3
2011,"2011-07-09",100,11,49.513,-117.901,125
2011,"2011-07-09",500,11,50.034,-118.527,726.3
2011,"2011-07-09",100,12,49.623,-118.083,129.8
2011,"2011-07-09",500,12,50.18,-118.835,707.1
2011,"2011-07-10",100,0,49.168,-116.696,100
2011,"2011-07-10",500,0,49.168,-116.696,500
2011,"2011-07-10",100,1,49.129,-116.707,87.3
2011,"2011-07-10",500,1,49.132,-116.721,483.5
2011,"2011-07-10",100,2,49.086,-116.711,81.3
2011,"2011-07-10",500,2,49.08,-116.727,476.9
2011,"2011-07-10",100,3,49.036,-116.707,80.7
2011,"2011-07-10",500,3,49.012,-116.712,477.1
2011,"2011-07-10",100,4,48.991,-116.703,84.9
2011,"2011-07-10",500,4,48.955,-116.694,483.9
2011,"2011-07-10",100,5,48.97,-116.704,95
2011,"2011-07-10",500,5,48.943,-116.688,503
2011,"2011-07-10",100,6,48.974,-116.713,113.4
2011,"2011-07-10",500,6,48.979,-116.696,536.6
2011,"2011-07-10",100,7,49.004,-116.728,137.2
2011,"2011-07-10",500,7,49.052,-116.724,580.7
2011,"2011-07-10",100,8,49.054,-116.735,160.9
2011,"2011-07-10",500,8,49.136,-116.768,626.3
2011,"2011-07-10",100,9,49.124,-116.736,185.3
2011,"2011-07-10",500,9,49.228,-116.834,672.2
2011,"2011-07-10",100,10,49.198,-116.729,207.8
2011,"2011-07-10",500,10,49.321,-116.908,716
2011,"2011-07-10",100,11,49.26,-116.714,224.9
2011,"2011-07-10",500,11,49.41,-116.976,754.9
2011,"2011-07-10",100,12,49.314,-116.698,235.2
2011,"2011-07-10",500,12,49.494,-117.038,788
2011,"2011-07-11",100,0,49.168,-116.696,100
2011,"2011-07-11",500,0,49.168,-116.696,500
2011,"2011-07-11",100,1,49.08,-116.633,85.8
2011,"2011-07-11",500,1,49.083,-116.628,475
2011,"2011-07-11",100,2,48.997,-116.578,86
2011,"2011-07-11",500,2,48.994,-116.556,467.5
2011,"2011-07-11",100,3,48.912,-116.52,106.3
2011,"2011-07-11",500,3,48.898,-116.484,482.4
2011,"2011-07-11",100,4,48.842,-116.46,117.8
2011,"2011-07-11",500,4,48.807,-116.422,483.3
2011,"2011-07-11",100,5,48.815,-116.418,87.6
2011,"2011-07-11",500,5,48.738,-116.375,433.2
2011,"2011-07-11",100,6,48.831,-116.394,34.8
2011,"2011-07-11",500,6,48.708,-116.342,338.2
2011,"2011-07-11",100,7,48.851,-116.358,4.4
2011,"2011-07-11",500,7,48.712,-116.307,240.7
2011,"2011-07-11",100,8,48.853,-116.299,0
2011,"2011-07-11",500,8,48.71,-116.249,174.9
2011,"2011-07-11",100,9,48.839,-116.221,0
2011,"2011-07-11",500,9,48.69,-116.162,137.2
2011,"2011-07-11",100,10,48.824,-116.142,0
2011,"2011-07-11",500,10,48.672,-116.075,111.8
2011,"2011-07-11",100,11,48.825,-116.082,0
2011,"2011-07-11",500,11,48.68,-116.019,84.4
2011,"2011-07-11",100,12,48.842,-116.04,0
2011,"2011-07-11",500,12,48.712,-115.989,55.3
2011,"2011-07-12",100,0,49.168,-116.696,100
2011,"2011-07-12",500,0,49.168,-116.696,500
2011,"2011-07-12",100,1,49.046,-116.721,95.8
2011,"2011-07-12",500,1,49.036,-116.712,493
2011,"2011-07-12",100,2,48.932,-116.736,82.9
2011,"2011-07-12",500,2,48.911,-116.718,472.1
2011,"2011-07-12",100,3,48.829,-116.74,60.3
2011,"2011-07-12",500,3,48.795,-116.714,432.7
2011,"2011-07-12",100,4,48.752,-116.73,36.5
2011,"2011-07-12",500,4,48.706,-116.694,384.3
2011,"2011-07-12",100,5,48.709,-116.704,20
2011,"2011-07-12",500,5,48.66,-116.647,341.3
2011,"2011-07-12",100,6,48.694,-116.662,9.1
2011,"2011-07-12",500,6,48.658,-116.569,305.5
2011,"2011-07-12",100,7,48.691,-116.616,1.2
2011,"2011-07-12",500,7,48.683,-116.498,274.8
2011,"2011-07-12",100,8,48.689,-116.581,0
2011,"2011-07-12",500,8,48.704,-116.469,246.4
2011,"2011-07-12",100,9,48.686,-116.551,0
2011,"2011-07-12",500,9,48.717,-116.474,219.5
2011,"2011-07-12",100,10,48.675,-116.544,0
2011,"2011-07-12",500,10,48.711,-116.511,196
2011,"2011-07-12",100,11,48.645,-116.578,0
2011,"2011-07-12",500,11,48.674,-116.585,179.5
2011,"2011-07-12",100,12,48.596,-116.647,0
2011,"2011-07-12",500,12,48.614,-116.687,165.1
2011,"2011-07-13",100,0,49.168,-116.696,100
2011,"2011-07-13",500,0,49.168,-116.696,500
2011,"2011-07-13",100,1,49.054,-116.766,69.9
2011,"2011-07-13",500,1,49.04,-116.785,452.9
2011,"2011-07-13",100,2,48.941,-116.857,48.1
2011,"2011-07-13",500,2,48.91,-116.86,413.3
2011,"2011-07-13",100,3,48.823,-116.956,30.8
2011,"2011-07-13",500,3,48.764,-116.934,367.6
2011,"2011-07-13",100,4,48.701,-117.036,16.3
2011,"2011-07-13",500,4,48.619,-116.998,317.1
2011,"2011-07-13",100,5,48.592,-117.063,3.7
2011,"2011-07-13",500,5,48.506,-117.037,267.1
2011,"2011-07-13",100,6,48.495,-117.034,0
2011,"2011-07-13",500,6,48.428,-117.046,221.4
2011,"2011-07-13",100,7,48.4,-116.968,0
2011,"2011-07-13",500,7,48.375,-117.014,183
2011,"2011-07-13",100,8,48.303,-116.885,0
2011,"2011-07-13",500,8,48.337,-116.94,150.6
2011,"2011-07-13",100,9,48.223,-116.806,0
2011,"2011-07-13",500,9,48.321,-116.836,123
2011,"2011-07-13",100,10,48.163,-116.766,0
2011,"2011-07-13",500,10,48.323,-116.768,90.8
2011,"2011-07-13",100,11,48.1,-116.782,0
2011,"2011-07-13",500,11,48.311,-116.788,56.4
2011,"2011-07-13",100,12,48.022,-116.836,0
2011,"2011-07-13",500,12,48.266,-116.861,32.1
2011,"2011-07-14",100,0,49.168,-116.696,100
2011,"2011-07-14",500,0,49.168,-116.696,500
2011,"2011-07-14",100,1,49.011,-116.825,57.7
2011,"2011-07-14",500,1,48.996,-116.83,404.4
2011,"2011-07-14",100,2,48.848,-116.991,31.6
2011,"2011-07-14",500,2,48.829,-116.961,335.5
2011,"2011-07-14",100,3,48.695,-117.178,17.6
2011,"2011-07-14",500,3,48.66,-117.093,273.3
2011,"2011-07-14",100,4,48.568,-117.302,11.9
2011,"2011-07-14",500,4,48.509,-117.204,210
2011,"2011-07-14",100,5,48.469,-117.343,7.9
2011,"2011-07-14",500,5,48.397,-117.27,157.2
2011,"2011-07-14",100,6,48.392,-117.323,4.7
2011,"2011-07-14",500,6,48.326,-117.29,119.7
2011,"2011-07-14",100,7,48.316,-117.277,1.8
2011,"2011-07-14",500,7,48.266,-117.266,91.9
2011,"2011-07-14",100,8,48.227,-117.252,0
2011,"2011-07-14",500,8,48.187,-117.224,71.8
2011,"2011-07-14",100,9,48.134,-117.263,0
2011,"2011-07-14",500,9,48.092,-117.196,58.6
2011,"2011-07-14",100,10,48.043,-117.321,0
2011,"2011-07-14",500,10,47.987,-117.201,49
2011,"2011-07-14",100,11,47.945,-117.386,0
2011,"2011-07-14",500,11,47.876,-117.223,40.9
2011,"2011-07-14",100,12,47.833,-117.433,0
2011,"2011-07-14",500,12,47.758,-117.233,34.7
2011,"2011-07-15",100,0,49.168,-116.696,100
2011,"2011-07-15",500,0,49.168,-116.696,500
2011,"2011-07-15",100,1,49.124,-116.783,100
2011,"2011-07-15",500,1,49.117,-116.806,502.4
2011,"2011-07-15",100,2,49.089,-116.863,105.6
2011,"2011-07-15",500,2,49.074,-116.9,510.2
2011,"2011-07-15",100,3,49.065,-116.93,116.3
2011,"2011-07-15",500,3,49.039,-116.978,521
2011,"2011-07-15",100,4,49.044,-116.997,121.7
2011,"2011-07-15",500,4,49.005,-117.08,524.4
2011,"2011-07-15",100,5,49.02,-117.083,111.2
2011,"2011-07-15",500,5,48.969,-117.232,508.6
2011,"2011-07-15",100,6,48.993,-117.182,86.6
2011,"2011-07-15",500,6,48.934,-117.417,472.2
2011,"2011-07-15",100,7,48.96,-117.281,65.2
2011,"2011-07-15",500,7,48.898,-117.585,436
2011,"2011-07-15",100,8,48.918,-117.375,60
2011,"2011-07-15",500,8,48.855,-117.721,419.5
2011,"2011-07-15",100,9,48.869,-117.459,70.4
2011,"2011-07-15",500,9,48.803,-117.838,423.3
2011,"2011-07-15",100,10,48.818,-117.537,80.6
2011,"2011-07-15",500,10,48.755,-117.967,433.9
2011,"2011-07-15",100,11,48.773,-117.622,80.1
2011,"2011-07-15",500,11,48.725,-118.129,443
2011,"2011-07-15",100,12,48.731,-117.71,73.9
2011,"2011-07-15",500,12,48.716,-118.321,456.9
2011,"2011-07-16",100,0,49.168,-116.696,100
2011,"2011-07-16",500,0,49.168,-116.696,500
2011,"2011-07-16",100,1,49.112,-116.592,113.1
2011,"2011-07-16",500,1,49.104,-116.573,514.1
2011,"2011-07-16",100,2,49.076,-116.47,125
2011,"2011-07-16",500,2,49.059,-116.427,529.1
2011,"2011-07-16",100,3,49.064,-116.333,136
2011,"2011-07-16",500,3,49.037,-116.256,547.7
2011,"2011-07-16",100,4,49.077,-116.2,141.6
2011,"2011-07-16",500,4,49.03,-116.085,562.2
2011,"2011-07-16",100,5,49.105,-116.092,137.2
2011,"2011-07-16",500,5,49.025,-115.945,561.4
2011,"2011-07-16",100,6,49.142,-116.013,123.8
2011,"2011-07-16",500,6,49.019,-115.836,546.4
2011,"2011-07-16",100,7,49.171,-115.952,106
2011,"2011-07-16",500,7,49.006,-115.766,524
2011,"2011-07-16",100,8,49.176,-115.899,88
2011,"2011-07-16",500,8,48.978,-115.742,501.5
2011,"2011-07-16",100,9,49.158,-115.85,70.6
2011,"2011-07-16",500,9,48.936,-115.763,478.3
2011,"2011-07-16",100,10,49.124,-115.814,59.9
2011,"2011-07-16",500,10,48.887,-115.812,463.5
2011,"2011-07-16",100,11,49.082,-115.803,59.6
2011,"2011-07-16",500,11,48.838,-115.877,465.5
2011,"2011-07-16",100,12,49.034,-115.819,69.3
2011,"2011-07-16",500,12,48.787,-115.959,483.1
2011,"2011-07-17",100,0,49.168,-116.696,100
2011,"2011-07-17",500,0,49.168,-116.696,500
2011,"2011-07-17",100,1,49.145,-116.575,92.4
2011,"2011-07-17",500,1,49.129,-116.542,480
2011,"2011-07-17",100,2,49.134,-116.448,86.6
2011,"2011-07-17",500,2,49.102,-116.408,465.3
2011,"2011-07-17",100,3,49.141,-116.317,84.6
2011,"2011-07-17",500,3,49.095,-116.29,463.9
2011,"2011-07-17",100,4,49.163,-116.187,83.3
2011,"2011-07-17",500,4,49.096,-116.173,466.9
2011,"2011-07-17",100,5,49.191,-116.073,79.1
2011,"2011-07-17",500,5,49.098,-116.052,462.7
2011,"2011-07-17",100,6,49.226,-115.981,71.8
2011,"2011-07-17",500,6,49.104,-115.937,452.4
2011,"2011-07-17",100,7,49.248,-115.909,61.5
2011,"2011-07-17",500,7,49.108,-115.862,436.8
2011,"2011-07-17",100,8,49.243,-115.859,49.7
2011,"2011-07-17",500,8,49.101,-115.845,416.7
2011,"2011-07-17",100,9,49.206,-115.829,38.2
2011,"2011-07-17",500,9,49.079,-115.876,390.9
2011,"2011-07-17",100,10,49.151,-115.834,30.7
2011,"2011-07-17",500,10,49.042,-115.965,371.2
2011,"2011-07-17",100,11,49.096,-115.887,28.2
2011,"2011-07-17",500,11,48.99,-116.129,372.9
2011,"2011-07-17",100,12,49.04,-115.985,29.6
2011,"2011-07-17",500,12,48.923,-116.359,394.2
2011,"2011-07-18",100,0,49.168,-116.696,100
2011,"2011-07-18",500,0,49.168,-116.696,500
2011,"2011-07-18",100,1,49.078,-116.838,80.7
2011,"2011-07-18",500,1,49.069,-116.826,448.9
2011,"2011-07-18",100,2,49.004,-116.961,77.5
2011,"2011-07-18",500,2,48.991,-116.935,434.5
2011,"2011-07-18",100,3,48.95,-117.06,90.7
2011,"2011-07-18",500,3,48.931,-117.027,448.8
2011,"2011-07-18",100,4,48.918,-117.127,109.8
2011,"2011-07-18",500,4,48.894,-117.1,467.9
2011,"2011-07-18",100,5,48.91,-117.164,118.5
2011,"2011-07-18",500,5,48.888,-117.151,470
2011,"2011-07-18",100,6,48.926,-117.176,116.4
2011,"2011-07-18",500,6,48.911,-117.18,458.4
2011,"2011-07-18",100,7,48.961,-117.193,111.8
2011,"2011-07-18",500,7,48.949,-117.217,447.5
2011,"2011-07-18",100,8,49.007,-117.248,113.5
2011,"2011-07-18",500,8,48.987,-117.299,454.9
2011,"2011-07-18",100,9,49.065,-117.335,121.3
2011,"2011-07-18",500,9,49.026,-117.432,488.3
2011,"2011-07-18",100,10,49.124,-117.409,132.5
2011,"2011-07-18",500,10,49.042,-117.581,540.3
2011,"2011-07-18",100,11,49.174,-117.443,143.1
2011,"2011-07-18",500,11,49.026,-117.702,591
2011,"2011-07-18",100,12,49.213,-117.451,154.3
2011,"2011-07-18",500,12,48.985,-117.798,635
2011,"2011-07-19",100,0,49.168,-116.696,100
2011,"2011-07-19",500,0,49.168,-116.696,500
2011,"2011-07-19",100,1,49.066,-116.856,99.8
2011,"2011-07-19",500,1,49.024,-116.844,464.9
2011,"2011-07-19",100,2,48.996,-116.96,90.4
2011,"2011-07-19",500,2,48.93,-116.951,424.7
2011,"2011-07-19",100,3,48.968,-117.013,66.7
2011,"2011-07-19",500,3,48.884,-117.01,374.4
2011,"2011-07-19",100,4,48.962,-117.043,45
2011,"2011-07-19",500,4,48.868,-117.033,330
2011,"2011-07-19",100,5,48.965,-117.057,33.9
2011,"2011-07-19",500,5,48.866,-117.038,304.8
2011,"2011-07-19",100,6,48.976,-117.046,30.9
2011,"2011-07-19",500,6,48.877,-117.022,296.3
2011,"2011-07-19",100,7,48.993,-117.019,34.2
2011,"2011-07-19",500,7,48.893,-116.997,301.4
2011,"2011-07-19",100,8,49.016,-116.994,46.2
2011,"2011-07-19",500,8,48.91,-116.972,317.7
2011,"2011-07-19",100,9,49.041,-116.966,70.2
2011,"2011-07-19",500,9,48.926,-116.948,345.3
2011,"2011-07-19",100,10,49.06,-116.953,94.3
2011,"2011-07-19",500,10,48.935,-116.95,371.2
2011,"2011-07-19",100,11,49.072,-116.972,105
2011,"2011-07-19",500,11,48.94,-116.996,381.4
2011,"2011-07-19",100,12,49.08,-117.023,99.5
2011,"2011-07-19",500,12,48.945,-117.081,374.1
2011,"2011-07-20",100,0,49.168,-116.696,100
2011,"2011-07-20",500,0,49.168,-116.696,500
2011,"2011-07-20",100,1,49.132,-116.901,83.8
2011,"2011-07-20",500,1,49.139,-116.916,481.7
2011,"2011-07-20",100,2,49.104,-117.078,64.9
2011,"2011-07-20",500,2,49.12,-117.083,452
2011,"2011-07-20",100,3,49.087,-117.229,50
2011,"2011-07-20",500,3,49.113,-117.202,416.9
2011,"2011-07-20",100,4,49.083,-117.361,41.7
2011,"2011-07-20",500,4,49.12,-117.312,386.1
2011,"2011-07-20",100,5,49.088,-117.48,38.3
2011,"2011-07-20",500,5,49.141,-117.451,369.4
2011,"2011-07-20",100,6,49.097,-117.591,38.3
2011,"2011-07-20",500,6,49.178,-117.632,371.7
2011,"2011-07-20",100,7,49.104,-117.705,39.6
2011,"2011-07-20",500,7,49.246,-117.849,384.4
2011,"2011-07-20",100,8,49.104,-117.822,38.4
2011,"2011-07-20",500,8,49.339,-118.096,384.3
2011,"2011-07-20",100,9,49.092,-117.941,32.6
2011,"2011-07-20",500,9,49.441,-118.393,370.2
2011,"2011-07-20",100,10,49.081,-118.071,26.7
2011,"2011-07-20",500,10,49.538,-118.764,349.6
2011,"2011-07-20",100,11,49.081,-118.214,25.1
2011,"2011-07-20",500,11,49.642,-119.266,323.2
2011,"2011-07-20",100,12,49.092,-118.372,32.5
2011,"2011-07-20",500,12,49.678,-119.864,329.8
2011,"2011-07-21",100,0,49.168,-116.696,100
2011,"2011-07-21",500,0,49.168,-116.696,500
2011,"2011-07-21",100,1,49.058,-116.904,103.7
2011,"2011-07-21",500,1,49.036,-116.93,471.8
2011,"2011-07-21",100,2,48.954,-117.088,100.9
2011,"2011-07-21",500,2,48.914,-117.127,435.2
2011,"2011-07-21",100,3,48.853,-117.244,86.4
2011,"2011-07-21",500,3,48.807,-117.282,372.3
2011,"2011-07-21",100,4,48.746,-117.353,69.5
2011,"2011-07-21",500,4,48.704,-117.389,295.2
2011,"2011-07-21",100,5,48.638,-117.4,56.3
2011,"2011-07-21",500,5,48.589,-117.446,230.6
2011,"2011-07-21",100,6,48.534,-117.393,48.7
2011,"2011-07-21",500,6,48.45,-117.463,190.9
2011,"2011-07-21",100,7,48.423,-117.352,44
2011,"2011-07-21",500,7,48.283,-117.468,165.1
2011,"2011-07-21",100,8,48.298,-117.304,36
2011,"2011-07-21",500,8,48.124,-117.471,132.7
2011,"2011-07-21",100,9,48.175,-117.297,25
2011,"2011-07-21",500,9,47.983,-117.488,96.5
2011,"2011-07-21",100,10,48.066,-117.355,16.6
2011,"2011-07-21",500,10,47.85,-117.536,67.1
2011,"2011-07-21",100,11,47.956,-117.439,11.7
2011,"2011-07-21",500,11,47.711,-117.62,45.1
2011,"2011-07-21",100,12,47.839,-117.523,8
2011,"2011-07-21",500,12,47.564,-117.752,30
2011,"2011-07-22",100,0,49.168,-116.696,100
2011,"2011-07-22",500,0,49.168,-116.696,500
2011,"2011-07-22",100,1,49.123,-116.911,86.9
2011,"2011-07-22",500,1,49.131,-116.932,459.5
2011,"2011-07-22",100,2,49.088,-117.102,66
2011,"2011-07-22",500,2,49.104,-117.128,409.9
2011,"2011-07-22",100,3,49.063,-117.271,45.8
2011,"2011-07-22",500,3,49.091,-117.285,357.9
2011,"2011-07-22",100,4,49.049,-117.417,30.2
2011,"2011-07-22",500,4,49.092,-117.416,305.1
2011,"2011-07-22",100,5,49.043,-117.55,19.2
2011,"2011-07-22",500,5,49.101,-117.537,252.5
2011,"2011-07-22",100,6,49.051,-117.686,11.7
2011,"2011-07-22",500,6,49.114,-117.651,200.6
2011,"2011-07-22",100,7,49.078,-117.826,7.6
2011,"2011-07-22",500,7,49.134,-117.769,165.9
2011,"2011-07-22",100,8,49.119,-117.959,9.4
2011,"2011-07-22",500,8,49.169,-117.91,164.8
2011,"2011-07-22",100,9,49.161,-118.08,19.8
2011,"2011-07-22",500,9,49.215,-118.079,200.4
2011,"2011-07-22",100,10,49.198,-118.206,34.4
2011,"2011-07-22",500,10,49.284,-118.288,243.8
2011,"2011-07-22",100,11,49.248,-118.339,42.9
2011,"2011-07-22",500,11,49.385,-118.538,264.9
2011,"2011-07-22",100,12,49.313,-118.474,51.7
2011,"2011-07-22",500,12,49.504,-118.846,250.7
2011,"2011-07-23",100,0,49.168,-116.696,100
2011,"2011-07-23",500,0,49.168,-116.696,500
2011,"2011-07-23",100,1,49.137,-116.887,84.8
2011,"2011-07-23",500,1,49.136,-116.91,481
2011,"2011-07-23",100,2,49.096,-117.043,87.9
2011,"2011-07-23",500,2,49.097,-117.089,488.1
2011,"2011-07-23",100,3,49.053,-117.159,112.3
2011,"2011-07-23",500,3,49.053,-117.23,522.9
2011,"2011-07-23",100,4,49.024,-117.232,151.2
2011,"2011-07-23",500,4,49.011,-117.335,567.4
2011,"2011-07-23",100,5,49.015,-117.264,189.2
2011,"2011-07-23",500,5,48.976,-117.416,607
2011,"2011-07-23",100,6,49.024,-117.261,225.7
2011,"2011-07-23",500,6,48.945,-117.478,641.8
2011,"2011-07-23",100,7,49.039,-117.249,263.8
2011,"2011-07-23",500,7,48.919,-117.541,676.9
2011,"2011-07-23",100,8,49.047,-117.25,306.8
2011,"2011-07-23",500,8,48.904,-117.62,717.3
2011,"2011-07-23",100,9,49.049,-117.271,355.1
2011,"2011-07-23",500,9,48.903,-117.72,764.6
2011,"2011-07-23",100,10,49.041,-117.323,391.3
2011,"2011-07-23",500,10,48.906,-117.838,801.4
2011,"2011-07-23",100,11,49.02,-117.396,396.4
2011,"2011-07-23",500,11,48.916,-117.961,810.2
2011,"2011-07-23",100,12,48.982,-117.467,367.8
2011,"2011-07-23",500,12,48.932,-118.082,795.3
2011,"2011-07-24",100,0,49.168,-116.696,100
2011,"2011-07-24",500,0,49.168,-116.696,500
2011,"2011-07-24",100,1,49.123,-116.713,78.7
2011,"2011-07-24",500,1,49.116,-116.718,485.2
2011,"2011-07-24",100,2,49.092,-116.703,62.3
2011,"2011-07-24",500,2,49.079,-116.71,471.9
2011,"2011-07-24",100,3,49.076,-116.662,48.6
2011,"2011-07-24",500,3,49.057,-116.674,457.6
2011,"2011-07-24",100,4,49.074,-116.602,40.5
2011,"2011-07-24",500,4,49.046,-116.627,449.6
2011,"2011-07-24",100,5,49.088,-116.534,40.2
2011,"2011-07-24",500,5,49.044,-116.589,456.1
2011,"2011-07-24",100,6,49.117,-116.461,48.6
2011,"2011-07-24",500,6,49.05,-116.562,477.5
2011,"2011-07-24",100,7,49.149,-116.395,63.4
2011,"2011-07-24",500,7,49.057,-116.558,504.5
2011,"2011-07-24",100,8,49.176,-116.334,77.7
2011,"2011-07-24",500,8,49.055,-116.58,527.6
2011,"2011-07-24",100,9,49.199,-116.278,90.1
2011,"2011-07-24",500,9,49.045,-116.625,546.6
2011,"2011-07-24",100,10,49.219,-116.239,97.6
2011,"2011-07-24",500,10,49.029,-116.688,561.9
2011,"2011-07-24",100,11,49.239,-116.229,97.3
2011,"2011-07-24",500,11,49.011,-116.761,574.3
2011,"2011-07-24",100,12,49.258,-116.245,88.2
2011,"2011-07-24",500,12,48.99,-116.842,584.3
2011,"2011-07-25",100,0,49.168,-116.696,100
2011,"2011-07-25",500,0,49.168,-116.696,500
2011,"2011-07-25",100,1,49.098,-116.731,90.4
2011,"2011-07-25",500,1,49.08,-116.735,478
2011,"2011-07-25",100,2,49.042,-116.723,93.6
2011,"2011-07-25",500,2,49.007,-116.725,496.7
2011,"2011-07-25",100,3,49.002,-116.669,112.6
2011,"2011-07-25",500,3,48.951,-116.674,561.5
2011,"2011-07-25",100,4,48.966,-116.586,143.2
2011,"2011-07-25",500,4,48.889,-116.615,657.4
2011,"2011-07-25",100,5,48.931,-116.5,174.6
2011,"2011-07-25",500,5,48.801,-116.577,758.3
2011,"2011-07-25",100,6,48.894,-116.413,207.1
2011,"2011-07-25",500,6,48.683,-116.56,879.8
2011,"2011-07-25",100,7,48.881,-116.307,242.1
2011,"2011-07-25",500,7,48.585,-116.544,1022
2011,"2011-07-25",100,8,48.919,-116.166,270.6
2011,"2011-07-25",500,8,48.541,-116.53,1138.4
2011,"2011-07-25",100,9,48.997,-115.99,289.9
2011,"2011-07-25",500,9,48.542,-116.536,1183.5
2011,"2011-07-25",100,10,49.075,-115.826,312.6
2011,"2011-07-25",500,10,48.558,-116.563,1200
2011,"2011-07-25",100,11,49.125,-115.703,346.1
2011,"2011-07-25",500,11,48.56,-116.628,1242.5
2011,"2011-07-25",100,12,49.152,-115.62,387.6
2011,"2011-07-25",500,12,48.544,-116.732,1314.7
2011,"2011-07-26",100,0,49.168,-116.696,100
2011,"2011-07-26",500,0,49.168,-116.696,500
2011,"2011-07-26",100,1,49.121,-116.941,71.9
2011,"2011-07-26",500,1,49.138,-116.974,436.9
2011,"2011-07-26",100,2,49.081,-117.165,51.4
2011,"2011-07-26",500,2,49.118,-117.211,387.9
2011,"2011-07-26",100,3,49.046,-117.347,36
2011,"2011-07-26",500,3,49.105,-117.41,342.5
2011,"2011-07-26",100,4,49.007,-117.48,26.7
2011,"2011-07-26",500,4,49.094,-117.598,306.7
2011,"2011-07-26",100,5,48.967,-117.593,24.6
2011,"2011-07-26",500,5,49.085,-117.802,295
2011,"2011-07-26",100,6,48.932,-117.717,30.7
2011,"2011-07-26",500,6,49.098,-118.04,316.5
2011,"2011-07-26",100,7,48.901,-117.858,46.2
2011,"2011-07-26",500,7,49.151,-118.325,378.9
2011,"2011-07-26",100,8,48.88,-118.001,73.6
2011,"2011-07-26",500,8,49.273,-118.686,458.2
2011,"2011-07-26",100,9,48.876,-118.147,119.9
2011,"2011-07-26",500,9,49.501,-119.262,519.8
2011,"2011-07-26",100,10,48.892,-118.338,179.9
2011,"2011-07-26",500,10,49.688,-119.989,575.2
2011,"2011-07-26",100,11,48.908,-118.588,239
2011,"2011-07-26",500,11,49.725,-120.733,577.9
2011,"2011-07-26",100,12,48.906,-118.847,284.1
2011,"2011-07-26",500,12,49.684,-121.427,577
2011,"2011-07-27",100,0,49.168,-116.696,100
2011,"2011-07-27",500,0,49.168,-116.696,500
2011,"2011-07-27",100,1,49.216,-116.889,112.9
2011,"2011-07-27",500,1,49.217,-116.907,518
2011,"2011-07-27",100,2,49.259,-117.053,132.3
2011,"2011-07-27",500,2,49.261,-117.097,539.3
2011,"2011-07-27",100,3,49.303,-117.193,156.8
2011,"2011-07-27",500,3,49.308,-117.268,562.2
2011,"2011-07-27",100,4,49.339,-117.315,185.9
2011,"2011-07-27",500,4,49.351,-117.423,594.5
2011,"2011-07-27",100,5,49.35,-117.423,223.9
2011,"2011-07-27",500,5,49.377,-117.568,652.1
2011,"2011-07-27",100,6,49.338,-117.528,274.9
2011,"2011-07-27",500,6,49.387,-117.714,735
2011,"2011-07-27",100,7,49.337,-117.635,342.7
2011,"2011-07-27",500,7,49.408,-117.855,830.7
2011,"2011-07-27",100,8,49.385,-117.744,432.9
2011,"2011-07-27",500,8,49.448,-117.964,932.2
2011,"2011-07-27",100,9,49.476,-117.841,547.5
2011,"2011-07-27",500,9,49.497,-118.038,1032.2
2011,"2011-07-27",100,10,49.59,-117.946,657
2011,"2011-07-27",500,10,49.565,-118.125,1118.1
2011,"2011-07-27",100,11,49.727,-118.103,725.3
2011,"2011-07-27",500,11,49.664,-118.267,1176.1
2011,"2011-07-27",100,12,49.891,-118.318,723.8
2011,"2011-07-27",500,12,49.787,-118.452,1201.9
2011,"2011-07-28",100,0,49.168,-116.696,100
2011,"2011-07-28",500,0,49.168,-116.696,500
2011,"2011-07-28",100,1,49.118,-116.796,117.6
2011,"2011-07-28",500,1,49.116,-116.799,522.2
2011,"2011-07-28",100,2,49.069,-116.883,143.1
2011,"2011-07-28",500,2,49.065,-116.892,553.5
2011,"2011-07-28",100,3,49.021,-116.952,176.3
2011,"2011-07-28",500,3,49.016,-116.977,590
2011,"2011-07-28",100,4,48.985,-117.007,205.2
2011,"2011-07-28",500,4,48.974,-117.064,617.2
2011,"2011-07-28",100,5,48.971,-117.057,216.2
2011,"2011-07-28",500,5,48.947,-117.158,624.6
2011,"2011-07-28",100,6,48.981,-117.102,208.8
2011,"2011-07-28",500,6,48.933,-117.255,614.4
2011,"2011-07-28",100,7,49.007,-117.15,205.6
2011,"2011-07-28",500,7,48.94,-117.345,613.9
2011,"2011-07-28",100,8,49.04,-117.216,228.6
2011,"2011-07-28",500,8,48.968,-117.429,648.5
2011,"2011-07-28",100,9,49.078,-117.3,278.6
2011,"2011-07-28",500,9,49.015,-117.512,717.3
2011,"2011-07-28",100,10,49.135,-117.399,338.1
2011,"2011-07-28",500,10,49.095,-117.6,800.7
2011,"2011-07-28",100,11,49.221,-117.514,389.4
2011,"2011-07-28",500,11,49.216,-117.706,885.8
2011,"2011-07-28",100,12,49.351,-117.655,444.1
2011,"2011-07-28",500,12,49.375,-117.839,983
2011,"2011-07-29",100,0,49.168,-116.696,100
2011,"2011-07-29",500,0,49.168,-116.696,500
2011,"2011-07-29",100,1,49.155,-116.905,123.9
2011,"2011-07-29",500,1,49.142,-116.927,530.3
2011,"2011-07-29",100,2,49.152,-117.072,156.8
2011,"2011-07-29",500,2,49.131,-117.113,569
2011,"2011-07-29",100,3,49.162,-117.197,200.1
2011,"2011-07-29",500,3,49.137,-117.256,621.2
2011,"2011-07-29",100,4,49.186,-117.3,244.7
2011,"2011-07-29",500,4,49.167,-117.388,678.6
2011,"2011-07-29",100,5,49.221,-117.399,279.5
2011,"2011-07-29",500,5,49.225,-117.542,731.4
2011,"2011-07-29",100,6,49.268,-117.496,305.9
2011,"2011-07-29",500,6,49.311,-117.722,778
2011,"2011-07-29",100,7,49.336,-117.609,340.3
2011,"2011-07-29",500,7,49.417,-117.934,831.9
2011,"2011-07-29",100,8,49.449,-117.764,405.7
2011,"2011-07-29",500,8,49.527,-118.175,892.1
2011,"2011-07-29",100,9,49.607,-117.984,492.9
2011,"2011-07-29",500,9,49.629,-118.44,943.8
2011,"2011-07-29",100,10,49.754,-118.251,546.6
2011,"2011-07-29",500,10,49.699,-118.728,971.1
2011,"2011-07-29",100,11,49.845,-118.558,561.1
2011,"2011-07-29",500,11,49.739,-119.029,968.8
2011,"2011-07-29",100,12,49.888,-118.92,556.2
2011,"2011-07-29",500,12,49.761,-119.352,948.3
2011,"2011-07-30",100,0,49.168,-116.696,100
2011,"2011-07-30",500,0,49.168,-116.696,500
2011,"2011-07-30",100,1,49.066,-116.766,103.1
2011,"2011-07-30",500,1,49.057,-116.797,497.8
2011,"2011-07-30",100,2,48.968,-116.825,117.7
2011,"2011-07-30",500,2,48.932,-116.89,503.4
2011,"2011-07-30",100,3,48.868,-116.868,142.6
2011,"2011-07-30",500,3,48.786,-116.984,509.5
2011,"2011-07-30",100,4,48.773,-116.885,163.9
2011,"2011-07-30",500,4,48.635,-117.046,505.9
2011,"2011-07-30",100,5,48.687,-116.859,169.5
2011,"2011-07-30",500,5,48.498,-117.045,494.6
2011,"2011-07-30",100,6,48.619,-116.79,164
2011,"2011-07-30",500,6,48.378,-116.974,483.7
2011,"2011-07-30",100,7,48.581,-116.695,155.6
2011,"2011-07-30",500,7,48.28,-116.873,478.4
2011,"2011-07-30",100,8,48.578,-116.59,145.3
2011,"2011-07-30",500,8,48.194,-116.777,477.1
2011,"2011-07-30",100,9,48.613,-116.483,129
2011,"2011-07-30",500,9,48.118,-116.69,474.6
2011,"2011-07-30",100,10,48.665,-116.386,123.3
2011,"2011-07-30",500,10,48.047,-116.602,481.8
2011,"2011-07-30",100,11,48.712,-116.293,145.9
2011,"2011-07-30",500,11,47.972,-116.511,511.7
2011,"2011-07-30",100,12,48.752,-116.201,199.1
2011,"2011-07-30",500,12,47.895,-116.418,566.2
2011,"2011-07-31",100,0,49.168,-116.696,100
2011,"2011-07-31",500,0,49.168,-116.696,500
2011,"2011-07-31",100,1,49.071,-116.905,70.7
2011,"2011-07-31",500,1,49.063,-116.915,447.1
2011,"2011-07-31",100,2,48.965,-117.106,52.4
2011,"2011-07-31",500,2,48.96,-117.1,400.5
2011,"2011-07-31",100,3,48.858,-117.274,38.1
2011,"2011-07-31",500,3,48.858,-117.249,349.7
2011,"2011-07-31",100,4,48.769,-117.389,26.3
2011,"2011-07-31",500,4,48.77,-117.364,283.9
2011,"2011-07-31",100,5,48.706,-117.449,17.7
2011,"2011-07-31",500,5,48.715,-117.454,214.5
2011,"2011-07-31",100,6,48.664,-117.457,12
2011,"2011-07-31",500,6,48.693,-117.515,157.3
2011,"2011-07-31",100,7,48.628,-117.44,8.1
2011,"2011-07-31",500,7,48.675,-117.549,117.4
2011,"2011-07-31",100,8,48.581,-117.426,5.3
2011,"2011-07-31",500,8,48.634,-117.558,91.3
2011,"2011-07-31",100,9,48.52,-117.422,2.9
2011,"2011-07-31",500,9,48.57,-117.549,74.3
2011,"2011-07-31",100,10,48.453,-117.435,1
2011,"2011-07-31",500,10,48.496,-117.546,62.7
2011,"2011-07-31",100,11,48.387,-117.464,0
2011,"2011-07-31",500,11,48.427,-117.562,54.7
2011,"2011-07-31",100,12,48.322,-117.507,0
2011,"2011-07-31",500,12,48.366,-117.594,49.6
2011,"2011-08-01",100,0,49.168,-116.696,100
2011,"2011-08-01",500,0,49.168,-116.696,500
2011,"2011-08-01",100,1,49.156,-116.795,97.6
2011,"2011-08-01",500,1,49.153,-116.795,501.8
2011,"2011-08-01",100,2,49.158,-116.864,103.7
2011,"2011-08-01",500,2,49.152,-116.865,515.7
2011,"2011-08-01",100,3,49.173,-116.905,120
2011,"2011-08-01",500,3,49.164,-116.911,542.7
2011,"2011-08-01",100,4,49.199,-116.936,140.9
2011,"2011-08-01",500,4,49.185,-116.967,576
2011,"2011-08-01",100,5,49.235,-116.976,159.8
2011,"2011-08-01",500,5,49.211,-117.067,609.5
2011,"2011-08-01",100,6,49.279,-117.028,175.9
2011,"2011-08-01",500,6,49.242,-117.208,642.8
2011,"2011-08-01",100,7,49.323,-117.091,193.4
2011,"2011-08-01",500,7,49.275,-117.361,683.7
2011,"2011-08-01",100,8,49.357,-117.166,218
2011,"2011-08-01",500,8,49.304,-117.515,736
2011,"2011-08-01",100,9,49.385,-117.254,254.7
2011,"2011-08-01",500,9,49.331,-117.689,799.5
2011,"2011-08-01",100,10,49.428,-117.36,305.8
2011,"2011-08-01",500,10,49.363,-117.879,872.2
2011,"2011-08-01",100,11,49.505,-117.484,374.5
2011,"2011-08-01",500,11,49.399,-118.074,949.7
2011,"2011-08-01",100,12,49.61,-117.635,447.2
2011,"2011-08-01",500,12,49.425,-118.273,1018.9
2011,"2011-08-02",100,0,49.168,-116.696,100
2011,"2011-08-02",500,0,49.168,-116.696,500
2011,"2011-08-02",100,1,49.076,-116.823,69.2
2011,"2011-08-02",500,1,49.063,-116.843,429.4
2011,"2011-08-02",100,2,48.987,-116.905,51.1
2011,"2011-08-02",500,2,48.976,-116.939,374.2
2011,"2011-08-02",100,3,48.906,-116.936,40.9
2011,"2011-08-02",500,3,48.906,-116.979,330.9
2011,"2011-08-02",100,4,48.836,-116.928,31.2
2011,"2011-08-02",500,4,48.847,-116.979,290.8
2011,"2011-08-02",100,5,48.782,-116.895,19.9
2011,"2011-08-02",500,5,48.795,-116.958,246
2011,"2011-08-02",100,6,48.753,-116.83,10.6
2011,"2011-08-02",500,6,48.752,-116.913,196.9
2011,"2011-08-02",100,7,48.744,-116.743,4.4
2011,"2011-08-02",500,7,48.717,-116.859,156.1
2011,"2011-08-02",100,8,48.745,-116.648,1.4
2011,"2011-08-02",500,8,48.681,-116.814,132
2011,"2011-08-02",100,9,48.754,-116.546,0.7
2011,"2011-08-02",500,9,48.644,-116.777,122.6
2011,"2011-08-02",100,10,48.755,-116.449,0.9
2011,"2011-08-02",500,10,48.612,-116.743,117.7
2011,"2011-08-02",100,11,48.735,-116.362,0.4
2011,"2011-08-02",500,11,48.588,-116.705,107.4
2011,"2011-08-02",100,12,48.693,-116.281,0
2011,"2011-08-02",500,12,48.569,-116.661,91.5
2011,"2011-08-03",100,0,49.168,-116.696,100
2011,"2011-08-03",500,0,49.168,-116.696,500
2011,"2011-08-03",100,1,49.115,-116.773,111.1
2011,"2011-08-03",500,1,49.106,-116.781,513
2011,"2011-08-03",100,2,49.083,-116.81,139.1
2011,"2011-08-03",500,2,49.068,-116.832,544.8
2011,"2011-08-03",100,3,49.075,-116.804,183.2
2011,"2011-08-03",500,3,49.056,-116.859,592.4
2011,"2011-08-03",100,4,49.071,-116.8,225.4
2011,"2011-08-03",500,4,49.042,-116.919,632.5
2011,"2011-08-03",100,5,49.055,-116.845,247.1
2011,"2011-08-03",500,5,49.004,-117.052,643.9
2011,"2011-08-03",100,6,49.026,-116.943,247.4
2011,"2011-08-03",500,6,48.949,-117.24,629.8
2011,"2011-08-03",100,7,49.004,-117.034,245.6
2011,"2011-08-03",500,7,48.903,-117.399,613.8
2011,"2011-08-03",100,8,48.997,-117.072,259.9
2011,"2011-08-03",500,8,48.879,-117.485,616.9
2011,"2011-08-03",100,9,49.004,-117.057,290
2011,"2011-08-03",500,9,48.869,-117.512,636.2
2011,"2011-08-03",100,10,49.027,-117.027,339.6
2011,"2011-08-03",500,10,48.875,-117.529,676.8
2011,"2011-08-03",100,11,49.064,-117.03,411.9
2011,"2011-08-03",500,11,48.902,-117.584,742.8
2011,"2011-08-03",100,12,49.112,-117.075,505.9
2011,"2011-08-03",500,12,48.946,-117.677,834.7
2011,"2011-08-04",100,0,49.168,-116.696,100
2011,"2011-08-04",500,0,49.168,-116.696,500
2011,"2011-08-04",100,1,49.131,-116.752,88.3
2011,"2011-08-04",500,1,49.137,-116.76,475.6
2011,"2011-08-04",100,2,49.091,-116.795,90.1
2011,"2011-08-04",500,2,49.096,-116.811,473.5
2011,"2011-08-04",100,3,49.045,-116.824,105.4
2011,"2011-08-04",500,3,49.042,-116.851,492.3
2011,"2011-08-04",100,4,49.001,-116.837,138.7
2011,"2011-08-04",500,4,48.985,-116.881,529.3
2011,"2011-08-04",100,5,48.964,-116.83,192.3
2011,"2011-08-04",500,5,48.932,-116.908,582.7
2011,"2011-08-04",100,6,48.935,-116.807,266.7
2011,"2011-08-04",500,6,48.88,-116.941,651.4
2011,"2011-08-04",100,7,48.92,-116.782,338.4
2011,"2011-08-04",500,7,48.835,-116.987,713.5
2011,"2011-08-04",100,8,48.925,-116.77,385.1
2011,"2011-08-04",500,8,48.804,-117.037,749.2
2011,"2011-08-04",100,9,48.954,-116.771,407.9
2011,"2011-08-04",500,9,48.79,-117.084,759.7
2011,"2011-08-04",100,10,48.992,-116.768,417.9
2011,"2011-08-04",500,10,48.782,-117.106,758.4
2011,"2011-08-04",100,11,49.018,-116.746,422.9
2011,"2011-08-04",500,11,48.768,-117.095,756.5
2011,"2011-08-04",100,12,49.034,-116.708,421.8
2011,"2011-08-04",500,12,48.746,-117.055,752.6
2011,"2011-08-05",100,0,49.168,-116.696,100
2011,"2011-08-05",500,0,49.168,-116.696,500
2011,"2011-08-05",100,1,49.06,-116.796,97.5
2011,"2011-08-05",500,1,49.044,-116.798,477.8
2011,"2011-08-05",100,2,48.964,-116.857,104.5
2011,"2011-08-05",500,2,48.935,-116.865,466.4
2011,"2011-08-05",100,3,48.88,-116.879,120.8
2011,"2011-08-05",500,3,48.838,-116.903,461
2011,"2011-08-05",100,4,48.808,-116.884,137.5
2011,"2011-08-05",500,4,48.748,-116.932,454.4
2011,"2011-08-05",100,5,48.748,-116.89,148.4
2011,"2011-08-05",500,5,48.664,-116.97,441.7
2011,"2011-08-05",100,6,48.701,-116.894,154.6
2011,"2011-08-05",500,6,48.591,-117.012,419.4
2011,"2011-08-05",100,7,48.66,-116.886,153.8
2011,"2011-08-05",500,7,48.534,-117.035,387.3
2011,"2011-08-05",100,8,48.618,-116.855,143.8
2011,"2011-08-05",500,8,48.484,-117.022,350.4
2011,"2011-08-05",100,9,48.576,-116.797,126.6
2011,"2011-08-05",500,9,48.435,-116.975,313.6
2011,"2011-08-05",100,10,48.536,-116.741,110.3
2011,"2011-08-05",500,10,48.388,-116.925,281.6
2011,"2011-08-05",100,11,48.501,-116.713,100.1
2011,"2011-08-05",500,11,48.347,-116.9,255.5
2011,"2011-08-05",100,12,48.471,-116.71,95.1
2011,"2011-08-05",500,12,48.308,-116.902,234.5
2011,"2011-08-06",100,0,49.168,-116.696,100
2011,"2011-08-06",500,0,49.168,-116.696,500
2011,"2011-08-06",100,1,49.106,-116.879,90.8
2011,"2011-08-06",500,1,49.1,-116.894,472.2
2011,"2011-08-06",100,2,49.031,-117.039,95
2011,"2011-08-06",500,2,49.022,-117.064,465
2011,"2011-08-06",100,3,48.948,-117.17,112.1
2011,"2011-08-06",500,3,48.936,-117.209,473.8
2011,"2011-08-06",100,4,48.879,-117.264,131.9
2011,"2011-08-06",500,4,48.867,-117.32,482.5
2011,"2011-08-06",100,5,48.847,-117.321,143
2011,"2011-08-06",500,5,48.838,-117.389,481.1
2011,"2011-08-06",100,6,48.851,-117.345,146.3
2011,"2011-08-06",500,6,48.851,-117.423,472.3
2011,"2011-08-06",100,7,48.882,-117.359,145.2
2011,"2011-08-06",500,7,48.895,-117.446,462
2011,"2011-08-06",100,8,48.935,-117.384,142.9
2011,"2011-08-06",500,8,48.962,-117.481,454
2011,"2011-08-06",100,9,49.003,-117.421,138.6
2011,"2011-08-06",500,9,49.051,-117.533,448.5
2011,"2011-08-06",100,10,49.075,-117.476,122.8
2011,"2011-08-06",500,10,49.163,-117.628,433.4
2011,"2011-08-06",100,11,49.148,-117.556,94.9
2011,"2011-08-06",500,11,49.307,-117.775,400.3
2011,"2011-08-06",100,12,49.233,-117.655,61.6
2011,"2011-08-06",500,12,49.473,-117.968,352.5
2011,"2011-08-07",100,0,49.168,-116.696,100
2011,"2011-08-07",500,0,49.168,-116.696,500
2011,"2011-08-07",100,1,49.204,-116.779,77.2
2011,"2011-08-07",500,1,49.196,-116.782,459.6
2011,"2011-08-07",100,2,49.235,-116.841,65.4
2011,"2011-08-07",500,2,49.213,-116.827,437.2
2011,"2011-08-07",100,3,49.26,-116.885,62
2011,"2011-08-07",500,3,49.219,-116.834,433.2
2011,"2011-08-07",100,4,49.284,-116.91,57.9
2011,"2011-08-07",500,4,49.223,-116.834,429.3
2011,"2011-08-07",100,5,49.315,-116.921,45.4
2011,"2011-08-07",500,5,49.235,-116.855,407.2
2011,"2011-08-07",100,6,49.355,-116.913,28.5
2011,"2011-08-07",500,6,49.254,-116.89,366.3
2011,"2011-08-07",100,7,49.411,-116.9,17.6
2011,"2011-08-07",500,7,49.271,-116.926,336.1
2011,"2011-08-07",100,8,49.48,-116.903,14.1
2011,"2011-08-07",500,8,49.283,-116.96,349.2
2011,"2011-08-07",100,9,49.564,-116.921,16.8
2011,"2011-08-07",500,9,49.301,-116.992,409.7
2011,"2011-08-07",100,10,49.652,-116.969,28.7
2011,"2011-08-07",500,10,49.363,-117.045,499.7
2011,"2011-08-07",100,11,49.747,-117.054,50
2011,"2011-08-07",500,11,49.489,-117.143,607.3
2011,"2011-08-07",100,12,49.866,-117.175,66.9
2011,"2011-08-07",500,12,49.683,-117.308,725.9
2011,"2011-08-08",100,0,49.168,-116.696,100
2011,"2011-08-08",500,0,49.168,-116.696,500
2011,"2011-08-08",100,1,49.116,-116.786,93.5
2011,"2011-08-08",500,1,49.112,-116.792,485.3
2011,"2011-08-08",100,2,49.077,-116.84,100.9
2011,"2011-08-08",500,2,49.07,-116.851,487.7
2011,"2011-08-08",100,3,49.053,-116.855,123.9
2011,"2011-08-08",500,3,49.045,-116.875,505
2011,"2011-08-08",100,4,49.043,-116.847,154.5
2011,"2011-08-08",500,4,49.028,-116.881,528.9
2011,"2011-08-08",100,5,49.045,-116.829,184
2011,"2011-08-08",500,5,49.014,-116.883,551.7
2011,"2011-08-08",100,6,49.059,-116.801,213
2011,"2011-08-08",500,6,49.002,-116.881,573.6
2011,"2011-08-08",100,7,49.08,-116.773,250.2
2011,"2011-08-08",500,7,48.993,-116.873,602.8
2011,"2011-08-08",100,8,49.099,-116.753,305.6
2011,"2011-08-08",500,8,48.991,-116.857,647.7
2011,"2011-08-08",100,9,49.117,-116.737,380.8
2011,"2011-08-08",500,9,48.994,-116.831,706.3
2011,"2011-08-08",100,10,49.146,-116.717,462.2
2011,"2011-08-08",500,10,49.006,-116.812,769.1
2011,"2011-08-08",100,11,49.195,-116.698,536.6
2011,"2011-08-08",500,11,49.027,-116.814,827.7
2011,"2011-08-08",100,12,49.256,-116.687,601.4
2011,"2011-08-08",500,12,49.057,-116.832,881.9
2011,"2011-08-09",100,0,49.168,-116.696,100
2011,"2011-08-09",500,0,49.168,-116.696,500
2011,"2011-08-09",100,1,49.101,-116.78,118.8
2011,"2011-08-09",500,1,49.101,-116.787,516.8
2011,"2011-08-09",100,2,49.051,-116.821,141.3
2011,"2011-08-09",500,2,49.046,-116.846,532.3
2011,"2011-08-09",100,3,49.02,-116.818,162.9
2011,"2011-08-09",500,3,49.004,-116.875,543.5
2011,"2011-08-09",100,4,48.996,-116.804,191.7
2011,"2011-08-09",500,4,48.962,-116.9,560.6
2011,"2011-08-09",100,5,48.965,-116.807,237.1
2011,"2011-08-09",500,5,48.9,-116.947,593.6
2011,"2011-08-09",100,6,48.926,-116.83,298.4
2011,"2011-08-09",500,6,48.811,-117.02,642.1
2011,"2011-08-09",100,7,48.885,-116.856,356
2011,"2011-08-09",500,7,48.72,-117.083,689.3
2011,"2011-08-09",100,8,48.855,-116.863,393.7
2011,"2011-08-09",500,8,48.657,-117.098,717.2
2011,"2011-08-09",100,9,48.839,-116.845,413
2011,"2011-08-09",500,9,48.62,-117.072,725.5
2011,"2011-08-09",100,10,48.84,-116.826,436.1
2011,"2011-08-09",500,10,48.606,-117.042,736.9
2011,"2011-08-09",100,11,48.862,-116.828,486.7
2011,"2011-08-09",500,11,48.612,-117.041,774.8
2011,"2011-08-09",100,12,48.907,-116.851,569.2
2011,"2011-08-09",500,12,48.641,-117.068,843.5
2011,"2011-08-10",100,0,49.168,-116.696,100
2011,"2011-08-10",500,0,49.168,-116.696,500
2011,"2011-08-10",100,1,49.061,-116.7,117
2011,"2011-08-10",500,1,49.041,-116.699,509.8
2011,"2011-08-10",100,2,48.95,-116.687,136.6
2011,"2011-08-10",500,2,48.902,-116.695,517
2011,"2011-08-10",100,3,48.835,-116.67,155.7
2011,"2011-08-10",500,3,48.754,-116.7,519.6
2011,"2011-08-10",100,4,48.726,-116.665,161.2
2011,"2011-08-10",500,4,48.605,-116.724,506.5
2011,"2011-08-10",100,5,48.63,-116.659,142.9
2011,"2011-08-10",500,5,48.459,-116.758,464.3
2011,"2011-08-10",100,6,48.551,-116.634,103.9
2011,"2011-08-10",500,6,48.323,-116.781,394.9
2011,"2011-08-10",100,7,48.483,-116.595,61.6
2011,"2011-08-10",500,7,48.204,-116.797,318.4
2011,"2011-08-10",100,8,48.404,-116.552,33.1
2011,"2011-08-10",500,8,48.091,-116.825,248.7
2011,"2011-08-10",100,9,48.308,-116.511,16.7
2011,"2011-08-10",500,9,47.979,-116.865,185
2011,"2011-08-10",100,10,48.203,-116.493,8.3
2011,"2011-08-10",500,10,47.871,-116.893,137.6
2011,"2011-08-10",100,11,48.096,-116.504,5.3
2011,"2011-08-10",500,11,47.764,-116.9,111.2
2011,"2011-08-10",100,12,47.986,-116.535,4.1
2011,"2011-08-10",500,12,47.649,-116.913,97.9
2011,"2011-08-11",100,0,49.168,-116.696,100
2011,"2011-08-11",500,0,49.168,-116.696,500
2011,"2011-08-11",100,1,49.157,-116.845,109.2
2011,"2011-08-11",500,1,49.161,-116.866,511.1
2011,"2011-08-11",100,2,49.147,-116.962,115.7
2011,"2011-08-11",500,2,49.158,-117.004,512.6
2011,"2011-08-11",100,3,49.141,-117.048,121
2011,"2011-08-11",500,3,49.16,-117.112,508.9
2011,"2011-08-11",100,4,49.133,-117.108,127.6
2011,"2011-08-11",500,4,49.163,-117.201,506.7
2011,"2011-08-11",100,5,49.116,-117.142,136.9
2011,"2011-08-11",500,5,49.165,-117.287,510.2
2011,"2011-08-11",100,6,49.093,-117.154,148.2
2011,"2011-08-11",500,6,49.172,-117.373,520.2
2011,"2011-08-11",100,7,49.075,-117.163,159.8
2011,"2011-08-11",500,7,49.193,-117.457,534.8
2011,"2011-08-11",100,8,49.072,-117.189,169.9
2011,"2011-08-11",500,8,49.23,-117.528,552.5
2011,"2011-08-11",100,9,49.085,-117.23,178.7
2011,"2011-08-11",500,9,49.287,-117.579,575.5
2011,"2011-08-11",100,10,49.101,-117.288,183
2011,"2011-08-11",500,10,49.362,-117.618,605.4
2011,"2011-08-11",100,11,49.111,-117.364,180.1
2011,"2011-08-11",500,11,49.455,-117.648,645.5
2011,"2011-08-11",100,12,49.12,-117.457,170.9
2011,"2011-08-11",500,12,49.555,-117.656,688.1
2011,"2011-08-12",100,0,49.168,-116.696,100
2011,"2011-08-12",500,0,49.168,-116.696,500
2011,"2011-08-12",100,1,49.097,-116.738,139.6
2011,"2011-08-12",500,1,49.088,-116.74,540.4
2011,"2011-08-12",100,2,49.04,-116.765,164
2011,"2011-08-12",500,2,49.021,-116.77,561.6
2011,"2011-08-12",100,3,48.999,-116.777,173.1
2011,"2011-08-12",500,3,48.966,-116.788,562.5
2011,"2011-08-12",100,4,48.964,-116.776,175.7
2011,"2011-08-12",500,4,48.919,-116.796,556
2011,"2011-08-12",100,5,48.927,-116.758,180.6
2011,"2011-08-12",500,5,48.874,-116.796,553.6
2011,"2011-08-12",100,6,48.889,-116.726,186.6
2011,"2011-08-12",500,6,48.829,-116.788,553.9
2011,"2011-08-12",100,7,48.859,-116.705,194.4
2011,"2011-08-12",500,7,48.796,-116.797,556.8
2011,"2011-08-12",100,8,48.845,-116.718,205.2
2011,"2011-08-12",500,8,48.792,-116.845,565.4
2011,"2011-08-12",100,9,48.847,-116.762,219.5
2011,"2011-08-12",500,9,48.819,-116.928,581.6
2011,"2011-08-12",100,10,48.857,-116.842,238.3
2011,"2011-08-12",500,10,48.853,-117.051,605.2
2011,"2011-08-12",100,11,48.857,-116.964,260
2011,"2011-08-12",500,11,48.866,-117.216,627.8
2011,"2011-08-12",100,12,48.842,-117.121,280.1
2011,"2011-08-12",500,12,48.853,-117.418,636
2011,"2011-08-13",100,0,49.168,-116.696,100
2011,"2011-08-13",500,0,49.168,-116.696,500
2011,"2011-08-13",100,1,49.053,-116.695,74.3
2011,"2011-08-13",500,1,49.037,-116.688,442.8
2011,"2011-08-13",100,2,48.945,-116.659,52.6
2011,"2011-08-13",500,2,48.919,-116.639,384.5
2011,"2011-08-13",100,3,48.848,-116.603,34.1
2011,"2011-08-13",500,3,48.818,-116.552,320.5
2011,"2011-08-13",100,4,48.774,-116.546,22.5
2011,"2011-08-13",500,4,48.73,-116.452,264.2
2011,"2011-08-13",100,5,48.734,-116.485,18.2
2011,"2011-08-13",500,5,48.651,-116.362,232.3
2011,"2011-08-13",100,6,48.726,-116.41,20.7
2011,"2011-08-13",500,6,48.577,-116.281,227.2
2011,"2011-08-13",100,7,48.727,-116.315,28.4
2011,"2011-08-13",500,7,48.492,-116.202,236.6
2011,"2011-08-13",100,8,48.718,-116.194,38.3
2011,"2011-08-13",500,8,48.391,-116.124,253.2
2011,"2011-08-13",100,9,48.695,-116.046,49.4
2011,"2011-08-13",500,9,48.267,-116.052,280.5
2011,"2011-08-13",100,10,48.649,-115.903,58.5
2011,"2011-08-13",500,10,48.115,-115.996,316.8
2011,"2011-08-13",100,11,48.579,-115.787,68.1
2011,"2011-08-13",500,11,47.962,-115.963,345.8
2011,"2011-08-13",100,12,48.491,-115.675,83.2
2011,"2011-08-13",500,12,47.82,-115.955,359.8
2011,"2011-08-14",100,0,49.168,-116.696,100
2011,"2011-08-14",500,0,49.168,-116.696,500
2011,"2011-08-14",100,1,49.039,-116.818,105
2011,"2011-08-14",500,1,49.021,-116.833,497.2
2011,"2011-08-14",100,2,48.916,-116.912,119.3
2011,"2011-08-14",500,2,48.874,-116.95,505.3
2011,"2011-08-14",100,3,48.798,-116.977,135.8
2011,"2011-08-14",500,3,48.729,-117.036,508.3
2011,"2011-08-14",100,4,48.692,-117.032,139.2
2011,"2011-08-14",500,4,48.591,-117.119,489.1
2011,"2011-08-14",100,5,48.609,-117.098,123.3
2011,"2011-08-14",500,5,48.475,-117.222,436.9
2011,"2011-08-14",100,6,48.551,-117.165,96.4
2011,"2011-08-14",500,6,48.375,-117.328,364.4
2011,"2011-08-14",100,7,48.501,-117.213,72.5
2011,"2011-08-14",500,7,48.279,-117.421,295.5
2011,"2011-08-14",100,8,48.437,-117.242,57.1
2011,"2011-08-14",500,8,48.182,-117.496,244.4
2011,"2011-08-14",100,9,48.35,-117.262,47.6
2011,"2011-08-14",500,9,48.072,-117.555,206.7
2011,"2011-08-14",100,10,48.248,-117.301,37.6
2011,"2011-08-14",500,10,47.951,-117.629,167.7
2011,"2011-08-14",100,11,48.153,-117.384,25.3
2011,"2011-08-14",500,11,47.831,-117.763,121.3
2011,"2011-08-14",100,12,48.059,-117.504,7.8
2011,"2011-08-14",500,12,47.728,-117.949,70.3
2011,"2011-08-15",100,0,49.168,-116.696,100
2011,"2011-08-15",500,0,49.168,-116.696,500
2011,"2011-08-15",100,1,49.159,-116.901,89.1
2011,"2011-08-15",500,1,49.153,-116.925,478.3
2011,"2011-08-15",100,2,49.147,-117.078,79
2011,"2011-08-15",500,2,49.139,-117.117,457
2011,"2011-08-15",100,3,49.138,-117.222,70.3
2011,"2011-08-15",500,3,49.135,-117.272,436.5
2011,"2011-08-15",100,4,49.139,-117.338,64
2011,"2011-08-15",500,4,49.139,-117.407,415.1
2011,"2011-08-15",100,5,49.151,-117.444,60.6
2011,"2011-08-15",500,5,49.152,-117.545,397.6
2011,"2011-08-15",100,6,49.179,-117.553,60.6
2011,"2011-08-15",500,6,49.188,-117.705,395.7
2011,"2011-08-15",100,7,49.217,-117.665,64.4
2011,"2011-08-15",500,7,49.264,-117.882,410.2
2011,"2011-08-15",100,8,49.256,-117.775,69.5
2011,"2011-08-15",500,8,49.369,-118.069,433.4
2011,"2011-08-15",100,9,49.299,-117.891,73.2
2011,"2011-08-15",500,9,49.489,-118.269,462.2
2011,"2011-08-15",100,10,49.35,-118.018,74.2
2011,"2011-08-15",500,10,49.612,-118.479,482.1
2011,"2011-08-15",100,11,49.41,-118.152,74.1
2011,"2011-08-15",500,11,49.729,-118.709,475.4
2011,"2011-08-15",100,12,49.478,-118.287,71.6
2011,"2011-08-15",500,12,49.828,-118.974,430.3
2012,"2012-07-01",100,0,49.168,-116.696,100
2012,"2012-07-01",500,0,49.168,-116.696,500
2012,"2012-07-01",100,1,49.09,-116.811,53
2012,"2012-07-01",500,1,49.095,-116.779,390.1
2012,"2012-07-01",100,2,48.999,-116.949,31.2
2012,"2012-07-01",500,2,49.016,-116.836,315.4
2012,"2012-07-01",100,3,48.907,-117.084,19.1
2012,"2012-07-01",500,3,48.929,-116.873,274.3
2012,"2012-07-01",100,4,48.822,-117.192,7.7
2012,"2012-07-01",500,4,48.842,-116.919,236.4
2012,"2012-07-01",100,5,48.751,-117.275,0
2012,"2012-07-01",500,5,48.772,-116.997,171.8
2012,"2012-07-01",100,6,48.694,-117.336,0
2012,"2012-07-01",500,6,48.724,-117.105,88.5
2012,"2012-07-01",100,7,48.641,-117.377,0
2012,"2012-07-01",500,7,48.677,-117.199,33.2
2012,"2012-07-01",100,8,48.577,-117.402,0
2012,"2012-07-01",500,8,48.622,-117.257,4.5
2012,"2012-07-01",100,9,48.502,-117.426,0
2012,"2012-07-01",500,9,48.551,-117.295,0
2012,"2012-07-01",100,10,48.418,-117.461,0
2012,"2012-07-01",500,10,48.471,-117.329,0
2012,"2012-07-01",100,11,48.332,-117.514,0
2012,"2012-07-01",500,11,48.385,-117.37,0
2012,"2012-07-01",100,12,48.248,-117.593,0
2012,"2012-07-01",500,12,48.298,-117.429,0
2012,"2012-07-02",100,0,49.168,-116.696,100
2012,"2012-07-02",500,0,49.168,-116.696,500
2012,"2012-07-02",100,1,49.044,-116.675,87.3
2012,"2012-07-02",500,1,49.03,-116.673,470.9
2012,"2012-07-02",100,2,48.936,-116.654,72.7
2012,"2012-07-02",500,2,48.91,-116.646,435.8
2012,"2012-07-02",100,3,48.84,-116.633,56.7
2012,"2012-07-02",500,3,48.805,-116.617,388.2
2012,"2012-07-02",100,4,48.762,-116.607,39.5
2012,"2012-07-02",500,4,48.706,-116.589,329.3
2012,"2012-07-02",100,5,48.71,-116.571,23.9
2012,"2012-07-02",500,5,48.613,-116.555,268.7
2012,"2012-07-02",100,6,48.679,-116.515,13.2
2012,"2012-07-02",500,6,48.531,-116.508,215.7
2012,"2012-07-02",100,7,48.653,-116.443,5.5
2012,"2012-07-02",500,7,48.461,-116.448,177.8
2012,"2012-07-02",100,8,48.609,-116.365,1.7
2012,"2012-07-02",500,8,48.386,-116.38,158.7
2012,"2012-07-02",100,9,48.55,-116.284,0.4
2012,"2012-07-02",500,9,48.292,-116.315,155.9
2012,"2012-07-02",100,10,48.483,-116.211,0.3
2012,"2012-07-02",500,10,48.187,-116.285,159.4
2012,"2012-07-02",100,11,48.412,-116.162,0
2012,"2012-07-02",500,11,48.091,-116.294,151.6
2012,"2012-07-02",100,12,48.335,-116.149,0
2012,"2012-07-02",500,12,48.009,-116.326,128.4
2012,"2012-07-03",100,0,49.168,-116.696,100
2012,"2012-07-03",500,0,49.168,-116.696,500
2012,"2012-07-03",100,1,48.937,-117.105,35.8
2012,"2012-07-03",500,1,48.9,-117.175,368.9
2012,"2012-07-03",100,2,48.71,-117.48,9.3
2012,"2012-07-03",500,2,48.68,-117.557,208
2012,"2012-07-03",100,3,48.498,-117.786,8.2
2012,"2012-07-03",500,3,48.486,-117.857,158.9
2012,"2012-07-03",100,4,48.282,-118.133,13.1
2012,"2012-07-03",500,4,48.299,-118.186,173.8
2012,"2012-07-03",100,5,48.105,-118.534,8
2012,"2012-07-03",500,5,48.135,-118.541,134.2
2012,"2012-07-03",100,6,47.97,-118.879,0
2012,"2012-07-03",500,6,48.002,-118.869,63.3
2012,"2012-07-03",100,7,47.851,-119.179,0
2012,"2012-07-03",500,7,47.89,-119.148,26.5
2012,"2012-07-03",100,8,47.748,-119.442,0
2012,"2012-07-03",500,8,47.788,-119.404,15.7
2012,"2012-07-03",100,9,47.653,-119.693,1.1
2012,"2012-07-03",500,9,47.693,-119.657,15.8
2012,"2012-07-03",100,10,47.573,-119.92,5.5
2012,"2012-07-03",500,10,47.611,-119.897,22.4
2012,"2012-07-03",100,11,47.514,-120.12,12.3
2012,"2012-07-03",500,11,47.546,-120.119,38.7
2012,"2012-07-03",100,12,47.477,-120.304,23.4
2012,"2012-07-03",500,12,47.494,-120.335,71.2
2012,"2012-07-04",100,0,49.168,-116.696,100
2012,"2012-07-04",500,0,49.168,-116.696,500
2012,"2012-07-04",100,1,49.124,-116.784,76.5
2012,"2012-07-04",500,1,49.133,-116.797,463.9
2012,"2012-07-04",100,2,49.073,-116.891,58.6
2012,"2012-07-04",500,2,49.089,-116.922,433.6
2012,"2012-07-04",100,3,49.017,-117.009,45.7
2012,"2012-07-04",500,3,49.038,-117.067,411.7
2012,"2012-07-04",100,4,48.971,-117.112,36
2012,"2012-07-04",500,4,48.998,-117.204,394.2
2012,"2012-07-04",100,5,48.947,-117.185,27.8
2012,"2012-07-04",500,5,48.983,-117.31,375
2012,"2012-07-04",100,6,48.943,-117.234,21.2
2012,"2012-07-04",500,6,48.995,-117.388,355.7
2012,"2012-07-04",100,7,48.959,-117.283,16.6
2012,"2012-07-04",500,7,49.026,-117.471,339.2
2012,"2012-07-04",100,8,48.996,-117.346,13.8
2012,"2012-07-04",500,8,49.07,-117.588,327.5
2012,"2012-07-04",100,9,49.055,-117.419,12
2012,"2012-07-04",500,9,49.123,-117.741,322
2012,"2012-07-04",100,10,49.12,-117.5,11.1
2012,"2012-07-04",500,10,49.194,-117.92,328.1
2012,"2012-07-04",100,11,49.175,-117.592,11.1
2012,"2012-07-04",500,11,49.295,-118.125,348
2012,"2012-07-04",100,12,49.221,-117.703,12.2
2012,"2012-07-04",500,12,49.418,-118.378,383.2
2012,"2012-07-05",100,0,49.168,-116.696,100
2012,"2012-07-05",500,0,49.168,-116.696,500
2012,"2012-07-05",100,1,49.096,-116.786,104.8
2012,"2012-07-05",500,1,49.087,-116.788,513.5
2012,"2012-07-05",100,2,49.044,-116.852,108.5
2012,"2012-07-05",500,2,49.03,-116.856,525.5
2012,"2012-07-05",100,3,49.014,-116.896,109.7
2012,"2012-07-05",500,3,48.997,-116.904,532.5
2012,"2012-07-05",100,4,48.999,-116.92,109.4
2012,"2012-07-05",500,4,48.972,-116.934,533.1
2012,"2012-07-05",100,5,48.99,-116.923,109.2
2012,"2012-07-05",500,5,48.936,-116.949,528.4
2012,"2012-07-05",100,6,48.986,-116.904,108.9
2012,"2012-07-05",500,6,48.892,-116.948,519.3
2012,"2012-07-05",100,7,48.981,-116.869,105.8
2012,"2012-07-05",500,7,48.844,-116.929,507.1
2012,"2012-07-05",100,8,48.967,-116.823,97
2012,"2012-07-05",500,8,48.795,-116.891,493
2012,"2012-07-05",100,9,48.949,-116.763,82.9
2012,"2012-07-05",500,9,48.747,-116.832,475.4
2012,"2012-07-05",100,10,48.945,-116.697,70.2
2012,"2012-07-05",500,10,48.707,-116.762,462.3
2012,"2012-07-05",100,11,48.958,-116.641,64
2012,"2012-07-05",500,11,48.684,-116.7,461.8
2012,"2012-07-05",100,12,48.985,-116.599,63.8
2012,"2012-07-05",500,12,48.676,-116.651,473.7
2012,"2012-07-06",100,0,49.168,-116.696,100
2012,"2012-07-06",500,0,49.168,-116.696,500
2012,"2012-07-06",100,1,49.105,-116.707,108.5
2012,"2012-07-06",500,1,49.099,-116.708,524.9
2012,"2012-07-06",100,2,49.053,-116.717,133.6
2012,"2012-07-06",500,2,49.042,-116.723,572.3
2012,"2012-07-06",100,3,49.011,-116.726,176.8
2012,"2012-07-06",500,3,48.993,-116.74,640.1
2012,"2012-07-06",100,4,48.977,-116.725,214.9
2012,"2012-07-06",500,4,48.949,-116.752,697.9
2012,"2012-07-06",100,5,48.954,-116.707,217.4
2012,"2012-07-06",500,5,48.907,-116.744,714.5
2012,"2012-07-06",100,6,48.942,-116.674,181.7
2012,"2012-07-06",500,6,48.87,-116.713,688
2012,"2012-07-06",100,7,48.942,-116.643,143.8
2012,"2012-07-06",500,7,48.849,-116.673,651.4
2012,"2012-07-06",100,8,48.944,-116.621,128.3
2012,"2012-07-06",500,8,48.848,-116.65,637.5
2012,"2012-07-06",100,9,48.944,-116.609,131.4
2012,"2012-07-06",500,9,48.865,-116.646,646.9
2012,"2012-07-06",100,10,48.948,-116.624,146.1
2012,"2012-07-06",500,10,48.896,-116.678,672.7
2012,"2012-07-06",100,11,48.963,-116.685,166.2
2012,"2012-07-06",500,11,48.939,-116.763,707
2012,"2012-07-06",100,12,48.989,-116.789,192
2012,"2012-07-06",500,12,48.992,-116.893,748.9
2012,"2012-07-07",100,0,49.168,-116.696,100
2012,"2012-07-07",500,0,49.168,-116.696,500
2012,"2012-07-07",100,1,49.105,-116.708,103.9
2012,"2012-07-07",500,1,49.09,-116.716,511.8
2012,"2012-07-07",100,2,49.046,-116.692,120.9
2012,"2012-07-07",500,2,49.008,-116.715,543.8
2012,"2012-07-07",100,3,48.99,-116.648,152
2012,"2012-07-07",500,3,48.92,-116.692,594.6
2012,"2012-07-07",100,4,48.944,-116.588,192.2
2012,"2012-07-07",500,4,48.845,-116.655,653.7
2012,"2012-07-07",100,5,48.925,-116.525,230.2
2012,"2012-07-07",500,5,48.801,-116.624,707.9
2012,"2012-07-07",100,6,48.941,-116.456,260.5
2012,"2012-07-07",500,6,48.786,-116.614,754.3
2012,"2012-07-07",100,7,48.976,-116.39,287.1
2012,"2012-07-07",500,7,48.782,-116.636,797.8
2012,"2012-07-07",100,8,49.014,-116.335,318.9
2012,"2012-07-07",500,8,48.772,-116.697,845.9
2012,"2012-07-07",100,9,49.048,-116.297,358.6
2012,"2012-07-07",500,9,48.755,-116.79,899.9
2012,"2012-07-07",100,10,49.062,-116.279,394.1
2012,"2012-07-07",500,10,48.726,-116.899,945.7
2012,"2012-07-07",100,11,49.055,-116.268,410.4
2012,"2012-07-07",500,11,48.684,-117.008,965.8
2012,"2012-07-07",100,12,49.033,-116.255,407.2
2012,"2012-07-07",500,12,48.632,-117.108,960.3
2012,"2012-07-08",100,0,49.168,-116.696,100
2012,"2012-07-08",500,0,49.168,-116.696,500
2012,"2012-07-08",100,1,49.103,-116.731,114.6
2012,"2012-07-08",500,1,49.095,-116.735,534.3
2012,"2012-07-08",100,2,49.051,-116.752,120.9
2012,"2012-07-08",500,2,49.032,-116.767,560.5
2012,"2012-07-08",100,3,49.011,-116.756,118.7
2012,"2012-07-08",500,3,48.978,-116.795,575.5
2012,"2012-07-08",100,4,48.992,-116.737,112.4
2012,"2012-07-08",500,4,48.938,-116.804,580.8
2012,"2012-07-08",100,5,48.997,-116.692,106.4
2012,"2012-07-08",500,5,48.912,-116.781,577.4
2012,"2012-07-08",100,6,49.028,-116.623,101.3
2012,"2012-07-08",500,6,48.9,-116.72,563.7
2012,"2012-07-08",100,7,49.074,-116.541,102
2012,"2012-07-08",500,7,48.893,-116.634,548.3
2012,"2012-07-08",100,8,49.124,-116.451,113.1
2012,"2012-07-08",500,8,48.881,-116.542,540.8
2012,"2012-07-08",100,9,49.177,-116.348,134.8
2012,"2012-07-08",500,9,48.865,-116.444,541.5
2012,"2012-07-08",100,10,49.231,-116.22,157.7
2012,"2012-07-08",500,10,48.843,-116.322,541.3
2012,"2012-07-08",100,11,49.285,-116.076,173.6
2012,"2012-07-08",500,11,48.823,-116.156,535.1
2012,"2012-07-08",100,12,49.34,-115.931,185.9
2012,"2012-07-08",500,12,48.803,-115.951,524.1
2012,"2012-07-09",100,0,49.168,-116.696,100
2012,"2012-07-09",500,0,49.168,-116.696,500
2012,"2012-07-09",100,1,49.07,-116.605,95.3
2012,"2012-07-09",500,1,49.026,-116.597,487.5
2012,"2012-07-09",100,2,49.007,-116.484,88.3
2012,"2012-07-09",500,2,48.895,-116.448,464.4
2012,"2012-07-09",100,3,48.99,-116.333,80.2
2012,"2012-07-09",500,3,48.788,-116.262,441.3
2012,"2012-07-09",100,4,49.022,-116.168,68.3
2012,"2012-07-09",500,4,48.72,-116.071,423.4
2012,"2012-07-09",100,5,49.075,-116.014,52.9
2012,"2012-07-09",500,5,48.681,-115.886,399.8
2012,"2012-07-09",100,6,49.131,-115.874,38
2012,"2012-07-09",500,6,48.648,-115.698,369.6
2012,"2012-07-09",100,7,49.193,-115.742,27.8
2012,"2012-07-09",500,7,48.617,-115.529,344.8
2012,"2012-07-09",100,8,49.257,-115.607,22.5
2012,"2012-07-09",500,8,48.566,-115.379,337.5
2012,"2012-07-09",100,9,49.324,-115.462,20.1
2012,"2012-07-09",500,9,48.486,-115.242,344.6
2012,"2012-07-09",100,10,49.392,-115.329,18.8
2012,"2012-07-09",500,10,48.409,-115.119,348.7
2012,"2012-07-09",100,11,49.443,-115.23,16.6
2012,"2012-07-09",500,11,48.36,-115.013,344.9
2012,"2012-07-09",100,12,49.474,-115.166,13.6
2012,"2012-07-09",500,12,48.338,-114.921,338.6
2012,"2012-07-10",100,0,49.168,-116.696,100
2012,"2012-07-10",500,0,49.168,-116.696,500
2012,"2012-07-10",100,1,49.153,-116.747,103.4
2012,"2012-07-10",500,1,49.159,-116.737,482
2012,"2012-07-10",100,2,49.146,-116.787,101
2012,"2012-07-10",500,2,49.161,-116.761,461.9
2012,"2012-07-10",100,3,49.145,-116.818,94.7
2012,"2012-07-10",500,3,49.174,-116.768,439.6
2012,"2012-07-10",100,4,49.16,-116.839,89.6
2012,"2012-07-10",500,4,49.193,-116.757,423.6
2012,"2012-07-10",100,5,49.195,-116.851,90.6
2012,"2012-07-10",500,5,49.215,-116.729,424.6
2012,"2012-07-10",100,6,49.248,-116.855,100.7
2012,"2012-07-10",500,6,49.235,-116.686,446.6
2012,"2012-07-10",100,7,49.313,-116.817,118.5
2012,"2012-07-10",500,7,49.251,-116.595,476.3
2012,"2012-07-10",100,8,49.387,-116.7,138.5
2012,"2012-07-10",500,8,49.268,-116.428,490.5
2012,"2012-07-10",100,9,49.479,-116.505,157.6
2012,"2012-07-10",500,9,49.295,-116.187,483.8
2012,"2012-07-10",100,10,49.579,-116.277,179.6
2012,"2012-07-10",500,10,49.354,-115.943,477.4
2012,"2012-07-10",100,11,49.666,-116.087,212.8
2012,"2012-07-10",500,11,49.418,-115.755,491.4
2012,"2012-07-10",100,12,49.727,-115.953,256.7
2012,"2012-07-10",500,12,49.456,-115.614,525.6
2012,"2012-07-11",100,0,49.168,-116.696,100
2012,"2012-07-11",500,0,49.168,-116.696,500
2012,"2012-07-11",100,1,49.113,-116.769,97.9
2012,"2012-07-11",500,1,49.103,-116.78,496
2012,"2012-07-11",100,2,49.061,-116.808,93.5
2012,"2012-07-11",500,2,49.036,-116.828,486.8
2012,"2012-07-11",100,3,49.012,-116.812,86.3
2012,"2012-07-11",500,3,48.965,-116.842,470.3
2012,"2012-07-11",100,4,48.97,-116.789,76.4
2012,"2012-07-11",500,4,48.903,-116.819,448.7
2012,"2012-07-11",100,5,48.945,-116.749,63.9
2012,"2012-07-11",500,5,48.862,-116.761,421.2
2012,"2012-07-11",100,6,48.936,-116.696,49.7
2012,"2012-07-11",500,6,48.838,-116.676,383.2
2012,"2012-07-11",100,7,48.939,-116.664,38.6
2012,"2012-07-11",500,7,48.837,-116.604,344.2
2012,"2012-07-11",100,8,48.953,-116.677,32.8
2012,"2012-07-11",500,8,48.865,-116.574,320.9
2012,"2012-07-11",100,9,48.984,-116.731,31.3
2012,"2012-07-11",500,9,48.927,-116.582,316.3
2012,"2012-07-11",100,10,49.038,-116.798,33.1
2012,"2012-07-11",500,10,49.023,-116.626,329.9
2012,"2012-07-11",100,11,49.108,-116.865,37.8
2012,"2012-07-11",500,11,49.131,-116.7,359.6
2012,"2012-07-11",100,12,49.198,-116.937,45.9
2012,"2012-07-11",500,12,49.245,-116.8,399.9
2012,"2012-07-12",100,0,49.168,-116.696,100
2012,"2012-07-12",500,0,49.168,-116.696,500
2012,"2012-07-12",100,1,49.12,-116.635,106.1
2012,"2012-07-12",500,1,49.118,-116.63,514.9
2012,"2012-07-12",100,2,49.078,-116.577,118.2
2012,"2012-07-12",500,2,49.069,-116.571,529
2012,"2012-07-12",100,3,49.041,-116.518,136.4
2012,"2012-07-12",500,3,49.022,-116.516,542.7
2012,"2012-07-12",100,4,49.006,-116.455,150.8
2012,"2012-07-12",500,4,48.964,-116.462,547.2
2012,"2012-07-12",100,5,48.968,-116.387,151.5
2012,"2012-07-12",500,5,48.888,-116.409,534.5
2012,"2012-07-12",100,6,48.933,-116.321,139.7
2012,"2012-07-12",500,6,48.799,-116.355,504.4
2012,"2012-07-12",100,7,48.905,-116.266,127.9
2012,"2012-07-12",500,7,48.723,-116.311,476.6
2012,"2012-07-12",100,8,48.886,-116.23,126.1
2012,"2012-07-12",500,8,48.675,-116.293,468.1
2012,"2012-07-12",100,9,48.872,-116.21,134.1
2012,"2012-07-12",500,9,48.65,-116.301,478.1
2012,"2012-07-12",100,10,48.861,-116.212,143
2012,"2012-07-12",500,10,48.637,-116.336,492.6
2012,"2012-07-12",100,11,48.854,-116.238,143.3
2012,"2012-07-12",500,11,48.626,-116.394,499.8
2012,"2012-07-12",100,12,48.852,-116.286,134.5
2012,"2012-07-12",500,12,48.618,-116.471,502
2012,"2012-07-13",100,0,49.168,-116.696,100
2012,"2012-07-13",500,0,49.168,-116.696,500
2012,"2012-07-13",100,1,49.232,-116.547,100.9
2012,"2012-07-13",500,1,49.229,-116.488,514.8
2012,"2012-07-13",100,2,49.32,-116.406,106.8
2012,"2012-07-13",500,2,49.304,-116.236,533.7
2012,"2012-07-13",100,3,49.431,-116.273,113.9
2012,"2012-07-13",500,3,49.396,-115.986,555.1
2012,"2012-07-13",100,4,49.539,-116.133,117.9
2012,"2012-07-13",500,4,49.478,-115.72,565.3
2012,"2012-07-13",100,5,49.634,-115.974,117.3
2012,"2012-07-13",500,5,49.529,-115.401,583.6
2012,"2012-07-13",100,6,49.72,-115.814,111.2
2012,"2012-07-13",500,6,49.537,-114.981,618.7
2012,"2012-07-13",100,7,49.792,-115.635,110.6
2012,"2012-07-13",500,7,49.555,-114.425,639.4
2012,"2012-07-13",100,8,49.848,-115.406,134.4
2012,"2012-07-13",500,8,49.684,-113.984,561.4
2012,"2012-07-13",100,9,49.889,-115.101,191
2012,"2012-07-13",500,9,49.915,-113.73,473.8
2012,"2012-07-13",100,10,49.924,-114.71,254.8
2012,"2012-07-13",500,10,50.232,-113.628,389
2012,"2012-07-13",100,11,50.022,-114.3,246.1
2012,"2012-07-13",500,11,50.499,-113.548,303
2012,"2012-07-13",100,12,50.177,-113.987,179.5
2012,"2012-07-13",500,12,50.776,-113.453,246
2012,"2012-07-14",100,0,49.168,-116.696,100
2012,"2012-07-14",500,0,49.168,-116.696,500
2012,"2012-07-14",100,1,49.156,-116.809,78.7
2012,"2012-07-14",500,1,49.157,-116.805,439.6
2012,"2012-07-14",100,2,49.159,-116.868,67.7
2012,"2012-07-14",500,2,49.156,-116.851,407.5
2012,"2012-07-14",100,3,49.176,-116.872,65.4
2012,"2012-07-14",500,3,49.165,-116.837,401.4
2012,"2012-07-14",100,4,49.208,-116.837,70.7
2012,"2012-07-14",500,4,49.189,-116.779,419.3
2012,"2012-07-14",100,5,49.258,-116.786,83.4
2012,"2012-07-14",500,5,49.228,-116.681,459.8
2012,"2012-07-14",100,6,49.329,-116.728,105.8
2012,"2012-07-14",500,6,49.272,-116.508,526.8
2012,"2012-07-14",100,7,49.399,-116.639,132.2
2012,"2012-07-14",500,7,49.315,-116.246,607.1
2012,"2012-07-14",100,8,49.45,-116.479,154.6
2012,"2012-07-14",500,8,49.363,-115.927,695.5
2012,"2012-07-14",100,9,49.485,-116.212,167.8
2012,"2012-07-14",500,9,49.413,-115.581,772.2
2012,"2012-07-14",100,10,49.531,-115.927,165.4
2012,"2012-07-14",500,10,49.439,-115.221,829.6
2012,"2012-07-14",100,11,49.602,-115.702,164.4
2012,"2012-07-14",500,11,49.396,-114.841,857.2
2012,"2012-07-14",100,12,49.664,-115.52,190.2
2012,"2012-07-14",500,12,49.294,-114.462,828.5
2012,"2012-07-15",100,0,49.168,-116.696,100
2012,"2012-07-15",500,0,49.168,-116.696,500
2012,"2012-07-15",100,1,49.1,-116.82,107.8
2012,"2012-07-15",500,1,49.066,-116.826,497.6
2012,"2012-07-15",100,2,49.068,-116.884,115.7
2012,"2012-07-15",500,2,49.028,-116.897,495.7
2012,"2012-07-15",100,3,49.088,-116.895,121.2
2012,"2012-07-15",500,3,49.053,-116.913,489.6
2012,"2012-07-15",100,4,49.124,-116.865,120.3
2012,"2012-07-15",500,4,49.092,-116.9,472.8
2012,"2012-07-15",100,5,49.145,-116.805,107.7
2012,"2012-07-15",500,5,49.101,-116.871,434.5
2012,"2012-07-15",100,6,49.15,-116.732,84.9
2012,"2012-07-15",500,6,49.085,-116.81,374.9
2012,"2012-07-15",100,7,49.142,-116.689,65.1
2012,"2012-07-15",500,7,49.052,-116.738,319.2
2012,"2012-07-15",100,8,49.118,-116.692,56.1
2012,"2012-07-15",500,8,49.01,-116.704,290.5
2012,"2012-07-15",100,9,49.08,-116.737,56.6
2012,"2012-07-15",500,9,48.962,-116.721,287.7
2012,"2012-07-15",100,10,49.032,-116.807,65
2012,"2012-07-15",500,10,48.905,-116.777,296.8
2012,"2012-07-15",100,11,48.98,-116.891,78.5
2012,"2012-07-15",500,11,48.837,-116.853,304.6
2012,"2012-07-15",100,12,48.921,-116.992,95.8
2012,"2012-07-15",500,12,48.761,-116.942,311.8
2012,"2012-07-16",100,0,49.168,-116.696,100
2012,"2012-07-16",500,0,49.168,-116.696,500
2012,"2012-07-16",100,1,49.205,-116.58,122
2012,"2012-07-16",500,1,49.201,-116.546,551.7
2012,"2012-07-16",100,2,49.236,-116.461,131.8
2012,"2012-07-16",500,2,49.229,-116.379,584.5
2012,"2012-07-16",100,3,49.263,-116.334,130.4
2012,"2012-07-16",500,3,49.254,-116.197,606.4
2012,"2012-07-16",100,4,49.286,-116.209,127.2
2012,"2012-07-16",500,4,49.284,-116.036,633.6
2012,"2012-07-16",100,5,49.31,-116.1,127.3
2012,"2012-07-16",500,5,49.329,-115.916,667
2012,"2012-07-16",100,6,49.331,-116.014,125
2012,"2012-07-16",500,6,49.39,-115.829,693.1
2012,"2012-07-16",100,7,49.363,-115.947,118.5
2012,"2012-07-16",500,7,49.47,-115.778,707.5
2012,"2012-07-16",100,8,49.42,-115.895,110.2
2012,"2012-07-16",500,8,49.571,-115.769,713.8
2012,"2012-07-16",100,9,49.506,-115.854,103.4
2012,"2012-07-16",500,9,49.693,-115.795,716.5
2012,"2012-07-16",100,10,49.597,-115.82,97.7
2012,"2012-07-16",500,10,49.809,-115.827,720.4
2012,"2012-07-16",100,11,49.669,-115.795,92.1
2012,"2012-07-16",500,11,49.899,-115.856,729
2012,"2012-07-16",100,12,49.726,-115.784,87.8
2012,"2012-07-16",500,12,49.969,-115.875,743.9
2012,"2012-07-17",100,0,49.168,-116.696,100
2012,"2012-07-17",500,0,49.168,-116.696,500
2012,"2012-07-17",100,1,49.103,-116.691,109.2
2012,"2012-07-17",500,1,49.101,-116.688,502.7
2012,"2012-07-17",100,2,49.043,-116.661,121.7
2012,"2012-07-17",500,2,49.036,-116.655,507.1
2012,"2012-07-17",100,3,48.987,-116.603,137.2
2012,"2012-07-17",500,3,48.973,-116.598,512.6
2012,"2012-07-17",100,4,48.939,-116.551,144.2
2012,"2012-07-17",500,4,48.907,-116.535,506.9
2012,"2012-07-17",100,5,48.908,-116.532,132.6
2012,"2012-07-17",500,5,48.839,-116.476,478.6
2012,"2012-07-17",100,6,48.897,-116.545,103.8
2012,"2012-07-17",500,6,48.779,-116.406,433.6
2012,"2012-07-17",100,7,48.916,-116.542,72.9
2012,"2012-07-17",500,7,48.758,-116.307,393.5
2012,"2012-07-17",100,8,48.969,-116.479,52.9
2012,"2012-07-17",500,8,48.779,-116.172,373.8
2012,"2012-07-17",100,9,49.046,-116.367,42
2012,"2012-07-17",500,9,48.825,-115.995,369.1
2012,"2012-07-17",100,10,49.122,-116.235,35.1
2012,"2012-07-17",500,10,48.86,-115.773,364.9
2012,"2012-07-17",100,11,49.183,-116.097,29.1
2012,"2012-07-17",500,11,48.869,-115.504,363.6
2012,"2012-07-17",100,12,49.239,-115.951,23.2
2012,"2012-07-17",500,12,48.862,-115.182,379.9
2012,"2012-07-18",100,0,49.168,-116.696,100
2012,"2012-07-18",500,0,49.168,-116.696,500
2012,"2012-07-18",100,1,49.112,-116.88,78.3
2012,"2012-07-18",500,1,49.107,-116.898,479.9
2012,"2012-07-18",100,2,49.076,-117.061,58.6
2012,"2012-07-18",500,2,49.076,-117.087,455
2012,"2012-07-18",100,3,49.061,-117.226,39.8
2012,"2012-07-18",500,3,49.078,-117.265,419.6
2012,"2012-07-18",100,4,49.054,-117.351,27.9
2012,"2012-07-18",500,4,49.089,-117.415,379.4
2012,"2012-07-18",100,5,49.043,-117.429,23.4
2012,"2012-07-18",500,5,49.082,-117.526,350
2012,"2012-07-18",100,6,49.032,-117.468,23.7
2012,"2012-07-18",500,6,49.054,-117.601,336.5
2012,"2012-07-18",100,7,49.013,-117.493,26.2
2012,"2012-07-18",500,7,49.007,-117.655,331.5
2012,"2012-07-18",100,8,48.981,-117.518,28.2
2012,"2012-07-18",500,8,48.946,-117.699,325.8
2012,"2012-07-18",100,9,48.935,-117.543,29.7
2012,"2012-07-18",500,9,48.868,-117.732,319.4
2012,"2012-07-18",100,10,48.881,-117.559,32.2
2012,"2012-07-18",500,10,48.786,-117.751,318.2
2012,"2012-07-18",100,11,48.83,-117.557,36.9
2012,"2012-07-18",500,11,48.712,-117.758,325.6
2012,"2012-07-18",100,12,48.781,-117.539,44.5
2012,"2012-07-18",500,12,48.647,-117.755,340.5
2012,"2012-07-19",100,0,49.168,-116.696,100
2012,"2012-07-19",500,0,49.168,-116.696,500
2012,"2012-07-19",100,1,49.092,-116.752,78.1
2012,"2012-07-19",500,1,49.084,-116.76,472
2012,"2012-07-19",100,2,49.026,-116.819,72.6
2012,"2012-07-19",500,2,49.017,-116.827,472.3
2012,"2012-07-19",100,3,48.978,-116.893,79.8
2012,"2012-07-19",500,3,48.968,-116.901,501.8
2012,"2012-07-19",100,4,48.951,-116.958,93.1
2012,"2012-07-19",500,4,48.928,-117.018,538.8
2012,"2012-07-19",100,5,48.947,-117.013,104.2
2012,"2012-07-19",500,5,48.888,-117.185,562.2
2012,"2012-07-19",100,6,48.971,-117.065,111.5
2012,"2012-07-19",500,6,48.859,-117.363,568.6
2012,"2012-07-19",100,7,49.009,-117.118,126
2012,"2012-07-19",500,7,48.863,-117.516,589
2012,"2012-07-19",100,8,49.048,-117.176,160.5
2012,"2012-07-19",500,8,48.891,-117.658,649.8
2012,"2012-07-19",100,9,49.081,-117.235,219.3
2012,"2012-07-19",500,9,48.93,-117.805,753.1
2012,"2012-07-19",100,10,49.124,-117.322,285.1
2012,"2012-07-19",500,10,48.969,-117.976,855.7
2012,"2012-07-19",100,11,49.191,-117.461,333.5
2012,"2012-07-19",500,11,49.01,-118.192,918.5
2012,"2012-07-19",100,12,49.3,-117.663,372.1
2012,"2012-07-19",500,12,49.054,-118.442,956.5
2012,"2012-07-20",100,0,49.168,-116.696,100
2012,"2012-07-20",500,0,49.168,-116.696,500
2012,"2012-07-20",100,1,49.027,-116.712,113.3
2012,"2012-07-20",500,1,48.974,-116.729,504
2012,"2012-07-20",100,2,48.929,-116.658,133.5
2012,"2012-07-20",500,2,48.831,-116.712,513.4
2012,"2012-07-20",100,3,48.878,-116.531,159.8
2012,"2012-07-20",500,3,48.732,-116.642,518.7
2012,"2012-07-20",100,4,48.859,-116.382,183.3
2012,"2012-07-20",500,4,48.646,-116.564,516.1
2012,"2012-07-20",100,5,48.853,-116.268,196.6
2012,"2012-07-20",500,5,48.538,-116.524,506
2012,"2012-07-20",100,6,48.86,-116.189,199.8
2012,"2012-07-20",500,6,48.416,-116.519,497.8
2012,"2012-07-20",100,7,48.886,-116.102,207.6
2012,"2012-07-20",500,7,48.302,-116.502,504.7
2012,"2012-07-20",100,8,48.923,-115.962,231.8
2012,"2012-07-20",500,8,48.194,-116.434,525.8
2012,"2012-07-20",100,9,48.942,-115.769,270.7
2012,"2012-07-20",500,9,48.083,-116.3,558.8
2012,"2012-07-20",100,10,48.92,-115.545,313.5
2012,"2012-07-20",500,10,47.975,-116.11,604.8
2012,"2012-07-20",100,11,48.872,-115.321,356.2
2012,"2012-07-20",500,11,47.879,-115.889,659.1
2012,"2012-07-20",100,12,48.821,-115.116,402.7
2012,"2012-07-20",500,12,47.774,-115.651,705.4
2012,"2012-07-21",100,0,49.168,-116.696,100
2012,"2012-07-21",500,0,49.168,-116.696,500
2012,"2012-07-21",100,1,49.067,-116.832,89.8
2012,"2012-07-21",500,1,49.061,-116.839,483.6
2012,"2012-07-21",100,2,48.978,-116.968,88.3
2012,"2012-07-21",500,2,48.975,-116.965,481
2012,"2012-07-21",100,3,48.906,-117.085,91.9
2012,"2012-07-21",500,3,48.912,-117.073,485.3
2012,"2012-07-21",100,4,48.843,-117.178,100.1
2012,"2012-07-21",500,4,48.858,-117.183,491.6
2012,"2012-07-21",100,5,48.773,-117.254,112.9
2012,"2012-07-21",500,5,48.795,-117.299,493.9
2012,"2012-07-21",100,6,48.691,-117.326,127.9
2012,"2012-07-21",500,6,48.722,-117.406,488
2012,"2012-07-21",100,7,48.622,-117.39,134.5
2012,"2012-07-21",500,7,48.659,-117.484,469.2
2012,"2012-07-21",100,8,48.585,-117.436,129.8
2012,"2012-07-21",500,8,48.631,-117.539,440
2012,"2012-07-21",100,9,48.574,-117.464,116.8
2012,"2012-07-21",500,9,48.637,-117.58,404.9
2012,"2012-07-21",100,10,48.57,-117.511,106.4
2012,"2012-07-21",500,10,48.654,-117.645,374.7
2012,"2012-07-21",100,11,48.537,-117.596,109.2
2012,"2012-07-21",500,11,48.652,-117.762,363.8
2012,"2012-07-21",100,12,48.465,-117.714,129.7
2012,"2012-07-21",500,12,48.632,-117.934,380.1
2012,"2012-07-22",100,0,49.168,-116.696,100
2012,"2012-07-22",500,0,49.168,-116.696,500
2012,"2012-07-22",100,1,49.088,-116.534,101
2012,"2012-07-22",500,1,49.066,-116.518,515.4
2012,"2012-07-22",100,2,49.04,-116.366,93.2
2012,"2012-07-22",500,2,48.994,-116.328,512.1
2012,"2012-07-22",100,3,49.027,-116.19,81
2012,"2012-07-22",500,3,48.962,-116.129,494.4
2012,"2012-07-22",100,4,49.029,-116.03,67.5
2012,"2012-07-22",500,4,48.942,-115.945,469.1
2012,"2012-07-22",100,5,49.03,-115.907,54.6
2012,"2012-07-22",500,5,48.907,-115.797,438.1
2012,"2012-07-22",100,6,49.032,-115.817,42.3
2012,"2012-07-22",500,6,48.858,-115.675,397.4
2012,"2012-07-22",100,7,49.023,-115.753,31.9
2012,"2012-07-22",500,7,48.81,-115.583,351.1
2012,"2012-07-22",100,8,48.989,-115.705,24.2
2012,"2012-07-22",500,8,48.774,-115.521,303.3
2012,"2012-07-22",100,9,48.929,-115.665,18.5
2012,"2012-07-22",500,9,48.749,-115.471,254
2012,"2012-07-22",100,10,48.855,-115.646,14.8
2012,"2012-07-22",500,10,48.718,-115.431,213.1
2012,"2012-07-22",100,11,48.781,-115.667,13
2012,"2012-07-22",500,11,48.662,-115.414,189.4
2012,"2012-07-22",100,12,48.709,-115.727,12.6
2012,"2012-07-22",500,12,48.586,-115.426,181.4
2012,"2012-07-23",100,0,49.168,-116.696,100
2012,"2012-07-23",500,0,49.168,-116.696,500
2012,"2012-07-23",100,1,48.976,-116.878,68.5
2012,"2012-07-23",500,1,48.955,-116.85,427.1
2012,"2012-07-23",100,2,48.787,-117.035,40.2
2012,"2012-07-23",500,2,48.775,-116.958,359.4
2012,"2012-07-23",100,3,48.601,-117.186,19.8
2012,"2012-07-23",500,3,48.625,-117.02,271.1
2012,"2012-07-23",100,4,48.423,-117.316,5.7
2012,"2012-07-23",500,4,48.484,-117.087,184
2012,"2012-07-23",100,5,48.251,-117.46,0
2012,"2012-07-23",500,5,48.332,-117.195,121
2012,"2012-07-23",100,6,48.084,-117.641,0
2012,"2012-07-23",500,6,48.168,-117.326,79.1
2012,"2012-07-23",100,7,47.933,-117.84,0
2012,"2012-07-23",500,7,48,-117.487,47.9
2012,"2012-07-23",100,8,47.815,-118.035,0
2012,"2012-07-23",500,8,47.842,-117.663,30.2
2012,"2012-07-23",100,9,47.727,-118.223,0
2012,"2012-07-23",500,9,47.709,-117.834,22.8
2012,"2012-07-23",100,10,47.644,-118.414,0
2012,"2012-07-23",500,10,47.605,-118.02,18.6
2012,"2012-07-23",100,11,47.563,-118.626,0.2
2012,"2012-07-23",500,11,47.515,-118.24,15.6
2012,"2012-07-23",100,12,47.491,-118.877,0
2012,"2012-07-23",500,12,47.42,-118.479,13.5
2012,"2012-07-24",100,0,49.168,-116.696,100
2012,"2012-07-24",500,0,49.168,-116.696,500
2012,"2012-07-24",100,1,49.128,-116.903,85.7
2012,"2012-07-24",500,1,49.143,-116.97,498.3
2012,"2012-07-24",100,2,49.094,-117.104,69.6
2012,"2012-07-24",500,2,49.12,-117.221,484.5
2012,"2012-07-24",100,3,49.068,-117.286,52.5
2012,"2012-07-24",500,3,49.096,-117.447,454
2012,"2012-07-24",100,4,49.051,-117.431,34.8
2012,"2012-07-24",500,4,49.069,-117.645,412
2012,"2012-07-24",100,5,49.043,-117.535,18.1
2012,"2012-07-24",500,5,49.035,-117.811,367.7
2012,"2012-07-24",100,6,49.046,-117.615,2.2
2012,"2012-07-24",500,6,48.993,-117.945,323.7
2012,"2012-07-24",100,7,49.059,-117.689,0
2012,"2012-07-24",500,7,48.962,-118.05,286.5
2012,"2012-07-24",100,8,49.081,-117.766,0
2012,"2012-07-24",500,8,48.96,-118.135,262.9
2012,"2012-07-24",100,9,49.112,-117.844,0
2012,"2012-07-24",500,9,48.989,-118.206,253.9
2012,"2012-07-24",100,10,49.146,-117.923,0
2012,"2012-07-24",500,10,49.029,-118.278,256.8
2012,"2012-07-24",100,11,49.177,-118.002,0
2012,"2012-07-24",500,11,49.058,-118.361,266.6
2012,"2012-07-24",100,12,49.206,-118.082,0
2012,"2012-07-24",500,12,49.078,-118.453,282.3
2012,"2012-07-25",100,0,49.168,-116.696,100
2012,"2012-07-25",500,0,49.168,-116.696,500
2012,"2012-07-25",100,1,49.145,-116.813,113.7
2012,"2012-07-25",500,1,49.144,-116.827,517.9
2012,"2012-07-25",100,2,49.135,-116.922,128.9
2012,"2012-07-25",500,2,49.137,-116.95,536.9
2012,"2012-07-25",100,3,49.139,-117.025,143.9
2012,"2012-07-25",500,3,49.146,-117.069,554.1
2012,"2012-07-25",100,4,49.151,-117.122,155
2012,"2012-07-25",500,4,49.177,-117.185,569.9
2012,"2012-07-25",100,5,49.166,-117.213,159.5
2012,"2012-07-25",500,5,49.231,-117.3,586.3
2012,"2012-07-25",100,6,49.18,-117.296,159.1
2012,"2012-07-25",500,6,49.303,-117.411,612.5
2012,"2012-07-25",100,7,49.197,-117.365,158.2
2012,"2012-07-25",500,7,49.385,-117.518,655
2012,"2012-07-25",100,8,49.225,-117.419,160.7
2012,"2012-07-25",500,8,49.48,-117.624,710
2012,"2012-07-25",100,9,49.27,-117.461,166.6
2012,"2012-07-25",500,9,49.604,-117.738,761.6
2012,"2012-07-25",100,10,49.329,-117.52,180.2
2012,"2012-07-25",500,10,49.747,-117.882,809
2012,"2012-07-25",100,11,49.398,-117.629,205.9
2012,"2012-07-25",500,11,49.887,-118.055,858.8
2012,"2012-07-25",100,12,49.469,-117.784,246.4
2012,"2012-07-25",500,12,50.02,-118.248,894.3
2012,"2012-07-26",100,0,49.168,-116.696,100
2012,"2012-07-26",500,0,49.168,-116.696,500
2012,"2012-07-26",100,1,49.119,-116.787,67.6
2012,"2012-07-26",500,1,49.121,-116.809,468
2012,"2012-07-26",100,2,49.07,-116.834,52.2
2012,"2012-07-26",500,2,49.071,-116.879,451.7
2012,"2012-07-26",100,3,49.024,-116.84,47.1
2012,"2012-07-26",500,3,49.021,-116.911,450.4
2012,"2012-07-26",100,4,48.991,-116.817,46.3
2012,"2012-07-26",500,4,48.978,-116.917,456.6
2012,"2012-07-26",100,5,48.977,-116.775,46.2
2012,"2012-07-26",500,5,48.952,-116.908,462.2
2012,"2012-07-26",100,6,48.983,-116.716,46.7
2012,"2012-07-26",500,6,48.944,-116.886,466.4
2012,"2012-07-26",100,7,49.011,-116.651,51.6
2012,"2012-07-26",500,7,48.953,-116.86,481.9
2012,"2012-07-26",100,8,49.057,-116.595,68.6
2012,"2012-07-26",500,8,48.98,-116.844,523.5
2012,"2012-07-26",100,9,49.118,-116.553,106.4
2012,"2012-07-26",500,9,49.023,-116.85,591.6
2012,"2012-07-26",100,10,49.181,-116.532,162
2012,"2012-07-26",500,10,49.066,-116.88,672.4
2012,"2012-07-26",100,11,49.231,-116.526,221.2
2012,"2012-07-26",500,11,49.094,-116.924,753.3
2012,"2012-07-26",100,12,49.268,-116.532,280.4
2012,"2012-07-26",500,12,49.107,-116.974,835.1
2012,"2012-07-27",100,0,49.168,-116.696,100
2012,"2012-07-27",500,0,49.168,-116.696,500
2012,"2012-07-27",100,1,49.045,-116.713,80.3
2012,"2012-07-27",500,1,49.026,-116.691,459
2012,"2012-07-27",100,2,48.946,-116.709,67
2012,"2012-07-27",500,2,48.903,-116.67,426.3
2012,"2012-07-27",100,3,48.872,-116.683,58.3
2012,"2012-07-27",500,3,48.803,-116.638,396.4
2012,"2012-07-27",100,4,48.827,-116.637,42.7
2012,"2012-07-27",500,4,48.727,-116.584,353.8
2012,"2012-07-27",100,5,48.815,-116.577,22.8
2012,"2012-07-27",500,5,48.683,-116.49,288.2
2012,"2012-07-27",100,6,48.839,-116.495,7
2012,"2012-07-27",500,6,48.679,-116.373,205.6
2012,"2012-07-27",100,7,48.885,-116.39,0
2012,"2012-07-27",500,7,48.719,-116.254,135.9
2012,"2012-07-27",100,8,48.939,-116.27,0
2012,"2012-07-27",500,8,48.787,-116.117,105.6
2012,"2012-07-27",100,9,49.001,-116.138,0
2012,"2012-07-27",500,9,48.862,-115.958,105.5
2012,"2012-07-27",100,10,49.058,-116.013,0.4
2012,"2012-07-27",500,10,48.921,-115.804,116.7
2012,"2012-07-27",100,11,49.102,-115.917,1
2012,"2012-07-27",500,11,48.952,-115.668,127.8
2012,"2012-07-27",100,12,49.137,-115.851,1.8
2012,"2012-07-27",500,12,48.954,-115.538,140.1
2012,"2012-07-28",100,0,49.168,-116.696,100
2012,"2012-07-28",500,0,49.168,-116.696,500
2012,"2012-07-28",100,1,49.084,-116.815,94.5
2012,"2012-07-28",500,1,49.08,-116.827,483.8
2012,"2012-07-28",100,2,48.998,-116.899,93.8
2012,"2012-07-28",500,2,48.991,-116.921,472.5
2012,"2012-07-28",100,3,48.911,-116.946,95.6
2012,"2012-07-28",500,3,48.904,-116.976,462.5
2012,"2012-07-28",100,4,48.832,-116.978,91.9
2012,"2012-07-28",500,4,48.823,-117.022,444.5
2012,"2012-07-28",100,5,48.768,-117.026,77.5
2012,"2012-07-28",500,5,48.758,-117.086,410
2012,"2012-07-28",100,6,48.715,-117.087,57.3
2012,"2012-07-28",500,6,48.715,-117.163,361.5
2012,"2012-07-28",100,7,48.664,-117.151,39.2
2012,"2012-07-28",500,7,48.683,-117.235,310.9
2012,"2012-07-28",100,8,48.604,-117.21,25.6
2012,"2012-07-28",500,8,48.647,-117.291,263.5
2012,"2012-07-28",100,9,48.536,-117.269,15.8
2012,"2012-07-28",500,9,48.607,-117.335,214.9
2012,"2012-07-28",100,10,48.456,-117.331,8.9
2012,"2012-07-28",500,10,48.562,-117.371,165
2012,"2012-07-28",100,11,48.358,-117.4,4.9
2012,"2012-07-28",500,11,48.507,-117.398,120.9
2012,"2012-07-28",100,12,48.241,-117.493,2
2012,"2012-07-28",500,12,48.418,-117.427,88.8
2012,"2012-07-29",100,0,49.168,-116.696,100
2012,"2012-07-29",500,0,49.168,-116.696,500
2012,"2012-07-29",100,1,49.111,-116.755,97.4
2012,"2012-07-29",500,1,49.108,-116.771,502.1
2012,"2012-07-29",100,2,49.057,-116.803,89.1
2012,"2012-07-29",500,2,49.048,-116.84,494.1
2012,"2012-07-29",100,3,49.01,-116.838,76.4
2012,"2012-07-29",500,3,48.987,-116.902,473.3
2012,"2012-07-29",100,4,48.976,-116.858,59.4
2012,"2012-07-29",500,4,48.936,-116.952,433.3
2012,"2012-07-29",100,5,48.962,-116.858,40.5
2012,"2012-07-29",500,5,48.908,-116.989,368.6
2012,"2012-07-29",100,6,48.962,-116.835,24.6
2012,"2012-07-29",500,6,48.91,-117.013,279.9
2012,"2012-07-29",100,7,48.975,-116.803,15.3
2012,"2012-07-29",500,7,48.926,-117.021,203.3
2012,"2012-07-29",100,8,49.002,-116.772,11.7
2012,"2012-07-29",500,8,48.939,-117.015,167.1
2012,"2012-07-29",100,9,49.04,-116.741,11.4
2012,"2012-07-29",500,9,48.946,-116.997,167
2012,"2012-07-29",100,10,49.079,-116.719,12.2
2012,"2012-07-29",500,10,48.956,-116.985,177.3
2012,"2012-07-29",100,11,49.111,-116.719,11.2
2012,"2012-07-29",500,11,48.982,-116.991,172.5
2012,"2012-07-29",100,12,49.141,-116.736,8.3
2012,"2012-07-29",500,12,49.026,-117.011,153.5
2012,"2012-07-30",100,0,49.168,-116.696,100
2012,"2012-07-30",500,0,49.168,-116.696,500
2012,"2012-07-30",100,1,49.07,-116.731,74.6
2012,"2012-07-30",500,1,49.05,-116.732,470.5
2012,"2012-07-30",100,2,48.988,-116.745,69.7
2012,"2012-07-30",500,2,48.942,-116.737,467.4
2012,"2012-07-30",100,3,48.918,-116.724,79
2012,"2012-07-30",500,3,48.845,-116.712,482.4
2012,"2012-07-30",100,4,48.868,-116.677,82
2012,"2012-07-30",500,4,48.763,-116.688,483.6
2012,"2012-07-30",100,5,48.851,-116.627,60.4
2012,"2012-07-30",500,5,48.707,-116.681,445
2012,"2012-07-30",100,6,48.867,-116.564,31.7
2012,"2012-07-30",500,6,48.684,-116.676,370.5
2012,"2012-07-30",100,7,48.893,-116.483,14.7
2012,"2012-07-30",500,7,48.679,-116.65,294.3
2012,"2012-07-30",100,8,48.917,-116.394,9.4
2012,"2012-07-30",500,8,48.662,-116.609,250.9
2012,"2012-07-30",100,9,48.944,-116.295,8.9
2012,"2012-07-30",500,9,48.625,-116.556,239.8
2012,"2012-07-30",100,10,48.967,-116.199,9.3
2012,"2012-07-30",500,10,48.579,-116.506,238.7
2012,"2012-07-30",100,11,48.976,-116.123,9
2012,"2012-07-30",500,11,48.542,-116.467,226.5
2012,"2012-07-30",100,12,48.968,-116.075,7.9
2012,"2012-07-30",500,12,48.515,-116.437,204.2
2012,"2012-07-31",100,0,49.168,-116.696,100
2012,"2012-07-31",500,0,49.168,-116.696,500
2012,"2012-07-31",100,1,49.061,-116.841,61
2012,"2012-07-31",500,1,49.053,-116.845,431.1
2012,"2012-07-31",100,2,48.952,-116.967,41.4
2012,"2012-07-31",500,2,48.941,-116.955,376.4
2012,"2012-07-31",100,3,48.848,-117.056,28.7
2012,"2012-07-31",500,3,48.833,-117.025,329.7
2012,"2012-07-31",100,4,48.756,-117.109,16.8
2012,"2012-07-31",500,4,48.739,-117.058,274.1
2012,"2012-07-31",100,5,48.681,-117.133,5.8
2012,"2012-07-31",500,5,48.672,-117.065,199.8
2012,"2012-07-31",100,6,48.62,-117.132,0
2012,"2012-07-31",500,6,48.632,-117.054,112.7
2012,"2012-07-31",100,7,48.568,-117.128,0
2012,"2012-07-31",500,7,48.589,-117.049,57.7
2012,"2012-07-31",100,8,48.524,-117.141,0
2012,"2012-07-31",500,8,48.543,-117.059,32.4
2012,"2012-07-31",100,9,48.491,-117.171,0
2012,"2012-07-31",500,9,48.495,-117.086,23.8
2012,"2012-07-31",100,10,48.46,-117.213,0.8
2012,"2012-07-31",500,10,48.441,-117.128,24.3
2012,"2012-07-31",100,11,48.412,-117.261,3.5
2012,"2012-07-31",500,11,48.372,-117.186,33
2012,"2012-07-31",100,12,48.338,-117.318,8.1
2012,"2012-07-31",500,12,48.285,-117.262,54.7
2012,"2012-08-01",100,0,49.168,-116.696,100
2012,"2012-08-01",500,0,49.168,-116.696,500
2012,"2012-08-01",100,1,49.083,-116.84,101.7
2012,"2012-08-01",500,1,49.074,-116.856,489
2012,"2012-08-01",100,2,49.003,-116.951,105.9
2012,"2012-08-01",500,2,48.984,-116.977,485.5
2012,"2012-08-01",100,3,48.927,-117.025,111.7
2012,"2012-08-01",500,3,48.896,-117.061,484.5
2012,"2012-08-01",100,4,48.869,-117.067,111.9
2012,"2012-08-01",500,4,48.825,-117.118,478.4
2012,"2012-08-01",100,5,48.847,-117.09,98.5
2012,"2012-08-01",500,5,48.792,-117.162,460.3
2012,"2012-08-01",100,6,48.861,-117.095,75.4
2012,"2012-08-01",500,6,48.802,-117.194,431.6
2012,"2012-08-01",100,7,48.896,-117.097,60.2
2012,"2012-08-01",500,7,48.838,-117.221,414.4
2012,"2012-08-01",100,8,48.948,-117.118,60.4
2012,"2012-08-01",500,8,48.884,-117.247,428
2012,"2012-08-01",100,9,49.013,-117.153,73.2
2012,"2012-08-01",500,9,48.937,-117.277,468.6
2012,"2012-08-01",100,10,49.08,-117.194,86.7
2012,"2012-08-01",500,10,49,-117.323,512.9
2012,"2012-08-01",100,11,49.149,-117.245,84.7
2012,"2012-08-01",500,11,49.081,-117.396,539.3
2012,"2012-08-01",100,12,49.225,-117.307,66.8
2012,"2012-08-01",500,12,49.18,-117.492,552.1
2012,"2012-08-02",100,0,49.168,-116.696,100
2012,"2012-08-02",500,0,49.168,-116.696,500
2012,"2012-08-02",100,1,49.245,-116.935,151.1
2012,"2012-08-02",500,1,49.257,-116.97,586.8
2012,"2012-08-02",100,2,49.302,-117.147,206.5
2012,"2012-08-02",500,2,49.343,-117.213,681.3
2012,"2012-08-02",100,3,49.345,-117.335,266.8
2012,"2012-08-02",500,3,49.437,-117.429,797.8
2012,"2012-08-02",100,4,49.411,-117.489,332
2012,"2012-08-02",500,4,49.584,-117.626,914.4
2012,"2012-08-02",100,5,49.531,-117.599,416.4
2012,"2012-08-02",500,5,49.795,-117.84,1001.9
2012,"2012-08-02",100,6,49.727,-117.679,499.3
2012,"2012-08-02",500,6,50.018,-118.034,1022.5
2012,"2012-08-02",100,7,49.953,-117.778,517.4
2012,"2012-08-02",500,7,50.239,-118.227,968.4
2012,"2012-08-02",100,8,50.14,-117.923,415.7
2012,"2012-08-02",500,8,50.465,-118.441,902.7
2012,"2012-08-02",100,9,50.313,-118.125,322.1
2012,"2012-08-02",500,9,50.679,-118.638,819
2012,"2012-08-02",100,10,50.45,-118.368,249.1
2012,"2012-08-02",500,10,50.872,-118.813,733.8
2012,"2012-08-02",100,11,50.519,-118.631,180
2012,"2012-08-02",500,11,51.044,-118.996,680.8
2012,"2012-08-02",100,12,50.556,-118.901,129.1
2012,"2012-08-02",500,12,51.192,-119.213,674.7
2012,"2012-08-03",100,0,49.168,-116.696,100
2012,"2012-08-03",500,0,49.168,-116.696,500
2012,"2012-08-03",100,1,49.236,-116.789,106.8
2012,"2012-08-03",500,1,49.252,-116.793,513.2
2012,"2012-08-03",100,2,49.313,-116.893,128.5
2012,"2012-08-03",500,2,49.356,-116.896,551.3
2012,"2012-08-03",100,3,49.401,-117.006,172
2012,"2012-08-03",500,3,49.486,-117,630
2012,"2012-08-03",100,4,49.499,-117.11,239.9
2012,"2012-08-03",500,4,49.663,-117.082,739.3
2012,"2012-08-03",100,5,49.617,-117.191,320.5
2012,"2012-08-03",500,5,49.895,-117.142,839.5
2012,"2012-08-03",100,6,49.756,-117.275,393.9
2012,"2012-08-03",500,6,50.114,-117.256,872.9
2012,"2012-08-03",100,7,49.905,-117.394,449
2012,"2012-08-03",500,7,50.295,-117.439,858.4
2012,"2012-08-03",100,8,50.041,-117.574,433.8
2012,"2012-08-03",500,8,50.485,-117.592,893.2
2012,"2012-08-03",100,9,50.166,-117.794,381.8
2012,"2012-08-03",500,9,50.74,-117.643,1009.7
2012,"2012-08-03",100,10,50.325,-118.063,348
2012,"2012-08-03",500,10,51.132,-117.619,1129.3
2012,"2012-08-03",100,11,50.519,-118.371,329
2012,"2012-08-03",500,11,51.574,-117.593,1232.6
2012,"2012-08-03",100,12,50.687,-118.643,282.9
2012,"2012-08-03",500,12,52.017,-117.576,1352.8
2012,"2012-08-04",100,0,49.168,-116.696,100
2012,"2012-08-04",500,0,49.168,-116.696,500
2012,"2012-08-04",100,1,49.135,-116.755,72.3
2012,"2012-08-04",500,1,49.136,-116.758,475.8
2012,"2012-08-04",100,2,49.115,-116.804,56.8
2012,"2012-08-04",500,2,49.126,-116.813,458.3
2012,"2012-08-04",100,3,49.107,-116.84,49.5
2012,"2012-08-04",500,3,49.139,-116.862,448
2012,"2012-08-04",100,4,49.104,-116.862,48.3
2012,"2012-08-04",500,4,49.159,-116.909,446.8
2012,"2012-08-04",100,5,49.099,-116.87,52.5
2012,"2012-08-04",500,5,49.169,-116.953,456.5
2012,"2012-08-04",100,6,49.093,-116.865,62.5
2012,"2012-08-04",500,6,49.168,-116.994,476.8
2012,"2012-08-04",100,7,49.091,-116.86,74.7
2012,"2012-08-04",500,7,49.173,-117.032,501.5
2012,"2012-08-04",100,8,49.098,-116.862,84
2012,"2012-08-04",500,8,49.2,-117.067,525
2012,"2012-08-04",100,9,49.116,-116.867,89.5
2012,"2012-08-04",500,9,49.249,-117.102,548.6
2012,"2012-08-04",100,10,49.138,-116.874,97.5
2012,"2012-08-04",500,10,49.32,-117.13,579
2012,"2012-08-04",100,11,49.154,-116.886,116.3
2012,"2012-08-04",500,11,49.411,-117.145,624.1
2012,"2012-08-04",100,12,49.163,-116.903,147.2
2012,"2012-08-04",500,12,49.53,-117.154,688.3
2012,"2012-08-05",100,0,49.168,-116.696,100
2012,"2012-08-05",500,0,49.168,-116.696,500
2012,"2012-08-05",100,1,49.109,-116.79,123.8
2012,"2012-08-05",500,1,49.105,-116.804,530.6
2012,"2012-08-05",100,2,49.068,-116.861,143.2
2012,"2012-08-05",500,2,49.066,-116.888,558
2012,"2012-08-05",100,3,49.045,-116.909,159.2
2012,"2012-08-05",500,3,49.052,-116.952,581.3
2012,"2012-08-05",100,4,49.038,-116.944,176.8
2012,"2012-08-05",500,4,49.06,-117.006,606
2012,"2012-08-05",100,5,49.044,-116.975,201.7
2012,"2012-08-05",500,5,49.087,-117.065,637.7
2012,"2012-08-05",100,6,49.064,-117.005,233.7
2012,"2012-08-05",500,6,49.133,-117.128,675.1
2012,"2012-08-05",100,7,49.09,-117.038,263.3
2012,"2012-08-05",500,7,49.184,-117.198,708.8
2012,"2012-08-05",100,8,49.112,-117.076,281.9
2012,"2012-08-05",500,8,49.223,-117.277,731.2
2012,"2012-08-05",100,9,49.129,-117.117,289.1
2012,"2012-08-05",500,9,49.248,-117.363,741.5
2012,"2012-08-05",100,10,49.134,-117.161,292
2012,"2012-08-05",500,10,49.258,-117.457,746.1
2012,"2012-08-05",100,11,49.12,-117.215,298
2012,"2012-08-05",500,11,49.251,-117.564,751.3
2012,"2012-08-05",100,12,49.087,-117.277,307.5
2012,"2012-08-05",500,12,49.227,-117.68,756.9
2012,"2012-08-06",100,0,49.168,-116.696,100
2012,"2012-08-06",500,0,49.168,-116.696,500
2012,"2012-08-06",100,1,49.048,-116.746,87.6
2012,"2012-08-06",500,1,49.027,-116.726,465.8
2012,"2012-08-06",100,2,48.938,-116.784,82.8
2012,"2012-08-06",500,2,48.886,-116.732,446.9
2012,"2012-08-06",100,3,48.837,-116.789,84.9
2012,"2012-08-06",500,3,48.746,-116.709,437.5
2012,"2012-08-06",100,4,48.747,-116.777,88.8
2012,"2012-08-06",500,4,48.615,-116.698,426.3
2012,"2012-08-06",100,5,48.679,-116.788,87.1
2012,"2012-08-06",500,5,48.51,-116.736,403.9
2012,"2012-08-06",100,6,48.636,-116.823,79
2012,"2012-08-06",500,6,48.44,-116.814,374.1
2012,"2012-08-06",100,7,48.604,-116.839,67.2
2012,"2012-08-06",500,7,48.401,-116.868,343.4
2012,"2012-08-06",100,8,48.574,-116.801,54.9
2012,"2012-08-06",500,8,48.368,-116.853,315.5
2012,"2012-08-06",100,9,48.544,-116.719,42.9
2012,"2012-08-06",500,9,48.328,-116.777,288.5
2012,"2012-08-06",100,10,48.515,-116.622,32.1
2012,"2012-08-06",500,10,48.281,-116.689,256.8
2012,"2012-08-06",100,11,48.483,-116.536,23.3
2012,"2012-08-06",500,11,48.234,-116.618,217.6
2012,"2012-08-06",100,12,48.444,-116.461,16.6
2012,"2012-08-06",500,12,48.188,-116.557,173.7
2012,"2012-08-07",100,0,49.168,-116.696,100
2012,"2012-08-07",500,0,49.168,-116.696,500
2012,"2012-08-07",100,1,49.166,-116.757,95
2012,"2012-08-07",500,1,49.163,-116.785,528.6
2012,"2012-08-07",100,2,49.162,-116.798,92
2012,"2012-08-07",500,2,49.161,-116.866,559
2012,"2012-08-07",100,3,49.156,-116.824,90.6
2012,"2012-08-07",500,3,49.164,-116.946,592
2012,"2012-08-07",100,4,49.152,-116.847,88.1
2012,"2012-08-07",500,4,49.175,-117.059,621.7
2012,"2012-08-07",100,5,49.157,-116.876,81.8
2012,"2012-08-07",500,5,49.196,-117.229,642.2
2012,"2012-08-07",100,6,49.172,-116.907,72.4
2012,"2012-08-07",500,6,49.226,-117.444,652.2
2012,"2012-08-07",100,7,49.196,-116.945,61.5
2012,"2012-08-07",500,7,49.264,-117.667,657.5
2012,"2012-08-07",100,8,49.232,-116.997,50.7
2012,"2012-08-07",500,8,49.308,-117.883,663.2
2012,"2012-08-07",100,9,49.278,-117.072,41.6
2012,"2012-08-07",500,9,49.362,-118.111,665.9
2012,"2012-08-07",100,10,49.312,-117.164,32.9
2012,"2012-08-07",500,10,49.396,-118.348,653.9
2012,"2012-08-07",100,11,49.322,-117.261,22.4
2012,"2012-08-07",500,11,49.397,-118.588,624.6
2012,"2012-08-07",100,12,49.316,-117.368,11.5
2012,"2012-08-07",500,12,49.373,-118.85,584.7
2012,"2012-08-08",100,0,49.168,-116.696,100
2012,"2012-08-08",500,0,49.168,-116.696,500
2012,"2012-08-08",100,1,49.049,-116.848,74.7
2012,"2012-08-08",500,1,49.03,-116.874,443.5
2012,"2012-08-08",100,2,48.937,-116.934,58.6
2012,"2012-08-08",500,2,48.895,-116.986,394
2012,"2012-08-08",100,3,48.829,-116.953,49
2012,"2012-08-08",500,3,48.77,-117.013,348.9
2012,"2012-08-08",100,4,48.731,-116.916,44.2
2012,"2012-08-08",500,4,48.655,-116.964,303.7
2012,"2012-08-08",100,5,48.654,-116.84,40.9
2012,"2012-08-08",500,5,48.558,-116.868,260.5
2012,"2012-08-08",100,6,48.614,-116.732,37.3
2012,"2012-08-08",500,6,48.492,-116.739,223.9
2012,"2012-08-08",100,7,48.618,-116.602,32.9
2012,"2012-08-08",500,7,48.46,-116.557,193.1
2012,"2012-08-08",100,8,48.663,-116.454,27.2
2012,"2012-08-08",500,8,48.458,-116.312,168.2
2012,"2012-08-08",100,9,48.742,-116.279,21
2012,"2012-08-08",500,9,48.473,-116.029,155.9
2012,"2012-08-08",100,10,48.833,-116.091,17.3
2012,"2012-08-08",500,10,48.456,-115.728,155.4
2012,"2012-08-08",100,11,48.918,-115.906,16
2012,"2012-08-08",500,11,48.406,-115.428,159.4
2012,"2012-08-08",100,12,48.992,-115.722,15.5
2012,"2012-08-08",500,12,48.38,-115.149,162.8
2012,"2012-08-09",100,0,49.168,-116.696,100
2012,"2012-08-09",500,0,49.168,-116.696,500
2012,"2012-08-09",100,1,49.059,-116.709,121.8
2012,"2012-08-09",500,1,49.047,-116.708,515.8
2012,"2012-08-09",100,2,48.962,-116.725,143.8
2012,"2012-08-09",500,2,48.931,-116.746,535
2012,"2012-08-09",100,3,48.882,-116.749,171.7
2012,"2012-08-09",500,3,48.82,-116.815,557.5
2012,"2012-08-09",100,4,48.813,-116.786,192.5
2012,"2012-08-09",500,4,48.707,-116.908,566.4
2012,"2012-08-09",100,5,48.749,-116.832,188
2012,"2012-08-09",500,5,48.588,-117.007,546.4
2012,"2012-08-09",100,6,48.688,-116.883,156.7
2012,"2012-08-09",500,6,48.481,-117.099,494.2
2012,"2012-08-09",100,7,48.627,-116.919,118.1
2012,"2012-08-09",500,7,48.401,-117.155,432.9
2012,"2012-08-09",100,8,48.565,-116.918,91
2012,"2012-08-09",500,8,48.334,-117.169,388.6
2012,"2012-08-09",100,9,48.491,-116.887,72.9
2012,"2012-08-09",500,9,48.254,-117.152,355.4
2012,"2012-08-09",100,10,48.415,-116.877,60.4
2012,"2012-08-09",500,10,48.162,-117.152,320.3
2012,"2012-08-09",100,11,48.344,-116.919,52.8
2012,"2012-08-09",500,11,48.086,-117.21,278.7
2012,"2012-08-09",100,12,48.278,-117.001,49
2012,"2012-08-09",500,12,48.032,-117.319,237.8
2012,"2012-08-10",100,0,49.168,-116.696,100
2012,"2012-08-10",500,0,49.168,-116.696,500
2012,"2012-08-10",100,1,49.124,-116.809,88.2
2012,"2012-08-10",500,1,49.119,-116.816,486
2012,"2012-08-10",100,2,49.105,-116.89,79.2
2012,"2012-08-10",500,2,49.1,-116.903,473.5
2012,"2012-08-10",100,3,49.109,-116.94,72.4
2012,"2012-08-10",500,3,49.112,-116.959,462.3
2012,"2012-08-10",100,4,49.128,-116.973,65.2
2012,"2012-08-10",500,4,49.141,-117.002,450.7
2012,"2012-08-10",100,5,49.158,-116.999,55.8
2012,"2012-08-10",500,5,49.174,-117.05,436.8
2012,"2012-08-10",100,6,49.201,-117.015,44.8
2012,"2012-08-10",500,6,49.211,-117.102,419.9
2012,"2012-08-10",100,7,49.259,-117.021,35.2
2012,"2012-08-10",500,7,49.256,-117.151,408.7
2012,"2012-08-10",100,8,49.33,-117.024,28.5
2012,"2012-08-10",500,8,49.311,-117.19,413.8
2012,"2012-08-10",100,9,49.41,-117.026,24.3
2012,"2012-08-10",500,9,49.378,-117.216,438.7
2012,"2012-08-10",100,10,49.484,-117.045,22.1
2012,"2012-08-10",500,10,49.447,-117.262,478.2
2012,"2012-08-10",100,11,49.538,-117.103,21.5
2012,"2012-08-10",500,11,49.513,-117.357,526
2012,"2012-08-10",100,12,49.573,-117.201,22.5
2012,"2012-08-10",500,12,49.582,-117.504,574.4
2012,"2012-08-11",100,0,49.168,-116.696,100
2012,"2012-08-11",500,0,49.168,-116.696,500
2012,"2012-08-11",100,1,49.148,-116.832,95.1
2012,"2012-08-11",500,1,49.152,-116.848,500.2
2012,"2012-08-11",100,2,49.14,-116.933,107.6
2012,"2012-08-11",500,2,49.154,-116.953,523.2
2012,"2012-08-11",100,3,49.145,-116.998,138.2
2012,"2012-08-11",500,3,49.175,-117.012,569
2012,"2012-08-11",100,4,49.159,-117.05,173.1
2012,"2012-08-11",500,4,49.226,-117.055,622.5
2012,"2012-08-11",100,5,49.179,-117.115,194.9
2012,"2012-08-11",500,5,49.314,-117.109,670.6
2012,"2012-08-11",100,6,49.202,-117.193,203.3
2012,"2012-08-11",500,6,49.438,-117.182,727.6
2012,"2012-08-11",100,7,49.245,-117.262,214.2
2012,"2012-08-11",500,7,49.593,-117.268,803.8
2012,"2012-08-11",100,8,49.337,-117.304,249.7
2012,"2012-08-11",500,8,49.777,-117.37,886.8
2012,"2012-08-11",100,9,49.493,-117.314,323.3
2012,"2012-08-11",500,9,49.985,-117.483,962.9
2012,"2012-08-11",100,10,49.703,-117.344,402.9
2012,"2012-08-11",500,10,50.201,-117.6,977.4
2012,"2012-08-11",100,11,49.919,-117.454,419.5
2012,"2012-08-11",500,11,50.384,-117.732,944.7
2012,"2012-08-11",100,12,50.082,-117.629,327.9
2012,"2012-08-11",500,12,50.529,-117.876,885.5
2012,"2012-08-12",100,0,49.168,-116.696,100
2012,"2012-08-12",500,0,49.168,-116.696,500
2012,"2012-08-12",100,1,49.156,-116.673,86.8
2012,"2012-08-12",500,1,49.147,-116.672,497.1
2012,"2012-08-12",100,2,49.146,-116.634,83.6
2012,"2012-08-12",500,2,49.125,-116.622,503
2012,"2012-08-12",100,3,49.141,-116.58,89.6
2012,"2012-08-12",500,3,49.103,-116.546,518.2
2012,"2012-08-12",100,4,49.146,-116.511,100.5
2012,"2012-08-12",500,4,49.089,-116.445,536.5
2012,"2012-08-12",100,5,49.17,-116.431,112.1
2012,"2012-08-12",500,5,49.089,-116.325,550.5
2012,"2012-08-12",100,6,49.213,-116.335,124.5
2012,"2012-08-12",500,6,49.1,-116.186,557.4
2012,"2012-08-12",100,7,49.266,-116.225,131.8
2012,"2012-08-12",500,7,49.121,-116.046,557.1
2012,"2012-08-12",100,8,49.32,-116.111,127.8
2012,"2012-08-12",500,8,49.152,-115.917,550.7
2012,"2012-08-12",100,9,49.376,-115.998,112.6
2012,"2012-08-12",500,9,49.186,-115.793,535.4
2012,"2012-08-12",100,10,49.432,-115.915,99.5
2012,"2012-08-12",500,10,49.224,-115.692,521
2012,"2012-08-12",100,11,49.486,-115.879,97.5
2012,"2012-08-12",500,11,49.27,-115.635,516.5
2012,"2012-08-12",100,12,49.534,-115.886,104.2
2012,"2012-08-12",500,12,49.327,-115.622,520.8
2012,"2012-08-13",100,0,49.168,-116.696,100
2012,"2012-08-13",500,0,49.168,-116.696,500
2012,"2012-08-13",100,1,49.147,-116.811,103.1
2012,"2012-08-13",500,1,49.148,-116.824,501.7
2012,"2012-08-13",100,2,49.123,-116.89,110.7
2012,"2012-08-13",500,2,49.124,-116.917,512.5
2012,"2012-08-13",100,3,49.094,-116.93,121.9
2012,"2012-08-13",500,3,49.098,-116.976,530.6
2012,"2012-08-13",100,4,49.076,-116.946,130.4
2012,"2012-08-13",500,4,49.086,-117.028,545.9
2012,"2012-08-13",100,5,49.084,-116.954,129
2012,"2012-08-13",500,5,49.102,-117.09,547.9
2012,"2012-08-13",100,6,49.119,-116.952,117.2
2012,"2012-08-13",500,6,49.144,-117.159,535
2012,"2012-08-13",100,7,49.163,-116.943,107.7
2012,"2012-08-13",500,7,49.197,-117.218,523
2012,"2012-08-13",100,8,49.201,-116.931,113
2012,"2012-08-13",500,8,49.245,-117.263,530.3
2012,"2012-08-13",100,9,49.231,-116.917,135.2
2012,"2012-08-13",500,9,49.288,-117.296,557.5
2012,"2012-08-13",100,10,49.262,-116.906,165.1
2012,"2012-08-13",500,10,49.332,-117.33,591.7
2012,"2012-08-13",100,11,49.3,-116.9,191.3
2012,"2012-08-13",500,11,49.381,-117.376,618.3
2012,"2012-08-13",100,12,49.345,-116.897,213.5
2012,"2012-08-13",500,12,49.433,-117.43,637.9
2012,"2012-08-14",100,0,49.168,-116.696,100
2012,"2012-08-14",500,0,49.168,-116.696,500
2012,"2012-08-14",100,1,49.206,-116.981,71.6
2012,"2012-08-14",500,1,49.193,-117.016,450.8
2012,"2012-08-14",100,2,49.261,-117.214,43.1
2012,"2012-08-14",500,2,49.231,-117.249,395.6
2012,"2012-08-14",100,3,49.34,-117.417,29.7
2012,"2012-08-14",500,3,49.288,-117.407,350.8
2012,"2012-08-14",100,4,49.435,-117.604,23.4
2012,"2012-08-14",500,4,49.366,-117.542,322.2
2012,"2012-08-14",100,5,49.528,-117.79,20.1
2012,"2012-08-14",500,5,49.472,-117.712,313.9
2012,"2012-08-14",100,6,49.618,-117.978,18.9
2012,"2012-08-14",500,6,49.606,-117.93,312.9
2012,"2012-08-14",100,7,49.719,-118.172,19.1
2012,"2012-08-14",500,7,49.753,-118.17,305.7
2012,"2012-08-14",100,8,49.811,-118.384,19.4
2012,"2012-08-14",500,8,49.867,-118.382,287.3
2012,"2012-08-14",100,9,49.874,-118.596,19.6
2012,"2012-08-14",500,9,49.933,-118.549,266.1
2012,"2012-08-14",100,10,49.909,-118.809,20.8
2012,"2012-08-14",500,10,49.968,-118.72,252.3
2012,"2012-08-14",100,11,49.914,-119.028,22.7
2012,"2012-08-14",500,11,49.976,-118.979,253.9
2012,"2012-08-14",100,12,49.894,-119.256,24.9
2012,"2012-08-14",500,12,49.95,-119.332,274.9
2012,"2012-08-15",100,0,49.168,-116.696,100
2012,"2012-08-15",500,0,49.168,-116.696,500
2012,"2012-08-15",100,1,49.226,-116.569,122.9
2012,"2012-08-15",500,1,49.224,-116.551,551.5
2012,"2012-08-15",100,2,49.264,-116.407,151.5
2012,"2012-08-15",500,2,49.259,-116.349,600.9
2012,"2012-08-15",100,3,49.289,-116.198,175.4
2012,"2012-08-15",500,3,49.282,-116.095,637.2
2012,"2012-08-15",100,4,49.326,-115.971,196.6
2012,"2012-08-15",500,4,49.319,-115.818,670.5
2012,"2012-08-15",100,5,49.393,-115.756,224.3
2012,"2012-08-15",500,5,49.398,-115.523,743.8
2012,"2012-08-15",100,6,49.496,-115.554,282.6
2012,"2012-08-15",500,6,49.53,-115.129,906
2012,"2012-08-15",100,7,49.627,-115.336,392.7
2012,"2012-08-15",500,7,49.708,-114.732,1078.4
2012,"2012-08-15",100,8,49.789,-115.052,537.2
2012,"2012-08-15",500,8,49.925,-114.424,1215.2
2012,"2012-08-15",100,9,50.049,-114.685,698.9
2012,"2012-08-15",500,9,50.232,-114.242,1332.9
2012,"2012-08-15",100,10,50.4,-114.432,799.6
2012,"2012-08-15",500,10,50.631,-114.145,1333.8
2012,"2012-08-15",100,11,50.731,-114.321,769.1
2012,"2012-08-15",500,11,51.051,-114.129,1213.7
2012,"2012-08-15",100,12,51.086,-114.338,648.5
2012,"2012-08-15",500,12,51.481,-114.168,1137.2
2013,"2013-07-01",100,0,49.168,-116.696,100
2013,"2013-07-01",500,0,49.168,-116.696,500
2013,"2013-07-01",100,1,49.122,-116.653,72.8
2013,"2013-07-01",500,1,49.107,-116.654,466.1
2013,"2013-07-01",100,2,49.1,-116.588,62.3
2013,"2013-07-01",500,2,49.058,-116.601,453.2
2013,"2013-07-01",100,3,49.1,-116.504,62.6
2013,"2013-07-01",500,3,49.019,-116.534,462.6
2013,"2013-07-01",100,4,49.12,-116.415,64.2
2013,"2013-07-01",500,4,48.989,-116.443,473
2013,"2013-07-01",100,5,49.156,-116.328,58.1
2013,"2013-07-01",500,5,48.971,-116.331,459.1
2013,"2013-07-01",100,6,49.205,-116.241,43.8
2013,"2013-07-01",500,6,48.977,-116.215,418.7
2013,"2013-07-01",100,7,49.248,-116.134,28
2013,"2013-07-01",500,7,49.013,-116.113,364.7
2013,"2013-07-01",100,8,49.287,-116.015,17.1
2013,"2013-07-01",500,8,49.065,-116.018,315
2013,"2013-07-01",100,9,49.335,-115.898,10.7
2013,"2013-07-01",500,9,49.13,-115.916,275.8
2013,"2013-07-01",100,10,49.396,-115.787,8.2
2013,"2013-07-01",500,10,49.196,-115.8,255.3
2013,"2013-07-01",100,11,49.461,-115.67,8.3
2013,"2013-07-01",500,11,49.244,-115.669,259.7
2013,"2013-07-01",100,12,49.518,-115.539,9.5
2013,"2013-07-01",500,12,49.266,-115.523,293.4
2013,"2013-07-02",100,0,49.168,-116.696,100
2013,"2013-07-02",500,0,49.168,-116.696,500
2013,"2013-07-02",100,1,49.112,-116.861,76.9
2013,"2013-07-02",500,1,49.112,-116.889,469
2013,"2013-07-02",100,2,49.065,-116.99,69.6
2013,"2013-07-02",500,2,49.067,-117.058,459.7
2013,"2013-07-02",100,3,49.033,-117.085,72.7
2013,"2013-07-02",500,3,49.041,-117.208,469.9
2013,"2013-07-02",100,4,49.012,-117.148,73.9
2013,"2013-07-02",500,4,49.025,-117.327,472.5
2013,"2013-07-02",100,5,48.993,-117.173,62.3
2013,"2013-07-02",500,5,49.007,-117.397,443
2013,"2013-07-02",100,6,48.972,-117.158,43.1
2013,"2013-07-02",500,6,48.986,-117.414,384.9
2013,"2013-07-02",100,7,48.945,-117.104,30.2
2013,"2013-07-02",500,7,48.961,-117.389,331.3
2013,"2013-07-02",100,8,48.907,-117.002,26.5
2013,"2013-07-02",500,8,48.928,-117.342,309.7
2013,"2013-07-02",100,9,48.889,-116.862,29.2
2013,"2013-07-02",500,9,48.885,-117.275,317.9
2013,"2013-07-02",100,10,48.895,-116.706,35.9
2013,"2013-07-02",500,10,48.828,-117.173,335.2
2013,"2013-07-02",100,11,48.918,-116.539,43
2013,"2013-07-02",500,11,48.752,-117.018,340.8
2013,"2013-07-02",100,12,48.953,-116.355,51.2
2013,"2013-07-02",500,12,48.683,-116.79,338.3
2013,"2013-07-03",100,0,49.168,-116.696,100
2013,"2013-07-03",500,0,49.168,-116.696,500
2013,"2013-07-03",100,1,49.145,-116.903,92.6
2013,"2013-07-03",500,1,49.148,-116.909,491.3
2013,"2013-07-03",100,2,49.151,-117.11,95.7
2013,"2013-07-03",500,2,49.155,-117.125,494.8
2013,"2013-07-03",100,3,49.187,-117.319,106.3
2013,"2013-07-03",500,3,49.189,-117.35,509.6
2013,"2013-07-03",100,4,49.249,-117.507,116.8
2013,"2013-07-03",500,4,49.258,-117.571,534.9
2013,"2013-07-03",100,5,49.32,-117.661,121.8
2013,"2013-07-03",500,5,49.366,-117.772,573.8
2013,"2013-07-03",100,6,49.394,-117.791,119
2013,"2013-07-03",500,6,49.504,-117.962,624.6
2013,"2013-07-03",100,7,49.473,-117.915,117.7
2013,"2013-07-03",500,7,49.652,-118.13,670.7
2013,"2013-07-03",100,8,49.574,-118.043,133.2
2013,"2013-07-03",500,8,49.807,-118.29,694.6
2013,"2013-07-03",100,9,49.719,-118.183,169.7
2013,"2013-07-03",500,9,49.96,-118.48,683.1
2013,"2013-07-03",100,10,49.883,-118.362,196.2
2013,"2013-07-03",500,10,50.086,-118.725,658.2
2013,"2013-07-03",100,11,50.01,-118.588,189.1
2013,"2013-07-03",500,11,50.173,-119.044,620.8
2013,"2013-07-03",100,12,50.068,-118.858,165.5
2013,"2013-07-03",500,12,50.219,-119.428,584.8
2013,"2013-07-04",100,0,49.168,-116.696,100
2013,"2013-07-04",500,0,49.168,-116.696,500
2013,"2013-07-04",100,1,49.105,-116.87,87.9
2013,"2013-07-04",500,1,49.1,-116.867,469.8
2013,"2013-07-04",100,2,49.034,-117.021,67.7
2013,"2013-07-04",500,2,49.019,-117.013,429.9
2013,"2013-07-04",100,3,48.966,-117.153,42.5
2013,"2013-07-04",500,3,48.932,-117.138,375.4
2013,"2013-07-04",100,4,48.931,-117.262,26.3
2013,"2013-07-04",500,4,48.868,-117.238,320.8
2013,"2013-07-04",100,5,48.934,-117.348,20.1
2013,"2013-07-04",500,5,48.853,-117.314,285.1
2013,"2013-07-04",100,6,48.968,-117.419,20.2
2013,"2013-07-04",500,6,48.885,-117.371,272
2013,"2013-07-04",100,7,49.025,-117.488,24.5
2013,"2013-07-04",500,7,48.938,-117.426,279.8
2013,"2013-07-04",100,8,49.093,-117.558,31.2
2013,"2013-07-04",500,8,48.986,-117.495,304.6
2013,"2013-07-04",100,9,49.16,-117.619,39.6
2013,"2013-07-04",500,9,49.029,-117.585,346.9
2013,"2013-07-04",100,10,49.226,-117.683,48.6
2013,"2013-07-04",500,10,49.111,-117.72,397.8
2013,"2013-07-04",100,11,49.302,-117.771,57.5
2013,"2013-07-04",500,11,49.273,-117.926,448.1
2013,"2013-07-04",100,12,49.399,-117.889,65.1
2013,"2013-07-04",500,12,49.495,-118.2,500.1
2013,"2013-07-05",100,0,49.168,-116.696,100
2013,"2013-07-05",500,0,49.168,-116.696,500
2013,"2013-07-05",100,1,49.062,-116.849,100
2013,"2013-07-05",500,1,49.031,-116.86,479.3
2013,"2013-07-05",100,2,48.952,-116.985,93.1
2013,"2013-07-05",500,2,48.906,-117.006,448.8
2013,"2013-07-05",100,3,48.849,-117.105,79.4
2013,"2013-07-05",500,3,48.79,-117.139,406.3
2013,"2013-07-05",100,4,48.774,-117.19,64.1
2013,"2013-07-05",500,4,48.695,-117.239,362.4
2013,"2013-07-05",100,5,48.735,-117.236,50.7
2013,"2013-07-05",500,5,48.637,-117.289,328.4
2013,"2013-07-05",100,6,48.731,-117.255,39.2
2013,"2013-07-05",500,6,48.615,-117.29,305
2013,"2013-07-05",100,7,48.755,-117.266,32
2013,"2013-07-05",500,7,48.619,-117.271,298.4
2013,"2013-07-05",100,8,48.807,-117.284,31.4
2013,"2013-07-05",500,8,48.649,-117.258,317.2
2013,"2013-07-05",100,9,48.886,-117.304,38.2
2013,"2013-07-05",500,9,48.705,-117.247,358.8
2013,"2013-07-05",100,10,48.988,-117.315,48.5
2013,"2013-07-05",500,10,48.797,-117.218,401.9
2013,"2013-07-05",100,11,49.101,-117.323,53.3
2013,"2013-07-05",500,11,48.934,-117.173,426.7
2013,"2013-07-05",100,12,49.211,-117.342,53.9
2013,"2013-07-05",500,12,49.098,-117.145,443.7
2013,"2013-07-06",100,0,49.168,-116.696,100
2013,"2013-07-06",500,0,49.168,-116.696,500
2013,"2013-07-06",100,1,49.197,-116.734,86.5
2013,"2013-07-06",500,1,49.204,-116.736,492.3
2013,"2013-07-06",100,2,49.242,-116.775,72.3
2013,"2013-07-06",500,2,49.255,-116.787,476.7
2013,"2013-07-06",100,3,49.302,-116.819,59
2013,"2013-07-06",500,3,49.319,-116.848,456.2
2013,"2013-07-06",100,4,49.368,-116.858,47.2
2013,"2013-07-06",500,4,49.395,-116.909,440.5
2013,"2013-07-06",100,5,49.429,-116.882,37.9
2013,"2013-07-06",500,5,49.482,-116.956,436.2
2013,"2013-07-06",100,6,49.489,-116.893,32.1
2013,"2013-07-06",500,6,49.583,-116.996,441.8
2013,"2013-07-06",100,7,49.555,-116.905,29.5
2013,"2013-07-06",500,7,49.703,-117.05,454.3
2013,"2013-07-06",100,8,49.639,-116.939,28.1
2013,"2013-07-06",500,8,49.851,-117.141,466.7
2013,"2013-07-06",100,9,49.742,-117.004,27.6
2013,"2013-07-06",500,9,50.004,-117.286,423.6
2013,"2013-07-06",100,10,49.855,-117.103,28.8
2013,"2013-07-06",500,10,50.133,-117.474,329.9
2013,"2013-07-06",100,11,49.947,-117.228,29.6
2013,"2013-07-06",500,11,50.251,-117.685,257.1
2013,"2013-07-06",100,12,50.015,-117.372,30.2
2013,"2013-07-06",500,12,50.376,-117.933,232.3
2013,"2013-07-07",100,0,49.168,-116.696,100
2013,"2013-07-07",500,0,49.168,-116.696,500
2013,"2013-07-07",100,1,49.165,-116.744,114.9
2013,"2013-07-07",500,1,49.171,-116.754,532.9
2013,"2013-07-07",100,2,49.162,-116.793,114
2013,"2013-07-07",500,2,49.171,-116.817,547.7
2013,"2013-07-07",100,3,49.158,-116.845,97.1
2013,"2013-07-07",500,3,49.169,-116.886,543.8
2013,"2013-07-07",100,4,49.154,-116.887,78.6
2013,"2013-07-07",500,4,49.164,-116.953,536.4
2013,"2013-07-07",100,5,49.151,-116.918,67.9
2013,"2013-07-07",500,5,49.16,-117.016,541.3
2013,"2013-07-07",100,6,49.154,-116.938,63.2
2013,"2013-07-07",500,6,49.156,-117.076,557.3
2013,"2013-07-07",100,7,49.175,-116.937,61.8
2013,"2013-07-07",500,7,49.174,-117.125,581.5
2013,"2013-07-07",100,8,49.225,-116.903,62.2
2013,"2013-07-07",500,8,49.235,-117.167,611.5
2013,"2013-07-07",100,9,49.305,-116.831,65.3
2013,"2013-07-07",500,9,49.339,-117.208,649.7
2013,"2013-07-07",100,10,49.392,-116.754,77.9
2013,"2013-07-07",500,10,49.456,-117.253,709.2
2013,"2013-07-07",100,11,49.464,-116.705,105.6
2013,"2013-07-07",500,11,49.55,-117.303,794.4
2013,"2013-07-07",100,12,49.518,-116.677,151.1
2013,"2013-07-07",500,12,49.62,-117.358,899.2
2013,"2013-07-08",100,0,49.168,-116.696,100
2013,"2013-07-08",500,0,49.168,-116.696,500
2013,"2013-07-08",100,1,49.156,-116.892,118.1
2013,"2013-07-08",500,1,49.152,-116.915,541.3
2013,"2013-07-08",100,2,49.164,-117.082,126.7
2013,"2013-07-08",500,2,49.157,-117.125,571.4
2013,"2013-07-08",100,3,49.202,-117.269,127.9
2013,"2013-07-08",500,3,49.188,-117.331,597.8
2013,"2013-07-08",100,4,49.265,-117.425,129
2013,"2013-07-08",500,4,49.239,-117.524,627.3
2013,"2013-07-08",100,5,49.327,-117.53,131.9
2013,"2013-07-08",500,5,49.298,-117.687,653.7
2013,"2013-07-08",100,6,49.38,-117.591,131.3
2013,"2013-07-08",500,6,49.36,-117.822,669.2
2013,"2013-07-08",100,7,49.43,-117.611,142.2
2013,"2013-07-08",500,7,49.42,-117.92,696.2
2013,"2013-07-08",100,8,49.481,-117.584,186.6
2013,"2013-07-08",500,8,49.465,-117.971,756.1
2013,"2013-07-08",100,9,49.538,-117.504,263
2013,"2013-07-08",500,9,49.485,-117.983,844.8
2013,"2013-07-08",100,10,49.591,-117.41,331.4
2013,"2013-07-08",500,10,49.475,-117.986,935.7
2013,"2013-07-08",100,11,49.626,-117.332,359.3
2013,"2013-07-08",500,11,49.439,-117.982,1006.4
2013,"2013-07-08",100,12,49.648,-117.267,347.8
2013,"2013-07-08",500,12,49.376,-117.96,1059
2013,"2013-07-09",100,0,49.168,-116.696,100
2013,"2013-07-09",500,0,49.168,-116.696,500
2013,"2013-07-09",100,1,49.094,-116.798,86.7
2013,"2013-07-09",500,1,49.094,-116.805,486.2
2013,"2013-07-09",100,2,49.036,-116.881,81.6
2013,"2013-07-09",500,2,49.04,-116.898,485.1
2013,"2013-07-09",100,3,48.997,-116.943,81.1
2013,"2013-07-09",500,3,49.006,-116.976,490.8
2013,"2013-07-09",100,4,48.971,-116.985,83.1
2013,"2013-07-09",500,4,48.987,-117.042,502.9
2013,"2013-07-09",100,5,48.953,-117.007,87
2013,"2013-07-09",500,5,48.981,-117.094,523.8
2013,"2013-07-09",100,6,48.944,-117.01,92.7
2013,"2013-07-09",500,6,48.987,-117.132,553.1
2013,"2013-07-09",100,7,48.951,-117.014,103.8
2013,"2013-07-09",500,7,49.014,-117.167,593.4
2013,"2013-07-09",100,8,48.983,-117.032,126
2013,"2013-07-09",500,8,49.074,-117.216,647.7
2013,"2013-07-09",100,9,49.042,-117.059,162.5
2013,"2013-07-09",500,9,49.168,-117.278,716.7
2013,"2013-07-09",100,10,49.11,-117.095,211
2013,"2013-07-09",500,10,49.277,-117.35,794.9
2013,"2013-07-09",100,11,49.156,-117.145,263.8
2013,"2013-07-09",500,11,49.39,-117.429,876.7
2013,"2013-07-09",100,12,49.179,-117.205,317.8
2013,"2013-07-09",500,12,49.512,-117.519,961.1
2013,"2013-07-10",100,0,49.168,-116.696,100
2013,"2013-07-10",500,0,49.168,-116.696,500
2013,"2013-07-10",100,1,49.023,-116.83,72
2013,"2013-07-10",500,1,49.019,-116.852,436.3
2013,"2013-07-10",100,2,48.892,-116.936,51.4
2013,"2013-07-10",500,2,48.885,-116.979,384.5
2013,"2013-07-10",100,3,48.785,-117.006,35.2
2013,"2013-07-10",500,3,48.776,-117.076,335.6
2013,"2013-07-10",100,4,48.703,-117.026,25.9
2013,"2013-07-10",500,4,48.687,-117.12,293.8
2013,"2013-07-10",100,5,48.645,-116.987,23.3
2013,"2013-07-10",500,5,48.604,-117.098,265.1
2013,"2013-07-10",100,6,48.612,-116.889,25.8
2013,"2013-07-10",500,6,48.534,-117.008,252.4
2013,"2013-07-10",100,7,48.593,-116.761,33.2
2013,"2013-07-10",500,7,48.488,-116.875,253.7
2013,"2013-07-10",100,8,48.586,-116.63,44.9
2013,"2013-07-10",500,8,48.457,-116.735,263.2
2013,"2013-07-10",100,9,48.599,-116.496,61.7
2013,"2013-07-10",500,9,48.43,-116.597,277.2
2013,"2013-07-10",100,10,48.62,-116.368,85.4
2013,"2013-07-10",500,10,48.389,-116.472,293.8
2013,"2013-07-10",100,11,48.628,-116.249,118.2
2013,"2013-07-10",500,11,48.328,-116.371,318.8
2013,"2013-07-10",100,12,48.619,-116.146,158.5
2013,"2013-07-10",500,12,48.252,-116.298,356.7
2013,"2013-07-11",100,0,49.168,-116.696,100
2013,"2013-07-11",500,0,49.168,-116.696,500
2013,"2013-07-11",100,1,49.146,-116.956,79.3
2013,"2013-07-11",500,1,49.144,-116.977,473.5
2013,"2013-07-11",100,2,49.145,-117.211,49.6
2013,"2013-07-11",500,2,49.143,-117.243,424
2013,"2013-07-11",100,3,49.176,-117.462,28.7
2013,"2013-07-11",500,3,49.168,-117.486,352.6
2013,"2013-07-11",100,4,49.233,-117.69,18.3
2013,"2013-07-11",500,4,49.217,-117.711,290.2
2013,"2013-07-11",100,5,49.297,-117.892,13.5
2013,"2013-07-11",500,5,49.285,-117.935,260
2013,"2013-07-11",100,6,49.364,-118.076,12.6
2013,"2013-07-11",500,6,49.371,-118.176,259.5
2013,"2013-07-11",100,7,49.432,-118.237,13.7
2013,"2013-07-11",500,7,49.454,-118.437,278.7
2013,"2013-07-11",100,8,49.499,-118.378,15.2
2013,"2013-07-11",500,8,49.515,-118.714,300.6
2013,"2013-07-11",100,9,49.561,-118.5,17.2
2013,"2013-07-11",500,9,49.563,-119.037,314
2013,"2013-07-11",100,10,49.619,-118.622,19
2013,"2013-07-11",500,10,49.586,-119.432,333
2013,"2013-07-11",100,11,49.678,-118.762,19.3
2013,"2013-07-11",500,11,49.542,-119.94,395.2
2013,"2013-07-11",100,12,49.731,-118.922,18
2013,"2013-07-11",500,12,49.412,-120.467,467.3
2013,"2013-07-12",100,0,49.168,-116.696,100
2013,"2013-07-12",500,0,49.168,-116.696,500
2013,"2013-07-12",100,1,49.115,-116.862,67.6
2013,"2013-07-12",500,1,49.109,-116.865,445
2013,"2013-07-12",100,2,49.068,-116.995,38.3
2013,"2013-07-12",500,2,49.054,-116.984,386.9
2013,"2013-07-12",100,3,49.037,-117.1,19.7
2013,"2013-07-12",500,3,49.002,-117.054,322.4
2013,"2013-07-12",100,4,49.03,-117.177,6.6
2013,"2013-07-12",500,4,48.971,-117.1,257.4
2013,"2013-07-12",100,5,49.056,-117.236,0
2013,"2013-07-12",500,5,48.976,-117.145,197
2013,"2013-07-12",100,6,49.109,-117.278,0
2013,"2013-07-12",500,6,49.018,-117.19,140.1
2013,"2013-07-12",100,7,49.179,-117.311,0
2013,"2013-07-12",500,7,49.079,-117.229,95.8
2013,"2013-07-12",100,8,49.258,-117.348,0
2013,"2013-07-12",500,8,49.145,-117.255,68.8
2013,"2013-07-12",100,9,49.339,-117.398,0
2013,"2013-07-12",500,9,49.212,-117.274,53.6
2013,"2013-07-12",100,10,49.42,-117.464,0
2013,"2013-07-12",500,10,49.287,-117.307,44.7
2013,"2013-07-12",100,11,49.499,-117.548,0
2013,"2013-07-12",500,11,49.382,-117.376,40.2
2013,"2013-07-12",100,12,49.581,-117.641,0
2013,"2013-07-12",500,12,49.494,-117.489,38.6
2013,"2013-07-13",100,0,49.168,-116.696,100
2013,"2013-07-13",500,0,49.168,-116.696,500
2013,"2013-07-13",100,1,49.153,-116.811,75.2
2013,"2013-07-13",500,1,49.173,-116.812,462.4
2013,"2013-07-13",100,2,49.113,-116.912,60
2013,"2013-07-13",500,2,49.149,-116.908,429.6
2013,"2013-07-13",100,3,49.056,-116.997,51.9
2013,"2013-07-13",500,3,49.096,-116.982,405.6
2013,"2013-07-13",100,4,49.005,-117.067,46
2013,"2013-07-13",500,4,49.04,-117.043,388.6
2013,"2013-07-13",100,5,48.985,-117.118,38.9
2013,"2013-07-13",500,5,49.01,-117.093,372.4
2013,"2013-07-13",100,6,48.996,-117.154,30.9
2013,"2013-07-13",500,6,49.006,-117.134,354.5
2013,"2013-07-13",100,7,49.032,-117.189,25.2
2013,"2013-07-13",500,7,49.019,-117.172,341.2
2013,"2013-07-13",100,8,49.081,-117.24,23.3
2013,"2013-07-13",500,8,49.042,-117.214,341.2
2013,"2013-07-13",100,9,49.143,-117.306,24.8
2013,"2013-07-13",500,9,49.076,-117.257,356.4
2013,"2013-07-13",100,10,49.211,-117.376,29
2013,"2013-07-13",500,10,49.137,-117.299,384.6
2013,"2013-07-13",100,11,49.285,-117.446,36.5
2013,"2013-07-13",500,11,49.235,-117.35,423.3
2013,"2013-07-13",100,12,49.379,-117.516,50.6
2013,"2013-07-13",500,12,49.396,-117.407,485.3
2013,"2013-07-14",100,0,49.168,-116.696,100
2013,"2013-07-14",500,0,49.168,-116.696,500
2013,"2013-07-14",100,1,49.078,-116.809,117.9
2013,"2013-07-14",500,1,49.069,-116.825,517.2
2013,"2013-07-14",100,2,48.99,-116.896,131.3
2013,"2013-07-14",500,2,48.97,-116.928,535.5
2013,"2013-07-14",100,3,48.908,-116.954,136.5
2013,"2013-07-14",500,3,48.874,-117.007,546.9
2013,"2013-07-14",100,4,48.836,-116.978,141.6
2013,"2013-07-14",500,4,48.782,-117.061,552.7
2013,"2013-07-14",100,5,48.77,-116.968,158.2
2013,"2013-07-14",500,5,48.692,-117.095,561.1
2013,"2013-07-14",100,6,48.709,-116.925,188.4
2013,"2013-07-14",500,6,48.605,-117.109,577.9
2013,"2013-07-14",100,7,48.662,-116.859,216.7
2013,"2013-07-14",500,7,48.527,-117.106,598.6
2013,"2013-07-14",100,8,48.643,-116.779,227.4
2013,"2013-07-14",500,8,48.469,-117.092,613
2013,"2013-07-14",100,9,48.65,-116.694,220.2
2013,"2013-07-14",500,9,48.433,-117.07,620.2
2013,"2013-07-14",100,10,48.666,-116.615,210.4
2013,"2013-07-14",500,10,48.4,-117.044,626
2013,"2013-07-14",100,11,48.665,-116.547,216
2013,"2013-07-14",500,11,48.355,-117.011,638.3
2013,"2013-07-14",100,12,48.641,-116.487,238.5
2013,"2013-07-14",500,12,48.292,-116.967,658.8
2013,"2013-07-15",100,0,49.168,-116.696,100
2013,"2013-07-15",500,0,49.168,-116.696,500
2013,"2013-07-15",100,1,49.248,-116.898,133.4
2013,"2013-07-15",500,1,49.26,-116.926,570.5
2013,"2013-07-15",100,2,49.335,-117.065,159
2013,"2013-07-15",500,2,49.369,-117.124,651.1
2013,"2013-07-15",100,3,49.426,-117.197,189.2
2013,"2013-07-15",500,3,49.504,-117.286,770.9
2013,"2013-07-15",100,4,49.522,-117.306,242.5
2013,"2013-07-15",500,4,49.681,-117.479,909.7
2013,"2013-07-15",100,5,49.627,-117.419,327.4
2013,"2013-07-15",500,5,49.877,-117.769,1032
2013,"2013-07-15",100,6,49.763,-117.571,428.7
2013,"2013-07-15",500,6,50.068,-118.063,1085
2013,"2013-07-15",100,7,49.919,-117.77,490.2
2013,"2013-07-15",500,7,50.258,-118.347,1113.3
2013,"2013-07-15",100,8,50.083,-117.96,466.3
2013,"2013-07-15",500,8,50.434,-118.621,1156
2013,"2013-07-15",100,9,50.262,-118.211,427.1
2013,"2013-07-15",500,9,50.61,-118.852,1196.2
2013,"2013-07-15",100,10,50.44,-118.527,406.7
2013,"2013-07-15",500,10,50.79,-119.035,1249.1
2013,"2013-07-15",100,11,50.585,-118.819,359.2
2013,"2013-07-15",500,11,50.957,-119.197,1304.5
2013,"2013-07-15",100,12,50.719,-119.063,321
2013,"2013-07-15",500,12,51.11,-119.358,1346.8
2013,"2013-07-16",100,0,49.168,-116.696,100
2013,"2013-07-16",500,0,49.168,-116.696,500
2013,"2013-07-16",100,1,49.149,-116.536,98.1
2013,"2013-07-16",500,1,49.122,-116.502,515.8
2013,"2013-07-16",100,2,49.156,-116.363,107.5
2013,"2013-07-16",500,2,49.095,-116.286,536.3
2013,"2013-07-16",100,3,49.183,-116.181,130.3
2013,"2013-07-16",500,3,49.08,-116.054,570.5
2013,"2013-07-16",100,4,49.217,-116.005,162.9
2013,"2013-07-16",500,4,49.049,-115.805,615
2013,"2013-07-16",100,5,49.25,-115.841,199.7
2013,"2013-07-16",500,5,48.964,-115.548,666
2013,"2013-07-16",100,6,49.278,-115.686,242.8
2013,"2013-07-16",500,6,48.806,-115.301,726.5
2013,"2013-07-16",100,7,49.303,-115.531,295
2013,"2013-07-16",500,7,48.618,-115.106,785.6
2013,"2013-07-16",100,8,49.317,-115.372,365.9
2013,"2013-07-16",500,8,48.442,-114.98,831.3
2013,"2013-07-16",100,9,49.293,-115.201,455.7
2013,"2013-07-16",500,9,48.28,-114.901,855.6
2013,"2013-07-16",100,10,49.228,-115.027,541.7
2013,"2013-07-16",500,10,48.145,-114.832,875.3
2013,"2013-07-16",100,11,49.155,-114.881,614.8
2013,"2013-07-16",500,11,48.055,-114.762,912.5
2013,"2013-07-16",100,12,49.096,-114.771,686.9
2013,"2013-07-16",500,12,48.01,-114.695,968.2
2013,"2013-07-17",100,0,49.168,-116.696,100
2013,"2013-07-17",500,0,49.168,-116.696,500
2013,"2013-07-17",100,1,49.144,-116.816,97.9
2013,"2013-07-17",500,1,49.124,-116.832,512.2
2013,"2013-07-17",100,2,49.099,-116.877,106.8
2013,"2013-07-17",500,2,49.049,-116.903,509
2013,"2013-07-17",100,3,49.032,-116.886,122.9
2013,"2013-07-17",500,3,48.946,-116.932,477.6
2013,"2013-07-17",100,4,48.959,-116.849,129
2013,"2013-07-17",500,4,48.819,-116.918,427.3
2013,"2013-07-17",100,5,48.908,-116.768,119.7
2013,"2013-07-17",500,5,48.699,-116.841,373.2
2013,"2013-07-17",100,6,48.9,-116.648,99.8
2013,"2013-07-17",500,6,48.633,-116.665,320.8
2013,"2013-07-17",100,7,48.949,-116.49,85.2
2013,"2013-07-17",500,7,48.638,-116.379,288.2
2013,"2013-07-17",100,8,49.038,-116.291,82.5
2013,"2013-07-17",500,8,48.702,-116.079,301.8
2013,"2013-07-17",100,9,49.149,-116.052,90.8
2013,"2013-07-17",500,9,48.767,-115.729,335.4
2013,"2013-07-17",100,10,49.267,-115.809,106.5
2013,"2013-07-17",500,10,48.717,-115.218,382.2
2013,"2013-07-17",100,11,49.394,-115.582,125.5
2013,"2013-07-17",500,11,48.602,-114.637,476.5
2013,"2013-07-17",100,12,49.525,-115.372,160.8
2013,"2013-07-17",500,12,48.472,-114.006,664
2013,"2013-07-18",100,0,49.168,-116.696,100
2013,"2013-07-18",500,0,49.168,-116.696,500
2013,"2013-07-18",100,1,49.143,-116.885,102.9
2013,"2013-07-18",500,1,49.136,-116.917,511.6
2013,"2013-07-18",100,2,49.148,-117.056,105.3
2013,"2013-07-18",500,2,49.138,-117.124,525.8
2013,"2013-07-18",100,3,49.178,-117.211,110.7
2013,"2013-07-18",500,3,49.175,-117.319,548.3
2013,"2013-07-18",100,4,49.211,-117.342,118
2013,"2013-07-18",500,4,49.227,-117.495,577.4
2013,"2013-07-18",100,5,49.227,-117.433,122.4
2013,"2013-07-18",500,5,49.283,-117.648,610.5
2013,"2013-07-18",100,6,49.226,-117.481,122.6
2013,"2013-07-18",500,6,49.344,-117.782,651.2
2013,"2013-07-18",100,7,49.229,-117.492,132.8
2013,"2013-07-18",500,7,49.431,-117.927,718.7
2013,"2013-07-18",100,8,49.265,-117.486,171.4
2013,"2013-07-18",500,8,49.552,-118.115,824.9
2013,"2013-07-18",100,9,49.343,-117.493,247.1
2013,"2013-07-18",500,9,49.688,-118.35,957.4
2013,"2013-07-18",100,10,49.468,-117.582,367.2
2013,"2013-07-18",500,10,49.818,-118.651,1091.8
2013,"2013-07-18",100,11,49.629,-117.781,518.1
2013,"2013-07-18",500,11,49.947,-118.988,1201.6
2013,"2013-07-18",100,12,49.804,-118.036,658.8
2013,"2013-07-18",500,12,50.089,-119.325,1280.7
2013,"2013-07-19",100,0,49.168,-116.696,100
2013,"2013-07-19",500,0,49.168,-116.696,500
2013,"2013-07-19",100,1,49.181,-116.843,103.1
2013,"2013-07-19",500,1,49.177,-116.86,518.6
2013,"2013-07-19",100,2,49.212,-116.947,110.7
2013,"2013-07-19",500,2,49.209,-116.98,540.4
2013,"2013-07-19",100,3,49.261,-117.008,127.5
2013,"2013-07-19",500,3,49.266,-117.056,571.1
2013,"2013-07-19",100,4,49.311,-117.042,139.6
2013,"2013-07-19",500,4,49.327,-117.116,595.9
2013,"2013-07-19",100,5,49.341,-117.062,126.7
2013,"2013-07-19",500,5,49.371,-117.181,591.3
2013,"2013-07-19",100,6,49.353,-117.067,90.6
2013,"2013-07-19",500,6,49.396,-117.246,552.7
2013,"2013-07-19",100,7,49.368,-117.059,64.6
2013,"2013-07-19",500,7,49.42,-117.3,522.8
2013,"2013-07-19",100,8,49.395,-117.044,65.5
2013,"2013-07-19",500,8,49.466,-117.348,549.1
2013,"2013-07-19",100,9,49.428,-117.023,95.8
2013,"2013-07-19",500,9,49.542,-117.4,634
2013,"2013-07-19",100,10,49.469,-117.012,154.5
2013,"2013-07-19",500,10,49.647,-117.493,749.2
2013,"2013-07-19",100,11,49.534,-117.032,227.8
2013,"2013-07-19",500,11,49.768,-117.653,865.7
2013,"2013-07-19",100,12,49.632,-117.103,312.9
2013,"2013-07-19",500,12,49.899,-117.848,985.6
2013,"2013-07-20",100,0,49.168,-116.696,100
2013,"2013-07-20",500,0,49.168,-116.696,500
2013,"2013-07-20",100,1,49.106,-116.884,130
2013,"2013-07-20",500,1,49.096,-116.913,533.5
2013,"2013-07-20",100,2,49.052,-117.015,125.3
2013,"2013-07-20",500,2,49.031,-117.08,530.2
2013,"2013-07-20",100,3,49.008,-117.093,89.2
2013,"2013-07-20",500,3,48.978,-117.189,491.3
2013,"2013-07-20",100,4,48.972,-117.133,55.4
2013,"2013-07-20",500,4,48.936,-117.243,434.6
2013,"2013-07-20",100,5,48.949,-117.144,33.8
2013,"2013-07-20",500,5,48.904,-117.259,379.2
2013,"2013-07-20",100,6,48.937,-117.121,20.1
2013,"2013-07-20",500,6,48.881,-117.246,324.9
2013,"2013-07-20",100,7,48.941,-117.078,12.1
2013,"2013-07-20",500,7,48.871,-117.22,277.6
2013,"2013-07-20",100,8,48.971,-117.04,7.8
2013,"2013-07-20",500,8,48.878,-117.196,243.7
2013,"2013-07-20",100,9,49.031,-117.01,5.1
2013,"2013-07-20",500,9,48.902,-117.173,221.9
2013,"2013-07-20",100,10,49.11,-116.989,2.7
2013,"2013-07-20",500,10,48.944,-117.153,207.9
2013,"2013-07-20",100,11,49.193,-116.979,0.6
2013,"2013-07-20",500,11,49,-117.138,198.1
2013,"2013-07-20",100,12,49.276,-116.978,0
2013,"2013-07-20",500,12,49.068,-117.127,193.6
2013,"2013-07-21",100,0,49.168,-116.696,100
2013,"2013-07-21",500,0,49.168,-116.696,500
2013,"2013-07-21",100,1,49.124,-116.786,71.4
2013,"2013-07-21",500,1,49.123,-116.787,449.3
2013,"2013-07-21",100,2,49.08,-116.856,57
2013,"2013-07-21",500,2,49.076,-116.849,415.9
2013,"2013-07-21",100,3,49.037,-116.902,53.8
2013,"2013-07-21",500,3,49.028,-116.886,398.7
2013,"2013-07-21",100,4,49.006,-116.922,52.6
2013,"2013-07-21",500,4,48.995,-116.9,385.1
2013,"2013-07-21",100,5,49.002,-116.918,45.3
2013,"2013-07-21",500,5,48.994,-116.893,364.9
2013,"2013-07-21",100,6,49.023,-116.89,34.6
2013,"2013-07-21",500,6,49.024,-116.868,339
2013,"2013-07-21",100,7,49.063,-116.861,29.4
2013,"2013-07-21",500,7,49.072,-116.855,327.6
2013,"2013-07-21",100,8,49.123,-116.851,34.5
2013,"2013-07-21",500,8,49.13,-116.877,351.4
2013,"2013-07-21",100,9,49.201,-116.863,52.7
2013,"2013-07-21",500,9,49.2,-116.931,411.4
2013,"2013-07-21",100,10,49.285,-116.89,84.3
2013,"2013-07-21",500,10,49.289,-116.991,491.8
2013,"2013-07-21",100,11,49.366,-116.913,124.7
2013,"2013-07-21",500,11,49.399,-117.039,580.1
2013,"2013-07-21",100,12,49.448,-116.928,175.5
2013,"2013-07-21",500,12,49.525,-117.081,681.8
2013,"2013-07-22",100,0,49.168,-116.696,100
2013,"2013-07-22",500,0,49.168,-116.696,500
2013,"2013-07-22",100,1,49.107,-116.875,76.5
2013,"2013-07-22",500,1,49.111,-116.879,442.6
2013,"2013-07-22",100,2,49.046,-116.992,61.2
2013,"2013-07-22",500,2,49.051,-116.985,402.1
2013,"2013-07-22",100,3,48.986,-117.046,52.1
2013,"2013-07-22",500,3,48.991,-117.019,374.4
2013,"2013-07-22",100,4,48.94,-117.057,47.1
2013,"2013-07-22",500,4,48.945,-117.012,358.3
2013,"2013-07-22",100,5,48.919,-117.051,45.7
2013,"2013-07-22",500,5,48.926,-116.995,353.6
2013,"2013-07-22",100,6,48.925,-117.029,48.2
2013,"2013-07-22",500,6,48.933,-116.971,359.9
2013,"2013-07-22",100,7,48.949,-117.014,55.5
2013,"2013-07-22",500,7,48.955,-116.958,375.9
2013,"2013-07-22",100,8,48.987,-117.029,69.4
2013,"2013-07-22",500,8,48.982,-116.974,401.1
2013,"2013-07-22",100,9,49.033,-117.07,91.7
2013,"2013-07-22",500,9,49.013,-117.014,436.2
2013,"2013-07-22",100,10,49.075,-117.115,120.8
2013,"2013-07-22",500,10,49.049,-117.061,475.3
2013,"2013-07-22",100,11,49.11,-117.145,152.1
2013,"2013-07-22",500,11,49.091,-117.104,511.5
2013,"2013-07-22",100,12,49.141,-117.16,184.3
2013,"2013-07-22",500,12,49.142,-117.145,543.9
2013,"2013-07-23",100,0,49.168,-116.696,100
2013,"2013-07-23",500,0,49.168,-116.696,500
2013,"2013-07-23",100,1,49.119,-116.728,67.6
2013,"2013-07-23",500,1,49.114,-116.734,460.7
2013,"2013-07-23",100,2,49.08,-116.743,44
2013,"2013-07-23",500,2,49.065,-116.75,417.8
2013,"2013-07-23",100,3,49.054,-116.748,27.7
2013,"2013-07-23",500,3,49.02,-116.741,371.5
2013,"2013-07-23",100,4,49.044,-116.735,18.8
2013,"2013-07-23",500,4,48.981,-116.712,334.2
2013,"2013-07-23",100,5,49.047,-116.694,15.7
2013,"2013-07-23",500,5,48.947,-116.671,315.7
2013,"2013-07-23",100,6,49.064,-116.625,16.8
2013,"2013-07-23",500,6,48.92,-116.618,312.8
2013,"2013-07-23",100,7,49.086,-116.551,20.1
2013,"2013-07-23",500,7,48.896,-116.568,313.8
2013,"2013-07-23",100,8,49.104,-116.488,22.3
2013,"2013-07-23",500,8,48.872,-116.538,310.4
2013,"2013-07-23",100,9,49.123,-116.432,22.9
2013,"2013-07-23",500,9,48.849,-116.531,303.9
2013,"2013-07-23",100,10,49.143,-116.385,23.2
2013,"2013-07-23",500,10,48.824,-116.535,299.2
2013,"2013-07-23",100,11,49.157,-116.358,24.8
2013,"2013-07-23",500,11,48.797,-116.54,300.5
2013,"2013-07-23",100,12,49.165,-116.351,28.1
2013,"2013-07-23",500,12,48.763,-116.544,307.6
2013,"2013-07-24",100,0,49.168,-116.696,100
2013,"2013-07-24",500,0,49.168,-116.696,500
2013,"2013-07-24",100,1,49.168,-116.773,86.6
2013,"2013-07-24",500,1,49.172,-116.792,480.4
2013,"2013-07-24",100,2,49.158,-116.809,82.1
2013,"2013-07-24",500,2,49.156,-116.839,470
2013,"2013-07-24",100,3,49.138,-116.807,85.4
2013,"2013-07-24",500,3,49.122,-116.839,468
2013,"2013-07-24",100,4,49.118,-116.771,91.4
2013,"2013-07-24",500,4,49.081,-116.809,466.6
2013,"2013-07-24",100,5,49.108,-116.709,95.2
2013,"2013-07-24",500,5,49.048,-116.766,458
2013,"2013-07-24",100,6,49.108,-116.621,96.6
2013,"2013-07-24",500,6,49.024,-116.705,441.9
2013,"2013-07-24",100,7,49.105,-116.516,100.6
2013,"2013-07-24",500,7,48.993,-116.631,430.3
2013,"2013-07-24",100,8,49.09,-116.4,114
2013,"2013-07-24",500,8,48.94,-116.553,434.5
2013,"2013-07-24",100,9,49.068,-116.27,138.9
2013,"2013-07-24",500,9,48.862,-116.473,454.5
2013,"2013-07-24",100,10,49.046,-116.137,164.7
2013,"2013-07-24",500,10,48.774,-116.402,474.6
2013,"2013-07-24",100,11,49.025,-116.024,178.8
2013,"2013-07-24",500,11,48.691,-116.345,481.5
2013,"2013-07-24",100,12,48.997,-115.936,181.3
2013,"2013-07-24",500,12,48.609,-116.302,479.6
2013,"2013-07-25",100,0,49.168,-116.696,100
2013,"2013-07-25",500,0,49.168,-116.696,500
2013,"2013-07-25",100,1,49.116,-116.714,98.8
2013,"2013-07-25",500,1,49.103,-116.726,484.7
2013,"2013-07-25",100,2,49.062,-116.675,106.8
2013,"2013-07-25",500,2,49.021,-116.698,478.2
2013,"2013-07-25",100,3,49.009,-116.571,121.9
2013,"2013-07-25",500,3,48.928,-116.606,474
2013,"2013-07-25",100,4,48.974,-116.429,122.8
2013,"2013-07-25",500,4,48.833,-116.47,449.6
2013,"2013-07-25",100,5,48.97,-116.283,99.4
2013,"2013-07-25",500,5,48.76,-116.313,394.6
2013,"2013-07-25",100,6,48.998,-116.145,68.1
2013,"2013-07-25",500,6,48.745,-116.136,322.4
2013,"2013-07-25",100,7,49.04,-116.012,47.4
2013,"2013-07-25",500,7,48.761,-115.952,261.9
2013,"2013-07-25",100,8,49.078,-115.863,39.5
2013,"2013-07-25",500,8,48.741,-115.767,240.1
2013,"2013-07-25",100,9,49.112,-115.697,40.8
2013,"2013-07-25",500,9,48.657,-115.577,257.4
2013,"2013-07-25",100,10,49.122,-115.522,48.5
2013,"2013-07-25",500,10,48.516,-115.387,294.8
2013,"2013-07-25",100,11,49.077,-115.33,58.9
2013,"2013-07-25",500,11,48.384,-115.203,319.1
2013,"2013-07-25",100,12,48.993,-115.103,69.3
2013,"2013-07-25",500,12,48.294,-115.015,326.5
2013,"2013-07-26",100,0,49.168,-116.696,100
2013,"2013-07-26",500,0,49.168,-116.696,500
2013,"2013-07-26",100,1,49.067,-116.821,92.3
2013,"2013-07-26",500,1,49.056,-116.829,482
2013,"2013-07-26",100,2,48.981,-116.914,89.8
2013,"2013-07-26",500,2,48.951,-116.943,470.6
2013,"2013-07-26",100,3,48.913,-116.97,90.7
2013,"2013-07-26",500,3,48.857,-117.042,460.1
2013,"2013-07-26",100,4,48.863,-116.994,88.6
2013,"2013-07-26",500,4,48.784,-117.113,444.4
2013,"2013-07-26",100,5,48.829,-116.986,78.1
2013,"2013-07-26",500,5,48.738,-117.142,420.3
2013,"2013-07-26",100,6,48.814,-116.944,62
2013,"2013-07-26",500,6,48.718,-117.131,388.3
2013,"2013-07-26",100,7,48.815,-116.891,46.9
2013,"2013-07-26",500,7,48.712,-117.105,355.4
2013,"2013-07-26",100,8,48.834,-116.85,35.9
2013,"2013-07-26",500,8,48.715,-117.091,331.2
2013,"2013-07-26",100,9,48.875,-116.818,28.4
2013,"2013-07-26",500,9,48.725,-117.095,315.8
2013,"2013-07-26",100,10,48.927,-116.795,23.7
2013,"2013-07-26",500,10,48.752,-117.094,304.5
2013,"2013-07-26",100,11,48.976,-116.782,21
2013,"2013-07-26",500,11,48.801,-117.065,291.1
2013,"2013-07-26",100,12,49.02,-116.78,19.7
2013,"2013-07-26",500,12,48.871,-117.011,278.3
2013,"2013-07-27",100,0,49.168,-116.696,100
2013,"2013-07-27",500,0,49.168,-116.696,500
2013,"2013-07-27",100,1,49.137,-116.87,62.8
2013,"2013-07-27",500,1,49.144,-116.876,443.3
2013,"2013-07-27",100,2,49.135,-117.047,56.7
2013,"2013-07-27",500,2,49.138,-117.035,427.5
2013,"2013-07-27",100,3,49.162,-117.214,71.7
2013,"2013-07-27",500,3,49.153,-117.182,451.9
2013,"2013-07-27",100,4,49.207,-117.368,91.9
2013,"2013-07-27",500,4,49.194,-117.34,492.2
2013,"2013-07-27",100,5,49.269,-117.513,100.9
2013,"2013-07-27",500,5,49.266,-117.526,531.5
2013,"2013-07-27",100,6,49.337,-117.652,101.5
2013,"2013-07-27",500,6,49.37,-117.733,587.3
2013,"2013-07-27",100,7,49.41,-117.79,103.9
2013,"2013-07-27",500,7,49.499,-117.953,665.2
2013,"2013-07-27",100,8,49.485,-117.924,119.3
2013,"2013-07-27",500,8,49.637,-118.155,728.7
2013,"2013-07-27",100,9,49.566,-118.053,145.5
2013,"2013-07-27",500,9,49.772,-118.336,751.1
2013,"2013-07-27",100,10,49.674,-118.209,180.2
2013,"2013-07-27",500,10,49.896,-118.549,746.3
2013,"2013-07-27",100,11,49.812,-118.445,217.2
2013,"2013-07-27",500,11,50.015,-118.848,740.2
2013,"2013-07-27",100,12,49.935,-118.754,245
2013,"2013-07-27",500,12,50.134,-119.292,736
2013,"2013-07-28",100,0,49.168,-116.696,100
2013,"2013-07-28",500,0,49.168,-116.696,500
2013,"2013-07-28",100,1,49.147,-116.726,89.2
2013,"2013-07-28",500,1,49.144,-116.723,486.5
2013,"2013-07-28",100,2,49.132,-116.722,81.8
2013,"2013-07-28",500,2,49.114,-116.704,473.9
2013,"2013-07-28",100,3,49.124,-116.68,77.2
2013,"2013-07-28",500,3,49.078,-116.64,462
2013,"2013-07-28",100,4,49.133,-116.617,75.6
2013,"2013-07-28",500,4,49.05,-116.544,454.3
2013,"2013-07-28",100,5,49.166,-116.549,77.3
2013,"2013-07-28",500,5,49.047,-116.429,454.8
2013,"2013-07-28",100,6,49.22,-116.477,82.7
2013,"2013-07-28",500,6,49.069,-116.287,465
2013,"2013-07-28",100,7,49.285,-116.394,91.6
2013,"2013-07-28",500,7,49.112,-116.126,482.5
2013,"2013-07-28",100,8,49.356,-116.299,101.1
2013,"2013-07-28",500,8,49.178,-115.976,500.9
2013,"2013-07-28",100,9,49.444,-116.191,108.3
2013,"2013-07-28",500,9,49.274,-115.846,516.8
2013,"2013-07-28",100,10,49.548,-116.11,117.1
2013,"2013-07-28",500,10,49.393,-115.762,539.8
2013,"2013-07-28",100,11,49.657,-116.093,134.3
2013,"2013-07-28",500,11,49.525,-115.757,579.9
2013,"2013-07-28",100,12,49.768,-116.147,162.7
2013,"2013-07-28",500,12,49.66,-115.843,641.8
2013,"2013-07-29",100,0,49.168,-116.696,100
2013,"2013-07-29",500,0,49.168,-116.696,500
2013,"2013-07-29",100,1,49.114,-116.819,93.3
2013,"2013-07-29",500,1,49.108,-116.84,488.2
2013,"2013-07-29",100,2,49.077,-116.881,103.4
2013,"2013-07-29",500,2,49.063,-116.918,496.5
2013,"2013-07-29",100,3,49.056,-116.888,131.6
2013,"2013-07-29",500,3,49.033,-116.938,518.3
2013,"2013-07-29",100,4,49.047,-116.859,164.7
2013,"2013-07-29",500,4,49.006,-116.921,538.3
2013,"2013-07-29",100,5,49.043,-116.817,189.2
2013,"2013-07-29",500,5,48.973,-116.884,543.7
2013,"2013-07-29",100,6,49.045,-116.76,202.9
2013,"2013-07-29",500,6,48.937,-116.823,532.4
2013,"2013-07-29",100,7,49.053,-116.701,195.5
2013,"2013-07-29",500,7,48.905,-116.749,496.3
2013,"2013-07-29",100,8,49.073,-116.658,162.6
2013,"2013-07-29",500,8,48.89,-116.684,435.8
2013,"2013-07-29",100,9,49.111,-116.632,112.9
2013,"2013-07-29",500,9,48.896,-116.634,355.8
2013,"2013-07-29",100,10,49.178,-116.601,79.6
2013,"2013-07-29",500,10,48.927,-116.588,281.7
2013,"2013-07-29",100,11,49.264,-116.555,72.3
2013,"2013-07-29",500,11,48.976,-116.527,237.4
2013,"2013-07-29",100,12,49.355,-116.489,74.5
2013,"2013-07-29",500,12,49.039,-116.443,226
2013,"2013-07-30",100,0,49.168,-116.696,100
2013,"2013-07-30",500,0,49.168,-116.696,500
2013,"2013-07-30",100,1,49.147,-116.792,90.2
2013,"2013-07-30",500,1,49.137,-116.82,501.4
2013,"2013-07-30",100,2,49.136,-116.858,80
2013,"2013-07-30",500,2,49.113,-116.911,498.4
2013,"2013-07-30",100,3,49.131,-116.893,69.3
2013,"2013-07-30",500,3,49.097,-116.972,490.2
2013,"2013-07-30",100,4,49.13,-116.893,64.2
2013,"2013-07-30",500,4,49.083,-116.989,489.8
2013,"2013-07-30",100,5,49.131,-116.853,71.1
2013,"2013-07-30",500,5,49.066,-116.949,509.9
2013,"2013-07-30",100,6,49.131,-116.77,93.1
2013,"2013-07-30",500,6,49.047,-116.863,548.7
2013,"2013-07-30",100,7,49.136,-116.67,129.2
2013,"2013-07-30",500,7,49.046,-116.786,600.1
2013,"2013-07-30",100,8,49.159,-116.591,174.5
2013,"2013-07-30",500,8,49.078,-116.768,662.5
2013,"2013-07-30",100,9,49.204,-116.541,230.2
2013,"2013-07-30",500,9,49.138,-116.813,739.2
2013,"2013-07-30",100,10,49.262,-116.515,293
2013,"2013-07-30",500,10,49.204,-116.907,822.4
2013,"2013-07-30",100,11,49.321,-116.512,356.2
2013,"2013-07-30",500,11,49.255,-117.022,900.2
2013,"2013-07-30",100,12,49.379,-116.541,417.4
2013,"2013-07-30",500,12,49.289,-117.147,968.9
2013,"2013-07-31",100,0,49.168,-116.696,100
2013,"2013-07-31",500,0,49.168,-116.696,500
2013,"2013-07-31",100,1,49.198,-116.603,109.8
2013,"2013-07-31",500,1,49.208,-116.592,558.7
2013,"2013-07-31",100,2,49.245,-116.531,120.2
2013,"2013-07-31",500,2,49.277,-116.52,624.1
2013,"2013-07-31",100,3,49.309,-116.484,131.4
2013,"2013-07-31",500,3,49.377,-116.491,694.4
2013,"2013-07-31",100,4,49.381,-116.447,142.7
2013,"2013-07-31",500,4,49.497,-116.51,764.8
2013,"2013-07-31",100,5,49.45,-116.403,154.8
2013,"2013-07-31",500,5,49.628,-116.573,835.9
2013,"2013-07-31",100,6,49.518,-116.359,168.4
2013,"2013-07-31",500,6,49.774,-116.688,909.8
2013,"2013-07-31",100,7,49.596,-116.336,184.1
2013,"2013-07-31",500,7,49.917,-116.842,990
2013,"2013-07-31",100,8,49.686,-116.342,202.1
2013,"2013-07-31",500,8,50.039,-117.003,1068.8
2013,"2013-07-31",100,9,49.785,-116.369,220.5
2013,"2013-07-31",500,9,50.145,-117.158,1133.3
2013,"2013-07-31",100,10,49.877,-116.412,232.4
2013,"2013-07-31",500,10,50.235,-117.298,1173.6
2013,"2013-07-31",100,11,49.947,-116.466,233.3
2013,"2013-07-31",500,11,50.302,-117.42,1190.7
2013,"2013-07-31",100,12,49.997,-116.532,220.5
2013,"2013-07-31",500,12,50.347,-117.525,1190.1
2013,"2013-08-01",100,0,49.168,-116.696,100
2013,"2013-08-01",500,0,49.168,-116.696,500
2013,"2013-08-01",100,1,49.126,-116.362,105.8
2013,"2013-08-01",500,1,49.116,-116.29,481.1
2013,"2013-08-01",100,2,49.112,-116.093,90
2013,"2013-08-01",500,2,49.08,-115.908,421.8
2013,"2013-08-01",100,3,49.113,-115.861,73.7
2013,"2013-08-01",500,3,49.05,-115.559,379.8
2013,"2013-08-01",100,4,49.128,-115.637,58
2013,"2013-08-01",500,4,48.987,-115.214,378.5
2013,"2013-08-01",100,5,49.135,-115.409,45.6
2013,"2013-08-01",500,5,48.902,-114.874,359.3
2013,"2013-08-01",100,6,49.119,-115.164,32.9
2013,"2013-08-01",500,6,48.823,-114.538,306.9
2013,"2013-08-01",100,7,49.085,-114.911,23.4
2013,"2013-08-01",500,7,48.772,-114.2,272.6
2013,"2013-08-01",100,8,49.053,-114.678,21.1
2013,"2013-08-01",500,8,48.734,-113.854,285.4
2013,"2013-08-01",100,9,49.025,-114.456,31
2013,"2013-08-01",500,9,48.692,-113.476,328.2
2013,"2013-08-01",100,10,48.997,-114.208,61.6
2013,"2013-08-01",500,10,48.612,-113.119,369.5
2013,"2013-08-01",100,11,48.926,-113.966,105.4
2013,"2013-08-01",500,11,48.516,-112.867,390.4
2013,"2013-08-01",100,12,48.826,-113.776,152.9
2013,"2013-08-01",500,12,48.437,-112.693,414.9
2013,"2013-08-02",100,0,49.168,-116.696,100
2013,"2013-08-02",500,0,49.168,-116.696,500
2013,"2013-08-02",100,1,49.112,-116.567,92
2013,"2013-08-02",500,1,49.12,-116.506,447.3
2013,"2013-08-02",100,2,49.076,-116.476,81.1
2013,"2013-08-02",500,2,49.083,-116.361,407.6
2013,"2013-08-02",100,3,49.063,-116.405,71.3
2013,"2013-08-02",500,3,49.067,-116.245,385.8
2013,"2013-08-02",100,4,49.073,-116.332,66.1
2013,"2013-08-02",500,4,49.071,-116.108,379.4
2013,"2013-08-02",100,5,49.099,-116.239,67.4
2013,"2013-08-02",500,5,49.087,-115.914,382.8
2013,"2013-08-02",100,6,49.144,-116.122,73
2013,"2013-08-02",500,6,49.123,-115.679,396.5
2013,"2013-08-02",100,7,49.205,-115.978,78.8
2013,"2013-08-02",500,7,49.15,-115.413,426.9
2013,"2013-08-02",100,8,49.281,-115.794,81.2
2013,"2013-08-02",500,8,49.126,-115.088,472.2
2013,"2013-08-02",100,9,49.372,-115.57,84.3
2013,"2013-08-02",500,9,49.017,-114.654,527.2
2013,"2013-08-02",100,10,49.463,-115.367,103.1
2013,"2013-08-02",500,10,48.865,-114.25,613.4
2013,"2013-08-02",100,11,49.536,-115.172,146.3
2013,"2013-08-02",500,11,48.705,-113.87,683.2
2013,"2013-08-02",100,12,49.575,-114.921,215.9
2013,"2013-08-02",500,12,48.552,-113.486,747.9
2013,"2013-08-03",100,0,49.168,-116.696,100
2013,"2013-08-03",500,0,49.168,-116.696,500
2013,"2013-08-03",100,1,49.124,-116.712,96.7
2013,"2013-08-03",500,1,49.147,-116.718,472.8
2013,"2013-08-03",100,2,49.061,-116.695,94.1
2013,"2013-08-03",500,2,49.104,-116.689,448.4
2013,"2013-08-03",100,3,48.978,-116.649,90.4
2013,"2013-08-03",500,3,49.034,-116.607,425.1
2013,"2013-08-03",100,4,48.9,-116.591,85.1
2013,"2013-08-03",500,4,48.954,-116.497,401.1
2013,"2013-08-03",100,5,48.849,-116.537,77
2013,"2013-08-03",500,5,48.893,-116.386,372.1
2013,"2013-08-03",100,6,48.823,-116.486,64.7
2013,"2013-08-03",500,6,48.858,-116.288,333
2013,"2013-08-03",100,7,48.814,-116.441,53.2
2013,"2013-08-03",500,7,48.848,-116.207,292.9
2013,"2013-08-03",100,8,48.815,-116.4,46.3
2013,"2013-08-03",500,8,48.856,-116.143,263.8
2013,"2013-08-03",100,9,48.824,-116.362,43.4
2013,"2013-08-03",500,9,48.881,-116.087,247.4
2013,"2013-08-03",100,10,48.827,-116.341,42.7
2013,"2013-08-03",500,10,48.897,-116.052,241
2013,"2013-08-03",100,11,48.808,-116.348,42.3
2013,"2013-08-03",500,11,48.876,-116.059,239.5
2013,"2013-08-03",100,12,48.767,-116.379,42.5
2013,"2013-08-03",500,12,48.82,-116.11,240.5
2013,"2013-08-04",100,0,49.168,-116.696,100
2013,"2013-08-04",500,0,49.168,-116.696,500
2013,"2013-08-04",100,1,49.147,-116.772,60.3
2013,"2013-08-04",500,1,49.15,-116.766,449.6
2013,"2013-08-04",100,2,49.12,-116.854,38.7
2013,"2013-08-04",500,2,49.127,-116.859,408.3
2013,"2013-08-04",100,3,49.092,-116.925,26.9
2013,"2013-08-04",500,3,49.097,-116.974,376.8
2013,"2013-08-04",100,4,49.065,-116.969,21.2
2013,"2013-08-04",500,4,49.068,-117.086,356.6
2013,"2013-08-04",100,5,49.039,-116.983,19.1
2013,"2013-08-04",500,5,49.048,-117.171,349.5
2013,"2013-08-04",100,6,49.014,-116.966,19.2
2013,"2013-08-04",500,6,49.036,-117.228,356.4
2013,"2013-08-04",100,7,48.984,-116.943,19.4
2013,"2013-08-04",500,7,49.022,-117.275,362
2013,"2013-08-04",100,8,48.944,-116.941,18.2
2013,"2013-08-04",500,8,48.993,-117.314,350.7
2013,"2013-08-04",100,9,48.898,-116.951,15.7
2013,"2013-08-04",500,9,48.942,-117.33,320.8
2013,"2013-08-04",100,10,48.846,-116.957,13.6
2013,"2013-08-04",500,10,48.859,-117.324,290.2
2013,"2013-08-04",100,11,48.784,-116.955,12.5
2013,"2013-08-04",500,11,48.74,-117.297,270
2013,"2013-08-04",100,12,48.709,-116.941,12.1
2013,"2013-08-04",500,12,48.594,-117.246,248.8
2013,"2013-08-05",100,0,49.168,-116.696,100
2013,"2013-08-05",500,0,49.168,-116.696,500
2013,"2013-08-05",100,1,49.146,-116.879,143.5
2013,"2013-08-05",500,1,49.151,-116.927,539.8
2013,"2013-08-05",100,2,49.135,-117.043,164.1
2013,"2013-08-05",500,2,49.154,-117.152,557
2013,"2013-08-05",100,3,49.133,-117.181,164.9
2013,"2013-08-05",500,3,49.172,-117.356,559.7
2013,"2013-08-05",100,4,49.129,-117.293,161.2
2013,"2013-08-05",500,4,49.192,-117.549,561.5
2013,"2013-08-05",100,5,49.109,-117.381,166.4
2013,"2013-08-05",500,5,49.219,-117.755,571.8
2013,"2013-08-05",100,6,49.076,-117.447,181.3
2013,"2013-08-05",500,6,49.273,-117.98,591.9
2013,"2013-08-05",100,7,49.05,-117.498,194.2
2013,"2013-08-05",500,7,49.353,-118.223,602.6
2013,"2013-08-05",100,8,49.047,-117.54,193.4
2013,"2013-08-05",500,8,49.444,-118.464,581.6
2013,"2013-08-05",100,9,49.065,-117.573,178.6
2013,"2013-08-05",500,9,49.543,-118.721,516.3
2013,"2013-08-05",100,10,49.075,-117.606,166.8
2013,"2013-08-05",500,10,49.625,-118.982,433.8
2013,"2013-08-05",100,11,49.051,-117.641,173
2013,"2013-08-05",500,11,49.658,-119.225,376.8
2013,"2013-08-05",100,12,48.996,-117.68,194.9
2013,"2013-08-05",500,12,49.64,-119.455,355.9
2013,"2013-08-06",100,0,49.168,-116.696,100
2013,"2013-08-06",500,0,49.168,-116.696,500
2013,"2013-08-06",100,1,49.139,-116.861,157
2013,"2013-08-06",500,1,49.143,-116.902,564.4
2013,"2013-08-06",100,2,49.129,-117.017,201
2013,"2013-08-06",500,2,49.14,-117.129,612.3
2013,"2013-08-06",100,3,49.138,-117.165,231.8
2013,"2013-08-06",500,3,49.16,-117.373,645.6
2013,"2013-08-06",100,4,49.158,-117.287,255.2
2013,"2013-08-06",500,4,49.196,-117.605,671.7
2013,"2013-08-06",100,5,49.179,-117.374,277.5
2013,"2013-08-06",500,5,49.239,-117.795,698.7
2013,"2013-08-06",100,6,49.2,-117.429,299.9
2013,"2013-08-06",500,6,49.289,-117.946,728.8
2013,"2013-08-06",100,7,49.232,-117.491,317.2
2013,"2013-08-06",500,7,49.351,-118.091,757.4
2013,"2013-08-06",100,8,49.289,-117.592,326.4
2013,"2013-08-06",500,8,49.427,-118.249,781.2
2013,"2013-08-06",100,9,49.38,-117.746,330.2
2013,"2013-08-06",500,9,49.514,-118.417,797.8
2013,"2013-08-06",100,10,49.491,-117.925,340.8
2013,"2013-08-06",500,10,49.611,-118.582,813.6
2013,"2013-08-06",100,11,49.611,-118.094,360.8
2013,"2013-08-06",500,11,49.722,-118.725,835.9
2013,"2013-08-06",100,12,49.736,-118.263,379.7
2013,"2013-08-06",500,12,49.848,-118.846,859.5
2013,"2013-08-07",100,0,49.168,-116.696,100
2013,"2013-08-07",500,0,49.168,-116.696,500
2013,"2013-08-07",100,1,49.147,-116.826,81.9
2013,"2013-08-07",500,1,49.151,-116.838,470.4
2013,"2013-08-07",100,2,49.128,-116.928,69.4
2013,"2013-08-07",500,2,49.133,-116.947,449.5
2013,"2013-08-07",100,3,49.117,-117.005,61.1
2013,"2013-08-07",500,3,49.112,-117.026,437.8
2013,"2013-08-07",100,4,49.122,-117.06,54.8
2013,"2013-08-07",500,4,49.106,-117.094,431.9
2013,"2013-08-07",100,5,49.144,-117.097,49
2013,"2013-08-07",500,5,49.128,-117.171,428.6
2013,"2013-08-07",100,6,49.176,-117.11,43.1
2013,"2013-08-07",500,6,49.177,-117.254,427.3
2013,"2013-08-07",100,7,49.218,-117.117,39
2013,"2013-08-07",500,7,49.24,-117.343,433.7
2013,"2013-08-07",100,8,49.267,-117.141,38.9
2013,"2013-08-07",500,8,49.307,-117.435,455.8
2013,"2013-08-07",100,9,49.319,-117.186,46.6
2013,"2013-08-07",500,9,49.384,-117.529,496
2013,"2013-08-07",100,10,49.362,-117.247,57.9
2013,"2013-08-07",500,10,49.463,-117.625,537.2
2013,"2013-08-07",100,11,49.393,-117.332,61
2013,"2013-08-07",500,11,49.54,-117.748,557.7
2013,"2013-08-07",100,12,49.421,-117.444,53.9
2013,"2013-08-07",500,12,49.619,-117.911,554
2013,"2013-08-08",100,0,49.168,-116.696,100
2013,"2013-08-08",500,0,49.168,-116.696,500
2013,"2013-08-08",100,1,49.179,-116.634,119.4
2013,"2013-08-08",500,1,49.175,-116.635,503.4
2013,"2013-08-08",100,2,49.169,-116.544,130.6
2013,"2013-08-08",500,2,49.152,-116.537,504.5
2013,"2013-08-08",100,3,49.143,-116.427,135.2
2013,"2013-08-08",500,3,49.106,-116.401,507.2
2013,"2013-08-08",100,4,49.131,-116.285,137.3
2013,"2013-08-08",500,4,49.062,-116.228,510.6
2013,"2013-08-08",100,5,49.154,-116.126,138.8
2013,"2013-08-08",500,5,49.04,-116.031,507.3
2013,"2013-08-08",100,6,49.203,-115.952,141.8
2013,"2013-08-08",500,6,49.036,-115.813,498.7
2013,"2013-08-08",100,7,49.261,-115.786,144.7
2013,"2013-08-08",500,7,49.037,-115.613,490.6
2013,"2013-08-08",100,8,49.311,-115.653,143.9
2013,"2013-08-08",500,8,49.034,-115.464,481.3
2013,"2013-08-08",100,9,49.353,-115.548,140
2013,"2013-08-08",500,9,49.022,-115.355,466.2
2013,"2013-08-08",100,10,49.379,-115.475,134.7
2013,"2013-08-08",500,10,48.997,-115.273,446
2013,"2013-08-08",100,11,49.381,-115.434,129.8
2013,"2013-08-08",500,11,48.954,-115.22,423.8
2013,"2013-08-08",100,12,49.359,-115.424,124.7
2013,"2013-08-08",500,12,48.896,-115.199,400.6
2013,"2013-08-09",100,0,49.168,-116.696,100
2013,"2013-08-09",500,0,49.168,-116.696,500
2013,"2013-08-09",100,1,49.176,-116.595,170.2
2013,"2013-08-09",500,1,49.167,-116.579,600.9
2013,"2013-08-09",100,2,49.206,-116.482,230.3
2013,"2013-08-09",500,2,49.174,-116.447,679
2013,"2013-08-09",100,3,49.258,-116.359,275
2013,"2013-08-09",500,3,49.191,-116.311,728.3
2013,"2013-08-09",100,4,49.309,-116.229,309
2013,"2013-08-09",500,4,49.201,-116.177,763.8
2013,"2013-08-09",100,5,49.339,-116.095,339.7
2013,"2013-08-09",500,5,49.187,-116.044,799.2
2013,"2013-08-09",100,6,49.352,-115.959,367.8
2013,"2013-08-09",500,6,49.141,-115.909,833.9
2013,"2013-08-09",100,7,49.37,-115.797,383.3
2013,"2013-08-09",500,7,49.074,-115.776,854.2
2013,"2013-08-09",100,8,49.405,-115.577,389.2
2013,"2013-08-09",500,8,48.989,-115.641,848.5
2013,"2013-08-09",100,9,49.426,-115.295,414
2013,"2013-08-09",500,9,48.882,-115.492,819.5
2013,"2013-08-09",100,10,49.384,-114.998,454.7
2013,"2013-08-09",500,10,48.735,-115.318,801.2
2013,"2013-08-09",100,11,49.264,-114.747,507.8
2013,"2013-08-09",500,11,48.559,-115.182,817.6
2013,"2013-08-09",100,12,49.068,-114.549,568.7
2013,"2013-08-09",500,12,48.367,-115.109,865.1
2013,"2013-08-10",100,0,49.168,-116.696,100
2013,"2013-08-10",500,0,49.168,-116.696,500
2013,"2013-08-10",100,1,49.149,-116.629,64.5
2013,"2013-08-10",500,1,49.134,-116.612,454.6
2013,"2013-08-10",100,2,49.149,-116.544,55.3
2013,"2013-08-10",500,2,49.11,-116.498,446.4
2013,"2013-08-10",100,3,49.162,-116.443,70.2
2013,"2013-08-10",500,3,49.099,-116.351,477.8
2013,"2013-08-10",100,4,49.188,-116.317,97.7
2013,"2013-08-10",500,4,49.097,-116.146,518.9
2013,"2013-08-10",100,5,49.235,-116.154,119.3
2013,"2013-08-10",500,5,49.107,-115.884,536.8
2013,"2013-08-10",100,6,49.308,-115.96,128.5
2013,"2013-08-10",500,6,49.129,-115.589,542.5
2013,"2013-08-10",100,7,49.405,-115.771,127.4
2013,"2013-08-10",500,7,49.139,-115.311,574.3
2013,"2013-08-10",100,8,49.519,-115.607,130
2013,"2013-08-10",500,8,49.12,-115.069,635.6
2013,"2013-08-10",100,9,49.633,-115.459,144.7
2013,"2013-08-10",500,9,49.099,-114.876,714.8
2013,"2013-08-10",100,10,49.707,-115.301,171.7
2013,"2013-08-10",500,10,49.064,-114.725,808.1
2013,"2013-08-10",100,11,49.718,-115.101,212
2013,"2013-08-10",500,11,48.992,-114.597,913.8
2013,"2013-08-10",100,12,49.668,-114.845,269.2
2013,"2013-08-10",500,12,48.888,-114.486,1033.7
2013,"2013-08-11",100,0,49.168,-116.696,100
2013,"2013-08-11",500,0,49.168,-116.696,500
2013,"2013-08-11",100,1,49.173,-116.662,133.2
2013,"2013-08-11",500,1,49.161,-116.654,537.1
2013,"2013-08-11",100,2,49.16,-116.618,159.2
2013,"2013-08-11",500,2,49.113,-116.584,555.6
2013,"2013-08-11",100,3,49.129,-116.565,174.7
2013,"2013-08-11",500,3,49.03,-116.493,550.5
2013,"2013-08-11",100,4,49.098,-116.477,178
2013,"2013-08-11",500,4,48.945,-116.369,524.5
2013,"2013-08-11",100,5,49.096,-116.332,170
2013,"2013-08-11",500,5,48.884,-116.172,487.2
2013,"2013-08-11",100,6,49.135,-116.145,153.8
2013,"2013-08-11",500,6,48.838,-115.908,450.8
2013,"2013-08-11",100,7,49.202,-115.955,141.1
2013,"2013-08-11",500,7,48.769,-115.649,427
2013,"2013-08-11",100,8,49.288,-115.783,137.3
2013,"2013-08-11",500,8,48.673,-115.423,427
2013,"2013-08-11",100,9,49.391,-115.624,146.2
2013,"2013-08-11",500,9,48.562,-115.201,448.3
2013,"2013-08-11",100,10,49.49,-115.459,168
2013,"2013-08-11",500,10,48.434,-114.965,472.1
2013,"2013-08-11",100,11,49.554,-115.267,194.4
2013,"2013-08-11",500,11,48.301,-114.701,502.5
2013,"2013-08-11",100,12,49.547,-115.034,219.6
2013,"2013-08-11",500,12,48.157,-114.399,572.4
2013,"2013-08-12",100,0,49.168,-116.696,100
2013,"2013-08-12",500,0,49.168,-116.696,500
2013,"2013-08-12",100,1,49.125,-116.697,80.1
2013,"2013-08-12",500,1,49.116,-116.701,466.6
2013,"2013-08-12",100,2,49.089,-116.651,79
2013,"2013-08-12",500,2,49.061,-116.659,465.2
2013,"2013-08-12",100,3,49.068,-116.565,93.4
2013,"2013-08-12",500,3,49.009,-116.568,491.7
2013,"2013-08-12",100,4,49.065,-116.446,112.6
2013,"2013-08-12",500,4,48.975,-116.397,525.2
2013,"2013-08-12",100,5,49.094,-116.298,124.4
2013,"2013-08-12",500,5,48.986,-116.118,544.5
2013,"2013-08-12",100,6,49.158,-116.12,128.4
2013,"2013-08-12",500,6,49.038,-115.759,573.7
2013,"2013-08-12",100,7,49.232,-115.927,130.7
2013,"2013-08-12",500,7,49.094,-115.435,653.2
2013,"2013-08-12",100,8,49.302,-115.753,136.9
2013,"2013-08-12",500,8,49.151,-115.195,778.7
2013,"2013-08-12",100,9,49.373,-115.582,155.1
2013,"2013-08-12",500,9,49.217,-115.045,953.4
2013,"2013-08-12",100,10,49.431,-115.408,187.5
2013,"2013-08-12",500,10,49.238,-115.003,1147.9
2013,"2013-08-12",100,11,49.438,-115.294,217.4
2013,"2013-08-12",500,11,49.191,-115.059,1357.4
2013,"2013-08-12",100,12,49.386,-115.27,236.8
2013,"2013-08-12",500,12,49.092,-115.178,1592.4
2013,"2013-08-13",100,0,49.168,-116.696,100
2013,"2013-08-13",500,0,49.168,-116.696,500
2013,"2013-08-13",100,1,49.105,-116.691,113.4
2013,"2013-08-13",500,1,49.09,-116.701,501.1
2013,"2013-08-13",100,2,49.042,-116.683,119.7
2013,"2013-08-13",500,2,49.005,-116.711,493.3
2013,"2013-08-13",100,3,48.977,-116.675,117.9
2013,"2013-08-13",500,3,48.913,-116.735,472.7
2013,"2013-08-13",100,4,48.92,-116.651,117.6
2013,"2013-08-13",500,4,48.817,-116.75,447.1
2013,"2013-08-13",100,5,48.882,-116.59,129.3
2013,"2013-08-13",500,5,48.723,-116.718,427.1
2013,"2013-08-13",100,6,48.865,-116.488,154.8
2013,"2013-08-13",500,6,48.636,-116.633,417.6
2013,"2013-08-13",100,7,48.866,-116.337,182.8
2013,"2013-08-13",500,7,48.548,-116.513,412.3
2013,"2013-08-13",100,8,48.892,-116.129,200.7
2013,"2013-08-13",500,8,48.461,-116.379,407.3
2013,"2013-08-13",100,9,48.929,-115.87,203.9
2013,"2013-08-13",500,9,48.364,-116.234,405.3
2013,"2013-08-13",100,10,48.93,-115.62,213.2
2013,"2013-08-13",500,10,48.237,-116.094,423.1
2013,"2013-08-13",100,11,48.877,-115.407,251.1
2013,"2013-08-13",500,11,48.066,-115.98,467.8
2013,"2013-08-13",100,12,48.78,-115.231,324
2013,"2013-08-13",500,12,47.882,-115.864,511.6
2013,"2013-08-14",100,0,49.168,-116.696,100
2013,"2013-08-14",500,0,49.168,-116.696,500
2013,"2013-08-14",100,1,49.132,-116.698,103.7
2013,"2013-08-14",500,1,49.121,-116.71,513.1
2013,"2013-08-14",100,2,49.093,-116.693,89.9
2013,"2013-08-14",500,2,49.064,-116.733,501
2013,"2013-08-14",100,3,49.053,-116.679,63.7
2013,"2013-08-14",500,3,48.999,-116.757,461.3
2013,"2013-08-14",100,4,49.02,-116.642,42.2
2013,"2013-08-14",500,4,48.938,-116.765,408.7
2013,"2013-08-14",100,5,49.012,-116.576,29.4
2013,"2013-08-14",500,5,48.889,-116.744,358.6
2013,"2013-08-14",100,6,49.029,-116.479,21.2
2013,"2013-08-14",500,6,48.855,-116.693,311.4
2013,"2013-08-14",100,7,49.054,-116.364,16.2
2013,"2013-08-14",500,7,48.826,-116.63,271.9
2013,"2013-08-14",100,8,49.075,-116.241,13.5
2013,"2013-08-14",500,8,48.799,-116.572,244.5
2013,"2013-08-14",100,9,49.092,-116.114,12.1
2013,"2013-08-14",500,9,48.78,-116.521,230.2
2013,"2013-08-14",100,10,49.1,-115.996,12.1
2013,"2013-08-14",500,10,48.76,-116.453,228.9
2013,"2013-08-14",100,11,49.094,-115.893,13.6
2013,"2013-08-14",500,11,48.732,-116.35,242.1
2013,"2013-08-14",100,12,49.075,-115.805,16.4
2013,"2013-08-14",500,12,48.693,-116.215,272.2
2013,"2013-08-15",100,0,49.168,-116.696,100
2013,"2013-08-15",500,0,49.168,-116.696,500
2013,"2013-08-15",100,1,49.142,-116.802,79.1
2013,"2013-08-15",500,1,49.137,-116.816,472.1
2013,"2013-08-15",100,2,49.118,-116.9,60.8
2013,"2013-08-15",500,2,49.104,-116.943,439.1
2013,"2013-08-15",100,3,49.092,-116.98,46.1
2013,"2013-08-15",500,3,49.071,-117.073,400.8
2013,"2013-08-15",100,4,49.064,-117.039,31.5
2013,"2013-08-15",500,4,49.044,-117.185,347.1
2013,"2013-08-15",100,5,49.036,-117.084,18.3
2013,"2013-08-15",500,5,49.034,-117.254,269.6
2013,"2013-08-15",100,6,49.008,-117.124,8
2013,"2013-08-15",500,6,49.036,-117.277,175
2013,"2013-08-15",100,7,48.966,-117.16,0.8
2013,"2013-08-15",500,7,49.009,-117.286,102.2
2013,"2013-08-15",100,8,48.897,-117.19,0
2013,"2013-08-15",500,8,48.917,-117.302,63.6
2013,"2013-08-15",100,9,48.818,-117.204,0
2013,"2013-08-15",500,9,48.781,-117.298,51.4
2013,"2013-08-15",100,10,48.751,-117.209,0
2013,"2013-08-15",500,10,48.653,-117.269,46.7
2013,"2013-08-15",100,11,48.701,-117.21,0
2013,"2013-08-15",500,11,48.568,-117.241,35.8
2013,"2013-08-15",100,12,48.661,-117.21,0
2013,"2013-08-15",500,12,48.513,-117.223,23.6
