"BLUE","GREEN","NDMI","NIR","RED","SWIR1","SWIR2","dNDMI","elev","lab","split","yr","lon","lat"
0.0169985,0.0321723,0.3583197,0.2252173,0.0248815,0.1063943,0.0463012,-0.0035103,1313,1,0,2005,-116.5743295,49.2300581
0.0162253,0.0351841,0.430244,0.2396278,0.0217185,0.0954588,0.0404227,0.0094149,1351,1,1,2005,-116.5799889,49.2316751
0.0167655,0.0329256,0.3722426,0.2214417,0.0201397,0.1013025,0.0445554,-0.0340455,1445,1,0,2005,-116.5797194,49.2335615
0.0165492,0.0353699,0.2670652,0.1898396,0.0271669,0.1098128,0.0541397,-0.0461802,1500,1,0,2005,-116.5797194,49.2346395
0.0164133,0.0328914,0.3485253,0.2100695,0.0201091,0.1014849,0.0455589,-0.0166233,1407,1,0,2005,-116.5807974,49.2327531
0.0190126,0.0347034,0.3247832,0.2208965,0.0227369,0.1125867,0.0535593,-0.0593932,1429,1,0,2005,-116.576216,49.233831
0.0212763,0.0379756,0.3005113,0.2308819,0.0297916,0.1241814,0.0590496,-0.0283608,1248,1,0,2005,-116.575138,49.2292496
0.0188324,0.0332311,0.2450739,0.2024222,0.0284765,0.1227348,0.0548377,-0.0706729,1522,1,0,2005,-116.5797194,49.2351785
0.0161733,0.0315578,0.3626335,0.2062756,0.0239096,0.0964846,0.0437738,-0.0353138,1431,1,0,2005,-116.5764855,49.2341005
0.0168754,0.0339009,0.3489679,0.2220742,0.0208382,0.1071763,0.0463839,-0.0536935,1337,1,0,2005,-116.5775634,49.2319446
0.0176125,0.0334896,0.3424656,0.1851967,0.0198248,0.0907086,0.0432213,-0.0038105,1520,1,0,2005,-116.5807974,49.2357175
0.0147208,0.0275773,0.3648909,0.1563218,0.0200094,0.0727394,0.0304093,-0.012567,1330,1,0,2005,-116.5770245,49.2316751
0.0208191,0.0352084,0.3797354,0.1886819,0.0244434,0.0848226,0.0386164,0.0064071,1431,1,0,2005,-116.5697481,49.2297886
0.0167041,0.0311068,0.2536137,0.1850421,0.027606,0.1101718,0.0561777,-0.0676846,1436,1,0,2005,-116.575677,49.2335615
0.0190897,0.0362979,0.3997936,0.1771934,0.0215568,0.0759773,0.0333996,0.0336331,1384,1,0,2005,-116.5710956,49.2295191
0.0185363,0.0386148,0.315847,0.2472534,0.0242054,0.1285554,0.0535499,-0.0944448,1325,1,1,2005,-116.5743295,49.2303276
0.0257926,0.0468403,0.1331869,0.2001288,0.0419076,0.1530853,0.0899773,-0.0903711,1297,1,1,2005,-116.5764855,49.2311361
0.0143157,0.0312148,0.3253414,0.2102453,0.0231443,0.1070244,0.0470844,-0.0426903,1363,1,1,2005,-116.5797194,49.2319446
0.0164992,0.0315988,0.2993834,0.1648838,0.0249211,0.088904,0.04365,-0.0165777,1367,1,0,2005,-116.5713651,49.2273632
0.0171474,0.0309263,0.3650464,0.1705365,0.0234026,0.0793253,0.0399251,-0.0116378,1354,1,0,2005,-116.5764855,49.2322141
0.0194089,0.0331202,0.3768443,0.1749635,0.0191662,0.079188,0.0313551,-0.0078837,1374,1,0,2005,-116.5713651,49.2295191
0.0152369,0.0306359,0.4070934,0.2087503,0.023107,0.087961,0.0401174,-0.047403,1287,1,1,2005,-116.5794499,49.2303276
0.0146725,0.0264284,0.3703071,0.1618117,0.0188276,0.0743568,0.0349146,-0.0194124,1411,1,0,2005,-116.5789109,49.2330225
0.0171834,0.0276742,0.3701838,0.2105147,0.0208483,0.0967648,0.0421534,-0.0193755,1362,1,0,2005,-116.5772939,49.2324836
0.0160745,0.0348263,0.322864,0.2077853,0.0236678,0.1063593,0.0421241,-0.0621142,1377,1,0,2005,-116.5737905,49.2319446
0.0164841,0.0332963,0.1854673,0.1605685,0.0289386,0.1103263,0.0570938,-0.1290135,1397,1,0,2005,-116.5719041,49.2305971
0.0139748,0.0304886,0.3274668,0.2056327,0.0225349,0.1041795,0.0458328,-0.0437092,1360,1,0,2005,-116.5794499,49.2319446
0.0210159,0.0427828,0.2421049,0.2131172,0.0338717,0.1300377,0.0789005,0.0042043,1377,1,0,2005,-116.5708261,49.2273632
0.01669,0.0325492,0.3840178,0.2161414,0.0222536,0.0961976,0.0394154,-0.0288357,1428,1,0,2005,-116.5781024,49.2335615
0.0170684,0.0305346,0.3661026,0.1999427,0.0255723,0.0927772,0.0459094,-0.0085531,1351,1,0,2005,-116.5789109,49.2319446
0.0175901,0.0300668,0.403923,0.1924572,0.0220626,0.0817134,0.0363707,-0.0022283,1286,1,0,2005,-116.5781024,49.2311361
0.0201026,0.0351232,0.2924725,0.1734942,0.0320861,0.0949745,0.04531,-0.0478386,1335,1,0,2005,-116.572982,49.2273632
0.0192483,0.0368697,0.3759966,0.1832295,0.0256829,0.0830931,0.0381905,-0.021804,1407,1,0,2005,-116.5702871,49.2292496
0.0163218,0.0312841,0.3496819,0.2192406,0.021197,0.1056368,0.0428755,-0.0126153,1393,1,1,2005,-116.573521,49.2322141
0.0233772,0.0399189,0.2110142,0.2173698,0.0372141,0.1416182,0.0720192,-0.0338911,1356,1,0,2005,-116.5713651,49.2270937
0.0164992,0.0315988,0.2993834,0.1648838,0.0249211,0.088904,0.04365,-0.0165777,1373,1,0,2005,-116.5713651,49.2273632
0.0173366,0.0342491,0.3687223,0.2094457,0.022962,0.0965998,0.0418525,-0.0041744,1351,1,0,2005,-116.5797194,49.2316751
0.0142969,0.0309874,0.3650553,0.1939664,0.0205565,0.0902219,0.036181,-0.0479205,1386,1,0,2005,-116.5772939,49.2330225
0.0186116,0.0334161,0.3096699,0.1992362,0.0231549,0.1050179,0.0460506,-0.0320672,1434,1,0,2005,-116.5697481,49.2303276
0.0201493,0.0364186,0.3520495,0.2385073,0.0253897,0.1143013,0.0507002,-0.0093258,1395,1,1,2005,-116.57406,49.2330225
0.0211007,0.0362212,0.3213882,0.2343813,0.0281866,0.1203688,0.0557132,-0.0410186,1344,1,0,2005,-116.5737905,49.2303276
0.0161726,0.0363955,0.3729132,0.2037239,0.0222173,0.0930522,0.0422127,0.0415558,1325,1,0,2005,-116.5772939,49.2316751
0.0155941,0.0329072,0.4019264,0.1782947,0.0226329,0.076062,0.0312781,-0.0058189,1432,1,0,2005,-116.5700176,49.2284411
0.0174035,0.0314885,0.222771,0.1679382,0.0259228,0.1067464,0.0499961,-0.1223461,1401,1,1,2005,-116.5748685,49.2327531
0.0191907,0.032753,0.3623183,0.1824048,0.0230623,0.0853811,0.0392421,-0.0027486,1430,1,0,2005,-116.5697481,49.2295191
0.015542,0.0272823,0.2804666,0.1635198,0.0231048,0.0918868,0.0450038,-0.0620741,1374,1,1,2005,-116.576216,49.2324836
0.0177533,0.0279348,0.3558719,0.1780005,0.0183893,0.0845619,0.0365038,-0.0389012,1361,1,1,2005,-116.5743295,49.2314056
0.0185382,0.0316653,0.3225919,0.1986761,0.0278876,0.1017583,0.0434569,-0.0279712,1446,1,0,2005,-116.5759465,49.2341005
0.0169424,0.0345756,0.2713493,0.2105034,0.0255001,0.1206462,0.0617203,-0.0645776,1424,1,0,2005,-116.5713651,49.2316751
0.0230137,0.0360804,0.2646779,0.2111544,0.0250605,0.1227716,0.0517395,-0.1012411,1557,1,0,2005,-116.5799889,49.2362565
0.0162269,0.0325452,0.3892623,0.1957883,0.0221945,0.086071,0.0343074,0.0001493,1337,1,1,2005,-116.5797194,49.2314056
0.0179276,0.0319979,0.4411739,0.2164214,0.0230063,0.083919,0.036972,0.0017561,1293,1,0,2005,-116.5783719,49.2311361
0.0199123,0.0334638,0.3086799,0.1557959,0.027304,0.0823003,0.0361792,-0.0649104,1281,1,0,2005,-116.5743295,49.2287106
0.020315,0.0342116,0.3479809,0.2041426,0.0249815,0.0987439,0.0429102,-0.013037,1434,1,0,2005,-116.5697481,49.2292496
0.0162738,0.0335746,0.3663061,0.1893403,0.0230712,0.0878162,0.0454338,0.0080705,1518,1,1,2005,-116.5789109,49.235448
0.0185431,0.0394962,0.3547881,0.1744739,0.0254748,0.0830924,0.0387534,0.0134799,1356,1,1,2005,-116.5719041,49.2273632
0.016088,0.030622,0.3500173,0.1768623,0.0266102,0.0851526,0.0378963,-0.0044309,1509,1,0,2005,-116.5813364,49.235448
0.0167381,0.0326181,0.2820366,0.1852904,0.0249107,0.103766,0.0502665,-0.0114611,1477,1,0,2005,-116.5797194,49.23437
0.0245489,0.0474484,0.2224893,0.2527103,0.0408878,0.1607253,0.0867763,-0.0042291,1360,1,0,2005,-116.5710956,49.2270937
0.0175617,0.0338933,0.3231532,0.2122691,0.0261247,0.1085843,0.04604,-0.0650101,1448,1,0,2005,-116.5775634,49.23437
0.0161726,0.0363955,0.3729132,0.2037239,0.0222173,0.0930522,0.0422127,0.0415558,1325,1,0,2005,-116.5772939,49.2316751
0.0177967,0.0322931,0.4203748,0.180268,0.0224905,0.0735636,0.0252225,0.047837,1396,1,0,2005,-116.5708261,49.2289801
0.0178981,0.0337719,0.2846814,0.1906428,0.025668,0.1061511,0.0513516,0.0243721,1495,1,0,2005,-116.5789109,49.2346395
0.0153688,0.0245967,0.4131571,0.1741825,0.0172742,0.0723329,0.0279421,-0.0094104,1262,1,0,2005,-116.5783719,49.2303276
0.0159736,0.0296703,0.4125037,0.1914544,0.0213575,0.0796308,0.0329978,-0.0255811,1261,1,0,2005,-116.5789109,49.2300581
0.0155429,0.0314928,0.3380725,0.1766315,0.026157,0.0873774,0.040107,-0.0241668,1538,1,0,2005,-116.5802584,49.235987
0.0147837,0.0271982,0.3168394,0.1339246,0.0199008,0.0694785,0.0321675,-0.1175503,1331,1,0,2005,-116.5764855,49.2316751
0.0188537,0.0306219,0.267316,0.1851335,0.0226129,0.1070328,0.049726,-0.0857205,1398,1,0,2005,-116.5737905,49.2327531
0.0189528,0.0325114,0.4114748,0.2223072,0.0222067,0.0926927,0.0414339,-0.0208467,1335,1,0,2005,-116.5786414,49.2316751
0.0204485,0.0401707,0.2375879,0.1897122,0.028468,0.1168716,0.0555938,-0.0703764,1217,1,0,2005,-116.576755,49.2292496
0.0265137,0.0476029,0.2908074,0.2359683,0.0383981,0.1296452,0.0613297,0.0263721,1333,1,1,2005,-116.572443,49.2292496
0.0170457,0.0303222,0.3839746,0.2182977,0.0226022,0.0971672,0.0431872,0.0123595,1462,1,1,2005,-116.5770245,49.2346395
0.0154966,0.0324205,0.3742288,0.1639398,0.0222004,0.0746519,0.0347041,-0.032654,1448,1,1,2005,-116.5694786,49.2284411
0.0214932,0.0370841,0.2581217,0.1896894,0.0313565,0.1118544,0.0480749,-0.0210166,1414,1,0,2005,-116.5694786,49.2273632
0.0241686,0.0450896,0.2824263,0.2371458,0.0346947,0.1326935,0.0724565,-0.009177,1327,1,0,2005,-116.575677,49.2316751
0.0141917,0.0309306,0.4028756,0.2116514,0.0209705,0.090088,0.0389067,-0.0012184,1364,1,0,2005,-116.5799889,49.2319446
0.0184272,0.0324152,0.1585776,0.1818666,0.0273998,0.1320814,0.0638175,-0.1352283,1454,1,0,2005,-116.575138,49.233831
0.0278778,0.0486455,0.1624687,0.2146743,0.0479391,0.1546678,0.0824861,-0.006269,1384,1,1,2005,-116.5713651,49.2300581
0.0158363,0.0345034,0.3426434,0.2233037,0.0237929,0.1093292,0.0462003,-0.0172746,1472,1,0,2005,-116.5807974,49.23437
0.0406076,0.0615601,0.0747995,0.2200633,0.0645987,0.1894332,0.1200323,-0.0314677,1421,1,0,2005,-116.5697481,49.2276327
0.0164152,0.0296366,0.373526,0.1827447,0.0220947,0.083351,0.0350209,-0.0307337,1320,1,1,2005,-116.5794499,49.2311361
0.0157384,0.0320726,0.3337629,0.2081696,0.0233525,0.1039843,0.0457349,0.0050705,1480,1,0,2005,-116.5786414,49.2346395
0.0188698,0.0318788,0.2737011,0.2270147,0.0250366,0.12945,0.059046,-0.0419651,1406,1,0,2005,-116.576216,49.233292
0.016512,0.0293288,0.3746703,0.1970677,0.0220688,0.089645,0.041166,-0.0137326,1508,1,1,2005,-116.5778329,49.2351785
0.021614,0.0373788,0.408765,0.2469269,0.0254794,0.1036311,0.0476325,0.0047162,1358,1,0,2005,-116.5748685,49.2322141
0.017347,0.0400789,0.2957373,0.21237,0.0284186,0.1154279,0.0561558,0.0018311,1512,1,0,2005,-116.5799889,49.234909
0.0236737,0.038215,0.1884203,0.1881964,0.0337191,0.1285205,0.0666636,-0.0661857,1363,1,0,2005,-116.5759465,49.2322141
0.017793,0.0362202,0.3297548,0.2046472,0.0286109,0.1031497,0.0429208,-0.0547624,1367,1,1,2005,-116.5719041,49.2295191
0.0161723,0.0333266,0.4153654,0.2063832,0.0183928,0.0852492,0.0338608,-0.0416543,1319,1,1,2005,-116.5786414,49.2314056
0.0210178,0.037811,0.2929598,0.1917901,0.0282626,0.1048782,0.0436502,-0.0758742,1292,1,0,2005,-116.5737905,49.2292496
0.0174039,0.0364299,0.169178,0.1555191,0.0308127,0.1105124,0.0556815,-0.0657171,1436,1,1,2005,-116.5708261,49.2311361
0.015953,0.028998,0.2567563,0.1526176,0.0190797,0.0902578,0.0444679,-0.0258617,1313,1,0,2005,-116.575138,49.2308666
0.0168722,0.030708,0.3437255,0.1883607,0.0220984,0.0919952,0.0416857,-0.0209819,1431,1,0,2005,-116.5764855,49.23437
0.0194764,0.0361949,0.2082325,0.1682876,0.0341307,0.1102806,0.0542912,-0.1605089,1266,1,0,2005,-116.575677,49.2297886
0.0189085,0.0316072,0.3726955,0.1730748,0.025258,0.079093,0.0357898,-0.0325828,1441,1,1,2005,-116.5697481,49.2287106
0.0204294,0.0415645,0.2352218,0.2135991,0.0356374,0.1322483,0.0641201,-0.0220539,1405,1,0,2005,-116.5708261,49.2303276
0.0172824,0.0314669,0.327445,0.1924588,0.0250849,0.09751,0.0427091,-0.042176,1440,1,0,2005,-116.5781024,49.233831
0.021684,0.0368119,0.3288751,0.2260547,0.0274027,0.114165,0.0542867,-0.0293743,1343,1,0,2005,-116.5748685,49.2319446
0.0173335,0.0336088,0.3945198,0.2238134,0.0261871,0.0971765,0.0404447,-0.0047445,1338,1,0,2005,-116.5743295,49.2305971
0.0194405,0.0341727,0.3636221,0.2023725,0.0266954,0.0944436,0.0430709,0.009307,1236,1,0,2005,-116.576755,49.2300581
0.0213118,0.0371015,0.3256497,0.2211356,0.0233574,0.1124904,0.048824,-0.0234313,1510,1,0,2005,-116.5783719,49.235448
0.0158227,0.0341856,0.3790394,0.2268293,0.0210273,0.1021378,0.0447702,-0.0040238,1392,1,0,2005,-116.5799889,49.2324836
0.0217492,0.0380026,0.3059489,0.2107591,0.0267435,0.1120087,0.0618845,0.0356025,1301,1,0,2005,-116.575677,49.2308666
0.0198969,0.0353869,0.3177835,0.1785798,0.0284682,0.0924508,0.0418594,-0.0513442,1340,1,0,2005,-116.572443,49.2281716
0.0173856,0.0365011,0.2986576,0.1821519,0.0260323,0.0983715,0.0443921,-0.0349289,1529,1,0,2005,-116.5802584,49.2357175
0.0203991,0.0345918,0.3541558,0.2063963,0.0234815,0.0984376,0.043843,-0.0208895,1426,1,0,2005,-116.5700176,49.2300581
0.0171108,0.03072,0.3888473,0.1896656,0.022915,0.0834611,0.0387753,-0.0173816,1374,1,0,2005,-116.5772939,49.2327531
0.018479,0.0435738,0.2938829,0.2248945,0.0276218,0.1227328,0.0486089,-0.0131804,1253,1,0,2005,-116.576216,49.2303276
0.0199865,0.0379439,0.3940032,0.1845519,0.0232688,0.0802278,0.0352681,0.0294054,1395,1,0,2005,-116.5708261,49.2295191
0.0205104,0.0401495,0.3232738,0.1877115,0.0286168,0.0959962,0.050123,-0.0007686,1357,1,1,2005,-116.5719041,49.2279021
0.017205,0.0288407,0.2731272,0.1649224,0.0246497,0.09416,0.0471729,-0.0480359,1425,1,0,2005,-116.5700176,49.2279021
0.017663,0.0348385,0.2400828,0.1683055,0.0274228,0.1031369,0.0554871,-0.0522094,1392,1,0,2005,-116.5708261,49.2276327
0.018314,0.0334005,0.3948174,0.1916911,0.0200367,0.0831708,0.0370181,-0.0256599,1352,1,0,2005,-116.5737905,49.2308666
0.0154229,0.0310234,0.3316972,0.2115003,0.0260221,0.1061399,0.0505018,-0.0447427,1396,1,1,2005,-116.572443,49.2316751
0.0194981,0.0398467,0.2437496,0.2053387,0.0336449,0.1248543,0.0612852,-0.0188809,1398,1,0,2005,-116.5710956,49.2303276
0.0179422,0.0383569,0.3992738,0.1690443,0.0237134,0.0725729,0.0287437,-0.0368065,1335,1,0,2005,-116.572443,49.2287106
0.0166399,0.0299167,0.2083846,0.1635734,0.0225783,0.1071573,0.0527447,-0.1254283,1401,1,0,2005,-116.5748685,49.2330225
0.0148603,0.0303053,0.3968753,0.1746727,0.0174559,0.0754179,0.0310776,-0.0193031,1401,1,0,2005,-116.5783719,49.2330225
0.0163877,0.0289117,0.384484,0.1684625,0.018697,0.0748953,0.032285,0.0207038,1410,1,0,2005,-116.5727125,49.2322141
0.020626,0.0333083,0.3543445,0.1732552,0.0253865,0.0825958,0.0393716,-0.0278696,1232,1,0,2005,-116.576216,49.2295191
0.0159269,0.0291098,0.4258332,0.179625,0.0194436,0.0723329,0.0303738,-0.0237248,1277,1,0,2005,-116.5789109,49.2303276
0.0156264,0.0298417,0.429159,0.1872191,0.0219329,0.0747799,0.0314196,-0.0467002,1271,1,1,2005,-116.5794499,49.2300581
0.0187966,0.0394555,0.1613384,0.165206,0.0339128,0.1193037,0.0616174,-0.0663469,1429,1,0,2005,-116.5710956,49.2311361
0.0225946,0.0318202,0.3744147,0.1735173,0.0208523,0.078979,0.037696,0.0029655,1305,1,0,2005,-116.575138,49.2305971
0.0151555,0.0345599,0.3067458,0.1987028,0.022689,0.1054157,0.0431626,-0.0319242,1417,1,0,2005,-116.5802584,49.2330225
0.0189939,0.0324443,0.2889942,0.1851324,0.0246419,0.1021185,0.0449073,-0.01011,1377,1,0,2005,-116.5789109,49.2324836
0.0200398,0.0356129,0.3240925,0.199635,0.0247476,0.1019074,0.0447274,0.0047179,1382,1,0,2005,-116.57406,49.2324836
0.0227591,0.0392837,0.2642862,0.2106468,0.0297465,0.1225797,0.0608041,-0.0491123,1316,1,0,2005,-116.5732515,49.2292496
0.0327968,0.055025,0.2156761,0.2478714,0.0485463,0.1599204,0.0949102,0.0205808,1403,1,0,2005,-116.5700176,49.2273632
0.0192568,0.033104,0.3397596,0.1984803,0.02535,0.0978121,0.0446975,-0.0233541,1513,1,1,2005,-116.5786414,49.235448
0.014573,0.0262638,0.3709516,0.1607943,0.0186895,0.0737789,0.0346469,-0.0196761,1405,1,0,2005,-116.5786414,49.2330225
0.0199714,0.0350671,0.3451335,0.2284424,0.024242,0.1112152,0.0507286,-0.0015454,1205,1,1,2005,-116.5775634,49.2297886
0.0232965,0.0404732,0.316994,0.1770144,0.0344274,0.0918014,0.0420983,0.0022373,1333,1,1,2005,-116.572443,49.2289801
0.020808,0.0361039,0.3567949,0.215871,0.0220616,0.1023363,0.043249,-0.0502931,1448,1,1,2005,-116.576216,49.23437
0.0180651,0.0306891,0.1835574,0.1594173,0.0232434,0.1099694,0.0546611,-0.0902652,1371,1,0,2005,-116.572443,49.2300581
0.0211379,0.036789,0.373887,0.1853116,0.0219508,0.0844509,0.0388146,-0.0349248,1327,1,1,2005,-116.5732515,49.2276327
0.0163939,0.0348216,0.2884821,0.1862091,0.026283,0.1028273,0.0486619,-0.0318168,1460,1,0,2005,-116.5783719,49.23437
0.0149841,0.0287637,0.3883201,0.1955789,0.0192153,0.0861701,0.0421764,-0.0132626,1401,1,0,2005,-116.5727125,49.2319446
0.0159476,0.0300695,0.3355123,0.1807847,0.0233299,0.0899499,0.0405292,-0.0360282,1523,1,1,2005,-116.5810669,49.235987
0.0178469,0.0347612,0.3602139,0.241988,0.0221027,0.1138207,0.0498532,-0.0056365,1406,1,0,2005,-116.5764855,49.2335615
0.0278908,0.0453463,0.2707179,0.2483986,0.0433019,0.1425593,0.0801407,-0.0122682,1275,1,0,2005,-116.574599,49.2292496
0.0183528,0.0309875,0.3105964,0.153849,0.0208969,0.0809281,0.0371954,-0.0783087,1269,1,0,2005,-116.574599,49.2287106
0.0189085,0.0316072,0.3726955,0.1730748,0.025258,0.079093,0.0357898,-0.0325828,1438,1,0,2005,-116.5697481,49.2287106
0.0178777,0.0329986,0.3943529,0.1626966,0.0226429,0.0706684,0.0367028,0.0311657,1440,1,0,2005,-116.5697481,49.2284411
0.0193144,0.0380362,0.2863153,0.2096229,0.0292638,0.1163048,0.054112,-0.0054913,1522,1,0,2005,-116.5799889,49.235448
0.0149637,0.0320041,0.3596925,0.2041527,0.0218019,0.0961397,0.0411978,-0.0275564,1454,1,0,2005,-116.5789109,49.233831
0.0182264,0.0347769,0.3973678,0.175471,0.0200429,0.0756741,0.0379202,0.033354,1315,1,0,2005,-116.5732515,49.2287106
0.025254,0.0357979,0.3878641,0.1849281,0.0250065,0.081565,0.0374925,-0.0054746,1304,1,0,2005,-116.573521,49.2281716
0.0168755,0.0326762,0.3051405,0.2166079,0.0224101,0.1153225,0.0532805,-0.0181165,1486,1,0,2005,-116.5783719,49.2346395
0.0209607,0.0400835,0.424044,0.1958604,0.0255618,0.0792159,0.0379202,0.0201238,1404,1,0,2005,-116.5705566,49.2287106
0.0168722,0.030708,0.3437255,0.1883607,0.0220984,0.0919952,0.0416857,-0.0209819,1444,1,0,2005,-116.5764855,49.23437
0.0242392,0.0380793,0.1854977,0.1878436,0.0349574,0.1290589,0.0656101,-0.0468326,1410,1,1,2005,-116.5710956,49.2305971
0.0173098,0.0364456,0.1618012,0.181546,0.0299624,0.1309791,0.0703255,-0.1418938,1418,1,1,2005,-116.5759465,49.233292
0.014858,0.0330665,0.3311697,0.1676373,0.0226432,0.0842274,0.0374178,-0.0550906,1291,1,1,2005,-116.5737905,49.2287106
0.0137427,0.0292652,0.3795487,0.1828643,0.019683,0.0822432,0.0382594,-0.0166801,1436,1,0,2005,-116.5770245,49.2341005
0.0236508,0.0456941,0.2432651,0.2083495,0.0325795,0.1268156,0.0714127,-0.0329613,1246,1,0,2005,-116.5775634,49.2303276
0.0188701,0.0355776,0.3179412,0.1924277,0.0286334,0.0995849,0.0505291,-0.0027203,1246,1,0,2005,-116.576216,49.2300581
0.0197184,0.0341809,0.3107126,0.2283237,0.0288861,0.1200726,0.0536433,-0.0467566,1364,1,0,2005,-116.5732515,49.2303276
0.0199459,0.0402017,0.3701085,0.2429076,0.0286187,0.1116739,0.0501264,0.0101621,1358,1,0,2005,-116.574599,49.2316751
0.029074,0.0535002,0.0689393,0.2041585,0.0500858,0.1778248,0.1017448,-0.0146012,1387,1,0,2005,-116.5719041,49.2300581
0.0216406,0.0376044,0.3408833,0.2074309,0.0299009,0.1019635,0.0499217,0.065252,1405,1,0,2005,-116.5708261,49.2300581
0.0179679,0.033042,0.3253319,0.2130456,0.0226003,0.1084521,0.0480287,-0.0550554,1394,1,0,2005,-116.5764855,49.233292
0.0183003,0.0312196,0.3363833,0.1638225,0.0289587,0.0813504,0.0381979,-0.0270538,1348,1,0,2005,-116.5721735,49.2273632
0.0176957,0.0367657,0.3421052,0.2237419,0.0256227,0.1096774,0.0513386,-0.0362252,1296,1,0,2005,-116.574599,49.2297886
0.0181664,0.0352594,0.1675467,0.1803292,0.0311043,0.1285736,0.0661918,-0.1365909,1412,1,0,2005,-116.5759465,49.2330225
0.0166361,0.0300635,0.3721886,0.185277,0.0224705,0.084769,0.0356167,-0.0300772,1324,1,0,2005,-116.5797194,49.2311361
0.0183653,0.0318727,0.249171,0.1946295,0.026977,0.1169844,0.0520583,-0.0733953,1512,1,1,2005,-116.5794499,49.234909
0.0179507,0.0315217,0.3087478,0.1789823,0.0213942,0.0945346,0.0432605,-0.0544075,1389,1,0,2005,-116.5737905,49.2324836
0.0141694,0.022751,0.3699262,0.1514558,0.0188384,0.0696595,0.03219,-0.034845,1314,1,0,2005,-116.5770245,49.2314056
0.018827,0.0331616,0.2854892,0.1905899,0.025177,0.1059352,0.0530863,0.0002342,1456,1,0,2005,-116.5781024,49.2341005
0.0194418,0.0320812,0.3005018,0.1936091,0.0258872,0.1041361,0.0458112,-0.0242523,1506,1,1,2005,-116.5789109,49.234909
0.0192194,0.0352851,0.3640389,0.218533,0.0244995,0.1018875,0.045819,0.0118829,1377,1,1,2005,-116.5697481,49.2270937
0.0203991,0.0345918,0.3541558,0.2063963,0.0234815,0.0984376,0.043843,-0.0208895,1422,1,0,2005,-116.5700176,49.2300581
0.0278778,0.0486455,0.1624687,0.2146743,0.0479391,0.1546678,0.0824861,-0.006269,1393,1,0,2005,-116.5713651,49.2300581
0.0160392,0.0341863,0.3549687,0.1820126,0.0235278,0.0866469,0.0388169,-0.0064661,1553,1,0,2005,-116.5802584,49.2362565
0.0209951,0.0405621,0.3189175,0.2059052,0.032778,0.1063285,0.0461433,0.0138059,1345,1,0,2005,-116.5721735,49.2292496
0.0151555,0.0345599,0.3067458,0.1987028,0.022689,0.1054157,0.0431626,-0.0319242,1417,1,0,2005,-116.5802584,49.2330225
0.0242604,0.0396043,0.3565142,0.2263044,0.0281746,0.1073514,0.0458086,-0.0020197,1235,1,0,2005,-116.5759465,49.2289801
0.0186237,0.0325162,0.3088206,0.1947125,0.0248518,0.1028264,0.0488951,-0.0124518,1547,1,0,2005,-116.5789109,49.235987
0.0176797,0.0332823,0.2158105,0.1751965,0.0228313,0.1130006,0.0572147,-0.0654496,1325,1,0,2005,-116.573521,49.2300581
0.0201212,0.0324771,0.3605918,0.1877748,0.0223828,0.0882445,0.033603,-0.004955,1339,1,0,2005,-116.574599,49.2308666
0.0206939,0.0368055,0.3473046,0.2418323,0.0256491,0.1171545,0.0534232,-0.0492861,1293,1,1,2005,-116.5748685,49.2300581
0.0147294,0.0323917,0.380523,0.1927079,0.0195009,0.0864731,0.0351132,0.0149336,1384,1,0,2005,-116.5770245,49.2330225
0.016732,0.0348449,0.3347596,0.2411759,0.0269023,0.1202014,0.051616,-0.0057529,1552,1,0,2005,-116.5797194,49.235987
0.019638,0.034304,0.2824168,0.1948645,0.0262367,0.1090375,0.04795,-0.0092588,1374,1,1,2005,-116.5786414,49.2324836
0.017084,0.033439,0.3266584,0.1910595,0.0229612,0.0969717,0.034864,-0.0542391,1241,1,0,2005,-116.575677,49.2292496
0.0186823,0.0329478,0.3862287,0.1959209,0.0219423,0.0867466,0.0374469,0.0238171,1426,1,1,2005,-116.5700176,49.2303276
0.0273805,0.0392672,0.3870887,0.191762,0.0281113,0.0847337,0.0376698,0.0110427,1283,1,0,2005,-116.5743295,49.2284411
0.0156652,0.0317017,0.303698,0.157477,0.0215461,0.0841081,0.0390822,-0.0912898,1359,1,1,2005,-116.576216,49.2322141
0.0186757,0.0297476,0.3212359,0.1883235,0.0221224,0.0967482,0.0517883,-0.0446145,1254,1,0,2005,-116.5781024,49.2305971
0.0192101,0.0370461,0.275019,0.2007409,0.0264894,0.1141421,0.0582968,-0.0205918,1212,1,0,2005,-116.5770245,49.2295191
0.0206849,0.0348114,0.3275594,0.237207,0.0226197,0.120151,0.0530373,-0.0581236,1370,1,1,2005,-116.57406,49.2319446
0.0179279,0.0322321,0.2939702,0.2074824,0.0249083,0.1132088,0.0516379,-0.0578754,1480,1,1,2005,-116.5810669,49.2346395
0.0286737,0.055582,0.1861739,0.223513,0.0455453,0.1533508,0.0825688,-0.0146158,1246,1,0,2005,-116.5775634,49.2305971
0.019643,0.0328748,0.2841349,0.1950027,0.0248823,0.1087079,0.0530118,-0.0823799,1396,1,0,2005,-116.574599,49.2330225
0.0166939,0.0359875,0.3728157,0.1843364,0.0211878,0.0842159,0.0352868,-0.0408983,1422,1,0,2005,-116.5700176,49.2295191
0.0169047,0.0362549,0.2872843,0.1839607,0.0266049,0.1018514,0.0477181,-0.0199122,1478,1,0,2005,-116.5799889,49.23437
0.0170433,0.0338073,0.4003205,0.221199,0.0207774,0.0947273,0.0406916,-0.0110517,1430,1,0,2005,-116.5797194,49.233292
0.0159269,0.0291098,0.4258332,0.179625,0.0194436,0.0723329,0.0303738,-0.0237248,1290,1,0,2005,-116.5789109,49.2303276
0.0194987,0.0378661,0.1664688,0.1748099,0.0296761,0.1249151,0.0713672,-0.0738453,1367,1,0,2005,-116.5721735,49.2300581
0.0180651,0.0306891,0.1835574,0.1594173,0.0232434,0.1099694,0.0546611,-0.0902652,1359,1,0,2005,-116.572443,49.2300581
0.0193979,0.0343855,0.2758731,0.2608213,0.0269766,0.1480302,0.0703616,-0.0449012,1380,1,0,2005,-116.5727125,49.2311361
0.0244863,0.04407,0.2962075,0.2176751,0.0350052,0.1181895,0.0543945,0.0193497,1325,1,0,2005,-116.5727125,49.2292496
0.017566,0.0293696,0.3509991,0.1839558,0.0217517,0.0883697,0.0391601,-0.0088977,1423,1,0,2005,-116.5807974,49.2330225
0.0197156,0.0347566,0.3098803,0.2113276,0.0240002,0.1113394,0.0497554,-0.0319136,1483,1,0,2005,-116.5807974,49.2346395
0.0232309,0.0414496,0.222975,0.2269745,0.0378523,0.1442097,0.074546,-0.0046137,1367,1,0,2005,-116.5705566,49.2270937
0.0197477,0.0350513,0.2531878,0.188821,0.0209815,0.1125241,0.0498597,-0.0735131,1378,1,0,2005,-116.5764855,49.2327531
0.0304451,0.0511453,0.2033824,0.2364069,0.0425847,0.1564971,0.0802771,-0.0317788,1391,1,0,2005,-116.5697481,49.2273632
0.0148673,0.0317905,0.3603489,0.2028759,0.0216329,0.0953945,0.0408733,-0.0278236,1448,1,1,2005,-116.5786414,49.233831
0.0152935,0.034244,0.3832977,0.2357463,0.0225409,0.1051005,0.0455017,-0.0058877,1435,1,0,2005,-116.5786414,49.2335615
0.0165259,0.0330526,0.3254551,0.2082419,0.0226403,0.1059776,0.0476541,-0.0458428,1375,1,0,2005,-116.5797194,49.2322141
0.021175,0.0358841,0.357275,0.1837989,0.0250139,0.0870363,0.0371957,-0.0013628,1394,1,0,2005,-116.5708261,49.2297886
0.026866,0.0438593,0.2227993,0.1974679,0.0402743,0.1255089,0.0766748,-0.0102073,1433,1,0,2005,-116.5697481,49.2279021
0.0160089,0.0296542,0.3756941,0.1988341,0.0202053,0.0902332,0.0339105,-0.0356371,1431,1,0,2005,-116.5799889,49.233292
0.0139785,0.0312526,0.3341505,0.1638551,0.0251056,0.081777,0.0381979,-0.0040413,1347,1,0,2005,-116.5721735,49.2276327
0.0176419,0.0340297,0.2990183,0.1823837,0.0234138,0.0984187,0.0460084,-0.0611172,1446,1,0,2005,-116.575677,49.233831
0.0143038,0.0310206,0.4130552,0.2025317,0.021036,0.0841262,0.038157,0.005606,1415,1,0,2005,-116.5799889,49.2330225
0.020808,0.0361039,0.3567949,0.215871,0.0220616,0.1023363,0.043249,-0.0502931,1437,1,0,2005,-116.576216,49.23437
0.0164479,0.0342582,0.2638582,0.2178587,0.0263723,0.1268931,0.0550752,-0.0894179,1533,1,0,2005,-116.5797194,49.2357175
0.0174764,0.0378719,0.2827969,0.2124039,0.0277099,0.1187536,0.0585477,-0.0315256,1488,1,1,2005,-116.5802584,49.2346395
0.0157935,0.0349625,0.3534566,0.21938,0.0241559,0.1047974,0.0479017,-0.0002062,1394,1,0,2005,-116.5805279,49.2324836
0.0152175,0.0297538,0.3141159,0.1859482,0.0224124,0.097053,0.0443444,-0.0206772,1433,1,0,2005,-116.5802584,49.233292
0.0178255,0.0344513,0.3751503,0.2050158,0.0213929,0.0931564,0.0451544,-0.0084331,1220,1,0,2005,-116.5781024,49.2300581
0.0231292,0.040964,0.3031985,0.2277555,0.0256487,0.1217776,0.0527689,-0.0282358,1336,1,0,2005,-116.5748685,49.2316751
0.0168689,0.0322092,0.3807535,0.1884223,0.0181721,0.0845045,0.0363621,-0.0372226,1307,1,1,2005,-116.5799889,49.2305971
0.0189602,0.0374462,0.2837034,0.2104303,0.0261277,0.1174185,0.0547907,-0.057121,1470,1,1,2005,-116.5810669,49.2341005
0.014573,0.0262638,0.3709516,0.1607943,0.0186895,0.0737789,0.0346469,-0.0196761,1405,1,0,2005,-116.5786414,49.2330225
0.0193152,0.0358816,0.2091481,0.1669209,0.0337888,0.1091758,0.0537264,-0.160856,1261,1,0,2005,-116.5759465,49.2297886
0.0251038,0.0410976,0.3503007,0.2334029,0.0293031,0.1123021,0.0479212,-0.0010667,1236,1,0,2005,-116.575677,49.2289801
0.014858,0.0330665,0.3311697,0.1676373,0.0226432,0.0842274,0.0374178,-0.0550906,1289,1,1,2005,-116.5737905,49.2287106
0.0290975,0.049922,0.1688665,0.2297104,0.0504204,0.1633378,0.0995381,-0.0454142,1276,1,0,2005,-116.5764855,49.2308666
0.0257686,0.0411267,0.3125222,0.1972096,0.0327949,0.1032952,0.048089,-0.0462667,1284,1,1,2005,-116.5743295,49.2292496
0.0183634,0.0383797,0.2713287,0.1910604,0.0236363,0.1095077,0.0459152,-0.0181693,1280,1,1,2005,-116.5759465,49.2305971
0.0232835,0.0372852,0.2650666,0.1897299,0.0286846,0.1102225,0.057824,-0.042663,1329,1,1,2005,-116.5732515,49.2295191
0.017615,0.0370123,0.2591209,0.1941959,0.0258029,0.1142668,0.055243,-0.0112597,1470,1,1,2005,-116.5789109,49.23437
0.0159972,0.0315958,0.1780514,0.1590925,0.0272254,0.1110018,0.0571455,-0.1498452,1420,1,1,2005,-116.575677,49.2330225
0.0165492,0.0353699,0.2670652,0.1898396,0.0271669,0.1098128,0.0541397,-0.0461802,1488,1,0,2005,-116.5797194,49.2346395
0.0178766,0.0345311,0.3532067,0.225383,0.0240362,0.1077265,0.0416683,0.0254696,1401,1,0,2005,-116.5721735,49.2316751
0.0198327,0.0346516,0.346503,0.1784062,0.0207847,0.0865857,0.0438256,-0.0262901,1367,1,0,2005,-116.5737905,49.2314056
0.0196615,0.0303167,0.2865484,0.2122032,0.0314901,0.1176767,0.0610505,-0.0358971,1420,1,0,2005,-116.5713651,49.2314056
0.021027,0.0349277,0.3644855,0.1846492,0.024299,0.0860011,0.0413368,-0.0110119,1424,1,1,2005,-116.5700176,49.2289801
0.0236508,0.0456941,0.2432651,0.2083495,0.0325795,0.1268156,0.0714127,-0.0329613,1232,1,0,2005,-116.5775634,49.2303276
0.0153148,0.0327108,0.3711702,0.2020718,0.0223099,0.0926717,0.0417467,0.0108591,1470,1,0,2005,-116.5789109,49.2341005
0.0175528,0.0304862,0.4031637,0.1780996,0.0230877,0.0757548,0.0345984,0.0374666,1224,1,0,2005,-116.576216,49.2289801
0.016851,0.0371055,0.2996162,0.232328,0.0258891,0.1252052,0.0572154,-0.0626712,1416,1,0,2005,-116.576216,49.2335615
0.0196076,0.0343128,0.3233689,0.2044444,0.0236366,0.1045313,0.0438075,-0.0584541,1359,1,1,2005,-116.5737905,49.2311361
0.0189199,0.0325655,0.2813519,0.1743407,0.0253716,0.0977792,0.0454468,-0.04746,1512,1,0,2005,-116.5807974,49.2351785
0.021614,0.0373788,0.408765,0.2469269,0.0254794,0.1036311,0.0476325,0.0047162,1358,1,0,2005,-116.575138,49.2322141
0.0181264,0.034943,0.2825736,0.1905375,0.0246517,0.1065799,0.0544994,-0.0244363,1204,1,0,2005,-116.5772939,49.2295191
0.0169444,0.0348673,0.4104105,0.2160869,0.0193981,0.0903301,0.035879,-0.0408867,1325,1,0,2005,-116.5789109,49.2314056
0.0223859,0.0398224,0.1473642,0.1528918,0.0310682,0.1136178,0.0575392,-0.0180712,1056,0,0,2005,-116.7077293,49.2330225
0.018591,0.0317138,0.3383223,0.1513702,0.0253182,0.0748387,0.0352274,-0.0138659,1422,0,0,2005,-116.7683656,49.0928854
0.0255804,0.048974,0.4343067,0.2987379,0.0347107,0.1178228,0.0538643,0.0605745,1590,0,0,2005,-116.7330618,49.2198173
0.0293855,0.0543574,0.3633194,0.3961633,0.0411187,0.1850113,0.0724114,0.1919074,533,0,0,2005,-116.5948111,49.1214518
0.014118,0.026803,0.3708893,0.1452233,0.0176816,0.066644,0.0301446,-0.0100642,1974,0,1,2005,-116.7508485,49.2249377
0.0175879,0.0306941,0.2035059,0.1405094,0.0252272,0.0929908,0.0466314,-0.0023647,1864,0,1,2005,-116.7705216,49.2184698
0.0124699,0.0270755,0.2803004,0.1613997,0.0205113,0.0907282,0.0393078,-0.0447196,1675,0,0,2005,-116.6853613,49.0907294
0.0234859,0.0325581,0.1244391,0.1309826,0.0282599,0.1019915,0.0624072,0.0450129,1957,0,0,2005,-116.7764504,49.2074206
0.0266609,0.0479654,0.2186022,0.1381944,0.0468401,0.0886136,0.0465141,0.1022881,1883,0,1,2005,-116.7263245,49.1777762
0.0311326,0.0426135,-0.1421065,0.1077002,0.0383075,0.1433804,0.103077,-0.0799019,1974,0,1,2005,-116.7764504,49.2084985
0.0105681,0.0266027,0.2603292,0.1385909,0.021921,0.0813372,0.0429982,-0.0161729,1808,0,1,2005,-116.67539,49.1147144
0.0297075,0.0521475,0.3976893,0.2480025,0.04211,0.1068725,0.0480225,0.094802,530,0,0,2005,-116.6317319,49.1812796
0.0184593,0.0301878,0.5048305,0.2090351,0.0213324,0.0687837,0.02255,0.0245202,1731,0,0,2005,-116.7055734,49.1163314
0.0197997,0.0367547,0.2951687,0.2009064,0.0258439,0.1093334,0.0509117,-0.0203374,932,0,0,2005,-116.6770069,49.1966408
0.0180057,0.0307717,0.3872958,0.1712928,0.0229302,0.0756521,0.0346629,0.0349966,1413,0,0,2005,-116.7411467,49.1042041
0.0179996,0.0309723,0.2941155,0.1647408,0.0252772,0.089859,0.0491403,0.0599275,1844,0,0,2005,-116.7635147,49.185322
0.0188554,0.0386003,0.2113865,0.1814766,0.0327658,0.1181414,0.0606341,-0.0362398,1862,0,0,2005,-116.7098853,49.108516
0.0240346,0.0380108,0.5235746,0.2209554,0.025888,0.0690933,0.026521,0.0290745,1417,0,1,2005,-116.7764504,49.2262852
0.0209648,0.0347752,0.4268464,0.3070347,0.0279081,0.1233336,0.0428773,-0.0171696,548,0,0,2005,-116.6662272,49.2392209
0.0200711,0.0307244,0.4224197,0.1807219,0.0234018,0.073383,0.0306954,-0.0023534,601,0,0,2005,-116.6834748,49.2225123
0.0188813,0.0381837,0.3003682,0.1565036,0.0284065,0.084203,0.0466345,0.01563,1752,0,0,2005,-116.7737555,49.1702303
0.0177371,0.0371745,0.3846351,0.2012689,0.0254284,0.0894487,0.0377381,-0.0483428,623,0,1,2005,-116.6301149,49.1050126
0.0253461,0.044104,0.2372727,0.191827,0.0399271,0.1182534,0.0687749,0.0113095,832,0,0,2005,-116.6651492,49.187478
0.0118962,0.0281048,0.4127734,0.1591101,0.0176664,0.0661349,0.0252427,-0.0121486,1569,0,0,2005,-116.7600113,49.1233382
0.0385625,0.0673825,0.1656469,0.3367175,0.07071,0.2410175,0.131705,0.220636,531,0,1,2005,-116.6037044,49.1330401
0.0288393,0.057748,0.3988691,0.4265243,0.0391123,0.1832888,0.0729209,0.3969466,534,0,0,2005,-116.5781024,49.1327706
0.0259716,0.041585,0.2741625,0.1798434,0.0435916,0.1024493,0.0561571,0.0810525,531,0,1,2005,-116.6314624,49.1505572
0.0152724,0.0358598,0.2295944,0.1774396,0.0285503,0.1111752,0.0498562,-0.0889711,1272,0,0,2005,-116.6584118,49.1287281
0.016866,0.0294574,0.4949125,0.1828272,0.0195256,0.061772,0.025349,0.0189089,1053,0,1,2005,-116.6761985,49.1513657
0.0498264,0.0760014,0.0076969,0.2602752,0.0819342,0.2562992,0.1597924,0.1469762,1761,0,0,2005,-116.7166226,49.1799321
0.0424332,0.0675518,0.0875913,0.2852378,0.0735279,0.2392934,0.1261941,0.2877711,1519,0,0,2005,-116.7190481,49.1990662
0.0208683,0.028982,0.2063777,0.1307666,0.0252952,0.0860256,0.0464021,-0.0202378,2058,0,0,2005,-116.7834573,49.2006832
0.014725,0.0306548,0.3176274,0.1428133,0.0187096,0.0739601,0.0373829,-0.0045291,1757,0,0,2005,-116.7414161,49.1885559
0.0331292,0.0542441,0.0918474,0.2136376,0.0500043,0.1776947,0.0959428,0.0272533,732,0,0,2005,-116.6414337,49.1319621
0.02748,0.0584725,0.4054106,0.3842375,0.040295,0.16256,0.0649075,-0.0255959,532,0,0,2005,-116.6034349,49.1667269
0.0104014,0.0237201,0.3682612,0.1389257,0.0237481,0.0641433,0.0260278,0.0196552,1729,0,1,2005,-116.7654012,49.1303451
0.0146601,0.024561,0.4543048,0.1405615,0.0167949,0.0527425,0.022815,-4.65e-05,1743,0,0,2005,-116.697758,49.1163314
0.0154187,0.0260711,0.3124514,0.1389514,0.0194514,0.0727919,0.0356285,-0.049016,1245,0,0,2005,-116.6686526,49.1551386
0.022484,0.0465194,0.3030845,0.2716208,0.0326899,0.1452682,0.0609525,-0.0097171,805,0,0,2005,-116.6495185,49.1322316
0.013315,0.0293138,0.3186916,0.1386277,0.0192345,0.0716227,0.0358265,2.77e-05,1835,0,0,2005,-116.7379127,49.1855915
0.0153979,0.0371392,0.4962373,0.2247547,0.0233318,0.0756719,0.031929,-0.0093925,1046,0,0,2005,-116.6648797,49.1788541
0.0171563,0.032002,0.2516035,0.1500756,0.0249168,0.0897377,0.0483038,-0.0154598,1765,0,1,2005,-116.7341398,49.2020307
0.0262331,0.039855,0.1256591,0.156055,0.0371993,0.1212136,0.0659849,-0.021281,778,0,0,2005,-116.6705391,49.2095765
0.0326225,0.057455,0.2703498,0.2762725,0.047665,0.1586825,0.0837175,0.1066722,534,0,0,2005,-116.6072078,49.1265722
0.0372474,0.0606393,0.2322944,0.2792374,0.0517324,0.1739618,0.0802899,0.0577625,533,0,0,2005,-116.6074773,49.1257637
0.0310104,0.0424243,0.3125544,0.1927032,0.0334557,0.1009276,0.0436425,-0.0857206,786,0,0,2005,-116.7408772,49.1416639
0.020715,0.025995,0.4882192,0.016975,0.016095,0.0058375,0.00559,-0.1751024,531,0,0,2005,-116.6368522,49.2400294
0.02781,0.03606,0.2926288,0.0243862,0.0252525,0.013345,0.0126575,-0.5407514,531,0,0,2005,-116.6274199,49.2284411
0.0335088,0.0483106,0.4148522,0.2641039,0.0413293,0.1092268,0.0481396,0.0882528,534,0,0,2005,-116.6163707,49.1907119
0.0410874,0.0660615,0.3249857,0.3222632,0.0663913,0.164177,0.0839756,0.3768274,531,0,0,2005,-116.5681311,49.1632234
0.0247016,0.04166,0.320767,0.2131483,0.031852,0.1096161,0.0505051,0.0315947,1423,0,0,2005,-116.7821098,49.2265547
0.0153269,0.0356085,0.2823831,0.1470474,0.0207519,0.0822872,0.040557,-0.0163012,1818,0,0,2005,-116.7486925,49.1882864
0.0163589,0.0325778,0.2647233,0.1520947,0.0253194,0.0884238,0.0414003,-0.0199757,1638,0,0,2005,-116.6807799,49.1772372
0.0489773,0.1078873,0.4488305,0.4176199,0.0863469,0.1588725,0.0651476,0.3135622,530,0,0,2005,-116.5942721,49.1936763
0.0531286,0.076299,0.0710785,0.32061,0.0854434,0.2780576,0.161517,0.1691006,531,0,1,2005,-116.5786414,49.1451673
0.0256375,0.03342,0.5684701,0.0210175,0.01582,0.0057825,0.001795,0.0789369,533,0,0,2005,-116.671617,49.2208953
0.0346366,0.0592154,0.2288588,0.2966429,0.0531759,0.1861512,0.10127,-0.0498715,538,0,0,2005,-116.6344268,49.2047256
0.0312971,0.0639334,0.3218003,0.397553,0.0418935,0.2039797,0.0876742,0.2931463,535,0,0,2005,-116.6034349,49.1079771
0.0174778,0.0364091,0.2384662,0.1712813,0.0308856,0.105321,0.056678,0.0166605,1762,0,0,2005,-116.7624367,49.1052821
0.0215722,0.0396072,0.1485101,0.1754077,0.0388671,0.1300449,0.078353,0.0004188,1894,0,0,2005,-116.7689046,49.1209128
0.0241529,0.0438889,0.206582,0.2183284,0.038909,0.1435672,0.0731838,-0.0609776,1049,0,0,2005,-116.6627237,49.1540606
0.0205333,0.0305174,0.3440827,0.0970535,0.0215849,0.0473625,0.022109,-0.0267087,534,0,1,2005,-116.5875347,49.1971798
0.0196795,0.0386898,0.1155842,0.1486375,0.027952,0.1178372,0.0696479,-0.0257538,1268,0,0,2005,-116.7190481,49.2440718
0.0251184,0.0425359,0.2403838,0.1339083,0.0404462,0.082006,0.0441274,-0.0245194,532,0,1,2005,-116.6004705,49.2130799
0.0332871,0.0561798,0.0661039,0.169429,0.0590998,0.1484181,0.0954074,0.0878245,1731,0,0,2005,-116.7147362,49.1855915
0.0374875,0.0612328,0.3913313,0.2910896,0.0493436,0.1273436,0.0752823,0.0423806,1582,0,0,2005,-116.7344093,49.2182003
0.0251932,0.040473,0.2573501,0.1839764,0.0366908,0.1086651,0.0567762,-0.0077925,609,0,0,2005,-116.6883257,49.2270937
0.0175164,0.0305852,0.3483668,0.1569013,0.0204684,0.0758266,0.0338877,-0.013187,1754,0,0,2005,-116.7400687,49.1885559
0.02209,0.0301337,0.6924279,0.0311375,0.0208113,0.0056588,-0.00178,-0.079241,531,0,0,2005,-116.622569,49.1737337
0.0195575,0.0330929,0.4323609,0.1800343,0.0303988,0.0713469,0.0311346,0.0821534,1040,0,1,2005,-116.5700176,49.2063426
0.0209614,0.035789,0.3249728,0.1492247,0.0276215,0.0760248,0.0436689,0.0236311,1498,0,1,2005,-116.7521959,49.1567556
0.0133812,0.0284156,0.3996789,0.1926561,0.0244666,0.08263,0.0345182,-0.0051643,1804,0,1,2005,-116.7583943,49.110672
0.040992,0.0608663,-0.092157,0.1888005,0.0640883,0.2271316,0.1547823,0.05313,2154,0,1,2005,-116.7788759,49.1936763
0.019777,0.0301366,0.3088252,0.1508952,0.0238586,0.0796859,0.0377017,0.0484565,1812,0,0,2005,-116.7672876,49.1828966
0.0194367,0.0258339,0.5493684,0.0500956,0.0222994,0.0145702,0.0088008,0.4370662,531,0,0,2005,-116.6317319,49.1529827
0.0202752,0.0325003,0.21019,0.1627414,0.0240127,0.1062104,0.0576001,0.0135681,1869,0,0,2005,-116.7403382,49.2025697
0.0242405,0.0422553,0.2196681,0.2190389,0.0363811,0.140139,0.0670874,0.0140658,1034,0,1,2005,-116.6996445,49.1448978
0.046062,0.0822665,0.0649155,0.3416834,0.0780078,0.3000265,0.1577143,-0.0406093,532,0,0,2005,-116.6309234,49.2012222
0.0131586,0.0321291,0.4430183,0.1980858,0.0220694,0.0764579,0.0272545,-0.0065326,1660,0,0,2005,-116.6805104,49.0963888
0.0307895,0.0502248,0.282485,0.268775,0.0379219,0.1503722,0.0729245,0.0003469,683,0,0,2005,-116.6031654,49.2279021
0.0149786,0.0260769,0.4149918,0.1628957,0.0187067,0.0673469,0.0256885,-0.0321988,1498,0,0,2005,-116.7400687,49.0980058
0.0193098,0.0327378,0.322855,0.1530839,0.0227283,0.0783608,0.0359313,0.0006796,1436,0,0,2005,-116.6934461,49.2047256
0.0327785,0.0611965,0.4098294,0.3955174,0.0437005,0.1655681,0.0659856,0.0941248,534,0,0,2005,-116.6239165,49.1354655
0.0344381,0.0453307,0.0394591,0.1768088,0.0396656,0.1633851,0.0959204,-0.0640132,1391,0,0,2005,-116.746267,49.2435328
0.0441725,0.081105,0.2041061,0.394715,0.07467,0.2609,0.12494,0.1313271,534,0,0,2005,-116.5732515,49.1265722
0.0175722,0.0312042,0.4956654,0.2094591,0.0205576,0.0706291,0.0254907,0.025478,865,0,1,2005,-116.6527524,49.1648404
0.023619,0.0418157,0.317036,0.2446057,0.0301385,0.126843,0.0624473,0.0124094,914,0,0,2005,-116.5942721,49.2235902
0.023114,0.040579,0.2861716,0.2353448,0.0290661,0.130617,0.0550367,-0.1372738,748,0,1,2005,-116.7133887,49.1408554
0.0286992,0.0552949,0.3141302,0.3255173,0.0446395,0.1698937,0.0832696,0.0753753,1639,0,0,2005,-116.7012615,49.15972
0.0195858,0.0428426,0.3504089,0.2323399,0.0315401,0.1117631,0.0590596,0.0878298,1898,0,0,2005,-116.7365652,49.1157924
0.0433002,0.0770099,0.2392125,0.3384381,0.0679134,0.2077767,0.1214221,0.0635058,530,0,0,2005,-116.6063994,49.1386994
0.0234193,0.0370912,0.1998312,0.1684286,0.0302046,0.1123252,0.0529776,-0.032431,791,0,0,2005,-116.6910207,49.1430114
0.0191155,0.0299553,0.3303763,0.1834988,0.0231608,0.0923612,0.0386793,-0.0458915,754,0,0,2005,-116.6788934,49.1448978
0.0172865,0.0390067,0.3344652,0.2011664,0.025018,0.1003273,0.0469912,0.0132136,1270,0,0,2005,-116.6559864,49.0955803
0.0208982,0.0388188,0.159082,0.1642758,0.0367316,0.1191827,0.0654053,-0.0001936,1393,0,0,2005,-116.7214735,49.2438023
0.0142548,0.0339835,0.4514571,0.2471681,0.0180714,0.0934112,0.0366347,-0.0337001,1589,0,1,2005,-116.6961411,49.0934244
0.0294723,0.0569425,0.4095708,0.4458007,0.034949,0.1867332,0.0735169,0.0194224,534,0,0,2005,-116.5686701,49.1187568
0.0293184,0.0604485,0.38266,0.4300494,0.0345425,0.1920116,0.0726762,0.1944741,534,0,0,2005,-116.6034349,49.1149839
0.0309688,0.0571518,0.4275293,0.4514669,0.0418441,0.1810482,0.0767714,0.0825175,537,0,0,2005,-116.6349658,49.1338485
0.0266344,0.0452922,0.4102482,0.2414761,0.0401421,0.1009829,0.044528,0.0324734,538,0,0,2005,-116.6139452,49.1327706
0.0382849,0.0656212,0.3355567,0.3249574,0.0562905,0.1616672,0.079808,-0.1647089,532,0,1,2005,-116.6020874,49.1791236
0.0209247,0.0342241,0.3851115,0.1804898,0.0246893,0.0801243,0.0329488,-0.0305996,977,0,0,2005,-116.6034349,49.2416464
0.018966,0.0352144,0.2459829,0.1708686,0.0299579,0.1034026,0.0538477,-0.003187,1921,0,0,2005,-116.6818578,49.1152534
0.0184611,0.0311422,0.3939638,0.1921868,0.0230987,0.0835546,0.0359261,-0.0154149,1568,0,0,2005,-116.7610893,49.0969278
0.0144706,0.0311571,0.3621816,0.1844994,0.0237324,0.0863887,0.0357943,0.050462,1760,0,1,2005,-116.7379127,49.1179484
0.0146724,0.0278144,0.3072632,0.1348838,0.0217215,0.0714768,0.0344045,-0.0300664,1798,0,1,2005,-116.7144667,49.1920594
0.0174953,0.0307784,0.2642003,0.126842,0.0223375,0.0738256,0.0264306,-0.0401383,1572,0,1,2005,-116.772408,49.1303451
0.0317816,0.0499836,0.1351023,0.1818504,0.0462193,0.138562,0.0666984,-0.0210384,532,0,1,2005,-116.6298454,49.209846
0.0224005,0.0385689,0.224521,0.1897924,0.0301728,0.120194,0.0636908,-0.055025,832,0,0,2005,-116.7044954,49.235987
0.0278788,0.0328425,0.2828229,0.0257888,0.0243862,0.0144175,0.01461,-0.372132,531,0,0,2005,-116.647632,49.2341005
0.0379288,0.0739019,0.205726,0.3537407,0.0581315,0.2330273,0.1189166,0.1002346,531,0,1,2005,-116.6107113,49.1403164
0.0407407,0.0628271,0.2594915,0.3127209,0.0538631,0.1838619,0.0970961,0.0811482,530,0,0,2005,-116.5988535,49.1289976
0.018482,0.0343462,0.3287551,0.2065773,0.026287,0.1043563,0.0507512,-0.0602192,1533,0,0,2005,-116.7109633,49.1025872
0.0212925,0.028415,0.6176298,0.01725,0.01901,0.0040775,0.0022075,-0.0889645,531,0,0,2005,-116.6279589,49.237065
0.03223,0.0575402,0.4753278,0.4975499,0.0369537,0.1769441,0.0684726,0.0428867,542,0,0,2005,-116.6468235,49.1885559
0.0353686,0.055751,0.1258471,0.1575668,0.0554966,0.1223412,0.0715156,-0.0500236,534,0,0,2005,-116.6239165,49.1209128
0.0291628,0.0446171,0.2038393,0.1699968,0.0433827,0.1124276,0.0562039,0.13232,532,0,1,2005,-116.5999315,49.2106545
0.0223556,0.0396553,0.3200819,0.2408395,0.0336175,0.1240462,0.0672887,0.0569682,1877,0,0,2005,-116.7540824,49.110133
0.0201119,0.0269571,0.2241589,0.138077,0.0267139,0.0875098,0.0472958,0.0574237,2108,0,0,2005,-116.7586638,49.2041866
0.0458735,0.0911774,0.4946609,0.5108731,0.0595993,0.1727242,0.0644912,0.4547485,532,0,1,2005,-116.5910382,49.1969103
0.1404964,0.1867111,-0.11972,0.2653297,0.2117047,0.3375005,0.3104803,-0.1059337,532,0,0,2005,-116.576216,49.1532521
0.0356687,0.0731829,0.1916654,0.2625553,0.0519038,0.1780974,0.0780741,0.0578716,530,0,0,2005,-116.5899602,49.1653794
0.0278464,0.0536522,0.3237712,0.2573477,0.0402615,0.1314622,0.0674551,0.0162931,1389,0,0,2005,-116.7160837,49.2146969
0.076392,0.1158938,0.0979809,0.2775921,0.1109852,0.2280489,0.1669714,0.0664496,588,0,0,2005,-116.5886127,49.2055341
0.0206269,0.0290181,0.3157951,0.1611875,0.0208229,0.0838164,0.0411342,-0.0255366,779,0,0,2005,-116.7071903,49.1416639
0.0367863,0.0694761,0.2358854,0.2900012,0.0583476,0.1792999,0.0863476,-0.0578497,532,0,0,2005,-116.5843008,49.1861305
0.0309988,0.0513395,0.0787381,0.1960325,0.0468296,0.1674154,0.0949423,0.0431653,682,0,0,2005,-116.6395472,49.1292671
0.0199445,0.0372806,0.3630682,0.191615,0.0234702,0.0895375,0.0352319,-0.0207917,1315,0,0,2005,-116.5886127,49.23437
0.0210725,0.025005,0.4913681,0.0172775,0.0173325,0.0058925,0.006085,-0.1396877,531,0,1,2005,-116.6209521,49.2392209
0.1393197,0.1881887,-0.0993977,0.275741,0.2140184,0.336607,0.3138974,-0.1300938,532,0,0,2005,-116.5786414,49.1510962
0.0165274,0.0315991,0.4044633,0.1780001,0.0234442,0.0754777,0.031554,-0.0154014,1254,0,1,2005,-116.7476145,49.135735
0.0479551,0.0804135,0.2375796,0.2846725,0.0716426,0.1753747,0.1088939,0.0686598,1656,0,0,2005,-116.7503095,49.1672659
0.0236213,0.0385107,0.3256295,0.2075016,0.0303717,0.1055597,0.0454729,-0.0626148,1085,0,1,2005,-116.6605678,49.1015092
0.0305394,0.0477531,0.1222977,0.2061961,0.0449108,0.1612574,0.0930264,-0.0260557,1025,0,1,2005,-116.7007225,49.1446283
0.0316353,0.0692826,0.3666637,0.367768,0.0531051,0.1704302,0.0695215,0.1245937,530,0,1,2005,-116.6142147,49.1465148
0.0177012,0.03699,0.2759952,0.1833761,0.0315095,0.1040484,0.0466165,-0.088079,1511,0,1,2005,-116.7220125,49.1004312
0.0282819,0.056454,0.3971061,0.4246319,0.0381243,0.1832416,0.0723151,0.2662845,531,0,1,2005,-116.5778329,49.1403164
0.0172601,0.0346574,0.2990182,0.1814142,0.0334545,0.0978955,0.0536012,0.0960437,1891,0,0,2005,-116.6904817,49.1149839
0.0290556,0.0440998,-0.0681199,0.1157882,0.0420373,0.1327163,0.1000079,-0.0013131,1397,0,0,2005,-116.7543519,49.1567556
0.0176617,0.0313599,0.4152366,0.289176,0.0232795,0.119485,0.048597,-0.0041429,1830,0,0,2005,-116.7179701,49.1637624
0.0575058,0.096608,0.2504568,0.3397078,0.0963882,0.2036262,0.1107011,-0.2029503,533,0,0,2005,-116.6074773,49.1936763
0.0170289,0.0345414,0.4452606,0.21346,0.0239566,0.0819331,0.0363918,0.014827,1280,0,0,2005,-116.7104243,49.2203563
0.0199611,0.0334253,0.4689547,0.1779376,0.0226194,0.0643266,0.025998,0.0252464,1424,0,1,2005,-116.698297,49.2055341
0.0317572,0.0472998,0.0093855,0.1695028,0.0449053,0.1663506,0.1020142,-0.0491838,904,0,0,2005,-116.7627062,49.1473233
0.0240975,0.034465,0.3724068,0.0269575,0.017525,0.0123275,0.00581,0.1485279,533,0,1,2005,-116.5837618,49.1494792
0.0363698,0.0533578,0.3203532,0.2815928,0.0481587,0.1449488,0.0746904,0.2694832,534,0,0,2005,-116.5859178,49.1575641
0.0306829,0.062251,0.4382229,0.3821644,0.0428695,0.1492754,0.0666171,0.0039085,532,0,0,2005,-116.5888822,49.1104025
0.0206044,0.0392878,0.107896,0.1793996,0.0296823,0.1444568,0.080035,-0.0493489,1924,0,0,2005,-116.746267,49.2279021
0.019903,0.030066,0.3837813,0.1494243,0.0216955,0.0665409,0.0352529,0.0358246,1650,0,0,2005,-116.700992,49.183166
0.0225384,0.046493,0.36314,0.2719045,0.0335932,0.127034,0.0610449,0.0639297,1913,0,0,2005,-116.7664791,49.208229
0.0174853,0.0389361,0.1429592,0.1613787,0.0336632,0.1210088,0.0778286,0.0587131,1852,0,1,2005,-116.7193176,49.1114805
0.0353253,0.0573252,0.1959124,0.1840397,0.0494355,0.1237416,0.0740114,-0.0882757,1801,0,1,2005,-116.7804929,49.1766982
0.0383999,0.0677687,0.0770445,0.2622547,0.0660597,0.2247348,0.1374688,-0.2534156,539,0,0,2005,-116.5918467,49.1395079
0.0156961,0.0299269,0.4791063,0.1596935,0.019225,0.0562389,0.0292542,0.0624843,1708,0,1,2005,-116.7470755,49.2381429
0.0193067,0.0339841,0.2936037,0.1689527,0.0253684,0.0922598,0.0458556,-0.0253057,1748,0,0,2005,-116.7465365,49.1904424
0.0128222,0.0262278,0.3089161,0.1237528,0.0156495,0.0653392,0.0299259,-0.0116744,1892,0,0,2005,-116.775103,49.2163139
0.0484585,0.091224,0.5208026,0.5136734,0.0672241,0.161856,0.0661375,0.4624763,531,0,0,2005,-116.5940026,49.2039171
0.0186568,0.0323854,0.3318526,0.1595081,0.0244895,0.0800201,0.0355726,0.0537891,1635,0,0,2005,-116.7209346,49.209307
0.0236195,0.0418674,0.2738712,0.2499667,0.0354946,0.1424854,0.0797359,-0.0100754,1894,0,0,2005,-116.7804929,49.2421854
0.0446618,0.0763437,0.2451046,0.4064327,0.0643244,0.2464164,0.121229,0.2359302,535,0,1,2005,-116.5686701,49.1044736
0.0212409,0.0383298,0.2664182,0.1573797,0.0306113,0.0911633,0.0546215,0.016246,1875,0,0,2005,-116.7206651,49.185861
0.0197421,0.0408282,0.3287178,0.2844054,0.0277964,0.1436846,0.0666255,-0.0343691,1241,0,0,2005,-116.6667661,49.1575641
0.0347512,0.0690601,0.2822964,0.3296143,0.0572856,0.1844857,0.092471,0.0674403,530,0,0,2005,-116.5896907,49.183705
0.0193125,0.0326775,0.7679355,0.0251975,0.0224475,0.0033075,-0.00178,0.0199335,531,0,1,2005,-116.649788,49.2095765
0.0156114,0.0321193,0.4969878,0.1904043,0.0183214,0.063979,0.0317715,9.76e-05,1178,0,0,2005,-116.6613763,49.1298061
0.0136048,0.026465,0.3523576,0.1525703,0.0187909,0.0730657,0.0317788,-0.0588761,1553,0,1,2005,-116.7419551,49.0980058
0.0154463,0.0279371,0.3427443,0.1442524,0.0210453,0.0706097,0.0285006,-0.0367287,1335,0,0,2005,-116.6813189,49.1923289
0.0338958,0.0607317,0.4345167,0.4192649,0.0413057,0.1652733,0.0655395,0.0984323,532,0,0,2005,-116.6524829,49.2004137
0.0235849,0.0451088,0.2928761,0.2721959,0.0355958,0.1488745,0.0712122,0.0664939,1367,0,1,2005,-116.6576033,49.0939633
0.0274479,0.0454763,0.2882298,0.1629522,0.0282107,0.090034,0.0314056,-0.0459018,905,0,0,2005,-116.7379127,49.1386994
0.0484977,0.074779,0.2268631,0.2934458,0.0791931,0.1849218,0.1057085,-0.0071546,532,0,0,2005,-116.6082858,49.1958323
0.0441068,0.06299,-0.0258349,0.18756,0.0576366,0.1975082,0.1377336,0.0060753,2021,0,1,2005,-116.7810319,49.2047256
0.0293225,0.0573175,0.3525306,0.2671975,0.042275,0.12791,0.0490675,-0.011158,532,0,0,2005,-116.6206826,49.1812796
0.021875,0.0397147,0.0775886,0.1631257,0.0326343,0.1396349,0.0744314,-0.073513,1435,0,0,2005,-116.6885952,49.1993357
0.0148446,0.0307483,0.4609972,0.1585614,0.019511,0.0584977,0.0248127,-0.0033857,1478,0,1,2005,-116.7556994,49.1599895
0.0150481,0.030463,0.4626647,0.1857414,0.0222453,0.0682353,0.029248,-0.0414399,1476,0,0,2005,-116.6627237,49.1120195
0.0181606,0.0333374,0.4620556,0.2343065,0.0259578,0.08621,0.0299471,-0.0588686,1243,0,1,2005,-116.6589508,49.0971973
0.0406828,0.0673179,0.2395851,0.2851219,0.0673033,0.1749061,0.0938412,0.1872173,644,0,0,2005,-116.6306539,49.0977363
0.058833,0.0988659,-0.0889533,0.2223694,0.1109895,0.265793,0.1882574,-0.2780355,1717,0,0,2005,-116.7362958,49.1114805
0.024679,0.0390444,0.3915992,0.2249268,0.030452,0.0983369,0.046845,0.0569682,1879,0,0,2005,-116.7438416,49.1678049
0.0148018,0.0313582,0.3279251,0.1982827,0.0207412,0.1003527,0.0467989,0.0227608,1572,0,1,2005,-116.7284804,49.1060906
0.0174182,0.0329835,0.1563853,0.1105683,0.0237772,0.0806626,0.0496629,0.034844,1942,0,0,2005,-116.7443806,49.2052646
0.0176181,0.0310303,0.3724163,0.1653386,0.0236108,0.0756067,0.0340706,-0.1157716,1216,0,0,2005,-116.6640712,49.1691523
0.0288,0.03727,0.3106695,0.02506,0.020935,0.01318,0.00889,-0.1567526,533,0,0,2005,-116.6384692,49.1855915
0.0347674,0.0592038,0.2712862,0.3198944,0.0436388,0.1833666,0.1060375,0.0192422,1361,0,0,2005,-116.7128497,49.212002
0.0150519,0.0282016,0.4086149,0.1516968,0.018895,0.0636876,0.0271883,0.0303939,1959,0,0,2005,-116.750579,49.2235902
0.0227224,0.0392689,0.3385356,0.2281718,0.031151,0.1127557,0.052107,0.0732741,1842,0,0,2005,-116.7691741,49.2173919
0.0220488,0.0298587,0.3231192,0.0234788,0.0222825,0.0120112,0.008945,-0.4123562,531,0,0,2005,-116.6161012,49.2219733
0.0267661,0.0523963,0.3993311,0.3309152,0.038818,0.1420468,0.0590651,0.0774815,537,0,0,2005,-116.6104418,49.1039346
0.0534314,0.0736181,0.0083927,0.1756678,0.0688632,0.1727437,0.133499,0.019689,2038,0,0,2005,-116.7336008,49.1810101
0.017933,0.0293455,0.3197887,0.1559622,0.0222313,0.080382,0.0408733,-0.0470826,1170,0,1,2005,-116.7106938,49.1473233
0.0202073,0.0341031,0.3378315,0.1634768,0.0235483,0.0809139,0.0397781,-0.0037433,879,0,0,2005,-116.7058429,49.1435503
0.0121748,0.0254377,0.3336483,0.1589433,0.0185106,0.0794154,0.0391647,0.0066875,1862,0,0,2005,-116.7395297,49.23437
0.0342691,0.0666982,0.4202222,0.3794737,0.0408435,0.1549127,0.0552901,0.2740538,532,0,1,2005,-116.5859178,49.1920594
0.0507073,0.0643397,-0.0460171,0.1812112,0.0711067,0.1986934,0.1486125,-0.0373641,1971,0,0,2005,-116.7839963,49.1952933
0.0326616,0.0565761,0.3085763,0.3355876,0.0440756,0.1773173,0.0728626,0.0656696,533,0,1,2005,-116.6419726,49.1950238
0.0349559,0.0560741,0.1151522,0.2189257,0.055902,0.1737125,0.1087385,-0.0299363,623,0,0,2005,-116.6527524,49.1850525
0.0154727,0.0337837,0.4349713,0.1937715,0.0252946,0.0762987,0.0341597,-0.0210791,1826,0,0,2005,-116.77133,49.1149839
0.0204079,0.0315734,0.4016528,0.1836215,0.0256419,0.0783856,0.0364189,0.0041337,1789,0,0,2005,-116.7759115,49.1653794
0.0257757,0.0375915,0.3725378,0.1767395,0.0253066,0.0807973,0.0446576,-0.0466661,742,0,0,2005,-116.7257855,49.1386994
0.031495,0.05905,0.4078427,0.45461,0.040075,0.191215,0.073625,0.0080716,530,0,0,2005,-116.5956196,49.1058211
0.0271464,0.0496361,0.2952261,0.2623894,0.0395376,0.1427745,0.0653565,0.0241803,536,0,0,2005,-116.5824143,49.1901729
0.0889829,0.109622,-0.1365496,0.1720963,0.1151711,0.2265283,0.1960064,-0.0010629,2270,0,1,2005,-116.7759115,49.1947543
0.0172872,0.0315105,0.4524574,0.1735013,0.0208786,0.0654059,0.0283292,0.0360551,1738,0,0,2005,-116.7476145,49.1594505
0.0229981,0.03968,0.2725331,0.1762739,0.0238099,0.1007702,0.0493804,-0.0477457,1725,0,0,2005,-116.748423,49.1594505
0.0288652,0.0587019,0.3649765,0.3084398,0.0438733,0.1434944,0.0634003,0.0502517,533,0,0,2005,-116.625264,49.1289976
0.017779,0.0365709,0.1829927,0.1481746,0.0291266,0.1023335,0.0531004,-0.0978963,1600,0,0,2005,-116.7150057,49.1001617
0.0182178,0.0283252,0.3945903,0.1765077,0.0221762,0.0766243,0.0342032,-0.0407011,1418,0,1,2005,-116.7109633,49.0974668
0.0178367,0.0317636,0.3332253,0.1375153,0.0217585,0.0687744,0.0315421,0.0288643,1906,0,0,2005,-116.7516569,49.1799321
0.0377778,0.0716071,0.2119844,0.3010145,0.0591477,0.1957155,0.0864517,-0.0653106,530,0,0,2005,-116.5942721,49.185861
0.0147846,0.0257408,0.2741782,0.1424232,0.022841,0.0811299,0.0446174,-0.0486412,1493,0,0,2005,-116.7414161,49.0969278
0.0150074,0.0281393,0.4777047,0.1659513,0.0155166,0.0586556,0.0198921,-0.0266525,1662,0,1,2005,-116.7594723,49.1295366
0.022915,0.02957,0.2884295,0.0232175,0.0140325,0.0128225,0.00526,-0.2773046,533,0,0,2005,-116.5940026,49.0945023
0.0228787,0.0392792,0.3193152,0.2153083,0.0259486,0.1110857,0.0506046,-0.0005184,1120,0,0,2005,-116.598584,49.2421854
0.0301439,0.0516023,0.2358332,0.2456467,0.0414562,0.1518935,0.0847492,0.0263708,1944,0,0,2005,-116.7376432,49.1626845
0.0217701,0.0337109,0.3924982,0.2084003,0.0248282,0.0909183,0.0409054,-0.0642488,863,0,0,2005,-116.7422246,49.1451673
0.0319442,0.0602971,0.3774625,0.45268,0.038774,0.2045865,0.0876355,-0.0396611,533,0,1,2005,-116.5966976,49.0953108
0.0187738,0.0297968,0.4282821,0.1839459,0.0221537,0.0736305,0.0276903,-0.0215638,985,0,0,2005,-116.6050519,49.2429938
0.0135317,0.0292933,0.4410306,0.1773681,0.0207978,0.0688003,0.0321755,0.0148021,1519,0,1,2005,-116.7214735,49.2249377
0.0138995,0.0231491,0.3942005,0.1383684,0.0168796,0.060123,0.0273554,0.0239999,1703,0,0,2005,-116.7616282,49.1295366
0.0254006,0.0416724,0.3609426,0.2748499,0.031732,0.1290612,0.0624281,0.0947092,1588,0,0,2005,-116.6961411,49.1915204
0.0208045,0.0394275,0.3630087,0.2065847,0.0299307,0.0965457,0.0463359,-0.0478588,1161,0,0,2005,-116.6597593,49.1306146
0.039662,0.0707392,0.2761629,0.3309415,0.0636311,0.1877094,0.0987088,0.154343,531,0,0,2005,-116.6053214,49.1850525
0.0216386,0.0417458,0.385911,0.2954589,0.027476,0.1309161,0.055545,-0.0408776,744,0,1,2005,-116.6462846,49.1316926
0.0176657,0.0331185,0.4118971,0.2166024,0.0216578,0.0902222,0.0388353,-0.0560851,1286,0,0,2005,-116.6584118,49.1152534
0.0206049,0.0322138,0.2656368,0.161645,0.0268523,0.0937916,0.0497885,0.0086505,1126,0,0,2005,-116.6724255,49.1519047
0.0245925,0.0413125,0.3698569,0.030505,0.026985,0.0140325,0.011695,0.0504546,533,0,0,2005,-116.5883432,49.1500182
0.0238571,0.0344961,0.2193546,0.1566018,0.0299548,0.1002583,0.0528176,-0.0184168,1343,0,0,2005,-116.7112328,49.0934244
0.033718,0.06037,0.3859677,0.4502741,0.0430199,0.1994872,0.0805248,0.4526209,530,0,0,2005,-116.6080163,49.1333095
0.026545,0.033145,0.3192444,0.0397175,0.0298725,0.020495,0.00944,-0.1686545,531,0,0,2005,-116.6433201,49.2036476
0.0235685,0.0397658,0.3325207,0.1947323,0.0301536,0.0975443,0.0446795,-0.0037151,596,0,0,2005,-116.6600288,49.2052646
0.0159258,0.0328625,0.4241652,0.1633366,0.0192232,0.0660421,0.0292558,0.0036664,1743,0,0,2005,-116.746806,49.1594505
0.0198927,0.0384389,0.5059944,0.3292169,0.0250801,0.1079918,0.0451937,0.0259265,1568,0,0,2005,-116.7252465,49.23437
0.0151469,0.0262603,0.4154916,0.1495321,0.0192256,0.0617473,0.0261032,0.0007271,1450,0,0,2005,-116.7236295,49.1519047
0.023795,0.0381912,0.4982995,0.027535,0.0336125,0.00922,0.0056037,-0.3805534,531,0,0,2005,-116.6082858,49.2227818
0.0161809,0.0325379,0.2354585,0.1486765,0.0259502,0.0920058,0.0468128,-0.013009,1861,0,0,2005,-116.7379127,49.2322141
0.0196585,0.0423233,0.2933913,0.240014,0.0330142,0.131125,0.0588332,0.041098,1759,0,1,2005,-116.7411467,49.2392209
0.0274977,0.0467511,0.4560995,0.2197083,0.0393457,0.0820682,0.0398226,0.02737,533,0,0,2005,-116.672695,49.234909
0.0279273,0.0438984,0.0594745,0.1688636,0.0402983,0.149905,0.0841992,-0.0216209,1038,0,1,2005,-116.7074598,49.2327531
0.0485423,0.0885613,0.120492,0.3431049,0.0836673,0.2693134,0.1473682,0.0696467,533,0,0,2005,-116.5684006,49.0963888
0.0201109,0.0357615,0.3356099,0.1946034,0.0287609,0.0968041,0.0442586,-0.0166059,1139,0,0,2005,-116.6576033,49.1731947
0.0289599,0.0602569,0.3078864,0.3059057,0.0454403,0.1618806,0.0689286,0.0416387,532,0,0,2005,-116.6341573,49.1513657
0.0260162,0.0380055,0.2112267,0.193665,0.031359,0.1261183,0.0637867,-0.0740049,950,0,0,2005,-116.7279414,49.1432808
0.0286258,0.047012,0.3194212,0.2072102,0.0349535,0.1068824,0.0420312,-0.0085789,1441,1,0,2006,-116.5686701,49.2233207
0.022332,0.0380389,0.3534145,0.229978,0.0215057,0.1098706,0.0468731,-0.0616529,1420,1,0,2006,-116.6802409,49.1572946
0.0185116,0.0343411,0.4997435,0.2147969,0.0241502,0.071648,0.0279837,-0.0078162,1573,1,0,2006,-116.747345,49.1042041
0.0206549,0.0306879,0.3437275,0.1757233,0.0308225,0.0858228,0.0344245,-0.0357808,1402,1,0,2006,-116.7085378,49.1265722
0.0301664,0.0505154,0.26695,0.3106234,0.0379508,0.1797249,0.083761,-0.0197218,1404,1,1,2006,-116.6856308,49.1572946
0.0137137,0.0298444,0.3050543,0.1440398,0.0225052,0.0767017,0.0335925,-0.0564914,1622,1,0,2006,-116.7190481,49.1031262
0.0205701,0.032416,0.3418802,0.1604522,0.0243118,0.0786932,0.0401239,-0.0319933,1584,1,1,2006,-116.7276719,49.1066296
0.0238129,0.0358627,0.3329581,0.1821685,0.0245029,0.0911612,0.0443421,-0.0297377,1549,1,1,2006,-116.7247075,49.1535216
0.020015,0.0349656,0.3112848,0.1732392,0.0247815,0.090989,0.042005,-0.0573863,1431,1,1,2006,-116.7193176,49.1497487
0.0232532,0.0324478,0.469302,0.1807767,0.0218766,0.0652948,0.0242214,0.0154269,1401,1,0,2006,-116.7821098,49.2243987
0.0203828,0.0357081,0.2566586,0.1541037,0.0284698,0.0911558,0.0408817,-0.0800411,1492,1,0,2006,-116.7020699,49.1254942
0.0253478,0.0443844,0.3185704,0.2406479,0.0323255,0.1243654,0.054341,-0.0130815,1181,1,0,2006,-116.6519439,49.1203738
0.0268126,0.0427396,0.2912896,0.2107619,0.0289218,0.1156744,0.0502438,-0.0231113,1553,1,0,2006,-116.5786414,49.2362565
0.0236055,0.0359784,0.2225449,0.1702461,0.030805,0.1082649,0.0573463,-0.1094595,1536,1,0,2006,-116.7141972,49.0977363
0.0185264,0.0327857,0.3769149,0.1803246,0.0253138,0.0816009,0.0341307,-0.021907,1677,1,0,2006,-116.6799714,49.161876
0.0316065,0.0522607,0.0887622,0.2238491,0.0468353,0.1873502,0.1105758,0.0098278,1499,1,0,2006,-116.7274024,49.1505572
0.0185786,0.031314,0.3053327,0.1628872,0.0213421,0.0866847,0.0425015,-0.1082722,1516,1,1,2006,-116.7257855,49.1521742
0.0300819,0.0480348,0.316752,0.2640908,0.0385075,0.1370338,0.0644751,-0.0047295,1472,1,0,2006,-116.7839963,49.2211648
0.0197441,0.036171,0.3822489,0.2475421,0.0236382,0.1106309,0.0481275,-0.0096901,1425,1,0,2006,-116.6810494,49.1572946
0.0354034,0.0567027,0.2641084,0.2380438,0.048805,0.1385755,0.0768305,0.0703872,1478,1,0,2006,-116.6799714,49.1583725
0.0168717,0.0307477,0.3384679,0.151424,0.0240909,0.0748406,0.0374479,-0.0625874,1648,1,0,2006,-116.6840138,49.161876
0.0224202,0.0422505,0.3393261,0.1928634,0.03042,0.0951373,0.042592,0.0007813,1499,1,1,2006,-116.5670532,49.2222428
0.0231301,0.0411977,0.3826842,0.2217436,0.0299485,0.0990001,0.0447598,-0.0313897,1734,1,0,2006,-116.6912902,49.0942328
0.0242753,0.0359835,0.3667935,0.1945151,0.033249,0.0901148,0.0424966,-0.0474731,1349,1,0,2006,-116.6931766,49.1246857
0.0247512,0.0410731,0.3766622,0.2739617,0.0264796,0.1240469,0.0541048,0.0027634,1164,1,0,2006,-116.6519439,49.1219908
0.0206506,0.0364672,0.3273719,0.1835387,0.0238914,0.0930058,0.0456155,-0.027727,1619,1,0,2006,-116.7115022,49.1044736
0.0215589,0.034278,0.4670618,0.1894497,0.0248947,0.0688212,0.0275813,-0.0342601,1456,1,1,2006,-116.7020699,49.1263027
0.028307,0.0329875,0.5163491,0.1955227,0.0252668,0.0623634,0.0260404,-0.0436629,1409,1,1,2006,-116.7807624,49.2243987
0.0212437,0.0373412,0.419443,0.2082919,0.0248762,0.0851921,0.0404688,0.0145658,1234,1,0,2006,-116.7236295,49.1484012
0.0213274,0.034116,0.3678729,0.1923682,0.0272475,0.088898,0.0375997,-0.0764039,1376,1,0,2006,-116.7214735,49.1508267
0.0229837,0.0448695,0.3121775,0.1998524,0.0320516,0.1047594,0.048683,-0.0436165,1432,1,0,2006,-116.7837268,49.2227818
0.014545,0.0293839,0.3989479,0.1785603,0.0230668,0.0767177,0.0346921,-0.04776,1454,1,1,2006,-116.7236295,49.1031262
0.0179402,0.0346268,0.4256603,0.174925,0.0265272,0.0704701,0.0348312,-0.0384652,1604,1,0,2006,-116.7047649,49.1236077
0.0324174,0.052495,0.1617091,0.2163985,0.0447787,0.1561534,0.092642,0.032052,935,1,0,2006,-116.647093,49.1227993
0.0304627,0.0514081,0.2446722,0.2540849,0.038968,0.1541911,0.0767059,0.0367812,908,1,0,2006,-116.6462846,49.1236077
0.0233659,0.0355588,0.2484619,0.174592,0.0278157,0.1050993,0.050639,-0.0421842,1546,1,0,2006,-116.7147362,49.0980058
0.0253124,0.0392983,0.4031075,0.2129704,0.0267314,0.0905992,0.03924,-0.0006846,1486,1,0,2006,-116.5837618,49.2378734
0.024074,0.0375938,0.5187413,0.2009464,0.0231286,0.0636759,0.0276451,-0.0257228,1409,1,1,2006,-116.7815708,49.2241292
0.0232875,0.0407909,0.3260441,0.2316986,0.0282465,0.1177598,0.0555115,-0.0173132,1239,1,0,2006,-116.6532914,49.1211823
0.0197629,0.0365145,0.331554,0.1974622,0.0266421,0.0991269,0.0483115,-0.0316233,1611,1,0,2006,-116.7287499,49.1068991
0.0235282,0.0392772,0.3649896,0.1872493,0.0279147,0.0871108,0.0371572,-0.0446296,1485,1,1,2006,-116.5673226,49.2217038
0.0227976,0.0345805,0.2662747,0.1594309,0.0305198,0.09238,0.0387718,-0.0991664,1567,1,0,2006,-116.7039564,49.1246857
0.0265235,0.047378,0.3248706,0.2616043,0.0370816,0.1333087,0.0601023,0.0418993,1460,1,1,2006,-116.5670532,49.2173919
0.0190676,0.0338137,0.3067802,0.1888727,0.0249691,0.100193,0.0476632,-0.051179,1503,1,0,2006,-116.6848223,49.159181
0.0198353,0.0264755,0.3390218,0.1496767,0.0253452,0.0738845,0.0360095,-0.0230243,1518,1,0,2006,-116.6902122,49.1233382
0.0187997,0.0359209,0.2033882,0.1834192,0.0276976,0.1214188,0.063629,-0.0923086,1546,1,0,2006,-116.6818578,49.1594505
0.02705,0.0452683,0.3380736,0.2550096,0.0353942,0.1261497,0.0675963,-0.0580845,1479,1,0,2006,-116.6837443,49.1583725
0.0235716,0.0353193,0.3346319,0.159017,0.0242717,0.0792764,0.031881,0.0341668,1598,1,0,2006,-116.5867263,49.2443413
0.0248902,0.0416289,0.2297343,0.22276,0.0349237,0.1395297,0.0691682,0.0130679,1585,1,0,2006,-116.7276719,49.1527132
0.0193175,0.0297158,0.3644878,0.1705832,0.0274401,0.0794494,0.0337757,-0.02268,1530,1,0,2006,-116.7214735,49.1017787
0.0207147,0.0365518,0.4218812,0.2263284,0.0239804,0.0920222,0.0420287,-0.0336804,1422,1,0,2006,-116.7101548,49.0993532
0.0154615,0.0293667,0.4261875,0.1889485,0.0281784,0.0760216,0.0347308,0.0005229,1433,1,1,2006,-116.7044954,49.1271112
0.0306622,0.0539147,0.2079435,0.231832,0.0438685,0.1520138,0.086065,0.0280259,1183,1,1,2006,-116.6524829,49.1198348
0.0321975,0.050282,0.1109597,0.2061111,0.0439226,0.1649395,0.094843,-0.0296077,1404,1,0,2006,-116.7292889,49.1500182
0.0195197,0.0400981,0.2809387,0.1607659,0.0332824,0.0902467,0.0422459,-0.0711984,1624,1,1,2006,-116.7039564,49.1238772
0.0186775,0.0285549,0.3890249,0.1543443,0.0200733,0.0678897,0.0313362,-0.0401288,1475,1,1,2006,-116.722821,49.1031262
0.0247275,0.0395042,0.3925999,0.2024879,0.0286839,0.0883177,0.03496,-0.012899,1555,1,0,2006,-116.5810669,49.2373345
0.0230608,0.034553,0.2889679,0.1838466,0.027471,0.1014151,0.053808,-0.0103112,1268,1,1,2006,-116.7247075,49.1481318
0.0325179,0.0523281,0.1684671,0.2316955,0.0466687,0.1648848,0.0925889,0.0480123,1647,1,1,2006,-116.6770069,49.1616065
0.0279229,0.0468786,0.3469806,0.1953409,0.0323912,0.0947017,0.0455275,-0.0538827,1563,1,1,2006,-116.7818403,49.2206258
0.0206713,0.0351219,0.3377594,0.1635017,0.0253424,0.0809394,0.0394927,-0.0696259,1651,1,0,2006,-116.7101548,49.1044736
0.021854,0.0349771,0.3792081,0.1720667,0.026908,0.0774485,0.0400749,-0.0441025,1470,1,0,2006,-116.7416856,49.1047431
0.0240218,0.0456765,0.3323552,0.2502151,0.0349782,0.1253831,0.0583381,-0.0389718,1462,1,0,2006,-116.5678616,49.2195478
0.0202489,0.034263,0.2891781,0.1625042,0.0268697,0.0896009,0.0437306,-0.0494952,1705,1,0,2006,-116.6826663,49.162415
0.0222379,0.0432435,0.3627209,0.2414729,0.0296695,0.1129253,0.0488831,-0.021181,1130,1,0,2006,-116.6511355,49.1230688
0.0260959,0.0414619,0.1185808,0.1604827,0.0338868,0.1264571,0.0757602,-0.0145643,1323,1,1,2006,-116.7295584,49.1489402
0.0217618,0.0378426,0.1726815,0.1492915,0.0328269,0.1053241,0.0585813,-0.0170075,1592,1,0,2006,-116.7362958,49.1082466
0.0277386,0.0473951,0.1513946,0.176228,0.038149,0.1298843,0.0778556,-0.0145837,1495,1,1,2006,-116.7282109,49.1508267
0.0241307,0.0388016,0.2522452,0.1875795,0.0319702,0.1120096,0.0546283,-0.1677571,1544,1,0,2006,-116.7446501,49.1071686
0.0218532,0.0437528,0.2234215,0.1858278,0.0326226,0.117956,0.0572666,0.0278211,1655,1,0,2006,-116.5861873,49.2446108
0.0261009,0.0403976,0.3409184,0.2170278,0.0306739,0.1066725,0.0441078,-0.0408549,1495,1,0,2006,-116.5670532,49.2211648
0.0233014,0.0358485,0.2207895,0.1740993,0.0273534,0.1111248,0.0545617,-0.1489903,1521,1,1,2006,-116.7214735,49.1007007
0.0190391,0.0378496,0.3742895,0.2295808,0.0252153,0.1045276,0.047028,0.0038402,1623,1,0,2006,-116.7290194,49.1074381
0.0264526,0.0447328,0.2246674,0.2131144,0.0400882,0.134922,0.0675883,-0.014567,1355,1,0,2006,-116.7088073,49.0977363
0.0278438,0.0482241,0.1123371,0.1806033,0.0457861,0.1441243,0.0765296,-0.0139227,1275,1,0,2006,-116.722282,49.1478623
0.0235949,0.0365978,0.2614162,0.2153944,0.0269805,0.1261177,0.0676267,0.0310842,1414,1,1,2006,-116.7317143,49.1508267
0.038112,0.0553534,-0.0840097,0.1788796,0.0564054,0.2116914,0.1457739,-0.0018797,1440,1,1,2006,-116.7330618,49.1510962
0.0433408,0.0779499,0.1488611,0.328347,0.0684521,0.2432574,0.128984,-0.166638,1624,1,0,2006,-116.725516,49.1079771
0.0270713,0.0449171,0.189006,0.2142552,0.034254,0.1461386,0.0789176,-0.0195529,1481,1,0,2006,-116.7300974,49.1513657
0.0173814,0.0333454,0.3682725,0.2046157,0.0252105,0.0944705,0.043131,-0.0210321,1574,1,0,2006,-116.6829358,49.1599895
0.0297499,0.0480893,0.290337,0.2686541,0.0358043,0.1477551,0.0776183,-0.0240988,1412,1,0,2006,-116.7298279,49.1505572
0.0284712,0.0500536,0.3244215,0.3114469,0.0338272,0.1588669,0.072312,0.0462238,1533,1,0,2006,-116.6786239,49.15972
0.01537,0.0265703,0.3217737,0.1902643,0.0244946,0.0976281,0.0456074,-0.0081578,1468,1,0,2006,-116.7104243,49.1007007
0.0193524,0.0319405,0.3323992,0.1704621,0.030001,0.0854103,0.0415783,-0.0533293,1386,1,0,2006,-116.7085378,49.1271112
0.0349464,0.04872,0.0032214,0.1752285,0.0469801,0.1741032,0.1179314,-0.0062065,1240,1,0,2006,-116.7306364,49.1484012
0.0257671,0.0442392,0.5387557,0.2333955,0.0299074,0.0699606,0.0270471,-0.0286006,1570,1,1,2006,-116.7848048,49.2184698
0.0222304,0.0332065,0.2352683,0.1600693,0.0292007,0.0990959,0.0493234,-0.1370237,1560,1,1,2006,-116.7147362,49.0985447
0.0267477,0.0462953,0.2840526,0.248106,0.035562,0.1383361,0.0706639,0.0040949,1572,1,0,2006,-116.5878042,49.2446108
0.026693,0.0405015,0.0973009,0.1541775,0.0377006,0.1268348,0.074575,-0.0070711,1288,1,0,2006,-116.7322533,49.1494792
0.0213002,0.0350873,0.4566683,0.2077867,0.0199046,0.0775036,0.0375852,0.0325841,1282,1,0,2006,-116.72336,49.1492097
0.0212254,0.0369015,0.255621,0.1837941,0.0304253,0.10896,0.0508698,-0.0443383,1601,1,0,2006,-116.7039564,49.1241467
0.0223946,0.0399571,0.3936263,0.2118473,0.0287551,0.0921758,0.0355089,-0.0624625,1491,1,0,2006,-116.6915596,49.1225298
0.0275666,0.0416987,0.4268297,0.2402545,0.0345145,0.0965124,0.0426172,-0.0006167,1379,1,0,2006,-116.6934461,49.1236077
0.0210756,0.0373999,0.2643654,0.1794739,0.0261867,0.1044217,0.052324,0.0028257,1531,1,0,2006,-116.6756595,49.160259
0.0224475,0.0334163,0.2877553,0.18053,0.0261572,0.0998494,0.0445178,-0.0197101,1540,1,1,2006,-116.6896732,49.1230688
0.0258038,0.0453662,0.317563,0.2271748,0.0296823,0.1176661,0.0537901,-0.0252458,1426,1,0,2006,-116.5678616,49.2171224
0.0212007,0.033763,0.2957776,0.1787686,0.0254224,0.0971562,0.0460429,-0.0427347,1517,1,0,2006,-116.7268634,49.1516352
0.0161026,0.0340131,0.3404723,0.1757097,0.0239224,0.0864512,0.037447,-0.0673252,1574,1,0,2006,-116.6840138,49.160259
0.0186837,0.03356,0.3058446,0.2052045,0.0299868,0.1090817,0.0525279,-0.0084708,1537,1,0,2006,-116.6842833,49.15972
0.0207951,0.0383597,0.2091955,0.1870854,0.033668,0.1223524,0.062095,-0.0900095,1595,1,1,2006,-116.7158142,49.0990837
0.0185034,0.0364187,0.4062281,0.1874466,0.0258349,0.0791483,0.0384255,-0.0039856,1594,1,0,2006,-116.6837443,49.1605285
0.0228224,0.0334192,0.3539026,0.1794254,0.0274972,0.0856238,0.0361013,-0.0401771,1365,1,0,2006,-116.7093463,49.1265722
0.0427418,0.0640088,0.2163593,0.275272,0.0618647,0.1773442,0.1059991,0.0425844,1448,1,1,2006,-116.6778154,49.1578336
0.0250767,0.0495836,0.3582125,0.329901,0.0350784,0.155886,0.0690294,0.0940436,1646,1,0,2006,-116.6807799,49.1610675
0.0292134,0.0540504,0.2270139,0.2319901,0.0461097,0.1461476,0.0840651,-0.0602549,1590,1,0,2006,-116.724977,49.1071686
0.0218545,0.0381638,0.2530788,0.1689451,0.0321765,0.1007029,0.0512326,-0.0005757,1482,1,1,2006,-116.7144667,49.0963888
0.0208901,0.0418746,0.2494586,0.2295461,0.0354292,0.1378868,0.0754567,0.0330331,1735,1,0,2006,-116.6867087,49.0923464
0.0260353,0.0420893,0.2977389,0.2214831,0.0299034,0.1198538,0.0600219,0.02307,1180,1,0,2006,-116.6519439,49.1201043
0.0238703,0.039649,0.3066611,0.234259,0.0303759,0.1243022,0.0574616,-0.0406385,1606,1,0,2006,-116.7117717,49.1042041
0.0221673,0.0356029,0.3334173,0.1821736,0.0248358,0.0910696,0.0424847,-0.0550126,1634,1,0,2006,-116.7109633,49.1044736
0.0253073,0.0425806,0.3080441,0.2238232,0.0314725,0.1184026,0.0604319,0.0277367,1321,1,1,2006,-116.7185091,49.1473233
0.0272417,0.042676,0.4087298,0.1937727,0.0331293,0.08133,0.0338538,-0.0559867,1639,1,0,2006,-116.7813013,49.2192783
0.0295559,0.0480475,0.2619389,0.2170822,0.0346978,0.1269633,0.0729013,0.0273467,1330,1,0,2006,-116.7279414,49.1481318
0.0209161,0.0344504,0.3518526,0.168098,0.0251389,0.0805948,0.0396562,-0.0231028,1518,1,1,2006,-116.725516,49.1060906
0.0175503,0.0340488,0.3875686,0.183884,0.0218365,0.0811609,0.0358708,-0.0608204,1610,1,0,2006,-116.6837443,49.160798
0.0233063,0.0366423,0.3179904,0.1904627,0.0263944,0.0985572,0.0476545,-0.0247161,1547,1,1,2006,-116.7276719,49.1521742
0.024054,0.0363709,0.3417142,0.1970169,0.0261097,0.0966625,0.0463844,-0.0210422,1485,1,1,2006,-116.7271329,49.1047431
0.0340755,0.0555577,0.3237114,0.2531168,0.0400842,0.1293182,0.0553875,0.0390403,1480,1,0,2006,-116.7802234,49.2227818
0.0228993,0.040333,0.3359658,0.2221468,0.0277017,0.1104168,0.0554143,0.0125043,1558,1,1,2006,-116.7284804,49.1521742
0.025643,0.0366158,0.3420953,0.1826948,0.0277551,0.0895583,0.0435008,-0.0715547,1495,1,0,2006,-116.5826838,49.2367955
0.0321571,0.0478849,0.0768466,0.1937474,0.0459572,0.1660947,0.09884,0.030777,1248,1,0,2006,-116.7333313,49.1492097
0.026601,0.0496329,0.184352,0.2398848,0.0432021,0.1652056,0.085601,0.0321557,1663,1,0,2006,-116.7171616,49.1004312
0.0264729,0.046956,0.3108718,0.2568364,0.0312169,0.1350195,0.0680639,0.0378401,920,1,0,2006,-116.6468235,49.1230688
0.0381598,0.0572137,-0.0425966,0.1911569,0.0557984,0.2081667,0.1297794,0.0123124,1371,1,0,2006,-116.7295584,49.1494792
0.0260534,0.0467669,0.2975958,0.2607158,0.0317971,0.1411286,0.064393,-0.0147948,1527,1,0,2006,-116.6751205,49.1610675
0.0216761,0.0364972,0.3197365,0.1941905,0.0281685,0.1000963,0.0436543,-0.0401507,1572,1,0,2006,-116.5797194,49.237065
0.0349654,0.0616221,0.2027017,0.2331633,0.0512397,0.1545693,0.0922124,0.0397937,1471,1,1,2006,-116.6791629,49.1583725
0.0198644,0.04057,0.3893203,0.2640419,0.0258189,0.1160604,0.0517061,-0.0052548,1537,1,0,2006,-116.6799714,49.1594505
0.0195623,0.0336814,0.3028305,0.1943514,0.0233725,0.1040012,0.046195,-0.0826846,1401,1,1,2006,-116.7247075,49.1004312
0.0282245,0.0434723,0.4262525,0.2456396,0.0289623,0.098815,0.0417626,0.0179688,1567,1,0,2006,-116.5834923,49.2389514
0.0183879,0.0327668,0.3866545,0.1826935,0.0253768,0.080809,0.0390369,-0.0427919,1510,1,0,2006,-116.7449196,49.1060906
0.0226672,0.0398965,0.3301116,0.2321539,0.0279702,0.1169204,0.048408,-0.0198033,1130,1,0,2006,-116.6511355,49.1227993
0.029275,0.0445252,0.1746368,0.1948728,0.0374188,0.1369281,0.0791772,0.0528476,1216,1,0,2006,-116.7247075,49.1478623
0.0300645,0.0453402,0.135403,0.1983279,0.0423058,0.1510246,0.0841307,0.0192699,1391,1,0,2006,-116.7201261,49.1478623
0.0229531,0.0340956,0.373999,0.2131008,0.0261899,0.0970898,0.0465887,-0.0409244,1280,1,0,2006,-116.7268634,49.1478623
0.0212225,0.0406392,0.270264,0.1766509,0.033832,0.1014817,0.0583993,0.0027233,1477,1,0,2006,-116.7150057,49.0963888
0.0158991,0.0335396,0.3426144,0.1737126,0.0235361,0.0850551,0.0367867,-0.0678629,1580,1,0,2006,-116.6837443,49.160259
0.0319163,0.0517055,0.2514224,0.2475627,0.0382151,0.1480874,0.0702521,-0.0139495,1442,1,1,2006,-116.7831878,49.2222428
0.0325116,0.0427002,0.5529451,0.2331257,0.0271576,0.0671112,0.0251026,0.0160233,1423,1,0,2006,-116.7821098,49.2233207
0.0184061,0.0303551,0.3039341,0.1588881,0.0245153,0.0848176,0.0371123,-0.0416394,1432,1,0,2006,-116.723899,49.1020482
0.0179581,0.0291114,0.3793648,0.1725471,0.022862,0.0776363,0.0359472,-0.0175728,1631,1,0,2006,-116.6794324,49.1610675
0.0285476,0.0424106,0.2088788,0.1868967,0.0356992,0.12231,0.0718132,0.0281392,1392,1,0,2006,-116.7193176,49.1478623
0.0263983,0.0406695,0.3423982,0.1954301,0.0312137,0.0957355,0.0444982,-0.0189262,1430,1,0,2006,-116.5692091,49.2190088
0.0216944,0.039516,0.3119443,0.2001515,0.0323297,0.1049705,0.0415441,-0.0370885,1484,1,0,2006,-116.5826838,49.235987
0.0275649,0.0424912,0.4297367,0.2409375,0.0280159,0.0961001,0.0404754,0.0165868,1561,1,0,2006,-116.5837618,49.2389514
0.0267813,0.0429674,0.2169218,0.1860632,0.0306447,0.11973,0.0663203,-0.0783419,1196,1,0,2006,-116.723899,49.1478623
0.0276489,0.0476884,0.2845584,0.2247874,0.0318,0.1251965,0.057314,-0.0009192,1460,1,0,2006,-116.5807974,49.233831
0.0206672,0.0303302,0.3476482,0.1736429,0.0274437,0.0840548,0.0436327,-0.0443944,1386,1,0,2006,-116.6920986,49.1249552
0.0192676,0.0423124,0.3741252,0.2187488,0.0307063,0.0996338,0.0408776,0.0027776,1651,1,0,2006,-116.6907512,49.0904599
0.0209362,0.0359083,0.2905863,0.1932923,0.026332,0.1062495,0.0544032,-0.0048381,1690,1,1,2006,-116.6805104,49.161876
0.0242416,0.041122,0.2337614,0.2086106,0.0320881,0.1295595,0.0615331,0.0080597,1736,1,0,2006,-116.6848223,49.0923464
0.0201375,0.0396436,0.3746857,0.2427813,0.026766,0.1104359,0.052442,-0.0030179,1667,1,1,2006,-116.6799714,49.1616065
0.0275883,0.0416089,0.2948082,0.2095121,0.0361537,0.1141066,0.0397481,-0.0529097,1471,1,0,2006,-116.7804929,49.2225123
0.0202177,0.0282824,0.4075466,0.1789521,0.0230489,0.0753231,0.0322112,-0.0225452,1502,1,0,2006,-116.7263245,49.1055516
0.0231658,0.0376452,0.2403798,0.176513,0.0319267,0.1080982,0.0583023,-0.037765,1468,1,1,2006,-116.7144667,49.0961193
0.0231611,0.0351345,0.3839959,0.1926041,0.026974,0.0857263,0.0412923,-0.0151456,1426,1,0,2006,-116.7195871,49.1497487
0.0217635,0.0393262,0.2550039,0.1822677,0.0359997,0.1081978,0.0536146,-0.1347913,1534,1,0,2006,-116.7459976,49.1060906
0.0205472,0.031365,0.3533088,0.1606352,0.0253124,0.076761,0.0379566,-0.0364878,1523,1,0,2006,-116.7147362,49.0971973
0.0217833,0.0381556,0.3656734,0.1791784,0.030044,0.0832246,0.0354206,-0.0548845,1608,1,1,2006,-116.7042259,49.1238772
0.0217792,0.0403949,0.3240631,0.231851,0.0318097,0.1183604,0.057307,-0.0234544,1708,1,0,2006,-116.6888647,49.0918074
0.0304607,0.0516851,0.1775584,0.2367352,0.0418774,0.1653428,0.0894745,0.0414601,1568,1,0,2006,-116.6761985,49.1610675
0.0185285,0.0276981,0.3176708,0.1720315,0.0266637,0.0890831,0.0407184,-0.021584,1582,1,0,2006,-116.7201261,49.1020482
0.0243146,0.0396636,0.3291791,0.1971459,0.0261245,0.0994972,0.0401971,-0.045636,1583,1,0,2006,-116.5799889,49.237604
0.0195018,0.0338442,0.262277,0.1889699,0.0259297,0.1104413,0.0567311,-0.0847133,1681,1,0,2006,-116.7117717,49.1055516
0.0262463,0.0381083,0.2691058,0.1911034,0.0305427,0.1100589,0.0465848,-0.056794,1420,1,0,2006,-116.7069208,49.1273807
0.0188138,0.0349389,0.2962901,0.172321,0.0279592,0.093547,0.0439898,-0.0645218,1546,1,0,2006,-116.7166226,49.0980058
0.024095,0.0483744,0.330635,0.2568647,0.0321396,0.1292137,0.05517,-0.0240229,1414,1,0,2006,-116.5684006,49.2171224
0.0211572,0.023999,0.3455484,0.1526809,0.0209948,0.0742614,0.0316888,0.0142753,1484,1,1,2006,-116.7225515,49.1031262
0.0235393,0.0507424,0.3532401,0.3141431,0.0292164,0.1501398,0.0618194,-0.0049659,1159,1,0,2006,-116.6519439,49.1227993
0.0204886,0.0370873,0.4075835,0.2158238,0.024936,0.0908348,0.041282,-0.0300508,1446,1,0,2006,-116.7112328,49.0998922
0.0192763,0.0338157,0.3534554,0.1721742,0.0227838,0.0822475,0.0372798,-0.0356248,1449,1,0,2006,-116.6915596,49.1238772
0.038368,0.0714216,0.1791692,0.313657,0.0583176,0.2183396,0.1129686,-0.1509066,1659,1,1,2006,-116.724977,49.1087855
0.0193145,0.0325777,0.3380111,0.1676208,0.0249961,0.0829314,0.0402211,-0.0612779,1500,1,0,2006,-116.7449196,49.1058211
0.0423941,0.0708077,0.1138055,0.2918466,0.0635951,0.2322065,0.1308822,-0.2466589,1674,1,1,2006,-116.7252465,49.1087855
0.0190261,0.0413211,0.3223543,0.2332083,0.0300208,0.1195085,0.0592507,-0.1000863,1705,1,1,2006,-116.6915596,49.0939633
0.0257511,0.0371897,0.3561563,0.230384,0.0272069,0.1093762,0.054543,0.0400607,1308,1,0,2006,-116.7309059,49.1492097
0.0266456,0.0420277,0.2416888,0.2075802,0.0317368,0.1267712,0.0617686,-0.0453274,1520,1,0,2006,-116.5802584,49.235448
0.0225117,0.0473281,0.306472,0.2429473,0.030477,0.1289662,0.0641657,-0.018667,1443,1,0,2006,-116.7295584,49.1508267
0.0402307,0.0684719,0.1882438,0.316186,0.0607491,0.2160044,0.1137377,-0.1834662,1538,1,0,2006,-116.7214735,49.1042041
0.0219562,0.0340254,0.3347789,0.1856407,0.0296952,0.0925188,0.04616,-0.0151234,1756,1,1,2006,-116.6891342,49.0931549
0.0231443,0.0398776,0.2362536,0.218453,0.0305246,0.1349583,0.0661459,-0.0066698,1708,1,0,2006,-116.6813189,49.162415
0.0214148,0.0359739,0.3381204,0.2126705,0.0244624,0.105194,0.0450921,-0.0355241,1430,1,0,2006,-116.6802409,49.1575641
0.0271818,0.0476039,0.1453904,0.1832483,0.0370745,0.136727,0.0777945,0.0028851,1665,1,0,2006,-116.6775459,49.1621455
0.0255816,0.0401426,0.2617357,0.1731054,0.0328635,0.1012871,0.0466745,-0.0463828,1501,1,1,2006,-116.5670532,49.2243987
0.0282908,0.0488146,0.1088104,0.1829431,0.046567,0.1470378,0.0786473,-0.0130517,1298,1,0,2006,-116.7220125,49.1478623
0.026693,0.0405015,0.0973009,0.1541775,0.0377006,0.1268348,0.074575,-0.0070711,1288,1,0,2006,-116.7322533,49.1494792
0.0229409,0.0403773,0.3355665,0.2223587,0.0278194,0.1106217,0.0555169,0.0113312,1549,1,0,2006,-116.7282109,49.1521742
0.018576,0.0368197,0.3510585,0.2748064,0.0299375,0.1319953,0.0571565,0.0307773,1437,1,0,2006,-116.723899,49.1007007
0.0234839,0.040506,0.4409908,0.2392712,0.0324915,0.0928214,0.0375035,-0.0400139,1433,1,1,2006,-116.7085378,49.1252247
0.0198953,0.0362893,0.2949468,0.1613848,0.025961,0.0878684,0.043846,-0.0391875,1583,1,0,2006,-116.7241685,49.1068991
0.0387103,0.0597,0.0247229,0.2060678,0.0590985,0.1961244,0.1209036,0.0450654,1307,1,0,2006,-116.7198566,49.1467843
0.019023,0.0405823,0.4226057,0.2228511,0.0301432,0.0904488,0.0403685,-0.0469478,1404,1,0,2006,-116.7206651,49.1494792
0.0225117,0.0473281,0.306472,0.2429473,0.030477,0.1289662,0.0641657,-0.018667,1443,1,1,2006,-116.7295584,49.1508267
0.0240115,0.0400728,0.3293323,0.1962431,0.032687,0.0990075,0.0451373,-0.0130736,1500,1,0,2006,-116.5670532,49.2225123
0.0251953,0.0413844,0.373188,0.222631,0.0285874,0.1016232,0.046437,-0.0287053,1415,1,0,2006,-116.5794499,49.2330225
0.0239525,0.0406653,0.2786958,0.2095103,0.0271502,0.1181835,0.0539107,-0.0108535,1145,1,0,2006,-116.6511355,49.1211823
0.0305923,0.0447407,0.3267778,0.2484698,0.0343149,0.1260764,0.0607938,0.0010996,1344,1,0,2006,-116.7090768,49.0974668
0.0199783,0.0342943,0.4360406,0.2070853,0.0264241,0.0813262,0.0321247,0.0028459,1321,1,0,2006,-116.7104243,49.1265722
0.0265474,0.0362173,0.533554,0.211125,0.0261789,0.0642158,0.0252634,-0.0205598,1417,1,1,2006,-116.7829183,49.2233207
0.0327263,0.0524513,0.1657196,0.2320675,0.0467396,0.1660857,0.0933582,0.0433158,1632,1,1,2006,-116.6767374,49.1616065
0.0271685,0.0448486,0.2896889,0.2222587,0.033897,0.1224116,0.0579981,0.0328694,1568,1,1,2006,-116.5872652,49.2435328
0.0262765,0.0409871,0.3433992,0.1981145,0.0299653,0.0968306,0.0502825,0.0092996,1562,1,0,2006,-116.7263245,49.1532521
0.0202356,0.032574,0.3201683,0.1646504,0.0280233,0.0847881,0.0393904,-0.0754113,1551,1,0,2006,-116.7160837,49.0980058
0.0221157,0.0260332,0.3181618,0.1611411,0.0237395,0.0833526,0.0353609,0.018699,1495,1,0,2006,-116.722282,49.1031262
0.0216544,0.0364507,0.3330987,0.185634,0.0291129,0.092866,0.0430946,-0.0652177,1688,1,0,2006,-116.6910207,49.0920769
0.0197523,0.0342639,0.2709579,0.1726582,0.0262141,0.0990396,0.048141,-0.043578,1587,1,0,2006,-116.723899,49.1071686
0.0197371,0.0353425,0.3880222,0.1944123,0.0258191,0.0857162,0.0373282,-0.0095655,1417,1,0,2006,-116.7098853,49.0990837
0.0221718,0.0359396,0.2899612,0.1652257,0.0279975,0.0909459,0.0504603,-0.0237562,1565,1,1,2006,-116.7247075,49.1066296
0.0206092,0.0327959,0.2955933,0.1569699,0.0260657,0.0853436,0.0420216,-0.0801096,1566,1,1,2006,-116.7152752,49.0982753
0.0325861,0.0478899,0.1208014,0.200586,0.0421834,0.1573471,0.0962921,0.0014804,1192,1,0,2006,-116.7247075,49.1475928
0.0190766,0.0309372,0.3566757,0.1595735,0.0236363,0.0756684,0.0377337,-0.0094519,1543,1,0,2006,-116.7265939,49.1063601
0.0158897,0.0290598,0.30152,0.1430308,0.0285018,0.0767596,0.0403244,-0.0551909,1580,1,0,2006,-116.7201261,49.1015092
0.0271879,0.0404723,0.3691342,0.1934338,0.0332793,0.0891299,0.0426495,-0.0735143,1590,1,0,2006,-116.7815708,49.2198173
0.0193322,0.0315058,0.3443672,0.1644385,0.0237618,0.0801948,0.0401401,-0.0055276,1591,1,1,2006,-116.7276719,49.1068991
0.0218286,0.0353383,0.4371673,0.1932325,0.0249744,0.0756749,0.0311103,-0.0526414,1416,1,1,2006,-116.7206651,49.1508267
0.0201129,0.0395155,0.3062886,0.2594389,0.0354246,0.1377764,0.0603195,-0.0049654,1557,1,1,2006,-116.7209346,49.1017787
0.0326472,0.0491071,0.110229,0.1706877,0.0379987,0.1367943,0.0785524,-0.0227022,1178,1,0,2006,-116.7225515,49.1470538
0.0188516,0.0324163,0.3106332,0.1635266,0.0277957,0.0860117,0.0481907,0.0030547,1647,1,0,2006,-116.7379127,49.1087855
0.0214623,0.0354428,0.3173614,0.1602755,0.0281889,0.0830526,0.0397569,-0.0915377,1392,1,0,2006,-116.724977,49.1001617
0.0289262,0.0468409,0.2941687,0.2698954,0.037954,0.1471992,0.0770692,0.0199756,1328,1,1,2006,-116.7306364,49.1497487
0.0176193,0.0318991,0.3415808,0.1676131,0.0240234,0.0822609,0.0414258,-0.0588056,1547,1,0,2006,-116.7438416,49.1077076
0.0219929,0.0429543,0.3338323,0.2532493,0.0292091,0.1264825,0.0614593,0.0692257,1537,1,0,2006,-116.6778154,49.1599895
0.0209447,0.0371291,0.3317534,0.1829974,0.0289779,0.0918243,0.0408943,-0.0170753,1419,1,0,2006,-116.7079988,49.1268417
0.0210567,0.0331544,0.3190679,0.1879112,0.0245338,0.0970039,0.0418633,-0.0987422,1493,1,0,2006,-116.7274024,49.1047431
0.0211202,0.0336471,0.3818803,0.1772375,0.0229373,0.0792789,0.037848,-0.0285733,1522,1,1,2006,-116.7265939,49.1058211
0.0189618,0.0307203,0.3529543,0.1519648,0.0255755,0.0726766,0.0293085,0.0118218,1475,1,0,2006,-116.6907512,49.1236077
0.0300879,0.0439748,0.1411675,0.1639609,0.0390585,0.1233955,0.0701948,0.0135058,1561,1,0,2006,-116.7349483,49.1087855
0.0163987,0.0297923,0.3088032,0.1558881,0.0274653,0.0823266,0.0426063,-0.067493,1582,1,0,2006,-116.7201261,49.1017787
0.0182578,0.0366855,0.2948043,0.1867152,0.0241755,0.1016916,0.050149,0.0102477,1584,1,0,2006,-116.7271329,49.1529827
0.016811,0.0292779,0.3283272,0.1704318,0.0212271,0.0861794,0.0409965,-0.0516669,1554,1,0,2006,-116.6832053,49.15972
0.0240546,0.0392435,0.3427403,0.2589493,0.0292813,0.1267534,0.0614447,-0.0857196,1474,1,0,2006,-116.6842833,49.1583725
0.0215664,0.0371398,0.3346101,0.1931984,0.0278823,0.096322,0.0482066,0.0128278,1416,1,0,2006,-116.725516,49.1500182
0.0354034,0.0567027,0.2641084,0.2380438,0.048805,0.1385755,0.0768305,0.0703872,1493,1,0,2006,-116.6799714,49.1583725
0.0202922,0.0323954,0.282781,0.1619505,0.0267584,0.0905485,0.0425911,-0.0378088,1447,1,0,2006,-116.7177006,49.1497487
0.0202796,0.0350267,0.3507627,0.1941002,0.0268176,0.0932933,0.0472191,-0.0099634,1785,0,0,2006,-116.7290194,49.1109415
0.0269708,0.0484702,0.2658319,0.2274484,0.0378064,0.1319175,0.0681119,-0.0080569,1276,0,0,2006,-116.6659577,49.1691523
0.037042,0.0646621,0.3948932,0.3689688,0.0495435,0.1600592,0.0698845,0.0793497,538,0,0,2006,-116.6554474,49.2192783
0.0241407,0.039608,0.3752182,0.2520696,0.0297626,0.1145189,0.0465507,-0.0117653,1681,0,1,2006,-116.72336,49.209307
0.0502106,0.0859177,0.0786343,0.2678859,0.0821805,0.2288272,0.1278588,-0.028234,533,0,1,2006,-116.5856483,49.1370825
0.025133,0.0405836,0.2477595,0.176203,0.0329022,0.106228,0.045459,-0.0945307,1860,0,1,2006,-116.7813013,49.2128105
0.0311479,0.0467495,0.3749918,0.2295664,0.033298,0.1043504,0.0466562,-0.029858,739,0,0,2006,-116.6861698,49.1392384
0.0291515,0.043908,0.4173615,0.3140337,0.0343223,0.1290906,0.0494104,-0.0166246,546,0,0,2006,-116.6465541,49.2130799
0.0206706,0.0302387,0.4131298,0.1709474,0.0214152,0.0709942,0.0317419,-0.0270242,1626,0,0,2006,-116.77133,49.1678049
0.0272922,0.0454604,0.2717136,0.2252397,0.0294349,0.1289905,0.0607913,0.0086451,1730,0,1,2006,-116.7710606,49.1758897
0.0216225,0.0311375,0.6179775,0.02484,0.0242075,0.005865,0.004105,-0.2671317,531,0,0,2006,-116.6166402,49.2222428
0.0187103,0.0397459,0.4085997,0.195299,0.0257307,0.0819962,0.0327289,-0.0485305,1365,0,0,2006,-116.672695,49.1020482
0.0405069,0.0600366,-0.014056,0.2111342,0.0634725,0.2171543,0.1295236,0.1329974,1095,0,0,2006,-116.649249,49.0934244
0.0214492,0.0373374,0.3799097,0.2038668,0.0225209,0.0916117,0.0473214,-0.0340161,1836,0,1,2006,-116.7298279,49.1637624
0.0337916,0.0589883,0.2371087,0.2111532,0.047919,0.1302124,0.0635145,0.0608928,532,0,0,2006,-116.6169096,49.1667269
0.0546632,0.1185426,0.2993619,0.4279764,0.0893587,0.2307722,0.1084862,-0.0242082,532,0,0,2006,-116.6109808,49.2071511
0.0271415,0.0341559,0.2449627,0.0932352,0.0331672,0.0565447,0.0265506,-0.0911341,532,0,0,2006,-116.6675746,49.2322141
0.0394861,0.0736192,0.175337,0.3496231,0.0643545,0.2453094,0.1262805,0.2454289,1658,0,0,2006,-116.5665142,49.2394904
0.0268256,0.0420188,0.3790238,0.2124617,0.0333177,0.0956718,0.042793,0.0037908,580,0,0,2006,-116.5840313,49.1985272
0.0341648,0.0429792,0.363731,0.2069034,0.0369421,0.0965339,0.0432341,0.0182679,613,0,0,2006,-116.6807799,49.2190088
0.0400352,0.0697918,0.3351024,0.3591288,0.0545793,0.1788506,0.0762557,0.334463,534,0,0,2006,-116.6381997,49.2130799
0.0273037,0.0445903,0.3677674,0.231718,0.0341129,0.1071086,0.0440552,-0.0261336,685,0,0,2006,-116.6524829,49.183166
0.0437056,0.0758885,0.3154001,0.3065153,0.0745882,0.1595259,0.0855218,0.0858613,532,0,0,2006,-116.576216,49.1120195
0.0281675,0.036115,0.6250123,0.0618825,0.025665,0.01428,0.008285,-0.1428341,531,0,0,2006,-116.6179876,49.1723863
0.035113,0.0495097,0.3326322,0.2459845,0.0366502,0.1231864,0.0572628,0.0768747,850,0,0,2006,-116.6031654,49.2351785
0.0188274,0.0339275,0.3980777,0.1815832,0.0220658,0.078178,0.032947,-0.0434458,1597,0,0,2006,-116.7365652,49.1263027
0.0251776,0.0421857,0.2354532,0.1773686,0.0315016,0.1097626,0.0517281,-0.0784436,1091,0,0,2006,-116.7220125,49.1325011
0.0319978,0.0592531,0.3239222,0.3632712,0.0497767,0.1855091,0.0797541,0.1284543,538,0,0,2006,-116.6131367,49.0998922
0.0326083,0.0498157,0.1153772,0.1728287,0.0395097,0.1370731,0.0793239,-0.0051124,1940,0,0,2006,-116.7613587,49.1958323
0.0308346,0.0447192,0.3791335,0.24214,0.0345461,0.109008,0.04787,0.0228087,880,0,0,2006,-116.6010095,49.233831
0.0434162,0.0737225,0.3666083,0.4358868,0.0585797,0.2020236,0.0901224,0.2051998,528,0,1,2006,-116.6158317,49.1254942
0.0441488,0.0603143,0.2020108,0.2935768,0.0571205,0.1948993,0.0937102,0.0709509,584,0,0,2006,-116.6109808,49.2319446
0.0418079,0.0597537,0.0760382,0.2060245,0.058833,0.1769071,0.1158862,0.029136,1940,0,0,2006,-116.7829183,49.2392209
0.0182882,0.0356433,0.3757985,0.178545,0.0255204,0.0810061,0.0360438,-0.0429021,1621,0,1,2006,-116.7373737,49.1217213
0.0258422,0.0372692,0.3722205,0.1844704,0.0280288,0.0843937,0.0376234,-0.0802414,1446,0,0,2006,-116.6786239,49.1028567
0.0201577,0.035559,0.4420739,0.2140658,0.0235662,0.0828202,0.0362751,-0.0190438,1335,0,0,2006,-116.7015309,49.1279197
0.0322233,0.0533347,0.3204632,0.2430832,0.0442232,0.1250955,0.0652534,0.0256317,566,0,1,2006,-116.624725,49.1074381
0.0173436,0.0288043,0.3402126,0.1428273,0.0196055,0.070314,0.0283821,-0.0259099,1863,0,0,2006,-116.7158142,49.1764287
0.0547472,0.082357,0.3210084,0.3821593,0.0692399,0.196428,0.1003741,0.1079635,540,0,0,2006,-116.6268809,49.1877475
0.0298348,0.0384754,0.2762614,0.1592794,0.0319773,0.0903237,0.0456316,-0.0243381,1963,0,0,2006,-116.7732165,49.185861
0.0307562,0.0617462,0.2225969,0.272617,0.0513862,0.1733468,0.0876147,0.0620139,1405,0,0,2006,-116.6718865,49.160259
0.0519918,0.0839484,-0.0194371,0.2702737,0.0888967,0.2809886,0.1595134,-0.0349117,532,0,0,2006,-116.6125977,49.135196
0.0355341,0.0555843,0.0164025,0.2078066,0.0604033,0.2010995,0.1223923,0.0313657,1843,0,0,2006,-116.7168921,49.1093245
0.0187608,0.0340349,0.3452112,0.1681488,0.021846,0.0818473,0.0402418,-0.0287255,2011,0,0,2006,-116.7546214,49.2265547
0.050338,0.0689244,0.2621754,0.2928147,0.0612133,0.1711695,0.1002345,-0.0065279,596,0,0,2006,-116.5834923,49.2012222
0.0298538,0.0483958,0.4947526,0.288587,0.0342478,0.0975465,0.0358998,-0.0499919,1001,0,0,2006,-116.6961411,49.2141579
0.0373061,0.0658031,0.3024308,0.3250215,0.0580032,0.1740783,0.0788647,0.072746,533,0,1,2006,-116.6349658,49.160259
0.03969,0.064715,0.2859415,0.3880875,0.0501125,0.2154975,0.0899325,0.0506405,531,0,1,2006,-116.5705566,49.1645709
0.0246362,0.0389797,0.3523552,0.2049435,0.0282737,0.0981477,0.045948,-0.1166524,1195,0,0,2006,-116.7053039,49.2198173
0.0263675,0.0514501,0.2525161,0.2283369,0.0372276,0.1362682,0.0676281,0.187677,1674,0,0,2006,-116.575138,49.2413769
0.0466612,0.0768975,0.2450718,0.4008338,0.0645912,0.2430388,0.1249538,0.1487935,533,0,0,2006,-116.575677,49.1422029
0.043556,0.0651433,0.0005506,0.1761382,0.0588854,0.1759443,0.1124919,0.0033431,2053,0,1,2006,-116.7640537,49.2014917
0.0208476,0.0354763,0.4961891,0.2228057,0.0237705,0.0750252,0.032391,-0.0006221,1290,0,1,2006,-116.6912902,49.1564861
0.0352338,0.0567369,0.0876484,0.2251542,0.0495126,0.188866,0.1103858,-0.0127654,2037,0,0,2006,-116.7392602,49.1731947
0.0288734,0.0340243,0.695252,0.0296644,0.0223822,0.0053326,0.0068312,0.1455655,533,0,0,2006,-116.6807799,49.2287106
0.0169692,0.0277945,0.4005966,0.17359,0.0207985,0.0742901,0.0318989,-0.0604438,1555,0,0,2006,-116.7597418,49.1238772
0.0364199,0.0515592,0.4721824,0.2260977,0.0391806,0.0810622,0.0410702,0.0462333,538,0,0,2006,-116.6228385,49.2416464
0.0362162,0.051162,0.3843105,0.0594483,0.0296819,0.0264404,0.0111305,-0.1377671,533,0,0,2006,-116.5953501,49.0912684
0.0281327,0.0505257,0.4152527,0.3267111,0.0326383,0.1349889,0.0582278,-0.0684731,1655,0,1,2006,-116.7416856,49.2171224
0.0302119,0.0483049,0.2363922,0.198405,0.0435139,0.1225368,0.0636827,-0.2756182,832,0,0,2006,-116.649788,49.1785846
0.0260233,0.0373124,0.2423688,0.1818999,0.0310494,0.1109277,0.0516706,-0.008256,673,0,0,2006,-116.7015309,49.2424549
0.0205792,0.0312633,0.462832,0.1978531,0.0262889,0.0726538,0.0326695,0.0421568,1555,0,0,2006,-116.7831878,49.1589115
0.0249262,0.0439531,0.3954835,0.2367177,0.0308815,0.102545,0.0425018,-0.0341808,897,0,0,2006,-116.721743,49.135735
0.0305819,0.0467162,0.2575347,0.2033339,0.0356115,0.1200511,0.0598523,0.038283,608,0,0,2006,-116.6357743,49.1688828
0.022439,0.0356321,0.3384814,0.1718322,0.0261685,0.0849247,0.0404265,-0.0404744,1413,0,0,2006,-116.6875172,49.1985272
0.0316623,0.0488845,0.3163882,0.2964526,0.0359494,0.1539504,0.0639937,-0.0294136,914,0,0,2006,-116.5826838,49.2176614
0.0229049,0.0362303,0.4542967,0.208006,0.0231687,0.0780512,0.0321874,-0.034784,1311,0,1,2006,-116.5810669,49.2303276
0.0265476,0.0388238,0.239069,0.1674996,0.033207,0.102864,0.0540369,-0.0220187,1907,0,1,2006,-116.7670181,49.1864
0.0218373,0.0390853,0.4435515,0.2262401,0.0271147,0.0872092,0.0322822,-0.0468884,1624,0,0,2006,-116.7465365,49.1007007
0.0219013,0.0364335,0.3768675,0.1666248,0.0255487,0.0754098,0.0307857,-0.0415692,1624,0,0,2006,-116.749501,49.1645709
0.0178851,0.026649,0.4673303,0.1387675,0.0175453,0.0503753,0.0240758,0.0112588,1707,0,0,2006,-116.7551604,49.1753507
0.0232622,0.0342236,0.4155346,0.1904788,0.0277758,0.0786475,0.032579,-0.0433949,1130,0,1,2006,-116.7306364,49.1330401
0.0266773,0.0377182,0.3993197,0.1710995,0.0276736,0.0734472,0.0351204,0.0126933,1098,0,0,2006,-116.6783544,49.1942153
0.0193149,0.0303302,0.3991622,0.1733994,0.023831,0.0744624,0.033627,-0.0549369,1377,0,0,2006,-116.7559689,49.0936938
0.0272875,0.0340525,0.3446015,0.1309625,0.03331,0.063835,0.0297625,-0.0193977,532,0,1,2006,-116.6667661,49.2303276
0.0223729,0.0389367,0.5083246,0.2787856,0.0280411,0.090877,0.0314669,0.0061915,569,0,0,2006,-116.6206826,49.0993532
0.0205225,0.0299,0.6783316,0.0339012,0.0176213,0.0064975,0.0049162,0.0246946,531,0,0,2006,-116.6449371,49.2238597
0.0269701,0.0365407,0.4639776,0.1216847,0.0341232,0.0445538,0.0238462,-0.0051232,531,0,0,2006,-116.6724255,49.2311361
0.0238462,0.0408377,0.3021683,0.2250775,0.0297234,0.120619,0.059599,-0.0415999,1730,0,1,2006,-116.7317143,49.2303276
0.0187235,0.0344413,0.4464347,0.1781557,0.0244947,0.068182,0.0303594,-0.0406223,1651,0,0,2006,-116.7274024,49.2273632
0.0305279,0.0481549,0.1384153,0.1782965,0.0429217,0.1349398,0.0819869,0.0295188,1892,0,1,2006,-116.7794149,49.1796626
0.0266866,0.0433211,0.2476028,0.2183463,0.0338145,0.1316791,0.0687466,0.0047271,1913,0,0,2006,-116.77133,49.1114805
0.0298405,0.0478603,0.4181554,0.3199153,0.0347815,0.1312557,0.0476429,0.0036825,542,0,0,2006,-116.6050519,49.1516352
0.0265325,0.0452608,0.2533959,0.2311773,0.0359984,0.1377042,0.0720857,0.0553405,1184,0,0,2006,-116.6805104,49.1529827
0.0445192,0.0865057,0.3518999,0.3923092,0.0642223,0.1880728,0.0848795,0.0183001,539,0,0,2006,-116.5692091,49.1017787
0.0207032,0.0323763,0.345425,0.1709384,0.0223864,0.0831648,0.0343803,-0.1198568,1508,0,0,2006,-116.7209346,49.2146969
0.0287588,0.0334338,0.5280652,0.034795,0.0268888,0.0107462,0.0085325,0.2407286,531,0,0,2006,-116.624186,49.2173919
0.0291575,0.03859,0.5386334,0.02066,0.025775,0.006195,0.005645,0.2234589,531,0,0,2006,-116.6597593,49.2330225
0.0226201,0.0421878,0.3617857,0.2354567,0.029315,0.1103491,0.0450815,-0.0056801,982,0,1,2006,-116.5710956,49.2044561
0.038986,0.0683215,0.3671187,0.4301387,0.0508712,0.1991244,0.0799086,0.3164245,532,0,0,2006,-116.6023569,49.1230688
0.027932,0.0439635,0.3249459,0.1627242,0.0358369,0.0829073,0.0387704,0.1486952,532,0,1,2006,-116.6586813,49.2284411
0.0261441,0.0458131,0.4009234,0.1715457,0.0301039,0.0733581,0.0374449,0.0957572,1827,0,0,2006,-116.7551604,49.2095765
0.0240351,0.0349894,0.4130378,0.2263734,0.0253216,0.0940333,0.0370144,-0.0525061,1476,0,1,2006,-116.7397992,49.0990837
0.0424502,0.0719913,0.2449939,0.3307132,0.059705,0.2005556,0.0864082,0.0543463,535,0,0,2006,-116.6454761,49.1952933
0.0478973,0.0859853,0.0902236,0.2346906,0.0755421,0.195846,0.1164884,0.0340515,531,0,0,2006,-116.5964281,49.1230688
0.0274283,0.0438785,0.4041651,0.1444203,0.0342088,0.0612824,0.0320159,0.1312879,534,0,0,2006,-116.6134062,49.1524437
0.0454569,0.0765535,0.3203717,0.3511417,0.0605711,0.1807414,0.0904286,0.1515612,532,0,0,2006,-116.5875347,49.1920594
0.039112,0.0710088,0.3109245,0.3981231,0.0479641,0.2092698,0.0934345,0.0326889,1505,0,1,2006,-116.7177006,49.1532521
0.0314675,0.0379437,0.5345895,0.02759,0.0261187,0.0083675,0.0104025,-0.2049233,531,0,1,2006,-116.6414337,49.2421854
0.0160875,0.0347154,0.3583641,0.1864505,0.0262068,0.0880716,0.042006,-0.0045384,1730,0,0,2006,-116.7349483,49.1214518
0.0259138,0.0438096,0.3148259,0.2172325,0.0349991,0.1132029,0.0587665,-0.0567833,1882,0,0,2006,-116.7424941,49.1645709
0.0217447,0.0350785,0.3606124,0.2003674,0.0231051,0.0941579,0.0400488,-0.0184658,913,0,0,2006,-116.7082683,49.1435503
0.0386158,0.0619626,0.1106979,0.2054912,0.0559076,0.1645306,0.0873246,0.0949332,619,0,0,2006,-116.6613763,49.2039171
0.0243481,0.0422221,0.3450823,0.238193,0.0303814,0.1159757,0.0482053,-0.0183815,677,0,0,2006,-116.6398167,49.1265722
0.0468645,0.0678042,0.2216191,0.2443799,0.0628933,0.1557119,0.088116,0.0618719,547,0,0,2006,-116.6179876,49.2392209
0.0175318,0.034489,0.3572479,0.1930149,0.0254909,0.0914061,0.0389883,-0.0005868,1771,0,0,2006,-116.6729645,49.1192958
0.0303513,0.0621996,0.4435316,0.4990453,0.0374832,0.1923775,0.0732608,0.3583321,530,0,0,2006,-116.5961586,49.1265722
0.0172973,0.0377574,0.3084227,0.1512533,0.0295514,0.0799462,0.043125,-0.0760183,1788,0,0,2006,-116.7190481,49.1928679
0.0174871,0.0288177,0.3699399,0.1426358,0.0218807,0.0656008,0.0302831,-0.0583098,1695,0,0,2006,-116.6996445,49.1812796
0.0276593,0.043172,0.2592672,0.1927206,0.0369491,0.1133631,0.0507646,-0.0509747,1109,0,0,2006,-116.7220125,49.1322316
0.019624,0.0335822,0.4266618,0.1981957,0.0227853,0.0796497,0.0327157,-0.050715,1411,0,0,2006,-116.6602983,49.1133669
0.0478138,0.0773484,0.046308,0.3316881,0.0825041,0.302328,0.15983,-0.0241542,536,0,0,2006,-116.6314624,49.1996052
0.0391828,0.0654433,0.2619787,0.2740284,0.0511906,0.1602553,0.0958177,0.0577991,1017,0,0,2006,-116.6826663,49.208229
0.0303106,0.0501591,0.3057394,0.233828,0.0430268,0.1243262,0.058129,0.0156843,617,0,0,2006,-116.6460151,49.1403164
0.0268995,0.0477084,0.3117482,0.2904125,0.032484,0.1523745,0.0654252,0.0194964,700,0,1,2006,-116.6406252,49.1211823
0.0245434,0.0395924,0.3816054,0.2110578,0.0314378,0.0944676,0.0391802,-0.0483765,1330,0,0,2006,-116.6584118,49.1139059
0.0216679,0.0462449,0.4861538,0.2559707,0.0287425,0.0885033,0.0364688,-0.0233821,1419,0,0,2006,-116.7166226,49.2249377
0.0299808,0.0451847,0.3541502,0.1872329,0.0349661,0.0892991,0.0374198,0.0122452,977,0,0,2006,-116.7128497,49.134118
0.0199286,0.0344477,0.2738896,0.1465016,0.0256991,0.0835052,0.0430052,-0.0729091,1712,0,1,2006,-116.6904817,49.1713083
0.0348625,0.063493,0.4221665,0.4697952,0.037296,0.1908802,0.0699369,-0.0250718,535,0,0,2006,-116.575138,49.1198348
0.0228147,0.0359731,0.4317326,0.3318358,0.0275122,0.1317086,0.0445568,-0.0128334,543,0,0,2006,-116.6142147,49.0926159
0.0206533,0.0406657,0.3544336,0.2706755,0.0260182,0.1290126,0.0557202,-0.1108822,1732,0,0,2006,-116.722821,49.162415
0.0451098,0.0684683,0.0523371,0.2383723,0.0698965,0.2146618,0.1268744,0.0879143,852,0,0,2006,-116.6427811,49.0939633
0.0487398,0.0814857,0.0754655,0.3204367,0.0785527,0.2754666,0.1434707,-0.0215035,537,0,0,2006,-116.6333488,49.2036476
0.0198761,0.0337863,0.3324062,0.1635754,0.0287459,0.0819584,0.041972,-0.0485639,1693,0,1,2006,-116.6713476,49.1136364
0.0301212,0.0514238,0.3533011,0.3144639,0.0397474,0.1502721,0.0611286,0.0553636,537,0,1,2006,-116.6309234,49.1966408
0.0190476,0.0335497,0.272958,0.1408426,0.0247722,0.0804414,0.0365586,-0.1017759,1681,0,0,2006,-116.6896732,49.183705
0.0232182,0.0370196,0.503567,0.2379151,0.0255024,0.0785525,0.0329127,-0.0016583,882,0,0,2006,-116.6578728,49.1505572
0.0326988,0.0601313,0.4061108,0.4753949,0.0365484,0.2007892,0.0754765,-0.0515829,537,0,0,2006,-116.573521,49.1214518
0.0203506,0.0320032,0.4489425,0.2323024,0.0222737,0.0883485,0.0331611,-0.0251427,1045,0,0,2006,-116.7082683,49.0896514
0.0227257,0.0328599,0.4315023,0.2041533,0.0221637,0.0810761,0.0329899,0.0088952,1249,0,0,2006,-116.6991055,49.1492097
0.0302283,0.0540221,0.1818189,0.267614,0.0542297,0.185271,0.1031707,0.0504763,1980,0,1,2006,-116.7788759,49.1171399
0.0525182,0.078797,-0.0638317,0.2010902,0.0810781,0.2285125,0.1529784,0.0069503,2086,0,0,2006,-116.774564,49.1882864
0.0333998,0.0620905,0.2862377,0.3753816,0.0520143,0.2083077,0.0898088,0.0821582,536,0,0,2006,-116.6093638,49.0996227
0.0256028,0.0371366,0.4331931,0.2045231,0.0274596,0.0808859,0.0327632,0.013855,572,0,1,2006,-116.6891342,49.2287106
0.0379372,0.0602571,0.1531624,0.2295856,0.0511631,0.1685987,0.0960008,0.0062083,1751,0,0,2006,-116.771869,49.1810101
0.0158796,0.0339814,0.4311697,0.1977792,0.027951,0.078609,0.0328214,-0.0440839,1466,0,1,2006,-116.6643407,49.0958498
0.0230072,0.034948,0.2333008,0.1314365,0.0287142,0.0817094,0.0453912,0.0008734,1879,0,1,2006,-116.7764504,49.1834355
0.0265448,0.0495117,0.3230667,0.321135,0.0365487,0.1643054,0.0678915,-0.0178349,1541,0,0,2006,-116.6942546,49.1939458
0.0223598,0.0340009,0.2972387,0.199789,0.0249605,0.108233,0.0542847,-0.0237864,1579,0,0,2006,-116.7772589,49.233831
0.023856,0.0398912,0.3147358,0.2186298,0.0320357,0.1139538,0.0530384,-0.0138405,942,0,0,2006,-116.6778154,49.2039171
0.0277216,0.0496081,0.2880524,0.2773406,0.0376981,0.153295,0.0686147,0.0122819,702,0,1,2006,-116.5853788,49.208768
0.0548698,0.0900144,0.1091089,0.2264439,0.099857,0.1818909,0.1250127,-0.2312126,1772,0,0,2006,-116.7098853,49.1066296
0.0138112,0.0274728,0.3778681,0.1589492,0.0198035,0.0717684,0.0298562,-0.0840923,1597,0,0,2006,-116.7605503,49.1227993
0.0305775,0.0499783,0.1779794,0.2177265,0.044026,0.1519345,0.0798606,0.0113538,654,0,0,2006,-116.6958716,49.2319446
0.0177477,0.0346087,0.3478715,0.1838882,0.0235681,0.088969,0.0371446,-0.0804627,1455,0,0,2006,-116.6888647,49.1934068
0.0244968,0.0347228,0.3350342,0.2085853,0.0278073,0.103894,0.0492834,-0.0787279,1556,0,0,2006,-116.7608198,49.0958498
0.0261262,0.0463247,0.18269,0.2149031,0.0399178,0.148511,0.0782376,0.0374792,1607,0,1,2006,-116.6985665,49.1575641
0.0307224,0.0485693,0.1801301,0.1995835,0.0423719,0.1386563,0.0781424,0.0918563,994,0,1,2006,-116.6786239,49.2066121
0.0207679,0.031952,0.2192238,0.0448538,0.0234371,0.0287238,0.0121655,-0.2639759,538,0,0,2006,-116.6034349,49.1052821
0.019976,0.0336666,0.0617074,0.1339414,0.0279567,0.1183718,0.0670655,-0.0525803,1964,0,0,2006,-116.7441111,49.2044561
0.0448567,0.0754722,0.1688274,0.3391566,0.0743997,0.2411799,0.1156586,0.2179829,533,0,0,2006,-116.5988535,49.0985447
0.0156778,0.0280515,0.1396183,0.0928542,0.0190231,0.0701025,0.038928,-0.1841387,1946,0,0,2006,-116.748423,49.2257462
0.0237401,0.040564,0.379858,0.2598638,0.0270919,0.1167891,0.0514991,0.0300297,946,0,0,2006,-116.5732515,49.2063426
0.0273904,0.0428881,0.1924898,0.1822426,0.0326283,0.123408,0.0599475,0.0079303,949,0,1,2006,-116.6964106,49.2241292
0.0267762,0.0463132,0.2866223,0.2560539,0.0355693,0.141971,0.0610983,-0.0063631,709,0,0,2006,-116.5886127,49.2117325
0.0189188,0.0339721,0.3248793,0.1882054,0.0271896,0.0959041,0.0466292,-0.024159,1485,0,1,2006,-116.7276719,49.1042041
0.0290943,0.0381797,0.4308114,0.1197522,0.0384817,0.0476384,0.0267646,-0.0214918,534,0,0,2006,-116.6805104,49.2362565
0.0264171,0.0482517,0.4492356,0.2436557,0.0314401,0.0925984,0.0365867,-0.0223644,981,0,0,2006,-116.6823968,49.209307
0.0250834,0.0401108,0.3169872,0.1998354,0.0326742,0.1036382,0.0479323,0.0119812,885,0,1,2006,-116.572443,49.2009527
0.0256972,0.0401879,0.4025542,0.2485964,0.0310334,0.1058946,0.046845,0.0302243,1200,0,0,2006,-116.7726775,49.1486707
0.0385228,0.0583858,0.2081718,0.306513,0.0501023,0.2008867,0.1071425,0.0521011,1331,0,0,2006,-116.7662096,49.236526
0.0356089,0.0554486,0.1574004,0.2023315,0.0436255,0.1472994,0.0876144,0.0478221,2058,0,0,2006,-116.7699826,49.1912509
0.0218473,0.036364,0.3858067,0.2031763,0.0282324,0.0900483,0.0392216,-0.025255,752,0,0,2006,-116.5748685,49.1971798
0.0289124,0.0406476,0.4285716,0.2208448,0.027372,0.0883379,0.0411096,-0.0193362,1115,0,0,2006,-116.5818754,49.2254767
0.0263047,0.0453765,0.2956754,0.2127809,0.0334087,0.115667,0.0511382,0.0429309,641,0,0,2006,-116.6419726,49.1783151
0.0345944,0.058789,0.068226,0.2017892,0.0446179,0.1760132,0.1026096,0.0273152,1154,0,0,2006,-116.7106938,49.2351785
0.0195064,0.0370037,0.4266461,0.2200543,0.0281253,0.0884375,0.0386923,0.0506186,1801,0,0,2006,-116.7772589,49.1093245
0.0242205,0.0345902,0.2508034,0.1542801,0.0280148,0.0924095,0.0449097,-0.0172332,1778,0,0,2006,-116.7659402,49.1826271
0.027425,0.0372975,0.4866225,0.021045,0.023575,0.0072675,0.0074875,-0.2603542,531,0,1,2006,-116.6417032,49.2400294
0.0255185,0.0464517,0.4112797,0.2998698,0.0359068,0.1250917,0.0503512,0.0127143,541,0,0,2006,-116.5797194,49.1219908
0.0370391,0.059653,0.239672,0.2162024,0.050767,0.1326034,0.062359,-0.1425073,534,0,0,2006,-116.5813364,49.1273807
0.0408198,0.064505,0.4043675,0.2056403,0.0559216,0.087218,0.0357928,0.0064601,535,0,1,2006,-116.6287674,49.1303451
0.0512559,0.0762934,0.2297073,0.3442862,0.074511,0.215662,0.106073,-0.0158817,533,0,0,2006,-116.5931941,49.1775067
0.02484,0.029185,0.6346257,0.04211,0.0255825,0.0094125,0.008175,-0.0978864,531,0,0,2006,-116.6306539,49.1637624
0.0181988,0.0389703,0.3685128,0.2164363,0.0318087,0.0998725,0.0450043,-0.1117673,1595,0,1,2006,-116.6775459,49.0974668
0.0468443,0.0799783,0.1237267,0.2915281,0.073326,0.2273313,0.1255381,-0.0361439,531,0,0,2006,-116.6010095,49.1268417
0.0286437,0.0416469,0.4576975,0.2310128,0.0313904,0.0859429,0.0346086,-0.0258778,798,0,0,2006,-116.7535434,49.1448978
0.0401419,0.0701466,0.2152016,0.3858632,0.0607681,0.2491972,0.1159139,0.0669805,531,0,0,2006,-116.6112503,49.1260332
0.0311522,0.0473205,0.4434788,0.3240441,0.036408,0.1249325,0.0491453,0.0149218,538,0,0,2006,-116.6605678,49.2311361
0.0202859,0.0386745,0.3588296,0.2004682,0.0277337,0.0945919,0.0485149,-0.0340797,1687,0,0,2006,-116.6834748,49.0966583
0.0311375,0.0518175,0.1190348,0.13495,0.0512675,0.10624,0.066255,0.0296252,532,0,0,2006,-116.6069383,49.2060731
0.0242536,0.0394015,0.421591,0.2389584,0.0268851,0.097226,0.0400823,-0.0158731,686,0,0,2006,-116.651405,49.1462453
0.031303,0.0521324,0.1681431,0.2156493,0.0485721,0.153568,0.0837433,0.0208322,606,0,0,2006,-116.6360438,49.1284586
0.0362375,0.0561217,0.2937593,0.1991735,0.0438516,0.1087254,0.0523586,0.0460273,535,0,0,2006,-116.601818,49.1753507
0.030579,0.0483672,0.0308531,0.1692011,0.0427222,0.1590728,0.0989984,-0.0305614,1964,0,0,2006,-116.7748335,49.211463
0.1171963,0.1523465,-0.0968627,0.2466651,0.1744478,0.2995755,0.2765772,-0.1843088,532,0,1,2006,-116.6104418,49.1812796
0.0251329,0.0476447,0.4484928,0.3171708,0.0327232,0.1207614,0.0545561,0.0090727,1588,0,0,2006,-116.7325228,49.2203563
0.0479141,0.0749505,-0.0513709,0.2232497,0.0835938,0.2474289,0.160261,-0.3530932,1706,0,1,2006,-116.7050344,49.1020482
0.0328884,0.0634315,0.3973231,0.3706854,0.0437515,0.1598796,0.0614383,0.0038891,532,0,1,2006,-116.625264,49.1435503
0.0369608,0.0743102,0.2367371,0.3848837,0.0563397,0.2375342,0.1185271,-0.0456426,1581,0,0,2006,-116.7209346,49.1055516
0.0354993,0.051968,0.2921338,0.2334349,0.0465758,0.127882,0.0656345,0.0681992,819,0,0,2006,-116.6045129,49.235987
0.0210244,0.0397335,0.4046801,0.1797545,0.0274106,0.0761821,0.0339523,-0.0145748,1262,0,0,2006,-116.7147362,49.0928854
0.0209909,0.0311176,0.363481,0.1800452,0.0251942,0.0840512,0.0386104,-0.0686634,1166,0,0,2006,-116.7322533,49.0955803
0.0503724,0.0806589,0.1541609,0.352244,0.0797816,0.2581458,0.1312173,0.1895215,578,0,1,2006,-116.6301149,49.0904599
0.02693,0.0465925,0.4547357,0.031275,0.02638,0.0117225,0.0073225,-0.1078937,531,0,0,2006,-116.6594898,49.2351785
0.0263985,0.0401555,0.3626782,0.2312117,0.0304806,0.1081372,0.047489,-0.0135344,723,0,0,2006,-116.5783719,49.2001442
0.0548576,0.0956248,0.1047216,0.3160663,0.0873503,0.2561436,0.1449226,-0.2369806,535,0,0,2006,-116.5867263,49.1731947
0.0247629,0.0338249,0.5805317,0.0484717,0.0294415,0.0128642,0.0085795,0.0407201,532,0,0,2006,-116.6530219,49.209307
0.0281452,0.0454988,0.2506217,0.2169336,0.0398626,0.1299876,0.0646296,-0.0095887,1906,0,0,2006,-116.7632452,49.2106545
0.0253075,0.0387275,0.4735204,0.0319625,0.0334475,0.01142,0.005645,-0.2930192,531,0,1,2006,-116.6468235,49.211463
0.024373,0.0394589,0.1834667,0.1844858,0.0281986,0.1272861,0.0642482,-0.0146591,1596,0,0,2006,-116.7721385,49.2397599
0.0247361,0.0448497,0.2607946,0.1842478,0.0335318,0.1080247,0.0513919,0.0687765,1067,0,0,2006,-116.7036869,49.2279021
0.0225449,0.0370322,0.2659154,0.1650353,0.0320019,0.0957014,0.0502919,0.0157752,1563,0,0,2006,-116.6761985,49.1737337
0.0242841,0.038076,0.2484712,0.1753927,0.0292498,0.1055792,0.0572004,-0.0193888,1427,0,0,2006,-116.7061124,49.1513657
0.0249225,0.0402263,0.7366431,0.0355925,0.0306562,0.0053975,0.0033487,-0.0751778,531,0,0,2006,-116.6080163,49.2235902
0.0147102,0.0357653,0.3402866,0.205734,0.0285073,0.101266,0.0467287,-0.0173307,1898,0,1,2006,-116.7066513,49.110133
0.0178754,0.0356346,0.2075549,0.1462776,0.0250321,0.0959931,0.0458126,-0.0527294,1743,0,0,2006,-116.7306364,49.209846
0.0297625,0.0375725,0.7132407,0.0345475,0.033255,0.0057825,0.005645,-0.0389448,531,0,0,2006,-116.6479015,49.210924
0.0310178,0.0482387,0.2868049,0.226518,0.0366916,0.1255447,0.060705,0.0185765,733,0,1,2006,-116.6826663,49.2165834
0.022375,0.0381663,0.4181594,0.2387302,0.0254173,0.0979459,0.0431977,-0.0235955,1494,0,0,2006,-116.7707911,49.1545996
0.0218847,0.0390844,0.3299097,0.2735362,0.025597,0.1378244,0.059011,0.015205,1138,0,0,2006,-116.6939851,49.1502877
0.0421206,0.0556057,0.0927362,0.1809067,0.0564401,0.150201,0.1013069,0.0251587,2126,0,1,2006,-116.772408,49.1974493
0.0326297,0.0514564,0.3826332,0.2446145,0.0421043,0.1092241,0.0491792,0.0485581,536,0,1,2006,-116.5789109,49.1888254
0.0345232,0.0581133,0.2163703,0.2846779,0.0506177,0.1833998,0.0870177,0.0101092,633,0,1,2006,-116.5902297,49.2106545
0.038648,0.0818876,0.3356182,0.4117109,0.0544504,0.204799,0.0897025,0.1365072,1307,0,0,2006,-116.6683831,49.1691523
0.0214673,0.0348986,0.3983862,0.2139354,0.030376,0.0920393,0.0371769,-0.0393253,1607,0,1,2006,-116.7144667,49.1179484
0.0482441,0.0815851,0.2308775,0.3502797,0.0683022,0.2188747,0.1072305,0.1269857,531,0,0,2006,-116.6144842,49.1419334
0.0205206,0.031864,0.5315633,0.1815069,0.0216739,0.0555148,0.0178264,-0.0117059,1384,0,0,2006,-116.7624367,49.1686133
0.041958,0.0758572,0.4022773,0.4248724,0.0545256,0.1811025,0.0705937,-0.0439127,533,0,0,2006,-116.6201436,49.1454368
0.0509034,0.0871855,0.3104727,0.3863391,0.0783938,0.2032789,0.100472,0.281392,535,0,1,2006,-116.5950806,49.1651099
0.028062,0.0483927,0.1062775,0.1678214,0.0413109,0.135577,0.0806899,-0.0148501,1878,0,0,2006,-116.7225515,49.1793931
0.0429382,0.0719343,0.4420782,0.1661553,0.0642019,0.0642834,0.0334624,0.0518259,534,0,0,2006,-116.5875347,49.1556776
0.0664263,0.0776959,-0.3369701,0.1275095,0.0801151,0.2571172,0.2210753,0.0275087,2064,0,0,2006,-116.7742945,49.2004137
0.0392968,0.0721814,0.3015594,0.411996,0.0602003,0.2210846,0.0968394,0.2706735,531,0,0,2006,-116.5864568,49.1411249
0.0287699,0.0488909,0.492852,0.2988344,0.0351175,0.1015193,0.0399273,0.0024137,1082,0,0,2006,-116.6958716,49.212002
0.0182308,0.0376834,0.2966345,0.1867144,0.0279933,0.1012841,0.0460057,-0.025261,1755,0,1,2006,-116.7039564,49.1780457
0.038384,0.0723699,0.2788173,0.3285917,0.0584451,0.1853076,0.0807987,0.2590136,532,0,0,2006,-116.6330793,49.2084985
0.0238373,0.0340507,0.2830545,0.1658269,0.0306094,0.0926608,0.0458936,-0.0517228,1960,0,0,2006,-116.7780674,49.210924
0.0165996,0.0324813,0.2612517,0.170001,0.0264447,0.0995741,0.048601,-0.0367013,1516,0,0,2006,-116.7309059,49.1271112
0.0147591,0.0317013,0.3269951,0.1279457,0.0199766,0.0648895,0.0219471,-0.046142,1779,0,1,2006,-116.7152752,49.112828
0.0274342,0.0451533,0.2288723,0.1959119,0.0421406,0.1229364,0.0644128,-0.0101838,1892,0,0,2006,-116.7799539,49.1187568
0.0372011,0.0671669,0.3457886,0.4224984,0.050149,0.2053839,0.0905766,0.1584145,529,0,0,2006,-116.6142147,49.1254942
0.0336055,0.0536678,0.2332067,0.2936896,0.0508907,0.1826127,0.0906358,0.098527,995,0,1,2006,-116.6516745,49.0896514
0.0204555,0.0329888,0.2944981,0.1544395,0.020927,0.0841696,0.0417523,-0.0718003,1625,0,0,2006,-116.7303669,49.2001442
0.0298163,0.0470258,0.3099339,0.217469,0.0390898,0.1145615,0.0588834,0.0217545,881,0,1,2006,-116.672695,49.1952933
0.0174453,0.0302561,0.4286945,0.1739724,0.0190528,0.069568,0.0301019,-0.0480476,1451,0,0,2006,-116.7670181,49.161876
0.0351553,0.043901,0.3377706,0.1462196,0.0373099,0.0723823,0.0312565,-0.0284339,1898,0,0,2006,-116.771869,49.2128105
0.0237114,0.0397117,0.4143851,0.2551558,0.0270659,0.1056452,0.0413821,-0.0108979,793,0,0,2006,-116.6522134,49.135196
0.0373647,0.060955,0.4133065,0.4639832,0.0419419,0.1926093,0.0717522,0.4720944,534,0,0,2006,-116.574599,49.1354655
0.0229712,0.0423687,0.2643339,0.1566853,0.0297057,0.091169,0.0518095,-0.01742,1993,0,0,2006,-116.7257855,49.1882864
0.0255927,0.0383074,0.4226768,0.2492301,0.0267291,0.1011378,0.0419155,0.0314735,1255,0,0,2006,-116.7527349,49.2443413
0.0265615,0.0525282,0.3538306,0.3514983,0.0298725,0.1677665,0.0731368,-0.0714937,1781,0,0,2006,-116.7212041,49.1632234
0.0268625,0.0427785,0.2751898,0.1985253,0.0314282,0.1128406,0.0495374,0.0292773,607,0,0,2006,-116.6031654,49.2238597
0.0295827,0.0512111,0.3587517,0.1928466,0.0335326,0.0910119,0.043307,0.0664034,1039,0,0,2006,-116.6772764,49.1510962
0.0280362,0.0459046,0.2383757,0.2192064,0.0414661,0.134816,0.0716025,0.0159101,1470,0,0,2006,-116.7794149,49.0971973
0.1096004,0.1538889,-0.1227398,0.2497309,0.174977,0.3196119,0.2845334,-0.2994314,535,0,1,2006,-116.6117893,49.1823576
0.0246557,0.0444292,0.4205086,0.2148427,0.0329523,0.0876443,0.0404249,-0.0604464,1097,1,0,2007,-116.7034174,49.1316926
0.0149058,0.0299413,0.2781796,0.1516151,0.0255995,0.0856209,0.0425132,0.0447201,1814,1,1,2007,-116.7362958,49.2311361
0.0161775,0.0293531,0.3227193,0.1640278,0.0204997,0.0839882,0.0384316,-0.1175026,1475,1,1,2007,-116.7123107,49.0974668
0.0557137,0.0904844,-0.1716476,0.2369615,0.1255561,0.3351658,0.2270263,-0.501067,1660,1,0,2007,-116.6821273,49.1731947
0.0244555,0.0374303,0.4171687,0.1783267,0.025836,0.0733394,0.0333587,-0.0223623,1103,1,0,2007,-116.7066513,49.1319621
0.0329631,0.0441726,0.3861142,0.202838,0.0377446,0.0898334,0.0392616,-0.0220787,1112,1,0,2007,-116.7023394,49.1314231
0.0153354,0.0320758,0.3314434,0.1461534,0.0217188,0.0733879,0.0339752,-0.0267804,1859,1,1,2007,-116.7594723,49.2270937
0.020636,0.0332383,0.2257349,0.152454,0.0278028,0.0963013,0.0489566,-0.0354654,1437,1,0,2007,-116.7150057,49.2068816
0.0214009,0.0404279,0.3499376,0.2110612,0.0312133,0.1016365,0.0492663,-0.0232134,1521,1,1,2007,-116.7101548,49.1017787
0.0541837,0.0877805,-0.186104,0.2183123,0.1133554,0.31815,0.2206964,-0.6536882,1645,1,0,2007,-116.6826663,49.1713083
0.0138093,0.0299574,0.3174409,0.1674139,0.0231807,0.0867362,0.0418011,0.0002831,1706,1,0,2007,-116.6724255,49.0918074
0.0601357,0.0942337,-0.1971265,0.2266087,0.1273957,0.3378854,0.2273871,-0.5124109,1662,1,0,2007,-116.6826663,49.1726558
0.0193349,0.0341741,0.3232315,0.1794645,0.0253389,0.0917874,0.044637,-0.0704007,1511,1,1,2007,-116.7128497,49.0982753
0.0140149,0.0290305,0.204236,0.1449831,0.0233425,0.0958054,0.0507353,-0.0201973,1846,1,0,2007,-116.7381822,49.2292496
0.0575629,0.0877932,-0.1737015,0.2204462,0.1117595,0.313129,0.2257616,-0.5118524,1623,1,0,2007,-116.6783544,49.1710388
0.0218681,0.0315463,0.2578315,0.1526633,0.0274222,0.0900772,0.0400472,-0.0680271,1440,1,0,2007,-116.7053039,49.1271112
0.0506018,0.083491,-0.1301869,0.2331367,0.1071254,0.3029249,0.1979868,-0.5522335,1648,1,0,2007,-116.6829358,49.1713083
0.0457779,0.0765983,-0.10788,0.228783,0.0926463,0.2841144,0.1848439,-0.4349533,1669,1,0,2007,-116.6834748,49.1731947
0.0253564,0.0422565,0.4818034,0.226184,0.0286475,0.0790981,0.0355262,-0.0217651,1060,1,0,2007,-116.7028784,49.1322316
0.0160099,0.0298143,0.2944068,0.1532236,0.0223765,0.0835236,0.0416264,0.0237832,1843,1,1,2007,-116.7376432,49.2303276
0.025616,0.0413396,0.435643,0.1988895,0.0331781,0.0781843,0.0273695,0.0380183,1252,1,0,2007,-116.7079988,49.1295366
0.0158825,0.0311341,0.2792461,0.1656038,0.026845,0.0933046,0.042341,-0.0378736,1676,1,0,2007,-116.6713476,49.0926159
0.0670251,0.1002515,-0.1903383,0.222087,0.1303223,0.3265051,0.2474127,-0.5668163,1641,1,1,2007,-116.6810494,49.1713083
0.0281504,0.0416711,0.3177882,0.2039772,0.0335311,0.1055979,0.0357579,-0.0319779,1168,1,0,2007,-116.7069208,49.1308841
0.0330445,0.0586396,0.2311798,0.2989047,0.0506855,0.1866535,0.0953539,0.1259764,1678,1,0,2007,-116.6848223,49.1742727
0.0169968,0.0331119,0.2354283,0.1439072,0.0273547,0.0890601,0.0450624,-0.008513,1602,1,0,2007,-116.7195871,49.2090375
0.0169267,0.0286605,0.4375936,0.1478266,0.0218217,0.0578318,0.0286709,-0.0093258,1828,1,0,2007,-116.7610893,49.2265547
0.023269,0.0393445,0.4553902,0.2314462,0.0255532,0.0866076,0.031956,-0.0389865,1031,1,0,2007,-116.7042259,49.1327706
0.0431733,0.0668932,-0.1120393,0.2047905,0.0882299,0.2564699,0.1682068,-0.4873119,1639,1,0,2007,-116.6807799,49.1750812
0.0581574,0.0920057,-0.15094,0.2348952,0.1175989,0.3184114,0.2150928,-0.4627218,1664,1,1,2007,-116.6826663,49.1737337
0.0630627,0.0976414,-0.1789359,0.2248462,0.1197404,0.3228485,0.2356256,-0.5163156,1609,1,1,2007,-116.6791629,49.1726558
0.0186863,0.0320459,0.3747016,0.1927068,0.0237876,0.0876548,0.0417539,-0.0145216,1425,1,0,2007,-116.7096158,49.0990837
0.0183409,0.0326368,0.2442323,0.1452559,0.0268208,0.0882309,0.0442264,0.0058593,1593,1,1,2007,-116.7193176,49.2090375
0.0174409,0.0301458,0.3524244,0.177396,0.025448,0.0849418,0.0417972,-0.0242267,1371,1,0,2007,-116.7112328,49.0942328
0.0534598,0.0809924,-0.171434,0.2096026,0.1090662,0.2963381,0.1954948,-0.5574431,1661,1,1,2007,-116.6842833,49.1694218
0.0218894,0.0406493,0.2506349,0.1708612,0.0320271,0.1023779,0.0394653,-0.0940801,1382,1,1,2007,-116.7061124,49.1279197
0.022467,0.0393613,0.4731787,0.2151589,0.0267542,0.0769427,0.0286171,-0.0479784,1093,1,1,2007,-116.7061124,49.1319621
0.0234619,0.0410197,0.433625,0.2023286,0.0296435,0.0799329,0.0346337,0.0722621,1286,1,0,2007,-116.7047649,49.1292671
0.0599016,0.096172,-0.1937646,0.2200599,0.1224889,0.325835,0.231035,-0.5342638,1610,1,1,2007,-116.6794324,49.1734642
0.0346236,0.0621315,0.2205406,0.3146778,0.0594058,0.200959,0.1107349,0.0260325,1678,1,0,2007,-116.6848223,49.1740032
0.0205842,0.039257,0.3086182,0.2304946,0.0300635,0.1217771,0.0567219,-0.0028429,1464,1,0,2007,-116.7090768,49.0998922
0.0235644,0.0460998,0.4197707,0.2192244,0.0303079,0.0895922,0.0437039,-0.0071388,1198,1,0,2007,-116.7044954,49.1303451
0.0216732,0.0378632,0.1957575,0.1586127,0.0322155,0.1066797,0.0523343,-0.0573978,1481,1,1,2007,-116.7163532,49.2066121
0.0143338,0.0314648,0.2640743,0.1452027,0.024356,0.0845349,0.0449624,0.0156068,1853,1,1,2007,-116.7376432,49.2322141
0.0179422,0.0345716,0.1790854,0.1797698,0.0297707,0.1251611,0.0678638,-0.0517251,1613,1,0,2007,-116.6689221,49.0931549
0.0559815,0.0890914,-0.1944792,0.2202803,0.1187187,0.3266461,0.2293958,-0.5416348,1642,1,0,2007,-116.6805104,49.1713083
0.0160512,0.0301076,0.2115181,0.1384763,0.0273706,0.0901233,0.0488415,-0.0477151,1636,1,1,2007,-116.6807799,49.1758897
0.0263111,0.0439139,0.3867,0.2032469,0.0319555,0.0898906,0.0371383,-0.0563842,1073,1,1,2007,-116.7023394,49.1319621
0.0238962,0.0386735,0.1818203,0.187497,0.0335845,0.1298051,0.0664987,-0.0662776,1678,1,0,2007,-116.6840138,49.1748117
0.0344959,0.0579296,-0.0093085,0.195859,0.0644934,0.1995396,0.1247729,-0.4057227,1676,1,0,2007,-116.6859003,49.1710388
0.0144389,0.0245255,0.3892516,0.147458,0.0198853,0.0648261,0.0282258,-0.0434398,1573,1,0,2007,-116.7389907,49.1063601
0.0157016,0.0315791,0.2462582,0.1555147,0.0257531,0.0940559,0.0485937,-0.0251314,1501,1,0,2007,-116.7168921,49.2068816
0.0285721,0.0425291,0.2916306,0.1930867,0.0322486,0.1058946,0.0456585,-0.0533427,1145,1,0,2007,-116.7055734,49.1308841
0.0488484,0.0808715,-0.1358687,0.2278004,0.1045721,0.2994352,0.196224,-0.4573822,1663,1,0,2007,-116.6823968,49.1742727
0.0239836,0.047076,0.4129499,0.221364,0.0309948,0.0919719,0.0443055,-0.0121323,1200,1,0,2007,-116.7047649,49.1303451
0.0235894,0.0406742,0.3945525,0.2030043,0.0301086,0.0881347,0.0403554,0.0069069,1373,1,0,2007,-116.7044954,49.1279197
0.0199282,0.0424107,0.2770161,0.2706573,0.0356728,0.1532329,0.0773146,0.0239284,1617,1,1,2007,-116.6702696,49.0912684
0.0532683,0.0842332,-0.0778284,0.2326981,0.0996137,0.2719761,0.1817365,-0.4415846,1616,1,0,2007,-116.6802409,49.1737337
0.0224494,0.0450166,0.3459246,0.3073777,0.031514,0.1493755,0.0662562,0.0142117,1802,1,0,2007,-116.7371042,49.2335615
0.01707,0.037332,0.157852,0.1938211,0.0303287,0.1409731,0.0685932,-0.0687002,1650,1,0,2007,-116.6702696,49.0928854
0.0185217,0.0295319,0.3836761,0.1822357,0.0198015,0.0811723,0.035989,-0.0534864,1531,1,0,2007,-116.7376432,49.1060906
0.0372656,0.0632465,-0.0353059,0.2027405,0.0750986,0.2175803,0.1365706,-0.3052711,1648,1,0,2007,-116.6826663,49.1696913
0.0262339,0.0438024,0.3318821,0.2198119,0.0329475,0.1102652,0.047611,-0.0131721,1206,1,0,2007,-116.7069208,49.1303451
0.0137233,0.0306462,0.3137114,0.1561169,0.0255634,0.0815561,0.0345211,-0.0387489,1667,1,0,2007,-116.6713476,49.0928854
0.0258611,0.0431328,0.4365283,0.2173495,0.0317152,0.0852543,0.0381635,-0.0023444,1253,1,1,2007,-116.7090768,49.1295366
0.0148991,0.0313853,0.3987634,0.1741044,0.0215275,0.074836,0.0303261,-0.0193956,1428,1,1,2007,-116.7287499,49.1023177
0.0226761,0.0405374,0.3472118,0.1794282,0.0300413,0.0869415,0.0399762,-0.0304294,1145,1,0,2007,-116.7079988,49.1314231
0.0153451,0.0243578,0.4083359,0.160866,0.02063,0.0675823,0.0302002,-0.0183811,1550,1,0,2007,-116.7387212,49.1060906
0.0255797,0.0453798,0.0610582,0.173401,0.0450099,0.1534444,0.0948427,-0.010282,1407,1,0,2007,-116.7115022,49.0947718
0.0475964,0.0766352,-0.0972337,0.2316306,0.0964231,0.2815269,0.1748252,-0.494966,1673,1,0,2007,-116.6853613,49.1715778
0.0135227,0.0273812,0.3379242,0.1473782,0.0190028,0.0729306,0.0337476,-0.0011055,1829,1,0,2007,-116.7373737,49.2305971
0.063,0.0978731,-0.1634726,0.2480975,0.1285541,0.345063,0.2339735,-0.5422808,1675,1,0,2007,-116.6840138,49.1737337
0.0208144,0.0368365,0.1096586,0.1585167,0.0313738,0.1271868,0.0737613,-0.173456,1597,1,0,2007,-116.7195871,49.208229
0.0144282,0.0245074,0.3888769,0.1473576,0.0198893,0.0648392,0.0282315,-0.0444522,1564,1,0,2007,-116.7387212,49.1063601
0.0558203,0.0921607,-0.1785105,0.2229098,0.115331,0.3197869,0.2170871,-0.5888103,1644,1,0,2007,-116.6821273,49.1713083
0.0218057,0.0364996,0.3827211,0.181924,0.0217781,0.0812151,0.0307109,-0.0155845,1153,1,1,2007,-116.7085378,49.1314231
0.0251114,0.0410452,0.3943318,0.2064094,0.0342139,0.0896599,0.045309,0.0246168,1252,1,0,2007,-116.7071903,49.1298061
0.018173,0.0316299,0.3045453,0.1745663,0.0235354,0.0930615,0.0403325,-0.1086801,1511,1,0,2007,-116.7128497,49.0985447
0.0384175,0.0641911,-0.0926576,0.183254,0.0746591,0.2206817,0.1453405,-0.2508301,1601,1,1,2007,-116.6791629,49.1748117
0.0220725,0.0433548,0.242713,0.2537134,0.0393589,0.1546084,0.080438,0.0131603,1624,1,0,2007,-116.6702696,49.0915379
0.054469,0.0882254,-0.199084,0.2146158,0.1221202,0.3213101,0.2209431,-0.5648186,1663,1,0,2007,-116.6826663,49.1731947
0.0179618,0.0321734,0.4240206,0.2127664,0.0251499,0.0860585,0.0364732,0.0125173,1477,1,0,2007,-116.7338703,49.1063601
0.0564198,0.0903191,-0.1647255,0.2295607,0.1130606,0.3201046,0.2192785,-0.4650336,1665,1,0,2007,-116.6829358,49.1737337
0.0241743,0.0409999,0.3856374,0.1946781,0.0285107,0.0863162,0.0331601,-0.0396818,1093,1,0,2007,-116.7042259,49.1316926
0.0214324,0.0421215,0.4553079,0.244479,0.0310602,0.0915035,0.0376577,0.0327711,1336,1,0,2007,-116.7055734,49.1284586
0.0162246,0.0331811,0.3874495,0.2034344,0.0292758,0.0898151,0.03783,-0.0128395,1454,1,0,2007,-116.7096158,49.0996227
0.0237464,0.037371,0.3859862,0.1799741,0.0238262,0.0797314,0.0325254,-0.0462616,1127,1,0,2007,-116.7058429,49.1314231
0.0184878,0.0278049,0.3243929,0.1777872,0.0200078,0.0906938,0.0443068,-0.0107539,1493,1,0,2007,-116.7160837,49.208768
0.032426,0.0574653,-0.0004826,0.1839267,0.0626029,0.1841043,0.1150452,-0.3731515,1669,1,1,2007,-116.6853613,49.1710388
0.0258577,0.0415835,0.3661819,0.2024984,0.0337231,0.0939459,0.036841,-0.0514346,1415,1,1,2007,-116.7044954,49.1276502
0.0126569,0.0264903,0.3524966,0.1432932,0.0193567,0.0686012,0.0314475,0.0211255,1817,1,0,2007,-116.7371042,49.2292496
0.0192764,0.0332443,0.2056257,0.1482251,0.0269508,0.097664,0.0464949,-0.0698425,1448,1,0,2007,-116.7150057,49.2071511
0.0148119,0.0275138,0.2857367,0.1582554,0.024988,0.0879154,0.0438368,-0.0374045,1671,1,0,2007,-116.6710781,49.0926159
0.0263466,0.0447874,0.3422355,0.2091327,0.0330939,0.1024858,0.0474822,0.0057777,1101,1,1,2007,-116.7074598,49.1322316
0.0226607,0.0420074,0.4520731,0.244658,0.0287751,0.0923195,0.0361615,-0.0145411,1215,1,0,2007,-116.7042259,49.1300756
0.0573923,0.0888795,-0.149799,0.2254493,0.1158903,0.3048943,0.2033465,-0.4282145,1678,1,0,2007,-116.6853613,49.1726558
0.0432705,0.0670088,-0.1132752,0.2046778,0.0884998,0.2569712,0.1685357,-0.4874743,1645,1,0,2007,-116.6810494,49.1750812
0.0196708,0.0321632,0.3374797,0.2170193,0.0244483,0.1075005,0.0465867,-0.0386772,1604,1,0,2007,-116.7112328,49.1039346
0.0204052,0.0399391,0.3687596,0.1883534,0.0283361,0.0868643,0.0377265,-0.0576401,1379,1,0,2007,-116.7058429,49.1279197
0.0145701,0.0312417,0.2746014,0.1576897,0.0254099,0.089744,0.0453331,-0.0140597,1853,1,1,2007,-116.7384517,49.2330225
0.0166306,0.0329537,0.246763,0.1566555,0.0242941,0.0946441,0.0506847,-0.0116502,1584,1,0,2007,-116.7193176,49.210385
0.0169039,0.0312381,0.2230656,0.1460276,0.0251967,0.0927619,0.0482947,-0.0430821,1580,1,0,2007,-116.7185091,49.209307
0.0657372,0.1034551,-0.2009604,0.2370085,0.1325861,0.356225,0.2580905,-0.5699069,1652,1,0,2007,-116.6821273,49.1721168
0.0179941,0.0369122,0.367866,0.1783421,0.0239205,0.0824175,0.0380874,-0.0415246,1707,1,0,2007,-116.6740425,49.0928854
0.0351281,0.0612688,-0.0376003,0.1946054,0.0737463,0.2098115,0.128789,-0.4640418,1677,1,1,2007,-116.6859003,49.1715778
0.0568846,0.0869628,-0.1215325,0.2315659,0.1169987,0.2956383,0.1936556,-0.4787696,1660,1,0,2007,-116.6842833,49.1704998
0.0247671,0.0446879,0.3660914,0.1819165,0.0290283,0.0844149,0.0324426,-0.0687577,1339,1,1,2007,-116.7058429,49.1287281
0.025318,0.0417584,0.3266732,0.2074615,0.0344373,0.105293,0.0519118,-0.0308316,1417,1,0,2007,-116.7042259,49.1276502
0.0293054,0.0418138,0.3949319,0.2054715,0.0294578,0.0891257,0.0298382,-0.0580347,1144,1,1,2007,-116.7053039,49.1311536
0.0187941,0.0379237,0.1800061,0.1786937,0.0318009,0.1241754,0.068028,-0.1017371,1601,1,1,2007,-116.6794324,49.1756202
0.0169148,0.0352027,0.2309833,0.1795414,0.0303668,0.1121626,0.0572518,-0.037177,1616,1,0,2007,-116.6697306,49.0923464
0.0159265,0.0315943,0.4254864,0.1625905,0.0205935,0.0655288,0.0288993,-0.0044808,1816,1,0,2007,-116.7610893,49.2270937
0.0152508,0.0281633,0.2828551,0.141945,0.0227982,0.0793505,0.0402231,-0.0059305,1861,1,0,2007,-116.7381822,49.2311361
0.0195677,0.0333494,0.4052778,0.2031038,0.0272565,0.0859548,0.0393869,-0.0092914,1556,1,0,2007,-116.7104243,49.1028567
0.024782,0.0417028,0.2546528,0.1729661,0.0363353,0.1027533,0.0473486,-0.0399839,1295,1,1,2007,-116.7061124,49.1292671
0.0261896,0.0440473,0.120829,0.1747773,0.0444813,0.1370942,0.0841649,-0.0085221,1421,1,0,2007,-116.7120412,49.0950413
0.0518211,0.0833547,-0.1507832,0.2263412,0.1114687,0.3067175,0.1987086,-0.4312842,1661,1,0,2007,-116.6853613,49.1691523
0.019419,0.0305999,0.3756608,0.178244,0.0286655,0.0808955,0.0356892,-0.0467196,1450,1,0,2007,-116.7336008,49.1050126
0.0469306,0.0823066,-0.13966,0.2313842,0.0991438,0.306506,0.2009996,-0.5614337,1649,1,0,2007,-116.6826663,49.1710388
0.0285721,0.0425291,0.2916306,0.1930867,0.0322486,0.1058946,0.0456585,-0.0533427,1164,1,0,2007,-116.7055734,49.1308841
0.0232153,0.0372202,0.422294,0.1978716,0.0290417,0.0803713,0.041553,6.86e-05,1352,1,0,2007,-116.7047649,49.1281892
0.0577809,0.0949006,-0.1877976,0.2269745,0.1222954,0.3319367,0.2367302,-0.5508859,1649,1,0,2007,-116.6815883,49.1726558
0.0231589,0.0390438,0.2723042,0.1726273,0.0298504,0.0987344,0.0448652,-0.0556704,1427,1,0,2007,-116.7061124,49.1276502
0.0189533,0.0327825,0.3975103,0.1863893,0.0241427,0.0803555,0.0377398,-0.0331659,1509,1,0,2007,-116.7338703,49.1071686
0.0185217,0.0295319,0.3836761,0.1822357,0.0198015,0.0811723,0.035989,-0.0534864,1531,1,0,2007,-116.7376432,49.1060906
0.0141316,0.0285107,0.2616034,0.1363768,0.0230705,0.0798192,0.039939,0.0018966,1823,1,0,2007,-116.7365652,49.2316751
0.0194429,0.0317099,0.3101467,0.1853705,0.0270421,0.0976062,0.0455665,-0.0770005,1612,1,0,2007,-116.7109633,49.1039346
0.0221027,0.0387937,0.4648484,0.2584829,0.0300679,0.0944313,0.0382517,-0.0017605,1133,1,1,2007,-116.7028784,49.1311536
0.0239095,0.0402537,0.3868437,0.1972364,0.0292012,0.0872028,0.0364668,0.0448024,963,1,0,2007,-116.7061124,49.1343875
0.0343162,0.0560377,-0.0271028,0.1870391,0.0645135,0.1974602,0.124675,-0.2874906,1656,1,0,2007,-116.6821273,49.1750812
0.0173856,0.0319978,0.2197094,0.1615471,0.0258284,0.1033473,0.0552777,-0.068216,1410,1,1,2007,-116.7104243,49.0958498
0.0261949,0.0429847,0.4385106,0.221177,0.0294843,0.0863313,0.0262067,-0.0356986,1133,1,0,2007,-116.7028784,49.1308841
0.0254094,0.0428637,0.3958771,0.1911606,0.0355289,0.0827326,0.040498,0.0064444,1050,1,0,2007,-116.7069208,49.1330401
0.0340624,0.0569632,0.0090472,0.2171798,0.0610843,0.2132853,0.1238117,-0.3520268,1621,1,0,2007,-116.6791629,49.1715778
0.0154482,0.0317233,0.2891754,0.16366,0.0256278,0.0902387,0.0468069,0.0036815,1659,1,1,2007,-116.6710781,49.0918074
0.0168587,0.0399211,0.2627771,0.2130142,0.0322358,0.12436,0.0610534,0.044087,1643,1,0,2007,-116.6702696,49.0926159
0.026171,0.042568,0.2915314,0.2032227,0.0336895,0.1114777,0.0528323,-0.0228563,1036,1,1,2007,-116.7069208,49.133579
0.0248731,0.0398321,0.0660332,0.1647894,0.0401749,0.1443743,0.091179,-0.2369661,1634,1,0,2007,-116.6807799,49.1753507
0.0138132,0.0311846,0.3386386,0.157175,0.0217193,0.0776531,0.0370637,-0.0479007,1622,1,1,2007,-116.6691916,49.0936938
0.0162755,0.0288231,0.2807365,0.1685248,0.0210146,0.0946438,0.0477439,-0.0575651,1440,1,0,2007,-116.7112328,49.0958498
0.0542886,0.0854535,-0.1693526,0.224696,0.1096701,0.3163182,0.2074617,-0.5071905,1671,1,0,2007,-116.6832053,49.1737337
0.0539802,0.0826359,-0.1337157,0.2336751,0.1089207,0.3058131,0.1997861,-0.5325193,1679,1,1,2007,-116.6859003,49.1721168
0.0596859,0.0844415,-0.0933942,0.2110463,0.103629,0.2545282,0.1818317,-0.2911139,1647,1,1,2007,-116.6818578,49.1704998
0.0254606,0.0401068,0.3074778,0.1786558,0.0349607,0.0946273,0.0445011,-0.0432728,1047,1,0,2007,-116.7066513,49.1330401
0.0142515,0.0402329,0.2305314,0.1818232,0.030336,0.1136966,0.0594982,-0.0275703,1675,1,1,2007,-116.6740425,49.0939633
0.0634629,0.0993467,-0.2008971,0.2259525,0.1272396,0.3395629,0.2505829,-0.5537356,1609,1,0,2007,-116.6791629,49.1729253
0.0225306,0.0379519,0.3901783,0.1980756,0.026626,0.0868887,0.0363555,-0.0380266,1129,1,0,2007,-116.7093463,49.1319621
0.0642192,0.0949972,-0.2163653,0.2211616,0.1253177,0.3432891,0.2460218,-0.6051927,1661,1,0,2007,-116.6834748,49.1721168
0.0244749,0.0436257,0.4426211,0.2181417,0.031552,0.0842824,0.032969,0.0290481,1330,1,0,2007,-116.7047649,49.1287281
0.0559508,0.088963,-0.1845857,0.2035702,0.1101726,0.2957348,0.2148908,-0.4139467,1613,1,1,2007,-116.6797019,49.1745422
0.0501214,0.0849951,-0.1327641,0.2291909,0.1082554,0.299364,0.1953039,-0.451201,1662,1,0,2007,-116.6823968,49.1745422
0.0130073,0.0273026,0.3955137,0.1616968,0.0203231,0.0700412,0.0310386,-0.0122353,2013,1,0,2007,-116.7546214,49.2268242
0.0155734,0.0319623,0.2684531,0.1676243,0.024658,0.0966729,0.0493351,-0.0740092,1467,1,0,2007,-116.7123107,49.0963888
0.016458,0.0331554,0.3690815,0.1750813,0.0270104,0.0806833,0.0363896,-0.0248773,1644,1,1,2007,-116.7104243,49.1042041
0.0220805,0.0378466,0.3721242,0.1743323,0.0207763,0.0797734,0.0374224,-0.0295952,1133,1,0,2007,-116.7079988,49.1316926
0.0609163,0.0938004,-0.1210202,0.2511244,0.1235276,0.3202754,0.2201053,-0.4535866,1674,1,0,2007,-116.6840138,49.1734642
0.0197914,0.0356773,0.3351637,0.1733552,0.0207666,0.0863211,0.0356826,-0.0677752,1138,1,1,2007,-116.7082683,49.1316926
0.0230611,0.0357038,0.4686541,0.21045,0.0241847,0.0761389,0.0293852,0.0249054,1072,1,0,2007,-116.7074598,49.1327706
0.0259503,0.0419775,0.5351658,0.2803903,0.0282405,0.0848996,0.0344935,0.0170486,987,1,0,2007,-116.7042259,49.133579
0.0127644,0.0294951,0.2804267,0.1569311,0.0225851,0.0881921,0.0439253,-0.0687565,1684,1,1,2007,-116.672156,49.0912684
0.0278095,0.0527233,0.2520207,0.2267068,0.035463,0.1354386,0.0582173,-0.0683678,1178,1,0,2007,-116.7058429,49.1306146
0.0160184,0.0294013,0.2789,0.1621198,0.0228356,0.0914103,0.0431375,-0.0607204,1532,1,1,2007,-116.7295584,49.1044736
0.0170511,0.0315538,0.3205441,0.1362635,0.0225491,0.0701113,0.0340964,-0.0230027,1853,1,0,2007,-116.7594723,49.2279021
0.0611298,0.0974546,-0.1777572,0.2304071,0.1248606,0.3300286,0.2401548,-0.6034257,1643,1,0,2007,-116.6815883,49.1718473
0.0147133,0.0313331,0.2751399,0.1494054,0.0236245,0.0849303,0.043705,0.0116629,1872,1,0,2007,-116.7387212,49.2324836
0.0169521,0.0288925,0.3105531,0.1335288,0.0223027,0.0702459,0.0347176,-0.0720762,1508,1,0,2007,-116.7341398,49.1074381
0.0252448,0.0389123,0.3642778,0.1734211,0.0270381,0.0808102,0.0359556,-0.0498765,1090,1,1,2007,-116.7066513,49.1322316
0.0158741,0.0303892,0.4204323,0.1798536,0.0226026,0.0733842,0.0318503,0.0021755,2023,1,0,2007,-116.7535434,49.2281716
0.0217366,0.0428911,0.4814557,0.2431218,0.0249104,0.0850983,0.0334639,9.66e-05,1110,1,0,2007,-116.7061124,49.1316926
0.0128834,0.0243466,0.4500042,0.1520614,0.018615,0.0576779,0.0255258,-0.0284466,1613,1,0,2007,-116.7389907,49.1074381
0.0569754,0.0865924,-0.120529,0.2315733,0.1151094,0.2950463,0.1868398,-0.4540917,1662,1,1,2007,-116.6845528,49.1702303
0.0238288,0.0409403,0.4281082,0.1993231,0.0295162,0.0798198,0.0320664,-0.0278606,1020,1,0,2007,-116.7058429,49.1333095
0.0142629,0.0307558,0.3808514,0.1681422,0.0207825,0.0753919,0.0275923,-0.0199045,1662,1,0,2007,-116.674851,49.0945023
0.0163292,0.0294355,0.4147758,0.1837329,0.0207036,0.0760014,0.0357274,-0.0376212,1439,1,1,2007,-116.7112328,49.0971973
0.0245931,0.0421536,0.3931083,0.2123863,0.0275101,0.0925237,0.0349871,-0.0153963,1151,1,1,2007,-116.7071903,49.1311536
0.0240464,0.0382659,0.4758652,0.2195011,0.0237234,0.077953,0.0317295,-0.0086243,972,1,1,2007,-116.7028784,49.1338485
0.0665722,0.0968411,-0.1929557,0.2335822,0.1340336,0.3452763,0.2379086,-0.5094162,1661,1,0,2007,-116.6829358,49.1723863
0.0171643,0.0315215,0.3990882,0.1769361,0.0246584,0.0759945,0.0333552,-0.0353108,1460,1,0,2007,-116.7336008,49.1055516
0.0232427,0.0369463,0.463192,0.2120894,0.0253965,0.0778102,0.0297289,-0.029505,1034,1,0,2007,-116.7055734,49.1330401
0.0452561,0.0785094,-0.1325339,0.2134226,0.0901559,0.2786371,0.1830954,-0.5114062,1607,1,0,2007,-116.6794324,49.1737337
0.0157143,0.0298756,0.245415,0.1491135,0.0227695,0.0903464,0.0474976,-0.0460666,1836,1,0,2007,-116.7376432,49.2289801
0.0146925,0.0314098,0.3805223,0.1788836,0.025221,0.0802699,0.035668,0.0528333,2030,1,0,2007,-116.7538129,49.2270937
0.0564198,0.0903191,-0.1647255,0.2295607,0.1130606,0.3201046,0.2192785,-0.4650336,1666,1,1,2007,-116.6829358,49.1737337
0.0127586,0.0225166,0.3983415,0.1528261,0.0194812,0.0657558,0.03138,-0.02984,1476,1,0,2007,-116.7379127,49.1050126
0.0251342,0.0416665,0.2425766,0.1835109,0.0389164,0.1118607,0.0716828,-0.0252441,1681,1,0,2007,-116.6842833,49.1745422
0.0181633,0.0302118,0.2861176,0.1553972,0.0238362,0.086256,0.0474721,-0.0427042,1353,1,0,2007,-116.7106938,49.0942328
0.0139884,0.026274,0.3434353,0.1592014,0.0206496,0.077805,0.0366822,0.0143166,1831,1,0,2007,-116.7373737,49.2295191
0.0243373,0.0404094,0.3241094,0.1979593,0.0318688,0.1010482,0.0445506,-0.0507466,1136,1,1,2007,-116.7036869,49.1311536
0.0194872,0.0374614,0.2623218,0.1751808,0.0307262,0.1023725,0.0528505,0.0128253,1406,1,0,2007,-116.7120412,49.0945023
0.0314766,0.0505353,0.0051184,0.1888629,0.0637655,0.1869394,0.1069246,-0.3203676,1677,1,0,2007,-116.6834748,49.1748117
0.0135951,0.0314163,0.3404875,0.1648132,0.0230347,0.0810872,0.0376343,-0.0051087,1701,1,0,2007,-116.672695,49.0928854
0.017024,0.0357032,0.435824,0.2518424,0.023458,0.098956,0.0425274,-0.0176438,1398,1,1,2007,-116.7101548,49.0988142
0.0125734,0.0245074,0.4455258,0.1531257,0.0186079,0.0587359,0.0280318,-0.0008316,1591,1,0,2007,-116.7387212,49.1068991
0.0467962,0.0793699,-0.0889789,0.2171822,0.0901553,0.2596064,0.1768374,-0.4343104,1631,1,0,2007,-116.6805104,49.1742727
0.0163563,0.030332,0.4019988,0.1449019,0.0192344,0.0618057,0.0308133,-0.0210837,1814,1,0,2007,-116.7610893,49.2279021
0.0283492,0.0419161,0.3938097,0.2030232,0.0254021,0.088298,0.0436843,0.0346174,1201,1,0,2007,-116.7090768,49.1306146
0.0550607,0.0893111,-0.1803956,0.2012731,0.1079385,0.2898739,0.2213607,-0.3882666,1607,1,1,2007,-116.6794324,49.1748117
0.0171188,0.0333549,0.4394406,0.1926138,0.022974,0.0750093,0.0334301,-0.0177205,1674,1,0,2007,-116.672156,49.0934244
0.0342853,0.0587577,-0.0598443,0.1937492,0.0702845,0.2184149,0.1342319,-0.4263813,1660,1,0,2007,-116.6823968,49.1750812
0.0195606,0.0368238,0.2841238,0.1464431,0.0279715,0.0816394,0.0336523,-0.1145671,1473,1,0,2007,-116.7044954,49.1265722
0.0140351,0.0244721,0.4534456,0.1500399,0.016271,0.0564211,0.0251597,-0.002619,1615,1,0,2007,-116.7392602,49.1071686
0.0385854,0.0599921,0.076927,0.2442629,0.0661849,0.2093665,0.1245566,-0.0030429,1644,1,0,2007,-116.6807799,49.1707693
0.0186035,0.0320056,0.218054,0.1450952,0.025704,0.0931458,0.0443439,-0.0635164,1438,1,0,2007,-116.7147362,49.2071511
0.0619727,0.0953013,-0.192316,0.230316,0.1275962,0.3399961,0.2276151,-0.5823922,1659,1,0,2007,-116.6829358,49.1721168
0.0143056,0.0304409,0.3425456,0.1887748,0.0234307,0.0924444,0.0420642,-0.0243059,1609,1,0,2007,-116.6686526,49.0934244
0.0146358,0.027357,0.4140469,0.1803548,0.0214341,0.0747355,0.0304001,-0.018497,1675,1,0,2007,-116.6751205,49.0939633
0.014631,0.0316995,0.4268311,0.1732019,0.0214859,0.0695765,0.0288717,-0.0342346,1729,1,0,2007,-116.67539,49.0931549
0.0286073,0.042991,0.2916404,0.1938895,0.0325294,0.1063326,0.0458474,-0.0526852,1164,1,0,2007,-116.7053039,49.1308841
0.0209149,0.0384846,0.1409901,0.1646038,0.035237,0.1239242,0.0689537,-0.1412426,1656,1,0,2007,-116.6821273,49.1753507
0.0542549,0.0765983,-0.184497,0.2050943,0.1032289,0.2978942,0.1988709,-0.5604487,1673,1,0,2007,-116.6834748,49.1734642
0.024386,0.0433907,0.1136169,0.1855905,0.0386128,0.1477207,0.0939394,-0.0318021,1390,1,0,2007,-116.7109633,49.0947718
0.0146409,0.0242207,0.3523869,0.1463548,0.0183394,0.0700844,0.0314249,-0.047331,1482,1,1,2007,-116.7158142,49.208229
0.0262663,0.0407036,0.3199664,0.1855228,0.0326708,0.0955795,0.043128,-0.0801481,1332,1,0,2007,-116.7079988,49.1287281
0.0153936,0.0314059,0.4049781,0.1756581,0.0212743,0.0743929,0.0324778,-0.0386831,1706,1,0,2007,-116.6751205,49.0934244
0.0611836,0.08741,-0.1240103,0.1967989,0.0992028,0.2525189,0.1939318,-0.5231456,1559,1,1,2007,-116.7177006,49.2084985
0.0161283,0.0281859,0.3148653,0.1632837,0.0234815,0.085082,0.0418442,0.0059458,1851,1,0,2007,-116.7381822,49.2303276
0.0168609,0.0310626,0.2892249,0.157221,0.022495,0.0866791,0.0403718,-0.0521178,1414,1,0,2007,-116.7104243,49.0961193
0.0221387,0.0357274,0.3901385,0.1773632,0.0277928,0.0778102,0.0352604,-0.0584493,1066,1,0,2007,-116.7082683,49.1330401
0.0420221,0.0698919,0.0304953,0.238581,0.0786616,0.2244605,0.1431366,-0.1904894,1649,1,0,2007,-116.6829358,49.1691523
0.0159883,0.0311283,0.4158152,0.1773442,0.022894,0.0731747,0.0310644,-0.0315163,1696,1,0,2007,-116.6724255,49.0931549
0.0254195,0.0428589,0.3376757,0.2032641,0.0260751,0.1006423,0.0413792,-0.0239384,1156,1,0,2007,-116.7090768,49.1314231
0.02269,0.0364453,0.5036543,0.2321804,0.0264831,0.0766411,0.026466,-0.009403,1009,1,1,2007,-116.7047649,49.133579
0.0388428,0.0587174,0.1302035,0.1858948,0.0557582,0.1430633,0.0975454,-0.1423746,1547,1,1,2007,-116.7174311,49.209307
0.0239239,0.0350436,0.4484267,0.2053644,0.0236667,0.0782045,0.0294048,-0.0211164,982,1,0,2007,-116.7047649,49.1338485
0.0540449,0.0902027,-0.1523954,0.2305675,0.1137796,0.3134775,0.2068767,-0.5093412,1679,1,0,2007,-116.6859003,49.1723863
0.0180535,0.032166,0.2499927,0.1736154,0.0279126,0.1041709,0.0491614,0.026099,1848,1,0,2007,-116.7381822,49.2300581
0.0261662,0.0422823,0.4305067,0.2034042,0.0343152,0.0809764,0.0283395,0.03503,1271,1,1,2007,-116.7077293,49.1295366
0.0233682,0.04579,0.1836968,0.2627967,0.0426789,0.1812304,0.0992095,0.0168752,1592,1,1,2007,-116.6689221,49.0923464
0.024469,0.0432887,0.4836001,0.2255562,0.0272459,0.0785098,0.0350989,0.0448895,1276,1,1,2007,-116.7042259,49.1292671
0.017686,0.0321378,0.444288,0.1947848,0.0219258,0.0749465,0.033081,-0.0223255,1519,1,0,2007,-116.7336008,49.1071686
0.023355,0.039358,0.4092113,0.2084384,0.0277555,0.0873844,0.0345136,0.0163916,969,1,1,2007,-116.7047649,49.134118
0.0312926,0.0489632,0.102064,0.161077,0.0482324,0.1312417,0.0882171,-0.1644313,1530,1,0,2007,-116.7174311,49.2068816
0.0174631,0.0295309,0.2769339,0.1371463,0.0213652,0.0776593,0.0394158,-0.058373,1508,1,0,2007,-116.7168921,49.2079595
0.0162327,0.0269407,0.3870828,0.1570485,0.0222329,0.0693958,0.029659,0.0095813,2005,1,0,2007,-116.7548909,49.2276327
0.051188,0.0812413,-0.1384378,0.2191033,0.1003339,0.2895154,0.1859876,-0.4761091,1673,1,0,2007,-116.6832053,49.1742727
0.0257649,0.038236,0.4681391,0.2386533,0.0293517,0.0864566,0.0326343,-0.0545798,1010,1,0,2007,-116.7034174,49.1330401
0.0482774,0.0798062,-0.1428686,0.2136288,0.1028753,0.2848451,0.1882038,-0.5104277,1651,1,0,2007,-116.6829358,49.1699608
0.0130664,0.0269052,0.4072123,0.1646921,0.022874,0.0693765,0.0312935,-0.0262001,2037,1,0,2007,-116.7530044,49.2284411
0.0131598,0.0270231,0.2808166,0.139642,0.0193971,0.0784095,0.040607,-0.0302804,1857,1,0,2007,-116.7381822,49.2308666
0.0168196,0.0283938,0.4390179,0.1463401,0.0215426,0.0570488,0.0283569,-0.010014,1828,1,0,2007,-116.7608198,49.2265547
0.0562736,0.0871329,-0.1623799,0.2263987,0.1205279,0.3141773,0.2054353,-0.4366705,1661,1,1,2007,-116.6850918,49.1691523
0.0265717,0.0423582,0.3910919,0.2118969,0.032628,0.0927514,0.0373532,-0.0414437,1269,1,0,2007,-116.7085378,49.1295366
0.0175756,0.0329655,0.3679539,0.2081493,0.0217273,0.0961728,0.036378,-0.0302363,1468,1,1,2007,-116.7104243,49.1009702
0.0160919,0.0301443,0.237894,0.1493108,0.0247474,0.0919227,0.0473487,-0.0066027,1870,1,1,2007,-116.7384517,49.2319446
0.0141849,0.0265046,0.2501052,0.1258492,0.0200951,0.0754926,0.0384725,-0.0911393,1514,1,0,2007,-116.7168921,49.208768
0.0233224,0.0381817,0.3013413,0.1650641,0.0326456,0.0886189,0.0374899,-0.0348858,1247,1,1,2007,-116.7061124,49.1295366
0.0265032,0.0407248,0.3401948,0.1829548,0.0338387,0.0900724,0.0350374,-0.0049819,1295,1,0,2007,-116.7069208,49.1292671
0.0473151,0.0752144,-0.112473,0.2211911,0.1009739,0.2772525,0.1752661,-0.5006503,1676,1,0,2007,-116.6856308,49.1718473
0.024466,0.0444984,0.3297398,0.1923581,0.0415647,0.0969588,0.0475172,-0.0410025,1247,1,0,2007,-116.7058429,49.1298061
0.0146055,0.0288836,0.2837819,0.1464002,0.0219236,0.0816762,0.0414508,0.0182766,1822,1,0,2007,-116.7365652,49.2314056
0.0195191,0.0302028,0.4264145,0.1605777,0.0223246,0.064571,0.0305869,-0.0135304,1506,0,0,2007,-116.7680961,49.162415
0.0480775,0.0791525,0.2211308,0.34032,0.07621,0.217065,0.1268375,-0.1127167,535,0,0,2007,-116.5719041,49.1395079
0.1431589,0.1891084,-0.1242251,0.2645172,0.2106761,0.3395585,0.3097396,-0.1561994,533,0,0,2007,-116.5848398,49.0977363
0.0191369,0.0401989,0.3184271,0.1905605,0.0314926,0.098512,0.0464907,0.0209213,1432,0,0,2007,-116.5692091,49.2217038
0.0248638,0.0381315,0.3792136,0.1837238,0.0264841,0.0826944,0.0366593,0.0378643,762,0,0,2007,-116.6082858,49.237604
0.0467499,0.0816646,0.1272475,0.3029394,0.0776262,0.2345457,0.1326111,-0.1493821,538,0,1,2007,-116.5737905,49.184783
0.0466258,0.082293,0.0047879,0.2842236,0.0876577,0.281515,0.1487294,-0.0876427,532,0,0,2007,-116.6317319,49.2039171
0.0244708,0.042005,0.4063704,0.3304628,0.0336014,0.1394885,0.0586441,-0.0154958,540,0,0,2007,-116.6578728,49.2066121
0.0204628,0.0301161,0.0901794,0.1096164,0.0264456,0.0914815,0.0526469,-0.0132801,1984,0,1,2007,-116.7583943,49.2066121
0.0220201,0.045738,0.3095033,0.2033185,0.0305483,0.1072092,0.0476409,-0.066496,837,0,0,2007,-116.6452066,49.0990837
0.0342377,0.0686326,0.3206305,0.3292776,0.0548278,0.1693897,0.0731104,0.0006459,533,0,0,2007,-116.6209521,49.1764287
0.0186753,0.0294944,0.3972018,0.046805,0.0196349,0.0201932,0.0110745,-0.1180757,535,0,0,2007,-116.6611068,49.2292496
0.0317609,0.0572287,0.2905376,0.2776157,0.0496021,0.1526169,0.0727027,-0.1331809,532,0,1,2007,-116.5926551,49.2071511
0.0227497,0.0407704,0.4941015,0.290806,0.0281125,0.0984661,0.0376301,0.0539203,1337,0,0,2007,-116.7656707,49.2373345
0.0228875,0.0295975,0.6319908,0.021375,0.02055,0.00482,0.00581,-0.1690749,531,0,0,2007,-116.6320013,49.2362565
0.0244899,0.0514915,0.1704877,0.2381205,0.0422574,0.1687534,0.0841318,-0.0095585,1019,0,0,2007,-116.5781024,49.2149664
0.0194432,0.0346475,0.2477425,0.169866,0.0296624,0.1024113,0.0479152,0.0220005,1397,0,1,2007,-116.7354873,49.1050126
0.0180682,0.032851,0.3913973,0.1629488,0.0240424,0.0712745,0.0332718,-0.0176252,1745,0,1,2007,-116.6904817,49.1807406
0.027518,0.0527225,0.30901,0.2996261,0.0374555,0.1581643,0.0746871,-0.0038162,1626,0,0,2007,-116.7715995,49.1653794
0.0239211,0.0414096,0.4502724,0.3262813,0.0318425,0.1236774,0.0475793,0.0167091,539,0,0,2007,-116.6584118,49.2238597
0.0523705,0.0912115,0.0341206,0.2267143,0.1015429,0.2117535,0.1480636,0.0266325,554,0,0,2007,-116.6209521,49.2427244
0.0174062,0.0314439,0.1483509,0.1346867,0.027067,0.0998874,0.0536469,-0.0576152,1785,0,1,2007,-116.746267,49.1961018
0.0629295,0.1004726,-0.1197074,0.2818117,0.1287801,0.3584565,0.2268243,-0.0728292,534,0,1,2007,-116.5818754,49.1435503
0.0232567,0.0430896,0.4066733,0.3022734,0.030803,0.1274972,0.0497273,-0.0267375,542,0,1,2007,-116.6600288,49.2254767
0.0192394,0.0354356,0.3540302,0.1938608,0.02641,0.0924855,0.0416571,-0.0191471,1003,0,0,2007,-116.6850918,49.1508267
0.0164436,0.0379231,0.3805515,0.2362246,0.0286938,0.1059931,0.0395681,-0.022159,869,0,0,2007,-116.6538304,49.1532521
0.036378,0.0674267,0.1796177,0.2885101,0.0554368,0.2006486,0.0964577,0.0436801,600,0,0,2007,-116.6320013,49.1120195
0.0270098,0.0354026,0.2476005,0.1770134,0.0299672,0.1067528,0.0518991,-0.0415075,555,0,0,2007,-116.6338878,49.1707693
0.02869,0.03661,0.407364,0.0330625,0.0222,0.0139225,0.00493,-0.0544331,533,0,0,2007,-116.6390082,49.185861
0.0398094,0.0676233,0.1190714,0.246235,0.068326,0.1938353,0.1078672,-0.1937314,1562,0,0,2007,-116.7063819,49.1001617
0.01945,0.0296662,0.4981754,0.0200137,0.0202062,0.0067037,0.0053562,-0.1208681,531,0,0,2007,-116.6532914,49.235987
0.0219072,0.0349376,0.2786941,0.1950875,0.0270639,0.110048,0.0541032,0.0023582,1183,0,0,2007,-116.6522134,49.1201043
0.0319083,0.0443229,0.1426605,0.1747755,0.041943,0.1311343,0.0717903,0.0294107,1291,0,0,2007,-116.7492315,49.1338485
0.023355,0.02935,0.5407866,0.021155,0.0204125,0.006305,0.01208,-0.1924208,531,0,0,2007,-116.6352353,49.237604
0.0170112,0.0336282,0.3799905,0.175212,0.023887,0.0787202,0.0364482,-0.0224633,1978,0,0,2007,-116.7548909,49.2289801
0.0335049,0.056526,0.2274907,0.2913012,0.0494418,0.1833276,0.0939676,0.0621317,1759,0,0,2007,-116.772408,49.1807406
0.0230556,0.0408779,0.4237923,0.2824246,0.0300047,0.114297,0.0418844,-0.0275131,542,0,1,2007,-116.6365828,49.2049951
0.0357371,0.0587228,0.4577059,0.482685,0.0466596,0.1795679,0.0688997,0.4685601,534,0,1,2007,-116.5697481,49.1074381
0.0170251,0.0312588,0.2034216,0.1374771,0.0253381,0.0909999,0.0484,-0.1023346,1670,0,1,2007,-116.7150057,49.1572946
0.0197801,0.0383474,0.3806596,0.2080856,0.0271493,0.0933436,0.0409214,-0.059614,1215,0,0,2007,-116.5999315,49.2446108
0.0307715,0.0401882,0.3844869,0.2389461,0.0314037,0.1062303,0.0426894,0.0102678,1373,0,1,2007,-116.7772589,49.1308841
0.0430907,0.0725893,0.1808538,0.3302964,0.068126,0.2291233,0.1080518,-0.0626753,532,0,1,2007,-116.6107113,49.1327706
0.0174942,0.0343448,0.432227,0.1834213,0.0230158,0.0727131,0.0323436,-0.0288115,921,0,1,2007,-116.6915596,49.2155054
0.0152724,0.0304797,0.4125059,0.2302095,0.0219609,0.0957495,0.0394806,-0.0124318,1473,0,0,2007,-116.673773,49.1077076
0.0221841,0.041424,0.3299338,0.2474987,0.0316315,0.1246983,0.0584721,-0.0226056,860,0,1,2007,-116.5918467,49.2208953
0.0268567,0.0505779,0.2806955,0.2580734,0.0394044,0.1449473,0.0652888,0.0032885,1175,0,1,2007,-116.5921161,49.2335615
0.0215424,0.0421469,0.149182,0.1957821,0.0365256,0.1449509,0.0732017,-0.3441992,828,0,0,2007,-116.647632,49.1769677
0.0363649,0.0595103,0.3021303,0.2915183,0.050354,0.1562377,0.0800462,0.0496222,1647,0,0,2007,-116.7807624,49.1583725
0.0249711,0.0485684,0.392559,0.3294116,0.0370749,0.1436909,0.0655278,0.0969715,1713,0,1,2007,-116.6894037,49.1734642
0.0213742,0.0378289,0.4294514,0.1911916,0.0259867,0.0763118,0.0349397,-0.0112479,1670,0,0,2007,-116.7705216,49.1713083
0.018564,0.0406424,0.337601,0.2332386,0.0303589,0.1155031,0.0519719,-0.004199,1539,0,0,2007,-116.7263245,49.2392209
0.0169696,0.0303351,0.4009174,0.1766086,0.0214392,0.0755242,0.0368629,-0.0827071,1201,0,1,2007,-116.6691916,49.1535216
0.0542402,0.0762067,0.1057453,0.1706665,0.0762071,0.138024,0.0944484,-0.0320192,750,0,0,2007,-116.7344093,49.1422029
0.0186964,0.0323687,0.3202602,0.1636416,0.0225394,0.0842514,0.0429445,-0.0380504,1181,0,1,2007,-116.7257855,49.1465148
0.052743,0.07507,0.1758504,0.1687165,0.0661789,0.1182528,0.0630808,-0.065916,625,0,1,2007,-116.6761985,49.1419334
0.0171762,0.0371414,0.2917512,0.2053419,0.0282105,0.112586,0.0564172,-0.0331091,1891,0,0,2007,-116.7565078,49.1079771
0.0290279,0.0419044,0.314905,0.1656346,0.0323484,0.0862993,0.0363486,-0.0342129,774,0,0,2007,-116.6947936,49.137352
0.0358035,0.0654552,0.1233405,0.3291313,0.059241,0.2568554,0.1231201,-0.2099108,531,0,1,2007,-116.5867263,49.1201043
0.0457711,0.0764612,0.06868,0.2945364,0.0741312,0.2566789,0.1349897,-0.1480798,532,0,0,2007,-116.5678616,49.1575641
0.0232997,0.0453275,0.381261,0.2038746,0.0382115,0.0913261,0.041656,0.0402472,1553,0,0,2007,-116.6939851,49.1203738
0.0407667,0.0702898,0.1350583,0.2319495,0.0695549,0.1767511,0.0974021,-0.0408618,533,0,0,2007,-116.6174486,49.2084985
0.0252002,0.0396841,0.3806772,0.2519864,0.0276919,0.1130322,0.0494143,0.0318051,649,0,0,2007,-116.6853613,49.1419334
0.0256876,0.0457906,0.4551449,0.3629259,0.0316768,0.1358917,0.0537367,0.0012612,540,0,1,2007,-116.6664967,49.2128105
0.017829,0.0309637,0.4692312,0.1854188,0.0206266,0.0669837,0.0267947,-0.0551951,1290,0,0,2007,-116.7648622,49.1599895
0.02462,0.028855,0.6972225,0.0208525,0.0167825,0.00372,-0.00167,-0.0486733,531,0,1,2007,-116.6495185,49.2316751
0.0215923,0.0359901,0.3981746,0.2059609,0.0230844,0.0886531,0.0398936,-0.0687918,1723,0,1,2007,-116.7721385,49.1721168
0.0225563,0.0382339,0.3459197,0.2268056,0.0264181,0.1102214,0.0459701,-0.0329984,723,0,0,2007,-116.6635322,49.1465148
0.0235212,0.0400612,0.4018326,0.3193774,0.0277137,0.1362796,0.0491795,-0.038929,546,0,0,2007,-116.5961586,49.1745422
0.0152914,0.0268402,0.5198129,0.1921488,0.0179214,0.0607097,0.0257392,-0.0037248,1286,0,1,2007,-116.7610893,49.0899209
0.0877207,0.1143353,-0.2785958,0.159078,0.1213103,0.2819452,0.2586267,0.0288099,1977,0,0,2007,-116.7565078,49.2052646
0.0270809,0.0435619,0.4621812,0.2593386,0.0290434,0.0953898,0.0359547,-0.0212228,1039,0,0,2007,-116.7306364,49.134657
0.0174866,0.0353961,0.3533384,0.1817359,0.0266915,0.0868383,0.0378151,-0.0200073,901,0,0,2007,-116.7039564,49.2319446
0.0291847,0.0469997,0.3541772,0.326346,0.031829,0.1556382,0.0612859,-0.0613441,1678,0,1,2007,-116.7748335,49.160798
0.0200705,0.0382642,0.4396492,0.223746,0.0249125,0.0870881,0.0398406,0.0099819,938,0,1,2007,-116.7777979,49.1435503
0.0200471,0.0301491,0.3507379,0.0347588,0.018834,0.0167076,0.0094438,-0.0096709,539,0,1,2007,-116.6605678,49.2279021
0.0157809,0.030079,0.5734881,0.2117086,0.0204611,0.057386,0.0247624,-0.0248618,1117,0,0,2007,-116.7435721,49.0899209
0.0171536,0.0282133,0.3456395,0.118735,0.0207608,0.0577387,0.0279661,-0.0246799,1756,0,0,2007,-116.7632452,49.2230512
0.0176731,0.0306823,0.3904112,0.1525844,0.0207992,0.0668966,0.0282709,-0.0404703,1752,0,0,2007,-116.749501,49.236526
0.0493463,0.085358,0.0686826,0.3200397,0.0846732,0.2789027,0.150434,-0.2124579,533,0,0,2007,-116.6214911,49.1263027
0.0239925,0.042067,0.3042541,0.2218965,0.0331593,0.1183692,0.0505276,-0.123455,541,0,0,2007,-116.6085553,49.1211823
0.0380798,0.0569342,0.2325952,0.2698944,0.0522295,0.1680343,0.0863129,-0.0059739,542,0,0,2007,-116.6387387,49.137891
0.1006287,0.150276,0.0076367,0.2885309,0.1645879,0.2841574,0.20879,0.0129398,638,0,1,2007,-116.6050519,49.2276327
0.0288026,0.0440503,0.3538216,0.2150211,0.0305842,0.1026295,0.0386828,-0.0239832,788,0,0,2007,-116.7311754,49.1397774
0.0185485,0.0351027,0.2755854,0.1455126,0.0225405,0.0826377,0.0424347,-0.0814937,1895,0,0,2007,-116.7837268,49.2071511
0.0222207,0.0351606,0.4247295,0.2156514,0.0262385,0.0870747,0.0381989,-0.0514821,1321,0,0,2007,-116.5867263,49.2311361
0.0580871,0.0994624,-0.0353505,0.2545558,0.1118512,0.2732127,0.1538018,-0.1149866,533,0,1,2007,-116.5824143,49.1564861
0.0188963,0.0310193,0.2781414,0.1596534,0.0260686,0.0901678,0.0431204,-0.0298704,1279,0,0,2007,-116.7063819,49.2230512
0.0434056,0.0703854,0.0082166,0.1978496,0.0758316,0.1946248,0.1212558,-0.0087127,708,0,1,2007,-116.6441286,49.1785846
0.0212743,0.0361007,0.2708907,0.1764673,0.0318786,0.1012392,0.0440868,-0.0455675,955,0,1,2007,-116.6611068,49.136274
0.024244,0.0462755,0.2693118,0.2331007,0.0391201,0.1341861,0.0588222,0.0538937,770,0,0,2007,-116.5813364,49.2076901
0.0199584,0.0361834,0.3444384,0.2055847,0.0256295,0.1002452,0.0455063,-0.0330271,761,0,0,2007,-116.6403557,49.1114805
0.031055,0.0427012,0.3770541,0.0286487,0.0310963,0.01296,0.0093575,-0.0658041,531,0,0,2007,-116.6597593,49.2438023
0.0407232,0.0758789,0.1921743,0.3714302,0.0674709,0.2516837,0.1206423,-0.1107365,533,0,0,2007,-116.5915772,49.1214518
0.0292407,0.0561363,0.319565,0.2867026,0.0447711,0.1478385,0.0666938,0.0397738,533,0,0,2007,-116.6182571,49.112289
0.0159942,0.0303228,0.36383,0.1555496,0.0239921,0.0725574,0.0255815,-0.0780456,1704,0,0,2007,-116.6772764,49.1211823
0.0240171,0.0492027,0.278883,0.2692286,0.0336397,0.1518085,0.0682088,0.008925,1692,0,1,2007,-116.7427636,49.2397599
0.0191802,0.0390129,0.3834207,0.2219503,0.0273117,0.0989214,0.0395072,0.0137085,961,0,0,2007,-116.5713651,49.2033781
0.0257019,0.0316788,0.3726563,0.1525018,0.0285877,0.0696977,0.0291004,-0.0255269,1519,0,0,2007,-116.7780674,49.2233207
0.0246263,0.0420581,0.3886962,0.2002892,0.028746,0.0881673,0.0359057,0.0263374,861,0,1,2007,-116.7384517,49.1392384
0.0208577,0.037136,0.4746346,0.2114134,0.0214124,0.0753199,0.0270672,0.0080779,1435,0,0,2007,-116.7438416,49.1244162
0.0187494,0.0373632,0.254674,0.1628188,0.0324623,0.0967208,0.0484512,-0.1170734,1576,0,0,2007,-116.6912902,49.1877475
0.0249198,0.0338391,0.2708699,0.0996981,0.0324264,0.0571993,0.0324542,-0.0187789,532,0,1,2007,-116.6446676,49.1987967
0.0199748,0.0310487,0.3743341,0.1537192,0.0195188,0.0699807,0.0258575,0.0290159,1777,0,0,2007,-116.7791454,49.2171224
0.0247971,0.0454896,0.1732154,0.2108905,0.0367225,0.1486181,0.0669699,-0.0224768,606,0,0,2007,-116.6408947,49.1785846
0.0200128,0.033539,0.3294911,0.1552231,0.0245439,0.0782844,0.0372398,-0.0806655,1311,0,0,2007,-116.772947,49.1508267
0.0579209,0.1001292,-0.1020255,0.2499828,0.1246587,0.3067876,0.1849979,-0.577659,531,0,1,2007,-116.6020874,49.1866695
0.0237149,0.0432992,0.4335369,0.293469,0.0274734,0.1159645,0.055111,0.058261,1496,0,1,2007,-116.7632452,49.1726558
0.0255659,0.0431789,0.39349,0.2303791,0.0302211,0.1002714,0.043234,0.0303259,632,0,1,2007,-116.6772764,49.1419334
0.0154631,0.033171,0.3995364,0.1877192,0.0223947,0.0805399,0.0363908,-0.0993118,1196,0,0,2007,-116.6635322,49.1683438
0.0336098,0.0582426,0.2137624,0.258467,0.0524242,0.1674269,0.0882047,0.1170453,1741,0,0,2007,-116.6950631,49.1718473
0.0338596,0.0640862,0.323125,0.3727171,0.048259,0.190672,0.0801184,0.0762433,532,0,0,2007,-116.6920986,49.2392209
0.0168175,0.0313453,0.4107367,0.2104337,0.0238344,0.087898,0.0383418,0.0057245,1488,0,0,2007,-116.7198566,49.2311361
0.0136593,0.0273628,0.3731734,0.1745574,0.0209801,0.079682,0.0384269,-0.0106843,1773,0,0,2007,-116.7662096,49.1184873
0.0213497,0.0311256,0.3507786,0.173754,0.024511,0.083511,0.0434823,-0.0030429,1405,0,1,2007,-116.5856483,49.235987
0.0380262,0.06642,0.3657541,0.3505225,0.053385,0.16278,0.0695,0.1067615,533,0,1,2007,-116.6193351,49.1494792
0.0256925,0.0342725,0.5886692,0.0253075,0.0170025,0.0065525,0.0056725,-0.0125868,533,0,0,2007,-116.5807974,49.1298061
0.0289713,0.0495429,0.3869809,0.2687153,0.0453399,0.118767,0.0553352,0.1127327,531,0,1,2007,-116.6317319,49.1481318
0.0203297,0.0386591,0.1320531,0.1706558,0.0354307,0.1308421,0.0680877,-0.2439894,1360,0,1,2007,-116.6740425,49.1047431
0.0180972,0.0306446,0.2661438,0.1425107,0.0234835,0.0825991,0.0393153,-0.0178615,1681,0,0,2007,-116.7406077,49.1925984
0.0174534,0.0286625,0.4037614,0.1504984,0.0184384,0.0639233,0.0316577,-0.0030262,1413,0,1,2007,-116.7201261,49.1489402
0.0240986,0.0345456,0.3715428,0.1880331,0.0231382,0.086159,0.0371406,-0.0187794,1236,0,0,2007,-116.7309059,49.1311536
0.0154338,0.0284018,0.5000352,0.1952928,0.0176523,0.0650915,0.024167,-0.0031291,1535,0,0,2007,-116.7551604,49.1182179
0.0450195,0.0809003,0.191112,0.3673936,0.0678017,0.2494982,0.1241978,-0.1322339,533,0,0,2007,-116.6034349,49.1004312
0.0150225,0.0265649,0.4579333,0.1784364,0.0209246,0.0663435,0.0256528,-0.0094008,1735,0,0,2007,-116.7600113,49.1147144
0.0179584,0.0357776,0.4854532,0.2170681,0.027654,0.0751903,0.0259032,-0.0140798,1150,0,0,2007,-116.7325228,49.0904599
0.0169132,0.0312063,0.4958669,0.1571331,0.0198825,0.0529566,0.024842,0.0019126,1629,0,0,2007,-116.7845353,49.1093245
0.0225575,0.03276,0.4908602,0.0207975,0.01989,0.0071025,0.0084775,-0.1573155,531,0,0,2007,-116.6419726,49.2392209
0.0245923,0.0411852,0.2141052,0.1806869,0.0334564,0.1169593,0.0623427,-0.0467605,1153,0,0,2007,-116.7422246,49.1497487
0.0187133,0.0363235,0.705874,0.0800987,0.0285238,0.0138106,0.0048837,0.0674623,533,0,1,2007,-116.624725,49.1796626
0.039305,0.0790425,0.1915615,0.3434825,0.07203,0.2330425,0.1053325,-0.048374,536,0,0,2007,-116.6090943,49.0966583
0.0138855,0.0360278,0.3490656,0.1676558,0.0278795,0.0808952,0.0351764,0.0538034,1912,0,0,2007,-116.69668,49.1141754
0.0419628,0.0645782,0.1188741,0.3169462,0.0583521,0.2495986,0.1280707,0.0472082,537,0,0,2007,-116.599662,49.1680744
0.0343852,0.0568718,0.4019586,0.4176395,0.045165,0.1781548,0.0722588,-0.0490493,535,0,0,2007,-116.6328098,49.1451673
0.0164222,0.0306342,0.4428797,0.1927718,0.0206914,0.0744325,0.0291784,-0.02511,1648,0,1,2007,-116.6761985,49.0955803
0.018955,0.0314125,0.6520758,0.0420825,0.0214575,0.0088625,0.0058925,0.1059474,531,0,0,2007,-116.6190656,49.1669964
0.0152277,0.0258349,0.3819656,0.1340145,0.0205517,0.0599332,0.0286658,0.0381566,1977,0,1,2007,-116.748423,49.2330225
0.0442205,0.0754794,0.1913869,0.3062292,0.0654081,0.2078426,0.1004225,-0.2063658,531,0,1,2007,-116.6169096,49.1481318
0.0259043,0.0450815,0.2015615,0.2091741,0.0408866,0.1389963,0.0845044,0.0152666,1980,0,0,2007,-116.7802234,49.1834355
0.0217734,0.0389913,0.3259094,0.1746102,0.0301636,0.0887716,0.0422745,-0.0061311,865,0,1,2007,-116.6066689,49.2411074
0.0252575,0.0449378,0.4384339,0.1098627,0.0360533,0.0428905,0.0243332,0.1732084,533,0,1,2007,-116.6115198,49.2138884
0.0854991,0.1395582,0.1573243,0.322514,0.1456698,0.2348302,0.1610616,0.0899668,532,0,1,2007,-116.5759465,49.108516
0.0223462,0.0413109,0.3346231,0.1944366,0.0309856,0.0969365,0.0342545,-0.0559823,1154,0,0,2007,-116.7104243,49.1308841
0.0414529,0.0675237,-0.0126374,0.2162454,0.0793475,0.2217809,0.1403006,-0.0045165,558,0,0,2007,-116.6266115,49.0909989
0.0228662,0.0411611,0.1078885,0.1501281,0.0356271,0.1208885,0.0677391,-0.0101141,1890,0,0,2007,-116.7131192,49.1659184
0.0188466,0.0324878,0.2305694,0.1450982,0.0226754,0.0907247,0.0439271,-0.0469085,1357,0,0,2007,-116.6864393,49.1985272
0.0234525,0.0441625,0.2495594,0.1802646,0.0298725,0.1082604,0.0456119,0.0439974,1828,0,0,2007,-116.7689046,49.1281892
0.0199078,0.0328548,0.3549388,0.1925762,0.0253935,0.0916819,0.0410175,0.0019166,1444,0,1,2007,-116.7794149,49.2289801
0.0238159,0.051787,0.1976299,0.2219017,0.0466226,0.1486664,0.0866708,0.0414542,1926,0,0,2007,-116.7365652,49.1616065
0.0220512,0.0374269,0.2580094,0.1485383,0.0287592,0.0876098,0.0400159,-0.0428388,1593,0,0,2007,-116.7624367,49.1333095
0.0157099,0.0280559,0.3592438,0.1460021,0.0212694,0.0688263,0.0311489,0.0145016,1765,0,0,2007,-116.7548909,49.1775067
0.0158413,0.0307945,0.3399423,0.1748589,0.0229728,0.0861357,0.0378158,0.0300819,2008,0,1,2007,-116.7535434,49.2254767
0.02462,0.0288275,0.4111088,0.017085,0.019945,0.00713,0.0049575,-0.279516,531,0,0,2007,-116.6419726,49.2378734
0.0113643,0.0274058,0.3861876,0.1563564,0.0212831,0.0692356,0.031022,-0.0854204,1552,0,0,2007,-116.6700001,49.1093245
0.0128779,0.0277012,0.369514,0.1620887,0.0226233,0.0746211,0.0348196,0.0027661,1645,0,0,2007,-116.747345,49.0985447
0.1171716,0.1670948,-0.1130798,0.2706841,0.1987285,0.3397069,0.2990106,-0.2745922,533,0,0,2007,-116.5956196,49.1570251
0.0294392,0.0562836,0.3305765,0.3576765,0.0383079,0.1799498,0.0805089,0.0452569,1513,0,0,2007,-116.6945241,49.1634929
0.0343265,0.0682388,0.3442731,0.3489963,0.051149,0.1702379,0.0749915,0.0193067,530,0,0,2007,-116.6214911,49.1804711
0.0459546,0.073668,0.0893935,0.2506096,0.0774403,0.2094805,0.1137094,-0.020703,631,0,0,2007,-116.5775634,49.1950238
0.0183765,0.0327927,0.3264273,0.1686593,0.0242719,0.0856468,0.0406292,-0.0254154,831,0,0,2007,-116.6697306,49.1478623
0.0293444,0.0516124,0.369597,0.2710139,0.0420066,0.1247432,0.0529115,-0.0681238,761,0,1,2007,-116.6576033,49.1392384
0.0160315,0.0302921,0.3506467,0.1461566,0.0235119,0.070268,0.032467,-0.0183267,1650,0,0,2007,-116.699375,49.1907119
0.0273766,0.0543596,0.4129157,0.3106102,0.036523,0.1290625,0.0532918,-0.0259567,534,0,0,2007,-116.6554474,49.1917899
0.0253776,0.0376978,0.1768472,0.1547267,0.0314555,0.1082245,0.0600081,-0.0786527,997,0,1,2007,-116.7691741,49.1473233
0.0566792,0.0865403,0.2125147,0.3755269,0.0737138,0.2438914,0.1212837,0.0404839,533,0,0,2007,-116.6031654,49.1462453
0.0179459,0.0323218,0.2292646,0.1427299,0.0239118,0.0894901,0.0508334,0.0387227,1714,0,1,2007,-116.750579,49.2133494
0.0190754,0.0382776,0.4750532,0.2225142,0.0231073,0.0791891,0.029139,-0.0054886,1208,0,0,2007,-116.7317143,49.1319621
0.0189825,0.0321275,0.5903792,0.0189275,0.0184875,0.004875,0.00152,-0.2320103,531,0,0,2007,-116.6169096,49.2246682
0.0184681,0.0317105,0.2729896,0.1538658,0.0220123,0.0878735,0.0428649,-0.0121261,1828,0,1,2007,-116.7759115,49.1820881
0.0154017,0.0291619,0.1933175,0.1315958,0.0288028,0.0889588,0.0455679,-0.0370379,1686,0,0,2007,-116.6840138,49.1788541
0.0172775,0.0296525,0.7126379,0.0382325,0.02154,0.006415,0.0084775,-0.0587792,531,0,1,2007,-116.6196046,49.1702303
0.0170372,0.0327212,0.5321985,0.2158893,0.0205072,0.065914,0.0270849,0.0096677,1398,0,0,2007,-116.7608198,49.1664574
0.0185188,0.0322388,0.122763,0.1259175,0.0270292,0.0983818,0.0555006,-0.0205898,1952,0,0,2007,-116.775103,49.2068816
0.0165381,0.031174,0.3597376,0.1638552,0.0215756,0.0771548,0.0357564,-0.1140394,1215,0,1,2007,-116.673234,49.1818186
0.0403615,0.0752912,0.2338867,0.3980659,0.0637907,0.2471569,0.1232794,-0.0654834,532,0,0,2007,-116.5926551,49.1190263
0.0385962,0.063436,0.272152,0.2611693,0.0513714,0.1494252,0.09076,-0.0347517,1019,0,0,2007,-116.6837443,49.2084985
0.0504925,0.0739918,0.1409463,0.1687979,0.0707395,0.1270931,0.0842638,-0.0792697,710,0,0,2007,-116.7136582,49.1400469
0.0342557,0.062684,0.2744255,0.3256017,0.0552128,0.1853763,0.0909068,0.1806145,1663,0,1,2007,-116.6821273,49.1680744
0.023685,0.03012,0.4247931,0.0219525,0.0170025,0.0088625,0.005755,-0.2454753,533,0,0,2007,-116.5799889,49.1284586
0.0258747,0.0443965,0.2026067,0.202489,0.0376238,0.1342611,0.07049,-0.0303999,1433,0,0,2007,-116.5697481,49.2279021
0.0225027,0.040954,0.1480242,0.1729084,0.0312846,0.1283194,0.0655903,-0.0686178,1325,0,0,2007,-116.6799714,49.1896339
0.0331993,0.059604,0.4322365,0.3727736,0.038471,0.1477739,0.057908,0.0180331,538,0,0,2007,-116.5883432,49.1998747
0.0335292,0.0630345,0.4582544,0.5630046,0.0374764,0.2091578,0.08012,0.4863396,535,0,1,2007,-116.5732515,49.133579
0.0665473,0.1127955,0.1310216,0.2767229,0.1265626,0.2126098,0.1375588,-0.046225,535,0,0,2007,-116.5910382,49.1077076
0.0547912,0.0982334,0.2210589,0.3126263,0.0976639,0.1994314,0.1146251,0.0245927,529,0,0,2007,-116.5953501,49.186939
0.01846,0.02803,0.7336902,0.06235,0.022035,0.0095775,0.0057275,-0.0455474,531,0,1,2007,-116.6311929,49.1756202
0.0175674,0.0360663,0.4487886,0.2027315,0.0226837,0.077132,0.0340122,0.0240695,1240,0,0,2007,-116.6624542,49.0996227
0.0262425,0.02968,0.5508293,0.0244275,0.019725,0.007075,0.00493,-0.1316436,531,0,1,2007,-116.651405,49.2419159
0.0250325,0.033145,0.489516,0.021045,0.0170575,0.0072125,0.002015,-0.2190373,531,0,0,2007,-116.6376607,49.2378734
0.0219146,0.0428447,0.2231487,0.1890695,0.0356355,0.1200826,0.0571137,0.0188396,1068,0,1,2007,-116.6532914,49.1298061
0.036755,0.072224,0.07318,0.1841013,0.0662896,0.1589937,0.1068131,-0.2342465,1727,0,0,2007,-116.7163532,49.1052821
0.0351527,0.0648011,0.319583,0.3936128,0.0511365,0.2029587,0.0862921,0.0847811,532,0,1,2007,-116.5999315,49.1222603
0.0355245,0.0661318,0.2773054,0.2726617,0.0530301,0.154271,0.0698555,0.214898,532,0,1,2007,-116.6357743,49.1545996
0.0568345,0.093335,-0.0398788,0.3013989,0.1009867,0.3264363,0.1997653,-0.0986126,533,0,0,2007,-116.626342,49.1915204
0.0435595,0.0860257,0.2590071,0.3124052,0.066633,0.1838671,0.0898644,0.0845296,533,0,0,2007,-116.6284979,49.2017612
0.0139886,0.0252889,0.3837738,0.1330422,0.0154534,0.0592467,0.0273427,-0.0024701,1837,0,1,2007,-116.7424941,49.2249377
0.05542,0.0968075,0.0362095,0.31282,0.11383,0.2909575,0.15464,-0.0877609,532,0,0,2007,-116.5864568,49.1761592
0.0201263,0.0481463,0.2192081,0.2402359,0.0419653,0.1538493,0.0826932,-0.0016334,1879,0,1,2007,-116.7645927,49.110133
0.036317,0.0577697,0.1494922,0.2101945,0.0480683,0.1555226,0.0964531,0.0339062,2078,0,0,2007,-116.7384517,49.1748117
0.1380442,0.1991955,-0.1463756,0.2786476,0.2296684,0.37421,0.3669871,-0.2966193,531,0,1,2007,-116.576755,49.1750812
0.0251009,0.0539455,0.3345106,0.2945727,0.0414353,0.1468966,0.0709221,-0.0037149,1553,0,0,2007,-116.775103,49.1028567
0.0164117,0.0347346,0.3012089,0.1539139,0.0255248,0.0826567,0.0441573,0.0111717,1757,0,1,2007,-116.7508485,49.1756202
0.0212183,0.0368778,0.1485508,0.1482497,0.0358961,0.1099012,0.0657001,-0.0087306,1839,0,0,2007,-116.7775284,49.1753507
0.0142556,0.0301483,0.4535539,0.169634,0.0195195,0.0637719,0.0268433,-0.0149106,1694,0,0,2007,-116.7508485,49.1031262
0.015489,0.0355705,0.2246352,0.1634954,0.0277061,0.1035154,0.0481575,-0.0236575,1310,0,1,2007,-116.7168921,49.2389514
0.0675632,0.1171953,-0.0650391,0.3152605,0.129983,0.3591217,0.2142493,-0.0970527,532,0,0,2007,-116.6363133,49.2128105
0.0207676,0.0374289,0.4954774,0.3151316,0.0263183,0.1063145,0.0449805,0.0560573,1588,0,0,2007,-116.7325228,49.2203563
0.0258101,0.0404788,0.2235502,0.1728109,0.0330114,0.1096637,0.0576466,-0.059141,1592,0,0,2007,-116.7794149,49.1540606
0.0530939,0.0843684,0.0077884,0.2958006,0.0889051,0.2912286,0.1798357,-0.1935444,531,0,0,2007,-116.5737905,49.1656489
0.0204252,0.0322545,0.213509,0.1289262,0.0279919,0.0835588,0.046262,-0.0540334,1986,0,0,2007,-116.775103,49.2036476
0.1069702,0.136007,-0.1795593,0.2121426,0.1563716,0.3050005,0.2529887,0.0219135,1975,0,1,2007,-116.7379127,49.1815491
0.0155115,0.0357904,0.4399831,0.1954372,0.0229221,0.0760065,0.0276111,0.0171579,1749,0,0,2007,-116.7481535,49.1182179
0.0147188,0.027939,0.406719,0.1645987,0.0194075,0.0694192,0.0302244,-0.0155057,1236,0,1,2007,-116.7220125,49.0936938
0.0438097,0.0638385,-0.0055438,0.1892423,0.0633478,0.1913522,0.1360363,0.0262939,2081,0,0,2007,-116.7796844,49.1966408
0.016147,0.0338019,0.3021228,0.1953226,0.0300015,0.1046838,0.0509316,0.0104573,1887,0,0,2007,-116.7769894,49.1109415
0.0211983,0.0332659,0.3407985,0.1526201,0.0240042,0.0750355,0.0356521,-0.0251041,1865,0,1,2007,-116.7715995,49.2198173
0.0135076,0.0309246,0.3366861,0.1348422,0.0222418,0.0669138,0.0305996,-0.0119649,1724,0,0,2007,-116.7538129,49.237065
0.0447915,0.0759209,0.094695,0.2884224,0.0740882,0.2385233,0.1237344,-0.0064712,670,0,0,2007,-116.6379302,49.1044736
0.0374476,0.0652219,0.0110825,0.2203267,0.0629192,0.2154966,0.1144268,-0.087168,533,0,0,2007,-116.6058604,49.2066121
0.0326218,0.0602145,0.3764761,0.2180471,0.0541687,0.0987722,0.0505008,-0.0328703,536,0,0,2007,-116.6346963,49.1225298
0.0554475,0.09535,-0.1207881,0.2481125,0.1233725,0.316285,0.1855225,-0.2364437,532,0,0,2007,-116.6037044,49.2044561
0.05814,0.1018148,0.0228896,0.3250913,0.109747,0.310542,0.1637329,-0.2392713,533,0,1,2007,-116.6355048,49.1952933
0.0243797,0.0427936,0.2521225,0.1981527,0.0323906,0.1183542,0.063409,0.0255603,1832,0,1,2007,-116.7780674,49.2448803
0.0264487,0.0389062,0.3765136,0.0287038,0.02803,0.0130012,0.0088763,-0.2399425,531,0,0,2007,-116.6584118,49.2397599
0.0291149,0.0470278,0.072718,0.1703762,0.0458201,0.1472771,0.0977353,0.0276813,1707,0,0,2007,-116.773486,49.2413769
0.035935,0.0618346,0.3971989,0.4381822,0.0462136,0.1890473,0.0746567,-0.0465497,533,0,0,2007,-116.6341573,49.1457063
0.026765,0.0505033,0.1021716,0.185814,0.0424,0.151364,0.0893694,0.0066727,2033,0,1,2007,-116.7629757,49.1901729
0.0236059,0.039686,0.3823162,0.2013125,0.0312977,0.0899559,0.0345134,-0.0201503,883,0,0,2007,-116.7319838,49.1381605
0.045941,0.0730352,0.0385565,0.2767383,0.0745445,0.2561904,0.1364453,-0.2160365,535,0,0,2007,-116.6088248,49.1222603
0.0414839,0.0726858,0.0791481,0.2944692,0.0730212,0.2512746,0.1550837,0.0222572,1742,0,0,2007,-116.7125802,49.1815491
0.0154695,0.0286151,0.2804375,0.1306518,0.0183053,0.0734219,0.0341156,-0.0818942,1278,0,0,2007,-116.5948111,49.2413769
0.0274548,0.0423101,0.3991068,0.2265676,0.0304185,0.097307,0.0342343,0.0585049,1200,0,1,2007,-116.7694436,49.136813
0.0156498,0.0315504,0.2010457,0.1465386,0.0265334,0.0974798,0.0515766,-0.0265269,1611,0,1,2007,-116.6794324,49.1764287
0.031953,0.0629866,0.1605796,0.2628503,0.0617285,0.1901136,0.1014103,0.0434205,587,0,0,2007,-116.6306539,49.0945023
0.0467234,0.0886961,-0.1976722,0.2209766,0.1185616,0.3298621,0.1988084,-0.3036793,532,0,0,2007,-116.5964281,49.2044561
0.022915,0.033035,0.6356031,0.0210175,0.0170025,0.0046825,0.005865,-0.178525,531,0,0,2007,-116.6376607,49.2270937
0.0421798,0.0747356,0.0635744,0.2975048,0.0725283,0.2619385,0.1396259,-0.0286962,534,0,0,2007,-116.6026264,49.1120195
0.0438732,0.0758044,0.0399617,0.2751348,0.0796615,0.2539901,0.128782,-0.1117767,532,0,0,2007,-116.6465541,49.1947543
0.0187688,0.0347181,0.3039544,0.2180263,0.0260241,0.1163816,0.055698,0.0880881,1989,0,0,2007,-116.7516569,49.2254767
0.0179144,0.0287349,0.3999359,0.1538467,0.019533,0.0659444,0.0294059,-0.0496788,1513,0,1,2007,-116.7672876,49.1645709
0.0262612,0.0479262,0.4070097,0.2749528,0.0383996,0.11588,0.0540081,-0.0020526,533,0,0,2007,-116.6538304,49.1904424
0.0284694,0.0510514,0.2480048,0.277052,0.0414521,0.1669399,0.0822404,0.0272913,1476,0,1,2007,-116.6896732,49.1974493
0.0231316,0.0431329,0.1849998,0.2007755,0.0424126,0.1380861,0.0737792,-0.097415,1777,0,1,2007,-116.7492315,49.1104025
0.0359717,0.067572,0.4973295,0.2750298,0.051139,0.0923306,0.0370123,0.0698286,532,0,0,2007,-116.6206826,49.1810101
0.0199725,0.025775,0.6310532,0.02143,0.0207425,0.0048475,0.0014925,-0.3062508,531,0,0,2007,-116.6201436,49.2230512
0.0200653,0.0361452,0.525443,0.3165169,0.0232569,0.0984667,0.0361405,0.003471,1641,0,0,2007,-116.7397992,49.2179308
0.0304811,0.0561968,0.1120235,0.2701024,0.0480594,0.215683,0.1070695,-0.0124176,1140,0,0,2007,-116.6559864,49.0901904
0.0230546,0.0413179,0.2978276,0.1677598,0.0348423,0.0907642,0.0459912,-0.0828721,1728,1,1,2008,-116.6826663,49.1661879
0.0188845,0.0332084,0.3645804,0.1579225,0.0308869,0.073537,0.0363163,0.042959,1730,1,1,2008,-116.7079988,49.1589115
0.0477443,0.0763063,0.1903553,0.2702715,0.0583521,0.1838307,0.1022626,-0.0700125,1656,1,1,2008,-116.6869782,49.1680744
0.0377423,0.0544796,0.3354567,0.1835543,0.0553933,0.0913394,0.0395129,0.0483981,1818,1,0,2008,-116.698297,49.1152534
0.0563016,0.0966137,-0.0724737,0.2638657,0.1188408,0.3051008,0.2021934,-0.4225066,1695,1,0,2008,-116.6856308,49.1651099
0.0210892,0.0361271,0.3065574,0.1403388,0.0284523,0.0744835,0.0387326,0.010327,1725,1,0,2008,-116.7085378,49.1581031
0.0543497,0.079905,-0.1559497,0.2136944,0.0978842,0.2926603,0.1968714,-0.451538,1659,1,1,2008,-116.6856308,49.1688828
0.0349844,0.0509683,0.411218,0.1821797,0.0435197,0.0760082,0.038029,-0.0258067,1793,1,0,2008,-116.7026089,49.1195653
0.0248287,0.0359761,0.544201,0.2486261,0.0246073,0.0733865,0.0270553,-0.0038833,1140,1,0,2008,-116.6956021,49.1284586
0.0351577,0.0596404,0.1350429,0.2649963,0.0589002,0.2019398,0.1067383,-0.2028396,1622,1,0,2008,-116.6880562,49.1640319
0.0224169,0.0451914,0.3881561,0.23545,0.0338649,0.103777,0.0515027,-0.0421234,1195,1,0,2008,-116.6945241,49.1273807
0.0221779,0.0289515,0.5090606,0.1617789,0.0121876,0.0526312,0.0144757,0.0136622,1373,1,0,2008,-116.6945241,49.1236077
0.0172068,0.0305081,0.4029475,0.1631305,0.0225276,0.0694234,0.0278737,-0.0104417,1490,1,0,2008,-116.69668,49.1217213
0.0336532,0.057795,0.2062425,0.2987835,0.0454398,0.1966119,0.096776,0.0266476,1636,1,0,2008,-116.7166226,49.1575641
0.0364951,0.0531468,0.0723416,0.1976841,0.0524054,0.171012,0.1000339,-0.010662,1771,1,0,2008,-116.7090768,49.162954
0.0285726,0.0527766,0.2254574,0.221616,0.0346429,0.140071,0.0629653,-0.0284758,1718,1,0,2008,-116.7074598,49.1621455
0.0356953,0.0518522,0.0728958,0.1911569,0.0508763,0.1651813,0.0963265,-0.0118611,1763,1,1,2008,-116.7088073,49.162954
0.0183164,0.0372533,0.3199779,0.182365,0.0243173,0.0939502,0.0474835,-0.0442865,1450,1,1,2008,-116.700453,49.1252247
0.0171478,0.0255066,0.3643162,0.137519,0.0237423,0.064075,0.0375493,-0.0212641,1726,1,1,2008,-116.7028784,49.1211823
0.032147,0.0599623,0.159573,0.2369967,0.0404125,0.1717688,0.0888842,-0.0576438,1702,1,0,2008,-116.7061124,49.1626845
0.0238786,0.0391999,0.2573123,0.1790908,0.0332783,0.105788,0.05337,-0.0561769,1608,1,1,2008,-116.6926376,49.1203738
0.0197027,0.0321922,0.4363605,0.160813,0.0233415,0.0631043,0.0242437,0.0807755,1296,1,1,2008,-116.6985665,49.1273807
0.0221804,0.0450945,0.2937085,0.1881277,0.0342414,0.102707,0.0527847,-0.0025053,1495,1,1,2008,-116.697219,49.1222603
0.0176555,0.029964,0.2194989,0.1351759,0.0217719,0.086515,0.046734,-0.1416099,1671,1,1,2008,-116.7096158,49.1559471
0.0151878,0.0243913,0.4996319,0.1351856,0.0201178,0.0451061,0.0182571,-0.0371788,1339,1,0,2008,-116.697219,49.1257637
0.0177687,0.0318844,0.4395972,0.1969265,0.0199777,0.0766591,0.0341957,-0.0186121,1744,1,0,2008,-116.7001835,49.1168704
0.02599,0.0433287,0.3280558,0.2047791,0.0294938,0.1036102,0.0449195,-0.0312382,1086,1,0,2008,-116.6953326,49.1292671
0.0271641,0.0431156,0.4037336,0.214165,0.0302685,0.0909712,0.0407206,-0.009875,1162,1,1,2008,-116.6985665,49.1298061
0.0193375,0.0342455,0.324792,0.1552249,0.0268679,0.0791136,0.0364711,0.0001557,1707,1,1,2008,-116.7079988,49.1572946
0.0237005,0.0338757,0.3722734,0.159435,0.0257785,0.0729312,0.037818,-0.0072069,1632,1,0,2008,-116.7018004,49.1227993
0.0220567,0.0403266,0.3831953,0.1652221,0.0269885,0.073677,0.0351364,-0.0228543,1480,1,0,2008,-116.700453,49.1246857
0.0266485,0.0394078,0.3281785,0.1621082,0.0382335,0.0819978,0.0428769,-0.0450164,1727,1,1,2008,-116.6818578,49.1664574
0.028741,0.0451416,0.206123,0.204699,0.0401334,0.134734,0.0937759,0.0057888,1709,1,1,2008,-116.699375,49.1184873
0.0171773,0.0262129,0.515678,0.170086,0.0191699,0.0543495,0.0285532,0.0277543,1562,1,0,2008,-116.6969495,49.1195653
0.0299981,0.0439309,0.0457065,0.1767577,0.046379,0.161306,0.0939591,-0.0490299,1720,1,0,2008,-116.7098853,49.1572946
0.0393676,0.0694943,0.2442738,0.3366347,0.0588857,0.2044595,0.1178644,0.0569416,1677,1,0,2008,-116.7171616,49.159181
0.0190261,0.0341859,0.5115893,0.2167573,0.0260181,0.0700366,0.0334003,0.0085138,1406,1,0,2008,-116.6958716,49.1230688
0.0297209,0.0394056,0.1700499,0.1773769,0.0308278,0.1258186,0.0660725,-0.032459,1666,1,1,2008,-116.7128497,49.1559471
0.0207481,0.0377006,0.3796965,0.2067415,0.02705,0.0929498,0.0429967,-0.0428192,1745,1,0,2008,-116.7160837,49.1605285
0.03276,0.0628844,0.3206747,0.3817947,0.0421324,0.1963866,0.0851349,-0.0216439,1620,1,0,2008,-116.7177006,49.1575641
0.0260947,0.0347777,0.2854927,0.1617145,0.0258591,0.0898848,0.0427158,-0.0313024,1566,1,0,2008,-116.6985665,49.1219908
0.0244459,0.0399648,0.5111791,0.2023222,0.0277219,0.0654451,0.0285584,0.0711452,1433,1,0,2008,-116.6947936,49.1225298
0.0189459,0.0357516,0.4171001,0.1622222,0.0284541,0.0667273,0.0305495,-0.0138051,1711,1,0,2008,-116.697758,49.1168704
0.0205797,0.0352567,0.2192412,0.1524534,0.030623,0.0976258,0.0452377,-0.0671681,1751,1,1,2008,-116.7150057,49.160259
0.0246261,0.0393252,0.2099828,0.1815548,0.0362863,0.11854,0.056285,-0.0265687,1704,1,1,2008,-116.7136582,49.1575641
0.0237848,0.0351185,0.4493866,0.164444,0.0238049,0.0624713,0.028848,0.0063574,1798,1,0,2008,-116.7117717,49.1621455
0.0249185,0.0372745,0.3665834,0.166237,0.0319308,0.0770515,0.0406282,0.0449825,1720,1,0,2008,-116.7063819,49.1616065
0.040768,0.0681843,0.2102859,0.3456964,0.0571879,0.2255676,0.1109522,-0.0368525,1691,1,0,2008,-116.7055734,49.1632234
0.0148137,0.0261613,0.3877738,0.1089908,0.0197607,0.0480821,0.0193608,-0.0436187,1424,1,0,2008,-116.697219,49.1244162
0.0238567,0.0373733,0.3711717,0.1621241,0.0320263,0.0743512,0.0363837,0.0320477,1705,1,0,2008,-116.7053039,49.1621455
0.0574251,0.0879059,-0.0763464,0.2330851,0.1148177,0.2716173,0.1764086,-0.4460585,1722,1,1,2008,-116.6842833,49.1640319
0.0289004,0.0469855,0.4161232,0.1947539,0.038933,0.0802983,0.0372615,0.0322117,1777,1,1,2008,-116.7034174,49.1190263
0.0217463,0.036016,0.4578354,0.1960266,0.0260397,0.0729017,0.0317682,-0.0435022,1375,1,0,2008,-116.7015309,49.1273807
0.0215257,0.0381512,0.2605488,0.1760941,0.0302999,0.1032986,0.0551516,0.0157553,1671,1,0,2008,-116.7133887,49.1562166
0.0259992,0.0479961,0.3006511,0.1675725,0.0347098,0.0901023,0.0489561,-0.0237013,1699,1,1,2008,-116.6832053,49.1669964
0.0336163,0.050107,0.4927061,0.1789227,0.0451643,0.0608066,0.0292959,0.0288088,1726,1,0,2008,-116.699375,49.1171399
0.0227002,0.036047,0.1691381,0.1408887,0.03566,0.1001242,0.0587016,-0.1897554,1720,1,0,2008,-116.6837443,49.1656489
0.0292964,0.0652917,0.2924773,0.3375737,0.0417393,0.1847932,0.0809495,-0.0241469,1723,1,0,2008,-116.7077293,49.1621455
0.0204638,0.0359787,0.4511355,0.1616959,0.0293512,0.0611584,0.0298534,0.0775389,1726,1,0,2008,-116.7085378,49.1594505
0.0282718,0.0469703,0.0485817,0.1912217,0.048726,0.1735028,0.0976836,-0.0282937,1685,1,1,2008,-116.7128497,49.1567556
0.0245425,0.0346772,0.5066748,0.2465752,0.0253017,0.0807353,0.0354963,-0.0270102,1197,1,0,2008,-116.6958716,49.1276502
0.0184316,0.0352362,0.38234,0.1931568,0.0261914,0.0863067,0.0363988,-0.0299052,1660,1,1,2008,-116.7160837,49.1575641
0.0251852,0.0378076,0.3561199,0.1603708,0.0291331,0.0761434,0.0385826,0.0370962,1712,1,1,2008,-116.7061124,49.161876
0.050274,0.076875,0.1122581,0.2475144,0.0874893,0.1975521,0.1275878,-0.0161484,1657,1,0,2008,-116.6867087,49.1680744
0.0250283,0.0398441,0.2470349,0.1439676,0.0377045,0.0869283,0.0510961,0.0424059,1772,1,0,2008,-116.7093463,49.1626845
0.0335582,0.0474725,0.1796675,0.1547257,0.0417298,0.1075952,0.0757307,-0.2192985,1694,1,0,2008,-116.6850918,49.1661879
0.0191947,0.0345438,0.1987243,0.1671985,0.0306326,0.1117622,0.0531126,-0.1092914,1538,1,0,2008,-116.7018004,49.1244162
0.0215206,0.0338998,0.3443618,0.1680429,0.026026,0.0819537,0.0294804,0.0329263,1724,1,0,2008,-116.7071903,49.158642
0.0314244,0.0543749,0.0244431,0.1752876,0.0543195,0.166923,0.1052855,-0.0257484,1787,1,0,2008,-116.7007225,49.1179484
0.0200918,0.0368065,0.3076143,0.1174456,0.0273194,0.0621878,0.0346226,-0.0311796,1466,1,1,2008,-116.699375,49.1246857
0.0202104,0.0381215,0.3803622,0.1949271,0.0280696,0.0875018,0.0415909,0.0696155,1707,1,0,2008,-116.5764855,49.2440718
0.0225168,0.0371062,0.1522737,0.1456162,0.0332825,0.1071297,0.0529186,-0.0958567,1659,1,0,2008,-116.7147362,49.1570251
0.027585,0.0397433,0.1719299,0.1679959,0.0352038,0.1187037,0.0651792,-0.1136063,1630,1,0,2008,-116.6880562,49.1648404
0.0209097,0.0321405,0.5491114,0.2010479,0.0213928,0.0585176,0.0233991,0.0237569,1225,1,1,2008,-116.6985665,49.1287281
0.0194826,0.0357668,0.510052,0.1842205,0.0234525,0.0597718,0.0150799,0.0474366,1450,1,0,2008,-116.6953326,49.1222603
0.0261473,0.0433372,0.210223,0.2047565,0.0344021,0.1336216,0.0616684,-0.0240802,1435,1,0,2008,-116.700992,49.1260332
0.0225211,0.0375591,0.2380522,0.1566311,0.0286413,0.0963972,0.0496418,-0.0346957,1697,1,1,2008,-116.7096158,49.1567556
0.0255228,0.0423969,0.2407135,0.185352,0.033736,0.1134309,0.0521054,-0.0128966,1381,1,0,2008,-116.700453,49.1265722
0.0182687,0.0311449,0.3242654,0.1456597,0.025485,0.074326,0.0341746,-0.0317842,1673,1,0,2008,-116.7109633,49.1564861
0.0346847,0.0608087,0.2623844,0.2468299,0.0471264,0.1442236,0.0732804,0.0189687,1842,1,1,2008,-116.7128497,49.1643014
0.0396814,0.0554791,0.0321359,0.1895731,0.0647623,0.1777683,0.0978062,-0.3511634,1654,1,1,2008,-116.6864393,49.1632234
0.0171963,0.0311681,0.3387677,0.1541886,0.0285665,0.0761555,0.0381006,-0.0194648,1780,1,1,2008,-116.7026089,49.1201043
0.0267815,0.0420449,0.2058354,0.1639702,0.0319686,0.107991,0.0586112,-0.044192,1748,1,0,2008,-116.7007225,49.1195653
0.0179158,0.0324769,0.4226436,0.1982905,0.0204607,0.0804729,0.0354114,0.0483909,1745,1,0,2008,-116.6996445,49.1166009
0.0327967,0.0551353,0.3871414,0.1875448,0.0497258,0.0828599,0.0410042,0.015747,1797,1,1,2008,-116.7031479,49.1182179
0.0204193,0.0356283,0.2756452,0.1492442,0.032032,0.084746,0.0460396,-0.0642108,1688,1,0,2008,-116.6845528,49.1667269
0.0560959,0.0928352,-0.0859176,0.2475456,0.111919,0.2940809,0.1894779,-0.4509415,1659,1,1,2008,-116.6867087,49.1659184
0.0284159,0.0485827,0.1984633,0.2086692,0.0392568,0.1395588,0.0773237,0.010827,1639,1,0,2008,-116.698297,49.1187568
0.0229456,0.0386767,0.5112821,0.2583655,0.0274259,0.0835501,0.0394354,0.0061636,1148,1,1,2008,-116.6953326,49.1279197
0.0134482,0.0378972,0.2238152,0.1734029,0.0288726,0.1099779,0.0493194,-0.0054958,1648,1,1,2008,-116.7001835,49.1214518
0.0218675,0.0387599,0.4228974,0.1886705,0.0327192,0.0765215,0.0346424,0.0229793,1800,1,0,2008,-116.7128497,49.161876
0.0376342,0.0708941,0.2099635,0.3352842,0.052387,0.2189213,0.1122454,0.0322435,1635,1,0,2008,-116.7177006,49.1581031
0.0272494,0.0404213,0.4140783,0.2345405,0.0312176,0.0971816,0.0419007,-0.0470395,1351,1,0,2008,-116.7015309,49.1279197
0.02034,0.040848,0.3250544,0.150245,0.0304357,0.0765306,0.0283916,-0.0377886,1793,1,0,2008,-116.6969495,49.1157924
0.0379101,0.0610635,0.0275969,0.1901681,0.0610757,0.1799539,0.113366,-0.0202375,1823,1,0,2008,-116.7018004,49.1168704
0.0202133,0.040719,0.1939731,0.1652399,0.0333444,0.1115501,0.0654252,-0.0211839,1660,1,1,2008,-116.699375,49.1203738
0.0369948,0.0672575,0.228809,0.3282443,0.0536467,0.2060036,0.1025723,0.0513255,1723,1,1,2008,-116.7171616,49.160259
0.0238218,0.0407901,0.2376805,0.2023862,0.0358898,0.1246549,0.0583634,-0.0536823,1704,1,0,2008,-116.7147362,49.1583725
0.0273235,0.0430253,0.3162216,0.155874,0.0359989,0.0809767,0.0459836,-0.0739681,1732,1,1,2008,-116.6821273,49.1656489
0.0348661,0.0458443,-0.0609163,0.1595915,0.0531249,0.1802962,0.1037821,-0.4447864,1608,1,0,2008,-116.6875172,49.162954
0.0228073,0.035054,0.2326866,0.1454221,0.0282325,0.0905213,0.0386321,-0.0928783,1754,1,0,2008,-116.7147362,49.160259
0.0236358,0.0385436,0.3861873,0.1623682,0.0324012,0.0718977,0.0263368,0.0571055,1554,1,0,2008,-116.6931766,49.1209128
0.0207988,0.0369554,0.4359125,0.1833909,0.0251941,0.0720437,0.0317169,0.0121047,1725,1,1,2008,-116.7074598,49.160259
0.018809,0.0339608,0.3035548,0.1550273,0.0258214,0.0828258,0.0332862,0.0169433,1608,1,0,2008,-116.7007225,49.1227993
0.0217033,0.0331691,0.2461465,0.1516867,0.0261404,0.0917625,0.0530807,-0.0788031,1692,1,0,2008,-116.7147362,49.1578336
0.0397479,0.0546561,0.5281151,0.19194,0.0477066,0.0592714,0.0322426,0.0676753,1752,1,0,2008,-116.7001835,49.1166009
0.0202786,0.0383948,0.3347239,0.1558023,0.0322605,0.0776577,0.0344363,-0.044592,1652,1,0,2008,-116.6929071,49.1192958
0.043277,0.068007,-0.0525606,0.2311169,0.090591,0.25676,0.1583046,-0.3888335,1659,1,1,2008,-116.6869782,49.1645709
0.0195018,0.0364059,0.4972105,0.2319512,0.0240381,0.0778933,0.0300756,0.0133648,1541,1,0,2008,-116.6947936,49.1201043
0.0157157,0.0262606,0.4814342,0.1203783,0.0185479,0.0421376,0.0185915,0.0481138,1400,1,0,2008,-116.6969495,49.1246857
0.0183105,0.0255257,0.5615757,0.1862532,0.0197569,0.052292,0.019784,-0.0011958,1273,1,0,2008,-116.6969495,49.1265722
0.0229991,0.0366471,0.2159064,0.1494762,0.0297933,0.0963917,0.051122,-0.0991227,1526,1,0,2008,-116.6894037,49.162415
0.0351802,0.0641034,0.2240846,0.326478,0.0478214,0.2069459,0.1062831,0.0403414,1730,1,0,2008,-116.7163532,49.160259
0.0387362,0.0545539,0.4067335,0.2152168,0.0474749,0.0907641,0.0544891,-0.0815756,1546,1,0,2008,-116.6956021,49.1195653
0.0211641,0.0372891,0.4664949,0.1910388,0.0254693,0.0694991,0.0279462,0.0445435,1762,1,0,2008,-116.7115022,49.160259
0.0211304,0.0305542,0.4114237,0.1552091,0.0234056,0.0647236,0.032211,0.0540754,1309,1,0,2008,-116.697758,49.1265722
0.019232,0.037695,0.434683,0.1549265,0.0241601,0.0610466,0.0284555,0.0250726,1718,1,1,2008,-116.7066513,49.1599895
0.023877,0.0255366,0.4434829,0.1675895,0.0271923,0.0646121,0.0281352,0.0093586,1612,1,1,2008,-116.6942546,49.1190263
0.0259561,0.0420925,0.281933,0.1691878,0.0347396,0.0947695,0.0436875,-0.0600408,1090,1,0,2008,-116.6947936,49.1292671
0.0179222,0.0370272,0.2605915,0.1601752,0.0318788,0.0939519,0.0474843,-0.0353502,1648,1,1,2008,-116.7001835,49.1211823
0.0208127,0.0392482,0.4956829,0.2494577,0.0258391,0.0841126,0.0296403,-0.0229199,1200,1,1,2008,-116.6953326,49.1273807
0.0376566,0.0656551,0.2833777,0.3435261,0.0489102,0.1918208,0.0925439,0.0406325,1733,1,0,2008,-116.7074598,49.1634929
0.050099,0.0678781,0.2969817,0.2427351,0.0623518,0.1315726,0.072459,-0.1479005,1563,1,0,2008,-116.6958716,49.1192958
0.0191118,0.0398055,0.3231437,0.16839,0.0265486,0.0861402,0.0393851,-0.0077586,1641,1,0,2008,-116.7015309,49.1225298
0.028051,0.0357341,0.2738962,0.1588209,0.0320622,0.0905258,0.0501139,-0.0592506,1682,1,0,2008,-116.6850918,49.1667269
0.0298587,0.0474816,0.3817827,0.2633212,0.0421626,0.1178114,0.0462256,-0.0117365,1311,1,1,2008,-116.6929071,49.1260332
0.0282071,0.0427284,0.3881767,0.224981,0.0392464,0.0991578,0.0447283,-0.0722388,1322,1,0,2008,-116.6929071,49.1257637
0.0252455,0.0410807,0.3374787,0.1787321,0.0322037,0.0885351,0.0396806,-0.0239685,1418,1,0,2008,-116.700992,49.1265722
0.0196285,0.0301423,0.4623666,0.1637268,0.0214208,0.0601935,0.0265468,0.0204194,1300,1,0,2008,-116.697219,49.1265722
0.0386761,0.0572173,0.0165962,0.2008193,0.0623866,0.1942624,0.1097884,-0.3569591,1687,1,0,2008,-116.6853613,49.1664574
0.0281602,0.0437305,0.1674957,0.1652253,0.0400175,0.117817,0.0673,-0.021255,1692,1,1,2008,-116.7001835,49.1201043
0.0227778,0.0345493,0.4263888,0.1939206,0.0268106,0.0779837,0.0412609,0.049051,1703,1,0,2008,-116.5786414,49.2438023
0.0327417,0.0581657,0.0552215,0.1696039,0.0668685,0.1518526,0.0908698,-0.2757794,1743,1,0,2008,-116.6829358,49.1643014
0.0223166,0.0398697,0.1692726,0.1529655,0.0307017,0.1086767,0.0547702,-0.0585592,1629,1,0,2008,-116.7144667,49.1559471
0.0244113,0.0353346,0.4486443,0.2223149,0.0306134,0.0846133,0.0389601,0.0083243,1256,1,0,2008,-116.6945241,49.1257637
0.0331879,0.0539151,0.1468182,0.2022633,0.0470825,0.1504749,0.097992,0.0124244,1625,1,0,2008,-116.698297,49.1195653
0.0269537,0.0450239,0.3482575,0.2747791,0.0284521,0.1328272,0.0561492,-0.0099069,1734,1,0,2008,-116.7177006,49.160798
0.0196966,0.0363132,0.4958305,0.1869503,0.0232959,0.0630116,0.0254527,0.0569114,1097,1,0,2008,-116.6969495,49.1300756
0.0277543,0.0452412,-0.0231917,0.1474891,0.0522367,0.1544926,0.095786,-0.3360103,1568,1,0,2008,-116.6880562,49.1621455
0.0239281,0.0389396,0.4672948,0.20589,0.0268734,0.0747489,0.0285259,-0.0094582,1180,1,1,2008,-116.6996445,49.1303451
0.0547884,0.0903688,-0.1113708,0.2515514,0.1186593,0.3146047,0.2002508,-0.4937507,1703,1,0,2008,-116.6850918,49.1653794
0.0233191,0.0334273,0.3814002,0.1808167,0.0212777,0.0809709,0.0325407,-0.0020811,1744,1,1,2008,-116.7020699,49.1209128
0.019119,0.0288589,0.5039743,0.1450618,0.0227124,0.0478428,0.014379,0.0971819,1481,1,0,2008,-116.6945241,49.1217213
0.0247992,0.036179,0.3560261,0.1618657,0.0277308,0.0768697,0.041298,0.0671262,1737,1,0,2008,-116.7096158,49.159181
0.0221779,0.0289515,0.5090606,0.1617789,0.0121876,0.0526312,0.0144757,0.0136622,1373,1,1,2008,-116.6945241,49.1236077
0.0194736,0.0234073,0.5064887,0.136941,0.0192224,0.0448605,0.0155576,-0.0543756,1332,1,0,2008,-116.698297,49.1265722
0.0289213,0.0327377,0.3942524,0.2008254,0.0304998,0.0872507,0.0415704,-0.007513,1669,1,1,2008,-116.6934461,49.1179484
0.0161089,0.0285924,0.4851583,0.1607559,0.0241012,0.0557273,0.0253755,0.0600639,1712,1,0,2008,-116.6991055,49.1179484
0.0272645,0.04361,0.0677824,0.1462755,0.0464409,0.1277044,0.0761582,0.0107709,1625,1,0,2008,-116.7152752,49.1562166
0.0212832,0.0375653,0.4007505,0.1489274,0.0319859,0.063712,0.0315153,0.0281604,1819,1,0,2008,-116.6969495,49.1155229
0.0228983,0.040899,0.4468575,0.2027352,0.0283438,0.0775069,0.0354212,0.0209053,1776,1,0,2008,-116.7147362,49.1610675
0.0206789,0.0327468,0.4211195,0.184609,0.0305318,0.0751989,0.0358933,0.0024204,1665,1,0,2008,-116.6931766,49.1179484
0.0508707,0.0799211,-0.0855899,0.2329091,0.1047986,0.2765103,0.1696832,-0.4559521,1710,1,0,2008,-116.6845528,49.1653794
0.0220476,0.0331223,0.3816152,0.1851737,0.0255746,0.0828802,0.0390539,0.0366182,1698,1,1,2008,-116.5797194,49.2435328
0.0251724,0.0422366,0.1738881,0.1680994,0.0349185,0.1182983,0.0657789,-0.0349081,1696,1,0,2008,-116.699375,49.1192958
0.0197043,0.0370463,0.3913204,0.1620454,0.0304908,0.0708922,0.0239792,0.0248648,1671,1,0,2008,-116.6926376,49.1187568
0.0242443,0.0413588,0.2824302,0.2180491,0.0291528,0.122007,0.053501,0.0473257,1703,1,0,2008,-116.5764855,49.2435328
0.0269871,0.0438815,0.3635284,0.1808536,0.0307987,0.0844193,0.0402058,-0.0848267,1407,1,1,2008,-116.7023394,49.1271112
0.0182913,0.0278496,0.3622635,0.1088565,0.0179279,0.0509606,0.0219779,0.0365882,1472,1,0,2008,-116.698297,49.1241467
0.0239057,0.0334505,0.1414703,0.1354447,0.0325716,0.1018715,0.0532856,-0.1012154,1595,1,0,2008,-116.6861698,49.161876
0.0222676,0.0398722,0.4251246,0.1566824,0.027544,0.0632035,0.030085,0.0349165,1726,1,0,2008,-116.7079988,49.160259
0.0273435,0.0445219,0.2274743,0.185154,0.0391964,0.1165289,0.0578264,-0.0358132,1204,1,1,2008,-116.6934461,49.1279197
0.0205606,0.0324406,0.2471935,0.1561411,0.0243028,0.0942468,0.0391319,-0.0246757,1567,1,0,2008,-116.6996445,49.1230688
0.0230524,0.0375916,0.2132325,0.1671111,0.0285867,0.1083697,0.052935,-0.0647227,1602,1,0,2008,-116.6996445,49.1222603
0.0237332,0.0454227,0.4580383,0.2070689,0.0319693,0.0769688,0.0279071,-0.0175438,1792,1,0,2008,-116.7147362,49.161876
0.0240746,0.0394752,0.3479491,0.196101,0.0327754,0.094861,0.0413487,0.0316641,1262,1,0,2008,-116.6956021,49.1260332
0.0187363,0.0311837,0.3700062,0.1166951,0.0222412,0.0536619,0.0250856,0.0021,1457,1,1,2008,-116.7001835,49.1249552
0.0171773,0.0262129,0.515678,0.170086,0.0191699,0.0543495,0.0285532,0.0277543,1567,1,0,2008,-116.6969495,49.1195653
0.0231902,0.0377567,0.3812164,0.1908578,0.0314343,0.0855041,0.0487132,0.0286497,1564,1,1,2008,-116.6934461,49.1203738
0.021265,0.041259,0.4141677,0.1893535,0.0318665,0.0784415,0.0358778,-0.0335018,1776,1,0,2008,-116.7152752,49.161337
0.0353072,0.0465384,0.0357041,0.1375239,0.0541519,0.1280421,0.0662228,-0.3682784,1616,1,0,2008,-116.6869782,49.1626845
0.0181305,0.0278983,0.4668607,0.1819857,0.0247214,0.0661438,0.0227971,-0.0195682,1559,1,0,2008,-116.6964106,49.1195653
0.0256798,0.0364923,0.4429239,0.1760704,0.0314948,0.0679763,0.0274174,0.0225666,1725,1,0,2008,-116.6964106,49.1166009
0.03977,0.0664722,0.1447197,0.2912538,0.0558616,0.217611,0.1085969,-0.048294,1689,1,1,2008,-116.7053039,49.1632234
0.0202386,0.0318899,0.33856,0.1620035,0.0275923,0.0800529,0.0339509,0.0128229,1562,1,0,2008,-116.6991055,49.1227993
0.0217601,0.0341969,0.2982302,0.1479011,0.0225143,0.0799492,0.031829,-0.0197688,1525,1,0,2008,-116.6929071,49.1217213
0.0434767,0.072902,0.2475271,0.3483274,0.0553423,0.2101012,0.1002218,-0.0291101,1696,1,0,2008,-116.7055734,49.1634929
0.0263735,0.0417805,0.4303506,0.195151,0.0297844,0.0777206,0.0380608,-0.1007367,1382,1,0,2008,-116.7018004,49.1271112
0.0321321,0.0565139,0.4054136,0.3005657,0.0447179,0.1271599,0.0603856,0.0682252,1689,1,1,2008,-116.6931766,49.1168704
0.0186272,0.0275451,0.527014,0.1797816,0.0163113,0.0556866,0.0188488,-0.0017924,1339,1,0,2008,-116.6945241,49.1241467
0.0296643,0.048437,0.3014134,0.1730964,0.0426404,0.0929165,0.0550785,-0.088723,1772,1,0,2008,-116.700453,49.1166009
0.0234369,0.0373072,0.4344332,0.164085,0.0287046,0.0646953,0.0282169,0.0317382,1725,1,0,2008,-116.7077293,49.1599895
0.0201066,0.033373,0.3163244,0.1528484,0.0251205,0.0793868,0.0365794,-0.0543358,1691,1,0,2008,-116.7109633,49.1567556
0.0226836,0.0357357,0.5219078,0.1895266,0.0242823,0.0595379,0.0273089,0.0688989,1790,1,0,2008,-116.7128497,49.161337
0.0296101,0.0482698,0.2564766,0.1944029,0.0372867,0.1150385,0.0570358,-0.0007678,1289,1,0,2008,-116.7015309,49.1292671
0.0223417,0.0361914,0.4177389,0.1762233,0.0295013,0.0723744,0.0370397,0.0033779,1671,1,0,2008,-116.6945241,49.1174094
0.024674,0.0422192,0.2799262,0.2220615,0.0297214,0.1249296,0.0548268,0.047133,1707,1,0,2008,-116.576755,49.2438023
0.0180552,0.0348043,0.3548604,0.184416,0.027025,0.0878128,0.0383944,0.0524412,1708,1,1,2008,-116.5805279,49.2438023
0.0147661,0.0227678,0.5098081,0.1350698,0.0211087,0.0438533,0.0194597,0.0003008,1355,1,0,2008,-116.697758,49.1257637
0.0237222,0.0425999,0.3887301,0.1587185,0.0327349,0.0698623,0.037727,0.0087025,1774,1,0,2008,-116.7109633,49.1616065
0.0479889,0.0813123,0.1542136,0.3052229,0.0835442,0.2236617,0.1583955,-0.1212832,1641,1,0,2008,-116.6880562,49.1672659
0.0425771,0.0614758,0.1798246,0.3030083,0.0622175,0.2106415,0.1112255,0.0550086,1750,1,1,2008,-116.7085378,49.1632234
0.0574251,0.0879059,-0.0763464,0.2330851,0.1148177,0.2716173,0.1764086,-0.4460585,1724,1,1,2008,-116.6842833,49.1640319
0.0302119,0.0481395,0.5003666,0.1759159,0.0397192,0.0585813,0.0214675,0.0317518,1722,1,0,2008,-116.699375,49.1174094
0.0280586,0.0457865,0.1593378,0.2008546,0.0439645,0.1456442,0.0895703,-0.2120215,1646,1,0,2008,-116.6875172,49.1645709
0.0144276,0.0389428,0.3271667,0.1442298,0.0266327,0.0731201,0.0267846,-0.0283064,1562,1,1,2008,-116.6929071,49.1211823
0.0412922,0.0621211,0.4363393,0.1926674,0.0553116,0.0756082,0.0354494,0.0669718,1821,1,0,2008,-116.6956021,49.1152534
0.0266267,0.0351438,0.2113014,0.1525508,0.0331907,0.0993283,0.0576502,-0.1715209,1615,1,0,2008,-116.6861698,49.162415
0.0419746,0.070593,-0.0079993,0.2016022,0.0823245,0.2048536,0.1241316,-0.3217798,1739,1,0,2008,-116.6832053,49.1640319
0.0182187,0.0334097,0.4432006,0.1637605,0.0224919,0.0631802,0.032856,0.0160936,1240,1,0,2008,-116.697758,49.1276502
0.0249478,0.0353449,0.503205,0.2517345,0.0259115,0.0831959,0.0365771,-0.026459,1209,1,0,2008,-116.6961411,49.1276502
0.0203412,0.0266162,0.5062079,0.1349441,0.0210064,0.0442398,0.0161039,0.0238878,1350,1,0,2008,-116.698297,49.1260332
0.0178831,0.0272554,0.365538,0.1195038,0.0232387,0.0555243,0.0223904,-0.0096967,1411,1,0,2008,-116.697758,49.1249552
0.0226083,0.0359101,0.1869581,0.1477605,0.0351433,0.1012129,0.0568305,-0.0366726,1697,1,0,2008,-116.7141972,49.1578336
0.0284222,0.0465173,0.0701736,0.1734977,0.0503632,0.1507444,0.0881639,-0.2429272,1576,1,1,2008,-116.6885952,49.1626845
0.019831,0.0366565,0.3861201,0.1905087,0.0332576,0.0843718,0.027792,0.0411781,1743,1,1,2008,-116.6945241,49.1166009
0.0294905,0.0434589,0.2828242,0.1712213,0.0341137,0.095723,0.0502497,0.0194901,1731,1,0,2008,-116.6802409,49.1661879
0.0214137,0.0339719,0.2326594,0.1570608,0.0306702,0.0977716,0.0488832,0.0246969,1684,1,0,2008,-116.7061124,49.1564861
0.0169135,0.0361654,0.2751678,0.1588636,0.0303533,0.0903014,0.0430789,0.007324,1716,1,0,2008,-116.7066513,49.1578336
0.0397966,0.0537512,0.2752938,0.2207561,0.045063,0.1254482,0.0629495,-0.0472088,1659,1,0,2008,-116.6869782,49.1683438
0.0217634,0.0429141,0.2153842,0.194455,0.0400107,0.1255344,0.0600872,-0.0401945,1717,1,0,2008,-116.7139277,49.1583725
0.0221607,0.0403015,0.1877821,0.1632347,0.0328724,0.1116216,0.0607655,-0.0047532,1637,1,1,2008,-116.6991055,49.1206433
0.0268679,0.0458538,0.2190703,0.2009071,0.0336058,0.1287,0.0681971,-0.0008254,1581,1,0,2008,-116.7163532,49.1554081
0.024794,0.0410702,0.3276298,0.1676898,0.0289732,0.0849255,0.050475,0.0285423,1631,1,1,2008,-116.6915596,49.1206433
0.0287402,0.0437355,0.3601936,0.2642799,0.0326725,0.1243117,0.0612384,-0.0500906,1763,1,0,2008,-116.7185091,49.161876
0.0293598,0.0477899,0.2627445,0.2022463,0.0440848,0.1180819,0.057435,-0.0308959,1745,1,0,2008,-116.6821273,49.1645709
0.0172477,0.0271507,0.5170266,0.1331551,0.0189271,0.0423924,0.0187793,-0.0140544,1307,1,0,2008,-116.6980275,49.1265722
0.0196285,0.0301423,0.4623666,0.1637268,0.0214208,0.0601935,0.0265468,0.0204194,1283,1,0,2008,-116.697219,49.1265722
0.0239054,0.0411141,0.3249083,0.1766291,0.035298,0.0899993,0.0422418,-0.0421096,1787,1,0,2008,-116.6980275,49.1157924
0.0174309,0.0372112,0.3772779,0.1845884,0.0241403,0.0834597,0.0342155,0.0269199,1706,1,0,2008,-116.576216,49.2440718
0.0283557,0.0436688,0.4149586,0.2332613,0.0307284,0.0964463,0.0481662,0.01327,1131,1,0,2008,-116.698297,49.1303451
0.0202133,0.0369324,0.3630116,0.1688738,0.0240611,0.0789213,0.0305253,-0.0034138,1742,1,0,2008,-116.7015309,49.1203738
0.0212962,0.0349785,0.2720456,0.1642259,0.0272204,0.0939816,0.0455945,0.033488,1724,1,0,2008,-116.7109633,49.1572946
0.0266592,0.0464494,0.2858147,0.2135392,0.0395276,0.118607,0.0565937,-0.0285847,1219,1,0,2008,-116.6934461,49.1276502
0.0215394,0.034454,0.3257623,0.1896426,0.0327371,0.0964458,0.0395745,-0.0368239,1654,1,0,2008,-116.6939851,49.1179484
0.02237,0.0349592,0.3903351,0.2046034,0.0243781,0.089719,0.0412609,0.0357416,1710,1,1,2008,-116.5786414,49.2443413
0.0214716,0.033962,0.2503092,0.1431546,0.0300796,0.0858361,0.0422019,-0.1382198,1561,1,1,2008,-116.6899427,49.1632234
0.0460163,0.0831305,0.0143783,0.2507528,0.0913996,0.2436442,0.1624319,-0.0938553,1656,1,1,2008,-116.6856308,49.1683438
0.0235362,0.0335505,0.1807474,0.1760741,0.0335053,0.1221677,0.0595392,-0.0330771,1581,1,0,2008,-116.699375,49.1225298
0.0204252,0.0320592,0.4636144,0.2192428,0.0239437,0.0803481,0.0382287,-0.0178378,1395,1,0,2008,-116.6958716,49.1233382
0.0200244,0.0371082,0.2694332,0.1736576,0.0331249,0.099941,0.0501968,-0.0453458,1670,1,0,2008,-116.7160837,49.1581031
0.0281002,0.0407093,0.476146,0.2394638,0.024263,0.0849808,0.0355569,-0.00977,1240,1,1,2008,-116.6934461,49.1268417
0.0236651,0.028895,0.4673114,0.184022,0.0258859,0.0668068,0.028758,-0.0605114,1545,1,0,2008,-116.69668,49.1203738
0.0203733,0.0334898,0.55462,0.1757828,0.0209931,0.0503597,0.021582,0.0399364,1269,1,1,2008,-116.699375,49.1281892
0.0385945,0.0554278,0.3634076,0.1702484,0.0506248,0.0794911,0.0486077,0.0545982,1831,1,1,2008,-116.697758,49.1152534
0.0248537,0.0443469,0.3448164,0.2436759,0.0345839,0.1187169,0.0630934,-0.0246991,1676,1,0,2008,-116.7163532,49.158642
0.0292394,0.0432993,0.2076048,0.1978005,0.0397523,0.129791,0.0622367,-0.1157256,1639,1,0,2008,-116.6877867,49.1667269
0.0234749,0.0393468,0.2721765,0.1419839,0.0261207,0.0812303,0.0397719,-0.0656693,1153,1,1,2008,-116.6942546,49.1289976
0.0244378,0.0364054,0.2711133,0.1718233,0.026695,0.0985276,0.0512979,-0.0187212,1565,1,1,2008,-116.6980275,49.1211823
0.0189126,0.0367707,0.2201962,0.1491034,0.0310557,0.0952891,0.0445314,-0.1224486,1737,1,0,2008,-116.7128497,49.158642
0.0223426,0.0375192,0.3378487,0.203514,0.029574,0.1007267,0.0511353,0.0741156,1715,1,0,2008,-116.5772939,49.2443413
0.0388868,0.0630012,0.3673586,0.1951602,0.061466,0.0902956,0.0465832,0.0539731,1819,1,0,2008,-116.7018004,49.1179484
0.0182114,0.0308596,0.4160986,0.1912332,0.0245424,0.0788514,0.0319975,0.0172929,1298,0,0,2008,-116.7171616,49.0939633
0.0405694,0.0678477,0.2355473,0.32729,0.0584155,0.2024995,0.1098228,-0.0737168,532,0,1,2008,-116.6239165,49.1899034
0.0211823,0.0396598,0.4625319,0.4243451,0.0297865,0.1559432,0.0586,0.0457468,540,0,0,2008,-116.6117893,49.0939633
0.021832,0.0388712,0.3635475,0.2489435,0.0371871,0.1161974,0.0634438,-0.073788,1440,0,0,2008,-116.6770069,49.1058211
0.0429178,0.0726085,0.2051387,0.2231193,0.0659342,0.1471606,0.0859142,0.0515592,707,0,1,2008,-116.6675746,49.1977188
0.0275868,0.0485133,0.2364805,0.2113107,0.0364485,0.1304831,0.0595707,-0.0360969,1097,0,0,2008,-116.7451891,49.1386994
0.0253313,0.0467453,0.1160573,0.1631132,0.0443644,0.1291894,0.0755823,-0.0363421,1884,0,0,2008,-116.6883257,49.1133669
0.0192295,0.0377024,0.2346616,0.1444751,0.0314742,0.0895568,0.0428731,-0.0734486,1720,0,1,2008,-116.7543519,49.237065
0.07082,0.11702,0.0999224,0.341915,0.12505,0.2797925,0.1865125,-0.1336915,532,0,0,2008,-116.5894212,49.1888254
0.03089,0.03661,0.5577807,0.0334475,0.0243725,0.009495,0.004765,-0.0839501,531,0,1,2008,-116.6586813,49.237604
0.0089982,0.0238118,0.3352586,0.1214113,0.0195927,0.060443,0.0252514,-0.0266327,1520,0,0,2008,-116.7001835,49.0947718
0.0187738,0.0342011,0.5656734,0.255117,0.0185009,0.0707709,0.0261766,-0.0192602,1246,0,0,2008,-116.7705216,49.0901904
0.0577575,0.092215,-0.1422062,0.2473288,0.1155075,0.3293338,0.2129812,-0.1588125,531,0,0,2008,-116.5845703,49.0926159
0.052346,0.0774176,0.2337777,0.2256354,0.0723939,0.140128,0.0893201,0.0078862,711,0,1,2008,-116.7125802,49.1403164
0.0342258,0.0542739,0.0724076,0.2019795,0.04626,0.1747047,0.1015201,0.0098226,1013,0,1,2008,-116.7427636,49.1386994
0.0226238,0.0458519,0.339965,0.2666536,0.0288515,0.1313473,0.0577256,0.0298719,709,0,0,2008,-116.6403557,49.1033957
0.020665,0.0388935,0.2971669,0.1548507,0.0299343,0.0839015,0.0407145,-0.0132413,1697,0,0,2008,-116.699914,49.1966408
0.0254253,0.0409155,0.3486457,0.2120578,0.0331362,0.1024174,0.0477322,0.031052,601,0,0,2008,-116.6403557,49.137352
0.0203427,0.0365077,0.3860722,0.1689307,0.0243673,0.0748239,0.0344276,-0.0421362,1101,0,0,2008,-116.7144667,49.1451673
0.0239423,0.0468072,0.2958226,0.192245,0.0377265,0.10447,0.0447296,-0.0023785,1338,0,0,2008,-116.7629757,49.137891
0.0164656,0.0311878,0.3615314,0.2057774,0.0290271,0.0964961,0.0478564,0.0608034,1890,0,1,2008,-116.7710606,49.11175
0.0187481,0.0366478,0.4412856,0.1507274,0.0250452,0.0584295,0.0298821,0.0431195,1281,0,0,2008,-116.6670356,49.1311536
0.016816,0.0371308,0.4441676,0.2022569,0.021848,0.0778448,0.0289563,-0.0738344,1256,0,1,2008,-116.6678441,49.1651099
0.0535379,0.0914948,0.1921276,0.34856,0.0864906,0.2362096,0.1169206,-0.0721914,532,0,1,2008,-116.6099028,49.1688828
0.0233938,0.0470212,0.3397222,0.3133625,0.0322654,0.1544397,0.0641097,0.0096401,859,0,1,2008,-116.5880737,49.2200868
0.0189597,0.0357133,0.4647782,0.2309491,0.0270492,0.0843875,0.0340044,0.0153235,1487,0,1,2008,-116.67539,49.0996227
0.0295798,0.0428154,0.251897,0.1977502,0.0385224,0.1181707,0.0654597,-0.0075882,1241,0,0,2008,-116.7360263,49.1494792
0.0428167,0.062258,0.1013075,0.1605823,0.0517091,0.1310389,0.0915599,0.0475331,2035,0,0,2008,-116.7643232,49.1974493
0.0301475,0.0449975,0.4535478,0.0341075,0.02715,0.0128225,0.0087525,-0.3272596,531,0,0,2008,-116.6284979,49.2241292
0.0304611,0.0582977,0.2999417,0.3160002,0.045264,0.1701757,0.0814482,0.172734,533,0,1,2008,-116.6042434,49.0953108
0.0405562,0.0574275,0.2867154,0.0376412,0.0414775,0.0208663,0.013455,-0.0417839,533,0,0,2008,-116.5899602,49.1500182
0.0245679,0.0428482,0.2327151,0.1974662,0.0307995,0.1229099,0.0610599,0.0137976,655,0,0,2008,-116.700992,49.2440718
0.0259943,0.0501876,0.4172709,0.327346,0.040615,0.1345925,0.0618566,0.2979601,532,0,0,2008,-116.5840313,49.1572946
0.024424,0.0362414,0.4135513,0.1743905,0.0273699,0.0723504,0.032714,-0.0372498,1494,0,0,2008,-116.7241685,49.1974493
0.0217564,0.0358542,0.5196173,0.2694034,0.0269287,0.085164,0.0336462,0.0110974,1270,0,0,2008,-116.7131192,49.1252247
0.031153,0.0441916,0.2347495,0.1678238,0.0290715,0.1040108,0.0643431,0.0325079,1951,0,1,2008,-116.7610893,49.1942153
0.0257172,0.0535134,0.2716054,0.2334891,0.0346565,0.133746,0.0709917,0.035654,934,0,0,2008,-116.6495185,49.1284586
0.0245577,0.0368538,0.303911,0.2190141,0.0320981,0.11692,0.0570081,-0.0704051,1490,0,0,2008,-116.5896907,49.2440718
0.0394848,0.051372,0.4678515,0.1619883,0.0476339,0.0587265,0.0300187,0.1136779,1718,0,1,2008,-116.7379127,49.1899034
0.02935,0.04068,0.5146955,0.03221,0.029295,0.01032,0.0123275,-0.2288433,531,0,1,2008,-116.6349658,49.2394904
0.0243015,0.0353721,0.3817205,0.1820698,0.0256182,0.0814709,0.0349164,0.039521,1816,0,1,2008,-116.7486925,49.1969103
0.0328005,0.0583002,0.3307164,0.2927385,0.0410198,0.1472328,0.0635929,-0.0202562,1434,0,0,2008,-116.7654012,49.2341005
0.0430003,0.082528,0.349826,0.2541245,0.0595512,0.1224047,0.0575585,-0.1081932,531,0,0,2008,-116.6274199,49.2033781
0.0329398,0.0528045,0.206194,0.2269533,0.045071,0.1493597,0.0781745,0.04373,693,0,0,2008,-116.6417032,49.135196
0.0363075,0.0467438,0.2243326,0.0371462,0.0359638,0.0235337,0.0187213,-0.6210929,531,0,1,2008,-116.6217606,49.2233207
0.0288179,0.0512571,0.3026965,0.2843102,0.0352015,0.1521847,0.0695222,-0.0701786,832,0,0,2008,-116.6443981,49.1136364
0.0323029,0.0569823,0.205284,0.2812362,0.045425,0.1854359,0.0954297,0.075301,1228,0,1,2008,-116.6535609,49.0934244
0.030113,0.0526913,0.2598364,0.2651553,0.0485664,0.1557808,0.0786426,0.1616969,653,0,0,2008,-116.6427811,49.1605285
0.0442416,0.0787756,0.2037728,0.3172092,0.0711952,0.2098159,0.1160226,0.103454,535,0,0,2008,-116.5778329,49.1661879
0.0392301,0.0701198,0.2660968,0.336123,0.0571031,0.1948364,0.1016446,0.1884375,611,0,0,2008,-116.6268809,49.0963888
0.0684323,0.1035431,0.1298798,0.3277463,0.101586,0.2523974,0.1693422,-0.0411872,533,0,0,2008,-116.5972365,49.15972
0.042648,0.0760201,0.0496825,0.3019612,0.0740634,0.273377,0.1509603,0.1218336,1680,0,0,2008,-116.5697481,49.2408379
0.0376247,0.0639389,0.2143428,0.3227438,0.0675657,0.2088092,0.1100603,-0.0194061,536,0,0,2008,-116.6037044,49.161876
0.0258256,0.052734,0.3871487,0.3544617,0.033682,0.1566035,0.0581002,0.1328765,537,0,0,2008,-116.5953501,49.1702303
0.0279677,0.0530955,0.2250885,0.2274212,0.052197,0.1438519,0.0695881,0.0100941,822,0,1,2008,-116.6651492,49.1882864
0.0200901,0.0364156,0.4870017,0.1989883,0.0233346,0.0686486,0.0265749,-0.0251771,1316,0,0,2008,-116.7115022,49.2063426
0.0275429,0.045285,0.2131582,0.1781454,0.0355652,0.1155432,0.0616401,-0.0270236,1210,0,1,2008,-116.7476145,49.1381605
0.0223443,0.0408895,0.2417416,0.1639138,0.0316339,0.1000925,0.0459302,0.0881409,2046,0,1,2008,-116.7241685,49.1737337
0.0441973,0.0652576,0.1072829,0.2513924,0.0645918,0.2026784,0.1209487,0.1024945,1544,0,1,2008,-116.7309059,49.1971798
0.0265848,0.0430504,0.3267215,0.2021704,0.0343337,0.1025965,0.0514739,-0.0583083,1309,0,0,2008,-116.7586638,49.1594505
0.0263662,0.0412437,0.293539,0.131485,0.0330625,0.07181,0.0383425,0.0457933,533,0,1,2008,-116.62203,49.1147144
0.020884,0.044313,0.3876954,0.2497104,0.0265373,0.1101819,0.0463446,-0.0175093,1103,0,0,2008,-116.5794499,49.2260157
0.0446125,0.0554062,0.2288791,0.04101,0.0405012,0.0257338,0.0178275,-0.2009811,533,0,0,2008,-116.6832053,49.2262852
0.1109535,0.1546909,-0.0814505,0.2625951,0.1786419,0.3091653,0.2592951,0.0109089,533,0,0,2008,-116.5791804,49.1004312
0.0334103,0.0543695,0.2493548,0.0362648,0.0358401,0.0217888,0.0159842,-0.0952837,533,0,0,2008,-116.6045129,49.1567556
0.0411586,0.0675728,0.1689713,0.3005252,0.061814,0.2136452,0.1109831,-0.076359,535,0,0,2008,-116.6107113,49.1066296
0.0442173,0.074505,0.188683,0.2629148,0.0664637,0.1794484,0.115838,0.0241563,940,0,1,2008,-116.6775459,49.1990662
0.0494486,0.0792137,0.2263792,0.299174,0.0760138,0.188724,0.1001105,0.0574429,530,0,0,2008,-116.598045,49.1966408
0.0148533,0.0342755,0.377621,0.1822602,0.0258994,0.0823412,0.0347763,-0.0466819,1622,0,1,2008,-116.7624367,49.0993532
0.0214274,0.0421957,0.348847,0.2031774,0.0308418,0.0980835,0.0427992,-0.0541155,1137,0,0,2008,-116.6557169,49.0977363
0.0372513,0.0450928,0.4660129,0.1930637,0.0305909,0.0703224,0.0305596,-0.0053402,1593,0,1,2008,-116.7691741,49.2260157
0.0567038,0.087622,0.300915,0.3819558,0.0763283,0.2052552,0.1137392,0.172325,531,0,0,2008,-116.5810669,49.1861305
0.0227767,0.037426,0.4339706,0.2322863,0.0251583,0.0916901,0.0405469,0.0141751,754,0,1,2008,-116.6406252,49.0974668
0.0260907,0.0457522,0.2688641,0.2285306,0.0332387,0.1316823,0.0659869,0.0912812,695,0,0,2008,-116.6473625,49.1470538
0.0385363,0.0705436,0.2118363,0.2452405,0.0642793,0.1595015,0.0897149,0.0018769,537,0,0,2008,-116.5867263,49.1314231
0.0511986,0.0830495,0.1617848,0.2620875,0.0821776,0.1890933,0.1323759,-0.1816915,534,0,0,2008,-116.5867263,49.1354655
0.0207895,0.0358018,0.4022572,0.2271757,0.0263124,0.0968386,0.0424488,-0.0255848,1508,0,0,2008,-116.6840138,49.159181
0.0199023,0.033442,0.3992114,0.1897809,0.0210181,0.0814875,0.0358319,-0.0290622,1216,0,0,2008,-116.69668,49.1500182
0.0187778,0.0300279,0.5418208,0.2349598,0.0220569,0.0698224,0.0280339,0.0014231,1242,0,0,2008,-116.7193176,49.1271112
0.0399951,0.0627062,0.1220274,0.2577053,0.060482,0.2016512,0.1177408,0.0331114,1682,0,0,2008,-116.674851,49.0899209
0.0297351,0.0573066,0.2141826,0.2543203,0.0472815,0.1645957,0.0856103,-0.026018,1910,0,0,2008,-116.7578553,49.1079771
0.029229,0.0455256,0.2814212,0.1971914,0.0357923,0.1105784,0.0497381,-0.0079057,1064,0,0,2008,-116.7767199,49.136813
0.0225117,0.0428525,0.3509392,0.1506108,0.0305624,0.0723612,0.0335135,-0.071412,1541,0,0,2008,-116.7230905,49.1969103
0.0244054,0.0387073,0.1750431,0.1547242,0.0380887,0.1086265,0.0575461,-0.111045,1620,0,0,2008,-116.7613587,49.1772372
0.0414725,0.0677411,0.2190129,0.2075291,0.0572769,0.1329581,0.0764498,0.0392627,533,0,0,2008,-116.6155622,49.2006832
0.0195079,0.0321966,0.3073258,0.1520899,0.0259714,0.0805834,0.0368151,-0.066695,1646,0,0,2008,-116.6885952,49.1025872
0.0405408,0.0645947,0.1788708,0.3380938,0.0678575,0.2354954,0.1241855,0.1458555,535,0,0,2008,-116.5869957,49.1481318
0.0721821,0.109579,0.0233389,0.2871239,0.1189029,0.2740273,0.1859093,-0.0669691,533,0,0,2008,-116.5770245,49.0963888
0.030971,0.0597647,0.3827578,0.4549575,0.041729,0.2030862,0.0885288,0.3566672,532,0,0,2008,-116.5786414,49.1422029
0.0683288,0.1021329,0.1719646,0.307975,0.1018789,0.2175955,0.1464968,0.2503887,533,0,0,2008,-116.5937331,49.1325011
0.0347262,0.05751,0.2196604,0.030615,0.0382737,0.0195875,0.01186,-0.3150669,533,0,0,2008,-116.5902297,49.135735
0.0312085,0.041261,0.2242563,0.1644166,0.0299408,0.1041818,0.0551173,0.0440524,1799,0,0,2008,-116.7621672,49.1839745
0.0341488,0.045575,0.4003409,0.11757,0.0410238,0.0503463,0.029295,-0.1559427,531,0,0,2008,-116.6271504,49.1209128
0.0206033,0.0380005,0.4019541,0.2094253,0.0288307,0.0893367,0.0406632,-0.0273649,1417,0,0,2008,-116.672695,49.1063601
0.0270652,0.0434005,0.4202583,0.2227763,0.0319918,0.0909361,0.0409564,0.000675,668,0,1,2008,-116.6161012,49.2438023
0.033882,0.0651873,0.2763678,0.3790082,0.0509765,0.2148773,0.0941116,0.0424436,533,0,0,2008,-116.5834923,49.1187568
0.0176352,0.0367879,0.4310212,0.2471579,0.0227225,0.0982708,0.0389232,0.0115289,677,0,0,2008,-116.6384692,49.0918074
0.0400243,0.0640854,0.1365094,0.2538135,0.0590074,0.192841,0.115523,0.0904073,2070,0,0,2008,-116.7384517,49.1699608
0.0337133,0.0503726,0.2709791,0.2481784,0.0434175,0.1423526,0.06846,-0.0380549,1607,0,1,2008,-116.7379127,49.2141579
0.0383349,0.0647636,0.1056612,0.2716853,0.0688429,0.2197587,0.1227052,-0.1425309,1917,0,0,2008,-116.7039564,49.1066296
0.0407938,0.0741392,0.178182,0.3106869,0.0623631,0.2167136,0.0909047,0.0130463,533,0,0,2008,-116.6365828,49.1505572
0.0324445,0.0674635,0.2936133,0.318597,0.0528483,0.1739722,0.0804455,0.2879018,534,0,0,2008,-116.6023569,49.1543301
0.0493862,0.07852,0.2510649,0.3547066,0.0915002,0.2123409,0.1170934,0.1518621,533,0,0,2008,-116.5845703,49.0896514
0.030835,0.04079,0.6622772,0.0383425,0.0261325,0.00779,0.0087525,-0.0337857,531,0,0,2008,-116.6317319,49.2243987
0.0366978,0.0792089,0.1860272,0.3504967,0.0604016,0.2405466,0.1074407,0.0935071,1736,0,0,2008,-116.746806,49.160798
0.0400769,0.0631515,0.2282465,0.137095,0.0559418,0.0861419,0.0568886,0.0703974,597,0,1,2008,-116.6651492,49.1430114
0.0644972,0.099692,0.2134627,0.384111,0.0969684,0.2489715,0.139173,0.1880812,536,0,1,2008,-116.5708261,49.1327706
0.0353618,0.0579875,0.3143999,0.295999,0.0444865,0.1543951,0.0661055,0.0137921,1421,0,1,2008,-116.7411467,49.2443413
0.0280195,0.0421509,0.1073094,0.1625299,0.0363123,0.1310283,0.0730564,-0.0621382,1088,0,0,2008,-116.6802409,49.1961018
0.0172652,0.0317756,0.5219212,0.2142749,0.0237442,0.0673098,0.0221429,-0.0149593,1304,0,1,2008,-116.7133887,49.1244162
0.0216491,0.0456468,0.398322,0.2431149,0.0285646,0.1046089,0.0459285,0.0643787,802,0,0,2008,-116.5950806,49.2200868
0.0299545,0.0469474,0.4721965,0.2353529,0.0343982,0.0843774,0.03245,0.0579583,588,0,0,2008,-116.6449371,49.1872085
0.0409564,0.0600075,0.0793466,0.1331775,0.0632295,0.1135968,0.071855,-0.3421576,532,0,0,2008,-116.6298454,49.1246857
0.0454536,0.0704362,0.0338678,0.2085765,0.071672,0.1949113,0.1220387,0.0320453,1481,0,1,2008,-116.725516,49.1977188
0.0389345,0.0718852,0.2832966,0.4218948,0.0613803,0.2356224,0.1153827,-0.0139774,535,0,0,2008,-116.5950806,49.109594
0.0282415,0.0581504,0.3730116,0.4417375,0.0403661,0.2017203,0.0791013,0.1477241,533,0,0,2008,-116.576216,49.1419334
0.0167422,0.0324088,0.4346178,0.1899429,0.0255182,0.0748564,0.0255399,-0.0097519,1490,0,0,2008,-116.7125802,49.1198348
0.0202138,0.0443092,0.4136894,0.3256131,0.026897,0.1350441,0.0461197,-0.0283241,550,0,1,2008,-116.5926551,49.1723863
0.0366582,0.0551895,0.1596398,0.1889383,0.0478819,0.1369186,0.083519,0.019819,1773,0,0,2008,-116.7748335,49.2419159
0.0281523,0.0457515,0.2577361,0.2074501,0.0368821,0.1224285,0.0593616,0.0201264,595,0,1,2008,-116.6616458,49.2004137
0.0246812,0.0388296,0.2991158,0.172066,0.0274828,0.0928311,0.0476511,-0.0790149,1416,0,1,2008,-116.7160837,49.2055341
0.0255456,0.0458047,0.3642245,0.2601915,0.0345212,0.1212582,0.0518187,0.0155141,882,0,0,2008,-116.5702871,49.1971798
0.0342263,0.0596782,0.2595562,0.2089815,0.0588632,0.122852,0.0692729,0.0732729,1901,0,0,2008,-116.700992,49.1047431
0.0224561,0.0379726,0.3705202,0.1641061,0.0248184,0.0753739,0.0328394,0.066272,1707,0,0,2008,-116.7133887,49.184783
0.037882,0.0708252,0.2350896,0.332527,0.0589688,0.2059392,0.0874242,0.0058029,539,0,0,2008,-116.6549084,49.2001442
0.0249193,0.0508355,0.3950004,0.3106786,0.0368526,0.1347386,0.0660023,0.0313333,1553,0,0,2008,-116.7225515,49.2289801
0.0686418,0.0984726,0.093853,0.303252,0.0920215,0.2512137,0.1643256,0.0570477,532,0,0,2008,-116.5794499,49.184244
0.0396881,0.0565788,0.0534704,0.2006058,0.053506,0.1802417,0.101402,-0.0050311,596,0,0,2008,-116.6425116,49.184244
0.0215774,0.0458064,0.3006724,0.2369313,0.0270508,0.12739,0.0604746,0.0612228,1888,0,0,2008,-116.7678266,49.110672
0.0524941,0.0742822,0.2790259,0.2529953,0.075817,0.1426109,0.0790185,-0.0539427,839,0,0,2008,-116.77133,49.1432808
0.027699,0.0519782,0.2035575,0.2643894,0.0464403,0.1749571,0.0924093,0.0333871,1596,0,0,2008,-116.6691916,49.0923464
0.0333398,0.0528981,0.3308508,0.2055289,0.0426239,0.1033395,0.0474331,0.0824094,1433,0,0,2008,-116.722282,49.1996052
0.0427805,0.0672323,-0.0521886,0.200492,0.0713718,0.222571,0.1371953,0.0261199,841,0,0,2008,-116.6718865,49.2044561
0.0286783,0.0349696,0.4520789,0.2364941,0.0277272,0.0892376,0.0403961,-0.0003977,1354,0,1,2008,-116.7352178,49.1308841
0.019309,0.0360838,0.3817964,0.1837913,0.0273064,0.0822266,0.040285,0.0218099,1869,0,1,2008,-116.7562383,49.1077076
0.0198251,0.0327623,0.3918353,0.168117,0.0229104,0.073459,0.034549,-0.0129385,1358,0,1,2008,-116.7597418,49.1643014
0.0191506,0.0356285,0.3893764,0.1941658,0.026335,0.0853348,0.0397993,-0.0300852,1186,0,0,2008,-116.7327923,49.0955803
0.0302247,0.0433186,-0.0046461,0.15424,0.0430472,0.15568,0.0950719,-0.1151343,1791,0,0,2008,-116.7333313,49.2028392
0.0319505,0.053068,0.3354452,0.2140298,0.0374852,0.1065072,0.0460107,-0.0217601,544,0,1,2008,-116.6465541,49.1912509
0.025501,0.0397365,0.3052149,0.1580614,0.0317571,0.0841384,0.0389585,-0.0666742,1175,0,0,2008,-116.6640712,49.1330401
0.075273,0.100175,0.0573742,0.2993537,0.108274,0.2668672,0.1573221,-0.0344957,530,0,1,2008,-116.6042434,49.1998747
0.0220316,0.0414096,0.138959,0.1400874,0.0276555,0.1059046,0.0559403,-0.1926043,1645,0,0,2008,-116.7071903,49.1020482
0.0203354,0.0471784,0.3309317,0.2960495,0.0326472,0.1488261,0.0605549,-0.0080132,922,0,0,2008,-116.5821448,49.2173919
0.031074,0.0594186,0.2891847,0.2679979,0.0513669,0.1477655,0.073746,-0.1281183,535,0,0,2008,-116.6066689,49.1680744
0.0250404,0.0400543,0.4213639,0.1486117,0.0296537,0.0604997,0.030041,-0.0093638,1682,0,0,2008,-116.700453,49.1820881
0.0264401,0.0405606,0.3755254,0.1898035,0.0350026,0.0861689,0.0408262,-0.0548389,1694,0,0,2008,-116.746267,49.1201043
0.0207127,0.0348952,0.4198666,0.1908017,0.0248525,0.0779583,0.0354128,-0.0034928,1377,0,0,2008,-116.7519264,49.1273807
0.029979,0.0450974,0.182031,0.1978361,0.0351474,0.1369032,0.0770869,-0.0443429,1456,0,1,2008,-116.7292889,49.1508267
0.0428563,0.0733744,0.0892507,0.2823495,0.0710874,0.2360794,0.1372152,-0.1962957,1663,0,1,2008,-116.7201261,49.1071686
0.0254776,0.0375484,0.3405335,0.1883516,0.0303156,0.0926583,0.0416928,0.0753926,1897,0,0,2008,-116.7562383,49.1864
0.0228167,0.0509955,0.1999757,0.2239213,0.038308,0.1492884,0.0796542,-0.1665113,791,0,1,2008,-116.6462846,49.1769677
0.0138127,0.0314722,0.4232617,0.1362218,0.0247017,0.0552002,0.0218519,0.0527187,1618,0,0,2008,-116.6648797,49.1217213
0.0269785,0.0495363,0.1909421,0.2079042,0.036573,0.1412382,0.0716204,0.0184174,870,0,1,2008,-116.7090768,49.2438023
0.0462544,0.0830624,0.1639325,0.3664607,0.0951096,0.2632334,0.1539199,0.2901446,532,0,1,2008,-116.5759465,49.1502877
0.0236403,0.0490654,0.3525573,0.3326369,0.0362248,0.1592268,0.0660134,0.0655046,541,0,0,2008,-116.6034349,49.1028567
0.0390642,0.0674997,0.1642168,0.2663543,0.0630517,0.1912139,0.1101201,-0.2242132,1732,0,0,2008,-116.7139277,49.1058211
0.0338336,0.0560859,0.0420814,0.2040823,0.0514535,0.1875998,0.1150554,-0.0781864,1624,0,0,2008,-116.7160837,49.0996227
0.02691,0.0482163,0.4073015,0.278675,0.0373746,0.1173666,0.0546114,-0.0390758,540,0,0,2008,-116.622569,49.1289976
0.034636,0.0503556,0.0103675,0.1748463,0.046739,0.1712581,0.1120797,-0.0090596,1953,0,0,2008,-116.7581248,49.1899034
0.0322787,0.0632575,0.4394703,0.4349063,0.04442,0.1693525,0.0687437,-0.0376068,533,0,0,2008,-116.6074773,49.1527132
0.0261101,0.038926,0.3985401,0.12781,0.0344007,0.0549663,0.0309018,0.3449612,531,0,0,2008,-116.6209521,49.1599895
0.020002,0.0349716,0.2620007,0.1406938,0.028278,0.0822757,0.0342592,-0.0467934,1627,0,0,2008,-116.6786239,49.1227993
0.0224583,0.0390296,0.408748,0.1948677,0.0325464,0.081786,0.0345904,-0.0794898,1137,0,1,2008,-116.6950631,49.2111935
0.0393572,0.0562929,0.2435085,0.1405871,0.0480613,0.0855265,0.0458854,-0.0098325,1854,0,0,2008,-116.7659402,49.2155054
0.0380911,0.0607767,0.0949465,0.2208226,0.0557144,0.182526,0.1029233,0.0403779,910,0,0,2008,-116.6761985,49.2041866
0.0307392,0.05894,0.1404649,0.224885,0.0468619,0.1694893,0.0891153,0.0302846,657,0,0,2008,-116.6438591,49.1802016
0.0377512,0.054375,0.2502059,0.1764338,0.0484625,0.1058138,0.0549388,-0.3429365,531,0,0,2008,-116.624725,49.1656489
0.0330983,0.0602902,0.1987134,0.2446316,0.0550185,0.1635253,0.0923633,-0.0462369,1549,0,0,2008,-116.7271329,49.2227818
0.0338712,0.0548586,0.2644608,0.2326168,0.0407411,0.1353136,0.0646796,0.0345992,551,0,0,2008,-116.6338878,49.1710388
0.0228837,0.0424295,0.4377778,0.3025842,0.029389,0.1183212,0.0560192,-0.0300337,1587,0,0,2008,-116.7748335,49.1055516
0.0233865,0.0407807,0.3594988,0.1403222,0.0378079,0.0661101,0.0320748,0.113115,1815,0,1,2008,-116.67539,49.1187568
0.0269159,0.0466846,0.3152386,0.233343,0.0348414,0.1214869,0.0551451,0.0236624,1000,0,0,2008,-116.5705566,49.2039171
0.0247437,0.0492875,0.4476482,0.366445,0.0348225,0.1398175,0.0573725,0.3536764,531,0,0,2008,-116.599662,49.1265722
0.0327394,0.0474888,0.2147724,0.1710321,0.0375426,0.1105549,0.0619187,0.1236994,640,0,1,2008,-116.6775459,49.1430114
0.0218974,0.0345851,0.3464833,0.1448934,0.0278972,0.0703241,0.0372121,-0.0077317,1681,0,0,2008,-116.7023394,49.1950238
0.0370726,0.059844,0.2891521,0.2547151,0.0455619,0.1404518,0.0701675,0.0033875,1095,0,0,2008,-116.650866,49.1125585
0.067502,0.1046548,0.1259847,0.3712867,0.1081395,0.2882013,0.1488433,-0.1920203,530,0,0,2008,-116.6171791,49.1470538
0.03441,0.05784,0.1552382,0.0253763,0.037215,0.0185562,0.0119838,0.0641123,533,0,0,2008,-116.5872652,49.1446283
0.0224222,0.0443508,0.3033113,0.2545145,0.0292294,0.1360515,0.0575276,0.0093373,716,0,0,2008,-116.6400862,49.1052821
0.0216213,0.0361502,0.4012486,0.1858347,0.0255416,0.0794069,0.0371786,-0.033517,1173,0,0,2008,-116.7457281,49.135735
0.0232655,0.0369289,0.4760405,0.2346075,0.0233861,0.0832801,0.0330606,0.0346456,1294,0,1,2008,-116.7443806,49.1265722
0.0264075,0.0345062,0.5898197,0.0475137,0.02924,0.0122587,0.0065937,-0.0548044,531,0,0,2008,-116.6198741,49.1656489
0.0337281,0.0602129,0.3468774,0.2354568,0.0465845,0.1141768,0.0607318,0.0713034,602,0,0,2008,-116.671617,49.1427419
0.054375,0.0839512,0.019555,0.273495,0.0881037,0.2630038,0.1605388,-0.423802,533,0,1,2008,-116.6115198,49.1936763
0.0218038,0.0359876,0.3881831,0.1638057,0.0261461,0.0721945,0.0367845,-0.0433178,1639,0,1,2008,-116.7303669,49.2241292
0.0646359,0.090666,0.2475926,0.3316228,0.0913463,0.1999976,0.1100524,-0.0025602,532,0,0,2008,-116.596967,49.1944848
0.0237688,0.0357534,0.3556558,0.1622245,0.0306458,0.0771054,0.0380508,0.0573625,1743,0,0,2008,-116.7128497,49.1823576
0.0448055,0.0724995,0.1628048,0.2686902,0.0780236,0.1934514,0.1252837,-0.2022761,535,0,0,2008,-116.5907687,49.1384299
0.0160933,0.0320261,0.4617749,0.1809253,0.0244507,0.0666166,0.0288314,0.002034,1602,0,0,2008,-116.5853788,49.2424549
0.0216127,0.0358099,0.5714626,0.2879605,0.0216321,0.0785268,0.0276126,-0.0238963,1303,0,0,2008,-116.7362958,49.1004312
0.0231014,0.0420728,0.2323972,0.1988108,0.0401158,0.12383,0.0589746,-0.2568804,761,0,1,2008,-116.6675746,49.1931373
0.0617566,0.1060059,0.4202598,0.3886545,0.1063315,0.1586461,0.0765954,0.3219721,530,0,0,2008,-116.5737905,49.1667269
0.040075,0.0588988,0.2792088,0.0425225,0.0418487,0.02396,0.0138537,-0.0485034,533,0,1,2008,-116.6400862,49.1866695
0.0552821,0.0928135,0.1555479,0.3646327,0.1040055,0.2664665,0.1621579,0.1387689,531,0,1,2008,-116.5759465,49.1443588
0.0519789,0.0852834,0.1040537,0.3215629,0.0875343,0.2609502,0.1568715,0.0268448,532,0,0,2008,-116.5772939,49.0950413
0.0208687,0.0321369,0.3769568,0.173346,0.0196866,0.0784353,0.0351025,-0.0402237,1463,0,0,2008,-116.7850743,49.1543301
0.0375929,0.0579546,-0.065425,0.1627851,0.0529364,0.1855767,0.1246506,0.0254846,1253,0,0,2008,-116.6543694,49.1155229
0.0326803,0.0564605,0.3800365,0.2198589,0.041986,0.0987688,0.0518101,0.2181534,531,0,0,2008,-116.6069383,49.2044561
0.0235677,0.0338664,0.3634142,0.1663459,0.0274276,0.0776678,0.0344943,-0.0654686,1707,0,1,2008,-116.7551604,49.1750812
0.0401438,0.04904,0.2765146,0.0372287,0.04233,0.0211,0.0187075,-0.45807,531,0,0,2008,-116.624186,49.2276327
0.0374379,0.0669739,0.4248163,0.4198774,0.0512639,0.1695002,0.0664658,0.1013221,533,0,1,2008,-116.6686526,49.2389514
0.0196681,0.0404188,0.406087,0.2058021,0.0269029,0.0869281,0.0353964,-0.0264745,614,0,1,2008,-116.6468235,49.1405859
0.0264087,0.0523223,0.3059653,0.261041,0.0403531,0.1387261,0.0692454,0.07113,645,0,0,2008,-116.5875347,49.208229
0.0293085,0.0611531,0.2313235,0.3082282,0.0444342,0.1924172,0.082141,0.1413078,631,0,0,2008,-116.6279589,49.1001617
0.0179046,0.0381279,0.2502732,0.1779071,0.0328771,0.1066821,0.053495,0.0327212,1778,0,0,2008,-116.7637842,49.1055516
0.0496143,0.0750618,0.2381748,0.3791967,0.0603143,0.2333125,0.1145997,-0.0504789,533,0,1,2008,-116.6395472,49.1950238
0.0276457,0.0537717,0.4946753,0.3135169,0.0434703,0.1059948,0.0516116,0.1420766,534,0,0,2008,-116.5807974,49.1548691
0.0186702,0.0380073,0.3876233,0.1877258,0.0291032,0.0828459,0.0438302,0.048318,1876,0,0,2008,-116.7349483,49.1594505
0.0171482,0.0249216,0.4215215,0.1455714,0.0187915,0.0592393,0.0249532,0.0008746,1507,0,1,2008,-116.7823793,49.1257637
0.0464453,0.0684448,0.1756229,0.2156565,0.0675537,0.1512239,0.0826662,-0.0360562,532,0,1,2008,-116.5977755,49.2117325
0.0267593,0.0548565,0.2041091,0.2446545,0.041052,0.1617115,0.0747993,0.0882095,570,0,0,2008,-116.6279589,49.1136364
0.0229613,0.0376367,0.3417409,0.1838914,0.0302866,0.0902173,0.0406458,-0.0149785,1141,0,0,2008,-116.599662,49.2427244
0.0226493,0.0479949,0.4603165,0.2529179,0.0362881,0.0934699,0.0386767,-0.0399159,1083,0,0,2008,-116.6961411,49.2117325
0.0337637,0.0473212,0.6175982,0.039525,0.03474,0.0093437,0.0055075,0.2380917,533,0,0,2008,-116.6276894,49.1864
0.0370225,0.0509513,0.3274683,0.0410238,0.0420688,0.0207838,0.0167962,-0.2412834,531,0,0,2008,-116.6295759,49.2184698
0.0285545,0.0518975,0.3797167,0.3380127,0.0328933,0.1519614,0.063608,0.1091795,551,0,0,2008,-116.6403557,49.1572946
0.0389984,0.0576909,0.0203843,0.1493324,0.0502142,0.1433659,0.0955473,-0.0272232,1868,0,0,2008,-116.7707911,49.2168529
0.02227,0.0364006,0.252871,0.1669955,0.0313149,0.099585,0.0524228,-0.0958333,979,0,0,2008,-116.6783544,49.1958323
0.0332141,0.056231,0.3615169,0.3047563,0.041018,0.1429154,0.0732081,-0.0206777,540,0,1,2008,-116.6287674,49.1882864
0.0192904,0.0368675,0.2599382,0.1592095,0.028185,0.0935164,0.0456151,-0.0790344,1731,0,0,2008,-116.7627062,49.1287281
0.0222683,0.0376129,0.3537929,0.1768914,0.0252451,0.0844357,0.0265168,-0.0243795,1383,0,0,2008,-116.7166226,49.1241467
0.0261368,0.0488149,0.3089837,0.2391957,0.0353644,0.1262721,0.071268,0.0353358,1123,0,0,2008,-116.650866,49.1157924
0.0235124,0.0367902,0.2323688,0.1693834,0.0286335,0.1055074,0.0475362,-0.0918224,936,0,1,2008,-116.6767374,49.1974493
0.028525,0.0398413,0.5865886,0.042825,0.0327875,0.0111587,0.0081337,-0.1456516,531,0,1,2008,-116.6457456,49.2039171
0.0191088,0.0339401,0.2631735,0.1342456,0.0280305,0.0783073,0.0448936,-0.0667472,1800,0,0,2008,-116.6956021,49.109594
0.0379957,0.0623107,0.4363363,0.2002626,0.05268,0.0785894,0.031857,0.0148601,2018,0,0,2008,-116.751118,49.2311361
0.0332106,0.0577765,0.3034131,0.3110049,0.0447703,0.1662112,0.0742803,-0.0029728,1745,0,0,2008,-116.7546214,49.2133494
0.0394575,0.0583049,0.2223621,0.2590711,0.0442315,0.1648149,0.0639889,0.0795112,951,0,0,2008,-116.7694436,49.1413944
0.0286084,0.0383726,0.4638515,0.0518737,0.0333876,0.0189992,0.0120619,-0.2847366,533,0,0,2008,-116.6125977,49.1691523
0.0208508,0.0411948,0.3208382,0.1823656,0.0331062,0.0937706,0.0445197,0.0543249,1779,0,0,2008,-116.7589333,49.184244
0.0464,0.06818,0.0716705,0.202105,0.0640825,0.1750725,0.1079175,-0.0512963,532,0,0,2008,-116.6244555,49.2160444
0.058246,0.0992991,0.078926,0.2706463,0.0976569,0.2310495,0.1452147,0.0612342,1847,0,0,2008,-116.6980275,49.1742727
0.0299,0.0450937,0.3876141,0.0534812,0.0358812,0.0236025,0.01549,-0.1504809,531,0,1,2008,-116.649249,49.2079595
0.0252846,0.0491147,0.3335751,0.2495343,0.0343761,0.1246993,0.0546871,0.042566,1918,0,0,2008,-116.7414161,49.1645709
0.0574182,0.0910783,0.235491,0.293418,0.0924279,0.181564,0.1023911,-0.0272255,531,0,0,2008,-116.5956196,49.1804711
0.0252648,0.0373268,0.3263553,0.1722666,0.0268626,0.0874928,0.044963,0.0794493,1789,0,0,2008,-116.7586638,49.1845135
0.0450294,0.0810178,0.308524,0.3467623,0.0749637,0.1832429,0.1207506,0.0649703,535,0,0,2008,-116.5778329,49.1559471
0.0391278,0.0550635,0.3086345,0.3013806,0.0597521,0.1592226,0.0755827,0.1247522,532,0,1,2008,-116.5840313,49.1750812
0.0144344,0.0319298,0.3480136,0.1537917,0.0216366,0.0743836,0.0353506,-0.041783,1523,0,0,2008,-116.7147362,49.0971973
0.0285525,0.038315,0.6554935,0.0333375,0.0259125,0.0069375,0.0049025,0.0224902,531,0,0,2008,-116.6532914,49.2246682
0.0241705,0.0378718,0.1973046,0.1711286,0.0260475,0.1147278,0.060296,-0.0521497,1794,0,0,2008,-116.7654012,49.1273807
0.0305054,0.0485233,0.0770607,0.1658671,0.0447967,0.1421325,0.0896253,0.124237,2207,0,0,2008,-116.7791454,49.2001442
0.0175357,0.0326067,0.2098374,0.1395531,0.0278919,0.0911442,0.0486303,-0.1084977,1416,0,1,2008,-116.6584118,49.1174094
0.0179441,0.0335428,0.5196183,0.2112452,0.0231615,0.0667788,0.0280083,-0.000514,1286,1,0,2009,-116.7201261,49.1257637
0.0236475,0.0398852,0.0689832,0.1431532,0.038648,0.1246774,0.0676653,-0.0386572,1818,1,1,2009,-116.771869,49.1271112
0.0198814,0.033609,0.4358767,0.1868315,0.0202539,0.0734019,0.0321837,-0.0110044,1457,1,0,2009,-116.7656707,49.1651099
0.0184267,0.0337908,0.3645732,0.1689813,0.0242443,0.0786878,0.0332948,-0.051483,1303,1,1,2009,-116.7252465,49.0958498
0.0360913,0.0520923,-0.0577227,0.1551257,0.0474813,0.1741313,0.1162723,0.0202713,1657,1,0,2009,-116.7705216,49.2435328
0.0220759,0.0331773,0.3323424,0.1740519,0.0257849,0.0872201,0.0384897,-0.0789397,1370,1,0,2009,-116.7521959,49.0945023
0.0263882,0.0379526,0.3284748,0.1873561,0.0357444,0.0947059,0.0417431,-0.0543913,1366,1,1,2009,-116.7257855,49.0993532
0.0197427,0.0329653,0.4141147,0.2032399,0.022672,0.0842048,0.038571,-0.0366302,1377,1,0,2009,-116.7535434,49.0950413
0.0231144,0.0340796,0.3286605,0.1717263,0.0263572,0.0867691,0.0448237,-0.0987323,1365,1,0,2009,-116.7252465,49.0974668
0.0181183,0.0362854,0.2572852,0.1436915,0.0282685,0.0848827,0.0436409,-0.014076,1792,1,0,2009,-116.7284804,49.2090375
0.0153529,0.0349087,0.37408,0.1601283,0.025913,0.0729415,0.0365322,0.0849061,1843,1,0,2009,-116.7715995,49.1265722
0.017842,0.0340109,0.4829611,0.2097285,0.0251437,0.0731225,0.0275566,-0.0394996,1337,1,0,2009,-116.7241685,49.1271112
0.0158192,0.0313979,0.3962732,0.1613037,0.0238694,0.0697452,0.0315612,-0.048391,1657,1,1,2009,-116.7521959,49.0998922
0.0224306,0.0394429,0.280709,0.1638944,0.0352081,0.0920489,0.0426911,-0.0969959,1343,1,0,2009,-116.726055,49.0977363
0.0232684,0.0454711,0.0715102,0.1726797,0.0464461,0.1496312,0.0752089,0.1535256,1719,1,0,2009,-116.773486,49.1276502
0.0211908,0.0378804,0.5199234,0.2395664,0.025314,0.0756684,0.0292678,-0.0445535,1304,1,0,2009,-116.72336,49.1281892
0.0234043,0.0535566,0.2873073,0.2535108,0.0402117,0.1403513,0.0640256,-0.0490279,1847,1,1,2009,-116.7689046,49.1276502
0.0245694,0.0390934,0.3637672,0.1932867,0.0302594,0.0901733,0.0422742,-0.0302527,1302,1,0,2009,-116.7689046,49.135196
0.0322984,0.0470087,0.0061962,0.1657656,0.0429612,0.163724,0.1060932,0.0118684,1631,1,0,2009,-116.7694436,49.2435328
0.0212837,0.0351454,0.3771443,0.1671191,0.0247275,0.0755847,0.0339204,-0.0816229,1476,1,0,2009,-116.7538129,49.0969278
0.0196153,0.0329983,0.3764788,0.1802799,0.0221771,0.0816637,0.0335642,-0.04213,1543,1,0,2009,-116.7680961,49.1637624
0.0207465,0.0334011,0.3823272,0.1597951,0.0246726,0.0714021,0.032004,-0.0602443,1462,1,0,2009,-116.7538129,49.0966583
0.0280418,0.0391305,0.3341604,0.2094931,0.0373872,0.1045518,0.0545339,-0.0503888,1369,1,1,2009,-116.7257855,49.0990837
0.0194418,0.0305945,0.3583095,0.1719597,0.0270582,0.081237,0.036839,-0.0779749,1496,1,0,2009,-116.7527349,49.0969278
0.0188923,0.0304124,0.4098794,0.1686837,0.0219246,0.0706044,0.0295794,-0.077513,1435,1,0,2009,-116.7532739,49.0961193
0.0233609,0.03801,0.2306511,0.1601698,0.02664,0.1001311,0.0521731,-0.0174751,1932,1,0,2009,-116.7839963,49.2443413
0.0221278,0.0402653,0.2550729,0.1695548,0.0276129,0.1006364,0.0516941,0.0736537,1908,1,0,2009,-116.7823793,49.2443413
0.0186019,0.0385123,0.3063846,0.1487442,0.0263108,0.0789747,0.0438599,0.0138504,1817,1,0,2009,-116.7769894,49.2448803
0.0187733,0.0372027,0.3234457,0.1616524,0.0265409,0.0826378,0.0398871,-0.0046635,1782,1,0,2009,-116.7742945,49.2448803
0.019042,0.0321039,0.3701,0.1698347,0.0232972,0.0780811,0.0322466,-0.0870552,1431,1,0,2009,-116.7535434,49.0961193
0.0225617,0.0370121,0.5129981,0.2252506,0.02444,0.0725034,0.0286997,-0.0161167,1229,1,0,2009,-116.7185091,49.1271112
0.0204414,0.0354788,0.3511845,0.1461061,0.0261206,0.0701576,0.0348074,0.0428514,1773,1,1,2009,-116.7317143,49.208768
0.0275101,0.0414658,0.3263859,0.1961837,0.0371254,0.0996332,0.0466596,-0.0166303,1279,1,0,2009,-116.7691741,49.1354655
0.0242685,0.0445113,0.2160067,0.1814333,0.0306519,0.1169751,0.0589858,-0.0132541,1922,1,0,2009,-116.7829183,49.2438023
0.021068,0.0329482,0.3899343,0.1791601,0.0229665,0.0786364,0.0352899,-0.0896546,1491,1,0,2009,-116.7543519,49.0974668
0.0172479,0.034769,0.4603619,0.2031928,0.0242877,0.0750845,0.0285493,-0.0765576,1364,1,1,2009,-116.724438,49.1268417
0.021415,0.0321561,0.3824757,0.1979286,0.0245108,0.0884108,0.0380817,-0.0626065,1368,1,0,2009,-116.7532739,49.0947718
0.0208705,0.0346231,0.3748279,0.1684402,0.0242444,0.0765944,0.033362,-0.0505123,1531,1,0,2009,-116.7524654,49.0974668
0.0237203,0.0368647,0.5007783,0.2505631,0.0276979,0.0833478,0.0303437,-0.0159771,1214,1,0,2009,-116.7179701,49.1273807
0.0204382,0.0362521,0.3580771,0.1838234,0.0254333,0.0868879,0.0408147,-0.069864,1445,1,1,2009,-116.7268634,49.1268417
0.0244058,0.0402633,0.2419986,0.1777389,0.0337143,0.1084754,0.0639387,0.0366782,1769,1,0,2009,-116.7742945,49.2427244
0.0220096,0.0393664,0.5161954,0.2465714,0.0265223,0.0786788,0.0254631,-0.0736585,1241,1,0,2009,-116.7206651,49.1281892
0.0179174,0.0350879,0.484364,0.2083444,0.021121,0.0723743,0.0290885,-0.0791055,1264,1,0,2009,-116.7206651,49.1268417
0.0228523,0.0447463,0.5175818,0.2382563,0.0275563,0.0757384,0.0266977,-0.0290806,1238,1,0,2009,-116.7220125,49.1292671
0.0175515,0.0352405,0.389832,0.1674263,0.0247813,0.073504,0.0309648,-0.0745196,1586,1,0,2009,-116.7521959,49.0982753
0.0213204,0.0380696,0.2737622,0.1456292,0.0299861,0.0830308,0.0430504,0.0090574,1701,1,0,2009,-116.7306364,49.2106545
0.0172957,0.0326721,0.3989322,0.1674542,0.0219697,0.0719487,0.0335641,-0.0524907,1496,1,0,2009,-116.7667486,49.1648404
0.0252815,0.0387666,0.1881741,0.138414,0.0315414,0.0945721,0.0496436,-0.0393919,1681,1,0,2009,-116.7306364,49.210924
0.0261046,0.0414426,0.3278348,0.188526,0.0298392,0.095434,0.0488477,-0.0304472,1345,1,0,2009,-116.7691741,49.1343875
0.029128,0.0614039,-0.0233354,0.1944154,0.0642865,0.2037057,0.1136094,0.150307,1705,1,0,2009,-116.772408,49.1287281
0.0202884,0.0355816,0.4356056,0.193297,0.0242031,0.0759928,0.0342387,-0.0231723,1455,1,1,2009,-116.7656707,49.1645709
0.0343475,0.0538607,0.1496949,0.2211018,0.0478311,0.1635251,0.0832069,0.0852865,1679,1,1,2009,-116.7309059,49.2111935
0.0253025,0.0452918,0.5119931,0.2522327,0.0294608,0.08141,0.0332509,-0.0157429,1228,1,1,2009,-116.722821,49.1295366
0.018359,0.0331275,0.3750396,0.1726414,0.0222635,0.0784661,0.0392516,-0.0232264,1550,1,0,2009,-116.7705216,49.1610675
0.0195058,0.0313893,0.3587244,0.1664659,0.0209142,0.0785667,0.0368098,-0.0831343,1480,1,1,2009,-116.7680961,49.1621455
0.0215511,0.0355202,0.4747285,0.2173251,0.0234078,0.0774073,0.0290136,-0.0544308,1225,1,1,2009,-116.7190481,49.1273807
0.0198895,0.0350367,0.3439984,0.163646,0.0254413,0.0798751,0.0325035,-0.0769494,1583,1,0,2009,-116.7527349,49.0985447
0.0212088,0.0347315,0.506591,0.2288897,0.0228627,0.0749614,0.0296927,-0.0688693,1252,1,0,2009,-116.7206651,49.1276502
0.0214058,0.0352441,0.2857142,0.145226,0.0296887,0.0806811,0.0420631,0.0083184,1700,1,0,2009,-116.7300974,49.2106545
0.0220341,0.0369785,0.2007708,0.1088022,0.0290874,0.0724184,0.0348883,0.0339224,1733,1,0,2009,-116.7694436,49.1289976
0.02008,0.0338677,0.3888693,0.1825077,0.0286171,0.0803071,0.0377088,-0.0392477,1270,1,0,2009,-116.7271329,49.0961193
0.0205595,0.0381531,0.3696071,0.172242,0.0234972,0.0792783,0.039041,-0.0660032,1600,1,0,2009,-116.771869,49.1616065
0.0223082,0.0332204,0.3276478,0.177947,0.0255586,0.0901165,0.0434244,-0.09425,1295,1,1,2009,-116.726055,49.0961193
0.0204702,0.0322918,0.3709371,0.1794753,0.0246253,0.0823533,0.0382382,-0.0824518,1381,1,0,2009,-116.7532739,49.0950413
0.0222851,0.0424685,0.2729027,0.210541,0.0366037,0.1202636,0.0541581,-0.0916618,1373,1,0,2009,-116.7257855,49.1004312
0.0194534,0.034662,0.4701558,0.2253918,0.0226621,0.0812312,0.0314012,-0.026169,1358,1,0,2009,-116.7556994,49.0953108
0.0196097,0.0389526,0.2309665,0.146959,0.0316331,0.0918111,0.0520145,0.0165888,1852,1,0,2009,-116.77133,49.1265722
0.0269633,0.0387895,0.2845534,0.1764409,0.0308498,0.0982708,0.050515,-0.0686882,1324,1,0,2009,-116.7263245,49.0971973
0.0203414,0.034825,0.4814512,0.2083473,0.0242379,0.0729273,0.025463,-0.0591097,1327,1,1,2009,-116.7241685,49.1276502
0.0245686,0.0360184,0.2402471,0.1890463,0.0336507,0.1158064,0.0597726,-0.0961039,1432,1,1,2009,-116.7271329,49.1273807
0.0178547,0.0368045,0.5113701,0.2178488,0.0256867,0.0704311,0.0300914,-0.0446296,1339,1,0,2009,-116.723899,49.1268417
0.0287214,0.046472,0.0647063,0.147856,0.0423652,0.1298844,0.0696657,0.0407357,1759,1,0,2009,-116.7694436,49.1287281
0.0199309,0.0333834,0.3655901,0.1861092,0.0245429,0.0864604,0.0412201,-0.0551195,1444,1,1,2009,-116.7546214,49.0966583
0.0173628,0.0352163,0.2627813,0.1454794,0.0247677,0.0849316,0.039479,0.0034742,1905,1,1,2009,-116.7823793,49.2448803
0.0174473,0.0321627,0.4799286,0.1975871,0.0194639,0.0694354,0.0256085,-0.0490496,1349,1,1,2009,-116.7247075,49.1273807
0.0223082,0.0332204,0.3276478,0.177947,0.0255586,0.0901165,0.0434244,-0.09425,1295,1,1,2009,-116.726055,49.0961193
0.0211949,0.0354208,0.2653496,0.1366639,0.0256645,0.0793458,0.0429212,-0.0324619,1859,1,0,2009,-116.7794149,49.2448803
0.0200927,0.0438668,0.3878516,0.1915094,0.0268665,0.0844703,0.0405464,0.017343,1864,1,1,2009,-116.7726775,49.1260332
0.0203829,0.0359325,0.3025249,0.16722,0.0280615,0.0895428,0.0418148,-0.0608754,1286,1,0,2009,-116.726055,49.0958498
0.0199639,0.0342407,0.3986641,0.1808316,0.0245087,0.077746,0.0343561,-0.0454812,1475,1,0,2009,-116.7670181,49.162415
0.0201276,0.0393589,0.5141503,0.225179,0.0234403,0.0722538,0.0257926,-0.0209858,1252,1,1,2009,-116.7220125,49.1287281
0.0211902,0.0403664,0.2478842,0.15668,0.0274448,0.094433,0.0457369,-0.0160824,1815,1,0,2009,-116.7694436,49.1279197
0.0215861,0.0310573,0.3917108,0.1723028,0.0241616,0.0753101,0.0389783,-0.0564351,1495,1,0,2009,-116.7546214,49.0980058
0.0183883,0.034604,0.2296833,0.1404946,0.0345408,0.0880108,0.0497604,0.0825331,1767,1,0,2009,-116.77133,49.1279197
0.0178908,0.0363669,0.3610812,0.1716838,0.0257229,0.0805918,0.0368008,-0.0612398,1567,1,0,2009,-116.7532739,49.0985447
0.0238047,0.0370783,0.2353268,0.1412428,0.0343642,0.08743,0.0444373,-0.0301951,1715,1,1,2009,-116.7311754,49.2106545
0.0170224,0.0360065,0.366403,0.1667505,0.0254275,0.0773217,0.0346999,-0.0880048,1566,1,0,2009,-116.7538129,49.0990837
0.0204809,0.0371306,0.3087373,0.1517733,0.0264135,0.0801652,0.0386345,0.0160328,1783,1,0,2009,-116.7309059,49.208768
0.0198897,0.0340707,0.484674,0.2046323,0.0236073,0.0710273,0.0247738,-0.058022,1337,1,0,2009,-116.724438,49.1276502
0.0210917,0.0390345,0.2700854,0.151651,0.0334885,0.0871534,0.0499623,0.0538814,1747,1,0,2009,-116.7284804,49.2095765
0.019891,0.0392406,0.3410954,0.1834996,0.0288255,0.0901567,0.049743,0.0863875,1734,1,0,2009,-116.7732165,49.2432633
0.0185653,0.0370426,0.5017233,0.2263546,0.0231954,0.0751052,0.0300271,-0.0351894,1298,1,0,2009,-116.722821,49.1276502
0.0194887,0.0345089,0.4384884,0.1753056,0.0233442,0.0684303,0.0273836,-0.0982146,1426,1,1,2009,-116.7654012,49.162954
0.017196,0.0370743,0.5085853,0.2324316,0.0227397,0.0757135,0.0246649,-0.0535876,1241,1,0,2009,-116.7185091,49.1263027
0.0199044,0.0343184,0.3271701,0.1668121,0.027137,0.084568,0.0430782,-0.0451468,1423,1,0,2009,-116.7271329,49.1279197
0.0210146,0.0402983,0.2641034,0.2035032,0.0286011,0.1184692,0.0501092,-0.0950508,1411,1,0,2009,-116.7265939,49.1276502
0.0206302,0.0408727,0.4818069,0.2255009,0.0232738,0.0788585,0.0287396,-0.0323439,1221,1,0,2009,-116.7179701,49.1271112
0.0253611,0.0353886,0.3674443,0.1785379,0.0323958,0.0825885,0.0365855,-0.0433117,1368,1,1,2009,-116.7257855,49.0996227
0.0195924,0.0296608,0.3736357,0.1527965,0.019593,0.0696737,0.0335213,-0.0502067,1525,1,0,2009,-116.7675571,49.1637624
0.0168668,0.0307113,0.4335307,0.1746373,0.0204437,0.0690091,0.0341821,-0.0230904,1515,1,0,2009,-116.7697131,49.1616065
0.0215838,0.0351756,0.4090493,0.2192887,0.0241493,0.091969,0.040129,-0.0195933,1476,1,0,2009,-116.7662096,49.1637624
0.0233022,0.0406593,0.3021653,0.1453314,0.0307599,0.0778836,0.0395033,0.0297157,1803,1,0,2009,-116.7325228,49.2079595
0.0171338,0.0359492,0.3406554,0.1670836,0.0282674,0.082173,0.038066,-0.073699,1602,1,0,2009,-116.7524654,49.0988142
0.0259836,0.0506822,0.04896,0.1898972,0.0491494,0.1721703,0.0868168,-0.0601448,1796,1,0,2009,-116.7715995,49.1276502
0.0207458,0.038897,0.2330668,0.1645338,0.0269386,0.1023355,0.0487405,-0.0008187,1908,1,0,2009,-116.7823793,49.2446108
0.0156222,0.0375934,0.2477619,0.1262966,0.0271484,0.0761404,0.0369411,-0.046629,1691,1,0,2009,-116.7702521,49.1289976
0.0193084,0.0321817,0.4121086,0.1891162,0.0231622,0.0787332,0.0410694,-0.0285816,1552,1,0,2009,-116.7705216,49.161337
0.0195989,0.0308487,0.3546501,0.1633148,0.0239882,0.0778025,0.0362314,-0.0820903,1424,1,0,2009,-116.7546214,49.0963888
0.0238159,0.0451316,0.3168551,0.2092257,0.0348551,0.10854,0.0544647,0.0472335,1787,1,0,2009,-116.774564,49.2435328
0.0256532,0.0408192,0.269062,0.1469581,0.0307219,0.0846431,0.0428733,0.0613468,1713,1,0,2009,-116.7325228,49.209846
0.0293346,0.0502979,0.2354925,0.2199214,0.0403659,0.1360847,0.0674018,-0.0529592,1335,1,0,2009,-116.7699826,49.1343875
0.0190267,0.0344863,0.3864975,0.1657085,0.0256726,0.0733233,0.0403418,-0.0587627,1398,1,0,2009,-116.7247075,49.0996227
0.0186455,0.0316606,0.4166301,0.1853464,0.0223819,0.0763259,0.0316542,-0.0474313,1340,1,0,2009,-116.7524654,49.0936938
0.024234,0.0410254,0.2921383,0.1918363,0.0342904,0.1050921,0.0555444,0.0439285,1743,1,0,2009,-116.7732165,49.2435328
0.0240849,0.0419853,0.2005153,0.1733408,0.0348,0.1154365,0.0669901,0.0580694,1711,1,0,2009,-116.771869,49.2435328
0.0306373,0.0518073,0.2836396,0.1714324,0.0357626,0.0956712,0.0435078,-0.0810864,1259,1,1,2009,-116.7702521,49.135196
0.0233758,0.042243,0.2222278,0.1580936,0.0308298,0.1006038,0.0595936,0.0319441,1867,1,0,2009,-116.7705216,49.1271112
0.0335917,0.0490373,0.0003796,0.1586248,0.0424325,0.1585044,0.1116992,0.0106527,1659,1,1,2009,-116.7705216,49.2432633
0.0257645,0.0372833,0.2678618,0.1618146,0.0326705,0.0934413,0.044515,-0.0996066,1322,1,0,2009,-116.7265939,49.0974668
0.0267651,0.0398412,0.3071372,0.1840985,0.0361426,0.0975835,0.045816,-0.0970578,1435,1,0,2009,-116.723899,49.1012397
0.0246722,0.0464257,0.286472,0.1985142,0.0360207,0.1101038,0.0612392,0.0827941,1817,1,1,2009,-116.775642,49.2435328
0.0192102,0.0339234,0.3970954,0.1578231,0.022999,0.0681072,0.0336602,-0.0214409,1580,1,0,2009,-116.7715995,49.161337
0.0204382,0.0362521,0.3580771,0.1838234,0.0254333,0.0868879,0.0408147,-0.069864,1457,1,0,2009,-116.7268634,49.1268417
0.0215713,0.0371814,0.4767062,0.2222993,0.0259464,0.0787752,0.0317201,-0.0313063,1331,1,0,2009,-116.7548909,49.0942328
0.0234387,0.0368743,0.3022677,0.1360284,0.0312445,0.0728816,0.0368056,-0.0066775,1755,1,1,2009,-116.7322533,49.209307
0.019973,0.0346559,0.4320587,0.2093404,0.0231762,0.0830225,0.0331732,-0.0589103,1385,1,0,2009,-116.7548909,49.0958498
0.0228331,0.0391708,0.4237247,0.2179091,0.0249621,0.0882022,0.0364583,-0.0636546,1325,1,1,2009,-116.7546214,49.0942328
0.0208244,0.0333247,0.5076581,0.1986185,0.023412,0.064861,0.0299319,-0.0125566,1326,1,1,2009,-116.724438,49.1281892
0.0212143,0.0365612,0.5194815,0.2587412,0.0242134,0.0818239,0.0313655,-0.0306975,1280,1,0,2009,-116.7220125,49.1273807
0.0223193,0.0358396,0.475234,0.2121643,0.0224298,0.0754705,0.0296767,-0.0227822,1335,1,0,2009,-116.7548909,49.0945023
0.0249699,0.0402513,0.2694091,0.1486622,0.0292135,0.0855605,0.0410234,-0.0113864,1655,1,0,2009,-116.7726775,49.1289976
0.0173643,0.0315582,0.2418729,0.1277839,0.0278744,0.0780083,0.0379834,0.0117068,1826,1,0,2009,-116.7702521,49.1276502
0.0246803,0.0502809,0.2941674,0.1848757,0.0399862,0.1008303,0.0485541,-0.1409524,1343,1,0,2009,-116.726055,49.0982753
0.019984,0.0347596,0.2894602,0.1361875,0.0262989,0.0750443,0.040087,0.0410913,1725,1,0,2009,-116.7279414,49.2101155
0.0193064,0.0312777,0.4651245,0.1812634,0.020351,0.0661741,0.0298149,-0.0413387,1409,1,0,2009,-116.7648622,49.1626845
0.0203802,0.0380897,0.391823,0.1930787,0.023784,0.0843685,0.0382201,-0.0577092,1583,1,0,2009,-116.7710606,49.162415
0.018631,0.0339942,0.4500138,0.179414,0.0218355,0.0680512,0.0293025,-0.0645728,1552,1,0,2009,-116.7699826,49.162415
0.0233286,0.0392614,0.2634753,0.1407896,0.03204,0.0820713,0.0474668,-0.0615863,1715,1,0,2009,-116.7319838,49.210385
0.0220559,0.0387723,0.2032462,0.1718441,0.0308777,0.11379,0.0553114,-0.0930457,1437,1,0,2009,-116.7276719,49.1273807
0.0186861,0.0360975,0.3154828,0.1715832,0.0284986,0.0892841,0.0414373,-0.0299684,1614,1,0,2009,-116.7524654,49.0993532
0.0172517,0.0356915,0.3104883,0.1495623,0.0250522,0.078692,0.0405663,0.0295828,1798,1,0,2009,-116.7303669,49.2084985
0.0222057,0.0353357,0.3118212,0.1604067,0.0272528,0.0841491,0.0442428,-0.0490656,1806,1,0,2009,-116.7686351,49.1284586
0.0262097,0.0473316,0.3324104,0.2098225,0.0310753,0.1051293,0.0530325,-0.0478005,1297,1,0,2009,-116.7691741,49.135196
0.0184178,0.0318088,0.5027384,0.2008867,0.0234429,0.0664741,0.0289179,-0.0441812,1270,1,0,2009,-116.7203956,49.1265722
0.0187374,0.0336315,0.3496014,0.123867,0.0231892,0.0596939,0.0298344,-0.0660502,1785,1,0,2009,-116.7330618,49.208229
0.0218628,0.0374228,0.2796969,0.1394903,0.0278715,0.0785149,0.0400916,0.0166781,1727,1,0,2009,-116.7319838,49.209846
0.0217345,0.0392276,0.5435056,0.2600478,0.026323,0.0769096,0.027126,-0.0388189,1250,1,0,2009,-116.7209346,49.1281892
0.0195704,0.0367292,0.5139431,0.235248,0.0243183,0.0755272,0.0265541,-0.0205572,1235,1,0,2009,-116.7182396,49.1268417
0.0181409,0.0394418,0.112618,0.1489481,0.0373835,0.1187954,0.0658087,0.0123821,1761,1,1,2009,-116.7726775,49.1273807
0.0155797,0.0330983,0.378906,0.1804407,0.0253346,0.081275,0.0334365,-0.0412233,1350,1,1,2009,-116.7519264,49.0936938
0.0229339,0.0394673,0.4340909,0.2901073,0.0244844,0.1144798,0.0528609,-0.0009718,1477,1,1,2009,-116.7662096,49.1640319
0.0173347,0.0339264,0.4252723,0.1975835,0.0249821,0.0796737,0.033764,-0.041603,1413,1,0,2009,-116.7257855,49.1268417
0.0188009,0.040292,0.2562995,0.1776676,0.0291889,0.1051751,0.0483932,-0.0263592,1896,1,0,2009,-116.7702521,49.1263027
0.0181642,0.041107,0.5147843,0.2302749,0.0264511,0.0737616,0.0256656,-0.0490892,1242,1,0,2009,-116.7203956,49.1281892
0.0208016,0.0335387,0.413576,0.1878338,0.0228705,0.0779231,0.043065,-0.0277199,1547,1,0,2009,-116.7686351,49.1632234
0.0169504,0.0339347,0.2248355,0.1326829,0.0263882,0.0839713,0.0424284,-0.0334347,1784,1,0,2009,-116.7282109,49.2090375
0.022183,0.0371011,0.2436402,0.1442841,0.029589,0.087751,0.0438065,0.0124801,1819,1,0,2009,-116.77133,49.1273807
0.0189513,0.0357184,0.2950742,0.151481,0.0269466,0.0824531,0.0439539,-0.0220249,1677,1,0,2009,-116.7282109,49.2111935
0.0197728,0.0395787,0.2700903,0.1606104,0.0299457,0.0923014,0.047337,-0.0304123,1825,1,0,2009,-116.7298279,49.2079595
0.0211144,0.0348029,0.3780599,0.1656167,0.0244529,0.0747454,0.0335438,-0.0831253,1481,1,1,2009,-116.7535434,49.0969278
0.0186473,0.0325623,0.4665148,0.1829423,0.0218372,0.0665503,0.0281675,-0.0732923,1444,1,0,2009,-116.7654012,49.1643014
0.0204316,0.0396175,0.3931736,0.2232696,0.0249457,0.0972498,0.0430206,-0.0548684,1523,1,0,2009,-116.7697131,49.161876
0.0207041,0.0387955,0.5157179,0.2398668,0.0209916,0.0766391,0.0308961,-0.0260817,1254,1,0,2009,-116.7190481,49.1260332
0.0198012,0.0343696,0.4029516,0.1891423,0.0229102,0.0804925,0.0354841,-0.042226,1510,1,1,2009,-116.7697131,49.1610675
0.0249161,0.0409298,0.2367797,0.1802298,0.0345383,0.1112203,0.0655567,0.0354633,1778,1,0,2009,-116.774564,49.2427244
0.0281977,0.0373608,0.2791363,0.1653766,0.0327447,0.0931988,0.0454637,-0.126601,1358,1,0,2009,-116.7257855,49.0974668
0.0213204,0.0380696,0.2737622,0.1456292,0.0299861,0.0830308,0.0430504,0.0090574,1718,1,0,2009,-116.7306364,49.2106545
0.0218215,0.0323565,0.4324328,0.2039815,0.0248906,0.0808228,0.0334429,-0.0211891,1347,1,0,2009,-116.7530044,49.0942328
0.0226824,0.041003,0.3404123,0.1920434,0.0336868,0.0945003,0.0502821,-0.027048,1385,1,1,2009,-116.724977,49.0982753
0.0176982,0.0316655,0.366475,0.1507863,0.0212915,0.0699075,0.0305226,-0.0919703,1559,1,0,2009,-116.7686351,49.1643014
0.0210311,0.0368386,0.2838514,0.1375496,0.03117,0.0767269,0.0345955,-0.0021423,1738,1,0,2009,-116.7319838,49.2095765
0.0193061,0.0312996,0.4960713,0.1903938,0.0213632,0.0641312,0.0262403,-0.0547954,1408,1,0,2009,-116.7645927,49.1632234
0.0196684,0.0349943,0.4745853,0.1942369,0.0220887,0.0692092,0.0277036,-0.0716371,1423,1,1,2009,-116.7648622,49.1634929
0.0222501,0.0349955,0.4777274,0.2111139,0.0229096,0.0746139,0.0285187,-0.0256582,1244,1,0,2009,-116.7193176,49.1268417
0.0232287,0.0381616,0.2891219,0.1474492,0.0311477,0.0813099,0.0418235,0.0387484,1730,1,0,2009,-116.7317143,49.209846
0.0168507,0.0293788,0.3678659,0.1622207,0.023655,0.0749673,0.0326533,-0.0942444,1501,1,1,2009,-116.7524654,49.0969278
0.0203923,0.0398629,0.5131977,0.2280352,0.0237985,0.0733599,0.0263149,-0.0200262,1243,1,0,2009,-116.721743,49.1287281
0.0227038,0.0434564,0.5282305,0.2347333,0.0244517,0.0724629,0.028377,-0.0023616,1224,1,0,2009,-116.722282,49.1295366
0.0215683,0.036081,0.5062549,0.2349947,0.0238266,0.0770305,0.0324378,-0.0385892,1290,1,0,2009,-116.722282,49.1276502
0.0186455,0.0316606,0.4166301,0.1853464,0.0223819,0.0763259,0.0316542,-0.0474313,1327,1,0,2009,-116.7524654,49.0936938
0.0256142,0.0348086,0.246395,0.1528807,0.0323329,0.0924359,0.045051,-0.1328374,1332,1,0,2009,-116.7263245,49.0974668
0.0257653,0.0383957,0.3290789,0.1684564,0.0290041,0.085037,0.0375415,-0.0637646,1351,1,0,2009,-116.7257855,49.0971973
0.0218994,0.0418436,0.212019,0.1739942,0.0285565,0.1131204,0.056696,-0.0473493,1935,1,1,2009,-116.7842658,49.2443413
0.0223079,0.0321004,0.3885395,0.1776168,0.0250938,0.0782158,0.0404821,-0.0528989,1502,1,1,2009,-116.7543519,49.0980058
0.022137,0.0303363,0.4492368,0.200247,0.0231838,0.0761012,0.0335137,-0.075873,1428,1,0,2009,-116.7265939,49.1271112
0.0245055,0.0367724,0.319738,0.1687591,0.0303202,0.0869873,0.0432611,-0.0675455,1395,1,0,2009,-116.724977,49.1004312
0.0222356,0.0374666,0.2435533,0.1448989,0.0296769,0.0881412,0.0443609,0.0096769,1843,1,0,2009,-116.7710606,49.1273807
0.0214176,0.0332719,0.2793212,0.1642706,0.0337431,0.0925384,0.0466352,-0.0876978,1404,1,1,2009,-116.7247075,49.1007007
0.0204688,0.034274,0.3942931,0.1787667,0.0233077,0.0776596,0.0329124,-0.0451935,1454,1,0,2009,-116.7659402,49.1634929
0.0222529,0.0354538,0.3120975,0.1607461,0.0273113,0.0842755,0.0443064,-0.0471104,1802,1,1,2009,-116.7689046,49.1284586
0.021557,0.0424832,0.2156496,0.1791296,0.0319232,0.1155764,0.0502957,-0.0174529,1833,1,0,2009,-116.7694436,49.1276502
0.018679,0.0382964,0.210504,0.1505801,0.0259029,0.098209,0.0525292,-0.0264296,1939,1,0,2009,-116.7834573,49.2438023
0.019296,0.0365696,0.3550616,0.1698109,0.0272236,0.0808211,0.0397103,-0.0358422,1632,1,0,2009,-116.7521959,49.0993532
0.029121,0.0423977,0.3598688,0.1865505,0.0343375,0.0878149,0.0375299,-0.0714754,1333,1,0,2009,-116.7263245,49.0990837
0.0198981,0.0301623,0.3715073,0.1546316,0.0199994,0.0708599,0.0342978,-0.0476064,1504,1,0,2009,-116.7672876,49.1637624
0.0326908,0.0420511,0.2734071,0.1770654,0.0373462,0.1010317,0.0503775,-0.040698,1287,1,0,2009,-116.7699826,49.1349265
0.0174932,0.0318032,0.4045658,0.1573784,0.0248588,0.066717,0.0339943,-0.060219,1600,1,0,2009,-116.7535434,49.0993532
0.0189565,0.0352373,0.244711,0.1258757,0.0296312,0.0763812,0.0367352,0.0212644,1769,1,0,2009,-116.7680961,49.1289976
0.0190819,0.0377854,0.3224083,0.1643088,0.0270895,0.0841905,0.040748,-0.002972,1784,1,1,2009,-116.774564,49.2448803
0.0201181,0.0363099,0.4850718,0.2081586,0.0226325,0.0721761,0.0293326,-0.0279372,1383,1,0,2009,-116.725516,49.1273807
0.0228042,0.0425204,0.5304913,0.2340744,0.0258305,0.071807,0.0299452,-0.0143702,1220,1,0,2009,-116.721743,49.1295366
0.0192481,0.0372725,0.3490546,0.1486017,0.0282018,0.0717032,0.0371796,0.0449989,1789,1,0,2009,-116.7303669,49.208768
0.0252488,0.0363839,0.378583,0.1716799,0.0293445,0.0773873,0.0399501,-0.0212811,1385,1,0,2009,-116.724977,49.0988142
0.0227985,0.032354,0.3437085,0.1678705,0.0242745,0.081991,0.0357088,-0.0694137,1349,1,0,2009,-116.7252465,49.0969278
0.0234869,0.0415085,0.2520587,0.1462815,0.033854,0.087384,0.0422203,-0.0041697,1703,1,0,2009,-116.7319838,49.2106545
0.0226936,0.0410695,0.2315938,0.1542362,0.0297719,0.0962298,0.0570087,0.0303151,1876,1,0,2009,-116.7702521,49.1271112
0.0241865,0.034352,0.34788,0.1422194,0.0252572,0.0688074,0.0316949,0.0160645,1758,1,0,2009,-116.7333313,49.2090375
0.0169466,0.0311578,0.3495853,0.1632311,0.0207632,0.0786671,0.0330979,-0.0575837,1495,1,0,2009,-116.7670181,49.1632234
0.0206904,0.0328557,0.36607,0.1636183,0.0218058,0.0759277,0.0335459,-0.0348026,1503,1,0,2009,-116.7670181,49.1643014
0.0192719,0.0365996,0.377147,0.2059164,0.0264888,0.0931314,0.042268,-0.0806481,1392,1,1,2009,-116.7535434,49.0953108
0.0265075,0.0474606,0.2946921,0.1860887,0.0451094,0.1013753,0.053313,-0.0951745,1364,1,1,2009,-116.7257855,49.0980058
0.0206868,0.0380345,0.2553831,0.1611746,0.0256678,0.095599,0.050162,-0.0115283,1927,1,0,2009,-116.7834573,49.2443413
0.0229024,0.0380688,0.1440026,0.1658815,0.0335439,0.1241204,0.067703,-0.0504087,1401,1,0,2009,-116.7265939,49.1281892
0.0193717,0.0333028,0.3302896,0.1588661,0.0240383,0.0799783,0.0382099,-0.0951684,1507,1,0,2009,-116.7532739,49.0974668
0.0245301,0.0405949,0.3656857,0.2068264,0.0315383,0.0960638,0.0480567,0.0095854,1363,1,0,2009,-116.7694436,49.1338485
0.0177497,0.0326139,0.4802949,0.1917812,0.0193579,0.067331,0.0277035,-0.0623894,1426,1,0,2009,-116.7648622,49.1637624
0.0192136,0.0336546,0.36987,0.1839652,0.0241351,0.0846226,0.0383735,-0.0629379,1358,1,0,2009,-116.7521959,49.0942328
0.0179945,0.0386162,0.1481083,0.1220702,0.0403599,0.0905756,0.0404065,0.0518539,1773,1,0,2009,-116.7702521,49.1284586
0.020839,0.0375185,0.3374219,0.1877844,0.0276998,0.0930311,0.0481704,0.0551429,1775,1,0,2009,-116.7742945,49.2429938
0.0204088,0.0355357,0.3647514,0.1780223,0.0265616,0.0828637,0.0407974,0.0119103,1551,1,0,2009,-116.7532739,49.0982753
0.0173471,0.0359357,0.3859557,0.1702924,0.0261097,0.0754476,0.0321067,-0.0456441,1633,1,1,2009,-116.7524654,49.0996227
0.019379,0.0346695,0.3856947,0.167524,0.0237019,0.0742666,0.0331253,-0.0439297,1464,1,0,2009,-116.7659402,49.1648404
0.0184933,0.0315012,0.4189215,0.1617484,0.0237973,0.0662394,0.0285151,-0.0437211,1543,1,0,2009,-116.7680961,49.1640319
0.0281739,0.0438369,0.2769183,0.2420308,0.0356858,0.137055,0.0549538,-0.0658922,1349,1,1,2009,-116.7680961,49.134657
0.0253025,0.0452918,0.5119931,0.2522327,0.0294608,0.08141,0.0332509,-0.0157429,1240,1,0,2009,-116.722821,49.1295366
0.0300063,0.0508064,0.1795879,0.1761972,0.0371683,0.1225465,0.0679166,0.0090287,1919,1,0,2009,-116.7834573,49.2448803
0.0192145,0.0343986,0.4383254,0.2042732,0.0236958,0.0797699,0.0341977,-0.0204594,1355,1,1,2009,-116.7556994,49.0947718
0.0163502,0.0325759,0.2701878,0.1277722,0.0253286,0.0734141,0.0392296,0.0453511,1828,1,0,2009,-116.7699826,49.1276502
0.0208783,0.0370799,0.4963923,0.2190813,0.02461,0.0737313,0.0271075,-0.0345924,1303,1,0,2009,-116.723899,49.1284586
0.0266226,0.0389219,0.2589271,0.1382602,0.0306966,0.0813875,0.0436795,0.041152,1731,1,1,2009,-116.7300974,49.210385
0.0255055,0.044335,0.2034982,0.1770887,0.0380243,0.1172012,0.0681798,0.0715456,1736,1,0,2009,-116.771869,49.2443413
0.0248692,0.0429844,0.306611,0.1862934,0.0308096,0.0988617,0.0477315,-0.0252978,1316,1,0,2009,-116.7689046,49.1349265
0.0305377,0.0476783,0.3122889,0.2089806,0.0336618,0.1095172,0.0490018,-0.0407943,1279,1,1,2009,-116.7691741,49.135735
0.0146554,0.0335663,0.3500111,0.1712043,0.0254061,0.0824296,0.0406592,-0.0268433,1640,0,0,2009,-116.7605503,49.1273807
0.0539625,0.0893,0.081399,0.319035,0.08754,0.2710062,0.15387,-0.0535106,529,0,1,2009,-116.6115198,49.1416639
0.030065,0.057065,0.4376556,0.3399823,0.0420081,0.1329854,0.0586802,0.1160595,1639,0,0,2009,-116.7349483,49.2128105
0.0217418,0.0346932,0.4541347,0.2558085,0.0263481,0.0960275,0.0403387,-0.0134832,1458,0,0,2009,-116.773486,49.0950413
0.0262162,0.0402104,0.3234274,0.2112283,0.0303058,0.1079858,0.0508514,-0.0228358,881,0,0,2009,-116.6050519,49.2408379
0.0418904,0.079833,0.1716729,0.4069123,0.0711598,0.2876711,0.1489507,0.0887834,531,0,0,2009,-116.5948111,49.1265722
0.0337757,0.0524382,0.344279,0.178252,0.0432312,0.0869489,0.0378558,-0.0263528,532,0,0,2009,-116.6201436,49.1802016
0.0409477,0.0696413,-0.0540022,0.1943933,0.0866848,0.2165872,0.1383137,-0.3300524,1705,0,0,2009,-116.7079988,49.1882864
0.0324988,0.0457675,0.4563654,0.0332825,0.034795,0.0124237,0.0119425,-0.1297255,531,0,1,2009,-116.6443981,49.2219733
0.02891,0.039195,0.4017002,0.0292675,0.02814,0.0124925,0.008615,-0.3665584,531,0,0,2009,-116.6570643,49.237604
0.0619028,0.0950522,0.0053719,0.2559059,0.0969715,0.2531711,0.1513624,-0.0817114,533,0,0,2009,-116.5737905,49.160259
0.0294803,0.0557974,0.2521863,0.290215,0.0401973,0.1733183,0.0812142,0.0689733,1663,0,0,2009,-116.5675921,49.2419159
0.0229818,0.0475824,0.2737612,0.2728212,0.0303711,0.1555498,0.0667693,-0.0477055,739,0,1,2009,-116.6417032,49.1211823
0.078885,0.1128126,0.1191463,0.3240716,0.1121956,0.2550691,0.1721321,-0.1346553,533,0,1,2009,-116.5880737,49.1799321
0.0306638,0.0355804,0.5644377,0.0424381,0.0314676,0.0118154,0.0082134,0.0216159,531,0,0,2009,-116.676468,49.2405684
0.0243962,0.0418056,0.1323569,0.1659134,0.0348582,0.1271275,0.069196,0.0264772,1997,0,1,2009,-116.7516569,49.2031086
0.0323042,0.0516386,-0.0703161,0.1541954,0.063618,0.1775203,0.1173813,-0.3720761,1714,0,0,2009,-116.6848223,49.1793931
0.0375233,0.0564224,0.1600862,0.2456011,0.0521314,0.1778176,0.0988697,0.015114,726,0,0,2009,-116.6457456,49.1799321
0.0442599,0.0667084,0.1095319,0.2015471,0.0658799,0.161754,0.0904217,-0.0872344,531,0,0,2009,-116.6085553,49.2071511
0.02649,0.0376412,0.5731196,0.0316462,0.0265175,0.0085875,0.0053287,-0.1789016,531,0,0,2009,-116.6543694,49.2273632
0.0642674,0.0878539,0.1419692,0.2834053,0.0913077,0.2129396,0.1513897,-0.028234,539,0,0,2009,-116.5791804,49.1157924
0.0243862,0.040955,0.5381681,0.0433475,0.0309862,0.013015,0.0090137,-0.1785352,531,0,0,2009,-116.648171,49.2058036
0.0341592,0.0632837,0.0286054,0.2230562,0.060634,0.2106499,0.1239093,0.0192148,1388,0,0,2009,-116.6589508,49.0936938
0.0388469,0.0690688,0.1885111,0.2655095,0.0575831,0.181284,0.1023561,-0.0573425,1906,0,0,2009,-116.7039564,49.1063601
0.026629,0.0570831,0.2397342,0.2326266,0.0496562,0.1426581,0.081356,0.0198151,1946,0,1,2009,-116.7381822,49.1626845
0.0352861,0.0552942,-0.0358041,0.1699242,0.0529992,0.1825441,0.1133272,-0.0293861,839,0,0,2009,-116.671617,49.2049951
0.0307384,0.0622093,0.3329068,0.3528317,0.0473166,0.1765852,0.0799759,0.0142033,534,0,0,2009,-116.6115198,49.1492097
0.0193682,0.0443758,0.366738,0.2045306,0.0283949,0.0947669,0.0502799,-0.0236095,1844,0,0,2009,-116.7551604,49.1114805
0.0219699,0.0404572,0.1848589,0.1644472,0.0320674,0.1131338,0.0642526,-0.03262,1891,0,0,2009,-116.7225515,49.1788541
0.0296157,0.050718,0.4075083,0.2176252,0.0344374,0.0916095,0.0386997,0.0063799,1133,0,1,2009,-116.7578553,49.1405859
0.056879,0.094184,0.0778793,0.3300771,0.0920374,0.2823794,0.1683126,-0.0202178,531,0,0,2009,-116.6026264,49.1295366
0.0237734,0.0379166,0.4258965,0.268292,0.0280642,0.1080214,0.0445646,0.0007797,1347,0,0,2009,-116.7845353,49.0996227
0.0244472,0.044293,0.4233704,0.2668048,0.0337206,0.1080868,0.0484538,-0.0553714,544,0,1,2009,-116.5886127,49.158642
0.0297512,0.0510289,0.3157149,0.2599811,0.0415543,0.1352126,0.0706619,0.2513837,1695,0,0,2009,-116.7034174,49.158642
0.0325618,0.0553136,0.3725429,0.3603192,0.0444284,0.1647197,0.0698397,0.0239772,535,0,0,2009,-116.6120587,49.1564861
0.0524014,0.0745389,-0.0475038,0.234265,0.0773739,0.2576319,0.1484593,-0.5248114,1233,0,0,2009,-116.699914,49.2095765
0.0235893,0.0453562,0.1442298,0.1564535,0.0358226,0.1170117,0.0687501,0.0063387,2046,0,0,2009,-116.7786064,49.2047256
0.0547426,0.0889443,0.1825489,0.2852881,0.0935389,0.1972089,0.1276163,-0.1155308,534,0,0,2009,-116.5772939,49.1130975
0.0344139,0.0582644,0.2805493,0.2772587,0.0485193,0.1557722,0.0726242,-0.0304425,536,0,0,2009,-116.6524829,49.2214343
0.0170497,0.0422928,0.3789402,0.2050283,0.028752,0.0923425,0.0408269,-0.0454124,1659,0,0,2009,-116.7451891,49.1203738
0.03001,0.0488475,0.4633544,0.035565,0.03639,0.0130425,0.0096325,-0.2864095,531,0,1,2009,-116.6061299,49.2179308
0.0270558,0.0434172,0.2978813,0.2090666,0.0318171,0.1130994,0.0547165,0.0216876,1067,0,0,2009,-116.7775284,49.1457063
0.0311278,0.0565558,0.1537143,0.2126354,0.0487065,0.1559747,0.0903248,-0.0078014,1631,0,0,2009,-116.7166226,49.0996227
0.0170245,0.0349726,0.3554452,0.1470517,0.0257937,0.0699275,0.0397862,-0.0433896,1931,0,0,2009,-116.6864393,49.1171399
0.0332688,0.044585,0.4921592,0.027535,0.0300925,0.0093712,0.0069787,-0.0780397,531,0,0,2009,-116.6352353,49.2330225
0.02242,0.034787,0.239844,0.1680791,0.0255321,0.1030503,0.0476354,-0.0776527,1129,0,0,2009,-116.6799714,49.1944848
0.0247307,0.0411896,0.3116348,0.1985549,0.0288639,0.1042045,0.0443092,0.0272117,632,0,1,2009,-116.6931766,49.2303276
0.1188399,0.1741277,-0.1152006,0.30395,0.2016875,0.3830984,0.3448724,-0.2565837,534,0,0,2009,-116.5697481,49.1780457
0.04827,0.0783825,0.045985,0.2433275,0.088365,0.2219325,0.1289275,0.0288123,532,0,0,2009,-116.5737905,49.1589115
0.0192031,0.0369644,0.5333686,0.2261035,0.0228819,0.0688073,0.0260626,-0.0250169,1524,0,0,2009,-116.7427636,49.1004312
0.0298186,0.0560615,0.335433,0.3112843,0.043727,0.154908,0.064819,-0.0241639,534,0,0,2009,-116.6177181,49.1446283
0.0217657,0.0410747,0.5325674,0.2262568,0.0225861,0.0690083,0.0302266,-0.0375922,1325,0,0,2009,-116.7621672,49.1661879
0.025921,0.0402627,0.4217157,0.246004,0.0322543,0.1000624,0.0426043,-0.0126715,563,0,0,2009,-116.6524829,49.1877475
0.0269262,0.0424585,0.3980019,0.232272,0.0302728,0.1000194,0.0429012,-0.0320992,603,0,0,2009,-116.6540999,49.1424724
0.0524618,0.080442,0.0939069,0.2904526,0.0747882,0.2405845,0.1311629,-0.0819279,533,0,1,2009,-116.5864568,49.1395079
0.0261291,0.0472707,0.3359055,0.2715942,0.0323508,0.1350127,0.0631287,0.005267,689,0,0,2009,-116.6411642,49.1680744
0.0204245,0.0353501,0.5032514,0.205281,0.0241491,0.067835,0.0288449,-0.0445962,1325,0,0,2009,-116.7656707,49.1599895
0.0422986,0.0746522,0.12457,0.272477,0.0692629,0.2121118,0.1226738,0.071195,1744,0,0,2009,-116.6958716,49.1721168
0.0445628,0.0679787,0.2615672,0.2044079,0.0628248,0.119646,0.0765647,-0.1726348,1735,0,0,2009,-116.7074598,49.1047431
0.023087,0.0394874,0.187256,0.1399956,0.028886,0.0958349,0.0561876,-0.0138086,2051,0,0,2009,-116.7821098,49.1982577
0.0218027,0.0433509,0.3382816,0.2147616,0.0326869,0.1061897,0.0571097,0.0065229,1913,0,1,2009,-116.7203956,49.1675354
0.0335164,0.0550718,0.0728514,0.2096153,0.0472806,0.1811477,0.0913677,-0.060126,746,0,0,2009,-116.6678441,49.2028392
0.0208305,0.035135,0.4020238,0.2562655,0.0264361,0.1092996,0.0438388,-0.0409896,546,0,0,2009,-116.6182571,49.0945023
0.0225697,0.0391348,0.2737195,0.1869819,0.0293033,0.1066179,0.0576111,0.0648569,1669,0,1,2009,-116.771869,49.2424549
0.0321711,0.0498654,0.3706979,0.2624701,0.037001,0.1205028,0.0559097,-0.0112219,540,0,0,2009,-116.6543694,49.1955628
0.0281978,0.0496799,0.0089506,0.1557224,0.0446636,0.1529595,0.1080744,-0.0563187,1886,0,1,2009,-116.7508485,49.2208953
0.0285019,0.0442699,0.1369213,0.1730785,0.0346652,0.1313902,0.0623651,-0.0296967,655,0,0,2009,-116.7007225,49.2389514
0.042935,0.080885,0.3794404,0.28158,0.0605075,0.1266725,0.0567675,-0.2332631,530,0,0,2009,-116.625803,49.2060731
0.0260554,0.0413801,0.1896524,0.1714164,0.0378882,0.1167626,0.0607533,-0.1178249,1697,0,0,2009,-116.7166226,49.1042041
0.0200475,0.0377654,0.3702975,0.1839359,0.024859,0.0845254,0.0404723,-0.0305967,1193,0,0,2009,-116.7063819,49.2130799
0.0215422,0.0399366,0.3337808,0.2075755,0.0301968,0.1036833,0.0488175,-0.0048306,1312,0,0,2009,-116.6643407,49.1284586
0.0217579,0.0334873,0.4854544,0.194917,0.0230549,0.0675172,0.0324356,0.0418513,1638,0,1,2009,-116.7845353,49.109594
0.027841,0.0483452,0.2008396,0.1980038,0.038531,0.1317718,0.0719278,0.0411658,2053,0,0,2009,-116.7387212,49.1761592
0.03914,0.0657596,0.1486155,0.2697861,0.0590481,0.1999727,0.0914119,0.041051,536,0,0,2009,-116.5950806,49.1721168
0.0483655,0.0773833,0.1438318,0.3152869,0.0767777,0.235995,0.14393,-0.0268042,533,0,1,2009,-116.5983145,49.1403164
0.0205414,0.0370104,0.2514445,0.1600518,0.0277611,0.0957355,0.0493769,0.0006171,1878,0,0,2009,-116.7465365,49.183705
0.054617,0.0740934,-0.1937953,0.1434721,0.0784739,0.2124477,0.1622885,-0.0312575,2250,0,1,2009,-116.7772589,49.1947543
0.0277717,0.057506,0.3572193,0.2660149,0.0382568,0.125985,0.067277,0.0667891,1624,0,0,2009,-116.7214735,49.1184873
0.0179879,0.0316545,0.3643064,0.1445676,0.0220065,0.0673608,0.0346623,-0.013028,1702,0,0,2009,-116.7384517,49.1985272
0.0325313,0.0516199,0.0773441,0.1720032,0.0457972,0.1473065,0.088758,-0.0469743,928,0,0,2009,-116.699914,49.1432808
0.0342069,0.0605663,0.4118338,0.3901575,0.0435783,0.1625386,0.0576033,-0.0254425,534,0,0,2009,-116.6745815,49.2243987
0.039447,0.0667938,0.2369396,0.3044753,0.0581624,0.1878289,0.1047733,0.0423788,603,0,1,2009,-116.6336183,49.1144449
0.0365734,0.0681202,0.2537097,0.3374318,0.055002,0.2008616,0.1010698,0.0602304,1655,0,0,2009,-116.7834573,49.1691523
0.0400395,0.0583142,0.1692397,0.1817826,0.0611939,0.129159,0.0669872,-0.0569917,531,0,0,2009,-116.6204131,49.1489402
0.0213632,0.0376505,0.3783624,0.1981274,0.0244642,0.0893549,0.0381864,-0.016867,847,0,1,2009,-116.6524829,49.134118
0.0416541,0.0743068,0.1051722,0.2953072,0.0665955,0.2391022,0.1194699,-0.078164,531,0,0,2009,-116.601279,49.1284586
0.0279327,0.042393,0.4274124,0.194888,0.0391498,0.0781767,0.0387333,0.0915229,1797,0,0,2009,-116.7815708,49.2146969
0.0335288,0.0473959,0.2736135,0.1857585,0.038888,0.1059446,0.0553649,-0.0125377,560,0,0,2009,-116.6179876,49.2397599
0.0208752,0.0381029,0.3744085,0.1732503,0.0273827,0.0788586,0.0402314,0.0113412,1824,0,0,2009,-116.7848048,49.210385
0.040175,0.0677269,0.1519189,0.2251319,0.0660128,0.1657496,0.1062849,-0.1101862,1185,0,0,2009,-116.7061124,49.2138884
0.0277975,0.0488564,0.2630089,0.2512752,0.0319808,0.1466241,0.0662033,-0.0533148,770,0,0,2009,-116.6015485,49.2292496
0.0376522,0.0633964,0.1169483,0.2722181,0.0598562,0.2152137,0.1048614,-0.049982,532,0,0,2009,-116.6274199,49.2146969
0.0324302,0.0620992,0.3284855,0.3617463,0.0464727,0.1828533,0.0769674,-0.0407682,537,0,0,2009,-116.6053214,49.1050126
0.0232058,0.0415356,0.3205804,0.2114926,0.028797,0.1088099,0.0517502,-0.080584,688,0,1,2009,-116.6500575,49.1462453
0.0278347,0.0465031,0.4775573,0.2435149,0.0343037,0.0861033,0.0371448,-0.0041839,1096,0,0,2009,-116.6894037,49.1319621
0.017886,0.0341069,0.4157424,0.185093,0.0234751,0.0763854,0.0292295,-0.0564686,1300,0,0,2009,-116.7648622,49.1581031
0.0206758,0.0387885,0.3268279,0.2087935,0.0269139,0.1059324,0.0481185,-0.0311376,1443,0,0,2009,-116.7344093,49.1535216
0.0397669,0.0708242,0.2456675,0.3286308,0.0585838,0.1990072,0.0861165,-0.0490225,535,0,1,2009,-116.623647,49.1370825
0.0315534,0.0532434,0.1285417,0.1983125,0.0492857,0.1531367,0.09568,0.128707,2006,0,0,2009,-116.7845353,49.2405684
0.057914,0.0922625,0.1427248,0.266268,0.0889056,0.1997549,0.1237339,0.066397,553,0,1,2009,-116.6233775,49.1071686
0.0197132,0.0365446,0.3556929,0.1646096,0.030413,0.0782324,0.0394176,0.0659807,1781,0,0,2009,-116.7497705,49.2362565
0.0590413,0.0896348,-0.0090847,0.2311867,0.09218,0.2354257,0.1629519,-0.3973332,1503,0,0,2009,-116.7177006,49.2122715
0.04767,0.0766317,0.1015581,0.2684235,0.0726365,0.2189289,0.1098903,-0.0411757,533,0,0,2009,-116.6621847,49.2421854
0.0218418,0.0396943,0.2907325,0.1847431,0.0285067,0.1015178,0.0526357,0.0424665,1946,0,0,2009,-116.7629757,49.2071511
0.033585,0.0591325,0.3028297,0.3056838,0.0489162,0.1635775,0.076595,0.2013238,533,0,0,2009,-116.5840313,49.137352
0.0584084,0.0929477,0.130308,0.3084462,0.0928717,0.2373275,0.134871,-0.006212,533,0,0,2009,-116.6023569,49.209846
0.0196013,0.0383992,0.4155124,0.1910869,0.0269305,0.0789028,0.0377461,0.0329235,1766,0,0,2009,-116.7198566,49.1621455
0.0274388,0.0396625,0.491659,0.02649,0.0280712,0.0090275,0.0085737,-0.2496779,531,0,0,2009,-116.6403557,49.2400294
0.0394275,0.0715684,0.0900069,0.2354733,0.0648231,0.1965851,0.1113107,-0.1783337,1669,0,0,2009,-116.7486925,49.1079771
0.0308474,0.0562955,0.3698821,0.2360165,0.0461622,0.1085628,0.0628773,0.1189875,532,0,0,2009,-116.6128672,49.1713083
0.020659,0.0344749,0.2049779,0.1366715,0.0278972,0.0901733,0.052579,-0.0265757,1935,0,0,2009,-116.7777979,49.1839745
0.0331308,0.0556963,0.2302873,0.257923,0.0478768,0.1613661,0.0824816,-0.0894482,536,0,0,2009,-116.6152927,49.1033957
0.0261495,0.0465627,0.4505913,0.3046661,0.0297662,0.1153917,0.0488359,0.032156,1610,0,1,2009,-116.7381822,49.2165834
0.0487429,0.0817923,0.5045754,0.4572759,0.0572606,0.1505712,0.063981,0.5705807,535,0,0,2009,-116.5926551,49.0891124
0.0211583,0.0335155,0.3909856,0.17779,0.0250768,0.0778417,0.0307705,-0.033635,1337,0,0,2009,-116.7600113,49.1640319
0.035281,0.0540351,0.3803968,0.3301022,0.0474206,0.1481692,0.0678405,-0.0347365,538,0,0,2009,-116.6570643,49.2249377
0.0344196,0.0630476,0.3296976,0.2774936,0.050607,0.1398849,0.06417,0.1134144,532,0,0,2009,-116.6147537,49.162954
0.0419664,0.0684158,0.0622836,0.3036948,0.0647566,0.2680825,0.1491087,-0.031726,534,0,0,2009,-116.5759465,49.1330401
0.0243843,0.0373474,0.4190027,0.298503,0.0270446,0.1222193,0.0499776,-0.0397228,546,0,0,2009,-116.5923856,49.1715778
0.0211134,0.0372717,0.3337323,0.1650399,0.0323902,0.0824459,0.0443445,0.0265221,1494,0,0,2009,-116.7680961,49.1325011
0.0191966,0.0371479,0.226604,0.1719024,0.0275892,0.1083875,0.0527344,-0.0219474,1561,0,0,2009,-116.6745815,49.1688828
0.0229571,0.0405989,0.3076,0.2107913,0.030819,0.1116182,0.0491142,-0.0842697,1304,0,1,2009,-116.573521,49.2279021
0.0214616,0.031749,0.2431003,0.1263528,0.02343,0.0769337,0.0386515,-0.0252813,1781,0,0,2009,-116.7435721,49.2095765
0.0309862,0.0374075,0.6038607,0.0312612,0.0267375,0.0077212,0.0018087,-0.081701,531,0,0,2009,-116.6171791,49.2319446
0.0276262,0.0455093,0.1521661,0.1723134,0.0390773,0.1267987,0.063719,0.0333397,854,0,1,2009,-116.7020699,49.2314056
0.0364403,0.0607046,0.3327265,0.2806379,0.0448192,0.1405106,0.0659263,0.2327499,534,0,0,2009,-116.5910382,49.161337
0.0206175,0.0417404,0.4028412,0.1893481,0.024047,0.0806013,0.0361927,-0.0771857,1127,0,0,2009,-116.7616282,49.1581031
0.0202228,0.0357871,0.3258184,0.1688332,0.0303957,0.0858521,0.0412439,0.0187367,1717,0,0,2009,-116.7777979,49.1575641
0.0272929,0.0368967,0.3532383,0.1875701,0.0327165,0.0896465,0.0385264,-0.0226513,669,0,1,2009,-116.697219,49.1389689
0.0180437,0.0346812,0.1973604,0.1395235,0.0268301,0.0935283,0.0464977,-0.0011605,1650,0,0,2009,-116.6829358,49.1807406
0.0237526,0.0467589,0.3193047,0.1947384,0.031011,0.1004753,0.0425399,-0.0503782,1023,0,0,2009,-116.7061124,49.133579
0.0535682,0.0780243,0.1995549,0.2176916,0.0712522,0.1452623,0.09701,-0.0090749,788,0,0,2009,-116.747345,49.1443588
0.043093,0.0604429,0.0156793,0.2299499,0.063678,0.2228503,0.1354434,0.0405074,2160,0,0,2009,-116.7726775,49.1961018
0.0405148,0.071341,0.1822121,0.3068424,0.0639483,0.2122563,0.0981462,0.0790567,531,0,0,2009,-116.6325403,49.212002
0.0194915,0.0392911,0.2872958,0.213339,0.0272962,0.118114,0.0559839,-0.0142219,1543,0,1,2009,-116.6942546,49.1904424
0.018927,0.0354625,0.3594248,0.1939478,0.0273202,0.0913902,0.0458358,0.0507267,1394,0,0,2009,-116.671617,49.1742727
0.0513056,0.0870915,0.1038506,0.3578124,0.0823578,0.2904862,0.1438253,0.0866129,532,0,0,2009,-116.5913077,49.1287281
0.0225911,0.0346489,0.3152165,0.1778245,0.0238514,0.0925865,0.0420982,-0.0498526,751,0,0,2009,-116.6834748,49.1443588
0.0435251,0.077365,0.0947423,0.2516638,0.0715102,0.2081043,0.1260414,0.0406579,1833,0,0,2009,-116.697219,49.1742727
0.050554,0.0785203,0.156094,0.3254843,0.0704171,0.2375915,0.1324448,-0.0086673,538,0,1,2009,-116.5848398,49.1227993
0.0425655,0.0588274,0.3180776,0.2646542,0.0477151,0.1369218,0.0489825,0.0201134,1071,0,0,2009,-116.7408772,49.1338485
0.0207547,0.0384291,0.4104844,0.2926962,0.0238915,0.1223331,0.0491612,-0.0181437,1812,0,1,2009,-116.7257855,49.1637624
0.0253788,0.0462255,0.1902605,0.2054985,0.036256,0.1398016,0.0744044,0.0020473,975,0,0,2009,-116.7109633,49.1440893
0.0271475,0.0562346,0.2786293,0.2920333,0.0390341,0.1647579,0.0720775,0.0611839,668,0,1,2009,-116.6306539,49.1001617
0.0208574,0.035014,0.2572781,0.1704962,0.0272177,0.1007186,0.0511696,-0.0579341,1565,0,0,2009,-116.725516,49.2017612
0.02561,0.032595,0.4930927,0.0662,0.0288275,0.022475,0.00878,0.1934171,530,0,0,2009,-116.6330793,49.1564861
0.02693,0.037435,0.3476177,0.0516525,0.03023,0.025005,0.01219,-0.2113033,531,0,0,2009,-116.6139452,49.2171224
0.0222232,0.039287,0.4207771,0.2159134,0.0267862,0.0880236,0.0470856,-0.0080026,1046,0,1,2009,-116.7610893,49.1527132
0.0295781,0.0455789,0.1002038,0.1899902,0.0423298,0.1553825,0.0885885,0.0273608,608,0,0,2009,-116.6581423,49.1950238
0.0109223,0.0335904,0.4459786,0.1855715,0.0207151,0.071101,0.0265179,-0.0226312,1532,0,1,2009,-116.6735035,49.0974668
0.0541903,0.0865868,0.0848452,0.3261401,0.0759855,0.2751256,0.1462308,0.0660733,532,0,0,2009,-116.6004705,49.134657
0.0402586,0.0676422,-0.0311368,0.2486319,0.0676106,0.2646127,0.1481039,0.0203751,532,0,0,2009,-116.5797194,49.1500182
0.0150729,0.0350283,0.3623063,0.1783313,0.0299436,0.0834766,0.0383962,0.0257743,1767,0,0,2009,-116.6964106,49.0988142
0.0260775,0.036555,0.6533454,0.0319075,0.02517,0.00669,0.0056175,-0.1101994,531,0,0,2009,-116.6228385,49.2198173
0.0168238,0.0350507,0.1438268,0.1391371,0.0280087,0.1041464,0.0574024,-0.1046991,1999,0,0,2009,-116.7187786,49.1726558
0.0286525,0.0484498,0.1450882,0.2055814,0.0383353,0.1534851,0.0788764,-0.0213488,774,0,0,2009,-116.6465541,49.1791236
0.018652,0.032806,0.3690181,0.164607,0.0239713,0.0758676,0.0313205,-0.0043648,1552,0,1,2009,-116.5700176,49.234909
0.03881,0.065925,0.0724438,0.265025,0.061195,0.22922,0.11471,0.0657431,533,0,1,2009,-116.6004705,49.109594
0.0334329,0.0574125,0.0200938,0.1955677,0.0549728,0.1878631,0.1021696,-0.0070223,893,0,0,2009,-116.6557169,49.1505572
0.0348205,0.0521882,0.3147661,0.2233648,0.0406208,0.116414,0.062042,0.0257344,1333,0,0,2009,-116.748962,49.2438023
0.0205615,0.0352454,0.3626848,0.1749833,0.0261558,0.0818381,0.0358149,-0.0200053,1746,0,1,2009,-116.7548909,49.1761592
0.0514742,0.0761583,0.1030881,0.1821207,0.0692416,0.1480808,0.0891654,0.0387919,534,0,0,2009,-116.5727125,49.0907294
0.0197182,0.0382188,0.3704392,0.2254387,0.0299945,0.1035634,0.0458817,0.0106044,991,0,0,2009,-116.5791804,49.2146969
0.03144,0.04277,0.4765065,0.0276725,0.0285388,0.0098112,0.0072538,-0.2584025,531,0,0,2009,-116.6349658,49.2346395
0.0355822,0.0610875,0.258088,0.2107341,0.0576044,0.1242728,0.0782981,0.0418935,1812,0,0,2009,-116.7513874,49.1114805
0.020796,0.0368011,0.3064135,0.1760522,0.0252375,0.0934677,0.0444187,-0.0727811,1601,0,0,2009,-116.772947,49.1559471
0.0301475,0.0390575,0.4878514,0.0278237,0.0291162,0.0095775,0.0088488,-0.0826683,531,0,0,2009,-116.6330793,49.2419159
0.03012,0.0396075,0.777963,0.03199,0.0255275,0.003995,0.00097,-0.0586364,531,0,0,2009,-116.6112503,49.2238597
0.0240637,0.0444848,0.4280297,0.2500452,0.0327179,0.1001509,0.0475265,0.0407393,677,0,0,2009,-116.6325403,49.1009702
0.0473738,0.0955358,0.5098407,0.4218933,0.0748149,0.1369647,0.066127,0.3180744,533,0,0,2009,-116.6093638,49.1904424
0.0328084,0.0503062,-0.0017635,0.1684663,0.0472392,0.1690615,0.1143995,-0.015973,1372,0,0,2009,-116.7322533,49.1502877
0.0158771,0.0365975,0.4675847,0.2113125,0.0247253,0.0766606,0.0330618,-0.0234701,1477,0,1,2009,-116.6621847,49.1139059
0.030505,0.0369812,0.3558115,0.035235,0.02627,0.0167412,0.0069925,-0.2150841,533,0,0,2009,-116.6584118,49.209846
0.0149981,0.0406498,0.3727202,0.1918929,0.0254087,0.0876876,0.0402436,-0.0650013,1486,0,0,2009,-116.6869782,49.1246857
0.0240978,0.0361213,0.5135276,0.2289306,0.0223624,0.073582,0.0272523,-0.0047703,1145,0,1,2009,-116.7158142,49.1292671
0.0199368,0.0422994,0.3103514,0.2266125,0.0272845,0.119268,0.0543541,0.0446861,1003,0,0,2009,-116.6581423,49.1667269
0.0319488,0.0428388,0.5171629,0.0291437,0.0301612,0.009275,0.00922,-0.2123545,531,0,1,2009,-116.6344268,49.2316751
0.0359291,0.0616781,0.1821391,0.2698321,0.052665,0.1866828,0.0945758,0.0031822,633,0,1,2009,-116.5684006,49.1885559
0.0249193,0.0450002,0.2809921,0.196711,0.0344861,0.1104119,0.0594172,0.0485321,1719,0,0,2009,-116.7513874,49.1748117
0.0385262,0.0614475,0.176126,0.2342657,0.0571472,0.1641027,0.0905277,-0.0945469,534,0,0,2009,-116.5689396,49.0915379
0.0147906,0.0342075,0.5054292,0.2102632,0.0229006,0.0690767,0.0262671,-0.006872,1629,0,1,2009,-116.6799714,49.0969278
0.042165,0.0730888,0.186827,0.3586488,0.065045,0.2457338,0.1166212,0.0323798,531,0,0,2009,-116.6112503,49.1263027
0.0217337,0.046,0.2251821,0.2350408,0.0310053,0.1486423,0.0710977,-0.0408758,748,0,0,2009,-116.6479015,49.1521742
0.1222388,0.1634687,-0.0641363,0.283597,0.1731936,0.3224678,0.2577029,-0.1992363,532,0,1,2009,-116.5770245,49.1807406
0.0262352,0.044976,0.3946027,0.1891089,0.0395671,0.0820922,0.0402946,0.174447,532,0,0,2009,-116.6182571,49.1519047
0.0208752,0.0400661,0.3559,0.2184004,0.0297359,0.1037478,0.0508763,0.0313779,898,0,0,2009,-116.6465541,49.1098635
0.0267549,0.0423709,0.0989245,0.1509734,0.0380257,0.1237923,0.0791702,0.0299534,2113,0,0,2009,-116.7689046,49.1966408
0.0260105,0.0380499,0.3719857,0.2150596,0.0282289,0.0984416,0.0390828,-0.0568466,1116,0,0,2009,-116.5983145,49.2397599
0.0198961,0.0351911,0.4815727,0.2054342,0.0214883,0.0718849,0.0278067,-0.0089612,1457,0,0,2009,-116.7656707,49.1678049
0.023575,0.035235,0.5299835,0.036995,0.020605,0.011365,0.0056725,0.3311203,533,0,0,2009,-116.6179876,49.1893644
0.0441103,0.0866825,0.4264911,0.4652039,0.0666005,0.1870314,0.0779403,0.2480058,531,0,0,2009,-116.5816059,49.0966583
0.0207951,0.0336173,0.1310094,0.1320537,0.02812,0.101461,0.0608595,-0.0099322,1843,0,0,2009,-116.7465365,49.1998747
0.0318738,0.0461517,0.4003465,0.2076367,0.0326174,0.0889138,0.0405558,0.0083297,1561,0,0,2009,-116.771869,49.2262852
0.0167553,0.0307532,0.3077256,0.152113,0.0234932,0.0805245,0.0398351,-0.0423267,1828,0,0,2009,-116.7292889,49.1160619
0.0304126,0.0500768,0.3308152,0.3225179,0.0364229,0.1621743,0.0744765,-0.0231273,542,0,1,2009,-116.5778329,49.1190263
0.0244475,0.0375192,0.3799312,0.1930419,0.026989,0.0867429,0.0383597,-0.0177872,1411,0,0,2009,-116.7799539,49.1298061
0.041276,0.0727462,0.230144,0.3144711,0.0662491,0.1968042,0.0968169,-0.1692104,533,0,1,2009,-116.6279589,49.1306146
0.0228896,0.0427507,0.1530681,0.1741117,0.0343064,0.1278855,0.0696515,-0.0603612,909,0,0,2009,-116.6648797,49.1497487
0.0293695,0.042129,0.3490846,0.2110855,0.0336947,0.1018459,0.0465451,-0.0081686,914,0,0,2009,-116.60074,49.2351785
0.0372491,0.053306,0.21011,0.1549811,0.0570774,0.1011627,0.0715745,-0.104628,1800,0,0,2009,-116.7527349,49.2165834
0.0614454,0.0846615,-0.116285,0.1746961,0.0817263,0.2206715,0.1722928,0.0153923,2279,0,1,2009,-116.7786064,49.1915204
0.0283363,0.0434895,0.4032439,0.032262,0.0333958,0.01372,0.010482,-0.103359,531,0,1,2009,-116.6538304,49.2235902
0.0262228,0.0448823,0.3374705,0.3152947,0.0298696,0.1561844,0.0654706,-0.0057612,706,0,0,2009,-116.5867263,49.2101155
0.03441,0.0590225,0.3437623,0.2807825,0.047115,0.1371225,0.06873,0.1843811,532,0,0,2009,-116.5923856,49.1942153
0.0384227,0.0618292,0.1828686,0.2626167,0.0589047,0.1814169,0.1032625,-0.1174901,536,0,0,2009,-116.6185266,49.1025872
0.0202825,0.0378298,0.2780771,0.1795272,0.0317367,0.1014061,0.053059,0.0319596,1347,0,0,2009,-116.7047649,49.1494792
0.0272875,0.0364175,0.325429,0.0365412,0.02616,0.0185975,0.015545,0.0556007,533,0,1,2009,-116.5931941,49.1384299
0.0166256,0.0325801,0.383208,0.1726158,0.0240004,0.0769718,0.0356619,-0.0019347,1771,0,0,2009,-116.7039564,49.1184873
0.0376806,0.0707299,0.3153673,0.3619286,0.0565494,0.1883794,0.1061459,0.1299375,533,0,0,2009,-116.5692091,49.1319621
0.0242296,0.0443814,0.3160971,0.2478275,0.0308936,0.1287822,0.0569123,-0.011429,701,0,1,2009,-116.7020699,49.2373345
0.0291988,0.0439731,0.2726152,0.1743393,0.041598,0.0996466,0.0527484,-0.0042677,1691,0,0,2009,-116.747345,49.1643014
0.0261047,0.0396518,0.4405884,0.1980599,0.0252953,0.0769109,0.0289097,-0.0319684,1077,0,0,2009,-116.7061124,49.1322316
0.0191906,0.0370931,0.4424846,0.2199727,0.0222429,0.0850187,0.0290565,-0.0510309,1506,0,0,2009,-116.7411467,49.1227993
0.02968,0.03925,0.4914089,0.029295,0.0281125,0.00999,0.00856,-0.1244731,531,0,0,2009,-116.6578728,49.2384124
0.0472548,0.0757133,0.0287068,0.2524817,0.0832296,0.2383903,0.1416111,-0.1064524,531,0,0,2009,-116.5988535,49.1974493
0.0351242,0.0609578,0.3133028,0.3044336,0.0496543,0.1591816,0.0744135,0.0812665,536,0,0,2009,-116.6907512,49.2357175
0.0474763,0.081026,0.2739362,0.3362152,0.0670379,0.1916216,0.0909272,0.0331276,533,0,0,2009,-116.5853788,49.1731947
0.0236251,0.0401889,0.3093915,0.199043,0.0316574,0.1049807,0.0589276,0.0418814,1702,0,0,2009,-116.7839963,49.2311361
0.0324946,0.0545825,0.3003934,0.2700302,0.0492585,0.1452752,0.0702549,0.2610099,533,0,1,2009,-116.5983145,49.161337
0.0301128,0.0620184,0.1372467,0.2265611,0.0580658,0.1718768,0.1029828,0.0095627,1677,0,0,2009,-116.673773,49.0899209
0.0466339,0.0812588,0.3501245,0.2461164,0.0615291,0.1184669,0.0672998,-0.0563949,535,0,1,2009,-116.5673226,49.1756202
0.0592598,0.0830603,0.2179415,0.2041582,0.0762694,0.131093,0.0844123,0.0256142,822,0,0,2009,-116.7589333,49.1459758
0.0259219,0.0418756,0.3506345,0.1882541,0.0329992,0.0905099,0.0442585,0.0041789,1238,0,0,2009,-116.7371042,49.1327706
0.0213653,0.0423786,0.418431,0.2124855,0.0341524,0.0871209,0.0305864,-0.0384892,1270,0,0,2009,-116.7470755,49.1271112
0.020935,0.0403321,0.3491201,0.2437928,0.0284338,0.1176173,0.0497578,-0.0496021,1116,0,0,2009,-116.5845703,49.2249377
0.016941,0.0362942,0.5244135,0.1877505,0.0250611,0.0585744,0.0237712,-0.0182392,1793,0,0,2009,-116.7691741,49.1160619
0.0297625,0.03529,0.4752531,0.0293225,0.0281675,0.01043,0.00856,-0.1930458,531,0,1,2009,-116.6592203,49.2389514
0.016125,0.0379331,0.311788,0.1717059,0.0301089,0.0900832,0.0391131,-0.03425,1243,0,0,2009,-116.6594898,49.1292671
0.0205462,0.0384118,0.3141769,0.2217434,0.0273387,0.1157202,0.0602925,-0.0380696,1340,0,1,2009,-116.7433026,49.0936938
0.0260411,0.0548458,0.4140713,0.2592878,0.0334883,0.1074374,0.0449737,-0.0402707,1368,0,1,2009,-116.7764504,49.2281716
0.0273338,0.0359691,0.3673157,0.052073,0.0238833,0.0240952,0.0149766,-0.1021546,541,0,0,2009,-116.6355048,49.2044561
0.0190786,0.0366707,0.4623357,0.2457715,0.0240268,0.090364,0.0354699,-0.002056,740,0,0,2009,-116.6438591,49.1680744
0.0208865,0.0354255,0.4703117,0.209577,0.0224802,0.0755013,0.0313627,0.0123391,744,0,0,2009,-116.6414337,49.0896514
0.0493666,0.0773813,-0.1105844,0.2300292,0.0848101,0.28723,0.1617353,-0.0397912,534,0,1,2009,-116.572443,49.1448978
0.0356205,0.0631481,0.3354891,0.4009418,0.0505216,0.1995001,0.0901618,0.0682659,536,0,0,2009,-116.6196046,49.1276502
0.0331238,0.0494139,0.3607784,0.2293588,0.037699,0.1077406,0.0534567,-0.0039589,819,0,0,2009,-116.6907512,49.2171224
0.025665,0.0355238,0.2749311,0.0349738,0.0214575,0.01989,0.009165,-0.1430177,533,0,0,2009,-116.6031654,49.1748117
0.031382,0.0472739,0.1751382,0.1891134,0.0364738,0.1327439,0.0703358,-0.0251617,733,0,0,2009,-116.6667661,49.2071511
0.0197992,0.0398036,0.4101569,0.2057134,0.0295026,0.0860462,0.0410545,-0.0064156,1856,0,0,2009,-116.7427636,49.162415
0.0288944,0.0357293,0.6300411,0.0691577,0.0318631,0.0156962,0.0120387,0.2018867,534,0,0,2009,-116.6802409,49.2440718
0.0219518,0.0354908,0.3881929,0.1832313,0.0235715,0.080754,0.0346296,-0.0618532,1547,0,1,2009,-116.7023394,49.2017612
0.036225,0.06675,0.2764193,0.2689575,0.0443375,0.1524675,0.0632575,0.1650276,531,0,0,2009,-116.5910382,49.1912509
0.0227303,0.0407446,0.4025549,0.1948741,0.0278373,0.0830104,0.0398556,-0.0245463,1596,0,0,2009,-116.7804929,49.2208953
0.0298621,0.0599922,0.3296142,0.3326776,0.0437691,0.1677346,0.0945725,0.0562378,1575,0,0,2009,-116.7697131,49.1678049
0.0240013,0.0361012,0.4402539,0.0717687,0.02957,0.0278925,0.0170437,-0.2638422,531,0,0,2009,-116.6179876,49.1333095
0.0364904,0.0546233,0.3098037,0.2163835,0.0476162,0.1140225,0.0364903,-0.0229051,1123,0,0,2009,-116.7406077,49.1333095
0.0193804,0.033048,0.3907858,0.1998088,0.023112,0.0875234,0.0410876,-0.0212151,581,0,0,2009,-116.6411642,49.1589115
0.0182305,0.0326991,0.3845632,0.1505695,0.0198503,0.066928,0.031919,0.014667,1693,0,0,2009,-116.7392602,49.1979882
0.0484758,0.0602893,0.2116297,0.1555316,0.0484914,0.1011997,0.0597102,-0.0864921,1790,1,0,2010,-116.7397992,49.2084985
0.0227452,0.0387167,0.4033974,0.2185103,0.0302568,0.0928916,0.0316645,-0.0842302,1317,1,1,2010,-116.6904817,49.1271112
0.0302989,0.0495284,0.3914752,0.2765911,0.0331244,0.1209598,0.0546372,0.0332677,1443,1,1,2010,-116.6829358,49.1578336
0.049201,0.0666991,0.0618545,0.1686766,0.0570967,0.1490254,0.0976812,0.0168883,1846,1,0,2010,-116.7397992,49.2068816
0.0230187,0.0452627,0.474141,0.2596717,0.025117,0.0926307,0.0442274,0.0082367,1397,1,0,2010,-116.6880562,49.1263027
0.0332683,0.051803,0.1894797,0.1665372,0.0386018,0.1134797,0.075329,0.0297031,1861,1,0,2010,-116.7384517,49.2060731
0.028537,0.0430138,0.304172,0.1793691,0.0382355,0.0957006,0.0546633,-0.0099782,1725,1,1,2010,-116.7031479,49.1214518
0.0395348,0.0516056,0.4652907,0.243713,0.0402441,0.088935,0.0376068,-0.0483543,1162,1,0,2010,-116.6894037,49.1308841
0.0250494,0.0406496,0.1828257,0.1685352,0.0376184,0.1164353,0.0602409,-0.0505225,1721,1,1,2010,-116.7783369,49.1594505
0.0250955,0.0375188,0.4954488,0.2443008,0.023845,0.0824249,0.0295301,-0.0389746,1294,1,0,2010,-116.6907512,49.1276502
0.0228836,0.0370717,0.4361852,0.1732895,0.0283765,0.0680296,0.0271197,-0.0135683,1635,1,0,2010,-116.7039564,49.1233382
0.0324737,0.0460705,0.0672522,0.1388451,0.0445803,0.1213466,0.0726797,-0.0728502,1960,1,1,2010,-116.748423,49.2033781
0.0195859,0.0381833,0.4053214,0.2316891,0.0348179,0.098042,0.0365603,-0.0626018,1318,1,0,2010,-116.6885952,49.1276502
0.0228375,0.0387212,0.2236576,0.165055,0.0301632,0.1047182,0.0623743,-0.1955507,1389,1,0,2010,-116.6907512,49.1257637
0.0203628,0.035529,0.4793146,0.1733312,0.0234197,0.0610087,0.0237397,0.0204824,1425,1,0,2010,-116.7015309,49.1265722
0.0312696,0.0444797,0.2386112,0.1426111,0.0356594,0.0876647,0.0474,-0.0979509,1823,1,0,2010,-116.7403382,49.2076901
0.022809,0.0330059,0.3250181,0.1250489,0.0250921,0.0637016,0.0282215,0.026864,1438,1,1,2010,-116.7015309,49.1260332
0.0322401,0.047118,0.1792815,0.1455084,0.0373106,0.1012663,0.0650994,0.0287757,1968,1,0,2010,-116.7419551,49.2052646
0.0257489,0.0411116,0.1661734,0.1733672,0.030445,0.1239594,0.0624868,-0.2022811,1566,1,0,2010,-116.6815883,49.15972
0.0227969,0.0425528,0.4461089,0.2242316,0.0328819,0.0858856,0.042743,-0.0178469,1665,1,0,2010,-116.7039564,49.1225298
0.0288098,0.0493099,0.3031479,0.2498069,0.0342404,0.133583,0.060608,-0.0795587,1412,1,0,2010,-116.6837443,49.1572946
0.0220735,0.0396528,0.2732858,0.1901842,0.0365565,0.1085456,0.0600034,0.0473366,1773,1,0,2010,-116.7753725,49.1643014
0.037707,0.0521171,0.2540316,0.1929103,0.0418239,0.1147539,0.0616681,0.0122389,1667,1,1,2010,-116.6880562,49.1209128
0.0224631,0.036099,0.3509165,0.201941,0.035245,0.0970279,0.0461379,0.0768136,1770,1,1,2010,-116.7783369,49.1651099
0.0243108,0.0411831,0.29897,0.2071239,0.0323469,0.1117809,0.0547449,-0.0686995,1584,1,0,2010,-116.6832053,49.160259
0.0563773,0.0772796,0.4187507,0.1613208,0.0703332,0.0660917,0.0363469,0.1263256,2001,1,0,2010,-116.7519264,49.2025697
0.0296873,0.037567,0.3907164,0.1849008,0.0281606,0.0810065,0.0370427,0.007488,1760,1,0,2010,-116.7780674,49.1669964
0.0205359,0.0380959,0.2491397,0.1576541,0.0328924,0.0947662,0.0495717,-0.0425376,1602,1,1,2010,-116.700992,49.1230688
0.0307503,0.0471499,0.2815592,0.1693126,0.0338994,0.0949165,0.0539527,-0.0108211,1827,1,1,2010,-116.7384517,49.2068816
0.0425149,0.0607498,0.1044112,0.1473829,0.0490552,0.1195157,0.0669188,-0.1083485,1744,1,0,2010,-116.7408772,49.2106545
0.0243697,0.0416156,0.2648636,0.1465456,0.0333479,0.085172,0.0360364,-0.0521583,1581,1,0,2010,-116.6918291,49.1211823
0.0372563,0.0560029,0.0655425,0.1401441,0.0560705,0.1229033,0.0825013,-0.0734345,2012,1,1,2010,-116.7503095,49.2041866
0.0225702,0.0395648,0.3964202,0.2001481,0.0279354,0.0865107,0.0396896,-0.0611545,1403,1,0,2010,-116.6802409,49.1570251
0.0175174,0.0292363,0.0590417,0.0994978,0.0280929,0.0884038,0.0582937,-0.195674,1743,1,1,2010,-116.7373737,49.2101155
0.0260443,0.0473805,0.3882683,0.256958,0.0295506,0.1132269,0.0480284,-0.0319203,1437,1,1,2010,-116.6823968,49.1575641
0.0263052,0.0443506,0.303654,0.1398345,0.0337684,0.0746925,0.0384683,0.0388444,1879,1,0,2010,-116.7427636,49.2063426
0.0252246,0.0379383,0.4214077,0.1703901,0.028957,0.0693583,0.0276916,0.0535015,1457,1,0,2010,-116.7001835,49.1249552
0.0177856,0.0371448,0.2869062,0.133972,0.0255338,0.0742359,0.0443224,-0.039005,1813,1,0,2010,-116.7392602,49.2079595
0.016422,0.0251489,0.3824499,0.1545792,0.0239301,0.0690516,0.0276145,-0.0965572,1641,1,0,2010,-116.7300974,49.1079771
0.0181463,0.0260102,0.2149052,0.1067987,0.0224016,0.0690153,0.0406135,-0.1036663,1733,1,0,2010,-116.7371042,49.210385
0.0209276,0.0300917,0.2728653,0.1180259,0.029229,0.0674233,0.0374157,-0.0174913,1730,1,0,2010,-116.7365652,49.210385
0.0340964,0.0478268,0.0214858,0.1343389,0.0497856,0.1286875,0.0800468,-0.06801,1981,1,1,2010,-116.7476145,49.2039171
0.0304507,0.0440377,0.4010088,0.1911343,0.0292164,0.0817181,0.0425634,0.0115116,1758,1,0,2010,-116.7783369,49.1667269
0.0255488,0.0389775,0.305578,0.2021414,0.0298331,0.1075167,0.0535613,-0.0749902,1625,1,0,2010,-116.7732165,49.1567556
0.0269228,0.0435592,0.1390982,0.1756526,0.0404714,0.1327538,0.0759595,-0.0256456,1740,1,0,2010,-116.7772589,49.159181
0.0260136,0.0438309,0.2374447,0.2124327,0.0310365,0.1309082,0.0721856,-0.0804765,1489,1,0,2010,-116.6818578,49.158642
0.0286821,0.0401509,0.0589816,0.132967,0.0395548,0.1181554,0.0721438,-0.0487214,1953,1,0,2010,-116.7454586,49.2039171
0.0294173,0.0403358,0.4589073,0.1871259,0.0270657,0.0694029,0.0298674,-0.0211928,1399,1,0,2010,-116.699375,49.1257637
0.0248412,0.0356776,0.4088742,0.1864881,0.0225152,0.0782454,0.0254496,-0.0126547,1671,1,0,2010,-116.7028784,49.1225298
0.0209558,0.0347261,0.3806531,0.2041983,0.0332161,0.0916013,0.0438188,-0.0577969,1404,1,1,2010,-116.6894037,49.1257637
0.0372558,0.055543,0.1572684,0.201084,0.0572959,0.1464309,0.0885517,0.0530147,1673,1,0,2010,-116.7791454,49.1556776
0.0249201,0.036804,0.3720829,0.1210568,0.024466,0.0554002,0.0294877,-0.0093373,1474,1,0,2010,-116.7020699,49.1257637
0.0239229,0.0446212,0.2887824,0.1971264,0.0291996,0.1087847,0.0554159,-0.0613417,1553,1,0,2010,-116.6837443,49.15972
0.0200663,0.0335884,0.3318344,0.1290013,0.0260915,0.0647184,0.0358284,-0.0463196,1817,1,0,2010,-116.7357568,49.2071511
0.0780509,0.0947449,0.4735501,0.1812303,0.0954442,0.0647475,0.0361688,0.1788166,1995,1,0,2010,-116.7516569,49.2025697
0.0177856,0.0371448,0.2869062,0.133972,0.0255338,0.0742359,0.0443224,-0.039005,1812,1,0,2010,-116.7389907,49.2079595
0.0211878,0.0445158,0.5004023,0.2466624,0.0346626,0.0821326,0.0320622,0.0237591,1737,1,0,2010,-116.7794149,49.1656489
0.0276811,0.0419352,0.2910609,0.1476657,0.0336738,0.0810852,0.0510456,-0.0596325,1593,1,1,2010,-116.6920986,49.1209128
0.0214728,0.0396762,0.3435682,0.1928905,0.0286025,0.0942412,0.0418443,-0.0178789,1401,1,0,2010,-116.700992,49.1265722
0.0221713,0.0353295,0.3541069,0.1868286,0.0307173,0.089115,0.0434304,0.0021377,1795,1,0,2010,-116.7769894,49.1653794
0.0169605,0.0383621,0.3138228,0.1566669,0.0288516,0.0818232,0.0410948,-0.0231949,1644,1,1,2010,-116.774025,49.1581031
0.0268533,0.044319,0.2091992,0.1930773,0.0383803,0.1262701,0.0671038,0.0086281,1746,1,0,2010,-116.774564,49.1643014
0.0216717,0.0356331,0.3794432,0.179151,0.0280285,0.0805929,0.0388921,-0.0307705,1594,1,0,2010,-116.6837443,49.1605285
0.0282746,0.0393944,0.4306123,0.1868048,0.0302471,0.0743488,0.0330309,0.0062764,1451,1,0,2010,-116.6996445,49.1249552
0.0231485,0.0427612,0.3169371,0.1851719,0.0348191,0.0960441,0.0527011,0.0213735,1685,1,0,2010,-116.7799539,49.1634929
0.0208686,0.0368241,0.3309954,0.1822322,0.0267977,0.0915962,0.047266,0.0365043,1706,1,0,2010,-116.774564,49.1626845
0.0231135,0.0333679,0.363002,0.1167357,0.0232167,0.0545564,0.0305751,0.0263023,1492,1,0,2010,-116.7020699,49.1254942
0.0165334,0.0349773,0.3243929,0.1469084,0.0263835,0.0749418,0.0389878,-0.0320724,1738,1,0,2010,-116.7031479,49.1209128
0.0218037,0.0356603,0.2644334,0.1191997,0.0272194,0.0693428,0.0334354,0.0653638,1514,1,1,2010,-116.7023394,49.1252247
0.0523332,0.06348,0.1567542,0.1611741,0.0592234,0.117492,0.0711354,-0.0191411,1734,1,0,2010,-116.7422246,49.210924
0.0196992,0.0363395,0.4655879,0.2007983,0.0276691,0.0732191,0.0314742,0.0013602,1660,1,0,2010,-116.7031479,49.1227993
0.0189051,0.0437383,0.2776542,0.221792,0.0420412,0.1253943,0.05713,-0.0500062,1608,1,0,2010,-116.6929071,49.1201043
0.0267152,0.0420938,0.3158716,0.1902831,0.0358924,0.0989292,0.0408772,-0.0564104,1671,1,0,2010,-116.7802234,49.1570251
0.0393084,0.0520551,0.2490228,0.1713292,0.0417685,0.103012,0.0616707,0.0056268,1844,1,1,2010,-116.7408772,49.2071511
0.0256476,0.0459855,0.148981,0.1873031,0.0415739,0.1387303,0.0815036,-0.0295172,1722,1,0,2010,-116.7761809,49.15972
0.0193854,0.0353036,0.3650314,0.1629263,0.0266823,0.0757881,0.039428,-0.0251542,1765,1,0,2010,-116.7034174,49.1198348
0.0201439,0.0362217,0.3234622,0.1721863,0.027697,0.0880195,0.0393789,-0.0738496,1599,1,1,2010,-116.772408,49.1575641
0.0368857,0.0549409,0.1588454,0.1989578,0.0565025,0.1444146,0.0873324,0.0522747,1658,1,0,2010,-116.7794149,49.1556776
0.0192565,0.0415882,0.3621547,0.2105793,0.0277202,0.0986063,0.0490185,0.0503028,1748,1,0,2010,-116.7748335,49.1637624
0.0258402,0.0385337,0.416572,0.1978516,0.0300118,0.081487,0.0430447,-0.0211494,1486,1,0,2010,-116.6869782,49.1246857
0.0304129,0.0483806,0.0992922,0.1868937,0.0438745,0.1531318,0.0901078,-0.0090261,1740,1,0,2010,-116.7772589,49.15972
0.0287773,0.0462352,0.439419,0.196565,0.0306842,0.0765521,0.0314518,0.0417171,1769,1,1,2010,-116.7772589,49.1667269
0.0273259,0.041539,0.3753386,0.1790012,0.0274781,0.0813001,0.0438187,-0.0141451,1472,1,0,2010,-116.6891342,49.1249552
0.0230978,0.0299917,0.0966276,0.1078036,0.0290859,0.0888057,0.0448923,-0.1837465,1741,1,1,2010,-116.7371042,49.2101155
0.022539,0.0364732,0.3243059,0.1761647,0.0269048,0.0898837,0.0427244,-0.0698868,1793,1,0,2010,-116.7769894,49.1640319
0.0251052,0.0432656,0.4014192,0.2079083,0.0286679,0.0888028,0.0404369,-0.0785773,1283,1,0,2010,-116.6896732,49.1284586
0.0373384,0.0508347,0.3107837,0.1586232,0.0395477,0.0834048,0.0447633,-0.0679514,1827,1,0,2010,-116.7416856,49.2076901
0.0170665,0.0390037,0.3074561,0.1661477,0.0304631,0.0880064,0.050458,-0.0893383,1433,1,0,2010,-116.6872477,49.1260332
0.0263396,0.0398472,0.5738276,0.2673786,0.0303116,0.0724027,0.0246686,0.0034379,1222,1,0,2010,-116.6880562,49.1298061
0.0203628,0.035529,0.4793146,0.1733312,0.0234197,0.0610087,0.0237397,0.0204824,1409,1,1,2010,-116.7015309,49.1265722
0.0296278,0.0458322,0.3650651,0.1250064,0.0338425,0.0581444,0.0326697,-0.0354286,1517,1,0,2010,-116.7028784,49.1252247
0.0419659,0.0497174,0.1871152,0.1514802,0.040002,0.1037271,0.0622076,-0.0895514,1768,1,1,2010,-116.7395297,49.2095765
0.0158959,0.0412292,0.3992082,0.1804188,0.0222857,0.0774682,0.0263945,-0.0717005,1486,1,0,2010,-116.6877867,49.1249552
0.0309339,0.0414616,0.1340978,0.1200685,0.0408866,0.0916743,0.058144,-0.0419131,1933,1,0,2010,-116.7457281,49.2033781
0.0374167,0.0517973,0.05759,0.1370078,0.0489105,0.1220865,0.0812966,-0.060315,1974,1,0,2010,-116.7508485,49.2031086
0.0253437,0.0378665,0.4721609,0.268947,0.0293142,0.0964302,0.0299749,-0.0176962,1323,1,0,2010,-116.6883257,49.1276502
0.0321467,0.0577345,0.1757484,0.204285,0.0468513,0.1432128,0.0924523,0.0526279,1847,1,1,2010,-116.7384517,49.2063426
0.0254582,0.0381467,0.3638985,0.1914288,0.0348159,0.0892795,0.0426273,-0.0821005,1342,1,0,2010,-116.6910207,49.1265722
0.0267976,0.0405783,0.4671876,0.2665181,0.0265477,0.0967866,0.0485694,-0.0089733,1370,1,0,2010,-116.6877867,49.1268417
0.0203904,0.031767,0.1948753,0.1288184,0.026815,0.0867997,0.0484626,-0.0112327,1756,1,0,2010,-116.7387212,49.2101155
0.0295869,0.0441357,0.218254,0.1584616,0.0351947,0.1016838,0.0559122,-0.0395648,1835,1,0,2010,-116.7392602,49.2068816
0.0262713,0.0369264,0.4351422,0.2018163,0.0282848,0.0794329,0.0340468,-0.0025958,1669,1,0,2010,-116.7802234,49.1610675
0.0245308,0.0367298,0.3847035,0.194483,0.031423,0.086419,0.0381658,-0.0423847,1683,1,1,2010,-116.7796844,49.161337
0.0251655,0.045207,0.2211623,0.1920616,0.0336019,0.1224938,0.0635718,-0.1399781,1582,1,1,2010,-116.6823968,49.1599895
0.0208612,0.033643,0.3588589,0.1876803,0.0273091,0.0885519,0.0423796,0.0645985,1736,1,0,2010,-116.7753725,49.162954
0.0465899,0.0678464,0.4583622,0.2938217,0.0528469,0.1091258,0.0462937,-0.0482864,1129,1,1,2010,-116.6894037,49.1314231
0.021613,0.035058,0.3876806,0.2190589,0.0268771,0.0966606,0.0409592,-0.0224923,1704,1,0,2010,-116.7748335,49.161876
0.020011,0.0328313,0.1639383,0.1347893,0.025816,0.0968197,0.0586942,0.0240365,1559,1,0,2010,-116.7352178,49.1087855
0.0217456,0.0375627,0.1696363,0.1339043,0.029212,0.0950632,0.0615575,-0.0616775,1809,1,0,2010,-116.7384517,49.2076901
0.0175022,0.0325397,0.1380752,0.1179616,0.0259543,0.0893386,0.0451617,-0.1120439,1763,1,0,2010,-116.7354873,49.209307
0.0275627,0.0442189,0.3680701,0.1862945,0.0294142,0.0860519,0.0409187,0.0442535,1702,1,1,2010,-116.7786064,49.1570251
0.0226123,0.0373601,0.2609216,0.168902,0.0287016,0.0990004,0.0509066,-0.1548288,1682,1,0,2010,-116.7796844,49.1594505
0.0177604,0.0392857,0.3185684,0.177707,0.0299096,0.0918384,0.0436252,-0.0412696,1699,1,0,2010,-116.7791454,49.15972
0.0360975,0.0527785,0.2913755,0.1710068,0.0427556,0.0938376,0.0539922,-0.0641558,1845,1,1,2010,-116.7427636,49.2071511
0.0104298,0.0251695,0.2731329,0.1239438,0.0205592,0.070763,0.040089,-0.0105522,1548,1,0,2010,-116.7346788,49.1087855
0.0146349,0.0312683,0.3516459,0.1564726,0.028382,0.0750564,0.0430062,-0.0165082,1724,1,1,2010,-116.7039564,49.1209128
0.0351345,0.0455776,0.2028632,0.1566528,0.0383472,0.1038137,0.0573136,0.0042651,1838,1,0,2010,-116.7403382,49.2071511
0.0222626,0.0366036,0.1951188,0.1314393,0.0312177,0.0885209,0.0471706,-0.0869831,1760,1,0,2010,-116.7379127,49.2095765
0.025602,0.0428576,0.2129146,0.1904112,0.0393369,0.1235617,0.0634713,0.0235256,1763,1,0,2010,-116.7748335,49.1645709
0.0298292,0.0469483,0.2562134,0.1568438,0.0381022,0.0928651,0.0529865,0.1043837,1967,1,1,2010,-116.7416856,49.2052646
0.0254134,0.0378754,0.4269568,0.2283405,0.0293173,0.0916979,0.0298105,-0.061956,1417,1,1,2010,-116.6883257,49.1257637
0.0224194,0.0345717,0.3145886,0.1426141,0.0267311,0.0743573,0.0317421,-0.0479981,1488,1,0,2010,-116.700992,49.1249552
0.0287079,0.0449035,0.471294,0.2241999,0.0303647,0.0805657,0.0359847,0.0062744,1605,1,0,2010,-116.6894037,49.1209128
0.0386606,0.0502961,0.1855319,0.1488362,0.0402724,0.1022514,0.0545493,-0.1048302,1759,1,0,2010,-116.7392602,49.2101155
0.0299107,0.0413459,0.5219088,0.2588826,0.0223491,0.0813252,0.0317023,-0.033395,1241,1,0,2010,-116.6883257,49.1292671
0.0358979,0.0603325,0.3239478,0.2113474,0.0491609,0.1079211,0.0580622,-0.0833126,1613,1,1,2010,-116.6891342,49.1209128
0.0180842,0.0431274,0.3582866,0.1979403,0.0244651,0.0935156,0.0400475,0.0252774,1707,1,0,2010,-116.7020699,49.1217213
0.0323407,0.0422654,0.0851499,0.1143019,0.0419263,0.0963638,0.0585062,-0.1422723,1919,1,0,2010,-116.7459976,49.2025697
0.0269465,0.0430587,0.375343,0.1818253,0.0284966,0.0825819,0.0392687,0.0441048,1703,1,0,2010,-116.7783369,49.1570251
0.0229513,0.0311381,0.3851241,0.1499139,0.0282178,0.0665489,0.0318185,-0.0760307,1731,1,0,2010,-116.7044954,49.1206433
0.0424234,0.0555677,0.0768946,0.1716093,0.0501047,0.1471022,0.0921121,0.0130004,1867,1,0,2010,-116.7403382,49.2066121
0.0428572,0.0571396,0.1800557,0.1280716,0.0549319,0.0889887,0.0561423,-0.0459794,1914,1,0,2010,-116.748423,49.2020307
0.0227647,0.0338764,0.2581699,0.1543079,0.0281344,0.0909816,0.0490172,-0.1254748,1567,1,0,2010,-116.6837443,49.1599895
0.0414169,0.0530203,0.2885647,0.1471029,0.0438656,0.0812176,0.0526828,0.0235034,1828,1,0,2010,-116.7430331,49.208229
0.0199498,0.0408962,0.1622099,0.1678684,0.0317008,0.1210095,0.0636476,-0.1746829,1562,1,0,2010,-116.6823968,49.15972
0.0252583,0.0412035,0.2133099,0.1823521,0.0389957,0.1182341,0.0621151,-0.0405161,1695,1,0,2010,-116.7799539,49.1640319
0.0338611,0.0462893,0.053865,0.1339618,0.0479078,0.1202678,0.0758728,-0.0733271,1949,1,0,2010,-116.750579,49.2020307
0.0233928,0.0383725,0.2077806,0.1331318,0.0327761,0.0873251,0.0494774,-0.0642198,1805,1,0,2010,-116.7392602,49.208229
0.0218579,0.0405097,0.3323836,0.1573919,0.0309005,0.0788642,0.0539591,-0.0531966,1726,1,1,2010,-116.7028784,49.1211823
0.0334762,0.0457592,0.0560406,0.1325637,0.0472024,0.1184943,0.0747542,-0.0737845,1959,1,0,2010,-116.7508485,49.2020307
0.0159761,0.0289902,0.2716173,0.131641,0.0260115,0.075404,0.0343543,-0.1161789,1567,1,0,2010,-116.7007225,49.1236077
0.0225652,0.039693,0.4003258,0.1850996,0.0268861,0.0792669,0.0347995,-0.0442746,1384,1,1,2010,-116.6802409,49.1567556
0.0220063,0.0338646,0.1978439,0.1285008,0.0278,0.0860527,0.0427494,0.0678944,1480,1,0,2010,-116.7018004,49.1254942
0.0237646,0.0339953,0.4245931,0.1964032,0.0298251,0.0793291,0.0378072,-0.0320615,1665,1,0,2010,-116.7020699,49.1225298
0.0253695,0.0369225,0.3983022,0.2417187,0.0288503,0.104013,0.0479575,0.0293703,1728,1,1,2010,-116.7796844,49.1653794
0.0154225,0.0373928,0.3618507,0.1805721,0.0239807,0.0846142,0.0302268,-0.0216305,1744,1,0,2010,-116.7020699,49.1209128
0.0318956,0.0526748,0.1523677,0.2031161,0.0445456,0.1494035,0.0762926,0.021771,1658,1,1,2010,-116.7804929,49.1570251
0.0311501,0.0482256,-0.0065416,0.1352516,0.0499047,0.1370328,0.0911765,-0.0903303,1976,1,0,2010,-116.7492315,49.2036476
0.0250728,0.0433136,0.541236,0.2306173,0.028715,0.0686455,0.0290207,0.0298952,1349,1,0,2010,-116.6880562,49.1271112
0.0187422,0.0318437,0.5151389,0.1409846,0.0181541,0.0451166,0.0199304,0.0138171,1456,1,0,2010,-116.7020699,49.1263027
0.0237672,0.0399001,0.3864264,0.1796825,0.0300473,0.0795199,0.0340691,2.95e-05,1689,1,1,2010,-116.7794149,49.1581031
0.0278912,0.0424331,0.2945074,0.2146705,0.0350152,0.1169931,0.0582195,0.010148,1468,1,0,2010,-116.6915596,49.1621455
0.0233936,0.038625,0.2378507,0.1440443,0.034595,0.0886886,0.0502499,-0.0618405,1792,1,1,2010,-116.7384517,49.208229
0.0252287,0.044268,0.3508215,0.1793467,0.0295373,0.0861905,0.037557,0.0064572,1707,1,0,2010,-116.7783369,49.1572946
0.0193735,0.0330798,0.3806285,0.1721677,0.0252867,0.0772371,0.0351103,-0.0108116,1739,1,0,2010,-116.7761809,49.161876
0.0237782,0.0341822,0.2826875,0.1451401,0.0257246,0.0811661,0.0338611,-0.1332648,1574,1,1,2010,-116.700992,49.1238772
0.022423,0.0367141,0.2548722,0.1641536,0.0313712,0.0974724,0.0421016,-0.0746043,1667,1,0,2010,-116.7015309,49.1219908
0.0221713,0.0353295,0.3541069,0.1868286,0.0307173,0.089115,0.0434304,0.0021377,1800,1,0,2010,-116.7769894,49.1653794
0.0270294,0.0399962,0.3568811,0.2123868,0.0297467,0.1006647,0.0443253,-0.035058,1425,1,0,2010,-116.6810494,49.1572946
0.0200691,0.0281863,0.2315988,0.1153028,0.029815,0.071938,0.034354,-0.0630988,1791,1,0,2010,-116.7368347,49.2079595
0.0325446,0.0470405,0.0358027,0.1322368,0.0471174,0.1230953,0.0800674,-0.0936925,1982,1,0,2010,-116.750579,49.2033781
0.0167993,0.0289407,0.162551,0.1072621,0.0278405,0.0772668,0.0430163,-0.1264107,1776,1,0,2010,-116.7357568,49.208768
0.028461,0.0481512,0.2591262,0.2169144,0.038926,0.1276331,0.0717144,-0.1370319,1468,1,0,2010,-116.6837443,49.1583725
0.0201612,0.0380361,0.3340597,0.1942628,0.0280443,0.0969727,0.0440695,-0.0760896,1753,1,1,2010,-116.7761809,49.162415
0.0209008,0.0286762,0.2473602,0.1054604,0.023578,0.0636333,0.0281984,-0.0651256,1523,1,1,2010,-116.7018004,49.1246857
0.0279536,0.0398335,0.4136438,0.188419,0.0335005,0.0781531,0.0335582,0.0342848,1764,1,1,2010,-116.7772589,49.1669964
0.0341644,0.048879,0.3672836,0.190232,0.0382802,0.0880307,0.0438105,-0.038491,1712,1,1,2010,-116.7031479,49.1217213
0.020888,0.034389,0.1528458,0.1401794,0.0274663,0.1030091,0.0624463,0.0251841,1561,1,0,2010,-116.7349483,49.1087855
0.0258855,0.0432004,0.2161716,0.1893858,0.0370486,0.1220601,0.0632711,-0.0337397,1745,1,0,2010,-116.7772589,49.1610675
0.0323098,0.0500439,0.3022609,0.2680689,0.0352322,0.1436288,0.0696999,-0.0452138,1462,1,0,2010,-116.6826663,49.1581031
0.0294406,0.0463181,0.4875489,0.2435506,0.0314549,0.0839016,0.0200508,0.0005054,1353,1,0,2010,-116.6896732,49.1265722
0.0462506,0.0558352,0.1058981,0.1572883,0.0503171,0.1271652,0.0723736,-0.1190979,1728,1,0,2010,-116.7397992,49.210924
0.0315345,0.0473444,0.0789512,0.1822125,0.0465141,0.155546,0.0967268,-0.0350133,1741,1,0,2010,-116.7769894,49.161337
0.0185017,0.0411639,0.4579157,0.2281088,0.0268546,0.0848157,0.0369285,-0.0122097,1304,1,1,2010,-116.6891342,49.1279197
0.0315034,0.0484887,0.3865001,0.2297645,0.0335594,0.1016664,0.0485438,-0.0252091,1696,1,0,2010,-116.7044954,49.1214518
0.0331923,0.0496819,0.4095185,0.2221964,0.0338405,0.0930834,0.0394132,0.0434392,1765,1,0,2010,-116.7783369,49.1661879
0.022813,0.0381387,0.5404003,0.251393,0.0295428,0.0750066,0.023883,0.0401796,1224,1,1,2010,-116.6896732,49.1298061
0.0198627,0.0382359,0.4299465,0.1782148,0.0245869,0.071046,0.023983,0.0153145,1528,1,0,2010,-116.6939851,49.1209128
0.0209501,0.0331913,0.3571808,0.1704849,0.0318863,0.080749,0.0381646,-0.043283,1779,1,0,2010,-116.7772589,49.1637624
0.0224526,0.0408344,0.2368965,0.1658449,0.0343934,0.1023181,0.0590615,-0.0225141,1727,1,1,2010,-116.7777979,49.158642
0.03942,0.0473361,0.1209649,0.148441,0.0408356,0.1164041,0.0630179,-0.091386,1774,1,0,2010,-116.7403382,49.2095765
0.0199482,0.0366854,0.2580904,0.1551766,0.0313712,0.0915093,0.037901,-0.0512774,1641,1,0,2010,-116.7015309,49.1222603
0.0228106,0.0373611,0.3831328,0.208192,0.0272378,0.0928521,0.0450546,0.0345709,1685,1,0,2010,-116.7742945,49.162415
0.0193018,0.0349189,0.3569602,0.168337,0.0247081,0.079772,0.0391615,-0.055071,1736,1,0,2010,-116.7759115,49.1621455
0.0188222,0.0288724,0.3710833,0.1582692,0.0300342,0.0725982,0.0330609,-0.0179844,1747,1,1,2010,-116.7026089,49.1209128
0.018453,0.0396884,0.3274171,0.190347,0.0288951,0.096446,0.0486919,0.0089024,1753,1,0,2010,-116.7753725,49.1637624
0.0262125,0.045176,0.5273648,0.3086767,0.0303477,0.0955184,0.0372351,0.0116766,1176,1,0,2010,-116.6907512,49.1303451
0.0209161,0.0341829,0.2664051,0.1974638,0.0333049,0.1143855,0.0578998,-0.0150411,1780,1,1,2010,-116.7777979,49.1656489
0.0325345,0.0446958,0.0389988,0.1408478,0.0446008,0.1302744,0.0878382,-0.0471114,1970,1,0,2010,-116.749501,49.2033781
0.0285276,0.0523965,0.3300351,0.2931587,0.0352443,0.1476698,0.0703793,-0.0652,1444,1,0,2010,-116.6842833,49.1581031
0.0218774,0.0357246,0.3404275,0.1724719,0.0275833,0.0848667,0.0363499,-0.0823304,1674,1,0,2010,-116.7802234,49.1594505
0.0263315,0.0391153,0.3906879,0.1778645,0.0262991,0.077929,0.0339662,-0.0347667,1439,1,0,2010,-116.7001835,49.1252247
0.0205432,0.0290433,0.1605931,0.1073042,0.0279636,0.0776085,0.0432065,-0.1655263,1786,1,0,2010,-116.7360263,49.208229
0.0336826,0.0506582,0.0112692,0.1265091,0.0553692,0.1236896,0.0796755,-0.0698055,2046,1,0,2010,-116.7516569,49.2047256
0.0397327,0.0642711,0.3331115,0.3279427,0.0523554,0.1640532,0.0788685,-0.1157262,1662,1,0,2010,-116.6894037,49.1203738
0.0255635,0.043211,0.4105818,0.2163775,0.0293851,0.0904143,0.0439325,-0.031152,1362,1,0,2010,-116.6818578,49.1562166
0.0253795,0.0437879,0.3494082,0.1876549,0.0342175,0.0904743,0.041198,-0.0058379,1449,1,0,2010,-116.6869782,49.1254942
0.0269885,0.0356655,0.5271871,0.2026607,0.027036,0.0627432,0.031821,0.0328095,1262,1,0,2010,-116.6904817,49.1287281
0.0357174,0.0519791,0.2915373,0.1687081,0.0419719,0.0925435,0.053004,-0.0668469,1845,1,0,2010,-116.7430331,49.2071511
0.0285345,0.0441791,0.3029929,0.1951055,0.0361048,0.1043673,0.0485297,-0.0778192,1671,1,0,2010,-116.6907512,49.1201043
0.0242326,0.0448029,0.2001687,0.1847188,0.0407215,0.1231026,0.0727712,0.0365169,1668,1,0,2010,-116.774564,49.1581031
0.0208021,0.0375192,0.2980316,0.1595736,0.0333463,0.0862965,0.0456448,-0.0191812,1721,1,0,2010,-116.7780674,49.1583725
0.0314623,0.0437185,0.2042482,0.1461945,0.0430288,0.0966035,0.0635474,-0.0231584,1850,1,0,2010,-116.7430331,49.2068816
0.0334101,0.0479276,0.2126023,0.1588309,0.0398164,0.1031361,0.0615005,-0.0324692,1940,1,0,2010,-116.7408772,49.2058036
0.0339628,0.0506288,0.2117047,0.1670561,0.0412044,0.1086812,0.0599097,-0.0506755,1858,1,0,2010,-116.7408772,49.2068816
0.0233392,0.0441035,0.1700349,0.1860053,0.038739,0.131943,0.0726422,-0.0311231,1729,1,1,2010,-116.7767199,49.1599895
0.026404,0.0464617,0.4224558,0.2008774,0.0274646,0.08156,0.0338109,-0.0388867,1492,1,1,2010,-116.7804929,49.1529827
0.0258159,0.0402003,0.3944792,0.1852443,0.0287685,0.0804381,0.0325418,0.0088022,1681,1,1,2010,-116.7796844,49.1581031
0.024697,0.0423959,0.458559,0.2189102,0.0327869,0.0812631,0.0332309,-0.0170933,1268,1,0,2010,-116.6899427,49.1287281
0.0261304,0.0329083,0.2234556,0.1392814,0.0343205,0.0884038,0.0471082,-0.0743883,1809,1,1,2010,-116.7384517,49.2079595
0.0204124,0.0419706,0.4089204,0.2057494,0.0316701,0.0863174,0.0408283,-7.32e-05,1790,1,1,2010,-116.7769894,49.1659184
0.0285642,0.0405953,-0.0020233,0.1267612,0.0422714,0.1272752,0.0831295,-0.0627035,1968,1,0,2010,-116.7459976,49.2041866
0.0519093,0.0723343,0.4298145,0.3002667,0.0568397,0.1197412,0.0611164,-0.0773528,1131,1,0,2010,-116.6891342,49.1314231
0.0254142,0.0435434,0.5554704,0.2689055,0.0289361,0.0768491,0.0289821,0.012425,1227,1,0,2010,-116.6894037,49.1298061
0.0304286,0.0460678,0.4947579,0.2312865,0.0301841,0.078177,0.0349192,-0.008305,1344,1,0,2010,-116.699375,49.1268417
0.0283132,0.0460136,0.3841755,0.2336432,0.0303104,0.1039487,0.0423048,-0.0559335,1395,1,0,2010,-116.6818578,49.1567556
0.0220054,0.0362239,0.3080175,0.1644482,0.027174,0.0869983,0.044483,-0.1024598,1580,1,0,2010,-116.6837443,49.160259
0.0244188,0.0404851,0.3551057,0.1827013,0.0290287,0.0869475,0.0413124,-0.016101,1696,1,0,2010,-116.7791454,49.1589115
0.0391909,0.0519324,0.0265307,0.1362549,0.0503661,0.1292119,0.0892207,-0.0411783,1964,1,0,2010,-116.75004,49.2031086
0.0408943,0.0491716,0.218646,0.1544875,0.0421876,0.0990521,0.0564533,-0.109595,1812,1,0,2010,-116.7416856,49.2084985
0.0284222,0.0478601,0.3635209,0.2607216,0.0317952,0.1217025,0.0539675,-0.0584885,1403,1,0,2010,-116.6826663,49.1570251
0.0248598,0.0385802,0.2473704,0.1752231,0.0321931,0.1057249,0.0532697,-0.0201339,1745,1,0,2010,-116.7791454,49.1648404
0.0431329,0.0579684,0.0952293,0.1376719,0.0610046,0.113731,0.0771679,0.0017628,2006,1,0,2010,-116.748962,49.2047256
0.0243676,0.030313,0.2846112,0.127463,0.0262896,0.070983,0.0339031,-0.0564473,1802,1,0,2010,-116.7357568,49.2079595
0.0333116,0.0474414,0.3860376,0.1892645,0.0321738,0.083837,0.0365229,0.0055235,1671,1,0,2010,-116.7028784,49.1222603
0.0227985,0.037345,0.3867604,0.1808057,0.0306591,0.0799542,0.0386862,-0.0376176,1778,1,1,2010,-116.7767199,49.1634929
0.0178153,0.0375973,0.207174,0.1596839,0.0364438,0.1048743,0.0439607,-0.0765861,1631,1,0,2010,-116.700992,49.1222603
0.0212966,0.0374247,0.200821,0.1482945,0.0315131,0.098694,0.0500474,-0.1470414,1621,1,0,2010,-116.6837443,49.1610675
0.0292407,0.0469589,0.4686627,0.2175787,0.0274899,0.0787163,0.0363069,0.0168133,1740,1,0,2010,-116.7794149,49.1667269
0.0223768,0.0324642,0.2667986,0.1257015,0.0252738,0.0727539,0.0396392,-0.0482768,1497,1,1,2010,-116.7015309,49.1249552
0.0284252,0.0473082,0.3792408,0.252568,0.0394675,0.1136741,0.0612984,-0.042223,1748,1,1,2010,-116.6883257,49.1192958
0.0184298,0.0487718,0.244286,0.2113259,0.0397087,0.1283482,0.0513886,-0.0380279,1631,1,0,2010,-116.6920986,49.1198348
0.024079,0.0318119,0.2012385,0.1262325,0.0292563,0.0839381,0.0452038,-0.0844538,1789,1,0,2010,-116.7354873,49.208229
0.0286897,0.0500817,0.3604195,0.2660125,0.0348555,0.1250617,0.0554946,-0.0193049,1417,1,0,2010,-116.6826663,49.1572946
0.0197229,0.0365141,0.3648413,0.1565643,0.0285763,0.0728606,0.0310299,0.0086197,1645,1,0,2010,-116.774025,49.1578336
0.0274814,0.0409207,0.254982,0.1907578,0.0339778,0.113243,0.0595506,0.0604445,1679,1,1,2010,-116.7783369,49.1556776
0.029177,0.0428637,0.317178,0.1921874,0.0282214,0.0996295,0.0530548,-0.0130278,1687,1,0,2010,-116.7791454,49.1564861
0.0201958,0.0361924,0.3677431,0.1825825,0.0329643,0.0844011,0.0392424,-0.013514,1662,1,0,2010,-116.7804929,49.1634929
0.0296057,0.0469003,0.3447051,0.2575796,0.032423,0.1255224,0.0550877,-0.0263566,1401,1,0,2010,-116.6837443,49.1570251
0.0257472,0.0332814,0.1511886,0.1192674,0.0263881,0.08794,0.0537587,-0.1076014,1769,1,1,2010,-116.7371042,49.209307
0.0286104,0.0477255,0.3788427,0.2149991,0.0330029,0.0968553,0.0450362,-0.0095308,1719,1,0,2010,-116.6896732,49.1192958
0.0203158,0.0259317,0.162434,0.1067181,0.0255028,0.0768934,0.0443223,-0.1652927,1739,1,0,2010,-116.7365652,49.2101155
0.0450589,0.0672154,0.0694056,0.2028055,0.0563789,0.1764809,0.120728,-0.0118995,1865,1,0,2010,-116.7389907,49.2060731
0.0274257,0.0376592,0.153742,0.1219494,0.0352616,0.0894486,0.0530642,-0.0898887,1910,1,1,2010,-116.7470755,49.2023002
0.0460274,0.0807973,0.1712739,0.3373022,0.0657435,0.2386557,0.1204058,0.172764,531,0,0,2010,-116.6131367,49.137891
0.0409906,0.0634185,0.328515,0.3231109,0.044668,0.1633132,0.0674012,0.1119321,670,0,0,2010,-116.6309234,49.1001617
0.0474892,0.0704104,0.2688533,0.320111,0.0583653,0.1844564,0.0782924,-0.095966,538,0,0,2010,-116.6557169,49.2195478
0.0364038,0.0529038,0.4574574,0.0514738,0.036445,0.0191613,0.0100175,0.0474309,533,0,0,2010,-116.6422421,49.1888254
0.033296,0.0527733,0.4941044,0.2746736,0.0397088,0.093003,0.0377138,0.0203706,844,0,1,2010,-116.6664967,49.1381605
0.0140352,0.0291656,0.560774,0.2204842,0.0192413,0.0620477,0.0248136,-0.0031124,1206,0,0,2010,-116.7508485,49.0904599
0.0422928,0.0723133,0.1890428,0.2556748,0.060983,0.1743767,0.0991686,0.0101956,961,0,0,2010,-116.6702696,49.186939
0.0724891,0.1082382,0.0314969,0.2999086,0.1104751,0.2815931,0.1767111,-0.0799601,534,0,0,2010,-116.5859178,49.1820881
0.0620888,0.115205,0.3441506,0.41886,0.0870312,0.2043738,0.1006025,-0.012758,530,0,0,2010,-116.6198741,49.2047256
0.0309735,0.0665111,0.2322484,0.2986079,0.0443292,0.1860475,0.0949316,0.0747109,1463,0,0,2010,-116.6896732,49.1990662
0.0250579,0.042851,0.3203937,0.203072,0.0340831,0.1045211,0.0480729,0.0635113,1284,0,0,2010,-116.7058429,49.1492097
0.0285108,0.041867,0.3722352,0.2093683,0.0325357,0.095781,0.0393731,-0.0608945,985,0,0,2010,-116.6608373,49.1780457
0.046938,0.0654505,-0.0115756,0.2150443,0.0728451,0.2200811,0.1464019,-0.3784584,1792,0,0,2010,-116.7438416,49.2222428
0.0350771,0.0737608,0.3868306,0.4112661,0.0493779,0.181836,0.0791829,-0.0243947,535,0,0,2010,-116.6187961,49.1360045
0.025027,0.0535036,0.4811336,0.2556945,0.0385975,0.0895741,0.0450462,-0.0008875,1191,0,0,2010,-116.6605678,49.1298061
0.0163828,0.0335609,0.3363831,0.1563776,0.0232962,0.0776535,0.0331829,-0.0208515,1293,0,0,2010,-116.7150057,49.237065
0.02352,0.0328975,0.4896082,0.0202475,0.0229425,0.0069375,0.00482,-0.1644212,531,0,0,2010,-116.6446676,49.2297886
0.0389578,0.0671742,0.3891388,0.4368867,0.0493244,0.1921169,0.0824158,0.4422576,531,0,0,2010,-116.598045,49.1322316
0.0447985,0.062706,0.3245946,0.24067,0.0498041,0.1227166,0.0667011,0.0765473,580,0,0,2010,-116.6360438,49.1236077
0.0620029,0.1095909,-0.0794737,0.2875149,0.1266632,0.3371601,0.185483,-0.0728606,533,0,0,2010,-116.5875347,49.1691523
0.0293646,0.0452961,0.2242077,0.1843301,0.0399172,0.1168118,0.0612914,-0.0986022,1630,0,0,2010,-116.6883257,49.1664574
0.0376619,0.0695682,0.3724977,0.4094585,0.0456078,0.1872033,0.0753205,0.1239759,534,0,0,2010,-116.6125977,49.1157924
0.0358957,0.0609482,0.1431103,0.2507507,0.0667186,0.1879658,0.1102392,0.1061992,1939,0,0,2010,-116.7063819,49.1087855
0.0284425,0.03463,0.5552728,0.022915,0.0244,0.0065525,0.008175,-0.0409415,531,0,0,2010,-116.6449371,49.2386819
0.046193,0.0564999,0.4673659,0.1380944,0.0514438,0.0501264,0.0407751,0.0948949,537,0,1,2010,-116.6171791,49.1082466
0.0401947,0.0543568,0.4679722,0.2365194,0.0452767,0.0857202,0.0420239,0.0997668,535,0,1,2010,-116.6190656,49.1068991
0.0310164,0.0559422,0.272665,0.2316038,0.0588843,0.1323629,0.0844599,0.0543302,1540,0,0,2010,-116.775103,49.1017787
0.0322196,0.0448868,0.3931538,0.1534901,0.0338073,0.066859,0.0348967,-0.0090875,1731,0,1,2010,-116.7365652,49.1899034
0.0272875,0.0399925,0.4066671,0.0599988,0.0357025,0.0253075,0.01527,-0.0537466,531,0,0,2010,-116.6422421,49.2049951
0.0234641,0.0333621,0.4317577,0.2173466,0.0272129,0.0862615,0.0387337,0.0025717,1458,0,1,2010,-116.7659402,49.1637624
0.034504,0.0549112,0.1958325,0.2620364,0.0537274,0.1762129,0.097584,-0.1738342,1612,0,0,2010,-116.6894037,49.1077076
0.0166363,0.0346515,0.389994,0.1765541,0.0249577,0.0774817,0.0336864,-0.0408057,1782,0,0,2010,-116.7503095,49.1104025
0.0252206,0.0437864,0.278747,0.1961683,0.0364406,0.110645,0.058139,-0.0872954,1317,0,0,2010,-116.5732515,49.2273632
0.0362693,0.0540948,0.2999942,0.2241462,0.0394059,0.1206957,0.0555786,0.0353179,594,0,0,2010,-116.6430506,49.185322
0.0221132,0.0338946,0.2645932,0.1404065,0.0277516,0.0816514,0.0445648,-0.021044,1767,0,0,2010,-116.7645927,49.1823576
0.0257114,0.0639757,0.1910904,0.2927705,0.0512201,0.1988303,0.112766,-0.1367037,1701,0,0,2010,-116.7053039,49.1648404
0.0224558,0.0349976,0.4946951,0.2190414,0.0299942,0.0740504,0.0338678,0.0038957,1585,0,0,2010,-116.6985665,49.0942328
0.0219708,0.035249,0.4036905,0.1827942,0.0295262,0.0776538,0.0315437,0.0388388,1339,0,0,2010,-116.7691741,49.234909
0.0159252,0.0343446,0.3984396,0.1818675,0.0229127,0.0782331,0.0388771,0.0061717,1195,0,0,2010,-116.7465365,49.135196
0.0419953,0.0592683,0.3816338,0.2177595,0.0424491,0.0974608,0.0415686,-0.0678313,571,0,0,2010,-116.6802409,49.2200868
0.0249654,0.0326596,0.6634113,0.0685525,0.028027,0.0138715,0.0131838,0.0084896,532,0,0,2010,-116.6735035,49.2357175
0.0200344,0.0396208,0.3547668,0.1802253,0.0260103,0.0858357,0.0378318,-0.0272176,1544,0,0,2010,-116.6643407,49.1176789
0.0290825,0.036504,0.2926102,0.1564338,0.0302074,0.0856095,0.0405645,-0.0304657,1807,0,1,2010,-116.7761809,49.1737337
0.0225499,0.0427948,0.2369638,0.1661616,0.0332632,0.1024988,0.0573066,-0.0957284,1171,0,0,2010,-116.7104243,49.2335615
0.0398922,0.0681875,0.3751709,0.2584814,0.0493528,0.1174448,0.0570285,-0.0107988,906,0,0,2010,-116.7036869,49.135196
0.0301123,0.04496,0.3889928,0.1585682,0.0376865,0.0697529,0.0417704,0.0929031,1791,0,0,2010,-116.7632452,49.2203563
0.0535403,0.0946576,0.484092,0.4157993,0.0737589,0.1445424,0.0618463,0.4614221,533,0,0,2010,-116.5772939,49.1033957
0.037739,0.052149,0.2626952,0.1380686,0.0512742,0.0806201,0.0432278,-0.0927933,1592,0,1,2010,-116.7672876,49.2265547
0.0406929,0.0656141,0.3855031,0.342338,0.0470642,0.1518334,0.0655938,0.0966036,538,0,1,2010,-116.6117893,49.1303451
0.0368196,0.061269,0.288089,0.2193107,0.0522739,0.1212103,0.0580667,0.0316681,536,0,0,2010,-116.5813364,49.1890949
0.036309,0.0512123,0.2186985,0.2189737,0.0507368,0.140383,0.0860443,0.0900775,1642,0,0,2010,-116.7524654,49.1675354
0.031152,0.0510931,0.1308513,0.1864911,0.0458756,0.1433332,0.0891679,-0.0161057,2021,0,0,2010,-116.7400687,49.1745422
0.035569,0.0617134,0.2595849,0.2664347,0.0546317,0.1566169,0.0809715,0.1571128,1234,0,0,2010,-116.7810319,49.0915379
0.0327785,0.0504378,0.2390205,0.2081901,0.0356584,0.1278658,0.0656351,0.0308928,594,0,1,2010,-116.6427811,49.1494792
0.0304048,0.0442763,0.3456784,0.2211859,0.026413,0.1075493,0.0500402,0.0325725,951,0,1,2010,-116.6532914,49.1007007
0.0322451,0.0389625,0.3728863,0.1710881,0.0282674,0.0781505,0.0334046,-0.0224732,889,0,1,2010,-116.6929071,49.2184698
0.0258142,0.0499143,0.3517087,0.2733797,0.0355191,0.1311153,0.0559652,-0.0276647,912,0,0,2010,-116.5816059,49.2141579
0.0675251,0.1056151,-0.0136565,0.2470007,0.1152064,0.2538404,0.1898155,-0.2145142,566,0,0,2010,-116.6117893,49.2311361
0.0395066,0.0658481,0.1692784,0.23399,0.0521122,0.1662397,0.087895,0.0784083,1119,0,0,2010,-116.6823968,49.1519047
0.0376787,0.057287,0.2519625,0.233976,0.0492493,0.1397987,0.0737105,0.1074976,686,0,0,2010,-116.6379302,49.1077076
0.0265646,0.044579,0.4019404,0.3104996,0.0322629,0.1324573,0.0551892,-0.0312424,543,0,0,2010,-116.5891517,49.1594505
0.0337736,0.0546441,0.3522619,0.2980097,0.042477,0.1427477,0.060484,0.0308579,722,0,1,2010,-116.6441286,49.1632234
0.0244,0.0384525,0.79219,0.0228325,0.02429,0.0026475,0.00152,0.2266637,531,0,1,2010,-116.6586813,49.2446108
0.0602646,0.0765183,0.3097562,0.262341,0.0601589,0.1382542,0.0687617,-0.0577041,1385,0,1,2010,-116.724977,49.0982753
0.0212016,0.0388865,0.3925176,0.2024087,0.0254912,0.0883003,0.0370719,0.0778501,1321,0,0,2010,-116.7783369,49.0934244
0.0296375,0.0387706,0.378158,0.1927191,0.0281882,0.0869572,0.0412785,-0.019875,792,0,0,2010,-116.6840138,49.1470538
0.0481795,0.066691,0.0261311,0.2141315,0.0594053,0.2032256,0.1265263,-0.0241007,1284,0,0,2010,-116.7384517,49.0947718
0.0700735,0.1020438,-0.1216558,0.1803493,0.1105313,0.2303082,0.1649597,-0.3841142,1845,0,0,2010,-116.7583943,49.210385
0.0221202,0.0401394,0.3163159,0.1632937,0.0276759,0.0848135,0.0376302,0.0138724,996,0,0,2010,-116.5775634,49.210924
0.0190411,0.0281356,0.4080808,0.1531485,0.0221481,0.0643795,0.0249468,-0.0442789,1538,0,0,2010,-116.7389907,49.1249552
0.0223259,0.0391418,0.536414,0.2505341,0.0246495,0.0755943,0.0319935,0.0570726,1378,0,1,2010,-116.7732165,49.2322141
0.0262744,0.0414067,0.4708423,0.2213588,0.0301502,0.0796372,0.0328404,-0.0004083,1113,0,0,2010,-116.7034174,49.2128105
0.0474485,0.075469,0.1433103,0.2864166,0.0734362,0.2146138,0.1301185,0.1606814,1918,0,0,2010,-116.746267,49.1147144
0.0336434,0.0502733,0.1449598,0.2104382,0.0402935,0.1571523,0.0876151,0.0202089,880,0,1,2010,-116.697219,49.1427419
0.0332661,0.0458538,0.3831179,0.3037027,0.035052,0.1354539,0.0481761,-0.0480994,544,0,1,2010,-116.6411642,49.2079595
0.0306425,0.0361288,0.7320745,0.0302712,0.02649,0.0046825,0.002675,-0.1077876,531,0,0,2010,-116.6298454,49.2246682
0.025575,0.0391969,0.5081947,0.2480066,0.0292188,0.0808722,0.0307887,0.0191257,1620,0,0,2010,-116.7336008,49.2214343
0.03672,0.0506075,0.5023419,0.0416975,0.0350975,0.0138125,0.00779,0.1853401,533,0,0,2010,-116.6398167,49.1866695
0.0235528,0.042377,0.3243308,0.2503813,0.0310916,0.1277437,0.0627476,-0.054145,1478,0,0,2010,-116.6832053,49.1052821
0.0209752,0.0372805,0.4323231,0.1862809,0.0253068,0.0738293,0.0328424,-0.0052369,1612,0,1,2010,-116.7150057,49.1979882
0.0508813,0.080908,0.3006943,0.247477,0.0657586,0.1330536,0.0644293,-0.2430473,534,0,1,2010,-116.6177181,49.1039346
0.0318758,0.0523863,0.4473618,0.0673604,0.0353306,0.0257198,0.0156169,-0.0262646,533,0,0,2010,-116.5988535,49.1748117
0.0260463,0.0420036,0.3552008,0.190425,0.0370266,0.0906035,0.0519163,0.1174743,1715,0,1,2010,-116.7406077,49.159181
0.0265037,0.0355375,0.6604756,0.0259262,0.02253,0.0053012,0.0024688,-0.1462145,531,0,0,2010,-116.6166402,49.2268242
0.0511919,0.0815024,0.2100043,0.2992709,0.0706328,0.19539,0.1075949,0.1731053,1677,0,0,2010,-116.6856308,49.1742727
0.0127973,0.0234384,0.2284917,0.1061488,0.017268,0.0666628,0.0329467,-0.1168765,1853,0,0,2010,-116.7678266,49.1273807
0.0196606,0.0351481,0.3343785,0.1519274,0.0238296,0.0757852,0.041847,0.0587531,1469,0,0,2010,-116.6605678,49.1230688
0.0140928,0.0262965,0.4418385,0.1453273,0.0189683,0.0562588,0.024313,-0.0410321,1617,0,0,2010,-116.7387212,49.1074381
0.0203916,0.036992,0.4928718,0.1962603,0.0283662,0.0666696,0.0265998,0.0516481,1729,0,0,2010,-116.7053039,49.1174094
0.020178,0.0325745,0.4147758,0.1646311,0.0206006,0.0680999,0.0292615,-0.0149901,1304,0,0,2010,-116.7133887,49.1484012
0.0397423,0.0552709,-0.0934321,0.1495096,0.0579383,0.1803269,0.1315418,-0.0134554,1892,0,0,2010,-116.7486925,49.1861305
0.0243666,0.0428407,0.3495686,0.1862118,0.0334258,0.0897457,0.0383752,-0.023943,1603,0,0,2010,-116.722282,49.1958323
0.0325978,0.0539937,0.1939384,0.2279968,0.045766,0.1539271,0.0817165,0.0330678,1424,0,0,2010,-116.7589333,49.136813
0.0476971,0.0582995,0.3879029,0.1317316,0.0573953,0.0580967,0.0376853,0.1831047,1939,0,0,2010,-116.7597418,49.1925984
0.0232715,0.0355912,0.4188157,0.1862965,0.0249657,0.076312,0.0326892,-0.0252271,1714,0,1,2010,-116.7209346,49.161337
0.0385336,0.0571687,0.2592642,0.2026354,0.0412181,0.119196,0.0599998,-0.0109077,884,0,1,2010,-116.674312,49.208768
0.0314811,0.0463871,0.1710715,0.1984411,0.0415872,0.1404641,0.0806404,0.0031463,1468,0,0,2010,-116.7454586,49.1548691
0.0282505,0.0498255,0.452733,0.2750493,0.0375359,0.1036153,0.0569726,-0.0031974,816,0,0,2010,-116.647093,49.1686133
0.0305127,0.0389847,0.2851171,0.0269097,0.0260295,0.0149693,0.005071,-0.1618222,533,0,0,2010,-116.6880562,49.2314056
0.0218936,0.0383787,0.2466753,0.1552319,0.0325874,0.0938015,0.0441027,-0.0671778,1626,0,0,2010,-116.698297,49.1839745
0.0349092,0.0470725,0.3782936,0.2012702,0.0362969,0.0907869,0.0382561,0.021925,1408,0,0,2010,-116.7077293,49.1273807
0.0619119,0.0891512,0.3984878,0.4628298,0.0714578,0.1990706,0.1000417,0.0902066,532,0,0,2010,-116.6161012,49.1246857
0.0259856,0.0425626,0.4020041,0.2055565,0.0281944,0.0876759,0.0417695,0.0269707,1439,0,0,2010,-116.7007225,49.2047256
0.0261471,0.041828,0.2974894,0.1429937,0.0328684,0.0774223,0.0360527,-0.1028349,1819,0,1,2010,-116.7608198,49.2279021
0.0311596,0.0435676,0.3471538,0.182178,0.031477,0.0882855,0.0401088,0.054991,783,0,1,2010,-116.7074598,49.1416639
0.0338969,0.0616768,0.1219409,0.2581748,0.0516222,0.2020541,0.1218417,0.1453364,1247,0,0,2010,-116.6559864,49.0920769
0.0746975,0.1109132,-0.2870139,0.160436,0.1091786,0.2896036,0.2332689,0.011718,2043,0,0,2010,-116.7349483,49.1750812
0.0387488,0.0590275,0.3759438,0.2135983,0.0455661,0.096877,0.0420582,-0.0106546,1396,0,1,2010,-116.7319838,49.1292671
0.0215698,0.0394322,0.4033189,0.2028127,0.0258724,0.0862345,0.034131,-0.0090524,1552,0,1,2010,-116.6646102,49.1144449
0.0144798,0.0310167,0.4125644,0.1601453,0.02092,0.0665988,0.0276872,-0.0745789,1442,0,1,2010,-116.7414161,49.1260332
0.0420477,0.0646924,0.3984008,0.3478426,0.0562495,0.1496437,0.0700265,0.0690446,543,0,0,2010,-116.6352353,49.1333095
0.0205925,0.0448031,0.350087,0.2207961,0.0307882,0.1062882,0.0507556,0.0056928,1537,0,0,2010,-116.6751205,49.1637624
0.0351471,0.061134,0.3421306,0.1999327,0.0382124,0.0980006,0.0385012,-0.0409329,539,0,0,2010,-116.6303844,49.1864
0.0500988,0.0844226,-0.0089617,0.2611909,0.0872024,0.2659147,0.1389407,-0.1217107,531,0,0,2010,-116.6193351,49.1942153
0.0149753,0.0301613,0.2423492,0.1373621,0.0233225,0.0837707,0.0411213,0.0208761,1486,0,1,2010,-116.7203956,49.236526
0.0300197,0.0495011,0.2101122,0.177821,0.0346051,0.1160708,0.0608606,-0.1233192,1633,0,0,2010,-116.7115022,49.1551386
0.0219276,0.0424447,0.2909849,0.1897378,0.0328409,0.1042049,0.0568939,-0.0067328,1813,0,1,2010,-116.7621672,49.1130975
0.0289389,0.0479243,0.2488465,0.2479793,0.0416674,0.1491541,0.076819,0.027363,1003,0,0,2010,-116.650327,49.110133
0.0568503,0.0832858,-0.1145578,0.1947329,0.0901623,0.2451217,0.1562041,-0.2761031,1659,0,0,2010,-116.7376432,49.2192783
0.0318367,0.0657336,0.3190849,0.2340667,0.048642,0.1208259,0.0580631,0.0704397,1049,0,0,2010,-116.6624542,49.135196
0.0332337,0.0613892,0.2074547,0.3043024,0.0465163,0.199737,0.084422,0.0546758,1804,0,0,2010,-116.7034174,49.1033957
0.0370671,0.0561109,0.4267798,0.237747,0.0398606,0.0955168,0.0395053,-0.0281284,714,0,1,2010,-116.673773,49.1395079
0.03144,0.0339425,0.6524622,0.03364,0.02704,0.007075,0.00768,0.0154566,531,0,0,2010,-116.6298454,49.1715778
0.0376265,0.0545957,0.3398814,0.2240993,0.0370472,0.1104069,0.0527243,-0.0049233,575,0,0,2010,-116.6155622,49.2367955
0.0230982,0.0383061,0.3227276,0.1856846,0.0260324,0.0950756,0.0455079,-0.0561276,981,0,0,2010,-116.7659402,49.1484012
0.0326568,0.05205,0.425747,0.2087523,0.0306377,0.0840799,0.033781,-0.0202539,964,0,0,2010,-116.6956021,49.2176614
0.0447437,0.0714285,0.3149462,0.3015992,0.0558214,0.1571256,0.0724573,0.0582003,534,0,0,2010,-116.6212216,49.1157924
0.040482,0.0691385,0.3021626,0.3171315,0.0523231,0.1699528,0.0827986,0.0772039,582,0,1,2010,-116.5810669,49.1969103
0.0330164,0.0528601,0.3138172,0.2420534,0.0374764,0.1264201,0.0578066,-0.0256478,871,0,0,2010,-116.6891342,49.1459758
0.0363241,0.0586828,0.1791383,0.1926995,0.0510749,0.1341485,0.0794029,-0.0315917,1071,0,0,2010,-116.7058429,49.2303276
0.050374,0.0910204,0.4060667,0.3950042,0.0710577,0.1668528,0.0711796,0.213526,531,0,1,2010,-116.6093638,49.1955628
0.0396976,0.0558821,0.3346583,0.2892017,0.0464496,0.1441702,0.0630632,0.0752333,659,0,0,2010,-116.6355048,49.1036651
0.0388603,0.0670709,0.3957671,0.2959587,0.0509721,0.1281216,0.0620964,-0.0235018,531,0,0,2010,-116.6217606,49.1459758
0.0225906,0.044038,0.4529936,0.2279573,0.0288702,0.0858187,0.0384081,0.0101475,1302,0,0,2010,-116.7610893,49.2429938
0.0241795,0.0467708,0.2408655,0.2425237,0.0393324,0.1483707,0.0835216,0.0571741,1892,0,0,2010,-116.7645927,49.109055
0.0302339,0.0483925,0.0798327,0.1884785,0.0466131,0.1606099,0.1001139,0.0110241,1684,0,0,2010,-116.6778154,49.1667269
0.0383562,0.0649212,0.114572,0.2329462,0.0576062,0.185055,0.09117,-0.0361619,533,0,0,2010,-116.6212216,49.2128105
0.0410585,0.0704533,0.0996784,0.2612118,0.0593002,0.2138576,0.1149759,0.1465088,635,0,0,2010,-116.6597593,49.1942153
0.0615837,0.0872893,-0.0704561,0.2568063,0.0906574,0.2957363,0.1785073,0.0526153,534,0,0,2010,-116.572982,49.1438198
0.0425775,0.0691975,0.2135738,0.2907237,0.058775,0.1883962,0.1087563,-0.0568321,533,0,0,2010,-116.5883432,49.1370825
0.0235834,0.0372321,0.2121951,0.1448675,0.0300233,0.0941493,0.0543938,-0.1191486,1583,0,0,2010,-116.6894037,49.1640319
0.0280789,0.0531443,0.2419305,0.2726865,0.0419363,0.1664468,0.0923651,0.0617064,1325,0,1,2010,-116.7360263,49.1521742
0.045595,0.0651318,0.1405273,0.2115532,0.0570092,0.1594212,0.0866773,-0.0089301,737,0,1,2010,-116.6896732,49.2243987
0.0482342,0.072719,0.1953787,0.3008819,0.0682815,0.2025266,0.1119312,0.1080165,538,0,0,2010,-116.6107113,49.1861305
0.0239659,0.0350649,0.1966837,0.1124398,0.0307193,0.0754792,0.0403565,-0.1172968,1869,0,1,2010,-116.7761809,49.2165834
0.0307527,0.0463889,0.4267287,0.2079224,0.0311336,0.0835449,0.038259,-0.0454049,1087,0,1,2010,-116.7015309,49.2171224
0.0259188,0.0408334,0.3623578,0.1842989,0.0267551,0.0862598,0.0390772,0.0139704,1260,0,0,2010,-116.699914,49.1489402
0.0292196,0.0437888,0.4803736,0.2047729,0.0285893,0.0718774,0.0331463,-0.0215121,1378,0,0,2010,-116.6929071,49.1570251
0.0164472,0.0610143,0.2183833,0.1821983,0.0542299,0.1168838,0.0826729,-0.0524807,1608,0,0,2010,-116.7476145,49.0977363
0.02902,0.03903,0.6645362,0.05762,0.0343275,0.0116125,0.007845,0.0581055,531,0,1,2010,-116.6443981,49.2036476
0.0252398,0.0361195,0.4312665,0.1823469,0.0299159,0.0724581,0.039218,-0.0229079,1440,0,0,2010,-116.7034174,49.0966583
0.0344912,0.0608331,0.1761911,0.2482496,0.052172,0.173875,0.0873678,0.0177631,627,0,1,2010,-116.5843008,49.2033781
0.0304912,0.0445575,0.6030894,0.0276312,0.0351387,0.0068413,0.0067862,-0.1304003,531,0,0,2010,-116.6112503,49.2265547
0.0404116,0.0549564,0.1090175,0.1761889,0.0503953,0.1415498,0.0771413,-0.0606726,1367,0,0,2010,-116.7459976,49.0936938
0.0359763,0.0624499,0.364676,0.2684345,0.0449793,0.1249695,0.053638,0.0825275,532,0,0,2010,-116.6217606,49.1327706
0.0293228,0.0487906,0.4446716,0.2705244,0.0328996,0.1039889,0.0467522,-0.0646053,728,0,0,2010,-116.6484405,49.1599895
0.048931,0.0782339,0.1641407,0.2357959,0.0715526,0.1693027,0.0994695,-0.0079468,792,0,1,2010,-116.6584118,49.1815491
0.0269802,0.0398333,0.343452,0.1539928,0.0314092,0.0752566,0.0445292,0.0134686,1747,0,0,2010,-116.7066513,49.1141754
0.029075,0.0422062,0.5291758,0.0309725,0.0303537,0.0095362,0.0087525,-0.1374611,531,0,0,2010,-116.6320013,49.2392209
0.0367983,0.0553978,0.2855677,0.1438189,0.0538133,0.0799249,0.0463916,-0.0070698,1958,0,0,2010,-116.7672876,49.1877475
0.0392225,0.06873,0.3427632,0.306385,0.0534125,0.149965,0.067135,5.22e-05,531,0,0,2010,-116.6099028,49.1696913
0.0228106,0.036579,0.5004796,0.224668,0.0230613,0.0747936,0.0278622,0.0543434,1573,0,1,2010,-116.6786239,49.0982753
0.0983669,0.1283804,0.0455303,0.2954767,0.129822,0.2697421,0.1964589,-0.0390287,537,0,0,2010,-116.5716346,49.1311536
0.0426757,0.0602345,0.4276737,0.097198,0.0449356,0.0389648,0.0340488,0.5154356,534,0,0,2010,-116.5896907,49.1033957
0.0358167,0.0539608,0.2895651,0.2729606,0.0402699,0.1503769,0.0690416,0.067488,1078,0,0,2010,-116.6489795,49.0945023
0.0297125,0.0542571,0.1355651,0.2046206,0.0464341,0.1557649,0.0817243,0.0513844,1674,0,1,2010,-116.6780849,49.1683438
0.0294597,0.049251,0.331941,0.2161866,0.0344602,0.1084323,0.0468248,0.0322116,1772,0,1,2010,-116.6896732,49.1187568
0.057345,0.0864675,0.2900758,0.4380275,0.079565,0.241045,0.1237575,0.1441558,535,0,1,2010,-116.5708261,49.1376215
0.031769,0.0480683,0.4721276,0.2316959,0.0376894,0.083081,0.0357181,-0.0060348,1442,0,1,2010,-116.7408772,49.1273807
0.0254637,0.0465565,0.326728,0.2062044,0.0356713,0.1046421,0.0477562,-0.0432291,1166,0,0,2010,-116.5772939,49.2254767
0.018908,0.0368905,0.3652057,0.1929942,0.0311471,0.0897386,0.0412479,-0.0121653,1820,0,1,2010,-116.7627062,49.1109415
0.0303877,0.0427192,0.2719708,0.1672572,0.030747,0.0957319,0.0471453,-0.0006242,863,0,0,2010,-116.7020699,49.1427419
0.0290475,0.0511575,0.5330611,0.0431825,0.0299825,0.0131525,0.0054525,0.0099192,533,0,0,2010,-116.6034349,49.1551386
0.0213583,0.0350838,0.4529687,0.1809494,0.0284127,0.068126,0.0340412,-0.0047467,1825,0,0,2010,-116.7683656,49.1187568
0.0335077,0.0650327,0.3895293,0.3295922,0.0463666,0.1448018,0.0658988,0.052195,540,0,1,2010,-116.6152927,49.1365435
0.0590041,0.0960872,0.0523328,0.2878644,0.1082911,0.2592333,0.1590269,-0.0815359,530,0,0,2010,-116.6020874,49.1440893
0.0518102,0.0809593,0.0816338,0.2620096,0.0779766,0.2224604,0.1310375,-0.2117459,1654,0,0,2010,-116.7139277,49.1036651
0.0316922,0.0407194,0.3966764,0.2068966,0.03241,0.0893733,0.0336839,-0.0176411,755,0,0,2010,-116.7279414,49.1392384
0.0351722,0.0534181,0.353204,0.1422626,0.0424856,0.0679978,0.0347937,0.0796482,532,0,1,2010,-116.6228385,49.1812796
0.0370514,0.05963,0.3680311,0.2973932,0.0503195,0.1373823,0.059807,0.0225706,531,0,0,2010,-116.6101723,49.1664574
0.0221837,0.0356313,0.2804406,0.1437247,0.0282581,0.0807679,0.0472171,-0.0114834,1879,0,1,2010,-116.7497705,49.2214343
0.0212767,0.0499421,0.4248394,0.2205367,0.0350433,0.0890234,0.0239704,0.1277307,1897,0,0,2010,-116.7074598,49.1098635
0.0385068,0.0636291,0.0953679,0.2597483,0.0635098,0.2145185,0.1296426,0.2685403,1691,0,0,2010,-116.7066513,49.1823576
0.0224834,0.0447374,0.3561739,0.1716123,0.0319771,0.0814707,0.039698,0.0432865,976,0,1,2010,-116.5775634,49.2106545
0.0363303,0.0500951,0.4257221,0.2207636,0.0339675,0.0889231,0.0312273,0.0291756,882,0,0,2010,-116.7257855,49.136813
0.0420843,0.0563869,0.3616484,0.2129313,0.0425277,0.0998239,0.0501272,-0.0002974,712,0,0,2010,-116.6702696,49.1448978
0.0319075,0.0419587,0.7864355,0.0328425,0.0263937,0.0039263,0.0028263,0.0920462,531,0,0,2010,-116.6182571,49.2308666
0.03133,0.0485175,0.5374895,0.0365,0.032155,0.01098,0.0044625,-0.004864,533,0,1,2010,-116.5894212,49.1713083
0.0429057,0.0651173,0.0499487,0.2072574,0.0611964,0.1875379,0.1109022,0.0797103,982,0,0,2010,-116.6985665,49.1438198
0.0268866,0.0452124,0.4184105,0.2296881,0.0340768,0.0941788,0.0383121,-0.0110858,969,0,0,2010,-116.6562559,49.1004312
0.0467039,0.074653,0.3406812,0.4090116,0.0556924,0.2011433,0.0868941,-0.0188283,534,0,0,2010,-116.6376607,49.1481318
0.0309806,0.0472127,0.4100613,0.2151445,0.035901,0.0900117,0.0400996,0.0032885,897,0,0,2010,-116.6457456,49.109594
0.0200944,0.0368882,0.237778,0.14527,0.0327345,0.0894571,0.0475067,0.0221584,1780,0,0,2010,-116.7761809,49.1246857
0.0407807,0.0770436,0.2535649,0.415516,0.0567985,0.247419,0.1133322,0.3499524,1517,0,0,2010,-116.7276719,49.1966408
0.0558543,0.0722763,0.2811732,0.2259037,0.0679093,0.1267476,0.0673756,-0.0452951,999,0,0,2010,-116.747884,49.1405859
0.0423611,0.0645538,0.0535652,0.1825187,0.0632912,0.1639595,0.1017332,-0.092165,533,0,1,2010,-116.6214911,49.2155054
0.0357312,0.0514123,0.3801579,0.1676069,0.0391083,0.0752739,0.0392885,0.0200811,1381,0,1,2010,-116.7160837,49.0950413
0.0740554,0.094653,0.2556326,0.2499062,0.080135,0.14815,0.0880864,-0.1963058,1579,0,0,2010,-116.7195871,49.0993532
0.0248437,0.045715,0.4570111,0.2365319,0.0308505,0.0881491,0.0329766,0.0213491,1328,0,1,2010,-116.7586638,49.162954
0.0208128,0.0339148,0.367485,0.1620953,0.0257283,0.0749754,0.0396192,-0.0063018,1745,0,0,2010,-116.7152752,49.1950238
0.0206601,0.0344352,0.4427094,0.2124145,0.0241145,0.0820516,0.0355375,0.0215163,1718,0,0,2010,-116.7648622,49.1039346
0.0270816,0.0398031,0.3399471,0.1753072,0.0292129,0.0863557,0.0351741,0.0302976,1560,0,0,2010,-116.7597418,49.1723863
0.0233596,0.0410787,0.186265,0.1664232,0.0311037,0.1141603,0.0583439,-0.0361775,899,0,0,2010,-116.7368347,49.1443588
0.0574566,0.0878122,0.233916,0.3048972,0.0796771,0.1892972,0.1068213,0.191377,533,0,0,2010,-116.5993925,49.1470538
0.0330718,0.0478756,0.3285157,0.1938783,0.0305099,0.0979937,0.0410218,0.02165,893,0,1,2010,-116.6042434,49.2392209
0.0191191,0.0360477,0.3963915,0.2085595,0.0282141,0.0901526,0.0318758,0.0203727,1526,0,0,2010,-116.7759115,49.1009702
0.0288152,0.0462852,0.1516263,0.186164,0.0411224,0.1371423,0.0795422,-0.0399643,1556,0,0,2010,-116.6934461,49.2004137
0.04538,0.0670427,-0.0040336,0.189362,0.0676633,0.1908958,0.1298752,-0.2600077,1792,0,0,2010,-116.7521959,49.2163139
0.039415,0.06433,0.438691,0.471495,0.0437325,0.183955,0.07918,-0.0104674,534,0,1,2010,-116.5921161,49.1052821
0.0249955,0.0410431,0.2876821,0.1923261,0.0300072,0.1063906,0.0556009,-0.04978,1675,0,1,2010,-116.671617,49.0912684
0.0239424,0.0437113,0.4992709,0.2376895,0.0276985,0.0793839,0.0291424,0.0124332,854,0,0,2010,-116.6546389,49.1626845
0.0223862,0.0416162,0.2796606,0.1835308,0.0334486,0.1033121,0.058165,0.1130138,1925,0,1,2010,-116.6829358,49.1149839
0.0479428,0.0693716,0.052519,0.2417577,0.0583446,0.2176311,0.0938195,0.2348461,1726,0,0,2010,-116.7796844,49.1718473
0.0511025,0.0835525,0.2417524,0.31909,0.06488,0.194845,0.0829475,0.0038731,533,0,1,2010,-116.6080163,49.1710388
0.0236784,0.0429364,0.4154633,0.2155827,0.0346645,0.0890281,0.0360009,0.0476004,1532,0,0,2010,-116.7441111,49.2419159
0.0235376,0.0395923,0.3490876,0.0345776,0.0291223,0.0166831,0.0188438,-0.077433,532,0,0,2010,-116.6810494,49.2314056
0.0229302,0.0371274,0.5350917,0.2740474,0.0262141,0.0829963,0.0363973,0.0362996,1515,0,0,2010,-116.7837268,49.1036651
0.0528169,0.0748295,-0.1144847,0.1749032,0.0681471,0.2201283,0.1614763,0.0636302,2042,0,1,2010,-116.746806,49.1807406
0.0269768,0.0476919,0.4143976,0.1075481,0.031276,0.0445281,0.0201952,0.000322,541,0,0,2010,-116.6050519,49.1535216
0.0391314,0.0493145,0.2063565,0.1338654,0.0395911,0.088068,0.0490206,-0.0314515,1821,0,0,2010,-116.7457281,49.1996052
0.0282319,0.0452951,0.333144,0.1813639,0.0376513,0.0907206,0.0437582,0.0034891,794,0,1,2010,-116.6053214,49.235448
0.0202797,0.0461263,0.2954472,0.1902759,0.040707,0.103485,0.0544052,0.0599776,1318,0,0,2010,-116.6557169,49.1187568
0.050528,0.08215,0.2500975,0.3224272,0.0882663,0.1934161,0.1068892,0.0957971,531,0,0,2010,-116.5894212,49.1942153
0.0238418,0.0362363,0.224727,0.154085,0.0321862,0.0975384,0.0465051,-0.1025131,1962,0,0,2010,-116.7559689,49.2252072
0.0265419,0.0456527,0.3411166,0.2443433,0.0358181,0.1200445,0.0544065,0.0505883,1541,0,0,2010,-116.7556994,49.1713083
0.0531933,0.0866689,0.2102009,0.3883849,0.0752748,0.253467,0.1243002,0.2088589,535,0,0,2010,-116.5956196,49.1004312
0.0316146,0.0502508,0.3427109,0.3034308,0.0339998,0.1485366,0.0654049,0.0322895,838,0,1,2010,-116.6460151,49.0904599
0.0237121,0.0332453,0.2816696,0.1993041,0.0301069,0.1117029,0.0560993,-0.1335356,764,0,1,2010,-116.725516,49.1403164
0.0260259,0.04346,0.4373305,0.2291662,0.0333505,0.0897113,0.0398275,0.0027346,1238,0,0,2010,-116.6826663,49.1942153
0.0417114,0.0649615,0.3490541,0.3586881,0.0502727,0.1730743,0.0704385,-0.0176545,535,0,0,2010,-116.6082858,49.1659184
0.021288,0.0340855,0.3503454,0.1822442,0.0248745,0.0876781,0.0361294,0.042459,1609,0,0,2010,-116.6697306,49.1120195
0.0343998,0.0570851,0.3284025,0.2928398,0.04114,0.1480503,0.0607305,-0.0036708,546,0,0,2010,-116.6365828,49.2012222
0.0238829,0.0380883,0.0889919,0.1404507,0.0361991,0.1174956,0.0751392,-0.0769057,1886,0,1,2010,-116.7486925,49.1866695
0.0376691,0.0608232,0.3918034,0.3180822,0.0458147,0.138997,0.0603971,0.0042996,535,0,1,2010,-116.6201436,49.1400469
0.0133076,0.0321915,0.365977,0.1679049,0.0249541,0.0779336,0.0359435,-0.0522865,1747,0,0,2010,-116.7608198,49.1149839
0.0317196,0.0564213,0.3184353,0.2257023,0.0474474,0.1166767,0.0618289,-0.0137108,615,0,0,2010,-116.5845703,49.2025697
0.0489851,0.0870544,0.0872199,0.2760086,0.0760666,0.2317242,0.1074108,0.0093532,534,0,0,2010,-116.6465541,49.1952933
0.0483807,0.0883782,0.0795623,0.2904571,0.0778817,0.2476445,0.126565,-0.0384436,534,0,0,2010,-116.6368522,49.209846
0.0482626,0.0814207,0.3515876,0.3522808,0.0579183,0.1690037,0.0852054,0.4099253,537,0,0,2010,-116.5929246,49.0901904
0.0164814,0.0351574,0.4109621,0.2341349,0.0235341,0.0977449,0.0428983,-0.0098028,1599,1,1,2011,-116.674312,49.109594
0.0192303,0.0373675,0.3896039,0.2427527,0.0256931,0.1066313,0.0481773,0.0026707,1587,1,0,2011,-116.6840138,49.1077076
0.0168571,0.0408752,0.3290494,0.2445946,0.0270806,0.1234799,0.0572291,-0.0459369,1620,1,0,2011,-116.6840138,49.1082466
0.0170118,0.0306579,0.3263035,0.1476372,0.0203135,0.0749924,0.0338233,-0.0351775,1711,1,0,2011,-116.673234,49.1120195
0.0130969,0.0334683,0.4265449,0.1852788,0.0226838,0.07448,0.0295267,-0.0389638,1526,1,1,2011,-116.6670356,49.1098635
0.0170137,0.0311705,0.2276615,0.1433268,0.0239872,0.0901688,0.0494107,-0.1768587,1404,1,0,2011,-116.7295584,49.1015092
0.0182859,0.0306492,0.3046598,0.149962,0.0229036,0.0799247,0.0464992,-0.0778654,1741,1,0,2011,-116.6907512,49.110133
0.0164409,0.033706,0.2308678,0.1585081,0.0259139,0.0990469,0.0507376,0.0120439,1829,1,1,2011,-116.7274024,49.2076901
0.0185922,0.0362471,0.2968738,0.1746938,0.0265555,0.0947138,0.0425099,-0.1030185,1652,1,1,2011,-116.6772764,49.0893819
0.0174858,0.0299985,0.3487927,0.1603207,0.0254684,0.077404,0.0357768,-0.0862735,1566,1,0,2011,-116.7303669,49.1055516
0.0178043,0.0354835,0.4517314,0.2309628,0.0268937,0.0872267,0.0380465,0.0263555,1526,1,0,2011,-116.6675746,49.1093245
0.0164858,0.0317475,0.2439451,0.1360632,0.0257909,0.0826976,0.0413819,-0.1513272,1722,1,0,2011,-116.6845528,49.1104025
0.0189546,0.0260835,0.1700094,0.1139021,0.0198089,0.0808008,0.0413819,-0.0946954,1718,1,0,2011,-116.7306364,49.2106545
0.0182854,0.0305224,0.3413333,0.1596452,0.0250539,0.0783944,0.0399856,-0.066404,1605,1,0,2011,-116.6770069,49.1093245
0.015273,0.0373818,0.4330597,0.1865816,0.0209382,0.0738145,0.0317441,0.0346714,1783,1,0,2011,-116.746267,49.1182179
0.013589,0.0322617,0.4255276,0.1623959,0.0171408,0.0654438,0.0275791,-0.0215502,1663,1,0,2011,-116.7403382,49.1187568
0.0132261,0.0314524,0.4428312,0.1927466,0.0233144,0.0744317,0.0331359,0.058167,1682,1,0,2011,-116.7527349,49.1160619
0.0176005,0.0291741,0.5560094,0.22657,0.0159174,0.0646493,0.022306,-0.0010413,1193,1,0,2011,-116.7319838,49.0982753
0.0185902,0.0333057,0.4032721,0.2012433,0.0274157,0.0855768,0.0362696,-0.0193314,1664,1,0,2011,-116.6818578,49.1093245
0.0159426,0.0301625,0.3340344,0.130821,0.0239167,0.0653074,0.0340099,-0.0829459,1662,1,1,2011,-116.6869782,49.1093245
0.019195,0.0351692,0.3068361,0.1706443,0.0277357,0.0905121,0.0454288,-0.1124255,1530,1,0,2011,-116.6805104,49.1063601
0.0216174,0.0436737,0.2811545,0.2112469,0.0306365,0.1185289,0.0573938,-0.0817554,1470,1,0,2011,-116.6805104,49.1052821
0.0191874,0.0309413,0.2621869,0.1602058,0.0269094,0.0936485,0.0474815,-0.0851406,1758,1,0,2011,-116.6891342,49.1109415
0.0178868,0.0376443,0.4387892,0.1838137,0.0296959,0.0716979,0.0305409,0.0064044,1778,1,1,2011,-116.748962,49.1171399
0.0194004,0.0316131,0.3279091,0.167665,0.0250784,0.0848598,0.039392,-0.0398238,1507,1,0,2011,-116.7203956,49.0982753
0.0137243,0.0234532,0.2703681,0.1127847,0.0177613,0.0647775,0.0313413,0.0795537,1780,1,0,2011,-116.7274024,49.2090375
0.0135688,0.03149,0.2994952,0.1455496,0.0275263,0.0784598,0.0368831,-0.0535127,1683,1,0,2011,-116.673234,49.1114805
0.0170641,0.0301128,0.3077953,0.1472259,0.0247923,0.0779254,0.0423579,-0.1297868,1666,1,0,2011,-116.675929,49.110672
0.0194421,0.0320897,0.2086368,0.1540415,0.0298765,0.1008597,0.0523152,-0.1386823,1494,1,0,2011,-116.7309059,49.1031262
0.0143727,0.0290324,0.3949555,0.1414156,0.0203829,0.0613372,0.0297007,-0.0656624,1657,1,0,2011,-116.6888647,49.1093245
0.0157508,0.0350629,0.3353246,0.1664331,0.0236568,0.0828442,0.0371562,-0.0827547,1521,1,1,2011,-116.7322533,49.1058211
0.0171747,0.0295793,0.2347793,0.1286238,0.0271594,0.0797111,0.0435546,-0.1658384,1706,1,0,2011,-116.6869782,49.1098635
0.0176952,0.0309561,0.2494757,0.1380915,0.0255575,0.0829476,0.0395153,-0.137323,1748,1,0,2011,-116.6788934,49.1120195
0.0184404,0.0326795,0.3034224,0.1624845,0.0244492,0.0868353,0.0441823,-0.1490852,1415,1,0,2011,-116.7303669,49.1017787
0.0176034,0.0334989,0.2082917,0.1526617,0.025218,0.1000285,0.0530521,-0.156703,1632,1,0,2011,-116.6783544,49.109594
0.0171651,0.032402,0.2905415,0.1523357,0.0254666,0.0837446,0.0369787,-0.1559817,1459,1,0,2011,-116.7333313,49.1047431
0.0199248,0.0383841,0.3255657,0.210019,0.0291452,0.1068555,0.0494356,-0.0827103,1482,1,0,2011,-116.6807799,49.1055516
0.015478,0.0314836,0.2842616,0.132351,0.0258013,0.0737612,0.0395216,-0.121155,1697,1,1,2011,-116.675929,49.1109415
0.0158931,0.0320571,0.2258684,0.1477285,0.0269183,0.09329,0.0454706,-0.016929,1774,1,1,2011,-116.6745815,49.1136364
0.0193047,0.040863,0.3941322,0.3234698,0.0270791,0.1405749,0.0583678,-0.0221137,1455,1,0,2011,-116.6770069,49.1060906
0.0165023,0.0338179,0.2564036,0.1558109,0.0249851,0.0922159,0.0495337,-0.0581118,1786,1,0,2011,-116.6840138,49.1114805
0.0165257,0.0333656,0.3187814,0.1555419,0.0238089,0.0803454,0.0441513,-0.0547315,1691,1,1,2011,-116.6845528,49.109594
0.0155165,0.0361195,0.1484438,0.1363878,0.0239805,0.1011298,0.0599273,-0.1052831,1842,1,0,2011,-116.7295584,49.2076901
0.0170799,0.0334383,0.4201866,0.1835946,0.0224586,0.0749554,0.0387148,-0.0060621,1456,1,1,2011,-116.7336008,49.1052821
0.0186011,0.0339342,0.4693847,0.1843587,0.0257879,0.0665745,0.0307627,-0.01304,1419,1,0,2011,-116.671617,49.1063601
0.0212352,0.0437662,0.4272454,0.2683981,0.0302602,0.1077083,0.0443811,0.0285309,1709,1,0,2011,-116.698836,49.0996227
0.0153582,0.0311422,0.2627938,0.1364499,0.0229813,0.079658,0.041785,-0.1203162,1768,1,0,2011,-116.6850918,49.1109415
0.0170396,0.0317437,0.3792608,0.1619269,0.0189508,0.0728755,0.0314446,-0.0450535,1588,1,0,2011,-116.7298279,49.1060906
0.0149533,0.0329302,0.4490417,0.1731752,0.0246981,0.0658451,0.0301662,-0.0270057,1555,1,0,2011,-116.6788934,49.1074381
0.0227264,0.0382323,0.2530275,0.1757054,0.0341677,0.104744,0.0577096,-0.2184998,1528,1,0,2011,-116.6840138,49.1063601
0.0129279,0.0259294,0.1830292,0.1218594,0.0226832,0.0841531,0.0450785,-0.0660351,1792,1,0,2011,-116.7263245,49.2079595
0.0123647,0.0351374,0.4594035,0.1939199,0.01847,0.0718324,0.0310299,0.0782374,1871,1,0,2011,-116.774025,49.1171399
0.0169795,0.0357025,0.2108766,0.1614653,0.0283193,0.1052263,0.0564881,-0.0436192,1628,1,0,2011,-116.6880562,49.108516
0.0189749,0.0336725,0.2529802,0.1497959,0.025357,0.0893075,0.0508922,-0.1744809,1401,1,0,2011,-116.7300974,49.1015092
0.0150366,0.0289278,0.2860615,0.1387729,0.0265608,0.0770378,0.0395303,-0.128491,1710,1,0,2011,-116.6837443,49.1098635
0.0144672,0.0237401,0.1842385,0.1087805,0.021751,0.0749333,0.0415856,-0.0227728,1769,1,0,2011,-116.7279414,49.209307
0.0180434,0.0380463,0.2869831,0.1679626,0.0288001,0.093055,0.0504774,-0.0032266,1397,1,0,2011,-116.7185091,49.0961193
0.0206634,0.0363177,0.3075449,0.1889456,0.0272153,0.1000626,0.0476205,-0.1121692,1405,1,0,2011,-116.6621847,49.1074381
0.0183998,0.0336968,0.2710011,0.1622159,0.0266474,0.093041,0.0485497,-0.1367618,1702,1,0,2011,-116.6788934,49.1109415
0.0191862,0.0375011,0.0862982,0.1479026,0.0321759,0.1244031,0.0679439,-0.0767316,1832,1,1,2011,-116.7284804,49.2066121
0.0156211,0.0313042,0.2767884,0.1499068,0.0268747,0.0849117,0.0393865,-0.0772232,1521,1,0,2011,-116.7311754,49.1042041
0.0163437,0.0311423,0.3544085,0.1806983,0.0231494,0.0861316,0.0446387,0.143484,1709,1,0,2011,-116.7333313,49.209846
0.0159475,0.033708,0.3827778,0.1894442,0.026167,0.0845611,0.038118,-0.0155892,1596,1,0,2011,-116.6756595,49.1093245
0.01939,0.0319641,0.3853121,0.1857721,0.0214386,0.0824304,0.0323991,-0.0476622,1514,1,1,2011,-116.6670356,49.1093245
0.0126338,0.0301906,0.2838413,0.1305321,0.0223803,0.072814,0.0348444,-0.0099858,1790,1,0,2011,-116.7298279,49.2090375
0.0165607,0.032507,0.2967518,0.1480824,0.0259584,0.0803074,0.0411895,-0.0881812,1677,1,1,2011,-116.673773,49.111211
0.0194686,0.0351918,0.4655429,0.2059559,0.0305589,0.0751084,0.0313975,0.0228773,1652,1,0,2011,-116.7535434,49.1163314
0.0158986,0.0322182,0.2679554,0.1767317,0.0234718,0.1020347,0.0513687,-0.1789122,1578,1,0,2011,-116.7311754,49.1066296
0.0119984,0.0268646,0.4650052,0.1762177,0.0203421,0.0643517,0.025075,0.0280016,1689,1,0,2011,-116.7524654,49.1160619
0.0182076,0.0299279,0.264116,0.1267693,0.0236658,0.0737966,0.0397919,-0.1369392,1691,1,0,2011,-116.6864393,49.109594
0.0174869,0.0323468,0.2132199,0.1654045,0.0254739,0.1072657,0.0519537,-0.1693651,1455,1,0,2011,-116.7303669,49.1025872
0.0197575,0.0380956,0.4257479,0.2425259,0.0261846,0.0976828,0.0453096,0.062336,1706,1,0,2011,-116.6985665,49.0990837
0.0168794,0.0303454,0.4453538,0.2126561,0.0175746,0.0816056,0.03602,0.0036375,1606,1,0,2011,-116.6705391,49.110672
0.0144644,0.0261528,0.3256409,0.1337337,0.0217771,0.0680309,0.032452,-0.0473584,1719,1,0,2011,-116.672695,49.1133669
0.0170236,0.0340428,0.4185058,0.2131426,0.0230036,0.0873745,0.0396436,-0.0276232,1473,1,0,2011,-116.6664967,49.1082466
0.0171692,0.03282,0.414463,0.1727784,0.0258249,0.0715241,0.0341787,-0.0412814,1541,1,0,2011,-116.6788934,49.1071686
0.0202804,0.035139,0.3253549,0.1629097,0.0237084,0.0829259,0.0384179,-0.0949317,1477,1,1,2011,-116.7333313,49.1058211
0.0190156,0.0338882,0.412759,0.1861415,0.0229208,0.0773734,0.0355293,-0.0367827,1688,1,0,2011,-116.7419551,49.1184873
0.01551,0.0370374,0.2130033,0.172994,0.0310711,0.1122385,0.0613866,-0.0015545,1906,1,0,2011,-116.77133,49.1192958
0.018837,0.0357122,0.3028398,0.1719538,0.0270215,0.0920139,0.0432071,-0.1231145,1650,1,1,2011,-116.6775459,49.0893819
0.0121883,0.026108,0.521068,0.1750712,0.0168085,0.0551239,0.0229389,0.0503057,1733,1,1,2011,-116.7516569,49.1155229
0.0175411,0.0307434,0.2375319,0.1380233,0.0254799,0.0850389,0.0457187,-0.1447215,1756,1,1,2011,-116.6888647,49.1109415
0.0161095,0.0308686,0.4741481,0.1658797,0.0228462,0.0591719,0.0295121,0.0135335,1511,1,0,2011,-116.6794324,49.1063601
0.015721,0.0284923,0.4105218,0.1499935,0.0201669,0.0626845,0.026433,-0.0492364,1586,1,1,2011,-116.7303669,49.1063601
0.0177483,0.0306244,0.3677716,0.1600234,0.0241822,0.073968,0.0366318,0.0036966,1391,1,1,2011,-116.7187786,49.0961193
0.0158085,0.0283597,0.3825254,0.16633,0.0240239,0.0742876,0.0318632,-0.0770187,1540,1,1,2011,-116.6678441,49.1104025
0.0177579,0.0326895,0.3278044,0.1499695,0.0258133,0.0759215,0.0390618,-0.0315237,1715,1,0,2011,-116.6915596,49.1093245
0.0149997,0.0330362,0.3618114,0.1676465,0.0218851,0.0785646,0.0362065,-0.0485513,1504,1,0,2011,-116.7333313,49.1066296
0.0170149,0.0289334,0.3137618,0.1390191,0.0270096,0.0726161,0.037117,-0.0977369,1649,1,0,2011,-116.6869782,49.109055
0.0202955,0.0350473,0.1593302,0.1583139,0.0317726,0.1147988,0.0610364,-0.0670637,1763,1,1,2011,-116.6826663,49.1109415
0.0137186,0.0292771,0.4353868,0.157928,0.0181889,0.0621214,0.0272606,-0.0327371,1497,1,0,2011,-116.7317143,49.1039346
0.0163411,0.0286969,0.2147559,0.1297929,0.0211417,0.0839009,0.0406463,-0.0593749,1792,1,1,2011,-116.7284804,49.208768
0.0160721,0.0320799,0.1996049,0.1455364,0.0279272,0.0971042,0.0514129,-0.1902471,1719,1,0,2011,-116.6794324,49.111211
0.0192574,0.0389876,0.1992163,0.1658427,0.0295468,0.1107424,0.0540787,-0.001243,1832,1,0,2011,-116.6767374,49.1147144
0.0163927,0.0355006,0.3373076,0.2306604,0.0254473,0.114302,0.0500322,-0.0652007,1527,1,0,2011,-116.6829358,49.1063601
0.0155199,0.0303244,0.4688289,0.167954,0.0200957,0.060737,0.0271115,0.0055342,1558,1,0,2011,-116.6705391,49.1093245
0.0191571,0.0348741,0.3613378,0.2028532,0.0288201,0.0951672,0.0402512,-0.0695558,1584,1,0,2011,-116.7314448,49.1074381
0.0134295,0.0325804,0.2845871,0.1405717,0.0265278,0.0782873,0.0372952,-0.0728329,1729,1,1,2011,-116.67539,49.1120195
0.0147707,0.0312857,0.2910742,0.1462371,0.0244671,0.0802985,0.040496,-0.0810697,1676,1,0,2011,-116.6899427,49.1093245
0.0162601,0.0292286,0.2901073,0.1362301,0.0246665,0.0749618,0.0356178,-0.1179687,1699,1,1,2011,-116.6880562,49.1098635
0.0113881,0.0294059,0.5335411,0.1793487,0.0174636,0.0545527,0.0226514,0.0211429,1863,1,1,2011,-116.7726775,49.1176789
0.013964,0.0333022,0.2451703,0.1532794,0.0229365,0.0929189,0.0458009,-0.1544148,1588,1,1,2011,-116.7292889,49.1060906
0.0142863,0.0300079,0.3442008,0.1445464,0.0237402,0.0705203,0.0378145,-0.0916618,1556,1,1,2011,-116.6780849,49.1079771
0.0166481,0.032088,0.2992779,0.1603627,0.0264731,0.0864863,0.0448811,-0.0868195,1678,1,1,2011,-116.6840138,49.109594
0.0187804,0.0370532,0.2139843,0.1727874,0.032442,0.1118743,0.0603153,0.0240894,1899,1,0,2011,-116.7715995,49.1190263
0.0191532,0.031586,0.1891716,0.1407684,0.0263913,0.0959819,0.0477332,-0.0896064,1841,1,0,2011,-116.6772764,49.1144449
0.0194449,0.0325854,0.2229588,0.1509404,0.028451,0.0959042,0.0509641,-0.1805017,1673,1,0,2011,-116.6780849,49.110672
0.0178914,0.0314174,0.3864129,0.1751823,0.0225013,0.0775307,0.0351217,-0.0625369,1428,1,0,2011,-116.7317143,49.1020482
0.0167223,0.0330985,0.233735,0.1520545,0.0295809,0.0944401,0.0449563,-0.0530775,1706,1,0,2011,-116.674312,49.11175
0.016741,0.0273663,0.2765777,0.1336997,0.0249253,0.0757661,0.0407647,-0.1059919,1753,1,0,2011,-116.6859003,49.1109415
0.0186445,0.0308399,0.3707473,0.1566629,0.0263189,0.0719174,0.033832,-0.037925,1637,1,0,2011,-116.6791629,49.1093245
0.0171901,0.0312001,0.2958857,0.1579657,0.0233688,0.0858301,0.0408895,-0.0316834,1779,1,0,2011,-116.6751205,49.1136364
0.0175831,0.0233024,0.2293766,0.1164978,0.0247604,0.0730255,0.0363062,0.0373149,1720,1,0,2011,-116.7271329,49.209846
0.0186011,0.0339342,0.4693847,0.1843587,0.0257879,0.0665745,0.0307627,-0.01304,1419,1,0,2011,-116.671617,49.1063601
0.0146851,0.0265436,0.4050964,0.1709739,0.0201269,0.0723886,0.0309239,-0.0092901,1632,1,1,2011,-116.7416856,49.1198348
0.0174244,0.0339129,0.3924995,0.189917,0.0261489,0.0828544,0.0375654,-0.0256595,1428,1,0,2011,-116.7287499,49.1023177
0.0196298,0.0359966,0.3630215,0.2364656,0.0245749,0.1105071,0.0481653,-0.0746058,1476,1,0,2011,-116.6815883,49.1055516
0.0141129,0.0236352,0.1142647,0.10249,0.0221406,0.0814699,0.0382329,-0.1349706,1725,1,0,2011,-116.7295584,49.210385
0.0185083,0.0336013,0.2874528,0.1763249,0.0253012,0.0975879,0.049041,-0.0803774,1662,1,1,2011,-116.6794324,49.1098635
0.0161344,0.0320053,0.2800748,0.1499893,0.0260094,0.0843553,0.041941,-0.0206275,1719,1,0,2011,-116.674312,49.1120195
0.0183639,0.0310577,0.323574,0.1691634,0.0258651,0.0864527,0.0406558,-0.1426648,1527,1,0,2011,-116.6837443,49.1066296
0.0182247,0.0332565,0.2211718,0.1539254,0.0274686,0.0981692,0.0499374,-0.1639011,1693,1,1,2011,-116.6794324,49.1109415
0.0162851,0.0366247,0.1999416,0.1450456,0.0295356,0.0967088,0.046622,-0.0570332,1801,1,0,2011,-116.6845528,49.11175
0.0168714,0.0345114,0.3402065,0.2003251,0.0342287,0.0986215,0.0417686,0.0439604,1667,1,0,2011,-116.7430331,49.1195653
0.0140604,0.0245664,0.1414067,0.1077759,0.0180563,0.0810716,0.0376039,-0.0879756,1734,1,1,2011,-116.7287499,49.2101155
0.0125787,0.029835,0.2351706,0.1166391,0.0231765,0.072224,0.0333191,-0.0681731,1762,1,0,2011,-116.7309059,49.209307
0.0135387,0.0388817,0.3167067,0.2300168,0.0264338,0.1193652,0.0518944,0.0280346,1880,1,0,2011,-116.7748335,49.1166009
0.0163025,0.0337461,0.4035959,0.189496,0.0217071,0.080519,0.0367957,-0.0545249,1460,1,0,2011,-116.673234,49.1071686
0.0181545,0.0307732,0.3776444,0.1729887,0.025606,0.0781483,0.0328825,-0.032548,1614,1,0,2011,-116.6815883,49.1079771
0.0149034,0.029558,0.3065767,0.1460461,0.0255457,0.0775093,0.0409677,-0.038764,1759,1,1,2011,-116.6915596,49.110133
0.0137021,0.0205364,0.2003218,0.1043373,0.022045,0.0695116,0.0322348,-0.0596136,1710,1,0,2011,-116.7295584,49.2106545
0.0191246,0.0323464,0.3080597,0.1622733,0.0254846,0.0858397,0.0431752,-0.1032859,1463,1,1,2011,-116.7298279,49.1028567
0.0150639,0.0303789,0.2758139,0.1358994,0.0222724,0.0771402,0.0404535,-0.0495796,1753,1,0,2011,-116.6864393,49.1109415
0.0186441,0.0356327,0.3555005,0.2063172,0.0288377,0.0980976,0.0404448,-0.0494714,1623,1,0,2011,-116.7309059,49.1079771
0.0165284,0.0372598,0.207504,0.1508092,0.0276971,0.0989775,0.0471131,-0.0595703,1801,1,0,2011,-116.6840138,49.11175
0.0168316,0.0346418,0.4231674,0.176949,0.0263388,0.0717203,0.026947,-0.0281906,1669,1,0,2011,-116.6740425,49.110672
0.0208009,0.0387522,0.2617943,0.1727697,0.029404,0.101078,0.0501853,-0.0540922,1412,1,1,2011,-116.7325228,49.1020482
0.0134295,0.0325804,0.2845871,0.1405717,0.0265278,0.0782873,0.0372952,-0.0728329,1743,1,0,2011,-116.67539,49.1120195
0.0153199,0.0319578,0.4410763,0.1816015,0.0240228,0.0704344,0.0307873,-0.0165036,1571,1,0,2011,-116.6791629,49.1079771
0.0147288,0.0298001,0.2580577,0.1341075,0.0230468,0.0790902,0.0423676,-0.1306893,1713,1,0,2011,-116.6891342,49.1104025
0.0213719,0.0393498,0.4859047,0.222771,0.0280132,0.0770746,0.0267517,-0.0167481,1648,1,1,2011,-116.7530044,49.1166009
0.0178878,0.0331656,0.1416834,0.1342919,0.0267558,0.1009606,0.0534892,-0.0870383,1787,1,1,2011,-116.6864393,49.111211
0.0206941,0.0370983,0.197381,0.155918,0.0293445,0.1045137,0.0572713,-0.1067174,1464,1,0,2011,-116.7314448,49.1028567
0.0162182,0.0350945,0.4077414,0.17536,0.0267746,0.0737767,0.030478,-0.0120342,1408,1,0,2011,-116.7341398,49.1033957
0.0153424,0.0340389,0.3417908,0.1572689,0.022758,0.0771475,0.0338665,-0.1332323,1525,1,0,2011,-116.7325228,49.1063601
0.0190857,0.0331639,0.3534475,0.1541749,0.0250313,0.0736506,0.0337519,-0.0903067,1631,1,0,2011,-116.6821273,49.0893819
0.0177606,0.0286211,0.3268359,0.1512931,0.0238524,0.0767579,0.0355495,-0.1257512,1573,1,0,2011,-116.6815883,49.1071686
0.0159849,0.0343933,0.4700331,0.2057563,0.0234981,0.0741779,0.0323831,0.0005473,1634,1,0,2011,-116.674312,49.1104025
0.0160832,0.0358755,0.4010649,0.217069,0.0257848,0.0927939,0.0413879,-0.0074177,1623,1,0,2011,-116.6751205,49.110133
0.0167665,0.0363394,0.2344241,0.1520545,0.0271059,0.0943025,0.0465073,-0.0820407,1710,1,0,2011,-116.6745815,49.11175
0.0177308,0.0309123,0.4068258,0.1899529,0.0246276,0.0800918,0.0333271,-0.0207865,1568,1,0,2011,-116.6767374,49.1087855
0.0194449,0.0325854,0.2229588,0.1509404,0.028451,0.0959042,0.0509641,-0.1805017,1685,1,1,2011,-116.6780849,49.110672
0.0172234,0.0338835,0.3991487,0.1992615,0.0252838,0.085571,0.0412171,-0.0063493,1666,1,1,2011,-116.6807799,49.1093245
0.0302079,0.0347385,0.0990038,0.1352756,0.0323834,0.110903,0.0697287,-0.0863956,1706,1,1,2011,-116.7430331,49.1184873
0.0209063,0.0369384,0.1196009,0.1532441,0.0349833,0.1205036,0.0638814,-0.0954033,1831,1,0,2011,-116.6829358,49.112289
0.017226,0.0329311,0.2384596,0.1547951,0.0269061,0.0951849,0.0475545,-0.1070483,1618,1,0,2011,-116.6867087,49.1082466
0.0166801,0.0367336,0.5409066,0.2333191,0.0254225,0.0695144,0.0227438,0.0164502,1706,1,0,2011,-116.750579,49.1166009
0.0170123,0.0263722,0.0851542,0.1089773,0.0252059,0.091874,0.0453795,-0.1615553,1685,1,1,2011,-116.7295584,49.2111935
0.022066,0.0395346,0.3609043,0.1918476,0.0313355,0.0900937,0.0448722,-0.0276048,1484,1,1,2011,-116.6802409,49.1055516
0.0173781,0.0249327,0.274293,0.1389827,0.022068,0.0791503,0.0334582,-0.0055898,1685,1,1,2011,-116.7284804,49.2111935
0.018653,0.0329404,0.4270459,0.1688286,0.0242079,0.0677841,0.0309785,0.0055929,1311,1,0,2011,-116.724438,49.0955803
0.0194553,0.0338636,0.3508583,0.1575966,0.0256604,0.0757315,0.03473,-0.089798,1626,1,1,2011,-116.6823968,49.0893819
0.02161,0.0339118,0.5159202,0.2203741,0.0231804,0.0703722,0.022857,0.0026416,1744,1,1,2011,-116.75004,49.1163314
0.0183645,0.0341236,0.3267449,0.1773116,0.0269221,0.0899766,0.0462172,-0.1365069,1750,1,1,2011,-116.6907512,49.110672
0.015665,0.0313255,0.247038,0.1388053,0.0261427,0.0838107,0.0409261,-0.1030554,1760,1,0,2011,-116.6745815,49.1130975
0.016967,0.0328058,0.2477358,0.1501537,0.0260932,0.0905282,0.0461341,-0.1483492,1400,1,1,2011,-116.7314448,49.1017787
0.0191756,0.0372652,0.3890482,0.2421092,0.0256191,0.1064881,0.0481083,0.0019,1584,1,0,2011,-116.6842833,49.1077076
0.0139922,0.0299534,0.3857278,0.1511,0.0222973,0.0669804,0.0305394,-0.0416143,1742,1,1,2011,-116.6931766,49.1093245
0.0166533,0.0321181,0.265544,0.1443641,0.02771,0.0837814,0.0435976,-0.1421544,1727,1,1,2011,-116.6883257,49.110672
0.017704,0.0342039,0.2303126,0.142524,0.0266939,0.0891634,0.048738,-0.100346,1707,1,1,2011,-116.6912902,49.109055
0.0190188,0.0230047,0.2318022,0.1127211,0.0207464,0.0702971,0.0329408,-0.0311092,1696,1,0,2011,-116.7279414,49.2106545
0.0127614,0.0243015,0.1643945,0.1114036,0.0183817,0.0799467,0.0382776,-0.0968163,1720,1,0,2011,-116.7287499,49.210385
0.0207613,0.0344967,0.268542,0.1569879,0.0285135,0.0905213,0.0456376,-0.110276,1415,1,0,2011,-116.7290194,49.1017787
0.0155287,0.0295952,0.4060385,0.1623852,0.0256799,0.0685974,0.0332404,-0.0472602,1528,1,1,2011,-116.7314448,49.1047431
0.0141522,0.0269537,0.3102885,0.1375597,0.0247745,0.0724089,0.0354455,-0.1036667,1748,1,0,2011,-116.6791629,49.1120195
0.0180448,0.0377825,0.2017425,0.1778379,0.0285603,0.1181288,0.0530057,-0.1634011,1393,1,0,2011,-116.6619152,49.1071686
0.0170168,0.0324268,0.2131184,0.1439009,0.0282786,0.0933404,0.0514486,-0.1618881,1676,1,0,2011,-116.6788934,49.110672
0.0134132,0.0300729,0.3211052,0.13693,0.0251603,0.0703661,0.0379043,-0.0895177,1677,1,0,2011,-116.6875172,49.109594
0.0207613,0.0344967,0.268542,0.1569879,0.0285135,0.0905213,0.0456376,-0.110276,1426,1,1,2011,-116.7290194,49.1017787
0.0153381,0.0307039,0.3422762,0.1430776,0.0244558,0.0701089,0.0352818,-0.0852315,1676,1,0,2011,-116.6877867,49.109594
0.0132591,0.0287386,0.367056,0.1522759,0.0255972,0.0705034,0.0321381,-0.0141554,1650,1,1,2011,-116.7419551,49.1190263
0.020157,0.0412934,0.2931055,0.1861714,0.0302528,0.1017733,0.0484534,0.0371766,1297,1,0,2011,-116.7322533,49.1004312
0.0244247,0.0497343,0.3910762,0.3389921,0.0354613,0.1483889,0.0657518,0.0236868,1709,1,0,2011,-116.698836,49.0993532
0.0139253,0.020882,0.197304,0.1062807,0.0227038,0.0712526,0.0332104,-0.0568616,1700,1,0,2011,-116.7298279,49.2106545
0.015939,0.0300313,0.4042932,0.1503664,0.0237282,0.063786,0.032172,-0.0722655,1589,1,0,2011,-116.6783544,49.1082466
0.0191089,0.0337616,0.2788353,0.1582634,0.0298922,0.0892484,0.0413628,-0.1680559,1626,1,1,2011,-116.6823968,49.0896514
0.0165256,0.0257438,0.3482565,0.1297455,0.023392,0.0627186,0.0268904,0.0927079,1734,1,0,2011,-116.7330618,49.209307
0.0203387,0.0334181,0.277501,0.184801,0.0268308,0.1045154,0.053635,-0.0664506,1507,1,0,2011,-116.7295584,49.1039346
0.0246793,0.0452824,0.3421866,0.2418682,0.0342899,0.118541,0.0547984,0.0818106,1796,1,0,2011,-116.697758,49.1007007
0.016287,0.0338768,0.3559234,0.1833272,0.0230908,0.0870822,0.0417326,0.0820337,1756,1,1,2011,-116.746806,49.1187568
0.0138649,0.0310705,0.3361267,0.1358518,0.0232766,0.0674999,0.034588,-0.0859763,1682,1,0,2011,-116.6888647,49.109594
0.0181545,0.0307732,0.3776444,0.1729887,0.025606,0.0781483,0.0328825,-0.032548,1600,1,0,2011,-116.6815883,49.1079771
0.01613,0.0320694,0.2717065,0.1603254,0.026632,0.0918167,0.0466053,-0.0759352,1666,1,0,2011,-116.6791629,49.1104025
0.0183913,0.0337165,0.5706071,0.2259654,0.0204894,0.0617773,0.0310243,0.0490498,1658,1,1,2011,-116.7521959,49.1171399
0.014363,0.0301704,0.3806812,0.1588165,0.0269425,0.0712388,0.0304449,-0.0629803,1516,1,0,2011,-116.7333313,49.1068991
0.0162905,0.0305309,0.3162488,0.1390102,0.0267096,0.0722115,0.0387175,-0.1043047,1718,1,1,2011,-116.6791629,49.1114805
0.0175952,0.0349607,0.2233176,0.1586642,0.0287807,0.1007356,0.0521302,-0.07265,1753,1,0,2011,-116.6813189,49.1114805
0.0147699,0.026653,0.2162997,0.1306818,0.0238462,0.0842024,0.049902,0.0264361,1758,1,1,2011,-116.726055,49.2084985
0.0165465,0.0362513,0.2494227,0.1724531,0.02798,0.1035993,0.0564053,0.0337547,1911,1,0,2011,-116.7710606,49.1195653
0.0197745,0.0360137,0.4278555,0.1965849,0.0246668,0.0787719,0.0345557,-0.0143027,1724,1,1,2011,-116.75004,49.1174094
0.0157984,0.0270312,0.2694736,0.1174985,0.0238293,0.0676152,0.0350337,0.0288284,1735,1,0,2011,-116.7263245,49.209307
0.0161344,0.0320053,0.2800748,0.1499893,0.0260094,0.0843553,0.041941,-0.0206275,1730,1,0,2011,-116.674312,49.1120195
0.0123717,0.0375691,0.4489273,0.19406,0.0250603,0.0738071,0.0262998,0.02584,1754,1,0,2011,-116.7486925,49.1179484
0.0197252,0.0376958,0.1789805,0.1666998,0.0307248,0.1160866,0.0592299,-0.0647554,1506,1,0,2011,-116.7311754,49.1033957
0.0168539,0.0325556,0.3426461,0.1586902,0.0269539,0.0776941,0.0389321,-0.0065275,1737,1,0,2011,-116.6915596,49.109594
0.0155192,0.0330258,0.3032965,0.1611303,0.0305466,0.0861355,0.0416734,-0.176889,1531,1,0,2011,-116.7317143,49.1058211
0.0170135,0.0313103,0.1953477,0.1435069,0.0256819,0.0966021,0.0536293,-0.1548045,1769,1,1,2011,-116.6845528,49.1109415
0.0104298,0.0271573,0.2820483,0.1350342,0.0230864,0.0756196,0.0411206,-0.0505021,1808,1,0,2011,-116.6767374,49.1136364
0.0188009,0.0326862,0.3890482,0.1706744,0.0234264,0.0750686,0.0360871,-0.0370934,1385,1,0,2011,-116.7346788,49.1031262
0.0155689,0.0304879,0.4305441,0.1537765,0.0227624,0.0612137,0.0244932,-0.0457792,1543,1,0,2011,-116.6702696,49.1093245
0.0165594,0.0321819,0.3880291,0.1929535,0.0228706,0.0850716,0.0395227,-0.0348202,1434,1,0,2011,-116.6780849,49.1052821
0.0215691,0.0378367,0.1013072,0.1563136,0.0337759,0.1275556,0.0683806,-0.0772,1775,1,0,2011,-116.6826663,49.111211
0.0199061,0.0322726,0.2586344,0.1497795,0.0276968,0.0882237,0.0455527,-0.1291951,1360,1,0,2011,-116.7298279,49.1004312
0.0180707,0.036834,0.2985989,0.1725541,0.0280865,0.0932001,0.0513087,-0.1476738,1546,1,1,2011,-116.6845528,49.1068991
0.0123886,0.0282554,0.2539702,0.1258307,0.0233535,0.074861,0.0338856,-0.171728,1753,1,0,2011,-116.6853613,49.1109415
0.0111029,0.0276503,0.5291069,0.1650214,0.01662,0.0508189,0.0200976,-0.0086669,1842,1,0,2011,-116.7715995,49.1176789
0.0171432,0.0330054,0.4136336,0.1925343,0.0222804,0.079862,0.0323224,-0.0468534,1510,1,0,2011,-116.6664967,49.109594
0.0275881,0.0511258,0.2151441,0.261111,0.0407818,0.1686504,0.0906937,-0.1862913,1519,1,0,2011,-116.6850918,49.1063601
0.0191571,0.0348741,0.3613378,0.2028532,0.0288201,0.0951672,0.0402512,-0.0695558,1591,1,0,2011,-116.7314448,49.1074381
0.0163437,0.0338789,0.4815536,0.1797248,0.0237872,0.0628919,0.0250192,0.0348289,1577,1,1,2011,-116.671617,49.109594
0.017161,0.0299702,0.3353522,0.1576087,0.0250209,0.0784469,0.035429,-0.0991883,1440,1,0,2011,-116.7309059,49.1023177
0.0126269,0.0339485,0.342133,0.2108863,0.0232005,0.1033691,0.0465175,0.0450101,1877,1,0,2011,-116.774564,49.1166009
0.0181329,0.0356669,0.2277399,0.1558269,0.0269607,0.0980166,0.048633,-0.1602235,1660,1,1,2011,-116.6813189,49.0899209
0.0286523,0.0521164,0.2141839,0.2649794,0.0412104,0.1714939,0.0916552,-0.188884,1521,1,0,2011,-116.6845528,49.1063601
0.0194498,0.0315092,0.281892,0.1814905,0.0243829,0.1016698,0.0504898,-0.0642872,1526,1,1,2011,-116.7287499,49.1047431
0.0166749,0.0328948,0.3485655,0.1556593,0.0246236,0.0751924,0.0385714,-0.0583726,1689,1,1,2011,-116.6805104,49.1098635
0.0172132,0.0253892,0.2879495,0.1193102,0.0185427,0.0659614,0.0356941,0.0011053,1784,1,0,2011,-116.7271329,49.2084985
0.0184247,0.0375776,0.2622139,0.1493949,0.0272475,0.0873239,0.0454961,-0.1433042,1712,1,0,2011,-116.676468,49.1114805
0.0192447,0.0315963,0.46284,0.2277311,0.0211247,0.0836237,0.0378357,0.0308803,1584,1,0,2011,-116.6702696,49.1104025
0.0121176,0.0302111,0.4528475,0.1677712,0.0190608,0.0631838,0.0281298,0.0228142,1879,1,1,2011,-116.772408,49.1182179
0.0207102,0.0391502,0.2779115,0.1823297,0.0280114,0.1030261,0.0540919,-0.1344396,1732,1,0,2011,-116.6778154,49.11175
0.0149984,0.0292032,0.2519585,0.1430891,0.0269565,0.0854953,0.0416833,-0.093594,1703,1,1,2011,-116.6815883,49.1098635
0.0140528,0.0287097,0.3482693,0.1289608,0.0187544,0.0623375,0.029888,0.0358091,1769,1,0,2011,-116.7298279,49.209307
0.0176291,0.0345532,0.3201685,0.1647125,0.0220776,0.08482,0.0467379,-0.1316772,1506,1,0,2011,-116.7327923,49.1060906
0.0177381,0.0327684,0.2086878,0.1627792,0.0271573,0.1065694,0.0593576,-0.1549188,1480,1,1,2011,-116.7303669,49.1031262
0.0198111,0.0368357,0.3378499,0.22258,0.0267112,0.1101629,0.04613,-0.0982452,1626,1,0,2011,-116.6832053,49.1082466
0.0201189,0.0346176,0.2909773,0.1965469,0.0258385,0.1079463,0.0556606,-0.0340098,1511,1,0,2011,-116.7290194,49.1042041
0.0185502,0.0309979,0.3064678,0.1266132,0.0227265,0.067212,0.0307883,0.0761393,1745,1,0,2011,-116.7333313,49.209307
0.0154842,0.0334265,0.4709346,0.1848694,0.0239604,0.0664938,0.0255096,-0.006479,1637,1,0,2011,-116.6740425,49.1104025
0.0147939,0.0328297,0.3321537,0.1457403,0.0222467,0.0730637,0.0394145,0.0239356,1395,1,0,2011,-116.7338703,49.1023177
0.0189977,0.039582,0.4294696,0.2161803,0.0283762,0.086282,0.0364912,0.0383017,1723,1,0,2011,-116.698836,49.0998922
0.0166831,0.0378146,0.4222942,0.1686138,0.0271763,0.0684874,0.0326943,0.0450858,1671,1,1,2011,-116.7406077,49.1184873
0.0213156,0.038395,0.2795425,0.2036725,0.0291138,0.1146795,0.0602338,-0.1514299,1553,1,0,2011,-116.6837443,49.1068991
0.0186959,0.0379044,0.3354536,0.1746883,0.0272387,0.0869281,0.0407763,-0.067357,1641,1,0,2011,-116.6786239,49.0893819
0.0181361,0.030628,0.27817,0.1412626,0.0274597,0.0797762,0.038317,-0.12937,1712,1,1,2011,-116.675929,49.111211
0.0173154,0.0289814,0.2948757,0.1488703,0.0227845,0.0810673,0.0403645,-0.1281241,1650,1,0,2011,-116.675929,49.1104025
0.0145044,0.0318098,0.4175524,0.1833009,0.0213258,0.0753152,0.033198,-0.0225715,1544,1,0,2011,-116.6691916,49.1093245
0.016111,0.0340886,0.3449056,0.183145,0.0243287,0.0892087,0.0455637,-0.0908962,1663,1,1,2011,-116.6845528,49.1093245
0.0153673,0.029696,0.2186753,0.1534128,0.024322,0.0983569,0.0486483,-0.1599259,1745,1,0,2011,-116.6778154,49.1120195
0.0180045,0.0335788,0.4674073,0.2235733,0.0238146,0.0811455,0.0290249,0.0237822,1236,0,0,2011,-116.7513874,49.2448803
0.0202025,0.0348345,0.0495994,0.1278025,0.0297087,0.1157237,0.0663847,-0.0186025,1217,0,0,2011,-116.7115022,49.2335615
0.0248629,0.0429845,0.4603028,0.2245342,0.0282102,0.0829831,0.0343186,-0.0284847,926,0,0,2011,-116.7306364,49.136813
0.0134315,0.0206776,0.4146595,0.1171009,0.0173043,0.0484526,0.0206084,0.0177725,1777,0,0,2011,-116.7257855,49.1920594
0.0251181,0.0495997,0.3801301,0.2955701,0.0319778,0.132752,0.0583663,0.1816079,1792,0,1,2011,-116.7101548,49.1710388
0.0439381,0.0714215,-0.0741385,0.2388398,0.0852912,0.2770901,0.172573,-0.5951445,1367,0,0,2011,-116.7123107,49.2281716
0.0225495,0.0442232,0.3152324,0.2076864,0.0323381,0.1081306,0.0466101,-0.0272887,644,0,1,2011,-116.6462846,49.1397774
0.0219938,0.0374075,0.5135705,0.0260362,0.0251837,0.0083675,0.0052875,-0.2494223,531,0,0,2011,-116.6080163,49.2214343
0.0371875,0.067465,0.3801374,0.4201112,0.0518588,0.188685,0.0827825,0.0953268,531,0,0,2011,-116.60074,49.1985272
0.023518,0.0395952,0.3142776,0.2148751,0.0299419,0.1121108,0.0486795,0.0328758,737,0,0,2011,-116.6500575,49.137352
0.0215362,0.0362369,0.3024288,0.1723227,0.0244968,0.0922948,0.0433616,-0.0845034,1032,0,1,2011,-116.6799714,49.1998747
0.1051361,0.16074,-0.0066919,0.350689,0.1710637,0.3554141,0.2718706,-0.2438889,534,0,0,2011,-116.5732515,49.1416639
0.0219313,0.037349,0.4221638,0.1900178,0.0277897,0.0772057,0.0275961,-0.0255572,1531,0,0,2011,-116.6778154,49.0993532
0.023002,0.0444719,0.4460645,0.2317607,0.0282517,0.0887792,0.0371742,0.0021791,1246,0,0,2011,-116.7047649,49.1295366
0.0289573,0.0613839,0.3086656,0.3701262,0.0475958,0.1955282,0.0915423,0.2598242,1718,0,1,2011,-116.7565078,49.1777762
0.0306954,0.0558267,0.3700639,0.2138377,0.0457658,0.0983195,0.0417712,-0.070704,534,0,0,2011,-116.6128672,49.1039346
0.0707097,0.1111562,0.1394989,0.31564,0.1247506,0.2383579,0.1504243,0.0698688,532,0,1,2011,-116.5921161,49.1987967
0.0230553,0.0372391,0.4456528,0.1292062,0.0239764,0.0495451,0.0184499,0.0026521,541,0,0,2011,-116.6336183,49.2009527
0.0217298,0.0377587,0.4170423,0.2255388,0.0248613,0.0927845,0.0398822,-0.0190132,1163,0,0,2011,-116.5869957,49.2262852
0.0130157,0.030227,0.4524707,0.2007785,0.0225363,0.0756863,0.0299738,0.0479551,1824,0,0,2011,-116.7786064,49.1098635
0.0201953,0.0362906,0.4040475,0.1712987,0.0242934,0.0727083,0.0342007,0.0042503,1253,0,0,2011,-116.7338703,49.1319621
0.0155216,0.032174,0.4666975,0.1897654,0.0195706,0.0690001,0.0291275,0.0525699,1419,0,0,2011,-116.5845703,49.2335615
0.0231762,0.02594,0.6878558,0.02242,0.020165,0.0041463,0.0054387,-0.0806599,531,0,0,2011,-116.6293064,49.2438023
0.0195444,0.0345207,0.3016935,0.1641116,0.0302546,0.0880393,0.0522583,-0.0118205,1720,0,0,2011,-116.699375,49.1182179
0.0235866,0.0387134,0.037352,0.1349324,0.0331504,0.1252153,0.068247,-0.0152348,1265,0,0,2011,-116.7179701,49.2432633
0.0393139,0.0719094,0.1087083,0.3424116,0.0641858,0.275265,0.1345052,0.0165517,531,0,0,2011,-116.6082858,49.1370825
0.0186525,0.0295013,0.7050238,0.0201512,0.0180475,0.0034862,0.0037062,-0.1047634,531,0,0,2011,-116.6333488,49.2238597
0.0133852,0.025432,0.3486511,0.1363778,0.0188878,0.0658654,0.030403,0.0152829,1765,0,1,2011,-116.7465365,49.1944848
0.0133175,0.0292865,0.2090363,0.1278161,0.0218013,0.0836186,0.0438482,-0.0206009,1935,0,0,2011,-116.7707911,49.185861
0.0242067,0.0439728,0.2000747,0.2107354,0.040061,0.1404684,0.0795325,0.0174936,790,0,0,2011,-116.5964281,49.2203563
0.0235477,0.0452404,0.3721585,0.2879267,0.0301291,0.131743,0.0596887,0.1618558,907,0,0,2011,-116.6522134,49.1675354
0.0163235,0.0264575,0.3748724,0.1523632,0.024951,0.0692766,0.0330641,0.0304775,2031,0,0,2011,-116.7613587,49.2047256
0.0130914,0.0249505,0.1949119,0.1344524,0.0213263,0.0905891,0.039711,-0.0714841,1823,0,0,2011,-116.721743,49.1818186
0.0121845,0.0275494,0.2347964,0.1364162,0.0291148,0.0845372,0.0477719,0.0321906,1780,0,0,2011,-116.7810319,49.1209128
0.016388,0.0370894,0.4318972,0.2144498,0.028562,0.0850826,0.0391176,-0.0594142,1488,0,0,2011,-116.6710781,49.1268417
0.0873093,0.127471,-0.0671275,0.2633526,0.1399888,0.3012531,0.2419194,-0.0492376,593,0,0,2011,-116.6096333,49.2308666
0.03683,0.0643438,0.1526774,0.3104412,0.0556537,0.2282025,0.1082338,0.279927,532,0,0,2011,-116.5775634,49.1478623
0.026305,0.0425595,0.1499772,0.1748907,0.0408648,0.129273,0.0730901,0.0095928,1878,0,0,2011,-116.700992,49.1039346
0.0188392,0.0342553,0.5314955,0.2417616,0.0238275,0.073958,0.0308564,-0.0046232,1136,0,1,2011,-116.6627237,49.1659184
0.0217842,0.0458115,0.2837771,0.2245233,0.0379943,0.1252622,0.0639138,0.0237024,1242,0,0,2011,-116.5770245,49.2303276
0.0237008,0.041976,0.181062,0.1710473,0.0310489,0.1186027,0.0688828,0.0569156,1585,0,0,2011,-116.7697131,49.2421854
0.0419312,0.0757012,0.2375692,0.2753375,0.0634912,0.1696275,0.0809675,-0.0639932,530,0,1,2011,-116.6142147,49.2031086
0.0185795,0.0362218,0.3994026,0.1782021,0.0299909,0.076481,0.0343676,-0.0046982,1046,0,0,2011,-116.6651492,49.135196
0.0402733,0.0659831,0.3052404,0.3531075,0.0503436,0.1879537,0.0818226,0.0445672,1651,0,1,2011,-116.6877867,49.1680744
0.0216656,0.0427589,0.4455602,0.2228383,0.0308123,0.0854689,0.0383017,0.112577,681,0,0,2011,-116.6651492,49.1958323
0.0301666,0.0522836,0.423618,0.1922838,0.0488782,0.0778502,0.0383643,0.0635714,535,0,0,2011,-116.6204131,49.1392384
0.0313128,0.0477396,0.3685411,0.2042526,0.0326721,0.0942442,0.0398571,-0.0006853,687,0,0,2011,-116.6850918,49.1405859
0.0173079,0.0365542,0.4683244,0.2217374,0.0262046,0.0802904,0.0335408,0.0284153,1036,0,1,2011,-116.6543694,49.1745422
0.0199207,0.0390861,0.2524876,0.1768741,0.0331892,0.1055624,0.0522003,0.006521,1803,0,0,2011,-116.7276719,49.160259
0.0245451,0.0374728,0.4246537,0.1950134,0.026592,0.0787561,0.0276583,-0.0288645,819,0,0,2011,-116.6710781,49.1376215
0.0361107,0.0752457,0.2297438,0.3511064,0.0543842,0.2199172,0.1005563,0.0742679,531,0,0,2011,-116.6101723,49.1443588
0.0308081,0.0516097,0.3556679,0.236244,0.0385426,0.1122838,0.0487808,0.0051313,853,0,0,2011,-116.7093463,49.136813
0.024011,0.0410912,0.4909717,0.3772033,0.0286715,0.1287799,0.0450459,0.0036325,535,0,1,2011,-116.6053214,49.1640319
0.0145051,0.0284414,0.3313056,0.1313427,0.0181357,0.0659714,0.0366508,0.0188141,2036,0,0,2011,-116.7481535,49.2314056
0.0147493,0.0335072,0.4941186,0.1803867,0.0180932,0.0610757,0.0308911,-0.0013765,1550,0,0,2011,-116.7387212,49.1254942
0.0174981,0.0342387,0.2975865,0.1600473,0.0257281,0.0866373,0.0434044,-0.1272425,1055,0,0,2011,-116.6813189,49.2047256
0.0251533,0.0497665,0.3423328,0.3242518,0.0361875,0.1588651,0.0695821,0.0514724,616,0,0,2011,-116.5948111,49.2152359
0.0356382,0.0727947,0.2940924,0.3405255,0.055836,0.1857514,0.0816004,0.0931327,534,0,0,2011,-116.6177181,49.1866695
0.0199471,0.039208,0.3558217,0.1998008,0.0292592,0.0949294,0.0415628,-0.0012959,1052,0,1,2011,-116.6546389,49.1311536
0.0392168,0.069638,0.1937862,0.2254547,0.0632663,0.152259,0.0851706,0.0136353,532,0,0,2011,-116.6266115,49.1996052
0.0154368,0.0248162,0.235183,0.1155679,0.0221696,0.0715589,0.0351879,-0.0575671,1968,0,0,2011,-116.7503095,49.2060731
0.0781308,0.1256833,0.0362445,0.3419176,0.134223,0.3179992,0.2114382,0.0699166,535,0,0,2011,-116.5708261,49.1325011
0.0516967,0.0808594,0.1087966,0.2661199,0.0910407,0.2138958,0.1274763,-0.128951,532,0,0,2011,-116.5931941,49.1516352
0.0244275,0.0322787,0.4206547,0.0280712,0.02187,0.0114475,0.00702,-0.1275972,533,0,0,2011,-116.672695,49.2214343
0.0320725,0.0597787,0.3032594,0.27619,0.0492187,0.147655,0.0664337,0.0223102,533,0,1,2011,-116.5845703,49.1384299
0.0216816,0.0376204,0.2851956,0.0264787,0.0235513,0.014727,0.0118614,-0.0403314,533,0,0,2011,-116.5843008,49.1462453
0.0132053,0.0321844,0.3455566,0.174639,0.0232998,0.0849398,0.0436774,0.0406701,1869,0,0,2011,-116.7837268,49.1144449
0.04024,0.0709988,0.1836,0.3295675,0.0583075,0.2273225,0.1059237,0.0934534,531,0,0,2011,-116.5759465,49.0958498
0.0232495,0.0397838,0.2312263,0.1969625,0.0305379,0.1229827,0.0664197,0.0147409,1074,0,0,2011,-116.6613763,49.1025872
0.0171469,0.0290225,0.2166916,0.1260157,0.0233871,0.0811291,0.0451417,0.0170465,2046,0,0,2011,-116.7699826,49.2004137
0.0205861,0.0386849,0.4702641,0.1984316,0.0329851,0.0714949,0.0290064,-0.040529,1604,0,0,2011,-116.7069208,49.1225298
0.02132,0.03298,0.3792388,0.036555,0.01912,0.0164525,0.0093575,-0.0150021,533,0,0,2011,-116.6182571,49.1890949
0.017945,0.0403214,0.255352,0.1806722,0.0312845,0.1071709,0.050926,-0.0196684,1034,0,0,2011,-116.6524829,49.1734642
0.0181407,0.0246504,0.4821149,0.1402329,0.0181882,0.0490006,0.0172826,0.01391,1374,0,0,2011,-116.774564,49.2281716
0.0348401,0.0623757,0.0798304,0.2560954,0.0597079,0.2182299,0.1390465,0.115704,2092,0,0,2011,-116.7371042,49.1699608
0.1158375,0.1685138,-0.0408685,0.2857462,0.1860038,0.3100975,0.2530212,0.0130362,532,0,1,2011,-116.5813364,49.1529827
0.0179869,0.0342608,0.3612617,0.1836979,0.0284808,0.0861957,0.0333363,-0.0289095,918,0,0,2011,-116.6527524,49.1772372
0.038042,0.0694857,0.1455348,0.272423,0.0604478,0.2032029,0.120341,0.1472991,1828,0,0,2011,-116.7036869,49.1042041
0.0209804,0.0334337,0.6524802,0.0862088,0.02918,0.0181299,0.0123621,0.323671,533,0,1,2011,-116.6295759,49.1238772
0.0261058,0.0396154,0.3333721,0.1423734,0.0311676,0.0711805,0.0359732,-0.0382137,1603,0,1,2011,-116.6985665,49.184783
0.0388948,0.0696596,0.0852666,0.292172,0.0669071,0.2462616,0.1300418,0.1880199,533,0,0,2011,-116.5786414,49.1432808
0.0191283,0.0306121,0.3371213,0.1523361,0.0237463,0.0755207,0.0213341,-0.0005239,1528,0,0,2011,-116.7538129,49.2402989
0.0274666,0.0494569,0.3499044,0.230575,0.0364238,0.1110418,0.0497187,-0.0925424,535,0,0,2011,-116.6554474,49.1915204
0.0186599,0.0362125,0.4187708,0.2133637,0.0233457,0.0874089,0.0368888,0.0205834,1584,0,0,2011,-116.5848398,49.2402989
0.0232301,0.0301268,0.3505031,0.1029492,0.0302055,0.0495113,0.0243397,-0.1815259,532,0,0,2011,-116.6708086,49.2319446
0.0331719,0.0591347,0.1014344,0.2142874,0.053724,0.1748187,0.1072478,-0.1722715,1635,0,1,2011,-116.698836,49.1934068
0.0200616,0.0393576,0.2248935,0.1749123,0.0332609,0.1106836,0.0500122,-0.0666516,1444,0,0,2011,-116.6629932,49.0958498
0.0234882,0.043539,0.188548,0.1750679,0.0355728,0.1195233,0.0675407,-0.0923411,1600,0,0,2011,-116.7150057,49.1001617
0.0299495,0.0621023,0.2794103,0.4050984,0.044965,0.2281596,0.0997246,-0.051821,1595,0,0,2011,-116.7201261,49.1050126
0.0491802,0.0863356,0.1203978,0.3590668,0.0839346,0.2818963,0.1500117,0.0026544,533,0,0,2011,-116.5918467,49.1133669
0.0463454,0.0797757,0.0994767,0.2625681,0.0756243,0.2150557,0.1283228,-0.2113753,1656,0,0,2011,-116.7486925,49.1068991
0.0238572,0.036105,0.016372,0.1409327,0.0333001,0.1363923,0.0792795,-0.113644,1727,0,0,2011,-116.724438,49.2058036
0.0366788,0.0646878,0.1558804,0.2430796,0.0586321,0.1775169,0.0881071,0.0368574,531,0,0,2011,-116.6158317,49.208768
0.0225948,0.0431742,0.3783689,0.2715428,0.0291811,0.1224632,0.0485202,0.012263,643,0,0,2011,-116.6371217,49.1174094
0.0305994,0.0613829,0.2183203,0.254409,0.0517679,0.16323,0.0824803,0.0932046,533,0,0,2011,-116.6222995,49.1826271
0.0506516,0.092038,0.1289545,0.3749908,0.0859461,0.2893244,0.1429914,0.121795,532,0,0,2011,-116.600201,49.1343875
0.0194443,0.0407549,0.4562649,0.2119818,0.0254203,0.079149,0.0339759,0.0099915,782,0,0,2011,-116.574599,49.1985272
0.0252642,0.0437207,0.3551946,0.3220666,0.0331999,0.1532402,0.0611853,-0.0325447,544,0,0,2011,-116.6368522,49.1386994
0.0128933,0.0284289,0.3070309,0.1472024,0.0184122,0.0780446,0.0382931,-0.0437759,2049,0,1,2011,-116.75004,49.2292496
0.0243725,0.0551725,0.3041728,0.29324,0.0468125,0.156455,0.066255,0.2236205,532,0,0,2011,-116.6346963,49.2157749
0.0176749,0.0340251,0.3702887,0.1710898,0.025373,0.0786237,0.0347733,0.0218764,1072,0,0,2011,-116.6570643,49.1745422
0.0217845,0.0359546,0.4817894,0.2280326,0.0255563,0.0797474,0.036168,0.046005,719,0,0,2011,-116.6883257,49.1430114
0.0215749,0.0423811,0.1674546,0.1762307,0.0359257,0.1256752,0.0682918,0.0672565,1959,0,0,2011,-116.7424941,49.2346395
0.0238174,0.043554,0.3958695,0.2463735,0.0422082,0.1066301,0.0560769,0.0431488,1632,0,0,2011,-116.7632452,49.0998922
0.0304489,0.0510529,0.0495548,0.1703327,0.0562814,0.1542482,0.0992102,-0.3892437,1689,0,1,2011,-116.700453,49.1812796
0.0232371,0.0378808,0.4083264,0.1973181,0.0264132,0.0828983,0.0360874,-0.0261764,762,0,0,2011,-116.6691916,49.2006832
0.0186163,0.0391031,0.3627609,0.243022,0.0235334,0.1136392,0.05059,0.0951475,1787,0,1,2011,-116.7106938,49.1702303
0.0174975,0.02528,0.5466127,0.022915,0.017195,0.0067175,0.0061675,-0.042921,531,0,0,2011,-116.6576033,49.2287106
0.0281685,0.0579717,0.4517903,0.4944263,0.0415126,0.1867,0.0739953,0.1496138,1325,0,0,2011,-116.6691916,49.1686133
0.0254232,0.0491441,0.3328988,0.2545531,0.0383198,0.1274011,0.0662781,0.0312747,1821,0,0,2011,-116.7085378,49.1068991
0.022269,0.0420652,0.2723779,0.2422278,0.0313606,0.1385204,0.0693215,0.0189012,941,0,0,2011,-116.5851093,49.2208953
0.0196425,0.02924,0.5501628,0.0196425,0.015325,0.0057,0.005315,0.0397745,531,0,0,2011,-116.6600288,49.2416464
0.0428124,0.0709072,0.1906261,0.3100741,0.0681024,0.2107848,0.1080385,0.199314,531,0,0,2011,-116.601279,49.1214518
0.0145635,0.0363237,0.329188,0.177319,0.0267522,0.089489,0.0393229,0.0341974,1820,0,0,2011,-116.7532739,49.108516
0.0227638,0.0313025,0.7421599,0.04288,0.02286,0.0063462,0.001795,0.5548558,530,0,0,2011,-116.6271504,49.1545996
0.0334051,0.0703245,0.3547255,0.455638,0.0447603,0.2170267,0.0837285,-0.1002649,534,0,0,2011,-116.5918467,49.1055516
0.0280677,0.0509146,0.1728415,0.2446013,0.0386497,0.1725076,0.0978716,0.0112984,1400,0,0,2011,-116.7274024,49.1492097
0.0271866,0.0534591,0.3642307,0.2864657,0.0406719,0.1335009,0.0587125,0.050589,595,0,0,2011,-116.6435896,49.1395079
0.017731,0.0319171,0.5183361,0.220176,0.0206572,0.0698467,0.0237704,0.0050048,1097,0,0,2011,-116.7610893,49.1545996
0.0185659,0.04025,0.3913531,0.269432,0.0225142,0.1178629,0.0493372,0.0219539,1769,0,0,2011,-116.7352178,49.2341005
0.0240288,0.0398,0.4153033,0.34879,0.0299275,0.1440938,0.0552,-0.0040427,541,0,0,2011,-116.6128672,49.0936938
0.0179925,0.0270812,0.6246608,0.0306837,0.0209075,0.0070888,0.0039262,0.0401577,531,0,1,2011,-116.6301149,49.1742727
0.0193693,0.0412254,0.3242874,0.2198208,0.0321825,0.1121627,0.0521947,0.0152835,1333,0,1,2011,-116.6646102,49.1281892
0.0368586,0.0588512,-0.0601279,0.1909254,0.0544076,0.2153541,0.1439108,-0.0072458,1385,0,0,2011,-116.7338703,49.1508267
0.0270157,0.0387261,0.0859935,0.1245822,0.0382805,0.1048523,0.0729321,0.0412907,2059,0,0,2011,-116.7672876,49.1950238
0.0383041,0.0684916,0.2622694,0.3383918,0.0608546,0.1977723,0.0886461,-0.0880909,539,0,0,2011,-116.6673051,49.2384124
0.0169972,0.0379632,0.501242,0.332751,0.0227275,0.1105499,0.0455794,-0.0233247,1469,0,0,2011,-116.7185091,49.2281716
0.0377083,0.0699139,0.185971,0.2981855,0.0658871,0.2046691,0.1019827,0.0717255,537,0,1,2011,-116.6072078,49.1139059
0.0207693,0.0320269,0.4274263,0.1182273,0.024068,0.0474237,0.0196948,0.0547496,543,0,0,2011,-116.6856308,49.2394904
0.0248638,0.0400491,0.3792595,0.1450967,0.0319792,0.0653013,0.0246528,-0.0662483,531,0,0,2011,-116.625803,49.1616065
0.0223566,0.0380934,0.3821756,0.1922179,0.0339882,0.0859203,0.0329151,0.0263056,1551,0,0,2011,-116.7090768,49.1219908
0.0255105,0.0486055,0.3343898,0.198123,0.0397213,0.0988262,0.0463882,0.350201,534,0,0,2011,-116.6443981,49.2190088
0.0429443,0.0660244,0.0500116,0.2153631,0.0653531,0.1948478,0.1129956,0.0218161,605,0,0,2011,-116.6371217,49.1249552
0.039032,0.0683733,0.2605092,0.2467738,0.0576038,0.1447724,0.0762323,-0.064993,533,0,0,2011,-116.625264,49.1300756
0.0131222,0.0273123,0.3818539,0.145027,0.0184981,0.0648751,0.0309201,-0.0671504,1482,0,0,2011,-116.7397992,49.0977363
0.0331988,0.0635284,0.269619,0.3934303,0.0459363,0.2263309,0.1089651,-0.0459183,1597,0,0,2011,-116.7203956,49.1058211
0.0192017,0.0389881,0.3653157,0.2209798,0.0275095,0.1027252,0.0461385,0.0252165,1379,0,1,2011,-116.6578728,49.0942328
0.028745,0.0640412,0.3735617,0.3999125,0.0470875,0.1823875,0.0764713,-0.0079454,533,0,0,2011,-116.6034349,49.1637624
0.0178165,0.0297881,0.4907577,0.1581286,0.0205299,0.0540167,0.0237524,-0.0104484,1684,0,0,2011,-116.722821,49.160259
0.0212718,0.0464588,0.4379868,0.2546818,0.0374916,0.0995381,0.0401214,-0.0179456,1137,0,0,2011,-116.6646102,49.134118
0.0222822,0.0435152,0.4708337,0.2566522,0.0320824,0.0923365,0.0320209,-0.0067219,1224,0,1,2011,-116.6810494,49.1295366
0.0235754,0.0429218,0.3560413,0.2735087,0.0324262,0.1298842,0.0560071,-0.0009634,1383,0,0,2011,-116.7144667,49.2133494
0.0185273,0.0403341,0.5212376,0.2675906,0.0248771,0.0842159,0.0304413,0.0124844,855,0,0,2011,-116.6551779,49.1788541
0.0277343,0.050038,0.3209035,0.255113,0.0447923,0.1311575,0.0689546,0.019798,538,0,0,2011,-116.6093638,49.1033957
0.0153483,0.0335253,0.5751194,0.2506803,0.0222954,0.0676197,0.0273907,0.0059215,1578,0,0,2011,-116.7548909,49.1171399
0.0296924,0.0537976,0.3749045,0.306996,0.0442369,0.1395747,0.0662867,0.0039087,684,0,1,2011,-116.647632,49.1583725
0.0177175,0.02583,0.4887731,0.0196425,0.01538,0.006745,0.0052875,-0.0526006,531,0,0,2011,-116.6594898,49.2362565
0.030976,0.0495588,0.1047377,0.1493926,0.0460873,0.1210654,0.0886003,0.0108389,1837,0,0,2011,-116.7651317,49.2168529
0.0170835,0.0343903,0.2153599,0.178613,0.0275092,0.1153131,0.0565156,-0.0358255,1128,0,1,2011,-116.7096158,49.2341005
0.0170479,0.0331445,0.1209395,0.1477529,0.024181,0.1158704,0.0671241,-0.0004857,1956,0,0,2011,-116.7314448,49.1793931
0.033698,0.0550394,0.0230643,0.1985178,0.0500315,0.1895669,0.1217518,-0.005606,2043,0,1,2011,-116.725516,49.1729253
0.0342623,0.0573002,-0.0712602,0.1604342,0.05875,0.1850537,0.1272385,-0.4866785,1760,0,1,2011,-116.697758,49.1783151
0.0139244,0.0232137,0.4757259,0.1381907,0.0151637,0.0490943,0.0234989,0.0120432,1532,0,0,2011,-116.7573163,49.1707693
0.0282641,0.0517804,0.1572999,0.1932609,0.0361925,0.140725,0.0734052,-0.0086323,1162,0,0,2011,-116.7459976,49.1381605
0.020133,0.0398581,0.2847794,0.1949656,0.0308159,0.1085349,0.0509628,-0.0440325,1512,0,0,2011,-116.5807974,49.2351785
0.0289682,0.0485495,0.2289233,0.1774685,0.0458576,0.111351,0.0529535,-0.0734713,531,0,0,2011,-116.6729645,49.2257462
0.0213506,0.0418202,0.2772824,0.2195761,0.0321419,0.1242415,0.0608851,0.066897,963,0,0,2011,-116.6540999,49.1007007
0.0217683,0.0388997,0.3494104,0.1953534,0.0289303,0.0941855,0.0415382,-0.0638518,809,0,0,2011,-116.6788934,49.1465148
0.0179082,0.0290292,0.2676079,0.1252864,0.021271,0.0723874,0.0444712,0.027913,1852,0,0,2011,-116.7670181,49.2155054
0.021265,0.0289925,0.2153278,0.0164525,0.021925,0.0106225,0.001905,-0.1248712,531,0,0,2011,-116.6856308,49.2448803
0.0228615,0.0402589,0.3005418,0.190279,0.0332978,0.1023359,0.045859,0.0188731,1037,0,0,2011,-116.6524829,49.1745422
0.0205775,0.0300375,0.3503582,0.023795,0.0201925,0.0114475,0.0018225,-0.0658503,533,0,0,2011,-116.6562559,49.2066121
0.0186271,0.0319221,0.3000669,0.1623934,0.0262715,0.0874297,0.0385361,-0.0044908,1181,0,0,2011,-116.7026089,49.2243987
0.0172068,0.0318877,0.4540043,0.2330949,0.0196226,0.0875299,0.0375159,0.0229675,1732,0,0,2011,-116.7831878,49.233292
0.0220099,0.0355457,0.3471974,0.167609,0.0282011,0.0812172,0.0420012,-0.0656639,1743,0,0,2011,-116.7575858,49.112289
0.0746516,0.1134081,0.1225726,0.2689946,0.1123197,0.2102521,0.1376328,-0.0067355,560,0,0,2011,-116.573521,49.1882864
0.0271819,0.0504305,0.4171493,0.2562472,0.0389137,0.1053903,0.0505735,0.1250373,963,0,0,2011,-116.6584118,49.1645709
0.0195156,0.0412613,0.4207492,0.2100907,0.0277205,0.0856557,0.0364948,0.0137634,1177,0,0,2011,-116.7627062,49.1403164
0.0296843,0.0588624,0.3801322,0.393619,0.0423389,0.1767887,0.0777548,0.357333,534,0,0,2011,-116.5999315,49.1063601
0.0194476,0.0365292,0.4728229,0.2172057,0.0255166,0.0777459,0.0317423,0.0291719,896,0,0,2011,-116.6565254,49.1632234
0.0221104,0.0416,0.3779739,0.1965562,0.0281802,0.0887267,0.0396782,0.0018481,896,0,1,2011,-116.7403382,49.1405859
0.0229775,0.0348366,0.3007838,0.1752582,0.027992,0.0942073,0.0490193,-0.03303,1704,0,0,2011,-116.7637842,49.1225298
0.0592038,0.0925668,0.2206426,0.3826981,0.0869832,0.2443456,0.1335431,-0.0163864,541,0,0,2011,-116.5686701,49.1435503
0.0164613,0.0386203,0.4991027,0.1809813,0.0273329,0.0604715,0.0260672,0.0226381,1386,0,0,2011,-116.6894037,49.1263027
0.0401216,0.0680493,0.314727,0.3700555,0.0570668,0.1928834,0.0960419,0.1469308,534,0,1,2011,-116.5794499,49.0947718
0.01803,0.0264135,0.4356594,0.1455261,0.020931,0.0572046,0.0215958,-0.0449397,1906,0,1,2011,-116.7581248,49.2257462
0.0496037,0.0894375,0.3293683,0.3573425,0.0847075,0.18027,0.0928063,0.0319095,530,0,1,2011,-116.6042434,49.1855915
0.05464,0.1023379,0.2008336,0.3466876,0.0831762,0.2307239,0.1219969,0.2433856,531,0,0,2011,-116.5678616,49.1643014
0.032093,0.0596916,0.337328,0.3136532,0.0487931,0.1554213,0.0713804,0.0574437,535,0,0,2011,-116.6093638,49.1068991
0.0221258,0.0387705,0.3654419,0.2147578,0.0285175,0.0998038,0.0452623,0.0087425,664,0,0,2011,-116.5708261,49.1909814
0.0320216,0.0496024,0.2339502,0.1696924,0.0460792,0.1053469,0.0559938,0.0669539,532,0,0,2011,-116.6190656,49.1505572
0.0104757,0.036914,0.3306625,0.1963612,0.0260628,0.0987718,0.0400412,0.0003736,1833,0,1,2011,-116.7715995,49.112289
0.0168675,0.0287837,0.3299477,0.1482409,0.0234208,0.0746865,0.0339896,0.0289101,1649,0,0,2011,-116.7470755,49.2392209
0.0220187,0.038947,0.4397812,0.2450604,0.0273064,0.095353,0.042186,0.0431136,681,0,0,2011,-116.6368522,49.1023177
0.0176973,0.036482,0.3076126,0.1807402,0.0301824,0.0957028,0.0440866,-0.1104569,1606,0,0,2011,-116.7185091,49.1971798
0.0234007,0.0368698,0.4945864,0.0703126,0.0294592,0.0237771,0.0134116,-0.0883799,532,0,0,2011,-116.6244555,49.1621455
0.0184173,0.0370882,0.3169593,0.2180031,0.0267218,0.1130673,0.0541456,-0.0055372,1321,0,1,2011,-116.5856483,49.2292496
0.0165151,0.029578,0.3245962,0.1522849,0.0216045,0.0776492,0.0360024,-0.0928799,1506,0,0,2011,-116.722282,49.1535216
0.02117,0.0433639,0.3580317,0.2184565,0.0305373,0.1032687,0.0523409,0.0662661,1264,0,0,2011,-116.6567948,49.1109415
0.0204416,0.0452394,0.1777086,0.1883984,0.0374348,0.1315422,0.077081,0.0745074,1917,0,1,2011,-116.774025,49.1190263
0.0306157,0.0512441,0.1315124,0.1785423,0.043259,0.1370394,0.0863616,0.0062376,1156,0,1,2011,-116.722282,49.1462453
0.0213219,0.0434167,0.2759607,0.2262765,0.0341383,0.1283998,0.067817,0.0582504,853,0,1,2011,-116.647093,49.0998922
0.0274806,0.0460441,0.2351196,0.2269511,0.0382056,0.1405454,0.0667484,0.0367658,619,0,0,2011,-116.6368522,49.1195653
0.0229583,0.0389357,0.0410492,0.1465985,0.0340078,0.1350376,0.0737151,-0.0461411,1118,0,0,2011,-116.7567773,49.1535216
0.0257996,0.0487292,0.2254232,0.1962174,0.0433779,0.1240269,0.0726241,0.0805855,1709,0,1,2011,-116.7513874,49.1063601
0.0244951,0.0367098,0.4273981,0.1924348,0.0256045,0.0771954,0.0315404,-0.0149054,585,0,1,2011,-116.6783544,49.2184698
0.014225,0.01945,0.4821712,0.016315,0.01494,0.0057,0.001905,-0.2361732,531,0,0,2011,-116.6441286,49.2402989
0.0223751,0.0320987,0.4670784,0.2089369,0.0259128,0.0758971,0.0332225,0.0097808,693,0,0,2011,-116.5719041,49.1923289
0.0492607,0.0771162,0.2757422,0.3318523,0.0659372,0.1883975,0.0988333,0.1079514,639,0,0,2011,-116.6344268,49.1087855
0.0175537,0.0346419,0.5094007,0.2355567,0.0262486,0.0765628,0.0307051,-0.0035456,1361,0,0,2011,-116.7096158,49.0974668
0.0226787,0.0403785,0.4848762,0.2519206,0.0272869,0.0873947,0.0337295,-0.0084248,564,0,0,2011,-116.6209521,49.1007007
0.0278237,0.0492984,0.3477825,0.1627491,0.0438225,0.0787574,0.0375736,0.0684116,534,0,0,2011,-116.623108,49.1330401
0.0316123,0.0542385,0.1085495,0.1852112,0.0498423,0.1489394,0.0746137,-0.3369123,530,0,0,2011,-116.6702696,49.2367955
0.0776664,0.1235821,0.0762301,0.3162572,0.1220788,0.2714558,0.199953,0.1266524,535,0,1,2011,-116.5705566,49.1419334
0.0169064,0.0339899,0.1653732,0.1582546,0.0283608,0.1133401,0.0616391,0.0372178,1364,0,1,2011,-116.7672876,49.2397599
0.025366,0.0363052,0.4608846,0.2810173,0.0255811,0.1037048,0.043038,0.0501985,546,0,0,2011,-116.6411642,49.1435503
0.0380713,0.0790946,0.3075258,0.3031724,0.0596136,0.1605621,0.0752429,0.0277081,531,0,0,2011,-116.6274199,49.2036476
0.0250799,0.0457218,0.2431326,0.2499078,0.0324694,0.1521536,0.0772283,0.1526649,1638,0,0,2011,-116.576755,49.2402989
0.0462722,0.0720865,0.0817865,0.2575598,0.0783648,0.2186152,0.1382982,-0.14135,534,0,0,2011,-116.5923856,49.1548691
0.0537466,0.083464,0.2126876,0.3328442,0.083365,0.2160922,0.1170528,0.0612021,531,0,0,2011,-116.5983145,49.2041866
0.0170535,0.0321359,0.2207877,0.1570803,0.0280817,0.1002622,0.0491229,-0.0589513,1308,0,0,2011,-116.7182396,49.2419159
0.0492107,0.1079107,0.5073369,0.4376265,0.0900201,0.1430353,0.0621325,0.4490106,531,0,0,2011,-116.5940026,49.2039171
0.0208133,0.03524,0.3584048,0.1723502,0.0240221,0.0814036,0.0356281,-0.1003861,1272,0,0,2011,-116.6918291,49.1276502
0.0137323,0.0315767,0.3741695,0.1632722,0.0258485,0.0743582,0.0366005,-0.0364673,1527,0,0,2011,-116.6646102,49.1160619
0.0166941,0.0320013,0.4317457,0.1691705,0.0226322,0.0671431,0.0291376,0.0977836,1424,0,1,2011,-116.6923681,49.160798
0.0168216,0.0278961,0.3510078,0.1355892,0.0179706,0.0651338,0.0315576,0.1002272,1824,0,0,2011,-116.7476145,49.1979882
0.0488784,0.0727238,-0.0533599,0.2098073,0.0786165,0.23346,0.1488462,-0.4474668,1705,0,0,2011,-116.6899427,49.1826271
0.0366971,0.0608175,0.1592637,0.2253895,0.0613013,0.1634599,0.0814698,-0.0895355,533,0,0,2011,-116.6209521,49.2090375
0.0141399,0.0304561,0.4354481,0.1841426,0.0223981,0.072422,0.0273165,0.007601,1230,0,0,2011,-116.6670356,49.1748117
0.0210744,0.0377984,0.3379677,0.1863848,0.0303506,0.092224,0.0493866,-0.0447017,1715,0,0,2011,-116.6813189,49.0912684
0.037302,0.063402,0.1929074,0.2858841,0.0575458,0.1934223,0.1139218,0.1389499,1670,0,0,2011,-116.698297,49.1691523
0.0274151,0.0494381,0.3331305,0.301188,0.0390286,0.1506627,0.0651197,0.0915477,662,0,1,2011,-116.5775634,49.1969103
0.0265869,0.040353,0.1228937,0.1713642,0.0406178,0.1338547,0.0724218,-0.3592731,1315,0,1,2011,-116.7123107,49.2146969
0.0511454,0.0818134,-0.0185721,0.2812866,0.0981484,0.2919325,0.1584314,-0.0739447,531,0,1,2011,-116.5861873,49.1694218
0.0323608,0.056432,0.1823811,0.1945456,0.052401,0.1345286,0.0698878,-0.1188439,533,0,0,2011,-116.6333488,49.1238772
0.0214532,0.0370498,0.319874,0.1799465,0.0314092,0.0927258,0.0486325,-0.0914977,1134,0,0,2011,-116.676468,49.1923289
0.0162146,0.0326763,0.4111613,0.1983228,0.0233832,0.0827546,0.037141,0.02713,1248,0,0,2011,-116.5689396,49.2128105
0.0151713,0.0313228,0.1022165,0.1634243,0.0259188,0.1331133,0.0698149,0.04446,1991,0,1,2011,-116.7187786,49.1715778
0.0367268,0.0521056,0.3306994,0.2761368,0.0567568,0.1388883,0.0765359,0.1339214,1553,0,0,2011,-116.775103,49.1009702
0.0259923,0.0537057,0.2755766,0.2921318,0.0367628,0.165907,0.0742032,0.1620033,1681,0,0,2011,-116.7344093,49.210924
0.023289,0.0414209,0.3833475,0.2432487,0.0299372,0.1084326,0.0507988,0.0883915,1073,0,0,2011,-116.649788,49.1166009
0.0240914,0.0456394,0.3612864,0.2373947,0.0354361,0.1113852,0.0564989,0.0771181,867,0,0,2011,-116.6500575,49.1675354
0.0229514,0.0347154,0.3439751,0.1759164,0.0260822,0.0858688,0.0376464,-0.0584314,771,0,0,2011,-116.6813189,49.1451673
0.0497375,0.0818462,-0.069604,0.2865331,0.0824037,0.3294048,0.1873478,-0.2539649,534,0,0,2011,-116.5759465,49.1381605
0.0285344,0.0546755,0.2399957,0.2902213,0.0458801,0.1778792,0.0782648,-0.0690949,697,0,0,2011,-116.6392777,49.1157924
0.015943,0.0280311,0.2532334,0.1660679,0.0244353,0.0989552,0.0467788,0.0375294,1445,0,1,2011,-116.7212041,49.2397599
0.0557825,0.0960741,0.1973711,0.3711062,0.1070606,0.2487621,0.1383312,0.0955964,531,0,1,2011,-116.6020874,49.2023002
0.0249217,0.0430732,0.2782387,0.2000238,0.0299591,0.112944,0.0495967,-0.0323132,782,0,0,2011,-116.6875172,49.1443588
0.041088,0.0740596,0.1629108,0.3504393,0.0701863,0.2522541,0.1211167,0.0257151,533,0,1,2011,-116.572982,49.1047431
0.0152912,0.0330546,0.3551952,0.2024859,0.0210179,0.0963432,0.0426934,0.000712,1673,0,1,2011,-116.7680961,49.1772372
0.0239402,0.0457145,0.4734076,0.2438238,0.033234,0.087142,0.0361272,0.0306637,1263,0,0,2011,-116.6780849,49.1298061
0.0130098,0.022362,0.4181749,0.2014366,0.0149655,0.082642,0.0345323,-0.0033411,1449,1,1,2012,-116.7271329,49.1039346
0.0153729,0.024507,0.2370868,0.1775624,0.0173768,0.109503,0.0565875,-0.084759,1506,1,1,2012,-116.7284804,49.1044736
0.0152624,0.023505,0.3011223,0.1695839,0.0179096,0.0910894,0.0434384,-0.1192545,1518,1,0,2012,-116.7276719,49.1050126
0.0137517,0.0234683,0.2772276,0.183172,0.0170454,0.1036555,0.0499778,-0.0689516,1517,1,0,2012,-116.7284804,49.1047431
0.0136364,0.025128,0.3132184,0.1897449,0.0185711,0.099232,0.0474929,-0.0509501,1504,1,0,2012,-116.7276719,49.1044736
0.0136392,0.0232616,0.3579134,0.1798657,0.0184148,0.0850492,0.0405749,-0.0251642,1475,1,1,2012,-116.7265939,49.1044736
0.0167779,0.0254134,0.2475531,0.1750434,0.0202257,0.1055753,0.0558375,-0.0920673,1532,1,0,2012,-116.7295584,49.1044736
0.0150083,0.0220701,0.3682586,0.1593491,0.0179727,0.0735734,0.0320538,-0.0116168,1405,1,0,2012,-116.7373737,49.1039346
0.0133223,0.0233594,0.3912551,0.168532,0.0186325,0.0737413,0.034339,-0.0250932,1416,1,0,2012,-116.7373737,49.1042041
0.0156883,0.0224298,0.5321484,0.2028117,0.0165438,0.0619299,0.0214937,-0.0175791,1394,1,0,2012,-116.7416856,49.1036651
0.0144718,0.0197674,0.3486383,0.149186,0.0160502,0.0720535,0.0353371,-0.0811737,1427,1,0,2012,-116.7376432,49.1042041
0.0171073,0.0276357,0.3153562,0.1810754,0.0180967,0.0942499,0.0461195,-0.0513565,1391,1,0,2012,-116.7298279,49.1012397
0.0143992,0.0222537,0.29848,0.1683994,0.0167708,0.0909799,0.0441221,-0.0602431,1428,1,0,2012,-116.7279414,49.1025872
0.0145847,0.0252509,0.2312188,0.1422644,0.0226429,0.0888308,0.0479606,-0.0811905,1338,1,1,2012,-116.7303669,49.1001617
0.0121317,0.0225165,0.2783642,0.1558667,0.0178486,0.0879866,0.0454294,-0.1430798,1402,1,0,2012,-116.7298279,49.1015092
0.0144914,0.0254224,0.2462533,0.1449816,0.0216204,0.0876864,0.0449009,-0.0349665,1319,1,0,2012,-116.7298279,49.0993532
0.0148494,0.026082,0.2723473,0.1827268,0.0206635,0.1045011,0.050048,-0.079457,1490,1,0,2012,-116.7279414,49.1042041
0.0154515,0.0250755,0.2107746,0.1421928,0.0232642,0.0926862,0.0482055,-0.1490789,1370,1,0,2012,-116.7300974,49.1004312
0.0151065,0.0244563,0.22285,0.1454396,0.0204534,0.0924303,0.0498365,-0.1034069,1283,1,1,2012,-116.7300974,49.0990837
0.0119032,0.0237388,0.3667555,0.1515473,0.0161694,0.0702148,0.0326399,0.0066059,1373,1,0,2012,-116.7373737,49.1033957
0.0175274,0.0238698,0.2683991,0.150203,0.0237807,0.0866357,0.044132,-0.1194305,1372,1,0,2012,-116.7298279,49.1004312
0.0119197,0.0199126,0.4286613,0.1780306,0.0143379,0.0711966,0.0331088,-0.0176912,1437,1,1,2012,-116.7271329,49.1036651
0.0150381,0.0251369,0.3032018,0.1800321,0.0174607,0.0962599,0.0467069,-0.0371216,1477,1,0,2012,-116.7276719,49.1039346
0.0171339,0.0241741,0.2648834,0.182258,0.020922,0.1059235,0.0537021,-0.1389764,1452,1,1,2012,-116.7298279,49.1025872
0.0146826,0.0233411,0.4260505,0.1706772,0.0157268,0.0686933,0.0313221,-0.0354502,1415,1,0,2012,-116.7424941,49.1042041
0.0157357,0.0247653,0.3541797,0.166644,0.0170441,0.079474,0.0378389,-0.0983279,1429,1,0,2012,-116.7303669,49.1017787
0.0147513,0.0268932,0.279974,0.2004965,0.0224836,0.1127856,0.0580699,-0.0457164,1496,1,0,2012,-116.7295584,49.1036651
0.0147509,0.0220727,0.2110997,0.1309683,0.0209131,0.0853116,0.048831,-0.2317587,1450,1,0,2012,-116.7384517,49.1044736
0.0166717,0.0241589,0.374871,0.160105,0.0169048,0.0727969,0.0344569,-0.0525067,1337,1,0,2012,-116.7290194,49.0998922
0.0132664,0.0230386,0.2516657,0.1388415,0.0213291,0.0830092,0.0391341,-0.1306448,1348,1,0,2012,-116.7298279,49.1001617
0.0147665,0.023019,0.4952415,0.2122086,0.0159605,0.0716367,0.0282854,0.0180766,1386,1,1,2012,-116.7411467,49.1036651
0.0172098,0.0277127,0.2469326,0.1719526,0.0227519,0.1038484,0.0565017,0.0298647,1399,1,0,2012,-116.7408772,49.1039346
0.0119264,0.0230655,0.4212206,0.1764013,0.0152023,0.0718379,0.0318114,-0.0135337,1379,1,0,2012,-116.7279414,49.1015092
0.0114484,0.0226736,0.3718316,0.1464649,0.0154198,0.067067,0.0311766,0.0040117,1363,1,1,2012,-116.7371042,49.1033957
0.0154912,0.0218944,0.5494682,0.2267691,0.0135304,0.0659366,0.0212951,0.0249224,1386,1,1,2012,-116.7411467,49.1033957
0.0129381,0.0204783,0.3932955,0.1732336,0.015189,0.0754338,0.033737,-0.0384768,1465,1,0,2012,-116.7276719,49.1033957
0.009149,0.0183594,0.3590936,0.1354563,0.0155302,0.063877,0.0299384,-0.0690879,1476,1,0,2012,-116.7379127,49.1050126
0.0157391,0.0247128,0.3524207,0.1662891,0.0170333,0.0796242,0.0379104,-0.0999778,1416,1,0,2012,-116.7300974,49.1017787
0.0130736,0.0212389,0.3678399,0.1582144,0.0176271,0.0731203,0.0352298,-0.0461034,1436,1,0,2012,-116.7411467,49.1044736
0.015423,0.0234886,0.2925716,0.1501662,0.0200452,0.0821864,0.0376575,-0.1307389,1470,1,0,2012,-116.7416856,49.1047431
0.0125974,0.0251049,0.2120552,0.1479012,0.0221218,0.0961491,0.0485169,0.0101657,1378,1,0,2012,-116.7387212,49.1033957
0.0152623,0.0249547,0.2814768,0.1800481,0.0190766,0.1009528,0.0498697,-0.0872401,1483,1,0,2012,-116.7287499,49.1036651
0.0141591,0.021292,0.2303352,0.1392755,0.018761,0.087127,0.0444582,-0.2018751,1473,1,0,2012,-116.7414161,49.1047431
0.0144615,0.0226577,0.4202068,0.1665863,0.013749,0.0680081,0.0277865,-0.0150583,1397,1,0,2012,-116.7276719,49.1017787
0.0162551,0.0247563,0.2654625,0.1729895,0.0202739,0.1004117,0.0502621,-0.0559028,1487,1,0,2012,-116.7284804,49.1039346
0.0160693,0.0222635,0.2707132,0.1407533,0.020349,0.0807811,0.0408118,-0.0585794,1417,1,0,2012,-116.7387212,49.1039346
0.013942,0.0225916,0.3164199,0.1586873,0.0174286,0.0824019,0.0388497,-0.0511535,1357,1,0,2012,-116.7362958,49.1036651
0.0174049,0.0301036,0.1490875,0.147184,0.0271802,0.1089914,0.0595679,-0.1070291,1307,1,1,2012,-116.7300974,49.0993532
0.0164043,0.0248861,0.2649138,0.1577191,0.0170628,0.0916562,0.0451116,-0.1139042,1415,1,1,2012,-116.7290194,49.1017787
0.0136642,0.0235353,0.3031404,0.1630542,0.0177654,0.0871939,0.0428306,-0.0854412,1441,1,1,2012,-116.7303669,49.1023177
0.0184777,0.0254578,0.1654541,0.1488297,0.0255561,0.1065724,0.058611,-0.069745,1398,1,0,2012,-116.7387212,49.1036651
0.0111071,0.0258279,0.4621104,0.2055518,0.0174642,0.0756196,0.0316573,0.0570204,1421,1,1,2012,-116.725516,49.1039346
0.0153729,0.024507,0.2370868,0.1775624,0.0173768,0.109503,0.0565875,-0.084759,1517,1,0,2012,-116.7284804,49.1044736
0.012921,0.0241554,0.3473925,0.1810061,0.0187848,0.08767,0.0423678,-0.0102753,1413,1,1,2012,-116.7265939,49.1031262
0.0149606,0.0236199,0.5211875,0.2181932,0.0131728,0.068679,0.0253495,0.0383093,1417,1,0,2012,-116.726055,49.1036651
0.0140827,0.0218517,0.4894937,0.1931093,0.0142873,0.0661859,0.0278512,0.0245165,1433,1,0,2012,-116.7263245,49.1039346
0.0142246,0.025302,0.2187202,0.1915304,0.0196909,0.1227836,0.0663392,-0.1246818,1496,1,0,2012,-116.7295584,49.1033957
0.0124036,0.019869,0.3910974,0.1508132,0.0137018,0.066013,0.0283924,-0.0308418,1434,1,0,2012,-116.7371042,49.1047431
0.0150394,0.0255235,0.2629322,0.1575518,0.0213109,0.0919498,0.0478802,0.0481216,1427,1,0,2012,-116.7365652,49.1047431
0.0130462,0.0222816,0.2574372,0.160433,0.0167971,0.0947416,0.0491249,-0.1231541,1473,1,0,2012,-116.7290194,49.1031262
0.0169411,0.0234379,0.2159797,0.1479393,0.0211276,0.095386,0.0486918,-0.1599036,1538,1,1,2012,-116.7300974,49.1044736
0.0138764,0.0245608,0.2170635,0.1501408,0.0211584,0.0965855,0.0459641,-0.1340261,1509,1,1,2012,-116.7303669,49.1036651
0.0131489,0.0224827,0.224617,0.1619235,0.0196917,0.1025241,0.0537301,-0.1708452,1478,1,1,2012,-116.7298279,49.1031262
0.0160137,0.0229395,0.1517413,0.1386828,0.0214743,0.10214,0.0509861,-0.1053608,1325,1,1,2012,-116.7300974,49.0996227
0.0158476,0.0224536,0.2773681,0.1554691,0.0199827,0.0879519,0.0485229,-0.1580132,1473,1,0,2012,-116.7414161,49.1050126
0.0125912,0.0200375,0.2771011,0.1675525,0.0201391,0.0948426,0.0462457,-0.0792299,1429,1,0,2012,-116.7274024,49.1028567
0.0152168,0.0241092,0.2910795,0.1709519,0.0180697,0.0938682,0.0463211,-0.0762541,1391,1,0,2012,-116.7290194,49.1009702
0.0133714,0.0217504,0.3424636,0.162636,0.0174587,0.0796588,0.0389081,-0.0826738,1427,1,0,2012,-116.7298279,49.1017787
0.0173761,0.0245233,0.2749002,0.1594236,0.0230525,0.0906722,0.0449759,-0.049431,1403,1,1,2012,-116.7403382,49.1039346
0.0151807,0.0225743,0.4976439,0.196905,0.0168213,0.066048,0.0281943,-0.0053523,1430,1,0,2012,-116.7265939,49.1036651
0.0134009,0.0251623,0.2128173,0.17744,0.0216582,0.1151679,0.0589112,-0.1259168,1502,1,0,2012,-116.7298279,49.1033957
0.0120832,0.0215693,0.33863,0.1539717,0.016512,0.076072,0.0354975,0.0029795,1405,1,0,2012,-116.7362958,49.1044736
0.014959,0.0238104,0.2367447,0.1490682,0.0204604,0.0919973,0.049939,-0.1734557,1479,1,0,2012,-116.7408772,49.1047431
0.0141543,0.021997,0.4882018,0.1942663,0.0143636,0.0668089,0.0280446,0.0246041,1427,1,1,2012,-116.726055,49.1039346
0.0164652,0.0244677,0.2767251,0.1829692,0.0196957,0.1036535,0.049598,-0.0757365,1517,1,0,2012,-116.7295584,49.1042041
0.0159408,0.0222546,0.2664633,0.1340858,0.0202471,0.0776626,0.0421895,-0.1434553,1436,1,0,2012,-116.7387212,49.1042041
0.015767,0.0263665,0.3308735,0.1777849,0.0181706,0.0893854,0.044542,-0.0459087,1391,1,0,2012,-116.7298279,49.1009702
0.0141413,0.0206803,0.3731536,0.15083,0.0168409,0.0688541,0.0299978,-0.0162325,1394,1,0,2012,-116.7371042,49.1039346
0.0137517,0.0234683,0.2772276,0.183172,0.0170454,0.1036555,0.0499778,-0.0689516,1526,1,0,2012,-116.7287499,49.1047431
0.0151242,0.0232577,0.4509788,0.1715631,0.0151711,0.064916,0.0300875,0.0092715,1461,1,1,2012,-116.726055,49.1047431
0.0149065,0.0223796,0.2256102,0.1452848,0.0196289,0.0917968,0.0468238,-0.199117,1476,1,1,2012,-116.7411467,49.1047431
0.0141273,0.0207568,0.3113017,0.1581675,0.0161931,0.0830699,0.0385102,-0.1161594,1401,1,1,2012,-116.7300974,49.1015092
0.0174932,0.0257838,0.277563,0.1612069,0.0216309,0.0911594,0.0463097,-0.098258,1348,1,0,2012,-116.7311754,49.1004312
0.012213,0.0218826,0.3374049,0.1557763,0.0167518,0.0771768,0.0360494,0.0049968,1414,1,0,2012,-116.7365652,49.1044736
0.0174932,0.0257838,0.277563,0.1612069,0.0216309,0.0911594,0.0463097,-0.098258,1341,1,0,2012,-116.7311754,49.1004312
0.0132576,0.0224287,0.4018612,0.1724244,0.0158261,0.0735691,0.035081,-0.0090794,1435,1,1,2012,-116.725516,49.1042041
0.0150248,0.0242044,0.2754771,0.1561879,0.0192528,0.0887211,0.0457362,-0.1181603,1412,1,0,2012,-116.7309059,49.1017787
0.0141976,0.0197093,0.3693902,0.1592151,0.0180878,0.0733192,0.0370426,-0.0472827,1440,1,1,2012,-116.7287499,49.1025872
0.0155744,0.0243929,0.3057248,0.1801402,0.0191851,0.0957835,0.0482342,-0.097047,1391,1,1,2012,-116.7300974,49.1009702
0.0154415,0.0237568,0.2488985,0.1364284,0.0198202,0.0820495,0.0418674,-0.0691619,1345,1,0,2012,-116.7300974,49.0998922
0.0155988,0.0262463,0.2285682,0.1653942,0.0205828,0.1038529,0.0545562,-0.1367235,1538,1,0,2012,-116.7298279,49.1044736
0.0118627,0.0207191,0.3446633,0.1591948,0.0150279,0.0775854,0.0377002,-0.0572072,1447,1,0,2012,-116.7274024,49.1031262
0.0157555,0.0254851,0.2268179,0.1629774,0.0212573,0.1027139,0.0494242,-0.1367887,1480,1,0,2012,-116.7303669,49.1031262
0.0156585,0.0276169,0.2069243,0.1561685,0.0231379,0.102619,0.0541577,-0.0793153,1292,1,1,2012,-116.7309059,49.0993532
0.0144378,0.0222343,0.4560741,0.1658008,0.0144835,0.061936,0.0287299,0.0067012,1466,1,0,2012,-116.7263245,49.1047431
0.0163998,0.0257824,0.3720222,0.1867196,0.0192618,0.085462,0.0407293,0.0183897,1395,1,0,2012,-116.7414161,49.1039346
0.0136804,0.021828,0.3382944,0.1585804,0.0190386,0.0784084,0.0393252,-0.0552566,1416,1,1,2012,-116.7295584,49.1017787
0.0133714,0.0217504,0.3424636,0.162636,0.0174587,0.0796588,0.0389081,-0.0826738,1416,1,0,2012,-116.7298279,49.1017787
0.0133787,0.0260645,0.2388825,0.1704687,0.0205917,0.1047288,0.0550256,-0.0684389,1402,1,0,2012,-116.7271329,49.1025872
0.0148213,0.0216624,0.3090857,0.1409585,0.0188022,0.0743956,0.0383436,-0.1123268,1383,1,0,2012,-116.7379127,49.1033957
0.0158089,0.0256713,0.2169119,0.1515586,0.021499,0.0975286,0.0525855,-0.101749,1277,1,0,2012,-116.7303669,49.0990837
0.0181526,0.025266,0.2037318,0.1437839,0.0220742,0.095113,0.0511479,-0.1243213,1307,1,0,2012,-116.7309059,49.0996227
0.0186756,0.0234942,0.2906212,0.1431046,0.0198587,0.0786562,0.0402932,-0.1137543,1344,1,1,2012,-116.7295584,49.1001617
0.0182158,0.0275206,0.2247033,0.1705959,0.0225861,0.1079955,0.0575626,-0.1858721,1453,1,0,2012,-116.7295584,49.1025872
0.0184113,0.0286083,0.2346577,0.1658019,0.0233463,0.1027776,0.0508634,-0.0249311,1283,1,0,2012,-116.7309059,49.0990837
0.0148345,0.0238613,0.3353878,0.1670194,0.0195523,0.0831243,0.0389847,-0.0772177,1324,1,1,2012,-116.7290194,49.0996227
0.0106935,0.018945,0.2899566,0.1438843,0.015356,0.0791996,0.0372641,-0.1244538,1460,1,0,2012,-116.7379127,49.1047431
0.0159841,0.0229327,0.3785235,0.1703066,0.0169825,0.0767789,0.0374777,-0.0214854,1391,1,0,2012,-116.7300974,49.1012397
0.0156318,0.022338,0.547086,0.2316331,0.0136587,0.0678113,0.0219006,0.0219999,1386,1,0,2012,-116.7414161,49.1033957
0.0106935,0.018945,0.2899566,0.1438843,0.015356,0.0791996,0.0372641,-0.1244538,1460,1,1,2012,-116.7379127,49.1047431
0.0133102,0.0184282,0.3436077,0.1446712,0.0174291,0.0706762,0.0342931,-0.0935619,1468,1,0,2012,-116.7403382,49.1047431
0.0121638,0.0218908,0.3296132,0.1794324,0.0160534,0.0904692,0.0424026,-0.0336547,1464,1,0,2012,-116.7279414,49.1031262
0.0126301,0.0243276,0.234872,0.1595184,0.0195253,0.0988378,0.0480278,-0.1291892,1515,1,0,2012,-116.7300974,49.1039346
0.0163971,0.0233636,0.3776119,0.1743323,0.0174413,0.0787612,0.0384116,-0.0180159,1384,1,0,2012,-116.7303669,49.1012397
0.0161875,0.02319,0.1514545,0.1392987,0.021597,0.1026539,0.0514397,-0.1040274,1320,1,0,2012,-116.7303669,49.0996227
0.0170081,0.0291116,0.2094046,0.1633425,0.0237507,0.106778,0.0611166,-0.0343313,1506,1,0,2012,-116.7311754,49.1033957
0.0118627,0.0207191,0.3446633,0.1591948,0.0150279,0.0775854,0.0377002,-0.0572072,1439,1,0,2012,-116.7274024,49.1031262
0.0131659,0.0226617,0.323023,0.151395,0.0174214,0.0774672,0.0385423,0.0489256,1439,1,0,2012,-116.7365652,49.1050126
0.0136524,0.0236934,0.4257583,0.17384,0.0167138,0.0700162,0.0315946,0.0213643,1448,1,0,2012,-116.725516,49.1044736
0.0167217,0.0274677,0.2166748,0.1527128,0.0204985,0.0983202,0.0511158,-0.1306443,1480,1,0,2012,-116.7309059,49.1031262
0.0151779,0.023645,0.3980349,0.1803923,0.0172777,0.0776732,0.0326332,-0.0247984,1440,1,0,2012,-116.7298279,49.1020482
0.0164137,0.0231613,0.383491,0.1862933,0.0165656,0.0830157,0.0406688,0.0284291,1493,1,0,2012,-116.7274024,49.1044736
0.018766,0.0258388,0.1452439,0.1409216,0.0228556,0.1051773,0.0545938,-0.1741188,1490,1,0,2012,-116.7314448,49.1031262
0.0156598,0.0254568,0.2087349,0.1440271,0.0236848,0.0942834,0.0490782,-0.1485407,1352,1,0,2012,-116.7303669,49.1004312
0.0135986,0.0236598,0.3330897,0.1543894,0.0180712,0.077237,0.0379049,-0.0656765,1345,1,0,2012,-116.7287499,49.1004312
0.0164092,0.0269955,0.3550124,0.1934999,0.019939,0.0921062,0.042943,0.0042072,1387,1,1,2012,-116.7408772,49.1036651
0.0133903,0.0207264,0.3702113,0.1499795,0.0162081,0.0689349,0.0308233,-0.0302432,1399,1,0,2012,-116.7376432,49.1033957
0.0146532,0.0228828,0.2493902,0.1701581,0.0196946,0.1022277,0.0542831,-0.1231103,1476,1,0,2012,-116.7295584,49.1031262
0.0148011,0.0251125,0.2304634,0.1719509,0.0194077,0.1075387,0.0535451,-0.136369,1375,1,1,2012,-116.7284804,49.1009702
0.0167675,0.0240344,0.3056541,0.1490184,0.0175731,0.0792479,0.0418234,-0.1025365,1404,1,1,2012,-116.7290194,49.1015092
0.0158336,0.0280322,0.2952085,0.1997877,0.0178545,0.1087151,0.0514116,-0.0675479,1485,1,1,2012,-116.7271329,49.1047431
0.0137914,0.0256761,0.2670062,0.165488,0.0172951,0.0957388,0.0463008,-0.1060742,1381,1,0,2012,-116.7290194,49.1007007
0.0136784,0.0223885,0.2612042,0.1646027,0.0210157,0.096422,0.0501823,-0.0717016,1417,1,0,2012,-116.7274024,49.1025872
0.0163104,0.024141,0.1806599,0.159833,0.0212422,0.1109189,0.0567363,-0.1765692,1509,1,0,2012,-116.7303669,49.1033957
0.0137968,0.0269406,0.2639041,0.1678894,0.020723,0.0977786,0.0472478,-0.0180562,1406,1,1,2012,-116.7265939,49.1028567
0.014447,0.0232488,0.3236109,0.14759,0.0168401,0.0754211,0.0370591,-0.0913965,1351,1,1,2012,-116.7290194,49.1004312
0.0159863,0.0272799,0.2146765,0.1536355,0.0221299,0.0993298,0.0568535,-0.0384904,1510,1,0,2012,-116.7309059,49.1033957
0.0149029,0.0240152,0.276283,0.1551874,0.0191161,0.0879991,0.0453641,-0.1186575,1395,1,0,2012,-116.7309059,49.1015092
0.0141981,0.0240168,0.3347082,0.1583252,0.0192562,0.078918,0.0415456,-0.0100375,1403,1,0,2012,-116.7274024,49.1023177
0.0142907,0.0244165,0.3042573,0.1555503,0.0176944,0.0829767,0.0405889,-0.1096761,1357,1,0,2012,-116.7295584,49.1004312
0.0138413,0.0263332,0.2846344,0.1625318,0.0209882,0.090508,0.0465677,-0.0892379,1373,1,0,2012,-116.7303669,49.1007007
0.0142925,0.0241557,0.2726506,0.1551149,0.0190938,0.0886518,0.044542,-0.11731,1382,1,0,2012,-116.7298279,49.1007007
0.0158089,0.0256713,0.2169119,0.1515586,0.021499,0.0975286,0.0525855,-0.101749,1290,1,0,2012,-116.7303669,49.0990837
0.0148213,0.0216624,0.3090857,0.1409585,0.0188022,0.0743956,0.0383436,-0.1123268,1399,1,1,2012,-116.7379127,49.1033957
0.0127683,0.0220151,0.4461515,0.1746026,0.0170612,0.0668695,0.0264766,0.0276142,1456,1,0,2012,-116.7263245,49.1044736
0.0153321,0.0239655,0.1866768,0.1377875,0.021558,0.0944367,0.0524543,-0.2481578,1452,1,0,2012,-116.7387212,49.1044736
0.0151065,0.0244563,0.22285,0.1454396,0.0204534,0.0924303,0.0498365,-0.1034069,1296,1,0,2012,-116.7300974,49.0990837
0.0128598,0.0218044,0.3591638,0.1694074,0.0164949,0.0798744,0.03666,-0.0727834,1422,1,0,2012,-116.7371042,49.1044736
0.0153729,0.024507,0.2370868,0.1775624,0.0173768,0.109503,0.0565875,-0.084759,1513,1,0,2012,-116.7287499,49.1044736
0.0175194,0.0268647,0.2112777,0.1785949,0.0211926,0.1162919,0.0600777,-0.0993772,1545,1,1,2012,-116.7295584,49.1047431
0.0119794,0.0235471,0.3807107,0.1548466,0.0166122,0.0694532,0.0339328,0.0085907,1411,1,1,2012,-116.7276719,49.1023177
0.0130462,0.0222816,0.2574372,0.160433,0.0167971,0.0947416,0.0491249,-0.1231541,1484,1,1,2012,-116.7290194,49.1031262
0.0139891,0.0233449,0.3586662,0.1562557,0.0161855,0.0737577,0.0380026,-0.0717423,1414,1,0,2012,-116.7284804,49.1017787
0.0119266,0.0226116,0.4172663,0.1711847,0.0148325,0.0703856,0.031154,-0.0030261,1455,1,0,2012,-116.7265939,49.1042041
0.0151715,0.0238933,0.3870613,0.1567439,0.0175844,0.0692647,0.0298747,0.0097007,1399,1,1,2012,-116.7376432,49.1036651
0.0137527,0.0236908,0.3020357,0.1641391,0.0179132,0.0879878,0.0432205,-0.0859067,1440,1,0,2012,-116.7300974,49.1023177
0.0154322,0.0249435,0.2290489,0.1598307,0.0207812,0.1002578,0.0482712,-0.1378359,1466,1,0,2012,-116.7300974,49.1028567
0.014532,0.0234778,0.3281603,0.1708097,0.0154255,0.0864027,0.0417486,-0.0725569,1465,1,0,2012,-116.7276719,49.1036651
0.0145305,0.0286108,0.267246,0.1746513,0.0191722,0.1009879,0.0501347,-0.1327968,1440,1,0,2012,-116.7295584,49.1023177
0.015372,0.0209393,0.2760802,0.1297824,0.0168303,0.0736255,0.036077,-0.1362292,1438,1,0,2012,-116.7384517,49.1042041
0.0125277,0.0210609,0.3560139,0.1536298,0.0188277,0.0729605,0.035441,-0.1035103,1440,1,0,2012,-116.7309059,49.1020482
0.0143366,0.024012,0.5327597,0.192042,0.0145292,0.0585413,0.0223519,-0.003114,1404,1,0,2012,-116.7422246,49.1039346
0.0139125,0.0244762,0.363164,0.1935583,0.0166817,0.0904256,0.0421438,-0.012588,1475,1,0,2012,-116.7265939,49.1047431
0.0146378,0.0230506,0.3656634,0.1700666,0.017676,0.0789942,0.0360209,0.0083708,1413,1,0,2012,-116.7414161,49.1042041
0.013379,0.018752,0.3774181,0.1374859,0.0139498,0.0621425,0.0301663,-0.0725011,1488,1,1,2012,-116.7376432,49.1052821
0.0143107,0.0219067,0.2900724,0.1418817,0.016201,0.0780776,0.0420333,-0.1209468,1314,1,0,2012,-116.7295584,49.0993532
0.014767,0.0240352,0.4970892,0.2154413,0.0143521,0.0723723,0.0269267,0.0073871,1423,1,0,2012,-116.7263245,49.1033957
0.0150788,0.0258012,0.342088,0.1566353,0.0185221,0.076785,0.0375497,-0.0624322,1404,1,0,2012,-116.7295584,49.1015092
0.0130098,0.0206539,0.3923741,0.1737149,0.0153192,0.0758084,0.0339799,-0.0374575,1473,1,0,2012,-116.7279414,49.1033957
0.0162126,0.0286181,0.2015656,0.1608691,0.0240072,0.1068967,0.0564152,-0.0776859,1281,1,0,2012,-116.7311754,49.0993532
0.0140613,0.0221469,0.4234691,0.1620264,0.0132957,0.0656237,0.0268123,-0.0183386,1407,1,0,2012,-116.7279414,49.1017787
0.0125941,0.0259487,0.2740024,0.1578102,0.0198728,0.089929,0.0420164,-0.0875618,1452,1,0,2012,-116.7311754,49.1025872
0.018766,0.0258388,0.1452439,0.1409216,0.0228556,0.1051773,0.0545938,-0.1741188,1479,1,1,2012,-116.7314448,49.1031262
0.0136804,0.021828,0.3382944,0.1585804,0.0190386,0.0784084,0.0393252,-0.0552566,1427,1,0,2012,-116.7295584,49.1017787
0.0181497,0.0265227,0.3258055,0.1605435,0.019083,0.0816391,0.0407088,-0.0778787,1365,1,0,2012,-116.7309059,49.1007007
0.014663,0.0229039,0.4706039,0.1668237,0.0148906,0.0600541,0.0319925,0.0416757,1425,1,0,2012,-116.7284804,49.1020482
0.0173,0.0244051,0.2649282,0.1545464,0.0193661,0.0898096,0.0441044,-0.0674053,1450,1,0,2012,-116.7314448,49.1025872
0.0151003,0.021995,0.3920737,0.1528077,0.014437,0.066732,0.0300389,-0.0363074,1411,1,0,2012,-116.7276719,49.1020482
0.0148918,0.0239845,0.2734182,0.166733,0.0188503,0.0951338,0.0514957,-0.0837312,1375,1,0,2012,-116.7284804,49.1012397
0.014267,0.024685,0.3772703,0.1873597,0.0191229,0.0847143,0.0409672,-0.0170065,1504,1,0,2012,-116.7276719,49.1047431
0.0158365,0.0247765,0.2491692,0.1693122,0.0202535,0.1017675,0.0483068,-0.1320377,1452,1,0,2012,-116.7300974,49.1025872
0.0135949,0.0219623,0.360429,0.1468091,0.016383,0.0690185,0.0340489,-0.0599284,1337,1,1,2012,-116.7290194,49.1001617
0.0139942,0.0225573,0.3713849,0.1595173,0.0160963,0.0731195,0.0342625,-0.0174008,1415,1,0,2012,-116.7376432,49.1039346
0.0121507,0.0218315,0.3611978,0.1673703,0.0149307,0.0785459,0.036083,-0.0478949,1373,1,1,2012,-116.7360263,49.1042041
0.015069,0.0264755,0.2713016,0.1852398,0.0209848,0.1061778,0.0508261,-0.0777368,1485,1,1,2012,-116.7276719,49.1042041
0.0134113,0.0236679,0.3576348,0.1641619,0.0174531,0.0776732,0.0402361,-0.0795001,1441,1,0,2012,-116.7303669,49.1020482
0.0149496,0.0259628,0.2308564,0.1918949,0.0216938,0.1199122,0.0598801,-0.1310327,1511,1,0,2012,-116.7298279,49.1039346
0.0140812,0.0219057,0.2891212,0.173949,0.0166927,0.0959232,0.0499853,-0.0686472,1491,1,1,2012,-116.7290194,49.1033957
0.0119149,0.0214214,0.3313622,0.176063,0.0156908,0.0884225,0.0414427,-0.0365875,1449,1,1,2012,-116.7276719,49.1031262
0.0148918,0.0239845,0.2734182,0.166733,0.0188503,0.0951338,0.0514957,-0.0837312,1387,1,0,2012,-116.7287499,49.1012397
0.016054,0.0252692,0.3035083,0.1854902,0.0198694,0.0991113,0.0499099,-0.0934155,1384,1,0,2012,-116.7303669,49.1009702
0.0170632,0.0258503,0.2707012,0.1578312,0.0225969,0.0905847,0.0459968,-0.0847925,1319,1,0,2012,-116.7311754,49.1001617
0.0124972,0.0257456,0.2749061,0.1568153,0.0197084,0.0891876,0.0416696,-0.0880449,1454,1,0,2012,-116.7309059,49.1025872
0.0203551,0.0298334,0.1349867,0.1673168,0.0295591,0.127518,0.0727528,-0.0589154,1506,1,0,2012,-116.7311754,49.1036651
0.0137968,0.024093,0.2540251,0.1714158,0.0185689,0.1019691,0.0495045,-0.0687992,1540,1,0,2012,-116.7290194,49.1047431
0.0136814,0.0224402,0.386809,0.1486983,0.0162489,0.0657484,0.0301339,0.0080862,1379,1,1,2012,-116.7371042,49.1036651
0.0123022,0.0222074,0.3633454,0.1567355,0.0169567,0.0731923,0.0301914,-0.070891,1439,1,0,2012,-116.7311754,49.1023177
0.0165109,0.0271392,0.2185711,0.1506331,0.0201969,0.096596,0.0501566,-0.1320665,1495,1,0,2012,-116.7311754,49.1031262
0.0126252,0.0235882,0.3234552,0.1777503,0.0172014,0.0908652,0.0391212,-0.0627348,1503,1,0,2012,-116.7274024,49.1050126
0.0154515,0.0250755,0.2107746,0.1421928,0.0232642,0.0926862,0.0482055,-0.1490789,1359,1,1,2012,-116.7300974,49.1004312
0.0146692,0.0248721,0.2658137,0.1541667,0.0207242,0.0894185,0.0465625,0.0445141,1415,1,0,2012,-116.7362958,49.1047431
0.0183172,0.0252662,0.232464,0.1571324,0.021289,0.0978566,0.0493787,-0.0435799,1417,1,0,2012,-116.7408772,49.1042041
0.0101426,0.0222655,0.4240381,0.1630422,0.0132514,0.0659436,0.0284657,-0.0264343,1475,1,0,2012,-116.7263245,49.1050126
0.0136364,0.025128,0.3132184,0.1897449,0.0185711,0.099232,0.0474929,-0.0509501,1494,1,1,2012,-116.7276719,49.1044736
0.0128682,0.0234386,0.3855,0.1494691,0.0177791,0.0662929,0.0291217,-0.0284824,1331,1,0,2012,-116.7287499,49.1001617
0.0139696,0.0205183,0.2629108,0.131068,0.0193616,0.076497,0.0417583,-0.1705551,1434,1,0,2012,-116.7379127,49.1042041
0.0186944,0.0273741,0.140676,0.1553154,0.0271224,0.1170062,0.0667555,-0.0618308,1510,1,0,2012,-116.7309059,49.1036651
0.0140245,0.0220155,0.2306655,0.1398586,0.0190363,0.0874307,0.0445222,-0.1667808,1398,1,1,2012,-116.7384517,49.1036651
0.0130363,0.0230297,0.299855,0.1520325,0.0166674,0.0818897,0.0431198,-0.1116153,1388,1,0,2012,-116.7284804,49.1015092
0.0150318,0.0235835,0.5314828,0.2016927,0.0161907,0.0617026,0.0200398,-0.0032669,1402,1,0,2012,-116.7422246,49.1036651
0.0130363,0.0230297,0.299855,0.1520325,0.0166674,0.0818897,0.0431198,-0.1116153,1403,1,1,2012,-116.7287499,49.1015092
0.0138896,0.0254222,0.2481416,0.1507991,0.0207763,0.0908387,0.0451944,-0.1131715,1465,1,0,2012,-116.7311754,49.1028567
0.0155661,0.0248654,0.2112072,0.1551703,0.0215853,0.1010539,0.0500545,-0.1266372,1422,1,0,2012,-116.7403382,49.1042041
0.0165348,0.024511,0.1804672,0.1619186,0.0215677,0.1124111,0.0576058,-0.1730679,1478,1,0,2012,-116.7300974,49.1031262
0.0128286,0.0190252,0.2865024,0.1583996,0.0165516,0.0878488,0.0453823,-0.0931898,1474,1,0,2012,-116.7287499,49.1031262
0.0151927,0.0235257,0.2540329,0.1684798,0.0206248,0.1002209,0.05802,-0.1375557,1463,1,1,2012,-116.7295584,49.1028567
0.0136865,0.0268053,0.3655213,0.2020749,0.0190322,0.0938925,0.0423111,-0.0257281,1465,1,1,2012,-116.7271329,49.1042041
0.014502,0.0238927,0.3827529,0.1567656,0.0172136,0.0699786,0.0320843,0.0130904,1390,1,0,2012,-116.7373737,49.1036651
0.0104675,0.0214442,0.4324932,0.1913863,0.0143731,0.075821,0.0330724,-0.0114469,1410,1,0,2012,-116.726055,49.1031262
0.013124,0.0244382,0.3178276,0.1841166,0.0179495,0.0953078,0.0456882,-0.0518143,1498,1,0,2012,-116.7279414,49.1044736
0.0136332,0.0213238,0.4528476,0.1693663,0.0150861,0.0637845,0.0268451,0.0338832,1446,1,0,2012,-116.7263245,49.1042041
0.0164137,0.0231613,0.383491,0.1862933,0.0165656,0.0830157,0.0406688,0.0284291,1490,1,0,2012,-116.7274024,49.1044736
0.0117056,0.0226456,0.2925325,0.1482561,0.0184662,0.0811479,0.0406823,-0.1126383,1416,1,1,2012,-116.7379127,49.1039346
0.0146466,0.0216121,0.5074623,0.1870909,0.0144986,0.0611288,0.0245522,0.0029315,1401,1,0,2012,-116.7416856,49.1039346
0.0134504,0.0216759,0.1859989,0.1430653,0.0206554,0.0981917,0.0500213,-0.2435315,1464,1,0,2012,-116.7384517,49.1047431
0.0131016,0.0245006,0.3228388,0.1886048,0.0183102,0.0965468,0.0452617,-0.0949713,1493,1,0,2012,-116.7274024,49.1047431
0.0121097,0.0234629,0.3487416,0.1700593,0.0167597,0.0821155,0.039505,-0.0131355,1421,1,1,2012,-116.7271329,49.1031262
0.0184849,0.0270952,0.3092901,0.1893238,0.0212564,0.0998769,0.0475921,-0.0571606,1391,1,0,2012,-116.7295584,49.1009702
0.0147597,0.0251125,0.2537253,0.1727123,0.019388,0.1028063,0.0478735,-0.1089767,1376,1,0,2012,-116.7287499,49.1007007
0.0139813,0.0241632,0.3036983,0.1728619,0.016575,0.092325,0.0456688,-0.0656989,1479,1,0,2012,-116.7284804,49.1033957
0.014177,0.0206402,0.2842056,0.1426329,0.0176841,0.0795012,0.0360262,-0.1077811,1380,1,0,2012,-116.7384517,49.1033957
0.0157555,0.0254851,0.2268179,0.1629774,0.0212573,0.1027139,0.0494242,-0.1367887,1493,1,1,2012,-116.7303669,49.1031262
0.0151549,0.0252026,0.3171529,0.1657416,0.0168201,0.0859249,0.0432205,-0.086613,1440,1,1,2012,-116.7295584,49.1020482
0.0124478,0.0176859,0.3822568,0.1354563,0.0136559,0.0605367,0.0273391,-0.0380253,1470,1,1,2012,-116.7376432,49.1050126
0.0131489,0.0224827,0.224617,0.1619235,0.0196917,0.1025241,0.0537301,-0.1708452,1491,1,0,2012,-116.7298279,49.1031262
0.0120492,0.0202928,0.3241737,0.1379035,0.0168004,0.0703826,0.0335517,-0.06117,1302,1,0,2012,-116.7298279,49.0990837
0.0139892,0.024149,0.3793514,0.1841841,0.0187551,0.0828749,0.0400777,-0.0181586,1510,1,0,2012,-116.7279414,49.1047431
0.0122107,0.0225168,0.4366151,0.1802333,0.0136773,0.0706805,0.0298304,-0.034622,1439,1,0,2012,-116.7265939,49.1039346
0.0148011,0.0251125,0.2304634,0.1719509,0.0194077,0.1075387,0.0535451,-0.136369,1387,1,1,2012,-116.7287499,49.1009702
0.0125888,0.0247628,0.3744277,0.1624883,0.0175327,0.0739567,0.0361331,0.0097083,1420,1,1,2012,-116.7279414,49.1023177
0.012921,0.0241554,0.3473925,0.1810061,0.0187848,0.08767,0.0423678,-0.0102753,1423,1,1,2012,-116.7265939,49.1031262
0.0126347,0.0217802,0.4078623,0.1714482,0.0140898,0.07211,0.030876,-0.008879,1504,1,1,2012,-116.7271329,49.1052821
0.0154021,0.0219397,0.2780501,0.1519873,0.0195063,0.0858552,0.0471377,-0.1589857,1476,1,1,2012,-116.7411467,49.1050126
0.0154815,0.0236533,0.1992324,0.1627921,0.022325,0.1087017,0.0527694,-0.1599547,1528,1,0,2012,-116.7303669,49.1042041
0.013853,0.0256547,0.4539151,0.2176185,0.0188508,0.0817367,0.0329115,0.0271463,1411,1,0,2012,-116.725516,49.1036651
0.0141729,0.0251081,0.2152759,0.1530982,0.0216563,0.0988581,0.0470461,-0.1326007,1504,1,1,2012,-116.7300974,49.1036651
0.0100873,0.0232397,0.3854567,0.1872617,0.0155045,0.0830632,0.0339657,-0.0189379,1483,1,0,2012,-116.7265939,49.1050126
0.0160564,0.0253214,0.2460973,0.1724716,0.0206918,0.1043473,0.0495313,-0.1308445,1466,1,0,2012,-116.7303669,49.1028567
0.0129781,0.0206197,0.3811943,0.1429494,0.015949,0.0640445,0.0311441,-0.0265258,1348,1,0,2012,-116.7298279,49.0998922
0.0134477,0.0219839,0.3204845,0.1534484,0.0167719,0.0789639,0.0372289,-0.0536351,1369,1,0,2012,-116.7365652,49.1036651
0.0435752,0.0684852,0.0169116,0.3072488,0.0744382,0.2970295,0.1534687,-0.1205746,532,0,0,2012,-116.6117893,49.136813
0.0142234,0.0293317,0.5391088,0.3106508,0.0191849,0.0930254,0.0348068,0.0172856,1505,0,0,2012,-116.7203956,49.2284411
0.0321839,0.0563775,0.2278357,0.3525708,0.0470414,0.2217256,0.1163801,-0.1397828,1609,0,0,2012,-116.7193176,49.1044736
0.0187642,0.0430884,0.1992106,0.2790641,0.0292729,0.1863489,0.0855752,0.0362304,1089,0,0,2012,-116.6559864,49.0893819
0.0128724,0.0243059,0.4910193,0.1542734,0.0167959,0.0526634,0.0201306,0.0089867,1887,0,0,2012,-116.7424941,49.2287106
0.0421806,0.0684952,0.1070729,0.31907,0.0634473,0.257351,0.120052,-0.1203446,536,0,0,2012,-116.5859178,49.1748117
0.0336028,0.0554582,0.1101384,0.2035936,0.0624352,0.1631959,0.1003674,-0.1991135,1759,0,1,2012,-116.7160837,49.1063601
0.0185655,0.0212461,0.5599848,0.066058,0.0173395,0.0186326,0.0121674,-0.2025397,532,0,0,2012,-116.6314624,49.1246857
0.0222796,0.0358013,0.1677807,0.1881413,0.0307343,0.134079,0.0698998,-0.0267989,1045,0,0,2012,-116.7381822,49.1465148
0.0130099,0.0234714,0.4565988,0.1957571,0.0145663,0.0730295,0.0300847,0.0020687,1564,0,0,2012,-116.7608198,49.0993532
0.0125524,0.0263904,0.415239,0.2220879,0.0177518,0.0917642,0.0386533,-0.0177695,925,0,0,2012,-116.6939851,49.1457063
0.0167408,0.0361831,0.3488397,0.2402761,0.0236751,0.1159947,0.0523189,0.0508883,1893,0,0,2012,-116.775103,49.1149839
0.0318509,0.0586511,0.2116745,0.3176816,0.0505912,0.2066863,0.0917128,0.1475279,534,0,1,2012,-116.6317319,49.2071511
0.0104529,0.0262718,0.5082687,0.2255817,0.0168865,0.073545,0.0254645,0.0750764,1699,0,0,2012,-116.7241685,49.1184873
0.0274172,0.0442209,0.3659748,0.2633007,0.0319039,0.1222125,0.0517558,-0.0396137,538,0,0,2012,-116.6320013,49.1996052
0.0228058,0.0376836,0.2282176,0.2247651,0.0288507,0.141237,0.0676647,0.0202622,734,0,1,2012,-116.6427811,49.1295366
0.0247797,0.0385782,0.1567218,0.2425331,0.0443638,0.1768125,0.1037715,-0.1663203,1580,0,1,2012,-116.723899,49.2287106
0.0356557,0.0675977,0.1793489,0.3286168,0.0767514,0.2286683,0.1140805,0.064855,533,0,1,2012,-116.5956196,49.1130975
0.0409931,0.0859628,0.3162695,0.3875642,0.0783897,0.2013185,0.1108522,0.1593175,531,0,0,2012,-116.5732515,49.1756202
0.0152257,0.0270663,0.4645922,0.186796,0.0184056,0.0682866,0.0323133,-0.0146608,1297,0,1,2012,-116.6780849,49.1289976
0.0613809,0.0814936,-0.1591284,0.2078443,0.0999253,0.2865101,0.1844607,-0.2943839,532,0,0,2012,-116.5904992,49.1640319
0.01644,0.0278459,0.4414402,0.1875132,0.0177294,0.0726616,0.029295,-0.077745,1137,0,0,2012,-116.7018004,49.2198173
0.0209625,0.031275,0.2574435,0.1431175,0.0298725,0.084515,0.0424125,-0.0499287,532,0,0,2012,-116.6408947,49.1993357
0.02385,0.0431825,0.2115398,0.2325475,0.0409,0.15134,0.06972,0.0944366,533,0,0,2012,-116.6112503,49.1793931
0.013612,0.0233908,0.3666641,0.1684822,0.0220344,0.0780776,0.0354919,0.063464,1743,0,0,2012,-116.7341398,49.1230688
0.0166215,0.0272816,0.2134285,0.1495131,0.0214885,0.0969177,0.0450772,-0.1418864,1532,0,0,2012,-116.7368347,49.1279197
0.0202613,0.0232862,0.5443661,0.0368438,0.0193675,0.01087,0.0049987,0.187569,531,0,0,2012,-116.651405,49.2211648
0.0148721,0.0266294,0.3062761,0.2274007,0.0178197,0.1207657,0.056689,0.005269,1625,0,1,2012,-116.7384517,49.1562166
0.0113891,0.0208238,0.5501364,0.1912999,0.0095405,0.055517,0.0194481,0.0381124,1036,0,0,2012,-116.7433026,49.1333095
0.0182515,0.0260149,0.4669917,0.1651995,0.0172539,0.0600226,0.0214695,0.0414308,1837,0,0,2012,-116.7424941,49.2262852
0.0164697,0.0328032,0.3740422,0.2557605,0.0213427,0.1165141,0.0446209,-0.0182128,1176,0,0,2012,-116.6524829,49.1233382
0.0205485,0.0324221,0.5198076,0.2086211,0.0234747,0.0659151,0.0261717,-0.0065237,1163,0,0,2012,-116.6694611,49.1796626
0.0186821,0.0316638,0.4455105,0.218012,0.0225028,0.0836282,0.0350289,0.0382202,626,0,1,2012,-116.6368522,49.1672659
0.0287025,0.0389167,0.2431931,0.1960675,0.0330156,0.1193582,0.0483817,-0.1485924,540,0,1,2012,-116.6869782,49.2424549
0.0166304,0.0303468,0.3262893,0.177536,0.0204769,0.0901824,0.0456076,-0.1008886,1331,0,1,2012,-116.6713476,49.1047431
0.0265894,0.0577067,0.3475648,0.3618528,0.0550402,0.1751942,0.082969,0.2144915,532,0,0,2012,-116.60074,49.1160619
0.0322912,0.0576418,0.2669543,0.3325888,0.0469917,0.1924322,0.0803762,0.0057846,532,0,1,2012,-116.6638017,49.2308666
0.018268,0.0305747,0.3941147,0.2702813,0.0253985,0.1174649,0.0528835,0.117246,1727,0,0,2012,-116.773486,49.1077076
0.0185498,0.0310318,0.3315406,0.2211679,0.0205158,0.1110306,0.0506412,-0.0300908,1160,0,0,2012,-116.6991055,49.1473233
0.0214025,0.025005,0.6647218,0.0199725,0.0164525,0.0040225,0.0018775,0.5096334,530,0,0,2012,-116.6293064,49.1554081
0.0276766,0.0370045,0.466954,0.2112939,0.0232371,0.0767777,0.0300253,0.0161837,884,0,0,2012,-116.6931766,49.2165834
0.0208675,0.0364313,0.0974301,0.1828527,0.0379098,0.1503853,0.0882853,-0.0505958,1903,0,0,2012,-116.6880562,49.1136364
0.0131393,0.0270824,0.3905108,0.188104,0.0190366,0.0824498,0.0280958,-0.0007374,1326,0,0,2012,-116.5705566,49.2152359
0.0209767,0.0300802,0.2656936,0.1719468,0.0231883,0.0997569,0.0442722,-0.0342485,1841,0,0,2012,-116.7530044,49.1904424
0.0140551,0.0229319,0.5038957,0.1980007,0.0147481,0.0653164,0.024284,0.0209266,1556,0,1,2012,-116.7451891,49.1020482
0.0176005,0.0353931,0.1654462,0.1705888,0.0322316,0.1221554,0.0688869,-0.0025931,1956,0,0,2012,-116.7438416,49.1775067
0.0252179,0.0501114,0.3339457,0.3714938,0.0352623,0.1854911,0.0848512,0.0492382,570,0,0,2012,-116.5845703,49.2001442
0.0143646,0.0273606,0.2473765,0.148789,0.0201447,0.0897741,0.0451224,-0.0308158,1567,0,1,2012,-116.6799714,49.1807406
0.0289079,0.0439526,0.3255551,0.2367664,0.0335145,0.1204672,0.056666,0.0337455,694,0,0,2012,-116.6659577,49.1958323
0.014464,0.027966,0.3219529,0.1812051,0.0208478,0.0929425,0.0467517,0.033585,1352,0,0,2012,-116.6697306,49.1737337
0.023417,0.0483269,0.3536877,0.3062026,0.0427827,0.1461951,0.0646841,0.1808583,534,0,0,2012,-116.5797194,49.0947718
0.0211351,0.0265575,0.4133773,0.1767941,0.0211296,0.0733784,0.0328057,0.016575,732,0,1,2012,-116.6856308,49.1395079
0.0249923,0.0355854,0.2528788,0.1920522,0.0289359,0.1145253,0.0536101,0.0098275,694,0,0,2012,-116.6128672,49.2408379
0.0247841,0.0572892,0.3248022,0.4128381,0.0380934,0.2104068,0.0861522,0.3706201,535,0,0,2012,-116.5964281,49.0966583
0.0206208,0.0324788,0.1072536,0.1653774,0.0280625,0.133339,0.0670469,-0.0837931,1716,0,0,2012,-116.7786064,49.1605285
0.036679,0.0639574,0.0790673,0.2900606,0.0638207,0.247553,0.1361421,0.1342281,536,0,0,2012,-116.5904992,49.0939633
0.0193544,0.0291326,0.3638645,0.2201642,0.023758,0.1026893,0.0435674,0.0019733,1520,0,1,2012,-116.7001835,49.0947718
0.0241768,0.0424655,0.2181944,0.1597579,0.0425765,0.1025285,0.050435,-0.0716934,532,0,1,2012,-116.6050519,49.1707693
0.022145,0.0233,0.4903498,0.0244687,0.0162325,0.0083675,0.000695,-0.3628419,531,0,0,2012,-116.6468235,49.2095765
0.0390478,0.0684044,0.0788137,0.2932946,0.07191,0.2504408,0.1403538,0.0165366,531,0,1,2012,-116.5840313,49.0920769
0.0348139,0.0575065,0.1522534,0.3270144,0.0586235,0.2405941,0.113704,-0.0552918,535,0,1,2012,-116.5708261,49.1279197
0.015325,0.017415,0.3889032,0.013455,0.013125,0.00592,0.0018225,-0.3124771,531,0,0,2012,-116.648171,49.2252072
0.0179925,0.0201237,0.7976582,0.0109387,0.01043,0.0012312,0.00196,0.1256967,531,0,0,2012,-116.6255335,49.2238597
0.0240229,0.0416349,0.375115,0.2320542,0.0274505,0.105451,0.0395113,0.2128825,532,0,0,2012,-116.6330793,49.2165834
0.0416198,0.0656511,-0.0070027,0.2574367,0.0745978,0.2610676,0.1746602,0.0753144,1872,0,0,2012,-116.7276719,49.1130975
0.0165583,0.0267185,0.3455221,0.1984152,0.02161,0.0965115,0.0419625,-0.0289116,1205,0,0,2012,-116.5956196,49.2389514
0.0152569,0.0278453,0.3713349,0.159699,0.018771,0.0732113,0.0366564,0.0567393,998,0,1,2012,-116.7104243,49.2402989
0.0426483,0.0603194,0.0228614,0.2428352,0.0668772,0.2319803,0.1553565,-0.225013,1612,0,0,2012,-116.7354873,49.2190088
0.0158302,0.0272906,0.5353778,0.2424413,0.0143653,0.0733654,0.0268701,0.0334677,1080,0,1,2012,-116.697219,49.1306146
0.03683,0.056685,0.0476166,0.154585,0.04915,0.1405325,0.0726625,-0.3191754,531,0,1,2012,-116.6338878,49.1828966
0.0379817,0.0647957,0.2403506,0.3298963,0.0582408,0.2020441,0.0988564,0.1469565,653,0,0,2012,-116.6333488,49.1023177
0.0245832,0.04346,0.2073763,0.2433164,0.0376888,0.1597334,0.0821584,0.0841026,1139,0,0,2012,-116.6557169,49.1303451
0.0149489,0.0294005,0.2858035,0.1584298,0.0197479,0.0879994,0.0440956,-0.0929352,1737,0,0,2012,-116.7357568,49.1901729
0.0153831,0.0251656,0.3754539,0.1339981,0.0173926,0.0608439,0.0262651,0.0563465,1599,0,1,2012,-116.7007225,49.1861305
0.0166737,0.0284402,0.2390864,0.2083607,0.0208437,0.1279528,0.0588018,-0.0676616,1437,0,0,2012,-116.5708261,49.2314056
0.0327973,0.0619533,0.2004069,0.3091701,0.0571859,0.2059387,0.0960441,0.0396155,532,0,1,2012,-116.6034349,49.2090375
0.0185567,0.0342372,0.4691477,0.2763947,0.0242889,0.0998707,0.0437409,0.0848896,815,0,1,2012,-116.647093,49.1680744
0.0166221,0.028322,0.1455852,0.1317563,0.0226484,0.0982681,0.054395,-0.0462463,1954,0,0,2012,-116.7610893,49.1931373
0.017035,0.0354536,0.4750927,0.2812057,0.0259855,0.1000662,0.0388224,0.1483,569,0,0,2012,-116.624186,49.0985447
0.0354634,0.0661781,0.2789729,0.3630343,0.0567624,0.2046623,0.1132944,0.2955258,533,0,1,2012,-116.5783719,49.1303451
0.0155338,0.0264795,0.4045143,0.1716453,0.018495,0.0727742,0.0273159,-0.0331092,1412,0,1,2012,-116.7044954,49.2044561
0.016848,0.0333127,0.328761,0.2543075,0.0219112,0.1284664,0.0513138,-0.0037074,754,0,0,2012,-116.6438591,49.1268417
0.0203867,0.0384266,0.328133,0.279388,0.0278409,0.1413349,0.0598088,0.0410648,924,0,0,2012,-116.647093,49.1179484
0.0179986,0.0284446,0.44114,0.1950936,0.0181372,0.0756554,0.0366716,0.0045288,1762,0,0,2012,-116.7271329,49.161876
0.0353305,0.0527284,0.0122912,0.2101977,0.0549443,0.2050933,0.1228861,-0.36123,1672,0,1,2012,-116.6996445,49.1826271
0.0125109,0.0242061,0.2759436,0.1468518,0.0202161,0.0833336,0.0407045,-0.0976309,1759,0,1,2012,-116.6821273,49.0926159
0.017958,0.0241213,0.3858014,0.1425031,0.0133296,0.0631586,0.0235914,0.002569,1771,0,0,2012,-116.7697131,49.2230512
0.0482599,0.0646473,0.1661243,0.2357649,0.061071,0.1685915,0.1286928,0.0389024,1150,0,0,2012,-116.7053039,49.2111935
0.0145216,0.0223057,0.3343805,0.195973,0.0196928,0.0977558,0.0416517,-0.0033565,1734,0,0,2012,-116.6958716,49.0974668
0.0193731,0.034841,0.3202573,0.2365675,0.0225452,0.1217983,0.0567092,-0.025821,831,0,1,2012,-116.671617,49.1958323
0.0353353,0.056914,0.2281969,0.3010196,0.0471136,0.1891618,0.0961639,-0.0396875,542,0,0,2012,-116.5934636,49.0990837
0.0384937,0.098705,0.5377294,0.4816562,0.0775712,0.144795,0.0708613,0.5205566,532,0,1,2012,-116.5737905,49.1589115
0.0163563,0.0187487,0.6384812,0.010815,0.0119562,0.0023863,0.0006262,-0.1477178,531,0,0,2012,-116.6295759,49.2241292
0.0153552,0.0252448,0.2658346,0.1738738,0.0200331,0.1008442,0.0459494,-0.0768171,897,0,1,2012,-116.6751205,49.1484012
0.0177333,0.0244805,0.4097006,0.2023109,0.0149783,0.0847159,0.0318953,-0.0078871,843,0,0,2012,-116.7632452,49.1451673
0.0337401,0.0462798,-0.0403411,0.1712768,0.042252,0.1856768,0.1345366,-0.0095114,1953,0,1,2012,-116.7788759,49.183705
0.0273371,0.0491579,0.3841321,0.3890326,0.0395355,0.1730996,0.0766226,0.0628867,533,0,0,2012,-116.6293064,49.1405859
0.0335602,0.0530829,0.0227188,0.2325784,0.0589695,0.2222454,0.1319197,-0.3185783,1793,0,0,2012,-116.7079988,49.1780457
0.0177342,0.0301311,0.4050229,0.2020345,0.0205546,0.0855544,0.0367383,0.0375564,1100,0,1,2012,-116.7554299,49.1510962
0.0180318,0.0302868,0.2725132,0.1776301,0.0246048,0.1015499,0.0552595,0.1245191,1696,0,0,2012,-116.772947,49.2421854
0.0108315,0.0209749,0.4925102,0.1843083,0.0137687,0.0626693,0.0261988,0.0045517,1531,0,0,2012,-116.7589333,49.1219908
0.0176917,0.031278,0.391206,0.2190232,0.0216633,0.0958449,0.0388603,0.0252617,1766,0,1,2012,-116.7317143,49.1233382
0.0153342,0.028334,0.4225641,0.1653141,0.0189771,0.067103,0.027937,0.0221886,1810,0,0,2012,-116.7443806,49.1632234
0.0237826,0.0409938,0.1382852,0.2148688,0.0368245,0.1626619,0.0795253,0.0184435,714,0,1,2012,-116.5977755,49.2187393
0.0479928,0.0658766,-0.0046577,0.2412816,0.0721843,0.2435398,0.1584227,-0.1319971,1791,0,0,2012,-116.7298279,49.2047256
0.0129028,0.022617,0.4974756,0.1513099,0.0149478,0.0507767,0.020081,0.0521471,1880,0,0,2012,-116.7424941,49.2284411
0.0465329,0.0690037,0.1148162,0.242356,0.0725058,0.192435,0.116962,0.0868624,532,0,0,2012,-116.5772939,49.1812796
0.0346179,0.0676253,0.1371264,0.3187958,0.0611116,0.2419084,0.1103944,-0.2226167,534,0,0,2012,-116.6074773,49.158642
0.0301435,0.0486978,0.3475187,0.2932675,0.0351644,0.1420029,0.0631989,0.1978992,646,0,0,2012,-116.6629932,49.1961018
0.0176198,0.0285276,0.5460908,0.2229113,0.0157531,0.0654434,0.0245837,0.0788621,1055,0,1,2012,-116.7284804,49.0915379
0.0178603,0.0231606,0.6068119,0.0238245,0.0147283,0.0058299,0.001875,0.486077,531,0,0,2012,-116.6314624,49.1532521
0.0256817,0.0513052,0.380037,0.4525113,0.038379,0.2032846,0.0759616,0.2971385,533,0,0,2012,-116.6320013,49.2033781
0.0229174,0.0396088,0.3305137,0.2359471,0.028234,0.1187236,0.0616854,-0.1548096,1222,0,0,2012,-116.6904817,49.2079595
0.0178813,0.0319917,0.3806859,0.1508978,0.0232133,0.067686,0.0349054,0.0544777,1981,0,1,2012,-116.7481535,49.233292
0.0306419,0.0375965,0.0710206,0.1817315,0.0407031,0.1576298,0.0887173,-0.0815473,1812,0,0,2012,-116.7284804,49.2060731
0.0671348,0.1028358,0.120998,0.3675128,0.1097164,0.2881758,0.1910384,0.108035,536,0,1,2012,-116.572982,49.1308841
0.0138273,0.025359,0.3216137,0.2080047,0.0194786,0.1067691,0.0533156,-0.0526163,1764,0,0,2012,-116.7414161,49.1114805
0.02264,0.0226675,0.2748037,0.0156275,0.01703,0.00889,0.004215,-0.4856855,531,0,1,2012,-116.6276894,49.1688828
0.0202652,0.0302121,0.0104636,0.1473203,0.0310511,0.1442692,0.0881491,0.0003043,2128,0,1,2012,-116.7554299,49.2033781
0.024159,0.0306038,0.3209797,0.1865661,0.028336,0.0959002,0.0462243,-0.0370102,1561,0,1,2012,-116.7783369,49.2324836
0.0194487,0.0387828,0.2345163,0.2278953,0.0289186,0.1413105,0.0672132,0.0430161,826,0,1,2012,-116.6449371,49.1729253
0.0350519,0.1001836,0.5457641,0.5099275,0.0823294,0.1498465,0.070886,0.3695006,532,0,0,2012,-116.5770245,49.1562166
0.0187273,0.0285423,0.464462,0.1999464,0.0206226,0.0731183,0.0289605,0.0064146,1545,0,0,2012,-116.6942546,49.1203738
0.016019,0.0235542,0.4525626,0.1635447,0.0169156,0.0616362,0.0300003,0.0300852,1505,0,1,2012,-116.7015309,49.0966583
0.0214947,0.0234031,0.5358909,0.1918808,0.0175456,0.0579817,0.0239646,0.0425721,1389,0,0,2012,-116.7753725,49.2270937
0.0516508,0.0757178,0.0713317,0.2673178,0.0907551,0.2317206,0.1569243,0.0664201,697,0,0,2012,-116.6465541,49.15972
0.0187701,0.0291975,0.2911599,0.1529018,0.0218439,0.0839423,0.0415391,0.0801127,1919,0,0,2012,-116.7446501,49.2346395
0.0279618,0.0401381,0.2379847,0.2404261,0.0377591,0.1479892,0.081419,0.0870722,1979,0,0,2012,-116.7796844,49.1155229
0.0192025,0.01945,0.4693728,0.0150225,0.01142,0.005425,0.0065525,-0.23118,531,0,0,2012,-116.6417032,49.236526
0.0215133,0.0327191,0.3278779,0.1968143,0.0263142,0.09962,0.0499271,0.0130708,533,0,0,2012,-116.62203,49.1419334
0.0129034,0.0271639,0.4466507,0.2180141,0.0177735,0.0833912,0.0369782,0.03259,974,0,1,2012,-116.6629932,49.1510962
0.0471953,0.0672285,-0.1344824,0.2039888,0.0878469,0.2673796,0.1818947,-0.3517173,1721,0,0,2012,-116.7406077,49.2111935
0.0176034,0.0288474,0.5331692,0.2297827,0.0169133,0.0699659,0.0267775,0.0156361,1279,0,0,2012,-116.7357568,49.1009702
0.0209513,0.032788,0.3352909,0.1268612,0.0263708,0.0631516,0.0301211,-0.0575446,536,0,0,2012,-116.6074773,49.1694218
0.0300017,0.060303,0.2915568,0.3979018,0.0458509,0.2182566,0.1020107,0.2552503,543,0,0,2012,-116.5950806,49.0974668
0.0326582,0.0613275,0.155759,0.3465062,0.05893,0.2531105,0.1363748,0.0499857,535,0,0,2012,-116.5945416,49.1139059
0.046575,0.0653738,0.263541,0.3502325,0.0603545,0.2041342,0.0883273,0.0720229,533,0,1,2012,-116.6085553,49.1904424
0.0183167,0.0309185,0.3531562,0.1975096,0.0220702,0.0944147,0.0436088,-0.0640864,1513,0,0,2012,-116.7058429,49.1527132
0.0203865,0.0365512,0.2639779,0.2105201,0.0292854,0.1225871,0.0677896,0.0410566,867,0,0,2012,-116.7123107,49.1424724
0.0326026,0.0506708,-0.1735253,0.17097,0.059036,0.2427632,0.1394635,-0.4820801,533,0,1,2012,-116.6209521,49.1211823
0.0194659,0.0342034,0.3566179,0.2779822,0.0223597,0.1318343,0.0544316,-0.0429785,540,0,0,2012,-116.6325403,49.1392384
0.0287465,0.053558,0.0515187,0.2527474,0.0615204,0.2279809,0.1218271,0.038743,534,0,1,2012,-116.5937331,49.1481318
0.0383273,0.0634462,0.1104074,0.3032249,0.0652119,0.2429259,0.1401149,-0.1683176,1645,0,1,2012,-116.6845528,49.1839745
0.0181226,0.0264585,0.3745172,0.1772743,0.020852,0.0806698,0.0407879,0.0525726,1542,0,1,2012,-116.7831878,49.2281716
0.0181378,0.0300989,0.4199508,0.2296936,0.0210752,0.0938297,0.0386765,0.098474,1327,0,0,2012,-116.7670181,49.236526
0.0131101,0.0257755,0.3267231,0.1528614,0.0191642,0.0775731,0.0405599,-0.0302875,1613,0,0,2012,-116.7069208,49.1982577
0.0438437,0.075092,0.0604056,0.3482031,0.0756023,0.3085326,0.1606994,-0.2298633,536,0,1,2012,-116.6093638,49.0958498
0.01802,0.030615,0.3657499,0.29225,0.018955,0.13572,0.052505,-0.0329667,544,0,0,2012,-116.6365828,49.2023002
0.0186984,0.0266297,0.3677386,0.1901868,0.0199497,0.0879172,0.0397302,-0.0701655,542,0,0,2012,-116.6112503,49.1222603
0.0220594,0.0421562,0.3404351,0.2770823,0.0315104,0.1363392,0.0617641,0.1509612,695,0,0,2012,-116.6629932,49.1920594
0.0136303,0.0272106,0.4120822,0.2093862,0.0207636,0.0871776,0.0382222,-0.018039,979,0,1,2012,-116.572443,49.2076901
0.0153107,0.0264078,0.3798915,0.151296,0.0189605,0.0679908,0.0309172,0.0345746,1750,0,0,2012,-116.75004,49.2367955
0.0164173,0.0283667,0.4200711,0.2031602,0.0210283,0.0829666,0.0373373,0.0464319,1759,0,0,2012,-116.7015309,49.1023177
0.0386706,0.0650574,0.2864402,0.3300615,0.0502294,0.1830778,0.0849461,0.1110639,534,0,0,2012,-116.6112503,49.1834355
0.014115,0.017855,0.4535495,0.0122725,0.0112825,0.0046138,-0.0006938,-0.2506724,531,0,0,2012,-116.6376607,49.2443413
0.0193953,0.0355138,0.3943568,0.2417791,0.0226078,0.1050175,0.0460987,0.1302874,1663,0,0,2012,-116.7018004,49.1653794
0.0164121,0.0338514,0.3942764,0.2765821,0.0201795,0.1201572,0.0517735,0.0556259,1704,0,1,2012,-116.6794324,49.1640319
0.0241917,0.0439847,0.4141635,0.3044124,0.0363311,0.126107,0.0557199,0.0049198,920,0,0,2012,-116.6694611,49.186939
0.0156381,0.0290863,0.3146954,0.1949079,0.0216305,0.1015987,0.0458384,-0.0232327,1065,0,0,2012,-116.6605678,49.1761592
0.0325325,0.0412697,0.1616706,0.1806993,0.0344858,0.1304032,0.077582,-0.0243068,1310,0,0,2012,-116.6681136,49.1721168
0.0238816,0.0290528,0.271245,0.1189098,0.0278156,0.0681663,0.0300161,-0.2224399,534,0,1,2012,-116.6621847,49.2160444
0.0298529,0.0482273,0.3142357,0.2185128,0.0351223,0.1140193,0.0556955,-0.0749374,538,0,1,2012,-116.6594898,49.2270937
0.0107998,0.0225689,0.5374957,0.1929906,0.0137029,0.0580548,0.0218251,0.047609,1270,0,0,2012,-116.6678441,49.1661879
0.0283426,0.0470388,0.2811506,0.2682091,0.045111,0.1504912,0.0887799,0.2698967,1712,0,0,2012,-116.6877867,49.1750812
0.0185672,0.0324038,0.2954904,0.190134,0.0236685,0.1033981,0.0455308,-0.1046965,1256,0,1,2012,-116.6697306,49.1777762
0.0224473,0.0384254,0.2758933,0.1811828,0.0285496,0.1028265,0.0550705,0.0911574,1815,0,0,2012,-116.7748335,49.1788541
0.0244275,0.047995,0.1842618,0.2604325,0.038645,0.17939,0.0927375,-0.1272266,535,0,0,2012,-116.6115198,49.1473233
0.0120309,0.0243537,0.3807509,0.1903465,0.015721,0.0853679,0.0336545,-0.0380671,919,0,0,2012,-116.6767374,49.1486707
0.0152246,0.0274925,0.2546097,0.1593639,0.022144,0.0946815,0.0434871,0.0091395,862,0,1,2012,-116.7085378,49.2435328
0.0486924,0.0777094,0.0182336,0.2589655,0.1017496,0.2496909,0.137,-0.1071835,533,0,0,2012,-116.5988535,49.1540606
0.0199161,0.0313397,0.2105089,0.1988452,0.0265062,0.1296864,0.0633069,-0.0622099,833,0,0,2012,-116.7257855,49.1413944
0.0174877,0.0347658,0.2455599,0.2101145,0.0258445,0.1272671,0.0622152,0.005833,1203,0,0,2012,-116.6535609,49.1244162
0.0256295,0.0457697,0.0742522,0.2168009,0.0433951,0.1868304,0.1012458,0.0908956,720,0,0,2012,-116.6408947,49.1289976
0.0162218,0.0264983,0.3576907,0.193837,0.0190348,0.0917022,0.0459893,0.0028223,1326,0,0,2012,-116.7160837,49.1475928
0.0229987,0.0364911,0.3907236,0.2326031,0.0266108,0.1019035,0.0371028,0.0117551,955,0,1,2012,-116.7465365,49.1408554
0.0162628,0.0234327,0.4080431,0.16224,0.0175789,0.0682075,0.0297237,-0.070634,1474,0,1,2012,-116.6969495,49.1222603
0.0369551,0.053033,0.1896043,0.2043651,0.0503058,0.1392199,0.0966325,0.0360748,655,0,0,2012,-116.6923681,49.1405859
0.0362038,0.0623311,0.0787759,0.2827009,0.049339,0.2414133,0.1148184,-0.1663602,534,0,0,2012,-116.6314624,49.1316926
0.0158364,0.0299187,0.4536177,0.247448,0.0180885,0.0930102,0.0344652,0.0222539,1388,0,1,2012,-116.7133887,49.2106545
0.0170963,0.0271182,0.3101174,0.1490716,0.0227493,0.0784982,0.0364362,-0.1178109,1679,0,0,2012,-116.7150057,49.1963713
0.01648,0.020165,0.6567825,0.015435,0.0155725,0.0031975,0.0041875,-0.0406713,531,0,0,2012,-116.6352353,49.2273632
0.0290187,0.0524403,0.4028842,0.4372055,0.0359514,0.1860897,0.0656804,-0.0009911,533,0,0,2012,-116.6376607,49.1484012
0.0127574,0.0238346,0.3889295,0.1648454,0.0183414,0.0725251,0.0359659,0.0218243,1766,0,1,2012,-116.7834573,49.1125585
0.0181199,0.0284292,0.4515734,0.1825839,0.0189316,0.068983,0.0290927,-0.0286778,1371,0,0,2012,-116.7098853,49.2039171
0.0136721,0.025516,0.3645903,0.183009,0.0218033,0.0852166,0.0417159,0.0999071,1739,0,0,2012,-116.7680961,49.0996227
0.0353011,0.0671872,0.1724446,0.319747,0.0571603,0.2256894,0.1053441,-0.146089,536,0,1,2012,-116.6074773,49.1564861
0.0180373,0.0349915,0.317369,0.1965527,0.0212565,0.1018492,0.0563722,0.1329524,1852,0,0,2012,-116.7632452,49.2149664
0.0148212,0.0289651,0.3539924,0.1810978,0.0186262,0.0864041,0.0405436,0.0036685,1180,0,1,2012,-116.6735035,49.1855915
0.0230953,0.0421599,0.267767,0.2529506,0.0401667,0.1460984,0.070947,0.0797393,534,0,0,2012,-116.5899602,49.160259
0.0146243,0.0233519,0.502993,0.203569,0.0130674,0.0673158,0.0231711,-0.0130864,1272,0,1,2012,-116.749501,49.1260332
0.0170686,0.0279804,0.3793204,0.2136488,0.0200142,0.0961397,0.0381242,0.0366584,945,0,0,2012,-116.7395297,49.137352
0.021612,0.038448,0.2018542,0.2353216,0.0331325,0.1562759,0.0728267,0.0772848,753,0,0,2012,-116.6425116,49.1314231
0.015042,0.0234957,0.3972768,0.1750366,0.0155705,0.075503,0.0312005,-0.0371325,1432,0,0,2012,-116.6681136,49.0974668
0.0191872,0.0316216,0.27918,0.1936765,0.0265385,0.109137,0.0606418,0.0078265,1245,0,0,2012,-116.6910207,49.1554081
0.0395278,0.0574955,0.2165343,0.1998374,0.0565192,0.1286982,0.084343,0.0026179,713,0,0,2012,-116.7131192,49.1403164
0.0196425,0.0228875,0.297254,0.0111312,0.0162737,0.00603,-0.0004875,-0.5256092,531,0,0,2012,-116.6163707,49.2243987
0.0137191,0.0304836,0.4874502,0.245913,0.0172148,0.0847374,0.0326237,0.0227316,992,0,0,2012,-116.6797019,49.134657
0.0173875,0.0225575,0.8051146,0.0153525,0.0134,0.0016575,-0.000405,0.2835479,531,0,0,2012,-116.6309234,49.2187393
0.0143619,0.027353,0.456152,0.2379301,0.0184397,0.0888628,0.0390744,0.0061501,1459,0,0,2012,-116.7769894,49.1521742
0.0369324,0.0527749,-0.0580767,0.2038723,0.0660475,0.2290128,0.145697,-0.4014068,1748,0,1,2012,-116.6885952,49.1802016
0.020237,0.0424558,0.2559553,0.2507053,0.030968,0.1485212,0.0665789,0.0776993,712,0,0,2012,-116.601279,49.2252072
0.0279519,0.0438675,0.0543725,0.1874885,0.0424725,0.1681515,0.0896614,-0.0058342,630,0,0,2012,-116.6627237,49.2020307
0.0220604,0.0381705,0.1640859,0.2058522,0.0322703,0.1478196,0.0708494,0.0253924,578,0,0,2012,-116.6379302,49.1780457
0.0253258,0.0399577,0.1902852,0.2291692,0.0362916,0.1558968,0.0736158,-0.1784321,534,0,0,2012,-116.6295759,49.1182179
0.037488,0.0509165,0.346421,0.2246952,0.0499198,0.1090714,0.0514283,0.0507432,690,0,0,2012,-116.6379302,49.1017787
0.0318472,0.0401036,0.3538052,0.1567677,0.038491,0.074828,0.0349632,0.0403426,579,0,0,2012,-116.6530219,49.1424724
0.0158839,0.0239753,0.3708471,0.159003,0.0179815,0.0729747,0.0314173,-0.0330125,1633,0,0,2012,-116.7376432,49.1082466
0.0219335,0.0336905,0.1504477,0.1585088,0.0360821,0.1170514,0.0672425,0.0517238,1934,0,0,2012,-116.7600113,49.1944848
0.0382725,0.0587348,0.1727842,0.3332608,0.0571236,0.2350634,0.1244593,-0.2132248,1661,0,0,2012,-116.6842833,49.1694218
0.0248779,0.0441815,0.003714,0.2034095,0.0439274,0.2019042,0.1143793,0.0024609,566,0,0,2012,-116.6403557,49.1505572
0.0201541,0.0258244,0.3799548,0.0726978,0.018903,0.0326648,0.0195366,-0.1057542,532,0,1,2012,-116.6430506,49.1996052
0.0270515,0.0363845,0.3354855,0.2127541,0.0254652,0.1058628,0.0423256,0.0272655,656,0,0,2012,-116.6845528,49.1411249
0.0254069,0.0473366,0.2873512,0.1957113,0.045907,0.1083414,0.0545694,-0.1240556,532,0,1,2012,-116.601279,49.1715778
0.0369297,0.0769184,0.3957375,0.3478744,0.05426,0.1506067,0.0752612,-0.0165513,537,0,0,2012,-116.5708261,49.1308841
0.0121064,0.0255446,0.4093813,0.1752918,0.0125812,0.0734582,0.0270158,-0.0089337,984,0,0,2012,-116.722821,49.134118
0.0123134,0.0237954,0.313141,0.1500314,0.0168987,0.0784763,0.0385964,-0.0036349,1688,0,0,2012,-116.6923681,49.1063601
0.0241525,0.05652,0.332362,0.3052025,0.057455,0.152935,0.070215,0.0777799,536,0,1,2012,-116.5886127,49.1063601
0.0395415,0.0579846,0.0633169,0.2420804,0.0581534,0.2132502,0.1277871,-0.2988798,1747,0,0,2012,-116.7098853,49.1599895
0.012265,0.0204322,0.4015343,0.1576238,0.0158352,0.0673065,0.0305546,-0.0160773,1426,0,1,2012,-116.7247075,49.1505572
0.0309121,0.0526817,0.46333,0.1665711,0.0405866,0.0610892,0.0342912,0.2085851,532,0,0,2012,-116.624725,49.1492097
0.0238338,0.026914,0.3936658,0.156729,0.0169284,0.0681872,0.0211045,-0.0030448,1454,0,0,2012,-116.7300974,49.1273807
0.0157489,0.0262329,0.4548389,0.1685602,0.0181483,0.0631633,0.0284398,0.033391,1857,0,0,2012,-116.7799539,49.2141579
0.0412447,0.0577278,0.2408934,0.2635243,0.0517884,0.1612089,0.0790748,-0.0091703,538,0,0,2012,-116.6333488,49.2025697
0.0255185,0.0353074,0.4429556,0.3023468,0.0297829,0.1167192,0.055251,0.0310397,1603,0,0,2012,-116.7371042,49.2173919
0.0251478,0.0480611,0.1741807,0.2327112,0.0412426,0.1636694,0.0989388,0.0856584,2071,0,0,2012,-116.7387212,49.1723863
0.0243946,0.0389032,0.2426541,0.2406477,0.0298051,0.1466647,0.0668957,0.0733837,579,0,1,2012,-116.6077468,49.2276327
0.0179656,0.0320636,0.4018861,0.2873647,0.0239176,0.122604,0.0458838,-0.0184461,541,0,0,2012,-116.6082858,49.1077076
0.0150006,0.024622,0.4396866,0.2038447,0.0191099,0.0793346,0.0326974,0.0216601,1576,0,1,2012,-116.7613587,49.0961193
0.0245653,0.04552,0.2838737,0.2949073,0.033029,0.1644951,0.0713654,0.3111308,531,0,0,2012,-116.5754075,49.1012397
0.0243741,0.0307577,0.3870167,0.1129219,0.0211732,0.0499051,0.0220964,0.0002431,530,0,0,2012,-116.6214911,49.1807406
0.023059,0.0408601,0.3160188,0.3390373,0.0287309,0.1762096,0.0694564,0.2231323,606,0,0,2012,-116.6330793,49.0893819
0.0526074,0.0716747,0.0005213,0.2381801,0.0790971,0.2379319,0.1885536,-0.3701283,1575,0,0,2012,-116.7195871,49.2063426
0.0160463,0.0280277,0.3498056,0.2125927,0.0186805,0.1024048,0.0433375,-0.0075774,845,0,0,2012,-116.6565254,49.1365435
0.0944322,0.1245143,-0.1215561,0.219618,0.1418841,0.2803979,0.2087232,-0.1199902,533,0,1,2012,-116.5813364,49.1686133
0.0180226,0.0410554,0.3999904,0.3504998,0.0251915,0.1502176,0.0639382,0.0780955,1609,0,0,2012,-116.5754075,49.2392209
0.01615,0.0225575,0.5635387,0.0156412,0.0151875,0.0043662,0.00196,-0.1722188,531,0,0,2012,-116.6341573,49.2400294
0.0124225,0.0289552,0.2396718,0.147071,0.0226377,0.0902031,0.0502564,0.0117809,1865,0,0,2012,-116.7597418,49.2171224
0.0227225,0.0419683,0.2296124,0.2427133,0.0305434,0.1520668,0.066269,-0.0940641,538,0,0,2012,-116.6193351,49.1060906
0.0158988,0.0280617,0.3275899,0.172316,0.0169126,0.0872762,0.0414143,-0.0406445,1298,0,0,2012,-116.7096158,49.1494792
0.0211392,0.0311843,0.3335117,0.1935254,0.022095,0.0967239,0.0462259,0.0477797,1511,0,0,2012,-116.7767199,49.2330225
0.020905,0.0348599,0.2119162,0.2074159,0.0302708,0.1348782,0.0621825,-0.0720643,726,0,0,2012,-116.6664967,49.2031086
0.0176625,0.0183362,0.4753287,0.0156412,0.0115162,0.0055625,0.0031287,-0.138456,531,0,1,2012,-116.647093,49.233292
0.0279645,0.0453642,0.292037,0.2633581,0.0335423,0.1443053,0.0641964,0.1533498,662,0,0,2012,-116.6473625,49.1834355
0.0180501,0.0215822,0.4869303,0.0242017,0.0167781,0.0083509,0.0021678,0.2476,530,0,0,2012,-116.624186,49.1551386
0.0153532,0.0259785,0.316341,0.1450478,0.0217714,0.0753325,0.0396507,-0.089528,1656,0,0,2012,-116.7292889,49.2012222
0.0344543,0.0548546,0.0390036,0.2288924,0.0617872,0.2117074,0.0976702,-0.3223501,533,0,1,2012,-116.6190656,49.1327706
0.040829,0.071173,-0.0753275,0.2255709,0.0936548,0.2623227,0.1571064,-0.2759879,531,0,0,2012,-116.5961586,49.1551386
0.0261167,0.0435123,0.2325239,0.1638905,0.0352734,0.1020524,0.0636193,-0.1601977,1695,1,0,2013,-116.6904817,49.1093245
0.0332811,0.0548084,0.380371,0.2410804,0.0413745,0.1082176,0.0616179,-0.0274385,1275,1,0,2013,-116.7276719,49.0985447
0.0262802,0.0427357,0.3618274,0.2252171,0.0306649,0.1055401,0.0571827,-0.0168328,1478,1,0,2013,-116.722821,49.1025872
0.0216242,0.0340881,0.2982071,0.1726371,0.0284261,0.0933252,0.0523564,-0.1457355,1778,1,0,2013,-116.6942546,49.109594
0.024538,0.0402053,0.3090166,0.1838855,0.0307625,0.0970666,0.0572767,-0.0782783,1608,1,0,2013,-116.6775459,49.1093245
0.0207686,0.0395893,0.3676376,0.1858729,0.0269953,0.0859431,0.0470035,-0.0776226,1398,1,0,2013,-116.7247075,49.0996227
0.0272302,0.0469932,0.3158337,0.2019591,0.0347604,0.1050084,0.0593986,-0.0806821,1361,1,0,2013,-116.7257855,49.0982753
0.0244512,0.0444079,0.3549878,0.2032471,0.0312351,0.0967513,0.0522544,-0.0474913,1342,1,0,2013,-116.726055,49.0988142
0.0240313,0.0396139,0.3550628,0.2094742,0.0282878,0.0996985,0.05319,-0.0916451,1445,1,0,2013,-116.7236295,49.1031262
0.027734,0.0466735,0.2295253,0.1767762,0.0378798,0.1107758,0.065801,-0.1179936,1707,1,1,2013,-116.6912902,49.1093245
0.029018,0.0476168,0.2239475,0.1963314,0.0383957,0.1244853,0.0733281,-0.202165,1513,1,0,2013,-116.7220125,49.0993532
0.0296562,0.053837,0.2781176,0.1961192,0.0402859,0.1107683,0.0639981,-0.0246711,1781,1,0,2013,-116.6815883,49.1120195
0.0273054,0.04342,0.3373819,0.2098929,0.0314196,0.1039933,0.0593233,-0.0939656,1434,1,0,2013,-116.723899,49.1015092
0.0254042,0.0566394,0.414702,0.2467786,0.0407776,0.1020986,0.0592786,-0.078667,1283,1,0,2013,-116.7276719,49.0990837
0.0209803,0.0366537,0.2870516,0.1742561,0.0300538,0.0965273,0.0559375,-0.0347119,1802,1,0,2013,-116.6937156,49.110672
0.0263995,0.0461726,0.3266588,0.1733995,0.0360786,0.0880083,0.0533084,-0.1025582,1722,1,0,2013,-116.6861698,49.110133
0.0290325,0.0505455,0.2903403,0.209725,0.0375812,0.1153443,0.0665721,-0.1091416,1373,1,0,2013,-116.7252465,49.0982753
0.0279282,0.0539215,0.3029335,0.1941902,0.0399364,0.1038913,0.0612781,0.046088,1830,1,0,2013,-116.6826663,49.112828
0.022704,0.0391671,0.3979016,0.1847526,0.0281982,0.0795759,0.0426756,-0.0024193,1599,1,0,2013,-116.6826663,49.1079771
0.0270056,0.0416422,0.2837562,0.1851552,0.031599,0.1033033,0.0622421,-0.1240067,1702,1,0,2013,-116.6788934,49.1109415
0.0278791,0.0527528,0.2886699,0.187405,0.0389347,0.1034453,0.061776,-0.0341896,1828,1,1,2013,-116.6818578,49.1130975
0.0241595,0.0462898,0.3931889,0.2413618,0.0315432,0.1051265,0.0526047,-0.0265521,1586,1,1,2013,-116.6826663,49.1074381
0.0266443,0.0393891,0.2279999,0.1730202,0.0326061,0.1087716,0.0671402,-0.153135,1658,1,0,2013,-116.6783544,49.1104025
0.0297004,0.0478146,0.2881374,0.180261,0.0383996,0.0996175,0.0607159,-0.1446223,1714,1,0,2013,-116.6877867,49.110133
0.0297221,0.054578,0.2760521,0.1880999,0.0416743,0.1067155,0.0645696,-0.0959981,1775,1,1,2013,-116.6883257,49.111211
0.0259489,0.0401651,0.2639106,0.1879486,0.030232,0.1094595,0.0659945,-0.0848766,1626,1,0,2013,-116.6778154,49.109594
0.0276819,0.0508782,0.3063914,0.1901328,0.0382856,0.1009481,0.0594037,-0.0448564,1781,1,1,2013,-116.6813189,49.112289
0.0207742,0.0364025,0.3177809,0.1823674,0.0283899,0.0944121,0.052977,-0.1123867,1781,1,0,2013,-116.6929071,49.110133
0.0185498,0.0391569,0.491177,0.26092,0.0238951,0.0890318,0.0430281,-0.0218088,1302,1,0,2013,-116.7276719,49.1001617
0.0285267,0.0423911,0.318887,0.2174274,0.0332137,0.112286,0.0612716,-0.0608506,1482,1,0,2013,-116.7225515,49.1012397
0.0239908,0.0404692,0.3397678,0.2017181,0.0300524,0.0994058,0.0567603,-0.0837985,1568,1,0,2013,-116.6767374,49.109055
0.0372422,0.0539309,0.1895049,0.234041,0.0438318,0.159469,0.0907114,-0.1853647,1601,1,1,2013,-116.6891342,49.1068991
0.0299805,0.0508696,0.2860551,0.2141553,0.040626,0.1188869,0.0723352,-0.0473447,1693,1,1,2013,-116.6918291,49.108516
0.0281172,0.0487272,0.2511519,0.1685425,0.039385,0.1008772,0.06237,-0.1500718,1690,1,0,2013,-116.6867087,49.109594
0.0257246,0.0441652,0.3193586,0.2099084,0.0317585,0.1082892,0.0617417,-0.0691785,1406,1,1,2013,-116.7247075,49.1009702
0.021487,0.0361335,0.3730929,0.1786904,0.0278429,0.0815839,0.0475362,-0.0670506,1619,1,0,2013,-116.6767374,49.109594
0.0290959,0.0478141,0.2710146,0.196358,0.039255,0.1126204,0.0668686,-0.078159,1737,1,0,2013,-116.6915596,49.109594
0.0364995,0.0672702,0.2464241,0.2563644,0.0579176,0.1549954,0.0927654,-0.0614583,1674,1,0,2013,-116.6907512,49.108516
0.025978,0.0426886,0.2877686,0.2028203,0.0316386,0.1121747,0.0657781,-0.0918039,1640,1,0,2013,-116.6778154,49.1098635
0.0242085,0.0376662,0.3491594,0.1944637,0.0273857,0.0938102,0.050935,-0.0799943,1476,1,0,2013,-116.722821,49.1031262
0.0262034,0.0466999,0.2721864,0.1672413,0.0374779,0.0956782,0.0588509,-0.1553212,1688,1,0,2013,-116.6877867,49.109594
0.0268737,0.0434824,0.3137259,0.2090528,0.0326744,0.1092066,0.0635546,-0.090469,1435,1,0,2013,-116.723899,49.1012397
0.0278015,0.0436845,0.2878273,0.2109,0.0324398,0.1166284,0.0646855,-0.074937,1439,1,0,2013,-116.7236295,49.1017787
0.0279713,0.0499572,0.3640266,0.2710973,0.0353139,0.1263983,0.0651726,-0.011128,1614,1,0,2013,-116.6842833,49.1082466
0.0195797,0.0343041,0.3663957,0.1815168,0.0255611,0.0841702,0.0442419,-0.085665,1753,1,0,2013,-116.6931766,49.109594
0.0355754,0.0488329,0.2924178,0.2274434,0.0360626,0.1245223,0.0669477,0.0753116,1594,1,0,2013,-116.6888647,49.1068991
0.0255483,0.0476541,0.263422,0.1838761,0.0386135,0.1072002,0.0639021,-0.1108651,1748,1,0,2013,-116.6915596,49.1098635
0.0317329,0.054067,0.2010646,0.1822653,0.0425575,0.121241,0.0702123,-0.0072621,1785,1,0,2013,-116.6821273,49.11175
0.0272215,0.0416545,0.2673975,0.2182685,0.031707,0.1261672,0.0691335,-0.1280397,1476,1,0,2013,-116.722821,49.1001617
0.0270825,0.0468963,0.3013458,0.1959239,0.0344111,0.1051858,0.0610547,-0.0463001,1732,1,0,2013,-116.6802409,49.111211
0.0175881,0.0350131,0.544745,0.2502108,0.0212274,0.0737402,0.0351904,0.0132369,1358,1,0,2013,-116.7263245,49.1017787
0.0330943,0.0535004,0.259991,0.1816751,0.0421414,0.1067001,0.064823,-0.1322947,1745,1,0,2013,-116.6883257,49.1109415
0.0247004,0.0445258,0.3199354,0.1811041,0.0337002,0.0933095,0.0545364,-0.0813173,1718,1,0,2013,-116.6918291,49.1093245
0.0251881,0.0407932,0.2901158,0.1811571,0.0307169,0.0996814,0.0565064,-0.1062225,1474,1,0,2013,-116.722821,49.1023177
0.0228443,0.0490492,0.3334024,0.2065357,0.0341228,0.1032518,0.0612261,-0.0979418,1332,1,1,2013,-116.7263245,49.0990837
0.0218066,0.0446965,0.4785472,0.2703497,0.0281882,0.0953467,0.0483439,-0.0053196,1340,1,0,2013,-116.726055,49.1012397
0.0337808,0.0605419,0.3035991,0.2542503,0.0474188,0.1358241,0.0797427,0.119011,1891,1,1,2013,-116.6834748,49.1136364
0.0222037,0.0349894,0.2248178,0.1599568,0.0309908,0.101236,0.061143,-0.1811665,1801,1,0,2013,-116.6945241,49.1098635
0.0287386,0.0443926,0.2194629,0.1862337,0.0342719,0.1192019,0.0693975,-0.1324036,1472,1,1,2013,-116.722821,49.1017787
0.0254134,0.0481604,0.4110932,0.2617437,0.0316993,0.1092363,0.0584784,-0.0184759,1340,1,0,2013,-116.726055,49.1009702
0.027222,0.045577,0.30033,0.2121101,0.0330821,0.1141303,0.0637518,-0.0603926,1662,1,0,2013,-116.6794324,49.110133
0.0295202,0.053497,0.3405647,0.2951788,0.0361651,0.145201,0.0791101,0.0403436,1444,1,0,2013,-116.7236295,49.1012397
0.030062,0.0515611,0.2763746,0.1807148,0.0395762,0.1024541,0.0599347,-0.0027924,1812,1,0,2013,-116.6821273,49.112289
0.0268479,0.0423133,0.256765,0.1780275,0.0322836,0.1052832,0.0610745,-0.1677588,1496,1,0,2013,-116.722282,49.1017787
0.0172012,0.0374388,0.5309683,0.2723726,0.0230361,0.0834448,0.038144,-0.0057203,1339,1,0,2013,-116.7265939,49.1015092
0.0222753,0.0372771,0.2878335,0.1797826,0.030482,0.099419,0.0565663,-0.0519834,1822,1,0,2013,-116.6945241,49.110672
0.0268319,0.0515122,0.3440838,0.2059479,0.0375813,0.1005031,0.0596902,0.0640233,1851,1,0,2013,-116.6826663,49.1133669
0.0221292,0.036671,0.4159858,0.2041144,0.0254635,0.0841857,0.0459211,0.03086,1398,1,0,2013,-116.724977,49.1031262
0.0270634,0.0378341,0.2713933,0.1643458,0.0301036,0.0941829,0.0532636,-0.1113679,1719,1,1,2013,-116.6794324,49.1114805
0.021266,0.040005,0.3942622,0.2111792,0.0272433,0.0917469,0.047769,-0.034602,1557,1,0,2013,-116.6767374,49.108516
0.0277797,0.0512245,0.2985181,0.1855799,0.0384011,0.1002535,0.0589499,-0.0371881,1790,1,1,2013,-116.6815883,49.112289
0.0302304,0.050319,0.2257518,0.1917647,0.0424533,0.1211285,0.0740847,-0.1089523,1728,1,1,2013,-116.6912902,49.109594
0.0314531,0.0559135,0.2807965,0.2157898,0.0443344,0.1211721,0.073947,-0.1282843,1289,1,0,2013,-116.7274024,49.0988142
0.0258489,0.038676,0.2990675,0.1796288,0.0293712,0.0969216,0.0568661,-0.1219907,1475,1,0,2013,-116.722821,49.1028567
0.0331903,0.0544185,0.2381912,0.1785223,0.0419951,0.1098375,0.0621783,-0.0728591,1746,1,1,2013,-116.6880562,49.1109415
0.0251078,0.0441417,0.3094011,0.1857314,0.0347122,0.0979577,0.0567051,-0.086437,1645,1,0,2013,-116.6842833,49.1087855
0.0221873,0.0391551,0.2416158,0.176568,0.0341277,0.1078485,0.0651069,-0.0135359,1820,1,1,2013,-116.6939851,49.1109415
0.0297478,0.0535857,0.3167565,0.1861743,0.0410597,0.0966028,0.0582197,-0.0910654,1710,1,0,2013,-116.6888647,49.1104025
0.0283862,0.0457402,0.2597621,0.2104606,0.0342453,0.123667,0.068821,-0.0939166,1449,1,0,2013,-116.72336,49.1017787
0.0302167,0.0508324,0.275445,0.2062754,0.0402409,0.117181,0.0685365,-0.0524372,1747,1,0,2013,-116.6912902,49.110133
0.0194865,0.0332203,0.3371306,0.169263,0.0250743,0.0839105,0.0452342,-0.0503822,1813,1,0,2013,-116.6945241,49.1104025
0.0222295,0.0414952,0.3652233,0.208229,0.0284167,0.0968185,0.0519382,-0.0644301,1432,1,1,2013,-116.723899,49.1028567
0.0305353,0.0505925,0.3060744,0.2364972,0.0379649,0.1256525,0.0673145,-0.0810934,1530,1,0,2013,-116.7214735,49.1017787
0.0280079,0.0459686,0.2561999,0.1734657,0.0345983,0.1027096,0.0595417,-0.1126648,1726,1,0,2013,-116.6805104,49.1109415
0.0311605,0.0535474,0.2955136,0.1803444,0.0419734,0.0980694,0.0594806,-0.0932334,1713,1,0,2013,-116.6891342,49.1104025
0.0276857,0.0465505,0.2066543,0.1625502,0.0378619,0.1068728,0.0638881,-0.1688009,1612,1,1,2013,-116.6888647,49.1082466
0.0259219,0.0462427,0.3149323,0.1789087,0.0344504,0.0932098,0.0551606,-0.1054545,1774,1,1,2013,-116.6805104,49.112289
0.0244373,0.0413989,0.4586879,0.2480719,0.0278877,0.0920583,0.0463659,-0.0099346,1393,1,0,2013,-116.724977,49.1025872
0.0207741,0.0361287,0.3833541,0.1765972,0.0268711,0.0787202,0.0472004,-0.027217,1640,1,0,2013,-116.6770069,49.110133
0.0249491,0.0456716,0.3132918,0.2007082,0.0350577,0.1049485,0.0598385,-0.1077443,1447,1,0,2013,-116.72336,49.0985447
0.0175699,0.030986,0.3641962,0.1636496,0.0238681,0.0762713,0.0410771,-0.1058579,1742,1,0,2013,-116.6931766,49.109055
0.0274896,0.0486781,0.2627068,0.1731115,0.0386157,0.1010796,0.0610968,-0.1549121,1651,1,0,2013,-116.6864393,49.109055
0.0291082,0.0489216,0.2536655,0.2137125,0.0373596,0.1272277,0.0732946,-0.1381048,1417,1,0,2013,-116.7241685,49.0985447
0.0393698,0.0631459,0.2121316,0.2272485,0.0570971,0.1477083,0.0948567,-0.0648827,1664,1,1,2013,-116.6902122,49.108516
0.0329649,0.0579404,0.2401212,0.2388273,0.043866,0.1463404,0.0824121,-0.082212,1582,1,0,2013,-116.6880562,49.1074381
0.0255388,0.0446612,0.3401738,0.1930317,0.0348721,0.0950379,0.0540917,-0.0628185,1634,1,0,2013,-116.6837443,49.108516
0.0268333,0.0433519,0.3145077,0.2041116,0.0322881,0.1064405,0.060404,-0.0310658,1432,1,1,2013,-116.723899,49.1020482
0.0230967,0.0413722,0.4103532,0.2212542,0.0286817,0.0925029,0.0486076,0.0008721,1443,1,1,2013,-116.7236295,49.1028567
0.0286974,0.0480339,0.2633079,0.2260172,0.035325,0.1318009,0.0749006,-0.102548,1483,1,0,2013,-116.7225515,49.0988142
0.0259833,0.0532828,0.2685364,0.2162308,0.0386663,0.1246831,0.0674285,-0.0995436,1774,1,1,2013,-116.6891342,49.1114805
0.0261696,0.0482973,0.2612239,0.1792444,0.0385523,0.1049944,0.0603502,-0.1035253,1451,1,0,2013,-116.72336,49.0990837
0.0245575,0.0369096,0.2105676,0.1685247,0.0322534,0.1098979,0.0628978,-0.1431959,1649,1,0,2013,-116.6894037,49.108516
0.021234,0.0358122,0.3196805,0.1642434,0.0272872,0.0846705,0.0459186,-0.0901644,1495,1,0,2013,-116.722821,49.1039346
0.0257405,0.0480795,0.2890124,0.1729975,0.0379056,0.0954212,0.0580659,-0.1109293,1707,1,0,2013,-116.6867087,49.1098635
0.0216452,0.037751,0.3795626,0.1807735,0.0281723,0.0813001,0.0464405,-0.0568705,1525,1,0,2013,-116.67539,49.1082466
0.0299319,0.0497285,0.3108421,0.2339799,0.0372106,0.1230118,0.0659852,-0.0830651,1506,1,1,2013,-116.721743,49.1017787
0.0300027,0.0518333,0.288459,0.2146067,0.0407005,0.1185148,0.0677776,-0.0810329,1653,1,0,2013,-116.6861698,49.1087855
0.030679,0.0487454,0.2740327,0.2564166,0.0348794,0.1461109,0.0780649,-0.0996392,1460,1,0,2013,-116.72336,49.1004312
0.0226585,0.0370695,0.2490451,0.1737106,0.031033,0.1044388,0.0610988,-0.0976884,1777,1,0,2013,-116.6926376,49.1104025
0.0263186,0.0475653,0.318588,0.1745083,0.0363856,0.0901813,0.0540987,-0.1145499,1707,1,0,2013,-116.6861698,49.1098635
0.0189804,0.0327127,0.4042787,0.1775573,0.024137,0.0753231,0.0402987,-0.0448254,1751,1,0,2013,-116.6926376,49.109594
0.0234946,0.0348003,0.1937554,0.1458899,0.0308593,0.0985319,0.0636302,-0.1755887,1774,1,0,2013,-116.6920986,49.110133
0.0310043,0.0536536,0.2592009,0.1760291,0.041723,0.1035595,0.0599741,-0.1210914,1779,1,0,2013,-116.6877867,49.111211
0.0271438,0.0442791,0.3067414,0.2073428,0.0315201,0.1100005,0.058951,-0.1081093,1599,1,0,2013,-116.6888647,49.1074381
0.0236278,0.0476264,0.2685921,0.1823671,0.0382261,0.1051439,0.0636091,-0.1829213,1443,1,0,2013,-116.7236295,49.0990837
0.0221101,0.045188,0.3680713,0.2109659,0.0314486,0.0974477,0.0531779,-0.0532213,1375,1,0,2013,-116.7252465,49.0988142
0.0256219,0.0449486,0.2472428,0.1707989,0.0346597,0.1030834,0.0603397,-0.1324035,1617,1,0,2013,-116.6891342,49.1082466
0.0273655,0.0476353,0.3252237,0.2551753,0.0331279,0.12993,0.0651034,-0.0338735,1423,1,0,2013,-116.7241685,49.1004312
0.019686,0.0337103,0.3430395,0.1767689,0.0269599,0.0864682,0.0474431,-0.0945142,1749,1,1,2013,-116.6937156,49.1093245
0.0209478,0.0415384,0.4096023,0.1965614,0.0288284,0.0823278,0.0457626,-0.0114609,1593,1,1,2013,-116.6832053,49.1077076
0.0222937,0.037267,0.3108882,0.1759603,0.0274767,0.0924994,0.0510063,-0.1218085,1501,1,0,2013,-116.7214735,49.0988142
0.0176346,0.0367171,0.4455845,0.2298023,0.0233798,0.0881346,0.0442785,-0.0488296,1307,1,0,2013,-116.7279414,49.0998922
0.0244045,0.0412954,0.2772877,0.1658904,0.0315393,0.0938638,0.0540511,-0.0970618,1661,1,0,2013,-116.6894037,49.1087855
0.030702,0.0456513,0.3084927,0.1928119,0.0331658,0.1018965,0.0543392,-0.1505497,1577,1,0,2013,-116.6877867,49.1068991
0.0263592,0.0430522,0.2904127,0.1942564,0.031731,0.10682,0.0611855,-0.0968708,1394,1,0,2013,-116.724977,49.1004312
0.0300994,0.0493985,0.3050582,0.2635869,0.034727,0.1403597,0.0742609,-0.0555103,1449,1,0,2013,-116.7236295,49.1004312
0.0237771,0.0412664,0.4378619,0.2407124,0.0277286,0.0941075,0.0486209,-0.0072367,1407,1,0,2013,-116.7247075,49.1023177
0.0269855,0.049462,0.3158944,0.2155552,0.0364324,0.1120626,0.0663894,-0.0669716,1366,1,0,2013,-116.7257855,49.0993532
0.0257828,0.0431136,0.2337136,0.1624511,0.0348943,0.1009019,0.062917,-0.1612686,1687,1,0,2013,-116.6902122,49.1093245
0.0292074,0.0517187,0.2513669,0.1826251,0.0395385,0.1092559,0.0627028,-0.0540833,1768,1,0,2013,-116.6818578,49.1114805
0.0292719,0.0513124,0.2602535,0.1868803,0.0398528,0.1096954,0.0627607,-0.1236279,1607,1,0,2013,-116.6888647,49.1079771
0.022211,0.0369197,0.3167927,0.1617042,0.02907,0.0838989,0.0472161,-0.1001537,1733,1,0,2013,-116.6791629,49.11175
0.0222999,0.0343576,0.3077628,0.1640181,0.0272542,0.0868196,0.0507075,-0.1097663,1547,1,0,2013,-116.6756595,49.108516
0.0312514,0.0577485,0.2179254,0.1934235,0.0454596,0.1242043,0.0739574,0.0029212,1831,1,1,2013,-116.6829358,49.112289
0.0239835,0.0396673,0.3230085,0.1887983,0.0308236,0.0966092,0.0535846,-0.1544374,1540,1,0,2013,-116.7212041,49.0996227
0.0314488,0.0587472,0.2756432,0.233675,0.0463402,0.1326892,0.0763999,-0.1118685,1648,1,0,2013,-116.6850918,49.1087855
0.027523,0.0430015,0.2941375,0.204094,0.0322499,0.1113192,0.062287,-0.072341,1441,1,0,2013,-116.7236295,49.1020482
0.0287401,0.0484067,0.214869,0.1814023,0.0389376,0.1172345,0.0744392,-0.1946848,1323,1,1,2013,-116.7265939,49.0982753
0.0332409,0.0489307,0.3032221,0.2055103,0.0359085,0.1098777,0.0588328,-0.1400111,1585,1,0,2013,-116.6880562,49.1068991
0.0269096,0.0420991,0.2870677,0.178356,0.0306528,0.0987949,0.0568698,-0.0980052,1706,1,0,2013,-116.6794324,49.1109415
0.020077,0.0397406,0.5312646,0.2764864,0.0244079,0.0846353,0.0404361,0.0346142,1359,1,0,2013,-116.726055,49.1017787
0.0280106,0.0484273,0.228736,0.1904707,0.0400758,0.1195564,0.0725552,-0.1408782,1723,1,0,2013,-116.6907512,49.109594
0.0326092,0.0486306,0.2643416,0.2317228,0.0353346,0.1348281,0.0740561,-0.1123772,1516,1,0,2013,-116.7214735,49.1009702
0.0299579,0.0556857,0.3172217,0.3195749,0.0395142,0.1656508,0.090328,0.0097804,1637,1,0,2013,-116.6907512,49.1079771
0.0197828,0.040648,0.4986191,0.2516702,0.0257439,0.0841993,0.0419948,0.0069054,1345,1,0,2013,-116.726055,49.1015092
0.0374561,0.063277,0.3000164,0.2899227,0.0499052,0.1561066,0.0935665,-0.0265032,1657,1,1,2013,-116.6907512,49.1082466
0.028352,0.0471076,0.2642078,0.1853716,0.0382148,0.1078897,0.0652858,-0.0951204,1715,1,0,2013,-116.6915596,49.1093245
0.0318843,0.0515998,0.2370834,0.2326898,0.0408715,0.1435011,0.0815256,-0.1592199,1487,1,0,2013,-116.7225515,49.0993532
0.024229,0.0370366,0.2736365,0.1679696,0.0279767,0.0957942,0.0582976,-0.1156672,1600,1,0,2013,-116.6778154,49.1093245
0.0319249,0.0564116,0.2576698,0.2026187,0.0434005,0.1195942,0.0685178,0.0092649,1841,1,0,2013,-116.6829358,49.112828
0.0261346,0.0445255,0.2699818,0.2027502,0.031917,0.116546,0.0663195,-0.0970372,1404,1,0,2013,-116.7247075,49.1007007
0.0245269,0.0385165,0.2338952,0.17309,0.0296656,0.1074687,0.0670911,-0.1123745,1651,1,0,2013,-116.6788934,49.110133
0.0195376,0.0413317,0.4753339,0.2193525,0.0251181,0.0780073,0.0411119,-0.0184245,1292,1,1,2013,-116.7276719,49.0993532
0.0196065,0.0334157,0.3363513,0.1700062,0.0252287,0.0844272,0.0455127,-0.0499714,1801,1,0,2013,-116.6942546,49.1104025
0.0241453,0.0450643,0.3613096,0.2016485,0.0316282,0.0946082,0.0537691,-0.0471107,1324,1,0,2013,-116.7265939,49.0988142
0.0257225,0.0393796,0.2532386,0.1746462,0.0320585,0.1040656,0.0652959,-0.1502219,1685,1,0,2013,-116.6780849,49.110672
0.0333081,0.0554274,0.2478086,0.2581732,0.0403366,0.1556293,0.0871472,-0.1103721,1516,1,0,2013,-116.7214735,49.1012397
0.0224789,0.0430115,0.3857251,0.205735,0.0305193,0.0911998,0.0498083,-0.0195618,1595,1,0,2013,-116.6829358,49.1077076
0.0213924,0.037553,0.3216346,0.1883264,0.0293296,0.0966637,0.0534941,-0.0536682,1796,1,0,2013,-116.6939851,49.1104025
0.022557,0.0382811,0.3109274,0.1879391,0.0284427,0.0987878,0.0562048,-0.0667204,1639,1,0,2013,-116.6788934,49.109594
0.028515,0.046458,0.2705432,0.1918656,0.0383254,0.1101557,0.0671833,-0.043748,1699,1,1,2013,-116.6923681,49.108516
0.0263592,0.0430522,0.2904127,0.1942564,0.031731,0.10682,0.0611855,-0.0968708,1395,1,0,2013,-116.724977,49.1004312
0.0209069,0.0359245,0.279819,0.1536279,0.0273302,0.0864496,0.0489452,-0.1513023,1751,1,1,2013,-116.6797019,49.1120195
0.0270738,0.0490283,0.4033211,0.2651127,0.0339756,0.1127234,0.0612909,0.0324265,1347,1,0,2013,-116.726055,49.1004312
0.0221139,0.0380252,0.3753791,0.1933671,0.0292281,0.0878166,0.0480742,-0.1197256,1548,1,0,2013,-116.7209346,49.0996227
0.0281205,0.0515544,0.2673364,0.2268498,0.0375404,0.1311448,0.0746897,-0.1273229,1396,1,0,2013,-116.7247075,49.0982753
0.0283862,0.0457402,0.2597621,0.2104606,0.0342453,0.123667,0.068821,-0.0939166,1450,1,0,2013,-116.72336,49.1017787
0.0368648,0.0656565,0.2694421,0.3108486,0.0475363,0.1788919,0.1005181,-0.1002246,1612,1,0,2013,-116.6894037,49.1077076
0.0241442,0.0518844,0.2720611,0.1925425,0.036862,0.1101827,0.0637543,-0.0955394,1778,1,0,2013,-116.6894037,49.1114805
0.0240543,0.0402695,0.3109671,0.1852306,0.0288335,0.0973556,0.0552201,-0.0644718,1433,1,1,2013,-116.723899,49.1025872
0.0306628,0.0544715,0.2343464,0.1990953,0.0450789,0.123497,0.0729178,-0.090388,1683,1,0,2013,-116.6904817,49.1087855
0.0247465,0.0394611,0.3059033,0.1938758,0.0298447,0.1030464,0.0536794,-0.0657767,1503,1,0,2013,-116.722282,49.1036651
0.0194426,0.035444,0.3657376,0.1676968,0.0253827,0.0778801,0.0427416,-0.0923808,1541,1,0,2013,-116.6751205,49.108516
0.0320511,0.0540206,0.2974669,0.1902348,0.0424681,0.1030055,0.0611448,-0.0609014,1733,1,0,2013,-116.6891342,49.110672
0.0170888,0.038759,0.5319372,0.2722238,0.0231089,0.0831743,0.0402777,-0.0091822,1329,1,0,2013,-116.7265939,49.1012397
0.0256027,0.0468479,0.3541794,0.2105309,0.0337201,0.1004041,0.0582738,-0.0699687,1379,1,0,2013,-116.7252465,49.0990837
0.0285037,0.0495959,0.3262356,0.2349388,0.0358535,0.1193554,0.0666441,-0.0005873,1373,1,0,2013,-116.7257855,49.1009702
0.0338107,0.0578399,0.3176171,0.2278299,0.0460978,0.1179912,0.0694646,0.1139327,1871,1,1,2013,-116.6832053,49.1133669
0.0301109,0.050301,0.2154714,0.1779281,0.0408065,0.114844,0.0677442,-0.1817159,1654,1,0,2013,-116.6856308,49.1087855
0.0226836,0.0387305,0.336269,0.1875645,0.0283372,0.0931642,0.0550285,-0.0714684,1605,1,0,2013,-116.6770069,49.1093245
0.0276339,0.0466624,0.2242221,0.1889503,0.0358664,0.119736,0.0701953,-0.1920428,1436,1,1,2013,-116.7236295,49.0985447
0.0213762,0.0361216,0.427864,0.2014054,0.0255549,0.0807019,0.0419236,-0.0427347,1582,1,1,2013,-116.6775459,49.1087855
0.028556,0.0452728,0.3283263,0.2333153,0.0330346,0.1179769,0.063315,-0.0496391,1494,1,0,2013,-116.722282,49.1009702
0.0327237,0.053788,0.2065927,0.1835615,0.0439179,0.1207027,0.0714059,-0.1310007,1639,1,0,2013,-116.6856308,49.108516
0.023425,0.0442731,0.4639194,0.2454974,0.0292514,0.0899,0.0471261,-0.0315124,1373,1,1,2013,-116.7257855,49.1015092
0.0351793,0.0536316,0.2572674,0.2550245,0.039268,0.1506561,0.0838682,-0.0971499,1509,1,0,2013,-116.721743,49.1007007
0.019367,0.0390354,0.4932405,0.2490478,0.0253305,0.0845191,0.0438185,-0.0286662,1320,1,0,2013,-116.7265939,49.1004312
0.0255048,0.0404474,0.2728253,0.1821434,0.0316394,0.1040599,0.0631902,-0.1230347,1642,1,0,2013,-116.6780849,49.110133
0.0222335,0.040222,0.2727317,0.188093,0.0345748,0.1074807,0.0641813,-0.0034188,1824,1,0,2013,-116.6942546,49.1109415
0.0259099,0.0425726,0.2662567,0.197447,0.0317837,0.1144124,0.0643456,-0.0670225,1431,1,1,2013,-116.7241685,49.1031262
0.0260999,0.0423469,0.3175622,0.2047878,0.0317168,0.1060708,0.0617289,-0.0911006,1428,1,0,2013,-116.7241685,49.1012397
0.0236708,0.0455777,0.3869933,0.2166487,0.0317852,0.0957518,0.0518622,-0.0497996,1579,1,0,2013,-116.6829358,49.1074381
0.021241,0.033588,0.346052,0.1701049,0.0271597,0.0826415,0.0468133,-0.1404658,1764,1,0,2013,-116.6939851,49.109594
0.0237601,0.0413649,0.3469365,0.2142195,0.0291856,0.1038645,0.0567694,-0.0009818,1395,1,0,2013,-116.724977,49.1028567
0.0307275,0.0516233,0.3322348,0.2846336,0.035139,0.1426688,0.0760622,-0.0194524,1446,1,0,2013,-116.7236295,49.1007007
0.0311124,0.0504598,0.2788612,0.2228718,0.03875,0.1256755,0.0687209,-0.0898253,1617,1,0,2013,-116.6850918,49.1082466
0.040179,0.0655815,0.2442807,0.2581731,0.0564606,0.1568025,0.0974256,-0.0701301,1625,1,0,2013,-116.6899427,49.1082466
0.026496,0.0377455,0.3201157,0.1688041,0.0296396,0.0869373,0.0484175,-0.0799199,1718,1,0,2013,-116.6788934,49.111211
0.0311199,0.0454069,0.2323961,0.2019756,0.0372202,0.1258015,0.0719413,-0.103909,1475,1,0,2013,-116.722821,49.0996227
0.0302304,0.050319,0.2257518,0.1917647,0.0424533,0.1211285,0.0740847,-0.1089523,1719,1,0,2013,-116.6912902,49.109594
0.0286361,0.0476478,0.2225206,0.1620317,0.0373189,0.1030464,0.0623347,-0.1382947,1731,1,0,2013,-116.6875172,49.110672
0.0233353,0.0384701,0.4081165,0.2107541,0.0268718,0.0885878,0.0484425,0.0371927,1412,1,0,2013,-116.7247075,49.1031262
0.0333291,0.059898,0.3048327,0.2517351,0.0467835,0.1341153,0.0787589,0.1182452,1883,1,0,2013,-116.6832053,49.1136364
0.0276484,0.0474298,0.2936333,0.1862396,0.0350921,0.101693,0.0585569,-0.0990744,1719,1,0,2013,-116.6802409,49.1109415
0.0267993,0.050335,0.3916236,0.3167462,0.0321306,0.138472,0.0679014,0.000544,1603,1,0,2013,-116.6840138,49.1079771
0.0307559,0.0532003,0.2909925,0.2362366,0.040062,0.1297401,0.0698345,-0.0790401,1610,1,1,2013,-116.6891342,49.1079771
0.0203663,0.0332566,0.346359,0.1717635,0.0260591,0.0833891,0.0458612,-0.085291,1764,1,1,2013,-116.6926376,49.1098635
0.0184464,0.0375642,0.4969618,0.2467319,0.0229869,0.0829116,0.0407323,-0.0025365,1298,1,0,2013,-116.7276719,49.0996227
0.0267169,0.0456781,0.3672019,0.2347132,0.0324004,0.108635,0.0601335,-0.0421972,1408,1,1,2013,-116.7247075,49.1017787
0.0256586,0.047003,0.2700098,0.1781354,0.0360513,0.1023906,0.0602896,-0.1148428,1692,1,0,2013,-116.6853613,49.109594
0.0231138,0.051535,0.311096,0.2089769,0.0358927,0.1098051,0.0651305,-0.1154025,1418,1,0,2013,-116.7241685,49.0990837
0.027396,0.0464407,0.2640606,0.2098188,0.0334849,0.1221571,0.0695228,-0.0941826,1396,1,0,2013,-116.724977,49.1007007
0.0252748,0.0446326,0.3545025,0.2204238,0.032135,0.1050445,0.0588603,-0.0530328,1333,1,0,2013,-116.7263245,49.0998922
0.0237938,0.0407642,0.2605671,0.1924627,0.0338578,0.1128962,0.0684181,-0.089011,1783,1,0,2013,-116.6920986,49.110672
0.0287806,0.047715,0.2588228,0.2461124,0.0330968,0.1449075,0.0795887,-0.0862889,1521,1,0,2013,-116.7214735,49.1001617
0.0444495,0.0699309,0.2686,0.2705934,0.061019,0.1560082,0.1011408,-0.0040374,1636,1,1,2013,-116.6902122,49.1082466
0.0271848,0.0462561,0.2673508,0.1779873,0.0349325,0.1028936,0.0594201,-0.0716653,1738,1,0,2013,-116.6805104,49.111211
0.0285997,0.0466566,0.2607497,0.1911758,0.0378294,0.1120974,0.0668683,-0.1061711,1717,1,0,2013,-116.6904817,49.109594
0.0261176,0.0463259,0.2389015,0.1606934,0.0361079,0.0987193,0.0598869,-0.1617161,1706,1,1,2013,-116.6869782,49.1098635
0.0453657,0.0711829,0.2660191,0.2746402,0.0622768,0.159224,0.1033461,-0.0032945,1655,1,0,2013,-116.6904817,49.1082466
0.0258019,0.0414848,0.2599558,0.1908682,0.0332109,0.1121079,0.0638986,-0.0876577,1670,1,0,2013,-116.6794324,49.1104025
0.0237981,0.0429255,0.4525197,0.2475074,0.0287541,0.0932899,0.0500129,0.0274829,1330,1,0,2013,-116.7263245,49.1007007
0.0211722,0.0395161,0.4816453,0.2372275,0.0251749,0.0829942,0.0427144,-0.0304478,1372,1,1,2013,-116.7257855,49.1020482
0.0246366,0.0401376,0.2944535,0.19216,0.0304318,0.1047375,0.0562336,-0.0995333,1455,1,1,2013,-116.72336,49.0998922
0.0232512,0.0387761,0.2917809,0.1724579,0.0298125,0.0945501,0.0543078,-0.0990375,1758,1,0,2013,-116.6802409,49.1120195
0.0276484,0.0474298,0.2936333,0.1862396,0.0350921,0.101693,0.0585569,-0.0990744,1710,1,0,2013,-116.6802409,49.1109415
0.0289209,0.0507425,0.3006175,0.1878974,0.0391307,0.1010383,0.060948,-0.0904208,1749,1,1,2013,-116.6899427,49.1109415
0.0215069,0.0416703,0.4195673,0.2175918,0.0287531,0.0889689,0.0475474,0.0408508,1611,1,0,2013,-116.6832053,49.1079771
0.0258953,0.0383443,0.2301183,0.1697253,0.030524,0.1062242,0.0658595,-0.1265246,1644,1,0,2013,-116.6783544,49.110133
0.0298957,0.0480815,0.2874844,0.1812364,0.0386536,0.1002993,0.061173,-0.1443143,1712,1,0,2013,-116.6880562,49.110133
0.0217566,0.0375283,0.4786349,0.2379015,0.0251712,0.0838838,0.0428768,-0.0049347,1383,1,0,2013,-116.7252465,49.1025872
0.0238179,0.0463831,0.3374794,0.1939652,0.0329574,0.0960807,0.0552099,-0.1064492,1389,1,0,2013,-116.724977,49.0990837
0.0285997,0.0466566,0.2607497,0.1911758,0.0378294,0.1120974,0.0668683,-0.1061711,1707,1,0,2013,-116.6904817,49.109594
0.0267189,0.0453192,0.2528143,0.15881,0.0355529,0.0947152,0.0583393,-0.1375633,1688,1,0,2013,-116.6869782,49.109594
0.0281584,0.053672,0.2419264,0.1976814,0.0431464,0.120665,0.0750747,-0.1612596,1313,1,1,2013,-116.7271329,49.0985447
0.0270757,0.04714,0.2180533,0.1940614,0.0385848,0.1245805,0.0733776,-0.1035833,1454,1,0,2013,-116.72336,49.0993532
0.0257769,0.0434903,0.2526119,0.2030931,0.032708,0.1211783,0.0675254,-0.1232384,1441,1,0,2013,-116.7236295,49.1023177
0.0204815,0.0403805,0.4625048,0.2301238,0.0263363,0.0845744,0.0439315,-0.016455,1315,1,0,2013,-116.7271329,49.0998922
0.0280978,0.0408093,0.3037081,0.2063994,0.0291599,0.110235,0.0590791,0.0042453,1496,1,1,2013,-116.722282,49.1031262
0.0255406,0.0418844,0.2689486,0.1953709,0.0312146,0.1125548,0.0632008,-0.0714188,1435,1,0,2013,-116.723899,49.1031262
0.021241,0.033588,0.346052,0.1701049,0.0271597,0.0826415,0.0468133,-0.1404658,1773,1,0,2013,-116.6939851,49.109594
0.0298718,0.0537215,0.2897038,0.2168874,0.0385682,0.1194494,0.0650077,-0.0917216,1607,1,0,2013,-116.6888647,49.1077076
0.0269322,0.0455998,0.3184276,0.2142039,0.0331815,0.1107345,0.0622547,-0.0560282,1388,1,0,2013,-116.7252465,49.1009702
0.0250566,0.0458613,0.3996576,0.2375753,0.0319953,0.101901,0.0547968,-0.0220669,1388,1,0,2013,-116.7252465,49.1012397
0.0224424,0.041356,0.3523795,0.1894849,0.0281421,0.0907396,0.0495955,-0.0474846,1385,1,0,2013,-116.724977,49.0988142
0.0237203,0.050921,0.3228453,0.2113678,0.0357573,0.1081976,0.0641589,-0.0942592,1344,1,0,2013,-116.726055,49.0990837
0.0254042,0.0566394,0.414702,0.2467786,0.0407776,0.1020986,0.0592786,-0.078667,1281,1,0,2013,-116.7276719,49.0990837
0.0278292,0.0432869,0.3076975,0.2076827,0.0321891,0.1099484,0.0629171,-0.0786592,1428,1,0,2013,-116.723899,49.1017787
0.0328258,0.0539176,0.2570752,0.2709605,0.037975,0.1601363,0.0859941,-0.0627184,1520,1,0,2013,-116.7214735,49.1004312
0.0275966,0.046876,0.2828686,0.1920077,0.035861,0.1073335,0.0639467,-0.1522512,1343,1,1,2013,-116.726055,49.0982753
0.0231866,0.0408675,0.3206391,0.2047715,0.0299415,0.1053382,0.0564291,-0.0883196,1456,0,1,2013,-116.7427636,49.1050126
0.0279345,0.0412527,0.3732215,0.2405277,0.025912,0.1097839,0.0513571,-0.0050464,609,0,0,2013,-116.6363133,49.1702303
0.0358808,0.0572126,0.3551036,0.2318792,0.0451877,0.1103518,0.063738,-0.0468413,1846,0,0,2013,-116.7090768,49.1098635
0.0209432,0.0344757,0.3607728,0.1806084,0.0242799,0.0848414,0.0436796,-0.0951428,1497,0,0,2013,-116.7322533,49.1044736
0.0505222,0.0743324,0.1319271,0.319582,0.062679,0.2450869,0.1256836,0.0569811,532,0,0,2013,-116.5942721,49.1462453
0.0175271,0.0379667,0.4213124,0.2106816,0.0219422,0.085779,0.0397917,0.0708994,1565,0,0,2013,-116.7842658,49.2281716
0.0366287,0.0732808,0.3490467,0.3280648,0.054239,0.1583006,0.0891183,0.1539025,1728,0,0,2013,-116.725516,49.1174094
0.0406398,0.0704134,0.2593386,0.3587286,0.0500586,0.2109809,0.0955984,0.1570505,535,0,0,2013,-116.6627237,49.2138884
0.0214125,0.0429603,0.3290673,0.2384745,0.0293768,0.1203854,0.0599218,0.0770731,1615,0,1,2013,-116.7548909,49.1734642
0.0197663,0.0419233,0.359988,0.2372779,0.0295958,0.1116633,0.0566543,0.0301015,1610,0,1,2013,-116.773486,49.1020482
0.0313049,0.057854,0.4473975,0.3976826,0.038274,0.1518314,0.0681069,0.0991826,531,0,0,2013,-116.6166402,49.1448978
0.0186405,0.0327692,0.4382913,0.1949651,0.0194093,0.0761414,0.0351276,-0.0073101,1304,0,0,2013,-116.6797019,49.1904424
0.0326002,0.0520643,0.341699,0.2881394,0.0350585,0.1413748,0.0650728,0.0271683,538,0,1,2013,-116.6395472,49.1799321
0.0292458,0.0564498,0.2788735,0.2009228,0.045457,0.1132956,0.0727409,-0.0598431,1874,0,0,2013,-116.7381822,49.1160619
0.0231386,0.0428534,0.4321814,0.2467521,0.0278036,0.0978301,0.040269,-0.0196166,1204,0,0,2013,-116.7012615,49.209846
0.0337722,0.0689983,0.3062261,0.2831559,0.0480242,0.1503921,0.0803995,0.2679608,533,0,0,2013,-116.5845703,49.1047431
0.0327629,0.0656462,0.2503296,0.280641,0.0544096,0.1682662,0.1006086,0.0377083,1641,0,0,2013,-116.7632452,49.0977363
0.0237262,0.0472937,0.273095,0.2136412,0.0354,0.1219838,0.0605487,-0.0021289,534,0,0,2013,-116.6333488,49.1260332
0.0216901,0.0410395,0.4170948,0.2727588,0.0247357,0.1121961,0.0511374,0.0986949,890,0,0,2013,-116.649788,49.1688828
0.0260748,0.0484815,0.4001006,0.4009868,0.0307675,0.1718104,0.0719954,0.0955879,541,0,0,2013,-116.5896907,49.1492097
0.0150139,0.0310436,0.4880375,0.2116581,0.0161746,0.0728214,0.0308418,-0.0484688,1215,0,1,2013,-116.6686526,49.1777762
0.0413125,0.0568775,0.0749771,0.1393775,0.04684,0.119935,0.0671075,-0.0012744,533,0,1,2013,-116.6842833,49.2254767
0.0586618,0.0849479,0.0408399,0.3124079,0.0838073,0.2878917,0.1877914,0.0128743,551,0,0,2013,-116.6204131,49.0899209
0.0476925,0.0729375,0.1588127,0.3017925,0.061855,0.2190725,0.11416,-0.0828323,532,0,0,2013,-116.5816059,49.1610675
0.0343133,0.0529998,0.1319849,0.2375161,0.0420027,0.1821292,0.0960891,0.1143074,622,0,0,2013,-116.6414337,49.1527132
0.0277595,0.0505538,0.2678898,0.2617485,0.0359129,0.1511399,0.0791326,0.0598819,1690,0,0,2013,-116.7834573,49.1723863
0.0151833,0.0333988,0.5530312,0.2642698,0.0161455,0.0760579,0.0312458,0.0215311,1156,0,0,2013,-116.6632627,49.1661879
0.0271851,0.0505349,0.3316343,0.2875433,0.0279366,0.144322,0.0671794,0.0020852,730,0,0,2013,-116.6422421,49.1254942
0.0186379,0.039828,0.376939,0.1966115,0.0226134,0.0889662,0.0420303,-0.0484796,1059,0,0,2013,-116.6651492,49.1349265
0.0403144,0.0656734,0.3519341,0.3804771,0.0463022,0.1823863,0.0832825,0.0540733,533,0,0,2013,-116.6417032,49.1955628
0.03437,0.0572942,0.1746161,0.2410549,0.0462847,0.1693854,0.0884522,0.074744,1182,0,0,2013,-116.6519439,49.1171399
0.0186665,0.0318729,0.4060838,0.1992131,0.0194083,0.0841457,0.0388913,-0.0562307,972,0,0,2013,-116.6775459,49.1500182
0.0303262,0.049268,0.1174233,0.1807477,0.0396696,0.1427603,0.084843,0.0483746,2066,0,0,2013,-116.7802234,49.1866695
0.0179832,0.0336091,0.2793879,0.1396954,0.0233975,0.0786831,0.0435616,-0.0488251,1984,0,0,2013,-116.7546214,49.2243987
0.0251358,0.0418841,0.4458391,0.2698414,0.0238946,0.1034248,0.0452076,0.0769609,646,0,0,2013,-116.6479015,49.184244
0.041772,0.069198,0.3231711,0.3733334,0.050847,0.1909676,0.0889836,0.026756,533,0,1,2013,-116.6414337,49.1958323
0.0319833,0.0616128,0.3666877,0.2572387,0.0429208,0.1192024,0.0649733,-0.0899811,876,0,0,2013,-116.6834748,49.1365435
0.036606,0.0643893,0.4449766,0.4859534,0.0420357,0.1866573,0.0858257,0.2174935,532,0,0,2013,-116.6069383,49.0947718
0.0409138,0.0590775,0.1644961,0.26992,0.0532613,0.1936625,0.10745,-0.2399915,536,0,1,2013,-116.5775634,49.1219908
0.0151694,0.0348724,0.4379533,0.220869,0.021138,0.0863301,0.0370074,0.0801177,1073,0,0,2013,-116.7780674,49.1360045
0.0344519,0.0597274,0.1547204,0.2526861,0.0475189,0.1849715,0.1003283,0.104977,780,0,0,2013,-116.6859003,49.1440893
0.0373285,0.0680344,0.4809542,0.5390869,0.0451699,0.1889395,0.0852056,0.5212773,530,0,0,2013,-116.6026264,49.1343875
0.0181304,0.034557,0.1996308,0.1655321,0.0227869,0.1104396,0.0593356,-0.1101102,1842,0,0,2013,-116.7201261,49.1761592
0.031513,0.0474045,0.251512,0.2177195,0.0346347,0.1302109,0.0670528,0.0653431,919,0,1,2013,-116.6080163,49.2435328
0.0270114,0.0459614,0.2978616,0.2325893,0.028831,0.1258299,0.0604842,-0.0298792,1171,0,0,2013,-116.6815883,49.1947543
0.0215352,0.0392854,0.4049926,0.2240316,0.0248359,0.0948763,0.0470335,-0.0322066,1469,0,0,2013,-116.6656882,49.1082466
0.0485494,0.0720771,0.1133143,0.3049635,0.063815,0.2428845,0.1335605,0.038103,536,0,1,2013,-116.601818,49.1529827
0.0173079,0.0379587,0.5475105,0.3000888,0.0192293,0.0877455,0.0369873,0.1795723,1633,0,0,2013,-116.7395297,49.2168529
0.0213232,0.0412986,0.4233887,0.258335,0.0248741,0.1046509,0.0469278,-0.0486445,659,0,1,2013,-116.6360438,49.0918074
0.0248256,0.0531191,0.2300403,0.2887355,0.0430134,0.1807377,0.0973353,-0.1603233,1408,0,0,2013,-116.7150057,49.2297886
0.0433823,0.0698254,0.2061164,0.3121003,0.0606021,0.205429,0.1002224,0.0169601,532,0,1,2013,-116.6244555,49.2133494
0.0259161,0.0499998,0.4013168,0.2765604,0.0349983,0.1181546,0.0584876,0.0933812,533,0,0,2013,-116.6287674,49.1160619
-0.0043024,0.0190394,0.4205562,0.1637227,0.0096951,0.0667824,0.0305023,0.0569111,1821,0,0,2013,-116.7648622,49.1125585
0.0435381,0.0800694,0.4463357,0.4484584,0.0573742,0.1716721,0.0881139,0.2201785,530,0,0,2013,-116.6023569,49.2028392
0.0295119,0.053634,0.2010037,0.2495253,0.0475436,0.1660027,0.0928759,-0.0758845,1618,0,0,2013,-116.7621672,49.0980058
0.0114627,0.026873,0.5156899,0.2239724,0.0149311,0.0715662,0.0299606,0.0633318,1614,0,1,2013,-116.7309059,49.2233207
0.0181927,0.0415994,0.4687949,0.2447213,0.0242436,0.088506,0.0426573,0.0352723,1299,0,1,2013,-116.6675746,49.1007007
0.0242611,0.0483143,0.4679589,0.2936158,0.0296792,0.1064169,0.0498996,-0.0438282,1100,0,0,2013,-116.6869782,49.1319621
0.0188475,0.0371585,0.4673207,0.2476626,0.02317,0.0899086,0.0394902,0.0269818,1136,0,0,2013,-116.7486925,49.1500182
0.0138019,0.0322486,0.4828517,0.2258479,0.017326,0.078765,0.0336041,0.0666604,996,0,0,2013,-116.7605503,49.1430114
0.0150436,0.0345168,0.5009795,0.2447053,0.0179052,0.0813555,0.0353579,0.0595635,899,0,0,2013,-116.6559864,49.1634929
0.0194014,0.0362674,0.3145696,0.1831513,0.0261511,0.095497,0.0496487,0.0631776,1719,0,0,2013,-116.5813364,49.2443413
0.01131,0.01956,0.6953173,0.0173325,0.0098525,0.003115,0.002235,0.11942,531,0,0,2013,-116.6239165,49.1707693
0.0067213,0.0296599,0.4460713,0.1794907,0.0193302,0.0687553,0.0318504,0.0216206,1743,0,0,2013,-116.7575858,49.1120195
0.0147046,0.0350632,0.4364595,0.1977242,0.0204199,0.0775696,0.0341989,0.0364832,1828,0,1,2013,-116.7575858,49.2308666
0.0354258,0.0617016,0.3627654,0.3726238,0.0327695,0.1742404,0.0675936,0.0792266,529,0,0,2013,-116.5988535,49.1219908
0.0250904,0.0406702,0.389838,0.2249998,0.0253642,0.0987787,0.0462797,0.0339156,813,0,0,2013,-116.6096333,49.2421854
0.0487184,0.0750388,0.2418123,0.398923,0.0590877,0.2435621,0.1192681,0.0979583,533,0,1,2013,-116.6161012,49.1936763
0.0383717,0.0696254,0.3266003,0.322467,0.0573719,0.1636885,0.0987066,0.0694638,1479,0,0,2013,-116.6832053,49.158642
0.0181268,0.0317535,0.3728025,0.1732992,0.0193499,0.0791758,0.0381906,-0.0167846,1503,0,0,2013,-116.6875172,49.1904424
0.0279422,0.0453894,0.3760551,0.2663804,0.0270841,0.1207849,0.0552421,0.041183,771,0,0,2013,-116.6425116,49.1042041
0.0502913,0.0712849,0.0529806,0.2325788,0.0672999,0.2091745,0.1306142,-0.0878884,1664,0,0,2013,-116.7373737,49.2195478
0.0526471,0.0861426,0.3184647,0.4459392,0.0738519,0.230513,0.1310758,0.3053603,533,0,0,2013,-116.5702871,49.0920769
0.0656864,0.081756,-0.0632646,0.2251002,0.0866613,0.2555055,0.1734878,0.013304,2003,0,0,2013,-116.7344093,49.1828966
0.06985,0.097267,0.0500351,0.3634937,0.1053567,0.3288521,0.2022922,-0.1264733,533,0,0,2013,-116.5988535,49.1594505
0.0320976,0.0488334,0.198129,0.1868567,0.0412423,0.1250574,0.0728223,0.0151217,1639,0,0,2013,-116.7125802,49.1554081
0.014225,0.02726,0.5408213,0.0470875,0.01637,0.0140325,0.0074875,-0.0272719,531,0,1,2013,-116.6341573,49.1815491
0.024628,0.0394239,0.4238555,0.2285467,0.0221568,0.0924784,0.0416111,0.0903552,776,0,0,2013,-116.6438591,49.1745422
0.0207571,0.0353903,0.4013731,0.1914336,0.0197297,0.081775,0.0388205,-0.0194742,1275,0,0,2013,-116.6578728,49.0963888
0.02033,0.0343029,0.4589485,0.2176191,0.0192355,0.0807041,0.0354161,-0.0079117,1392,0,1,2013,-116.6996445,49.1260332
0.0590159,0.0859301,0.0808685,0.3093746,0.0881826,0.2630809,0.1668268,-0.1546724,1753,0,0,2013,-116.698836,49.1713083
0.0240891,0.0467217,0.4087307,0.3014089,0.0245583,0.1265066,0.0557011,0.041094,985,0,0,2013,-116.5797194,49.2211648
0.0317751,0.0590395,0.4006978,0.3627354,0.0365722,0.1551999,0.0723953,0.2860751,532,0,0,2013,-116.5853788,49.1354655
0.054872,0.0895059,0.0832695,0.3184503,0.0836491,0.2694926,0.1644376,-0.2388516,1744,0,0,2013,-116.7085378,49.1616065
0.0173496,0.035409,0.3484045,0.1680661,0.0231464,0.0812153,0.0401874,-0.0562926,1641,0,0,2013,-116.7193176,49.1961018
0.0283435,0.0525414,0.378322,0.3380851,0.0272799,0.1524898,0.0717485,0.1021004,643,0,0,2013,-116.5840313,49.2041866
0.0413931,0.0704466,0.3175603,0.3840977,0.0523427,0.1989461,0.0914247,-0.0743684,532,0,0,2013,-116.6139452,49.1473233
0.0400688,0.06836,0.2958692,0.2543626,0.0546621,0.1382119,0.0828583,0.1499215,534,0,0,2013,-116.5713651,49.0912684
0.0404933,0.0682073,0.1725063,0.3306355,0.0533179,0.2333453,0.11838,0.1082264,536,0,1,2013,-116.6379302,49.2095765
0.0184574,0.0383647,0.3826509,0.1989195,0.0239782,0.0888169,0.0431787,-0.0419325,1582,0,1,2013,-116.7185091,49.1977188
0.0171003,0.0358414,0.3252155,0.1552909,0.0219067,0.0790723,0.0414552,-0.0022671,1883,0,1,2013,-116.7551604,49.1928679
0.0329092,0.0493453,0.4294431,0.3374994,0.0311063,0.1347116,0.0571038,-0.0039361,538,0,0,2013,-116.6850918,49.2402989
0.0169136,0.0370111,0.5266279,0.265481,0.0179218,0.0823195,0.0323358,0.0524545,688,0,0,2013,-116.6638017,49.1936763
0.0599025,0.0841025,0.0143888,0.31601,0.10019,0.307045,0.1874475,-0.3526203,535,0,0,2013,-116.5686701,49.1559471
0.0307218,0.0535473,0.2886743,0.2385289,0.0394284,0.1316638,0.0705902,-0.2175671,1207,0,0,2013,-116.6902122,49.208229
0.0103895,0.0274651,0.5274649,0.1974332,0.0140676,0.0610777,0.0254763,-0.0134975,1455,0,0,2013,-116.7686351,49.15972
0.0159454,0.0329459,0.4944961,0.2410141,0.0173042,0.0815215,0.033736,0.0113574,1004,0,0,2013,-116.6573338,49.1761592
0.0371737,0.0589027,0.014952,0.1838104,0.0544498,0.1783948,0.1262553,0.0655357,2067,0,1,2013,-116.7338703,49.1815491
0.0358976,0.0540775,0.1516386,0.1829694,0.0434177,0.1347855,0.081872,-0.0247883,1833,0,1,2013,-116.6780849,49.1139059
0.0471718,0.0722241,0.1740295,0.2989053,0.0612175,0.2102903,0.1083071,-0.1651944,535,0,0,2013,-116.6182571,49.1489402
0.0157602,0.0349935,0.4695459,0.2302331,0.020078,0.083106,0.0375424,0.0301796,778,0,0,2013,-116.747884,49.1438198
0.0264464,0.0438588,0.2077313,0.1698308,0.0351194,0.1114086,0.0628629,-0.1475153,1650,0,0,2013,-116.6678441,49.1149839
0.0324908,0.0604808,0.4757346,0.4178785,0.0363284,0.1484544,0.061493,0.0453915,533,0,0,2013,-116.6584118,49.2128105
0.0429149,0.0753763,0.2422349,0.2864213,0.0575904,0.1747174,0.0919203,0.0139295,532,0,0,2013,-116.6101723,49.2031086
0.034021,0.0566578,0.3697356,0.3023837,0.0456743,0.1391376,0.0759616,-0.0993977,571,0,0,2013,-116.6597593,49.1435503
0.0227511,0.0447454,0.4400533,0.2908022,0.0247941,0.1130748,0.0522678,0.0457575,1279,0,0,2013,-116.6635322,49.0896514
0.0310501,0.0521075,0.3795475,0.2968752,0.0348858,0.1335198,0.0617354,0.0192788,534,0,0,2013,-116.623108,49.1405859
0.0231977,0.0361801,0.3579523,0.1993559,0.0236648,0.0942566,0.045057,0.0482333,995,0,0,2013,-116.6540999,49.1691523
0.0541592,0.0764651,-0.0349133,0.2329738,0.081436,0.2498301,0.1607806,-0.181579,1897,0,0,2013,-116.7379127,49.2041866
0.0235055,0.0399109,0.3103857,0.1745874,0.0266047,0.0918798,0.045629,-0.0215315,1443,0,0,2013,-116.6929071,49.2044561
0.0287694,0.0481992,0.2241465,0.2048348,0.0341013,0.1298225,0.0685509,-0.1638137,1511,0,0,2013,-116.6974885,49.2033781
0.0247666,0.0369137,0.2873825,0.1040636,0.0314242,0.0576033,0.0328679,-0.0834858,533,0,0,2013,-116.6648797,49.2265547
0.0213185,0.0344575,0.3616623,0.2008833,0.0221111,0.0941727,0.0449647,-0.0290352,856,0,1,2013,-116.6702696,49.1481318
0.0333388,0.0621258,0.3478887,0.3511981,0.0452754,0.1699104,0.0821149,-0.0155445,587,0,0,2013,-116.5802584,49.1939458
0.0124925,0.021265,0.7569502,0.0159575,0.0107875,0.0022075,0.0015475,0.0189833,531,0,0,2013,-116.626342,49.1734642
0.0248184,0.0513192,0.2823374,0.2082486,0.0358677,0.1165467,0.062992,0.0546511,876,0,1,2013,-116.7155447,49.1422029
0.0239338,0.0483413,0.4778498,0.3521635,0.0273223,0.1244255,0.0551774,0.1694567,1480,0,0,2013,-116.6899427,49.1947543
0.0189097,0.0342818,0.2063075,0.1380235,0.0253027,0.0908128,0.0494564,-0.0487427,1870,0,0,2013,-116.7292889,49.1904424
0.0359514,0.0947816,0.6734642,0.567771,0.0489732,0.1107867,0.0476001,0.5209033,531,0,0,2013,-116.5880737,49.1855915
0.0163354,0.0395063,0.4817263,0.2768284,0.0199676,0.0968282,0.0402995,0.0923193,925,0,0,2013,-116.7826488,49.137352
0.0279631,0.0386193,0.2923763,0.1559788,0.0313893,0.0854042,0.0540918,0.1149421,1409,0,0,2013,-116.7581248,49.2402989
0.0305758,0.0509537,0.2858019,0.2410225,0.0335948,0.1338758,0.0727319,0.1261219,832,0,0,2013,-116.6419726,49.0942328
0.0436603,0.0718486,0.2700736,0.337785,0.0568482,0.1941291,0.1052663,0.0813896,640,0,1,2013,-116.6344268,49.108516
0.026432,0.0913667,0.5607716,0.4572949,0.0567492,0.1286908,0.0571119,0.4862237,531,0,1,2013,-116.574599,49.1583725
0.0269583,0.0440031,0.2123594,0.2100012,0.0341462,0.1364327,0.075476,0.0288906,1552,0,0,2013,-116.6745815,49.1702303
0.0231779,0.0359716,0.3389861,0.1650998,0.0252257,0.0815044,0.0409435,-0.0666525,1688,0,0,2013,-116.6735035,49.1225298
0.0195201,0.0336116,0.1873662,0.13175,0.0246742,0.0901697,0.0511846,-0.0418728,2023,0,0,2013,-116.7654012,49.2023002
0.0384713,0.0587327,0.0699911,0.2032251,0.0559046,0.1766381,0.112997,-0.0383161,1465,0,0,2013,-116.7058429,49.0985447
0.023413,0.0440115,0.3787682,0.2289091,0.0255692,0.1031396,0.0483214,-0.0027855,1061,0,0,2013,-116.6635322,49.1354655
0.0311768,0.0498114,0.399951,0.2834837,0.0327239,0.1215072,0.0599451,0.0536101,1007,0,1,2013,-116.6829358,49.208768
0.0219244,0.0420932,0.3213257,0.2153217,0.0327064,0.110596,0.0610376,0.0220496,1763,0,0,2013,-116.7659402,49.1052821
0.0321923,0.0605751,0.3402116,0.3542425,0.0428045,0.1743942,0.0887268,0.1325466,1699,0,1,2013,-116.7503095,49.1742727
0.0101788,0.0262563,0.53605,0.1930304,0.014135,0.0583031,0.0244502,0.0161208,1424,0,0,2013,-116.7680961,49.1599895
0.023267,0.0404807,0.3317261,0.1413432,0.0341259,0.0709275,0.0405469,-0.0568291,531,0,0,2013,-116.6554474,49.2128105
0.0260256,0.0443962,0.4127735,0.2057553,0.0313075,0.0855232,0.041452,0.0601793,534,0,0,2013,-116.6532914,49.208229
0.0154029,0.0328219,0.3482748,0.1768841,0.020193,0.0855017,0.0382011,0.0147811,1371,0,0,2013,-116.7667486,49.1349265
0.0222972,0.0406616,0.4276561,0.2398238,0.0242096,0.0961448,0.0452754,0.0323781,671,0,0,2013,-116.6314624,49.1017787
0.0241261,0.0401518,0.4883794,0.273056,0.0210002,0.0938612,0.0405135,0.0859616,790,0,0,2013,-116.5805279,49.2068816
0.0239063,0.0511289,0.3782979,0.2914507,0.0281734,0.1314632,0.0604248,0.0734495,1226,0,0,2013,-116.6581423,49.1047431
0.0127523,0.0295872,0.6087198,0.2677145,0.0163513,0.0651148,0.0270496,0.0598002,1424,0,0,2013,-116.7166226,49.2252072
0.0228874,0.0327939,0.4070822,0.1970215,0.0218556,0.0830211,0.0394321,-0.0702716,914,0,1,2013,-116.6788934,49.1486707
0.013859,0.0319892,0.4671663,0.2355008,0.0162239,0.0855273,0.036099,0.009815,639,0,0,2013,-116.6740425,49.1411249
0.0328975,0.0544575,0.4025346,0.378765,0.0302988,0.16135,0.0662137,0.4540386,534,0,1,2013,-116.574599,49.1397774
0.0239461,0.0445581,0.4444314,0.1760734,0.0334805,0.0677227,0.031898,0.1361022,532,0,1,2013,-116.6282284,49.160798
0.0215186,0.0366853,0.3340223,0.2090839,0.0247694,0.10438,0.0533334,-0.0189925,1378,0,0,2013,-116.6702696,49.1721168
0.0354632,0.1168664,0.5594698,0.5100246,0.0973649,0.1440754,0.06701,0.6023525,534,0,1,2013,-116.576216,49.1715778
0.0197121,0.0369913,0.4058962,0.1931277,0.0216953,0.0816119,0.0363968,0.0009845,1644,0,0,2013,-116.6853613,49.1225298
0.0112484,0.0310387,0.3743506,0.1304513,0.0152166,0.0593857,0.0294803,0.0354855,1854,0,1,2013,-116.775103,49.2182003
0.0148676,0.0288406,0.391254,0.1703579,0.0181145,0.0745405,0.0359433,-0.0035163,1654,0,0,2013,-116.6840138,49.0996227
0.0187571,0.0402388,0.5202622,0.302257,0.0186342,0.095381,0.0367374,0.0187819,1098,0,0,2013,-116.6961411,49.1292671
0.0191765,0.0374981,0.3476185,0.2070805,0.0268064,0.1002476,0.0500196,0.0139581,1881,0,0,2013,-116.7193176,49.1659184
0.0479654,0.0745443,0.2538727,0.3849278,0.0545929,0.2290545,0.1162401,0.3300538,532,0,1,2013,-116.5786414,49.1004312
0.0164753,0.036432,0.52093,0.262314,0.021463,0.082625,0.036454,-0.0078251,1518,0,0,2013,-116.7422246,49.1001617
0.0268154,0.04454,0.3079214,0.1977092,0.0342933,0.1046166,0.0624498,0.0672489,1703,0,1,2013,-116.7535434,49.1020482
0.0843934,0.099531,-0.2302679,0.166059,0.1028575,0.2654132,0.2315583,0.0233936,1753,0,0,2013,-116.7190481,49.1799321
0.0206347,0.0396009,0.4544277,0.2202044,0.0231265,0.0826011,0.041459,-0.0188067,1274,0,0,2013,-116.6570643,49.1063601
0.0191951,0.0367178,0.3511392,0.2116562,0.0230315,0.1016441,0.051291,0.0062239,1477,0,0,2013,-116.5797194,49.2341005
0.0300108,0.0495494,0.2248582,0.1901849,0.040108,0.120357,0.0737107,0.0395312,1203,0,1,2013,-116.7047649,49.1475928
0.0364588,0.0572762,0.3027727,0.3054912,0.043485,0.163495,0.0852713,0.0962411,533,0,1,2013,-116.5710956,49.1238772
0.0113862,0.0257246,0.4909466,0.2074731,0.0139924,0.0708375,0.0304302,0.0522786,1397,0,0,2013,-116.7163532,49.2233207
0.01934,0.0308625,0.2491925,0.07203,0.0259675,0.0432925,0.0265725,-0.2042782,531,0,1,2013,-116.6465541,49.2006832
0.0202293,0.0385466,0.443137,0.2131546,0.021911,0.0822499,0.0386431,0.1398319,1572,0,0,2013,-116.7397992,49.2424549
0.0111725,0.0195325,0.84731,0.02704,0.007845,0.002235,0.002235,0.4153217,531,0,0,2013,-116.6287674,49.1626845
0.0211051,0.0377738,0.1667794,0.1552938,0.0285863,0.1108984,0.0621763,-0.0162198,1978,0,0,2013,-116.7257855,49.1866695
0.0480341,0.0769819,0.169381,0.3254086,0.0676132,0.2311398,0.1298236,-0.1416038,1673,0,0,2013,-116.6888647,49.1696913
0.0143414,0.0341009,0.3823838,0.1728829,0.0171279,0.07724,0.0363082,0.0465716,1823,0,0,2013,-116.7513874,49.234909
0.0199521,0.0369649,0.4720201,0.2425215,0.0185175,0.0869869,0.0364366,-0.0178099,992,0,0,2013,-116.697219,49.1325011
0.0174491,0.0434089,0.4895552,0.2498592,0.0213437,0.0856224,0.0349232,-0.0109791,1001,0,0,2013,-116.6818578,49.1338485
0.0214603,0.0433212,0.414149,0.2473112,0.0253923,0.1024556,0.0498728,0.0097196,928,0,0,2013,-116.7344093,49.1451673
0.0221239,0.0359762,0.2924623,0.1722598,0.0250927,0.0943008,0.0488379,0.0128222,1575,0,1,2013,-116.5872652,49.2440718
0.0338206,0.0553108,0.4048145,0.3058697,0.0401356,0.1295895,0.0698699,0.1024807,534,0,0,2013,-116.5888822,49.1079771
0.0530677,0.0723183,-0.052415,0.2436518,0.0792476,0.2706067,0.1641152,-0.3760397,1723,0,0,2013,-116.7419551,49.1971798
0.0235789,0.046991,0.4342563,0.2578255,0.0259378,0.1016995,0.0452414,0.0082243,811,0,0,2013,-116.7020699,49.2327531
0.0215346,0.041818,0.4722362,0.2953966,0.0255419,0.1058931,0.0487422,0.0295991,1583,0,1,2013,-116.6945241,49.0928854
0.0289237,0.0483163,0.272163,0.21905,0.0374646,0.1253241,0.0739364,0.1189541,1759,0,0,2013,-116.7659402,49.1818186
0.0269303,0.0447325,0.1823998,0.1696138,0.0355805,0.1172838,0.0663382,0.0486498,1883,0,0,2013,-116.7400687,49.2367955
0.0179812,0.043344,0.5691155,0.3657915,0.0221737,0.1004476,0.0402566,0.0420465,1080,0,0,2013,-116.6939851,49.2117325
0.0180712,0.0438683,0.4600805,0.3344626,0.0229149,0.1236801,0.0523691,0.125212,1563,0,1,2013,-116.7298279,49.2146969
0.0565022,0.0801367,0.2141466,0.3330343,0.0728825,0.2155556,0.1271691,0.0548745,592,0,1,2013,-116.5891517,49.2063426
0.0225096,0.0412465,0.3229755,0.1951647,0.0343895,0.0998743,0.0542035,0.1078102,1829,0,0,2013,-116.6920986,49.0974668
0.0340726,0.0684582,0.4057983,0.3869109,0.0473792,0.1635392,0.0816038,0.2987169,536,0,0,2013,-116.5859178,49.1548691
0.014956,0.0338198,0.5704463,0.2687876,0.0174426,0.0735197,0.0277034,-0.0070784,856,0,0,2013,-116.6613763,49.183705
0.0397972,0.0618734,0.2709101,0.3556517,0.0451459,0.2040286,0.0963345,0.072763,538,0,0,2013,-116.5689396,49.1268417
0.054718,0.084852,0.1733942,0.297912,0.078965,0.2098662,0.1357828,0.0941662,1755,0,0,2013,-116.7454586,49.2200868
0.0319121,0.055243,0.2684915,0.2570349,0.0411288,0.1482258,0.0854801,0.1326384,1519,0,1,2013,-116.6659577,49.0926159
0.0256376,0.0530138,0.4216171,0.2290009,0.0321759,0.0931687,0.0572992,-0.0511621,1532,0,0,2013,-116.7395297,49.1225298
0.0286873,0.0517809,0.3569814,0.3041642,0.0319268,0.1441311,0.0723778,0.0984439,1115,0,0,2013,-116.6861698,49.1532521
0.0262177,0.0583867,0.4684411,0.4356056,0.0353704,0.1576842,0.0676269,0.4435263,532,0,1,2013,-116.5678616,49.1740032
0.0275487,0.0347675,0.3840751,0.0128087,0.0155037,0.0057,0.003335,-0.0531233,533,0,0,2013,-116.6570643,49.2012222
0.0102401,0.0327985,0.4260806,0.2038329,0.0210858,0.0820316,0.0409855,0.0299127,1565,0,0,2013,-116.7538129,49.1190263
0.0174698,0.0255627,0.3684946,0.0593608,0.0204536,0.0273926,0.0161413,-0.1139224,532,0,0,2013,-116.6710781,49.2335615
0.0249567,0.0467429,0.4168578,0.2933253,0.0357025,0.1207251,0.0585969,0.0548912,1492,0,1,2013,-116.7821098,49.1023177
0.0411727,0.0645681,0.3428659,0.2589218,0.0518683,0.1267039,0.070609,-0.0289824,1932,0,0,2013,-116.7063819,49.1098635
0.0334612,0.0567382,0.2263687,0.2362254,0.0454221,0.1490183,0.0862253,0.0724254,1440,0,0,2013,-116.7203956,49.0974668
0.0274653,0.0428668,0.322868,0.228478,0.0280356,0.1169503,0.0569977,0.0686958,720,0,0,2013,-116.5961586,49.2182003
0.0238621,0.0451589,0.3722338,0.2405963,0.0270441,0.1100674,0.0537368,-0.0117673,1205,0,0,2013,-116.6546389,49.1077076
0.0297768,0.0460623,0.3093354,0.2061534,0.0355734,0.1087444,0.0630837,0.015305,1718,0,0,2013,-116.7012615,49.1004312
0.023851,0.0362531,0.3697771,0.1128196,0.0216346,0.0519073,0.0252017,0.0030837,535,0,0,2013,-116.6559864,49.2249377
0.0468247,0.0681036,-0.1180408,0.1710662,0.0681447,0.216857,0.1704703,0.0112238,2148,0,0,2013,-116.7567773,49.2033781
0.0221141,0.0353447,0.1337405,0.1314687,0.0295288,0.1004516,0.0613101,-0.0017389,1987,0,1,2013,-116.7581248,49.2060731
0.0174573,0.0343571,0.2914819,0.1348772,0.0215566,0.0739948,0.0419758,-0.0330045,1960,0,1,2013,-116.7640537,49.2052646
0.034158,0.0520194,0.2080202,0.1998718,0.0423433,0.1310362,0.0823856,0.079091,1781,0,1,2013,-116.772408,49.1820881
0.0241188,0.0427943,0.3775458,0.2416838,0.0242203,0.1092066,0.0509789,0.0436792,893,0,1,2013,-116.5727125,49.2023002
0.0261654,0.0489467,0.4305213,0.288496,0.0314409,0.1148479,0.0555061,0.1495589,536,0,0,2013,-116.6074773,49.0926159
0.0363141,0.0633432,0.4182394,0.3631048,0.0448525,0.1489453,0.0695719,0.0541776,534,0,1,2013,-116.6336183,49.1435503
0.0218491,0.0401131,0.3020599,0.2222738,0.028508,0.1191449,0.0635303,0.014185,1437,0,0,2013,-116.6775459,49.1575641
0.0331474,0.0588908,0.3606335,0.3395863,0.0370054,0.1595728,0.070284,-0.0030796,538,0,1,2013,-116.6128672,49.1007007
0.0332318,0.0556983,0.3223673,0.2587773,0.0381374,0.1326076,0.0697967,0.0892488,603,0,1,2013,-116.6371217,49.1225298
0.0222958,0.0406806,0.3565398,0.2076174,0.0245767,0.0984811,0.0469693,0.0009204,1139,0,0,2013,-116.7079988,49.2311361
0.0226935,0.0445689,0.4097254,0.2943692,0.024955,0.1232571,0.0511184,0.1074203,1482,0,1,2013,-116.7645927,49.2335615
0.0190878,0.0353978,0.3840879,0.2029304,0.0226771,0.090303,0.0414208,-0.0719746,1105,0,0,2013,-116.6786239,49.1942153
0.0897643,0.1181123,-0.0097811,0.2432753,0.1269477,0.2480813,0.2102119,0.006975,2108,0,0,2013,-116.774564,49.1923289
0.0536741,0.0720704,0.2157279,0.2824946,0.0679919,0.1822387,0.1132907,0.0825588,753,0,0,2013,-116.6462846,49.1799321
0.0229562,0.0346987,0.1975517,0.0854775,0.0292675,0.0572762,0.0347812,-0.1639113,531,0,0,2013,-116.6479015,49.2033781
0.0168382,0.0339057,0.2695289,0.1520323,0.0250304,0.0874775,0.0471971,-0.1008637,1682,0,1,2013,-116.7344093,49.1931373
0.0392374,0.0721836,0.3110771,0.3817015,0.0508999,0.2005701,0.0985443,0.2267611,623,0,0,2013,-116.6336183,49.1104025
0.015008,0.0309264,0.4405423,0.1734445,0.0198624,0.06736,0.03267,-0.0127945,1656,0,0,2013,-116.7333313,49.1993357
0.0130804,0.0312453,0.5493709,0.213183,0.0171543,0.0620035,0.0266177,-0.0079724,1237,0,0,2013,-116.7829183,49.1502877
0.0374689,0.0524267,0.3231005,0.2822113,0.0401014,0.1443796,0.0698024,0.2129447,559,0,0,2013,-116.6147537,49.2351785
0.0357543,0.059704,0.3410558,0.2796827,0.0449891,0.1374255,0.0756783,0.1335078,566,0,1,2013,-116.6244555,49.1012397
0.0242022,0.0389253,0.2920752,0.1676155,0.0292195,0.0918361,0.0512697,-0.1014555,1667,0,0,2013,-116.6705391,49.1133669
0.017501,0.035956,0.5058213,0.2651501,0.0242444,0.0870166,0.0452228,0.085666,1535,0,0,2013,-116.7287499,49.2208953
0.0141271,0.0327314,0.5650299,0.319694,0.0160537,0.0888528,0.0354805,0.0892969,1458,0,0,2013,-116.72336,49.2173919
0.0243663,0.0349799,0.4854315,0.3249271,0.0201073,0.112558,0.0447782,0.0071603,546,0,0,2013,-116.5915772,49.1726558
0.0210424,0.0272271,0.739161,0.0315051,0.0175181,0.0047251,0.0031711,-0.0175583,534,0,1,2013,-116.6309234,49.1793931
0.0197901,0.0357633,0.1868709,0.1293884,0.0271741,0.0886444,0.0513774,-0.038251,1906,0,0,2013,-116.7721385,49.2149664
0.0284371,0.043411,0.3835229,0.2750384,0.0276579,0.122553,0.0571933,0.0812127,699,0,1,2013,-116.6441286,49.1610675
0.0277105,0.0583777,0.3933649,0.3871498,0.0325815,0.168555,0.081014,0.1810609,1744,0,1,2013,-116.7831878,49.1753507
0.0391,0.0637282,0.351642,0.2620381,0.0476732,0.1256949,0.0707585,-0.0642926,837,0,0,2013,-116.6850918,49.1370825
0.0300364,0.0461873,0.330889,0.2373237,0.0305322,0.1193157,0.0596483,0.1180743,721,0,0,2013,-116.6662272,49.1944848
0.0109086,0.0258909,0.4786645,0.1739714,0.0144337,0.0613374,0.0274833,0.0073842,1636,0,0,2013,-116.7419551,49.1578336
0.0351996,0.0517276,-0.0456997,0.1434152,0.0592917,0.1571509,0.1010891,-0.4012436,1593,0,1,2013,-116.7214735,49.211463
0.0336297,0.0602894,0.4010769,0.3735464,0.0412941,0.1596811,0.0734882,0.0644271,532,0,0,2013,-116.6147537,49.1451673
0.025555,0.034025,0.465762,0.0145825,0.014885,0.005315,0.0029225,0.0035241,533,0,0,2013,-116.6045129,49.1548691
0.0269801,0.0397448,0.4379088,0.2422138,0.0247997,0.0946835,0.0422639,0.0302046,878,0,0,2013,-116.6023569,49.2357175
0.0354108,0.059313,0.4010057,0.2661095,0.0447189,0.1137741,0.0549264,0.0546942,532,0,0,2013,-116.6365828,49.1909814
0.0068,0.0172225,0.6367962,0.01032,0.0046825,0.00229,0.0013825,-0.1869261,531,0,0,2013,-116.6298454,49.1726558
0.0353297,0.0602144,0.0822143,0.2099672,0.0575197,0.1780654,0.1126748,-0.0159156,1810,0,0,2013,-116.7015309,49.1176789
0.0246563,0.0461209,0.4624635,0.2963423,0.0284702,0.1089222,0.0494003,0.1267431,1717,0,1,2013,-116.7346788,49.2373345
0.0307065,0.0584081,0.3145116,0.2006496,0.049268,0.1046343,0.0640641,-0.0409899,1694,0,0,2013,-116.7088073,49.1141754
0.0327279,0.0545774,0.1895906,0.2252104,0.046653,0.1534248,0.090386,0.0713777,2058,0,1,2013,-116.7389907,49.1704998
0.0373422,0.0943349,0.4694221,0.4508503,0.0704025,0.1627927,0.0804126,0.4848854,535,0,0,2013,-116.5910382,49.1680744
0.019813,0.0376887,0.3560545,0.1878272,0.0249269,0.0891929,0.0476381,0.0865937,1986,0,0,2013,-116.7516569,49.2252072
0.0278545,0.0501842,0.3640191,0.2722877,0.0364286,0.1269555,0.0627412,0.2028523,609,0,0,2013,-116.6330793,49.0909989
0.0406669,0.0602605,0.031913,0.2000325,0.0562667,0.18766,0.1159417,-0.0539288,1299,0,0,2013,-116.6546389,49.1163314
0.0532193,0.0756456,0.1477965,0.2220512,0.0765137,0.1648661,0.1111353,0.056181,580,0,0,2013,-116.5988535,49.2157749
0.0201295,0.0387031,0.2710105,0.1702136,0.0245753,0.0976262,0.052473,-0.0706633,1695,0,0,2013,-116.775642,49.1578336
0.0274775,0.0479439,0.2214683,0.2001536,0.0417402,0.1275727,0.0777763,-0.006142,1873,0,1,2013,-116.7454586,49.1133669
