"date","hours","speed","up_valley","westerly","u","v","temp","dir_from","year","month","doy","up_valley_day","westerly_day","died_hour"
2005-05-01,5,7,0.6,0,1.49549915099206,3.17293572312996,17.38,205.235898801136,2005,5,121,TRUE,FALSE,17
2005-05-02,4,6.25,0.25,0,4.88930850918528,2.11324807920828,19.675,246.625121073418,2005,5,122,FALSE,FALSE,23
2005-05-03,5,9.2,0.6,0,-5.20584193208471,6.53184205762792,14.68,141.445348708847,2005,5,123,TRUE,FALSE,18
2005-05-04,5,6.8,0.8,0,-0.389424383834827,5.3297651083943,15.62,175.821055146491,2005,5,124,TRUE,FALSE,22
2005-05-05,3,4.66666666666667,0,0,3.90814393677343,-1.19038347958205,18.4333333333333,286.940237180278,2005,5,125,FALSE,FALSE,16
2005-05-06,4,7,1,0,-2.05508312764519,6.44293619708677,17.875,162.309040552606,2005,5,126,TRUE,FALSE,16
2005-05-07,5,8.2,1,0,1.23443824317732,8.00084716597238,16.86,188.770915930246,2005,5,127,TRUE,FALSE,23
2005-05-08,5,7.4,0,0,6.39807069086249,-3.42174095651195,11.18,298.138238666799,2005,5,128,FALSE,FALSE,17
2005-05-09,3,6.33333333333333,0,0,5.85316364230879,-2.37676738329501,12.4666666666667,292.100370505204,2005,5,129,FALSE,FALSE,NA
2005-05-10,5,18.4,0,0,-15.4749437453148,-9.65630485631793,18.04,58.0359967703261,2005,5,130,FALSE,FALSE,NA
2005-05-11,4,5.5,0.25,0,4.01324823098201,0.724653681030205,20.7,259.764652259401,2005,5,131,FALSE,FALSE,16
2005-05-12,3,4,0.333333333333333,0,2.69930844595144,1.74821276712704,20.9333333333333,237.070803423708,2005,5,132,FALSE,FALSE,15
2005-05-13,5,11.8,0.6,0,0.103192064025105,6.72781365427512,22.84,180.878741068774,2005,5,133,TRUE,FALSE,NA
2005-05-14,1,6,0,0,5.19615242270663,-3,13.1,300,2005,5,134,FALSE,FALSE,17
2005-05-15,5,5.8,0.2,0,4.97390882264091,2.31468670994879,19.32,245.044345390481,2005,5,135,FALSE,FALSE,14
2005-05-16,5,9.8,1,0,-2.09693046181427,9.02102261100192,16.44,166.914022736941,2005,5,136,TRUE,FALSE,NA
2005-05-17,5,15.8,1,0,-2.60959619593244,14.8909089444619,14.86,170.059989658317,2005,5,137,TRUE,FALSE,NA
2005-05-18,3,5.33333333333333,0,0,5.13230873595303,1.1400671444189,13.2666666666667,257.475936121973,2005,5,138,FALSE,FALSE,22
2005-05-19,5,10.4,0.8,0,0.078353100869354,8.79284190721838,14.34,180.510549742464,2005,5,139,TRUE,FALSE,NA
2005-05-20,5,6.4,0.6,0,0.68234618291664,4.94566820578869,11.58,187.855417091377,2005,5,140,TRUE,FALSE,20
2005-05-21,4,11,0.5,0,2.29433685528562,4.70421145993002,15.275,205.99940593833,2005,5,141,FALSE,FALSE,21
2005-05-22,5,10.6,0.6,0,1.82335843163068,4.92690285340453,13.7,200.308609895379,2005,5,142,TRUE,FALSE,NA
2005-05-23,5,6.4,0.4,0,-3.3148290282518,3.25470280720275,13.28,134.475627395292,2005,5,143,FALSE,FALSE,18
2005-05-24,5,5.6,0.4,0,2.38605167995875,1.85350179169704,16.58,232.159686949014,2005,5,144,FALSE,FALSE,14
2005-05-25,4,9.25,0,0,7.07355715851499,-4.37259526419164,19.75,301.722728800424,2005,5,145,FALSE,FALSE,19
2005-05-26,5,5.4,0,0,5.1645704166965,-0.689316498659527,22.48,277.602350885896,2005,5,146,FALSE,FALSE,14
2005-05-27,3,4,0,0,3.80111087572886,0.435135763110761,23.3,263.469439533609,2005,5,147,FALSE,FALSE,15
2005-05-28,3,6.33333333333333,0,0,6.1772699986003,-1.08921936787417,24.2666666666667,280,2005,5,148,FALSE,FALSE,19
2005-05-29,5,6.6,0,0,6.03179519536392,0.0662935438618596,26.9,269.370305651962,2005,5,149,FALSE,FALSE,15
2005-05-30,4,4,1,0,0.311159575345278,3.55657022070153,26.425,185,2005,5,150,TRUE,FALSE,15
2005-05-31,5,13.2,1,0,-4.19912582293181,12.4508873306511,19.4,161.363056694429,2005,5,151,TRUE,FALSE,22
2005-06-01,2,5,1,0,-0.520944533000791,4.95442325903662,12.8,173.997556062897,2005,6,152,TRUE,FALSE,14
2005-06-02,5,9.2,0.6,0,0.207752082950726,6.79371076149985,16.92,181.751562527943,2005,6,153,TRUE,FALSE,21
2005-06-03,5,9.6,1,0,-3.44444620390034,8.66662349011953,16.16,158.325242865208,2005,6,154,TRUE,FALSE,19
2005-06-04,5,5.6,0.2,0,4.51197447261588,0.43164151872225,20.4,264.535385169271,2005,6,155,FALSE,FALSE,15
2005-06-05,4,19.25,0.75,0,-4.34025623933085,17.4944114551684,15.075,166.066591447382,2005,6,156,TRUE,FALSE,23
2005-06-06,4,14.5,0,0,10.4473544892126,-9.48742780846992,16.075,312.24314539639,2005,6,157,FALSE,FALSE,NA
2005-06-07,5,5.6,0,0,4.95076675939871,-1.95017333227978,9.2,291.500144702412,2005,6,158,FALSE,FALSE,14
2005-06-08,5,8.2,0.8,0,2.1819286444284,6.68409990127282,16.24,198.078529689905,2005,6,159,TRUE,FALSE,NA
2005-06-09,5,6.6,0,0,6.04775110823919,-2.34454355033919,17.84,291.189915505603,2005,6,160,FALSE,FALSE,21
2005-06-10,5,13.6,0.2,0,7.54743610088382,-5.6516171661902,17.44,306.826341018503,2005,6,161,FALSE,FALSE,17
2005-06-11,5,15.2,0,0.2,-1.65071723363676,-4.41783663981767,15.82,20.4881175331978,2005,6,162,FALSE,FALSE,22
2005-06-12,5,11,1,0,-5.78070979793725,9.24843109210403,13.58,147.992655020502,2005,6,163,TRUE,FALSE,23
2005-06-13,5,15.4,1,0,-6.94594661472005,13.6282956778919,16.98,152.99338135236,2005,6,164,TRUE,FALSE,18
2005-06-14,5,7.2,0,0,-2.48128032532735,0.693154477424354,10.84,105.60789478885,2005,6,165,FALSE,FALSE,15
2005-06-15,5,8.8,0.4,0,0.278771324322057,-3.06277219451518,14.7,354.799309452436,2005,6,166,FALSE,FALSE,14
2005-06-16,5,13.8,0,0.6,10.738789014499,-8.55755070754542,18.62,308.550720517326,2005,6,167,FALSE,TRUE,19
2005-06-17,5,7.6,1,0,-2.46286848730727,6.95012915376908,13.86,160.487557744829,2005,6,168,TRUE,FALSE,18
2005-06-18,5,8,0.4,0,-3.29461360203921,2.57600219448384,17.1,128.021245597167,2005,6,169,FALSE,FALSE,22
2005-06-19,5,6.2,0,0,5.05007856876482,-1.52641312463633,19.66,286.817721385065,2005,6,170,FALSE,FALSE,14
2005-06-20,4,7.5,0,0,6.8165577243651,-2.98920357181252,22.975,293.678459135704,2005,6,171,FALSE,FALSE,14
2005-06-21,4,7,0,0,6.44293619708677,-2.57602766064598,25.45,291.792617195659,2005,6,172,FALSE,FALSE,16
2005-06-22,5,13.4,0.8,0,-0.847480714293584,11.840565524195,25.16,175.906073529021,2005,6,173,TRUE,FALSE,22
2005-06-23,5,17.4,0,0.2,13.6014936065788,-9.81052917488116,19.46,305.802279413923,2005,6,174,FALSE,FALSE,23
2005-06-24,5,10.4,0,0,9.16743371481683,-4.6,16.74,296.646408065104,2005,6,175,FALSE,FALSE,20
2005-06-25,5,11,0,0,9.96634080471831,-4.24114745093489,19.9,293.052037680207,2005,6,176,FALSE,FALSE,NA
2005-06-26,3,6.33333333333333,0,0,4.92288840058147,-3.03332557898124,22.9333333333333,301.640040586783,2005,6,177,FALSE,FALSE,14
2005-06-27,5,11,0,0,7.66229650702764,-7.83485607383305,13.86,315.637957602599,2005,6,178,FALSE,FALSE,20
2005-06-28,5,7,0,0,5.51042308391516,-2.26617684795881,15.98,292.355051812987,2005,6,179,FALSE,FALSE,19
2005-06-29,4,5.75,0.5,0,3.61156546580842,3.0540010175542,20.525,229.78157278671,2005,6,180,FALSE,FALSE,21
2005-06-30,5,9,0.8,0,-0.0708975043101405,8.06435840365145,24.14,179.496299281007,2005,6,181,TRUE,FALSE,NA
2005-07-01,3,15.6666666666667,1,0,3.5623479450756,15.2030791360598,25.4,193.187489320464,2005,7,182,TRUE,FALSE,23
2005-07-02,5,13.4,0.2,0.2,-1.39077159571369,1.23512398121146,17.26,131.607812864493,2005,7,183,FALSE,FALSE,19
2005-07-03,4,5,0,0,4.94682713554273,0.0868240888334659,19.65,268.994478079083,2005,7,184,FALSE,FALSE,15
2005-07-04,3,4.66666666666667,0.333333333333333,0,2.32898552285161,0.423375132775692,25.4666666666667,259.696981987121,2005,7,185,FALSE,FALSE,15
2005-07-05,5,8.6,1,0,-3.64278760968654,7.18786797481598,27.4,153.124259778258,2005,7,186,TRUE,FALSE,22
2005-07-06,5,14.8,0.6,0.2,1.03356358843145,4.301971297187,20.44,193.50946501046,2005,7,187,TRUE,FALSE,17
2005-07-07,5,10.6,1,0,-4.08064729310315,9.68834637673091,23.36,157.159597041211,2005,7,188,TRUE,FALSE,21
2005-07-08,5,11,1,0,-1.64169668796321,10.6436786930261,26.52,171.231712592964,2005,7,189,TRUE,FALSE,NA
2005-07-09,5,10.6,0.6,0,-2.87735922212373,7.15372539381572,17.08,158.089106401692,2005,7,190,TRUE,FALSE,21
2005-07-10,4,6.5,0.25,0,5.42508338780163,-0.0889921093118442,15.125,270.939785555142,2005,7,191,FALSE,FALSE,17
2005-07-11,3,7,0,0,6.36788872613104,-2.28584271642876,21.3,289.746310095309,2005,7,192,FALSE,FALSE,15
2005-07-12,4,10.25,1,0,-0.511949198988859,8.47945947155177,27.65,176.544948929767,2005,7,193,TRUE,FALSE,17
2005-07-13,5,12.6,0.8,0.2,4.88627809242983,10.4813087384398,25.98,204.99444797853,2005,7,194,TRUE,FALSE,NA
2005-07-14,4,5.5,0,0,5.12548128715974,-1.86552262481457,25.65,290,2005,7,195,FALSE,FALSE,20
2005-07-15,4,6.5,0.75,0,0.939692620785909,5.7736550318806,27.475,189.244133708295,2005,7,196,TRUE,FALSE,14
2005-07-16,5,15.8,0,0.2,9.72519897160135,-11.5424774283915,20.3,319.883941106489,2005,7,197,FALSE,FALSE,21
2005-07-17,4,5.5,0.25,0,3.97641462248127,2.30875950634359,24.775,239.859976570749,2005,7,198,FALSE,FALSE,20
2005-07-18,5,11.6,0.8,0,1.1046338918168,10.068664919,29.12,186.26088457483,2005,7,199,TRUE,FALSE,23
2005-07-19,5,6.8,0,0,6.01840932794253,-2.99350229940358,28.02,296.445336114234,2005,7,200,FALSE,FALSE,NA
2005-07-20,5,11.8,1,0,-0.368307839645948,11.5307781863337,29.32,178.170521342917,2005,7,201,TRUE,FALSE,NA
2005-07-21,3,4,0,0,3.83918032209576,1.92438657601694e-15,28.6,270,2005,7,202,FALSE,FALSE,16
2005-07-22,4,12.5,0,0,-12.2824680453516,0.455064977168116,17.625,92.1218359408341,2005,7,203,FALSE,FALSE,18
2005-07-23,5,8.4,0.8,0,4.40788153054988,6.95907641721863,25.6,212.350184477602,2005,7,204,TRUE,FALSE,20
2005-07-24,5,18.6,0,0.2,12.2228455687641,-13.8102040173342,24.94,318.489275297932,2005,7,205,FALSE,FALSE,NA
2005-07-25,4,6.75,0,0,5.95750105494884,-2.84869168353176,25.575,295.555676148156,2005,7,206,FALSE,FALSE,14
2005-07-26,4,5.5,0,0,5.02930736601518,-1.10806458644465,25.1,282.424988010953,2005,7,207,FALSE,FALSE,22
2005-07-27,3,4.66666666666667,0,0,4.06652040241046,-1.62551924269281,28.5666666666667,291.788182007735,2005,7,208,FALSE,FALSE,15
2005-07-28,4,5.75,0.25,0,3.8755161527628,2.04216926661054,30.325,242.213404661049,2005,7,209,FALSE,FALSE,14
2005-07-29,3,11,1,0,3.61186919986704,10.2620046059536,32.2333333333333,199.390297872943,2005,7,210,TRUE,FALSE,17
2005-07-30,3,7.33333333333333,0.666666666666667,0,3.67124154233935,5.19387244960498,33.2333333333333,215.254232978937,2005,7,211,TRUE,FALSE,NA
2005-07-31,4,6.25,0.75,0,0.625098459766797,5.39055813196326,32.675,186.61457442989,2005,7,212,TRUE,FALSE,19
2005-08-01,5,10.2,0.8,0,-0.736756260372044,8.9018029160899,28.1,175.268707675502,2005,8,213,TRUE,FALSE,NA
2005-08-02,5,15.4,0,0,10.8376405685973,-10.473113203418,25.7,314.020032650743,2005,8,214,FALSE,FALSE,22
2005-08-03,5,6.8,0,0,5.5974457556072,-3.75301708879965,26.36,303.841356457076,2005,8,215,FALSE,FALSE,14
2005-08-04,2,4,0,0,3.50170439226237,-0.938278864039218,26.15,285,2005,8,216,FALSE,FALSE,14
2005-08-05,3,4.66666666666667,0,0,4.19982834996441,-1.89819757022257,31.3,294.321554143383,2005,8,217,FALSE,FALSE,14
2005-08-06,3,6,1,0,-2.56486423688924,5.35452888834366,34.2,154.40518834973,2005,8,218,TRUE,FALSE,14
2005-08-07,4,5.5,0,0,5.06009559388384,-0.0868240888334642,30.75,270.983018134034,2005,8,219,FALSE,FALSE,15
2005-08-08,4,8.25,0,0,7.62883075612573,-2.96145984838838,29.4,291.215871192494,2005,8,220,FALSE,FALSE,21
2005-08-09,5,4.8,0.2,0,3.28354208516558,-1.00886914050334,25.64,287.079588810582,2005,8,221,FALSE,FALSE,15
2005-08-10,4,9.5,0,0.25,7.47821074024534,-4.9449750716851,23.975,303.474714690891,2005,8,222,FALSE,FALSE,17
2005-08-11,5,5.6,0.4,0,1.2757458938121,4.16430607359017,24.6,197.032580414618,2005,8,223,FALSE,FALSE,16
2005-08-12,5,18.4,0.2,0,-8.9073671981043,-8.18121938604723,17.3,47.4332141281552,2005,8,224,FALSE,FALSE,21
2005-08-13,4,4.75,0.5,0,0.00673144315178886,3.14104444311898,23.625,180.122788040466,2005,8,225,FALSE,FALSE,14
2005-08-14,3,4,0.333333333333333,0,3.29282067469922,0.691638731267438,24.7333333333333,258.137781278406,2005,8,226,FALSE,FALSE,16
2005-08-16,4,5.5,0,0,4.86500902065935,-1.63263353770453,27.175,288.551080586757,2005,8,228,FALSE,FALSE,16
2005-08-17,5,11.4,1,0,-4.63862714977748,10.307499482757,15.1,155.771088034834,2005,8,229,TRUE,FALSE,20
2005-08-18,5,5.8,0.2,0,5.09054268527921,1.60080014274911,21.56,252.543436169639,2005,8,230,FALSE,FALSE,17
2005-08-19,3,5,0.333333333333333,0,3.68411619896364,1.57456458946011,22.1,246.858487355967,2005,8,231,FALSE,FALSE,23
2005-08-20,3,4,0,0,3.78085454641181,-1.12972847377848,26.4333333333333,286.636272588377,2005,8,232,FALSE,FALSE,14
2005-08-21,1,4,0,0,3.46410161513775,-2,30.9,300,2005,8,233,FALSE,FALSE,15
2005-08-22,5,7,0.4,0,1.1988487792885,4.5046530817308,24.54,194.903008368683,2005,8,234,FALSE,FALSE,20
2005-08-23,4,19,0.75,0.25,2.03246609694419,9.44215674226965,20.375,192.14781329325,2005,8,235,TRUE,FALSE,18
2005-08-24,5,6.6,0.6,0,2.32007051810821,5.31281129537635,18.6,203.590584197602,2005,8,236,TRUE,FALSE,21
2005-08-25,3,5,0,0,4.7409573660938,-1.12269352443422,24.4666666666667,283.322645389985,2005,8,237,FALSE,FALSE,15
2005-08-26,4,6.75,0.25,0,2.21647932050653,3.46717692872074,26.05,212.589761943852,2005,8,238,FALSE,FALSE,14
2005-08-27,4,7.75,1,0,-2.34081744427747,6.65249095608542,27.95,160.614517281446,2005,8,239,TRUE,FALSE,NA
2005-08-28,4,4.75,0.25,0,2.62615299483129,1.4721746722853,28.375,240.725785120585,2005,8,240,FALSE,FALSE,14
2005-08-29,5,16.4,1,0,1.92350792931192,14.7260630283084,18.86,187.441802495975,2005,8,241,TRUE,FALSE,21
2005-08-30,5,8.8,0,0,4.1828460367076,-4.49069182867628,17.24,317.032718835699,2005,8,242,FALSE,FALSE,17
2005-09-01,2,6.5,0,0,5.27923176226974,-3.74975663390289,25.9,305.385588884559,2005,9,244,FALSE,FALSE,19
2005-09-02,2,4,0.5,0,2.87938524157182,2.41609109422022,21.2,230,2005,9,245,FALSE,FALSE,17
2005-09-03,5,11.8,0.8,0,3.5896663351466,9.70648047641062,25.38,200.295483465138,2005,9,246,TRUE,FALSE,23
2005-09-04,5,10.4,0.4,0,5.14778434607965,7.71105157071702,20.88,213.726489175209,2005,9,247,FALSE,FALSE,20
2005-09-05,5,8.6,0,0,7.54802578438659,-3.62976899929659,20.14,295.682428970392,2005,9,248,FALSE,FALSE,NA
2005-09-06,5,7.2,0,0,6.17749267118718,-3.56657705662686,20.62,300,2005,9,249,FALSE,FALSE,15
2005-09-07,5,6.2,0,0,4.670176521192,-3.91047826972633,22.22,309.940444036208,2005,9,250,FALSE,FALSE,23
2005-09-08,4,9.25,0.75,0,1.06201443602382,7.51195302566725,27.15,188.0469533306,2005,9,251,TRUE,FALSE,21
2005-09-09,5,11.8,0.4,0,2.75672565811924,-2.6910107703881,19.34,314.308886698466,2005,9,252,FALSE,FALSE,20
2005-09-10,5,6.6,0,0,-5.82626285785065,-2.96277114086843,8.4,63.0457535470188,2005,9,253,FALSE,FALSE,NA
2005-09-11,4,5,0.25,0,-1.98571649833209,1.64434668419107,10.025,129.627725160032,2005,9,254,FALSE,FALSE,15
2005-09-12,2,4,0,0,3.70166631359329,1.34729635533386,11.85,250,2005,9,255,FALSE,FALSE,15
2005-09-13,4,6.25,1,0,-1.79968645036123,5.50210578790933,16.95,161.887571789665,2005,9,256,TRUE,FALSE,20
2005-09-14,4,6.25,0.5,0,3.91172200169537,2.50322835264148,20.25,237.383601340692,2005,9,257,FALSE,FALSE,22
2005-09-15,5,5.8,0.4,0,1.65539705525811,-0.0198737863444585,18.98,270.687828563609,2005,9,258,FALSE,FALSE,14
2005-09-16,5,14.6,0,0.2,10.339157646537,-9.92158245147182,16.5,313.819297348825,2005,9,259,FALSE,FALSE,17
2005-09-17,5,6,0.2,0,5.19346905099444,1.92967750373358,18.14,249.617023859282,2005,9,260,FALSE,FALSE,21
2005-09-18,4,7,0.75,0,0.479151841917449,6.0260107257601,18.4,184.546247981262,2005,9,261,TRUE,FALSE,NA
2005-09-19,5,18.2,1,0,0.396347677102144,17.0233746629585,21.5,181.333751241872,2005,9,262,TRUE,FALSE,NA
2005-09-20,5,8.4,0,0,7.54748412951542,-3.12212297313545,18.66,292.473121656566,2005,9,263,FALSE,FALSE,14
2005-09-21,5,9.8,0,0,8.84065159869455,-4.14169668796321,16.16,295.102300527521,2005,9,264,FALSE,FALSE,19
2005-09-22,5,11.8,0,0,8.30519128422328,-7.4361924577853,13.22,311.840209290368,2005,9,265,FALSE,FALSE,NA
2005-09-23,5,7.8,0,0,6.73710029772403,-3.80946201275224,15.62,299.485786608028,2005,9,266,FALSE,FALSE,14
2005-09-24,5,15.4,0,0.6,12.6569206857552,-8.67095574586847,15.88,304.414116777505,2005,9,267,FALSE,TRUE,18
2005-09-25,5,5.2,0.4,0,2.03950120754263,-0.0817792909833855,17.08,272.296198411093,2005,9,268,FALSE,FALSE,15
2005-09-26,5,9.4,0.8,0,1.17857346183979,7.45984455642981,20.68,188.977896647773,2005,9,269,TRUE,FALSE,20
2005-09-27,5,19.8,0,0.2,12.7269318220874,-15.0052775571818,18.86,319.696599730081,2005,9,270,FALSE,FALSE,19
2005-09-28,5,8.4,0.6,0,-0.249554977830586,7.37486146000412,18.48,178.061930610151,2005,9,271,TRUE,FALSE,NA
2005-09-29,5,18,1,0,-7.98892891728428,16.0599274569293,13.36,153.552185896098,2005,9,272,TRUE,FALSE,20
2005-09-30,4,7,0,0,3.74299068588852,-3.43771666534973,15.825,312.565645547657,2005,9,273,FALSE,FALSE,17
2006-05-01,5,9.4,0.2,0,-0.475010647914584,2.973387756969,7.9,170.923465417862,2006,5,121,FALSE,FALSE,16
2006-05-02,4,5.25,0.5,0,2.37926983938755,2.58995058261409,10.8,222.572276635886,2006,5,122,FALSE,FALSE,15
2006-05-03,3,5.66666666666667,0.333333333333333,0,1.0759805219626,1.35749820407323,14.6666666666667,218.401055118923,2006,5,123,FALSE,FALSE,14
2006-05-04,2,10,0,0,8.991756514351,-4.28909064496551,18.75,295.501260328522,2006,5,124,FALSE,FALSE,20
2006-05-05,3,6.66666666666667,0.666666666666667,0,-0.32826925100407,3.63275679377754,20.3,174.836566546429,2006,5,125,TRUE,FALSE,NA
2006-05-06,5,13.8,0.8,0,5.31344613198068,12.0958973937865,18.82,203.714765989707,2006,5,126,TRUE,FALSE,NA
2006-05-07,5,13.8,1,0,-2.92308990610897,12.7898204392141,11.44,167.126265537289,2006,5,127,TRUE,FALSE,NA
2006-05-08,4,19.75,0.25,0.25,14.0697726551546,-9.4593732586216,8.75,303.913683972649,2006,5,128,FALSE,FALSE,17
2006-05-09,5,9,0,0,7.19085250897456,-4.77907751877666,13.32,303.608216440282,2006,5,129,FALSE,FALSE,NA
2006-05-10,4,4.5,0.25,0,3.50708365278676,0.689692620785909,15.975,258.87435712953,2006,5,130,FALSE,FALSE,16
2006-05-11,4,8.5,0.5,0,-1.56687081905179,6.48516412846854,15.525,166.417157291197,2006,5,131,FALSE,FALSE,NA
2006-05-12,5,16.4,0.8,0,5.06331495720132,5.8100655249987,15.04,221.071269724832,2006,5,132,TRUE,FALSE,NA
2006-05-13,4,6,0,0,5.13996809076984,-1.42352649461837,14.9,285.48019853696,2006,5,133,FALSE,FALSE,15
2006-05-14,2,4,0,0,3.41147412780977,-1.96961550602441,20.05,300,2006,5,134,FALSE,FALSE,14
2006-05-15,5,6.8,0,0,6.330976047743,-1.65212085995401,22.84,284.625635028622,2006,5,135,FALSE,FALSE,NA
2006-05-16,3,6.33333333333333,0,0,6.13184712721595,-1.49263971176095,23.9333333333333,283.681093223427,2006,5,136,FALSE,FALSE,NA
2006-05-17,1,6,0,0,5.63815572471545,-2.05212085995401,23,290,2006,5,137,FALSE,FALSE,17
2006-05-18,2,11.5,0,0.5,10.8064651390379,-3.93323164824518,27,290,2006,5,138,FALSE,TRUE,17
2006-05-19,2,12.5,0,0,8.03484512108174,-9.57555553898722,26.45,320,2006,5,139,FALSE,FALSE,20
2006-05-20,4,9.25,0.75,0,-2.42032352537744,7.2896165915754,15.925,161.632624288913,2006,5,140,TRUE,FALSE,20
2006-05-21,4,6,0.25,0,4.8218251160638,0.850217864219774,20.8,260,2006,5,141,FALSE,FALSE,NA
2006-05-22,5,8.4,0,0.2,7.80554859630614,-2.24617698691943,18.62,286.054056641053,2006,5,142,FALSE,FALSE,21
2006-05-23,5,11.8,1,0,1.10594104773608,11.4544361966252,20.62,185.514889210201,2006,5,143,TRUE,FALSE,NA
2006-05-24,3,9.33333333333333,0.333333333333333,0,4.65470053837925,3.26474287801998,19.2333333333333,234.954708925065,2006,5,144,FALSE,FALSE,21
2006-05-25,5,9.4,0.2,0,2.81337426744684,-0.385961826530103,16.62,277.811543934632,2006,5,145,FALSE,FALSE,14
2006-05-26,5,14.2,0.6,0,-8.3852501966659,10.7868775291842,12.04,142.140056137183,2006,5,146,TRUE,FALSE,NA
2006-05-27,5,5.6,0.4,0,0.266770004447527,-0.921305689442914,12.58,343.851285850191,2006,5,147,FALSE,FALSE,14
2006-05-28,3,13,0,0,-1.12835554495182,-2.1426253656218,16.1,27.7723172341617,2006,5,148,FALSE,FALSE,17
2006-05-29,5,14,1,0,-2.6057486696977,13.0006006311914,15.74,168.666217672396,2006,5,149,TRUE,FALSE,NA
2006-05-30,5,5.6,0.8,0,-0.461081457866455,3.47625541272799,19.78,172.444538103766,2006,5,150,TRUE,FALSE,16
2006-06-01,1,4,0,0,4,7.34788079488412e-16,25.2,270,2006,6,152,FALSE,FALSE,16
2006-06-02,3,13,0,0,-3.509948074134,-5.36697894098455,19.7666666666667,33.1842662234518,2006,6,153,FALSE,FALSE,NA
2006-06-03,5,12.6,1,0,-4.933889006149,11.3619192792441,20.88,156.527207701004,2006,6,154,TRUE,FALSE,NA
2006-06-04,4,4.75,0,0,4.48945801089034,0.946671920603668,11.45,258.092732813773,2006,6,155,FALSE,FALSE,15
2006-06-05,5,5.8,1,0,-1.28595821021481,5.41346153331272,19.58,166.637165708995,2006,6,156,TRUE,FALSE,14
2006-06-06,3,5.33333333333333,0,0,4.92451305315697,1.45250938309543,22.6333333333333,253.566316601623,2006,6,157,FALSE,FALSE,NA
2006-06-07,5,6.4,0,0,2.9389104430714,-0.340612488411282,22.52,276.610945206667,2006,6,158,FALSE,FALSE,14
2006-06-08,4,6.75,0.75,0,0.618660391840363,5.84585529191921,14.775,186.041063052712,2006,6,159,TRUE,FALSE,14
2006-06-09,3,5.33333333333333,0,0,5.09393155042808,-1.36125937733439,22.3333333333333,284.961631226702,2006,6,160,FALSE,FALSE,22
2006-06-10,5,5.4,0.6,0,-1.27169764705924,3.3458485743253,17.34,159.18909126153,2006,6,161,TRUE,FALSE,15
2006-06-11,4,5.25,0,0,4.31958398247896,-2.24881306495323,19.15,297.501878170804,2006,6,162,FALSE,FALSE,14
2006-06-12,5,14.6,0,0.4,12.2421428658766,-7.77887999761416,20.54,302.432618542944,2006,6,163,FALSE,TRUE,19
2006-06-13,5,7.6,0,0,6.0719173065349,-3.84339254909877,20.86,302.332927165591,2006,6,164,FALSE,FALSE,18
2006-06-14,5,12.6,0.8,0,-5.50349890529026,10.6862296877543,13.66,152.75114857071,2006,6,165,TRUE,FALSE,20
2006-06-15,5,11.4,1,0,-4.53094906060995,10.4178270089535,12.76,156.494685929759,2006,6,166,TRUE,FALSE,18
2006-06-16,5,9.2,1,0,-2.41883404819751,8.46448997752263,18.54,164.052048699652,2006,6,167,TRUE,FALSE,23
2006-06-17,5,8.4,0.2,0,0.010434840201129,5.73394228778464,16.96,180.104268863096,2006,6,168,FALSE,FALSE,21
2006-06-18,5,7.6,0,0,6.79448464387997,-2.271247785185,19.6,288.483655826255,2006,6,169,FALSE,FALSE,NA
2006-06-19,4,14.75,0,0.25,8.05960481936798,-7.42604025302656,15.6,312.657163028515,2006,6,170,FALSE,FALSE,17
2006-06-20,5,6.2,0,0,5.89792840787246,0.924654259740036,16.84,261.08991785051,2006,6,171,FALSE,FALSE,15
2006-06-21,5,9.2,0,0,8.24387414404681,-2.879403105777,18.06,289.253180117968,2006,6,172,FALSE,FALSE,18
2006-06-22,4,5.25,0.75,0,0.559920679859218,4.30291801705448,24.125,187.41400043606,2006,6,173,TRUE,FALSE,14
2006-06-23,3,5,0,0,4.19085309242869,0.376804979397271,24.1,264.862277735885,2006,6,174,FALSE,FALSE,14
2006-06-24,1,6,0,0,6,1.10218211923262e-15,22.4,270,2006,6,175,FALSE,FALSE,18
2006-06-25,3,8,0,0,7.37020653228433,-3.05212085995401,25.9666666666667,292.495231278463,2006,6,176,FALSE,FALSE,19
2006-06-28,5,12,1,0,-3.63945512583585,11.3193753728038,30.36,162.176135941401,2006,6,179,TRUE,FALSE,NA
2006-06-29,2,10,1,0,-4.13111078829118,9.06542373135247,29.6,155.501260328522,2006,6,180,TRUE,FALSE,NA
2006-06-30,5,5.4,0.8,0,-2.8400313676005,4.36551494004249,27.42,146.953564257617,2006,6,181,TRUE,FALSE,14
2006-07-01,3,8.66666666666667,0,0,-5.95750573783575,-1.92074052552745,22.0333333333333,72.1303242293005,2006,7,182,FALSE,FALSE,NA
2006-07-02,1,7,0,0,6.89365427108546,-1.21553724366851,29.3,280,2006,7,183,FALSE,FALSE,19
2006-07-03,2,4,0,0,3.84900074759623,1.0313366419852,29.7,255,2006,7,184,FALSE,FALSE,14
2006-07-06,3,8,0.333333333333333,0,5.70864136343538,-2.70118020622974,23.7333333333333,295.322291691055,2006,7,187,FALSE,FALSE,16
2006-07-07,5,9.8,1,0,-3.62436170996431,8.87482123113721,24.14,157.785533405881,2006,7,188,TRUE,FALSE,21
2006-07-08,1,4,0,0,3.75877048314363,-1.36808057330267,28.8,290,2006,7,189,FALSE,FALSE,16
2006-07-10,4,15.75,0,0,11.2940348837012,-9.55030687370018,19.05,310.218070498434,2006,7,191,FALSE,FALSE,18
2006-07-11,5,6,1,0,-1.71026367375739,5.1712011492903,27.64,161.699476595042,2006,7,192,TRUE,FALSE,NA
2006-07-12,5,13.8,1,0,-6.14169668796321,12.3047532138323,22.76,153.474746562271,2006,7,193,TRUE,FALSE,23
2006-07-13,5,10,1,0,-2.77319679753664,8.75647165586292,22.86,162.42687327875,2006,7,194,TRUE,FALSE,23
2006-07-14,2,8,1,0,2.85776862183426,7.3439414525727,27.8,201.262644538325,2006,7,195,TRUE,FALSE,NA
2006-07-15,5,9.4,1,0,-0.780398995900802,8.69712363158806,28.74,174.872541557284,2006,7,196,TRUE,FALSE,NA
2006-07-16,4,4,0,0,3.60168535292783,-0.490083965020399,26.475,277.748689598254,2006,7,197,FALSE,FALSE,14
2006-07-17,5,11,1,0,-0.826383885339465,10.3730575330375,29.9,175.445073020456,2006,7,198,TRUE,FALSE,NA
2006-07-18,5,11,1,0,-4.24114745093489,9.96634080471831,24.94,156.947962319793,2006,7,199,TRUE,FALSE,21
2006-07-19,2,4,0,0,4,7.34788079488412e-16,25.25,270,2006,7,200,FALSE,FALSE,15
2006-07-20,5,7.2,0.2,0,6.78118456648857,0.0645480827724757,28.3,269.454634954756,2006,7,201,FALSE,FALSE,15
2006-07-22,1,6,0,0,5.63815572471545,-2.05212085995401,32.7,290,2006,7,203,FALSE,FALSE,NA
2006-07-24,2,5,0,0,4.26774883538135,-2.27565918439348,32.75,298.067537291975,2006,7,205,FALSE,FALSE,NA
2006-07-25,4,5.25,0.5,0,3.05427231472481,1.95869243903979,33.05,237.328112006897,2006,7,206,FALSE,FALSE,14
2006-07-26,1,4,0,0,4,7.34788079488412e-16,31.1,270,2006,7,207,FALSE,FALSE,14
2006-07-27,5,8,1,0,-0.673487862634954,7.69800149519247,32.94,175,2006,7,208,TRUE,FALSE,NA
2006-07-28,5,7.8,1,0,-2.11256671980047,7.25388401627525,31.26,163.762724026755,2006,7,209,TRUE,FALSE,16
2006-07-29,5,9.8,1,0,0.285929763523708,8.61350006283612,28.4,181.901266034359,2006,7,210,TRUE,FALSE,NA
2006-07-30,5,17.4,0.8,0.2,5.84504878336208,15.6825869082055,20.84,200.440901366221,2006,7,211,TRUE,FALSE,19
2006-07-31,4,9,0,0,8.27741588977837,-2.18643647333289,21.85,284.796433915105,2006,7,212,FALSE,FALSE,NA
2006-08-01,5,5.6,0.2,0,4.92162056371953,-1.25003293281209,21.5,284.251099542027,2006,8,213,FALSE,FALSE,16
2006-08-02,5,6.4,0,0,5.61879223906044,-0.867476064070851,25.34,278.776507072522,2006,8,214,FALSE,FALSE,21
2006-08-03,4,4.75,0,0,4.15833206630931,-1.64104444311898,26,291.536178431597,2006,8,215,FALSE,FALSE,15
2006-08-04,4,15.25,0,0.5,13.3181676522428,-6.75966403716644,27.225,296.91016747928,2006,8,216,FALSE,TRUE,NA
2006-08-05,4,4.75,0,0,4.55905447758022,0.803884310917129,25.375,260,2006,8,217,FALSE,FALSE,14
2006-08-06,2,4,1,0,1.63287157470694,3.50170439226237,30.95,205,2006,8,218,TRUE,FALSE,15
2006-08-08,4,8,0,0,7.25706869978687,-3.18731234614665,27.475,293.711132620091,2006,8,220,FALSE,FALSE,15
2006-08-09,5,11,1,0,-0.72523245391864,10.5853827562081,28.94,176.080640041469,2006,8,221,TRUE,FALSE,NA
2006-08-10,5,14.4,0,0.2,-0.435726566242101,-4.56564663313694,20.68,5.45156296210173,2006,8,222,FALSE,FALSE,NA
2006-08-11,5,8.8,0.4,0,-5.94544384991337,3.77473052772755,16.58,122.41124577053,2006,8,223,FALSE,FALSE,20
2006-08-12,3,6,0.666666666666667,0,3.35472592415864,4.8985020305761,20.9,214.40518834973,2006,8,224,TRUE,FALSE,19
2006-08-13,4,5.25,0.25,0,4.63554369582762,-0.369427823381417,23.8,274.556534262679,2006,8,225,FALSE,FALSE,16
2006-08-15,4,5.25,0,0,4.34939078892919,-2.39092276007042,25.925,298.798229069112,2006,8,227,FALSE,FALSE,15
2006-08-16,3,9,0,0,5.98803387171259,-4.24081062144515,24.5666666666667,305.306667908621,2006,8,228,FALSE,FALSE,14
2006-08-17,4,7,0.25,0,1.7025781954473,4.04919889505074,25.725,202.805431636629,2006,8,229,FALSE,FALSE,20
2006-08-18,2,4,0,0,3.61143604914069,0.315959713348665,25.15,265,2006,8,230,FALSE,FALSE,14
2006-08-19,3,4,0.333333333333333,0,0.389907369192933,1.74821276712704,30.6666666666667,192.573012941928,2006,8,231,FALSE,FALSE,14
2006-08-22,5,12.6,0,0,10.6930055117603,-6.45432591259778,26.86,301.115290104781,2006,8,234,FALSE,FALSE,19
2006-08-23,4,7.5,0,0,6.66062323613139,-2.19519110579507,24.2,288.241053553482,2006,8,235,FALSE,FALSE,NA
2006-08-24,4,6.25,0,0,4.99253829772866,-3.39757335649658,22.525,304.236471985571,2006,8,236,FALSE,FALSE,17
2006-08-25,4,6.75,0,0,6.09014689726273,-0.611969785011496,25.4,275.738117931804,2006,8,237,FALSE,FALSE,15
2006-08-26,3,4,0,0,3.95948734136589,7.03141248929266e-16,25.6,270,2006,8,238,FALSE,FALSE,14
2006-08-29,5,11.6,1,0,-0.448638399558043,10.4575327263601,24.18,177.543461266972,2006,8,241,TRUE,FALSE,NA
2006-08-30,4,8.75,0.75,0,0.130072190122372,7.5507687880333,14.675,180.98689957121,2006,8,242,TRUE,FALSE,NA
2006-08-31,5,14.8,0,0.2,10.9852505704874,-9.62574657651621,17.44,311.226229654705,2006,8,243,FALSE,FALSE,21
2006-09-01,3,4,0,0,3.29570867603182,2.170127150265,21.9,236.636272588377,2006,9,244,FALSE,FALSE,14
2006-09-03,5,6.2,0,0,5.70343108674066,-2.29763018584705,25.88,291.942066492398,2006,9,246,FALSE,FALSE,NA
2006-09-05,4,5.5,0,0,4.94730776331809,-2.35505035831417,27.2,295.45569322547,2006,9,248,FALSE,FALSE,16
2006-09-06,2,5,0,0,4.83380850060844,-1.20498481965213,26.3,283.997556062897,2006,9,249,FALSE,FALSE,14
2006-09-09,5,10.6,1,0,-2.09555176405017,10.1513105082719,23.48,168.336176741544,2006,9,252,TRUE,FALSE,NA
2006-09-10,4,5,0.25,0,3.91903734488151,-0.589508694165065,22.8,278.554400313209,2006,9,253,FALSE,FALSE,14
2006-09-11,3,4.66666666666667,0,0,4.00636689277539,-0.598976711518839,25.2,278.503093830179,2006,9,254,FALSE,FALSE,14
2006-09-12,2,4,0,0,3.26413969380683,0.285575219373079,24.9,265,2006,9,255,FALSE,FALSE,16
2006-09-13,5,8.8,0.2,0,6.69567944745075,-0.105129154987912,19.54,270.899529619355,2006,9,256,FALSE,FALSE,NA
2006-09-14,5,8.8,0.2,0,3.29944215315506,-3.12148152423963,10.16,313.412411695918,2006,9,257,FALSE,FALSE,19
2006-09-15,5,14.4,0,0.2,9.79076314815901,-9.73494801066116,14.66,314.83621784246,2006,9,258,FALSE,FALSE,23
2006-09-16,3,6.33333333333333,0,0,5.70935888483826,2.37479458724726,13.1666666666667,247.415244949802,2006,9,259,FALSE,FALSE,19
2006-09-17,5,6,0,0,5.53467156835114,-0.804571897441886,16.32,278.271115494756,2006,9,260,FALSE,FALSE,NA
2006-09-18,2,4,0,0,1.04801052091754,-0.879385241571816,12.5,310,2006,9,261,FALSE,FALSE,14
2006-09-19,5,6,0.2,0,4.17041478727614,-1.09046561892325,13.9,284.653430237461,2006,9,262,FALSE,FALSE,14
2006-09-20,5,13.8,1,0,-3.33922785949257,13.3377022511012,13.22,165.944342092531,2006,9,263,TRUE,FALSE,21
2006-09-21,5,11.2,0,0.4,9.9794199469913,-4.99967654463754,15.34,296.610810494755,2006,9,264,FALSE,TRUE,16
2006-09-22,5,5.6,0,0,4.4976207404229,-1.37738363726766,16.24,287.027059251979,2006,9,265,FALSE,FALSE,15
2006-09-23,5,6.2,0,0,4.79155373833794,-0.991329637023959,18.04,281.689067496613,2006,9,266,FALSE,FALSE,19
2006-09-24,3,4.66666666666667,0.333333333333333,0,3.67856585817319,1.36165399681491,18.5333333333333,249.687517259763,2006,9,267,FALSE,FALSE,14
2006-09-25,4,6,0.25,0,5.02278701038714,-0.328144964839844,21.375,273.737893068938,2006,9,268,FALSE,FALSE,20
2006-09-26,4,6,0,0,4.99565744609179,-2.98449999340054,20.675,300.85489134614,2006,9,269,FALSE,FALSE,14
2006-09-27,1,4,1,0,2.57115043874616,3.06417777247591,21.2,220,2006,9,270,TRUE,FALSE,18
2006-09-28,5,6,0,0,5.43900504703617,-1.13821422756724,20.68,281.81964976824,2006,9,271,FALSE,FALSE,19
2006-09-29,4,5.5,0,0,5.02953817038371,-1.53954692460787,22.925,287.01940468578,2006,9,272,FALSE,FALSE,14
2006-09-30,5,9.2,0.6,0,2.16967579625083,6.585870369121,24.22,198.234159712254,2006,9,273,TRUE,FALSE,14
2007-05-01,5,31.6,0,0,17.656238925925,-26.0666502709373,12.94,325.888260937017,2007,5,121,FALSE,FALSE,NA
2007-05-02,5,6,0.4,0,2.55261580357233,1.7563002065249,12.26,235.470496774898,2007,5,122,FALSE,FALSE,22
2007-05-03,5,15,1,0,-5.13030214988503,14.0953893117886,7.78,160,2007,5,123,TRUE,FALSE,23
2007-05-04,5,14.6,1,0,-5.94137323260075,13.2775089614654,8.56,155.892605934922,2007,5,124,TRUE,FALSE,NA
2007-05-05,5,7,0.4,0,2.52465425974003,1.03081459267193,14.12,247.789840134235,2007,5,125,FALSE,FALSE,14
2007-05-06,5,6.6,0,0,6.19587732031282,-1.10837781320031,16.7,280.142335403518,2007,5,126,FALSE,FALSE,18
2007-05-07,5,9,0.8,0,1.99778739502292,6.9755660842684,21.88,195.981600851287,2007,5,127,TRUE,FALSE,NA
2007-05-08,5,8.2,1,0,0.199902653561155,7.63020569650873,25.54,181.500740529711,2007,5,128,TRUE,FALSE,NA
2007-05-09,5,9.8,0,0,8.21782191831393,-5.09451625560036,20.72,301.79622676244,2007,5,129,FALSE,FALSE,21
2007-05-10,5,5.2,0.4,0,0.345648261788917,3.61762602694196,21.1,185.457792073903,2007,5,130,FALSE,FALSE,15
2007-05-11,5,5.4,0.4,0,0.235768430947501,1.93222431569845,23.04,186.956794352545,2007,5,131,FALSE,FALSE,15
2007-05-12,5,10.6,0,0,9.41390005203309,-4.15656580684629,22.28,293.823133798819,2007,5,132,FALSE,FALSE,21
2007-05-13,5,11,1,0,-3.91253155093797,9.85479080904686,15.36,158.346020349126,2007,5,133,TRUE,FALSE,23
2007-05-14,5,6.2,0.6,0,2.07428623458256,3.48243129858469,17.96,210.779851470959,2007,5,134,TRUE,FALSE,17
2007-05-15,5,4.8,0,0,2.28908241730671,-0.463572801873577,22.16,281.44840443931,2007,5,135,FALSE,FALSE,14
2007-05-16,4,7,0,0,6.37364054631662,-2.5130302149885,24.1,291.518568858133,2007,5,136,FALSE,FALSE,19
2007-05-17,5,11,0.8,0,-0.000472137389017035,8.59524006768542,25.44,179.996852737154,2007,5,137,TRUE,FALSE,NA
2007-05-18,5,9.8,1,0,-2.21649629705096,9.41291344428093,23.12,166.749715126314,2007,5,138,TRUE,FALSE,NA
2007-05-19,5,16.8,1,0,-3.61178873175147,16.1387340605684,17.32,167.385277925822,2007,5,139,TRUE,FALSE,NA
2007-05-20,5,12,0.8,0,-3.30864118208843,10.2723400707711,13.44,162.146652302842,2007,5,140,TRUE,FALSE,21
2007-05-21,4,7.25,0.5,0,0.704997605410615,0.154903219529383,11.05,257.607795742105,2007,5,141,FALSE,FALSE,17
2007-05-22,5,7,0,0,5.74707437602566,0.203232316090849,18.84,267.974707998674,2007,5,142,FALSE,FALSE,22
2007-05-23,5,8.6,0.4,0,2.77585897130662,2.26088812427622,16.74,230.83779220966,2007,5,143,FALSE,FALSE,14
2007-05-24,5,18,0,0,6.12621207440113,-16.5368280611484,9.76,339.672412109876,2007,5,144,FALSE,FALSE,18
2007-05-25,5,5.8,0.8,0,-0.928806312550524,4.83288703326885,18.94,169.1212759496,2007,5,145,TRUE,FALSE,20
2007-05-26,5,7.6,0.4,0,1.08922807537399,2.99206029783359,21.3,200.003503309494,2007,5,146,FALSE,FALSE,NA
2007-05-27,5,17.4,0,0,9.06340298209434,-12.058955690141,13.18,323.071804776474,2007,5,147,FALSE,FALSE,17
2007-05-28,5,11.4,1,0,-1.21553724366851,11.2936542710855,10.38,173.856897211964,2007,5,148,TRUE,FALSE,22
2007-05-29,5,5.2,0.2,0,0.271505629857258,2.91093538127948,19.34,185.32861389412,2007,5,149,FALSE,FALSE,14
2007-05-30,5,5.6,0.2,0,5.13303098486471,0.612835554495184,23.08,263.191650500298,2007,5,150,FALSE,FALSE,20
2007-05-31,5,4.4,0,0,3.84481496795778,-1.07391701236164,25.3,285.605880521647,2007,5,151,FALSE,FALSE,14
2007-06-01,5,5,0,0,4.29359544524216,0.285833064045336,27.12,266.191327484345,2007,6,152,FALSE,FALSE,14
2007-06-02,5,7,0,0,6.62829033476355,-1.08097074846561,27.46,279.262505413147,2007,6,153,FALSE,FALSE,20
2007-06-03,4,7.25,0,0,6.75152656928471,-1.30648233816323,28.275,280.951897078352,2007,6,154,FALSE,FALSE,17
2007-06-04,4,4.75,0.25,0,4.1666349376337,-0.516531094352278,27.25,277.066812356699,2007,6,155,FALSE,FALSE,15
2007-06-05,5,11.4,0.6,0,-0.413772972138803,8.2301853140848,17.4,177.12187512745,2007,6,156,TRUE,FALSE,NA
2007-06-06,5,7,1,0,0.618801985191118,6.90940044855774,11.54,185.11772375619,2007,6,157,TRUE,FALSE,NA
2007-06-07,5,10.2,1,0,-3.36808057330268,9.42287209828139,12.76,160.331244462141,2007,6,158,TRUE,FALSE,23
2007-06-08,4,4.5,0,0,3.81593474492682,0.709223397040009,16.7,259.471235919164,2007,6,159,FALSE,FALSE,14
2007-06-09,5,10.2,0.6,0.2,5.97543304189123,4.88163938161699,19.52,230.752841764796,2007,6,160,TRUE,FALSE,21
2007-06-10,4,9.75,0.25,0,-3.75234277757815,2.03417469073378,15.8,118.462471303834,2007,6,161,FALSE,FALSE,NA
2007-06-11,5,13.8,1,0,-2.94137323260075,12.9677581668455,15.78,167.220291051153,2007,6,162,TRUE,FALSE,NA
2007-06-12,5,9.6,0,0,7.5724057184358,-4.56863551377078,16.46,301.103707563858,2007,6,163,FALSE,FALSE,21
2007-06-13,5,13.2,1,0,-6.21902137194333,11.535712971297,18.86,151.670436944698,2007,6,164,TRUE,FALSE,NA
2007-06-14,5,11,0,0,2.54505859272323,-8.30039158690337,14.62,342.953460190097,2007,6,165,FALSE,FALSE,23
2007-06-15,4,5.25,0.25,0,-1.2079316760251,-0.807346967369675,18.525,56.2423657797806,2007,6,166,FALSE,FALSE,14
2007-06-16,4,10.25,1,0,-1.4194069357317,9.77847354279104,18.075,171.740842637423,2007,6,167,TRUE,FALSE,NA
2007-06-17,5,7,0.6,0,-0.698196891076563,5.11304806706466,13.76,172.224239364135,2007,6,168,TRUE,FALSE,16
2007-06-18,5,14.6,0.8,0,-3.90702835473309,13.3335264615861,17.4,163.668208101125,2007,6,169,TRUE,FALSE,18
2007-06-19,5,8.2,0.8,0,0.290406446164634,7.02100948977326,22.86,182.368546068647,2007,6,170,TRUE,FALSE,NA
2007-06-20,5,6.6,0,0,6.20130773572249,0.660824770613861,27.36,263.917392126221,2007,6,171,FALSE,FALSE,NA
2007-06-21,5,15,1,0,5.00345188206699,13.3136907474518,28.68,200.59684954802,2007,6,172,TRUE,FALSE,NA
2007-06-22,5,13,0.6,0,5.03612860165503,9.54121405949456,27.5,207.826387657465,2007,6,173,TRUE,FALSE,NA
2007-06-23,5,11,1,0,-3.20181909244721,10.2799563846031,21.82,162.700156336642,2007,6,174,TRUE,FALSE,NA
2007-06-24,5,17.2,1,0,-6.01348583058547,15.6910633079724,20.64,159.031033163042,2007,6,175,TRUE,FALSE,NA
2007-06-25,5,12.6,0.6,0,4.00642309576806,10.4290561581788,13.48,201.014763336557,2007,6,176,TRUE,FALSE,NA
2007-06-26,5,5.8,0.2,0,5.25653030674854,0.370965860020067,22.5,265.963193255263,2007,6,177,FALSE,FALSE,15
2007-06-27,5,6.2,0,0,5.75508192134958,-1.91774674278948,23.96,288.429448052663,2007,6,178,FALSE,FALSE,14
2007-06-28,5,14.4,0,0.4,11.7723083918206,-7.98641190578219,23.88,304.153228255445,2007,6,179,FALSE,TRUE,18
2007-06-29,5,7.6,0,0,5.61175850642472,-3.04733582323752,25.08,298.503150551921,2007,6,180,FALSE,FALSE,23
2007-06-30,5,9.8,0,0,7.76859534227911,-5.7149694277195,21.74,306.340069510692,2007,6,181,FALSE,FALSE,20
2007-07-01,4,6.75,0.5,0,-0.75,2.59807621135332,26.375,163.897886248014,2007,7,182,FALSE,FALSE,NA
2007-07-02,5,10,1,0,0.0946917249854121,9.84586997645126,27.94,180.551019762034,2007,7,183,TRUE,FALSE,NA
2007-07-03,5,10.2,1,0,0.404888630632942,9.63990341978376,30.22,182.405084532449,2007,7,184,TRUE,FALSE,NA
2007-07-04,5,6.4,0,0,5.76588615022003,1.90585227454892,31.12,251.70924671678,2007,7,185,FALSE,FALSE,18
2007-07-05,5,5.8,0.2,0,4.29724665096751,0.920116556942427,33.16,257.914447278714,2007,7,186,FALSE,FALSE,19
2007-07-06,5,12,0.6,0,3.63500725231138,7.77114010442315,34.18,205.068184151961,2007,7,187,TRUE,FALSE,NA
2007-07-07,5,11.4,0,0,10.1726851982919,-4.40252030115741,29.82,293.401927536173,2007,7,188,FALSE,FALSE,NA
2007-07-08,5,12.6,1,0,1.21467720460375,11.9333786576735,29.96,185.812017306459,2007,7,189,TRUE,FALSE,20
2007-07-09,5,19.4,0,0.2,11.9950063935031,-14.6143452943905,28.72,320.62190036976,2007,7,190,FALSE,FALSE,NA
2007-07-10,5,7.2,0,0,5.59219238752981,-2.38176930361465,29.8,293.069628113729,2007,7,191,FALSE,FALSE,21
2007-07-11,5,6.4,0,0,5.81079717337056,-1.95017333227978,31.64,288.552371205669,2007,7,192,FALSE,FALSE,20
2007-07-12,5,5.6,0,0,5.07859160065269,-0.362744825815212,34.22,274.085485260832,2007,7,193,FALSE,FALSE,15
2007-07-13,5,5.4,0,0,5.21889321886289,1.16708945691383,34.9,257.394472908217,2007,7,194,FALSE,FALSE,14
2007-07-14,4,6.25,0,0,5.95203036130795,1.84297495588264,33.15,252.795486783926,2007,7,195,FALSE,FALSE,18
2007-07-15,5,7,0.6,0,3.66798322686383,3.70360155856711,32.42,224.723158010428,2007,7,196,TRUE,FALSE,21
2007-07-16,5,5.2,0.4,0,3.62099978815598,2.23085267134101,32.66,238.363296929925,2007,7,197,FALSE,FALSE,16
2007-07-17,4,7.25,0,0,4.5466333698683,-0.125,29.45,271.574828713195,2007,7,198,FALSE,FALSE,14
2007-07-18,5,5.4,0.2,0,2.32068784574819,0.996224015610083,33.2,246.767137835834,2007,7,199,FALSE,FALSE,16
2007-07-19,4,9.5,0.75,0,-0.331912117270353,7.54237602794482,22.075,177.480250025412,2007,7,200,TRUE,FALSE,20
2007-07-20,4,5.75,0.25,0,3.29903810567666,2.04903810567666,24.75,238.155514796832,2007,7,201,FALSE,FALSE,14
2007-07-21,5,10.6,1,0,-3.94540525728279,9.51985725953056,27.42,157.488949477588,2007,7,202,TRUE,FALSE,NA
2007-07-22,5,8.4,0.2,0,7.09602315651096,-3.18716444550482,30.44,294.18713585121,2007,7,203,FALSE,FALSE,NA
2007-07-23,5,8.6,0,0,7.97342682002714,-3.08688255849379,30.02,291.163726773619,2007,7,204,FALSE,FALSE,NA
2007-07-24,5,13.4,0.6,0,4.7663100916788,6.66421615469246,30.46,215.572706594905,2007,7,205,TRUE,FALSE,20
2007-07-25,5,8.6,0,0,7.1278793984167,-4.75692035099693,28.44,303.717887462237,2007,7,206,FALSE,FALSE,20
2007-07-26,5,5.2,0.2,0,4.38040787692924,2.35658355450305,31.9,241.720518267408,2007,7,207,FALSE,FALSE,16
2007-07-27,5,12.4,0.8,0,4.05865702304576,11.0523021556705,34.38,200.164384750714,2007,7,208,TRUE,FALSE,NA
2007-07-28,5,11.4,1,0,0.371797022213322,10.8367670383396,33.3,181.964981594517,2007,7,209,TRUE,FALSE,NA
2007-07-29,5,11.4,0.8,0,2.9467774192066,9.24515930810953,32.72,197.679022137069,2007,7,210,TRUE,FALSE,NA
2007-07-30,5,13.8,0.8,0,-1.22124727780467,12.1157266209602,30.88,174.244111776194,2007,7,211,TRUE,FALSE,NA
2007-07-31,5,8.8,0,0,7.41249072037168,-3.74637923272821,29.74,296.812689164834,2007,7,212,FALSE,FALSE,NA
2007-08-01,5,6.4,0.2,0,5.14494727045656,0.852219691070271,29.36,260.594805975565,2007,8,213,FALSE,FALSE,19
2007-08-02,3,4.66666666666667,0,0,1.98987183534147,0.115765451777954,30.0666666666667,266.670436944698,2007,8,214,FALSE,FALSE,14
2007-08-03,5,17,1,0,1.80268195681048,16.4169028491782,30.86,186.266341706392,2007,8,215,TRUE,FALSE,NA
2007-08-04,5,6.6,0.4,0,4.60537908266289,-0.381647503877957,26.76,274.737273498894,2007,8,216,FALSE,FALSE,16
2007-08-05,5,7.4,0,0,6.53083114781877,-3.18000858922705,28.58,295.962492562045,2007,8,217,FALSE,FALSE,19
2007-08-06,5,6,0,0,2.81759986783407,-3.08957184688001,28.64,317.636092293686,2007,8,218,FALSE,FALSE,21
2007-08-07,5,13.4,1,0,3.13507101589881,12.9798712556774,28.44,193.578770782189,2007,8,219,TRUE,FALSE,NA
2007-08-08,5,11.8,1,0,-3.25426340776369,11.1348445850339,21.34,163.708499769143,2007,8,220,TRUE,FALSE,NA
2007-08-09,5,6.4,0.4,0,3.03097179749523,3.54043648382994,27.68,220.566870526491,2007,8,221,FALSE,FALSE,20
2007-08-10,5,11.6,0.2,0.2,4.82366061092506,-2.05801955527912,18.14,293.105566779355,2007,8,222,FALSE,FALSE,NA
2007-08-11,5,6.8,0,0,6.50922341267822,1.1830171072561,25.2,259.699226917903,2007,8,223,FALSE,FALSE,19
2007-08-12,5,14.6,1,0,-0.184459931032983,13.6927897827499,27.08,179.228196996602,2007,8,224,TRUE,FALSE,23
2007-08-13,5,7,0.2,0,4.25766264878948,-3.0808036590463,27.48,305.889136597816,2007,8,225,FALSE,FALSE,15
2007-08-14,5,7.2,0,0,6.26427032537687,-2.7345349426557,27.74,293.582659319068,2007,8,226,FALSE,FALSE,22
2007-08-15,5,7.4,0,0,6.30561028562196,-3.49110288113987,29.38,298.971118535675,2007,8,227,FALSE,FALSE,NA
2007-08-16,5,7.4,0.4,0,5.12305445396331,2.94765855533823,30.06,240.085112353651,2007,8,228,FALSE,FALSE,NA
2007-08-17,5,13.4,1,0,-0.278504745293478,12.3708794675268,29.78,178.710321972112,2007,8,229,TRUE,FALSE,NA
2007-08-18,4,5.75,0.5,0,2.60041848701154,2.16549551848813,28.225,230.21419807122,2007,8,230,FALSE,FALSE,14
2007-08-19,5,7.8,0.4,0,-3.67812005299427,0.687021559008485,15.88,100.580133766471,2007,8,231,FALSE,FALSE,18
2007-08-20,5,9.2,1,0,1.07316422407106,8.4939538280201,18.76,187.200851957539,2007,8,232,TRUE,FALSE,19
2007-08-21,5,10.4,0.4,0.2,6.97813504440125,-2.65108468343813,22.2,290.802438457469,2007,8,233,FALSE,FALSE,22
2007-08-22,5,9.8,0,0,8.04838168658169,-5.35761085183125,23.42,303.650735334018,2007,8,234,FALSE,FALSE,20
2007-08-23,5,17,0,0,11.4492153005634,-12.2612123626123,24.78,316.96140828997,2007,8,235,FALSE,FALSE,NA
2007-08-24,5,6,0,0,5.60443850686746,-1.59746968761364,24.66,285.90948753233,2007,8,236,FALSE,FALSE,18
2007-08-25,5,16.6,0.8,0.2,4.84522178987399,13.4496367317018,28.66,199.811518776556,2007,8,237,TRUE,FALSE,NA
2007-08-26,5,12.8,0.4,0.4,8.60180157871934,-4.33051926203853,18.54,296.722662354964,2007,8,238,FALSE,TRUE,NA
2007-08-27,5,5.2,0.2,0,4.30745145731169,-0.154098177920188,17.72,272.048870793196,2007,8,239,FALSE,FALSE,14
2007-08-28,5,6.2,0.2,0,4.80400057789842,0.727470646709679,21.48,261.389111425097,2007,8,240,FALSE,FALSE,NA
2007-08-29,5,5.8,0,0,3.267323765729,1.3374781772523,26.54,247.738272985979,2007,8,241,FALSE,FALSE,15
2007-08-30,5,9.4,0.4,0,-7.49870411379043,2.47195697640891,21.66,108.244867066619,2007,8,242,FALSE,FALSE,17
2007-08-31,5,5.8,0,0,-1.54943077259599,0.122542187336693,20.38,94.5220256900794,2007,8,243,FALSE,FALSE,16
2007-09-01,4,5.5,0.75,0,-1,3.68510326614216,25.5,164.817671778759,2007,9,244,TRUE,FALSE,15
2007-09-02,5,6.2,0.4,0,2.69144671741464,1.11641454958268,26.88,247.471281690268,2007,9,245,FALSE,FALSE,18
2007-09-03,5,4.8,0.4,0,1.93654662753282,3.52880684005803,28.62,208.757199368297,2007,9,246,FALSE,FALSE,15
2007-09-04,5,9.8,0,0.2,8.88548672937549,-3.74473397994111,24.68,292.852692551751,2007,9,247,FALSE,FALSE,NA
2007-09-05,5,6.2,0,0,5.5177549405878,-0.561465933385596,25.66,275.810203924,2007,9,248,FALSE,FALSE,16
2007-09-06,5,21,0,0.2,12.0892275359115,-16.7485714470583,23.08,324.178004536026,2007,9,249,FALSE,FALSE,21
2007-09-07,5,28,0,0,12.4202014332567,-24.985383475979,18.72,333.56808928054,2007,9,250,FALSE,FALSE,NA
2007-09-08,5,5.8,0.2,0,3.78716444550482,1.55346057229056,21.22,247.697005414981,2007,9,251,FALSE,FALSE,16
2007-09-09,5,6.2,0,0,3.53336820884798,-2.60766749030122,22.32,306.427763906341,2007,9,252,FALSE,FALSE,19
2007-09-10,5,5.4,0,0,3.76921551682745,-1.283689358816,23.1,288.807406533655,2007,9,253,FALSE,FALSE,15
2007-09-11,5,6,0,0,5.89116975217239,-0.410424171990801,25.06,273.985225227937,2007,9,254,FALSE,FALSE,NA
2007-09-12,5,15.8,0,0,4.90670915009602,-11.9232192733001,23.62,337.631582982733,2007,9,255,FALSE,FALSE,NA
2007-09-13,5,4.8,0.6,0,3.22914193240341,3.10449084786351,24.06,226.1274823479,2007,9,256,TRUE,FALSE,15
2007-09-14,5,5.8,0,0,4.55615605983618,-2.57364391439116,24.18,299.460878537462,2007,9,257,FALSE,FALSE,19
2007-09-15,5,5.8,0,0,5.17646752703414,-0.796096737802725,24,278.743103553121,2007,9,258,FALSE,FALSE,NA
2007-09-16,5,16.2,1,0,-2.78925237264674,15.4307900689072,24.12,169.753915644758,2007,9,259,TRUE,FALSE,NA
2007-09-17,5,11.2,0.2,0,7.58180283433646,-3.83390587823739,19.18,296.824449075461,2007,9,260,FALSE,FALSE,NA
2007-09-18,4,15.5,0,0.25,10.575747572372,-10.2782169274635,11.75,314.182596974572,2007,9,261,FALSE,FALSE,15
2007-09-19,5,13,0,0.2,11.1604476288707,-6.52369210050147,15.38,300.30785650271,2007,9,262,FALSE,FALSE,18
2007-09-20,3,4.66666666666667,0.333333333333333,0,1.97313298069654,-1.47193537660289,8.53333333333333,306.722531409468,2007,9,263,FALSE,FALSE,16
2007-09-21,4,7.25,0.75,0,-1.99175789220478,4.39481846183167,14.8,155.619683314931,2007,9,264,TRUE,FALSE,NA
2007-09-22,5,15.6,0,0,11.5087910073434,-10.246394441513,14.8,311.678999752202,2007,9,265,FALSE,FALSE,NA
2007-09-23,5,12.8,0,0,8.73304596769881,-8.74271306753368,12.3,315.031694415279,2007,9,266,FALSE,FALSE,19
2007-09-24,5,5.4,0.6,0,2.04027888074331,3.2375411715899,15.54,212.218882427237,2007,9,267,TRUE,FALSE,16
2007-09-25,5,14.2,1,0,-5.30360612188803,13.04839814374,16.42,157.880397312253,2007,9,268,TRUE,FALSE,20
2007-09-26,5,13,0,0,9.74824810451927,-8.36109666665128,15.98,310.619773814282,2007,9,269,FALSE,FALSE,NA
2007-09-27,5,5.2,0,0,4.84062293439592,-0.567188288030083,18.7,276.683020950893,2007,9,270,FALSE,FALSE,22
2007-09-28,5,19.2,0.6,0,2.80159892223325,2.82581014062436,13.98,224.753493649376,2007,9,271,TRUE,FALSE,21
2007-09-29,5,10.4,0.6,0,0.921539868122832,6.78571850095955,11.58,187.733784977854,2007,9,272,TRUE,FALSE,NA
2007-09-30,4,5.25,0.25,0,1.60974385786642,-0.94565796266593,9.525,300.432474693978,2007,9,273,FALSE,FALSE,14
2008-05-01,5,6.4,0,0,5.86962738859796,2.1431074487337,12.54,249.941944809195,2008,5,122,FALSE,FALSE,14
2008-05-02,5,4.8,0.2,0,1.36036868151736,0.478137981968192,16.06,250.634610038646,2008,5,123,FALSE,FALSE,14
2008-05-03,5,8.2,0.2,0,6.62095974178562,-2.67550645587122,16.8,292.003459795787,2008,5,124,FALSE,FALSE,21
2008-05-04,5,7.2,0,0,6.10554974473435,-3.20909611376527,18.72,297.726556602324,2008,5,125,FALSE,FALSE,20
2008-05-05,5,7.2,0.6,0,1.33443310672171,6.10733229352156,17.6,192.325246621937,2008,5,126,TRUE,FALSE,NA
2008-05-06,5,7,0.2,0,6.16540768956359,1.30005179695823,18.26,258.092911943182,2008,5,127,FALSE,FALSE,14
2008-05-07,5,16.4,1,0,-1.13658510096291,15.5103399408528,14.4,175.808902985615,2008,5,128,TRUE,FALSE,22
2008-05-08,5,13.4,0.4,0.2,1.05119173794007,5.15587909459394,12.44,191.523647953912,2008,5,129,FALSE,FALSE,NA
2008-05-09,5,6,0.2,0,-0.658041420868833,-1.17646861510978,13.74,29.21986256807,2008,5,130,FALSE,FALSE,16
2008-05-10,5,11.6,0.6,0.2,2.88091553467136,7.60643923929444,15.1,200.744028609684,2008,5,131,TRUE,FALSE,NA
2008-05-11,5,18.8,1,0,-0.220947358299297,17.9820271963592,12.22,179.296035203948,2008,5,132,TRUE,FALSE,NA
2008-05-12,4,7.75,0.25,0,5.82989503667722,2.13147502873626,12.65,249.917020767779,2008,5,133,FALSE,FALSE,22
2008-05-13,5,7.6,0.6,0,2.16245414578614,5.53886378047555,12.66,201.326407151876,2008,5,134,TRUE,FALSE,NA
2008-05-14,5,10.4,0.2,0,7.17336799271116,-4.68082451837743,17.08,303.125579199745,2008,5,135,FALSE,FALSE,22
2008-05-15,5,6.8,0.2,0,5.21585571176648,-2.07279404685324,21.36,291.672996091181,2008,5,136,FALSE,FALSE,14
2008-05-16,5,6.2,0,0,5.74192099998651,-1.71454895257817,23.32,286.625728909018,2008,5,137,FALSE,FALSE,15
2008-05-17,5,5.2,0.2,0,4.27396116363696,2.33567108450866,25.84,241.34389818571,2008,5,138,FALSE,FALSE,16
2008-05-18,4,8.5,0,0,5.7292657843524,-1.61638760670424,27.675,285.755257411096,2008,5,139,FALSE,FALSE,NA
2008-05-19,5,6.6,0.6,0,2.00578337480117,2.66483820782897,23.66,216.968222787673,2008,5,140,TRUE,FALSE,18
2008-05-20,4,5,0.5,0,2.5228797296317,3.768220940386,13.35,213.802894427388,2008,5,141,FALSE,FALSE,18
2008-05-21,5,9.8,1,0,-2.80175645111184,8.65859572948147,13.46,162.06940823669,2008,5,142,TRUE,FALSE,19
2008-05-22,3,5.66666666666667,0,0,5.15354745719931,-2.11464147978163,15.8333333333333,292.309684046618,2008,5,143,FALSE,FALSE,15
2008-05-23,5,25.4,0,0,-21.6770949167376,-12.9564022027568,19.24,59.1332340646449,2008,5,144,FALSE,FALSE,NA
2008-05-24,3,4.66666666666667,0,0,4.4453857399693,-0.459544332439684,14.6333333333333,275.902020060191,2008,5,145,FALSE,FALSE,19
2008-05-25,5,7.4,0,0,4.6943124058909,-3.73018230808769,18.82,308.471264861953,2008,5,146,FALSE,FALSE,14
2008-05-26,5,19.8,0,0,-18.6195109281333,-4.56446313870972,20.34,76.2259110947285,2008,5,147,FALSE,FALSE,NA
2008-05-27,5,6.8,0,0,-6.00092528891858,-2.05218516519073,18.94,71.120434256413,2008,5,148,FALSE,FALSE,NA
2008-05-28,5,6,0,0,4.72997572575898,-0.801339581351039,22.96,279.615592114152,2008,5,149,FALSE,FALSE,NA
2008-05-29,4,10.25,0.5,0.25,0.880908219986968,-1.25898878714444,18.875,325.019707962352,2008,5,150,FALSE,FALSE,14
2008-05-30,5,6,0.2,0,-2.70859086980761,1.34822218829026,20.66,116.462183401932,2008,5,151,FALSE,FALSE,21
2008-05-31,4,5.75,0.5,0,4.03548188843653,3.32944864588043,23.4,230.475881161361,2008,5,152,FALSE,FALSE,14
2008-06-01,5,4.4,0.2,0,3.31634374775264,1.8614623170703,15.6,240.694521273697,2008,6,153,FALSE,FALSE,14
2008-06-02,5,11,1,0,-1.36309292835204,10.5198237636264,15.74,172.617106087786,2008,6,154,TRUE,FALSE,19
2008-06-03,5,7.2,0.2,0,4.79140892822203,4.1250009242996,20.04,229.274310911337,2008,6,155,FALSE,FALSE,NA
2008-06-04,5,5.4,0.4,0,0.998481822302208,3.50133875516664,15.2,195.916636504269,2008,6,156,FALSE,FALSE,14
2008-06-05,5,7,0.6,0,-2.59095097880202,5.97355263620599,15,156.551836624468,2008,6,157,TRUE,FALSE,NA
2008-06-06,5,17.4,1,0,0.590403804067563,17.2450390807245,12.82,181.960821236113,2008,6,158,TRUE,FALSE,NA
2008-06-07,5,7.8,1,0,-3.15234696887763,6.93786219744888,12.3,155.564442081899,2008,6,159,TRUE,FALSE,17
2008-06-08,5,13.8,0.6,0,2.7082964100381,3.86347068169978,16.36,215.030490106085,2008,6,160,TRUE,FALSE,15
2008-06-09,4,5.25,0,0,2.20131410395832,-1.45135182233307,13.2,303.397326126982,2008,6,161,FALSE,FALSE,15
2008-06-10,5,8.4,1,0,-2.09977273365673,7.97524881646266,6.08,165.249563640993,2008,6,162,TRUE,FALSE,19
2008-06-11,5,8,0.6,0,-2.97092432982254,2.73722734087553,13.78,132.655567289551,2008,6,163,TRUE,FALSE,14
2008-06-12,5,11.8,1,0,0.59884574328067,11.3861327979673,16.18,183.010657770414,2008,6,164,TRUE,FALSE,21
2008-06-13,5,10,0.6,0,3.07948334942632,5.72846175216376,20.64,208.261406343165,2008,6,165,TRUE,FALSE,22
2008-06-14,5,16.8,0,0,10.256238925925,-13.2494742949276,19.28,322.257030393193,2008,6,166,FALSE,FALSE,23
2008-06-15,5,9.2,0,0,7.74851913889322,-3.93347756861617,22.1,296.914285281987,2008,6,167,FALSE,FALSE,20
2008-06-16,5,6.8,0.4,0,1.04307165271366,3.75362498603416,25.3,195.529751425997,2008,6,168,FALSE,FALSE,21
2008-06-17,5,17,1,0,0.596994587827063,15.424273329206,24.74,182.216519655792,2008,6,169,TRUE,FALSE,NA
2008-06-18,5,11.8,0.8,0,-0.909862567754004,10.5941771727027,21.38,175.091296270984,2008,6,170,TRUE,FALSE,NA
2008-06-19,5,7.6,1,0,-0.436710710891423,6.9187090914228,21.62,176.388267045519,2008,6,171,TRUE,FALSE,22
2008-06-20,5,5.2,0,0,3.48754947523261,-0.221811987897577,25.34,273.639173026183,2008,6,172,FALSE,FALSE,14
2008-06-21,4,5.75,0,0,3.21214429423393,-2.01090227326812,25.425,302.047846954331,2008,6,173,FALSE,FALSE,16
2008-06-22,5,18.2,0,0,11.1654094053946,-14.0301448058466,18.36,321.486675270167,2008,6,174,FALSE,FALSE,22
2008-06-23,5,8.2,0.4,0,3.49830869866027,3.07208396113493,22.68,228.711606023537,2008,6,175,FALSE,FALSE,22
2008-06-24,5,6,0,0,5.66116215280178,-1.24614492391303,20.2,282.414072115165,2008,6,176,FALSE,FALSE,17
2008-06-25,5,10.2,1,0,-1.31022896865393,9.76532526092146,25.74,172.35817361354,2008,6,177,TRUE,FALSE,NA
2008-06-26,5,17.2,0.6,0.2,5.94416608371331,7.59564934812221,24.4,218.045848931477,2008,6,178,TRUE,FALSE,NA
2008-06-27,5,12.6,0,0.2,9.98419420243783,-7.39273233659093,25,306.517859408167,2008,6,179,FALSE,FALSE,19
2008-06-28,5,5.8,0.2,0,4.94025311989875,0.729853004604021,29.1,261.596142167665,2008,6,180,FALSE,FALSE,15
2008-06-29,5,5.2,0,0,4.80664043421108,1.19162218679969,31.6,256.076426652461,2008,6,181,FALSE,FALSE,14
2008-06-30,5,5.8,0,0,5.75138480963907,0.138918542133545,30.84,268.616350829277,2008,6,182,FALSE,FALSE,NA
2008-07-01,5,14.8,0,0,7.36397234894209,-10.2475327193564,24.94,324.298624339254,2008,7,183,FALSE,FALSE,22
2008-07-02,5,7,0.2,0,5.86124791049613,3.24197540994494,29.4,241.052126447388,2008,7,184,FALSE,FALSE,NA
2008-07-03,5,5.6,0.2,0,2.57674605962111,1.40611787487031,30.88,241.378916007388,2008,7,185,FALSE,FALSE,18
2008-07-04,5,8.4,0,0.2,6.87780272941124,-2.69022833468251,24.28,291.362777817773,2008,7,186,FALSE,FALSE,NA
2008-07-05,5,13,1,0,-3.55700949058696,12.3728032561734,25.62,163.960790011006,2008,7,187,TRUE,FALSE,NA
2008-07-06,5,7.6,0.8,0,3.21243556529821,4.96410161513775,24.68,212.90825152631,2008,7,188,TRUE,FALSE,NA
2008-07-07,5,12.2,0,0,8.8746705097929,-7.91925936344048,23.54,311.743937557931,2008,7,189,FALSE,FALSE,NA
2008-07-08,5,6.4,0,0,5.87663616749755,-1.19763018584705,26.72,281.518864044732,2008,7,190,FALSE,FALSE,18
2008-07-09,5,8.6,0,0,8.09897627656694,-1.32967750373357,28.94,279.323556173302,2008,7,191,FALSE,FALSE,NA
2008-07-10,5,21.4,0.2,0.6,17.4112868267882,3.56161366116296,24.62,258.439193010304,2008,7,192,FALSE,TRUE,20
2008-07-11,5,12.6,0,0,10.1837725957667,-6.37268347686542,21.36,302.037033068132,2008,7,193,FALSE,FALSE,NA
2008-07-12,5,6.6,0,0,6.37293572312996,-0.248514738065981,24.9,272.233136417466,2008,7,194,FALSE,FALSE,18
2008-07-13,5,7.2,0,0,5.94541166178567,-0.00949490194303659,29.8,270.091502048416,2008,7,195,FALSE,FALSE,NA
2008-07-14,5,6.4,0.2,0,5.11401067025933,-2.10049024132062,28.8,292.329547939757,2008,7,196,FALSE,FALSE,14
2008-07-15,5,12,0,0.2,11.3851190088803,-2.47968823972069,27.86,282.287176439929,2008,7,197,FALSE,FALSE,NA
2008-07-16,5,7.4,0,0,7.206370134283,-1.10185115545361,26.14,278.693175499606,2008,7,198,FALSE,FALSE,20
2008-07-17,5,7.8,0,0,4.15728175839553,-0.101962780972446,27.2,271.404972376931,2008,7,199,FALSE,FALSE,15
2008-07-18,5,13.4,0.8,0,0.865504673281784,12.3601031746319,27.24,184.005545061925,2008,7,200,TRUE,FALSE,NA
2008-07-19,5,7.2,0,0,6.75048522284427,-0.934729635533384,25.32,277.88353128346,2008,7,201,FALSE,FALSE,20
2008-07-20,5,6.4,0.4,0,5.24217211500755,2.77155578004223,29.28,242.13442613082,2008,7,202,FALSE,FALSE,NA
2008-07-21,5,9.4,0.6,0,-0.129838546004806,5.7385992478719,31.66,178.70387678826,2008,7,203,TRUE,FALSE,NA
2008-07-22,5,15.2,0.8,0,-0.163708792420206,13.3997453379441,24.78,179.30003473987,2008,7,204,TRUE,FALSE,23
2008-07-23,5,17.8,1,0,-3.66340224571107,17.3761865540479,23.46,168.094742117571,2008,7,205,TRUE,FALSE,20
2008-07-24,5,7.8,0,0,6.71364588045359,-1.81805868519726,24.68,285.152315573098,2008,7,206,FALSE,FALSE,23
2008-07-25,5,5.6,0,0,5.29296094196632,-0.855943003228884,28.76,279.185974498645,2008,7,207,FALSE,FALSE,NA
2008-07-26,5,11.4,1,0,1.43255219941881,10.9137468648313,29.12,187.477964709373,2008,7,208,TRUE,FALSE,NA
2008-07-27,5,12.6,1,0,6.29442535376162,10.3404546080169,27.14,211.329645351331,2008,7,209,TRUE,FALSE,NA
2008-07-28,5,7,1,0,0.615636257986203,6.19990976537707,25.52,185.670745175502,2008,7,210,TRUE,FALSE,NA
2008-07-29,5,14.2,0.6,0.4,4.85230867626044,11.5773258801515,26.02,202.739616026951,2008,7,211,TRUE,TRUE,19
2008-07-30,4,12,0,0,8.84604732198256,-5.17295841134944,17.975,300.318082084611,2008,7,212,FALSE,FALSE,17
2008-07-31,1,6,1,0,-2.05212085995401,5.63815572471545,27.9,160,2008,7,213,TRUE,FALSE,20
2008-08-01,5,13.8,0.6,0,-3.63678303679577,6.57270911049545,21.2,151.043556601686,2008,8,214,TRUE,FALSE,19
2008-08-02,5,7.6,0,0,6.05087901222046,-3.49671060036826,21.5,300.022961560892,2008,8,215,FALSE,FALSE,23
2008-08-03,5,9.8,0.4,0,6.45714058418888,-3.08021995531163,21.82,295.502326761324,2008,8,216,FALSE,FALSE,15
2008-08-04,5,7,0,0,6.36548616102307,-2.09162218679968,26.28,288.189901190714,2008,8,217,FALSE,FALSE,NA
2008-08-05,5,11.4,0,0,10.2960786488469,-4.63447030618372,28.02,294.233459880462,2008,8,218,FALSE,FALSE,20
2008-08-06,5,6,0,0,5.78453839538528,-0.808377813200316,31.02,277.955450298314,2008,8,219,FALSE,FALSE,18
2008-08-07,5,10,0.8,0,-0.112987721851533,8.71061794508202,32.66,179.256843016117,2008,8,220,TRUE,FALSE,21
2008-08-08,5,11.8,0.8,0,4.11553891154736,1.66057683810212,30.26,248.026440401038,2008,8,221,TRUE,FALSE,NA
2008-08-09,5,13,1,0,-3.679235374913,12.2348413536379,26.84,163.263028679138,2008,8,222,TRUE,FALSE,21
2008-08-10,5,9.6,1,0,0.684363742013796,7.92654387147286,19.22,184.934579020986,2008,8,223,TRUE,FALSE,22
2008-08-11,5,13.2,0,0.2,10.8568478270431,-6.85921478722339,20.52,302.284162925837,2008,8,224,FALSE,FALSE,NA
2008-08-12,5,7.4,0,0,6.91698919215112,-1.41423008774923,24.22,281.555291834176,2008,8,225,FALSE,FALSE,21
2008-08-13,5,6.4,0,0,5.71457649041756,1.09859169812515,26.78,259.118005142859,2008,8,226,FALSE,FALSE,19
2008-08-14,5,7.4,0,0,6.57930937371014,-2.95017333227978,30.12,294.151543963914,2008,8,227,FALSE,FALSE,NA
2008-08-15,4,5.75,0.25,0,4.97740992866703,1.64104444311898,32.425,251.752691163358,2008,8,228,FALSE,FALSE,17
2008-08-16,5,6.4,0,0,5.61314252480253,-2.62325972648598,32.1,295.048680033713,2008,8,229,FALSE,FALSE,18
2008-08-17,5,6.4,0,0,5.80313942232253,-2.11553891154736,34.04,290.029365531916,2008,8,230,FALSE,FALSE,21
2008-08-18,5,8.2,0.4,0,2.51769145362398,5.03923048454133,34.38,206.547549806341,2008,8,231,FALSE,FALSE,NA
2008-08-19,5,15.2,1,0,0.0402359391833569,14.579036499786,22.12,180.158127297844,2008,8,232,TRUE,FALSE,17
2008-08-20,5,11.8,1,0,-5.52327129870017,10.2611792240034,16.3,151.707811611213,2008,8,233,TRUE,FALSE,NA
2008-08-21,5,13.2,0.4,0,1.88294633407052,-2.73056769726352,15.14,325.410609439621,2008,8,234,FALSE,FALSE,16
2008-08-22,5,6,0.6,0,0.0490620944128922,4.55469077885472,21.4,180.617153252521,2008,8,235,TRUE,FALSE,19
2008-08-23,4,4.5,0.5,0,2.50085219613119,3.11547389303013,24.025,218.754698130523,2008,8,236,FALSE,FALSE,14
2008-08-24,4,6.5,0.75,0,-1.75660714669154,5.7249726422759,26.1,162.942289408865,2008,8,237,TRUE,FALSE,21
2008-08-25,5,9.2,0.8,0,-1.28084003356689,8.4163194886338,17.08,171.346821035367,2008,8,238,TRUE,FALSE,NA
2008-08-26,5,10.8,1,0,0.629389297512404,9.99598205214128,19.02,183.602828442854,2008,8,239,TRUE,FALSE,20
2008-08-27,5,12.8,0.8,0,1.91195961517173,4.17778735417801,15.72,204.591147089082,2008,8,240,TRUE,FALSE,19
2008-08-28,5,9.2,0.6,0,5.07501201328895,6.67383490828625,18.68,217.250598486473,2008,8,241,TRUE,FALSE,NA
2008-08-29,5,12.2,1,0,-4.92762167775196,10.9385292912386,25.7,155.749244421499,2008,8,242,TRUE,FALSE,NA
2008-08-30,5,11,0,0,9.18159627137899,-5.68618001075148,20.62,301.770011696401,2008,8,243,FALSE,FALSE,NA
2008-08-31,5,17.2,0,0.4,13.5579903274896,-9.67241649225979,18,305.50446994162,2008,8,244,FALSE,TRUE,23
2008-09-01,5,10,0,0,9.00454241483445,-3.87882820065594,15.78,293.304613550903,2008,9,245,FALSE,FALSE,22
2008-09-02,4,5,0,0,2.44253259373654,-2.77184322845948,16.475,318.613679762985,2008,9,246,FALSE,FALSE,14
2008-09-03,4,16.25,0,0,9.93658224785532,-11.8533353585007,17.15,320.027091483276,2008,9,247,FALSE,FALSE,20
2008-09-04,5,8.8,0,0,7.1281302442166,-4.21025577711801,20,300.568375568369,2008,9,248,FALSE,FALSE,21
2008-09-05,5,7.8,0,0,5.96922665009947,-3.76417777247591,15.6,302.235417211996,2008,9,249,FALSE,FALSE,NA
2008-09-06,5,7.8,0,0,5.04221971302706,-3.81413274131039,18.02,307.105290402458,2008,9,250,FALSE,FALSE,16
2008-09-07,5,6.2,0,0,5.39191916973829,0.13703268157647,20.58,268.544172431625,2008,9,251,FALSE,FALSE,NA
2008-09-08,5,7.8,0,0,7.07117388100117,-2.18624385461769,18.62,287.180402503162,2008,9,252,FALSE,FALSE,21
2008-09-09,4,13.5,0.25,0,7.51778760968654,-6.89739418655322,20.175,312.535653502433,2008,9,253,FALSE,FALSE,NA
2008-09-10,5,6.4,0,0,5.65646800224396,0.699582814513993,20.26,262.949553859371,2008,9,254,FALSE,FALSE,21
2008-09-11,5,5.2,0.2,0,4.21892766852092,1.61747458276759,20.98,249.023913783867,2008,9,255,FALSE,FALSE,14
2008-09-12,5,6.4,0.2,0,4.1573988387862,-1.86189272655769,22.66,294.125240437393,2008,9,256,FALSE,FALSE,16
2008-09-13,5,6.2,0.2,0,4.21822960830971,2.51777826175806,20.9,239.167853920434,2008,9,257,FALSE,FALSE,21
2008-09-14,5,7.8,0,0,6.79791782822748,-2.79349307620512,20.36,292.339409270437,2008,9,258,FALSE,FALSE,NA
2008-09-15,5,5.6,0,0,5.16146648759425,-1.73303207294035,22.24,288.560171992601,2008,9,259,FALSE,FALSE,19
2008-09-16,5,5.4,0,0,4.82643708858059,-1.2283328976911,23.1,284.278701772181,2008,9,260,FALSE,FALSE,18
2008-09-17,5,6.2,0,0,5.8976207404229,-1.5261245559898,23.12,284.508159853667,2008,9,261,FALSE,FALSE,21
2008-09-18,5,4.8,0,0,4.3455970550137,-1.23658343308407,23.86,285.884237036379,2008,9,262,FALSE,FALSE,14
2008-09-19,4,6.75,0,0,6.06667312654937,-2.901060429977,23.7,295.556952587557,2008,9,263,FALSE,FALSE,19
2008-09-20,4,10.75,0.75,0,-1.79011373335717,8.93505774496623,23.675,168.670941245423,2008,9,264,TRUE,FALSE,NA
2008-09-21,5,16.6,1,0,-7.826060429977,14.5970233538261,10.18,151.802423192602,2008,9,265,TRUE,FALSE,NA
2008-09-22,5,10.6,0.2,0,4.75250482262544,-0.538542356582937,12.1,276.465041076879,2008,9,266,FALSE,FALSE,19
2008-09-23,4,4,0,0,-0.07366721700147,-0.157979856674331,13.975,25.0000000000001,2008,9,267,FALSE,FALSE,15
2008-09-24,5,8.4,0,0,7.26094295151033,-3.51391024870207,12.68,295.82451336848,2008,9,268,FALSE,FALSE,15
2008-09-25,4,5.75,0.25,0,3.27997981947274,1.6825626741156,14.75,242.843102572314,2008,9,269,FALSE,FALSE,14
2008-09-26,4,4.5,0.75,0,2.93379692055422,2.68115555091642,15.7,227.576251135018,2008,9,270,TRUE,FALSE,14
2008-09-27,5,5.6,0,0,4.85368410846112,-1.65817187387632,17.16,288.861788453212,2008,9,271,FALSE,FALSE,15
2008-09-28,5,6.2,0,0,3.21738666109971,-4.69970796068347,17.82,325.604735761571,2008,9,272,FALSE,FALSE,19
2008-09-29,5,4.8,0,0,4.57348684846487,0.938918542133545,19.42,258.39859932059,2008,9,273,FALSE,FALSE,14
2008-09-30,5,4,0.2,0,3.50275804706395,0.849228557977326,21.28,256.371845020587,2008,9,274,FALSE,FALSE,14
2009-05-01,5,7,0,0,6.63039690405663,-1.0568925512663,15.68,279.056815805558,2009,5,121,FALSE,FALSE,14
2009-05-02,4,6.75,0.25,0,5.29171026105997,3.02961512562684,20.275,240.207957528121,2009,5,122,FALSE,FALSE,NA
2009-05-03,5,13.8,0.8,0,-5.80378690979355,11.7362319360688,12.88,153.686740613987,2009,5,123,TRUE,FALSE,22
2009-05-04,5,9.8,1,0,-0.213591056615377,8.78188549177025,16.06,178.606739537313,2009,5,124,TRUE,FALSE,NA
2009-05-05,5,14.2,0.2,0,6.14723222932107,-8.77812158504674,12.58,324.996823379338,2009,5,125,FALSE,FALSE,19
2009-05-06,5,10.6,1,0,-1.55062522286926,9.74728015033209,12.18,170.960966881041,2009,5,126,TRUE,FALSE,22
2009-05-07,5,16.4,1,0,-2.77827747895021,15.9563945562236,10.46,170.122857891583,2009,5,127,TRUE,FALSE,23
2009-05-08,5,6.8,0.6,0,2.70428227190982,3.19141415279058,14.44,220.276665632273,2009,5,128,TRUE,FALSE,NA
2009-05-09,5,5.4,0,0,0.278168788609781,-0.685095529052975,15.96,337.90141134675,2009,5,129,FALSE,FALSE,14
2009-05-10,5,9.4,0.8,0,-1.7926768851635,7.97068703435175,18.4,167.324595467259,2009,5,130,TRUE,FALSE,23
2009-05-11,5,11.2,0.8,0,-3.82885548446,9.73748373962206,11.2,158.534856081938,2009,5,131,TRUE,FALSE,17
2009-05-12,5,17,0.8,0.2,4.82817091478028,12.9398935345264,10.1,200.461697968031,2009,5,132,TRUE,FALSE,NA
2009-05-13,5,15,1,0,-2.09878161726788,14.5027820293592,10.94,171.765561899143,2009,5,133,TRUE,FALSE,23
2009-05-14,5,12.2,0,0.2,9.71986714979491,-6.00175033834476,8.82,301.69418804845,2009,5,134,FALSE,FALSE,21
2009-05-15,5,7.6,0.4,0,5.84059163280518,3.91278523127961,15.26,236.180698692722,2009,5,135,FALSE,FALSE,17
2009-05-16,5,6.8,0,0,4.18508952072019,-1.01256671980047,19.24,283.601125315581,2009,5,136,FALSE,FALSE,20
2009-05-17,5,6.6,0,0,5.89045938018462,-0.749503212357755,19.24,277.251360471766,2009,5,137,FALSE,FALSE,22
2009-05-18,5,6.4,0.6,0,3.52841626830213,3.38942802409665,25.84,226.150989847885,2009,5,138,TRUE,FALSE,14
2009-05-19,5,26.4,0.2,0,9.96648874719874,-13.9790715072853,13.02,324.512731880092,2009,5,139,FALSE,FALSE,23
2009-05-20,5,12.8,0.8,0,-1.21470222513825,9.03708008326013,11.96,172.344578088529,2009,5,140,TRUE,FALSE,21
2009-05-21,5,8.2,0,0,7.71245130803635,-1.43258708772371,15.28,280.522757022503,2009,5,141,FALSE,FALSE,NA
2009-05-22,5,7,0,0,6.55592147970664,-2.31224326443801,19.72,289.427511100611,2009,5,142,FALSE,FALSE,NA
2009-05-23,5,8.4,0,0,7.65768292019693,-2.55765640131187,22.28,288.46925415967,2009,5,143,FALSE,FALSE,NA
2009-05-24,5,10,0,0,7.6892222796348,-6.27067830135714,23.24,309.197769804716,2009,5,144,FALSE,FALSE,23
2009-05-25,5,8.8,0.2,0,4.15181653315282,-1.41784131062997,22.32,288.854986169081,2009,5,145,FALSE,FALSE,14
2009-05-26,5,15.2,0.6,0.4,10.4439038814024,9.88343110421869,21.58,226.579380211552,2009,5,146,TRUE,TRUE,21
2009-05-27,5,10.8,0.8,0,4.77269862962952,9.29021720018823,21.22,207.191098162707,2009,5,147,TRUE,FALSE,NA
2009-05-28,5,8.4,0,0,6.90841765550709,-4.42970241041066,23.04,302.668139689868,2009,5,148,FALSE,FALSE,NA
2009-05-29,4,6.25,0,0,5.71814452703619,1.99024184450682,27.275,250.809175939968,2009,5,149,FALSE,FALSE,NA
2009-05-30,4,7.25,0,0,5.71987029778547,-3.88091400584626,27.775,304.156768807565,2009,5,150,FALSE,FALSE,23
2009-05-31,5,20.4,0,0.2,13.0269318220874,-15.5248927994524,24.6,320,2009,5,151,FALSE,FALSE,23
2009-06-01,5,15.8,0,0,-14.8968325507707,-4.86762604061613,23.08,71.9048975912537,2009,6,152,FALSE,FALSE,NA
2009-06-02,5,11.4,0,0.2,5.28304421491508,-6.94578747519249,22.92,322.74297234913,2009,6,153,FALSE,FALSE,20
2009-06-03,5,7.2,0.2,0,6.16760886609406,0.14541313687386,25.26,268.649392987111,2009,6,154,FALSE,FALSE,NA
2009-06-04,5,6,0,0,5.28648905068259,-0.39251693096791,27.26,274.246366864823,2009,6,155,FALSE,FALSE,20
2009-06-05,5,5.8,0,0,5.463652282014,-0.352444315316468,24.14,273.690870295386,2009,6,156,FALSE,FALSE,14
2009-06-06,5,15.6,0,0,-12.8648463943972,-7.69944372109756,13.62,59.1000262702013,2009,6,157,FALSE,FALSE,NA
2009-06-07,5,7.8,0.8,0,1.2344716116372,6.7520352158646,18.14,190.360929711488,2009,6,158,TRUE,FALSE,NA
2009-06-08,5,9.2,0.2,0,0.408271902205947,-1.40385725134614,15.28,343.784432276232,2009,6,159,FALSE,FALSE,NA
2009-06-09,5,12.2,0.2,0,-4.16599476447535,-3.75279971423236,14,47.9869296312048,2009,6,160,FALSE,FALSE,20
2009-06-10,5,6.2,0.2,0,5.02048661551858,0.0488029442871561,22.04,269.4430590338,2009,6,161,FALSE,FALSE,19
2009-06-11,5,6,0,0,4.23150301489105,1.4104241719908,25.8,251.565987488864,2009,6,162,FALSE,FALSE,16
2009-06-12,5,9,0,0,6.73197399740605,-3.59613213303452,26.02,298.110547623143,2009,6,163,FALSE,FALSE,17
2009-06-13,5,13.4,0,0,-0.0356487532756383,-8.64785479130258,24.26,0.236187076150748,2009,6,164,FALSE,FALSE,19
2009-06-14,5,5.6,0.2,0,5.16451211921096,1.01283555449518,22.84,258.904288616232,2009,6,165,FALSE,FALSE,16
2009-06-15,5,5.8,0.8,0,1.37820135323384,4.89008529072923,18.9,195.7397393566,2009,6,166,TRUE,FALSE,15
2009-06-16,5,8,0.6,0,0.0564130401701242,5.71535743382952,23.92,180.565515663321,2009,6,167,TRUE,FALSE,16
2009-06-17,5,12.6,0.4,0,3.96618456044009,-5.78668088329478,15.6,325.57330451522,2009,6,168,FALSE,FALSE,15
2009-06-18,5,7,0.2,0,5.24289419015605,0.214003978825619,21.44,267.662603613317,2009,6,169,FALSE,FALSE,NA
2009-06-19,5,6.2,0.4,0,-4.48992249256876,2.20774020757069,14.24,116.183811272786,2009,6,170,FALSE,FALSE,16
2009-06-20,5,7.6,0,0,6.14826200949144,-3.176520412068,19.62,297.323290896125,2009,6,171,FALSE,FALSE,18
2009-06-21,5,10.4,0.6,0,1.80476722082951,6.89270713683251,21.32,194.672771200657,2009,6,172,TRUE,FALSE,19
2009-06-22,5,11.6,1,0,-4.13971116612797,10.5061588369608,11.1,158.494216329377,2009,6,173,TRUE,FALSE,NA
2009-06-23,5,5.6,0,0,4.67761808867102,-1.1806314576132,19.16,284.165598767873,2009,6,174,FALSE,FALSE,15
2009-06-24,5,7,0.2,0,4.58298575657669,0.421483741751848,23.06,264.745456352322,2009,6,175,FALSE,FALSE,20
2009-06-25,4,9.75,0.75,0,2.703301526205,6.5121069361535,20.45,202.544282817477,2009,6,176,TRUE,FALSE,22
2009-06-26,5,13,0,0,5.44478726157675,-5.96980595588168,19.98,317.633485795793,2009,6,177,FALSE,FALSE,NA
2009-06-27,5,8.2,0.4,0,5.07149710330572,1.8,24.44,250.458965136457,2009,6,178,FALSE,FALSE,NA
2009-06-28,5,10.2,0,0,9.38994395461562,-3.33363639897074,27.3,289.545980212498,2009,6,179,FALSE,FALSE,NA
2009-06-29,5,10.4,0.8,0,1.7916747998578,9.401971297187,26.52,190.789138303571,2009,6,180,TRUE,FALSE,21
2009-06-30,5,7,0,0,5.79723600452415,-3.37236487392772,25.56,300.187396019875,2009,6,181,FALSE,FALSE,NA
2009-07-01,5,12.2,0,0.2,10.3257497741972,-6.23132431293063,24.52,301.109900621484,2009,7,182,FALSE,FALSE,NA
2009-07-02,5,9.8,0,0,8.50809688708423,-4.43945350465715,25.92,297.555174653803,2009,7,183,FALSE,FALSE,21
2009-07-03,5,6.6,0,0,6.44559301120901,0.11052036100999,28.74,269.017665287303,2009,7,184,FALSE,FALSE,19
2009-07-04,5,9,0.8,0,0.476984882668521,7.75835308485506,31.34,183.51812622456,2009,7,185,TRUE,FALSE,NA
2009-07-05,5,9.4,0.4,0,1.39637990228415,6.76218132996224,29.24,191.667493714479,2009,7,186,FALSE,FALSE,NA
2009-07-06,5,10.2,0.6,0,2.97994528939866,1.12421387775267,19.92,249.330519833818,2009,7,187,TRUE,FALSE,23
2009-07-07,5,22.2,0.4,0,8.02337685198784,-10.840688428977,17.04,323.494230737931,2009,7,188,FALSE,FALSE,NA
2009-07-08,5,11.4,0.4,0,2.85909345776433,0.607334899853245,15.48,258.007366209383,2009,7,189,FALSE,FALSE,NA
2009-07-09,4,9.25,0,0,6.32755283392267,-5.80487717575872,17.8,312.533173242861,2009,7,190,FALSE,FALSE,17
2009-07-10,5,8.2,0,0,6.93731763616704,-3.44648892932721,22.26,296.41838191143,2009,7,191,FALSE,FALSE,21
2009-07-11,5,6.2,0,0,6.16050015783174,-0.451485261934017,26.74,274.191548629148,2009,7,192,FALSE,FALSE,18
2009-07-12,4,6.5,0.75,0,0.836667172895545,3.1991500524801,26.05,194.656187707,2009,7,193,TRUE,FALSE,20
2009-07-13,5,12.2,1,0,-4.67818128993102,11.2285148791834,14.78,157.381728895296,2009,7,194,TRUE,FALSE,18
2009-07-14,5,14.2,1,0,-2.20475755330886,13.9038014287453,21.3,170.98950101784,2009,7,195,TRUE,FALSE,22
2009-07-15,5,5.4,0,0,4.98537128842817,1.36527036446662,24.36,254.684741648862,2009,7,196,FALSE,FALSE,15
2009-07-16,5,6.2,0,0,5.77451562162895,-0.0495032123577555,27.58,270.491167718239,2009,7,197,FALSE,FALSE,23
2009-07-17,5,6.2,0,0,5.74422344940078,0.637702801498497,29.7,263.665170715467,2009,7,198,FALSE,FALSE,15
2009-07-18,5,9.4,0.8,0,3.60800353300462,7.44642391151103,31.18,205.851504000554,2009,7,199,TRUE,FALSE,NA
2009-07-19,5,13,0,0,9.89318098114536,-8.10486650257038,27.36,309.325625614884,2009,7,200,FALSE,FALSE,NA
2009-07-20,5,7.4,0,0,6.72560847049592,-2.52183830295079,26.4,290.554066919024,2009,7,201,FALSE,FALSE,NA
2009-07-21,5,7.4,0,0,6.70433932471301,-2.27873085421709,28.18,288.772329649758,2009,7,202,FALSE,FALSE,19
2009-07-22,5,6.2,0.2,0,5.25740272716356,1.12406586814475,31.28,257.931507533008,2009,7,203,FALSE,FALSE,14
2009-07-23,5,9.2,0.2,0,4.15189986930112,0.351132533696059,24.06,265.165911257484,2009,7,204,FALSE,FALSE,21
2009-07-24,5,13,0,0,9.3781622082561,-8.12457236976987,26.6,310.903327733441,2009,7,205,FALSE,FALSE,NA
2009-07-25,5,10.4,0,0,8.14049653805497,-5.95151167752136,27.5,306.170513223287,2009,7,206,FALSE,FALSE,NA
2009-07-26,4,7.25,0.25,0,1.82051913121634,-1.78673319061585,25.775,314.463376823034,2009,7,207,FALSE,FALSE,22
2009-07-27,5,13.6,0,0.2,9.67866342582347,-9.48145249233156,26.74,314.410287744948,2009,7,208,FALSE,FALSE,NA
2009-07-28,4,17.75,0.25,0,-10.4026468198146,-8.5846085266861,25.35,50.469422663019,2009,7,209,FALSE,FALSE,23
2009-07-29,5,5,0,0,2.90059371011576,1.40169543095515,26.84,244.208107990719,2009,7,210,FALSE,FALSE,14
2009-07-30,5,6.4,0,0,5.76779164674046,-1.58327643660576,28.16,285.349776986926,2009,7,211,FALSE,FALSE,19
2009-07-31,5,5.8,0.6,0,3.75991991788958,3.97805988012758,27.9,223.385212918752,2009,7,212,TRUE,FALSE,19
2009-08-01,5,5.8,0.6,0,4.38589107729106,1.64207461386636,30.86,249.474134309292,2009,8,213,TRUE,FALSE,14
2009-08-02,5,6.2,0,0,5.45423152398122,-1.38434516338839,29.12,284.241580224922,2009,8,214,FALSE,FALSE,18
2009-08-03,5,7.8,0.4,0,1.59740556160085,1.8294790657281,30.62,221.125763704424,2009,8,215,FALSE,FALSE,14
2009-08-04,5,11,1,0,-0.94531694785467,10.4943129333984,30.96,174.852746921509,2009,8,216,TRUE,FALSE,NA
2009-08-05,5,4.4,0.6,0,1.48645166915572,1.73026189309409,24.84,220.665564288728,2009,8,217,TRUE,FALSE,14
2009-08-06,5,10.2,0,0,8.22064717518451,-5.40584829341973,24.5,303.328680000448,2009,8,218,FALSE,FALSE,22
2009-08-07,5,7.2,0,0,6.57308486652702,-0.665395510636085,28.04,275.780379029712,2009,8,219,FALSE,FALSE,NA
2009-08-08,5,13.4,1,0,-3.00037344337182,13.0159633614584,24.3,167.019219474009,2009,8,220,TRUE,FALSE,NA
2009-08-09,5,8.4,1,0,0.687206013856253,8.24264688355887,26.08,184.765842241174,2009,8,221,TRUE,FALSE,NA
2009-08-10,5,12.6,0.6,0,6.06545709508593,10.253558999864,25.86,210.606289015362,2009,8,222,TRUE,FALSE,20
2009-08-11,5,18.8,0.2,0.4,12.7052020896559,-5.55222024904988,22.08,293.605505597974,2009,8,223,FALSE,TRUE,23
2009-08-12,4,8.25,0,0,7.05845532807,-3.93395601781342,17.5,299.132651049644,2009,8,224,FALSE,FALSE,17
2009-08-13,5,6.6,0.2,0,0.410575616165173,-1.08074666825723,16.02,339.198217772327,2009,8,225,FALSE,FALSE,NA
2009-08-14,5,10.8,0.2,0,-0.106440890629229,-1.22187621683302,13.34,4.97861968279197,2009,8,226,FALSE,FALSE,17
2009-08-15,5,5.2,0.4,0,1.4010568300017,1.329147191003,18.8,226.508739438436,2009,8,227,FALSE,FALSE,16
2009-08-16,5,5.6,0,0,5.31253602216845,-0.11381716553899,21.06,271.227332054019,2009,8,228,FALSE,FALSE,15
2009-08-17,5,6.2,0.2,0,5.4602302726973,-0.715557490172765,22.32,277.466006250648,2009,8,229,FALSE,FALSE,20
2009-08-18,5,5.8,0.4,0,4.11293996451152,-0.119342244381904,24.8,271.662044408545,2009,8,230,FALSE,FALSE,22
2009-08-19,5,9.4,0,0,8.73354622308932,-2.37668565284626,27,285.223418925175,2009,8,231,FALSE,FALSE,20
2009-08-20,4,4,0.25,0,2.80571802457035,2.12759536269875,30.625,232.826706408363,2009,8,232,FALSE,FALSE,14
2009-08-21,5,11,1,0,3.69026915712833,9.37050658524108,30.4,201.495386603754,2009,8,233,TRUE,FALSE,NA
2009-08-22,5,10.6,1,0,-3.14073452872465,9.82909719817243,26.4,162.279531365345,2009,8,234,TRUE,FALSE,NA
2009-08-23,5,8.6,0.4,0,4.73755711544813,1.94288495612539,26.84,247.701333631359,2009,8,235,FALSE,FALSE,NA
2009-08-24,5,6.2,0.8,0,-0.984040286651338,4.47746145292513,25.32,167.604802825624,2009,8,236,TRUE,FALSE,23
2009-08-25,5,12.6,1,0,3.69670273171196,11.3147334725835,27.68,198.093035464862,2009,8,237,TRUE,FALSE,NA
2009-08-26,5,9.6,0.8,0,1.93156108461894,8.28701784051824,26.5,193.120406663457,2009,8,238,TRUE,FALSE,20
2009-08-27,2,5,0.5,0,3.95442325903662,2.25299534056967,24.15,240.328080447522,2009,8,239,FALSE,FALSE,16
2009-08-28,4,5.5,0,0,5.41690425030422,0.081547876825275,27.475,269.137515445527,2009,8,240,FALSE,FALSE,14
2009-08-29,5,6.8,0.6,0,-2.32648175928582,4.49303798243244,24.54,152.625012809556,2009,8,241,TRUE,FALSE,23
2009-08-30,5,5.2,0.2,0,4.25635893025685,-0.0167556264006317,28.98,270.22554999061,2009,8,242,FALSE,FALSE,15
2009-08-31,5,5.8,0.4,0,2.133483419492,3.79661625141724,30.1,209.33352181501,2009,8,243,FALSE,FALSE,NA
2009-09-01,5,7.6,0.2,0,3.07091938158231,2.92301118146339,30.66,226.413562612578,2009,9,244,FALSE,FALSE,NA
2009-09-02,3,7,0,0,6.28317947749548,-3.026060429977,27.1,295.716067169662,2009,9,245,FALSE,FALSE,NA
2009-09-03,5,12.2,0.8,0,6.31216872422848,9.83060919715503,24.76,212.704249988227,2009,9,246,TRUE,FALSE,NA
2009-09-04,5,6.2,0.4,0,4.82497011765801,1.97848044802073,21.02,247.703903609966,2009,9,247,FALSE,FALSE,20
2009-09-05,5,5.2,0.8,0,-0.790946216001828,3.87241618153236,24.2,168.456044616288,2009,9,248,TRUE,FALSE,20
2009-09-06,5,12.6,1,0,-0.999040946617548,11.765891601487,16.72,175.146661146767,2009,9,249,TRUE,FALSE,NA
2009-09-07,5,9.8,0.4,0,2.96222829875376,-2.34608573694704,13.52,308.37923490458,2009,9,250,FALSE,FALSE,15
2009-09-08,5,7,0.8,0,2.61857736094492,5.46706024955476,18.12,205.593189101382,2009,9,251,TRUE,FALSE,17
2009-09-09,5,8.2,0.2,0,6.19748768819091,-2.22113232021035,16.98,289.717292265414,2009,9,252,FALSE,FALSE,18
2009-09-10,5,18,0,0,12.5603581235757,-12.6701988798603,21,315.24943452473,2009,9,253,FALSE,FALSE,20
2009-09-11,5,5.2,0.2,0,4.54288386804974,-0.36055593591915,23.24,274.537892791898,2009,9,254,FALSE,FALSE,14
2009-09-12,5,6.4,0,0,5.15364527570628,-3.64988714383908,23.92,305.306685492102,2009,9,255,FALSE,FALSE,19
2009-09-13,5,5.8,0.2,0,4.76884361893082,-1.13634666139575,26.1,283.402817953086,2009,9,256,FALSE,FALSE,23
2009-09-14,5,14.2,1,0,-3.84645424127207,13.6143260085177,25.12,164.223427233787,2009,9,257,TRUE,FALSE,NA
2009-09-15,4,6,0.25,0,3.23411266104328,3.87372034570867,28.125,219.858013357611,2009,9,258,FALSE,FALSE,20
2009-09-16,5,5.8,0.2,0,4.54559248370151,0.0862731152291261,26.98,268.912684760374,2009,9,259,FALSE,FALSE,18
2009-09-17,5,10.4,1,0,-2.91118802203638,9.75270599442957,21.12,163.379607188246,2009,9,260,TRUE,FALSE,NA
2009-09-18,5,5.4,0.2,0,4.41762602694196,-0.50641777724759,22.74,276.539596741795,2009,9,261,FALSE,FALSE,18
2009-09-19,5,6.4,0.2,0,4.18562797568077,2.20968450536056,20.86,242.169447235569,2009,9,262,FALSE,FALSE,15
2009-09-20,5,20,0,0,8.64379618731932,-17.8193242804449,17.4,334.12290835364,2009,9,263,FALSE,FALSE,NA
2009-09-21,5,5.6,0.2,0,4.96589613758877,0.512835554495183,16.94,264.103880203673,2009,9,264,FALSE,FALSE,15
2009-09-22,4,5.25,0,0,4.86477600858754,-1.73005035831417,21.525,289.576808527424,2009,9,265,FALSE,FALSE,15
2009-09-23,5,5.8,0,0,5.31282059502601,-0.845185870530582,23.58,279.039108482919,2009,9,266,FALSE,FALSE,20
2009-09-24,4,4,0,0,3.79052577758255,1.0156683209926,22.6,255,2009,9,267,FALSE,FALSE,14
2009-09-25,5,9.8,0,0.2,8.37761984456025,-4.70798466309581,22.68,299.334751283015,2009,9,268,FALSE,FALSE,18
2009-09-26,5,13.6,0,0.2,12.4994980238281,-3.5087195559911,26,285.679900297515,2009,9,269,FALSE,FALSE,NA
2009-09-27,5,14.2,0,0.4,11.6976749697463,-7.95672565811924,18.14,304.223427233787,2009,9,270,FALSE,TRUE,NA
2009-09-28,5,5.8,0.8,0,1.65829658986539,4.87548799938979,19.76,198.784676480687,2009,9,271,TRUE,FALSE,16
2009-09-29,5,11,1,0,4.36657705662686,9.76313331724228,12.72,204.096657398485,2009,9,272,TRUE,FALSE,21
2009-09-30,5,6.4,0.2,0,4.00397798620603,0.776113820002677,10.42,259.03007156806,2009,9,273,FALSE,FALSE,14
2010-05-01,5,8.4,0.6,0,4.93651022097188,5.81604050561109,10.6,220.323767096195,2010,5,121,TRUE,FALSE,19
2010-05-02,4,11.5,0.75,0,0.97485100120063,9.39586595165991,12.975,185.923425500754,2010,5,122,TRUE,FALSE,NA
2010-05-03,5,17,0,0.2,9.61896823137771,-5.65125796158043,6.7,300.434741115239,2010,5,123,FALSE,FALSE,22
2010-05-04,5,13,0.2,0,8.56341495505782,6.91600613174288,8.02,231.074878943874,2010,5,124,FALSE,FALSE,NA
2010-05-05,5,9.2,0.2,0,-5.53611620652906,-3.7647995807695,8.08,55.7825954484289,2010,5,125,FALSE,FALSE,NA
2010-05-06,5,6,0.4,0,2.10833624484888,2.86903024139083,11.2,216.310686969209,2010,5,126,FALSE,FALSE,NA
2010-05-07,5,9.4,0.4,0,-3.77201634979234,4.08812660931866,10.82,137.303015180549,2010,5,127,FALSE,FALSE,NA
2010-05-08,5,5,0.8,0,-1.53881945063768,3.87662522722515,10.06,158.34948568287,2010,5,128,TRUE,FALSE,14
2010-05-09,5,7,0.4,0,3.99339359812839,1.46734270707506,11.02,249.824520211263,2010,5,129,FALSE,FALSE,14
2010-05-10,5,12.6,0,0.2,10.6037442021846,-6.39182447076237,15.68,301.081126724599,2010,5,130,FALSE,FALSE,NA
2010-05-11,5,8.4,0.2,0,3.52271469761752,-0.415819313880971,17.48,276.732011364733,2010,5,131,FALSE,FALSE,NA
2010-05-12,5,6.2,0.4,0,4.51073112852245,1.42817398705776,19.28,252.431329567039,2010,5,132,FALSE,FALSE,20
2010-05-13,5,5.4,0.6,0,2.08957688534714,3.09317034410441,18.84,214.040810971403,2010,5,133,TRUE,FALSE,15
2010-05-14,5,5.6,0.2,0,2.49649071866691,1.76216821923667,22.24,234.783334140289,2010,5,134,FALSE,FALSE,14
2010-05-15,5,7,0,0,4.17080831685432,0.843010102294858,21.8,258.573236559658,2010,5,135,FALSE,FALSE,NA
2010-05-16,5,7.2,0.2,0,6.05024123745141,-0.855874162654326,19.58,278.051703009095,2010,5,136,FALSE,FALSE,15
2010-05-17,5,13.4,0,0,10.6350841464214,-7.92649615841655,21.38,306.697744449037,2010,5,137,FALSE,FALSE,22
2010-05-18,5,11.8,0.4,0,1.97289280363226,5.5561652947171,19.14,199.549021075659,2010,5,138,FALSE,FALSE,NA
2010-05-19,5,11,1,0,-1.36776532478903,9.86198423144128,19.92,172.103979061774,2010,5,139,TRUE,FALSE,18
2010-05-20,5,15,0.6,0,-1.01096888385212,13.1334894511897,9.12,175.598256806638,2010,5,140,TRUE,FALSE,15
2010-05-21,5,10.2,0.2,0,2.38288328650126,-2.02888231678429,10.7,310.412403876596,2010,5,141,FALSE,FALSE,NA
2010-05-22,5,11.2,0,0,8.27926386432675,-4.37250988816178,13.36,297.83978228949,2010,5,142,FALSE,FALSE,19
2010-05-23,5,10.4,0.8,0,1.44122158817663,2.78390418761315,11.96,207.370511600878,2010,5,143,TRUE,FALSE,NA
2010-05-24,5,5.6,0.8,0,3.23789481870048,4.195984675226,17.08,217.656114745337,2010,5,144,TRUE,FALSE,15
2010-05-25,5,8.2,0.4,0,5.21942465245717,3.2247012829633,18.46,238.291109580666,2010,5,145,FALSE,FALSE,20
2010-05-26,5,9.6,0.4,0,-5.11923612812384,2.3702264893121,20.64,114.844322417003,2010,5,146,FALSE,FALSE,19
2010-05-27,5,10.6,0,0,-3.65514851023551,-3.13036525954818,11.38,49.4223816375119,2010,5,147,FALSE,FALSE,22
2010-05-28,3,5.33333333333333,0,0,1.00438458025166,0.662647695826035,14.9666666666667,236.584970139882,2010,5,148,FALSE,FALSE,16
2010-05-29,5,16.2,1,0,-4.90091285237263,15.3944579591917,10.94,162.340831420137,2010,5,149,TRUE,FALSE,21
2010-05-30,5,14.8,0.4,0,1.53626231273892,5.13947581672789,12.24,196.642152292573,2010,5,150,FALSE,FALSE,20
2010-05-31,3,5.66666666666667,1,0,2.08362222046631,5.05803833473841,13.5333333333333,202.388856805625,2010,5,151,TRUE,FALSE,NA
2010-06-01,5,7.2,0.2,0,-1.68202272755418,3.12669974325744,16.74,151.721762776025,2010,6,152,FALSE,FALSE,14
2010-06-02,4,4.75,0.25,0,0.505054851420057,2.4917584417092,13.6,191.458060609254,2010,6,153,FALSE,FALSE,14
2010-06-03,5,11.2,0.6,0,4.50344136037885,6.15090924893438,14.18,216.210045591364,2010,6,154,TRUE,FALSE,20
2010-06-04,5,4.8,0.4,0,2.59269105683188,1.69067263876227,11.62,236.891958022157,2010,6,155,FALSE,FALSE,14
2010-06-05,5,9.2,1,0,-2.27393169043193,8.34435335837045,16.9,164.756392480957,2010,6,156,TRUE,FALSE,20
2010-06-06,5,6.6,0,0,4.63056828054832,-2.61064825219918,14.74,299.413682790802,2010,6,157,FALSE,FALSE,23
2010-06-07,5,7,0.4,0,-1.54902003026206,3.13828879956466,17.14,153.729630795247,2010,6,158,FALSE,FALSE,16
2010-06-08,5,6.8,1,0,-1.22628505422321,6.10306917621277,20.68,168.63888288041,2010,6,159,TRUE,FALSE,22
2010-06-09,4,9.25,0.25,0,-5.79246608264203,2.75654800131077,14.825,115.449078340405,2010,6,160,FALSE,FALSE,NA
2010-06-10,4,9.5,0.75,0,-3.07343547546643,7.96557777545821,12.975,158.901409810076,2010,6,161,TRUE,FALSE,NA
2010-06-11,4,8,0.5,0,1.04791535272017,4.56065411406883,18.35,192.940413303993,2010,6,162,FALSE,FALSE,NA
2010-06-12,5,5.6,0,0,5.1562849252436,0.562967318423533,21.5,263.769081130262,2010,6,163,FALSE,FALSE,15
2010-06-13,5,9.8,0.6,0,-1.02448971501092,7.60742562351824,24.72,172.330139193275,2010,6,164,TRUE,FALSE,NA
2010-06-14,5,15,1,0,-4.1874191421961,14.3480340522559,21.34,163.730315978937,2010,6,165,TRUE,FALSE,NA
2010-06-15,5,9.4,1,0,-1.9953244977069,9.11604754808299,20.78,167.6537805534,2010,6,166,TRUE,FALSE,NA
2010-06-16,3,6,0,0,5.29313015312768,-2.52941566058439,10.6,295.541626496855,2010,6,167,FALSE,FALSE,15
2010-06-17,5,9.8,1,0,0.0968022097886887,9.68214672572713,11.04,180.572824749672,2010,6,168,TRUE,FALSE,19
2010-06-18,4,9,0.25,0.25,6.74528572505599,-1.66489994275604,16.875,283.864861022032,2010,6,169,FALSE,FALSE,15
2010-06-19,4,5,0.25,0,1.47650475114497,0.896759314921337,20.85,238.727479541987,2010,6,170,FALSE,FALSE,19
2010-06-20,5,8,0.6,0,1.41502989926308,6.20420649797934,21.78,192.848015918334,2010,6,171,TRUE,FALSE,23
2010-06-21,5,12.8,1,0,-3.11924237987424,12.2536412071911,15.92,165.718317110762,2010,6,172,TRUE,FALSE,NA
2010-06-22,5,5.8,0.6,0,1.48260676796974,4.30705146811473,19.94,198.994886141484,2010,6,173,TRUE,FALSE,NA
2010-06-23,5,4.4,0.4,0,2.59498571731368,2.06548688965067,22.44,231.48185593235,2010,6,174,FALSE,FALSE,14
2010-06-24,5,5.8,0.4,0,3.41325148152315,2.43471696515905,24.46,234.499239629548,2010,6,175,FALSE,FALSE,14
2010-06-25,5,5.4,0.2,0,3.67852425035109,-1.53001520698592,22.06,292.583979269167,2010,6,176,FALSE,FALSE,15
2010-06-26,5,9.8,0.8,0,0.380516138600889,6.86928225979516,24.38,183.170594725663,2010,6,177,TRUE,FALSE,NA
2010-06-27,5,15.4,1,0,-4.66346919702237,14.5390015553469,25.64,162.216054857834,2010,6,178,TRUE,FALSE,NA
2010-06-28,5,11,1,0,-4.1,9.52627944162883,27.66,156.713517621712,2010,6,179,TRUE,FALSE,NA
2010-06-29,5,10.4,0.8,0,1.3120787469215,9.05371036883011,26.02,188.245991125993,2010,6,180,TRUE,FALSE,NA
2010-06-30,5,13.8,0.8,0,-3.99020577702116,12.6052490644111,20.86,162.434758109778,2010,6,181,TRUE,FALSE,NA
2010-07-01,5,7.8,0.4,0,5.78886111586278,4.51665889334363,19.64,232.037479671337,2010,7,182,FALSE,FALSE,20
2010-07-02,4,6.25,0.25,0,-0.894462086375339,0.700502854856738,15.225,128.066464967434,2010,7,183,FALSE,FALSE,20
2010-07-03,5,6.4,0.8,0,-0.309035968881666,5.10596190552893,17.22,176.536424755802,2010,7,184,TRUE,FALSE,15
2010-07-04,5,9,1,0,1.29382575476604,8.19291277064397,16.12,188.974045491593,2010,7,185,TRUE,FALSE,15
2010-07-05,5,9.4,0,0,8.33023162085821,-2.12187300805426,18.42,284.29046432113,2010,7,186,FALSE,FALSE,21
2010-07-06,4,6.5,0,0,6.1035356032901,-0.59014219425547,22.45,275.522680365116,2010,7,187,FALSE,FALSE,20
2010-07-07,5,6,0,0,5.58786141764039,0.202046358790488,25.8,267.929196576292,2010,7,188,FALSE,FALSE,19
2010-07-08,5,5.2,0.2,0,4.26115454518647,0.475662473451023,28.42,263.630577922289,2010,7,189,FALSE,FALSE,15
2010-07-09,5,5.8,0.2,0,5.45953799859318,0.473917012361639,28.6,265.038856868468,2010,7,190,FALSE,FALSE,14
2010-07-10,5,14.6,0,0,10.697396952382,-8.17452537554194,24.56,307.385624186046,2010,7,191,FALSE,FALSE,18
2010-07-11,5,6.2,0,0,5.26143042235307,-0.489928343444592,24.68,275.319867741125,2010,7,192,FALSE,FALSE,19
2010-07-12,5,21.8,0.2,0.6,13.9474668202828,4.67747632840425,19.42,251.460408422363,2010,7,193,FALSE,TRUE,17
2010-07-13,4,9.25,0,0,7.75580457438185,2.59099710027107,15.65,251.526969689786,2010,7,194,FALSE,FALSE,15
2010-07-14,5,7,0,0,6.56254669868709,-2.24073763458076,21.4,288.852126879995,2010,7,195,FALSE,FALSE,18
2010-07-15,5,13.8,1,0,2.05001037515074,13.3350330886933,27.6,188.739726960714,2010,7,196,TRUE,FALSE,NA
2010-07-16,5,17,0.8,0,2.41875440699527,15.1981044199498,28.14,189.042696939677,2010,7,197,TRUE,FALSE,20
2010-07-17,5,5.8,0.2,0,5.28359938608431,1.15813981086992,26.8,257.636569833508,2010,7,198,FALSE,FALSE,16
2010-07-18,5,10.8,0.2,0,4.56602540378444,-5.68371685740842,25.62,321.223275490057,2010,7,199,FALSE,FALSE,NA
2010-07-19,5,11,0,0,9.00938959324582,-5.45776867438896,23.46,301.206924922223,2010,7,200,FALSE,FALSE,NA
2010-07-20,4,5,0,0,4.08017461725854,-1.85696902421635,23.3,294.471230530635,2010,7,201,FALSE,FALSE,20
2010-07-21,5,8.2,0,0,7.82230575771585,0.456892551266301,26.28,266.657212488662,2010,7,202,FALSE,FALSE,19
2010-07-22,4,11.75,0.5,0.25,2.77056270672326,4.65441642597431,19.925,210.763417046979,2010,7,203,FALSE,FALSE,16
2010-07-23,5,7.6,0,0,7.53619256265127,-0.729322346201105,23.82,275.527640996794,2010,7,204,FALSE,FALSE,17
2010-07-24,5,6.4,0.2,0,4.85831210580254,0.0787308542170914,27.1,269.071580674975,2010,7,205,FALSE,FALSE,NA
2010-07-25,5,6.2,0.2,0,3.61553260250804,1.6707680948649,29.32,245.19794332949,2010,7,206,FALSE,FALSE,15
2010-07-26,5,8.2,0,0,7.25403315967232,-3.44323259490317,28.86,295.392035732395,2010,7,207,FALSE,FALSE,19
2010-07-27,5,8.4,0.2,0,5.35735416457865,3.28886511852924,28.64,238.454349542911,2010,7,208,FALSE,FALSE,NA
2010-07-28,5,6.4,0.2,0,4.93085319884852,1.87636201428237,29.38,249.166430428891,2010,7,209,FALSE,FALSE,14
2010-07-29,5,9.4,0,0,8.53774176351825,-2.65029847844925,24.64,287.2454656075,2010,7,210,FALSE,FALSE,20
2010-07-30,5,7.6,0.6,0,4.1635386072293,4.03850666348555,28.16,225.873348977605,2010,7,211,TRUE,FALSE,20
2010-07-31,4,8.75,0,0,6.69999186820399,-2.29150746872584,20.425,288.881532047671,2010,7,212,FALSE,FALSE,21
2010-08-01,5,12.4,0.4,0.2,3.96323217198906,-2.74946391035474,24.1,304.750701954382,2010,8,213,FALSE,FALSE,19
2010-08-02,5,8.2,0,0,6.74285234655625,-4.56985325193095,18.64,304.126787317305,2010,8,214,FALSE,FALSE,21
2010-08-03,5,6.2,0,0,5.52847831091547,-2.33768273819567,25.04,292.920770024435,2010,8,215,FALSE,FALSE,15
2010-08-04,5,7.4,0,0,6.90010150043248,-1.75864636028106,27.32,284.298694320463,2010,8,216,FALSE,FALSE,20
2010-08-05,5,5.4,0,0,4.65885666708439,-1.10007876781344,29.1,283.285692893489,2010,8,217,FALSE,FALSE,15
2010-08-06,5,7.4,0.6,0,1.32455932708565,3.21438791030694,24.42,202.395188733645,2010,8,218,TRUE,FALSE,20
2010-08-07,5,12,0.8,0,-1.5811865018542,11.170278028502,25.32,171.943137737911,2010,8,219,TRUE,FALSE,NA
2010-08-08,5,7,0.8,0,-1.69865046276562,6.25746170843418,21.04,164.812486378719,2010,8,220,TRUE,FALSE,NA
2010-08-09,5,5.4,0.2,0,4.86260720554365,0.718262215353927,23.8,261.597522418304,2010,8,221,FALSE,FALSE,15
2010-08-10,5,9.4,0,0,8.45143124313174,-3.61809438156727,21.56,293.175977168963,2010,8,222,FALSE,FALSE,NA
2010-08-11,5,7,0.2,0,4.82865378030051,2.01262197495566,23.02,247.37323094438,2010,8,223,FALSE,FALSE,NA
2010-08-12,5,8,0.6,0,-1.41128551650905,4.41006695216447,22.12,162.254573041015,2010,8,224,TRUE,FALSE,NA
2010-08-13,4,5.75,0.25,0,4.44438855823905,2.28705215186154,22.875,242.769957362138,2010,8,225,FALSE,FALSE,17
2010-08-14,5,5.8,0.4,0,4.17801907319181,1.27441625740964,25.32,253.036783025725,2010,8,226,FALSE,FALSE,14
2010-08-15,4,5.75,0.25,0,4.69910587417909,-0.662490044928409,28.35,278.024794184346,2010,8,227,FALSE,FALSE,22
2010-08-16,5,5.8,0.2,0,5.13082239220693,0.696974672262779,28.48,262.264249280199,2010,8,228,FALSE,FALSE,22
2010-08-17,5,6.2,0,0,5.44827977135558,-1.8577081982701,27.4,288.827914110532,2010,8,229,FALSE,FALSE,16
2010-08-18,5,8.6,0.4,0,5.50146473920297,4.55082117668704,30.14,230.402388380474,2010,8,230,FALSE,FALSE,NA
2010-08-19,5,15.4,1,0,-0.770677653798892,14.8552690896681,27.34,177.030210250302,2010,8,231,TRUE,FALSE,21
2010-08-20,5,13.4,1,0,-0.278504745293478,12.3708794675268,25.46,178.710321972112,2010,8,232,TRUE,FALSE,NA
2010-08-21,5,9.8,0.8,0,-0.369715958319369,8.47413385935782,25.4,177.501840398796,2010,8,233,TRUE,FALSE,20
2010-08-22,5,13.4,0.6,0,-5.89694231617504,7.31235300390959,17.86,141.116056955837,2010,8,234,TRUE,FALSE,21
2010-08-23,5,7.6,0,0,5.83000521752395,-4.09998210221618,18.6,305.117006896576,2010,8,235,FALSE,FALSE,19
2010-08-24,4,5.75,0,0,5.2246214799745,-1.90581782467504,24.925,290.040768483485,2010,8,236,FALSE,FALSE,20
2010-08-25,5,4.8,0.4,0,2.40165526888661,1.74621376448759,27.64,233.97956480017,2010,8,237,FALSE,FALSE,14
2010-08-26,5,13.4,0.6,0.2,3.90130948541839,10.9578371671979,30.28,199.597211947132,2010,8,238,TRUE,FALSE,NA
2010-08-27,5,9.8,0.6,0,3.26149545482905,7.83679609368737,18.9,202.595962502788,2010,8,239,TRUE,FALSE,23
2010-08-28,5,8.8,0,0,6.91891649224714,-4.81226607066732,17.38,304.819504224132,2010,8,240,FALSE,FALSE,16
2010-08-29,5,13.2,0,0.2,4.21173078357698,-8.76919473034265,14.72,334.345628061246,2010,8,241,FALSE,FALSE,21
2010-08-30,5,7.4,0.2,0,3.85159390164749,-1.13228290096507,17.82,286.382162609615,2010,8,242,FALSE,FALSE,NA
2010-08-31,5,14,0.8,0.2,5.68741596229149,11.0655970306582,15.96,207.201931472403,2010,8,243,TRUE,FALSE,23
2010-09-01,5,7.6,0.2,0,-0.307433141820509,0.387426918864508,15.44,141.567103057737,2010,9,244,FALSE,FALSE,17
2010-09-02,5,6,0,0,5.62080858060808,0.587335933760682,18.66,264.03463285652,2010,9,245,FALSE,FALSE,22
2010-09-03,4,5.75,0.75,0,-2.23806313609326,5.03121264707251,23.825,156.018792852962,2010,9,246,TRUE,FALSE,19
2010-09-04,5,13.4,1,0,5.15672565811924,11.6479327085534,24.94,203.879736512724,2010,9,247,TRUE,FALSE,NA
2010-09-05,5,7.8,1,0,3.01988618474304,6.98627047358446,12.86,203.376903595709,2010,9,248,TRUE,FALSE,19
2010-09-06,5,7.8,0.8,0,0.761941496931217,6.12118495915831,13.58,187.09546144109,2010,9,249,TRUE,FALSE,21
2010-09-07,5,9.4,0,0,8.24377289937578,-4.47882820065594,13.92,298.515160250499,2010,9,250,FALSE,FALSE,NA
2010-09-08,5,14.8,0,0,9.57522940796167,-11.0871357178672,15.76,319.184987658248,2010,9,251,FALSE,FALSE,23
2010-09-09,5,7.6,0.2,0,6.00156734721874,0.790695809805467,16.68,262.494609066966,2010,9,252,FALSE,FALSE,18
2010-09-10,5,13.8,1,0,-0.831141438648321,13.2573032204424,16.12,176.412644983345,2010,9,253,TRUE,FALSE,NA
2010-09-11,5,8.8,0.8,0,-1.71003384559583,6.49988026418897,16.2,165.260237383351,2010,9,254,TRUE,FALSE,NA
2010-09-12,4,10.75,0,0.25,8.49545003002941,-6.45881560458899,15.675,307.24455236278,2010,9,255,FALSE,FALSE,22
2010-09-13,5,14,0,0,9.533421747527,-10.1302976831207,18.18,316.738632139805,2010,9,256,FALSE,FALSE,NA
2010-09-14,5,10,0,0,9.00997586654724,-4.09245016285805,18.44,294.428176761067,2010,9,257,FALSE,FALSE,NA
2010-09-15,5,10.6,0,0,7.51726084846212,-6.62188864432847,18.32,311.376540330644,2010,9,258,FALSE,FALSE,21
2010-09-16,5,6.6,0.8,0,1.26878488786898,5.06645736532922,19.76,194.059343607457,2010,9,259,TRUE,FALSE,15
2010-09-17,5,11,0,0,-9.5602701421369,-5.01169764372499,14.9,62.3355124844712,2010,9,260,FALSE,FALSE,NA
2010-09-18,5,4.8,0.8,0,-0.56776384011162,3.86342652354697,13.14,171.639733521514,2010,9,261,TRUE,FALSE,15
2010-09-19,5,5.2,0.4,0,-3.7070162161325,2.31547734735286,12.34,121.989733746134,2010,9,262,FALSE,FALSE,15
2010-09-20,5,10.6,1,0,-2.83341390636242,9.90479532315093,14.42,164.036035247905,2010,9,263,TRUE,FALSE,17
2010-09-21,5,6,0.2,0,4.60981950254741,1.8212133676955,12.66,248.442382006648,2010,9,264,FALSE,FALSE,16
2010-09-22,5,4.4,0.6,0,2.96409406054512,2.7324697454418,14.4,227.328384240352,2010,9,265,TRUE,FALSE,15
2010-09-23,3,5.66666666666667,0.333333333333333,0,3.32367478152144,0.335330227046445,9.36666666666667,264.238843128221,2010,9,266,FALSE,FALSE,18
2010-09-24,5,7,1,0,-1.24934271412435,6.67322082349502,14.66,169.395990206108,2010,9,267,TRUE,FALSE,20
2010-09-25,3,4.66666666666667,0.666666666666667,0,-0.301326319388307,3.65164096861676,17.3,175.282751143369,2010,9,268,TRUE,FALSE,14
2010-09-26,4,6.25,0.25,0,4.38105971826062,-0.516531094352277,17.325,276.724184576385,2010,9,269,FALSE,FALSE,14
2010-09-27,5,7.6,0.8,0,2.2041663489388,6.93303859248002,22.88,197.636611677527,2010,9,270,TRUE,FALSE,NA
2010-09-28,5,19.8,0.8,0,2.87818128993102,8.80364374858695,23.12,198.104156904587,2010,9,271,TRUE,FALSE,17
2010-09-29,5,6.8,0,0,5.56319715675592,-3.68583038836963,18.36,303.525992573992,2010,9,272,FALSE,FALSE,16
2010-09-30,5,5.8,0,0,5.30288276655533,-2.29967654463754,19.14,293.444706926308,2010,9,273,FALSE,FALSE,19
2011-05-01,5,6.2,0.2,0,3.55931501729265,1.48371701051281,13.68,247.370958376675,2011,5,121,FALSE,FALSE,NA
2011-05-02,4,5.5,0.5,0,2.51248278655758,3.06444707336752,15.15,219.347685060688,2011,5,122,FALSE,FALSE,14
2011-05-03,5,11,0.6,0.2,2.85137471116753,3.63907940165575,10.78,218.080221231282,2011,5,123,TRUE,FALSE,14
2011-05-04,5,8,0.4,0,-0.218355842554824,2.54923303863094,15.74,175.104250902909,2011,5,124,FALSE,FALSE,NA
2011-05-05,5,13.8,0,0,6.93816070725537,-9.27301115099025,11.66,323.195792719299,2011,5,125,FALSE,FALSE,22
2011-05-06,5,10,1,0,-3.49753283940821,9.0955085493779,13.52,158.966548133782,2011,5,126,TRUE,FALSE,18
2011-05-07,5,17.2,1,0,-3.75212085995401,16.1172896290405,11.08,166.894907667454,2011,5,127,TRUE,FALSE,NA
2011-05-08,5,4.8,0.2,0,1.1372704485886,1.21803600350766,13.62,223.036046256571,2011,5,128,FALSE,FALSE,15
2011-05-09,5,9.4,0,0.2,8.16715358337903,-4.0297989306651,18.64,296.262438746895,2011,5,129,FALSE,FALSE,19
2011-05-10,5,5.8,0.2,0,4.05633726623965,-1.40657242460517,19.22,289.124461173618,2011,5,130,FALSE,FALSE,14
2011-05-11,5,11.4,0.6,0,-1.85919880049259,9.02565445705516,21.94,168.360423394823,2011,5,131,TRUE,FALSE,22
2011-05-12,5,12.6,1,0,-3.45637389256696,11.8932239006431,14.4,163.795233554553,2011,5,132,TRUE,FALSE,NA
2011-05-13,5,13.4,0,0.2,10.2653136461241,-8.29626665871387,15.76,308.944603819914,2011,5,133,FALSE,FALSE,NA
2011-05-14,5,25.6,0,0,-20.0506539707739,-15.8270973253546,23.02,51.7140026706722,2011,5,134,FALSE,FALSE,NA
2011-05-15,5,19.2,0,0,-15.8278400673375,-10.7423008774923,20.1,55.835395992353,2011,5,135,FALSE,FALSE,NA
2011-05-16,5,20,1,0,-5.27798608659414,19.0119462214331,9.16,164.484590748367,2011,5,136,TRUE,FALSE,NA
2011-05-17,5,9.4,0.8,0,-2.34496124628438,7.30556691304031,12.16,162.20426377637,2011,5,137,TRUE,FALSE,16
2011-05-18,5,19.6,0,0,11.5420088381758,-15.7543301940564,17.76,323.772580163957,2011,5,138,FALSE,FALSE,22
2011-05-19,5,11,0,0,9.11108951863029,-5.57867163903831,20.22,301.478913929688,2011,5,139,FALSE,FALSE,NA
2011-05-20,5,9.8,0,0,7.50533135585161,-6.20704813379609,19.18,309.591378867351,2011,5,140,FALSE,FALSE,18
2011-05-21,4,6,0.25,0,4.99999863990545,2.88675056069718,22.2,240,2011,5,141,FALSE,FALSE,18
2011-05-22,5,6.4,0.8,0,1.56643643768809,5.79098458117005,13.82,195.136043637091,2011,5,142,TRUE,FALSE,15
2011-05-23,5,8.8,0,0,7.99929746678109,-3.08608664544182,18.9,291.096350594852,2011,5,143,FALSE,FALSE,19
2011-05-24,5,4.4,0.4,0,2.57883078357982,2.58822706161361,14.04,224.895807924519,2011,5,144,FALSE,FALSE,15
2011-05-25,4,5,0,0,4.50477516958154,0.234807753012209,14.675,267.016204252003,2011,5,145,FALSE,FALSE,14
2011-05-26,5,19.8,1,0,-5.99167217480904,18.6959225512111,5.52,162.230376384981,2011,5,146,TRUE,FALSE,20
2011-05-27,4,13,0,0.25,10.0346219824516,-8.02335480989364,12.225,308.644685291153,2011,5,147,FALSE,FALSE,NA
2011-05-28,5,5.6,0.4,0,-1.91885645573181,1.49434133025314,8.68,127.910267602932,2011,5,148,FALSE,FALSE,16
2011-05-29,5,12.2,0,0,9.09508401607458,-7.4090048667702,18.1,309.166826075653,2011,5,149,FALSE,FALSE,NA
2011-05-30,5,7.4,0.8,0,3.32411897055645,5.44286787444146,19.86,211.413635735223,2011,5,150,TRUE,FALSE,NA
2011-05-31,4,5.5,0.25,0,-0.386272502192287,-0.818110264042269,17.2,25.2744383221951,2011,5,151,FALSE,FALSE,16
2011-06-01,5,17.8,0,0.2,11.9544812387037,-12.5008256853227,14.96,316.279805025656,2011,6,152,FALSE,FALSE,NA
2011-06-02,5,9.6,0.6,0,2.04215580024851,7.47731708653564,14.88,195.275710718048,2011,6,153,TRUE,FALSE,NA
2011-06-03,5,11.4,1,0,-3.23635352464372,10.8211187929139,16.88,163.349257429578,2011,6,154,TRUE,FALSE,22
2011-06-04,5,5.8,0.2,0,4.95193677284084,1.12706564224441,21.6,257.177851676994,2011,6,155,FALSE,FALSE,16
2011-06-05,5,6.6,0.2,0,5.45124776459543,-0.800731684116528,24.44,278.356396172298,2011,6,156,FALSE,FALSE,20
2011-06-06,5,8.8,0,0,7.49609131922126,-4.17521419917684,22.4,299.117172973202,2011,6,157,FALSE,FALSE,16
2011-06-07,5,16.4,0.8,0,-1.38797232677497,14.9080694909192,18.7,174.680976630747,2011,6,158,TRUE,FALSE,NA
2011-06-08,4,5.5,0.5,0,-4.01712211452399,3.60433488721241,9.7,131.899821073168,2011,6,159,FALSE,FALSE,15
2011-06-09,4,5.5,0.25,0,4.3227148423454,1.94898916754202,15.475,245.730741005797,2011,6,160,FALSE,FALSE,14
2011-06-10,5,9.6,0.2,0,2.39358222275241,0.56602381661606,19.32,256.695353657108,2011,6,161,FALSE,FALSE,21
2011-06-11,5,9,0,0,6.82040681837101,-2.54486389984554,17.12,290.461799459307,2011,6,162,FALSE,FALSE,22
2011-06-12,5,9.2,0,0,5.03584566768587,-0.886657934247588,19.52,279.985681784755,2011,6,163,FALSE,FALSE,19
2011-06-13,5,9.4,1,0,-3.32266743642882,8.72278310919106,14.72,159.147248792005,2011,6,164,TRUE,FALSE,21
2011-06-14,5,13,1,0,-2.57905546699921,12.1237807625001,18.8,167.990657254029,2011,6,165,TRUE,FALSE,NA
2011-06-15,5,9,0.8,0,-2.30674242818362,7.60114144044722,12.94,163.118364194757,2011,6,166,TRUE,FALSE,NA
2011-06-16,4,6,1,0,-2.90581782467504,5.20667228754338,11.4,150.834331776839,2011,6,167,TRUE,FALSE,21
2011-06-17,4,6.75,1,0,-1.77210182419629,6.14054992689693,12.95,163.902384497884,2011,6,168,TRUE,FALSE,16
2011-06-18,5,7.8,0.4,0,0.675877048314363,3.9684478309955,19.32,189.665457333361,2011,6,169,FALSE,FALSE,NA
2011-06-19,5,8,1,0,-1.26600215150579,7.74339359266101,16.64,170.714608604554,2011,6,170,TRUE,FALSE,21
2011-06-20,5,11,1,0,-2.38714188784346,10.362461984555,20.72,167.027409830778,2011,6,171,TRUE,FALSE,NA
2011-06-21,4,7,0,0,6.25392427790316,1.10533299446869,22.925,259.976922837976,2011,6,172,FALSE,FALSE,NA
2011-06-22,5,5.4,0.2,0,3.4051266221301,1.97998476853237,24.92,239.82321058697,2011,6,173,FALSE,FALSE,14
2011-06-23,5,18.4,1,0,-5.78805474021609,17.4256896191396,19.56,161.625761361242,2011,6,174,TRUE,FALSE,NA
2011-06-24,5,9,0.4,0,1.23749827601801,-0.674840587708592,14.62,298.604804576311,2011,6,175,FALSE,FALSE,15
2011-06-25,5,8.8,0.8,0,-3.24310346760452,6.41338064285285,16.24,153.175294451929,2011,6,176,TRUE,FALSE,NA
2011-06-26,5,5.8,0.2,0,4.33820676110826,-0.070322496266423,20.42,270.928685424318,2011,6,177,FALSE,FALSE,14
2011-06-27,5,5.6,0.2,0,4.99269105683188,1.81283555449518,23.38,250.044147612942,2011,6,178,FALSE,FALSE,15
2011-06-28,5,10.2,0.2,0.2,7.84937636518322,-3.83569167531898,23.08,296.043000685889,2011,6,179,FALSE,FALSE,16
2011-06-29,5,14.6,0.8,0,0.697497731336939,12.1791395715608,23.62,183.277741445549,2011,6,180,TRUE,FALSE,NA
2011-06-30,5,9.6,0.2,0,5.76683268699392,-2.70020171554665,17.58,295.090384200399,2011,6,181,FALSE,FALSE,16
2011-07-01,5,8.2,0.2,0,6.94773139539295,0.758171873876319,20.68,263.772235064153,2011,7,182,FALSE,FALSE,19
2011-07-02,5,6,0.2,0,4.38831437977519,1.06798420108205,24.9,256.321834537335,2011,7,183,FALSE,FALSE,19
2011-07-03,5,12.8,0,0.2,7.5077965905009,-8.36117941828491,21.74,318.078218898651,2011,7,184,FALSE,FALSE,14
2011-07-04,5,5,0.2,0,3.48200610678836,0.395088811705703,25.8,263.526571180464,2011,7,185,FALSE,FALSE,15
2011-07-05,5,6.6,0,0,5.07948360444008,-1.77912278198783,27.1,289.303144062975,2011,7,186,FALSE,FALSE,19
2011-07-06,5,6.4,0,0,5.97709246228944,-0.367346144166422,28.16,273.516917897341,2011,7,187,FALSE,FALSE,20
2011-07-07,5,11,0.8,0,-1.38535221630557,9.31366318968619,30.5,171.539623069083,2011,7,188,TRUE,FALSE,NA
2011-07-08,5,15.4,0.2,0.2,11.3505756817433,-1.66735469451456,18.82,278.356756906861,2011,7,189,FALSE,FALSE,NA
2011-07-09,5,10.6,0,0,8.82796420523702,-4.76245414578613,22.46,298.345692476417,2011,7,190,FALSE,FALSE,NA
2011-07-10,5,6.4,0,0,6.38176930361465,0.208377813200317,23.48,268.129840114975,2011,7,191,FALSE,FALSE,19
2011-07-11,5,6.4,0,0,6.27606982693201,-0.930313462589953,26.66,278.431661922425,2011,7,192,FALSE,FALSE,18
2011-07-12,5,5.6,0.8,0,2.46734452298773,4.10400530666757,26.34,211.014454402177,2011,7,193,TRUE,FALSE,15
2011-07-13,5,8.4,0.8,0,-0.288844241219771,7.4650401605564,18.18,177.784164050097,2011,7,194,TRUE,FALSE,20
2011-07-14,5,11.2,0.8,0,0.337799173719116,8.55085220070647,19.26,182.262278377615,2011,7,195,TRUE,FALSE,23
2011-07-15,5,5.4,0,0,4.3312325331278,-1.11330371075501,18.84,284.415291137495,2011,7,196,FALSE,FALSE,14
2011-07-16,5,5.8,0,0,4.69214379398449,-3.06217826861953,22.78,303.129196438606,2011,7,197,FALSE,FALSE,14
2011-07-17,5,10.6,0,0,8.96516265012613,-5.41665304246779,25.14,301.139911663326,2011,7,198,FALSE,FALSE,21
2011-07-18,5,7.4,0,0,6.64871816060206,-2.85557682209533,27.08,293.243176433274,2011,7,199,FALSE,FALSE,19
2011-07-19,5,13.2,0.6,0,3.86503499876591,10.7955335958022,22.48,199.698468083635,2011,7,200,TRUE,FALSE,21
2011-07-20,5,14.8,0.8,0,-1.42442276369963,12.5203024995313,20.22,173.509421680797,2011,7,201,TRUE,FALSE,NA
2011-07-21,5,7.8,0.8,0,-1.90711768050431,6.85500188339564,17.58,164.452997165544,2011,7,202,TRUE,FALSE,20
2011-07-22,5,7.6,1,0,-2.58746107993015,6.64195751216112,17.54,158.715950916677,2011,7,203,TRUE,FALSE,21
2011-07-23,4,6.25,0,0,5.72412149347829,-1.1119697850115,22.325,280.993376360781,2011,7,204,FALSE,FALSE,NA
2011-07-24,4,6.5,0,0,6.19338128343076,0.571115689082874,27.15,264.731433994923,2011,7,205,FALSE,FALSE,NA
2011-07-25,5,12,0,0.2,5.65046925352788,-6.55640740624045,23.58,319.244447526935,2011,7,206,FALSE,FALSE,14
2011-07-26,5,8.2,0.8,0,-0.86658495326624,7.15315415409863,19.98,173.092435947919,2011,7,207,TRUE,FALSE,18
2011-07-27,4,9,0.25,0.25,3.71467299913849,-2.95276019884939,21.025,308.480873167855,2011,7,208,FALSE,FALSE,14
2011-07-28,4,5,0,0,4.2583481411002,0.439078461657127,24.2,264.113033649175,2011,7,209,FALSE,FALSE,15
2011-07-29,5,10.4,0.4,0,6.45374930601924,1.57213867585716,25.94,256.309350856945,2011,7,210,FALSE,FALSE,23
2011-07-30,5,7,0.2,0,1.57641112060981,4.21454594566721,27.48,200.50783545403,2011,7,211,FALSE,FALSE,NA
2011-07-31,5,15.8,1,0,2.0816719571758,13.8947210708733,29.28,188.520537268975,2011,7,212,TRUE,FALSE,NA
2011-08-01,5,11.8,0,0,10.3232774059988,-4.56136497063145,25.9,293.838353906361,2011,8,213,FALSE,FALSE,NA
2011-08-02,5,9,0.4,0,5.94961930446819,3.86471038598379,26.52,236.993345943926,2011,8,214,FALSE,FALSE,NA
2011-08-03,5,7,0,0,6.04533477749457,-0.707483069032088,26.66,276.674939108992,2011,8,215,FALSE,FALSE,17
2011-08-05,5,11.6,0.8,0,2.24889082353487,10.0984804131621,29.58,192.554671142601,2011,8,217,TRUE,FALSE,NA
2011-08-06,5,12.6,1,0,-0.0262876963202789,12.1739790003771,28.8,179.876279422589,2011,8,218,TRUE,FALSE,NA
2011-08-07,5,6.4,0,0,5.6985505265254,-1.28176930361465,27.34,282.676511760144,2011,8,219,FALSE,FALSE,NA
2011-08-08,5,7.6,0,0,6.13185228623471,-4.18064534068919,26.04,304.285837009797,2011,8,220,FALSE,FALSE,18
2011-08-09,5,6.6,0.2,0,3.65184746193839,2.17150737491428,28.8,239.262905589397,2011,8,221,FALSE,FALSE,19
2011-08-10,5,9.4,0.6,0,2.54591709648363,7.72369315783942,27.68,198.243476696762,2011,8,222,TRUE,FALSE,NA
2011-08-11,5,9.4,0.8,0,0.75244431531647,1.532676234271,24.62,206.148034665237,2011,8,223,TRUE,FALSE,20
2011-08-12,5,7.4,0.2,0,5.37478791887319,0.694336023415124,27.68,262.63907508582,2011,8,224,FALSE,FALSE,17
2011-08-13,5,5.8,0.4,0,3.74654146659551,3.58355940533294,28.62,226.273740430017,2011,8,225,FALSE,FALSE,14
2011-08-14,5,10.8,1,0,-0.808185435161945,10.437601794231,28.72,175.572411542454,2011,8,226,TRUE,FALSE,NA
2011-08-15,5,8,0.2,0,3.86178343358787,-3.96179734464694,16.5,315.732409242451,2011,8,227,FALSE,FALSE,14
2011-08-16,5,5.4,0.2,0,3.5399827458424,0.0399071956492518,22.62,269.354116335416,2011,8,228,FALSE,FALSE,14
2011-08-17,5,9.8,0.8,0,3.01243528164,7.84236986922795,26.9,201.012934998737,2011,8,229,TRUE,FALSE,20
2011-08-18,5,15.8,0,0,11.1062329979992,-11.0420161488732,23.8,314.833876524779,2011,8,230,FALSE,FALSE,NA
2011-08-19,5,13.8,0,0,11.3450551228009,-7.10419229917813,23.46,302.054503654148,2011,8,231,FALSE,FALSE,20
2011-08-20,5,6.8,0,0,6.44357490349876,-1.65765640131187,25.6,284.426921028989,2011,8,232,FALSE,FALSE,17
2011-08-21,5,7.4,0,0,5.88966897109316,-3.52637990421028,27.98,300.910640619913,2011,8,233,FALSE,FALSE,18
2011-08-22,5,12.4,0.8,0,2.80216506334616,11.5626884770752,31.06,193.622731463228,2011,8,234,TRUE,FALSE,NA
2011-08-23,5,10.2,0.8,0,4.95654556004675,7.68201821616288,27.18,212.830673443264,2011,8,235,TRUE,FALSE,21
2011-08-24,5,8.8,0.6,0,0.570654733712173,6.45714891185892,30,185.050430658288,2011,8,236,TRUE,FALSE,NA
2011-08-25,5,6.6,0,0,5.87175560728229,-1.03907904036695,28.5,280.035296458583,2011,8,237,FALSE,FALSE,20
2011-08-26,5,6.2,0,0,5.59458656598357,-1.71672356339424,29.2,287.058862721009,2011,8,238,FALSE,FALSE,15
2011-08-27,5,8.2,0.6,0,3.41631801489115,5.14180628078931,30.74,213.600851053591,2011,8,239,TRUE,FALSE,14
2011-08-28,5,6.4,0,0,5.8458709187524,-1.79162218679968,28.9,287.039072444509,2011,8,240,FALSE,FALSE,19
2011-08-29,5,13.4,1,0,-1.9796910650192,12.7119248683958,29.9,171.148149650614,2011,8,241,TRUE,FALSE,NA
2011-08-30,5,14.2,0.8,0,1.1593877937353,11.5419626420345,26.52,185.736108253898,2011,8,242,TRUE,FALSE,NA
2011-08-31,5,7.4,0,0,2.53256186149384,-0.128974707423316,15.5,272.915359341469,2011,8,243,FALSE,FALSE,16
2011-09-01,5,8.8,0.8,0,0.414097044940377,8.14530791084395,19.22,182.91033860531,2011,9,244,TRUE,FALSE,22
2011-09-02,5,21,0,0,10.5,-18.1865334794732,19.4,330,2011,9,245,FALSE,FALSE,NA
2011-09-03,5,6.6,0,0,6.18666965037273,-0.729517549537983,20.74,276.725128432344,2011,9,246,FALSE,FALSE,15
2011-09-04,5,6,0,0,5.42756723630814,1.65724019004409,23.82,253.020600552526,2011,9,247,FALSE,FALSE,23
2011-09-05,5,6.8,0.2,0,5.79579857360498,-1.34850837673096,25,283.09797247895,2011,9,248,FALSE,FALSE,14
2011-09-06,4,5,0,0,4.94682713554273,-0.260472266500394,25.8,273.014092038618,2011,9,249,FALSE,FALSE,15
2011-09-07,5,4.8,0,0,4.36981536474987,0.686150771454616,26.86,261.076249352727,2011,9,250,FALSE,FALSE,15
2011-09-08,5,6.2,0,0,5.30622887047699,-2.25526228988618,26.8,293.026543956842,2011,9,251,FALSE,FALSE,18
2011-09-09,4,7,0,0,6.19109545624364,-3.22353525081992,27.525,297.504768721537,2011,9,252,FALSE,FALSE,19
2011-09-10,5,6,0,0,5.65803138165681,-1.01675562640063,27.44,280.187396019875,2011,9,253,FALSE,FALSE,19
2011-09-11,5,5.6,0,0,5.42469315241577,0.488325382270683,27.44,264.856156310967,2011,9,254,FALSE,FALSE,16
2011-09-12,5,5,0,0,4.59990872181483,-0.626286538900619,27.04,277.753258321462,2011,9,255,FALSE,FALSE,14
2011-09-13,4,5,0.75,0,1.50411702299264,4.17943837027902,25.025,199.793041209582,2011,9,256,TRUE,FALSE,19
2011-09-14,5,5.6,0.4,0,3.40016699666749,3.23019225303627,25.96,226.468503058132,2011,9,257,FALSE,FALSE,15
2011-09-15,4,6.5,0.5,0,0.73296891915151,1.78282192416272,18.7,202.348961040799,2011,9,258,FALSE,FALSE,NA
2011-09-16,5,14.2,1,0,2.5664746091953,13.298866681545,19.6,190.922915426976,2011,9,259,TRUE,FALSE,NA
2011-09-17,5,13.8,1,0,1.50249282868453,12.7867982892019,17.42,186.701720448585,2011,9,260,TRUE,FALSE,NA
2011-09-18,5,9.2,1,0,-3.02129217177858,8.43641322687388,15.28,160.296274375588,2011,9,261,TRUE,FALSE,20
2011-09-19,5,20.6,0,0,10.3,-17.8401233179594,17.66,330,2011,9,262,FALSE,FALSE,21
2011-09-20,5,5.2,0.2,0,4.44145125612662,1.89486668181804,18.9,246.895337697582,2011,9,263,FALSE,FALSE,15
2011-09-21,5,5.8,0.4,0,4.70339593919272,2.61207365477033,18.96,240.953998711785,2011,9,264,FALSE,FALSE,NA
2011-09-22,3,5,0.666666666666667,0,-0.845084017961304,3.70878519965566,22.0333333333333,167.163739148309,2011,9,265,TRUE,FALSE,14
2011-09-23,5,9,0.6,0,1.96226294468404,5.64141764433545,27.54,199.17928635827,2011,9,266,TRUE,FALSE,20
2011-09-24,5,4.4,0.2,0,3.33058488020855,2.31461094695308,26.2,235.202387827401,2011,9,267,FALSE,FALSE,15
2011-09-25,5,16,0.8,0.2,7.38249019145605,12.7401552776605,24.48,210.090844899469,2011,9,268,TRUE,FALSE,NA
2011-09-26,4,9.25,0.75,0,-2.41107641683504,8.22950049291698,16.55,163.670487732482,2011,9,269,TRUE,FALSE,15
2011-09-27,5,16.4,1,0,-4.93814055408454,15.4967402290233,17.46,162.325170295157,2011,9,270,TRUE,FALSE,NA
2011-09-28,5,11.2,0,0.2,7.89191057682007,-7.40887043263353,17.34,313.191793434294,2011,9,271,FALSE,FALSE,23
2011-09-29,5,4.8,0.4,0,2.93333614584158,3.24775348799261,18.6,222.088009718208,2011,9,272,FALSE,FALSE,14
2011-09-30,5,5.2,0,0,4.99467794542984,0.957656401311875,20.22,259.146098741622,2011,9,273,FALSE,FALSE,14
2012-05-01,5,15.4,1,0,-1.22573697461455,14.6951657096699,10.44,175.231944833517,2012,5,122,TRUE,FALSE,NA
2012-05-02,5,11.4,1,0,-1.96775711794022,10.7420380074283,11.42,169.61948419207,2012,5,123,TRUE,FALSE,22
2012-05-03,5,5.8,0.4,0,2.14105295939568,1.85922711627796,7.94,229.029916620801,2012,5,124,FALSE,FALSE,15
2012-05-04,5,12.6,1,0,-4.1560504372045,11.8248253750882,11.32,160.635045269112,2012,5,125,TRUE,FALSE,NA
2012-05-05,5,9.6,0.6,0,-1.80805584251527,4.99873193862425,11.42,160.114795713451,2012,5,126,TRUE,FALSE,23
2012-05-06,5,5.2,0,0,0.373605069953856,0.0857699122507684,15.36,257.070433621663,2012,5,127,FALSE,FALSE,15
2012-05-07,5,4.8,0,0,3.7206878457482,-1.272288712237,17.66,288.878116279436,2012,5,128,FALSE,FALSE,14
2012-05-08,5,7.2,1,0,-0.326574314941388,6.39057323002956,21.58,177.074586779275,2012,5,129,TRUE,FALSE,22
2012-05-09,5,19.6,0.4,0.6,14.8508700065498,2.13326709408251,16.7,261.825612024988,2012,5,130,FALSE,TRUE,22
2012-05-10,5,12.4,0,0.2,9.88964056255598,-4.57406772355584,11,294.821061374227,2012,5,131,FALSE,FALSE,NA
2012-05-11,5,7,0,0,6.29974252494661,-2.56945927106677,14.74,292.188943421958,2012,5,132,FALSE,FALSE,NA
2012-05-12,5,6.2,0,0,4.82204663078894,-1.19104771185902,18.4,283.874377875217,2012,5,133,FALSE,FALSE,NA
2012-05-13,4,4,0,0,1.53208888623796,-1.28557521937308,22.675,310,2012,5,134,FALSE,FALSE,14
2012-05-14,4,5,0,0,4.37260514415324,0.382553380188548,24.35,265,2012,5,135,FALSE,FALSE,15
2012-05-15,5,6.6,0,0,6.13675890321681,-1.7104241719908,24.56,285.574102059942,2012,5,136,FALSE,FALSE,19
2012-05-16,5,8.2,0,0,7.70068387551483,1.51214707541883,23.42,258.89045018521,2012,5,137,FALSE,FALSE,19
2012-05-17,5,6.4,0,0,4.22773598163752,-0.97887999761416,18.92,283.036410108111,2012,5,138,FALSE,FALSE,NA
2012-05-18,5,4.8,0,0,4.66243582905197,0.747296355333861,16.7,260.89406772313,2012,5,139,FALSE,FALSE,14
2012-05-19,5,10.2,0,0,8.1993780294016,-5.64895574215343,16.58,304.564871860354,2012,5,140,FALSE,FALSE,19
2012-05-20,4,4.5,0.25,0,1.52232676174461,0.744803945507797,17.45,243.92963879795,2012,5,141,FALSE,FALSE,15
2012-05-21,4,6.5,0.25,0,3.47150235853296,3.24124324071598,13.975,226.964576908403,2012,5,142,FALSE,FALSE,15
2012-05-22,5,12.2,0.2,0,-6.77348737597237,3.35286418606741,10.74,116.335328032686,2012,5,143,FALSE,FALSE,NA
2012-05-23,5,9.4,1,0,-1.02308708081046,9.09393884394301,13.6,173.581095301102,2012,5,144,TRUE,FALSE,18
2012-05-24,5,7.2,0.4,0,-1.85874838037314,3.0116927049079,12.34,148.31805706842,2012,5,145,FALSE,FALSE,NA
2012-05-25,5,20.8,0,0,-18.3203493033042,-9.15428907585643,16.3,63.4496761397195,2012,5,146,FALSE,FALSE,NA
2012-05-26,5,17,0,0,-14.444572249553,-8.5801916496971,18,59.2893488639989,2012,5,147,FALSE,FALSE,19
2012-05-27,5,6.6,0.8,0,0.126413668674153,5.64108765356438,18.08,181.283752011068,2012,5,148,TRUE,FALSE,NA
2012-05-28,5,14.2,1,0,-5.66462016468415,12.7665013146342,20.18,156.072675544376,2012,5,149,TRUE,FALSE,NA
2012-05-29,5,13.4,0.8,0,0.866172798067211,9.40455995405433,18.36,185.262173864326,2012,5,150,TRUE,FALSE,21
2012-05-30,5,10.2,1,0,-3.1181871374726,9.68411802291412,19.7,162.151971437752,2012,5,151,TRUE,FALSE,19
2012-05-31,4,6.25,0.5,0,3.07398916754202,2.92397564552652,16.075,226.432710999241,2012,5,152,FALSE,FALSE,20
2012-06-01,3,4.66666666666667,0,0,0.596384992373072,1.03485411665733,14.7,209.954787836656,2012,6,153,FALSE,FALSE,14
2012-06-02,5,6.8,0.4,0,1.66702054011776,3.15252817528109,16.14,207.869369605817,2012,6,154,FALSE,FALSE,14
2012-06-03,5,9.4,0.6,0,1.65161105267544,7.6490602824939,18.76,192.184439557542,2012,6,155,TRUE,FALSE,21
2012-06-04,5,15,0,0,11.5421916752018,-9.36769454197135,18.56,309.062939107095,2012,6,156,FALSE,FALSE,NA
2012-06-05,5,9.6,1,0,-4.21579133552419,8.3858768218623,11.54,153.310172527262,2012,6,157,TRUE,FALSE,21
2012-06-06,5,21.6,1,0,-8.7462618632337,19.663822542763,4.28,156.02100381975,2012,6,158,TRUE,FALSE,22
2012-06-07,5,7.8,0,0,7.16140414545377,-2.67034826728182,15.16,290.449506725034,2012,6,159,FALSE,FALSE,17
2012-06-08,5,12,1,0,-3.00133513885134,11.3661551176612,15.18,165.208164191341,2012,6,160,TRUE,FALSE,NA
2012-06-09,5,16.6,1,0,-6.81498934726129,15.0684935426355,8.72,155.664308097519,2012,6,161,TRUE,FALSE,20
2012-06-10,5,7,0.8,0,0.858026561481374,5.52534753977049,15.3,188.826911056962,2012,6,162,TRUE,FALSE,21
2012-06-11,3,6,0.333333333333333,0,4.73205080756888,2.73205080756888,18.7666666666667,240,2012,6,163,FALSE,FALSE,21
2012-06-12,5,7.4,0.2,0,1.19093119016596,2.054094196791,20.04,210.104476684029,2012,6,164,FALSE,FALSE,NA
2012-06-13,5,10.6,1,0,-1.92817091478028,10.1352006541091,16.4,169.228486971057,2012,6,165,TRUE,FALSE,22
2012-06-14,5,7.2,0.8,0,-0.393463836908252,5.43036287979476,17.98,175.855803647552,2012,6,166,TRUE,FALSE,16
2012-06-15,5,8.8,0.2,0,7.12335827141911,-1.99302835703665,19.06,285.63096872189,2012,6,167,FALSE,FALSE,14
2012-06-16,5,7.6,0,0,6.48879914737772,-3.43036525954818,20.02,297.863594352571,2012,6,168,FALSE,FALSE,18
2012-06-17,5,7.4,0.2,0,0.828062031440231,0.960724782077943,17.02,220.758507561972,2012,6,169,FALSE,FALSE,15
2012-06-18,5,12.2,0.8,0,-6.05155137612615,10.2964319676996,12.4,149.555846915363,2012,6,170,TRUE,FALSE,22
2012-06-19,5,9.2,0.8,0,-4.63488958972898,7.832149352502,15.12,149.383909092029,2012,6,171,TRUE,FALSE,NA
2012-06-20,5,7,0,0,5.45715737364171,-0.0687870195068612,18.88,270.722170339178,2012,6,172,FALSE,FALSE,20
2012-06-21,5,5.6,0,0,5.33647713550883,-0.940964900924029,22.44,280,2012,6,173,FALSE,FALSE,20
2012-06-22,4,10,0,0,-1.74773535157493,-6.57944561461228,23.075,14.8762523020687,2012,6,174,FALSE,FALSE,NA
2012-06-23,5,10.8,0,0,7.14472206126402,-5.50160974175457,17.62,307.597145889133,2012,6,175,FALSE,FALSE,NA
2012-06-24,5,12.4,0,0.2,9.21546421236923,-7.62256357794629,19.48,309.595823417478,2012,6,176,FALSE,FALSE,19
2012-06-25,5,6.8,0.4,0,1.40769005738571,1.25466402956382,17.44,228.289611020943,2012,6,177,FALSE,FALSE,16
2012-06-26,5,10.4,0.4,0,-6.40415111740756,7.91381036940541,10.74,141.01892173772,2012,6,178,FALSE,FALSE,NA
2012-06-27,5,6.6,1,0,-0.569491334073168,6.36971543538714,16.68,174.89099250345,2012,6,179,TRUE,FALSE,14
2012-06-28,4,5.5,0,0,5.2134245465488,0.686678392655436,22.875,262.496564408695,2012,6,180,FALSE,FALSE,20
2012-06-29,5,4.8,0.4,0,2.98523751612073,1.65779680077957,22.7,240.955201101127,2012,6,181,FALSE,FALSE,14
2012-06-30,5,8.2,0,0,6.32182810344088,-4.70575094698088,19.32,306.662726294851,2012,6,182,FALSE,FALSE,15
2012-07-01,4,9.5,0.25,0,-5.48553503743998,0.712340241596266,16.925,97.3989074231804,2012,7,183,FALSE,FALSE,21
2012-07-02,4,5,0.75,0,2.85696902421635,2.54808573102059,22.225,228.270731165789,2012,7,184,TRUE,FALSE,14
2012-07-03,5,18.6,0.4,0.4,8.77039221345056,2.08677459837893,15.76,256.616244608635,2012,7,185,FALSE,TRUE,20
2012-07-04,5,6.6,0,0,6.26116215280178,-0.288488522601162,20.2,272.638087336959,2012,7,186,FALSE,FALSE,19
2012-07-05,5,6,0,0,5.81880089711548,2.1316282072803e-15,23.04,270,2012,7,187,FALSE,FALSE,19
2012-07-06,5,4.8,0,0,4.23541243600058,0.153309128116188,25.36,267.926971024699,2012,7,188,FALSE,FALSE,14
2012-07-07,5,6.2,0,0,5.93951277975681,-0.283244373599367,26.62,272.730261271431,2012,7,189,FALSE,FALSE,21
2012-07-08,5,6.6,0,0,5.98519705769823,-2.13572075192223,28.42,289.638119187577,2012,7,190,FALSE,FALSE,20
2012-07-09,4,6.25,0,0,5.34819291799039,-0.137908531939944,28.55,271.477101959122,2012,7,191,FALSE,FALSE,19
2012-07-10,5,5.8,0,0,5.16050015783174,-1.07396012007471,24.6,281.75611434438,2012,7,192,FALSE,FALSE,18
2012-07-11,4,6.5,0,0,5.8073386484405,-0.739527733499604,27.725,277.257193698742,2012,7,193,FALSE,FALSE,18
2012-07-12,3,4.66666666666667,0,0,4.47546249478684,0.564757360201258,28.5666666666667,262.807876265979,2012,7,194,FALSE,FALSE,14
2012-07-13,5,12.6,0,0,10.5140945853606,-6.75205492956109,28.98,302.708204048725,2012,7,195,FALSE,FALSE,19
2012-07-14,5,11,0,0,8.65539718996864,-6.3132618157436,23.52,306.107076577194,2012,7,196,FALSE,FALSE,21
2012-07-15,5,6.6,0.8,0,2.67952810391265,5.55268699316262,22.34,205.760294121646,2012,7,197,TRUE,FALSE,NA
2012-07-16,5,4.8,0,0,4.38558943927988,-0.396224015610081,26.94,275.162475033724,2012,7,198,FALSE,FALSE,14
2012-07-17,5,6.8,0.4,0,4.49303798243244,1.97367021239606,23.94,246.28541332741,2012,7,199,FALSE,FALSE,NA
2012-07-18,5,7.8,0,0,7.32960244213009,-1.84690877395861,25.66,284.142933289936,2012,7,200,FALSE,FALSE,20
2012-07-19,5,6,0,0,5.72249373386776,-1.64380717276648,29.3,286.026904880511,2012,7,201,FALSE,FALSE,15
2012-07-20,5,9.2,0.2,0.2,6.99073324392332,-1.99446445864214,24.64,285.92351077,2012,7,202,FALSE,FALSE,21
2012-07-21,4,6.5,0.25,0,5.40749230136384,2.00807418199878,24.275,249.627503087019,2012,7,203,FALSE,FALSE,21
2012-07-22,4,5.5,0,0,4.55059718018119,0.323337594202597,26.4,265.935742946305,2012,7,204,FALSE,FALSE,18
2012-07-23,5,9.8,0.8,0,3.16028948143028,6.17202536084962,17.94,207.114009331216,2012,7,205,TRUE,FALSE,23
2012-07-24,5,14.6,0,0.6,11.8072839687995,-8.4210317317094,20.54,305.496712658876,2012,7,206,FALSE,TRUE,NA
2012-07-25,5,6.2,0,0,5.76769171737773,-1.56945927106677,24.74,285.222312177169,2012,7,207,FALSE,FALSE,15
2012-07-26,5,5.2,0,0,4.70842496929336,-1.93098571414986,27.3,292.299165643179,2012,7,208,FALSE,FALSE,23
2012-07-27,5,8.4,0,0.2,4.78343110421869,-3.34249557037,25.62,304.944513256679,2012,7,209,FALSE,FALSE,15
2012-07-28,5,9.8,1,0,-1.86989966574989,9.18706081790718,27.22,168.495382695536,2012,7,210,TRUE,FALSE,21
2012-07-29,5,5.2,0.4,0,1.65117984521642,3.83107782309472,27.32,203.315856844574,2012,7,211,FALSE,FALSE,14
2012-07-30,5,4.8,0,0,2.27993356175715,1.88199392786085,26.6,230.4616904225,2012,7,212,FALSE,FALSE,14
2012-07-31,5,7,0.8,0,-2.84619672087126,5.91504574643549,28.14,154.304109921769,2012,7,213,TRUE,FALSE,NA
2012-08-01,5,7.4,0.8,0,1.96856026362278,5.52512635261566,27.96,199.610594552337,2012,8,214,TRUE,FALSE,20
2012-08-02,5,5.4,0.6,0,3.36561436988079,1.53739474268383,21.24,245.44933155998,2012,8,215,TRUE,FALSE,14
2012-08-03,5,8.8,0,0,7.79571526851039,-3.93942570492652,23.68,296.808938142196,2012,8,216,FALSE,FALSE,18
2012-08-04,5,4.4,0,0,3.78946078172034,2.18784620240977,27.54,240,2012,8,217,FALSE,FALSE,14
2012-08-05,5,4.8,0.2,0,4.3993229411265,0.81488191328567,30,259.506099311453,2012,8,218,FALSE,FALSE,14
2012-08-06,4,11.5,0,0.5,8.72885800207787,-5.66521093102256,27.3,302.984411901942,2012,8,219,FALSE,TRUE,14
2012-08-07,5,7.2,0,0,6.70388708517858,-1.54524999654337,28.38,282.980002748835,2012,8,220,FALSE,FALSE,23
2012-08-08,5,9.4,0.6,0,-2.30405974811139,7.6091581774842,27.3,163.153641725737,2012,8,221,TRUE,FALSE,NA
2012-08-09,5,4.8,0.2,0,3.93468155571987,-0.730439403458433,28.34,280.516741968962,2012,8,222,FALSE,FALSE,14
2012-08-10,5,6.6,0,0,5.90730242918112,-2.06840402866513,26.68,289.297374715391,2012,8,223,FALSE,FALSE,NA
2012-08-11,5,6.8,0,0,5.52667004304247,-2.37297260077983,27,293.237114170424,2012,8,224,FALSE,FALSE,14
2012-08-12,5,5.8,0,0,5.25947643439868,-0.878192241799556,28.66,279.47941643686,2012,8,225,FALSE,FALSE,14
2012-08-13,5,6,0,0,5.38500937790028,-1.52283039355786,28.72,285.790407910282,2012,8,226,FALSE,FALSE,18
2012-08-14,5,7.4,0.2,0,5.64957948807199,-3.37887999761416,29.12,300.882646703045,2012,8,227,FALSE,FALSE,NA
2012-08-15,1,9,0,0,-8.86326977710987,-1.56283359900237,24.5,80,2012,8,228,FALSE,FALSE,19
2012-08-16,5,5.2,0.4,0,3.3635386072293,2.14880643396951,27.08,237.427406710247,2012,8,229,FALSE,FALSE,14
2012-08-17,5,5.6,0.2,0,4.03440084534983,1.8316375396863,27.66,245.58172110596,2012,8,230,FALSE,FALSE,18
2012-08-18,5,4.4,0,0,3.5766659168012,-1.7751151485895,29.86,296.395408571803,2012,8,231,FALSE,FALSE,14
2012-08-19,5,5.4,0,0,4.66444722235938,-1.08033478960923,30.32,283.040370477178,2012,8,232,FALSE,FALSE,17
2012-08-20,4,8.25,0.75,0,-1.64099248267968,4.49737747577922,31.225,159.954104575874,2012,8,233,TRUE,FALSE,20
2012-08-21,4,9,0.5,0,2.62608430495253,3.02942648269693,20.3,220.920661597046,2012,8,234,FALSE,FALSE,18
2012-08-22,5,7.8,1,0,-2.02794364843701,7.50103994459002,24.88,164.87146864701,2012,8,235,TRUE,FALSE,NA
2012-08-23,5,11.8,1,0,1.51160766641802,11.198554090336,25.72,187.68745720397,2012,8,236,TRUE,FALSE,23
2012-08-24,4,6.25,0.25,0,5.56501457132646,1.47541848701154,19.75,255.15113885317,2012,8,237,FALSE,FALSE,20
2012-08-25,5,7.2,0,0,6.91934588464373,-0.448514738065981,20.96,273.708746579164,2012,8,238,FALSE,FALSE,20
2012-08-26,5,5.8,0,0,5.41595469882806,-1.97124630050759,24.5,290,2012,8,239,FALSE,FALSE,17
2012-08-27,5,8.6,1,0,2.17649044950939,8.18602900843998,28.78,194.889257102737,2012,8,240,TRUE,FALSE,NA
2012-08-28,4,7,0.75,0,0.325489048973388,6.34296772063223,28.775,182.937553254426,2012,8,241,TRUE,FALSE,14
2012-08-29,5,7.2,1,0,-0.6,6.87036982274187,22.98,175.008934062048,2012,8,242,TRUE,FALSE,NA
2012-08-30,5,5.8,0.2,0,1.35007598584094,1.16236078047648,23.8,229.272880835,2012,8,243,FALSE,FALSE,14
2012-08-31,5,5.2,0,0,5.0852774968721,0.208377813200318,24.72,267.653521629078,2012,8,244,FALSE,FALSE,19
2012-09-01,4,10.75,0,0,10.1438407003318,-0.534619189043329,23.925,273.016915357204,2012,9,245,FALSE,FALSE,22
2012-09-02,5,10,0.8,0,0.969759760649733,6.27120020698915,23.78,188.790423015216,2012,9,246,TRUE,FALSE,NA
2012-09-03,5,9.6,0,0,7.19493772606551,-6.04966728239307,20.64,310.057886304716,2012,9,247,FALSE,FALSE,NA
2012-09-04,5,12.6,0,0,10.3063919624665,-6.77426974517488,23.02,303.316446119236,2012,9,248,FALSE,FALSE,NA
2012-09-05,5,5.6,0,0,4.44348258175134,-2.25033383051319,20.04,296.859236948925,2012,9,249,FALSE,FALSE,22
2012-09-06,5,5,0,0,3.96487141883189,-1.84092591549648,20.58,294.905871510557,2012,9,250,FALSE,FALSE,14
2012-09-07,5,4.4,0.6,0,2.67938524157182,2.86968093270644,22.8,223.035909377242,2012,9,251,TRUE,FALSE,15
2012-09-08,5,5.6,0,0,5.41880089711548,0.820848343981607,24.76,261.386234000588,2012,9,252,FALSE,FALSE,19
2012-09-09,2,6,0.5,0,3.62413664133032,4.31907786235773,21.75,220,2012,9,253,FALSE,FALSE,19
2012-09-10,4,10.25,0.25,0,-0.645139731390319,0.200934588718195,14.45,107.299671185473,2012,9,254,FALSE,FALSE,21
2012-09-11,5,11,0,0,8.44398712340292,-6.17414531133239,16.16,306.173837739312,2012,9,255,FALSE,FALSE,NA
2012-09-12,5,7.8,0,0,7.03801082479121,-2.78000858922705,16.64,291.553979874802,2012,9,256,FALSE,FALSE,20
2012-09-13,4,5.5,0.25,0,4.39038221159014,0.434120444167326,21.025,264.35295689085,2012,9,257,FALSE,FALSE,16
2012-09-14,5,5.6,0,0,4.82763646346356,-2.74713488288222,21.66,299.641756575505,2012,9,258,FALSE,FALSE,18
2012-09-15,5,5.6,0,0,4.78869888199548,-2.84496124628438,19.96,300.714504758002,2012,9,259,FALSE,FALSE,15
2012-09-16,5,9,0,0,8.17433215158881,-3.45567416853418,22.38,292.916063869445,2012,9,260,FALSE,FALSE,18
2012-09-17,5,7,0,0,6.41189965519393,-2.59245016285805,22.52,292.014398569238,2012,9,261,FALSE,FALSE,14
2012-09-18,5,5,0,0,4.79292077989779,-0.300032063006394,22.84,273.58198473106,2012,9,262,FALSE,FALSE,14
2012-09-19,5,7.2,0,0,6.66299936446793,-2.00837781320032,22.5,286.773987659974,2012,9,263,FALSE,FALSE,17
2012-09-20,5,6.8,0,0,6.28620751412815,-1.54106108994322,23.38,283.774385045874,2012,9,264,FALSE,FALSE,18
2012-09-21,5,6.2,0,0,5.81006244352778,-1.89967654463754,24.64,288.105839344803,2012,9,265,FALSE,FALSE,20
2012-09-22,4,4,0,0,3.70166631359329,1,21.175,254.882489130283,2012,9,266,FALSE,FALSE,15
2012-09-23,4,5.75,0,0,4.72412149347829,-3.00405561877294,21.075,302.452166379276,2012,9,267,FALSE,FALSE,15
2012-09-24,5,5.6,0.2,0,4.7586582290789,1.11925333174278,21.34,256.764396847921,2012,9,268,FALSE,FALSE,18
2012-09-25,5,8.6,0,0.2,6.75890088188546,-4.91703664002285,20.66,306.035536010744,2012,9,269,FALSE,FALSE,20
2012-09-26,5,6.2,0,0,5.07405348538437,-1.68940381682111,20.46,288.415156216749,2012,9,270,FALSE,FALSE,18
2012-09-27,4,5.5,0,0,4.7973363223199,0.0431713428669761,20.925,269.48440784463,2012,9,271,FALSE,FALSE,16
2012-09-28,5,5.4,0,0,5.20222077158529,1.01880198519112,22.54,258.919442784103,2012,9,272,FALSE,FALSE,NA
2012-09-29,5,6.6,0.4,0,2.38176930361465,2.00837781320032,23.86,229.861429957002,2012,9,273,FALSE,FALSE,23
2012-09-30,5,7.6,0,0,6.67118394567136,-2.67246222036657,20.28,291.830934984165,2012,9,274,FALSE,FALSE,18
2013-05-01,4,5.75,0,0,5.51602040008472,-0.348615408335906,13.325,273.616313814675,2013,5,121,FALSE,FALSE,16
2013-05-02,5,7.2,0.6,0,1.75895064938075,5.96087757994422,16.88,196.440407522492,2013,5,122,TRUE,FALSE,19
2013-05-03,5,10.6,0,0,7.65741529267193,-5.99460510370045,18.74,308.055604339717,2013,5,123,FALSE,FALSE,21
2013-05-04,5,16.2,0,0.4,13.4117295311669,-8.0564336188027,19.76,300.993262038982,2013,5,124,FALSE,TRUE,20
2013-05-05,5,5.8,0,0,5.42680732932416,-1.51256671980047,21.46,285.574285411526,2013,5,125,FALSE,FALSE,19
2013-05-06,5,6,0,0,5.81880089711548,-0.820848343981603,23.42,278.029633949159,2013,5,126,FALSE,FALSE,17
2013-05-07,5,6,0.2,0,4.15925789493646,1.74636741652136,25.92,247.223694201627,2013,5,127,FALSE,FALSE,18
2013-05-08,5,5.4,0,0,5.03150758620324,-0.593475984350363,25.38,276.727065041279,2013,5,128,FALSE,FALSE,23
2013-05-09,5,12.2,0,0.2,10.860178794176,-5.46808057330267,23.74,296.725172797605,2013,5,129,FALSE,FALSE,NA
2013-05-10,5,5.4,0.4,0,1.71266008511013,3.11163564935009,26.56,208.828610026922,2013,5,130,FALSE,FALSE,14
2013-05-11,5,7.6,0,0,6.66621199550675,-3.10850570438951,24.56,295,2013,5,131,FALSE,FALSE,NA
2013-05-12,4,7.5,0.75,0,1.84381527033252,4.12298752076191,24.25,204.094370028656,2013,5,132,TRUE,FALSE,14
2013-05-13,5,15.2,0.2,0.2,2.16598020324877,-0.669887625799161,14.66,287.185629882764,2013,5,133,FALSE,FALSE,NA
2013-05-14,5,9.6,0.8,0,-4.34010051830472,8.2623322261648,13.92,152.287611722829,2013,5,134,TRUE,FALSE,18
2013-05-15,5,6.8,0.2,0,4.68944012657296,1.27288114148647,18.6,254.813785990466,2013,5,135,FALSE,FALSE,19
2013-05-16,5,10.2,0.4,0,-3.9926495849573,2.31112738636732,16.5,120.064212726412,2013,5,136,FALSE,FALSE,18
2013-05-17,5,5.6,0,0,-1.16528254339412,-1.99272297658871,19.3,30.317770700774,2013,5,137,FALSE,FALSE,15
2013-05-18,5,11,1,0,-1.51649629705097,10.8004778789827,15.72,172.007344979498,2013,5,138,TRUE,FALSE,23
2013-05-19,5,7.4,0,0,6.2011669852166,0.567799850668571,18.46,264.768392185212,2013,5,139,FALSE,FALSE,NA
2013-05-20,5,6.2,0.2,0,1.22253230833624,3.32426421549165,21.3,200.191517014321,2013,5,140,FALSE,FALSE,14
2013-05-21,5,9,0,0,-4.57887999761416,1.43485478170286,23.9,107.39909725043,2013,5,141,FALSE,FALSE,14
2013-05-22,4,10.25,1,0,-0.785497726404444,9.31391267466907,3.9,175.179313212896,2013,5,142,TRUE,FALSE,22
2013-05-23,5,8,0.2,0,6.90796860538017,1.237352487045,10.16,259.844894597459,2013,5,143,FALSE,FALSE,NA
2013-05-24,5,8,0,0,6.4229290459026,-2.51077817210361,14.5,291.350955623582,2013,5,144,FALSE,FALSE,NA
2013-05-25,5,9,1,0,-4.05765640131187,8.00049684166406,13.76,153.106990654699,2013,5,145,TRUE,FALSE,21
2013-05-26,5,6.4,0,0,5.51023895647507,-2.74796550103766,18.92,296.505510306638,2013,5,146,FALSE,FALSE,21
2013-05-27,5,6.8,0,0,-0.536754100751078,0.868339902652344,16.48,148.278203496735,2013,5,147,FALSE,FALSE,16
2013-05-28,5,7.8,0.4,0,4.70499546762784,4.98548950991716,16.94,223.342019124936,2013,5,148,FALSE,FALSE,NA
2013-05-29,5,7,0.4,0,4.79358644151478,1.59587293031779,19.02,251.586452506809,2013,5,149,FALSE,FALSE,17
2013-05-30,5,13.6,1,0,-4.12992885056953,11.9944950612201,14.98,161.000456974582,2013,5,150,TRUE,FALSE,NA
2013-05-31,5,8,0,0,6.81272066566328,-1.53585483502071,17.1,282.704337295293,2013,5,151,FALSE,FALSE,21
2013-06-01,4,12.5,0,0,8.54744959068788,-8.25179149403581,16.3,313.99172752208,2013,6,152,FALSE,FALSE,NA
2013-06-02,5,9.4,0,0,6.21208805759225,-3.92084718656195,15.42,302.258651266342,2013,6,153,FALSE,FALSE,22
2013-06-03,5,9.2,0.2,0,0.399850856602932,-4.04980039351193,19.48,354.36126402255,2013,6,154,FALSE,FALSE,14
2013-06-04,5,6.6,0.4,0,-1.87495123646356,4.33353100785869,21.84,156.603731685385,2013,6,155,FALSE,FALSE,NA
2013-06-05,5,6.6,0.6,0,1.3279486013959,1.74387998802443,23.4,217.288939169399,2013,6,156,TRUE,FALSE,NA
2013-06-06,5,6.4,0,0,6.34226946144639,-0.243107448733701,24.64,272.19514717094,2013,6,157,FALSE,FALSE,18
2013-06-07,4,12.25,0,0.25,9.67325003599401,-5.94784122140677,22.7,301.586325792895,2013,6,158,FALSE,FALSE,19
2013-06-08,5,12.2,1,0,-1.38743328019953,11.1276521049406,23.48,172.892846222402,2013,6,159,TRUE,FALSE,NA
2013-06-09,5,8.2,0,0,7.16559356810867,-0.797631670524464,22.36,276.351680627107,2013,6,160,FALSE,FALSE,22
2013-06-10,5,6.2,0.2,0,2.0959044587095,1.28317547385162,22.6,238.523783762904,2013,6,161,FALSE,FALSE,17
2013-06-11,5,10.2,0.8,0,0.292806043652267,8.86154179445611,23.38,181.892497872172,2013,6,162,TRUE,FALSE,NA
2013-06-12,5,10.6,1,0,-5.07882820065594,9.28300338391711,21.26,151.316469782702,2013,6,163,TRUE,FALSE,NA
2013-06-13,5,10.2,0,0.2,8.42707012289802,-1.00620204496459,17.22,276.808947729902,2013,6,164,FALSE,FALSE,20
2013-06-14,5,13.8,0.8,0,-1.93001502776199,12.2208977905786,15.18,171.025545561345,2013,6,165,TRUE,FALSE,NA
2013-06-15,5,13.8,0,0.4,11.9058841739686,-6.75355844623691,20.94,299.563876852248,2013,6,166,FALSE,TRUE,NA
2013-06-16,5,8.6,0,0,8.20167725386569,-2.07131042652038,24.78,284.17351850087,2013,6,167,FALSE,FALSE,23
2013-06-17,5,27.8,0,0,16.12748671111,-22.5158032388262,21.54,324.386955553754,2013,6,168,FALSE,FALSE,NA
2013-06-18,5,13.4,0,0.2,11.0962004485836,-7.0674195939118,19.38,302.493977102734,2013,6,169,FALSE,FALSE,NA
2013-06-19,3,5,0.666666666666667,0,-3.66996490620026,2.57729872121368,11.8,125.079137917658,2013,6,170,TRUE,FALSE,15
2013-06-20,5,18.8,0.8,0,-8.94924953087955,14.2262918517099,11.44,147.827475562445,2013,6,171,TRUE,FALSE,NA
2013-06-21,4,6.5,0,0,5.887000384104,-2.69707050163984,15.15,294.614411115441,2013,6,172,FALSE,FALSE,18
2013-06-22,3,4.66666666666667,0.333333333333333,0,3.05116160648479,1.89190426290605,17.3666666666667,238.198590513648,2013,6,173,FALSE,FALSE,17
2013-06-23,5,5.8,0.4,0,2.8203704204855,1.48351613283302,21.24,242.255609277143,2013,6,174,FALSE,FALSE,14
2013-06-24,3,4,0.666666666666667,0,2.58625682771454,2.76542793452606,16.9,223.082488834035,2013,6,175,TRUE,FALSE,15
2013-06-25,4,7.25,0.75,0,-0.727908610710438,6.59481797099449,17.925,173.701425459523,2013,6,176,TRUE,FALSE,14
2013-06-26,5,12.4,0.8,0,-5.25212085995401,9.6772101156784,19.96,151.509948904863,2013,6,177,TRUE,FALSE,16
2013-06-27,5,6.2,0.2,0,5.03288703326885,-0.689575828009196,19.54,277.801743917958,2013,6,178,FALSE,FALSE,21
2013-06-28,5,5.6,0,0,4.95423856645312,0.312019184229637,25.3,266.396257207075,2013,6,179,FALSE,FALSE,16
2013-06-29,4,6.75,0.5,0,-4.09341280697621,0.634700567593673,20.65,98.8137617012916,2013,6,180,FALSE,FALSE,14
2013-06-30,5,6.4,0,0,6.10609264153325,0.802046358790488,26.9,262.516934917793,2013,6,181,FALSE,FALSE,NA
2013-07-01,5,6,0,0,5.89402355807512,-0.0999679369936035,29.84,270.97169474768,2013,7,182,FALSE,FALSE,16
2013-07-02,5,7,0,0,5.3813684602502,-4.15694629854524,31.22,307.685013759054,2013,7,183,FALSE,FALSE,23
2013-07-03,4,8.75,0.5,0,4.0974407359252,1.52129580002856,29.925,249.631070193897,2013,7,184,FALSE,FALSE,15
2013-07-04,5,19.2,1,0,-6.06167085487663,18.1774437157683,27.54,161.557894312059,2013,7,185,TRUE,FALSE,NA
2013-07-05,5,18.6,0.8,0,2.59491616603018,1.96750038681488,24.68,232.830105699954,2013,7,186,TRUE,FALSE,21
2013-07-06,5,10.2,0,0.2,8.91000392381654,-3.94097194339593,22.88,293.860221818035,2013,7,187,FALSE,FALSE,21
2013-07-07,5,6.6,0,0,5.93362437316835,-1.81141413095999,24.56,286.976358183056,2013,7,188,FALSE,FALSE,19
2013-07-08,5,14.8,0,0,9.01431780744676,-10.9603025010656,21.12,320.564359027384,2013,7,189,FALSE,FALSE,NA
2013-07-09,5,5.6,0.4,0,4.30539650726454,2.35594300322889,26.1,241.312213704879,2013,7,190,FALSE,FALSE,20
2013-07-10,5,12.8,1,0,-1.60264706850558,12.3310627591913,29.62,172.594874863303,2013,7,191,TRUE,FALSE,NA
2013-07-11,5,20.6,1,0,4.31798910883722,20.0885331302558,26.04,192.131029914557,2013,7,192,TRUE,FALSE,NA
2013-07-12,5,9,0.6,0,2.58734829684629,4.76532581589405,21.6,208.499883781121,2013,7,193,TRUE,FALSE,21
2013-07-13,5,6.2,0.2,0,5.28243129858469,2.52848285718807,24.22,244.421476660269,2013,7,194,FALSE,FALSE,19
2013-07-14,5,9.6,0.8,0,-1.24566751326464,6.47935094206157,25.9,169.117555774703,2013,7,195,TRUE,FALSE,23
2013-07-15,5,23,0,0,11.5,-19.9185842870421,23.6,330,2013,7,196,FALSE,FALSE,NA
2013-07-16,5,12.6,0,0,10.4720038607559,-6.92826548262077,25.56,303.48857461411,2013,7,197,FALSE,FALSE,NA
2013-07-17,5,24.4,0,0.4,16.1326000174346,-18.0374301557188,22.04,318.190687426429,2013,7,198,FALSE,TRUE,NA
2013-07-18,5,11.4,0,0,9.90740797341828,-5.43932835848767,25.6,298.767503221851,2013,7,199,FALSE,FALSE,NA
2013-07-19,5,6,0,0,4.01588557610693,-3.5565416124962,28.36,311.528687563534,2013,7,200,FALSE,FALSE,15
2013-07-20,4,11,0.25,0,7.06487262003915,3.40421702592721,30.975,244.272854139648,2013,7,201,FALSE,FALSE,NA
2013-07-21,5,15.4,1,0,-3.05505932081566,14.8592564972492,30.68,168.3819007662,2013,7,202,TRUE,FALSE,NA
2013-07-22,5,17,1,0,-1.75327229137484,16.6399939913966,30.66,173.985225227937,2013,7,203,TRUE,FALSE,20
2013-07-23,5,7.2,0.6,0,0.739177871483212,4.46152863464186,31.66,189.4072070732,2013,7,204,TRUE,FALSE,NA
2013-07-24,5,6.6,0,0,5.73652739310542,-2.188452196319,30.94,290.881565148678,2013,7,205,FALSE,FALSE,17
2013-07-25,5,8.8,1,0,-1.91052151842965,7.75701530347497,32.6,166.163672027484,2013,7,206,TRUE,FALSE,NA
2013-07-26,5,10.8,0.8,0,1.58104437982344,10.0916168245135,32.62,188.904097230105,2013,7,207,TRUE,FALSE,NA
2013-07-27,5,7.6,0.4,0,2.46818526697722,0.464403420029016,28.76,259.344049541132,2013,7,208,FALSE,FALSE,16
2013-07-28,5,11.2,0,0,8.82035715138911,-5.99384942533365,23.3,304.19795988578,2013,7,209,FALSE,FALSE,19
2013-07-29,5,8.8,0.4,0,1.11121852863282,0.590057766665534,24.3,242.031668639273,2013,7,210,FALSE,FALSE,NA
2013-07-30,5,7.4,0,0,6.88971600373957,-0.42088304908507,26.04,273.495774280957,2013,7,211,FALSE,FALSE,NA
2013-07-31,5,6.2,0,0,5.07783051333653,-3.45301708879965,26.92,304.216414596864,2013,7,212,FALSE,FALSE,17
2013-08-01,4,6,0.5,0,2.76918397061494,0.790232790846002,23.525,254.073019873619,2013,8,213,FALSE,FALSE,NA
2013-08-02,3,7.33333333333333,0.666666666666667,0,1.41426051069569,6.25960473397944,19,192.731334839388,2013,8,214,TRUE,FALSE,20
2013-08-03,5,7,0.4,0,-4.24538764809136,5.10691904007606,22.52,140.263213821811,2013,8,215,FALSE,FALSE,19
2013-08-04,5,15.6,0.2,0,9.55718610189779,-9.29451061754782,22.4,314.201704601349,2013,8,216,FALSE,FALSE,21
2013-08-05,5,8.8,0,0,8.41024428187303,-0.0829529812433009,23.12,270.565108627701,2013,8,217,FALSE,FALSE,20
2013-08-06,5,6.4,0,0,5.68813130277483,-1.41492502099874,27.14,283.968839249634,2013,8,218,FALSE,FALSE,22
2013-08-07,5,9.4,0,0,8.25327125994746,-3.61413274131039,26.34,293.648758382171,2013,8,219,FALSE,FALSE,22
2013-08-08,5,10.2,0,0,9.21255831750688,-3.98925237264674,27.54,293.413735628645,2013,8,220,FALSE,FALSE,20
2013-08-09,5,6,0,0,5.61042308391516,-0.360920959633043,30.28,273.680790498788,2013,8,221,FALSE,FALSE,17
2013-08-10,5,7,0.2,0,5.85119391245052,-2.1012971868152,27.24,289.754370816987,2013,8,222,FALSE,FALSE,NA
2013-08-11,5,9.4,0,0,8.18822988534386,-4.19990265356116,26.9,297.154171414448,2013,8,223,FALSE,FALSE,NA
2013-08-12,4,5.75,0,0,5.02554775120937,-1.14510950567232,27.275,282.836129642045,2013,8,224,FALSE,FALSE,17
2013-08-13,5,7.4,0.2,0,4.4422887204817,4.29772901696331,28.74,225.947584544303,2013,8,225,FALSE,FALSE,17
2013-08-14,5,5.6,0.4,0,4.2513813725477,0.887123920715628,28.88,258.213377911321,2013,8,226,FALSE,FALSE,15
2013-08-15,5,9.6,0.8,0,2.38288639235737,8.78637952531624,29.98,195.173762109236,2013,8,227,TRUE,FALSE,18
2013-08-16,3,12,0.666666666666667,0,4.56538414090221,8.24081062144515,26.8666666666667,208.986320124762,2013,8,228,TRUE,FALSE,NA
2013-08-17,5,15.6,0.6,0,4.83389526456137,4.88348683086065,28.12,224.707599973603,2013,8,229,TRUE,FALSE,17
2013-08-18,5,13.6,1,0,1.28499651473528,13.4875773722903,28.4,185.442291024048,2013,8,230,TRUE,FALSE,21
2013-08-19,5,15,0.8,0,3.57888444707766,12.5815290393868,27.8,195.878691004124,2013,8,231,TRUE,FALSE,NA
2013-08-20,5,12.2,0,0,9.93051491415214,-6.63746168784461,25.12,303.758390677806,2013,8,232,FALSE,FALSE,23
2013-08-21,5,7.8,0,0,6.98758830110997,-3.20066650360673,25.8,294.61015915128,2013,8,233,FALSE,FALSE,20
2013-08-22,5,4.8,0,0,3.14113931371883,0.459415958279817,25.46,261.67904576735,2013,8,234,FALSE,FALSE,15
2013-08-23,4,6.25,0,0,3.33686845535881,-1.27262394412778,19.775,290.875986414747,2013,8,235,FALSE,FALSE,17
2013-08-24,5,6.4,0.4,0,4.73219142650765,1.45594300322888,23.76,252.898552922746,2013,8,236,FALSE,FALSE,23
2013-08-25,4,8,0,0,2.19475909676804,-1.08158795558327,24.95,296.234302131352,2013,8,237,FALSE,FALSE,20
2013-08-26,5,6.6,0.6,0,1.18906458514189,4.39119712172261,23.84,195.151418345179,2013,8,238,TRUE,FALSE,14
2013-08-27,4,6.25,0.75,0,1.06356162884705,5.04424286206102,27.15,191.906230887062,2013,8,239,TRUE,FALSE,23
2013-08-28,4,6.75,0,0,-3.35971904212455,-0.953585609134092,22.1,74.1545216708626,2013,8,240,FALSE,FALSE,16
2013-08-29,5,6.8,0.2,0,1.88600255658299,3.43019085843584,23.16,208.80306773772,2013,8,241,FALSE,FALSE,15
2013-08-30,5,16.2,0.4,0,8.2682063670304,2.80366783411636,24.4,251.268705364629,2013,8,242,FALSE,FALSE,21
2013-08-31,5,5.6,0,0,4.90466313111366,-0.822268610097135,25.04,279.517152439118,2013,8,243,FALSE,FALSE,15
2013-09-01,5,5.6,0,0,4.6226492709355,-2.69059846336662,26.92,300.20141041213,2013,9,244,FALSE,FALSE,14
2013-09-02,4,7.5,0.5,0,-0.962750303938121,2.8645796939389,22.825,161.423131058537,2013,9,245,FALSE,FALSE,15
2013-09-03,5,4.8,0.6,0,-0.479693013455652,2.93828093650391,25.72,170.727898191106,2013,9,246,TRUE,FALSE,15
2013-09-04,5,5.4,0.4,0,2.15277673198615,3.49423480028138,29.36,211.63696911966,2013,9,247,FALSE,FALSE,14
2013-09-05,3,4.66666666666667,0.333333333333333,0,3.25292349438121,0.877306475565776,19.3333333333333,254.90656168854,2013,9,248,FALSE,FALSE,20
2013-09-06,5,11.2,0.8,0,-2.38387750874622,8.76237077592281,19.16,164.780552068991,2013,9,249,TRUE,FALSE,19
2013-09-07,5,12.2,0,0,9.23401801677004,-7.7482611121561,18.52,310,2013,9,250,FALSE,FALSE,22
2013-09-08,4,5.75,0,0,4.9417452536831,-1.937242575845,18.875,291.405967706029,2013,9,251,FALSE,FALSE,19
2013-09-09,5,6,0.2,0,3.00183008246967,-1.15631595846345,21.64,291.066867814607,2013,9,252,FALSE,FALSE,14
2013-09-10,5,12.2,0,0,10.7580882279144,-5.52944554393413,24.16,297.202271639145,2013,9,253,FALSE,FALSE,20
2013-09-11,5,7.4,0,0,6.62239621661483,-3.11256671980047,26.6,295.173811509955,2013,9,254,FALSE,FALSE,19
2013-09-12,5,7.2,0,0,5.96615586847439,-3.79451625560036,27.82,302.456641538345,2013,9,255,FALSE,FALSE,16
2013-09-13,5,9,0,0,7.74689770352818,-4.30373473633898,26.78,299.054054072554,2013,9,256,FALSE,FALSE,19
2013-09-14,5,5.6,0,0,5.22322055974127,1.4104241719908,30.22,254.888844030537,2013,9,257,FALSE,FALSE,18
2013-09-15,4,6,0,0,5.15668180721065,-2.97721162951831,28.425,300,2013,9,258,FALSE,FALSE,17
2013-09-16,5,14.4,0.8,0,-2.56689135110027,13.2679021015819,19.72,169.050473246813,2013,9,259,TRUE,FALSE,22
2013-09-17,5,10.6,0,0.4,9.08910418971292,-4.17505370094343,19.74,294.671547616425,2013,9,260,FALSE,TRUE,22
2013-09-18,5,4.8,0.4,0,2.42144099675942,2.00905957010527,12.18,230.317646315564,2013,9,261,FALSE,FALSE,14
2013-09-19,5,7.6,0.6,0,0.778782651175315,5.31377102662306,17.24,188.337870317814,2013,9,262,TRUE,FALSE,18
2013-09-20,4,5.5,0.5,0,2.26675132149232,2.34506198322284,18.45,224.0271854161,2013,9,263,FALSE,FALSE,14
2013-09-21,5,7.4,0.6,0,4.2163445091683,5.45633933310879,18.14,217.694781556215,2013,9,264,TRUE,FALSE,NA
2013-09-22,5,14.2,1,0,-4.14786500204256,13.4270186558295,14.16,162.833072634127,2013,9,265,TRUE,FALSE,21
2013-09-23,5,13,1,0,-0.200000000000001,12.3569219381653,14.06,179.072733849614,2013,9,266,TRUE,FALSE,NA
2013-09-24,5,11,0,0,8.07796352256676,-6.28356565281054,10.5,307.878099787578,2013,9,267,FALSE,FALSE,19
2013-09-25,4,11.75,0,0,7.99811193046589,-8.36498575695802,8.25,316.284402322989,2013,9,268,FALSE,FALSE,17
2013-09-26,5,7.6,0,0,5.2726077591308,-4.86558911543814,13.26,312.700978421299,2013,9,269,FALSE,FALSE,NA
2013-09-27,5,5.6,0.2,0,-1.19667405670825,0.892208728903671,10.18,126.707243946249,2013,9,270,FALSE,FALSE,14
2013-09-28,5,5.2,0.2,0,1.98139161961093,-1.92909280902765,9.64,314.233772045737,2013,9,271,FALSE,FALSE,15
2013-09-29,5,13.8,1,0,-4.349459653445,13.0670114577434,10.26,161.589564409867,2013,9,272,TRUE,FALSE,NA
2013-09-30,5,10.6,0.6,0,-6.05420339759061,8.37093920737211,10.18,144.124017372931,2013,9,273,TRUE,FALSE,20
2014-05-01,3,6.33333333333333,0,0,5.77949642530732,-2.53474723996934,22.2,293.681093223427,2014,5,121,FALSE,FALSE,19
2014-05-02,5,5,0.2,0,4.49790103832223,1.71826860751296,22.48,249.092360409536,2014,5,122,FALSE,FALSE,14
2014-05-03,5,18.4,0.4,0,-4.75487207397345,4.1811302827314,14.06,131.326330076706,2014,5,123,FALSE,FALSE,NA
2014-05-04,5,12.4,0.6,0.2,-0.401102097335742,4.71565930305784,10,175.138267353498,2014,5,124,TRUE,FALSE,18
2014-05-05,5,9.8,0.8,0,3.15701769743577,1.35328504596195,12.04,246.79715543849,2014,5,125,TRUE,FALSE,21
2014-05-06,5,13,0,0,9.48371685740842,-7.32294734194974,13.7,307.673886149748,2014,5,126,FALSE,FALSE,21
2014-05-07,5,8,0.4,0,5.30780778533463,3.07869289124619,14.98,239.884939140033,2014,5,127,FALSE,FALSE,17
2014-05-08,5,5,0.2,0,3.80811302688558,1.2568604882599,15.24,251.734624553542,2014,5,128,FALSE,FALSE,15
2014-05-09,5,14.2,1,0,-3.21540899164293,12.889642875827,11.26,165.993052879412,2014,5,129,TRUE,FALSE,23
2014-05-10,5,8.4,0.4,0,6.73252650232272,3.25533986879456,12.82,244.195106650252,2014,5,130,FALSE,FALSE,NA
2014-05-11,5,9,0.2,0,7.00325964112768,-0.396158732177631,13.96,273.237643631575,2014,5,131,FALSE,FALSE,18
2014-05-12,5,4.8,0.2,0,3.95188953341911,-0.357203646384083,17.3,275.164819603591,2014,5,132,FALSE,FALSE,14
2014-05-13,5,6,0,0,5.31792844871737,-1.31579462458173,18.54,283.89736427487,2014,5,133,FALSE,FALSE,NA
2014-05-14,5,4.8,0.2,0,4.00121406028317,0.11800607213915,21.1,268.310690087186,2014,5,134,FALSE,FALSE,14
2014-05-15,5,10.2,0,0.2,9.23808264197072,-2.08867566314554,21.52,282.740034305869,2014,5,135,FALSE,FALSE,21
2014-05-16,5,11.4,0.8,0,-1.11252021524319,9.9323639262854,20.42,173.608960863575,2014,5,136,TRUE,FALSE,17
2014-05-17,5,10.8,0,0,9.64878676641821,-4.60827374459006,17.16,295.529204683207,2014,5,137,FALSE,FALSE,20
2014-05-18,5,9.4,0.4,0,5.47569240481954,-3.91514378016173,16.42,305.564932164712,2014,5,138,FALSE,FALSE,23
2014-05-19,5,11.6,0.4,0,0.912428349048015,3.0117515723211,15.76,196.85450192459,2014,5,139,FALSE,FALSE,NA
2014-05-20,5,8.2,0.2,0,6.34900835521155,0.194747040270457,19.18,268.24308216952,2014,5,140,FALSE,FALSE,20
2014-05-21,4,5,0.25,0,4.08110164442755,0.800608369101677,21.25,258.900972564069,2014,5,141,FALSE,FALSE,16
2014-05-22,5,7.2,0.2,0,4.76782900968666,-0.43383503461473,24.7,275.199149064552,2014,5,142,FALSE,FALSE,20
2014-05-23,5,10.8,0.4,0,-0.148909927638148,-2.33497679177381,19.46,3.64901780416379,2014,5,143,FALSE,FALSE,NA
2014-05-24,5,6.8,0.2,0,4.29548979906743,-1.55142561657484,19.78,289.858477232092,2014,5,144,FALSE,FALSE,19
2014-05-25,4,4.75,0.25,0,2.70304478631496,1.14841131056322,17.625,246.981379701364,2014,5,145,FALSE,FALSE,14
2014-05-26,5,13.8,1,0,-4.12899332608691,12.8635692602454,17.32,162.204227503972,2014,5,146,TRUE,FALSE,22
2014-05-27,5,5,0.4,0,1.96878314281196,1.87288627794207,19.36,226.429936888529,2014,5,147,FALSE,FALSE,NA
2014-05-28,5,13.2,0,0.2,0.874635804373424,-8.58379310700311,12.56,354.181991360977,2014,5,148,FALSE,FALSE,NA
2014-05-29,5,16.2,1,0,-2.15762433830548,15.5818035942405,13.82,172.116341717563,2014,5,149,TRUE,FALSE,22
2014-05-30,5,7.8,0,0,7.0307532940937,-2.02107347868699,19.8,286.037925308432,2014,5,150,FALSE,FALSE,19
2014-05-31,5,11.6,0,0.2,9.43657935441881,-6.33533682103869,21.06,303.875810368448,2014,5,151,FALSE,FALSE,NA
2014-06-01,5,7.8,0.2,0,-2.92402560524679,-0.295618352936105,21.12,84.2270246700417,2014,6,152,FALSE,FALSE,18
2014-06-02,5,11,0,0.2,7.36333837232351,-5.39846556680268,18.2,306.247178626516,2014,6,153,FALSE,FALSE,17
2014-06-03,5,11.8,0.2,0,7.61588557610693,-4.38861769561332,18,299.952491492006,2014,6,154,FALSE,FALSE,NA
2014-06-04,5,9.2,0.6,0,1.79147078579317,7.89669219297551,22.88,192.781965658924,2014,6,155,TRUE,FALSE,22
2014-06-05,5,21.2,0,0,11.7994159213669,-17.5198984906402,20.2,326.040263848703,2014,6,156,FALSE,FALSE,NA
2014-06-06,5,12.6,0,0.2,10.6969334561496,-5.49346958943671,19.52,297.18301717141,2014,6,157,FALSE,FALSE,19
2014-06-07,5,5,0.2,0,4.29006697399506,0.80699030470847,19.64,259.346768113714,2014,6,158,FALSE,FALSE,20
2014-06-08,5,7.6,0.4,0,3.21487027630275,2.97125598507656,23.18,227.255185432588,2014,6,159,FALSE,FALSE,NA
2014-06-09,5,18.6,0,0,10.6731899233539,-15.0430904599884,22.36,324.644002157866,2014,6,160,FALSE,FALSE,22
2014-06-10,5,11,0.6,0,-3.52076223524907,6.2481224859582,16.78,150.599121976625,2014,6,161,TRUE,FALSE,20
2014-06-11,5,5.8,0.8,0,2.26817463068398,4.37705591862943,22.76,207.39302828911,2014,6,162,TRUE,FALSE,16
2014-06-12,5,5,0.2,0,0.85263836123369,-0.712760980404522,22.72,309.893855624038,2014,6,163,FALSE,FALSE,14
2014-06-13,4,11.25,1,0,0.0565197523738696,10.2676010585201,14.925,180.315391155492,2014,6,164,TRUE,FALSE,18
2014-06-14,5,12.2,1,0,1.2137851025326,11.7019480813013,15.56,185.921830521648,2014,6,165,TRUE,FALSE,NA
2014-06-15,5,11.4,1,0,-4.75637078671085,10.2525947231559,13.82,155.112531219411,2014,6,166,TRUE,FALSE,19
2014-06-16,5,11.4,1,0,-2.24073763458076,10.8957008119408,14.1,168.37895260331,2014,6,167,TRUE,FALSE,21
2014-06-17,5,5.8,0.8,0,0.662245036729391,5.12778394280937,11.62,187.358924123744,2014,6,168,TRUE,FALSE,14
2014-06-18,5,7.6,0.8,0,0.641206625866516,5.94394648415854,13.22,186.157005336246,2014,6,169,TRUE,FALSE,22
2014-06-19,5,15,1,0,-3.98537278340561,14.4021722109275,21.2,164.532155488304,2014,6,170,TRUE,FALSE,NA
2014-06-20,5,15.2,0.8,0.2,2.16659960413811,6.7345633448334,21.22,197.833681546918,2014,6,171,TRUE,FALSE,NA
2014-06-21,5,6.2,0.2,0,5.77594172294025,0.835503714185751,21.36,261.769120784092,2014,6,172,FALSE,FALSE,14
2014-06-22,5,9,0,0,8.22001548722908,-2.09577903039344,24.78,284.303425327895,2014,6,173,FALSE,FALSE,NA
2014-06-23,5,13.2,0,0,-0.400781996397338,-7.31565044346412,23.76,3.13576834084974,2014,6,174,FALSE,FALSE,NA
2014-06-24,4,8.25,0,0,6.83640059967348,-3.4550889424235,16.8,296.8118475359,2014,6,175,FALSE,FALSE,20
2014-06-25,5,9.8,0,0,8.84874274503534,-3.78404028665134,22.54,293.153292065723,2014,6,176,FALSE,FALSE,22
2014-06-26,5,5,0.4,0,1.84837263714081,2.30503672837453,18.94,218.725576615295,2014,6,177,FALSE,FALSE,15
2014-06-27,5,9,1,0,-2.45666315328514,7.98066831620784,16.06,162.890234768217,2014,6,178,TRUE,FALSE,21
2014-06-28,5,13.4,0.8,0,-5.09561234309169,12.0146544885716,17.16,157.017401420848,2014,6,179,TRUE,FALSE,22
2014-06-29,5,12,0.6,0,-1.61478510682737,8.73713205037106,17.14,169.528827929837,2014,6,180,TRUE,FALSE,NA
2014-06-30,5,6.6,0,0,6.03870861621298,0.534569137299978,21.82,264.941149668387,2014,6,181,FALSE,FALSE,16
2014-07-01,5,4.6,0,0,4.45028203146173,0.886214897467405,26.72,258.737631221811,2014,7,182,FALSE,FALSE,15
2014-07-02,5,6,0,0,4.32514101573087,1.2431074487337,28.14,253.964591296258,2014,7,183,FALSE,FALSE,20
2014-07-03,5,11.6,1,0,1.06776532478903,10.8077214577126,28.48,185.642313717315,2014,7,184,TRUE,FALSE,NA
2014-07-04,5,14.8,1,0,-5.07063145278907,13.8299027577258,27.98,159.864912272356,2014,7,185,TRUE,FALSE,NA
2014-07-05,5,18.4,1,0,-5.14824127071288,17.5971271215996,26.1,163.692557979673,2014,7,186,TRUE,FALSE,NA
2014-07-06,5,9.2,0,0.2,8.00895306981198,-2.97083059969899,26.44,290.351766190972,2014,7,187,FALSE,FALSE,NA
2014-07-07,5,6.8,0,0,6.3893416179302,-2.14073763458076,27.58,288.523334267702,2014,7,188,FALSE,FALSE,19
2014-07-08,5,6.4,0,0,6.03343535345419,-1.09162218679968,29.28,280.255511293962,2014,7,189,FALSE,FALSE,19
2014-07-09,5,15,0.8,0,0.25116639710508,13.7832059047446,32,181.043964810322,2014,7,190,TRUE,FALSE,NA
2014-07-10,5,6.6,0,0,5.53948207754951,-1.91000911814268,28.92,289.02415364955,2014,7,191,FALSE,FALSE,NA
2014-07-11,5,6.4,0,0,5.70583042921455,2.29513457856417,29.42,248.087851415636,2014,7,192,FALSE,FALSE,20
2014-07-12,5,6.8,0,0,6.75138480963907,0.0694592710667733,30.48,269.410553125228,2014,7,193,FALSE,FALSE,19
2014-07-13,5,7.4,0,0,6.75544183913659,-2.38710866741741,31.12,289.461414006789,2014,7,194,FALSE,FALSE,18
2014-07-14,4,12.5,0,0,7.21045171529758,-10.0788990771133,20.25,324.42004198177,2014,7,195,FALSE,FALSE,23
2014-07-15,5,8.2,0,0,7.21927585823475,-3.84723222932107,28.64,298.053648826706,2014,7,196,FALSE,FALSE,20
2014-07-16,5,7.6,0,0,6.89498332378456,-1.7140365522912,31.28,283.960282392523,2014,7,197,FALSE,FALSE,18
2014-07-17,5,17.4,1,0,-2.43722065228276,15.6664972593767,30.14,171.157435686872,2014,7,198,TRUE,FALSE,NA
2014-07-18,5,15.6,1,0,-1.35445578580206,15.4146545867489,26.96,174.978428048666,2014,7,199,TRUE,FALSE,22
2014-07-19,4,8,0.5,0,-0.480023065314664,6.01170583289175,23.9,175.434728840698,2014,7,200,FALSE,FALSE,14
2014-07-20,5,12.4,1,0,0.22081628097521,11.937413818079,25.48,181.059726873059,2014,7,201,TRUE,FALSE,NA
2014-07-21,5,15.6,1,0,-3.82016654495179,15.0652410742969,24.68,165.771142845525,2014,7,202,TRUE,FALSE,NA
2014-07-22,3,5,0,0,4.57568440892709,-0.30673381108556,17.7333333333333,273.83511987299,2014,7,203,FALSE,FALSE,19
2014-07-23,5,7.4,0,0,6.32821790442492,-1.39681930164344,26.94,282.447236303534,2014,7,204,FALSE,FALSE,NA
2014-07-24,5,13.8,1,0,-2.83117632695322,13.0442450335916,14.52,167.75422367525,2014,7,205,TRUE,FALSE,21
2014-07-25,5,9.4,0,0,8.32398401908311,-2.87949832057796,21.34,289.081930702375,2014,7,206,FALSE,FALSE,NA
2014-07-26,5,7.2,0.2,0,5.98732805416962,-0.551466222599478,24.2,275.262412447144,2014,7,207,FALSE,FALSE,19
2014-07-27,5,7.6,0,0,7.26218635465367,1.02817091478029,29.22,261.941694761955,2014,7,208,FALSE,FALSE,20
2014-07-28,5,7.4,0.2,0,6.64338306485932,0.903508193257454,30.6,262.255220894043,2014,7,209,FALSE,FALSE,20
2014-07-29,5,7,0,0,6.01947270907185,-1.68169092971197,31.88,285.609041144728,2014,7,210,FALSE,FALSE,18
2014-07-30,4,6.5,0,0,2.99309344255913,-1.83887563025585,29.8,301.565440343177,2014,7,211,FALSE,FALSE,14
2014-07-31,5,6.6,0,0,4.85526228988618,-0.4104241719908,33.6,274.831829713745,2014,7,212,FALSE,FALSE,15
2014-08-01,5,4.6,0,0,4.14129678733159,0.73306626758463,29.84,259.961844793736,2014,8,213,FALSE,FALSE,15
2014-08-02,5,7.4,0.2,0,4.86709990289846,0.798477906792015,31.22,260.683265528551,2014,8,214,FALSE,FALSE,14
2014-08-03,5,6.6,0.6,0,3.27293572312995,4.46885288369919,29.54,216.218612350723,2014,8,215,TRUE,FALSE,23
2014-08-04,5,10.2,0,0,7.71679931306666,-6.296573222185,27.7,309.2129519132,2014,8,216,FALSE,FALSE,21
2014-08-05,5,6.8,0,0,6.60066252247754,0.417810868802273,30.02,266.378105335352,2014,8,217,FALSE,FALSE,18
2014-08-06,5,10.6,0.8,0,1.15826733963375,8.6622443639654,30.84,187.616097893159,2014,8,218,TRUE,FALSE,NA
2014-08-07,5,12.4,1,0,-1.28922179431776,11.7582926087362,29.92,173.742877110749,2014,8,219,TRUE,FALSE,NA
2014-08-08,5,11.8,0.8,0,-3.62567110899037,10.5853821136638,27.62,161.092806941948,2014,8,220,TRUE,FALSE,NA
2014-08-09,5,6.2,0.2,0,4.24893083547635,1.63109092364946,27.68,248.999069307599,2014,8,221,FALSE,FALSE,18
2014-08-10,5,6.8,0,0,6.21932718047845,-1.30588997562858,28.52,281.858290316505,2014,8,222,FALSE,FALSE,19
2014-08-11,5,6.8,0,0,6.42701434481061,1.19001983900761,31.82,259.509971051289,2014,8,223,FALSE,FALSE,19
2014-08-12,4,7.5,0.25,0,-0.866880124757757,2.54064795899987,21.9,161.160135846909,2014,8,224,FALSE,FALSE,19
2014-08-13,5,5.8,0.2,0,-0.931846363323844,0.914416036697545,29.72,134.459093960929,2014,8,225,FALSE,FALSE,15
2014-08-14,4,8,0,0,7.58521366462672,-1.96265866511645,18.375,284.50700218991,2014,8,226,FALSE,FALSE,22
2014-08-15,5,8.6,0.4,0,-0.646215468636087,5.15736000603135,20.7,172.858079017739,2014,8,227,FALSE,FALSE,19
2014-08-16,2,5,0,0,4.87938524157182,-0.684040286651336,20.3,277.980278634988,2014,8,228,FALSE,FALSE,15
2014-08-17,5,5.8,0.2,0,5.00075525669567,0.418380601198083,22.82,265.217573110874,2014,8,229,FALSE,FALSE,18
2014-08-18,5,5.6,0,0,4.72654460095072,-1.78620700082802,26.78,290.702064480694,2014,8,230,FALSE,FALSE,15
2014-08-19,5,11.8,0,0,9.05417056165219,-7.24705831395745,23.52,308.674166573212,2014,8,231,FALSE,FALSE,NA
2014-08-20,5,5.6,0.2,0,-0.627829143345035,3.69202954028068,19.8,170.349177624195,2014,8,232,FALSE,FALSE,23
2014-08-21,5,6.2,0.4,0,2.17712058868004,4.11822878212531,22.42,207.863375286431,2014,8,233,FALSE,FALSE,17
2014-08-22,5,6.8,0,0,0.126827368830372,-2.07218652526483,17.46,356.497603111961,2014,8,234,FALSE,FALSE,15
2014-08-23,5,5.4,0,0,-1.67956519161047,-1.73195788919265,23.22,44.120145340269,2014,8,235,FALSE,FALSE,14
2014-08-24,5,8.4,0.2,0,-5.46314507680087,0.176720174748296,21.52,91.8527406134047,2014,8,236,FALSE,FALSE,22
2014-08-25,5,5.2,0.4,0,2.90139453325405,2.16629612678574,23.8,233.253523828858,2014,8,237,FALSE,FALSE,23
2014-08-26,5,4.6,0.2,0,3.44134499661898,-0.172456653730556,25.08,272.868872300874,2014,8,238,FALSE,FALSE,16
2014-08-27,5,6.4,0.2,0,5.4977163948274,0.428427341653274,28.06,265.544046454268,2014,8,239,FALSE,FALSE,18
2014-08-28,5,14.6,0.4,0,8.29571504147972,-3.85868726912619,25.62,294.945126970396,2014,8,240,FALSE,FALSE,23
2014-08-29,5,13.6,0.6,0,3.99772145070894,10.7644812544692,25.82,200.374028926086,2014,8,241,TRUE,FALSE,NA
2014-08-30,5,8.8,0.4,0,6.56046906216608,5.54746844754843,21.44,229.782466331943,2014,8,242,FALSE,FALSE,23
2014-08-31,5,6.8,0.6,0,0.508689042430861,1.15761670270708,17.62,203.7220250534,2014,8,243,TRUE,FALSE,18
2014-09-01,2,5,0.5,0,3.95620057618112,1.06006074948327,17.3,255,2014,9,244,FALSE,FALSE,19
2014-09-02,5,7,0,0,4.56663174663863,-4.86632923335438,17.54,316.819749594823,2014,9,245,FALSE,FALSE,NA
2014-09-03,4,4.75,0.25,0,1.31469262078591,-0.307498909512659,13.75,283.164491700909,2014,9,246,FALSE,FALSE,14
2014-09-04,5,6.4,0,0,4.03151342765594,2.41010071662835,16.78,239.128368738528,2014,9,247,FALSE,FALSE,22
2014-09-05,5,5.6,0,0,5.05610808445695,1.56913943201961,20.98,252.758515377114,2014,9,248,FALSE,FALSE,22
2014-09-06,5,4.8,0,0,4.34937150439454,1.1156683209926,22.82,255.613106793269,2014,9,249,FALSE,FALSE,14
2014-09-07,5,5.8,0,0,5.29280705602441,-0.78561100161742,23.78,278.442766770468,2014,9,250,FALSE,FALSE,NA
2014-09-08,4,13,0.75,0,-1.28721781729863,11.9173861968483,22.4,173.835281720313,2014,9,251,TRUE,FALSE,NA
2014-09-09,5,7.6,0.2,0,-5.51654736538158,1.92685782770639,18.7,109.253640281543,2014,9,252,FALSE,FALSE,23
2014-09-10,5,15,0,0,-11.5372161559263,-8.8387690487323,11.58,52.5439372899798,2014,9,253,FALSE,FALSE,NA
2014-09-11,5,5,0.4,0,1.04148829123345,2.61134787330932,14.44,201.743680122768,2014,9,254,FALSE,FALSE,15
2014-09-12,5,8.6,0,0,7.7506395212569,-2.84019786474356,13.1,290.12520345124,2014,9,255,FALSE,FALSE,20
2014-09-13,5,4.8,0,0,1.19288247007516,2.3562502310749,19.28,206.851409268096,2014,9,256,FALSE,FALSE,16
2014-09-14,5,5.2,0.4,0,3.96049810264506,0.62844729507618,20.18,260.98354496573,2014,9,257,FALSE,FALSE,16
2014-09-15,5,5.4,0,0,4.63969793930638,1.12107445290522,21.88,256.416177615866,2014,9,258,FALSE,FALSE,19
2014-09-16,5,4.8,0,0,4.1695457759694,-0.744291126362356,22.58,280.12106781835,2014,9,259,FALSE,FALSE,19
2014-09-18,4,4.5,0.25,0,0.717979476276757,-2.60201764027406,20.55,344.574124660406,2014,9,261,FALSE,FALSE,14
2014-09-19,5,13,1,0,-3.43118040702755,11.3434459660134,20.84,163.170415052418,2014,9,262,TRUE,FALSE,17
2014-09-20,5,8.8,0,0,7.88338825914455,-3.52221916215464,21.76,294.074614902533,2014,9,263,FALSE,FALSE,19
2014-09-21,5,4.8,0.2,0,3.74253782122458,0.606603182158085,25.12,260.793371706493,2014,9,264,FALSE,FALSE,14
2014-09-22,5,6.4,0,0,4.4559049318897,-1.49135678231885,24.04,288.504993649913,2014,9,265,FALSE,FALSE,14
2014-09-23,5,4.4,0.4,0,0.608505202771851,2.59677849470768,22.7,193.188210516938,2014,9,266,FALSE,FALSE,14
2014-09-24,5,10.4,0.4,0,7.14058064278273,3.09978013855399,21.64,246.533970089646,2014,9,267,FALSE,FALSE,19
2014-09-25,5,6.2,0,0,5.39016690335779,-2.07273582909152,21.36,291.033758016175,2014,9,268,FALSE,FALSE,17
2014-09-26,5,10.8,1,0,-3.54259291680885,9.61622477217788,17.96,159.776330071343,2014,9,269,TRUE,FALSE,22
2014-09-27,5,13.2,0,0.2,10.4740556748499,-7.6718985226458,19.06,306.221540094596,2014,9,270,FALSE,FALSE,NA
2014-09-28,4,7,0,0,6.61834326596595,-1.86292459756846,19.8,285.720795671609,2014,9,271,FALSE,FALSE,NA
2014-09-29,5,6,0.4,0,1.86246280056856,3.49042299398157,17.52,208.0840371153,2014,9,272,FALSE,FALSE,15
2014-09-30,5,9.2,0.2,0,-2.55138480963906,-1.2236233609653,14.12,64.3780034365862,2014,9,273,FALSE,FALSE,19
