"date","hour","wind_spd","wind_dir","temp"
2005-05-01,0,6,20,8.5
2005-05-01,1,20,60,7.9
2005-05-01,2,20,60,7.6
2005-05-01,3,6,40,6.8
2005-05-01,4,26,60,6.6
2005-05-01,5,26,70,6
2005-05-01,6,20,60,7.2
2005-05-01,7,17,70,8.7
2005-05-01,8,15,70,10.9
2005-05-01,9,7,180,12.5
2005-05-01,10,11,240,13.3
2005-05-01,11,7,190,14.5
2005-05-01,12,6,170,16.7
2005-05-01,13,7,210,17.6
2005-05-01,14,9,270,18.7
2005-05-01,15,6,60,19.4
2005-05-01,16,4,190,19.5
2005-05-01,17,0,NA,19.2
2005-05-01,18,6,30,17.6
2005-05-01,19,9,40,14.8
2005-05-01,20,15,40,14.2
2005-05-01,21,9,330,12.6
2005-05-01,22,6,320,11.3
2005-05-01,23,6,340,10.5
2005-05-02,0,6,360,9.4
2005-05-02,1,4,290,8.3
2005-05-02,2,0,NA,7.4
2005-05-02,3,6,350,6.8
2005-05-02,4,4,10,8.2
2005-05-02,5,7,40,7.3
2005-05-02,6,0,NA,6.6
2005-05-02,7,11,70,10.1
2005-05-02,8,0,NA,11.2
2005-05-02,9,6,150,13.6
2005-05-02,10,4,250,15.7
2005-05-02,11,6,200,17.2
2005-05-02,12,0,NA,19.3
2005-05-02,13,6,230,19.7
2005-05-02,14,6,280,20.7
2005-05-02,15,7,270,21.1
2005-05-02,16,9,300,21.3
2005-05-02,17,6,320,21.1
2005-05-02,18,0,NA,20.6
2005-05-02,19,6,300,16.2
2005-05-02,20,6,60,12.9
2005-05-02,21,9,340,12.8
2005-05-02,22,4,320,12
2005-05-02,23,7,50,11.7
2005-05-03,0,6,60,10.1
2005-05-03,1,9,60,9.8
2005-05-03,2,13,60,9.6
2005-05-03,3,17,70,9.3
2005-05-03,4,20,70,9.1
2005-05-03,5,15,70,8
2005-05-03,6,7,70,7
2005-05-03,7,11,60,6.6
2005-05-03,8,9,60,7.9
2005-05-03,9,9,70,10
2005-05-03,10,6,110,11.5
2005-05-03,11,6,100,12.4
2005-05-03,12,7,110,15.1
2005-05-03,13,11,150,15
2005-05-03,14,13,170,15.2
2005-05-03,15,9,140,15.7
2005-05-03,16,7,300,14.7
2005-05-03,17,4,270,17.3
2005-05-03,18,9,170,14
2005-05-03,19,4,220,12.9
2005-05-03,20,4,300,12
2005-05-03,21,7,50,10.6
2005-05-03,22,4,90,9.8
2005-05-03,23,4,360,9.4
2005-05-04,0,4,30,8.7
2005-05-04,1,4,290,7.4
2005-05-04,2,7,60,7.2
2005-05-04,3,6,50,7.1
2005-05-04,4,4,30,6.4
2005-05-04,5,4,350,6
2005-05-04,6,0,NA,7.6
2005-05-04,7,4,190,8.1
2005-05-04,8,4,240,9.4
2005-05-04,9,4,210,11.9
2005-05-04,10,6,240,13.3
2005-05-04,11,6,220,15.1
2005-05-04,12,6,150,16.2
2005-05-04,13,9,150,16
2005-05-04,14,7,150,15.2
2005-05-04,15,6,240,15.6
2005-05-04,16,20,310,13.4
2005-05-04,17,20,330,13.2
2005-05-04,18,15,320,12.2
2005-05-04,19,15,330,11.8
2005-05-04,20,6,350,11.7
2005-05-04,21,4,300,9.7
2005-05-04,22,0,NA,9
2005-05-04,23,6,10,8.7
2005-05-05,0,4,50,7.9
2005-05-05,1,0,NA,7.4
2005-05-05,2,7,320,7.5
2005-05-05,3,4,140,6.6
2005-05-05,4,0,NA,6.5
2005-05-05,5,0,NA,6.3
2005-05-05,6,0,NA,7.2
2005-05-05,7,0,NA,7.9
2005-05-05,8,0,NA,10.3
2005-05-05,9,4,270,12.5
2005-05-05,10,4,250,14.5
2005-05-05,11,4,240,16.6
2005-05-05,12,0,NA,18.7
2005-05-05,13,6,300,18.3
2005-05-05,14,0,NA,19.5
2005-05-05,15,4,310,20.4
2005-05-05,16,4,270,20.3
2005-05-05,17,0,NA,19.4
2005-05-05,18,0,NA,18.7
2005-05-05,19,4,60,16.6
2005-05-05,20,4,50,15.2
2005-05-05,21,4,150,15.4
2005-05-05,22,9,90,13.8
2005-05-05,23,7,40,12.7
2005-05-06,0,4,70,12
2005-05-06,1,0,NA,11.9
2005-05-06,2,4,50,11.8
2005-05-06,3,4,330,10.7
2005-05-06,4,4,270,11.1
2005-05-06,5,0,NA,10.7
2005-05-06,6,0,NA,10.9
2005-05-06,7,0,NA,11.4
2005-05-06,8,6,100,12.6
2005-05-06,9,6,60,14.5
2005-05-06,10,4,160,16.1
2005-05-06,11,0,NA,17.1
2005-05-06,12,6,190,18.1
2005-05-06,13,7,150,18.9
2005-05-06,14,11,160,17.1
2005-05-06,15,4,150,17.4
2005-05-06,16,6,230,18.9
2005-05-06,17,7,150,16.8
2005-05-06,18,7,300,15.2
2005-05-06,19,7,130,14.5
2005-05-06,20,6,250,13.7
2005-05-06,21,0,NA,13.1
2005-05-06,22,7,100,12
2005-05-06,23,6,340,11
2005-05-07,0,6,130,10.6
2005-05-07,1,4,330,10.7
2005-05-07,2,6,80,9.9
2005-05-07,3,0,NA,9.7
2005-05-07,4,0,NA,9.6
2005-05-07,5,4,50,10
2005-05-07,6,0,NA,10.7
2005-05-07,7,4,280,11.4
2005-05-07,8,6,290,13.1
2005-05-07,9,7,280,15.2
2005-05-07,10,6,200,16.7
2005-05-07,11,6,190,17.3
2005-05-07,12,6,200,17.1
2005-05-07,13,11,180,16.8
2005-05-07,14,9,200,15.7
2005-05-07,15,9,180,17.4
2005-05-07,16,15,150,15.3
2005-05-07,17,11,170,14.2
2005-05-07,18,15,160,13.8
2005-05-07,19,9,180,13.2
2005-05-07,20,9,180,12.5
2005-05-07,21,13,170,12.4
2005-05-07,22,4,110,12.1
2005-05-07,23,0,NA,11
2005-05-08,0,4,320,10.8
2005-05-08,1,0,NA,10.6
2005-05-08,2,0,NA,10.1
2005-05-08,3,6,50,10.3
2005-05-08,4,6,130,10
2005-05-08,5,6,130,10.4
2005-05-08,6,0,NA,10.5
2005-05-08,7,4,260,10.6
2005-05-08,8,4,240,10.8
2005-05-08,9,4,240,10.5
2005-05-08,10,0,NA,10.5
2005-05-08,11,7,280,10.5
2005-05-08,12,7,290,11.2
2005-05-08,13,7,310,11.3
2005-05-08,14,9,300,11.4
2005-05-08,15,7,310,11.5
2005-05-08,16,4,260,10.9
2005-05-08,17,0,NA,10.6
2005-05-08,18,6,340,10.2
2005-05-08,19,0,NA,10.3
2005-05-08,20,4,10,10.1
2005-05-08,21,6,320,9.9
2005-05-08,22,4,310,10
2005-05-08,23,4,250,10.1
2005-05-09,0,6,310,9.5
2005-05-09,1,7,290,9.4
2005-05-09,2,0,NA,9.4
2005-05-09,3,0,NA,9.1
2005-05-09,4,6,320,9.3
2005-05-09,5,4,250,9.2
2005-05-09,6,6,310,9.4
2005-05-09,7,6,280,9.7
2005-05-09,8,7,270,10.2
2005-05-09,9,4,330,10.6
2005-05-09,10,6,300,11.4
2005-05-09,11,4,300,11.3
2005-05-09,12,6,290,12.9
2005-05-09,13,0,NA,12.9
2005-05-09,14,0,NA,13.3
2005-05-09,15,9,290,13.2
2005-05-09,16,15,60,16.2
2005-05-09,17,20,60,16.6
2005-05-09,18,7,60,16.4
2005-05-09,19,15,40,16.2
2005-05-09,20,9,30,16
2005-05-09,21,6,40,15.6
2005-05-09,22,13,50,16
2005-05-09,23,17,50,15.9
2005-05-10,0,19,50,15.9
2005-05-10,1,7,10,14.2
2005-05-10,2,17,90,14.2
2005-05-10,3,6,110,13.4
2005-05-10,4,0,NA,13.4
2005-05-10,5,4,10,12.4
2005-05-10,6,4,70,12.2
2005-05-10,7,4,360,13
2005-05-10,8,4,290,13.9
2005-05-10,9,13,40,17.6
2005-05-10,10,19,50,17.7
2005-05-10,11,20,50,18.1
2005-05-10,12,17,60,18.2
2005-05-10,13,19,60,17.9
2005-05-10,14,19,70,18.3
2005-05-10,15,17,50,17.7
2005-05-10,16,17,50,17.5
2005-05-10,17,20,50,16.9
2005-05-10,18,19,50,16.2
2005-05-10,19,20,60,15.3
2005-05-10,20,19,50,14.5
2005-05-10,21,19,60,13.9
2005-05-10,22,19,50,13.4
2005-05-10,23,17,40,13.2
2005-05-11,0,15,50,12.9
2005-05-11,1,15,40,12
2005-05-11,2,19,60,10.5
2005-05-11,3,19,60,8.8
2005-05-11,4,15,50,8
2005-05-11,5,9,50,8.3
2005-05-11,6,0,NA,8.7
2005-05-11,7,6,270,9.7
2005-05-11,8,4,260,11.9
2005-05-11,9,6,300,14.2
2005-05-11,10,4,270,16.1
2005-05-11,11,0,NA,17.9
2005-05-11,12,6,190,19.2
2005-05-11,13,6,260,20.3
2005-05-11,14,6,290,21.4
2005-05-11,15,4,300,21.9
2005-05-11,16,4,300,22.5
2005-05-11,17,6,250,22.2
2005-05-11,18,6,290,21.7
2005-05-11,19,7,300,17.9
2005-05-11,20,6,60,15.3
2005-05-11,21,0,NA,14.7
2005-05-11,22,6,20,14
2005-05-11,23,4,20,13.2
2005-05-12,0,9,30,12.1
2005-05-12,1,6,70,10.2
2005-05-12,2,4,10,9.8
2005-05-12,3,4,330,8.8
2005-05-12,4,6,60,8
2005-05-12,5,0,NA,8
2005-05-12,6,4,340,9.7
2005-05-12,7,0,NA,10.7
2005-05-12,8,0,NA,13.1
2005-05-12,9,4,240,14.9
2005-05-12,10,6,260,16.5
2005-05-12,11,4,190,18.8
2005-05-12,12,4,280,20.6
2005-05-12,13,0,NA,22.2
2005-05-12,14,4,240,23.4
2005-05-12,15,0,NA,24.4
2005-05-12,16,4,280,25.1
2005-05-12,17,6,250,24.2
2005-05-12,18,6,160,22.4
2005-05-12,19,0,NA,20.1
2005-05-12,20,7,100,18.2
2005-05-12,21,13,100,17.2
2005-05-12,22,13,70,15.5
2005-05-12,23,11,70,14.6
2005-05-13,0,13,80,14.1
2005-05-13,1,15,70,13.4
2005-05-13,2,7,50,13
2005-05-13,3,6,60,12.7
2005-05-13,4,7,60,12.6
2005-05-13,5,0,NA,13.5
2005-05-13,6,0,NA,14.5
2005-05-13,7,4,240,15.5
2005-05-13,8,0,NA,17.8
2005-05-13,9,4,220,18.9
2005-05-13,10,11,160,20.6
2005-05-13,11,15,150,21.5
2005-05-13,12,13,150,22.6
2005-05-13,13,11,160,23.4
2005-05-13,14,7,240,24.1
2005-05-13,15,13,290,22.6
2005-05-13,16,9,300,22.9
2005-05-13,17,0,NA,22.6
2005-05-13,18,7,60,21.3
2005-05-13,19,6,50,19.8
2005-05-13,20,17,50,19
2005-05-13,21,13,50,17.5
2005-05-13,22,11,40,16.3
2005-05-13,23,9,40,15.9
2005-05-14,0,4,10,14.7
2005-05-14,1,0,NA,13.8
2005-05-14,2,6,50,12.7
2005-05-14,3,4,40,12.9
2005-05-14,4,6,30,12.5
2005-05-14,5,4,350,11.9
2005-05-14,6,9,50,12.7
2005-05-14,7,6,50,12.9
2005-05-14,8,0,NA,13
2005-05-14,9,6,150,14
2005-05-14,10,4,250,12.9
2005-05-14,11,0,NA,12.6
2005-05-14,12,6,300,13.1
2005-05-14,13,0,NA,13.8
2005-05-14,14,0,NA,14.4
2005-05-14,15,0,NA,14.4
2005-05-14,16,4,270,14.4
2005-05-14,17,6,290,14.6
2005-05-14,18,0,NA,14.5
2005-05-14,19,0,NA,13.5
2005-05-14,20,0,NA,12.6
2005-05-14,21,0,NA,11.9
2005-05-14,22,4,320,11.7
2005-05-14,23,0,NA,11.9
2005-05-15,0,0,NA,11.5
2005-05-15,1,6,310,11.2
2005-05-15,2,0,NA,11.3
2005-05-15,3,0,NA,11
2005-05-15,4,0,NA,11
2005-05-15,5,0,NA,11
2005-05-15,6,4,140,11.1
2005-05-15,7,4,130,12.3
2005-05-15,8,4,300,14.2
2005-05-15,9,4,150,16.8
2005-05-15,10,6,190,17.5
2005-05-15,11,6,240,18.6
2005-05-15,12,9,250,18.8
2005-05-15,13,4,200,19.2
2005-05-15,14,4,260,20.3
2005-05-15,15,6,260,19.7
2005-05-15,16,6,150,19.2
2005-05-15,17,11,330,17.6
2005-05-15,18,7,320,16.4
2005-05-15,19,7,320,14.2
2005-05-15,20,4,330,13.6
2005-05-15,21,0,NA,13.3
2005-05-15,22,0,NA,13.3
2005-05-15,23,0,NA,13.1
2005-05-16,0,7,150,13.2
2005-05-16,1,19,160,12.1
2005-05-16,2,17,160,12.1
2005-05-16,3,19,150,11.9
2005-05-16,4,13,140,11.6
2005-05-16,5,6,90,11.4
2005-05-16,6,9,160,12.3
2005-05-16,7,4,170,12.9
2005-05-16,8,7,140,13
2005-05-16,9,7,200,15.5
2005-05-16,10,9,140,16.2
2005-05-16,11,15,150,14.6
2005-05-16,12,9,150,17.2
2005-05-16,13,9,170,16.5
2005-05-16,14,9,200,17
2005-05-16,15,7,180,16.9
2005-05-16,16,6,150,17.3
2005-05-16,17,9,150,16.8
2005-05-16,18,6,150,15.7
2005-05-16,19,7,140,14.7
2005-05-16,20,9,150,14.2
2005-05-16,21,7,140,13.2
2005-05-16,22,7,110,11.6
2005-05-16,23,6,120,11
2005-05-17,0,6,110,10.7
2005-05-17,1,6,110,10.5
2005-05-17,2,6,130,10.1
2005-05-17,3,4,140,10
2005-05-17,4,0,NA,9.5
2005-05-17,5,4,140,9.5
2005-05-17,6,6,110,10.1
2005-05-17,7,4,180,11.3
2005-05-17,8,11,160,11.9
2005-05-17,9,17,160,12.1
2005-05-17,10,17,160,13
2005-05-17,11,17,150,14.5
2005-05-17,12,15,150,14
2005-05-17,13,17,180,14.5
2005-05-17,14,13,180,16.4
2005-05-17,15,17,190,14.9
2005-05-17,16,13,150,13.7
2005-05-17,17,6,190,14.2
2005-05-17,18,11,180,13.9
2005-05-17,19,9,160,12.5
2005-05-17,20,7,150,11.5
2005-05-17,21,6,120,10.5
2005-05-17,22,6,110,9.4
2005-05-17,23,6,80,9.1
2005-05-18,0,4,40,8.5
2005-05-18,1,13,70,9.3
2005-05-18,2,6,110,9.3
2005-05-18,3,11,90,9
2005-05-18,4,13,70,8.3
2005-05-18,5,13,70,7.8
2005-05-18,6,0,NA,10.3
2005-05-18,7,4,110,11.6
2005-05-18,8,4,200,12.4
2005-05-18,9,4,220,13.3
2005-05-18,10,6,240,13
2005-05-18,11,4,250,13.4
2005-05-18,12,6,250,13
2005-05-18,13,6,270,13.4
2005-05-18,14,0,NA,13.4
2005-05-18,15,0,NA,14
2005-05-18,16,7,90,15.1
2005-05-18,17,7,310,13.1
2005-05-18,18,6,120,13.1
2005-05-18,19,7,210,11.3
2005-05-18,20,0,NA,10.7
2005-05-18,21,4,280,10.5
2005-05-18,22,6,90,9.4
2005-05-18,23,7,70,9.4
2005-05-19,0,4,50,8.5
2005-05-19,1,9,90,8.5
2005-05-19,2,4,100,8.6
2005-05-19,3,0,NA,8.6
2005-05-19,4,0,NA,8.3
2005-05-19,5,9,90,8.5
2005-05-19,6,0,NA,9.1
2005-05-19,7,7,170,10.9
2005-05-19,8,13,170,12.2
2005-05-19,9,15,160,14.1
2005-05-19,10,7,250,13.5
2005-05-19,11,17,210,11.1
2005-05-19,12,9,190,12.3
2005-05-19,13,6,100,14
2005-05-19,14,9,180,16.8
2005-05-19,15,11,160,17.5
2005-05-19,16,7,260,15.3
2005-05-19,17,7,240,13
2005-05-19,18,7,290,15.3
2005-05-19,19,11,300,11.4
2005-05-19,20,7,310,11.8
2005-05-19,21,20,340,10.2
2005-05-19,22,9,310,9.1
2005-05-19,23,6,350,8
2005-05-20,0,7,340,8
2005-05-20,1,4,20,7.4
2005-05-20,2,4,340,6.5
2005-05-20,3,0,NA,5.9
2005-05-20,4,0,NA,6.3
2005-05-20,5,0,NA,6.5
2005-05-20,6,4,100,7.1
2005-05-20,7,4,260,7
2005-05-20,8,0,NA,7.7
2005-05-20,9,4,120,7.8
2005-05-20,10,4,100,8.4
2005-05-20,11,4,170,9.7
2005-05-20,12,7,240,9.6
2005-05-20,13,6,160,12.1
2005-05-20,14,6,230,13.1
2005-05-20,15,9,150,13.4
2005-05-20,16,11,170,12.6
2005-05-20,17,17,180,11.2
2005-05-20,18,11,140,12.4
2005-05-20,19,4,230,10.1
2005-05-20,20,4,70,9.3
2005-05-20,21,4,20,8.8
2005-05-20,22,15,320,7.4
2005-05-20,23,0,NA,7.1
2005-05-21,0,0,NA,7
2005-05-21,1,7,60,6.5
2005-05-21,2,4,110,6.6
2005-05-21,3,0,NA,6.2
2005-05-21,4,0,NA,6.7
2005-05-21,5,0,NA,6.7
2005-05-21,6,6,300,7.4
2005-05-21,7,4,220,8.2
2005-05-21,8,0,NA,9
2005-05-21,9,7,160,11.5
2005-05-21,10,13,150,12.7
2005-05-21,11,11,140,15.5
2005-05-21,12,11,160,15.6
2005-05-21,13,9,240,15.3
2005-05-21,14,13,290,14.7
2005-05-21,15,0,NA,16.3
2005-05-21,16,9,180,16
2005-05-21,17,11,160,15.4
2005-05-21,18,11,150,14.4
2005-05-21,19,7,150,13.6
2005-05-21,20,4,130,12.6
2005-05-21,21,6,60,11.1
2005-05-21,22,9,100,11.5
2005-05-21,23,9,110,10.5
2005-05-22,0,13,70,8.8
2005-05-22,1,7,60,8.3
2005-05-22,2,0,NA,7.9
2005-05-22,3,4,50,7.7
2005-05-22,4,6,90,7.5
2005-05-22,5,11,80,7.6
2005-05-22,6,7,60,8.1
2005-05-22,7,0,NA,9.5
2005-05-22,8,4,250,9.3
2005-05-22,9,0,NA,9.8
2005-05-22,10,11,140,11.3
2005-05-22,11,9,160,14
2005-05-22,12,11,300,12.9
2005-05-22,13,13,250,11.1
2005-05-22,14,11,160,14.6
2005-05-22,15,9,140,15.9
2005-05-22,16,13,310,13.3
2005-05-22,17,30,320,11.5
2005-05-22,18,28,330,11.5
2005-05-22,19,19,330,10.4
2005-05-22,20,26,310,6.9
2005-05-22,21,9,60,7.4
2005-05-22,22,6,50,6.6
2005-05-22,23,7,40,5.9
2005-05-23,0,0,NA,5.6
2005-05-23,1,6,160,4.7
2005-05-23,2,0,NA,4
2005-05-23,3,0,NA,3.4
2005-05-23,4,0,NA,3.1
2005-05-23,5,4,90,3.7
2005-05-23,6,6,130,4.5
2005-05-23,7,6,140,6.2
2005-05-23,8,0,NA,8.2
2005-05-23,9,0,NA,10.1
2005-05-23,10,0,NA,10.9
2005-05-23,11,6,210,12.8
2005-05-23,12,7,130,14.3
2005-05-23,13,7,160,15.2
2005-05-23,14,6,80,12.2
2005-05-23,15,6,100,11.9
2005-05-23,16,13,280,9.1
2005-05-23,17,4,90,12.7
2005-05-23,18,0,NA,13.3
2005-05-23,19,0,NA,12.4
2005-05-23,20,7,60,8
2005-05-23,21,9,60,7.1
2005-05-23,22,7,50,6.8
2005-05-23,23,7,70,6.4
2005-05-24,0,4,30,6.6
2005-05-24,1,4,330,5.7
2005-05-24,2,7,50,5
2005-05-24,3,0,NA,4.8
2005-05-24,4,6,60,4.2
2005-05-24,5,6,50,3.9
2005-05-24,6,6,70,5.6
2005-05-24,7,0,NA,8
2005-05-24,8,7,280,9.4
2005-05-24,9,9,270,11.3
2005-05-24,10,6,290,13.2
2005-05-24,11,6,270,14.7
2005-05-24,12,4,340,16.8
2005-05-24,13,4,210,17.5
2005-05-24,14,7,150,18.2
2005-05-24,15,7,240,15.7
2005-05-24,16,6,140,14.5
2005-05-24,17,4,180,15.3
2005-05-24,18,6,270,14.2
2005-05-24,19,6,40,12.9
2005-05-24,20,6,80,11.9
2005-05-24,21,7,80,10.2
2005-05-24,22,6,330,9.9
2005-05-24,23,6,60,8.5
2005-05-25,0,7,50,8
2005-05-25,1,6,10,8.2
2005-05-25,2,7,60,6.9
2005-05-25,3,4,70,6.6
2005-05-25,4,6,60,5.8
2005-05-25,5,7,60,6
2005-05-25,6,0,NA,8.6
2005-05-25,7,6,250,9.5
2005-05-25,8,6,280,11.6
2005-05-25,9,9,320,13.1
2005-05-25,10,6,290,14.3
2005-05-25,11,4,270,16.6
2005-05-25,12,0,NA,19.3
2005-05-25,13,9,270,19.9
2005-05-25,14,9,300,20.9
2005-05-25,15,15,330,21.6
2005-05-25,16,11,320,22.2
2005-05-25,17,7,250,21.9
2005-05-25,18,4,280,22.2
2005-05-25,19,7,310,20
2005-05-25,20,7,340,15.6
2005-05-25,21,7,60,14
2005-05-25,22,6,40,12.3
2005-05-25,23,6,20,13
2005-05-26,0,4,10,12.4
2005-05-26,1,4,300,10.7
2005-05-26,2,4,320,10
2005-05-26,3,0,NA,8.7
2005-05-26,4,6,60,8.1
2005-05-26,5,6,50,8.3
2005-05-26,6,0,NA,11.2
2005-05-26,7,0,NA,12.2
2005-05-26,8,7,290,13.5
2005-05-26,9,6,290,15.8
2005-05-26,10,7,290,17.5
2005-05-26,11,7,290,19
2005-05-26,12,6,280,21.3
2005-05-26,13,4,280,23.1
2005-05-26,14,4,290,24.4
2005-05-26,15,6,250,24.6
2005-05-26,16,0,NA,25.8
2005-05-26,17,4,290,25.6
2005-05-26,18,0,NA,25.7
2005-05-26,19,6,350,21.9
2005-05-26,20,7,60,16.9
2005-05-26,21,9,60,16.2
2005-05-26,22,13,340,16
2005-05-26,23,0,NA,15.1
2005-05-27,0,4,340,14
2005-05-27,1,4,140,13.2
2005-05-27,2,6,40,11.9
2005-05-27,3,7,60,10.7
2005-05-27,4,4,30,10.2
2005-05-27,5,4,40,10.5
2005-05-27,6,0,NA,12
2005-05-27,7,4,250,13.1
2005-05-27,8,4,260,15
2005-05-27,9,0,NA,17.3
2005-05-27,10,0,NA,19.2
2005-05-27,11,4,270,20.8
2005-05-27,12,4,280,22.6
2005-05-27,13,0,NA,25.2
2005-05-27,14,4,240,26.5
2005-05-27,15,0,NA,27.4
2005-05-27,16,7,300,27.6
2005-05-27,17,7,290,26.8
2005-05-27,18,0,NA,27.1
2005-05-27,19,4,50,23.9
2005-05-27,20,6,40,20.1
2005-05-27,21,7,50,18
2005-05-27,22,6,10,17.5
2005-05-27,23,0,NA,16.3
2005-05-28,0,0,NA,15.9
2005-05-28,1,4,30,15
2005-05-28,2,0,NA,13.9
2005-05-28,3,0,NA,13.3
2005-05-28,4,0,NA,12.6
2005-05-28,5,4,40,12.3
2005-05-28,6,0,NA,14.6
2005-05-28,7,0,NA,15.4
2005-05-28,8,6,290,17.3
2005-05-28,9,6,280,19
2005-05-28,10,9,300,20.9
2005-05-28,11,6,290,22.5
2005-05-28,12,7,280,24
2005-05-28,13,6,270,26.3
2005-05-28,14,0,NA,28.3
2005-05-28,15,0,NA,29.4
2005-05-28,16,0,NA,30.5
2005-05-28,17,6,290,29.2
2005-05-28,18,4,300,28.7
2005-05-28,19,4,80,25.6
2005-05-28,20,4,310,22.8
2005-05-28,21,4,350,22.3
2005-05-28,22,7,70,20.2
2005-05-28,23,6,40,20.5
2005-05-29,0,7,30,20.8
2005-05-29,1,6,40,19.4
2005-05-29,2,11,50,19
2005-05-29,3,15,50,18.9
2005-05-29,4,13,50,18.7
2005-05-29,5,6,30,16.6
2005-05-29,6,11,70,18.1
2005-05-29,7,7,50,18.9
2005-05-29,8,11,70,21.7
2005-05-29,9,0,NA,23.8
2005-05-29,10,7,240,24.3
2005-05-29,11,7,240,25.1
2005-05-29,12,9,250,26.1
2005-05-29,13,6,290,27.1
2005-05-29,14,4,280,28.1
2005-05-29,15,7,300,28.1
2005-05-29,16,6,110,28.6
2005-05-29,17,7,110,27.9
2005-05-29,18,11,100,26.6
2005-05-29,19,15,90,24.3
2005-05-29,20,9,80,22
2005-05-29,21,7,60,20
2005-05-29,22,6,20,20
2005-05-29,23,15,60,18.3
2005-05-30,0,13,70,17.3
2005-05-30,1,6,30,16.1
2005-05-30,2,11,40,16.5
2005-05-30,3,13,50,15.6
2005-05-30,4,19,60,14.7
2005-05-30,5,9,60,14.2
2005-05-30,6,13,60,15.4
2005-05-30,7,13,70,17.1
2005-05-30,8,6,110,18.9
2005-05-30,9,6,190,20.3
2005-05-30,10,6,160,22.2
2005-05-30,11,4,150,24.1
2005-05-30,12,4,200,25.5
2005-05-30,13,0,NA,26.7
2005-05-30,14,4,220,27.7
2005-05-30,15,4,170,28.4
2005-05-30,16,7,170,28.4
2005-05-30,17,11,160,28.3
2005-05-30,18,13,190,26.3
2005-05-30,19,13,140,23.8
2005-05-30,20,13,220,20.2
2005-05-30,21,20,80,15.8
2005-05-30,22,7,150,15.2
2005-05-30,23,6,20,14.6
2005-05-31,0,0,NA,14.4
2005-05-31,1,6,20,14.1
2005-05-31,2,17,70,15
2005-05-31,3,17,70,14.3
2005-05-31,4,0,NA,12.6
2005-05-31,5,4,60,13.3
2005-05-31,6,11,70,15.4
2005-05-31,7,6,230,16.5
2005-05-31,8,6,190,17.6
2005-05-31,9,6,120,18.6
2005-05-31,10,9,170,18.8
2005-05-31,11,15,160,18.5
2005-05-31,12,17,160,19.4
2005-05-31,13,13,160,19.3
2005-05-31,14,15,170,19.3
2005-05-31,15,6,150,20.5
2005-05-31,16,13,160,18.4
2005-05-31,17,7,200,17.3
2005-05-31,18,11,80,13.9
2005-05-31,19,15,80,12.5
2005-05-31,20,0,NA,12.6
2005-05-31,21,4,70,12.4
2005-05-31,22,0,NA,12.5
2005-05-31,23,6,300,12.2
2005-06-01,0,4,140,11.7
2005-06-01,1,0,NA,11.1
2005-06-01,2,7,300,11.2
2005-06-01,3,9,320,11.1
2005-06-01,4,6,330,10.6
2005-06-01,5,6,290,10.7
2005-06-01,6,6,270,10.9
2005-06-01,7,9,300,11.6
2005-06-01,8,13,320,12.3
2005-06-01,9,7,310,12.9
2005-06-01,10,7,290,13.1
2005-06-01,11,0,NA,12.9
2005-06-01,12,6,170,12.7
2005-06-01,13,4,180,12.9
2005-06-01,14,0,NA,12.7
2005-06-01,15,0,NA,12.5
2005-06-01,16,0,NA,12.6
2005-06-01,17,4,270,12.5
2005-06-01,18,4,280,12.2
2005-06-01,19,0,NA,11.9
2005-06-01,20,0,NA,11.6
2005-06-01,21,0,NA,11.4
2005-06-01,22,0,NA,11.2
2005-06-01,23,0,NA,11
2005-06-02,0,0,NA,10.7
2005-06-02,1,0,NA,10.6
2005-06-02,2,0,NA,10.5
2005-06-02,3,0,NA,10.5
2005-06-02,4,0,NA,10.6
2005-06-02,5,0,NA,10.7
2005-06-02,6,0,NA,11.3
2005-06-02,7,0,NA,11.3
2005-06-02,8,0,NA,13.2
2005-06-02,9,7,310,13.6
2005-06-02,10,4,340,15.3
2005-06-02,11,7,290,16.1
2005-06-02,12,4,230,17.3
2005-06-02,13,9,170,18
2005-06-02,14,15,160,15.9
2005-06-02,15,11,170,17.3
2005-06-02,16,11,170,18
2005-06-02,17,6,180,14
2005-06-02,18,11,160,13.3
2005-06-02,19,6,230,13.2
2005-06-02,20,4,240,12.2
2005-06-02,21,4,320,12.1
2005-06-02,22,4,270,11.7
2005-06-02,23,6,280,11.4
2005-06-03,0,6,280,11.1
2005-06-03,1,0,NA,10.9
2005-06-03,2,0,NA,11
2005-06-03,3,0,NA,11
2005-06-03,4,0,NA,10.8
2005-06-03,5,0,NA,11.2
2005-06-03,6,0,NA,11.8
2005-06-03,7,4,210,13.1
2005-06-03,8,4,240,13.6
2005-06-03,9,6,200,14.8
2005-06-03,10,7,210,16.2
2005-06-03,11,6,180,15.9
2005-06-03,12,7,160,16.6
2005-06-03,13,13,170,17.5
2005-06-03,14,11,150,15
2005-06-03,15,11,140,15.8
2005-06-03,16,9,160,15.2
2005-06-03,17,6,140,14.2
2005-06-03,18,4,220,14.6
2005-06-03,19,4,40,14.6
2005-06-03,20,4,170,14.4
2005-06-03,21,4,130,14.1
2005-06-03,22,0,NA,13.5
2005-06-03,23,0,NA,13
2005-06-04,0,0,NA,13
2005-06-04,1,0,NA,12.7
2005-06-04,2,4,70,12.4
2005-06-04,3,0,NA,11.9
2005-06-04,4,0,NA,11.6
2005-06-04,5,0,NA,12.2
2005-06-04,6,0,NA,12.8
2005-06-04,7,0,NA,13
2005-06-04,8,9,150,14
2005-06-04,9,11,170,16.2
2005-06-04,10,9,170,17
2005-06-04,11,7,230,17.9
2005-06-04,12,4,210,20
2005-06-04,13,9,300,20.6
2005-06-04,14,4,300,21.1
2005-06-04,15,4,260,22.4
2005-06-04,16,6,240,22.7
2005-06-04,17,7,170,22.7
2005-06-04,18,4,180,22.2
2005-06-04,19,4,260,20.6
2005-06-04,20,6,10,16.7
2005-06-04,21,7,70,14.3
2005-06-04,22,4,60,13.8
2005-06-04,23,6,20,13.3
2005-06-05,0,4,280,12.6
2005-06-05,1,4,280,11.4
2005-06-05,2,6,350,11.2
2005-06-05,3,6,360,11
2005-06-05,4,4,20,10.2
2005-06-05,5,0,NA,10.4
2005-06-05,6,4,240,11.4
2005-06-05,7,0,NA,13.2
2005-06-05,8,6,240,15.2
2005-06-05,9,6,310,16.6
2005-06-05,10,6,290,18.2
2005-06-05,11,0,NA,19.7
2005-06-05,12,7,230,20.7
2005-06-05,13,24,160,14.5
2005-06-05,14,26,170,14.5
2005-06-05,15,20,150,10.6
2005-06-05,16,15,140,9.9
2005-06-05,17,15,150,9.5
2005-06-05,18,9,110,8.8
2005-06-05,19,6,150,9.1
2005-06-05,20,6,120,8.9
2005-06-05,21,6,120,9
2005-06-05,22,4,210,8.7
2005-06-05,23,6,70,7.8
2005-06-06,0,4,230,7.3
2005-06-06,1,4,100,6.5
2005-06-06,2,0,NA,6.5
2005-06-06,3,0,NA,5.8
2005-06-06,4,0,NA,5
2005-06-06,5,6,60,4.7
2005-06-06,6,7,90,5.2
2005-06-06,7,0,NA,6.6
2005-06-06,8,6,250,9
2005-06-06,9,4,240,10.5
2005-06-06,10,4,170,12.8
2005-06-06,11,6,280,14.6
2005-06-06,12,0,NA,15.5
2005-06-06,13,11,300,16.3
2005-06-06,14,19,320,16.8
2005-06-06,15,22,320,16.6
2005-06-06,16,19,290,16.4
2005-06-06,17,17,300,16
2005-06-06,18,24,320,14.7
2005-06-06,19,17,330,13.6
2005-06-06,20,19,340,13.3
2005-06-06,21,13,340,12.8
2005-06-06,22,13,340,12.3
2005-06-06,23,11,330,11.9
2005-06-07,0,7,340,11.7
2005-06-07,1,6,300,10.6
2005-06-07,2,0,NA,10.4
2005-06-07,3,7,340,9.6
2005-06-07,4,0,NA,9.3
2005-06-07,5,11,330,8.8
2005-06-07,6,11,320,8.5
2005-06-07,7,13,320,8.1
2005-06-07,8,15,330,7.6
2005-06-07,9,13,320,7.8
2005-06-07,10,9,330,8.4
2005-06-07,11,7,300,9
2005-06-07,12,7,290,8.8
2005-06-07,13,4,290,9.1
2005-06-07,14,6,310,9.2
2005-06-07,15,4,250,9.9
2005-06-07,16,0,NA,10.2
2005-06-07,17,0,NA,10.1
2005-06-07,18,4,200,10.1
2005-06-07,19,0,NA,9.9
2005-06-07,20,0,NA,9.4
2005-06-07,21,0,NA,9.2
2005-06-07,22,0,NA,9.2
2005-06-07,23,0,NA,9.1
2005-06-08,0,9,60,8.5
2005-06-08,1,6,50,8.4
2005-06-08,2,6,60,8.2
2005-06-08,3,0,NA,8.4
2005-06-08,4,7,60,8.1
2005-06-08,5,4,60,8.3
2005-06-08,6,6,90,8.9
2005-06-08,7,0,NA,9.4
2005-06-08,8,4,130,10.5
2005-06-08,9,4,80,11.7
2005-06-08,10,7,200,13.3
2005-06-08,11,11,190,14.9
2005-06-08,12,9,210,15.5
2005-06-08,13,7,160,17.1
2005-06-08,14,7,180,18.1
2005-06-08,15,7,260,15.6
2005-06-08,16,0,NA,18.3
2005-06-08,17,6,200,17
2005-06-08,18,0,NA,16.1
2005-06-08,19,6,100,14.7
2005-06-08,20,6,90,13.4
2005-06-08,21,6,70,12.4
2005-06-08,22,11,60,10.8
2005-06-08,23,7,60,10.1
2005-06-09,0,6,40,9.9
2005-06-09,1,7,60,9.3
2005-06-09,2,7,60,9
2005-06-09,3,7,60,8.3
2005-06-09,4,9,70,7.8
2005-06-09,5,7,80,8
2005-06-09,6,0,NA,9.2
2005-06-09,7,0,NA,11.8
2005-06-09,8,4,200,12.8
2005-06-09,9,4,260,14.3
2005-06-09,10,7,270,15.5
2005-06-09,11,4,310,17.1
2005-06-09,12,4,280,18.1
2005-06-09,13,7,290,17.7
2005-06-09,14,9,280,17.9
2005-06-09,15,9,300,18.4
2005-06-09,16,7,260,19.6
2005-06-09,17,7,120,18.2
2005-06-09,18,9,300,17.2
2005-06-09,19,0,NA,17.4
2005-06-09,20,4,290,14.7
2005-06-09,21,6,340,14
2005-06-09,22,4,20,13.6
2005-06-09,23,7,90,12.8
2005-06-10,0,6,270,12.3
2005-06-10,1,4,10,12.8
2005-06-10,2,0,NA,12
2005-06-10,3,0,NA,11.9
2005-06-10,4,0,NA,10.8
2005-06-10,5,0,NA,10.9
2005-06-10,6,4,50,11.2
2005-06-10,7,0,NA,12.3
2005-06-10,8,0,NA,15.1
2005-06-10,9,4,200,15.7
2005-06-10,10,11,270,17.2
2005-06-10,11,15,290,17.7
2005-06-10,12,7,170,18.3
2005-06-10,13,11,260,20
2005-06-10,14,22,340,16
2005-06-10,15,13,330,15.2
2005-06-10,16,4,230,16.1
2005-06-10,17,7,190,14.9
2005-06-10,18,4,110,14.7
2005-06-10,19,0,NA,15.6
2005-06-10,20,6,290,13
2005-06-10,21,4,310,11.6
2005-06-10,22,4,40,11.5
2005-06-10,23,4,30,11.7
2005-06-11,0,0,NA,11.4
2005-06-11,1,4,350,10.8
2005-06-11,2,4,60,10.6
2005-06-11,3,4,40,10
2005-06-11,4,6,60,10
2005-06-11,5,4,50,10.5
2005-06-11,6,6,130,10.8
2005-06-11,7,4,130,12.9
2005-06-11,8,6,260,14.6
2005-06-11,9,4,240,16.3
2005-06-11,10,9,160,17.9
2005-06-11,11,6,130,19.8
2005-06-11,12,30,280,11.6
2005-06-11,13,19,70,12.1
2005-06-11,14,6,40,17.8
2005-06-11,15,15,50,17.8
2005-06-11,16,6,70,20
2005-06-11,17,9,290,18.3
2005-06-11,18,30,330,13.9
2005-06-11,19,26,330,13.6
2005-06-11,20,11,100,11.3
2005-06-11,21,4,30,11.1
2005-06-11,22,4,40,10.5
2005-06-11,23,6,260,9.9
2005-06-12,0,6,40,9.4
2005-06-12,1,4,40,9.4
2005-06-12,2,0,NA,8.9
2005-06-12,3,0,NA,8.9
2005-06-12,4,7,60,9
2005-06-12,5,7,100,9.4
2005-06-12,6,4,70,10.4
2005-06-12,7,0,NA,10.8
2005-06-12,8,6,140,11.7
2005-06-12,9,15,170,11.7
2005-06-12,10,15,160,10.2
2005-06-12,11,9,140,10.5
2005-06-12,12,11,150,13.5
2005-06-12,13,13,140,14.5
2005-06-12,14,11,160,14.8
2005-06-12,15,11,150,14.6
2005-06-12,16,9,140,14.8
2005-06-12,17,6,140,14.8
2005-06-12,18,7,150,15.2
2005-06-12,19,9,170,14.4
2005-06-12,20,6,130,13
2005-06-12,21,9,110,11.7
2005-06-12,22,4,70,11.8
2005-06-12,23,4,100,11.5
2005-06-13,0,4,90,10.7
2005-06-13,1,4,120,10.5
2005-06-13,2,6,160,10.2
2005-06-13,3,4,150,9.3
2005-06-13,4,7,150,9.5
2005-06-13,5,6,120,8.6
2005-06-13,6,6,110,10.2
2005-06-13,7,4,190,10.4
2005-06-13,8,6,90,12.2
2005-06-13,9,6,240,12.7
2005-06-13,10,11,140,13.9
2005-06-13,11,9,140,16.8
2005-06-13,12,15,160,18
2005-06-13,13,17,150,16.4
2005-06-13,14,19,150,16.2
2005-06-13,15,17,160,17.5
2005-06-13,16,13,160,16.1
2005-06-13,17,4,250,16.6
2005-06-13,18,19,320,12.1
2005-06-13,19,17,310,10.3
2005-06-13,20,6,320,8.7
2005-06-13,21,6,340,8.4
2005-06-13,22,4,30,8.5
2005-06-13,23,7,280,7.6
2005-06-14,0,6,320,7.3
2005-06-14,1,0,NA,6.6
2005-06-14,2,4,40,5.8
2005-06-14,3,4,350,6.6
2005-06-14,4,0,NA,5.9
2005-06-14,5,0,NA,6.5
2005-06-14,6,0,NA,9.1
2005-06-14,7,0,NA,8.5
2005-06-14,8,4,300,9.6
2005-06-14,9,7,310,10.4
2005-06-14,10,6,320,11.7
2005-06-14,11,4,230,11.3
2005-06-14,12,15,100,10
2005-06-14,13,9,70,10.4
2005-06-14,14,4,270,11.2
2005-06-14,15,4,250,11.3
2005-06-14,16,4,300,11.5
2005-06-14,17,4,90,14.3
2005-06-14,18,6,250,13.6
2005-06-14,19,0,NA,13
2005-06-14,20,4,90,11
2005-06-14,21,4,210,10.1
2005-06-14,22,0,NA,9.6
2005-06-14,23,6,60,8.5
2005-06-15,0,0,NA,7.7
2005-06-15,1,7,60,7.4
2005-06-15,2,6,60,7.2
2005-06-15,3,4,50,8.3
2005-06-15,4,4,260,7.9
2005-06-15,5,11,300,7.4
2005-06-15,6,4,320,7.6
2005-06-15,7,0,NA,8.4
2005-06-15,8,0,NA,9
2005-06-15,9,4,320,11
2005-06-15,10,7,80,13.2
2005-06-15,11,6,60,14.1
2005-06-15,12,6,150,13.3
2005-06-15,13,4,170,16
2005-06-15,14,6,40,15.8
2005-06-15,15,22,320,14.3
2005-06-15,16,7,290,16.3
2005-06-15,17,9,310,17.6
2005-06-15,18,9,300,16.6
2005-06-15,19,6,310,13.8
2005-06-15,20,4,50,11.8
2005-06-15,21,0,NA,11.1
2005-06-15,22,6,340,10.9
2005-06-15,23,6,10,10.5
2005-06-16,0,4,310,9.6
2005-06-16,1,0,NA,8.9
2005-06-16,2,7,300,8.9
2005-06-16,3,0,NA,8.2
2005-06-16,4,0,NA,8.3
2005-06-16,5,4,60,8.4
2005-06-16,6,0,NA,9.4
2005-06-16,7,7,330,11.1
2005-06-16,8,9,300,12.6
2005-06-16,9,9,300,14.5
2005-06-16,10,13,310,15.5
2005-06-16,11,19,310,16.6
2005-06-16,12,17,300,18.5
2005-06-16,13,17,310,19.9
2005-06-16,14,7,320,19.5
2005-06-16,15,9,310,18.6
2005-06-16,16,6,260,19.3
2005-06-16,17,7,320,19.3
2005-06-16,18,4,340,18.6
2005-06-16,19,19,320,19.7
2005-06-16,20,22,330,19
2005-06-16,21,22,330,18
2005-06-16,22,19,280,16.9
2005-06-16,23,6,330,13.5
2005-06-17,0,6,290,12.9
2005-06-17,1,11,320,13.1
2005-06-17,2,7,340,12.8
2005-06-17,3,6,310,12.5
2005-06-17,4,13,330,12.5
2005-06-17,5,6,330,12.6
2005-06-17,6,9,340,12.4
2005-06-17,7,0,NA,12.3
2005-06-17,8,6,150,12.2
2005-06-17,9,4,260,12.1
2005-06-17,10,4,150,12.6
2005-06-17,11,4,200,13.3
2005-06-17,12,7,160,13.7
2005-06-17,13,13,150,13.5
2005-06-17,14,7,160,14.6
2005-06-17,15,7,160,14.2
2005-06-17,16,11,160,14.4
2005-06-17,17,4,70,14.8
2005-06-17,18,4,90,14
2005-06-17,19,6,190,12.9
2005-06-17,20,11,150,12.5
2005-06-17,21,4,130,11.9
2005-06-17,22,4,170,11.1
2005-06-17,23,4,70,10.9
2005-06-18,0,4,280,10.5
2005-06-18,1,6,90,10.6
2005-06-18,2,0,NA,10.2
2005-06-18,3,0,NA,9.8
2005-06-18,4,6,130,10
2005-06-18,5,4,300,10.2
2005-06-18,6,4,240,10.5
2005-06-18,7,0,NA,11.4
2005-06-18,8,0,NA,12.4
2005-06-18,9,7,160,14.2
2005-06-18,10,11,150,15.1
2005-06-18,11,9,130,17.3
2005-06-18,12,4,180,17.1
2005-06-18,13,7,320,15.5
2005-06-18,14,11,90,17.9
2005-06-18,15,9,160,17.7
2005-06-18,16,15,330,12.5
2005-06-18,17,0,NA,16.5
2005-06-18,18,0,NA,15.1
2005-06-18,19,6,90,13.7
2005-06-18,20,7,260,12.4
2005-06-18,21,4,300,11.3
2005-06-18,22,13,80,10.8
2005-06-18,23,9,100,10.4
2005-06-19,0,4,70,10.8
2005-06-19,1,0,NA,10.5
2005-06-19,2,6,260,10.1
2005-06-19,3,6,80,10.1
2005-06-19,4,0,NA,9.8
2005-06-19,5,7,90,10.4
2005-06-19,6,6,150,11.2
2005-06-19,7,4,210,13.2
2005-06-19,8,6,230,13
2005-06-19,9,4,260,14.7
2005-06-19,10,4,170,16.4
2005-06-19,11,4,260,18.3
2005-06-19,12,4,270,18.9
2005-06-19,13,4,290,20.2
2005-06-19,14,6,240,21.1
2005-06-19,15,13,320,19.8
2005-06-19,16,15,320,21.2
2005-06-19,17,15,310,21.3
2005-06-19,18,15,320,19.9
2005-06-19,19,13,310,19.1
2005-06-19,20,7,310,15.3
2005-06-19,21,6,10,15
2005-06-19,22,4,20,14.5
2005-06-19,23,4,350,14.2
2005-06-20,0,4,350,13.5
2005-06-20,1,0,NA,12.2
2005-06-20,2,4,70,10.4
2005-06-20,3,0,NA,10.8
2005-06-20,4,0,NA,9.9
2005-06-20,5,0,NA,10.9
2005-06-20,6,4,240,12.3
2005-06-20,7,9,310,13.8
2005-06-20,8,9,300,15.3
2005-06-20,9,7,290,17.4
2005-06-20,10,11,300,18.8
2005-06-20,11,11,300,19.9
2005-06-20,12,11,290,21.5
2005-06-20,13,4,280,23.7
2005-06-20,14,0,NA,26
2005-06-20,15,4,300,26.8
2005-06-20,16,0,NA,27.4
2005-06-20,17,4,260,27.4
2005-06-20,18,0,NA,27.7
2005-06-20,19,0,NA,26.4
2005-06-20,20,6,60,19.9
2005-06-20,21,6,360,20.6
2005-06-20,22,6,320,18.7
2005-06-20,23,0,NA,18.1
2005-06-21,0,0,NA,17.4
2005-06-21,1,4,20,16.5
2005-06-21,2,0,NA,15.4
2005-06-21,3,0,NA,13.7
2005-06-21,4,6,340,14.1
2005-06-21,5,6,60,13.9
2005-06-21,6,0,NA,15.6
2005-06-21,7,7,330,16.8
2005-06-21,8,9,310,18.9
2005-06-21,9,4,300,20.1
2005-06-21,10,7,290,21.4
2005-06-21,11,11,300,22.7
2005-06-21,12,6,280,24.4
2005-06-21,13,7,290,25.7
2005-06-21,14,0,NA,27.5
2005-06-21,15,4,290,29
2005-06-21,16,4,280,29.4
2005-06-21,17,0,NA,31.2
2005-06-21,18,0,NA,29.8
2005-06-21,19,6,100,26.4
2005-06-21,20,7,140,28.2
2005-06-21,21,19,190,28.9
2005-06-21,22,6,140,25.8
2005-06-21,23,9,140,24.6
2005-06-22,0,15,170,24.1
2005-06-22,1,15,150,22.7
2005-06-22,2,7,200,21.2
2005-06-22,3,6,200,20.2
2005-06-22,4,6,200,19.4
2005-06-22,5,4,270,19.2
2005-06-22,6,11,150,19.7
2005-06-22,7,11,170,20.5
2005-06-22,8,15,160,21.2
2005-06-22,9,15,160,21.7
2005-06-22,10,13,150,22.7
2005-06-22,11,9,130,24.6
2005-06-22,12,13,140,24.3
2005-06-22,13,11,190,24.2
2005-06-22,14,15,190,26.7
2005-06-22,15,19,200,26
2005-06-22,16,22,320,20.9
2005-06-22,17,22,330,19.9
2005-06-22,18,32,330,16.4
2005-06-22,19,26,330,15.4
2005-06-22,20,9,50,13.3
2005-06-22,21,4,100,13.9
2005-06-22,22,9,350,12.5
2005-06-22,23,6,120,12.2
2005-06-23,0,0,NA,11.8
2005-06-23,1,4,150,10.8
2005-06-23,2,7,280,10.9
2005-06-23,3,0,NA,10.3
2005-06-23,4,4,10,10.1
2005-06-23,5,0,NA,10
2005-06-23,6,7,290,11.6
2005-06-23,7,13,320,12.9
2005-06-23,8,9,300,14.3
2005-06-23,9,9,300,15.6
2005-06-23,10,13,290,16.8
2005-06-23,11,13,280,18.2
2005-06-23,12,9,280,20
2005-06-23,13,13,310,20.5
2005-06-23,14,28,320,19.1
2005-06-23,15,24,310,19.5
2005-06-23,16,20,310,20.6
2005-06-23,17,13,320,21.2
2005-06-23,18,15,310,20.5
2005-06-23,19,9,300,18.7
2005-06-23,20,7,340,16.6
2005-06-23,21,0,NA,14.7
2005-06-23,22,4,30,13.2
2005-06-23,23,0,NA,12.9
2005-06-24,0,4,40,12.1
2005-06-24,1,6,60,11.4
2005-06-24,2,0,NA,11.2
2005-06-24,3,0,NA,10.4
2005-06-24,4,6,70,9.7
2005-06-24,5,0,NA,10.6
2005-06-24,6,0,NA,12.8
2005-06-24,7,0,NA,12.9
2005-06-24,8,0,NA,13.7
2005-06-24,9,4,310,15
2005-06-24,10,4,300,16.1
2005-06-24,11,13,300,16.6
2005-06-24,12,13,300,15.4
2005-06-24,13,11,300,14.4
2005-06-24,14,6,270,17.5
2005-06-24,15,9,300,19.8
2005-06-24,16,13,310,19.1
2005-06-24,17,6,280,20.4
2005-06-24,18,7,260,19.6
2005-06-24,19,4,320,17.2
2005-06-24,20,4,30,15.7
2005-06-24,21,0,NA,14.2
2005-06-24,22,4,330,13.9
2005-06-24,23,17,310,13.8
2005-06-25,0,32,330,13.6
2005-06-25,1,32,330,12.5
2005-06-25,2,28,340,11.8
2005-06-25,3,22,320,12.5
2005-06-25,4,11,310,12.8
2005-06-25,5,15,290,10.9
2005-06-25,6,17,280,11
2005-06-25,7,11,290,11.2
2005-06-25,8,7,310,13.4
2005-06-25,9,11,290,15.2
2005-06-25,10,9,280,16.5
2005-06-25,11,13,310,17.9
2005-06-25,12,11,290,18.2
2005-06-25,13,9,280,20.3
2005-06-25,14,13,290,21.1
2005-06-25,15,9,290,22
2005-06-25,16,19,320,21.7
2005-06-25,17,17,320,21.5
2005-06-25,18,20,330,20.7
2005-06-25,19,15,300,19.4
2005-06-25,20,19,320,18.3
2005-06-25,21,15,320,16.8
2005-06-25,22,7,280,15
2005-06-25,23,7,330,15.1
2005-06-26,0,6,350,14.4
2005-06-26,1,4,20,13
2005-06-26,2,4,290,12.5
2005-06-26,3,0,NA,11.7
2005-06-26,4,4,60,10.8
2005-06-26,5,4,330,11.6
2005-06-26,6,6,330,13.2
2005-06-26,7,6,310,14.2
2005-06-26,8,6,280,15.9
2005-06-26,9,7,300,17.4
2005-06-26,10,6,300,19.2
2005-06-26,11,4,290,20.9
2005-06-26,12,0,NA,22.8
2005-06-26,13,4,260,24.2
2005-06-26,14,11,320,23.7
2005-06-26,15,0,NA,26.7
2005-06-26,16,0,NA,25.8
2005-06-26,17,7,280,26.1
2005-06-26,18,0,NA,25.6
2005-06-26,19,6,280,20.9
2005-06-26,20,6,50,19.9
2005-06-26,21,4,50,18.5
2005-06-26,22,4,50,19.3
2005-06-26,23,15,60,18.7
2005-06-27,0,4,40,18.4
2005-06-27,1,4,310,16.6
2005-06-27,2,4,360,17.1
2005-06-27,3,13,50,17.5
2005-06-27,4,11,60,16.9
2005-06-27,5,17,50,17.1
2005-06-27,6,17,60,14.4
2005-06-27,7,9,350,13.6
2005-06-27,8,6,320,14.3
2005-06-27,9,9,310,14.7
2005-06-27,10,11,320,14.1
2005-06-27,11,13,310,13.6
2005-06-27,12,13,320,14.1
2005-06-27,13,11,310,13.7
2005-06-27,14,11,320,13.9
2005-06-27,15,7,320,14
2005-06-27,16,11,300,13.5
2005-06-27,17,7,330,13.8
2005-06-27,18,6,290,13.6
2005-06-27,19,4,200,13.3
2005-06-27,20,0,NA,13.2
2005-06-27,21,4,180,13.1
2005-06-27,22,0,NA,12.7
2005-06-27,23,0,NA,12.7
2005-06-28,0,0,NA,12.6
2005-06-28,1,0,NA,12.4
2005-06-28,2,0,NA,12.3
2005-06-28,3,0,NA,12.2
2005-06-28,4,0,NA,12.1
2005-06-28,5,0,NA,12.2
2005-06-28,6,0,NA,12.6
2005-06-28,7,0,NA,13.2
2005-06-28,8,4,260,13.9
2005-06-28,9,4,330,14.8
2005-06-28,10,7,260,15.3
2005-06-28,11,6,260,15.8
2005-06-28,12,6,250,16.1
2005-06-28,13,11,330,15.4
2005-06-28,14,6,310,16.2
2005-06-28,15,6,280,16.4
2005-06-28,16,7,300,15.6
2005-06-28,17,7,330,14.4
2005-06-28,18,4,250,15.3
2005-06-28,19,0,NA,14.7
2005-06-28,20,0,NA,14.2
2005-06-28,21,0,NA,14
2005-06-28,22,0,NA,14.1
2005-06-28,23,0,NA,13.9
2005-06-29,0,0,NA,13.6
2005-06-29,1,4,60,13.7
2005-06-29,2,6,260,13.3
2005-06-29,3,7,80,13.2
2005-06-29,4,4,310,13
2005-06-29,5,0,NA,13.1
2005-06-29,6,0,NA,13.6
2005-06-29,7,0,NA,14.4
2005-06-29,8,0,NA,15.5
2005-06-29,9,0,NA,16.9
2005-06-29,10,4,240,18.2
2005-06-29,11,0,NA,19.2
2005-06-29,12,4,270,19.3
2005-06-29,13,6,270,20.5
2005-06-29,14,7,200,21.9
2005-06-29,15,6,200,20.4
2005-06-29,16,9,200,19.7
2005-06-29,17,6,170,19.4
2005-06-29,18,0,NA,20
2005-06-29,19,6,320,18.5
2005-06-29,20,4,260,16.6
2005-06-29,21,0,NA,15.7
2005-06-29,22,0,NA,14.8
2005-06-29,23,4,70,14.1
2005-06-30,0,6,60,13.3
2005-06-30,1,9,70,14
2005-06-30,2,11,60,14.1
2005-06-30,3,9,70,13.9
2005-06-30,4,7,70,14
2005-06-30,5,11,80,13.3
2005-06-30,6,4,80,15.7
2005-06-30,7,4,130,15.6
2005-06-30,8,0,NA,17.6
2005-06-30,9,4,230,18.9
2005-06-30,10,0,NA,20.8
2005-06-30,11,4,260,23
2005-06-30,12,13,180,23.6
2005-06-30,13,15,160,25.3
2005-06-30,14,7,170,25.8
2005-06-30,15,6,200,23
2005-06-30,16,9,90,21
2005-06-30,17,6,100,25.6
2005-06-30,18,0,NA,25
2005-06-30,19,11,70,22.2
2005-06-30,20,9,70,20
2005-06-30,21,13,70,18.8
2005-06-30,22,6,40,18.1
2005-06-30,23,0,NA,16.7
2005-07-01,0,6,250,16.5
2005-07-01,1,0,NA,15.7
2005-07-01,2,9,320,15.7
2005-07-01,3,6,40,14.5
2005-07-01,4,6,360,14.1
2005-07-01,5,4,340,14.7
2005-07-01,6,0,NA,15.4
2005-07-01,7,9,290,16.9
2005-07-01,8,4,260,18.2
2005-07-01,9,7,300,19.7
2005-07-01,10,6,290,20.8
2005-07-01,11,0,NA,22.7
2005-07-01,12,0,NA,22.6
2005-07-01,13,17,190,24.8
2005-07-01,14,15,200,25.5
2005-07-01,15,15,190,25.9
2005-07-01,16,9,230,25.3
2005-07-01,17,9,220,25.7
2005-07-01,18,7,200,24.1
2005-07-01,19,11,210,23.2
2005-07-01,20,9,160,20.9
2005-07-01,21,6,130,19.6
2005-07-01,22,4,70,18.5
2005-07-01,23,6,70,18.4
2005-07-02,0,6,50,17.4
2005-07-02,1,6,100,16.3
2005-07-02,2,7,90,15.5
2005-07-02,3,4,330,14.7
2005-07-02,4,6,80,13.6
2005-07-02,5,6,40,13.3
2005-07-02,6,0,NA,16.9
2005-07-02,7,0,NA,17.8
2005-07-02,8,9,160,18.4
2005-07-02,9,6,180,19
2005-07-02,10,11,320,17.8
2005-07-02,11,11,120,20.5
2005-07-02,12,19,170,21.4
2005-07-02,13,22,310,15.2
2005-07-02,14,9,40,14.2
2005-07-02,15,6,120,15
2005-07-02,16,7,90,11.6
2005-07-02,17,7,330,15.1
2005-07-02,18,4,40,16.4
2005-07-02,19,6,310,14.9
2005-07-02,20,7,70,11.3
2005-07-02,21,11,70,10.7
2005-07-02,22,9,50,10.7
2005-07-02,23,6,60,9.7
2005-07-03,0,6,60,9.6
2005-07-03,1,7,50,9.2
2005-07-03,2,6,50,8.7
2005-07-03,3,6,50,8.3
2005-07-03,4,0,NA,7.5
2005-07-03,5,4,40,7.6
2005-07-03,6,0,NA,9.7
2005-07-03,7,6,90,12.1
2005-07-03,8,4,210,13.1
2005-07-03,9,6,250,14.4
2005-07-03,10,6,240,16.5
2005-07-03,11,6,270,18.4
2005-07-03,12,4,260,19.6
2005-07-03,13,0,NA,21.3
2005-07-03,14,4,260,20.5
2005-07-03,15,6,280,20.1
2005-07-03,16,7,310,21.7
2005-07-03,17,9,310,19.9
2005-07-03,18,4,240,19.2
2005-07-03,19,0,NA,20
2005-07-03,20,4,290,17.3
2005-07-03,21,9,60,15.6
2005-07-03,22,6,60,14.8
2005-07-03,23,0,NA,15.1
2005-07-04,0,6,60,14
2005-07-04,1,4,40,13.8
2005-07-04,2,6,50,13.8
2005-07-04,3,7,50,13.4
2005-07-04,4,13,60,13
2005-07-04,5,9,60,13.1
2005-07-04,6,7,100,14.5
2005-07-04,7,0,NA,15.8
2005-07-04,8,4,230,17
2005-07-04,9,0,NA,18.5
2005-07-04,10,0,NA,20.5
2005-07-04,11,0,NA,22.2
2005-07-04,12,6,310,23.8
2005-07-04,13,0,NA,26.7
2005-07-04,14,4,250,26.2
2005-07-04,15,4,160,26.4
2005-07-04,16,7,170,27.9
2005-07-04,17,6,180,27.8
2005-07-04,18,4,220,24
2005-07-04,19,0,NA,22.9
2005-07-04,20,0,NA,20.6
2005-07-04,21,4,40,18.6
2005-07-04,22,4,10,18.6
2005-07-04,23,0,NA,17.9
2005-07-05,0,0,NA,16.9
2005-07-05,1,0,NA,16
2005-07-05,2,6,70,15.1
2005-07-05,3,7,60,14.6
2005-07-05,4,0,NA,13.8
2005-07-05,5,6,60,14.7
2005-07-05,6,0,NA,15.2
2005-07-05,7,9,90,17.7
2005-07-05,8,6,160,19
2005-07-05,9,0,NA,21.2
2005-07-05,10,4,160,22.8
2005-07-05,11,4,220,23.1
2005-07-05,12,6,150,26.3
2005-07-05,13,9,140,28.7
2005-07-05,14,13,150,29.3
2005-07-05,15,11,150,29.6
2005-07-05,16,9,170,29.4
2005-07-05,17,9,190,29.6
2005-07-05,18,7,200,27.8
2005-07-05,19,9,140,25.8
2005-07-05,20,6,110,23.9
2005-07-05,21,4,50,21.9
2005-07-05,22,0,NA,22.3
2005-07-05,23,7,90,20.9
2005-07-06,0,13,70,20.5
2005-07-06,1,11,70,20.5
2005-07-06,2,4,320,18.5
2005-07-06,3,0,NA,18.4
2005-07-06,4,7,60,17.3
2005-07-06,5,0,NA,17.2
2005-07-06,6,0,NA,20.6
2005-07-06,7,7,190,20.5
2005-07-06,8,11,190,20.6
2005-07-06,9,11,150,19.7
2005-07-06,10,15,160,20
2005-07-06,11,13,160,20.9
2005-07-06,12,11,160,21.7
2005-07-06,13,20,160,22.5
2005-07-06,14,19,300,19.1
2005-07-06,15,11,340,18
2005-07-06,16,4,80,19.1
2005-07-06,17,4,290,20.1
2005-07-06,18,6,70,20.3
2005-07-06,19,9,70,18.9
2005-07-06,20,6,60,17.1
2005-07-06,21,4,20,16.7
2005-07-06,22,4,290,15
2005-07-06,23,0,NA,14.8
2005-07-07,0,4,310,13.9
2005-07-07,1,0,NA,14.2
2005-07-07,2,0,NA,13.3
2005-07-07,3,4,90,12
2005-07-07,4,6,70,11.6
2005-07-07,5,7,90,12.1
2005-07-07,6,0,NA,14.4
2005-07-07,7,0,NA,15.5
2005-07-07,8,0,NA,17.6
2005-07-07,9,11,160,19.4
2005-07-07,10,6,150,21.3
2005-07-07,11,11,150,21.1
2005-07-07,12,11,160,23.2
2005-07-07,13,9,170,24.5
2005-07-07,14,13,150,23.7
2005-07-07,15,9,160,24.3
2005-07-07,16,11,160,23.5
2005-07-07,17,6,180,25
2005-07-07,18,6,160,24.2
2005-07-07,19,7,150,21.8
2005-07-07,20,4,40,18.6
2005-07-07,21,7,70,17
2005-07-07,22,7,50,16.8
2005-07-07,23,4,30,16.9
2005-07-08,0,4,40,15.9
2005-07-08,1,9,40,15
2005-07-08,2,19,60,14.1
2005-07-08,3,19,70,13.6
2005-07-08,4,17,70,12.9
2005-07-08,5,15,70,13.3
2005-07-08,6,17,70,14.6
2005-07-08,7,6,120,16.1
2005-07-08,8,4,160,17.4
2005-07-08,9,6,240,19.2
2005-07-08,10,6,210,22.9
2005-07-08,11,11,170,25.1
2005-07-08,12,9,160,26.8
2005-07-08,13,15,160,26.9
2005-07-08,14,11,190,26.4
2005-07-08,15,9,180,27.4
2005-07-08,16,11,210,26.2
2005-07-08,17,9,210,25.6
2005-07-08,18,9,240,24
2005-07-08,19,9,320,22.5
2005-07-08,20,28,320,17.9
2005-07-08,21,7,200,18.5
2005-07-08,22,9,320,15.8
2005-07-08,23,6,330,14.4
2005-07-09,0,6,280,14
2005-07-09,1,4,210,13.3
2005-07-09,2,9,290,13.2
2005-07-09,3,11,160,12.8
2005-07-09,4,7,130,12.8
2005-07-09,5,4,190,12.9
2005-07-09,6,6,200,12.9
2005-07-09,7,11,170,13.1
2005-07-09,8,13,160,13.5
2005-07-09,9,11,160,14.8
2005-07-09,10,4,90,15.2
2005-07-09,11,7,300,13.7
2005-07-09,12,9,120,16.8
2005-07-09,13,9,160,16.9
2005-07-09,14,11,160,19.2
2005-07-09,15,17,160,18.8
2005-07-09,16,15,160,18.7
2005-07-09,17,15,170,17.2
2005-07-09,18,9,180,16.7
2005-07-09,19,11,170,16.2
2005-07-09,20,4,70,15.1
2005-07-09,21,6,80,13.1
2005-07-09,22,11,80,13.6
2005-07-09,23,4,180,12.5
2005-07-10,0,0,NA,11.5
2005-07-10,1,0,NA,11.6
2005-07-10,2,4,310,12.1
2005-07-10,3,4,70,11.5
2005-07-10,4,0,NA,11.4
2005-07-10,5,6,80,11.3
2005-07-10,6,4,220,12.2
2005-07-10,7,4,80,11.3
2005-07-10,8,6,280,11.6
2005-07-10,9,9,310,12.3
2005-07-10,10,9,300,13.1
2005-07-10,11,7,300,13.3
2005-07-10,12,6,290,15.3
2005-07-10,13,7,270,15.8
2005-07-10,14,0,NA,15.8
2005-07-10,15,6,210,16.1
2005-07-10,16,4,160,16.4
2005-07-10,17,4,170,16
2005-07-10,18,6,280,16.7
2005-07-10,19,4,300,15.9
2005-07-10,20,0,NA,14.7
2005-07-10,21,4,150,14.1
2005-07-10,22,7,70,14
2005-07-10,23,6,80,14.1
2005-07-11,0,9,80,13.9
2005-07-11,1,7,70,14
2005-07-11,2,6,80,12.8
2005-07-11,3,4,90,12.8
2005-07-11,4,0,NA,12.6
2005-07-11,5,4,90,12.2
2005-07-11,6,11,80,13.7
2005-07-11,7,6,90,14.3
2005-07-11,8,4,90,16.3
2005-07-11,9,4,220,16.6
2005-07-11,10,4,240,17.4
2005-07-11,11,0,NA,18.8
2005-07-11,12,6,290,19.5
2005-07-11,13,0,NA,20.9
2005-07-11,14,4,260,22.5
2005-07-11,15,11,300,21.9
2005-07-11,16,6,280,24.3
2005-07-11,17,9,310,22.6
2005-07-11,18,6,280,22.3
2005-07-11,19,4,300,19.9
2005-07-11,20,4,350,17.7
2005-07-11,21,6,340,16.9
2005-07-11,22,7,330,16.5
2005-07-11,23,6,330,15.7
2005-07-12,0,6,350,15
2005-07-12,1,7,60,14.3
2005-07-12,2,0,NA,13.8
2005-07-12,3,4,90,12.9
2005-07-12,4,4,340,13
2005-07-12,5,6,10,13.1
2005-07-12,6,4,270,14.4
2005-07-12,7,4,200,15.9
2005-07-12,8,6,150,17.8
2005-07-12,9,4,190,19.8
2005-07-12,10,4,170,22.3
2005-07-12,11,0,NA,24.7
2005-07-12,12,13,140,24.6
2005-07-12,13,11,160,27.7
2005-07-12,14,11,220,28.9
2005-07-12,15,6,210,29.4
2005-07-12,16,4,180,29.7
2005-07-12,17,9,180,28.6
2005-07-12,18,11,170,27.3
2005-07-12,19,9,180,25.5
2005-07-12,20,6,60,21.4
2005-07-12,21,9,60,20.6
2005-07-12,22,13,70,19.1
2005-07-12,23,11,60,18.6
2005-07-13,0,9,50,18.3
2005-07-13,1,17,70,17.6
2005-07-13,2,15,70,16.9
2005-07-13,3,13,70,16
2005-07-13,4,13,60,15.6
2005-07-13,5,4,30,14.7
2005-07-13,6,7,60,17.1
2005-07-13,7,6,130,18.6
2005-07-13,8,4,120,20.1
2005-07-13,9,4,110,22.3
2005-07-13,10,9,140,24.5
2005-07-13,11,9,180,25.5
2005-07-13,12,17,190,26.4
2005-07-13,13,13,190,25.2
2005-07-13,14,7,220,24.9
2005-07-13,15,17,240,27.9
2005-07-13,16,19,270,26.8
2005-07-13,17,13,270,26.5
2005-07-13,18,13,260,25.6
2005-07-13,19,9,270,24
2005-07-13,20,6,310,21.4
2005-07-13,21,9,320,20.1
2005-07-13,22,9,340,17.8
2005-07-13,23,7,40,16.4
2005-07-14,0,6,60,15.5
2005-07-14,1,6,20,16
2005-07-14,2,4,330,15.2
2005-07-14,3,7,50,13.1
2005-07-14,4,7,60,12.7
2005-07-14,5,6,50,12.7
2005-07-14,6,0,NA,14.9
2005-07-14,7,0,NA,15.4
2005-07-14,8,4,250,17.3
2005-07-14,9,0,NA,19.5
2005-07-14,10,4,290,20.9
2005-07-14,11,4,290,22.9
2005-07-14,12,0,NA,24.2
2005-07-14,13,6,280,25.3
2005-07-14,14,6,290,27.4
2005-07-14,15,6,300,27
2005-07-14,16,6,300,27.7
2005-07-14,17,6,300,27
2005-07-14,18,6,300,27.4
2005-07-14,19,4,250,25
2005-07-14,20,4,10,21.3
2005-07-14,21,7,50,19.3
2005-07-14,22,6,40,19.1
2005-07-14,23,6,60,18.3
2005-07-15,0,4,290,17.6
2005-07-15,1,4,350,17.6
2005-07-15,2,4,40,16.1
2005-07-15,3,6,60,14.9
2005-07-15,4,6,60,14.3
2005-07-15,5,0,NA,13.6
2005-07-15,6,0,NA,15.3
2005-07-15,7,0,NA,17.4
2005-07-15,8,4,130,19.1
2005-07-15,9,0,NA,21.1
2005-07-15,10,0,NA,23.5
2005-07-15,11,4,250,24.1
2005-07-15,12,0,NA,26.4
2005-07-15,13,4,180,29.1
2005-07-15,14,9,170,28.1
2005-07-15,15,9,190,28.6
2005-07-15,16,6,290,29.2
2005-07-15,17,11,330,25.4
2005-07-15,18,35,330,21.6
2005-07-15,19,24,330,21.8
2005-07-15,20,24,340,19.7
2005-07-15,21,19,330,20.3
2005-07-15,22,7,270,18.2
2005-07-15,23,11,320,17.6
2005-07-16,0,15,320,17.9
2005-07-16,1,15,320,16.9
2005-07-16,2,17,320,17
2005-07-16,3,11,320,17
2005-07-16,4,17,320,16.4
2005-07-16,5,9,300,15.7
2005-07-16,6,15,330,16.1
2005-07-16,7,7,310,15.5
2005-07-16,8,0,NA,16.9
2005-07-16,9,6,280,19.6
2005-07-16,10,9,270,17.8
2005-07-16,11,7,270,17.8
2005-07-16,12,4,320,21.4
2005-07-16,13,19,330,21.4
2005-07-16,14,19,310,20.8
2005-07-16,15,30,330,20.1
2005-07-16,16,26,320,20.2
2005-07-16,17,28,330,20.8
2005-07-16,18,20,330,19.3
2005-07-16,19,9,310,18.4
2005-07-16,20,4,210,16.7
2005-07-16,21,4,230,15.9
2005-07-16,22,0,NA,15.5
2005-07-16,23,0,NA,14.1
2005-07-17,0,7,60,13.2
2005-07-17,1,6,90,12.8
2005-07-17,2,7,60,12.7
2005-07-17,3,7,60,12
2005-07-17,4,9,60,11.8
2005-07-17,5,6,50,12.2
2005-07-17,6,0,NA,13
2005-07-17,7,0,NA,14.9
2005-07-17,8,4,220,16.7
2005-07-17,9,4,230,18.5
2005-07-17,10,4,250,20.5
2005-07-17,11,6,280,22.3
2005-07-17,12,4,250,23.7
2005-07-17,13,6,240,25.7
2005-07-17,14,0,NA,27.5
2005-07-17,15,6,190,27.4
2005-07-17,16,6,170,28.2
2005-07-17,17,7,160,27.1
2005-07-17,18,6,210,26.9
2005-07-17,19,4,260,25.3
2005-07-17,20,4,340,21.3
2005-07-17,21,9,60,18.6
2005-07-17,22,7,60,18.3
2005-07-17,23,6,60,18
2005-07-18,0,6,50,17.4
2005-07-18,1,7,60,16.8
2005-07-18,2,6,50,15.9
2005-07-18,3,7,60,15
2005-07-18,4,13,70,14.5
2005-07-18,5,11,60,14.2
2005-07-18,6,6,60,16.2
2005-07-18,7,4,170,17.3
2005-07-18,8,4,230,18.8
2005-07-18,9,0,NA,20.9
2005-07-18,10,4,270,22.4
2005-07-18,11,4,320,25.2
2005-07-18,12,11,170,28.7
2005-07-18,13,15,180,29.6
2005-07-18,14,15,190,31.2
2005-07-18,15,13,190,30.9
2005-07-18,16,11,200,31.9
2005-07-18,17,9,180,31.6
2005-07-18,18,13,180,30.4
2005-07-18,19,13,150,27.7
2005-07-18,20,7,160,25.9
2005-07-18,21,11,170,25.2
2005-07-18,22,4,60,23.7
2005-07-18,23,7,60,21.9
2005-07-19,0,7,70,20
2005-07-19,1,7,60,18.2
2005-07-19,2,9,60,17.4
2005-07-19,3,9,60,16.6
2005-07-19,4,7,60,16
2005-07-19,5,9,60,15.3
2005-07-19,6,6,70,18.3
2005-07-19,7,0,NA,19.8
2005-07-19,8,0,NA,21
2005-07-19,9,4,230,22.7
2005-07-19,10,9,300,24.6
2005-07-19,11,9,290,25.7
2005-07-19,12,4,300,27.5
2005-07-19,13,6,290,27.4
2005-07-19,14,9,310,29.7
2005-07-19,15,6,290,29.8
2005-07-19,16,6,290,30.8
2005-07-19,17,7,310,29.8
2005-07-19,18,9,320,28.8
2005-07-19,19,9,320,27.1
2005-07-19,20,7,330,21.9
2005-07-19,21,9,40,20.4
2005-07-19,22,6,340,21
2005-07-19,23,4,50,20.1
2005-07-20,0,0,NA,18.5
2005-07-20,1,6,50,17.1
2005-07-20,2,0,NA,16.2
2005-07-20,3,7,50,15.9
2005-07-20,4,4,20,14.8
2005-07-20,5,0,NA,13.4
2005-07-20,6,6,60,16.7
2005-07-20,7,0,NA,16.9
2005-07-20,8,4,140,19.3
2005-07-20,9,0,NA,21.6
2005-07-20,10,6,260,23.1
2005-07-20,11,9,180,27
2005-07-20,12,13,160,28.8
2005-07-20,13,11,170,29.9
2005-07-20,14,11,190,30.3
2005-07-20,15,15,190,30.6
2005-07-20,16,15,190,30.6
2005-07-20,17,9,210,30.3
2005-07-20,18,6,210,29.6
2005-07-20,19,0,NA,27.7
2005-07-20,20,7,70,21.7
2005-07-20,21,11,70,21.2
2005-07-20,22,11,50,21
2005-07-20,23,6,50,20.3
2005-07-21,0,7,60,19.3
2005-07-21,1,6,10,18.4
2005-07-21,2,7,50,16.9
2005-07-21,3,7,70,15.7
2005-07-21,4,4,360,15.2
2005-07-21,5,0,NA,14.3
2005-07-21,6,0,NA,15.9
2005-07-21,7,0,NA,18.2
2005-07-21,8,0,NA,19.5
2005-07-21,9,0,NA,21.5
2005-07-21,10,0,NA,23.5
2005-07-21,11,4,250,25.5
2005-07-21,12,4,270,27.7
2005-07-21,13,0,NA,29.6
2005-07-21,14,0,NA,31.2
2005-07-21,15,4,290,32.6
2005-07-21,16,6,230,32.8
2005-07-21,17,0,NA,33
2005-07-21,18,0,NA,32.8
2005-07-21,19,4,40,27.1
2005-07-21,20,9,60,22.7
2005-07-21,21,6,60,23.7
2005-07-21,22,6,10,22.5
2005-07-21,23,4,330,21.2
2005-07-22,0,4,60,20.3
2005-07-22,1,6,10,20.5
2005-07-22,2,4,200,18.7
2005-07-22,3,7,120,18
2005-07-22,4,6,20,18.1
2005-07-22,5,0,NA,17.7
2005-07-22,6,6,90,17.6
2005-07-22,7,4,230,17.4
2005-07-22,8,4,190,16.8
2005-07-22,9,0,NA,18.5
2005-07-22,10,11,50,18.5
2005-07-22,11,24,90,17.2
2005-07-22,12,4,60,16.5
2005-07-22,13,11,100,18.1
2005-07-22,14,11,100,18.7
2005-07-22,15,0,NA,20.4
2005-07-22,16,9,70,19.7
2005-07-22,17,4,260,19.6
2005-07-22,18,0,NA,20.3
2005-07-22,19,4,240,19.4
2005-07-22,20,6,210,19.7
2005-07-22,21,4,250,17.8
2005-07-22,22,4,80,17.2
2005-07-22,23,7,280,17.7
2005-07-23,0,9,320,16.2
2005-07-23,1,7,50,14
2005-07-23,2,6,350,13.7
2005-07-23,3,6,70,12.5
2005-07-23,4,6,70,12.3
2005-07-23,5,9,70,12.1
2005-07-23,6,6,70,15.2
2005-07-23,7,7,80,17
2005-07-23,8,4,270,18
2005-07-23,9,4,280,20
2005-07-23,10,4,250,22.7
2005-07-23,11,7,200,24.3
2005-07-23,12,7,200,23.8
2005-07-23,13,6,220,25.4
2005-07-23,14,13,210,26.9
2005-07-23,15,9,230,27.6
2005-07-23,16,11,250,27.9
2005-07-23,17,9,260,27.5
2005-07-23,18,9,290,26.8
2005-07-23,19,4,260,24.5
2005-07-23,20,7,40,19.8
2005-07-23,21,9,60,18.4
2005-07-23,22,7,50,18.3
2005-07-23,23,6,40,17.8
2005-07-24,0,6,30,16.8
2005-07-24,1,20,60,16
2005-07-24,2,19,70,15.5
2005-07-24,3,19,70,14.6
2005-07-24,4,6,50,13.5
2005-07-24,5,6,10,12.1
2005-07-24,6,0,NA,13.8
2005-07-24,7,4,220,15.3
2005-07-24,8,9,310,17.7
2005-07-24,9,11,300,20
2005-07-24,10,11,310,21.8
2005-07-24,11,19,310,22.2
2005-07-24,12,20,320,24.3
2005-07-24,13,20,330,25.3
2005-07-24,14,15,310,26.4
2005-07-24,15,19,320,26.5
2005-07-24,16,19,320,26.3
2005-07-24,17,17,320,26.1
2005-07-24,18,15,320,24.5
2005-07-24,19,11,310,22.5
2005-07-24,20,11,320,20.7
2005-07-24,21,17,310,20.3
2005-07-24,22,9,300,18.5
2005-07-24,23,11,320,19
2005-07-25,0,7,290,17.2
2005-07-25,1,4,10,16.7
2005-07-25,2,6,20,16
2005-07-25,3,4,120,14.4
2005-07-25,4,0,NA,13.9
2005-07-25,5,6,350,14.2
2005-07-25,6,0,NA,14.1
2005-07-25,7,6,140,15.8
2005-07-25,8,11,300,18.3
2005-07-25,9,11,300,20
2005-07-25,10,13,320,21.5
2005-07-25,11,9,310,22.9
2005-07-25,12,0,NA,25.2
2005-07-25,13,4,300,25.7
2005-07-25,14,7,290,26.5
2005-07-25,15,7,280,27.2
2005-07-25,16,9,300,27.3
2005-07-25,17,7,260,26.4
2005-07-25,18,4,320,24.3
2005-07-25,19,4,40,22
2005-07-25,20,9,60,18.2
2005-07-25,21,9,60,18
2005-07-25,22,7,60,17.3
2005-07-25,23,4,360,17.1
2005-07-26,0,6,40,16.1
2005-07-26,1,6,50,14.7
2005-07-26,2,6,50,14
2005-07-26,3,0,NA,13.3
2005-07-26,4,6,50,12.7
2005-07-26,5,6,30,12.1
2005-07-26,6,0,NA,14.3
2005-07-26,7,0,NA,15
2005-07-26,8,0,NA,17.4
2005-07-26,9,4,260,19.3
2005-07-26,10,4,290,21.2
2005-07-26,11,4,320,22.9
2005-07-26,12,4,290,25
2005-07-26,13,7,260,25.6
2005-07-26,14,7,280,26.9
2005-07-26,15,0,NA,28.4
2005-07-26,16,9,300,27.9
2005-07-26,17,0,NA,28.1
2005-07-26,18,0,NA,27.6
2005-07-26,19,13,320,23.9
2005-07-26,20,6,10,20.3
2005-07-26,21,4,40,19.3
2005-07-26,22,6,40,19
2005-07-26,23,4,330,18.7
2005-07-27,0,0,NA,18.4
2005-07-27,1,6,70,16.8
2005-07-27,2,0,NA,15.9
2005-07-27,3,6,60,15.1
2005-07-27,4,4,30,14.9
2005-07-27,5,0,NA,13
2005-07-27,6,0,NA,15.9
2005-07-27,7,0,NA,17
2005-07-27,8,0,NA,19.9
2005-07-27,9,4,240,20.9
2005-07-27,10,4,250,22.7
2005-07-27,11,0,NA,24.9
2005-07-27,12,4,260,26.1
2005-07-27,13,0,NA,28
2005-07-27,14,4,310,29.6
2005-07-27,15,6,300,30
2005-07-27,16,6,290,30.8
2005-07-27,17,7,290,30.2
2005-07-27,18,6,270,27.2
2005-07-27,19,0,NA,25.6
2005-07-27,20,7,60,22.1
2005-07-27,21,6,50,22.2
2005-07-27,22,4,60,21.5
2005-07-27,23,6,360,22
2005-07-28,0,4,10,20.4
2005-07-28,1,4,250,18.9
2005-07-28,2,4,40,17.5
2005-07-28,3,6,70,16.8
2005-07-28,4,7,70,16.3
2005-07-28,5,6,40,15.7
2005-07-28,6,0,NA,16.7
2005-07-28,7,4,200,18.1
2005-07-28,8,7,120,20.8
2005-07-28,9,4,110,23.6
2005-07-28,10,4,270,25
2005-07-28,11,4,270,26.9
2005-07-28,12,6,270,28.8
2005-07-28,13,4,280,31.3
2005-07-28,14,0,NA,33.2
2005-07-28,15,9,190,34.3
2005-07-28,16,6,260,34.9
2005-07-28,17,7,200,33.7
2005-07-28,18,0,NA,33.2
2005-07-28,19,4,50,27.4
2005-07-28,20,11,60,24.4
2005-07-28,21,13,70,24.7
2005-07-28,22,6,350,23.6
2005-07-28,23,0,NA,22.3
2005-07-29,0,7,60,21
2005-07-29,1,7,50,20.3
2005-07-29,2,7,60,19.6
2005-07-29,3,6,50,17.6
2005-07-29,4,6,50,16.6
2005-07-29,5,7,60,16.5
2005-07-29,6,7,60,18.3
2005-07-29,7,0,NA,18.6
2005-07-29,8,6,120,21.6
2005-07-29,9,4,260,23.5
2005-07-29,10,0,NA,25.5
2005-07-29,11,0,NA,27.1
2005-07-29,12,0,NA,31.1
2005-07-29,13,13,190,32.5
2005-07-29,14,11,210,33
2005-07-29,15,9,200,31.2
2005-07-29,16,4,270,32.9
2005-07-29,17,6,260,32.6
2005-07-29,18,0,NA,31.7
2005-07-29,19,0,NA,28.3
2005-07-29,20,9,50,23.4
2005-07-29,21,13,70,22.8
2005-07-29,22,9,60,22.2
2005-07-29,23,7,50,21.3
2005-07-30,0,11,60,20.5
2005-07-30,1,6,60,18.2
2005-07-30,2,4,20,18.6
2005-07-30,3,9,70,17.4
2005-07-30,4,6,60,16.4
2005-07-30,5,7,60,16.1
2005-07-30,6,0,NA,18.2
2005-07-30,7,0,NA,18.5
2005-07-30,8,4,260,20.6
2005-07-30,9,0,NA,22.9
2005-07-30,10,0,NA,25.4
2005-07-30,11,0,NA,27.1
2005-07-30,12,0,NA,30.5
2005-07-30,13,9,200,32.5
2005-07-30,14,6,190,33.8
2005-07-30,15,7,260,33.4
2005-07-30,16,11,190,33.5
2005-07-30,17,7,210,33.1
2005-07-30,18,6,240,31.8
2005-07-30,19,0,NA,28.6
2005-07-30,20,9,50,24.1
2005-07-30,21,7,70,23.4
2005-07-30,22,7,50,22.5
2005-07-30,23,4,20,21.6
2005-07-31,0,7,40,20.8
2005-07-31,1,17,70,20
2005-07-31,2,19,70,19.3
2005-07-31,3,11,60,18.1
2005-07-31,4,15,60,17.2
2005-07-31,5,9,60,16.4
2005-07-31,6,17,80,17.8
2005-07-31,7,9,80,19.7
2005-07-31,8,4,170,21.3
2005-07-31,9,0,NA,23.4
2005-07-31,10,0,NA,25
2005-07-31,11,4,240,27.4
2005-07-31,12,0,NA,30.2
2005-07-31,13,6,150,33.7
2005-07-31,14,6,170,34.8
2005-07-31,15,9,200,34.8
2005-07-31,16,9,190,34.5
2005-07-31,17,7,200,34.4
2005-07-31,18,4,200,33.2
2005-07-31,19,4,90,28.7
2005-07-31,20,11,70,25
2005-07-31,21,9,60,25.4
2005-07-31,22,7,60,24.2
2005-07-31,23,9,60,23.4
2005-08-01,0,17,60,22.8
2005-08-01,1,19,60,22.3
2005-08-01,2,17,70,21.5
2005-08-01,3,17,70,19.5
2005-08-01,4,9,70,19.3
2005-08-01,5,15,70,18.6
2005-08-01,6,9,70,20.6
2005-08-01,7,13,80,21
2005-08-01,8,0,NA,21.6
2005-08-01,9,6,240,20.8
2005-08-01,10,4,190,26.1
2005-08-01,11,15,160,29
2005-08-01,12,15,150,30.3
2005-08-01,13,9,230,27.2
2005-08-01,14,6,180,26.5
2005-08-01,15,6,200,27.5
2005-08-01,16,11,230,27
2005-08-01,17,13,220,28.2
2005-08-01,18,7,230,26.5
2005-08-01,19,7,160,24.7
2005-08-01,20,7,150,24
2005-08-01,21,19,320,21
2005-08-01,22,19,330,20.7
2005-08-01,23,4,20,19.8
2005-08-02,0,9,10,19.1
2005-08-02,1,6,320,17.3
2005-08-02,2,4,280,16.5
2005-08-02,3,7,360,16.2
2005-08-02,4,6,300,14.9
2005-08-02,5,9,330,15.3
2005-08-02,6,13,320,16.5
2005-08-02,7,7,320,17.3
2005-08-02,8,11,300,19.1
2005-08-02,9,17,320,20
2005-08-02,10,15,300,21.7
2005-08-02,11,11,300,23.5
2005-08-02,12,15,300,25.2
2005-08-02,13,13,310,26.3
2005-08-02,14,19,320,26.9
2005-08-02,15,19,330,26.6
2005-08-02,16,13,330,27
2005-08-02,17,19,320,26.2
2005-08-02,18,7,280,25.8
2005-08-02,19,11,320,23.4
2005-08-02,20,9,320,20.6
2005-08-02,21,4,80,19.7
2005-08-02,22,6,50,17.6
2005-08-02,23,7,60,16.2
2005-08-03,0,7,70,15.4
2005-08-03,1,9,70,14.7
2005-08-03,2,9,60,14.4
2005-08-03,3,7,70,13.7
2005-08-03,4,9,60,12.8
2005-08-03,5,7,60,12.7
2005-08-03,6,7,60,14.6
2005-08-03,7,0,NA,16.2
2005-08-03,8,7,300,17.8
2005-08-03,9,6,290,19.5
2005-08-03,10,7,280,21.8
2005-08-03,11,9,310,23.6
2005-08-03,12,6,290,25.4
2005-08-03,13,4,310,26.7
2005-08-03,14,6,310,27.8
2005-08-03,15,9,300,28.3
2005-08-03,16,9,300,28.1
2005-08-03,17,7,300,28.6
2005-08-03,18,6,260,27.3
2005-08-03,19,0,NA,23.7
2005-08-03,20,7,50,20.5
2005-08-03,21,7,40,19.8
2005-08-03,22,6,360,19.3
2005-08-03,23,6,340,19.1
2005-08-04,0,4,10,18.2
2005-08-04,1,0,NA,16.4
2005-08-04,2,4,40,15.3
2005-08-04,3,6,50,14.2
2005-08-04,4,6,60,13.6
2005-08-04,5,6,60,13.1
2005-08-04,6,0,NA,15.2
2005-08-04,7,0,NA,16.2
2005-08-04,8,4,280,18.3
2005-08-04,9,7,300,20.3
2005-08-04,10,6,290,22.2
2005-08-04,11,4,310,24.2
2005-08-04,12,0,NA,26.4
2005-08-04,13,4,260,28.1
2005-08-04,14,0,NA,30
2005-08-04,15,0,NA,30.8
2005-08-04,16,0,NA,32.5
2005-08-04,17,0,NA,32.5
2005-08-04,18,0,NA,31
2005-08-04,19,4,330,24.8
2005-08-04,20,9,60,22.9
2005-08-04,21,9,60,21.7
2005-08-04,22,9,60,20.2
2005-08-04,23,4,310,20.1
2005-08-05,0,6,10,20.2
2005-08-05,1,6,10,19.3
2005-08-05,2,6,70,16.9
2005-08-05,3,7,60,16.3
2005-08-05,4,7,60,15.6
2005-08-05,5,0,NA,15.1
2005-08-05,6,0,NA,16.3
2005-08-05,7,0,NA,17.3
2005-08-05,8,4,260,18.3
2005-08-05,9,4,240,21.2
2005-08-05,10,0,NA,23.8
2005-08-05,11,0,NA,26.2
2005-08-05,12,0,NA,28.7
2005-08-05,13,4,280,30
2005-08-05,14,6,300,31.1
2005-08-05,15,4,300,32.8
2005-08-05,16,6,300,32.2
2005-08-05,17,4,250,31.3
2005-08-05,18,0,NA,29.6
2005-08-05,19,6,350,27
2005-08-05,20,7,50,23.9
2005-08-05,21,9,50,24
2005-08-05,22,6,10,23.7
2005-08-05,23,4,300,21.2
2005-08-06,0,4,70,20.4
2005-08-06,1,4,10,20.5
2005-08-06,2,7,70,17.8
2005-08-06,3,7,60,17.2
2005-08-06,4,7,60,16.3
2005-08-06,5,7,50,15.3
2005-08-06,6,4,290,15.2
2005-08-06,7,0,NA,18.3
2005-08-06,8,4,140,20.1
2005-08-06,9,4,230,22.4
2005-08-06,10,0,NA,25.5
2005-08-06,11,0,NA,28.3
2005-08-06,12,0,NA,30.2
2005-08-06,13,4,170,33.9
2005-08-06,14,7,150,34.3
2005-08-06,15,7,150,34.4
2005-08-06,16,11,190,34.4
2005-08-06,17,11,200,33.9
2005-08-06,18,9,200,32.6
2005-08-06,19,6,80,27.9
2005-08-06,20,6,50,25.4
2005-08-06,21,9,70,23.4
2005-08-06,22,7,60,23.5
2005-08-06,23,17,60,23.3
2005-08-07,0,13,60,21.9
2005-08-07,1,7,60,20.5
2005-08-07,2,6,60,18.9
2005-08-07,3,6,50,18.6
2005-08-07,4,7,50,17.7
2005-08-07,5,9,60,17.4
2005-08-07,6,4,330,17.3
2005-08-07,7,0,NA,18.8
2005-08-07,8,0,NA,21.6
2005-08-07,9,4,280,23.4
2005-08-07,10,4,220,25.2
2005-08-07,11,6,280,27
2005-08-07,12,6,300,29
2005-08-07,13,0,NA,31.4
2005-08-07,14,4,260,33.3
2005-08-07,15,6,240,33.7
2005-08-07,16,6,250,33.3
2005-08-07,17,0,NA,32.1
2005-08-07,18,0,NA,32.3
2005-08-07,19,6,60,26.1
2005-08-07,20,11,70,23.6
2005-08-07,21,9,60,22.9
2005-08-07,22,7,50,23.2
2005-08-07,23,6,360,23.3
2005-08-08,0,0,NA,20.3
2005-08-08,1,6,60,19.3
2005-08-08,2,4,40,19.5
2005-08-08,3,7,60,18.1
2005-08-08,4,7,50,17.2
2005-08-08,5,7,70,16.2
2005-08-08,6,0,NA,17.4
2005-08-08,7,0,NA,19
2005-08-08,8,0,NA,21.4
2005-08-08,9,0,NA,23.1
2005-08-08,10,4,280,25.3
2005-08-08,11,0,NA,26.7
2005-08-08,12,4,290,28.4
2005-08-08,13,7,280,29.5
2005-08-08,14,11,290,29.6
2005-08-08,15,11,300,30.1
2005-08-08,16,11,280,30
2005-08-08,17,7,280,29.6
2005-08-08,18,15,310,29.1
2005-08-08,19,11,310,26.1
2005-08-08,20,4,360,22.7
2005-08-08,21,6,60,22.1
2005-08-08,22,6,30,21.2
2005-08-08,23,0,NA,20.7
2005-08-09,0,0,NA,21
2005-08-09,1,4,110,19.1
2005-08-09,2,9,40,20.5
2005-08-09,3,6,350,20.2
2005-08-09,4,6,310,18.6
2005-08-09,5,4,330,18.5
2005-08-09,6,4,290,18.6
2005-08-09,7,0,NA,20.1
2005-08-09,8,6,270,21.3
2005-08-09,9,0,NA,23.6
2005-08-09,10,4,310,25.5
2005-08-09,11,4,290,27.4
2005-08-09,12,6,270,28.5
2005-08-09,13,6,310,25.5
2005-08-09,14,4,340,22.7
2005-08-09,15,4,190,24.1
2005-08-09,16,13,80,23.5
2005-08-09,17,9,130,23.5
2005-08-09,18,13,60,26.3
2005-08-09,19,11,60,23.6
2005-08-09,20,15,70,20
2005-08-09,21,15,80,18.2
2005-08-09,22,13,60,19
2005-08-09,23,17,340,19.6
2005-08-10,0,9,360,19.5
2005-08-10,1,6,210,17.7
2005-08-10,2,9,60,17.2
2005-08-10,3,13,310,15.5
2005-08-10,4,19,80,14.9
2005-08-10,5,7,300,14.5
2005-08-10,6,0,NA,16.2
2005-08-10,7,6,100,17.9
2005-08-10,8,11,100,19.7
2005-08-10,9,4,250,22
2005-08-10,10,0,NA,23.5
2005-08-10,11,6,260,24.8
2005-08-10,12,0,NA,27.7
2005-08-10,13,9,320,25.4
2005-08-10,14,6,300,22.9
2005-08-10,15,17,310,22.8
2005-08-10,16,4,310,23.9
2005-08-10,17,9,90,21.6
2005-08-10,18,6,300,20.5
2005-08-10,19,15,50,18.2
2005-08-10,20,11,40,17.8
2005-08-10,21,7,10,16.6
2005-08-10,22,9,40,17.9
2005-08-10,23,6,50,15.7
2005-08-11,0,0,NA,15.4
2005-08-11,1,6,350,16.1
2005-08-11,2,4,50,14.4
2005-08-11,3,13,50,15.5
2005-08-11,4,7,50,14.7
2005-08-11,5,4,360,14.8
2005-08-11,6,6,220,14
2005-08-11,7,0,NA,15.9
2005-08-11,8,7,50,18.2
2005-08-11,9,0,NA,21
2005-08-11,10,0,NA,22.6
2005-08-11,11,6,230,23.6
2005-08-11,12,4,180,25.8
2005-08-11,13,7,240,24.7
2005-08-11,14,7,170,23.6
2005-08-11,15,4,130,25.3
2005-08-11,16,0,NA,26.8
2005-08-11,17,6,240,26.5
2005-08-11,18,4,230,25.3
2005-08-11,19,9,60,20.7
2005-08-11,20,11,50,19.7
2005-08-11,21,13,70,18.8
2005-08-11,22,11,60,18.2
2005-08-11,23,11,50,17.2
2005-08-12,0,4,350,16.1
2005-08-12,1,0,NA,15.3
2005-08-12,2,11,60,17.2
2005-08-12,3,24,80,17.1
2005-08-12,4,17,80,16.4
2005-08-12,5,6,30,14.9
2005-08-12,6,4,250,14.4
2005-08-12,7,4,250,16.1
2005-08-12,8,4,260,17.9
2005-08-12,9,6,120,21.1
2005-08-12,10,6,200,22.7
2005-08-12,11,13,200,23.3
2005-08-12,12,26,50,18.9
2005-08-12,13,28,50,17
2005-08-12,14,19,40,14.1
2005-08-12,15,6,310,13.2
2005-08-12,16,6,280,16.3
2005-08-12,17,7,280,18
2005-08-12,18,7,290,17.5
2005-08-12,19,7,70,13.1
2005-08-12,20,4,360,13
2005-08-12,21,6,320,11.5
2005-08-12,22,6,120,10.9
2005-08-12,23,7,10,12
2005-08-13,0,4,130,9.4
2005-08-13,1,6,30,9.8
2005-08-13,2,6,350,9.9
2005-08-13,3,4,30,8.9
2005-08-13,4,4,350,8.3
2005-08-13,5,4,10,7.6
2005-08-13,6,4,20,9.2
2005-08-13,7,0,NA,10.9
2005-08-13,8,4,260,13
2005-08-13,9,4,310,15.8
2005-08-13,10,4,240,17.7
2005-08-13,11,0,NA,20.3
2005-08-13,12,4,140,21.6
2005-08-13,13,4,120,23.2
2005-08-13,14,4,180,24.6
2005-08-13,15,7,240,25.1
2005-08-13,16,7,290,25.2
2005-08-13,17,7,290,23.5
2005-08-13,18,6,310,21.9
2005-08-13,19,7,330,18.7
2005-08-13,20,9,70,16.2
2005-08-13,21,9,60,16
2005-08-13,22,6,50,16.3
2005-08-13,23,0,NA,15.7
2005-08-14,0,4,40,13.9
2005-08-14,1,9,40,14.2
2005-08-14,2,11,60,13.4
2005-08-14,3,11,50,13.2
2005-08-14,4,13,60,12.5
2005-08-14,5,7,30,12.4
2005-08-14,6,7,50,12.2
2005-08-14,7,7,70,13.9
2005-08-14,8,6,100,15.5
2005-08-14,9,0,NA,17.7
2005-08-14,10,0,NA,19.1
2005-08-14,11,4,210,21.5
2005-08-14,12,4,280,23.9
2005-08-14,13,0,NA,26.3
2005-08-14,14,0,NA,27.3
2005-08-14,15,4,280,28.8
2005-08-14,16,0,NA,29.2
2005-08-14,17,0,NA,29.1
2005-08-14,18,0,NA,28.1
2005-08-14,19,4,330,23.6
2005-08-14,20,6,60,20.7
2005-08-14,21,9,70,19.4
2005-08-14,22,6,40,19.7
2005-08-14,23,6,40,19.5
2005-08-15,0,4,60,17.7
2005-08-15,1,6,50,17.1
2005-08-15,2,13,60,16.5
2005-08-15,3,17,60,16.4
2005-08-15,4,15,60,15.8
2005-08-15,5,6,50,14
2005-08-15,6,7,50,15.1
2005-08-15,7,0,NA,15.5
2005-08-15,8,0,NA,18.5
2005-08-15,9,0,NA,20.1
2005-08-15,10,0,NA,22.6
2005-08-15,11,0,NA,23
2005-08-15,12,0,NA,25.1
2005-08-15,13,0,NA,26.4
2005-08-15,14,0,NA,26.9
2005-08-15,15,0,NA,28.1
2005-08-15,16,6,160,29.9
2005-08-15,17,7,160,29.4
2005-08-15,18,0,NA,27.9
2005-08-15,19,6,80,24
2005-08-15,20,11,70,21.8
2005-08-15,21,15,70,22.3
2005-08-15,22,13,60,22.1
2005-08-15,23,7,60,20.7
2005-08-16,0,6,50,19.7
2005-08-16,1,9,50,19.3
2005-08-16,2,11,50,18.8
2005-08-16,3,6,50,16.8
2005-08-16,4,9,50,17
2005-08-16,5,11,50,16.6
2005-08-16,6,6,60,16.4
2005-08-16,7,0,NA,15.9
2005-08-16,8,4,240,17.6
2005-08-16,9,4,160,21.4
2005-08-16,10,4,150,24
2005-08-16,11,6,280,23.7
2005-08-16,12,6,300,26.4
2005-08-16,13,0,NA,29.5
2005-08-16,14,6,310,29.2
2005-08-16,15,4,250,29.4
2005-08-16,16,9,230,30
2005-08-16,17,11,320,27.9
2005-08-16,18,13,320,25
2005-08-16,19,15,330,24.2
2005-08-16,20,7,330,21.7
2005-08-16,21,0,NA,21
2005-08-16,22,7,360,20.9
2005-08-16,23,4,270,19.4
2005-08-17,0,4,350,18.6
2005-08-17,1,0,NA,17.4
2005-08-17,2,4,340,17.1
2005-08-17,3,6,290,17
2005-08-17,4,0,NA,16.1
2005-08-17,5,6,70,16.4
2005-08-17,6,6,80,16.2
2005-08-17,7,6,260,16.6
2005-08-17,8,6,100,16.2
2005-08-17,9,4,90,16.3
2005-08-17,10,7,170,14.7
2005-08-17,11,17,150,14.3
2005-08-17,12,15,160,14.9
2005-08-17,13,9,150,14.4
2005-08-17,14,7,150,15.1
2005-08-17,15,9,170,16.8
2005-08-17,16,7,210,19.1
2005-08-17,17,9,180,18.6
2005-08-17,18,9,330,16
2005-08-17,19,4,310,15.3
2005-08-17,20,9,50,15
2005-08-17,21,19,50,13.8
2005-08-17,22,13,40,13.8
2005-08-17,23,6,70,12.5
2005-08-18,0,17,60,12.4
2005-08-18,1,19,60,12.5
2005-08-18,2,19,60,12.4
2005-08-18,3,19,60,12
2005-08-18,4,11,50,12.2
2005-08-18,5,15,60,11.9
2005-08-18,6,13,60,11.9
2005-08-18,7,9,60,13.6
2005-08-18,8,7,110,15.1
2005-08-18,9,6,150,16.6
2005-08-18,10,4,260,17.8
2005-08-18,11,6,220,19.1
2005-08-18,12,4,230,20.6
2005-08-18,13,7,280,22.2
2005-08-18,14,6,250,22.8
2005-08-18,15,6,270,23.1
2005-08-18,16,4,280,24.1
2005-08-18,17,6,260,22.2
2005-08-18,18,0,NA,21.9
2005-08-18,19,6,40,17.5
2005-08-18,20,7,60,14.9
2005-08-18,21,7,60,14.8
2005-08-18,22,4,60,13.7
2005-08-18,23,6,50,13
2005-08-19,0,6,50,12.3
2005-08-19,1,4,50,11.9
2005-08-19,2,7,60,10.7
2005-08-19,3,6,60,9.9
2005-08-19,4,6,60,9.2
2005-08-19,5,7,60,8.9
2005-08-19,6,4,60,9.3
2005-08-19,7,0,NA,11.2
2005-08-19,8,0,NA,13.8
2005-08-19,9,6,280,15.9
2005-08-19,10,4,230,17.6
2005-08-19,11,4,240,19.7
2005-08-19,12,4,190,22.1
2005-08-19,13,NA,NA,NA
2005-08-19,14,7,280,24.5
2005-08-19,15,0,NA,26
2005-08-19,16,6,260,26.1
2005-08-19,17,6,280,25.8
2005-08-19,18,6,300,24.9
2005-08-19,19,6,50,18.7
2005-08-19,20,7,60,16.8
2005-08-19,21,11,70,17.2
2005-08-19,22,4,70,16.4
2005-08-19,23,4,30,16.3
2005-08-20,0,6,50,14.8
2005-08-20,1,9,60,13.8
2005-08-20,2,6,40,13.3
2005-08-20,3,6,60,12.6
2005-08-20,4,7,60,12
2005-08-20,5,7,60,11.2
2005-08-20,6,4,40,11.6
2005-08-20,7,9,60,14
2005-08-20,8,6,120,15.5
2005-08-20,9,4,170,18.4
2005-08-20,10,4,240,19.9
2005-08-20,11,0,NA,22.2
2005-08-20,12,4,280,24.6
2005-08-20,13,4,300,26.1
2005-08-20,14,4,280,28.6
2005-08-20,15,0,NA,30.3
2005-08-20,16,0,NA,31
2005-08-20,17,6,170,30.2
2005-08-20,18,4,310,29.1
2005-08-20,19,7,50,22.4
2005-08-20,20,7,60,21
2005-08-20,21,6,40,21
2005-08-20,22,6,10,20.1
2005-08-20,23,4,360,19.7
2005-08-21,0,4,10,18.2
2005-08-21,1,6,50,17.9
2005-08-21,2,6,30,16.4
2005-08-21,3,6,60,15.9
2005-08-21,4,4,10,15
2005-08-21,5,4,50,14.2
2005-08-21,6,4,50,14
2005-08-21,7,0,NA,15.2
2005-08-21,8,6,120,18.8
2005-08-21,9,6,140,20.7
2005-08-21,10,0,NA,23.3
2005-08-21,11,0,NA,25.2
2005-08-21,12,0,NA,27.6
2005-08-21,13,0,NA,29.3
2005-08-21,14,4,300,30.9
2005-08-21,15,0,NA,32.9
2005-08-21,16,4,200,34.5
2005-08-21,17,0,NA,33.6
2005-08-21,18,0,NA,30
2005-08-21,19,6,60,25.1
2005-08-21,20,9,60,23.7
2005-08-21,21,13,60,24.2
2005-08-21,22,13,60,23.1
2005-08-21,23,17,70,22.2
2005-08-22,0,9,60,20.8
2005-08-22,1,11,60,20
2005-08-22,2,4,40,18.8
2005-08-22,3,6,40,18.2
2005-08-22,4,0,NA,15.7
2005-08-22,5,7,80,15.2
2005-08-22,6,6,70,16.1
2005-08-22,7,0,NA,18
2005-08-22,8,4,220,18.1
2005-08-22,9,4,160,18
2005-08-22,10,4,160,20.4
2005-08-22,11,4,240,22.1
2005-08-22,12,4,230,23
2005-08-22,13,6,290,24
2005-08-22,14,6,170,26.8
2005-08-22,15,15,160,26.8
2005-08-22,16,13,180,27.5
2005-08-22,17,11,150,25.6
2005-08-22,18,9,180,25
2005-08-22,19,4,90,21.7
2005-08-22,20,4,100,20.6
2005-08-22,21,9,100,19.7
2005-08-22,22,6,30,19
2005-08-22,23,0,NA,18
2005-08-23,0,15,70,18.6
2005-08-23,1,17,70,17.6
2005-08-23,2,13,80,17.1
2005-08-23,3,13,80,16.6
2005-08-23,4,4,40,14.3
2005-08-23,5,7,60,15.6
2005-08-23,6,9,80,15.6
2005-08-23,7,0,NA,15.3
2005-08-23,8,6,170,17.8
2005-08-23,9,15,160,20.1
2005-08-23,10,17,160,21.1
2005-08-23,11,20,160,21.8
2005-08-23,12,17,160,23.6
2005-08-23,13,15,180,21.8
2005-08-23,14,24,300,14.3
2005-08-23,15,0,NA,12
2005-08-23,16,0,NA,13.3
2005-08-23,17,4,200,13.3
2005-08-23,18,11,320,12.4
2005-08-23,19,6,330,11.4
2005-08-23,20,7,360,12.2
2005-08-23,21,4,70,11.3
2005-08-23,22,9,60,11.1
2005-08-23,23,6,20,11.5
2005-08-24,0,4,60,10.9
2005-08-24,1,7,70,10
2005-08-24,2,9,60,10.2
2005-08-24,3,0,NA,10.3
2005-08-24,4,6,60,10.3
2005-08-24,5,6,60,10.3
2005-08-24,6,0,NA,10.4
2005-08-24,7,0,NA,11.5
2005-08-24,8,0,NA,13.3
2005-08-24,9,6,300,15.2
2005-08-24,10,6,270,15.2
2005-08-24,11,7,200,17.1
2005-08-24,12,6,190,18.1
2005-08-24,13,7,230,18.1
2005-08-24,14,6,240,18.8
2005-08-24,15,7,160,20.9
2005-08-24,16,9,150,19.7
2005-08-24,17,7,190,18.8
2005-08-24,18,6,290,17.7
2005-08-24,19,0,NA,16.4
2005-08-24,20,4,50,17.3
2005-08-24,21,13,60,16.6
2005-08-24,22,9,90,15.3
2005-08-24,23,13,60,14.4
2005-08-25,0,4,50,13
2005-08-25,1,7,50,13.2
2005-08-25,2,4,30,11.6
2005-08-25,3,4,10,11.3
2005-08-25,4,4,30,10.7
2005-08-25,5,4,350,10.3
2005-08-25,6,0,NA,9.6
2005-08-25,7,0,NA,11.6
2005-08-25,8,4,50,14.4
2005-08-25,9,0,NA,16.3
2005-08-25,10,4,220,17.8
2005-08-25,11,0,NA,19.4
2005-08-25,12,0,NA,22
2005-08-25,13,7,270,22.6
2005-08-25,14,4,290,24.6
2005-08-25,15,4,300,26.2
2005-08-25,16,6,250,26.2
2005-08-25,17,4,260,26
2005-08-25,18,4,280,24.3
2005-08-25,19,7,60,17.9
2005-08-25,20,7,60,17.4
2005-08-25,21,6,50,17.1
2005-08-25,22,6,40,16.1
2005-08-25,23,6,30,16.1
2005-08-26,0,7,60,14.6
2005-08-26,1,7,60,13.6
2005-08-26,2,4,40,12.5
2005-08-26,3,6,50,11.6
2005-08-26,4,6,60,11.4
2005-08-26,5,6,60,10.7
2005-08-26,6,4,60,10.3
2005-08-26,7,0,NA,12.2
2005-08-26,8,0,NA,14.7
2005-08-26,9,0,NA,17.6
2005-08-26,10,4,260,19
2005-08-26,11,4,240,20.9
2005-08-26,12,0,NA,23.3
2005-08-26,13,4,260,26.1
2005-08-26,14,6,280,27.9
2005-08-26,15,13,160,29.3
2005-08-26,16,13,190,29.2
2005-08-26,17,13,190,28.5
2005-08-26,18,0,NA,26
2005-08-26,19,0,NA,21.9
2005-08-26,20,11,70,18.8
2005-08-26,21,6,40,20.3
2005-08-26,22,11,50,18.9
2005-08-26,23,6,60,18.3
2005-08-27,0,7,50,16.6
2005-08-27,1,7,60,15.7
2005-08-27,2,9,60,15.2
2005-08-27,3,9,60,14
2005-08-27,4,17,60,13.8
2005-08-27,5,15,60,13.1
2005-08-27,6,6,50,12.5
2005-08-27,7,11,80,15.3
2005-08-27,8,6,110,16.9
2005-08-27,9,6,150,19.1
2005-08-27,10,0,NA,21.2
2005-08-27,11,6,210,22.7
2005-08-27,12,0,NA,25.6
2005-08-27,13,7,150,29.3
2005-08-27,14,9,140,29.9
2005-08-27,15,9,160,29.9
2005-08-27,16,15,200,29.5
2005-08-27,17,11,200,29.1
2005-08-27,18,11,210,27.5
2005-08-27,19,7,70,22
2005-08-27,20,15,70,20
2005-08-27,21,15,60,20.8
2005-08-27,22,7,60,19.6
2005-08-27,23,7,50,18.9
2005-08-28,0,17,70,17.7
2005-08-28,1,15,50,17
2005-08-28,2,13,60,16.4
2005-08-28,3,19,70,15.8
2005-08-28,4,15,70,15
2005-08-28,5,19,80,14.2
2005-08-28,6,19,80,14
2005-08-28,7,7,50,15.9
2005-08-28,8,7,100,18.7
2005-08-28,9,6,170,20.3
2005-08-28,10,4,240,22.1
2005-08-28,11,4,320,24.5
2005-08-28,12,4,260,27.3
2005-08-28,13,4,160,30.5
2005-08-28,14,0,NA,30.9
2005-08-28,15,7,230,31.2
2005-08-28,16,7,240,31.5
2005-08-28,17,6,240,30.9
2005-08-28,18,0,NA,29.4
2005-08-28,19,11,70,23.1
2005-08-28,20,9,50,23.1
2005-08-28,21,0,NA,22.3
2005-08-28,22,0,NA,20.9
2005-08-28,23,7,50,20
2005-08-29,0,15,60,18.8
2005-08-29,1,20,60,18.1
2005-08-29,2,22,60,17.6
2005-08-29,3,17,70,16.7
2005-08-29,4,19,80,15.5
2005-08-29,5,9,100,13.3
2005-08-29,6,7,140,12.2
2005-08-29,7,7,100,16
2005-08-29,8,6,240,18.2
2005-08-29,9,11,150,20.4
2005-08-29,10,15,190,20.2
2005-08-29,11,13,210,19.3
2005-08-29,12,22,220,17.3
2005-08-29,13,17,160,18
2005-08-29,14,13,170,19.7
2005-08-29,15,17,170,20
2005-08-29,16,19,290,13.8
2005-08-29,17,13,80,13.5
2005-08-29,18,6,70,13.3
2005-08-29,19,6,20,11.5
2005-08-29,20,4,340,10.4
2005-08-29,21,4,60,10.4
2005-08-29,22,0,NA,10.3
2005-08-29,23,11,60,9.6
2005-08-30,0,4,10,9.1
2005-08-30,1,7,60,8.1
2005-08-30,2,6,50,8
2005-08-30,3,9,60,8.3
2005-08-30,4,4,50,8.5
2005-08-30,5,0,NA,7.7
2005-08-30,6,6,60,8.4
2005-08-30,7,0,NA,10.4
2005-08-30,8,0,NA,11.5
2005-08-30,9,6,240,13.8
2005-08-30,10,4,170,15.8
2005-08-30,11,6,280,16.3
2005-08-30,12,6,310,18.6
2005-08-30,13,6,300,17.7
2005-08-30,14,19,320,16.2
2005-08-30,15,7,90,17.4
2005-08-30,16,4,210,18.6
2005-08-30,17,4,320,16.7
2005-08-30,18,6,310,16.2
2005-08-30,19,7,70,15.2
2005-08-30,20,0,NA,14.3
2005-08-30,21,4,50,14.6
2005-08-30,22,0,NA,14.6
2005-08-30,23,0,NA,13.7
2005-08-31,0,0,NA,12.9
2005-08-31,1,6,60,11.3
2005-08-31,2,6,70,10.5
2005-08-31,3,11,60,10.5
2005-08-31,4,6,50,10.2
2005-08-31,5,6,50,10.7
2005-08-31,6,0,NA,9.8
2005-08-31,7,4,290,11.6
2005-08-31,8,4,220,13.9
2005-08-31,9,0,NA,17.2
2005-08-31,10,4,180,18.5
2005-08-31,11,NA,NA,NA
2005-08-31,12,NA,NA,NA
2005-08-31,13,NA,NA,NA
2005-08-31,14,NA,NA,NA
2005-08-31,15,NA,NA,25.1
2005-08-31,16,NA,NA,23.4
2005-08-31,17,NA,NA,23.3
2005-08-31,18,NA,NA,20.8
2005-08-31,19,NA,NA,16.7
2005-08-31,20,NA,NA,14.6
2005-08-31,21,NA,NA,15.1
2005-08-31,22,NA,NA,15.1
2005-08-31,23,NA,NA,14.6
2005-09-01,0,NA,NA,12.8
2005-09-01,1,NA,NA,12.4
2005-09-01,2,NA,NA,11.9
2005-09-01,3,NA,NA,11.3
2005-09-01,4,NA,NA,11
2005-09-01,5,NA,NA,10.4
2005-09-01,6,NA,NA,9.9
2005-09-01,7,NA,NA,12.7
2005-09-01,8,NA,NA,14.1
2005-09-01,9,NA,NA,16.8
2005-09-01,10,NA,NA,18.2
2005-09-01,11,NA,NA,19.9
2005-09-01,12,NA,NA,21.4
2005-09-01,13,NA,NA,24.6
2005-09-01,14,7,310,25.4
2005-09-01,15,6,300,26.4
2005-09-01,16,9,300,23.5
2005-09-01,17,6,290,23.4
2005-09-01,18,4,130,20
2005-09-01,19,4,50,18.8
2005-09-01,20,6,30,18.3
2005-09-01,21,4,60,17.3
2005-09-01,22,6,360,16.9
2005-09-01,23,4,50,14.3
2005-09-02,0,4,190,14.2
2005-09-02,1,4,70,13.9
2005-09-02,2,6,50,14
2005-09-02,3,4,60,13
2005-09-02,4,6,50,12.7
2005-09-02,5,4,40,12.6
2005-09-02,6,0,NA,11.8
2005-09-02,7,0,NA,12.6
2005-09-02,8,4,200,15
2005-09-02,9,6,100,17.6
2005-09-02,10,4,190,20
2005-09-02,11,4,250,21
2005-09-02,12,4,210,21.4
2005-09-02,13,0,NA,23.9
2005-09-02,14,0,NA,24.4
2005-09-02,15,0,NA,26
2005-09-02,16,4,210,26.4
2005-09-02,17,6,150,24.6
2005-09-02,18,4,150,24
2005-09-02,19,7,60,20.2
2005-09-02,20,7,90,19.8
2005-09-02,21,13,60,19.4
2005-09-02,22,6,320,18.4
2005-09-02,23,4,110,17
2005-09-03,0,6,320,16.4
2005-09-03,1,7,70,14.9
2005-09-03,2,7,60,14
2005-09-03,3,9,70,13.1
2005-09-03,4,7,50,13.1
2005-09-03,5,7,50,13.1
2005-09-03,6,17,80,13
2005-09-03,7,7,90,15.2
2005-09-03,8,7,110,17.1
2005-09-03,9,6,230,18.6
2005-09-03,10,7,180,22.1
2005-09-03,11,9,160,24.4
2005-09-03,12,11,170,25.5
2005-09-03,13,11,210,25.1
2005-09-03,14,15,240,25.8
2005-09-03,15,13,200,26.1
2005-09-03,16,15,230,24.2
2005-09-03,17,13,230,22.6
2005-09-03,18,11,240,21.5
2005-09-03,19,9,170,20.3
2005-09-03,20,6,70,18.1
2005-09-03,21,6,100,18
2005-09-03,22,4,90,15.8
2005-09-03,23,13,80,15.2
2005-09-04,0,7,50,14.9
2005-09-04,1,13,70,14.6
2005-09-04,2,6,40,13.3
2005-09-04,3,13,60,12.8
2005-09-04,4,15,70,12.7
2005-09-04,5,13,70,11.7
2005-09-04,6,7,40,11.2
2005-09-04,7,15,60,13.6
2005-09-04,8,7,90,16.1
2005-09-04,9,6,110,17.2
2005-09-04,10,11,190,20.6
2005-09-04,11,9,170,21.6
2005-09-04,12,6,170,21.2
2005-09-04,13,13,230,21.1
2005-09-04,14,11,230,20.5
2005-09-04,15,13,230,20
2005-09-04,16,13,230,19.6
2005-09-04,17,11,230,19.3
2005-09-04,18,7,220,18.7
2005-09-04,19,4,90,17.8
2005-09-04,20,0,NA,15.9
2005-09-04,21,19,320,15.4
2005-09-04,22,22,320,15
2005-09-04,23,15,330,14.3
2005-09-05,0,19,330,14.2
2005-09-05,1,15,320,13.5
2005-09-05,2,13,320,12.7
2005-09-05,3,15,330,12
2005-09-05,4,13,340,11.5
2005-09-05,5,4,50,9.8
2005-09-05,6,6,70,8.5
2005-09-05,7,7,330,11.5
2005-09-05,8,9,320,13.2
2005-09-05,9,13,330,14.9
2005-09-05,10,11,310,16.9
2005-09-05,11,9,300,18.1
2005-09-05,12,7,270,19.5
2005-09-05,13,9,290,20.1
2005-09-05,14,7,300,21.3
2005-09-05,15,11,310,21.7
2005-09-05,16,13,300,21.1
2005-09-05,17,9,300,20.4
2005-09-05,18,6,270,17.5
2005-09-05,19,6,350,14.7
2005-09-05,20,6,50,12.9
2005-09-05,21,7,60,11.9
2005-09-05,22,6,20,12.4
2005-09-05,23,6,20,11.8
2005-09-06,0,4,80,10.7
2005-09-06,1,4,270,10.5
2005-09-06,2,6,40,9.6
2005-09-06,3,7,60,8.5
2005-09-06,4,6,60,8.2
2005-09-06,5,7,70,7.5
2005-09-06,6,6,70,7.3
2005-09-06,7,0,NA,10.7
2005-09-06,8,0,NA,12.6
2005-09-06,9,11,310,14.6
2005-09-06,10,13,290,15.7
2005-09-06,11,11,290,17.1
2005-09-06,12,7,310,19.9
2005-09-06,13,7,300,19.9
2005-09-06,14,4,310,23.1
2005-09-06,15,7,300,23.1
2005-09-06,16,7,290,23.1
2005-09-06,17,6,280,22.2
2005-09-06,18,6,330,17.7
2005-09-06,19,6,50,15
2005-09-06,20,4,10,16.8
2005-09-06,21,0,NA,14
2005-09-06,22,6,300,14.3
2005-09-06,23,0,NA,12.3
2005-09-07,0,7,60,11.3
2005-09-07,1,0,NA,11.9
2005-09-07,2,6,60,10.1
2005-09-07,3,7,60,9.6
2005-09-07,4,9,70,8.6
2005-09-07,5,9,60,8.3
2005-09-07,6,7,50,8.1
2005-09-07,7,0,NA,10.4
2005-09-07,8,4,240,12.1
2005-09-07,9,4,260,14.8
2005-09-07,10,6,320,17
2005-09-07,11,6,310,18.7
2005-09-07,12,7,310,20.4
2005-09-07,13,6,330,22.8
2005-09-07,14,6,300,24.3
2005-09-07,15,6,300,24.9
2005-09-07,16,9,300,24.8
2005-09-07,17,7,290,23.4
2005-09-07,18,7,310,18.4
2005-09-07,19,6,30,17.4
2005-09-07,20,6,30,16.9
2005-09-07,21,6,20,17.2
2005-09-07,22,4,10,16.4
2005-09-07,23,0,NA,13.7
2005-09-08,0,7,60,13.5
2005-09-08,1,7,60,12.7
2005-09-08,2,6,50,12
2005-09-08,3,7,50,11.1
2005-09-08,4,4,70,10.2
2005-09-08,5,6,50,9.9
2005-09-08,6,6,60,9
2005-09-08,7,0,NA,10.6
2005-09-08,8,4,230,12.9
2005-09-08,9,4,210,16
2005-09-08,10,4,190,18.6
2005-09-08,11,0,NA,20.7
2005-09-08,12,4,290,24.1
2005-09-08,13,9,160,27.9
2005-09-08,14,9,170,28
2005-09-08,15,15,200,28.6
2005-09-08,16,11,190,28.6
2005-09-08,17,13,220,27.6
2005-09-08,18,7,150,24.3
2005-09-08,19,7,310,21.5
2005-09-08,20,4,60,18.1
2005-09-08,21,4,30,17
2005-09-08,22,0,NA,16.1
2005-09-08,23,0,NA,15.1
2005-09-09,0,0,NA,14.4
2005-09-09,1,0,NA,13.3
2005-09-09,2,6,70,12.3
2005-09-09,3,6,50,12
2005-09-09,4,7,70,11.5
2005-09-09,5,7,70,11.5
2005-09-09,6,7,70,11.5
2005-09-09,7,6,90,13.7
2005-09-09,8,0,NA,15.9
2005-09-09,9,4,280,16.1
2005-09-09,10,13,160,19.1
2005-09-09,11,13,150,21
2005-09-09,12,7,150,21.1
2005-09-09,13,17,320,17.6
2005-09-09,14,13,320,18.3
2005-09-09,15,9,330,18.7
2005-09-09,16,22,330,16.5
2005-09-09,17,7,300,15.6
2005-09-09,18,7,340,15.1
2005-09-09,19,4,360,14
2005-09-09,20,6,260,14
2005-09-09,21,13,310,13
2005-09-09,22,13,320,12.7
2005-09-09,23,17,330,12.5
2005-09-10,0,15,330,12.2
2005-09-10,1,11,340,12
2005-09-10,2,6,10,10.7
2005-09-10,3,7,10,10
2005-09-10,4,13,50,9.2
2005-09-10,5,9,50,8.6
2005-09-10,6,4,50,8.8
2005-09-10,7,9,50,8.1
2005-09-10,8,7,60,8.1
2005-09-10,9,7,70,8.4
2005-09-10,10,9,80,8.5
2005-09-10,11,4,70,8.8
2005-09-10,12,6,70,8.8
2005-09-10,13,7,70,8.6
2005-09-10,14,9,60,8
2005-09-10,15,7,50,7.8
2005-09-10,16,7,60,7.5
2005-09-10,17,9,60,6.7
2005-09-10,18,7,50,6.5
2005-09-10,19,9,60,6.2
2005-09-10,20,9,60,5.8
2005-09-10,21,0,NA,6.4
2005-09-10,22,6,70,5.8
2005-09-10,23,6,60,5.7
2005-09-11,0,4,60,5.6
2005-09-11,1,7,70,5.5
2005-09-11,2,6,70,5.5
2005-09-11,3,7,60,5.3
2005-09-11,4,9,60,5.3
2005-09-11,5,9,60,5.4
2005-09-11,6,11,70,5.3
2005-09-11,7,13,70,5.5
2005-09-11,8,11,70,6.1
2005-09-11,9,11,70,6.9
2005-09-11,10,13,80,8.5
2005-09-11,11,4,110,9
2005-09-11,12,6,60,8.9
2005-09-11,13,0,NA,10.2
2005-09-11,14,4,230,10.8
2005-09-11,15,6,160,11.4
2005-09-11,16,6,260,11.1
2005-09-11,17,0,NA,11
2005-09-11,18,4,20,10.6
2005-09-11,19,0,NA,10.4
2005-09-11,20,0,NA,10
2005-09-11,21,4,50,9.9
2005-09-11,22,4,80,9.6
2005-09-11,23,4,70,9.5
2005-09-12,0,4,130,9.4
2005-09-12,1,0,NA,9.2
2005-09-12,2,7,90,9.4
2005-09-12,3,6,90,9.8
2005-09-12,4,0,NA,9.4
2005-09-12,5,0,NA,9.2
2005-09-12,6,0,NA,9.4
2005-09-12,7,0,NA,9.8
2005-09-12,8,0,NA,10.3
2005-09-12,9,0,NA,10.8
2005-09-12,10,0,NA,10.7
2005-09-12,11,0,NA,10.8
2005-09-12,12,0,NA,11.3
2005-09-12,13,0,NA,11.9
2005-09-12,14,4,260,11.8
2005-09-12,15,4,240,11.9
2005-09-12,16,6,160,12.4
2005-09-12,17,0,NA,12.1
2005-09-12,18,0,NA,11.2
2005-09-12,19,0,NA,11
2005-09-12,20,0,NA,10.7
2005-09-12,21,6,70,10.1
2005-09-12,22,4,60,9.8
2005-09-12,23,0,NA,9.8
2005-09-13,0,0,NA,9.9
2005-09-13,1,4,70,9.9
2005-09-13,2,0,NA,9.7
2005-09-13,3,0,NA,9.4
2005-09-13,4,6,90,9.4
2005-09-13,5,7,110,8.9
2005-09-13,6,4,100,8.8
2005-09-13,7,6,120,9.4
2005-09-13,8,4,90,11.7
2005-09-13,9,4,170,12.2
2005-09-13,10,0,NA,13
2005-09-13,11,0,NA,15.1
2005-09-13,12,6,200,15.5
2005-09-13,13,6,150,17.1
2005-09-13,14,6,140,17.7
2005-09-13,15,7,160,17.5
2005-09-13,16,6,90,18.4
2005-09-13,17,7,150,17.7
2005-09-13,18,0,NA,15.6
2005-09-13,19,4,50,14.8
2005-09-13,20,6,70,12.9
2005-09-13,21,4,90,12.9
2005-09-13,22,6,70,12.7
2005-09-13,23,4,60,12
2005-09-14,0,0,NA,11.9
2005-09-14,1,0,NA,12.3
2005-09-14,2,4,30,11.3
2005-09-14,3,6,50,10.2
2005-09-14,4,7,50,10.1
2005-09-14,5,4,60,9.2
2005-09-14,6,7,70,9.1
2005-09-14,7,4,20,10.7
2005-09-14,8,0,NA,13.4
2005-09-14,9,0,NA,14.5
2005-09-14,10,0,NA,16.5
2005-09-14,11,6,260,18.4
2005-09-14,12,0,NA,20
2005-09-14,13,6,300,20.6
2005-09-14,14,6,190,20.9
2005-09-14,15,7,210,21.1
2005-09-14,16,6,310,18.7
2005-09-14,17,13,330,16.7
2005-09-14,18,6,330,15.9
2005-09-14,19,6,280,15.6
2005-09-14,20,0,NA,15
2005-09-14,21,4,40,14.1
2005-09-14,22,0,NA,13.9
2005-09-14,23,4,260,13.3
2005-09-15,0,0,NA,12.8
2005-09-15,1,4,300,12.6
2005-09-15,2,4,70,11.7
2005-09-15,3,4,80,11.2
2005-09-15,4,0,NA,11.1
2005-09-15,5,0,NA,10.7
2005-09-15,6,4,60,10.7
2005-09-15,7,6,120,11.3
2005-09-15,8,0,NA,13.3
2005-09-15,9,4,250,14.4
2005-09-15,10,4,150,15.8
2005-09-15,11,6,200,18.4
2005-09-15,12,6,140,18.7
2005-09-15,13,4,260,19.1
2005-09-15,14,4,310,20.5
2005-09-15,15,9,340,18.2
2005-09-15,16,7,310,18.2
2005-09-15,17,0,NA,16.4
2005-09-15,18,6,60,15.4
2005-09-15,19,7,70,14.2
2005-09-15,20,7,320,14.2
2005-09-15,21,15,320,14.2
2005-09-15,22,15,320,13.8
2005-09-15,23,4,290,13.1
2005-09-16,0,6,30,12.4
2005-09-16,1,11,330,12.6
2005-09-16,2,15,330,12.6
2005-09-16,3,7,340,12
2005-09-16,4,6,310,11.1
2005-09-16,5,7,310,11.1
2005-09-16,6,6,330,10.9
2005-09-16,7,11,330,11.6
2005-09-16,8,11,330,12.6
2005-09-16,9,15,310,14.2
2005-09-16,10,11,310,15.5
2005-09-16,11,11,310,15.9
2005-09-16,12,13,310,16.1
2005-09-16,13,19,300,17.5
2005-09-16,14,17,330,17.7
2005-09-16,15,13,320,15.3
2005-09-16,16,4,310,14.2
2005-09-16,17,6,10,12.8
2005-09-16,18,0,NA,12.2
2005-09-16,19,11,70,12.2
2005-09-16,20,6,40,11.4
2005-09-16,21,15,60,11.6
2005-09-16,22,9,80,11.3
2005-09-16,23,6,90,10.2
2005-09-17,0,6,50,10.2
2005-09-17,1,4,60,9.2
2005-09-17,2,4,20,9
2005-09-17,3,0,NA,9.2
2005-09-17,4,4,40,8.7
2005-09-17,5,4,50,9.3
2005-09-17,6,4,70,9.5
2005-09-17,7,4,60,9.9
2005-09-17,8,0,NA,11
2005-09-17,9,4,280,13.4
2005-09-17,10,7,300,14.3
2005-09-17,11,6,250,15.2
2005-09-17,12,6,220,17
2005-09-17,13,6,250,18.5
2005-09-17,14,6,290,19.6
2005-09-17,15,6,240,20.4
2005-09-17,16,7,230,20.6
2005-09-17,17,7,200,18.6
2005-09-17,18,7,180,16.3
2005-09-17,19,11,170,15.9
2005-09-17,20,4,120,13.9
2005-09-17,21,7,80,12.4
2005-09-17,22,7,70,11.3
2005-09-17,23,11,80,11.4
2005-09-18,0,11,60,10.8
2005-09-18,1,7,60,10.1
2005-09-18,2,7,70,9.3
2005-09-18,3,7,60,8.8
2005-09-18,4,6,60,8.4
2005-09-18,5,7,60,7.7
2005-09-18,6,6,60,7.5
2005-09-18,7,6,50,8.2
2005-09-18,8,0,NA,11.5
2005-09-18,9,4,160,13.6
2005-09-18,10,0,NA,15.6
2005-09-18,11,4,240,15.5
2005-09-18,12,0,NA,18.3
2005-09-18,13,7,140,18.5
2005-09-18,14,6,190,19.3
2005-09-18,15,11,190,20.3
2005-09-18,16,11,210,20
2005-09-18,17,13,200,18.9
2005-09-18,18,6,170,17.4
2005-09-18,19,11,180,16.7
2005-09-18,20,6,90,12.9
2005-09-18,21,7,70,12.1
2005-09-18,22,11,80,11.9
2005-09-18,23,13,70,11.4
2005-09-19,0,11,70,10.9
2005-09-19,1,7,80,9.3
2005-09-19,2,9,80,9.8
2005-09-19,3,7,70,10
2005-09-19,4,4,80,8.7
2005-09-19,5,7,80,8.3
2005-09-19,6,9,80,9.2
2005-09-19,7,9,80,10.3
2005-09-19,8,7,120,12.7
2005-09-19,9,6,140,14.7
2005-09-19,10,11,160,18.3
2005-09-19,11,17,150,19.7
2005-09-19,12,17,160,21.2
2005-09-19,13,19,200,22
2005-09-19,14,19,200,22.5
2005-09-19,15,19,190,22.1
2005-09-19,16,15,200,22.1
2005-09-19,17,13,190,21
2005-09-19,18,6,160,19
2005-09-19,19,7,180,18.8
2005-09-19,20,6,100,16.2
2005-09-19,21,6,90,14.6
2005-09-19,22,6,80,13.3
2005-09-19,23,7,80,12.4
2005-09-20,0,6,80,11.8
2005-09-20,1,6,50,10.6
2005-09-20,2,7,60,9.6
2005-09-20,3,6,60,9.4
2005-09-20,4,7,70,9.3
2005-09-20,5,7,60,8.7
2005-09-20,6,7,60,8.8
2005-09-20,7,7,70,9.3
2005-09-20,8,0,NA,13.3
2005-09-20,9,6,290,14.5
2005-09-20,10,7,260,15.6
2005-09-20,11,9,290,17.1
2005-09-20,12,9,290,18.2
2005-09-20,13,4,260,19
2005-09-20,14,9,290,20
2005-09-20,15,11,310,19
2005-09-20,16,13,310,19.6
2005-09-20,17,13,290,17.6
2005-09-20,18,9,320,15.6
2005-09-20,19,7,30,12.4
2005-09-20,20,13,330,12.1
2005-09-20,21,11,340,12.4
2005-09-20,22,6,80,10.3
2005-09-20,23,4,50,9.3
2005-09-21,0,6,60,8.2
2005-09-21,1,9,70,7.2
2005-09-21,2,9,70,6.5
2005-09-21,3,9,70,6.3
2005-09-21,4,9,70,5.8
2005-09-21,5,9,70,5.3
2005-09-21,6,11,70,5
2005-09-21,7,9,60,6.3
2005-09-21,8,4,280,9.2
2005-09-21,9,11,300,10.8
2005-09-21,10,11,300,12.1
2005-09-21,11,7,300,13.9
2005-09-21,12,11,290,15.2
2005-09-21,13,13,290,16.4
2005-09-21,14,9,300,17.4
2005-09-21,15,9,300,17.9
2005-09-21,16,6,300,18
2005-09-21,17,6,310,14.8
2005-09-21,18,4,320,11.1
2005-09-21,19,6,30,10.2
2005-09-21,20,6,20,10.2
2005-09-21,21,6,350,10
2005-09-21,22,7,340,9.9
2005-09-21,23,0,NA,8.8
2005-09-22,0,6,40,8.8
2005-09-22,1,0,NA,8.9
2005-09-22,2,6,60,7.5
2005-09-22,3,0,NA,7.2
2005-09-22,4,0,NA,6.5
2005-09-22,5,4,360,6.4
2005-09-22,6,4,50,5.1
2005-09-22,7,4,50,6.4
2005-09-22,8,0,NA,8
2005-09-22,9,4,270,10.6
2005-09-22,10,9,290,10
2005-09-22,11,7,290,11.1
2005-09-22,12,15,290,13.9
2005-09-22,13,13,310,12.8
2005-09-22,14,17,330,13.4
2005-09-22,15,7,340,14.9
2005-09-22,16,15,340,13.6
2005-09-22,17,15,310,13.3
2005-09-22,18,15,330,12.5
2005-09-22,19,17,330,12.1
2005-09-22,20,7,350,10.9
2005-09-22,21,6,30,8.6
2005-09-22,22,7,330,9.2
2005-09-22,23,4,20,8.8
2005-09-23,0,6,340,8.6
2005-09-23,1,6,60,7
2005-09-23,2,6,60,7.1
2005-09-23,3,7,70,6.8
2005-09-23,4,6,60,5.8
2005-09-23,5,6,60,5.4
2005-09-23,6,4,60,5.8
2005-09-23,7,0,NA,6.2
2005-09-23,8,0,NA,8.2
2005-09-23,9,11,330,10.4
2005-09-23,10,17,310,11.5
2005-09-23,11,13,300,13.1
2005-09-23,12,9,310,14.3
2005-09-23,13,4,290,16.2
2005-09-23,14,7,290,16.7
2005-09-23,15,6,300,17.8
2005-09-23,16,7,290,16.9
2005-09-23,17,6,290,16.1
2005-09-23,18,7,330,11.4
2005-09-23,19,6,340,10.7
2005-09-23,20,6,340,9.1
2005-09-23,21,6,40,8.7
2005-09-23,22,6,30,8.1
2005-09-23,23,4,50,7.1
2005-09-24,0,6,30,6.5
2005-09-24,1,7,60,5.2
2005-09-24,2,7,70,4.2
2005-09-24,3,6,50,4.5
2005-09-24,4,0,NA,4.5
2005-09-24,5,6,50,4
2005-09-24,6,4,40,3.5
2005-09-24,7,4,80,4.7
2005-09-24,8,0,NA,7.7
2005-09-24,9,4,230,9.7
2005-09-24,10,17,300,11.3
2005-09-24,11,17,310,13.7
2005-09-24,12,17,300,14.8
2005-09-24,13,17,310,16.1
2005-09-24,14,13,300,17.1
2005-09-24,15,13,300,17.7
2005-09-24,16,9,290,17.6
2005-09-24,17,4,320,17.2
2005-09-24,18,6,350,12.3
2005-09-24,19,6,70,9.6
2005-09-24,20,7,50,9.1
2005-09-24,21,7,50,9.4
2005-09-24,22,6,40,8.5
2005-09-24,23,4,80,7.3
2005-09-25,0,4,70,6.4
2005-09-25,1,6,70,5
2005-09-25,2,7,60,5.4
2005-09-25,3,7,50,5
2005-09-25,4,0,NA,3.5
2005-09-25,5,9,70,3.6
2005-09-25,6,7,80,2.7
2005-09-25,7,7,70,4.3
2005-09-25,8,6,110,7.6
2005-09-25,9,4,250,9.5
2005-09-25,10,4,240,11.1
2005-09-25,11,4,220,13.1
2005-09-25,12,4,310,15.4
2005-09-25,13,7,300,17
2005-09-25,14,4,330,19
2005-09-25,15,7,150,20.9
2005-09-25,16,6,140,20.9
2005-09-25,17,6,230,19.7
2005-09-25,18,7,170,17.7
2005-09-25,19,4,140,16.1
2005-09-25,20,6,60,13.1
2005-09-25,21,9,70,11.6
2005-09-25,22,11,70,11.5
2005-09-25,23,11,60,11.8
2005-09-26,0,13,70,11.7
2005-09-26,1,13,60,11
2005-09-26,2,6,60,9.9
2005-09-26,3,4,40,9.3
2005-09-26,4,13,80,9.3
2005-09-26,5,9,60,8.4
2005-09-26,6,17,80,8
2005-09-26,7,11,70,8
2005-09-26,8,11,90,10.7
2005-09-26,9,4,120,13.2
2005-09-26,10,4,200,14.8
2005-09-26,11,4,190,17.2
2005-09-26,12,4,320,20.6
2005-09-26,13,15,160,22.1
2005-09-26,14,13,190,21.9
2005-09-26,15,11,210,21.6
2005-09-26,16,11,200,22.3
2005-09-26,17,13,200,21
2005-09-26,18,9,190,19.6
2005-09-26,19,4,30,15.2
2005-09-26,20,9,60,13
2005-09-26,21,9,80,12.7
2005-09-26,22,9,60,12.4
2005-09-26,23,9,60,12.2
2005-09-27,0,7,60,11.6
2005-09-27,1,9,70,10.5
2005-09-27,2,4,350,8.6
2005-09-27,3,6,90,8.2
2005-09-27,4,7,60,8.5
2005-09-27,5,9,60,7.5
2005-09-27,6,7,50,7.7
2005-09-27,7,4,50,7.9
2005-09-27,8,0,NA,9.2
2005-09-27,9,4,230,12.3
2005-09-27,10,6,270,14.3
2005-09-27,11,19,320,16.9
2005-09-27,12,22,310,18.6
2005-09-27,13,20,320,19.6
2005-09-27,14,19,330,19.6
2005-09-27,15,19,320,19.6
2005-09-27,16,19,310,19.2
2005-09-27,17,15,320,18.3
2005-09-27,18,4,20,15
2005-09-27,19,6,20,15.5
2005-09-27,20,4,320,12.5
2005-09-27,21,6,350,11.7
2005-09-27,22,6,40,10.8
2005-09-27,23,0,NA,9.6
2005-09-28,0,7,50,8.6
2005-09-28,1,0,NA,7.7
2005-09-28,2,0,NA,7.5
2005-09-28,3,6,50,5.9
2005-09-28,4,0,NA,5
2005-09-28,5,0,NA,3.9
2005-09-28,6,6,50,4.5
2005-09-28,7,4,60,5.2
2005-09-28,8,13,80,7.2
2005-09-28,9,6,140,9.6
2005-09-28,10,0,NA,12.1
2005-09-28,11,6,130,13.5
2005-09-28,12,4,240,16.5
2005-09-28,13,6,190,20.1
2005-09-28,14,11,160,21.1
2005-09-28,15,15,190,21.2
2005-09-28,16,13,200,21.4
2005-09-28,17,6,200,18.5
2005-09-28,18,6,200,18.9
2005-09-28,19,0,NA,15.3
2005-09-28,20,6,90,13.7
2005-09-28,21,7,100,15
2005-09-28,22,6,270,14.9
2005-09-28,23,0,NA,12.4
2005-09-29,0,4,80,12
2005-09-29,1,6,290,11.6
2005-09-29,2,0,NA,11.2
2005-09-29,3,6,310,11.1
2005-09-29,4,4,310,11.2
2005-09-29,5,4,280,11
2005-09-29,6,7,220,12.3
2005-09-29,7,6,300,12
2005-09-29,8,6,300,13.2
2005-09-29,9,7,200,14.5
2005-09-29,10,15,150,14.5
2005-09-29,11,19,150,14.1
2005-09-29,12,19,150,13.9
2005-09-29,13,17,160,13.5
2005-09-29,14,20,150,12.7
2005-09-29,15,15,160,12.6
2005-09-29,16,13,140,12.9
2005-09-29,17,9,150,13
2005-09-29,18,6,260,12.8
2005-09-29,19,4,280,12.1
2005-09-29,20,13,170,14.2
2005-09-29,21,4,230,13.4
2005-09-29,22,7,210,15.7
2005-09-29,23,6,240,14.5
2005-09-30,0,4,320,13.9
2005-09-30,1,0,NA,14.5
2005-09-30,2,4,100,12.9
2005-09-30,3,4,130,13
2005-09-30,4,7,310,13.2
2005-09-30,5,4,30,12.8
2005-09-30,6,6,10,13.3
2005-09-30,7,7,320,13.8
2005-09-30,8,7,10,13
2005-09-30,9,6,360,14
2005-09-30,10,6,60,14.4
2005-09-30,11,6,50,15.2
2005-09-30,12,9,300,16
2005-09-30,13,6,300,16
2005-09-30,14,7,290,16.1
2005-09-30,15,0,NA,15.4
2005-09-30,16,4,170,14.4
2005-09-30,17,6,320,13.8
2005-09-30,18,7,200,14.5
2005-09-30,19,7,260,12.9
2005-09-30,20,4,260,12.3
2005-09-30,21,6,260,11.1
2005-09-30,22,7,300,10.9
2005-09-30,23,7,320,11.5
2006-05-01,0,7,70,4.1
2006-05-01,1,9,90,3.8
2006-05-01,2,7,90,3.4
2006-05-01,3,9,80,3.9
2006-05-01,4,6,60,3.4
2006-05-01,5,0,NA,2.8
2006-05-01,6,0,NA,3.2
2006-05-01,7,4,160,4.1
2006-05-01,8,4,190,4.8
2006-05-01,9,4,210,5.7
2006-05-01,10,4,210,7.4
2006-05-01,11,6,270,8.8
2006-05-01,12,9,260,7.6
2006-05-01,13,13,80,9
2006-05-01,14,15,150,7.4
2006-05-01,15,4,230,6.7
2006-05-01,16,6,160,6.6
2006-05-01,17,7,140,5.8
2006-05-01,18,9,130,5.9
2006-05-01,19,4,170,4.7
2006-05-01,20,0,NA,4.5
2006-05-01,21,0,NA,4
2006-05-01,22,4,90,2.7
2006-05-01,23,4,70,3.1
2006-05-02,0,4,310,2.5
2006-05-02,1,0,NA,1.9
2006-05-02,2,4,70,1.9
2006-05-02,3,4,80,1.3
2006-05-02,4,4,100,1.2
2006-05-02,5,6,80,1.7
2006-05-02,6,0,NA,1.6
2006-05-02,7,6,120,4.2
2006-05-02,8,4,210,5.7
2006-05-02,9,6,240,7.5
2006-05-02,10,6,210,9.6
2006-05-02,11,7,250,9.4
2006-05-02,12,4,280,9.7
2006-05-02,13,0,NA,10.7
2006-05-02,14,4,210,11.4
2006-05-02,15,6,150,12.7
2006-05-02,16,7,230,13.3
2006-05-02,17,9,160,13.1
2006-05-02,18,6,150,11.9
2006-05-02,19,0,NA,9.4
2006-05-02,20,4,60,6.7
2006-05-02,21,6,60,5.6
2006-05-02,22,7,60,5.4
2006-05-02,23,0,NA,4.7
2006-05-03,0,6,40,3.9
2006-05-03,1,4,40,3.4
2006-05-03,2,6,30,3.3
2006-05-03,3,0,NA,2.5
2006-05-03,4,4,40,2
2006-05-03,5,4,30,2.4
2006-05-03,6,0,NA,4.6
2006-05-03,7,4,250,5.3
2006-05-03,8,6,290,7.1
2006-05-03,9,9,300,8.8
2006-05-03,10,13,310,10.8
2006-05-03,11,9,280,12.3
2006-05-03,12,0,NA,14.2
2006-05-03,13,4,140,16.4
2006-05-03,14,4,130,15.3
2006-05-03,15,0,NA,16.4
2006-05-03,16,4,280,15.5
2006-05-03,17,0,NA,15
2006-05-03,18,9,310,15.5
2006-05-03,19,0,NA,12.9
2006-05-03,20,6,340,9.7
2006-05-03,21,6,50,9.6
2006-05-03,22,4,40,8.3
2006-05-03,23,6,20,8.3
2006-05-04,0,6,50,6.5
2006-05-04,1,7,40,6.1
2006-05-04,2,6,30,5.4
2006-05-04,3,6,70,3.8
2006-05-04,4,0,NA,4
2006-05-04,5,6,30,3.8
2006-05-04,6,0,NA,5.2
2006-05-04,7,4,250,6.3
2006-05-04,8,0,NA,8.7
2006-05-04,9,6,250,10.5
2006-05-04,10,6,270,12.3
2006-05-04,11,0,NA,14.6
2006-05-04,12,0,NA,16.4
2006-05-04,13,0,NA,17.9
2006-05-04,14,9,290,18.4
2006-05-04,15,11,300,19.1
2006-05-04,16,11,300,19.1
2006-05-04,17,9,290,19.1
2006-05-04,18,0,NA,19.5
2006-05-04,19,4,50,14
2006-05-04,20,11,60,11.6
2006-05-04,21,11,60,10.3
2006-05-04,22,6,50,11.1
2006-05-04,23,6,30,10.4
2006-05-05,0,6,50,8.4
2006-05-05,1,6,50,7.7
2006-05-05,2,7,60,6.5
2006-05-05,3,6,50,6.4
2006-05-05,4,0,NA,5.2
2006-05-05,5,0,NA,4.8
2006-05-05,6,6,60,7.1
2006-05-05,7,4,240,7
2006-05-05,8,6,110,10.1
2006-05-05,9,4,220,12.1
2006-05-05,10,4,220,14.1
2006-05-05,11,0,NA,16.1
2006-05-05,12,6,280,17.4
2006-05-05,13,0,NA,19.8
2006-05-05,14,7,140,21.4
2006-05-05,15,7,160,22.1
2006-05-05,16,13,160,21.5
2006-05-05,17,7,150,21.3
2006-05-05,18,11,210,20.5
2006-05-05,19,9,180,18.9
2006-05-05,20,6,90,16
2006-05-05,21,11,80,13.5
2006-05-05,22,13,70,12.4
2006-05-05,23,19,70,11.8
2006-05-06,0,13,60,10.9
2006-05-06,1,13,70,10
2006-05-06,2,13,70,9.1
2006-05-06,3,13,60,8.2
2006-05-06,4,9,60,7.6
2006-05-06,5,11,60,7.3
2006-05-06,6,6,60,10
2006-05-06,7,7,80,11.1
2006-05-06,8,7,290,12.4
2006-05-06,9,7,320,13.9
2006-05-06,10,0,NA,17.9
2006-05-06,11,15,180,18.5
2006-05-06,12,11,200,19
2006-05-06,13,11,210,18.9
2006-05-06,14,17,200,19.5
2006-05-06,15,15,230,18.2
2006-05-06,16,15,210,19
2006-05-06,17,17,210,18.5
2006-05-06,18,15,210,17.4
2006-05-06,19,7,250,15.3
2006-05-06,20,7,250,13.6
2006-05-06,21,11,170,13.6
2006-05-06,22,13,160,13.3
2006-05-06,23,13,150,12.6
2006-05-07,0,13,150,12.2
2006-05-07,1,9,150,11.7
2006-05-07,2,9,160,11.4
2006-05-07,3,11,160,11.1
2006-05-07,4,6,170,10.6
2006-05-07,5,7,170,9.9
2006-05-07,6,11,140,9.8
2006-05-07,7,9,140,9.4
2006-05-07,8,11,170,9.1
2006-05-07,9,13,150,8.8
2006-05-07,10,17,150,9.2
2006-05-07,11,15,150,9.8
2006-05-07,12,15,160,11.2
2006-05-07,13,13,150,11.4
2006-05-07,14,11,190,12.8
2006-05-07,15,15,190,12
2006-05-07,16,15,180,11.7
2006-05-07,17,19,190,12.2
2006-05-07,18,19,200,11.2
2006-05-07,19,11,190,10.3
2006-05-07,20,17,160,9
2006-05-07,21,15,160,8.3
2006-05-07,22,11,40,6.4
2006-05-07,23,11,100,5.6
2006-05-08,0,6,110,5.6
2006-05-08,1,4,10,4.6
2006-05-08,2,4,260,3.9
2006-05-08,3,7,10,3.2
2006-05-08,4,9,60,2.6
2006-05-08,5,0,NA,2.1
2006-05-08,6,6,90,4.4
2006-05-08,7,0,NA,7.6
2006-05-08,8,4,300,8.2
2006-05-08,9,9,310,9.1
2006-05-08,10,11,300,10.3
2006-05-08,11,33,320,8.6
2006-05-08,12,20,320,11
2006-05-08,13,19,280,8.1
2006-05-08,14,0,NA,8.2
2006-05-08,15,7,210,7.3
2006-05-08,16,4,330,7.5
2006-05-08,17,6,160,9
2006-05-08,18,6,250,7.6
2006-05-08,19,6,130,5.6
2006-05-08,20,6,70,3.7
2006-05-08,21,6,60,3.8
2006-05-08,22,4,330,3.5
2006-05-08,23,7,60,1.8
2006-05-09,0,6,100,2.1
2006-05-09,1,7,70,1.1
2006-05-09,2,7,60,0.8
2006-05-09,3,7,70,0.2
2006-05-09,4,7,70,-0.6
2006-05-09,5,7,70,0.2
2006-05-09,6,0,NA,1.9
2006-05-09,7,4,240,3.2
2006-05-09,8,6,240,5.2
2006-05-09,9,6,260,7.1
2006-05-09,10,9,250,8.9
2006-05-09,11,9,300,10.7
2006-05-09,12,4,350,12.6
2006-05-09,13,6,290,13.6
2006-05-09,14,11,290,14.5
2006-05-09,15,15,310,15.2
2006-05-09,16,17,290,14.9
2006-05-09,17,19,330,13.8
2006-05-09,18,20,320,13.6
2006-05-09,19,13,320,12.2
2006-05-09,20,13,320,11
2006-05-09,21,0,NA,8.3
2006-05-09,22,6,100,7.7
2006-05-09,23,9,60,6.5
2006-05-10,0,6,50,5.3
2006-05-10,1,7,60,4.7
2006-05-10,2,9,60,3.7
2006-05-10,3,9,60,3.1
2006-05-10,4,6,340,3.4
2006-05-10,5,4,10,3.2
2006-05-10,6,0,NA,5.3
2006-05-10,7,0,NA,5.7
2006-05-10,8,4,250,7.7
2006-05-10,9,4,280,9.8
2006-05-10,10,6,250,11.6
2006-05-10,11,4,240,13.9
2006-05-10,12,4,270,14.8
2006-05-10,13,6,300,16.6
2006-05-10,14,0,NA,18.8
2006-05-10,15,4,200,18.6
2006-05-10,16,0,NA,19.5
2006-05-10,17,0,NA,18.9
2006-05-10,18,7,330,16.4
2006-05-10,19,0,NA,13.8
2006-05-10,20,6,360,12.3
2006-05-10,21,4,50,12.1
2006-05-10,22,7,330,11.9
2006-05-10,23,0,NA,11.3
2006-05-11,0,0,NA,10.1
2006-05-11,1,4,20,9.3
2006-05-11,2,4,330,9.2
2006-05-11,3,0,NA,8.2
2006-05-11,4,0,NA,7.7
2006-05-11,5,0,NA,7.6
2006-05-11,6,0,NA,8.7
2006-05-11,7,0,NA,9.2
2006-05-11,8,0,NA,11.2
2006-05-11,9,7,270,11.5
2006-05-11,10,0,NA,13.5
2006-05-11,11,0,NA,15.4
2006-05-11,12,4,240,15.7
2006-05-11,13,6,200,16.9
2006-05-11,14,13,170,16.3
2006-05-11,15,11,120,13.2
2006-05-11,16,11,140,12.6
2006-05-11,17,11,150,12.6
2006-05-11,18,6,220,12.2
2006-05-11,19,6,160,11.8
2006-05-11,20,6,90,10.9
2006-05-11,21,0,NA,10.9
2006-05-11,22,0,NA,9.9
2006-05-11,23,0,NA,9.5
2006-05-12,0,4,340,9.4
2006-05-12,1,4,20,7.9
2006-05-12,2,4,320,8.4
2006-05-12,3,0,NA,7.3
2006-05-12,4,0,NA,6.8
2006-05-12,5,0,NA,7.3
2006-05-12,6,0,NA,7.5
2006-05-12,7,0,NA,9
2006-05-12,8,0,NA,10.4
2006-05-12,9,6,210,13.7
2006-05-12,10,15,230,13.8
2006-05-12,11,11,170,14.3
2006-05-12,12,9,180,14.9
2006-05-12,13,19,190,16.7
2006-05-12,14,17,220,17.4
2006-05-12,15,26,330,11.9
2006-05-12,16,28,310,9.1
2006-05-12,17,33,340,7.6
2006-05-12,18,30,320,7.4
2006-05-12,19,24,330,7.2
2006-05-12,20,6,290,6.7
2006-05-12,21,15,310,7.4
2006-05-12,22,11,320,6.6
2006-05-12,23,15,330,5.4
2006-05-13,0,15,330,5.3
2006-05-13,1,9,330,4.5
2006-05-13,2,13,320,4.2
2006-05-13,3,4,340,2.7
2006-05-13,4,6,360,2.8
2006-05-13,5,4,20,2.5
2006-05-13,6,0,NA,4
2006-05-13,7,9,320,5.4
2006-05-13,8,6,310,7.6
2006-05-13,9,11,300,8.7
2006-05-13,10,9,280,10.7
2006-05-13,11,7,300,13.2
2006-05-13,12,7,310,14
2006-05-13,13,6,240,15.7
2006-05-13,14,4,280,16.7
2006-05-13,15,0,NA,19.3
2006-05-13,16,9,290,18.8
2006-05-13,17,6,310,17.2
2006-05-13,18,9,300,14.8
2006-05-13,19,6,340,13.6
2006-05-13,20,0,NA,11.4
2006-05-13,21,7,340,11.4
2006-05-13,22,9,330,10.7
2006-05-13,23,6,330,9.5
2006-05-14,0,6,350,9.6
2006-05-14,1,4,40,7.9
2006-05-14,2,6,30,7.5
2006-05-14,3,6,50,6.5
2006-05-14,4,0,NA,6.3
2006-05-14,5,4,40,6.2
2006-05-14,6,0,NA,8
2006-05-14,7,0,NA,9.5
2006-05-14,8,6,300,11.6
2006-05-14,9,7,280,13.3
2006-05-14,10,9,270,14.7
2006-05-14,11,0,NA,17.2
2006-05-14,12,4,290,19.1
2006-05-14,13,4,310,21
2006-05-14,14,0,NA,23.4
2006-05-14,15,0,NA,24.2
2006-05-14,16,4,290,24.6
2006-05-14,17,4,290,23.9
2006-05-14,18,6,290,21.3
2006-05-14,19,7,300,17.9
2006-05-14,20,6,50,16.6
2006-05-14,21,7,340,15.8
2006-05-14,22,11,330,15.7
2006-05-14,23,7,340,14
2006-05-15,0,6,360,13.6
2006-05-15,1,4,330,11.9
2006-05-15,2,0,NA,11.5
2006-05-15,3,4,40,9.9
2006-05-15,4,4,40,9.2
2006-05-15,5,0,NA,9.5
2006-05-15,6,0,NA,11.1
2006-05-15,7,0,NA,12.6
2006-05-15,8,4,320,15.4
2006-05-15,9,6,280,16.3
2006-05-15,10,0,NA,18.3
2006-05-15,11,4,240,20.1
2006-05-15,12,6,290,21.7
2006-05-15,13,9,290,23
2006-05-15,14,9,290,24
2006-05-15,15,6,290,25.4
2006-05-15,16,6,290,25.9
2006-05-15,17,0,NA,26.3
2006-05-15,18,0,NA,25.5
2006-05-15,19,6,350,22.5
2006-05-15,20,11,320,20.1
2006-05-15,21,7,320,19.1
2006-05-15,22,9,340,17.9
2006-05-15,23,6,10,17.2
2006-05-16,0,7,360,16.7
2006-05-16,1,4,40,13.8
2006-05-16,2,4,60,13.6
2006-05-16,3,0,NA,12.9
2006-05-16,4,4,220,12.7
2006-05-16,5,0,NA,12.4
2006-05-16,6,0,NA,13.3
2006-05-16,7,0,NA,15.2
2006-05-16,8,9,290,16
2006-05-16,9,7,310,18.5
2006-05-16,10,9,300,20.4
2006-05-16,11,6,280,22.3
2006-05-16,12,6,280,23.7
2006-05-16,13,7,290,25.8
2006-05-16,14,0,NA,27.2
2006-05-16,15,0,NA,28.7
2006-05-16,16,0,NA,29
2006-05-16,17,0,NA,29.6
2006-05-16,18,0,NA,28.2
2006-05-16,19,6,320,24
2006-05-16,20,6,20,21.8
2006-05-16,21,6,330,20.2
2006-05-16,22,6,310,18.8
2006-05-16,23,4,50,18.1
2006-05-17,0,6,30,17
2006-05-17,1,4,200,16
2006-05-17,2,6,80,14.7
2006-05-17,3,0,NA,14.3
2006-05-17,4,0,NA,13.8
2006-05-17,5,0,NA,13.1
2006-05-17,6,0,NA,14.5
2006-05-17,7,0,NA,16.3
2006-05-17,8,4,260,17.8
2006-05-17,9,7,300,20.1
2006-05-17,10,6,280,21.4
2006-05-17,11,6,290,23
2006-05-17,12,0,NA,25.1
2006-05-17,13,0,NA,27.8
2006-05-17,14,0,NA,28.6
2006-05-17,15,0,NA,30.2
2006-05-17,16,4,270,30.1
2006-05-17,17,0,NA,30.1
2006-05-17,18,0,NA,28.5
2006-05-17,19,0,NA,24.9
2006-05-17,20,4,40,23
2006-05-17,21,7,40,22.7
2006-05-17,22,6,330,21
2006-05-17,23,6,300,18.8
2006-05-18,0,0,NA,16.6
2006-05-18,1,6,360,17.8
2006-05-18,2,6,320,16.1
2006-05-18,3,0,NA,15
2006-05-18,4,7,70,13.6
2006-05-18,5,7,60,13.7
2006-05-18,6,4,70,16.8
2006-05-18,7,6,250,15.9
2006-05-18,8,4,290,18.3
2006-05-18,9,6,290,20.2
2006-05-18,10,6,300,21.3
2006-05-18,11,0,NA,23.8
2006-05-18,12,0,NA,25.8
2006-05-18,13,0,NA,27.8
2006-05-18,14,6,290,28.2
2006-05-18,15,17,290,25.8
2006-05-18,16,4,40,28.7
2006-05-18,17,9,60,28.9
2006-05-18,18,0,NA,26.6
2006-05-18,19,0,NA,25.7
2006-05-18,20,7,60,22.9
2006-05-18,21,6,10,21.9
2006-05-18,22,4,10,20.6
2006-05-18,23,6,340,18.9
2006-05-19,0,0,NA,18.4
2006-05-19,1,NA,NA,NA
2006-05-19,2,7,60,16.4
2006-05-19,3,0,NA,15.2
2006-05-19,4,7,60,15.4
2006-05-19,5,0,NA,16
2006-05-19,6,0,NA,16.6
2006-05-19,7,4,70,16.8
2006-05-19,8,4,260,16.9
2006-05-19,9,0,NA,19.4
2006-05-19,10,4,250,20
2006-05-19,11,0,NA,23.4
2006-05-19,12,0,NA,23.7
2006-05-19,13,0,NA,26
2006-05-19,14,6,320,25.7
2006-05-19,15,19,320,27.2
2006-05-19,16,19,320,25.9
2006-05-19,17,11,310,24.7
2006-05-19,18,9,130,20.3
2006-05-19,19,4,230,19.7
2006-05-19,20,4,190,17.2
2006-05-19,21,7,90,16.2
2006-05-19,22,0,NA,16.7
2006-05-19,23,6,130,15.9
2006-05-20,0,6,50,14.5
2006-05-20,1,6,50,13.7
2006-05-20,2,7,330,13.6
2006-05-20,3,4,30,14.4
2006-05-20,4,6,30,12.7
2006-05-20,5,4,190,13.5
2006-05-20,6,4,320,14.2
2006-05-20,7,6,150,14
2006-05-20,8,0,NA,14.8
2006-05-20,9,4,120,14.5
2006-05-20,10,4,170,14.7
2006-05-20,11,4,270,13.7
2006-05-20,12,0,NA,14.2
2006-05-20,13,9,170,15.6
2006-05-20,14,11,160,17
2006-05-20,15,13,140,17.4
2006-05-20,16,7,170,16.8
2006-05-20,17,6,300,16
2006-05-20,18,0,NA,16.2
2006-05-20,19,4,290,15.6
2006-05-20,20,0,NA,14.8
2006-05-20,21,0,NA,14.2
2006-05-20,22,4,280,13.9
2006-05-20,23,0,NA,13.6
2006-05-21,0,0,NA,12.9
2006-05-21,1,4,330,12.4
2006-05-21,2,4,50,12
2006-05-21,3,4,250,11.6
2006-05-21,4,4,80,11.3
2006-05-21,5,4,330,11.2
2006-05-21,6,6,100,12.3
2006-05-21,7,0,NA,14.3
2006-05-21,8,0,NA,16
2006-05-21,9,0,NA,17.6
2006-05-21,10,4,270,18.7
2006-05-21,11,0,NA,20.1
2006-05-21,12,6,220,20.5
2006-05-21,13,6,230,20.9
2006-05-21,14,6,290,21.8
2006-05-21,15,6,300,20
2006-05-21,16,6,300,21.5
2006-05-21,17,6,300,18.8
2006-05-21,18,6,270,18.5
2006-05-21,19,17,320,18.6
2006-05-21,20,15,320,16.4
2006-05-21,21,13,330,16.5
2006-05-21,22,13,330,15
2006-05-21,23,4,340,14.5
2006-05-22,0,6,340,14.2
2006-05-22,1,7,320,13.1
2006-05-22,2,0,NA,12.3
2006-05-22,3,4,30,11.7
2006-05-22,4,6,280,11.2
2006-05-22,5,4,360,11.9
2006-05-22,6,6,310,11.8
2006-05-22,7,11,310,13
2006-05-22,8,7,320,14.7
2006-05-22,9,9,290,14.5
2006-05-22,10,4,280,15.8
2006-05-22,11,6,270,17.9
2006-05-22,12,4,280,18.5
2006-05-22,13,6,260,20.4
2006-05-22,14,17,300,19.6
2006-05-22,15,9,290,16.7
2006-05-22,16,15,160,14.8
2006-05-22,17,7,180,14.9
2006-05-22,18,6,120,14.4
2006-05-22,19,6,60,14.4
2006-05-22,20,4,10,13.8
2006-05-22,21,6,100,13.4
2006-05-22,22,0,NA,13.3
2006-05-22,23,7,100,13.2
2006-05-23,0,4,90,13.1
2006-05-23,1,4,100,13.1
2006-05-23,2,0,NA,12.9
2006-05-23,3,4,160,12.7
2006-05-23,4,6,140,12.9
2006-05-23,5,13,170,13.3
2006-05-23,6,9,100,13.6
2006-05-23,7,7,160,15
2006-05-23,8,9,160,16.5
2006-05-23,9,13,180,16.9
2006-05-23,10,9,170,18.8
2006-05-23,11,11,190,19.6
2006-05-23,12,13,190,20.3
2006-05-23,13,19,190,19.9
2006-05-23,14,7,150,21.8
2006-05-23,15,9,190,21.5
2006-05-23,16,9,160,19.8
2006-05-23,17,6,180,21.8
2006-05-23,18,6,270,21
2006-05-23,19,6,300,17
2006-05-23,20,9,340,16.4
2006-05-23,21,6,310,14.9
2006-05-23,22,9,330,14.4
2006-05-23,23,6,360,12.3
2006-05-24,0,6,70,11.8
2006-05-24,1,4,340,12
2006-05-24,2,6,40,10.8
2006-05-24,3,4,80,10.5
2006-05-24,4,7,60,9.9
2006-05-24,5,4,60,10.2
2006-05-24,6,0,NA,11.5
2006-05-24,7,4,160,12.8
2006-05-24,8,0,NA,12.1
2006-05-24,9,0,NA,12.7
2006-05-24,10,4,160,16.6
2006-05-24,11,4,240,17.5
2006-05-24,12,0,NA,18.7
2006-05-24,13,0,NA,20.3
2006-05-24,14,9,150,21.1
2006-05-24,15,15,270,19.1
2006-05-24,16,20,310,15.9
2006-05-24,17,11,320,15.7
2006-05-24,18,6,350,14.6
2006-05-24,19,15,310,13.8
2006-05-24,20,4,350,13.4
2006-05-24,21,6,340,12.1
2006-05-24,22,6,140,11.5
2006-05-24,23,0,NA,11.6
2006-05-25,0,9,60,10.3
2006-05-25,1,0,NA,10
2006-05-25,2,4,360,8.9
2006-05-25,3,7,70,7.8
2006-05-25,4,7,50,7.8
2006-05-25,5,6,70,7.8
2006-05-25,6,4,350,9.6
2006-05-25,7,4,260,11
2006-05-25,8,4,60,12.6
2006-05-25,9,4,240,15
2006-05-25,10,9,150,15.7
2006-05-25,11,13,170,15
2006-05-25,12,6,90,17.9
2006-05-25,13,4,260,17.8
2006-05-25,14,9,310,17.1
2006-05-25,15,15,310,15.3
2006-05-25,16,11,310,15.7
2006-05-25,17,11,320,15.7
2006-05-25,18,15,320,14.6
2006-05-25,19,13,310,13.1
2006-05-25,20,7,310,11.9
2006-05-25,21,9,290,11.1
2006-05-25,22,13,340,11.8
2006-05-25,23,9,300,11.3
2006-05-26,0,7,330,10.8
2006-05-26,1,6,130,8.9
2006-05-26,2,7,150,8.3
2006-05-26,3,0,NA,7.9
2006-05-26,4,0,NA,7.9
2006-05-26,5,0,NA,8.2
2006-05-26,6,0,NA,8.8
2006-05-26,7,7,160,8.6
2006-05-26,8,17,160,9.3
2006-05-26,9,13,160,10.7
2006-05-26,10,15,170,10.6
2006-05-26,11,13,160,11.4
2006-05-26,12,19,150,12.5
2006-05-26,13,17,130,11
2006-05-26,14,9,110,11.3
2006-05-26,15,13,150,14
2006-05-26,16,13,170,12.6
2006-05-26,17,7,150,11.7
2006-05-26,18,7,80,11.5
2006-05-26,19,6,70,12
2006-05-26,20,7,80,8.3
2006-05-26,21,11,70,8.1
2006-05-26,22,9,60,7.6
2006-05-26,23,13,70,7
2006-05-27,0,6,40,6.1
2006-05-27,1,4,40,6
2006-05-27,2,0,NA,5.4
2006-05-27,3,7,60,4.2
2006-05-27,4,0,NA,4.9
2006-05-27,5,4,30,4.8
2006-05-27,6,0,NA,6.2
2006-05-27,7,4,280,8.4
2006-05-27,8,9,300,9.5
2006-05-27,9,13,310,11
2006-05-27,10,11,320,11.4
2006-05-27,11,4,170,12.2
2006-05-27,12,7,300,13.2
2006-05-27,13,4,40,13.7
2006-05-27,14,6,140,11.4
2006-05-27,15,7,340,12.4
2006-05-27,16,4,310,10.7
2006-05-27,17,4,80,10.2
2006-05-27,18,7,50,10.4
2006-05-27,19,4,170,10
2006-05-27,20,7,80,8.7
2006-05-27,21,7,70,8.9
2006-05-27,22,4,30,8.7
2006-05-27,23,6,70,8.4
2006-05-28,0,4,340,8.4
2006-05-28,1,0,NA,8
2006-05-28,2,6,330,8.2
2006-05-28,3,0,NA,7.8
2006-05-28,4,4,320,7.7
2006-05-28,5,4,350,8
2006-05-28,6,0,NA,8.9
2006-05-28,7,0,NA,9.6
2006-05-28,8,6,290,10.4
2006-05-28,9,6,290,10.8
2006-05-28,10,0,NA,12.1
2006-05-28,11,0,NA,13.7
2006-05-28,12,0,NA,16
2006-05-28,13,7,130,16.8
2006-05-28,14,17,50,15.6
2006-05-28,15,15,270,15.9
2006-05-28,16,4,130,15.4
2006-05-28,17,4,240,14.1
2006-05-28,18,6,160,14.4
2006-05-28,19,11,140,12
2006-05-28,20,11,160,12
2006-05-28,21,6,120,11.4
2006-05-28,22,7,90,10.7
2006-05-28,23,6,150,10.8
2006-05-29,0,6,130,10.2
2006-05-29,1,6,110,9.8
2006-05-29,2,0,NA,9.6
2006-05-29,3,0,NA,9.5
2006-05-29,4,0,NA,9.2
2006-05-29,5,6,340,9.1
2006-05-29,6,0,NA,9.8
2006-05-29,7,0,NA,10.7
2006-05-29,8,4,150,11.9
2006-05-29,9,7,140,13
2006-05-29,10,11,150,13.6
2006-05-29,11,13,150,13.4
2006-05-29,12,9,160,14.1
2006-05-29,13,15,160,16.4
2006-05-29,14,22,170,16.8
2006-05-29,15,11,210,18
2006-05-29,16,6,170,15.3
2006-05-29,17,9,150,15
2006-05-29,18,13,150,13.7
2006-05-29,19,11,150,13
2006-05-29,20,7,90,11.7
2006-05-29,21,6,90,11.1
2006-05-29,22,6,90,10.6
2006-05-29,23,6,120,10.2
2006-05-30,0,7,90,9.6
2006-05-30,1,13,90,9.4
2006-05-30,2,9,90,9.6
2006-05-30,3,6,90,8.2
2006-05-30,4,0,NA,7.5
2006-05-30,5,0,NA,8.9
2006-05-30,6,4,220,10
2006-05-30,7,0,NA,11.1
2006-05-30,8,4,110,12.2
2006-05-30,9,7,110,15
2006-05-30,10,7,170,16.9
2006-05-30,11,4,180,19.3
2006-05-30,12,7,210,18
2006-05-30,13,7,150,21.2
2006-05-30,14,6,150,19.8
2006-05-30,15,4,350,20.6
2006-05-30,16,0,NA,20.4
2006-05-30,17,0,NA,22.2
2006-05-30,18,7,160,20.7
2006-05-30,19,6,140,18.7
2006-05-30,20,7,60,15.4
2006-05-30,21,9,60,13.9
2006-05-30,22,13,70,13.9
2006-05-30,23,6,40,13.3
2006-05-31,0,4,30,12.3
2006-05-31,1,6,30,11.4
2006-05-31,2,6,40,10.6
2006-05-31,3,7,50,9.7
2006-05-31,4,6,30,9.1
2006-05-31,5,9,60,9.2
2006-05-31,6,11,60,11.4
2006-05-31,7,7,80,13.2
2006-05-31,8,0,NA,14.7
2006-05-31,9,0,NA,16.6
2006-05-31,10,0,NA,18.5
2006-05-31,11,0,NA,20.2
2006-05-31,12,0,NA,22.7
2006-05-31,13,0,NA,23.7
2006-05-31,14,0,NA,24.7
2006-05-31,15,0,NA,25.5
2006-05-31,16,0,NA,25.8
2006-05-31,17,0,NA,25.8
2006-05-31,18,0,NA,26
2006-05-31,19,4,360,21.8
2006-05-31,20,6,10,18.3
2006-05-31,21,7,20,18.4
2006-05-31,22,7,340,17.6
2006-05-31,23,6,190,16.8
2006-06-01,0,4,350,15.9
2006-06-01,1,6,40,14.5
2006-06-01,2,4,10,14.3
2006-06-01,3,4,270,13.8
2006-06-01,4,9,60,13.5
2006-06-01,5,6,30,12.4
2006-06-01,6,0,NA,14.9
2006-06-01,7,4,170,15.8
2006-06-01,8,0,NA,18.2
2006-06-01,9,0,NA,18.8
2006-06-01,10,0,NA,20.4
2006-06-01,11,0,NA,22.4
2006-06-01,12,0,NA,22.6
2006-06-01,13,0,NA,25.2
2006-06-01,14,0,NA,25.5
2006-06-01,15,4,270,25.2
2006-06-01,16,0,NA,24.6
2006-06-01,17,0,NA,25.4
2006-06-01,18,4,270,22.8
2006-06-01,19,6,310,20.4
2006-06-01,20,4,350,21.7
2006-06-01,21,6,340,20.8
2006-06-01,22,7,50,18.4
2006-06-01,23,11,320,19.2
2006-06-02,0,4,40,18.4
2006-06-02,1,6,80,17.2
2006-06-02,2,9,60,16.3
2006-06-02,3,7,50,15.1
2006-06-02,4,9,70,14.8
2006-06-02,5,7,60,15.2
2006-06-02,6,7,70,17.9
2006-06-02,7,0,NA,18.1
2006-06-02,8,0,NA,20.3
2006-06-02,9,6,160,23.2
2006-06-02,10,6,100,24.5
2006-06-02,11,0,NA,25.3
2006-06-02,12,0,NA,26.4
2006-06-02,13,17,320,22.5
2006-06-02,14,13,90,17.7
2006-06-02,15,9,70,19.1
2006-06-02,16,11,180,19.5
2006-06-02,17,15,160,18.2
2006-06-02,18,13,160,17.9
2006-06-02,19,13,160,17.2
2006-06-02,20,13,160,16
2006-06-02,21,11,160,16.1
2006-06-02,22,15,160,16
2006-06-02,23,13,150,15.4
2006-06-03,0,9,170,15.3
2006-06-03,1,6,180,14.7
2006-06-03,2,0,NA,13.8
2006-06-03,3,0,NA,13.2
2006-06-03,4,4,90,12.6
2006-06-03,5,0,NA,12.9
2006-06-03,6,0,NA,13.8
2006-06-03,7,7,160,15.9
2006-06-03,8,9,150,18.1
2006-06-03,9,9,140,19.9
2006-06-03,10,13,180,19.6
2006-06-03,11,11,150,18.7
2006-06-03,12,15,170,21
2006-06-03,13,13,140,22.1
2006-06-03,14,11,160,20.6
2006-06-03,15,13,160,22
2006-06-03,16,13,160,21.5
2006-06-03,17,9,160,21.4
2006-06-03,18,13,160,20.8
2006-06-03,19,9,170,19.6
2006-06-03,20,9,140,16.9
2006-06-03,21,9,60,14.4
2006-06-03,22,11,70,13.1
2006-06-03,23,13,60,13.6
2006-06-04,0,6,60,12.7
2006-06-04,1,6,50,12
2006-06-04,2,6,10,11.9
2006-06-04,3,4,360,11.4
2006-06-04,4,6,340,10.9
2006-06-04,5,6,290,11.2
2006-06-04,6,6,280,11.2
2006-06-04,7,4,200,11.8
2006-06-04,8,0,NA,11
2006-06-04,9,0,NA,11.8
2006-06-04,10,6,270,11.3
2006-06-04,11,0,NA,11.1
2006-06-04,12,4,270,11.1
2006-06-04,13,7,260,11.5
2006-06-04,14,4,230,11.8
2006-06-04,15,4,270,11.4
2006-06-04,16,0,NA,11.4
2006-06-04,17,0,NA,11.6
2006-06-04,18,4,280,11.7
2006-06-04,19,0,NA,12.1
2006-06-04,20,0,NA,11.9
2006-06-04,21,4,180,12
2006-06-04,22,0,NA,11.9
2006-06-04,23,4,300,11.3
2006-06-05,0,4,30,11.2
2006-06-05,1,6,60,11
2006-06-05,2,0,NA,11.1
2006-06-05,3,4,60,11.3
2006-06-05,4,4,70,11.3
2006-06-05,5,0,NA,11.5
2006-06-05,6,0,NA,12.2
2006-06-05,7,0,NA,13.6
2006-06-05,8,0,NA,14.5
2006-06-05,9,6,170,15.9
2006-06-05,10,9,150,16.8
2006-06-05,11,7,170,18.2
2006-06-05,12,6,180,19.1
2006-06-05,13,4,190,19.3
2006-06-05,14,6,160,19.8
2006-06-05,15,6,140,21.5
2006-06-05,16,7,190,22.1
2006-06-05,17,6,180,20.6
2006-06-05,18,6,170,20.9
2006-06-05,19,6,170,19.1
2006-06-05,20,7,70,16.4
2006-06-05,21,17,320,14.9
2006-06-05,22,15,340,14.2
2006-06-05,23,4,360,13.2
2006-06-06,0,15,330,12.3
2006-06-06,1,4,300,11.3
2006-06-06,2,0,NA,10.4
2006-06-06,3,0,NA,10.6
2006-06-06,4,4,350,10.2
2006-06-06,5,0,NA,10.3
2006-06-06,6,9,330,12.1
2006-06-06,7,9,320,13.7
2006-06-06,8,9,290,14.6
2006-06-06,9,9,290,16.5
2006-06-06,10,9,280,17.7
2006-06-06,11,4,280,19.3
2006-06-06,12,0,NA,21.1
2006-06-06,13,0,NA,23
2006-06-06,14,6,250,24
2006-06-06,15,6,240,24.6
2006-06-06,16,6,200,24.4
2006-06-06,17,0,NA,24.4
2006-06-06,18,0,NA,25
2006-06-06,19,0,NA,22.5
2006-06-06,20,6,20,18
2006-06-06,21,6,40,17.2
2006-06-06,22,7,360,17.4
2006-06-06,23,0,NA,15.4
2006-06-07,0,4,340,15.2
2006-06-07,1,4,20,14.5
2006-06-07,2,6,40,12.7
2006-06-07,3,4,10,12.9
2006-06-07,4,4,20,12
2006-06-07,5,0,NA,12.7
2006-06-07,6,0,NA,14.1
2006-06-07,7,4,270,15.6
2006-06-07,8,7,300,16.7
2006-06-07,9,7,290,18.8
2006-06-07,10,11,290,19.7
2006-06-07,11,6,290,21.5
2006-06-07,12,6,280,22.7
2006-06-07,13,4,300,24.7
2006-06-07,14,7,290,23.5
2006-06-07,15,9,130,20.2
2006-06-07,16,6,130,17.5
2006-06-07,17,22,60,18.2
2006-06-07,18,13,40,18.6
2006-06-07,19,15,70,17.6
2006-06-07,20,17,90,17.5
2006-06-07,21,13,80,17.1
2006-06-07,22,7,10,17
2006-06-07,23,6,50,17.6
2006-06-08,0,7,280,15.1
2006-06-08,1,6,340,16
2006-06-08,2,4,50,15.4
2006-06-08,3,0,NA,14.6
2006-06-08,4,4,270,14.7
2006-06-08,5,7,80,14.4
2006-06-08,6,4,270,14.8
2006-06-08,7,7,70,14.8
2006-06-08,8,0,NA,15.6
2006-06-08,9,4,280,16.2
2006-06-08,10,4,140,16.6
2006-06-08,11,13,160,13.9
2006-06-08,12,4,230,14.5
2006-06-08,13,4,180,15.6
2006-06-08,14,6,220,15.1
2006-06-08,15,0,NA,17.6
2006-06-08,16,9,160,18.1
2006-06-08,17,9,150,18.1
2006-06-08,18,7,160,16.9
2006-06-08,19,4,190,17.3
2006-06-08,20,0,NA,15.5
2006-06-08,21,4,50,12.9
2006-06-08,22,6,80,12.4
2006-06-08,23,6,90,12.4
2006-06-09,0,0,NA,11.8
2006-06-09,1,9,70,12.2
2006-06-09,2,6,100,11.3
2006-06-09,3,6,100,9.7
2006-06-09,4,4,70,9.7
2006-06-09,5,0,NA,10.8
2006-06-09,6,4,200,11.3
2006-06-09,7,4,160,13.3
2006-06-09,8,0,NA,15.5
2006-06-09,9,4,230,16.6
2006-06-09,10,4,270,18.7
2006-06-09,11,0,NA,19.7
2006-06-09,12,4,300,21.1
2006-06-09,13,0,NA,22.1
2006-06-09,14,6,280,22.6
2006-06-09,15,6,280,23.3
2006-06-09,16,7,280,23.3
2006-06-09,17,9,310,22.5
2006-06-09,18,13,320,20.7
2006-06-09,19,13,310,20
2006-06-09,20,7,330,17.7
2006-06-09,21,4,30,16.3
2006-06-09,22,13,120,15.6
2006-06-09,23,6,60,12.6
2006-06-10,0,0,NA,12.8
2006-06-10,1,6,90,12.6
2006-06-10,2,0,NA,12.6
2006-06-10,3,0,NA,12.5
2006-06-10,4,0,NA,12.5
2006-06-10,5,0,NA,12.6
2006-06-10,6,4,250,12.9
2006-06-10,7,4,260,13.5
2006-06-10,8,0,NA,14.9
2006-06-10,9,7,200,16
2006-06-10,10,7,200,15.1
2006-06-10,11,6,130,16.8
2006-06-10,12,7,160,17.8
2006-06-10,13,6,180,17.5
2006-06-10,14,4,160,17.3
2006-06-10,15,4,330,17.3
2006-06-10,16,6,190,16.5
2006-06-10,17,4,350,16
2006-06-10,18,6,330,14.8
2006-06-10,19,6,350,13.9
2006-06-10,20,6,330,13.3
2006-06-10,21,0,NA,13.2
2006-06-10,22,4,270,12.5
2006-06-10,23,7,310,12.3
2006-06-11,0,4,280,12
2006-06-11,1,6,90,11.8
2006-06-11,2,6,80,11.2
2006-06-11,3,7,70,11
2006-06-11,4,4,350,10.9
2006-06-11,5,4,230,11
2006-06-11,6,0,NA,12.1
2006-06-11,7,0,NA,13.5
2006-06-11,8,4,270,14.6
2006-06-11,9,4,300,16.9
2006-06-11,10,7,300,18.4
2006-06-11,11,6,280,18.8
2006-06-11,12,7,300,17.7
2006-06-11,13,4,280,18.4
2006-06-11,14,0,NA,18.9
2006-06-11,15,4,340,21.7
2006-06-11,16,13,300,20.6
2006-06-11,17,9,30,19.8
2006-06-11,18,15,330,16.5
2006-06-11,19,7,340,16.2
2006-06-11,20,11,310,15.4
2006-06-11,21,6,360,13.4
2006-06-11,22,7,310,13
2006-06-11,23,7,350,12.8
2006-06-12,0,6,270,12.7
2006-06-12,1,4,10,12.6
2006-06-12,2,7,300,12.5
2006-06-12,3,7,320,12.7
2006-06-12,4,4,90,12.9
2006-06-12,5,6,320,13.2
2006-06-12,6,6,300,13.4
2006-06-12,7,9,300,14.7
2006-06-12,8,11,290,14.8
2006-06-12,9,15,300,16.3
2006-06-12,10,15,300,17.3
2006-06-12,11,17,300,18.6
2006-06-12,12,15,300,20.8
2006-06-12,13,17,300,21.5
2006-06-12,14,15,300,21
2006-06-12,15,9,320,20.8
2006-06-12,16,7,340,20
2006-06-12,17,11,30,22.1
2006-06-12,18,4,20,22.6
2006-06-12,19,17,50,21.5
2006-06-12,20,15,50,20.8
2006-06-12,21,20,50,20.2
2006-06-12,22,19,40,19.7
2006-06-12,23,7,300,16.5
2006-06-13,0,13,300,15.6
2006-06-13,1,7,20,15.6
2006-06-13,2,13,310,14.4
2006-06-13,3,11,310,14.2
2006-06-13,4,7,340,14.2
2006-06-13,5,6,250,13.8
2006-06-13,6,4,320,15.3
2006-06-13,7,7,300,17.1
2006-06-13,8,11,290,17.9
2006-06-13,9,6,300,17.1
2006-06-13,10,6,300,16.5
2006-06-13,11,6,340,18
2006-06-13,12,9,310,19
2006-06-13,13,7,300,21.9
2006-06-13,14,7,280,23
2006-06-13,15,9,290,22.4
2006-06-13,16,9,280,23.2
2006-06-13,17,4,310,24.5
2006-06-13,18,11,190,21.8
2006-06-13,19,13,170,20
2006-06-13,20,9,120,16.9
2006-06-13,21,4,140,16.6
2006-06-13,22,4,290,16
2006-06-13,23,7,80,15.6
2006-06-14,0,7,140,15.2
2006-06-14,1,0,NA,15
2006-06-14,2,0,NA,14.4
2006-06-14,3,6,230,14
2006-06-14,4,6,270,13.9
2006-06-14,5,0,NA,13.8
2006-06-14,6,4,190,13.9
2006-06-14,7,0,NA,13.7
2006-06-14,8,13,150,13.1
2006-06-14,9,17,140,12.6
2006-06-14,10,20,150,12.7
2006-06-14,11,19,140,12.9
2006-06-14,12,9,130,13.1
2006-06-14,13,13,150,13.9
2006-06-14,14,11,180,14.4
2006-06-14,15,11,170,14
2006-06-14,16,6,170,14.3
2006-06-14,17,11,160,13.6
2006-06-14,18,6,160,13.8
2006-06-14,19,4,140,13.4
2006-06-14,20,0,NA,13.1
2006-06-14,21,4,230,12.8
2006-06-14,22,0,NA,12.7
2006-06-14,23,4,210,12.4
2006-06-15,0,4,60,12.4
2006-06-15,1,6,90,12.3
2006-06-15,2,0,NA,12.4
2006-06-15,3,0,NA,12.1
2006-06-15,4,0,NA,12.7
2006-06-15,5,0,NA,12.5
2006-06-15,6,6,150,12.3
2006-06-15,7,6,130,12.2
2006-06-15,8,7,160,11.8
2006-06-15,9,7,150,11.7
2006-06-15,10,9,150,11.9
2006-06-15,11,11,160,12
2006-06-15,12,11,150,12.5
2006-06-15,13,13,160,12.7
2006-06-15,14,13,160,13.4
2006-06-15,15,9,150,13.2
2006-06-15,16,6,110,13.7
2006-06-15,17,4,200,13.3
2006-06-15,18,4,270,12.7
2006-06-15,19,0,NA,12.5
2006-06-15,20,6,300,12.4
2006-06-15,21,0,NA,12.4
2006-06-15,22,0,NA,12.3
2006-06-15,23,4,70,11.8
2006-06-16,0,6,70,11.3
2006-06-16,1,0,NA,11.3
2006-06-16,2,4,110,10.9
2006-06-16,3,0,NA,10.4
2006-06-16,4,0,NA,10.8
2006-06-16,5,0,NA,11.3
2006-06-16,6,0,NA,11.9
2006-06-16,7,9,180,14.3
2006-06-16,8,15,160,15.1
2006-06-16,9,15,170,16
2006-06-16,10,15,170,17.5
2006-06-16,11,11,170,17.5
2006-06-16,12,7,200,17.8
2006-06-16,13,9,160,18.1
2006-06-16,14,13,150,19.4
2006-06-16,15,6,150,19.9
2006-06-16,16,9,140,20.5
2006-06-16,17,13,150,18.8
2006-06-16,18,20,260,16.7
2006-06-16,19,6,60,13.1
2006-06-16,20,7,120,11.9
2006-06-16,21,6,50,11.4
2006-06-16,22,4,280,10.6
2006-06-16,23,4,110,10.6
2006-06-17,0,6,50,10.3
2006-06-17,1,4,30,10.3
2006-06-17,2,6,30,10.6
2006-06-17,3,4,50,10.5
2006-06-17,4,6,110,10.6
2006-06-17,5,4,260,10.7
2006-06-17,6,0,NA,10.5
2006-06-17,7,13,130,10.4
2006-06-17,8,6,120,11.1
2006-06-17,9,9,150,12.9
2006-06-17,10,11,140,13.8
2006-06-17,11,7,120,16.9
2006-06-17,12,9,160,16.8
2006-06-17,13,13,230,16.2
2006-06-17,14,6,230,16.2
2006-06-17,15,7,130,18.7
2006-06-17,16,20,250,16.4
2006-06-17,17,7,90,16.1
2006-06-17,18,0,NA,17.7
2006-06-17,19,0,NA,18.2
2006-06-17,20,4,90,14.6
2006-06-17,21,11,120,13.2
2006-06-17,22,6,120,12.9
2006-06-17,23,7,70,10.7
2006-06-18,0,9,60,10.6
2006-06-18,1,9,60,10.6
2006-06-18,2,4,320,10.8
2006-06-18,3,0,NA,10.3
2006-06-18,4,4,250,9.6
2006-06-18,5,4,240,10.3
2006-06-18,6,4,140,11.3
2006-06-18,7,4,300,12.6
2006-06-18,8,0,NA,15.1
2006-06-18,9,0,NA,16.8
2006-06-18,10,6,250,17.4
2006-06-18,11,7,270,17.7
2006-06-18,12,6,280,18.9
2006-06-18,13,6,300,21.1
2006-06-18,14,13,310,19.8
2006-06-18,15,6,260,20.5
2006-06-18,16,6,300,22.1
2006-06-18,17,22,320,18.9
2006-06-18,18,19,320,18.6
2006-06-18,19,22,320,17.2
2006-06-18,20,19,320,16.7
2006-06-18,21,20,320,15.2
2006-06-18,22,15,300,13.4
2006-06-18,23,13,320,13.5
2006-06-19,0,7,310,12.4
2006-06-19,1,9,330,11.9
2006-06-19,2,6,350,11.6
2006-06-19,3,7,340,10.8
2006-06-19,4,4,330,9.7
2006-06-19,5,0,NA,10.2
2006-06-19,6,4,310,10.4
2006-06-19,7,4,310,12.8
2006-06-19,8,6,300,14.5
2006-06-19,9,0,NA,16.3
2006-06-19,10,15,310,17.3
2006-06-19,11,13,300,17.6
2006-06-19,12,0,NA,18.4
2006-06-19,13,15,300,18.2
2006-06-19,14,22,310,15
2006-06-19,15,9,80,11.6
2006-06-19,16,4,40,11.8
2006-06-19,17,11,310,12.9
2006-06-19,18,6,130,10.4
2006-06-19,19,4,40,10.7
2006-06-19,20,6,110,10.2
2006-06-19,21,6,90,9.3
2006-06-19,22,4,80,8.3
2006-06-19,23,4,290,7.7
2006-06-20,0,4,70,7.4
2006-06-20,1,6,90,6.9
2006-06-20,2,4,40,7.2
2006-06-20,3,4,70,6.3
2006-06-20,4,6,80,5.9
2006-06-20,5,6,100,6.9
2006-06-20,6,0,NA,7
2006-06-20,7,0,NA,8.4
2006-06-20,8,0,NA,9.7
2006-06-20,9,0,NA,11.6
2006-06-20,10,4,280,14.3
2006-06-20,11,7,260,14.9
2006-06-20,12,6,250,15.3
2006-06-20,13,7,270,17.4
2006-06-20,14,4,230,17.9
2006-06-20,15,7,280,18.7
2006-06-20,16,4,320,17.6
2006-06-20,17,0,NA,17.3
2006-06-20,18,4,140,19.2
2006-06-20,19,7,300,17.7
2006-06-20,20,7,40,13.5
2006-06-20,21,0,NA,13.1
2006-06-20,22,7,70,10.9
2006-06-20,23,6,40,11.4
2006-06-21,0,4,360,11.3
2006-06-21,1,6,70,10
2006-06-21,2,6,60,9.4
2006-06-21,3,4,20,9.4
2006-06-21,4,4,340,9.1
2006-06-21,5,4,70,9.3
2006-06-21,6,4,340,11.7
2006-06-21,7,0,NA,12.2
2006-06-21,8,4,270,14.2
2006-06-21,9,4,330,16.1
2006-06-21,10,4,320,16.7
2006-06-21,11,6,280,17.2
2006-06-21,12,7,260,17.5
2006-06-21,13,11,310,18.3
2006-06-21,14,15,300,17.8
2006-06-21,15,7,270,19.5
2006-06-21,16,9,350,19.5
2006-06-21,17,4,270,19.5
2006-06-21,18,0,NA,20
2006-06-21,19,7,70,16.5
2006-06-21,20,6,10,15.8
2006-06-21,21,0,NA,16.1
2006-06-21,22,6,360,14.7
2006-06-21,23,0,NA,13.5
2006-06-22,0,0,NA,12.6
2006-06-22,1,4,140,12.1
2006-06-22,2,4,30,12.2
2006-06-22,3,4,70,10.9
2006-06-22,4,6,60,10.6
2006-06-22,5,0,NA,10.9
2006-06-22,6,4,50,12.6
2006-06-22,7,4,240,12.8
2006-06-22,8,0,NA,15
2006-06-22,9,0,NA,17.1
2006-06-22,10,0,NA,18.8
2006-06-22,11,0,NA,20.4
2006-06-22,12,4,260,21.8
2006-06-22,13,4,190,24.8
2006-06-22,14,6,180,24.7
2006-06-22,15,7,160,25.2
2006-06-22,16,9,180,23.1
2006-06-22,17,7,150,24.4
2006-06-22,18,9,180,24
2006-06-22,19,7,190,23
2006-06-22,20,7,190,21.3
2006-06-22,21,4,130,19.3
2006-06-22,22,6,50,16
2006-06-22,23,7,320,15.9
2006-06-23,0,4,330,14.2
2006-06-23,1,6,340,14.5
2006-06-23,2,6,360,14.2
2006-06-23,3,4,90,11.7
2006-06-23,4,4,60,11
2006-06-23,5,4,40,11.8
2006-06-23,6,4,60,15.1
2006-06-23,7,0,NA,15
2006-06-23,8,4,240,16.5
2006-06-23,9,4,260,18
2006-06-23,10,4,260,19.8
2006-06-23,11,4,260,21.3
2006-06-23,12,0,NA,22.5
2006-06-23,13,4,320,24.4
2006-06-23,14,0,NA,26
2006-06-23,15,7,240,26.6
2006-06-23,16,0,NA,26.4
2006-06-23,17,4,150,26.4
2006-06-23,18,0,NA,25.6
2006-06-23,19,6,300,21.7
2006-06-23,20,0,NA,19.9
2006-06-23,21,7,50,17.7
2006-06-23,22,6,70,17.4
2006-06-23,23,6,10,16.9
2006-06-24,0,4,10,15.2
2006-06-24,1,0,NA,15.2
2006-06-24,2,0,NA,14.1
2006-06-24,3,4,10,14.1
2006-06-24,4,4,190,13.3
2006-06-24,5,4,80,13.1
2006-06-24,6,0,NA,15.8
2006-06-24,7,0,NA,16.5
2006-06-24,8,9,300,17.9
2006-06-24,9,7,300,19.9
2006-06-24,10,7,310,21.2
2006-06-24,11,6,270,22.4
2006-06-24,12,0,NA,24.5
2006-06-24,13,0,NA,26.5
2006-06-24,14,0,NA,28.1
2006-06-24,15,0,NA,29.1
2006-06-24,16,0,NA,29.4
2006-06-24,17,4,240,29.4
2006-06-24,18,0,NA,30.1
2006-06-24,19,0,NA,24.9
2006-06-24,20,4,20,22.3
2006-06-24,21,6,30,20.8
2006-06-24,22,6,360,20.7
2006-06-24,23,4,360,19.3
2006-06-25,0,4,340,18
2006-06-25,1,4,30,17.1
2006-06-25,2,4,20,17.2
2006-06-25,3,0,NA,16.4
2006-06-25,4,6,70,15.1
2006-06-25,5,4,290,15.3
2006-06-25,6,0,NA,18
2006-06-25,7,0,NA,18.2
2006-06-25,8,6,280,19.6
2006-06-25,9,6,290,21.2
2006-06-25,10,7,280,22.7
2006-06-25,11,9,290,24.4
2006-06-25,12,9,290,26
2006-06-25,13,6,300,27.5
2006-06-25,14,0,NA,29.6
2006-06-25,15,0,NA,30.1
2006-06-25,16,0,NA,31.6
2006-06-25,17,0,NA,31.3
2006-06-25,18,4,290,29.7
2006-06-25,19,0,NA,28.2
2006-06-25,20,4,30,23
2006-06-25,21,6,10,23.4
2006-06-25,22,7,350,22.5
2006-06-25,23,7,340,21.3
2006-06-26,0,0,NA,19.1
2006-06-26,1,6,340,19.9
2006-06-26,2,0,NA,18.7
2006-06-26,3,0,NA,18.4
2006-06-26,4,4,60,17.1
2006-06-26,5,4,350,17.9
2006-06-26,6,0,NA,18.9
2006-06-26,7,0,NA,19.6
2006-06-26,8,4,290,21.3
2006-06-26,9,0,NA,22.9
2006-06-26,10,4,250,24.8
2006-06-26,11,0,NA,27.2
2006-06-26,12,0,NA,29.2
2006-06-26,13,0,NA,31.5
2006-06-26,14,0,NA,33
2006-06-26,15,0,NA,33.9
2006-06-26,16,0,NA,34.9
2006-06-26,17,0,NA,34.2
2006-06-26,18,0,NA,34
2006-06-26,19,0,NA,28.1
2006-06-26,20,9,60,24.5
2006-06-26,21,11,60,25.3
2006-06-26,22,6,10,24
2006-06-26,23,4,340,22.7
2006-06-27,0,6,20,21.6
2006-06-27,1,6,350,21.1
2006-06-27,2,6,60,19.5
2006-06-27,3,4,40,18.5
2006-06-27,4,4,20,18.3
2006-06-27,5,7,70,18.3
2006-06-27,6,0,NA,19.9
2006-06-27,7,0,NA,20.1
2006-06-27,8,0,NA,23.2
2006-06-27,9,0,NA,24.6
2006-06-27,10,0,NA,25.4
2006-06-27,11,0,NA,27.4
2006-06-27,12,0,NA,29.4
2006-06-27,13,0,NA,30.6
2006-06-27,14,0,NA,32
2006-06-27,15,0,NA,34.1
2006-06-27,16,9,170,33.8
2006-06-27,17,11,170,33.1
2006-06-27,18,6,170,32.8
2006-06-27,19,6,140,31
2006-06-27,20,0,NA,27.9
2006-06-27,21,6,80,24.8
2006-06-27,22,9,80,24.4
2006-06-27,23,7,50,24.1
2006-06-28,0,15,70,23.6
2006-06-28,1,0,NA,21.1
2006-06-28,2,17,70,21.6
2006-06-28,3,15,70,21
2006-06-28,4,17,70,19.9
2006-06-28,5,7,90,19.7
2006-06-28,6,0,NA,20.1
2006-06-28,7,0,NA,21.4
2006-06-28,8,4,280,23.2
2006-06-28,9,6,300,24.8
2006-06-28,10,0,NA,27.8
2006-06-28,11,15,160,30.4
2006-06-28,12,9,170,31.5
2006-06-28,13,17,170,30.8
2006-06-28,14,13,150,29.6
2006-06-28,15,6,160,29.5
2006-06-28,16,7,140,28.9
2006-06-28,17,6,230,29.2
2006-06-28,18,11,200,27.9
2006-06-28,19,6,190,27.5
2006-06-28,20,7,150,26.3
2006-06-28,21,6,120,23.5
2006-06-28,22,15,80,19.9
2006-06-28,23,13,70,19.6
2006-06-29,0,13,60,18.8
2006-06-29,1,15,60,18.4
2006-06-29,2,15,70,17.3
2006-06-29,3,19,70,16.7
2006-06-29,4,9,50,16.7
2006-06-29,5,4,10,16
2006-06-29,6,15,70,17.6
2006-06-29,7,6,120,19.2
2006-06-29,8,0,NA,20.1
2006-06-29,9,0,NA,22.2
2006-06-29,10,0,NA,22.4
2006-06-29,11,0,NA,25.7
2006-06-29,12,0,NA,26.3
2006-06-29,13,0,NA,30.1
2006-06-29,14,9,150,29.6
2006-06-29,15,11,160,29.6
2006-06-29,16,15,170,27.6
2006-06-29,17,15,160,26.6
2006-06-29,18,17,150,24.8
2006-06-29,19,15,160,24.1
2006-06-29,20,11,140,22.9
2006-06-29,21,7,140,21.4
2006-06-29,22,6,130,20.3
2006-06-29,23,11,150,20.4
2006-06-30,0,7,140,19.5
2006-06-30,1,4,60,17.8
2006-06-30,2,6,80,16.5
2006-06-30,3,11,70,15.9
2006-06-30,4,11,70,15.4
2006-06-30,5,13,70,16.1
2006-06-30,6,6,60,18.2
2006-06-30,7,0,NA,18.9
2006-06-30,8,0,NA,20.4
2006-06-30,9,0,NA,22.5
2006-06-30,10,6,240,21.5
2006-06-30,11,4,140,25.3
2006-06-30,12,6,140,26.6
2006-06-30,13,4,160,27.7
2006-06-30,14,6,170,28.4
2006-06-30,15,7,130,29.1
2006-06-30,16,7,160,29
2006-06-30,17,6,160,29
2006-06-30,18,9,170,28.7
2006-06-30,19,9,170,27.3
2006-06-30,20,0,NA,23.7
2006-06-30,21,6,350,22.4
2006-06-30,22,0,NA,21.1
2006-06-30,23,6,60,20.2
2006-07-01,0,0,NA,19.4
2006-07-01,1,4,30,18.3
2006-07-01,2,0,NA,17.6
2006-07-01,3,6,70,16.5
2006-07-01,4,4,10,16.1
2006-07-01,5,4,360,16.9
2006-07-01,6,0,NA,18.1
2006-07-01,7,0,NA,19.2
2006-07-01,8,4,110,21.7
2006-07-01,9,0,NA,23.1
2006-07-01,10,6,260,24.6
2006-07-01,11,4,300,23.1
2006-07-01,12,0,NA,22.7
2006-07-01,13,11,70,20.9
2006-07-01,14,0,NA,22.6
2006-07-01,15,11,90,22.1
2006-07-01,16,7,140,20.8
2006-07-01,17,6,300,25
2006-07-01,18,11,330,24.3
2006-07-01,19,7,100,20.9
2006-07-01,20,11,80,19.1
2006-07-01,21,7,40,19.6
2006-07-01,22,7,350,17.6
2006-07-01,23,19,70,17.9
2006-07-02,0,6,20,17.6
2006-07-02,1,22,60,18.4
2006-07-02,2,6,10,16.7
2006-07-02,3,9,50,16.7
2006-07-02,4,24,90,15.9
2006-07-02,5,4,350,15.1
2006-07-02,6,0,NA,16.3
2006-07-02,7,6,260,17.6
2006-07-02,8,4,240,19.6
2006-07-02,9,0,NA,21.3
2006-07-02,10,0,NA,23.1
2006-07-02,11,0,NA,25.1
2006-07-02,12,0,NA,24.1
2006-07-02,13,0,NA,27.9
2006-07-02,14,0,NA,28.2
2006-07-02,15,7,280,29.3
2006-07-02,16,17,310,29.6
2006-07-02,17,6,260,29.9
2006-07-02,18,4,300,29.4
2006-07-02,19,9,300,26.6
2006-07-02,20,6,60,22.2
2006-07-02,21,13,70,22.6
2006-07-02,22,6,40,21.9
2006-07-02,23,0,NA,19.7
2006-07-03,0,6,290,21
2006-07-03,1,6,320,19.5
2006-07-03,2,4,50,18
2006-07-03,3,4,190,18.1
2006-07-03,4,6,60,17.2
2006-07-03,5,4,340,17.4
2006-07-03,6,0,NA,19.3
2006-07-03,7,0,NA,20.1
2006-07-03,8,0,NA,22.8
2006-07-03,9,0,NA,24.8
2006-07-03,10,0,NA,26.3
2006-07-03,11,0,NA,28.1
2006-07-03,12,0,NA,29
2006-07-03,13,4,260,27.4
2006-07-03,14,0,NA,31.8
2006-07-03,15,4,250,32
2006-07-03,16,6,280,28
2006-07-03,17,9,340,28.5
2006-07-03,18,0,NA,27.8
2006-07-03,19,0,NA,26.8
2006-07-03,20,13,320,25
2006-07-03,21,4,360,23.8
2006-07-03,22,9,340,22.6
2006-07-03,23,6,40,21
2006-07-04,0,6,50,19.6
2006-07-04,1,4,260,19.4
2006-07-04,2,7,70,17.9
2006-07-04,3,4,20,17.4
2006-07-04,4,0,NA,17
2006-07-04,5,4,60,16.4
2006-07-04,6,0,NA,18.7
2006-07-04,7,6,250,19.5
2006-07-04,8,0,NA,21.4
2006-07-04,9,0,NA,23.5
2006-07-04,10,0,NA,25.3
2006-07-04,11,0,NA,27.6
2006-07-04,12,0,NA,28.5
2006-07-04,13,0,NA,30.1
2006-07-04,14,0,NA,31.8
2006-07-04,15,0,NA,33.1
2006-07-04,16,4,280,32.6
2006-07-04,17,0,NA,33.6
2006-07-04,18,0,NA,32.4
2006-07-04,19,6,280,26.7
2006-07-04,20,11,330,25.9
2006-07-04,21,0,NA,25.5
2006-07-04,22,17,310,25.4
2006-07-04,23,9,300,23
2006-07-05,0,20,330,25.3
2006-07-05,1,7,50,22.8
2006-07-05,2,7,360,23.8
2006-07-05,3,7,280,20.2
2006-07-05,4,17,320,20.2
2006-07-05,5,4,310,19.7
2006-07-05,6,6,270,19.8
2006-07-05,7,0,NA,21
2006-07-05,8,0,NA,22.7
2006-07-05,9,7,300,24
2006-07-05,10,6,280,24.9
2006-07-05,11,0,NA,26.7
2006-07-05,12,0,NA,28.3
2006-07-05,13,0,NA,29.2
2006-07-05,14,0,NA,29.1
2006-07-05,15,0,NA,30.2
2006-07-05,16,6,300,29.5
2006-07-05,17,9,310,26.4
2006-07-05,18,19,310,26
2006-07-05,19,6,260,25.6
2006-07-05,20,0,NA,23.2
2006-07-05,21,6,70,20.5
2006-07-05,22,4,330,19.6
2006-07-05,23,13,80,18.7
2006-07-06,0,15,340,17.8
2006-07-06,1,6,340,17.2
2006-07-06,2,6,350,17.4
2006-07-06,3,4,20,17
2006-07-06,4,4,40,15.9
2006-07-06,5,6,300,16.3
2006-07-06,6,4,50,18.7
2006-07-06,7,0,NA,18.6
2006-07-06,8,4,120,19.7
2006-07-06,9,0,NA,21
2006-07-06,10,0,NA,22.2
2006-07-06,11,0,NA,24.9
2006-07-06,12,13,300,23.2
2006-07-06,13,7,320,23.4
2006-07-06,14,0,NA,24.8
2006-07-06,15,4,200,24.6
2006-07-06,16,9,320,23
2006-07-06,17,7,360,22.1
2006-07-06,18,6,270,21.6
2006-07-06,19,0,NA,22.4
2006-07-06,20,4,110,19.5
2006-07-06,21,6,130,18.8
2006-07-06,22,6,110,17.9
2006-07-06,23,30,330,14
2006-07-07,0,20,340,14.7
2006-07-07,1,6,70,14.7
2006-07-07,2,4,290,14
2006-07-07,3,6,60,13.1
2006-07-07,4,7,70,12.9
2006-07-07,5,4,70,13.6
2006-07-07,6,0,NA,14.3
2006-07-07,7,0,NA,15.6
2006-07-07,8,4,190,17.4
2006-07-07,9,7,120,19.6
2006-07-07,10,7,160,20.8
2006-07-07,11,11,140,22.2
2006-07-07,12,9,150,23.3
2006-07-07,13,11,170,24.2
2006-07-07,14,9,170,25.2
2006-07-07,15,9,160,25.8
2006-07-07,16,11,170,25.7
2006-07-07,17,11,160,25.3
2006-07-07,18,11,170,25.2
2006-07-07,19,11,170,24
2006-07-07,20,4,80,20.4
2006-07-07,21,9,70,17.8
2006-07-07,22,11,70,17.3
2006-07-07,23,6,60,16.7
2006-07-08,0,13,70,16.7
2006-07-08,1,11,70,15.9
2006-07-08,2,6,30,15.8
2006-07-08,3,7,40,14.9
2006-07-08,4,15,60,14.6
2006-07-08,5,7,40,14.7
2006-07-08,6,0,NA,15.7
2006-07-08,7,0,NA,17.7
2006-07-08,8,0,NA,18.9
2006-07-08,9,0,NA,20.8
2006-07-08,10,0,NA,22.3
2006-07-08,11,0,NA,23.6
2006-07-08,12,0,NA,25
2006-07-08,13,0,NA,26.7
2006-07-08,14,0,NA,27.8
2006-07-08,15,4,290,28.8
2006-07-08,16,0,NA,30.2
2006-07-08,17,0,NA,30.4
2006-07-08,18,4,260,29.4
2006-07-08,19,0,NA,29.7
2006-07-08,20,6,50,22.7
2006-07-08,21,7,60,21.6
2006-07-08,22,9,70,21.1
2006-07-08,23,6,360,21.6
2006-07-09,0,4,10,20.6
2006-07-09,1,4,20,19.1
2006-07-09,2,7,50,17.6
2006-07-09,3,0,NA,17.4
2006-07-09,4,4,50,15.9
2006-07-09,5,0,NA,15.9
2006-07-09,6,0,NA,17.4
2006-07-09,7,0,NA,18.9
2006-07-09,8,4,250,20.4
2006-07-09,9,0,NA,22.5
2006-07-09,10,0,NA,24.4
2006-07-09,11,0,NA,26.1
2006-07-09,12,0,NA,28.1
2006-07-09,13,0,NA,28.5
2006-07-09,14,0,NA,31.6
2006-07-09,15,0,NA,32
2006-07-09,16,4,190,31.6
2006-07-09,17,9,160,30.4
2006-07-09,18,9,160,29.7
2006-07-09,19,7,170,29
2006-07-09,20,6,60,23.8
2006-07-09,21,9,320,22.3
2006-07-09,22,6,340,21.7
2006-07-09,23,6,360,20.4
2006-07-10,0,6,350,19.2
2006-07-10,1,9,330,18.3
2006-07-10,2,4,10,17.9
2006-07-10,3,4,70,17.4
2006-07-10,4,4,80,15.5
2006-07-10,5,4,250,16.4
2006-07-10,6,4,10,16.1
2006-07-10,7,13,310,16.8
2006-07-10,8,6,330,17.8
2006-07-10,9,4,10,20.9
2006-07-10,10,6,310,20.3
2006-07-10,11,22,320,19.6
2006-07-10,12,19,320,19.1
2006-07-10,13,13,310,19.1
2006-07-10,14,9,260,18.4
2006-07-10,15,0,NA,22.8
2006-07-10,16,0,NA,23
2006-07-10,17,4,310,22.1
2006-07-10,18,6,260,20.9
2006-07-10,19,6,110,19.1
2006-07-10,20,7,80,17.1
2006-07-10,21,13,70,17.4
2006-07-10,22,9,70,16.8
2006-07-10,23,17,60,17.4
2006-07-11,0,20,70,16.6
2006-07-11,1,4,270,15.2
2006-07-11,2,6,30,14.7
2006-07-11,3,4,40,13.7
2006-07-11,4,6,50,13.3
2006-07-11,5,4,20,13.9
2006-07-11,6,7,50,15.6
2006-07-11,7,11,80,17.5
2006-07-11,8,6,120,18.5
2006-07-11,9,0,NA,20.3
2006-07-11,10,0,NA,21.4
2006-07-11,11,6,210,24.4
2006-07-11,12,4,170,27.4
2006-07-11,13,7,150,28
2006-07-11,14,7,150,28.9
2006-07-11,15,6,140,29.5
2006-07-11,16,6,150,29.3
2006-07-11,17,9,160,28.7
2006-07-11,18,6,190,28.6
2006-07-11,19,6,140,25.9
2006-07-11,20,11,60,21.3
2006-07-11,21,15,70,21.4
2006-07-11,22,7,50,21.1
2006-07-11,23,11,60,20
2006-07-12,0,6,330,19.2
2006-07-12,1,13,80,18.8
2006-07-12,2,4,60,16.7
2006-07-12,3,7,100,15.3
2006-07-12,4,6,350,15.6
2006-07-12,5,9,100,15.2
2006-07-12,6,13,80,18
2006-07-12,7,4,90,20
2006-07-12,8,7,250,20.3
2006-07-12,9,0,NA,22.7
2006-07-12,10,6,180,22.2
2006-07-12,11,13,160,21.3
2006-07-12,12,17,150,21.8
2006-07-12,13,17,150,22.2
2006-07-12,14,11,160,23.7
2006-07-12,15,11,150,24.8
2006-07-12,16,13,170,23.6
2006-07-12,17,9,180,23.6
2006-07-12,18,13,190,22.6
2006-07-12,19,9,180,21.4
2006-07-12,20,7,70,15.1
2006-07-12,21,6,110,15
2006-07-12,22,4,80,14.5
2006-07-12,23,6,50,14
2006-07-13,0,4,60,13.6
2006-07-13,1,0,NA,13.8
2006-07-13,2,6,100,13.8
2006-07-13,3,4,70,13.2
2006-07-13,4,4,110,13.1
2006-07-13,5,4,90,13.4
2006-07-13,6,4,120,14.1
2006-07-13,7,6,180,16
2006-07-13,8,13,150,17.9
2006-07-13,9,9,170,20.5
2006-07-13,10,13,200,20.8
2006-07-13,11,11,140,21.7
2006-07-13,12,15,160,22.7
2006-07-13,13,9,140,23
2006-07-13,14,6,190,23.4
2006-07-13,15,9,200,23.5
2006-07-13,16,13,190,22.8
2006-07-13,17,6,220,24.3
2006-07-13,18,9,240,24.6
2006-07-13,19,0,NA,21.5
2006-07-13,20,6,310,18.9
2006-07-13,21,0,NA,17.3
2006-07-13,22,4,130,16.6
2006-07-13,23,6,260,16
2006-07-14,0,4,30,15.7
2006-07-14,1,6,40,15
2006-07-14,2,6,50,13.8
2006-07-14,3,0,NA,13.3
2006-07-14,4,6,70,12.9
2006-07-14,5,4,320,13.5
2006-07-14,6,4,110,13.3
2006-07-14,7,7,110,14.6
2006-07-14,8,4,100,16.8
2006-07-14,9,4,140,17.9
2006-07-14,10,0,NA,19.9
2006-07-14,11,0,NA,23.4
2006-07-14,12,0,NA,25.9
2006-07-14,13,0,NA,27
2006-07-14,14,7,190,28.7
2006-07-14,15,9,210,26.9
2006-07-14,16,9,200,28.8
2006-07-14,17,15,200,28.9
2006-07-14,18,13,200,28.5
2006-07-14,19,9,170,27.2
2006-07-14,20,0,NA,24.4
2006-07-14,21,9,60,20
2006-07-14,22,9,70,19.1
2006-07-14,23,7,70,18.3
2006-07-15,0,9,60,17.6
2006-07-15,1,11,60,16.9
2006-07-15,2,13,60,16.5
2006-07-15,3,9,50,16
2006-07-15,4,7,60,15.2
2006-07-15,5,9,60,15
2006-07-15,6,4,10,16.2
2006-07-15,7,4,340,17.7
2006-07-15,8,0,NA,20.4
2006-07-15,9,0,NA,22.1
2006-07-15,10,0,NA,25
2006-07-15,11,7,150,26.9
2006-07-15,12,9,140,28.1
2006-07-15,13,9,190,29.3
2006-07-15,14,9,190,29.8
2006-07-15,15,13,190,29.6
2006-07-15,16,13,200,29.8
2006-07-15,17,15,190,29.1
2006-07-15,18,17,200,28.4
2006-07-15,19,15,200,27.1
2006-07-15,20,6,210,24.1
2006-07-15,21,6,70,20.6
2006-07-15,22,9,70,19.2
2006-07-15,23,13,70,19.2
2006-07-16,0,13,60,18.4
2006-07-16,1,11,60,17.6
2006-07-16,2,7,50,16.9
2006-07-16,3,7,60,15.7
2006-07-16,4,6,50,14.7
2006-07-16,5,7,60,14.3
2006-07-16,6,0,NA,16.1
2006-07-16,7,0,NA,17.6
2006-07-16,8,4,260,19.4
2006-07-16,9,0,NA,21.4
2006-07-16,10,4,300,23
2006-07-16,11,4,280,24.3
2006-07-16,12,4,240,25.6
2006-07-16,13,4,310,27.4
2006-07-16,14,4,280,28.6
2006-07-16,15,0,NA,30.2
2006-07-16,16,4,310,30.4
2006-07-16,17,4,300,29.9
2006-07-16,18,6,310,29.7
2006-07-16,19,6,280,25.3
2006-07-16,20,6,40,21.6
2006-07-16,21,9,60,20.1
2006-07-16,22,6,40,20.8
2006-07-16,23,6,50,20.3
2006-07-17,0,4,10,19.5
2006-07-17,1,4,30,18.2
2006-07-17,2,6,60,16.1
2006-07-17,3,6,50,16.2
2006-07-17,4,6,40,15.4
2006-07-17,5,9,60,15.1
2006-07-17,6,19,80,16.3
2006-07-17,7,6,120,18.5
2006-07-17,8,4,150,20.1
2006-07-17,9,4,150,22.6
2006-07-17,10,0,NA,24.1
2006-07-17,11,11,170,28
2006-07-17,12,9,160,29.5
2006-07-17,13,11,150,30.2
2006-07-17,14,11,190,30.8
2006-07-17,15,13,200,31
2006-07-17,16,13,200,30.2
2006-07-17,17,15,200,29.7
2006-07-17,18,13,200,29.1
2006-07-17,19,11,200,27.7
2006-07-17,20,9,150,24.6
2006-07-17,21,11,140,23.2
2006-07-17,22,9,60,19.6
2006-07-17,23,11,70,18.9
2006-07-18,0,13,70,19
2006-07-18,1,13,70,18.7
2006-07-18,2,6,60,17.1
2006-07-18,3,9,90,15.4
2006-07-18,4,9,100,15
2006-07-18,5,15,80,15.5
2006-07-18,6,6,60,16.3
2006-07-18,7,4,160,18.9
2006-07-18,8,17,160,19.9
2006-07-18,9,13,160,21.6
2006-07-18,10,11,170,23
2006-07-18,11,11,160,24
2006-07-18,12,9,170,25.3
2006-07-18,13,11,160,26.1
2006-07-18,14,11,160,24.5
2006-07-18,15,13,140,24.8
2006-07-18,16,13,160,26.2
2006-07-18,17,9,160,25.8
2006-07-18,18,11,150,24.6
2006-07-18,19,7,180,23
2006-07-18,20,4,100,21.4
2006-07-18,21,7,110,19.6
2006-07-18,22,9,70,18.1
2006-07-18,23,9,60,17.2
2006-07-19,0,6,60,16.9
2006-07-19,1,6,40,15.6
2006-07-19,2,6,40,15.6
2006-07-19,3,6,50,14.4
2006-07-19,4,7,60,13.9
2006-07-19,5,0,NA,12.8
2006-07-19,6,4,350,16.2
2006-07-19,7,0,NA,16.7
2006-07-19,8,4,260,18.3
2006-07-19,9,0,NA,20.7
2006-07-19,10,0,NA,22.2
2006-07-19,11,4,270,23.7
2006-07-19,12,0,NA,25.8
2006-07-19,13,0,NA,28
2006-07-19,14,4,270,26.8
2006-07-19,15,0,NA,26.9
2006-07-19,16,0,NA,27.1
2006-07-19,17,0,NA,26.1
2006-07-19,18,0,NA,22.8
2006-07-19,19,0,NA,22.3
2006-07-19,20,6,340,20.6
2006-07-19,21,4,310,21.1
2006-07-19,22,11,340,22.1
2006-07-19,23,9,320,20.3
2006-07-20,0,13,320,20.5
2006-07-20,1,15,340,20.2
2006-07-20,2,9,320,18.8
2006-07-20,3,4,40,17.5
2006-07-20,4,6,360,17.7
2006-07-20,5,7,340,16.5
2006-07-20,6,4,360,18.3
2006-07-20,7,6,260,18.5
2006-07-20,8,15,310,20.7
2006-07-20,9,13,330,22.5
2006-07-20,10,15,310,23.8
2006-07-20,11,9,280,25.5
2006-07-20,12,9,270,27.3
2006-07-20,13,7,290,29.1
2006-07-20,14,4,220,29.8
2006-07-20,15,7,260,29.8
2006-07-20,16,4,290,30.9
2006-07-20,17,0,NA,31.2
2006-07-20,18,0,NA,30.4
2006-07-20,19,0,NA,26.8
2006-07-20,20,6,10,23.1
2006-07-20,21,7,70,21.6
2006-07-20,22,6,10,22.4
2006-07-20,23,4,20,21.7
2006-07-21,0,6,10,21.1
2006-07-21,1,4,100,19.9
2006-07-21,2,6,280,18.3
2006-07-21,3,0,NA,18.6
2006-07-21,4,0,NA,18.1
2006-07-21,5,6,40,17.3
2006-07-21,6,4,60,19.5
2006-07-21,7,0,NA,20.3
2006-07-21,8,0,NA,22.5
2006-07-21,9,0,NA,24.5
2006-07-21,10,6,290,25.9
2006-07-21,11,0,NA,27.9
2006-07-21,12,0,NA,30.1
2006-07-21,13,0,NA,32.7
2006-07-21,14,0,NA,34.2
2006-07-21,15,0,NA,35.8
2006-07-21,16,0,NA,36.1
2006-07-21,17,0,NA,35.1
2006-07-21,18,0,NA,35.4
2006-07-21,19,0,NA,29.2
2006-07-21,20,7,50,26.1
2006-07-21,21,6,20,26
2006-07-21,22,6,350,25.2
2006-07-21,23,4,300,23.6
2006-07-22,0,4,60,23.4
2006-07-22,1,0,NA,22.5
2006-07-22,2,0,NA,21.4
2006-07-22,3,4,80,19.5
2006-07-22,4,0,NA,20.1
2006-07-22,5,0,NA,19.3
2006-07-22,6,0,NA,21.4
2006-07-22,7,0,NA,22
2006-07-22,8,0,NA,23.9
2006-07-22,9,0,NA,26.1
2006-07-22,10,4,280,27.6
2006-07-22,11,0,NA,29.5
2006-07-22,12,0,NA,31.1
2006-07-22,13,0,NA,32.7
2006-07-22,14,6,290,32.7
2006-07-22,15,0,NA,33.4
2006-07-22,16,0,NA,34.2
2006-07-22,17,0,NA,34.8
2006-07-22,18,0,NA,33.9
2006-07-22,19,7,310,28.2
2006-07-22,20,0,NA,27.8
2006-07-22,21,6,60,26.1
2006-07-22,22,6,50,25.2
2006-07-22,23,6,80,25.3
2006-07-23,0,6,160,25.1
2006-07-23,1,6,90,24.6
2006-07-23,2,7,60,23.8
2006-07-23,3,9,100,21.7
2006-07-23,4,6,60,22.8
2006-07-23,5,4,180,21.3
2006-07-23,6,4,250,22
2006-07-23,7,0,NA,22.3
2006-07-23,8,0,NA,24.1
2006-07-23,9,4,290,24.4
2006-07-23,10,4,260,25.5
2006-07-23,11,0,NA,28.2
2006-07-23,12,0,NA,31.3
2006-07-23,13,0,NA,33.1
2006-07-23,14,0,NA,34
2006-07-23,15,0,NA,35.1
2006-07-23,16,0,NA,35.9
2006-07-23,17,0,NA,36.4
2006-07-23,18,0,NA,35.1
2006-07-23,19,4,300,29.9
2006-07-23,20,6,60,27.5
2006-07-23,21,6,50,26.5
2006-07-23,22,0,NA,26.7
2006-07-23,23,4,70,25.9
2006-07-24,0,4,350,25.2
2006-07-24,1,4,240,22.9
2006-07-24,2,6,340,22.8
2006-07-24,3,6,50,21.2
2006-07-24,4,7,310,22.6
2006-07-24,5,6,80,20.8
2006-07-24,6,4,50,21.7
2006-07-24,7,11,310,23.6
2006-07-24,8,6,300,25.9
2006-07-24,9,13,310,26.7
2006-07-24,10,11,300,28.4
2006-07-24,11,0,NA,29.5
2006-07-24,12,4,280,31.5
2006-07-24,13,0,NA,30.5
2006-07-24,14,6,310,34
2006-07-24,15,0,NA,32.6
2006-07-24,16,7,290,33.6
2006-07-24,17,6,320,32.8
2006-07-24,18,0,NA,30.8
2006-07-24,19,0,NA,29.4
2006-07-24,20,0,NA,25.1
2006-07-24,21,6,30,24.8
2006-07-24,22,0,NA,24.1
2006-07-24,23,0,NA,23.8
2006-07-25,0,0,NA,22.2
2006-07-25,1,0,NA,22.4
2006-07-25,2,6,150,21.2
2006-07-25,3,4,30,20.3
2006-07-25,4,7,60,19.4
2006-07-25,5,7,60,18.9
2006-07-25,6,4,340,21.2
2006-07-25,7,7,100,19.7
2006-07-25,8,0,NA,23.8
2006-07-25,9,0,NA,25.6
2006-07-25,10,0,NA,27.3
2006-07-25,11,0,NA,27.8
2006-07-25,12,4,310,31.2
2006-07-25,13,4,290,32.6
2006-07-25,14,6,210,34.2
2006-07-25,15,7,200,34.2
2006-07-25,16,6,190,32.6
2006-07-25,17,28,330,27.1
2006-07-25,18,19,330,28.6
2006-07-25,19,15,310,26
2006-07-25,20,9,340,24.8
2006-07-25,21,0,NA,22.9
2006-07-25,22,0,NA,20.5
2006-07-25,23,4,340,20.5
2006-07-26,0,0,NA,20.2
2006-07-26,1,0,NA,19.6
2006-07-26,2,0,NA,19.1
2006-07-26,3,4,230,18.4
2006-07-26,4,0,NA,18
2006-07-26,5,0,NA,17.6
2006-07-26,6,0,NA,19.5
2006-07-26,7,0,NA,20.2
2006-07-26,8,0,NA,21.9
2006-07-26,9,0,NA,23
2006-07-26,10,0,NA,25.2
2006-07-26,11,0,NA,27
2006-07-26,12,0,NA,28.8
2006-07-26,13,4,270,31.1
2006-07-26,14,0,NA,32.8
2006-07-26,15,0,NA,34.1
2006-07-26,16,6,200,34.4
2006-07-26,17,7,200,33.5
2006-07-26,18,7,200,32
2006-07-26,19,4,190,30.6
2006-07-26,20,6,70,25.3
2006-07-26,21,11,70,24
2006-07-26,22,11,70,23.9
2006-07-26,23,15,70,24.1
2006-07-27,0,9,50,23.7
2006-07-27,1,6,50,22.3
2006-07-27,2,15,60,21.7
2006-07-27,3,19,70,21.2
2006-07-27,4,11,60,20.2
2006-07-27,5,17,70,19.9
2006-07-27,6,15,70,20.2
2006-07-27,7,6,50,21.4
2006-07-27,8,4,110,24.1
2006-07-27,9,0,NA,25.4
2006-07-27,10,0,NA,26.8
2006-07-27,11,6,190,30.7
2006-07-27,12,11,160,31.8
2006-07-27,13,9,160,33.4
2006-07-27,14,7,190,34.3
2006-07-27,15,7,190,34.5
2006-07-27,16,11,210,33.7
2006-07-27,17,11,200,33.2
2006-07-27,18,0,NA,32.9
2006-07-27,19,6,50,28.2
2006-07-27,20,9,60,26
2006-07-27,21,17,70,25.8
2006-07-27,22,13,60,25.6
2006-07-27,23,15,70,24.6
2006-07-28,0,17,60,23.7
2006-07-28,1,19,70,22.7
2006-07-28,2,19,70,21.5
2006-07-28,3,6,50,20.8
2006-07-28,4,15,80,20.3
2006-07-28,5,4,40,19.2
2006-07-28,6,7,70,19.7
2006-07-28,7,6,70,22.7
2006-07-28,8,0,NA,22.9
2006-07-28,9,7,170,27
2006-07-28,10,6,160,29
2006-07-28,11,11,170,29.8
2006-07-28,12,11,150,30
2006-07-28,13,7,150,31.9
2006-07-28,14,6,190,32.5
2006-07-28,15,4,170,32.1
2006-07-28,16,6,220,31.9
2006-07-28,17,4,220,32
2006-07-28,18,4,170,28.8
2006-07-28,19,4,160,28.9
2006-07-28,20,9,60,23.1
2006-07-28,21,9,80,22.9
2006-07-28,22,13,70,23.1
2006-07-28,23,15,70,22.1
2006-07-29,0,7,60,20.6
2006-07-29,1,7,50,19.8
2006-07-29,2,17,70,19.2
2006-07-29,3,6,40,18.6
2006-07-29,4,15,70,17.6
2006-07-29,5,6,40,16.5
2006-07-29,6,7,50,18.3
2006-07-29,7,6,100,20.7
2006-07-29,8,4,180,19.5
2006-07-29,9,0,NA,21
2006-07-29,10,9,150,24.4
2006-07-29,11,9,160,26.7
2006-07-29,12,9,170,28.2
2006-07-29,13,11,150,28.6
2006-07-29,14,11,220,29.3
2006-07-29,15,9,210,29.2
2006-07-29,16,7,210,29.6
2006-07-29,17,15,220,28.1
2006-07-29,18,13,220,26.9
2006-07-29,19,9,210,24.5
2006-07-29,20,11,80,19.9
2006-07-29,21,9,110,19.9
2006-07-29,22,11,70,17.9
2006-07-29,23,15,70,18.1
2006-07-30,0,17,80,17.7
2006-07-30,1,7,60,16.1
2006-07-30,2,15,70,15.5
2006-07-30,3,9,60,15
2006-07-30,4,13,60,14.5
2006-07-30,5,11,70,14.1
2006-07-30,6,0,NA,13.9
2006-07-30,7,7,160,17
2006-07-30,8,15,160,18.6
2006-07-30,9,17,160,19.5
2006-07-30,10,13,150,20.3
2006-07-30,11,19,230,20.2
2006-07-30,12,15,190,19.7
2006-07-30,13,17,200,19.5
2006-07-30,14,19,190,21.7
2006-07-30,15,17,190,23.1
2006-07-30,16,30,300,14.1
2006-07-30,17,13,320,13.9
2006-07-30,18,4,320,14.6
2006-07-30,19,7,360,12.3
2006-07-30,20,7,50,11.4
2006-07-30,21,11,50,11.1
2006-07-30,22,7,60,10.5
2006-07-30,23,4,20,10.1
2006-07-31,0,0,NA,8.7
2006-07-31,1,6,60,8.4
2006-07-31,2,6,50,8.4
2006-07-31,3,7,50,8.2
2006-07-31,4,7,60,7.2
2006-07-31,5,6,50,7
2006-07-31,6,6,90,9.2
2006-07-31,7,7,70,11.4
2006-07-31,8,0,NA,12.7
2006-07-31,9,6,250,14.5
2006-07-31,10,6,280,16.6
2006-07-31,11,0,NA,18.7
2006-07-31,12,7,290,20
2006-07-31,13,7,310,21.8
2006-07-31,14,11,260,22.3
2006-07-31,15,11,290,23.3
2006-07-31,16,13,320,23
2006-07-31,17,15,300,22.6
2006-07-31,18,11,310,22.3
2006-07-31,19,9,280,18.2
2006-07-31,20,6,340,15.6
2006-07-31,21,6,60,14.5
2006-07-31,22,6,20,14.6
2006-07-31,23,7,350,14
2006-08-01,0,6,40,12.5
2006-08-01,1,6,40,12.3
2006-08-01,2,4,20,12.2
2006-08-01,3,6,50,10.6
2006-08-01,4,0,NA,9.7
2006-08-01,5,4,30,9.8
2006-08-01,6,4,60,11.8
2006-08-01,7,0,NA,12.4
2006-08-01,8,4,250,14.3
2006-08-01,9,0,NA,17
2006-08-01,10,0,NA,19.2
2006-08-01,11,4,220,19.5
2006-08-01,12,6,290,21.1
2006-08-01,13,7,290,21.1
2006-08-01,14,7,300,21.4
2006-08-01,15,4,290,24.4
2006-08-01,16,4,290,22.2
2006-08-01,17,0,NA,23.4
2006-08-01,18,9,190,23.8
2006-08-01,19,13,320,19.8
2006-08-01,20,7,320,16.9
2006-08-01,21,6,30,16.1
2006-08-01,22,0,NA,15.7
2006-08-01,23,6,70,14.4
2006-08-02,0,7,60,13.8
2006-08-02,1,6,60,13.8
2006-08-02,2,6,50,13.2
2006-08-02,3,4,60,12.2
2006-08-02,4,0,NA,11.8
2006-08-02,5,4,60,10.8
2006-08-02,6,4,60,12.8
2006-08-02,7,0,NA,13.4
2006-08-02,8,0,NA,15.6
2006-08-02,9,0,NA,18.1
2006-08-02,10,4,270,20
2006-08-02,11,4,280,22.6
2006-08-02,12,7,310,24.6
2006-08-02,13,9,270,25.1
2006-08-02,14,6,300,27
2006-08-02,15,6,230,27.4
2006-08-02,16,6,300,24.9
2006-08-02,17,6,240,26.9
2006-08-02,18,0,NA,24.1
2006-08-02,19,0,NA,21.8
2006-08-02,20,4,100,20
2006-08-02,21,9,50,17.5
2006-08-02,22,4,20,18.1
2006-08-02,23,4,30,17.3
2006-08-03,0,6,360,15.3
2006-08-03,1,0,NA,15.3
2006-08-03,2,6,30,14.3
2006-08-03,3,6,40,13.6
2006-08-03,4,6,70,12.1
2006-08-03,5,7,70,11.6
2006-08-03,6,0,NA,13.1
2006-08-03,7,0,NA,13.6
2006-08-03,8,0,NA,16.5
2006-08-03,9,4,290,18
2006-08-03,10,0,NA,20
2006-08-03,11,0,NA,21.7
2006-08-03,12,4,270,23.6
2006-08-03,13,7,300,25.6
2006-08-03,14,4,320,26.8
2006-08-03,15,4,270,28
2006-08-03,16,6,280,28
2006-08-03,17,6,300,26.1
2006-08-03,18,0,NA,23.5
2006-08-03,19,6,300,20.6
2006-08-03,20,6,40,19.5
2006-08-03,21,6,340,19
2006-08-03,22,4,220,18
2006-08-03,23,4,350,17.6
2006-08-04,0,4,20,16.2
2006-08-04,1,6,70,14.9
2006-08-04,2,0,NA,14.3
2006-08-04,3,0,NA,14.3
2006-08-04,4,9,60,13.2
2006-08-04,5,11,70,13.2
2006-08-04,6,13,80,14.6
2006-08-04,7,9,80,16.5
2006-08-04,8,6,220,16.7
2006-08-04,9,6,180,19.1
2006-08-04,10,0,NA,22.3
2006-08-04,11,0,NA,25.2
2006-08-04,12,9,290,26.4
2006-08-04,13,17,300,27.6
2006-08-04,14,20,310,27.1
2006-08-04,15,15,280,27.8
2006-08-04,16,17,330,26.3
2006-08-04,17,19,310,25.4
2006-08-04,18,19,340,23.7
2006-08-04,19,17,320,21.9
2006-08-04,20,17,330,20.8
2006-08-04,21,17,320,19.7
2006-08-04,22,22,330,19.5
2006-08-04,23,19,330,18.8
2006-08-05,0,13,330,17.5
2006-08-05,1,6,280,14.8
2006-08-05,2,6,80,14
2006-08-05,3,6,70,12.8
2006-08-05,4,7,70,12.1
2006-08-05,5,4,60,11.7
2006-08-05,6,4,60,13.7
2006-08-05,7,0,NA,15.5
2006-08-05,8,6,290,16.5
2006-08-05,9,9,320,18.6
2006-08-05,10,9,290,20.3
2006-08-05,11,4,280,22.1
2006-08-05,12,0,NA,24.2
2006-08-05,13,4,240,25.4
2006-08-05,14,7,260,26.5
2006-08-05,15,4,260,27.5
2006-08-05,16,4,280,27.8
2006-08-05,17,6,290,28.1
2006-08-05,18,7,290,26.7
2006-08-05,19,6,300,21.2
2006-08-05,20,6,20,20.1
2006-08-05,21,9,60,18.1
2006-08-05,22,6,10,18.5
2006-08-05,23,4,20,16.8
2006-08-06,0,6,350,17
2006-08-06,1,4,250,15.7
2006-08-06,2,6,50,14.3
2006-08-06,3,6,70,13.6
2006-08-06,4,6,30,13.3
2006-08-06,5,4,50,13.3
2006-08-06,6,4,50,14.6
2006-08-06,7,0,NA,14.7
2006-08-06,8,0,NA,16.7
2006-08-06,9,0,NA,19.4
2006-08-06,10,0,NA,21.2
2006-08-06,11,0,NA,23.7
2006-08-06,12,0,NA,26.1
2006-08-06,13,0,NA,28.3
2006-08-06,14,4,220,30.5
2006-08-06,15,4,190,31.4
2006-08-06,16,6,200,31.7
2006-08-06,17,0,NA,31.5
2006-08-06,18,0,NA,29.8
2006-08-06,19,6,300,26.7
2006-08-06,20,6,60,22.6
2006-08-06,21,9,60,21.6
2006-08-06,22,6,50,21.6
2006-08-06,23,4,200,20.4
2006-08-07,0,0,NA,19.3
2006-08-07,1,7,60,18.4
2006-08-07,2,4,350,17.3
2006-08-07,3,4,40,16.3
2006-08-07,4,0,NA,16
2006-08-07,5,0,NA,15.2
2006-08-07,6,0,NA,17
2006-08-07,7,0,NA,16.9
2006-08-07,8,4,150,19.7
2006-08-07,9,4,240,21.6
2006-08-07,10,0,NA,24.2
2006-08-07,11,0,NA,26.8
2006-08-07,12,0,NA,29.2
2006-08-07,13,0,NA,30.8
2006-08-07,14,0,NA,33.1
2006-08-07,15,0,NA,34.6
2006-08-07,16,0,NA,34.7
2006-08-07,17,7,170,33.6
2006-08-07,18,6,180,32.6
2006-08-07,19,0,NA,28.5
2006-08-07,20,6,40,25.4
2006-08-07,21,7,60,23.6
2006-08-07,22,6,40,24.3
2006-08-07,23,0,NA,23.9
2006-08-08,0,6,330,23
2006-08-08,1,4,30,21.3
2006-08-08,2,6,350,19.5
2006-08-08,3,0,NA,19.7
2006-08-08,4,6,340,18.8
2006-08-08,5,6,140,18.5
2006-08-08,6,7,60,17.2
2006-08-08,7,4,110,18.1
2006-08-08,8,0,NA,21.2
2006-08-08,9,4,260,21.4
2006-08-08,10,6,290,24.6
2006-08-08,11,6,310,26.5
2006-08-08,12,13,290,26.2
2006-08-08,13,9,290,27.1
2006-08-08,14,4,290,30.1
2006-08-08,15,0,NA,31.9
2006-08-08,16,7,300,30.6
2006-08-08,17,6,310,30.8
2006-08-08,18,4,310,28.4
2006-08-08,19,4,100,26.1
2006-08-08,20,6,10,25.8
2006-08-08,21,4,60,24.9
2006-08-08,22,6,70,23.4
2006-08-08,23,7,70,22.4
2006-08-09,0,9,60,21.9
2006-08-09,1,11,170,24.5
2006-08-09,2,11,160,23.9
2006-08-09,3,11,170,23.1
2006-08-09,4,11,140,22.2
2006-08-09,5,0,NA,19.8
2006-08-09,6,7,50,18.2
2006-08-09,7,4,70,22.2
2006-08-09,8,7,110,24.2
2006-08-09,9,6,150,25.6
2006-08-09,10,9,130,26.7
2006-08-09,11,9,160,27.6
2006-08-09,12,7,150,28.9
2006-08-09,13,11,170,29.6
2006-08-09,14,13,190,30
2006-08-09,15,15,190,28.6
2006-08-09,16,11,220,28.7
2006-08-09,17,9,200,28.6
2006-08-09,18,13,230,27.8
2006-08-09,19,7,220,26.1
2006-08-09,20,22,320,23.4
2006-08-09,21,28,330,20.7
2006-08-09,22,22,320,20.3
2006-08-09,23,15,330,18.4
2006-08-10,0,13,340,18.5
2006-08-10,1,6,310,16.8
2006-08-10,2,4,20,15.7
2006-08-10,3,4,320,16.4
2006-08-10,4,4,80,15.5
2006-08-10,5,4,60,14.8
2006-08-10,6,4,60,16.1
2006-08-10,7,0,NA,17.7
2006-08-10,8,0,NA,20
2006-08-10,9,0,NA,21.2
2006-08-10,10,0,NA,23.8
2006-08-10,11,4,260,25.6
2006-08-10,12,4,250,27.7
2006-08-10,13,26,290,19.2
2006-08-10,14,19,70,15.1
2006-08-10,15,19,60,15.8
2006-08-10,16,7,360,16.4
2006-08-10,17,13,30,18.5
2006-08-10,18,20,70,18
2006-08-10,19,15,80,17.2
2006-08-10,20,17,70,17.1
2006-08-10,21,19,50,16.8
2006-08-10,22,6,20,16
2006-08-10,23,7,290,15.3
2006-08-11,0,22,330,15.4
2006-08-11,1,0,NA,13.5
2006-08-11,2,4,320,13
2006-08-11,3,6,310,13.1
2006-08-11,4,13,70,12.6
2006-08-11,5,6,100,12.6
2006-08-11,6,9,70,12.6
2006-08-11,7,6,180,13.7
2006-08-11,8,0,NA,15.1
2006-08-11,9,9,160,17.5
2006-08-11,10,6,210,15.2
2006-08-11,11,4,200,16.7
2006-08-11,12,7,50,17.3
2006-08-11,13,9,110,16
2006-08-11,14,15,130,15.4
2006-08-11,15,9,140,17.5
2006-08-11,16,11,160,19.7
2006-08-11,17,9,230,17.1
2006-08-11,18,7,110,16
2006-08-11,19,4,260,14.8
2006-08-11,20,6,80,13.7
2006-08-11,21,4,330,13.2
2006-08-11,22,0,NA,11.6
2006-08-11,23,6,70,11.6
2006-08-12,0,4,360,11.8
2006-08-12,1,4,140,10.6
2006-08-12,2,0,NA,10.7
2006-08-12,3,6,60,10
2006-08-12,4,6,50,10.9
2006-08-12,5,0,NA,10.7
2006-08-12,6,0,NA,11.1
2006-08-12,7,0,NA,11.4
2006-08-12,8,4,250,13.1
2006-08-12,9,0,NA,16.1
2006-08-12,10,0,NA,18
2006-08-12,11,0,NA,19.9
2006-08-12,12,4,230,18.9
2006-08-12,13,0,NA,22.2
2006-08-12,14,7,210,22.9
2006-08-12,15,7,210,20.9
2006-08-12,16,13,120,16.4
2006-08-12,17,0,NA,21.4
2006-08-12,18,4,200,20.3
2006-08-12,19,0,NA,17.1
2006-08-12,20,4,200,15.8
2006-08-12,21,0,NA,15.3
2006-08-12,22,4,40,14.4
2006-08-12,23,4,40,13.5
2006-08-13,0,0,NA,12.4
2006-08-13,1,0,NA,12
2006-08-13,2,0,NA,11
2006-08-13,3,0,NA,10.3
2006-08-13,4,4,320,9.6
2006-08-13,5,4,30,9.2
2006-08-13,6,0,NA,9.7
2006-08-13,7,6,40,12.5
2006-08-13,8,4,130,14.7
2006-08-13,9,4,160,16.6
2006-08-13,10,6,220,17.8
2006-08-13,11,0,NA,20.1
2006-08-13,12,4,220,22.1
2006-08-13,13,6,280,23.3
2006-08-13,14,7,300,23.5
2006-08-13,15,4,270,26.3
2006-08-13,16,9,290,22.9
2006-08-13,17,0,NA,24.3
2006-08-13,18,4,280,21.7
2006-08-13,19,6,310,19.3
2006-08-13,20,4,10,18.9
2006-08-13,21,6,30,16.7
2006-08-13,22,0,NA,15.9
2006-08-13,23,6,10,15.8
2006-08-14,0,6,360,15.7
2006-08-14,1,6,60,14.8
2006-08-14,2,4,30,15
2006-08-14,3,0,NA,14.2
2006-08-14,4,4,40,12.9
2006-08-14,5,0,NA,12.3
2006-08-14,6,0,NA,13
2006-08-14,7,0,NA,14.2
2006-08-14,8,4,240,15.7
2006-08-14,9,0,NA,18.2
2006-08-14,10,0,NA,20
2006-08-14,11,0,NA,21.6
2006-08-14,12,0,NA,24
2006-08-14,13,0,NA,25.2
2006-08-14,14,0,NA,27
2006-08-14,15,0,NA,26.5
2006-08-14,16,0,NA,28.4
2006-08-14,17,0,NA,26.7
2006-08-14,18,0,NA,25.1
2006-08-14,19,4,50,21.3
2006-08-14,20,9,70,19.8
2006-08-14,21,11,60,20.3
2006-08-14,22,13,60,19.9
2006-08-14,23,6,40,19.2
2006-08-15,0,15,70,18.1
2006-08-15,1,17,60,17.3
2006-08-15,2,13,50,16.5
2006-08-15,3,13,70,15.7
2006-08-15,4,15,70,15.1
2006-08-15,5,4,40,13.4
2006-08-15,6,0,NA,13.4
2006-08-15,7,0,NA,15.2
2006-08-15,8,0,NA,17.2
2006-08-15,9,0,NA,19.9
2006-08-15,10,0,NA,21.4
2006-08-15,11,0,NA,22.7
2006-08-15,12,4,320,24.5
2006-08-15,13,6,270,25.7
2006-08-15,14,4,300,27.2
2006-08-15,15,7,310,26.3
2006-08-15,16,0,NA,24.9
2006-08-15,17,4,60,23.9
2006-08-15,18,7,70,23.9
2006-08-15,19,7,310,21.5
2006-08-15,20,7,60,18.9
2006-08-15,21,6,50,19.2
2006-08-15,22,4,30,18.2
2006-08-15,23,0,NA,16.8
2006-08-16,0,6,60,16.5
2006-08-16,1,6,40,16.7
2006-08-16,2,7,50,15.6
2006-08-16,3,4,50,15.6
2006-08-16,4,0,NA,15.1
2006-08-16,5,0,NA,14.6
2006-08-16,6,4,360,15.5
2006-08-16,7,0,NA,15.1
2006-08-16,8,0,NA,17.3
2006-08-16,9,0,NA,18.5
2006-08-16,10,0,NA,19.7
2006-08-16,11,0,NA,22.1
2006-08-16,12,0,NA,22.9
2006-08-16,13,4,240,25.5
2006-08-16,14,6,270,26.1
2006-08-16,15,17,330,22.1
2006-08-16,16,11,310,24.4
2006-08-16,17,7,300,21.9
2006-08-16,18,7,320,20.4
2006-08-16,19,6,300,20.3
2006-08-16,20,6,20,20
2006-08-16,21,0,NA,18.8
2006-08-16,22,6,20,19.2
2006-08-16,23,4,350,17.6
2006-08-17,0,6,360,17.5
2006-08-17,1,13,60,16.8
2006-08-17,2,7,70,14.4
2006-08-17,3,6,50,14.5
2006-08-17,4,0,NA,14.3
2006-08-17,5,7,60,13.1
2006-08-17,6,0,NA,14
2006-08-17,7,0,NA,15.4
2006-08-17,8,0,NA,17.9
2006-08-17,9,0,NA,19.8
2006-08-17,10,0,NA,21.2
2006-08-17,11,4,240,22.3
2006-08-17,12,0,NA,25.2
2006-08-17,13,11,250,26.1
2006-08-17,14,7,160,27
2006-08-17,15,6,130,27.5
2006-08-17,16,6,150,27
2006-08-17,17,7,160,26.2
2006-08-17,18,11,150,24.6
2006-08-17,19,4,110,20.8
2006-08-17,20,7,120,19.8
2006-08-17,21,9,80,17.7
2006-08-17,22,9,90,17
2006-08-17,23,9,60,18
2006-08-18,0,17,70,16.8
2006-08-18,1,6,40,15.6
2006-08-18,2,15,60,15.4
2006-08-18,3,11,60,14.6
2006-08-18,4,7,50,14.2
2006-08-18,5,7,50,13.4
2006-08-18,6,7,50,13.8
2006-08-18,7,11,110,15.5
2006-08-18,8,0,NA,17.7
2006-08-18,9,0,NA,19.3
2006-08-18,10,4,250,20.7
2006-08-18,11,4,240,22.6
2006-08-18,12,0,NA,25.2
2006-08-18,13,4,290,27.7
2006-08-18,14,0,NA,29.3
2006-08-18,15,0,NA,30
2006-08-18,16,0,NA,30.1
2006-08-18,17,0,NA,29.3
2006-08-18,18,0,NA,27.6
2006-08-18,19,4,90,23
2006-08-18,20,9,70,20.8
2006-08-18,21,11,70,20.8
2006-08-18,22,7,60,20.2
2006-08-18,23,15,60,19.8
2006-08-19,0,6,50,18.5
2006-08-19,1,7,50,17.6
2006-08-19,2,15,60,17
2006-08-19,3,19,60,16.4
2006-08-19,4,13,60,15.8
2006-08-19,5,7,50,15.1
2006-08-19,6,13,50,15.1
2006-08-19,7,11,70,16.5
2006-08-19,8,0,NA,18.8
2006-08-19,9,0,NA,20.9
2006-08-19,10,0,NA,22.3
2006-08-19,11,0,NA,24.5
2006-08-19,12,0,NA,27
2006-08-19,13,4,280,29.2
2006-08-19,14,4,120,31.3
2006-08-19,15,4,190,31.5
2006-08-19,16,6,180,31.5
2006-08-19,17,6,240,30.3
2006-08-19,18,0,NA,25.1
2006-08-19,19,6,30,22.1
2006-08-19,20,11,60,21.1
2006-08-19,21,7,40,21.7
2006-08-19,22,7,40,21.7
2006-08-19,23,11,50,20.8
2006-08-20,0,6,50,19.2
2006-08-20,1,4,30,18
2006-08-20,2,4,50,16.5
2006-08-20,3,7,60,15.9
2006-08-20,4,6,60,15.2
2006-08-20,5,4,40,14.1
2006-08-20,6,6,50,14.6
2006-08-20,7,0,NA,16.1
2006-08-20,8,4,240,17.3
2006-08-20,9,0,NA,21
2006-08-20,10,0,NA,22
2006-08-20,11,0,NA,23.2
2006-08-20,12,0,NA,26.5
2006-08-20,13,0,NA,28
2006-08-20,14,0,NA,30.5
2006-08-20,15,0,NA,31.6
2006-08-20,16,4,150,31.8
2006-08-20,17,0,NA,31.9
2006-08-20,18,0,NA,28.7
2006-08-20,19,7,60,23.8
2006-08-20,20,9,60,22.4
2006-08-20,21,6,40,23.1
2006-08-20,22,6,50,22.3
2006-08-20,23,13,50,21.4
2006-08-21,0,9,50,20.3
2006-08-21,1,15,50,19.2
2006-08-21,2,15,50,18.5
2006-08-21,3,9,40,17.5
2006-08-21,4,6,40,16.1
2006-08-21,5,7,50,15.2
2006-08-21,6,0,NA,14.6
2006-08-21,7,0,NA,16.5
2006-08-21,8,0,NA,17.7
2006-08-21,9,0,NA,19.8
2006-08-21,10,0,NA,22.5
2006-08-21,11,0,NA,24.5
2006-08-21,12,0,NA,26.5
2006-08-21,13,0,NA,28.1
2006-08-21,14,0,NA,29.7
2006-08-21,15,0,NA,31.6
2006-08-21,16,0,NA,32.8
2006-08-21,17,0,NA,29
2006-08-21,18,0,NA,27.1
2006-08-21,19,7,50,24.1
2006-08-21,20,6,20,23.9
2006-08-21,21,7,340,22.6
2006-08-21,22,7,310,23.2
2006-08-21,23,4,40,20.3
2006-08-22,0,4,350,21
2006-08-22,1,6,20,20.4
2006-08-22,2,0,NA,18.6
2006-08-22,3,0,NA,17.3
2006-08-22,4,0,NA,16.2
2006-08-22,5,6,80,16.9
2006-08-22,6,17,70,18.2
2006-08-22,7,4,140,16.1
2006-08-22,8,9,110,16.6
2006-08-22,9,6,100,19.8
2006-08-22,10,0,NA,22.7
2006-08-22,11,13,300,23.7
2006-08-22,12,15,290,26.1
2006-08-22,13,15,310,27.2
2006-08-22,14,13,300,28.5
2006-08-22,15,7,310,28.8
2006-08-22,16,7,300,28
2006-08-22,17,7,300,26.9
2006-08-22,18,4,320,23.8
2006-08-22,19,4,210,21.7
2006-08-22,20,4,40,18.6
2006-08-22,21,26,330,20.6
2006-08-22,22,4,20,19.8
2006-08-22,23,20,320,18.7
2006-08-23,0,17,330,17.6
2006-08-23,1,13,330,17
2006-08-23,2,6,350,15.9
2006-08-23,3,6,40,13.4
2006-08-23,4,6,50,13.2
2006-08-23,5,7,70,11.8
2006-08-23,6,9,60,12.3
2006-08-23,7,4,60,16.5
2006-08-23,8,4,220,17
2006-08-23,9,0,NA,19.6
2006-08-23,10,4,240,21
2006-08-23,11,4,250,22.7
2006-08-23,12,0,NA,25.4
2006-08-23,13,11,310,24.3
2006-08-23,14,9,290,25
2006-08-23,15,6,270,24.8
2006-08-23,16,13,320,23.2
2006-08-23,17,20,330,22.9
2006-08-23,18,20,330,22.5
2006-08-23,19,13,310,21.8
2006-08-23,20,22,330,21.2
2006-08-23,21,15,310,19.4
2006-08-23,22,15,330,19.4
2006-08-23,23,15,310,18.8
2006-08-24,0,13,310,18.2
2006-08-24,1,11,330,17
2006-08-24,2,7,350,16
2006-08-24,3,7,350,15.6
2006-08-24,4,9,340,14.7
2006-08-24,5,6,20,13.6
2006-08-24,6,4,50,12.8
2006-08-24,7,0,NA,15.4
2006-08-24,8,6,300,17.2
2006-08-24,9,7,280,18.5
2006-08-24,10,4,210,19.2
2006-08-24,11,0,NA,20.8
2006-08-24,12,6,330,22.3
2006-08-24,13,6,300,23.3
2006-08-24,14,7,290,22.7
2006-08-24,15,6,300,21.8
2006-08-24,16,4,300,22.1
2006-08-24,17,11,310,20.8
2006-08-24,18,4,280,19.6
2006-08-24,19,6,340,18.5
2006-08-24,20,6,30,17.2
2006-08-24,21,4,10,16.4
2006-08-24,22,0,NA,15.7
2006-08-24,23,6,360,15.7
2006-08-25,0,4,30,15.4
2006-08-25,1,6,10,15.2
2006-08-25,2,6,60,13
2006-08-25,3,7,60,12.3
2006-08-25,4,6,60,12.1
2006-08-25,5,6,50,11.9
2006-08-25,6,0,NA,11.9
2006-08-25,7,0,NA,14.2
2006-08-25,8,0,NA,13.9
2006-08-25,9,4,200,14.9
2006-08-25,10,11,300,20.4
2006-08-25,11,13,300,22.2
2006-08-25,12,4,270,24.7
2006-08-25,13,0,NA,25.8
2006-08-25,14,4,240,27.4
2006-08-25,15,6,250,27.3
2006-08-25,16,6,230,27.1
2006-08-25,17,0,NA,27.4
2006-08-25,18,0,NA,26.4
2006-08-25,19,9,60,20
2006-08-25,20,7,80,18.4
2006-08-25,21,17,60,19.4
2006-08-25,22,6,50,18
2006-08-25,23,11,60,17.2
2006-08-26,0,15,60,16.5
2006-08-26,1,13,50,15.6
2006-08-26,2,15,70,15.2
2006-08-26,3,6,40,14.3
2006-08-26,4,7,50,13.1
2006-08-26,5,11,60,13.2
2006-08-26,6,0,NA,12.2
2006-08-26,7,4,70,15
2006-08-26,8,0,NA,16.1
2006-08-26,9,0,NA,18.1
2006-08-26,10,4,270,20.4
2006-08-26,11,0,NA,22.4
2006-08-26,12,4,270,24.1
2006-08-26,13,4,260,26
2006-08-26,14,4,280,26.7
2006-08-26,15,0,NA,27.1
2006-08-26,16,7,280,27.9
2006-08-26,17,6,280,27.6
2006-08-26,18,0,NA,26.3
2006-08-26,19,6,340,21.5
2006-08-26,20,7,50,19.8
2006-08-26,21,6,340,19.7
2006-08-26,22,6,10,19.7
2006-08-26,23,0,NA,18.4
2006-08-27,0,6,60,16.5
2006-08-27,1,6,50,16.5
2006-08-27,2,0,NA,16.3
2006-08-27,3,0,NA,14.9
2006-08-27,4,7,60,14.2
2006-08-27,5,6,40,13.9
2006-08-27,6,4,50,13.2
2006-08-27,7,0,NA,16.6
2006-08-27,8,0,NA,16.6
2006-08-27,9,0,NA,19.6
2006-08-27,10,0,NA,21.9
2006-08-27,11,0,NA,24.2
2006-08-27,12,0,NA,26.3
2006-08-27,13,0,NA,28.4
2006-08-27,14,0,NA,30.2
2006-08-27,15,0,NA,31.7
2006-08-27,16,4,170,31.9
2006-08-27,17,0,NA,31.1
2006-08-27,18,0,NA,28.7
2006-08-27,19,4,80,22
2006-08-27,20,9,70,21.1
2006-08-27,21,7,50,21.8
2006-08-27,22,6,30,22
2006-08-27,23,4,60,20.4
2006-08-28,0,7,60,19.8
2006-08-28,1,4,20,17.5
2006-08-28,2,11,60,17.7
2006-08-28,3,6,30,16.9
2006-08-28,4,7,60,16.1
2006-08-28,5,0,NA,14.2
2006-08-28,6,6,60,14.5
2006-08-28,7,0,NA,15.9
2006-08-28,8,0,NA,18
2006-08-28,9,0,NA,21.9
2006-08-28,10,0,NA,23.4
2006-08-28,11,0,NA,25.6
2006-08-28,12,0,NA,27.6
2006-08-28,13,0,NA,29.7
2006-08-28,14,0,NA,32.3
2006-08-28,15,0,NA,32.4
2006-08-28,16,0,NA,32.6
2006-08-28,17,4,160,31.6
2006-08-28,18,7,140,28.8
2006-08-28,19,11,70,24.3
2006-08-28,20,15,70,24.1
2006-08-28,21,15,60,24.5
2006-08-28,22,6,40,22.7
2006-08-28,23,7,40,22.6
2006-08-29,0,11,50,21.3
2006-08-29,1,19,70,20.9
2006-08-29,2,19,80,20.4
2006-08-29,3,15,70,19.9
2006-08-29,4,9,80,17.7
2006-08-29,5,4,100,16.8
2006-08-29,6,4,60,15.7
2006-08-29,7,0,NA,18.6
2006-08-29,8,7,100,18.7
2006-08-29,9,4,180,18.7
2006-08-29,10,6,260,18.9
2006-08-29,11,4,220,20.2
2006-08-29,12,17,160,23
2006-08-29,13,9,180,23.4
2006-08-29,14,13,150,26.8
2006-08-29,15,15,210,27.5
2006-08-29,16,13,200,27.5
2006-08-29,17,17,230,25.3
2006-08-29,18,13,200,24.3
2006-08-29,19,9,200,22.9
2006-08-29,20,11,210,22.1
2006-08-29,21,13,220,21.3
2006-08-29,22,7,170,19.5
2006-08-29,23,7,180,18.1
2006-08-30,0,9,130,17.7
2006-08-30,1,15,150,17.1
2006-08-30,2,13,160,16.1
2006-08-30,3,15,160,14.9
2006-08-30,4,7,180,13.3
2006-08-30,5,9,140,12.7
2006-08-30,6,15,150,12.4
2006-08-30,7,13,160,12.1
2006-08-30,8,9,140,11.5
2006-08-30,9,4,170,12.6
2006-08-30,10,11,160,14.4
2006-08-30,11,9,150,14.5
2006-08-30,12,6,170,13.8
2006-08-30,13,0,NA,14.7
2006-08-30,14,13,180,15.1
2006-08-30,15,7,240,15.3
2006-08-30,16,11,150,13.5
2006-08-30,17,13,170,13.7
2006-08-30,18,9,170,13.3
2006-08-30,19,11,150,11.6
2006-08-30,20,9,160,11.9
2006-08-30,21,6,140,11.4
2006-08-30,22,7,60,9.3
2006-08-30,23,6,210,8.6
2006-08-31,0,0,NA,7.9
2006-08-31,1,0,NA,7.7
2006-08-31,2,6,60,7.5
2006-08-31,3,4,80,8
2006-08-31,4,4,70,7.2
2006-08-31,5,4,160,6.7
2006-08-31,6,6,100,6.5
2006-08-31,7,0,NA,9.3
2006-08-31,8,0,NA,11.5
2006-08-31,9,4,160,13.7
2006-08-31,10,6,250,14.8
2006-08-31,11,9,310,16
2006-08-31,12,11,300,15.7
2006-08-31,13,17,300,18.1
2006-08-31,14,17,320,18.9
2006-08-31,15,20,320,18.5
2006-08-31,16,19,320,18.3
2006-08-31,17,20,310,18.3
2006-08-31,18,17,300,16.9
2006-08-31,19,9,320,14.2
2006-08-31,20,4,40,12.5
2006-08-31,21,6,60,10.3
2006-08-31,22,6,30,10.1
2006-08-31,23,9,60,10
2006-09-01,0,4,50,9.1
2006-09-01,1,6,40,8.7
2006-09-01,2,4,20,8.3
2006-09-01,3,6,50,7.9
2006-09-01,4,6,50,6.9
2006-09-01,5,6,50,6.1
2006-09-01,6,7,60,5.9
2006-09-01,7,0,NA,8.3
2006-09-01,8,0,NA,10.6
2006-09-01,9,4,290,13.8
2006-09-01,10,4,300,15.4
2006-09-01,11,0,NA,17.6
2006-09-01,12,4,230,20.2
2006-09-01,13,4,250,22.1
2006-09-01,14,4,230,23.4
2006-09-01,15,0,NA,24.4
2006-09-01,16,4,230,24.6
2006-09-01,17,4,230,24.2
2006-09-01,18,4,300,22.9
2006-09-01,19,6,80,16.2
2006-09-01,20,0,NA,16.4
2006-09-01,21,7,350,16
2006-09-01,22,6,340,14.8
2006-09-01,23,4,120,13.9
2006-09-02,0,6,60,13.2
2006-09-02,1,6,40,12.7
2006-09-02,2,6,350,12.7
2006-09-02,3,6,50,11.2
2006-09-02,4,0,NA,11.3
2006-09-02,5,0,NA,10.7
2006-09-02,6,4,310,9.4
2006-09-02,7,4,290,10.9
2006-09-02,8,0,NA,14
2006-09-02,9,4,260,16.6
2006-09-02,10,0,NA,19.2
2006-09-02,11,0,NA,21.6
2006-09-02,12,0,NA,23.9
2006-09-02,13,0,NA,26.5
2006-09-02,14,0,NA,27.9
2006-09-02,15,0,NA,29.2
2006-09-02,16,0,NA,30.2
2006-09-02,17,0,NA,29.5
2006-09-02,18,7,310,23.7
2006-09-02,19,6,40,21.1
2006-09-02,20,6,50,18.9
2006-09-02,21,7,340,19.5
2006-09-02,22,0,NA,18
2006-09-02,23,4,200,17.7
2006-09-03,0,0,NA,16.4
2006-09-03,1,0,NA,15.5
2006-09-03,2,4,70,14.3
2006-09-03,3,4,80,13.6
2006-09-03,4,0,NA,13.5
2006-09-03,5,4,60,11.5
2006-09-03,6,4,40,11.9
2006-09-03,7,4,70,14.4
2006-09-03,8,4,240,15.3
2006-09-03,9,0,NA,18.7
2006-09-03,10,6,290,20.4
2006-09-03,11,6,300,22.8
2006-09-03,12,7,290,24.8
2006-09-03,13,6,300,26.5
2006-09-03,14,6,290,27.5
2006-09-03,15,6,280,27.8
2006-09-03,16,7,290,27.6
2006-09-03,17,7,300,26.5
2006-09-03,18,6,290,22.7
2006-09-03,19,6,30,21
2006-09-03,20,6,350,21.9
2006-09-03,21,6,350,21
2006-09-03,22,6,360,18.9
2006-09-03,23,6,250,18.7
2006-09-04,0,4,70,16.8
2006-09-04,1,0,NA,17.5
2006-09-04,2,0,NA,16.3
2006-09-04,3,4,70,15.3
2006-09-04,4,0,NA,15
2006-09-04,5,4,360,14.1
2006-09-04,6,4,50,13.6
2006-09-04,7,0,NA,15.9
2006-09-04,8,0,NA,18.1
2006-09-04,9,4,250,18.9
2006-09-04,10,4,270,21.2
2006-09-04,11,0,NA,24.1
2006-09-04,12,0,NA,25.9
2006-09-04,13,0,NA,27.1
2006-09-04,14,0,NA,29.4
2006-09-04,15,0,NA,27
2006-09-04,16,0,NA,27.6
2006-09-04,17,0,NA,28
2006-09-04,18,4,300,23.5
2006-09-04,19,6,60,21.8
2006-09-04,20,0,NA,20.2
2006-09-04,21,6,350,21
2006-09-04,22,0,NA,19.4
2006-09-04,23,4,270,19.3
2006-09-05,0,0,NA,17.7
2006-09-05,1,0,NA,17.2
2006-09-05,2,0,NA,17.3
2006-09-05,3,4,230,16.7
2006-09-05,4,0,NA,15.4
2006-09-05,5,0,NA,13.8
2006-09-05,6,4,60,13.7
2006-09-05,7,0,NA,16
2006-09-05,8,0,NA,17.6
2006-09-05,9,0,NA,19.5
2006-09-05,10,0,NA,21.9
2006-09-05,11,0,NA,24
2006-09-05,12,6,290,25.8
2006-09-05,13,6,300,27.1
2006-09-05,14,6,300,27.7
2006-09-05,15,4,290,28.2
2006-09-05,16,6,290,26.5
2006-09-05,17,0,NA,26.5
2006-09-05,18,0,NA,23
2006-09-05,19,7,60,20.3
2006-09-05,20,4,90,20.8
2006-09-05,21,4,300,20.8
2006-09-05,22,0,NA,19.7
2006-09-05,23,0,NA,19.8
2006-09-06,0,0,NA,18.3
2006-09-06,1,4,140,16.9
2006-09-06,2,0,NA,17.7
2006-09-06,3,0,NA,16.1
2006-09-06,4,0,NA,15.1
2006-09-06,5,0,NA,15.2
2006-09-06,6,0,NA,14.4
2006-09-06,7,6,70,15.6
2006-09-06,8,0,NA,17.8
2006-09-06,9,6,240,17.9
2006-09-06,10,0,NA,21.3
2006-09-06,11,0,NA,23.8
2006-09-06,12,0,NA,25.9
2006-09-06,13,4,290,27.8
2006-09-06,14,0,NA,28.9
2006-09-06,15,6,280,24.8
2006-09-06,16,9,320,22.4
2006-09-06,17,6,110,21.6
2006-09-06,18,4,70,21.2
2006-09-06,19,4,60,20.3
2006-09-06,20,6,70,19.2
2006-09-06,21,6,30,19.8
2006-09-06,22,4,350,19.5
2006-09-06,23,0,NA,18.7
2006-09-07,0,4,60,17.3
2006-09-07,1,4,350,17.5
2006-09-07,2,4,80,15.8
2006-09-07,3,0,NA,15.3
2006-09-07,4,0,NA,14.6
2006-09-07,5,4,50,14.7
2006-09-07,6,4,80,13.4
2006-09-07,7,0,NA,15.4
2006-09-07,8,0,NA,16.2
2006-09-07,9,4,250,18
2006-09-07,10,0,NA,20.9
2006-09-07,11,0,NA,23.1
2006-09-07,12,0,NA,25.4
2006-09-07,13,0,NA,26.7
2006-09-07,14,0,NA,28.5
2006-09-07,15,0,NA,27.3
2006-09-07,16,6,280,25.4
2006-09-07,17,9,270,24.2
2006-09-07,18,4,30,22.8
2006-09-07,19,11,70,20.5
2006-09-07,20,6,350,22.2
2006-09-07,21,7,330,21.2
2006-09-07,22,7,350,19.7
2006-09-07,23,0,NA,19.5
2006-09-08,0,6,360,18.3
2006-09-08,1,6,360,18.8
2006-09-08,2,4,30,17.4
2006-09-08,3,0,NA,17
2006-09-08,4,0,NA,15.4
2006-09-08,5,4,20,14.2
2006-09-08,6,4,70,14.2
2006-09-08,7,0,NA,15.2
2006-09-08,8,0,NA,16.6
2006-09-08,9,0,NA,19
2006-09-08,10,0,NA,21.6
2006-09-08,11,0,NA,24
2006-09-08,12,0,NA,26.1
2006-09-08,13,0,NA,27.7
2006-09-08,14,0,NA,29.7
2006-09-08,15,0,NA,30.6
2006-09-08,16,0,NA,27
2006-09-08,17,6,110,25.7
2006-09-08,18,7,310,21.8
2006-09-08,19,4,70,20.5
2006-09-08,20,6,50,21.4
2006-09-08,21,6,350,20.7
2006-09-08,22,9,120,19.1
2006-09-08,23,11,70,19
2006-09-09,0,4,310,17.8
2006-09-09,1,7,40,19.5
2006-09-09,2,4,20,19.6
2006-09-09,3,7,150,17
2006-09-09,4,4,330,16
2006-09-09,5,6,190,15.4
2006-09-09,6,9,80,15
2006-09-09,7,9,80,16.2
2006-09-09,8,4,80,19.8
2006-09-09,9,4,290,16.8
2006-09-09,10,7,130,19
2006-09-09,11,11,150,20.9
2006-09-09,12,13,180,23
2006-09-09,13,11,180,23.4
2006-09-09,14,11,160,24.5
2006-09-09,15,7,170,25.6
2006-09-09,16,6,180,26
2006-09-09,17,11,200,24.4
2006-09-09,18,7,220,21.9
2006-09-09,19,7,170,20.7
2006-09-09,20,6,140,20.6
2006-09-09,21,7,50,17.8
2006-09-09,22,7,60,16.1
2006-09-09,23,7,80,15.2
2006-09-10,0,9,70,13.4
2006-09-10,1,7,70,12.9
2006-09-10,2,7,90,12.4
2006-09-10,3,7,60,12.1
2006-09-10,4,9,60,11.3
2006-09-10,5,4,40,11.5
2006-09-10,6,7,70,10.2
2006-09-10,7,6,70,12.4
2006-09-10,8,0,NA,15
2006-09-10,9,4,240,16.4
2006-09-10,10,0,NA,18.8
2006-09-10,11,4,220,20.4
2006-09-10,12,6,260,22.2
2006-09-10,13,4,330,23.8
2006-09-10,14,6,300,24.8
2006-09-10,15,0,NA,25.6
2006-09-10,16,4,180,25.6
2006-09-10,17,6,170,24.1
2006-09-10,18,7,160,21.8
2006-09-10,19,6,120,19.4
2006-09-10,20,7,80,17
2006-09-10,21,11,70,16.7
2006-09-10,22,13,70,17.1
2006-09-10,23,7,50,15.8
2006-09-11,0,4,60,15.1
2006-09-11,1,9,60,14.7
2006-09-11,2,6,40,13.6
2006-09-11,3,9,50,12.9
2006-09-11,4,7,60,12.2
2006-09-11,5,7,50,11.9
2006-09-11,6,6,50,11.4
2006-09-11,7,6,60,12.4
2006-09-11,8,7,80,15.1
2006-09-11,9,4,140,16.7
2006-09-11,10,4,150,18.8
2006-09-11,11,0,NA,20.8
2006-09-11,12,4,230,23.5
2006-09-11,13,4,290,24.8
2006-09-11,14,0,NA,26.3
2006-09-11,15,6,300,27.3
2006-09-11,16,7,290,25.9
2006-09-11,17,4,280,23
2006-09-11,18,4,90,20
2006-09-11,19,6,100,18.9
2006-09-11,20,9,70,18.2
2006-09-11,21,4,30,19.2
2006-09-11,22,0,NA,16.4
2006-09-11,23,0,NA,16.1
2006-09-12,0,0,NA,16.4
2006-09-12,1,6,50,14.3
2006-09-12,2,6,50,14.3
2006-09-12,3,6,40,14
2006-09-12,4,6,40,12.7
2006-09-12,5,6,60,11.7
2006-09-12,6,6,60,11.7
2006-09-12,7,4,40,12.7
2006-09-12,8,0,NA,14.1
2006-09-12,9,4,230,16.3
2006-09-12,10,0,NA,19
2006-09-12,11,4,230,21.3
2006-09-12,12,0,NA,24.4
2006-09-12,13,0,NA,24.8
2006-09-12,14,0,NA,27.6
2006-09-12,15,4,300,28.5
2006-09-12,16,4,300,26.6
2006-09-12,17,6,290,24.4
2006-09-12,18,0,NA,21
2006-09-12,19,6,50,20.3
2006-09-12,20,11,60,19.2
2006-09-12,21,7,80,19
2006-09-12,22,13,70,19.1
2006-09-12,23,19,70,19.1
2006-09-13,0,7,60,16.5
2006-09-13,1,6,60,16.1
2006-09-13,2,7,50,15.4
2006-09-13,3,9,60,14.6
2006-09-13,4,9,60,14.7
2006-09-13,5,7,80,14
2006-09-13,6,7,80,12.8
2006-09-13,7,9,310,12.3
2006-09-13,8,0,NA,14.3
2006-09-13,9,4,220,16.7
2006-09-13,10,9,320,18.5
2006-09-13,11,6,300,17.9
2006-09-13,12,7,260,21.4
2006-09-13,13,13,210,21
2006-09-13,14,7,310,19.3
2006-09-13,15,11,300,18.1
2006-09-13,16,22,330,17.4
2006-09-13,17,11,330,16.8
2006-09-13,18,7,340,14.6
2006-09-13,19,15,310,14.6
2006-09-13,20,15,320,14.3
2006-09-13,21,20,320,12.9
2006-09-13,22,17,330,11.6
2006-09-13,23,19,310,10.7
2006-09-14,0,19,320,10.1
2006-09-14,1,6,330,9.9
2006-09-14,2,6,310,9.8
2006-09-14,3,4,280,8.9
2006-09-14,4,0,NA,8.1
2006-09-14,5,0,NA,7.6
2006-09-14,6,6,70,7.8
2006-09-14,7,4,80,8.8
2006-09-14,8,0,NA,9.8
2006-09-14,9,4,140,10.5
2006-09-14,10,7,150,11.3
2006-09-14,11,6,140,11.4
2006-09-14,12,7,50,11
2006-09-14,13,9,310,10.4
2006-09-14,14,13,310,8.8
2006-09-14,15,9,280,9.2
2006-09-14,16,6,300,9.5
2006-09-14,17,7,300,9.3
2006-09-14,18,4,360,7.9
2006-09-14,19,4,330,6.9
2006-09-14,20,0,NA,6.2
2006-09-14,21,4,10,5.8
2006-09-14,22,6,350,6.3
2006-09-14,23,4,320,5.7
2006-09-15,0,0,NA,6.1
2006-09-15,1,4,20,5.8
2006-09-15,2,6,60,4.8
2006-09-15,3,6,50,4.7
2006-09-15,4,4,30,4.7
2006-09-15,5,11,60,4.9
2006-09-15,6,4,290,4.6
2006-09-15,7,4,10,5.6
2006-09-15,8,0,NA,8.7
2006-09-15,9,0,NA,10
2006-09-15,10,15,320,11.8
2006-09-15,11,17,320,13.1
2006-09-15,12,15,300,14.9
2006-09-15,13,20,300,15.5
2006-09-15,14,13,330,15.1
2006-09-15,15,7,350,14.7
2006-09-15,16,20,50,13.8
2006-09-15,17,22,40,12.5
2006-09-15,18,20,50,11.8
2006-09-15,19,24,50,9.3
2006-09-15,20,19,60,8.6
2006-09-15,21,6,20,8.6
2006-09-15,22,4,350,8.1
2006-09-15,23,4,50,7.4
2006-09-16,0,0,NA,7.5
2006-09-16,1,0,NA,7.4
2006-09-16,2,0,NA,7.5
2006-09-16,3,6,50,7
2006-09-16,4,4,50,7.1
2006-09-16,5,7,60,7.2
2006-09-16,6,4,50,7.2
2006-09-16,7,6,90,7.2
2006-09-16,8,6,90,7.9
2006-09-16,9,4,100,8.3
2006-09-16,10,4,150,8.5
2006-09-16,11,0,NA,9.2
2006-09-16,12,0,NA,10.5
2006-09-16,13,6,230,12.4
2006-09-16,14,6,250,13.9
2006-09-16,15,7,260,13.2
2006-09-16,16,6,260,14.1
2006-09-16,17,7,290,11.9
2006-09-16,18,4,320,10.6
2006-09-16,19,6,310,9.4
2006-09-16,20,4,40,8.2
2006-09-16,21,4,20,7.6
2006-09-16,22,7,50,6.4
2006-09-16,23,6,40,6.8
2006-09-17,0,7,60,6.2
2006-09-17,1,4,340,5.9
2006-09-17,2,4,70,5.1
2006-09-17,3,6,60,5.3
2006-09-17,4,4,40,4.6
2006-09-17,5,4,70,3.4
2006-09-17,6,0,NA,3.2
2006-09-17,7,0,NA,4.3
2006-09-17,8,4,200,6.9
2006-09-17,9,4,210,9.5
2006-09-17,10,6,250,11.1
2006-09-17,11,4,230,13.7
2006-09-17,12,6,280,15.2
2006-09-17,13,6,290,16.5
2006-09-17,14,7,270,17.8
2006-09-17,15,7,300,18.4
2006-09-17,16,9,290,18.2
2006-09-17,17,7,300,17.3
2006-09-17,18,6,300,12.7
2006-09-17,19,9,60,10.3
2006-09-17,20,7,70,9.9
2006-09-17,21,11,70,10.5
2006-09-17,22,7,60,9.9
2006-09-17,23,7,60,9.7
2006-09-18,0,9,60,9.7
2006-09-18,1,15,60,10.3
2006-09-18,2,17,70,9.4
2006-09-18,3,17,70,9.5
2006-09-18,4,13,70,9.5
2006-09-18,5,9,100,8.9
2006-09-18,6,11,80,8.7
2006-09-18,7,6,70,9.6
2006-09-18,8,6,140,10.8
2006-09-18,9,4,170,13
2006-09-18,10,0,NA,13.5
2006-09-18,11,4,240,12.3
2006-09-18,12,0,NA,13.3
2006-09-18,13,4,20,12.7
2006-09-18,14,0,NA,12.3
2006-09-18,15,0,NA,13.6
2006-09-18,16,6,260,13.7
2006-09-18,17,6,310,12.6
2006-09-18,18,6,320,12.1
2006-09-18,19,0,NA,12
2006-09-18,20,6,280,12.2
2006-09-18,21,6,320,11.5
2006-09-18,22,9,300,10.7
2006-09-18,23,9,310,10.1
2006-09-19,0,6,50,9.5
2006-09-19,1,4,290,8.9
2006-09-19,2,0,NA,8.3
2006-09-19,3,0,NA,8.2
2006-09-19,4,4,10,7.8
2006-09-19,5,6,10,7.3
2006-09-19,6,6,60,7.4
2006-09-19,7,4,50,7.7
2006-09-19,8,4,360,10.1
2006-09-19,9,4,250,11
2006-09-19,10,6,300,12.1
2006-09-19,11,7,290,13.2
2006-09-19,12,9,300,13.9
2006-09-19,13,4,320,14.2
2006-09-19,14,6,260,14
2006-09-19,15,4,150,14.2
2006-09-19,16,0,NA,13.5
2006-09-19,17,4,150,12.1
2006-09-19,18,4,130,11.6
2006-09-19,19,4,280,10.9
2006-09-19,20,0,NA,10.3
2006-09-19,21,4,290,10.1
2006-09-19,22,0,NA,10
2006-09-19,23,0,NA,9.9
2006-09-20,0,6,100,9.8
2006-09-20,1,0,NA,10.1
2006-09-20,2,0,NA,10.1
2006-09-20,3,0,NA,10.2
2006-09-20,4,0,NA,9.7
2006-09-20,5,4,90,9.9
2006-09-20,6,0,NA,10.1
2006-09-20,7,0,NA,10.5
2006-09-20,8,0,NA,11
2006-09-20,9,0,NA,11.8
2006-09-20,10,6,120,13.9
2006-09-20,11,17,160,14.4
2006-09-20,12,13,170,14.1
2006-09-20,13,11,160,13.4
2006-09-20,14,15,170,12.5
2006-09-20,15,13,170,11.7
2006-09-20,16,9,160,11.5
2006-09-20,17,9,150,11.5
2006-09-20,18,9,160,11.3
2006-09-20,19,6,150,10.8
2006-09-20,20,4,340,10.2
2006-09-20,21,0,NA,10
2006-09-20,22,6,170,10
2006-09-20,23,4,180,9.8
2006-09-21,0,4,190,8.9
2006-09-21,1,4,320,8.6
2006-09-21,2,0,NA,8.7
2006-09-21,3,4,180,8.8
2006-09-21,4,0,NA,8.8
2006-09-21,5,4,360,8.5
2006-09-21,6,6,120,8.2
2006-09-21,7,6,310,8.2
2006-09-21,8,4,110,8.8
2006-09-21,9,0,NA,11.8
2006-09-21,10,6,230,12
2006-09-21,11,7,300,13.4
2006-09-21,12,19,290,14.4
2006-09-21,13,7,300,15.6
2006-09-21,14,19,300,16.1
2006-09-21,15,4,300,17.2
2006-09-21,16,9,300,16.5
2006-09-21,17,20,320,13.9
2006-09-21,18,6,360,13.3
2006-09-21,19,9,70,9.6
2006-09-21,20,6,360,11.4
2006-09-21,21,9,60,8.7
2006-09-21,22,6,10,9.3
2006-09-21,23,7,80,8.2
2006-09-22,0,0,NA,7.3
2006-09-22,1,6,60,6.4
2006-09-22,2,9,60,6.3
2006-09-22,3,7,50,6
2006-09-22,4,4,50,5.9
2006-09-22,5,7,50,5.4
2006-09-22,6,4,40,5.6
2006-09-22,7,0,NA,6.5
2006-09-22,8,0,NA,7.5
2006-09-22,9,0,NA,10.7
2006-09-22,10,6,260,12.3
2006-09-22,11,7,300,13
2006-09-22,12,4,340,15
2006-09-22,13,6,260,15.5
2006-09-22,14,4,320,18.2
2006-09-22,15,7,250,19.5
2006-09-22,16,6,320,15.4
2006-09-22,17,6,320,14.4
2006-09-22,18,6,60,12.4
2006-09-22,19,7,60,11.4
2006-09-22,20,7,60,10.8
2006-09-22,21,7,60,10.3
2006-09-22,22,4,40,9.7
2006-09-22,23,6,50,9
2006-09-23,0,7,60,9
2006-09-23,1,7,60,7.9
2006-09-23,2,11,80,7.3
2006-09-23,3,7,80,7.9
2006-09-23,4,6,90,7.6
2006-09-23,5,6,60,7.1
2006-09-23,6,0,NA,5.9
2006-09-23,7,6,70,6.2
2006-09-23,8,0,NA,10.2
2006-09-23,9,4,260,12.2
2006-09-23,10,0,NA,14.5
2006-09-23,11,4,250,15.6
2006-09-23,12,7,350,16.9
2006-09-23,13,6,240,18.7
2006-09-23,14,7,280,19.4
2006-09-23,15,7,280,19.6
2006-09-23,16,6,290,20
2006-09-23,17,7,300,17.3
2006-09-23,18,4,310,15.4
2006-09-23,19,4,20,13.4
2006-09-23,20,7,60,12.3
2006-09-23,21,9,70,10.9
2006-09-23,22,9,60,11.1
2006-09-23,23,9,60,10.3
2006-09-24,0,6,30,10.1
2006-09-24,1,6,50,9.2
2006-09-24,2,6,50,8.9
2006-09-24,3,7,60,8.4
2006-09-24,4,6,50,7.9
2006-09-24,5,6,60,7.1
2006-09-24,6,6,60,6.2
2006-09-24,7,6,80,7.3
2006-09-24,8,0,NA,9.5
2006-09-24,9,0,NA,12.6
2006-09-24,10,0,NA,14.3
2006-09-24,11,0,NA,15.5
2006-09-24,12,4,250,16.9
2006-09-24,13,4,200,17.9
2006-09-24,14,0,NA,20.3
2006-09-24,15,6,280,20.8
2006-09-24,16,7,290,20.5
2006-09-24,17,4,300,20.2
2006-09-24,18,4,320,14.6
2006-09-24,19,4,360,15.1
2006-09-24,20,0,NA,13.2
2006-09-24,21,0,NA,12.5
2006-09-24,22,0,NA,11.7
2006-09-24,23,0,NA,11
2006-09-25,0,4,330,11.3
2006-09-25,1,6,60,9
2006-09-25,2,7,60,9
2006-09-25,3,7,60,8.6
2006-09-25,4,6,60,8.4
2006-09-25,5,4,20,7.8
2006-09-25,6,4,50,7.1
2006-09-25,7,4,50,8.1
2006-09-25,8,4,190,10.6
2006-09-25,9,0,NA,14
2006-09-25,10,0,NA,15
2006-09-25,11,0,NA,16.9
2006-09-25,12,6,220,18.6
2006-09-25,13,6,270,20.6
2006-09-25,14,6,290,22.8
2006-09-25,15,6,310,23.5
2006-09-25,16,0,NA,24.2
2006-09-25,17,6,300,20.8
2006-09-25,18,6,70,17
2006-09-25,19,4,140,18.2
2006-09-25,20,0,NA,15.1
2006-09-25,21,4,20,14.3
2006-09-25,22,6,60,14.8
2006-09-25,23,0,NA,14.1
2006-09-26,0,7,60,12.7
2006-09-26,1,6,60,12.7
2006-09-26,2,0,NA,12.3
2006-09-26,3,4,60,11.2
2006-09-26,4,6,60,10.6
2006-09-26,5,4,60,9.9
2006-09-26,6,6,70,9.9
2006-09-26,7,0,NA,11.4
2006-09-26,8,0,NA,12.9
2006-09-26,9,0,NA,13.8
2006-09-26,10,4,280,15.1
2006-09-26,11,0,NA,18.6
2006-09-26,12,4,280,20.1
2006-09-26,13,4,320,21.7
2006-09-26,14,7,290,20.9
2006-09-26,15,9,310,20
2006-09-26,16,6,290,18.4
2006-09-26,17,6,290,17.6
2006-09-26,18,0,NA,15.3
2006-09-26,19,0,NA,14.4
2006-09-26,20,6,80,13.3
2006-09-26,21,4,270,13.4
2006-09-26,22,6,320,14.1
2006-09-26,23,6,360,12.5
2006-09-27,0,0,NA,12.3
2006-09-27,1,4,20,12.6
2006-09-27,2,0,NA,11.7
2006-09-27,3,4,80,11.2
2006-09-27,4,4,60,10.9
2006-09-27,5,6,60,10.3
2006-09-27,6,7,60,10.2
2006-09-27,7,4,80,10
2006-09-27,8,0,NA,14.1
2006-09-27,9,0,NA,15.5
2006-09-27,10,6,290,17.1
2006-09-27,11,0,NA,19.5
2006-09-27,12,4,220,21.2
2006-09-27,13,0,NA,23.2
2006-09-27,14,0,NA,24.8
2006-09-27,15,0,NA,25.1
2006-09-27,16,6,290,24.4
2006-09-27,17,4,290,22
2006-09-27,18,7,340,16.5
2006-09-27,19,4,60,17.1
2006-09-27,20,7,50,15.9
2006-09-27,21,6,350,16.6
2006-09-27,22,0,NA,14.1
2006-09-27,23,0,NA,14.6
2006-09-28,0,7,60,12.6
2006-09-28,1,0,NA,12.4
2006-09-28,2,9,80,10.4
2006-09-28,3,7,70,11.6
2006-09-28,4,4,350,10.4
2006-09-28,5,6,70,8.7
2006-09-28,6,4,30,8.9
2006-09-28,7,6,40,9.8
2006-09-28,8,0,NA,13.3
2006-09-28,9,4,260,14.2
2006-09-28,10,7,300,15.4
2006-09-28,11,4,230,17.6
2006-09-28,12,4,290,20.2
2006-09-28,13,6,270,21.6
2006-09-28,14,7,290,22.4
2006-09-28,15,9,300,21.6
2006-09-28,16,7,300,21.4
2006-09-28,17,6,300,19.7
2006-09-28,18,4,300,15.4
2006-09-28,19,0,NA,15.6
2006-09-28,20,4,360,15
2006-09-28,21,0,NA,14.4
2006-09-28,22,6,80,13.6
2006-09-28,23,4,290,14.3
2006-09-29,0,0,NA,12.5
2006-09-29,1,6,60,12.3
2006-09-29,2,0,NA,12.2
2006-09-29,3,4,90,12.1
2006-09-29,4,4,70,11.4
2006-09-29,5,0,NA,10.6
2006-09-29,6,6,60,11
2006-09-29,7,4,40,10.8
2006-09-29,8,0,NA,13.5
2006-09-29,9,0,NA,16.6
2006-09-29,10,6,300,17.3
2006-09-29,11,6,280,19.8
2006-09-29,12,0,NA,21.7
2006-09-29,13,4,320,23.1
2006-09-29,14,6,290,23.9
2006-09-29,15,6,270,24.9
2006-09-29,16,0,NA,25.1
2006-09-29,17,6,300,22.4
2006-09-29,18,4,40,18.8
2006-09-29,19,11,70,17.8
2006-09-29,20,11,60,17.2
2006-09-29,21,9,60,16.6
2006-09-29,22,11,50,16.2
2006-09-29,23,11,50,15.6
2006-09-30,0,11,60,15.1
2006-09-30,1,6,30,13.4
2006-09-30,2,9,60,13.7
2006-09-30,3,15,70,13
2006-09-30,4,13,70,12.2
2006-09-30,5,11,80,11.3
2006-09-30,6,4,40,10.2
2006-09-30,7,0,NA,9.6
2006-09-30,8,4,120,14.3
2006-09-30,9,4,100,16.3
2006-09-30,10,4,280,16.9
2006-09-30,11,4,300,19
2006-09-30,12,4,310,23.2
2006-09-30,13,4,200,26.5
2006-09-30,14,17,180,26.3
2006-09-30,15,17,190,26.1
2006-09-30,16,15,190,25.1
2006-09-30,17,15,200,23.9
2006-09-30,18,9,190,22.1
2006-09-30,19,9,130,19.6
2006-09-30,20,4,100,16.9
2006-09-30,21,4,220,16.2
2006-09-30,22,11,60,14.2
2006-09-30,23,13,70,14.2
2007-05-01,0,4,110,10.1
2007-05-01,1,6,70,10.3
2007-05-01,2,6,60,9.9
2007-05-01,3,6,360,9.6
2007-05-01,4,7,350,9.8
2007-05-01,5,6,330,9
2007-05-01,6,6,320,9.4
2007-05-01,7,9,330,9.8
2007-05-01,8,19,330,9.4
2007-05-01,9,17,320,10.1
2007-05-01,10,26,330,11.9
2007-05-01,11,28,330,12
2007-05-01,12,32,320,12.9
2007-05-01,13,33,320,13.8
2007-05-01,14,32,330,13.9
2007-05-01,15,33,330,12.1
2007-05-01,16,37,330,11.6
2007-05-01,17,33,330,11.3
2007-05-01,18,26,330,11.6
2007-05-01,19,19,330,10.4
2007-05-01,20,32,320,10.3
2007-05-01,21,19,320,10.2
2007-05-01,22,13,320,9
2007-05-01,23,26,330,10.2
2007-05-02,0,19,330,9.9
2007-05-02,1,7,320,8.7
2007-05-02,2,15,300,8.4
2007-05-02,3,6,330,8.4
2007-05-02,4,9,320,8
2007-05-02,5,0,NA,7.9
2007-05-02,6,0,NA,7.9
2007-05-02,7,4,150,8.3
2007-05-02,8,0,NA,8.6
2007-05-02,9,4,90,9.8
2007-05-02,10,0,NA,11.3
2007-05-02,11,4,230,11.3
2007-05-02,12,4,200,12.9
2007-05-02,13,6,330,13.3
2007-05-02,14,7,280,12.4
2007-05-02,15,9,170,11.4
2007-05-02,16,9,120,9.8
2007-05-02,17,7,130,10
2007-05-02,18,6,140,9.7
2007-05-02,19,7,100,9.3
2007-05-02,20,6,150,8.3
2007-05-02,21,4,80,7.7
2007-05-02,22,0,NA,7.3
2007-05-02,23,4,110,6.3
2007-05-03,0,0,NA,6
2007-05-03,1,4,70,5.5
2007-05-03,2,6,60,5.1
2007-05-03,3,0,NA,5.5
2007-05-03,4,4,70,5.1
2007-05-03,5,0,NA,5.6
2007-05-03,6,0,NA,5.6
2007-05-03,7,4,80,6.2
2007-05-03,8,9,160,6.6
2007-05-03,9,11,150,6.9
2007-05-03,10,11,160,6.9
2007-05-03,11,19,160,6.8
2007-05-03,12,15,160,7.4
2007-05-03,13,17,160,7.6
2007-05-03,14,13,160,8.3
2007-05-03,15,11,160,8.8
2007-05-03,16,11,170,8.9
2007-05-03,17,6,240,8.6
2007-05-03,18,9,170,7.8
2007-05-03,19,7,130,7.2
2007-05-03,20,7,60,6.5
2007-05-03,21,7,90,5.7
2007-05-03,22,4,60,6.1
2007-05-03,23,6,110,5.2
2007-05-04,0,7,120,5.7
2007-05-04,1,7,120,5.4
2007-05-04,2,6,130,5.1
2007-05-04,3,4,100,4.4
2007-05-04,4,6,190,5.6
2007-05-04,5,6,110,5.1
2007-05-04,6,11,160,5.6
2007-05-04,7,9,160,6.2
2007-05-04,8,15,170,6.8
2007-05-04,9,11,160,7.5
2007-05-04,10,15,160,7.7
2007-05-04,11,15,160,7.6
2007-05-04,12,15,160,8
2007-05-04,13,13,160,8.6
2007-05-04,14,15,150,9.1
2007-05-04,15,15,150,9.5
2007-05-04,16,19,160,9
2007-05-04,17,19,160,8.6
2007-05-04,18,13,170,7.9
2007-05-04,19,13,160,7.2
2007-05-04,20,13,150,6.8
2007-05-04,21,11,150,6.8
2007-05-04,22,11,150,6.4
2007-05-04,23,9,140,6.1
2007-05-05,0,7,130,6.2
2007-05-05,1,7,120,5.2
2007-05-05,2,6,90,3.8
2007-05-05,3,9,80,3.6
2007-05-05,4,11,80,3.6
2007-05-05,5,6,60,3.2
2007-05-05,6,0,NA,5.7
2007-05-05,7,4,280,6.2
2007-05-05,8,4,250,8.4
2007-05-05,9,9,190,11
2007-05-05,10,6,140,12.5
2007-05-05,11,7,210,12.6
2007-05-05,12,9,150,13.1
2007-05-05,13,4,320,14.9
2007-05-05,14,9,270,16.5
2007-05-05,15,6,340,13.5
2007-05-05,16,4,230,14.3
2007-05-05,17,4,200,15.7
2007-05-05,18,11,200,14.8
2007-05-05,19,6,180,12.2
2007-05-05,20,7,80,8.8
2007-05-05,21,9,70,7.9
2007-05-05,22,9,70,7.4
2007-05-05,23,6,50,7.2
2007-05-06,0,9,70,6.1
2007-05-06,1,4,30,5.9
2007-05-06,2,9,70,4.6
2007-05-06,3,7,60,3.9
2007-05-06,4,7,70,3.4
2007-05-06,5,7,70,3.1
2007-05-06,6,0,NA,5.6
2007-05-06,7,4,250,6.7
2007-05-06,8,6,260,8.5
2007-05-06,9,4,250,10.5
2007-05-06,10,6,270,12
2007-05-06,11,6,280,14
2007-05-06,12,6,250,15.6
2007-05-06,13,6,270,17
2007-05-06,14,6,290,18.4
2007-05-06,15,9,300,18.5
2007-05-06,16,6,300,20.2
2007-05-06,17,4,300,19.6
2007-05-06,18,0,NA,18.1
2007-05-06,19,9,200,17.1
2007-05-06,20,11,150,15.3
2007-05-06,21,9,150,15.7
2007-05-06,22,6,140,15.2
2007-05-06,23,6,90,13.9
2007-05-07,0,6,70,13
2007-05-07,1,9,110,12
2007-05-07,2,7,120,11.6
2007-05-07,3,6,100,10.3
2007-05-07,4,9,80,8.6
2007-05-07,5,7,80,9.8
2007-05-07,6,9,70,11.2
2007-05-07,7,0,NA,11.9
2007-05-07,8,0,NA,14.6
2007-05-07,9,4,300,16.2
2007-05-07,10,6,150,18.6
2007-05-07,11,11,190,20.2
2007-05-07,12,11,150,20.9
2007-05-07,13,7,210,22.1
2007-05-07,14,9,260,22.8
2007-05-07,15,7,190,23.4
2007-05-07,16,7,110,24.2
2007-05-07,17,7,150,23.2
2007-05-07,18,6,150,22.9
2007-05-07,19,6,300,19.3
2007-05-07,20,9,60,16.1
2007-05-07,21,9,80,14.8
2007-05-07,22,13,70,14.7
2007-05-07,23,11,70,13.7
2007-05-08,0,7,70,12.2
2007-05-08,1,9,70,11.2
2007-05-08,2,9,70,10.4
2007-05-08,3,6,60,10.2
2007-05-08,4,6,70,9.7
2007-05-08,5,6,70,9.3
2007-05-08,6,6,70,12
2007-05-08,7,4,260,12.6
2007-05-08,8,0,NA,15.2
2007-05-08,9,4,150,18.1
2007-05-08,10,6,230,19
2007-05-08,11,7,220,22.5
2007-05-08,12,9,170,24.8
2007-05-08,13,7,150,26.4
2007-05-08,14,9,190,27.2
2007-05-08,15,9,180,26.8
2007-05-08,16,13,180,27.2
2007-05-08,17,9,170,26.9
2007-05-08,18,9,200,25.7
2007-05-08,19,9,190,23.9
2007-05-08,20,11,230,22.9
2007-05-08,21,11,250,22.8
2007-05-08,22,6,60,20.2
2007-05-08,23,7,200,20.1
2007-05-09,0,6,180,18.9
2007-05-09,1,6,60,17.7
2007-05-09,2,7,240,17.5
2007-05-09,3,11,300,14.8
2007-05-09,4,22,340,13.8
2007-05-09,5,22,330,12.8
2007-05-09,6,17,320,12.7
2007-05-09,7,22,340,13.7
2007-05-09,8,19,330,14.4
2007-05-09,9,20,320,15.8
2007-05-09,10,19,320,17.1
2007-05-09,11,9,290,19
2007-05-09,12,9,300,19.9
2007-05-09,13,9,300,21.1
2007-05-09,14,9,320,21.6
2007-05-09,15,13,300,22
2007-05-09,16,11,300,22.1
2007-05-09,17,11,290,21.1
2007-05-09,18,6,270,21.1
2007-05-09,19,6,300,17.4
2007-05-09,20,4,50,14.8
2007-05-09,21,6,60,13.7
2007-05-09,22,4,30,12.6
2007-05-09,23,4,340,11.6
2007-05-10,0,4,20,11.7
2007-05-10,1,6,340,10.1
2007-05-10,2,0,NA,9.4
2007-05-10,3,6,60,7.7
2007-05-10,4,6,60,7.2
2007-05-10,5,4,60,6.9
2007-05-10,6,0,NA,8.9
2007-05-10,7,0,NA,9.4
2007-05-10,8,0,NA,11
2007-05-10,9,4,260,12.5
2007-05-10,10,6,240,15.6
2007-05-10,11,6,150,17.6
2007-05-10,12,6,240,19.5
2007-05-10,13,6,230,21.7
2007-05-10,14,4,130,23
2007-05-10,15,4,150,23.7
2007-05-10,16,11,300,23.6
2007-05-10,17,7,310,23.4
2007-05-10,18,6,290,20.1
2007-05-10,19,7,330,16.7
2007-05-10,20,6,30,15
2007-05-10,21,9,50,14.3
2007-05-10,22,4,350,14
2007-05-10,23,6,40,12.7
2007-05-11,0,4,290,11.7
2007-05-11,1,7,70,10.8
2007-05-11,2,4,290,9.3
2007-05-11,3,0,NA,8.6
2007-05-11,4,6,50,7.8
2007-05-11,5,7,60,7.5
2007-05-11,6,0,NA,9.2
2007-05-11,7,4,230,10.4
2007-05-11,8,4,140,13.8
2007-05-11,9,4,190,15.7
2007-05-11,10,4,250,17.6
2007-05-11,11,4,240,20.4
2007-05-11,12,6,260,23.1
2007-05-11,13,7,140,24.2
2007-05-11,14,4,10,23.7
2007-05-11,15,6,150,23.8
2007-05-11,16,4,130,24.1
2007-05-11,17,4,260,24
2007-05-11,18,0,NA,21.9
2007-05-11,19,6,60,18.7
2007-05-11,20,11,70,16.3
2007-05-11,21,6,30,17.3
2007-05-11,22,6,360,16.4
2007-05-11,23,4,30,15.4
2007-05-12,0,4,360,15
2007-05-12,1,6,340,13.4
2007-05-12,2,0,NA,12.6
2007-05-12,3,4,80,11.1
2007-05-12,4,6,70,10.4
2007-05-12,5,7,60,10.7
2007-05-12,6,7,80,12
2007-05-12,7,0,NA,13
2007-05-12,8,4,270,15.2
2007-05-12,9,4,280,17.3
2007-05-12,10,7,270,18.6
2007-05-12,11,7,270,20.5
2007-05-12,12,9,290,21.8
2007-05-12,13,15,310,22.2
2007-05-12,14,9,280,23
2007-05-12,15,13,300,23.9
2007-05-12,16,15,320,25.4
2007-05-12,17,11,310,23.6
2007-05-12,18,11,300,23.4
2007-05-12,19,7,330,19.5
2007-05-12,20,4,290,18.1
2007-05-12,21,4,330,16.4
2007-05-12,22,15,150,16.2
2007-05-12,23,4,270,17.2
2007-05-13,0,11,120,14.7
2007-05-13,1,7,40,12.8
2007-05-13,2,6,340,13.3
2007-05-13,3,17,80,12.2
2007-05-13,4,4,150,12.7
2007-05-13,5,13,100,11.2
2007-05-13,6,7,90,11.2
2007-05-13,7,6,150,11.8
2007-05-13,8,17,170,11.9
2007-05-13,9,13,180,11.9
2007-05-13,10,13,180,13.5
2007-05-13,11,9,140,13.9
2007-05-13,12,11,160,16.9
2007-05-13,13,9,160,16.8
2007-05-13,14,9,190,15.3
2007-05-13,15,17,150,13.9
2007-05-13,16,7,320,11.8
2007-05-13,17,9,80,10.1
2007-05-13,18,9,80,9.8
2007-05-13,19,7,100,9.7
2007-05-13,20,6,110,8.8
2007-05-13,21,6,320,7.9
2007-05-13,22,4,40,6.9
2007-05-13,23,7,60,6.1
2007-05-14,0,7,60,5.5
2007-05-14,1,7,80,5.4
2007-05-14,2,7,60,5.6
2007-05-14,3,6,60,5.1
2007-05-14,4,0,NA,5.4
2007-05-14,5,0,NA,5.9
2007-05-14,6,0,NA,6.9
2007-05-14,7,0,NA,7.7
2007-05-14,8,4,270,9.3
2007-05-14,9,0,NA,11.5
2007-05-14,10,4,50,14.1
2007-05-14,11,6,220,14.6
2007-05-14,12,6,150,16.5
2007-05-14,13,7,160,17.9
2007-05-14,14,6,270,19.6
2007-05-14,15,6,260,21.2
2007-05-14,16,4,280,22.2
2007-05-14,17,6,260,21.3
2007-05-14,18,6,300,19.8
2007-05-14,19,0,NA,15.6
2007-05-14,20,4,10,13.7
2007-05-14,21,9,50,12
2007-05-14,22,6,10,13.1
2007-05-14,23,0,NA,10.8
2007-05-15,0,0,NA,10.5
2007-05-15,1,0,NA,9.8
2007-05-15,2,6,240,8.8
2007-05-15,3,6,80,7.5
2007-05-15,4,0,NA,7.1
2007-05-15,5,0,NA,6.9
2007-05-15,6,0,NA,9.1
2007-05-15,7,4,260,10.3
2007-05-15,8,0,NA,13.2
2007-05-15,9,4,280,14.9
2007-05-15,10,6,270,16.5
2007-05-15,11,6,290,18.5
2007-05-15,12,4,280,20.6
2007-05-15,13,4,270,23.1
2007-05-15,14,4,310,23.9
2007-05-15,15,6,120,24.7
2007-05-15,16,4,280,25.8
2007-05-15,17,0,NA,25
2007-05-15,18,4,260,24.7
2007-05-15,19,6,50,19.3
2007-05-15,20,9,60,16.2
2007-05-15,21,6,10,17.4
2007-05-15,22,4,280,15.6
2007-05-15,23,6,360,14.6
2007-05-16,0,4,40,13.1
2007-05-16,1,0,NA,12.3
2007-05-16,2,6,80,11.7
2007-05-16,3,4,360,10.8
2007-05-16,4,6,320,10
2007-05-16,5,4,70,10
2007-05-16,6,0,NA,11.7
2007-05-16,7,0,NA,12.9
2007-05-16,8,4,280,14.8
2007-05-16,9,6,270,16.8
2007-05-16,10,6,280,19.5
2007-05-16,11,0,NA,20.9
2007-05-16,12,6,290,22.3
2007-05-16,13,6,270,24.8
2007-05-16,14,7,300,25.2
2007-05-16,15,9,300,24.1
2007-05-16,16,6,320,24.8
2007-05-16,17,7,290,23
2007-05-16,18,4,310,23.4
2007-05-16,19,0,NA,19.3
2007-05-16,20,4,60,18
2007-05-16,21,7,60,17.6
2007-05-16,22,9,70,17.1
2007-05-16,23,11,70,17.2
2007-05-17,0,6,70,16.2
2007-05-17,1,0,NA,15.6
2007-05-17,2,4,90,14.7
2007-05-17,3,4,190,14
2007-05-17,4,4,150,12.8
2007-05-17,5,4,60,11.8
2007-05-17,6,0,NA,13.8
2007-05-17,7,0,NA,15.1
2007-05-17,8,4,240,17.9
2007-05-17,9,4,280,18.7
2007-05-17,10,4,320,22
2007-05-17,11,11,150,24
2007-05-17,12,11,150,24.8
2007-05-17,13,9,140,25.4
2007-05-17,14,13,220,26.1
2007-05-17,15,11,230,26.9
2007-05-17,16,13,250,26.2
2007-05-17,17,11,210,25.2
2007-05-17,18,11,230,24.1
2007-05-17,19,9,220,21.9
2007-05-17,20,7,70,18.3
2007-05-17,21,9,90,15
2007-05-17,22,11,180,18.4
2007-05-17,23,6,130,15.6
2007-05-18,0,6,90,14.4
2007-05-18,1,9,80,12.2
2007-05-18,2,13,80,12
2007-05-18,3,11,70,11.1
2007-05-18,4,6,80,10.4
2007-05-18,5,9,70,10.2
2007-05-18,6,11,80,12.7
2007-05-18,7,0,NA,14.5
2007-05-18,8,9,170,16.7
2007-05-18,9,9,160,19.1
2007-05-18,10,7,170,20
2007-05-18,11,11,170,21.6
2007-05-18,12,9,180,22.6
2007-05-18,13,7,150,23.5
2007-05-18,14,11,170,23.8
2007-05-18,15,11,160,24.1
2007-05-18,16,9,160,24.3
2007-05-18,17,7,180,22.4
2007-05-18,18,9,150,21.3
2007-05-18,19,6,190,20.3
2007-05-18,20,7,80,18
2007-05-18,21,13,70,17.6
2007-05-18,22,6,340,16.7
2007-05-18,23,11,170,15.9
2007-05-19,0,19,170,14.2
2007-05-19,1,11,140,14.5
2007-05-19,2,19,80,13.9
2007-05-19,3,11,90,13.4
2007-05-19,4,11,90,12.4
2007-05-19,5,11,60,12.5
2007-05-19,6,6,150,12.4
2007-05-19,7,4,80,11.8
2007-05-19,8,9,170,13
2007-05-19,9,17,170,13.7
2007-05-19,10,17,160,15
2007-05-19,11,20,170,16.1
2007-05-19,12,20,160,16.2
2007-05-19,13,19,160,17.3
2007-05-19,14,19,170,17.6
2007-05-19,15,6,200,19.4
2007-05-19,16,13,170,17.6
2007-05-19,17,11,170,17.5
2007-05-19,18,15,210,17.5
2007-05-19,19,13,170,15.2
2007-05-19,20,7,170,14.5
2007-05-19,21,13,180,14.3
2007-05-19,22,9,200,13.2
2007-05-19,23,7,310,9.4
2007-05-20,0,6,10,8.9
2007-05-20,1,6,140,7.7
2007-05-20,2,6,90,6.9
2007-05-20,3,6,70,6.2
2007-05-20,4,6,30,6.1
2007-05-20,5,7,70,5.5
2007-05-20,6,0,NA,8.6
2007-05-20,7,0,NA,10.7
2007-05-20,8,4,180,11.5
2007-05-20,9,9,160,13.2
2007-05-20,10,7,160,14.8
2007-05-20,11,6,220,14.9
2007-05-20,12,17,130,13.2
2007-05-20,13,17,160,12.4
2007-05-20,14,11,180,13.3
2007-05-20,15,9,170,13.4
2007-05-20,16,13,170,13.7
2007-05-20,17,11,200,12.4
2007-05-20,18,9,200,11.9
2007-05-20,19,7,170,9.5
2007-05-20,20,4,170,8.4
2007-05-20,21,0,NA,7.1
2007-05-20,22,7,120,5.4
2007-05-20,23,0,NA,6.3
2007-05-21,0,0,NA,6.6
2007-05-21,1,0,NA,6.1
2007-05-21,2,6,90,5.2
2007-05-21,3,4,10,6
2007-05-21,4,6,330,6.2
2007-05-21,5,0,NA,6.4
2007-05-21,6,0,NA,7.2
2007-05-21,7,6,290,8.8
2007-05-21,8,4,290,10.6
2007-05-21,9,6,260,12.4
2007-05-21,10,6,260,12.4
2007-05-21,11,6,50,11.2
2007-05-21,12,6,160,11.2
2007-05-21,13,6,190,12.5
2007-05-21,14,0,NA,10
2007-05-21,15,11,310,9.3
2007-05-21,16,4,280,9.3
2007-05-21,17,7,130,8.8
2007-05-21,18,4,230,8.1
2007-05-21,19,13,80,7.9
2007-05-21,20,11,80,7.5
2007-05-21,21,9,90,6.7
2007-05-21,22,6,50,6
2007-05-21,23,4,50,6
2007-05-22,0,4,360,5.9
2007-05-22,1,6,50,5.2
2007-05-22,2,4,10,5.1
2007-05-22,3,6,20,4.2
2007-05-22,4,0,NA,4.2
2007-05-22,5,4,160,4
2007-05-22,6,0,NA,6.2
2007-05-22,7,4,220,7.4
2007-05-22,8,6,260,9.3
2007-05-22,9,4,260,11.8
2007-05-22,10,6,280,13.6
2007-05-22,11,6,250,15.5
2007-05-22,12,6,260,18.1
2007-05-22,13,7,340,19
2007-05-22,14,9,240,20.4
2007-05-22,15,7,270,21.2
2007-05-22,16,7,230,20.7
2007-05-22,17,9,150,19
2007-05-22,18,7,140,17.1
2007-05-22,19,9,170,15.2
2007-05-22,20,7,110,12.6
2007-05-22,21,4,130,11.6
2007-05-22,22,0,NA,10.3
2007-05-22,23,7,100,8.8
2007-05-23,0,0,NA,8.2
2007-05-23,1,17,70,8.3
2007-05-23,2,15,70,7.6
2007-05-23,3,11,70,7.2
2007-05-23,4,6,50,6.4
2007-05-23,5,7,70,6
2007-05-23,6,11,70,8.5
2007-05-23,7,6,130,9.9
2007-05-23,8,4,230,10.5
2007-05-23,9,4,200,13.3
2007-05-23,10,6,240,15.8
2007-05-23,11,13,200,18.2
2007-05-23,12,11,310,16.1
2007-05-23,13,4,90,14.4
2007-05-23,14,9,260,17.9
2007-05-23,15,6,140,17.1
2007-05-23,16,7,100,15.6
2007-05-23,17,7,140,17.7
2007-05-23,18,15,280,11.5
2007-05-23,19,4,120,10.6
2007-05-23,20,9,70,10.1
2007-05-23,21,6,340,10.3
2007-05-23,22,9,10,10.5
2007-05-23,23,9,320,9.4
2007-05-24,0,15,60,9.7
2007-05-24,1,17,90,8.9
2007-05-24,2,6,50,8.8
2007-05-24,3,7,80,8.2
2007-05-24,4,11,60,7.8
2007-05-24,5,11,50,8.4
2007-05-24,6,11,90,9.5
2007-05-24,7,6,110,10.7
2007-05-24,8,7,190,11.9
2007-05-24,9,7,280,14.4
2007-05-24,10,20,310,12.2
2007-05-24,11,41,340,7.6
2007-05-24,12,17,340,8.2
2007-05-24,13,17,330,10.8
2007-05-24,14,9,10,14
2007-05-24,15,6,320,8.2
2007-05-24,16,15,350,9.6
2007-05-24,17,4,60,8
2007-05-24,18,4,30,8.2
2007-05-24,19,7,70,8.1
2007-05-24,20,6,110,6.6
2007-05-24,21,11,80,6.5
2007-05-24,22,7,60,6.1
2007-05-24,23,15,80,5.9
2007-05-25,0,11,60,6
2007-05-25,1,6,40,5.5
2007-05-25,2,6,330,4.5
2007-05-25,3,4,40,4
2007-05-25,4,4,310,3.5
2007-05-25,5,6,300,3.9
2007-05-25,6,6,230,5.1
2007-05-25,7,4,260,7.5
2007-05-25,8,0,NA,10.3
2007-05-25,9,0,NA,11.8
2007-05-25,10,0,NA,14.2
2007-05-25,11,6,180,16.3
2007-05-25,12,4,210,17.9
2007-05-25,13,6,200,19.4
2007-05-25,14,6,120,20
2007-05-25,15,7,150,21.1
2007-05-25,16,6,170,21.1
2007-05-25,17,7,200,21
2007-05-25,18,9,190,20
2007-05-25,19,4,300,18.2
2007-05-25,20,4,280,15.6
2007-05-25,21,7,60,12.7
2007-05-25,22,6,20,12.6
2007-05-25,23,4,40,12.3
2007-05-26,0,4,60,10.8
2007-05-26,1,7,60,10
2007-05-26,2,4,30,9.7
2007-05-26,3,6,40,8.8
2007-05-26,4,6,60,7.9
2007-05-26,5,6,70,8
2007-05-26,6,0,NA,10.1
2007-05-26,7,4,250,11.5
2007-05-26,8,0,NA,13.4
2007-05-26,9,6,270,14.9
2007-05-26,10,6,230,17
2007-05-26,11,6,230,18.9
2007-05-26,12,6,290,20.2
2007-05-26,13,6,340,22.2
2007-05-26,14,9,160,22.7
2007-05-26,15,11,160,22.5
2007-05-26,16,9,230,24.3
2007-05-26,17,7,170,22.6
2007-05-26,18,9,190,22.9
2007-05-26,19,9,170,21.1
2007-05-26,20,9,180,19.7
2007-05-26,21,9,150,17.9
2007-05-26,22,9,70,16.6
2007-05-26,23,11,60,16.2
2007-05-27,0,6,320,14.5
2007-05-27,1,7,70,14.7
2007-05-27,2,4,120,13.9
2007-05-27,3,6,10,12.5
2007-05-27,4,4,290,11.9
2007-05-27,5,0,NA,11.5
2007-05-27,6,0,NA,11.8
2007-05-27,7,7,260,12
2007-05-27,8,9,310,13.7
2007-05-27,9,6,280,14.7
2007-05-27,10,0,NA,16.1
2007-05-27,11,13,310,16.1
2007-05-27,12,19,320,15.3
2007-05-27,13,30,320,12.5
2007-05-27,14,19,330,11.2
2007-05-27,15,6,110,10.8
2007-05-27,16,4,120,10.2
2007-05-27,17,11,90,10
2007-05-27,18,7,150,10.2
2007-05-27,19,4,90,9.9
2007-05-27,20,0,NA,9.8
2007-05-27,21,0,NA,9.7
2007-05-27,22,0,NA,9.6
2007-05-27,23,0,NA,9.4
2007-05-28,0,0,NA,9.3
2007-05-28,1,4,290,9.3
2007-05-28,2,0,NA,9.3
2007-05-28,3,6,200,8.9
2007-05-28,4,13,160,7.4
2007-05-28,5,20,160,5.9
2007-05-28,6,19,150,5.5
2007-05-28,7,19,150,5
2007-05-28,8,17,160,5
2007-05-28,9,15,170,5.8
2007-05-28,10,11,180,6.8
2007-05-28,11,9,180,8.1
2007-05-28,12,11,170,9.3
2007-05-28,13,15,170,11.1
2007-05-28,14,13,180,10.5
2007-05-28,15,9,170,12.9
2007-05-28,16,15,180,12.1
2007-05-28,17,11,180,11.4
2007-05-28,18,15,180,11.6
2007-05-28,19,13,180,10.3
2007-05-28,20,11,180,9.7
2007-05-28,21,4,250,8.8
2007-05-28,22,6,280,8.3
2007-05-28,23,0,NA,8.2
2007-05-29,0,0,NA,8.1
2007-05-29,1,0,NA,8.2
2007-05-29,2,0,NA,7.6
2007-05-29,3,4,70,7.4
2007-05-29,4,0,NA,7.7
2007-05-29,5,0,NA,8
2007-05-29,6,0,NA,8.7
2007-05-29,7,0,NA,9.8
2007-05-29,8,4,260,12
2007-05-29,9,6,280,13.7
2007-05-29,10,6,220,14.9
2007-05-29,11,6,230,16.9
2007-05-29,12,6,130,19.1
2007-05-29,13,4,70,17.8
2007-05-29,14,6,200,20.7
2007-05-29,15,4,230,22.2
2007-05-29,16,6,270,22.7
2007-05-29,17,0,NA,23.2
2007-05-29,18,4,250,22.3
2007-05-29,19,0,NA,21.2
2007-05-29,20,6,20,15.1
2007-05-29,21,7,70,13.7
2007-05-29,22,0,NA,13
2007-05-29,23,0,NA,13.3
2007-05-30,0,6,350,11.6
2007-05-30,1,4,20,11.6
2007-05-30,2,4,270,9.3
2007-05-30,3,0,NA,9.1
2007-05-30,4,6,20,8.7
2007-05-30,5,4,60,8.9
2007-05-30,6,0,NA,10.8
2007-05-30,7,4,250,11.9
2007-05-30,8,4,280,14.4
2007-05-30,9,4,320,16.2
2007-05-30,10,6,290,17.8
2007-05-30,11,6,290,19.8
2007-05-30,12,4,220,21.8
2007-05-30,13,6,250,23.5
2007-05-30,14,6,260,24.7
2007-05-30,15,6,280,25.6
2007-05-30,16,6,280,26.3
2007-05-30,17,6,290,26.5
2007-05-30,18,6,300,25.6
2007-05-30,19,4,310,23.9
2007-05-30,20,6,30,19
2007-05-30,21,7,60,17.2
2007-05-30,22,6,30,17.3
2007-05-30,23,6,30,15
2007-05-31,0,6,10,15.1
2007-05-31,1,4,280,14
2007-05-31,2,0,NA,13
2007-05-31,3,0,NA,12.5
2007-05-31,4,6,80,11
2007-05-31,5,4,60,11.4
2007-05-31,6,0,NA,13.1
2007-05-31,7,0,NA,14.6
2007-05-31,8,4,260,16.4
2007-05-31,9,4,280,18.2
2007-05-31,10,7,290,20.1
2007-05-31,11,4,320,21.8
2007-05-31,12,4,290,23.5
2007-05-31,13,4,250,26.1
2007-05-31,14,4,260,27.1
2007-05-31,15,6,300,28
2007-05-31,16,4,300,29.3
2007-05-31,17,4,250,29.1
2007-05-31,18,0,NA,29.3
2007-05-31,19,6,60,24.4
2007-05-31,20,7,40,21.1
2007-05-31,21,9,70,19.4
2007-05-31,22,6,360,20
2007-05-31,23,7,360,19.1
2007-06-01,0,0,NA,16.7
2007-06-01,1,0,NA,16.4
2007-06-01,2,0,NA,15.3
2007-06-01,3,4,100,15.1
2007-06-01,4,4,80,14.1
2007-06-01,5,6,60,13.9
2007-06-01,6,0,NA,16.5
2007-06-01,7,0,NA,16.4
2007-06-01,8,6,270,18.4
2007-06-01,9,4,270,20.3
2007-06-01,10,4,240,22
2007-06-01,11,4,230,24.4
2007-06-01,12,6,250,25.2
2007-06-01,13,4,240,27.5
2007-06-01,14,4,280,28.9
2007-06-01,15,7,310,29.6
2007-06-01,16,4,300,30.4
2007-06-01,17,6,300,29.9
2007-06-01,18,0,NA,27.1
2007-06-01,19,4,280,23.9
2007-06-01,20,6,350,23.3
2007-06-01,21,6,20,21.6
2007-06-01,22,6,340,21.8
2007-06-01,23,7,360,20.6
2007-06-02,0,4,40,19.2
2007-06-02,1,6,40,18
2007-06-02,2,4,350,16.5
2007-06-02,3,4,40,16
2007-06-02,4,0,NA,15
2007-06-02,5,0,NA,15.5
2007-06-02,6,6,320,16.7
2007-06-02,7,0,NA,17.7
2007-06-02,8,6,300,19.8
2007-06-02,9,6,320,21.8
2007-06-02,10,11,300,22.9
2007-06-02,11,6,250,24.5
2007-06-02,12,9,280,25.7
2007-06-02,13,7,290,27.8
2007-06-02,14,6,270,29.3
2007-06-02,15,7,300,30
2007-06-02,16,9,290,29.6
2007-06-02,17,0,NA,32
2007-06-02,18,0,NA,29.4
2007-06-02,19,4,330,26.1
2007-06-02,20,7,50,22.4
2007-06-02,21,7,360,22.6
2007-06-02,22,6,10,21.1
2007-06-02,23,4,330,20.3
2007-06-03,0,4,310,19.1
2007-06-03,1,4,350,18.9
2007-06-03,2,7,330,18.2
2007-06-03,3,0,NA,16.2
2007-06-03,4,4,20,16.2
2007-06-03,5,0,NA,15.6
2007-06-03,6,0,NA,18.1
2007-06-03,7,4,270,18.3
2007-06-03,8,6,310,20.7
2007-06-03,9,9,300,22.6
2007-06-03,10,4,270,24.2
2007-06-03,11,7,250,25.4
2007-06-03,12,9,290,26.8
2007-06-03,13,6,280,29.5
2007-06-03,14,0,NA,31.4
2007-06-03,15,7,300,31.4
2007-06-03,16,4,270,32.8
2007-06-03,17,0,NA,34
2007-06-03,18,6,70,31.8
2007-06-03,19,7,40,28.7
2007-06-03,20,11,60,27.8
2007-06-03,21,11,50,26.7
2007-06-03,22,9,50,25.6
2007-06-03,23,4,340,24.6
2007-06-04,0,4,360,23.9
2007-06-04,1,7,30,22.5
2007-06-04,2,6,350,20.9
2007-06-04,3,7,260,19.8
2007-06-04,4,6,10,18.4
2007-06-04,5,6,230,18
2007-06-04,6,4,320,19.6
2007-06-04,7,4,280,20.9
2007-06-04,8,6,270,22.4
2007-06-04,9,4,320,24
2007-06-04,10,0,NA,25.3
2007-06-04,11,4,290,26.4
2007-06-04,12,4,290,28.3
2007-06-04,13,7,290,26.2
2007-06-04,14,4,220,28.1
2007-06-04,15,0,NA,29.6
2007-06-04,16,15,280,26.8
2007-06-04,17,4,90,25.6
2007-06-04,18,7,360,24.3
2007-06-04,19,7,300,23.1
2007-06-04,20,9,350,22.2
2007-06-04,21,6,330,21.1
2007-06-04,22,0,NA,19.5
2007-06-04,23,4,250,17.9
2007-06-05,0,9,150,16.9
2007-06-05,1,6,230,15.8
2007-06-05,2,7,320,15.3
2007-06-05,3,6,310,15.2
2007-06-05,4,4,360,15.1
2007-06-05,5,0,NA,15.3
2007-06-05,6,6,270,15.2
2007-06-05,7,4,60,15.8
2007-06-05,8,6,290,16.3
2007-06-05,9,9,310,17.2
2007-06-05,10,6,240,16.3
2007-06-05,11,6,300,16.6
2007-06-05,12,4,290,17.8
2007-06-05,13,17,160,16
2007-06-05,14,13,170,19
2007-06-05,15,17,170,17.6
2007-06-05,16,13,180,17.3
2007-06-05,17,17,170,15.4
2007-06-05,18,15,150,14.6
2007-06-05,19,19,160,13.5
2007-06-05,20,19,170,13.2
2007-06-05,21,17,170,12.7
2007-06-05,22,11,160,12.3
2007-06-05,23,9,150,12.2
2007-06-06,0,7,130,12
2007-06-06,1,4,130,11.7
2007-06-06,2,4,70,11.7
2007-06-06,3,4,90,11.5
2007-06-06,4,6,140,11.5
2007-06-06,5,6,120,11.7
2007-06-06,6,6,150,12
2007-06-06,7,6,130,12.1
2007-06-06,8,6,150,12
2007-06-06,9,6,180,12.9
2007-06-06,10,6,210,12.7
2007-06-06,11,9,180,12.4
2007-06-06,12,6,190,11.6
2007-06-06,13,7,180,11.3
2007-06-06,14,7,180,11.3
2007-06-06,15,6,200,11.1
2007-06-06,16,7,190,10.7
2007-06-06,17,6,190,10.5
2007-06-06,18,6,210,10.1
2007-06-06,19,0,NA,9.8
2007-06-06,20,0,NA,9.7
2007-06-06,21,0,NA,9.8
2007-06-06,22,0,NA,9.8
2007-06-06,23,0,NA,9.9
2007-06-07,0,0,NA,9.9
2007-06-07,1,0,NA,9.8
2007-06-07,2,4,290,10.1
2007-06-07,3,0,NA,10
2007-06-07,4,0,NA,10.1
2007-06-07,5,6,300,10.2
2007-06-07,6,4,270,10.3
2007-06-07,7,0,NA,10.7
2007-06-07,8,9,150,10.9
2007-06-07,9,9,160,10.9
2007-06-07,10,11,160,11.2
2007-06-07,11,9,150,11.9
2007-06-07,12,11,150,12.1
2007-06-07,13,11,160,13.9
2007-06-07,14,11,180,12.9
2007-06-07,15,9,160,13
2007-06-07,16,7,140,13
2007-06-07,17,7,150,12.7
2007-06-07,18,9,150,12.4
2007-06-07,19,7,120,12.2
2007-06-07,20,9,160,12.1
2007-06-07,21,11,180,12.1
2007-06-07,22,4,170,11.7
2007-06-07,23,0,NA,11.2
2007-06-08,0,0,NA,11.4
2007-06-08,1,6,160,11.5
2007-06-08,2,6,80,11.1
2007-06-08,3,0,NA,11
2007-06-08,4,4,110,10.8
2007-06-08,5,0,NA,11.1
2007-06-08,6,0,NA,11.3
2007-06-08,7,4,300,11.8
2007-06-08,8,6,290,12.8
2007-06-08,9,6,260,13.1
2007-06-08,10,4,260,13.7
2007-06-08,11,4,230,15.7
2007-06-08,12,0,NA,15.9
2007-06-08,13,4,230,16.5
2007-06-08,14,4,260,17.5
2007-06-08,15,6,300,17.1
2007-06-08,16,6,290,16.3
2007-06-08,17,4,260,15.7
2007-06-08,18,4,140,15.5
2007-06-08,19,6,100,16.9
2007-06-08,20,4,70,13.1
2007-06-08,21,9,70,11.8
2007-06-08,22,6,60,11.9
2007-06-08,23,4,60,11.5
2007-06-09,0,4,10,10.6
2007-06-09,1,4,30,10.9
2007-06-09,2,4,350,10.1
2007-06-09,3,7,60,9.6
2007-06-09,4,13,60,9.9
2007-06-09,5,7,50,10
2007-06-09,6,7,70,11.7
2007-06-09,7,6,120,12.5
2007-06-09,8,4,160,13.4
2007-06-09,9,4,190,15.5
2007-06-09,10,6,250,16.7
2007-06-09,11,4,210,18
2007-06-09,12,9,220,19.7
2007-06-09,13,13,170,20.7
2007-06-09,14,6,290,19.9
2007-06-09,15,19,260,19.3
2007-06-09,16,7,290,16.9
2007-06-09,17,0,NA,16.3
2007-06-09,18,15,190,16
2007-06-09,19,6,240,15.4
2007-06-09,20,4,150,14.4
2007-06-09,21,13,170,14.2
2007-06-09,22,7,160,13.7
2007-06-09,23,4,130,13.3
2007-06-10,0,0,NA,12.7
2007-06-10,1,4,230,12.5
2007-06-10,2,4,280,12.1
2007-06-10,3,0,NA,11.7
2007-06-10,4,0,NA,11.6
2007-06-10,5,0,NA,11.9
2007-06-10,6,0,NA,12.3
2007-06-10,7,0,NA,12.9
2007-06-10,8,0,NA,12.9
2007-06-10,9,4,160,15.1
2007-06-10,10,4,220,14.4
2007-06-10,11,6,220,15.4
2007-06-10,12,0,NA,16.1
2007-06-10,13,7,300,14.5
2007-06-10,14,15,110,15.5
2007-06-10,15,11,100,17.8
2007-06-10,16,6,160,18
2007-06-10,17,11,110,16
2007-06-10,18,13,160,16.4
2007-06-10,19,15,160,15.8
2007-06-10,20,17,160,15.3
2007-06-10,21,13,160,15.1
2007-06-10,22,11,150,14.7
2007-06-10,23,9,170,14.4
2007-06-11,0,6,150,13.7
2007-06-11,1,4,200,13.8
2007-06-11,2,0,NA,13.1
2007-06-11,3,4,80,12.8
2007-06-11,4,4,170,12.7
2007-06-11,5,7,200,12.9
2007-06-11,6,4,270,12.3
2007-06-11,7,15,160,12.9
2007-06-11,8,13,160,13.2
2007-06-11,9,13,160,13.5
2007-06-11,10,17,160,14.8
2007-06-11,11,13,200,15
2007-06-11,12,15,160,15.3
2007-06-11,13,13,160,16
2007-06-11,14,15,160,16.7
2007-06-11,15,13,160,15.9
2007-06-11,16,15,160,16.7
2007-06-11,17,11,170,15.8
2007-06-11,18,11,150,15.5
2007-06-11,19,11,160,15
2007-06-11,20,6,130,13.5
2007-06-11,21,0,NA,12.4
2007-06-11,22,6,70,10.1
2007-06-11,23,7,70,9.3
2007-06-12,0,7,50,10.1
2007-06-12,1,9,70,10
2007-06-12,2,6,100,9.3
2007-06-12,3,4,30,8.5
2007-06-12,4,6,280,8.1
2007-06-12,5,0,NA,8.1
2007-06-12,6,4,160,9.8
2007-06-12,7,4,280,10.9
2007-06-12,8,7,280,11.1
2007-06-12,9,6,260,14
2007-06-12,10,4,270,14.8
2007-06-12,11,13,320,15.2
2007-06-12,12,7,270,17.7
2007-06-12,13,6,260,16.7
2007-06-12,14,11,320,16.7
2007-06-12,15,11,300,16
2007-06-12,16,13,300,17.2
2007-06-12,17,13,310,17.7
2007-06-12,18,7,310,16.8
2007-06-12,19,6,280,14.7
2007-06-12,20,4,330,12.6
2007-06-12,21,7,80,11.4
2007-06-12,22,6,60,11.4
2007-06-12,23,4,350,11.8
2007-06-13,0,6,70,11.2
2007-06-13,1,4,250,10.2
2007-06-13,2,0,NA,10.4
2007-06-13,3,4,240,9.9
2007-06-13,4,4,20,9.8
2007-06-13,5,9,50,10.1
2007-06-13,6,7,60,11
2007-06-13,7,11,90,12.1
2007-06-13,8,0,NA,12.8
2007-06-13,9,0,NA,13.7
2007-06-13,10,4,170,15
2007-06-13,11,9,160,16.6
2007-06-13,12,13,150,18.5
2007-06-13,13,20,150,20.6
2007-06-13,14,13,160,19.3
2007-06-13,15,11,140,19.3
2007-06-13,16,15,160,20.1
2007-06-13,17,13,180,20.3
2007-06-13,18,32,330,13.8
2007-06-13,19,26,330,12.7
2007-06-13,20,28,330,12.5
2007-06-13,21,9,320,10.9
2007-06-13,22,9,80,10.8
2007-06-13,23,4,320,10.2
2007-06-14,0,13,330,10.1
2007-06-14,1,6,360,9.7
2007-06-14,2,4,40,9
2007-06-14,3,4,20,9.1
2007-06-14,4,6,360,8.5
2007-06-14,5,4,60,8.8
2007-06-14,6,6,130,10.6
2007-06-14,7,0,NA,11.9
2007-06-14,8,4,220,14.1
2007-06-14,9,9,200,15.3
2007-06-14,10,15,300,13.2
2007-06-14,11,6,320,15.8
2007-06-14,12,7,100,16.3
2007-06-14,13,24,330,12.4
2007-06-14,14,11,340,15
2007-06-14,15,7,360,13.6
2007-06-14,16,11,320,16.4
2007-06-14,17,7,290,16.6
2007-06-14,18,11,310,15.7
2007-06-14,19,7,320,14.8
2007-06-14,20,6,350,11.3
2007-06-14,21,6,20,10.4
2007-06-14,22,4,30,9.5
2007-06-14,23,7,60,9
2007-06-15,0,0,NA,8.7
2007-06-15,1,6,20,7.7
2007-06-15,2,4,350,7.3
2007-06-15,3,6,200,6.7
2007-06-15,4,4,260,7.4
2007-06-15,5,4,60,6.4
2007-06-15,6,0,NA,10.9
2007-06-15,7,6,260,10.5
2007-06-15,8,0,NA,12.1
2007-06-15,9,6,310,14.4
2007-06-15,10,4,270,16.2
2007-06-15,11,4,250,17.2
2007-06-15,12,0,NA,19
2007-06-15,13,4,200,17.9
2007-06-15,14,7,50,21.2
2007-06-15,15,6,50,17.8
2007-06-15,16,6,360,16.6
2007-06-15,17,13,50,16.3
2007-06-15,18,9,40,15.1
2007-06-15,19,NA,NA,NA
2007-06-15,20,4,20,14.9
2007-06-15,21,6,260,14
2007-06-15,22,7,240,12.6
2007-06-15,23,4,350,11.8
2007-06-16,0,4,330,10.9
2007-06-16,1,0,NA,11.1
2007-06-16,2,0,NA,10.3
2007-06-16,3,0,NA,10.4
2007-06-16,4,4,30,9.6
2007-06-16,5,0,NA,9.9
2007-06-16,6,0,NA,11.9
2007-06-16,7,0,NA,13.2
2007-06-16,8,0,NA,14.8
2007-06-16,9,4,200,16.8
2007-06-16,10,6,270,17.6
2007-06-16,11,0,NA,19
2007-06-16,12,4,170,20
2007-06-16,13,9,170,19.5
2007-06-16,14,19,160,16.3
2007-06-16,15,9,200,16.5
2007-06-16,16,17,160,17.2
2007-06-16,17,15,170,19
2007-06-16,18,13,180,17.3
2007-06-16,19,7,150,16
2007-06-16,20,7,280,15.2
2007-06-16,21,7,30,12.2
2007-06-16,22,7,320,10.4
2007-06-16,23,6,30,10.7
2007-06-17,0,7,290,9.8
2007-06-17,1,9,90,9
2007-06-17,2,6,80,9.4
2007-06-17,3,6,80,8.9
2007-06-17,4,0,NA,9.5
2007-06-17,5,13,170,10.5
2007-06-17,6,15,180,10.5
2007-06-17,7,15,170,10.1
2007-06-17,8,13,170,10.2
2007-06-17,9,9,160,10.7
2007-06-17,10,11,160,11.3
2007-06-17,11,11,140,11.6
2007-06-17,12,7,140,12.3
2007-06-17,13,6,170,13.9
2007-06-17,14,7,230,14.6
2007-06-17,15,4,250,16.4
2007-06-17,16,6,270,15.7
2007-06-17,17,7,290,15.2
2007-06-17,18,4,170,16.7
2007-06-17,19,0,NA,14.4
2007-06-17,20,7,310,13.4
2007-06-17,21,4,320,12.1
2007-06-17,22,4,10,11.2
2007-06-17,23,0,NA,11.3
2007-06-18,0,4,10,11
2007-06-18,1,4,350,10.6
2007-06-18,2,6,70,9.1
2007-06-18,3,0,NA,9.1
2007-06-18,4,6,80,8.3
2007-06-18,5,4,60,9.7
2007-06-18,6,4,260,10
2007-06-18,7,0,NA,10.5
2007-06-18,8,6,310,11.9
2007-06-18,9,9,190,13.1
2007-06-18,10,6,150,13.6
2007-06-18,11,11,160,15.1
2007-06-18,12,13,130,18.2
2007-06-18,13,15,180,19.3
2007-06-18,14,17,180,17.5
2007-06-18,15,17,160,16.9
2007-06-18,16,11,180,17
2007-06-18,17,4,260,17.5
2007-06-18,18,0,NA,16.5
2007-06-18,19,4,280,14.8
2007-06-18,20,4,240,13.3
2007-06-18,21,9,100,11.3
2007-06-18,22,6,60,11.5
2007-06-18,23,4,240,11
2007-06-19,0,6,60,9.7
2007-06-19,1,4,320,8.8
2007-06-19,2,4,10,9.2
2007-06-19,3,6,190,8.2
2007-06-19,4,0,NA,8.2
2007-06-19,5,0,NA,8.4
2007-06-19,6,4,140,9.6
2007-06-19,7,7,100,12.5
2007-06-19,8,6,240,13.5
2007-06-19,9,4,280,15.8
2007-06-19,10,4,220,17.5
2007-06-19,11,6,260,19.5
2007-06-19,12,11,160,23
2007-06-19,13,6,180,24.4
2007-06-19,14,7,190,24.2
2007-06-19,15,11,170,23.2
2007-06-19,16,9,160,25.2
2007-06-19,17,11,170,24.1
2007-06-19,18,9,160,23.6
2007-06-19,19,7,170,21.8
2007-06-19,20,9,60,18.4
2007-06-19,21,11,60,17.3
2007-06-19,22,9,50,17.5
2007-06-19,23,6,40,17
2007-06-20,0,6,50,15.8
2007-06-20,1,0,NA,15.1
2007-06-20,2,0,NA,13.9
2007-06-20,3,4,10,12.1
2007-06-20,4,0,NA,11.8
2007-06-20,5,0,NA,12.6
2007-06-20,6,6,40,14.9
2007-06-20,7,4,270,15.6
2007-06-20,8,4,260,17.9
2007-06-20,9,0,NA,20.4
2007-06-20,10,4,230,22.1
2007-06-20,11,6,230,24.2
2007-06-20,12,6,280,25.8
2007-06-20,13,6,250,27.7
2007-06-20,14,6,270,29.3
2007-06-20,15,9,280,29.8
2007-06-20,16,7,310,30.5
2007-06-20,17,6,280,30.7
2007-06-20,18,6,290,29.5
2007-06-20,19,6,320,26.1
2007-06-20,20,6,100,21.7
2007-06-20,21,11,60,20.7
2007-06-20,22,7,70,20
2007-06-20,23,7,70,19.8
2007-06-21,0,7,60,19.6
2007-06-21,1,15,80,18.8
2007-06-21,2,9,60,17.8
2007-06-21,3,7,60,16.6
2007-06-21,4,13,60,16.4
2007-06-21,5,11,70,17
2007-06-21,6,9,80,18.1
2007-06-21,7,6,100,20.1
2007-06-21,8,4,130,20.9
2007-06-21,9,7,190,24.3
2007-06-21,10,15,170,26.3
2007-06-21,11,11,170,27.6
2007-06-21,12,15,180,28.4
2007-06-21,13,17,220,29
2007-06-21,14,17,210,29.1
2007-06-21,15,15,210,29.3
2007-06-21,16,15,210,29.1
2007-06-21,17,11,210,27.5
2007-06-21,18,11,220,26.6
2007-06-21,19,13,210,25.5
2007-06-21,20,11,200,23.8
2007-06-21,21,6,130,20.3
2007-06-21,22,9,90,18.9
2007-06-21,23,9,80,18
2007-06-22,0,13,70,17.3
2007-06-22,1,15,70,16.7
2007-06-22,2,11,60,16
2007-06-22,3,11,70,14.9
2007-06-22,4,9,70,14
2007-06-22,5,15,80,14.9
2007-06-22,6,17,70,16.2
2007-06-22,7,7,70,18.1
2007-06-22,8,4,140,19.5
2007-06-22,9,6,250,21.1
2007-06-22,10,11,160,24.9
2007-06-22,11,11,150,26.4
2007-06-22,12,11,170,27.3
2007-06-22,13,15,220,27.5
2007-06-22,14,15,240,28.2
2007-06-22,15,13,230,28.1
2007-06-22,16,15,230,27.5
2007-06-22,17,9,220,27.1
2007-06-22,18,11,220,25.8
2007-06-22,19,9,220,24.2
2007-06-22,20,11,180,22.3
2007-06-22,21,11,200,21.7
2007-06-22,22,7,170,20.4
2007-06-22,23,4,240,18.7
2007-06-23,0,7,160,18.8
2007-06-23,1,6,130,17.7
2007-06-23,2,11,170,18
2007-06-23,3,11,220,17.9
2007-06-23,4,9,210,16.2
2007-06-23,5,9,200,14.9
2007-06-23,6,13,170,15.7
2007-06-23,7,19,170,16.4
2007-06-23,8,17,160,17.2
2007-06-23,9,19,160,18.4
2007-06-23,10,15,190,19.6
2007-06-23,11,13,180,20.6
2007-06-23,12,9,170,22
2007-06-23,13,13,160,22.4
2007-06-23,14,11,150,22.7
2007-06-23,15,9,150,21.4
2007-06-23,16,15,160,21.5
2007-06-23,17,15,180,20.7
2007-06-23,18,13,160,19.8
2007-06-23,19,11,150,19
2007-06-23,20,6,160,17.9
2007-06-23,21,6,120,17.3
2007-06-23,22,6,120,15.4
2007-06-23,23,0,NA,15.6
2007-06-24,0,7,90,14
2007-06-24,1,9,70,13.2
2007-06-24,2,13,80,13
2007-06-24,3,11,60,12.1
2007-06-24,4,6,60,10.5
2007-06-24,5,4,80,10.6
2007-06-24,6,0,NA,13.1
2007-06-24,7,0,NA,14.8
2007-06-24,8,6,240,16.4
2007-06-24,9,6,210,18.5
2007-06-24,10,11,180,20.3
2007-06-24,11,11,140,21.4
2007-06-24,12,17,180,19.7
2007-06-24,13,19,160,20.3
2007-06-24,14,20,150,20.6
2007-06-24,15,19,160,21.2
2007-06-24,16,15,170,19.9
2007-06-24,17,6,170,20.4
2007-06-24,18,0,NA,21.7
2007-06-24,19,7,150,17.9
2007-06-24,20,7,320,15.5
2007-06-24,21,15,320,13
2007-06-24,22,19,330,12.3
2007-06-24,23,4,360,11.4
2007-06-25,0,19,310,11.9
2007-06-25,1,11,320,11.7
2007-06-25,2,4,300,10.5
2007-06-25,3,4,180,9.8
2007-06-25,4,7,190,10.2
2007-06-25,5,17,160,11.4
2007-06-25,6,17,170,11.2
2007-06-25,7,17,180,11.6
2007-06-25,8,17,310,8.3
2007-06-25,9,13,90,8.2
2007-06-25,10,7,130,12.1
2007-06-25,11,13,170,12
2007-06-25,12,11,180,14.4
2007-06-25,13,11,230,12.3
2007-06-25,14,15,190,13.7
2007-06-25,15,13,240,15
2007-06-25,16,9,200,15.9
2007-06-25,17,11,230,17.1
2007-06-25,18,9,200,16.2
2007-06-25,19,7,160,13.7
2007-06-25,20,0,NA,11.6
2007-06-25,21,7,70,9.7
2007-06-25,22,7,60,8.8
2007-06-25,23,6,60,8.9
2007-06-26,0,7,60,8.8
2007-06-26,1,4,20,7.9
2007-06-26,2,4,40,7.5
2007-06-26,3,0,NA,6.4
2007-06-26,4,4,260,6.4
2007-06-26,5,4,70,6.6
2007-06-26,6,0,NA,8.9
2007-06-26,7,0,NA,10.7
2007-06-26,8,4,330,12.8
2007-06-26,9,0,NA,14.8
2007-06-26,10,4,230,16.9
2007-06-26,11,6,220,19.1
2007-06-26,12,7,290,21.1
2007-06-26,13,6,280,23
2007-06-26,14,4,260,24.3
2007-06-26,15,6,270,25
2007-06-26,16,6,260,25.1
2007-06-26,17,6,300,24.5
2007-06-26,18,0,NA,25.2
2007-06-26,19,0,NA,23.1
2007-06-26,20,6,50,17.8
2007-06-26,21,6,20,16.4
2007-06-26,22,7,330,16
2007-06-26,23,6,360,14.5
2007-06-27,0,4,320,13.6
2007-06-27,1,0,NA,13.6
2007-06-27,2,0,NA,13.3
2007-06-27,3,4,70,12.4
2007-06-27,4,4,70,11.6
2007-06-27,5,6,70,11.7
2007-06-27,6,0,NA,14.6
2007-06-27,7,6,250,15.7
2007-06-27,8,4,280,18
2007-06-27,9,4,240,19.4
2007-06-27,10,4,240,21.8
2007-06-27,11,7,270,22.1
2007-06-27,12,4,280,23
2007-06-27,13,4,300,24.8
2007-06-27,14,9,300,25.3
2007-06-27,15,7,290,24.6
2007-06-27,16,4,330,24.2
2007-06-27,17,13,330,21.5
2007-06-27,18,7,280,20.5
2007-06-27,19,0,NA,19.8
2007-06-27,20,4,90,18.8
2007-06-27,21,4,130,18.7
2007-06-27,22,11,80,18.2
2007-06-27,23,6,260,18
2007-06-28,0,6,50,17.9
2007-06-28,1,4,30,18
2007-06-28,2,0,NA,17.9
2007-06-28,3,4,300,17.1
2007-06-28,4,0,NA,16.2
2007-06-28,5,0,NA,17.3
2007-06-28,6,4,260,17.9
2007-06-28,7,0,NA,19.4
2007-06-28,8,9,300,21.3
2007-06-28,9,9,300,22.4
2007-06-28,10,11,320,22.6
2007-06-28,11,20,300,23.7
2007-06-28,12,15,300,23.6
2007-06-28,13,17,310,24.1
2007-06-28,14,11,320,23.8
2007-06-28,15,9,290,24.2
2007-06-28,16,7,310,27.8
2007-06-28,17,4,230,27.5
2007-06-28,18,0,NA,25.4
2007-06-28,19,4,100,24.2
2007-06-28,20,0,NA,20.9
2007-06-28,21,7,50,20.3
2007-06-28,22,6,330,19.5
2007-06-28,23,6,60,19
2007-06-29,0,4,330,18.5
2007-06-29,1,7,300,18
2007-06-29,2,6,360,18.8
2007-06-29,3,9,330,17.5
2007-06-29,4,4,240,17.3
2007-06-29,5,7,340,16.6
2007-06-29,6,6,50,16.3
2007-06-29,7,0,NA,17.7
2007-06-29,8,6,330,19.7
2007-06-29,9,7,240,20.7
2007-06-29,10,6,240,22.5
2007-06-29,11,6,250,24.2
2007-06-29,12,7,260,23.4
2007-06-29,13,7,340,25.8
2007-06-29,14,7,300,26.2
2007-06-29,15,11,320,25.8
2007-06-29,16,22,330,22.2
2007-06-29,17,22,320,20
2007-06-29,18,20,80,13.6
2007-06-29,19,15,80,14.5
2007-06-29,20,0,NA,13.5
2007-06-29,21,7,90,13.2
2007-06-29,22,4,90,12.2
2007-06-29,23,6,140,11.6
2007-06-30,0,6,70,11.3
2007-06-30,1,6,70,11.4
2007-06-30,2,6,70,10.7
2007-06-30,3,4,40,10.8
2007-06-30,4,4,50,10.5
2007-06-30,5,4,80,11.2
2007-06-30,6,6,80,12.6
2007-06-30,7,6,160,13.1
2007-06-30,8,6,150,16.4
2007-06-30,9,7,180,19.1
2007-06-30,10,6,220,18.8
2007-06-30,11,9,290,20.6
2007-06-30,12,7,310,21.1
2007-06-30,13,11,300,20.5
2007-06-30,14,11,310,22.9
2007-06-30,15,11,320,23.6
2007-06-30,16,6,280,24.1
2007-06-30,17,6,220,23.3
2007-06-30,18,9,300,23
2007-06-30,19,4,300,20.8
2007-06-30,20,4,60,15.5
2007-06-30,21,7,60,14.1
2007-06-30,22,7,350,14.6
2007-06-30,23,6,40,13.3
2007-07-01,0,4,30,12.3
2007-07-01,1,6,10,12.2
2007-07-01,2,0,NA,11.4
2007-07-01,3,0,NA,11
2007-07-01,4,6,40,10.2
2007-07-01,5,7,80,10.1
2007-07-01,6,0,NA,12
2007-07-01,7,4,300,14.1
2007-07-01,8,0,NA,17
2007-07-01,9,4,300,18.3
2007-07-01,10,0,NA,20.8
2007-07-01,11,0,NA,21.9
2007-07-01,12,6,90,24.3
2007-07-01,13,6,150,25.6
2007-07-01,14,6,150,27.2
2007-07-01,15,9,270,28.4
2007-07-01,16,7,240,28.9
2007-07-01,17,6,190,27.3
2007-07-01,18,11,170,25.2
2007-07-01,19,0,NA,23.5
2007-07-01,20,6,150,23.6
2007-07-01,21,9,70,19.6
2007-07-01,22,7,70,18.2
2007-07-01,23,6,40,18.8
2007-07-02,0,7,60,17.8
2007-07-02,1,9,60,17.3
2007-07-02,2,13,70,16.5
2007-07-02,3,7,60,15.3
2007-07-02,4,6,60,14.7
2007-07-02,5,13,70,15.6
2007-07-02,6,11,80,16.6
2007-07-02,7,6,140,18.1
2007-07-02,8,4,210,21.1
2007-07-02,9,6,250,22.7
2007-07-02,10,6,240,24.4
2007-07-02,11,9,170,26.6
2007-07-02,12,6,170,27.9
2007-07-02,13,9,200,27.5
2007-07-02,14,11,180,29
2007-07-02,15,15,180,28.7
2007-07-02,16,11,220,29.3
2007-07-02,17,11,220,28.9
2007-07-02,18,7,210,28.5
2007-07-02,19,9,200,27
2007-07-02,20,7,210,25.2
2007-07-02,21,9,180,23.3
2007-07-02,22,15,80,19.8
2007-07-02,23,11,60,19.3
2007-07-03,0,13,80,18.6
2007-07-03,1,9,60,18.2
2007-07-03,2,11,60,17.3
2007-07-03,3,11,60,16.3
2007-07-03,4,7,60,15.7
2007-07-03,5,4,20,16.1
2007-07-03,6,17,80,17.4
2007-07-03,7,6,100,19.3
2007-07-03,8,6,180,20.7
2007-07-03,9,4,260,22.5
2007-07-03,10,7,200,25
2007-07-03,11,9,180,28.3
2007-07-03,12,11,150,29.4
2007-07-03,13,13,200,30.6
2007-07-03,14,9,180,31
2007-07-03,15,9,200,31.8
2007-07-03,16,11,200,30.9
2007-07-03,17,9,190,30.8
2007-07-03,18,9,180,29.6
2007-07-03,19,0,NA,28.4
2007-07-03,20,7,150,25.4
2007-07-03,21,9,320,22.8
2007-07-03,22,6,350,22
2007-07-03,23,4,20,20.5
2007-07-04,0,0,NA,19.7
2007-07-04,1,0,NA,18.7
2007-07-04,2,0,NA,17.7
2007-07-04,3,0,NA,16.2
2007-07-04,4,6,50,16
2007-07-04,5,4,20,15.8
2007-07-04,6,0,NA,17.9
2007-07-04,7,0,NA,19.4
2007-07-04,8,0,NA,21.3
2007-07-04,9,6,250,23.4
2007-07-04,10,4,260,25.2
2007-07-04,11,6,280,27.4
2007-07-04,12,4,230,29.9
2007-07-04,13,6,270,31.2
2007-07-04,14,9,240,32.9
2007-07-04,15,7,240,34.2
2007-07-04,16,7,160,34
2007-07-04,17,4,200,34.3
2007-07-04,18,4,280,33.2
2007-07-04,19,4,290,31.2
2007-07-04,20,6,30,24.8
2007-07-04,21,7,60,23.6
2007-07-04,22,4,40,24
2007-07-04,23,0,NA,23.7
2007-07-05,0,4,40,22.5
2007-07-05,1,6,20,21.2
2007-07-05,2,4,30,20.3
2007-07-05,3,0,NA,18.9
2007-07-05,4,6,60,18.1
2007-07-05,5,4,360,17.9
2007-07-05,6,0,NA,20.7
2007-07-05,7,0,NA,21.2
2007-07-05,8,4,270,22.7
2007-07-05,9,4,270,25.1
2007-07-05,10,4,260,27.1
2007-07-05,11,4,260,29.7
2007-07-05,12,6,290,31.6
2007-07-05,13,6,280,33.6
2007-07-05,14,6,270,35
2007-07-05,15,7,180,35.9
2007-07-05,16,7,180,37
2007-07-05,17,7,160,36.7
2007-07-05,18,4,360,34.9
2007-07-05,19,0,NA,31.8
2007-07-05,20,9,50,27.5
2007-07-05,21,9,60,27
2007-07-05,22,6,40,26.8
2007-07-05,23,6,40,26.2
2007-07-06,0,7,60,24.1
2007-07-06,1,11,60,23.4
2007-07-06,2,19,60,23
2007-07-06,3,19,70,22.1
2007-07-06,4,9,60,21.2
2007-07-06,5,9,50,21.1
2007-07-06,6,0,NA,20.6
2007-07-06,7,0,NA,22
2007-07-06,8,4,230,23.8
2007-07-06,9,0,NA,25.4
2007-07-06,10,6,240,27.5
2007-07-06,11,6,270,29.7
2007-07-06,12,7,310,32.4
2007-07-06,13,11,150,35.9
2007-07-06,14,17,200,36.6
2007-07-06,15,19,200,36.3
2007-07-06,16,19,200,36
2007-07-06,17,15,200,35.5
2007-07-06,18,13,210,34.5
2007-07-06,19,7,240,32
2007-07-06,20,6,160,29.4
2007-07-06,21,9,70,25
2007-07-06,22,6,150,25.1
2007-07-06,23,6,90,23.6
2007-07-07,0,7,80,22
2007-07-07,1,7,30,20.4
2007-07-07,2,0,NA,20.9
2007-07-07,3,9,70,19.3
2007-07-07,4,9,70,18.5
2007-07-07,5,6,50,19
2007-07-07,6,4,340,21.2
2007-07-07,7,0,NA,21.9
2007-07-07,8,13,300,23.8
2007-07-07,9,9,290,25.7
2007-07-07,10,11,310,27
2007-07-07,11,13,310,28.3
2007-07-07,12,15,300,28.2
2007-07-07,13,9,290,30.3
2007-07-07,14,9,290,31.3
2007-07-07,15,11,270,31
2007-07-07,16,9,310,29.2
2007-07-07,17,9,320,29.6
2007-07-07,18,9,320,30
2007-07-07,19,13,330,27.7
2007-07-07,20,13,330,25.9
2007-07-07,21,7,290,23.2
2007-07-07,22,0,NA,22.3
2007-07-07,23,7,60,20.7
2007-07-08,0,7,60,19.3
2007-07-08,1,9,60,18.5
2007-07-08,2,9,70,17.9
2007-07-08,3,6,60,17.7
2007-07-08,4,7,60,16.6
2007-07-08,5,0,NA,17
2007-07-08,6,6,70,17.4
2007-07-08,7,4,140,18.4
2007-07-08,8,0,NA,22.2
2007-07-08,9,4,210,23.3
2007-07-08,10,6,260,25
2007-07-08,11,9,210,27.8
2007-07-08,12,9,180,30
2007-07-08,13,17,160,30.1
2007-07-08,14,13,190,30.7
2007-07-08,15,15,200,31.2
2007-07-08,16,15,210,31.3
2007-07-08,17,13,210,30.6
2007-07-08,18,7,210,30.3
2007-07-08,19,4,220,28.7
2007-07-08,20,11,60,23
2007-07-08,21,7,60,22.1
2007-07-08,22,6,60,20.9
2007-07-08,23,7,60,20.4
2007-07-09,0,6,50,19.6
2007-07-09,1,9,60,18.4
2007-07-09,2,6,50,18.4
2007-07-09,3,9,70,16.4
2007-07-09,4,7,70,16.2
2007-07-09,5,9,70,15.7
2007-07-09,6,4,50,18.9
2007-07-09,7,0,NA,19
2007-07-09,8,4,250,21.1
2007-07-09,9,7,260,22.5
2007-07-09,10,15,300,24.2
2007-07-09,11,19,300,26.3
2007-07-09,12,17,320,28.9
2007-07-09,13,22,320,28.8
2007-07-09,14,22,340,29.4
2007-07-09,15,17,320,30.2
2007-07-09,16,20,330,29.5
2007-07-09,17,24,330,29.2
2007-07-09,18,19,330,29
2007-07-09,19,19,320,27.8
2007-07-09,20,15,330,26.4
2007-07-09,21,0,NA,22.5
2007-07-09,22,6,60,22.4
2007-07-09,23,4,50,22.1
2007-07-10,0,0,NA,20.9
2007-07-10,1,0,NA,20.2
2007-07-10,2,4,60,17.9
2007-07-10,3,4,30,17.3
2007-07-10,4,6,10,16.3
2007-07-10,5,4,30,16.5
2007-07-10,6,6,260,18.1
2007-07-10,7,4,220,19.6
2007-07-10,8,0,NA,21.8
2007-07-10,9,9,310,23.6
2007-07-10,10,9,300,25.2
2007-07-10,11,6,290,27.2
2007-07-10,12,6,310,28.9
2007-07-10,13,6,360,30.1
2007-07-10,14,9,280,31.1
2007-07-10,15,9,260,31.7
2007-07-10,16,7,260,31.7
2007-07-10,17,6,300,32.4
2007-07-10,18,6,290,31.2
2007-07-10,19,7,300,28.3
2007-07-10,20,4,20,24.3
2007-07-10,21,7,40,23.3
2007-07-10,22,6,300,22.5
2007-07-10,23,6,130,21.5
2007-07-11,0,6,340,20.3
2007-07-11,1,6,60,19.1
2007-07-11,2,0,NA,20
2007-07-11,3,9,70,18.5
2007-07-11,4,7,70,17.8
2007-07-11,5,6,60,17.5
2007-07-11,6,0,NA,20.6
2007-07-11,7,0,NA,21.1
2007-07-11,8,6,300,22.9
2007-07-11,9,9,290,24.7
2007-07-11,10,9,290,26.6
2007-07-11,11,7,300,28.3
2007-07-11,12,6,310,30.1
2007-07-11,13,6,260,31.9
2007-07-11,14,7,290,33.5
2007-07-11,15,6,280,34.4
2007-07-11,16,7,270,34.3
2007-07-11,17,7,300,34.1
2007-07-11,18,6,260,32
2007-07-11,19,4,290,29.3
2007-07-11,20,6,350,26.5
2007-07-11,21,6,60,24.8
2007-07-11,22,9,350,25.2
2007-07-11,23,0,NA,23.4
2007-07-12,0,0,NA,23.2
2007-07-12,1,6,320,22.4
2007-07-12,2,0,NA,21
2007-07-12,3,4,30,20.5
2007-07-12,4,6,20,19.5
2007-07-12,5,4,10,19.6
2007-07-12,6,6,350,21.9
2007-07-12,7,4,280,22.5
2007-07-12,8,6,300,24.4
2007-07-12,9,7,310,26.8
2007-07-12,10,7,300,28.8
2007-07-12,11,7,300,30.6
2007-07-12,12,4,310,33
2007-07-12,13,6,260,34.7
2007-07-12,14,4,240,36.5
2007-07-12,15,7,260,36.3
2007-07-12,16,7,250,36.8
2007-07-12,17,6,250,36.4
2007-07-12,18,4,200,34.5
2007-07-12,19,6,70,29.9
2007-07-12,20,6,50,28.3
2007-07-12,21,9,60,27.7
2007-07-12,22,6,70,27.3
2007-07-12,23,6,360,26.4
2007-07-13,0,7,350,24.5
2007-07-13,1,0,NA,23.6
2007-07-13,2,6,70,21.5
2007-07-13,3,6,60,21
2007-07-13,4,4,360,21.1
2007-07-13,5,0,NA,19.3
2007-07-13,6,0,NA,21.7
2007-07-13,7,4,260,22.8
2007-07-13,8,0,NA,25.7
2007-07-13,9,6,270,26.8
2007-07-13,10,6,260,29.2
2007-07-13,11,6,270,31
2007-07-13,12,4,260,33.2
2007-07-13,13,4,260,35.8
2007-07-13,14,4,250,37.1
2007-07-13,15,9,250,37.4
2007-07-13,16,0,NA,33.5
2007-07-13,17,9,350,32.7
2007-07-13,18,17,300,33.2
2007-07-13,19,9,260,32.1
2007-07-13,20,11,130,29.6
2007-07-13,21,17,330,29.2
2007-07-13,22,9,90,25.9
2007-07-13,23,7,60,24.7
2007-07-14,0,6,80,21.7
2007-07-14,1,11,70,22
2007-07-14,2,6,60,21.2
2007-07-14,3,4,70,21.7
2007-07-14,4,0,NA,20.6
2007-07-14,5,4,310,19.9
2007-07-14,6,4,130,20.2
2007-07-14,7,0,NA,23
2007-07-14,8,4,270,25.1
2007-07-14,9,4,240,26.9
2007-07-14,10,7,260,28.3
2007-07-14,11,7,260,30.7
2007-07-14,12,6,250,32.2
2007-07-14,13,6,250,34.2
2007-07-14,14,6,250,35.5
2007-07-14,15,0,NA,37
2007-07-14,16,6,260,36
2007-07-14,17,4,160,37.7
2007-07-14,18,0,NA,36.5
2007-07-14,19,6,290,29.8
2007-07-14,20,6,70,26.7
2007-07-14,21,4,130,27.7
2007-07-14,22,4,40,25.7
2007-07-14,23,4,330,26.5
2007-07-15,0,4,70,24.5
2007-07-15,1,0,NA,23.2
2007-07-15,2,7,60,23.2
2007-07-15,3,6,70,22.2
2007-07-15,4,13,70,22.1
2007-07-15,5,9,80,20.5
2007-07-15,6,4,300,21.1
2007-07-15,7,0,NA,22.5
2007-07-15,8,0,NA,23.9
2007-07-15,9,4,300,26.5
2007-07-15,10,6,310,27.7
2007-07-15,11,7,280,28.1
2007-07-15,12,4,160,31.6
2007-07-15,13,6,200,33.3
2007-07-15,14,7,270,34.8
2007-07-15,15,11,200,34.3
2007-07-15,16,9,220,33.7
2007-07-15,17,11,230,34.4
2007-07-15,18,13,300,32.3
2007-07-15,19,7,300,29
2007-07-15,20,4,280,24.3
2007-07-15,21,7,70,23.2
2007-07-15,22,6,40,23.9
2007-07-15,23,4,40,23.3
2007-07-16,0,9,80,22
2007-07-16,1,4,30,22.2
2007-07-16,2,4,20,20.9
2007-07-16,3,0,NA,19.8
2007-07-16,4,0,NA,18.9
2007-07-16,5,6,50,19.3
2007-07-16,6,0,NA,21.3
2007-07-16,7,0,NA,22.3
2007-07-16,8,4,240,23.6
2007-07-16,9,4,180,26.6
2007-07-16,10,4,210,27.2
2007-07-16,11,4,270,29.9
2007-07-16,12,6,210,31.3
2007-07-16,13,6,240,32.7
2007-07-16,14,6,280,34.6
2007-07-16,15,4,180,34.8
2007-07-16,16,6,270,34.5
2007-07-16,17,6,260,34.2
2007-07-16,18,6,290,31.5
2007-07-16,19,4,310,28.3
2007-07-16,20,0,NA,25.1
2007-07-16,21,6,60,24.1
2007-07-16,22,6,30,24.5
2007-07-16,23,6,350,23.2
2007-07-17,0,6,70,22
2007-07-17,1,4,310,21.9
2007-07-17,2,0,NA,20.9
2007-07-17,3,4,50,19.2
2007-07-17,4,0,NA,19.7
2007-07-17,5,0,NA,19
2007-07-17,6,4,280,19.5
2007-07-17,7,0,NA,21.7
2007-07-17,8,4,250,22.4
2007-07-17,9,0,NA,25.4
2007-07-17,10,4,310,27
2007-07-17,11,0,NA,28.2
2007-07-17,12,4,120,29.9
2007-07-17,13,4,240,30.2
2007-07-17,14,6,240,29.9
2007-07-17,15,15,300,27.8
2007-07-17,16,13,290,29.8
2007-07-17,17,20,320,30.1
2007-07-17,18,24,320,28.5
2007-07-17,19,19,320,28.2
2007-07-17,20,7,160,24.3
2007-07-17,21,22,50,23.9
2007-07-17,22,24,50,23.8
2007-07-17,23,9,20,23.7
2007-07-18,0,15,40,22.9
2007-07-18,1,7,40,22.7
2007-07-18,2,7,20,22.7
2007-07-18,3,6,340,21.2
2007-07-18,4,4,310,20.3
2007-07-18,5,6,40,20.5
2007-07-18,6,6,310,21
2007-07-18,7,0,NA,22.4
2007-07-18,8,6,300,23.9
2007-07-18,9,4,300,26.3
2007-07-18,10,7,310,27.5
2007-07-18,11,4,270,29.7
2007-07-18,12,7,270,31.3
2007-07-18,13,6,260,33
2007-07-18,14,6,90,35.4
2007-07-18,15,4,190,36.6
2007-07-18,16,11,140,36
2007-07-18,17,9,160,35.4
2007-07-18,18,11,240,33.6
2007-07-18,19,4,200,32.7
2007-07-18,20,7,180,30.5
2007-07-18,21,15,160,29.8
2007-07-18,22,11,170,28.6
2007-07-18,23,9,90,26.9
2007-07-19,0,7,160,25
2007-07-19,1,7,40,18.2
2007-07-19,2,6,320,17.4
2007-07-19,3,0,NA,17.2
2007-07-19,4,7,320,17.1
2007-07-19,5,6,350,16.9
2007-07-19,6,4,50,16.9
2007-07-19,7,4,50,16.5
2007-07-19,8,6,290,17.2
2007-07-19,9,4,50,17.8
2007-07-19,10,0,NA,18.2
2007-07-19,11,0,NA,19.3
2007-07-19,12,7,90,21.1
2007-07-19,13,11,200,22.3
2007-07-19,14,11,190,20.7
2007-07-19,15,9,180,24.2
2007-07-19,16,7,220,24.6
2007-07-19,17,9,160,24.1
2007-07-19,18,7,160,23.5
2007-07-19,19,4,270,21.4
2007-07-19,20,4,30,19.3
2007-07-19,21,7,80,17.1
2007-07-19,22,9,70,16.3
2007-07-19,23,11,70,16.6
2007-07-20,0,6,70,15.5
2007-07-20,1,6,80,14.9
2007-07-20,2,4,20,14.1
2007-07-20,3,9,50,14.6
2007-07-20,4,4,40,13
2007-07-20,5,4,310,13.3
2007-07-20,6,0,NA,14.9
2007-07-20,7,0,NA,16.1
2007-07-20,8,0,NA,17.8
2007-07-20,9,6,310,19.8
2007-07-20,10,6,300,21.4
2007-07-20,11,6,240,23.3
2007-07-20,12,7,270,26.1
2007-07-20,13,4,270,25.4
2007-07-20,14,0,NA,25.9
2007-07-20,15,6,150,24.2
2007-07-20,16,26,220,26
2007-07-20,17,15,210,24.8
2007-07-20,18,11,150,24.3
2007-07-20,19,7,240,23.6
2007-07-20,20,6,210,22
2007-07-20,21,6,110,19.3
2007-07-20,22,9,70,19.1
2007-07-20,23,4,360,17.8
2007-07-21,0,9,70,17.9
2007-07-21,1,9,70,18
2007-07-21,2,7,80,17.9
2007-07-21,3,6,80,16.6
2007-07-21,4,4,110,16.8
2007-07-21,5,4,70,16.6
2007-07-21,6,4,60,16.6
2007-07-21,7,0,NA,18.5
2007-07-21,8,4,90,21
2007-07-21,9,13,160,23.9
2007-07-21,10,13,160,25.3
2007-07-21,11,9,160,26.2
2007-07-21,12,11,140,26.9
2007-07-21,13,13,150,27.8
2007-07-21,14,9,160,27.8
2007-07-21,15,11,180,28.4
2007-07-21,16,6,190,28.8
2007-07-21,17,9,180,27
2007-07-21,18,11,240,26.1
2007-07-21,19,7,180,24.8
2007-07-21,20,7,70,22.2
2007-07-21,21,7,60,21.6
2007-07-21,22,6,50,21
2007-07-21,23,4,20,20.3
2007-07-22,0,9,60,20.2
2007-07-22,1,7,50,19.7
2007-07-22,2,11,60,19.3
2007-07-22,3,15,70,18.8
2007-07-22,4,19,70,18.4
2007-07-22,5,20,80,18.2
2007-07-22,6,11,50,18.7
2007-07-22,7,9,100,20.9
2007-07-22,8,6,130,21.4
2007-07-22,9,4,190,23.9
2007-07-22,10,4,230,26.5
2007-07-22,11,4,220,29
2007-07-22,12,7,300,30.7
2007-07-22,13,9,300,31.3
2007-07-22,14,9,300,30.7
2007-07-22,15,13,300,30.5
2007-07-22,16,15,320,30.1
2007-07-22,17,13,310,29.9
2007-07-22,18,17,320,28.5
2007-07-22,19,11,330,25.5
2007-07-22,20,6,350,23.1
2007-07-22,21,9,330,22.5
2007-07-22,22,6,310,21.5
2007-07-22,23,4,50,19.8
2007-07-23,0,4,270,19.5
2007-07-23,1,4,250,19.2
2007-07-23,2,0,NA,18.3
2007-07-23,3,4,330,18.8
2007-07-23,4,4,100,17
2007-07-23,5,0,NA,17.5
2007-07-23,6,0,NA,19.3
2007-07-23,7,0,NA,20.1
2007-07-23,8,4,290,22
2007-07-23,9,4,300,24.5
2007-07-23,10,4,250,26
2007-07-23,11,6,280,27.2
2007-07-23,12,6,290,27.8
2007-07-23,13,9,290,31.2
2007-07-23,14,11,300,31.9
2007-07-23,15,11,290,32
2007-07-23,16,13,300,32.9
2007-07-23,17,11,300,32.8
2007-07-23,18,6,280,31.9
2007-07-23,19,6,300,30
2007-07-23,20,6,300,26.6
2007-07-23,21,7,80,24.4
2007-07-23,22,6,50,26.3
2007-07-23,23,4,140,25
2007-07-24,0,6,80,24.2
2007-07-24,1,6,350,23.4
2007-07-24,2,0,NA,21
2007-07-24,3,6,310,20
2007-07-24,4,0,NA,19.2
2007-07-24,5,0,NA,18.6
2007-07-24,6,7,340,19.9
2007-07-24,7,6,330,21.9
2007-07-24,8,4,260,22.7
2007-07-24,9,11,300,25.2
2007-07-24,10,7,280,26.1
2007-07-24,11,7,270,28.4
2007-07-24,12,11,160,30
2007-07-24,13,19,200,30.8
2007-07-24,14,15,190,31.7
2007-07-24,15,15,310,31.4
2007-07-24,16,9,290,31.2
2007-07-24,17,9,300,29.6
2007-07-24,18,7,320,29.1
2007-07-24,19,4,280,27.5
2007-07-24,20,6,300,23
2007-07-24,21,6,360,23.3
2007-07-24,22,4,70,20.9
2007-07-24,23,6,20,20.7
2007-07-25,0,7,70,18.3
2007-07-25,1,9,70,17.9
2007-07-25,2,7,60,16.6
2007-07-25,3,7,60,16.2
2007-07-25,4,7,60,15.6
2007-07-25,5,6,70,15.1
2007-07-25,6,4,60,18.3
2007-07-25,7,6,290,18.7
2007-07-25,8,9,300,20.6
2007-07-25,9,7,300,22.6
2007-07-25,10,9,290,23.7
2007-07-25,11,11,300,25.6
2007-07-25,12,7,310,27.3
2007-07-25,13,9,310,28.8
2007-07-25,14,9,300,29.4
2007-07-25,15,7,300,31.1
2007-07-25,16,9,290,30.7
2007-07-25,17,9,300,30.8
2007-07-25,18,6,290,30.1
2007-07-25,19,4,310,27.4
2007-07-25,20,6,20,22.8
2007-07-25,21,4,340,22
2007-07-25,22,6,350,22.1
2007-07-25,23,4,10,20.9
2007-07-26,0,9,340,20.1
2007-07-26,1,4,270,18.7
2007-07-26,2,4,80,18.7
2007-07-26,3,4,320,17.4
2007-07-26,4,0,NA,17.1
2007-07-26,5,4,20,17.1
2007-07-26,6,4,350,18.4
2007-07-26,7,4,240,19.2
2007-07-26,8,6,340,22.3
2007-07-26,9,6,310,24.4
2007-07-26,10,4,260,26.4
2007-07-26,11,6,260,28.5
2007-07-26,12,4,250,30.5
2007-07-26,13,6,230,33
2007-07-26,14,6,250,32.3
2007-07-26,15,4,210,35.2
2007-07-26,16,4,270,35.2
2007-07-26,17,7,280,34.7
2007-07-26,18,0,NA,32.4
2007-07-26,19,6,60,28.9
2007-07-26,20,7,60,26.4
2007-07-26,21,6,40,25.9
2007-07-26,22,6,10,25.6
2007-07-26,23,4,360,24.3
2007-07-27,0,0,NA,24.1
2007-07-27,1,0,NA,22.1
2007-07-27,2,4,20,21
2007-07-27,3,6,50,20.3
2007-07-27,4,0,NA,20.1
2007-07-27,5,6,50,18.6
2007-07-27,6,9,50,20.6
2007-07-27,7,9,80,22.3
2007-07-27,8,11,80,24.5
2007-07-27,9,4,230,26.5
2007-07-27,10,4,220,28.4
2007-07-27,11,4,250,31.3
2007-07-27,12,11,170,34.5
2007-07-27,13,15,200,35.1
2007-07-27,14,17,200,35.5
2007-07-27,15,15,210,35.5
2007-07-27,16,11,200,34.8
2007-07-27,17,9,210,35
2007-07-27,18,11,200,33.3
2007-07-27,19,11,210,31.9
2007-07-27,20,7,130,27.8
2007-07-27,21,9,70,25.8
2007-07-27,22,11,80,24.1
2007-07-27,23,13,80,24.1
2007-07-28,0,13,70,23.2
2007-07-28,1,9,70,21.4
2007-07-28,2,4,70,20.5
2007-07-28,3,15,80,20.2
2007-07-28,4,13,70,19.3
2007-07-28,5,17,70,19.3
2007-07-28,6,13,60,20.6
2007-07-28,7,11,80,22.6
2007-07-28,8,6,160,24.2
2007-07-28,9,4,250,26.2
2007-07-28,10,4,240,28.5
2007-07-28,11,9,170,31.7
2007-07-28,12,9,160,32.9
2007-07-28,13,13,170,33.6
2007-07-28,14,13,190,34.2
2007-07-28,15,13,210,34.1
2007-07-28,16,13,230,34
2007-07-28,17,11,210,33.4
2007-07-28,18,13,210,32.1
2007-07-28,19,9,230,30.4
2007-07-28,20,9,70,24.2
2007-07-28,21,11,70,24.4
2007-07-28,22,15,80,23.8
2007-07-28,23,15,70,23.2
2007-07-29,0,4,40,22
2007-07-29,1,9,70,21
2007-07-29,2,11,60,19.9
2007-07-29,3,0,NA,18
2007-07-29,4,6,50,18.3
2007-07-29,5,17,80,18.5
2007-07-29,6,22,70,19.8
2007-07-29,7,11,80,21.6
2007-07-29,8,6,140,22.7
2007-07-29,9,4,150,25.3
2007-07-29,10,6,250,26.7
2007-07-29,11,9,210,30.6
2007-07-29,12,11,160,32.2
2007-07-29,13,11,160,33.4
2007-07-29,14,13,240,33.8
2007-07-29,15,13,210,33.6
2007-07-29,16,13,230,33.4
2007-07-29,17,11,220,32.8
2007-07-29,18,13,210,31.4
2007-07-29,19,13,200,29.5
2007-07-29,20,7,140,26.8
2007-07-29,21,13,170,26.7
2007-07-29,22,6,110,24.3
2007-07-29,23,9,60,22.3
2007-07-30,0,7,80,21.4
2007-07-30,1,9,100,21
2007-07-30,2,15,90,19.9
2007-07-30,3,9,80,19.6
2007-07-30,4,7,70,17.8
2007-07-30,5,11,80,18.3
2007-07-30,6,0,NA,20.5
2007-07-30,7,13,80,22
2007-07-30,8,7,110,23.9
2007-07-30,9,0,NA,25.9
2007-07-30,10,11,160,28
2007-07-30,11,11,130,29.5
2007-07-30,12,13,140,30.6
2007-07-30,13,11,190,31.6
2007-07-30,14,17,190,31.4
2007-07-30,15,17,200,31.3
2007-07-30,16,15,210,31.5
2007-07-30,17,11,220,31.2
2007-07-30,18,17,210,29.6
2007-07-30,19,9,210,27.9
2007-07-30,20,6,80,23.3
2007-07-30,21,11,120,23.2
2007-07-30,22,7,120,23.3
2007-07-30,23,13,70,21.6
2007-07-31,0,11,70,20.2
2007-07-31,1,7,70,19
2007-07-31,2,9,70,18.1
2007-07-31,3,7,70,17
2007-07-31,4,6,60,16.3
2007-07-31,5,7,70,15.2
2007-07-31,6,7,70,17.8
2007-07-31,7,6,60,19.8
2007-07-31,8,4,250,21.3
2007-07-31,9,6,220,23.4
2007-07-31,10,6,40,26
2007-07-31,11,4,260,28.2
2007-07-31,12,7,270,28.8
2007-07-31,13,9,300,30.2
2007-07-31,14,13,300,30.3
2007-07-31,15,11,320,31.2
2007-07-31,16,13,310,30.8
2007-07-31,17,19,320,28.9
2007-07-31,18,17,330,28.2
2007-07-31,19,13,320,26.6
2007-07-31,20,15,330,25
2007-07-31,21,11,310,22.7
2007-07-31,22,6,40,20.2
2007-07-31,23,4,50,20.3
2007-08-01,0,4,70,19.1
2007-08-01,1,7,70,18
2007-08-01,2,4,10,18.3
2007-08-01,3,4,70,17.6
2007-08-01,4,6,80,15.5
2007-08-01,5,9,70,14.9
2007-08-01,6,7,70,16.5
2007-08-01,7,0,NA,17.6
2007-08-01,8,6,330,20.3
2007-08-01,9,6,280,21.7
2007-08-01,10,9,280,23.3
2007-08-01,11,7,270,25.6
2007-08-01,12,6,280,28.1
2007-08-01,13,6,300,30.2
2007-08-01,14,6,190,31
2007-08-01,15,7,250,31.9
2007-08-01,16,6,270,32.7
2007-08-01,17,6,260,32.1
2007-08-01,18,4,290,32.1
2007-08-01,19,0,NA,27.6
2007-08-01,20,6,30,24.2
2007-08-01,21,7,360,23.7
2007-08-01,22,7,360,22.2
2007-08-01,23,0,NA,21.5
2007-08-02,0,4,90,20.4
2007-08-02,1,6,70,19.2
2007-08-02,2,6,50,18.3
2007-08-02,3,6,60,17.3
2007-08-02,4,4,40,17.3
2007-08-02,5,6,60,15.3
2007-08-02,6,4,60,17.1
2007-08-02,7,0,NA,17.9
2007-08-02,8,0,NA,20.2
2007-08-02,9,6,260,22.2
2007-08-02,10,6,280,24.4
2007-08-02,11,0,NA,27.1
2007-08-02,12,6,260,28.5
2007-08-02,13,4,270,28.9
2007-08-02,14,0,NA,29.7
2007-08-02,15,4,80,32.8
2007-08-02,16,6,190,34.4
2007-08-02,17,4,250,34.4
2007-08-02,18,6,200,33
2007-08-02,19,4,60,28.9
2007-08-02,20,11,90,25
2007-08-02,21,15,80,25.4
2007-08-02,22,6,10,24.9
2007-08-02,23,13,60,24
2007-08-03,0,17,70,22.6
2007-08-03,1,13,60,21.7
2007-08-03,2,17,70,20.8
2007-08-03,3,15,80,19.8
2007-08-03,4,4,260,18.2
2007-08-03,5,17,70,19.1
2007-08-03,6,4,10,18.2
2007-08-03,7,9,80,22.2
2007-08-03,8,0,NA,23
2007-08-03,9,9,190,26.5
2007-08-03,10,15,180,28.5
2007-08-03,11,17,170,29.8
2007-08-03,12,17,170,30.6
2007-08-03,13,17,200,31.2
2007-08-03,14,19,200,31
2007-08-03,15,15,190,31.7
2007-08-03,16,17,210,31.2
2007-08-03,17,17,200,30.3
2007-08-03,18,17,200,29.4
2007-08-03,19,11,210,27.2
2007-08-03,20,11,160,25.3
2007-08-03,21,6,80,22.3
2007-08-03,22,11,150,23.1
2007-08-03,23,9,60,20.1
2007-08-04,0,11,70,19.8
2007-08-04,1,13,70,18.9
2007-08-04,2,7,70,17.3
2007-08-04,3,9,70,16.6
2007-08-04,4,9,70,16.2
2007-08-04,5,7,60,15.4
2007-08-04,6,4,70,16.7
2007-08-04,7,7,70,18.4
2007-08-04,8,0,NA,20.4
2007-08-04,9,6,230,22.4
2007-08-04,10,11,300,22.3
2007-08-04,11,11,290,23.4
2007-08-04,12,6,330,26.1
2007-08-04,13,6,200,27.9
2007-08-04,14,6,290,27.2
2007-08-04,15,4,210,29.2
2007-08-04,16,6,150,27.5
2007-08-04,17,6,280,26.2
2007-08-04,18,0,NA,25.7
2007-08-04,19,9,320,23.5
2007-08-04,20,9,300,21.7
2007-08-04,21,4,290,20
2007-08-04,22,6,360,19.7
2007-08-04,23,4,50,18
2007-08-05,0,4,360,19
2007-08-05,1,4,80,17.2
2007-08-05,2,4,40,16.8
2007-08-05,3,6,30,16.2
2007-08-05,4,6,60,15.4
2007-08-05,5,0,NA,15.7
2007-08-05,6,6,60,16.1
2007-08-05,7,0,NA,18.3
2007-08-05,8,6,340,20.1
2007-08-05,9,11,300,21.6
2007-08-05,10,9,310,24
2007-08-05,11,6,290,25.4
2007-08-05,12,7,300,27.8
2007-08-05,13,6,300,29.5
2007-08-05,14,9,280,30.3
2007-08-05,15,9,310,29.9
2007-08-05,16,6,300,27.1
2007-08-05,17,9,300,26.3
2007-08-05,18,4,320,28.7
2007-08-05,19,6,300,23.7
2007-08-05,20,9,70,20.8
2007-08-05,21,7,320,20.2
2007-08-05,22,6,110,20.4
2007-08-05,23,6,40,19.3
2007-08-06,0,6,120,18.4
2007-08-06,1,4,330,16.9
2007-08-06,2,6,50,16.7
2007-08-06,3,7,60,15.9
2007-08-06,4,7,60,15.4
2007-08-06,5,7,50,15
2007-08-06,6,4,70,16.5
2007-08-06,7,0,NA,18.2
2007-08-06,8,4,260,19.7
2007-08-06,9,4,240,21.9
2007-08-06,10,6,270,23.7
2007-08-06,11,4,60,25.9
2007-08-06,12,7,310,27.9
2007-08-06,13,6,250,28.2
2007-08-06,14,6,340,29.8
2007-08-06,15,7,320,31.4
2007-08-06,16,9,270,29.4
2007-08-06,17,9,260,29.3
2007-08-06,18,7,310,28.2
2007-08-06,19,0,NA,25.3
2007-08-06,20,4,260,23
2007-08-06,21,9,60,22.1
2007-08-06,22,9,70,20.6
2007-08-06,23,7,40,21.1
2007-08-07,0,9,70,19.6
2007-08-07,1,7,60,19.7
2007-08-07,2,7,60,18.1
2007-08-07,3,15,80,17.7
2007-08-07,4,13,70,17
2007-08-07,5,11,80,16.4
2007-08-07,6,13,80,17.3
2007-08-07,7,0,NA,17.4
2007-08-07,8,0,NA,19.7
2007-08-07,9,4,150,22.3
2007-08-07,10,7,150,25.3
2007-08-07,11,9,190,27.1
2007-08-07,12,11,200,28
2007-08-07,13,13,200,28.3
2007-08-07,14,15,190,29.6
2007-08-07,15,19,190,29.2
2007-08-07,16,17,200,28.8
2007-08-07,17,19,210,28.2
2007-08-07,18,13,200,27.1
2007-08-07,19,13,200,25.6
2007-08-07,20,11,210,24.5
2007-08-07,21,7,180,23.8
2007-08-07,22,6,150,22.1
2007-08-07,23,6,190,21.7
2007-08-08,0,0,NA,20.2
2007-08-08,1,6,160,19.4
2007-08-08,2,0,NA,19
2007-08-08,3,6,210,19
2007-08-08,4,15,160,19
2007-08-08,5,19,160,18.2
2007-08-08,6,17,160,17.6
2007-08-08,7,13,150,17.4
2007-08-08,8,13,170,17.5
2007-08-08,9,11,160,17.7
2007-08-08,10,13,160,18.3
2007-08-08,11,9,170,19.3
2007-08-08,12,11,160,20.4
2007-08-08,13,13,180,22.2
2007-08-08,14,13,160,22.7
2007-08-08,15,13,150,22.1
2007-08-08,16,15,160,23.7
2007-08-08,17,17,160,23.2
2007-08-08,18,13,160,22.7
2007-08-08,19,11,160,21
2007-08-08,20,11,160,20.6
2007-08-08,21,0,NA,18
2007-08-08,22,6,60,16.6
2007-08-08,23,13,70,16.5
2007-08-09,0,11,60,15.9
2007-08-09,1,7,70,16.2
2007-08-09,2,13,60,15.4
2007-08-09,3,17,80,14.7
2007-08-09,4,17,70,14
2007-08-09,5,17,80,13.7
2007-08-09,6,0,NA,13.9
2007-08-09,7,6,140,15.5
2007-08-09,8,4,220,17.4
2007-08-09,9,4,230,20.2
2007-08-09,10,6,240,22.3
2007-08-09,11,4,210,25.2
2007-08-09,12,6,130,27.3
2007-08-09,13,6,220,27.9
2007-08-09,14,9,230,28.7
2007-08-09,15,7,270,29.3
2007-08-09,16,7,190,28.4
2007-08-09,17,6,190,28.6
2007-08-09,18,9,160,27.2
2007-08-09,19,4,150,24.9
2007-08-09,20,6,130,21.9
2007-08-09,21,9,80,20
2007-08-09,22,6,320,19.2
2007-08-09,23,6,320,18
2007-08-10,0,4,290,16.6
2007-08-10,1,7,330,15.9
2007-08-10,2,7,280,15
2007-08-10,3,6,80,12.9
2007-08-10,4,7,80,13
2007-08-10,5,9,70,13
2007-08-10,6,4,90,14
2007-08-10,7,4,130,15.9
2007-08-10,8,6,230,15.6
2007-08-10,9,9,230,20.1
2007-08-10,10,17,150,21.9
2007-08-10,11,15,220,22.4
2007-08-10,12,11,350,13.1
2007-08-10,13,9,60,19.1
2007-08-10,14,17,300,17.8
2007-08-10,15,6,250,18.3
2007-08-10,16,9,280,20.4
2007-08-10,17,11,300,19
2007-08-10,18,19,320,17
2007-08-10,19,13,320,15.5
2007-08-10,20,6,10,14.5
2007-08-10,21,6,360,12.7
2007-08-10,22,9,330,13.8
2007-08-10,23,4,350,11.7
2007-08-11,0,6,40,11.5
2007-08-11,1,4,30,11.1
2007-08-11,2,4,70,10
2007-08-11,3,6,60,9.5
2007-08-11,4,6,60,9.1
2007-08-11,5,4,50,9.2
2007-08-11,6,4,70,11
2007-08-11,7,0,NA,12.4
2007-08-11,8,0,NA,15
2007-08-11,9,0,NA,17.1
2007-08-11,10,4,300,19.1
2007-08-11,11,6,280,21.2
2007-08-11,12,6,240,23.9
2007-08-11,13,6,270,25.7
2007-08-11,14,7,250,27.4
2007-08-11,15,9,260,27.8
2007-08-11,16,9,280,28.1
2007-08-11,17,9,310,27.3
2007-08-11,18,4,300,25.9
2007-08-11,19,7,80,21.6
2007-08-11,20,6,50,20.2
2007-08-11,21,7,10,20.2
2007-08-11,22,6,30,19
2007-08-11,23,0,NA,16.8
2007-08-12,0,0,NA,15.9
2007-08-12,1,6,60,15.8
2007-08-12,2,6,100,14.3
2007-08-12,3,4,40,14.8
2007-08-12,4,6,60,13.4
2007-08-12,5,17,90,13.5
2007-08-12,6,11,90,14
2007-08-12,7,6,80,18.1
2007-08-12,8,4,230,18.9
2007-08-12,9,6,270,19.9
2007-08-12,10,7,200,23.8
2007-08-12,11,15,170,25.8
2007-08-12,12,13,160,26.3
2007-08-12,13,11,150,26.2
2007-08-12,14,17,200,28.6
2007-08-12,15,17,200,28.5
2007-08-12,16,15,210,28.4
2007-08-12,17,7,220,28.3
2007-08-12,18,11,200,26.9
2007-08-12,19,6,210,24.2
2007-08-12,20,7,310,22.1
2007-08-12,21,17,340,21.9
2007-08-12,22,4,210,18.7
2007-08-12,23,6,80,17.3
2007-08-13,0,0,NA,17.5
2007-08-13,1,7,70,16.4
2007-08-13,2,9,70,15.7
2007-08-13,3,7,60,15.6
2007-08-13,4,6,60,14.9
2007-08-13,5,4,20,14.4
2007-08-13,6,0,NA,14.9
2007-08-13,7,0,NA,16.6
2007-08-13,8,0,NA,18.9
2007-08-13,9,6,240,19.5
2007-08-13,10,0,NA,21.2
2007-08-13,11,6,330,24.3
2007-08-13,12,9,310,26.2
2007-08-13,13,9,310,27.6
2007-08-13,14,4,360,29.2
2007-08-13,15,7,220,30.1
2007-08-13,16,7,300,29.4
2007-08-13,17,9,300,25.3
2007-08-13,18,6,290,24
2007-08-13,19,6,350,21.7
2007-08-13,20,6,350,21.4
2007-08-13,21,6,50,19.8
2007-08-13,22,6,360,20.5
2007-08-13,23,6,20,19.6
2007-08-14,0,4,300,18.1
2007-08-14,1,0,NA,17.1
2007-08-14,2,0,NA,15.8
2007-08-14,3,6,40,15
2007-08-14,4,6,40,14.4
2007-08-14,5,7,70,13
2007-08-14,6,6,60,14.7
2007-08-14,7,0,NA,15.7
2007-08-14,8,4,310,18.4
2007-08-14,9,6,300,20.6
2007-08-14,10,6,310,22.4
2007-08-14,11,7,310,24.5
2007-08-14,12,7,280,25.9
2007-08-14,13,6,260,28
2007-08-14,14,9,300,29.7
2007-08-14,15,7,310,30.6
2007-08-14,16,9,300,30.7
2007-08-14,17,6,290,30.8
2007-08-14,18,0,NA,29.7
2007-08-14,19,6,40,23.2
2007-08-14,20,0,NA,21.9
2007-08-14,21,4,10,22
2007-08-14,22,6,310,20
2007-08-14,23,6,360,21.3
2007-08-15,0,6,60,19.1
2007-08-15,1,6,50,18.4
2007-08-15,2,7,60,17.4
2007-08-15,3,7,60,16.7
2007-08-15,4,4,30,16
2007-08-15,5,4,70,15.2
2007-08-15,6,0,NA,16.6
2007-08-15,7,0,NA,17.4
2007-08-15,8,4,280,19.8
2007-08-15,9,4,300,22.4
2007-08-15,10,9,310,23.9
2007-08-15,11,7,310,26.3
2007-08-15,12,9,280,28
2007-08-15,13,7,310,29.9
2007-08-15,14,7,290,31.1
2007-08-15,15,7,310,31.6
2007-08-15,16,7,300,32.7
2007-08-15,17,9,290,31.6
2007-08-15,18,6,300,27.3
2007-08-15,19,6,360,26.3
2007-08-15,20,7,60,23.5
2007-08-15,21,6,10,23.2
2007-08-15,22,7,340,22.7
2007-08-15,23,4,30,21.1
2007-08-16,0,6,50,20.8
2007-08-16,1,4,340,19.8
2007-08-16,2,4,70,18.3
2007-08-16,3,7,70,17.4
2007-08-16,4,6,40,17.7
2007-08-16,5,0,NA,17.6
2007-08-16,6,4,320,17.7
2007-08-16,7,0,NA,18.7
2007-08-16,8,4,310,20.8
2007-08-16,9,6,130,23
2007-08-16,10,7,300,25
2007-08-16,11,4,360,27.4
2007-08-16,12,9,240,29.5
2007-08-16,13,6,220,30.4
2007-08-16,14,11,220,30.5
2007-08-16,15,7,260,32.5
2007-08-16,16,17,170,32.1
2007-08-16,17,15,160,31.9
2007-08-16,18,17,170,31
2007-08-16,19,11,170,29.8
2007-08-16,20,6,40,26
2007-08-16,21,11,70,25.2
2007-08-16,22,9,70,24.2
2007-08-16,23,11,80,23
2007-08-17,0,15,90,22.8
2007-08-17,1,13,80,22.8
2007-08-17,2,4,30,21.3
2007-08-17,3,6,50,19.9
2007-08-17,4,6,80,17.9
2007-08-17,5,7,70,17.8
2007-08-17,6,9,100,17.2
2007-08-17,7,4,180,19.3
2007-08-17,8,0,NA,20.8
2007-08-17,9,6,200,24
2007-08-17,10,15,180,26
2007-08-17,11,15,160,27.7
2007-08-17,12,11,160,29.4
2007-08-17,13,13,160,30.5
2007-08-17,14,15,210,30.6
2007-08-17,15,13,200,30.7
2007-08-17,16,9,180,30.4
2007-08-17,17,11,210,29.9
2007-08-17,18,9,210,28
2007-08-17,19,7,120,24.4
2007-08-17,20,9,180,24.8
2007-08-17,21,7,80,21.2
2007-08-17,22,7,70,19.9
2007-08-17,23,9,70,18.2
2007-08-18,0,13,80,18.6
2007-08-18,1,7,90,17
2007-08-18,2,7,60,16.3
2007-08-18,3,7,50,15.5
2007-08-18,4,13,60,15.6
2007-08-18,5,9,60,15.2
2007-08-18,6,6,50,15.4
2007-08-18,7,11,110,16.7
2007-08-18,8,7,90,19.6
2007-08-18,9,4,260,20.8
2007-08-18,10,0,NA,21.9
2007-08-18,11,0,NA,25.4
2007-08-18,12,6,230,26.5
2007-08-18,13,4,170,27.4
2007-08-18,14,6,330,29.2
2007-08-18,15,7,210,29.8
2007-08-18,16,11,320,24.3
2007-08-18,17,17,310,25.2
2007-08-18,18,7,310,24.6
2007-08-18,19,0,NA,20.2
2007-08-18,20,11,120,19.9
2007-08-18,21,6,70,20.6
2007-08-18,22,7,70,19.2
2007-08-18,23,9,70,18.2
2007-08-19,0,9,70,18.5
2007-08-19,1,6,360,18.4
2007-08-19,2,7,100,16.5
2007-08-19,3,6,50,17.8
2007-08-19,4,4,310,15.9
2007-08-19,5,0,NA,15.9
2007-08-19,6,4,70,16.7
2007-08-19,7,6,300,17.1
2007-08-19,8,13,330,18.3
2007-08-19,9,19,320,18.2
2007-08-19,10,19,330,17.2
2007-08-19,11,7,330,16.9
2007-08-19,12,6,70,16.6
2007-08-19,13,11,80,16
2007-08-19,14,9,170,15.2
2007-08-19,15,6,140,14.7
2007-08-19,16,6,190,14.6
2007-08-19,17,4,60,15.1
2007-08-19,18,4,150,14.6
2007-08-19,19,0,NA,13.9
2007-08-19,20,6,170,13.7
2007-08-19,21,7,140,13.5
2007-08-19,22,7,140,13.5
2007-08-19,23,6,150,13.4
2007-08-20,0,6,150,13.2
2007-08-20,1,4,120,13.1
2007-08-20,2,6,130,13
2007-08-20,3,4,130,13.1
2007-08-20,4,6,100,12.8
2007-08-20,5,6,90,12.6
2007-08-20,6,4,110,13
2007-08-20,7,4,110,13.3
2007-08-20,8,4,130,15.1
2007-08-20,9,11,160,15.8
2007-08-20,10,17,180,15.3
2007-08-20,11,9,180,17
2007-08-20,12,6,220,18.9
2007-08-20,13,9,150,19
2007-08-20,14,9,190,19.7
2007-08-20,15,13,200,19.2
2007-08-20,16,17,250,19
2007-08-20,17,6,320,17.3
2007-08-20,18,4,170,16.6
2007-08-20,19,0,NA,15.8
2007-08-20,20,0,NA,14.7
2007-08-20,21,0,NA,13.9
2007-08-20,22,0,NA,13.7
2007-08-20,23,4,310,13.1
2007-08-21,0,0,NA,13
2007-08-21,1,0,NA,11.9
2007-08-21,2,0,NA,11.7
2007-08-21,3,4,20,11.2
2007-08-21,4,4,290,11.4
2007-08-21,5,0,NA,11.4
2007-08-21,6,0,NA,11.3
2007-08-21,7,0,NA,13.5
2007-08-21,8,0,NA,15.6
2007-08-21,9,6,260,16.7
2007-08-21,10,6,240,18.6
2007-08-21,11,6,210,21.1
2007-08-21,12,6,190,22.2
2007-08-21,13,11,320,22.7
2007-08-21,14,20,310,22.9
2007-08-21,15,9,290,22.1
2007-08-21,16,11,270,23.5
2007-08-21,17,7,330,21.6
2007-08-21,18,9,310,20.8
2007-08-21,19,11,310,18.2
2007-08-21,20,6,340,16.7
2007-08-21,21,4,50,14.1
2007-08-21,22,6,70,13.1
2007-08-21,23,7,70,12.8
2007-08-22,0,6,60,12.7
2007-08-22,1,6,50,11.9
2007-08-22,2,6,10,11.7
2007-08-22,3,4,10,10.9
2007-08-22,4,6,60,10.1
2007-08-22,5,6,70,9.7
2007-08-22,6,7,70,10.1
2007-08-22,7,6,80,13.5
2007-08-22,8,4,290,14.6
2007-08-22,9,11,280,16.3
2007-08-22,10,9,320,18.8
2007-08-22,11,9,320,20.9
2007-08-22,12,7,290,22.3
2007-08-22,13,7,310,24
2007-08-22,14,13,300,24.8
2007-08-22,15,13,300,25.1
2007-08-22,16,17,310,25.4
2007-08-22,17,13,300,24.9
2007-08-22,18,9,320,23.7
2007-08-22,19,4,270,19.2
2007-08-22,20,4,310,18
2007-08-22,21,4,60,16.7
2007-08-22,22,6,50,15.5
2007-08-22,23,6,50,14.4
2007-08-23,0,6,40,14.1
2007-08-23,1,0,NA,13.3
2007-08-23,2,6,70,12.6
2007-08-23,3,6,60,12.1
2007-08-23,4,0,NA,11.6
2007-08-23,5,7,70,10.6
2007-08-23,6,6,60,11
2007-08-23,7,0,NA,14.5
2007-08-23,8,9,310,16.1
2007-08-23,9,17,300,17.8
2007-08-23,10,15,300,19.9
2007-08-23,11,13,300,21.9
2007-08-23,12,15,310,23.9
2007-08-23,13,20,320,25.6
2007-08-23,14,22,320,26.2
2007-08-23,15,15,330,26.3
2007-08-23,16,15,310,26.6
2007-08-23,17,15,330,25.9
2007-08-23,18,15,340,24.5
2007-08-23,19,13,330,22.2
2007-08-23,20,9,340,19.3
2007-08-23,21,0,NA,18.9
2007-08-23,22,9,60,15.7
2007-08-23,23,6,30,17.3
2007-08-24,0,6,50,16.2
2007-08-24,1,6,70,14.4
2007-08-24,2,4,70,13.7
2007-08-24,3,4,70,12.8
2007-08-24,4,6,70,11
2007-08-24,5,9,70,11
2007-08-24,6,NA,NA,NA
2007-08-24,7,0,NA,13.1
2007-08-24,8,4,220,15.8
2007-08-24,9,4,240,18.4
2007-08-24,10,4,260,19.8
2007-08-24,11,4,280,21.8
2007-08-24,12,7,290,22.9
2007-08-24,13,6,310,25.5
2007-08-24,14,6,280,25.1
2007-08-24,15,7,270,28
2007-08-24,16,6,300,27.6
2007-08-24,17,4,310,25.4
2007-08-24,18,4,50,22.9
2007-08-24,19,6,70,20.2
2007-08-24,20,7,70,20.4
2007-08-24,21,7,70,19.9
2007-08-24,22,9,60,20
2007-08-24,23,17,80,20
2007-08-25,0,17,70,18.7
2007-08-25,1,9,70,17.1
2007-08-25,2,11,80,16.8
2007-08-25,3,6,40,15.2
2007-08-25,4,17,80,16
2007-08-25,5,13,70,14.9
2007-08-25,6,17,70,14.9
2007-08-25,7,9,80,16.8
2007-08-25,8,4,160,19.2
2007-08-25,9,4,280,20.6
2007-08-25,10,4,200,25.1
2007-08-25,11,13,150,27.7
2007-08-25,12,17,190,29
2007-08-25,13,17,210,29.5
2007-08-25,14,19,190,28.3
2007-08-25,15,17,250,28.8
2007-08-25,16,11,200,28.9
2007-08-25,17,15,240,27.5
2007-08-25,18,13,220,26.6
2007-08-25,19,9,230,25.6
2007-08-25,20,19,320,23.3
2007-08-25,21,24,330,22.3
2007-08-25,22,30,340,18.9
2007-08-25,23,26,340,18.7
2007-08-26,0,22,330,18.1
2007-08-26,1,19,330,17.6
2007-08-26,2,19,330,17.1
2007-08-26,3,13,330,16.3
2007-08-26,4,13,330,15.6
2007-08-26,5,15,330,15.5
2007-08-26,6,11,310,15
2007-08-26,7,0,NA,15.5
2007-08-26,8,0,NA,16
2007-08-26,9,0,NA,15.7
2007-08-26,10,0,NA,15.8
2007-08-26,11,4,210,18
2007-08-26,12,6,140,20.5
2007-08-26,13,19,310,19.5
2007-08-26,14,15,300,18.7
2007-08-26,15,20,300,16
2007-08-26,16,7,110,14.8
2007-08-26,17,0,NA,17.6
2007-08-26,18,0,NA,15.1
2007-08-26,19,0,NA,14.5
2007-08-26,20,7,300,13.5
2007-08-26,21,7,60,11.6
2007-08-26,22,9,70,11.6
2007-08-26,23,7,130,11.4
2007-08-27,0,6,350,11.4
2007-08-27,1,6,50,11.3
2007-08-27,2,0,NA,11.2
2007-08-27,3,0,NA,11.1
2007-08-27,4,7,320,10.8
2007-08-27,5,6,320,10.4
2007-08-27,6,0,NA,10.4
2007-08-27,7,6,260,11
2007-08-27,8,6,260,12.8
2007-08-27,9,11,300,14.8
2007-08-27,10,7,290,16.2
2007-08-27,11,6,260,17
2007-08-27,12,6,300,15
2007-08-27,13,4,200,18
2007-08-27,14,6,270,17.8
2007-08-27,15,4,310,20.8
2007-08-27,16,11,280,20
2007-08-27,17,11,310,20.9
2007-08-27,18,6,330,19.8
2007-08-27,19,6,310,15
2007-08-27,20,6,360,13.6
2007-08-27,21,6,360,13.4
2007-08-27,22,9,340,12.3
2007-08-27,23,4,20,12.8
2007-08-28,0,6,50,11.4
2007-08-28,1,7,70,10.5
2007-08-28,2,7,50,9.9
2007-08-28,3,6,50,9.4
2007-08-28,4,7,70,8.6
2007-08-28,5,6,70,8
2007-08-28,6,7,70,8.3
2007-08-28,7,0,NA,11.2
2007-08-28,8,0,NA,13
2007-08-28,9,0,NA,14.8
2007-08-28,10,7,320,16.7
2007-08-28,11,6,200,18.6
2007-08-28,12,4,260,20.9
2007-08-28,13,6,230,22.5
2007-08-28,14,9,300,22.5
2007-08-28,15,6,290,22.9
2007-08-28,16,7,310,23.9
2007-08-28,17,6,320,21.8
2007-08-28,18,NA,NA,NA
2007-08-28,19,13,330,18.8
2007-08-28,20,6,40,16.3
2007-08-28,21,NA,NA,NA
2007-08-28,22,7,320,15.1
2007-08-28,23,4,350,13.6
2007-08-29,0,4,50,13.3
2007-08-29,1,4,340,13.4
2007-08-29,2,NA,NA,NA
2007-08-29,3,6,70,12.3
2007-08-29,4,7,70,10.2
2007-08-29,5,7,60,10.8
2007-08-29,6,6,50,10.8
2007-08-29,7,4,300,12.1
2007-08-29,8,0,NA,14.8
2007-08-29,9,4,220,17.8
2007-08-29,10,4,270,21
2007-08-29,11,6,230,22.2
2007-08-29,12,6,130,24.6
2007-08-29,13,7,290,26.8
2007-08-29,14,4,250,28.9
2007-08-29,15,6,270,30.2
2007-08-29,16,6,280,30.7
2007-08-29,17,6,290,29.8
2007-08-29,18,4,290,26.4
2007-08-29,19,6,340,22.6
2007-08-29,20,6,20,21.7
2007-08-29,21,6,10,21.8
2007-08-29,22,7,330,20.1
2007-08-29,23,6,330,19.4
2007-08-30,0,6,340,17.5
2007-08-30,1,0,NA,17.1
2007-08-30,2,6,60,15.2
2007-08-30,3,0,NA,16.1
2007-08-30,4,NA,NA,NA
2007-08-30,5,NA,NA,NA
2007-08-30,6,NA,NA,NA
2007-08-30,7,7,240,13.4
2007-08-30,8,6,120,17
2007-08-30,9,NA,NA,NA
2007-08-30,10,4,230,15.3
2007-08-30,11,7,120,17.9
2007-08-30,12,9,100,18.3
2007-08-30,13,19,80,19.9
2007-08-30,14,6,140,24.4
2007-08-30,15,6,180,27.8
2007-08-30,16,4,150,29
2007-08-30,17,4,240,28.4
2007-08-30,18,0,NA,28.3
2007-08-30,19,9,60,22.1
2007-08-30,20,9,60,20.8
2007-08-30,21,9,70,21
2007-08-30,22,13,60,21.5
2007-08-30,23,6,40,20.8
2007-08-31,0,22,70,20.4
2007-08-31,1,20,70,19.6
2007-08-31,2,22,80,19.1
2007-08-31,3,9,100,17.3
2007-08-31,4,19,70,18.7
2007-08-31,5,11,90,17.8
2007-08-31,6,4,310,15.6
2007-08-31,7,9,80,19.4
2007-08-31,8,6,110,22.5
2007-08-31,9,0,NA,21.7
2007-08-31,10,4,100,20.7
2007-08-31,11,6,230,21.8
2007-08-31,12,6,40,20.8
2007-08-31,13,7,110,18.2
2007-08-31,14,6,80,19
2007-08-31,15,4,270,22.1
2007-08-31,16,6,330,21.4
2007-08-31,17,13,80,21
2007-08-31,18,20,90,20.6
2007-08-31,19,13,80,19
2007-08-31,20,6,70,17.7
2007-08-31,21,6,190,17.6
2007-08-31,22,9,140,18.2
2007-08-31,23,9,160,18.7
2007-09-01,0,6,200,18
2007-09-01,1,11,180,18.1
2007-09-01,2,7,200,17.5
2007-09-01,3,9,190,16.5
2007-09-01,4,0,NA,16.2
2007-09-01,5,4,180,16.1
2007-09-01,6,7,100,15.6
2007-09-01,7,9,100,16.9
2007-09-01,8,6,160,19.1
2007-09-01,9,7,150,19.9
2007-09-01,10,6,170,22.6
2007-09-01,11,6,160,23.3
2007-09-01,12,6,90,24.6
2007-09-01,13,0,NA,25.7
2007-09-01,14,4,210,26.5
2007-09-01,15,6,200,27.6
2007-09-01,16,11,160,25.7
2007-09-01,17,9,170,25.8
2007-09-01,18,6,200,23.8
2007-09-01,19,6,80,18.7
2007-09-01,20,9,60,17.9
2007-09-01,21,6,50,18.1
2007-09-01,22,4,360,18
2007-09-01,23,4,350,16.1
2007-09-02,0,6,40,15.4
2007-09-02,1,4,20,15.8
2007-09-02,2,4,20,14.3
2007-09-02,3,6,50,12.6
2007-09-02,4,4,20,13.4
2007-09-02,5,9,70,12.6
2007-09-02,6,9,70,13.7
2007-09-02,7,9,120,15
2007-09-02,8,4,130,16.7
2007-09-02,9,4,210,18.7
2007-09-02,10,4,200,21.4
2007-09-02,11,4,210,23.7
2007-09-02,12,6,250,26.4
2007-09-02,13,6,70,27.9
2007-09-02,14,6,210,28.3
2007-09-02,15,9,290,28.1
2007-09-02,16,7,300,25.6
2007-09-02,17,4,260,23.3
2007-09-02,18,4,340,22
2007-09-02,19,0,NA,20.8
2007-09-02,20,0,NA,20.4
2007-09-02,21,4,80,20.4
2007-09-02,22,4,40,19.5
2007-09-02,23,6,70,18.7
2007-09-03,0,4,360,18.1
2007-09-03,1,0,NA,17.2
2007-09-03,2,6,70,15.8
2007-09-03,3,7,70,14.5
2007-09-03,4,7,60,14.5
2007-09-03,5,6,50,13.8
2007-09-03,6,4,60,13.9
2007-09-03,7,0,NA,15.8
2007-09-03,8,0,NA,16.1
2007-09-03,9,4,280,19.2
2007-09-03,10,0,NA,22.2
2007-09-03,11,4,250,24.7
2007-09-03,12,4,230,27.1
2007-09-03,13,6,230,29.2
2007-09-03,14,4,170,31
2007-09-03,15,6,170,31.1
2007-09-03,16,7,160,30.8
2007-09-03,17,6,220,30.7
2007-09-03,18,4,310,26.3
2007-09-03,19,6,20,22.8
2007-09-03,20,6,70,22.2
2007-09-03,21,6,30,21.9
2007-09-03,22,0,NA,20.9
2007-09-03,23,7,110,18.3
2007-09-04,0,0,NA,19
2007-09-04,1,9,90,17.5
2007-09-04,2,6,320,17.4
2007-09-04,3,0,NA,16.5
2007-09-04,4,4,140,15.3
2007-09-04,5,4,340,15.5
2007-09-04,6,4,60,14.9
2007-09-04,7,0,NA,16.6
2007-09-04,8,7,280,19.4
2007-09-04,9,15,300,20.6
2007-09-04,10,11,290,20.7
2007-09-04,11,17,300,21.5
2007-09-04,12,6,310,22.3
2007-09-04,13,11,290,24.9
2007-09-04,14,9,280,26.7
2007-09-04,15,6,280,28
2007-09-04,16,7,290,28.6
2007-09-04,17,15,310,25.6
2007-09-04,18,13,320,24.8
2007-09-04,19,6,290,21
2007-09-04,20,6,320,19.7
2007-09-04,21,9,280,19.8
2007-09-04,22,0,NA,19.1
2007-09-04,23,4,320,18.5
2007-09-05,0,0,NA,17.8
2007-09-05,1,7,40,16.8
2007-09-05,2,6,70,16.9
2007-09-05,3,6,80,15.3
2007-09-05,4,7,70,14.3
2007-09-05,5,9,70,14.2
2007-09-05,6,6,50,13.7
2007-09-05,7,0,NA,16.3
2007-09-05,8,6,170,17.3
2007-09-05,9,6,280,19.8
2007-09-05,10,4,220,21.1
2007-09-05,11,4,250,23
2007-09-05,12,7,260,24.4
2007-09-05,13,9,310,26
2007-09-05,14,7,250,26.8
2007-09-05,15,4,300,28.1
2007-09-05,16,7,300,27.3
2007-09-05,17,4,330,26.4
2007-09-05,18,0,NA,23.9
2007-09-05,19,6,150,22
2007-09-05,20,4,70,19.4
2007-09-05,21,7,70,19.8
2007-09-05,22,6,100,19.3
2007-09-05,23,6,90,17.6
2007-09-06,0,6,60,16.8
2007-09-06,1,6,20,17
2007-09-06,2,4,290,16.2
2007-09-06,3,15,330,18.1
2007-09-06,4,13,330,17
2007-09-06,5,15,330,17.7
2007-09-06,6,19,330,16.8
2007-09-06,7,7,290,17.1
2007-09-06,8,13,320,20
2007-09-06,9,15,330,20.5
2007-09-06,10,20,330,22.1
2007-09-06,11,22,320,23.1
2007-09-06,12,17,320,24.7
2007-09-06,13,22,340,21.1
2007-09-06,14,22,330,22.8
2007-09-06,15,22,310,23.7
2007-09-06,16,13,330,23.1
2007-09-06,17,17,330,22.5
2007-09-06,18,13,320,20.2
2007-09-06,19,7,310,19.5
2007-09-06,20,4,340,18
2007-09-06,21,7,330,15.4
2007-09-06,22,11,340,16.2
2007-09-06,23,6,70,14.3
2007-09-07,0,6,80,13.5
2007-09-07,1,0,NA,13.6
2007-09-07,2,4,60,13.2
2007-09-07,3,6,80,13
2007-09-07,4,6,70,12.6
2007-09-07,5,0,NA,12.9
2007-09-07,6,6,70,11.8
2007-09-07,7,7,310,13.2
2007-09-07,8,19,330,14.7
2007-09-07,9,19,320,15.6
2007-09-07,10,28,330,17.9
2007-09-07,11,28,330,18.8
2007-09-07,12,32,330,15.4
2007-09-07,13,30,330,18.5
2007-09-07,14,26,340,20.6
2007-09-07,15,24,340,20.3
2007-09-07,16,20,330,20.6
2007-09-07,17,19,340,18.9
2007-09-07,18,19,330,17.9
2007-09-07,19,19,340,17.7
2007-09-07,20,19,320,17.4
2007-09-07,21,9,40,16.2
2007-09-07,22,11,40,15.3
2007-09-07,23,4,10,14.7
2007-09-08,0,11,340,14.1
2007-09-08,1,7,80,11.3
2007-09-08,2,6,40,11.1
2007-09-08,3,6,30,10.6
2007-09-08,4,4,10,9.7
2007-09-08,5,0,NA,9.1
2007-09-08,6,6,20,8.2
2007-09-08,7,4,50,10.6
2007-09-08,8,4,70,13.2
2007-09-08,9,7,300,14.4
2007-09-08,10,4,250,16.2
2007-09-08,11,6,270,18.7
2007-09-08,12,6,210,20.2
2007-09-08,13,6,270,21.3
2007-09-08,14,7,270,22.4
2007-09-08,15,4,130,23.5
2007-09-08,16,7,300,20.4
2007-09-08,17,11,50,19
2007-09-08,18,6,310,17.4
2007-09-08,19,11,80,13.9
2007-09-08,20,6,160,14.9
2007-09-08,21,6,330,15.1
2007-09-08,22,6,360,14.4
2007-09-08,23,4,340,12.6
2007-09-09,0,6,20,11.7
2007-09-09,1,0,NA,11.5
2007-09-09,2,0,NA,10.5
2007-09-09,3,6,110,8.7
2007-09-09,4,6,40,9.5
2007-09-09,5,7,60,8.1
2007-09-09,6,7,70,7.9
2007-09-09,7,4,40,11.2
2007-09-09,8,4,240,13.1
2007-09-09,9,0,NA,16.2
2007-09-09,10,6,290,17.2
2007-09-09,11,4,290,19.7
2007-09-09,12,4,130,22
2007-09-09,13,7,290,22.9
2007-09-09,14,7,330,23.5
2007-09-09,15,9,310,23.5
2007-09-09,16,9,300,22.9
2007-09-09,17,7,310,22.7
2007-09-09,18,4,330,19.5
2007-09-09,19,6,360,17.6
2007-09-09,20,6,30,16.1
2007-09-09,21,7,70,13.7
2007-09-09,22,6,70,12.9
2007-09-09,23,6,60,13.6
2007-09-10,0,4,30,12.5
2007-09-10,1,6,40,12.5
2007-09-10,2,6,30,10.8
2007-09-10,3,7,70,9.9
2007-09-10,4,4,300,9.7
2007-09-10,5,0,NA,9.3
2007-09-10,6,4,30,9.1
2007-09-10,7,0,NA,9.5
2007-09-10,8,4,250,12.3
2007-09-10,9,0,NA,15.6
2007-09-10,10,4,250,18
2007-09-10,11,4,260,20
2007-09-10,12,6,280,22
2007-09-10,13,6,270,23.1
2007-09-10,14,4,50,24.8
2007-09-10,15,7,300,25.6
2007-09-10,16,7,300,26.2
2007-09-10,17,6,310,25.3
2007-09-10,18,4,300,22.1
2007-09-10,19,6,330,18.8
2007-09-10,20,6,310,17.7
2007-09-10,21,6,70,16.8
2007-09-10,22,6,40,16.6
2007-09-10,23,6,360,16.1
2007-09-11,0,6,360,15.1
2007-09-11,1,0,NA,14.3
2007-09-11,2,4,70,12.8
2007-09-11,3,0,NA,12.8
2007-09-11,4,7,60,11.8
2007-09-11,5,4,40,11.4
2007-09-11,6,0,NA,10.3
2007-09-11,7,0,NA,12.6
2007-09-11,8,4,250,14.8
2007-09-11,9,4,230,16.9
2007-09-11,10,6,230,18.8
2007-09-11,11,6,280,21.1
2007-09-11,12,6,270,23.5
2007-09-11,13,6,260,25.4
2007-09-11,14,6,270,26.6
2007-09-11,15,6,290,28.7
2007-09-11,16,6,300,28.7
2007-09-11,17,6,320,27.8
2007-09-11,18,0,NA,23.2
2007-09-11,19,9,70,21.3
2007-09-11,20,11,80,19.9
2007-09-11,21,13,80,21
2007-09-11,22,13,70,20
2007-09-11,23,15,60,19.5
2007-09-12,0,15,60,19.1
2007-09-12,1,19,70,18.4
2007-09-12,2,11,70,17.3
2007-09-12,3,13,60,16.6
2007-09-12,4,6,70,14.6
2007-09-12,5,11,70,14.6
2007-09-12,6,6,310,12.3
2007-09-12,7,7,90,14.1
2007-09-12,8,4,10,16.8
2007-09-12,9,6,70,17.6
2007-09-12,10,4,350,19.6
2007-09-12,11,13,300,22.3
2007-09-12,12,20,320,22.9
2007-09-12,13,20,330,23.2
2007-09-12,14,11,350,25.1
2007-09-12,15,15,50,24.6
2007-09-12,16,11,330,24.9
2007-09-12,17,7,340,24.1
2007-09-12,18,19,50,21.4
2007-09-12,19,20,50,20.6
2007-09-12,20,20,50,19.7
2007-09-12,21,19,50,18.6
2007-09-12,22,19,50,17.5
2007-09-12,23,0,NA,16.4
2007-09-13,0,6,50,15.5
2007-09-13,1,4,20,14.2
2007-09-13,2,6,30,13.1
2007-09-13,3,7,40,13.3
2007-09-13,4,9,40,13.2
2007-09-13,5,20,60,12.8
2007-09-13,6,20,50,12.6
2007-09-13,7,19,60,13.7
2007-09-13,8,15,70,15.6
2007-09-13,9,6,150,18.2
2007-09-13,10,6,170,19.7
2007-09-13,11,6,220,21.9
2007-09-13,12,4,200,23.3
2007-09-13,13,6,220,24.2
2007-09-13,14,4,270,25.4
2007-09-13,15,4,230,25.5
2007-09-13,16,6,270,26
2007-09-13,17,4,270,25.5
2007-09-13,18,0,NA,20.4
2007-09-13,19,7,60,17.5
2007-09-13,20,7,60,17
2007-09-13,21,6,10,16.9
2007-09-13,22,7,10,16.3
2007-09-13,23,6,360,15.5
2007-09-14,0,0,NA,14
2007-09-14,1,0,NA,13
2007-09-14,2,0,NA,13
2007-09-14,3,0,NA,11.6
2007-09-14,4,7,70,10.6
2007-09-14,5,4,50,11
2007-09-14,6,4,50,10.6
2007-09-14,7,0,NA,11.8
2007-09-14,8,4,250,13.9
2007-09-14,9,4,270,16.5
2007-09-14,10,6,300,18.7
2007-09-14,11,4,350,20.8
2007-09-14,12,7,280,22.3
2007-09-14,13,6,310,24.7
2007-09-14,14,6,310,26.1
2007-09-14,15,6,270,27
2007-09-14,16,7,300,26.6
2007-09-14,17,6,300,24.6
2007-09-14,18,4,290,20.1
2007-09-14,19,4,340,19.7
2007-09-14,20,7,50,17.7
2007-09-14,21,7,10,17.7
2007-09-14,22,0,NA,16.7
2007-09-14,23,6,360,16.5
2007-09-15,0,0,NA,15.3
2007-09-15,1,4,70,14.5
2007-09-15,2,6,60,12.7
2007-09-15,3,4,20,13.1
2007-09-15,4,7,60,10.7
2007-09-15,5,0,NA,10.3
2007-09-15,6,6,60,10.1
2007-09-15,7,0,NA,11.9
2007-09-15,8,0,NA,13
2007-09-15,9,4,250,16.1
2007-09-15,10,4,290,18.6
2007-09-15,11,4,230,20.5
2007-09-15,12,6,290,22.7
2007-09-15,13,6,260,24.2
2007-09-15,14,6,280,25.8
2007-09-15,15,7,310,26.8
2007-09-15,16,6,320,27.4
2007-09-15,17,0,NA,26.4
2007-09-15,18,6,120,22.6
2007-09-15,19,9,90,21
2007-09-15,20,9,90,20.5
2007-09-15,21,11,70,19.1
2007-09-15,22,15,70,18.6
2007-09-15,23,13,80,17.5
2007-09-16,0,11,80,17.3
2007-09-16,1,9,60,15.9
2007-09-16,2,11,70,15.5
2007-09-16,3,7,70,14.1
2007-09-16,4,13,70,13.7
2007-09-16,5,13,80,13.2
2007-09-16,6,13,80,13.4
2007-09-16,7,9,90,13.6
2007-09-16,8,4,230,16
2007-09-16,9,4,270,17.6
2007-09-16,10,11,180,21.8
2007-09-16,11,13,160,23.6
2007-09-16,12,19,150,24.1
2007-09-16,13,15,180,24.7
2007-09-16,14,17,190,23.5
2007-09-16,15,17,170,24.7
2007-09-16,16,17,220,23.7
2007-09-16,17,11,220,22
2007-09-16,18,11,160,19.9
2007-09-16,19,13,170,19.8
2007-09-16,20,9,200,18.3
2007-09-16,21,9,190,18
2007-09-16,22,9,180,17.9
2007-09-16,23,11,180,17.8
2007-09-17,0,11,160,17.2
2007-09-17,1,9,170,16.1
2007-09-17,2,6,170,15.5
2007-09-17,3,9,160,14.6
2007-09-17,4,11,160,13.8
2007-09-17,5,9,140,12.9
2007-09-17,6,0,NA,11.9
2007-09-17,7,7,120,13.2
2007-09-17,8,7,150,14.5
2007-09-17,9,9,150,16.7
2007-09-17,10,9,150,18.9
2007-09-17,11,7,200,19.8
2007-09-17,12,7,240,18.9
2007-09-17,13,20,320,19.3
2007-09-17,14,11,300,18.9
2007-09-17,15,11,320,19
2007-09-17,16,11,310,18.2
2007-09-17,17,15,330,17.1
2007-09-17,18,17,340,16.8
2007-09-17,19,11,340,16
2007-09-17,20,13,340,15.3
2007-09-17,21,0,NA,12.2
2007-09-17,22,7,60,10.7
2007-09-17,23,7,60,10.6
2007-09-18,0,4,360,10.7
2007-09-18,1,4,30,10.9
2007-09-18,2,4,50,10.2
2007-09-18,3,0,NA,9.2
2007-09-18,4,7,60,9
2007-09-18,5,0,NA,8.7
2007-09-18,6,7,70,8.3
2007-09-18,7,9,100,8.9
2007-09-18,8,4,140,10.5
2007-09-18,9,0,NA,10.8
2007-09-18,10,11,290,13.2
2007-09-18,11,22,320,11.5
2007-09-18,12,19,330,10.4
2007-09-18,13,17,300,13.9
2007-09-18,14,4,260,11.2
2007-09-18,15,0,NA,10.6
2007-09-18,16,6,80,10.4
2007-09-18,17,0,NA,10.5
2007-09-18,18,0,NA,9.6
2007-09-18,19,4,80,9.4
2007-09-18,20,0,NA,9
2007-09-18,21,4,20,8.8
2007-09-18,22,4,70,8.7
2007-09-18,23,4,130,8.8
2007-09-19,0,4,60,8.4
2007-09-19,1,6,160,8.5
2007-09-19,2,6,90,8.4
2007-09-19,3,6,340,8.3
2007-09-19,4,0,NA,8.3
2007-09-19,5,6,230,8.2
2007-09-19,6,0,NA,8.2
2007-09-19,7,4,150,8.6
2007-09-19,8,0,NA,9.5
2007-09-19,9,4,290,11
2007-09-19,10,7,300,13.2
2007-09-19,11,11,300,13.6
2007-09-19,12,13,310,14.5
2007-09-19,13,13,300,16.7
2007-09-19,14,17,300,16.1
2007-09-19,15,11,290,16
2007-09-19,16,6,290,17.5
2007-09-19,17,4,310,17.3
2007-09-19,18,6,60,12.4
2007-09-19,19,6,40,11.3
2007-09-19,20,15,70,9.7
2007-09-19,21,15,70,10.1
2007-09-19,22,19,70,9.3
2007-09-19,23,17,70,8.6
2007-09-20,0,13,70,7.9
2007-09-20,1,15,70,6.8
2007-09-20,2,11,70,6.7
2007-09-20,3,7,70,5.9
2007-09-20,4,9,90,5.1
2007-09-20,5,0,NA,5
2007-09-20,6,4,20,4.8
2007-09-20,7,4,110,5.3
2007-09-20,8,0,NA,6.9
2007-09-20,9,7,300,6.7
2007-09-20,10,0,NA,7.8
2007-09-20,11,4,190,8.4
2007-09-20,12,0,NA,8.7
2007-09-20,13,0,NA,8.9
2007-09-20,14,6,320,8.9
2007-09-20,15,4,340,8.3
2007-09-20,16,4,230,11
2007-09-20,17,6,270,9.4
2007-09-20,18,6,310,8.1
2007-09-20,19,6,340,7.3
2007-09-20,20,0,NA,6
2007-09-20,21,6,90,4.7
2007-09-20,22,0,NA,4.6
2007-09-20,23,7,50,5
2007-09-21,0,9,120,4
2007-09-21,1,4,80,4.3
2007-09-21,2,6,70,4
2007-09-21,3,0,NA,3.9
2007-09-21,4,4,110,4.3
2007-09-21,5,6,140,4.7
2007-09-21,6,0,NA,5.1
2007-09-21,7,4,160,4.7
2007-09-21,8,4,270,5.8
2007-09-21,9,4,270,6.8
2007-09-21,10,4,330,8
2007-09-21,11,0,NA,9.8
2007-09-21,12,6,200,12.4
2007-09-21,13,7,60,13.3
2007-09-21,14,9,170,17.3
2007-09-21,15,7,160,16.2
2007-09-21,16,6,160,17.4
2007-09-21,17,6,250,17.3
2007-09-21,18,7,340,13.5
2007-09-21,19,9,70,11.9
2007-09-21,20,6,70,11.5
2007-09-21,21,6,40,11.4
2007-09-21,22,0,NA,11.2
2007-09-21,23,6,80,9.9
2007-09-22,0,4,10,9.5
2007-09-22,1,6,70,9.1
2007-09-22,2,0,NA,9.1
2007-09-22,3,6,60,9
2007-09-22,4,0,NA,8.6
2007-09-22,5,4,220,8.6
2007-09-22,6,7,110,8.6
2007-09-22,7,4,80,9.1
2007-09-22,8,4,270,10.4
2007-09-22,9,0,NA,11.9
2007-09-22,10,9,310,13.7
2007-09-22,11,20,320,13
2007-09-22,12,13,300,13.4
2007-09-22,13,13,300,15.3
2007-09-22,14,13,310,16.6
2007-09-22,15,19,320,15.7
2007-09-22,16,28,330,14.3
2007-09-22,17,22,330,13.8
2007-09-22,18,20,340,12.5
2007-09-22,19,19,340,12.4
2007-09-22,20,20,340,12.1
2007-09-22,21,19,330,11.3
2007-09-22,22,24,340,10.9
2007-09-22,23,26,340,10.8
2007-09-23,0,20,330,10.3
2007-09-23,1,26,340,10
2007-09-23,2,19,340,9.6
2007-09-23,3,17,340,9.2
2007-09-23,4,20,330,9.3
2007-09-23,5,19,350,9.2
2007-09-23,6,19,340,8.9
2007-09-23,7,20,330,8.9
2007-09-23,8,22,340,8.8
2007-09-23,9,15,350,9.1
2007-09-23,10,13,330,10.1
2007-09-23,11,17,330,12.1
2007-09-23,12,15,320,11.7
2007-09-23,13,13,320,12.4
2007-09-23,14,13,300,12.6
2007-09-23,15,6,280,12.7
2007-09-23,16,6,340,11.1
2007-09-23,17,6,100,11.1
2007-09-23,18,4,30,10.7
2007-09-23,19,0,NA,10.8
2007-09-23,20,7,50,9.8
2007-09-23,21,4,270,9.2
2007-09-23,22,0,NA,8.1
2007-09-23,23,9,70,8.7
2007-09-24,0,0,NA,7.1
2007-09-24,1,4,80,6.3
2007-09-24,2,4,60,5.7
2007-09-24,3,0,NA,5.2
2007-09-24,4,0,NA,5.1
2007-09-24,5,0,NA,4.9
2007-09-24,6,0,NA,5
2007-09-24,7,7,50,6.6
2007-09-24,8,4,330,7.4
2007-09-24,9,6,120,9.4
2007-09-24,10,6,220,11.4
2007-09-24,11,4,180,13.4
2007-09-24,12,7,210,15
2007-09-24,13,6,220,15.2
2007-09-24,14,6,280,16.2
2007-09-24,15,4,130,17.9
2007-09-24,16,9,200,18.2
2007-09-24,17,9,190,16
2007-09-24,18,11,160,13.8
2007-09-24,19,7,140,12.5
2007-09-24,20,7,80,10.5
2007-09-24,21,9,60,8.9
2007-09-24,22,7,90,8.4
2007-09-24,23,11,80,8.5
2007-09-25,0,9,70,8.1
2007-09-25,1,9,90,8.4
2007-09-25,2,6,80,7.9
2007-09-25,3,9,80,8
2007-09-25,4,6,110,7.7
2007-09-25,5,7,70,7.8
2007-09-25,6,7,70,7.4
2007-09-25,7,4,120,8.7
2007-09-25,8,0,NA,9.7
2007-09-25,9,4,140,13.4
2007-09-25,10,0,NA,13.2
2007-09-25,11,13,170,14.3
2007-09-25,12,11,150,15.5
2007-09-25,13,17,150,16.5
2007-09-25,14,15,160,17.9
2007-09-25,15,15,160,17.9
2007-09-25,16,19,320,11.9
2007-09-25,17,6,260,12
2007-09-25,18,6,50,10.8
2007-09-25,19,4,40,10.4
2007-09-25,20,6,90,9.9
2007-09-25,21,6,80,8.4
2007-09-25,22,7,70,7.9
2007-09-25,23,7,70,7.2
2007-09-26,0,7,80,7.1
2007-09-26,1,9,70,6.9
2007-09-26,2,9,70,6.4
2007-09-26,3,9,70,6.2
2007-09-26,4,7,70,6
2007-09-26,5,9,70,5.7
2007-09-26,6,7,80,4.6
2007-09-26,7,7,80,6.3
2007-09-26,8,4,260,8.5
2007-09-26,9,4,230,10.6
2007-09-26,10,4,320,13
2007-09-26,11,9,320,14
2007-09-26,12,11,300,15.6
2007-09-26,13,13,310,17.1
2007-09-26,14,13,300,17.2
2007-09-26,15,19,320,16
2007-09-26,16,17,310,17.7
2007-09-26,17,7,260,15.5
2007-09-26,18,9,340,12.9
2007-09-26,19,7,300,11.6
2007-09-26,20,6,40,11.3
2007-09-26,21,6,70,9.2
2007-09-26,22,6,20,9
2007-09-26,23,6,70,8.9
2007-09-27,0,7,70,8.4
2007-09-27,1,6,280,8.9
2007-09-27,2,6,70,8
2007-09-27,3,4,50,7.2
2007-09-27,4,7,80,8.1
2007-09-27,5,7,50,8.6
2007-09-27,6,9,60,8.4
2007-09-27,7,15,80,8.6
2007-09-27,8,7,100,10.3
2007-09-27,9,6,120,12.3
2007-09-27,10,4,160,13.1
2007-09-27,11,4,260,16.3
2007-09-27,12,4,250,18.2
2007-09-27,13,6,310,20
2007-09-27,14,6,270,19.8
2007-09-27,15,6,280,19.2
2007-09-27,16,6,310,18.3
2007-09-27,17,0,NA,14.3
2007-09-27,18,6,290,12.4
2007-09-27,19,6,340,11.6
2007-09-27,20,0,NA,10.8
2007-09-27,21,4,320,10.5
2007-09-27,22,6,190,10.3
2007-09-27,23,7,70,9.9
2007-09-28,0,9,90,9.7
2007-09-28,1,7,140,9.6
2007-09-28,2,11,60,11
2007-09-28,3,6,40,8.8
2007-09-28,4,4,320,9.3
2007-09-28,5,6,170,9.2
2007-09-28,6,0,NA,9.7
2007-09-28,7,4,170,10.7
2007-09-28,8,4,170,13.1
2007-09-28,9,7,150,15.5
2007-09-28,10,17,170,16.7
2007-09-28,11,19,160,17.4
2007-09-28,12,17,160,15.6
2007-09-28,13,15,170,14.8
2007-09-28,14,17,320,12.7
2007-09-28,15,28,320,9.4
2007-09-28,16,15,330,9.6
2007-09-28,17,17,320,9.6
2007-09-28,18,15,330,9.2
2007-09-28,19,6,210,8.2
2007-09-28,20,4,230,7.6
2007-09-28,21,6,220,7.3
2007-09-28,22,0,NA,6.9
2007-09-28,23,0,NA,6.7
2007-09-29,0,4,260,6.7
2007-09-29,1,4,310,6.2
2007-09-29,2,6,310,6.1
2007-09-29,3,0,NA,5.7
2007-09-29,4,0,NA,5.5
2007-09-29,5,0,NA,5.6
2007-09-29,6,4,300,5.3
2007-09-29,7,0,NA,5.3
2007-09-29,8,0,NA,6.7
2007-09-29,9,4,160,9.1
2007-09-29,10,11,160,10.1
2007-09-29,11,6,170,10.6
2007-09-29,12,11,130,11.1
2007-09-29,13,17,200,11
2007-09-29,14,7,320,13.1
2007-09-29,15,11,200,12.1
2007-09-29,16,13,210,11.6
2007-09-29,17,9,200,10.5
2007-09-29,18,11,190,10
2007-09-29,19,9,180,9
2007-09-29,20,11,160,8.6
2007-09-29,21,9,80,6.7
2007-09-29,22,6,70,6.2
2007-09-29,23,4,80,7.2
2007-09-30,0,7,70,4.8
2007-09-30,1,9,80,5.5
2007-09-30,2,4,130,5.1
2007-09-30,3,0,NA,5
2007-09-30,4,7,90,4.7
2007-09-30,5,13,70,5.5
2007-09-30,6,7,80,4.8
2007-09-30,7,6,110,6
2007-09-30,8,6,90,7.9
2007-09-30,9,4,230,9.1
2007-09-30,10,0,NA,9
2007-09-30,11,4,160,10.9
2007-09-30,12,0,NA,10.6
2007-09-30,13,4,60,10
2007-09-30,14,6,280,9
2007-09-30,15,7,310,8.2
2007-09-30,16,4,270,7.5
2007-09-30,17,4,110,7.2
2007-09-30,18,6,150,7.1
2007-09-30,19,0,NA,7
2007-09-30,20,0,NA,7.1
2007-09-30,21,0,NA,7.2
2007-09-30,22,4,100,7.1
2007-09-30,23,4,90,7.1
2008-05-01,0,4,60,2.7
2008-05-01,1,4,140,2.1
2008-05-01,2,6,50,0.8
2008-05-01,3,7,70,0.5
2008-05-01,4,6,30,0.2
2008-05-01,5,4,50,0
2008-05-01,6,4,320,2.1
2008-05-01,7,0,NA,3.4
2008-05-01,8,6,120,5.8
2008-05-01,9,4,210,8.2
2008-05-01,10,6,230,10
2008-05-01,11,6,270,11.2
2008-05-01,12,9,240,12.6
2008-05-01,13,4,240,13.7
2008-05-01,14,7,260,12.1
2008-05-01,15,6,240,13.1
2008-05-01,16,7,230,14.1
2008-05-01,17,6,290,13.7
2008-05-01,18,0,NA,14
2008-05-01,19,4,320,9.9
2008-05-01,20,6,40,7.3
2008-05-01,21,7,70,5.6
2008-05-01,22,7,60,5.8
2008-05-01,23,9,50,5.3
2008-05-02,0,4,40,4.8
2008-05-02,1,4,10,4.2
2008-05-02,2,6,70,3.1
2008-05-02,3,6,50,2
2008-05-02,4,4,360,1.7
2008-05-02,5,0,NA,1.2
2008-05-02,6,4,80,3.8
2008-05-02,7,4,260,3.6
2008-05-02,8,4,260,6.2
2008-05-02,9,0,NA,9.3
2008-05-02,10,4,210,10.7
2008-05-02,11,4,70,13.5
2008-05-02,12,6,230,14.7
2008-05-02,13,4,260,16.6
2008-05-02,14,6,310,17.2
2008-05-02,15,4,140,18.3
2008-05-02,16,6,260,18.2
2008-05-02,17,7,210,18.1
2008-05-02,18,6,200,17.4
2008-05-02,19,4,50,13.9
2008-05-02,20,11,60,11
2008-05-02,21,19,70,10.2
2008-05-02,22,13,50,9.4
2008-05-02,23,6,50,9.1
2008-05-03,0,4,360,8.4
2008-05-03,1,7,60,6.3
2008-05-03,2,6,60,5.7
2008-05-03,3,7,60,5.7
2008-05-03,4,0,NA,4.8
2008-05-03,5,4,50,5.2
2008-05-03,6,0,NA,5.2
2008-05-03,7,4,220,7.3
2008-05-03,8,4,240,8.9
2008-05-03,9,4,250,11.1
2008-05-03,10,4,150,11.9
2008-05-03,11,4,220,14
2008-05-03,12,4,250,15.8
2008-05-03,13,9,320,17.4
2008-05-03,14,9,310,18.4
2008-05-03,15,15,290,18.4
2008-05-03,16,17,330,17.9
2008-05-03,17,17,330,16.8
2008-05-03,18,13,340,17.1
2008-05-03,19,9,310,14.6
2008-05-03,20,4,50,12.6
2008-05-03,21,6,360,12
2008-05-03,22,6,10,10.5
2008-05-03,23,4,10,10.8
2008-05-04,0,6,20,9.1
2008-05-04,1,6,60,8.1
2008-05-04,2,6,70,7.3
2008-05-04,3,7,60,6.4
2008-05-04,4,0,NA,5.8
2008-05-04,5,0,NA,5.6
2008-05-04,6,0,NA,7.1
2008-05-04,7,4,240,7.9
2008-05-04,8,15,320,9.9
2008-05-04,9,9,280,11.8
2008-05-04,10,6,290,13.6
2008-05-04,11,6,280,15.7
2008-05-04,12,9,320,17.3
2008-05-04,13,7,290,18.9
2008-05-04,14,7,310,20.3
2008-05-04,15,7,280,21.4
2008-05-04,16,6,270,21.6
2008-05-04,17,7,310,21.2
2008-05-04,18,0,NA,21
2008-05-04,19,4,270,17.2
2008-05-04,20,7,50,13.4
2008-05-04,21,11,60,13.3
2008-05-04,22,6,50,12.8
2008-05-04,23,6,50,11.6
2008-05-05,0,7,60,10.6
2008-05-05,1,9,60,9.6
2008-05-05,2,6,70,8.9
2008-05-05,3,9,60,8.4
2008-05-05,4,11,80,8
2008-05-05,5,7,70,8.1
2008-05-05,6,4,40,8.4
2008-05-05,7,9,90,10.1
2008-05-05,8,6,120,11.5
2008-05-05,9,6,240,12
2008-05-05,10,4,200,13.5
2008-05-05,11,4,250,14.4
2008-05-05,12,4,120,16.5
2008-05-05,13,6,190,18.5
2008-05-05,14,9,200,19.2
2008-05-05,15,13,190,19.4
2008-05-05,16,13,260,18.6
2008-05-05,17,17,240,18.3
2008-05-05,18,22,320,15.2
2008-05-05,19,28,330,13.5
2008-05-05,20,20,320,12.7
2008-05-05,21,9,340,11.8
2008-05-05,22,17,330,10.9
2008-05-05,23,9,300,9.1
2008-05-06,0,7,320,8.3
2008-05-06,1,4,330,8.3
2008-05-06,2,6,20,8
2008-05-06,3,0,NA,6.9
2008-05-06,4,4,20,6.2
2008-05-06,5,6,340,5.9
2008-05-06,6,4,300,6.8
2008-05-06,7,7,340,8.7
2008-05-06,8,13,320,9.8
2008-05-06,9,11,300,11.8
2008-05-06,10,11,320,13.3
2008-05-06,11,9,270,15
2008-05-06,12,7,290,17.3
2008-05-06,13,4,240,19.4
2008-05-06,14,6,270,19.8
2008-05-06,15,9,220,19.8
2008-05-06,16,9,210,19.5
2008-05-06,17,13,180,17.3
2008-05-06,18,7,210,15.6
2008-05-06,19,7,200,13.9
2008-05-06,20,4,130,13
2008-05-06,21,4,310,11.3
2008-05-06,22,7,70,11
2008-05-06,23,4,360,9.9
2008-05-07,0,4,40,9.8
2008-05-07,1,4,70,10
2008-05-07,2,0,NA,9.4
2008-05-07,3,6,80,8.4
2008-05-07,4,7,60,8.1
2008-05-07,5,0,NA,7.9
2008-05-07,6,11,100,7.4
2008-05-07,7,4,150,9.7
2008-05-07,8,0,NA,11.4
2008-05-07,9,6,150,13.7
2008-05-07,10,13,160,15.4
2008-05-07,11,13,160,16.7
2008-05-07,12,15,180,15.5
2008-05-07,13,22,190,13.5
2008-05-07,14,13,140,13.8
2008-05-07,15,19,190,12.5
2008-05-07,16,7,210,10.6
2008-05-07,17,11,140,9.4
2008-05-07,18,7,190,8.8
2008-05-07,19,7,70,8.2
2008-05-07,20,6,300,7.5
2008-05-07,21,4,230,7.1
2008-05-07,22,7,80,6.9
2008-05-07,23,6,310,6.3
2008-05-08,0,6,60,5.6
2008-05-08,1,4,20,5.3
2008-05-08,2,4,70,4.9
2008-05-08,3,0,NA,3.9
2008-05-08,4,4,210,3.7
2008-05-08,5,4,230,2.4
2008-05-08,6,0,NA,3.1
2008-05-08,7,4,130,6.2
2008-05-08,8,4,190,9.3
2008-05-08,9,7,180,10.5
2008-05-08,10,7,210,11.5
2008-05-08,11,9,200,13.2
2008-05-08,12,19,280,13.6
2008-05-08,13,19,190,10.8
2008-05-08,14,11,100,11.4
2008-05-08,15,9,90,13.2
2008-05-08,16,15,160,10.7
2008-05-08,17,0,NA,10.7
2008-05-08,18,17,170,8.4
2008-05-08,19,11,160,7.1
2008-05-08,20,9,130,6
2008-05-08,21,6,200,5.6
2008-05-08,22,0,NA,4.5
2008-05-08,23,0,NA,3.7
2008-05-09,0,0,NA,3.1
2008-05-09,1,4,320,2.9
2008-05-09,2,6,280,2.6
2008-05-09,3,0,NA,2.1
2008-05-09,4,0,NA,2
2008-05-09,5,0,NA,2
2008-05-09,6,0,NA,2.9
2008-05-09,7,0,NA,4.5
2008-05-09,8,4,230,7.1
2008-05-09,9,7,290,8.9
2008-05-09,10,6,170,9.2
2008-05-09,11,6,140,10.8
2008-05-09,12,6,290,12.6
2008-05-09,13,7,90,15.3
2008-05-09,14,7,320,13.9
2008-05-09,15,4,40,16.1
2008-05-09,16,6,200,17
2008-05-09,17,9,60,14.5
2008-05-09,18,9,170,14.9
2008-05-09,19,6,110,11.5
2008-05-09,20,4,30,10.5
2008-05-09,21,13,70,9.4
2008-05-09,22,7,60,8.2
2008-05-09,23,15,70,7.3
2008-05-10,0,19,70,6.8
2008-05-10,1,15,80,6.6
2008-05-10,2,4,30,4.9
2008-05-10,3,9,80,5.2
2008-05-10,4,11,80,5.3
2008-05-10,5,7,70,4.8
2008-05-10,6,11,90,5.5
2008-05-10,7,6,140,6.3
2008-05-10,8,4,260,6.6
2008-05-10,9,4,250,8.8
2008-05-10,10,4,260,10.3
2008-05-10,11,6,190,13.1
2008-05-10,12,11,140,16.3
2008-05-10,13,11,150,16.2
2008-05-10,14,17,250,15.7
2008-05-10,15,13,230,14.2
2008-05-10,16,9,250,13.2
2008-05-10,17,11,150,12
2008-05-10,18,11,60,10.4
2008-05-10,19,11,70,9.6
2008-05-10,20,13,50,10.2
2008-05-10,21,7,50,9.8
2008-05-10,22,13,60,9.6
2008-05-10,23,7,40,8.5
2008-05-11,0,0,NA,8.1
2008-05-11,1,11,90,7.3
2008-05-11,2,4,30,6.7
2008-05-11,3,4,140,6.5
2008-05-11,4,4,80,6.3
2008-05-11,5,0,NA,6.1
2008-05-11,6,4,70,6.5
2008-05-11,7,0,NA,7.4
2008-05-11,8,4,300,7.6
2008-05-11,9,17,170,8.3
2008-05-11,10,20,170,8.8
2008-05-11,11,20,160,11.1
2008-05-11,12,20,160,12.3
2008-05-11,13,13,190,13
2008-05-11,14,19,200,13.2
2008-05-11,15,22,190,11.5
2008-05-11,16,22,190,11
2008-05-11,17,13,190,11
2008-05-11,18,7,200,11
2008-05-11,19,7,210,9.8
2008-05-11,20,7,160,9.1
2008-05-11,21,9,170,8.6
2008-05-11,22,6,210,8.3
2008-05-11,23,4,270,7.2
2008-05-12,0,0,NA,6.5
2008-05-12,1,4,70,6.4
2008-05-12,2,7,80,6
2008-05-12,3,4,110,5.9
2008-05-12,4,0,NA,5.6
2008-05-12,5,4,160,5.5
2008-05-12,6,4,190,6.4
2008-05-12,7,4,260,6.7
2008-05-12,8,4,150,8.6
2008-05-12,9,0,NA,8.6
2008-05-12,10,4,220,10.7
2008-05-12,11,0,NA,11.8
2008-05-12,12,11,280,13.1
2008-05-12,13,7,250,13.8
2008-05-12,14,6,260,11.9
2008-05-12,15,7,180,11.8
2008-05-12,16,9,180,12.1
2008-05-12,17,9,120,12
2008-05-12,18,13,160,11.6
2008-05-12,19,9,170,10.9
2008-05-12,20,7,140,9.8
2008-05-12,21,4,160,9.8
2008-05-12,22,0,NA,9.5
2008-05-12,23,4,100,8.3
2008-05-13,0,6,140,8.6
2008-05-13,1,4,60,7.6
2008-05-13,2,6,190,7.2
2008-05-13,3,7,150,7.5
2008-05-13,4,4,240,7.1
2008-05-13,5,4,170,7.4
2008-05-13,6,4,220,7.5
2008-05-13,7,4,310,8.3
2008-05-13,8,4,330,9.2
2008-05-13,9,7,180,10.1
2008-05-13,10,9,160,10.8
2008-05-13,11,6,150,12.4
2008-05-13,12,6,150,12.8
2008-05-13,13,7,190,13.5
2008-05-13,14,13,230,12.6
2008-05-13,15,6,250,12
2008-05-13,16,9,110,10.8
2008-05-13,17,9,70,9.4
2008-05-13,18,6,90,10.7
2008-05-13,19,13,170,10.4
2008-05-13,20,9,170,9.6
2008-05-13,21,15,170,9.1
2008-05-13,22,11,170,8.8
2008-05-13,23,6,150,8.8
2008-05-14,0,7,160,8.6
2008-05-14,1,0,NA,8.2
2008-05-14,2,0,NA,7.7
2008-05-14,3,4,80,7.1
2008-05-14,4,6,60,6.8
2008-05-14,5,6,60,7
2008-05-14,6,0,NA,8
2008-05-14,7,6,310,9.2
2008-05-14,8,4,300,10.8
2008-05-14,9,4,230,13
2008-05-14,10,0,NA,14.2
2008-05-14,11,6,220,15.5
2008-05-14,12,9,280,17.3
2008-05-14,13,9,290,17.9
2008-05-14,14,17,320,17.9
2008-05-14,15,11,340,16.8
2008-05-14,16,7,340,15.9
2008-05-14,17,6,300,15.9
2008-05-14,18,9,330,15.6
2008-05-14,19,9,330,14.7
2008-05-14,20,9,310,13.7
2008-05-14,21,4,230,12.3
2008-05-14,22,6,160,11.4
2008-05-14,23,4,340,10.5
2008-05-15,0,7,60,9.5
2008-05-15,1,7,70,9.1
2008-05-15,2,4,70,8.5
2008-05-15,3,4,70,7.6
2008-05-15,4,6,50,7.5
2008-05-15,5,0,NA,7.2
2008-05-15,6,0,NA,8.8
2008-05-15,7,7,300,10.9
2008-05-15,8,13,310,12.7
2008-05-15,9,15,290,14.1
2008-05-15,10,13,310,16.3
2008-05-15,11,11,300,17.5
2008-05-15,12,9,300,19.5
2008-05-15,13,4,250,21.7
2008-05-15,14,4,210,23.4
2008-05-15,15,6,330,24.7
2008-05-15,16,6,310,25.1
2008-05-15,17,6,290,25.3
2008-05-15,18,6,270,24.6
2008-05-15,19,7,350,20.7
2008-05-15,20,6,20,17.9
2008-05-15,21,4,360,16.2
2008-05-15,22,6,10,15.6
2008-05-15,23,6,350,13.9
2008-05-16,0,0,NA,12.2
2008-05-16,1,6,70,11.3
2008-05-16,2,0,NA,11
2008-05-16,3,0,NA,10.3
2008-05-16,4,6,60,8.9
2008-05-16,5,0,NA,8.9
2008-05-16,6,0,NA,10.9
2008-05-16,7,4,240,12.1
2008-05-16,8,4,310,14.4
2008-05-16,9,9,300,16.3
2008-05-16,10,11,290,17.7
2008-05-16,11,7,290,19.9
2008-05-16,12,7,290,21.4
2008-05-16,13,7,260,23.2
2008-05-16,14,4,300,25.5
2008-05-16,15,6,300,26.6
2008-05-16,16,6,300,27.2
2008-05-16,17,9,280,26.8
2008-05-16,18,6,300,26.6
2008-05-16,19,7,330,20.9
2008-05-16,20,6,50,18.4
2008-05-16,21,7,360,19
2008-05-16,22,4,10,16.2
2008-05-16,23,4,330,15.5
2008-05-17,0,4,330,14.7
2008-05-17,1,6,360,13.6
2008-05-17,2,6,80,11.8
2008-05-17,3,0,NA,11.4
2008-05-17,4,4,70,10.9
2008-05-17,5,0,NA,9.9
2008-05-17,6,0,NA,13.1
2008-05-17,7,0,NA,13.7
2008-05-17,8,4,240,16
2008-05-17,9,0,NA,18.6
2008-05-17,10,0,NA,20.7
2008-05-17,11,4,210,22.1
2008-05-17,12,6,230,24.4
2008-05-17,13,6,240,25.8
2008-05-17,14,6,250,27.6
2008-05-17,15,4,280,29.3
2008-05-17,16,0,NA,31
2008-05-17,17,4,310,30.2
2008-05-17,18,6,310,25.5
2008-05-17,19,4,340,24.2
2008-05-17,20,7,100,20.9
2008-05-17,21,6,40,19.8
2008-05-17,22,4,30,19
2008-05-17,23,4,60,17.9
2008-05-18,0,0,NA,16.6
2008-05-18,1,6,50,16.4
2008-05-18,2,6,40,15.4
2008-05-18,3,6,60,13.9
2008-05-18,4,6,50,13.1
2008-05-18,5,4,360,13.5
2008-05-18,6,0,NA,14.7
2008-05-18,7,4,250,15.1
2008-05-18,8,0,NA,17.1
2008-05-18,9,0,NA,19.5
2008-05-18,10,6,270,21.2
2008-05-18,11,4,50,23.7
2008-05-18,12,0,NA,26.1
2008-05-18,13,6,240,29.1
2008-05-18,14,15,270,29.1
2008-05-18,15,9,320,28.8
2008-05-18,16,9,270,28.8
2008-05-18,17,15,270,28.7
2008-05-18,18,17,270,27.6
2008-05-18,19,11,320,23.7
2008-05-18,20,6,360,20.6
2008-05-18,21,9,330,19.1
2008-05-18,22,11,340,19.1
2008-05-18,23,11,350,17.7
2008-05-19,0,19,320,16.2
2008-05-19,1,6,40,14.6
2008-05-19,2,7,320,13.3
2008-05-19,3,4,260,13.3
2008-05-19,4,0,NA,12.4
2008-05-19,5,6,300,12.1
2008-05-19,6,0,NA,12.8
2008-05-19,7,0,NA,13.5
2008-05-19,8,0,NA,14.2
2008-05-19,9,4,200,17.9
2008-05-19,10,0,NA,19.1
2008-05-19,11,6,360,21.4
2008-05-19,12,6,180,23.8
2008-05-19,13,6,190,24.5
2008-05-19,14,9,200,24.2
2008-05-19,15,6,280,24.4
2008-05-19,16,6,310,24.6
2008-05-19,17,4,350,22.9
2008-05-19,18,4,280,18.9
2008-05-19,19,11,330,18.9
2008-05-19,20,19,320,18.4
2008-05-19,21,17,320,17.2
2008-05-19,22,19,330,16
2008-05-19,23,15,320,15
2008-05-20,0,9,310,14.1
2008-05-20,1,6,340,13.2
2008-05-20,2,9,310,12.6
2008-05-20,3,6,130,11.6
2008-05-20,4,0,NA,11.3
2008-05-20,5,4,40,11.9
2008-05-20,6,4,290,13.4
2008-05-20,7,4,290,14
2008-05-20,8,4,270,16
2008-05-20,9,7,140,15.1
2008-05-20,10,7,80,13.9
2008-05-20,11,4,250,13.4
2008-05-20,12,4,190,13.3
2008-05-20,13,6,190,13
2008-05-20,14,6,230,13.7
2008-05-20,15,0,NA,13.7
2008-05-20,16,9,110,13.2
2008-05-20,17,4,90,12.6
2008-05-20,18,19,160,12.1
2008-05-20,19,NA,NA,NA
2008-05-20,20,17,160,10.9
2008-05-20,21,15,170,10.7
2008-05-20,22,7,150,10.4
2008-05-20,23,4,350,10.2
2008-05-21,0,6,200,10.2
2008-05-21,1,6,210,9.3
2008-05-21,2,7,150,8
2008-05-21,3,6,140,8.2
2008-05-21,4,9,140,8.3
2008-05-21,5,4,210,7.9
2008-05-21,6,6,140,8.7
2008-05-21,7,7,160,8.8
2008-05-21,8,11,140,9.3
2008-05-21,9,15,150,10.2
2008-05-21,10,13,150,10.4
2008-05-21,11,11,150,11.6
2008-05-21,12,13,140,13.3
2008-05-21,13,7,190,14
2008-05-21,14,11,160,14.1
2008-05-21,15,7,200,14.3
2008-05-21,16,9,250,13
2008-05-21,17,6,210,13.1
2008-05-21,18,4,190,14.3
2008-05-21,19,4,110,11.1
2008-05-21,20,0,NA,10.7
2008-05-21,21,0,NA,10.1
2008-05-21,22,4,290,9.1
2008-05-21,23,4,250,9
2008-05-22,0,4,300,8.1
2008-05-22,1,4,30,8
2008-05-22,2,4,210,7.5
2008-05-22,3,6,330,7.8
2008-05-22,4,4,20,7.7
2008-05-22,5,0,NA,7
2008-05-22,6,0,NA,8.1
2008-05-22,7,0,NA,9.4
2008-05-22,8,9,310,12
2008-05-22,9,13,300,13.5
2008-05-22,10,11,310,15.5
2008-05-22,11,9,290,16.2
2008-05-22,12,4,310,15.9
2008-05-22,13,0,NA,15.5
2008-05-22,14,4,280,15.4
2008-05-22,15,0,NA,15.5
2008-05-22,16,4,270,15.5
2008-05-22,17,4,70,14.8
2008-05-22,18,4,250,13.5
2008-05-22,19,4,40,12.8
2008-05-22,20,6,20,13.5
2008-05-22,21,11,40,12.8
2008-05-22,22,4,330,12.9
2008-05-22,23,7,30,13.9
2008-05-23,0,6,350,13.1
2008-05-23,1,4,10,12.1
2008-05-23,2,4,10,11.2
2008-05-23,3,11,320,11.3
2008-05-23,4,4,40,11.9
2008-05-23,5,7,10,14.4
2008-05-23,6,6,290,11.7
2008-05-23,7,6,310,14.8
2008-05-23,8,17,50,19
2008-05-23,9,28,70,19
2008-05-23,10,28,70,19
2008-05-23,11,30,60,19.4
2008-05-23,12,30,50,19.2
2008-05-23,13,26,60,19.2
2008-05-23,14,19,70,19.4
2008-05-23,15,22,60,19
2008-05-23,16,15,90,18.8
2008-05-23,17,13,80,17.8
2008-05-23,18,20,70,17.2
2008-05-23,19,19,70,16.8
2008-05-23,20,17,90,16.2
2008-05-23,21,11,70,16
2008-05-23,22,6,260,14.7
2008-05-23,23,0,NA,14.4
2008-05-24,0,4,80,12.6
2008-05-24,1,17,70,11.9
2008-05-24,2,7,40,11.5
2008-05-24,3,4,350,10.7
2008-05-24,4,0,NA,10.2
2008-05-24,5,6,190,9.6
2008-05-24,6,0,NA,11.4
2008-05-24,7,6,290,12.7
2008-05-24,8,4,200,12.4
2008-05-24,9,0,NA,13
2008-05-24,10,4,330,14.4
2008-05-24,11,4,280,14
2008-05-24,12,4,250,14.7
2008-05-24,13,0,NA,14.7
2008-05-24,14,6,290,15.2
2008-05-24,15,0,NA,14.3
2008-05-24,16,0,NA,14.2
2008-05-24,17,0,NA,14.1
2008-05-24,18,4,210,13.5
2008-05-24,19,4,40,13.1
2008-05-24,20,4,60,12
2008-05-24,21,6,270,11.9
2008-05-24,22,7,360,12
2008-05-24,23,4,320,11.2
2008-05-25,0,4,20,10.8
2008-05-25,1,6,10,10.4
2008-05-25,2,6,360,10.6
2008-05-25,3,4,300,10
2008-05-25,4,4,310,10
2008-05-25,5,0,NA,10.4
2008-05-25,6,4,110,10.1
2008-05-25,7,6,290,11.4
2008-05-25,8,4,80,13.8
2008-05-25,9,6,240,16
2008-05-25,10,7,320,18.6
2008-05-25,11,7,290,18.8
2008-05-25,12,4,280,17.7
2008-05-25,13,4,300,18.1
2008-05-25,14,15,300,20.3
2008-05-25,15,7,30,19.2
2008-05-25,16,9,20,17.9
2008-05-25,17,9,50,18.7
2008-05-25,18,15,40,17.6
2008-05-25,19,20,50,16.6
2008-05-25,20,15,60,15.9
2008-05-25,21,17,50,15.3
2008-05-25,22,22,60,15.5
2008-05-25,23,11,70,14
2008-05-26,0,11,60,14.4
2008-05-26,1,4,300,13.1
2008-05-26,2,4,60,12.3
2008-05-26,3,6,70,10.9
2008-05-26,4,4,30,10.3
2008-05-26,5,4,170,10.4
2008-05-26,6,4,300,11
2008-05-26,7,7,290,12.8
2008-05-26,8,9,300,14.9
2008-05-26,9,9,290,15.8
2008-05-26,10,6,280,18
2008-05-26,11,13,70,19.5
2008-05-26,12,15,60,19.8
2008-05-26,13,17,70,20.8
2008-05-26,14,26,100,20.3
2008-05-26,15,28,70,21.3
2008-05-26,16,26,60,20.9
2008-05-26,17,24,70,21
2008-05-26,18,28,60,18.9
2008-05-26,19,35,60,18
2008-05-26,20,20,60,16.7
2008-05-26,21,9,80,15.7
2008-05-26,22,7,50,14.9
2008-05-26,23,9,250,14.9
2008-05-27,0,0,NA,14.3
2008-05-27,1,4,300,12.7
2008-05-27,2,7,110,12.9
2008-05-27,3,7,160,12.4
2008-05-27,4,13,60,12.2
2008-05-27,5,15,50,12.4
2008-05-27,6,9,50,13
2008-05-27,7,7,90,13.5
2008-05-27,8,6,250,14.8
2008-05-27,9,6,230,16.2
2008-05-27,10,6,170,17.1
2008-05-27,11,6,80,18.5
2008-05-27,12,6,90,19
2008-05-27,13,7,40,19
2008-05-27,14,6,50,19.2
2008-05-27,15,9,90,19
2008-05-27,16,7,50,19.2
2008-05-27,17,11,60,18.8
2008-05-27,18,13,60,17.9
2008-05-27,19,11,60,17.1
2008-05-27,20,15,60,16.9
2008-05-27,21,9,60,16.3
2008-05-27,22,19,50,15.9
2008-05-27,23,13,60,15.3
2008-05-28,0,4,240,13.7
2008-05-28,1,0,NA,12.8
2008-05-28,2,6,30,11.6
2008-05-28,3,4,10,11
2008-05-28,4,6,360,9.6
2008-05-28,5,0,NA,9
2008-05-28,6,4,200,10.4
2008-05-28,7,0,NA,13.1
2008-05-28,8,7,290,14.6
2008-05-28,9,6,310,17.2
2008-05-28,10,6,280,18.5
2008-05-28,11,6,310,20.7
2008-05-28,12,4,230,22.1
2008-05-28,13,6,230,23
2008-05-28,14,7,320,24.3
2008-05-28,15,7,280,24.7
2008-05-28,16,11,310,25.2
2008-05-28,17,9,290,24.5
2008-05-28,18,6,330,24.3
2008-05-28,19,6,280,21.8
2008-05-28,20,6,40,17.1
2008-05-28,21,11,80,14.4
2008-05-28,22,11,70,14
2008-05-28,23,11,60,14.5
2008-05-29,0,13,80,12.9
2008-05-29,1,7,70,12
2008-05-29,2,7,70,11.8
2008-05-29,3,11,70,11.8
2008-05-29,4,6,70,11.7
2008-05-29,5,0,NA,12.7
2008-05-29,6,4,50,13.8
2008-05-29,7,0,NA,14.3
2008-05-29,8,0,NA,15.7
2008-05-29,9,9,280,16.7
2008-05-29,10,4,320,18
2008-05-29,11,0,NA,18.5
2008-05-29,12,7,180,20.7
2008-05-29,13,4,170,22.7
2008-05-29,14,19,310,18.8
2008-05-29,15,11,70,13.3
2008-05-29,16,6,60,16.4
2008-05-29,17,7,70,17.9
2008-05-29,18,13,160,17.9
2008-05-29,19,7,100,16.8
2008-05-29,20,0,NA,14.8
2008-05-29,21,11,110,14.1
2008-05-29,22,6,130,14.1
2008-05-29,23,7,90,12.7
2008-05-30,0,0,NA,13.1
2008-05-30,1,0,NA,12.9
2008-05-30,2,6,290,12.4
2008-05-30,3,6,100,12.1
2008-05-30,4,15,70,11.6
2008-05-30,5,6,60,11.6
2008-05-30,6,7,70,13.6
2008-05-30,7,6,70,14.8
2008-05-30,8,6,110,16.6
2008-05-30,9,7,110,18.6
2008-05-30,10,6,150,20.1
2008-05-30,11,6,130,21.2
2008-05-30,12,4,290,20.3
2008-05-30,13,6,50,17
2008-05-30,14,7,100,21.8
2008-05-30,15,7,170,23
2008-05-30,16,9,200,24.1
2008-05-30,17,11,300,23
2008-05-30,18,6,290,22.4
2008-05-30,19,9,310,19.8
2008-05-30,20,4,110,15.5
2008-05-30,21,6,80,13.7
2008-05-30,22,11,70,13.5
2008-05-30,23,13,70,13.7
2008-05-31,0,7,50,13.2
2008-05-31,1,7,50,12.9
2008-05-31,2,6,40,11.6
2008-05-31,3,7,60,11.1
2008-05-31,4,7,60,10.6
2008-05-31,5,11,60,10.7
2008-05-31,6,7,60,13.1
2008-05-31,7,6,80,14.8
2008-05-31,8,4,130,16.1
2008-05-31,9,4,250,17.6
2008-05-31,10,0,NA,19.7
2008-05-31,11,6,200,21.4
2008-05-31,12,6,240,22.9
2008-05-31,13,4,210,24.6
2008-05-31,14,7,260,24.7
2008-05-31,15,0,NA,25.7
2008-05-31,16,6,250,25.3
2008-05-31,17,6,280,25.5
2008-05-31,18,4,270,23.3
2008-05-31,19,6,340,21.3
2008-05-31,20,9,60,17.6
2008-05-31,21,7,60,16.4
2008-05-31,22,6,30,16.5
2008-05-31,23,6,340,15.8
2008-06-01,0,6,50,14.1
2008-06-01,1,6,350,13.7
2008-06-01,2,0,NA,13.1
2008-06-01,3,11,60,12.4
2008-06-01,4,6,40,11.5
2008-06-01,5,9,70,12.5
2008-06-01,6,4,90,13
2008-06-01,7,7,70,14.4
2008-06-01,8,4,300,15.3
2008-06-01,9,4,160,15.6
2008-06-01,10,7,150,13.6
2008-06-01,11,4,250,14.3
2008-06-01,12,4,230,15
2008-06-01,13,4,250,15.9
2008-06-01,14,6,270,16.3
2008-06-01,15,4,180,16.5
2008-06-01,16,4,260,16.4
2008-06-01,17,4,260,16.1
2008-06-01,18,6,290,16
2008-06-01,19,4,320,15.1
2008-06-01,20,4,250,14.2
2008-06-01,21,0,NA,12.9
2008-06-01,22,0,NA,12.6
2008-06-01,23,6,140,12.5
2008-06-02,0,4,210,12
2008-06-02,1,4,290,11.6
2008-06-02,2,4,330,11.1
2008-06-02,3,4,140,10.6
2008-06-02,4,4,120,10.5
2008-06-02,5,4,180,10.4
2008-06-02,6,7,210,11.2
2008-06-02,7,7,150,12.6
2008-06-02,8,11,170,13.1
2008-06-02,9,13,160,13.1
2008-06-02,10,11,160,13.5
2008-06-02,11,13,170,13.9
2008-06-02,12,9,170,14.3
2008-06-02,13,9,150,17
2008-06-02,14,13,170,15.3
2008-06-02,15,11,200,18.2
2008-06-02,16,7,270,15.3
2008-06-02,17,6,320,14.8
2008-06-02,18,4,90,13.6
2008-06-02,19,4,70,12.8
2008-06-02,20,4,130,11.6
2008-06-02,21,7,160,11.6
2008-06-02,22,4,150,11.6
2008-06-02,23,6,120,11
2008-06-03,0,4,250,10.3
2008-06-03,1,6,100,10
2008-06-03,2,0,NA,9.5
2008-06-03,3,0,NA,9.5
2008-06-03,4,4,310,8.5
2008-06-03,5,0,NA,8
2008-06-03,6,0,NA,10
2008-06-03,7,6,290,11.5
2008-06-03,8,4,320,13.8
2008-06-03,9,4,130,15.8
2008-06-03,10,6,150,17.1
2008-06-03,11,6,250,17.3
2008-06-03,12,7,170,20.2
2008-06-03,13,7,250,19.4
2008-06-03,14,9,230,21.6
2008-06-03,15,7,240,21.7
2008-06-03,16,7,230,21.6
2008-06-03,17,6,200,20.9
2008-06-03,18,11,170,18.5
2008-06-03,19,15,170,16.4
2008-06-03,20,15,160,14.7
2008-06-03,21,15,160,13.5
2008-06-03,22,7,150,12.5
2008-06-03,23,6,150,11.5
2008-06-04,0,0,NA,11.1
2008-06-04,1,4,220,10.7
2008-06-04,2,7,200,10.9
2008-06-04,3,4,180,10.4
2008-06-04,4,4,310,10.2
2008-06-04,5,4,300,10.5
2008-06-04,6,6,280,10.9
2008-06-04,7,6,260,11.7
2008-06-04,8,6,200,11.7
2008-06-04,9,7,210,11.1
2008-06-04,10,6,210,11.2
2008-06-04,11,6,260,12.6
2008-06-04,12,4,230,13.4
2008-06-04,13,4,180,14.9
2008-06-04,14,6,120,16.8
2008-06-04,15,7,190,18.3
2008-06-04,16,9,170,18.4
2008-06-04,17,13,170,17.3
2008-06-04,18,11,150,17
2008-06-04,19,13,150,14.5
2008-06-04,20,11,170,13.2
2008-06-04,21,9,180,12.9
2008-06-04,22,6,210,12.8
2008-06-04,23,0,NA,12.2
2008-06-05,0,4,230,11.6
2008-06-05,1,4,180,11.4
2008-06-05,2,0,NA,11
2008-06-05,3,0,NA,10.4
2008-06-05,4,4,200,9.9
2008-06-05,5,6,210,9.7
2008-06-05,6,4,90,11
2008-06-05,7,0,NA,12.3
2008-06-05,8,11,170,13.8
2008-06-05,9,11,180,13.6
2008-06-05,10,7,180,14.4
2008-06-05,11,6,190,14.4
2008-06-05,12,6,130,15.4
2008-06-05,13,6,130,15
2008-06-05,14,6,170,15.2
2008-06-05,15,11,160,15
2008-06-05,16,9,160,14.7
2008-06-05,17,6,190,14.1
2008-06-05,18,6,110,12.3
2008-06-05,19,0,NA,12
2008-06-05,20,7,140,10.2
2008-06-05,21,6,90,9.6
2008-06-05,22,9,160,9.2
2008-06-05,23,15,150,8.6
2008-06-06,0,9,160,8.3
2008-06-06,1,0,NA,8.2
2008-06-06,2,4,290,7.9
2008-06-06,3,6,250,7.5
2008-06-06,4,6,200,7.3
2008-06-06,5,9,100,7.5
2008-06-06,6,4,190,8.2
2008-06-06,7,7,120,10.2
2008-06-06,8,9,160,12.5
2008-06-06,9,13,160,13
2008-06-06,10,9,170,13.6
2008-06-06,11,17,170,13.2
2008-06-06,12,19,190,12.6
2008-06-06,13,15,190,11.9
2008-06-06,14,17,180,13.3
2008-06-06,15,19,180,13.1
2008-06-06,16,19,160,11
2008-06-06,17,13,150,11.7
2008-06-06,18,19,160,10.8
2008-06-06,19,17,170,10
2008-06-06,20,13,170,9.6
2008-06-06,21,9,150,9.1
2008-06-06,22,7,150,8.3
2008-06-06,23,4,190,8.5
2008-06-07,0,0,NA,8.1
2008-06-07,1,7,150,8.4
2008-06-07,2,0,NA,8.4
2008-06-07,3,9,170,8.5
2008-06-07,4,6,170,8.4
2008-06-07,5,9,170,8.7
2008-06-07,6,11,160,9.1
2008-06-07,7,11,170,9.9
2008-06-07,8,11,160,9.9
2008-06-07,9,11,160,10.6
2008-06-07,10,9,150,10.9
2008-06-07,11,7,140,10.3
2008-06-07,12,11,160,11.5
2008-06-07,13,9,150,13.6
2008-06-07,14,6,150,13.1
2008-06-07,15,6,180,13
2008-06-07,16,4,250,13.9
2008-06-07,17,6,310,13.2
2008-06-07,18,7,290,12.5
2008-06-07,19,4,280,11.9
2008-06-07,20,0,NA,11
2008-06-07,21,4,190,10.5
2008-06-07,22,0,NA,9.8
2008-06-07,23,0,NA,8.9
2008-06-08,0,0,NA,8.6
2008-06-08,1,4,20,7.4
2008-06-08,2,4,320,7.3
2008-06-08,3,0,NA,7.3
2008-06-08,4,7,60,6
2008-06-08,5,0,NA,7.9
2008-06-08,6,0,NA,8.7
2008-06-08,7,4,280,10.5
2008-06-08,8,4,220,11.1
2008-06-08,9,7,240,14.2
2008-06-08,10,9,210,14.6
2008-06-08,11,11,160,17.8
2008-06-08,12,15,160,16.3
2008-06-08,13,13,190,18.1
2008-06-08,14,4,240,16.4
2008-06-08,15,26,320,13.2
2008-06-08,16,13,80,8.8
2008-06-08,17,7,130,11.7
2008-06-08,18,9,100,12
2008-06-08,19,6,250,10
2008-06-08,20,4,50,9.3
2008-06-08,21,7,70,8.7
2008-06-08,22,4,350,8.1
2008-06-08,23,0,NA,8.5
2008-06-09,0,4,260,8.2
2008-06-09,1,11,80,8
2008-06-09,2,4,340,7.6
2008-06-09,3,0,NA,7.4
2008-06-09,4,6,120,7.2
2008-06-09,5,0,NA,7.5
2008-06-09,6,4,120,7.9
2008-06-09,7,4,330,7.9
2008-06-09,8,4,270,8.1
2008-06-09,9,6,90,8.6
2008-06-09,10,4,90,8.9
2008-06-09,11,0,NA,11.1
2008-06-09,12,4,260,11.3
2008-06-09,13,7,300,12.3
2008-06-09,14,4,270,13.9
2008-06-09,15,6,60,15.3
2008-06-09,16,9,300,13.9
2008-06-09,17,7,160,12.8
2008-06-09,18,11,140,9.8
2008-06-09,19,9,300,9.7
2008-06-09,20,4,20,9.6
2008-06-09,21,7,310,8.8
2008-06-09,22,7,340,8.6
2008-06-09,23,4,260,8.5
2008-06-10,0,4,120,8.4
2008-06-10,1,7,90,8.3
2008-06-10,2,6,110,8
2008-06-10,3,11,130,7.7
2008-06-10,4,9,170,6.8
2008-06-10,5,17,160,5.4
2008-06-10,6,17,160,4.1
2008-06-10,7,9,110,3.6
2008-06-10,8,9,140,4
2008-06-10,9,9,130,3.6
2008-06-10,10,11,150,3.4
2008-06-10,11,6,170,4.4
2008-06-10,12,11,150,5.1
2008-06-10,13,9,180,6.2
2008-06-10,14,9,170,7.5
2008-06-10,15,7,160,7.2
2008-06-10,16,7,170,7.4
2008-06-10,17,7,190,7.2
2008-06-10,18,4,210,6.7
2008-06-10,19,4,240,6.2
2008-06-10,20,6,210,5.3
2008-06-10,21,4,290,5.1
2008-06-10,22,4,220,4.9
2008-06-10,23,0,NA,4.9
2008-06-11,0,4,300,4.8
2008-06-11,1,4,260,4.6
2008-06-11,2,0,NA,4.7
2008-06-11,3,0,NA,4.7
2008-06-11,4,0,NA,4.9
2008-06-11,5,0,NA,5
2008-06-11,6,0,NA,5.3
2008-06-11,7,0,NA,5.7
2008-06-11,8,0,NA,7.1
2008-06-11,9,4,320,8.4
2008-06-11,10,0,NA,9.3
2008-06-11,11,4,40,11.1
2008-06-11,12,6,220,12.8
2008-06-11,13,4,160,14.9
2008-06-11,14,11,180,16
2008-06-11,15,15,80,14.1
2008-06-11,16,7,90,10.7
2008-06-11,17,11,140,9.7
2008-06-11,18,6,170,10.2
2008-06-11,19,0,NA,10
2008-06-11,20,4,100,9.2
2008-06-11,21,0,NA,9.1
2008-06-11,22,6,90,8.3
2008-06-11,23,4,110,8.8
2008-06-12,0,0,NA,8.5
2008-06-12,1,0,NA,7.8
2008-06-12,2,4,60,7.2
2008-06-12,3,4,140,7.2
2008-06-12,4,4,120,7.9
2008-06-12,5,0,NA,7.9
2008-06-12,6,0,NA,8.2
2008-06-12,7,4,90,9.3
2008-06-12,8,6,210,9.7
2008-06-12,9,6,250,11.2
2008-06-12,10,6,210,13.1
2008-06-12,11,11,190,14.9
2008-06-12,12,9,200,16.2
2008-06-12,13,11,190,15.4
2008-06-12,14,11,190,16.4
2008-06-12,15,17,160,18
2008-06-12,16,17,160,18
2008-06-12,17,15,160,16
2008-06-12,18,13,160,17
2008-06-12,19,9,170,16.1
2008-06-12,20,4,230,14.8
2008-06-12,21,4,90,14.4
2008-06-12,22,6,200,13.6
2008-06-12,23,0,NA,13
2008-06-13,0,6,200,12.2
2008-06-13,1,6,110,10.8
2008-06-13,2,0,NA,10.3
2008-06-13,3,7,80,9.7
2008-06-13,4,9,110,10.1
2008-06-13,5,7,110,12.2
2008-06-13,6,7,100,14.5
2008-06-13,7,9,100,15.3
2008-06-13,8,7,150,17.5
2008-06-13,9,13,170,19
2008-06-13,10,9,180,19.8
2008-06-13,11,13,200,21.4
2008-06-13,12,6,260,22.2
2008-06-13,13,11,160,21.2
2008-06-13,14,11,190,22.1
2008-06-13,15,9,310,16.3
2008-06-13,16,15,80,12.7
2008-06-13,17,11,70,14
2008-06-13,18,15,60,14.8
2008-06-13,19,7,340,15
2008-06-13,20,7,240,13.9
2008-06-13,21,4,20,13.5
2008-06-13,22,6,40,12.8
2008-06-13,23,4,250,11.5
2008-06-14,0,20,330,12.2
2008-06-14,1,19,350,12.2
2008-06-14,2,19,320,12
2008-06-14,3,22,330,11.2
2008-06-14,4,20,320,10.2
2008-06-14,5,17,330,10.4
2008-06-14,6,15,320,11.1
2008-06-14,7,17,320,12.1
2008-06-14,8,17,330,13.5
2008-06-14,9,13,330,14.9
2008-06-14,10,17,330,16.6
2008-06-14,11,13,320,17.9
2008-06-14,12,20,320,18.4
2008-06-14,13,15,320,19.5
2008-06-14,14,17,320,20.2
2008-06-14,15,19,330,20.4
2008-06-14,16,20,330,20.5
2008-06-14,17,19,320,20.1
2008-06-14,18,20,330,19.7
2008-06-14,19,17,330,18.6
2008-06-14,20,22,330,17.1
2008-06-14,21,15,310,14.5
2008-06-14,22,4,40,13.4
2008-06-14,23,6,40,11.1
2008-06-15,0,0,NA,11.5
2008-06-15,1,6,60,9.8
2008-06-15,2,4,60,8.9
2008-06-15,3,9,80,7.8
2008-06-15,4,6,70,7.4
2008-06-15,5,6,70,8.1
2008-06-15,6,4,350,11.2
2008-06-15,7,7,330,12.4
2008-06-15,8,9,320,13.8
2008-06-15,9,9,300,16.1
2008-06-15,10,11,300,17.1
2008-06-15,11,9,290,19.3
2008-06-15,12,9,310,21.3
2008-06-15,13,13,310,22.5
2008-06-15,14,9,300,23.5
2008-06-15,15,6,250,23.9
2008-06-15,16,6,280,24.5
2008-06-15,17,6,300,22.5
2008-06-15,18,0,NA,24.2
2008-06-15,19,4,280,21.6
2008-06-15,20,4,330,16.8
2008-06-15,21,6,50,15.1
2008-06-15,22,6,360,15.8
2008-06-15,23,6,30,15.1
2008-06-16,0,4,350,13.7
2008-06-16,1,4,10,13.4
2008-06-16,2,4,210,11.6
2008-06-16,3,4,70,9.7
2008-06-16,4,0,NA,10.4
2008-06-16,5,0,NA,10.7
2008-06-16,6,0,NA,13.1
2008-06-16,7,0,NA,13.2
2008-06-16,8,4,150,16.2
2008-06-16,9,4,240,18
2008-06-16,10,6,230,19.8
2008-06-16,11,6,260,21.7
2008-06-16,12,6,250,24
2008-06-16,13,6,220,26.1
2008-06-16,14,7,160,27.2
2008-06-16,15,9,120,27.5
2008-06-16,16,11,160,27.1
2008-06-16,17,13,150,24.9
2008-06-16,18,13,160,25.4
2008-06-16,19,11,150,23.6
2008-06-16,20,4,90,19.9
2008-06-16,21,11,80,18.2
2008-06-16,22,7,60,17.9
2008-06-16,23,11,60,17.3
2008-06-17,0,9,60,16.8
2008-06-17,1,15,70,15.5
2008-06-17,2,6,40,14.9
2008-06-17,3,15,70,13.8
2008-06-17,4,15,70,13.1
2008-06-17,5,4,40,12.1
2008-06-17,6,11,90,14.6
2008-06-17,7,6,140,16.4
2008-06-17,8,6,240,17.5
2008-06-17,9,6,210,19.9
2008-06-17,10,11,170,22.7
2008-06-17,11,17,160,23.8
2008-06-17,12,19,150,24.6
2008-06-17,13,15,210,25.2
2008-06-17,14,15,210,25.2
2008-06-17,15,19,190,24.9
2008-06-17,16,19,200,24.6
2008-06-17,17,15,210,24.5
2008-06-17,18,13,200,23
2008-06-17,19,15,200,21.9
2008-06-17,20,9,160,19.7
2008-06-17,21,6,140,18.5
2008-06-17,22,9,150,17.9
2008-06-17,23,11,140,16.6
2008-06-18,0,9,70,13.6
2008-06-18,1,13,80,13
2008-06-18,2,15,70,13.1
2008-06-18,3,13,70,12.6
2008-06-18,4,4,40,11.5
2008-06-18,5,13,70,11.7
2008-06-18,6,7,90,13.1
2008-06-18,7,4,270,14.3
2008-06-18,8,13,160,17.5
2008-06-18,9,11,160,18.6
2008-06-18,10,13,180,18.8
2008-06-18,11,15,180,20.4
2008-06-18,12,11,130,21.5
2008-06-18,13,7,150,22.5
2008-06-18,14,9,190,21.6
2008-06-18,15,17,200,20.9
2008-06-18,16,13,180,20.9
2008-06-18,17,13,210,22.4
2008-06-18,18,13,200,21.8
2008-06-18,19,13,200,20.2
2008-06-18,20,15,300,16.8
2008-06-18,21,24,330,15.1
2008-06-18,22,22,330,14.1
2008-06-18,23,20,330,12.7
2008-06-19,0,11,340,13.3
2008-06-19,1,13,330,11.4
2008-06-19,2,4,320,9.6
2008-06-19,3,4,40,8.1
2008-06-19,4,4,60,8.3
2008-06-19,5,0,NA,9
2008-06-19,6,0,NA,10.6
2008-06-19,7,0,NA,12.2
2008-06-19,8,4,120,14.1
2008-06-19,9,4,250,16.7
2008-06-19,10,6,230,18.1
2008-06-19,11,6,210,21.5
2008-06-19,12,9,180,21.8
2008-06-19,13,9,160,21.9
2008-06-19,14,7,140,21.7
2008-06-19,15,7,200,21.2
2008-06-19,16,6,150,24.1
2008-06-19,17,13,300,22
2008-06-19,18,7,310,21.1
2008-06-19,19,7,310,19.4
2008-06-19,20,7,320,15.4
2008-06-19,21,4,40,14.2
2008-06-19,22,0,NA,14.7
2008-06-19,23,7,350,13.9
2008-06-20,0,0,NA,12.6
2008-06-20,1,4,130,12
2008-06-20,2,4,60,12
2008-06-20,3,4,10,11.1
2008-06-20,4,6,40,10.3
2008-06-20,5,4,60,11
2008-06-20,6,0,NA,12.3
2008-06-20,7,4,250,13.6
2008-06-20,8,4,240,16
2008-06-20,9,4,250,18.2
2008-06-20,10,6,240,20.1
2008-06-20,11,4,250,22.1
2008-06-20,12,6,250,24.1
2008-06-20,13,4,50,25.6
2008-06-20,14,6,300,27.3
2008-06-20,15,6,260,27.6
2008-06-20,16,9,280,27.1
2008-06-20,17,6,310,27.9
2008-06-20,18,6,290,27.5
2008-06-20,19,4,280,22.4
2008-06-20,20,4,10,21.4
2008-06-20,21,6,30,20.4
2008-06-20,22,7,350,19.3
2008-06-20,23,6,360,18.3
2008-06-21,0,0,NA,18
2008-06-21,1,4,320,16.8
2008-06-21,2,0,NA,16.7
2008-06-21,3,4,340,16.7
2008-06-21,4,0,NA,15.2
2008-06-21,5,0,NA,15.5
2008-06-21,6,0,NA,16
2008-06-21,7,0,NA,16.9
2008-06-21,8,4,270,18.4
2008-06-21,9,0,NA,20.2
2008-06-21,10,4,240,22.2
2008-06-21,11,0,NA,25.4
2008-06-21,12,7,280,26.8
2008-06-21,13,6,30,24.6
2008-06-21,14,6,300,24.2
2008-06-21,15,4,250,26.1
2008-06-21,16,4,80,26
2008-06-21,17,6,70,24.3
2008-06-21,18,4,270,22.2
2008-06-21,19,6,10,22.9
2008-06-21,20,6,140,20.8
2008-06-21,21,4,240,21.3
2008-06-21,22,6,350,20.6
2008-06-21,23,9,70,20.2
2008-06-22,0,24,320,17
2008-06-22,1,6,90,14.4
2008-06-22,2,13,60,14.1
2008-06-22,3,6,40,14.1
2008-06-22,4,4,170,13.7
2008-06-22,5,4,260,13.5
2008-06-22,6,4,290,13.6
2008-06-22,7,0,NA,13.9
2008-06-22,8,6,310,15.2
2008-06-22,9,7,300,17.2
2008-06-22,10,13,320,16.9
2008-06-22,11,19,330,16.9
2008-06-22,12,17,320,17.6
2008-06-22,13,13,300,19.9
2008-06-22,14,20,330,19.4
2008-06-22,15,22,320,18
2008-06-22,16,11,300,17.2
2008-06-22,17,13,310,16.9
2008-06-22,18,6,240,17
2008-06-22,19,6,300,15.6
2008-06-22,20,0,NA,14.3
2008-06-22,21,4,230,13.4
2008-06-22,22,0,NA,13.2
2008-06-22,23,4,70,11.9
2008-06-23,0,4,330,11.8
2008-06-23,1,6,60,11.9
2008-06-23,2,6,220,11
2008-06-23,3,9,80,10.4
2008-06-23,4,4,30,9.6
2008-06-23,5,4,40,10.8
2008-06-23,6,4,40,13
2008-06-23,7,4,90,14.5
2008-06-23,8,4,250,15.9
2008-06-23,9,4,210,17.5
2008-06-23,10,4,280,19.4
2008-06-23,11,9,260,20.8
2008-06-23,12,9,300,21.9
2008-06-23,13,6,250,21.8
2008-06-23,14,6,170,23.9
2008-06-23,15,11,160,25
2008-06-23,16,11,180,23.2
2008-06-23,17,9,210,22.4
2008-06-23,18,13,220,21.8
2008-06-23,19,11,160,20.6
2008-06-23,20,0,NA,19.7
2008-06-23,21,4,310,18.4
2008-06-23,22,7,320,17.9
2008-06-23,23,13,50,16.8
2008-06-24,0,6,80,16.1
2008-06-24,1,4,120,14.4
2008-06-24,2,13,80,13.5
2008-06-24,3,9,60,13.4
2008-06-24,4,6,60,13
2008-06-24,5,9,80,13.1
2008-06-24,6,0,NA,15
2008-06-24,7,4,250,16.1
2008-06-24,8,6,240,17.1
2008-06-24,9,7,300,19.4
2008-06-24,10,7,310,19.7
2008-06-24,11,7,290,18.8
2008-06-24,12,4,270,20.5
2008-06-24,13,6,290,20.1
2008-06-24,14,7,260,20.1
2008-06-24,15,6,300,21.5
2008-06-24,16,4,260,22.5
2008-06-24,17,6,270,22.4
2008-06-24,18,6,170,20.7
2008-06-24,19,4,190,20.7
2008-06-24,20,7,170,17.9
2008-06-24,21,6,80,16.4
2008-06-24,22,9,70,15.4
2008-06-24,23,7,60,15.2
2008-06-25,0,4,50,14.3
2008-06-25,1,7,60,13.3
2008-06-25,2,15,70,13.1
2008-06-25,3,11,60,12.4
2008-06-25,4,6,40,11.4
2008-06-25,5,7,50,11.8
2008-06-25,6,11,80,13.7
2008-06-25,7,4,120,15.5
2008-06-25,8,4,120,17.4
2008-06-25,9,6,290,18.2
2008-06-25,10,6,260,20.7
2008-06-25,11,9,160,24.3
2008-06-25,12,11,160,25.8
2008-06-25,13,7,170,26.8
2008-06-25,14,11,200,26.7
2008-06-25,15,13,170,25.1
2008-06-25,16,11,220,26.1
2008-06-25,17,11,200,25.5
2008-06-25,18,13,200,24.6
2008-06-25,19,9,210,23.3
2008-06-25,20,6,100,20.1
2008-06-25,21,11,90,17.6
2008-06-25,22,7,80,17.6
2008-06-25,23,13,80,16.4
2008-06-26,0,9,50,16.3
2008-06-26,1,6,50,15.1
2008-06-26,2,4,240,14.9
2008-06-26,3,4,60,13.2
2008-06-26,4,7,50,12.8
2008-06-26,5,7,60,13.2
2008-06-26,6,6,60,14
2008-06-26,7,6,130,15
2008-06-26,8,0,NA,17
2008-06-26,9,6,140,20.3
2008-06-26,10,17,160,21.9
2008-06-26,11,20,160,22.8
2008-06-26,12,17,190,23.2
2008-06-26,13,17,200,25.8
2008-06-26,14,15,280,26.1
2008-06-26,15,17,310,24.1
2008-06-26,16,15,270,23.9
2008-06-26,17,15,340,22
2008-06-26,18,19,350,20.8
2008-06-26,19,20,340,20.3
2008-06-26,20,19,340,19.9
2008-06-26,21,15,350,19.5
2008-06-26,22,15,330,18.8
2008-06-26,23,9,310,14.9
2008-06-27,0,15,340,16.6
2008-06-27,1,9,310,13.7
2008-06-27,2,7,290,13.1
2008-06-27,3,0,NA,12.4
2008-06-27,4,0,NA,12.3
2008-06-27,5,6,360,12.7
2008-06-27,6,0,NA,14.6
2008-06-27,7,7,330,15.9
2008-06-27,8,13,300,17
2008-06-27,9,11,280,18.8
2008-06-27,10,7,310,20.6
2008-06-27,11,17,300,22.6
2008-06-27,12,13,310,24.1
2008-06-27,13,13,320,25.4
2008-06-27,14,11,310,26.5
2008-06-27,15,9,290,26.4
2008-06-27,16,9,250,26.8
2008-06-27,17,9,280,27.1
2008-06-27,18,4,260,27.4
2008-06-27,19,4,220,25.5
2008-06-27,20,4,350,20.1
2008-06-27,21,9,340,18.9
2008-06-27,22,4,20,18.2
2008-06-27,23,6,30,17.5
2008-06-28,0,4,360,17.1
2008-06-28,1,4,220,16.3
2008-06-28,2,4,30,15.5
2008-06-28,3,6,50,14.7
2008-06-28,4,7,70,13.5
2008-06-28,5,6,70,14
2008-06-28,6,4,20,16.7
2008-06-28,7,4,260,17.4
2008-06-28,8,4,310,19.7
2008-06-28,9,6,300,21.3
2008-06-28,10,6,310,23.3
2008-06-28,11,6,310,25.4
2008-06-28,12,6,240,27.4
2008-06-28,13,6,260,29.4
2008-06-28,14,4,210,31.4
2008-06-28,15,7,270,31.9
2008-06-28,16,6,260,32.7
2008-06-28,17,6,240,32.6
2008-06-28,18,6,270,32.4
2008-06-28,19,0,NA,29.5
2008-06-28,20,6,40,23
2008-06-28,21,7,50,23.5
2008-06-28,22,6,50,22.9
2008-06-28,23,6,330,21.5
2008-06-29,0,0,NA,19.4
2008-06-29,1,4,60,19.1
2008-06-29,2,0,NA,18.7
2008-06-29,3,4,70,17.3
2008-06-29,4,6,60,16.7
2008-06-29,5,0,NA,17.1
2008-06-29,6,0,NA,18.9
2008-06-29,7,4,260,19.7
2008-06-29,8,4,260,21.2
2008-06-29,9,4,250,23.7
2008-06-29,10,6,280,26.1
2008-06-29,11,4,240,27.9
2008-06-29,12,6,240,30
2008-06-29,13,4,240,32.3
2008-06-29,14,6,280,33.2
2008-06-29,15,6,270,34.6
2008-06-29,16,6,300,35.4
2008-06-29,17,7,300,34.9
2008-06-29,18,4,300,34.3
2008-06-29,19,0,NA,29.4
2008-06-29,20,6,50,26.8
2008-06-29,21,7,60,25.1
2008-06-29,22,6,40,25.5
2008-06-29,23,7,330,24.8
2008-06-30,0,4,280,22.3
2008-06-30,1,4,140,20.7
2008-06-30,2,4,100,20.7
2008-06-30,3,4,40,19.1
2008-06-30,4,6,80,18.6
2008-06-30,5,0,NA,18.3
2008-06-30,6,6,60,19.4
2008-06-30,7,0,NA,21
2008-06-30,8,6,260,21.5
2008-06-30,9,6,240,24.6
2008-06-30,10,4,250,26.6
2008-06-30,11,7,270,28.2
2008-06-30,12,4,260,29.8
2008-06-30,13,6,270,31
2008-06-30,14,6,260,32.1
2008-06-30,15,6,280,33.1
2008-06-30,16,11,310,33.3
2008-06-30,17,9,300,33.8
2008-06-30,18,0,NA,34.2
2008-06-30,19,30,330,29.2
2008-06-30,20,22,340,29.5
2008-06-30,21,28,330,27.2
2008-06-30,22,22,340,28.4
2008-06-30,23,11,340,27.1
2008-07-01,0,17,320,27.3
2008-07-01,1,6,300,25.2
2008-07-01,2,15,330,23.9
2008-07-01,3,7,320,21.5
2008-07-01,4,6,290,20.4
2008-07-01,5,0,NA,19.6
2008-07-01,6,6,290,19.8
2008-07-01,7,4,300,22.6
2008-07-01,8,7,300,23.7
2008-07-01,9,11,310,24.7
2008-07-01,10,11,310,26
2008-07-01,11,15,320,26.7
2008-07-01,12,15,300,25.3
2008-07-01,13,20,330,24.6
2008-07-01,14,13,300,23.1
2008-07-01,15,11,40,25
2008-07-01,16,7,310,26.5
2008-07-01,17,15,340,24.1
2008-07-01,18,22,50,24
2008-07-01,19,19,70,19.9
2008-07-01,20,11,100,21.3
2008-07-01,21,4,350,20.4
2008-07-01,22,15,60,20.4
2008-07-01,23,7,50,19.9
2008-07-02,0,13,70,19.5
2008-07-02,1,15,70,19.4
2008-07-02,2,6,30,18.4
2008-07-02,3,4,30,18.4
2008-07-02,4,7,50,17.5
2008-07-02,5,13,60,17.4
2008-07-02,6,6,360,18.3
2008-07-02,7,0,NA,20
2008-07-02,8,0,NA,22.4
2008-07-02,9,4,130,23.9
2008-07-02,10,4,250,25.4
2008-07-02,11,6,210,27
2008-07-02,12,6,260,28.7
2008-07-02,13,7,250,30
2008-07-02,14,9,250,30.7
2008-07-02,15,7,230,30.6
2008-07-02,16,7,240,31.3
2008-07-02,17,6,210,31.1
2008-07-02,18,7,300,26.5
2008-07-02,19,6,20,26.9
2008-07-02,20,9,340,23.5
2008-07-02,21,6,40,21.5
2008-07-02,22,6,40,20.2
2008-07-02,23,7,50,19.8
2008-07-03,0,4,360,19
2008-07-03,1,6,360,18.3
2008-07-03,2,4,40,17.7
2008-07-03,3,6,350,17.3
2008-07-03,4,4,340,17
2008-07-03,5,0,NA,17.4
2008-07-03,6,0,NA,17.8
2008-07-03,7,6,270,19.9
2008-07-03,8,4,270,22.5
2008-07-03,9,6,290,24.3
2008-07-03,10,7,290,25.9
2008-07-03,11,4,320,28.3
2008-07-03,12,6,270,28.7
2008-07-03,13,6,210,31.3
2008-07-03,14,6,130,32.8
2008-07-03,15,6,260,33.3
2008-07-03,16,6,270,32.9
2008-07-03,17,4,130,33.6
2008-07-03,18,0,NA,31.7
2008-07-03,19,6,60,27.6
2008-07-03,20,9,70,25
2008-07-03,21,7,70,24.8
2008-07-03,22,6,60,24.7
2008-07-03,23,4,10,23
2008-07-04,0,0,NA,21.5
2008-07-04,1,6,350,21.7
2008-07-04,2,0,NA,20.3
2008-07-04,3,9,70,18.1
2008-07-04,4,9,60,17
2008-07-04,5,11,320,17.2
2008-07-04,6,4,360,17.7
2008-07-04,7,4,200,21.1
2008-07-04,8,4,120,21.9
2008-07-04,9,4,320,23.3
2008-07-04,10,4,240,22.7
2008-07-04,11,6,280,23.8
2008-07-04,12,4,240,24.8
2008-07-04,13,6,300,24.6
2008-07-04,14,9,340,23.5
2008-07-04,15,17,280,24.7
2008-07-04,16,9,270,27.6
2008-07-04,17,11,200,27.4
2008-07-04,18,19,230,26.3
2008-07-04,19,11,150,24.1
2008-07-04,20,7,170,22.5
2008-07-04,21,7,260,21.1
2008-07-04,22,6,40,18.1
2008-07-04,23,4,30,17.5
2008-07-05,0,6,50,16.5
2008-07-05,1,0,NA,15.8
2008-07-05,2,6,60,15.3
2008-07-05,3,4,120,14.7
2008-07-05,4,4,70,13.9
2008-07-05,5,4,130,14.2
2008-07-05,6,4,80,15.6
2008-07-05,7,4,180,17.2
2008-07-05,8,11,170,18.4
2008-07-05,9,11,160,19.3
2008-07-05,10,4,140,23.2
2008-07-05,11,13,160,24.1
2008-07-05,12,11,160,25.2
2008-07-05,13,13,160,25.5
2008-07-05,14,15,160,26.3
2008-07-05,15,13,180,27
2008-07-05,16,13,190,25.9
2008-07-05,17,11,230,25.9
2008-07-05,18,9,200,25.6
2008-07-05,19,9,190,23.6
2008-07-05,20,11,180,22.8
2008-07-05,21,6,210,20.4
2008-07-05,22,6,70,18
2008-07-05,23,4,40,17.6
2008-07-06,0,0,NA,17.1
2008-07-06,1,0,NA,16.8
2008-07-06,2,0,NA,16
2008-07-06,3,4,110,15.3
2008-07-06,4,6,140,14.7
2008-07-06,5,4,90,14.4
2008-07-06,6,0,NA,17.2
2008-07-06,7,0,NA,17.1
2008-07-06,8,0,NA,19.4
2008-07-06,9,0,NA,20.5
2008-07-06,10,6,310,21.8
2008-07-06,11,11,180,23.3
2008-07-06,12,7,300,23.7
2008-07-06,13,6,210,25.3
2008-07-06,14,7,210,26
2008-07-06,15,7,210,25.1
2008-07-06,16,11,200,26.9
2008-07-06,17,9,220,27.1
2008-07-06,18,6,300,25.8
2008-07-06,19,7,320,23
2008-07-06,20,9,330,20.1
2008-07-06,21,6,300,18.6
2008-07-06,22,6,50,17.1
2008-07-06,23,6,70,15.7
2008-07-07,0,7,60,15.2
2008-07-07,1,6,20,15.8
2008-07-07,2,6,80,14
2008-07-07,3,6,50,13.6
2008-07-07,4,6,340,13.6
2008-07-07,5,6,60,13.4
2008-07-07,6,0,NA,15.3
2008-07-07,7,0,NA,16.2
2008-07-07,8,7,310,18.4
2008-07-07,9,7,270,19.3
2008-07-07,10,7,300,21.7
2008-07-07,11,7,300,21.8
2008-07-07,12,11,300,24
2008-07-07,13,9,300,23.7
2008-07-07,14,15,310,25.4
2008-07-07,15,19,330,22.8
2008-07-07,16,13,320,23.1
2008-07-07,17,22,340,22.7
2008-07-07,18,24,340,22.3
2008-07-07,19,24,340,22.4
2008-07-07,20,17,340,21.4
2008-07-07,21,13,340,20.7
2008-07-07,22,15,320,20
2008-07-07,23,11,330,18.7
2008-07-08,0,13,320,17.5
2008-07-08,1,4,350,16.4
2008-07-08,2,0,NA,15.8
2008-07-08,3,7,100,13.8
2008-07-08,4,6,290,13.6
2008-07-08,5,6,30,13.8
2008-07-08,6,9,310,15.3
2008-07-08,7,11,320,17.1
2008-07-08,8,9,300,18.4
2008-07-08,9,9,310,20.4
2008-07-08,10,7,300,21.6
2008-07-08,11,7,290,23.6
2008-07-08,12,6,290,25
2008-07-08,13,6,280,26.8
2008-07-08,14,7,300,28.5
2008-07-08,15,6,240,29.7
2008-07-08,16,6,250,30.1
2008-07-08,17,4,280,30.8
2008-07-08,18,4,240,29
2008-07-08,19,7,160,24.5
2008-07-08,20,4,240,23.1
2008-07-08,21,7,60,19.8
2008-07-08,22,9,70,20
2008-07-08,23,6,60,19.1
2008-07-09,0,4,310,18.7
2008-07-09,1,0,NA,18.2
2008-07-09,2,0,NA,16.1
2008-07-09,3,4,60,15.3
2008-07-09,4,7,70,14.8
2008-07-09,5,4,40,15.4
2008-07-09,6,0,NA,17.2
2008-07-09,7,0,NA,18.4
2008-07-09,8,0,NA,20.5
2008-07-09,9,6,310,22.4
2008-07-09,10,6,300,24.1
2008-07-09,11,7,270,25.6
2008-07-09,12,6,290,27.7
2008-07-09,13,6,320,30.2
2008-07-09,14,13,270,29.4
2008-07-09,15,11,270,31.8
2008-07-09,16,13,320,30.9
2008-07-09,17,7,250,31.1
2008-07-09,18,6,210,30.5
2008-07-09,19,9,180,28
2008-07-09,20,6,150,25.9
2008-07-09,21,6,80,23.4
2008-07-09,22,7,70,22.7
2008-07-09,23,7,70,21.9
2008-07-10,0,7,70,21.2
2008-07-10,1,6,340,18.9
2008-07-10,2,6,70,18.8
2008-07-10,3,9,320,18.6
2008-07-10,4,6,300,17.3
2008-07-10,5,6,20,15.6
2008-07-10,6,4,20,18.7
2008-07-10,7,4,110,21.7
2008-07-10,8,4,90,24
2008-07-10,9,4,250,25.1
2008-07-10,10,9,180,25.1
2008-07-10,11,19,240,26.2
2008-07-10,12,19,230,26.2
2008-07-10,13,15,210,25.5
2008-07-10,14,15,260,23.6
2008-07-10,15,39,300,21.6
2008-07-10,16,33,330,18.4
2008-07-10,17,9,20,15.2
2008-07-10,18,6,10,17.3
2008-07-10,19,4,230,16.3
2008-07-10,20,17,280,15.6
2008-07-10,21,7,320,14.2
2008-07-10,22,9,300,13.4
2008-07-10,23,9,280,12.9
2008-07-11,0,0,NA,13
2008-07-11,1,6,320,11.8
2008-07-11,2,4,80,10.6
2008-07-11,3,7,130,10.3
2008-07-11,4,9,60,8.1
2008-07-11,5,11,80,8.3
2008-07-11,6,11,80,11.2
2008-07-11,7,4,190,13.1
2008-07-11,8,6,250,14.5
2008-07-11,9,9,290,16.5
2008-07-11,10,6,260,18
2008-07-11,11,7,320,19.4
2008-07-11,12,9,270,20.5
2008-07-11,13,15,300,21.6
2008-07-11,14,13,290,22.5
2008-07-11,15,19,320,22.8
2008-07-11,16,17,320,23.1
2008-07-11,17,19,330,22.2
2008-07-11,18,20,330,21.5
2008-07-11,19,19,320,20.2
2008-07-11,20,9,300,17.9
2008-07-11,21,17,320,17.9
2008-07-11,22,11,320,17
2008-07-11,23,4,210,15
2008-07-12,0,4,100,13.6
2008-07-12,1,6,50,13
2008-07-12,2,6,70,12.9
2008-07-12,3,0,NA,12.2
2008-07-12,4,4,40,11.3
2008-07-12,5,6,70,10.6
2008-07-12,6,0,NA,11.5
2008-07-12,7,4,250,14.7
2008-07-12,8,4,270,16.6
2008-07-12,9,7,280,18.3
2008-07-12,10,6,290,20
2008-07-12,11,6,270,21.6
2008-07-12,12,6,260,23.6
2008-07-12,13,7,300,25
2008-07-12,14,7,260,26.6
2008-07-12,15,7,270,27.7
2008-07-12,16,6,280,28.6
2008-07-12,17,4,290,27.8
2008-07-12,18,6,280,27.9
2008-07-12,19,0,NA,26.5
2008-07-12,20,6,70,20.1
2008-07-12,21,9,70,19
2008-07-12,22,11,70,19.4
2008-07-12,23,9,60,19
2008-07-13,0,9,70,18.8
2008-07-13,1,15,70,18.4
2008-07-13,2,6,30,17.4
2008-07-13,3,15,70,16.4
2008-07-13,4,15,70,15.7
2008-07-13,5,17,80,14.9
2008-07-13,6,6,40,16.5
2008-07-13,7,4,130,18.1
2008-07-13,8,4,260,19.7
2008-07-13,9,6,280,21.3
2008-07-13,10,4,250,23.8
2008-07-13,11,6,300,25.6
2008-07-13,12,7,320,28.4
2008-07-13,13,6,230,31.1
2008-07-13,14,11,240,31.5
2008-07-13,15,6,280,32.4
2008-07-13,16,11,280,31.4
2008-07-13,17,9,260,31.5
2008-07-13,18,13,200,30.4
2008-07-13,19,13,190,28.6
2008-07-13,20,11,150,25.7
2008-07-13,21,6,60,23.2
2008-07-13,22,9,60,21
2008-07-13,23,11,80,19.8
2008-07-14,0,9,90,19.5
2008-07-14,1,11,70,18.5
2008-07-14,2,11,70,18.1
2008-07-14,3,11,70,17.1
2008-07-14,4,7,70,15.9
2008-07-14,5,6,60,15.1
2008-07-14,6,6,80,17.4
2008-07-14,7,0,NA,19
2008-07-14,8,0,NA,21.1
2008-07-14,9,4,250,23.5
2008-07-14,10,6,270,24.8
2008-07-14,11,6,290,26.8
2008-07-14,12,6,290,28
2008-07-14,13,4,210,30
2008-07-14,14,7,320,29.7
2008-07-14,15,9,300,29.5
2008-07-14,16,13,310,28.3
2008-07-14,17,15,310,27.7
2008-07-14,18,6,200,28.7
2008-07-14,19,4,270,27.5
2008-07-14,20,11,70,21.4
2008-07-14,21,11,70,20.4
2008-07-14,22,11,60,21.9
2008-07-14,23,7,50,20.3
2008-07-15,0,11,50,19.7
2008-07-15,1,4,10,18.7
2008-07-15,2,6,340,17
2008-07-15,3,6,50,15.8
2008-07-15,4,6,60,15
2008-07-15,5,7,70,14.3
2008-07-15,6,6,60,16.5
2008-07-15,7,4,240,17.6
2008-07-15,8,4,240,20.2
2008-07-15,9,4,240,22
2008-07-15,10,4,240,24.1
2008-07-15,11,11,300,25.5
2008-07-15,12,6,250,27.5
2008-07-15,13,6,270,27.3
2008-07-15,14,22,280,29
2008-07-15,15,15,290,30
2008-07-15,16,24,270,28.8
2008-07-15,17,17,280,29.3
2008-07-15,18,11,300,29.1
2008-07-15,19,7,310,27
2008-07-15,20,6,350,22.6
2008-07-15,21,7,60,20.6
2008-07-15,22,0,NA,19.8
2008-07-15,23,6,30,19.9
2008-07-16,0,0,NA,17.8
2008-07-16,1,6,20,16.7
2008-07-16,2,4,40,16.7
2008-07-16,3,4,40,16.3
2008-07-16,4,6,50,15.2
2008-07-16,5,7,60,14.8
2008-07-16,6,0,NA,15.9
2008-07-16,7,4,330,18.2
2008-07-16,8,6,290,19.9
2008-07-16,9,7,260,21
2008-07-16,10,6,260,23.3
2008-07-16,11,7,280,24.5
2008-07-16,12,7,260,25.8
2008-07-16,13,7,280,24.4
2008-07-16,14,9,290,27.5
2008-07-16,15,7,280,28.5
2008-07-16,16,11,300,28
2008-07-16,17,9,290,27.8
2008-07-16,18,0,NA,26.1
2008-07-16,19,4,280,25.3
2008-07-16,20,7,50,20.6
2008-07-16,21,9,70,18.9
2008-07-16,22,7,40,19
2008-07-16,23,4,20,19.2
2008-07-17,0,6,330,18.2
2008-07-17,1,6,70,15.7
2008-07-17,2,6,40,15.8
2008-07-17,3,0,NA,14.6
2008-07-17,4,4,20,14.3
2008-07-17,5,0,NA,14
2008-07-17,6,0,NA,15.4
2008-07-17,7,0,NA,16.3
2008-07-17,8,6,260,18.7
2008-07-17,9,6,210,20.7
2008-07-17,10,6,200,21.8
2008-07-17,11,7,260,24.6
2008-07-17,12,6,270,26.6
2008-07-17,13,13,290,28.5
2008-07-17,14,4,320,29.2
2008-07-17,15,9,130,27.1
2008-07-17,16,NA,NA,NA
2008-07-17,17,7,200,29.2
2008-07-17,18,7,230,28.8
2008-07-17,19,7,190,26.1
2008-07-17,20,7,90,22.7
2008-07-17,21,6,70,20.5
2008-07-17,22,7,60,20
2008-07-17,23,6,40,20
2008-07-18,0,4,30,19.4
2008-07-18,1,4,70,17.6
2008-07-18,2,6,70,16.3
2008-07-18,3,7,60,16.4
2008-07-18,4,11,60,15.7
2008-07-18,5,7,60,14.8
2008-07-18,6,9,70,15.9
2008-07-18,7,0,NA,18.5
2008-07-18,8,4,250,19.6
2008-07-18,9,9,300,21.2
2008-07-18,10,9,180,24.1
2008-07-18,11,13,160,25.3
2008-07-18,12,15,170,26.4
2008-07-18,13,17,190,27.3
2008-07-18,14,11,180,29.1
2008-07-18,15,11,230,28.1
2008-07-18,16,13,230,27.3
2008-07-18,17,13,230,26
2008-07-18,18,7,310,26.2
2008-07-18,19,11,320,23.6
2008-07-18,20,32,340,20.2
2008-07-18,21,24,330,19.5
2008-07-18,22,17,340,18.6
2008-07-18,23,17,310,16.6
2008-07-19,0,20,330,15.9
2008-07-19,1,17,330,15.5
2008-07-19,2,6,340,14
2008-07-19,3,7,350,13.6
2008-07-19,4,7,30,13
2008-07-19,5,4,360,12.4
2008-07-19,6,6,320,13.9
2008-07-19,7,6,310,15.7
2008-07-19,8,11,320,17.4
2008-07-19,9,13,300,18.7
2008-07-19,10,9,290,20.8
2008-07-19,11,7,250,22.1
2008-07-19,12,7,280,24
2008-07-19,13,9,300,25.7
2008-07-19,14,6,260,26.7
2008-07-19,15,7,290,28.1
2008-07-19,16,9,270,28
2008-07-19,17,7,290,28.2
2008-07-19,18,6,320,26.8
2008-07-19,19,4,290,25.2
2008-07-19,20,4,20,20.7
2008-07-19,21,7,60,18.9
2008-07-19,22,6,50,19.7
2008-07-19,23,6,40,19
2008-07-20,0,4,300,17.2
2008-07-20,1,6,350,16.8
2008-07-20,2,0,NA,15.9
2008-07-20,3,0,NA,15.8
2008-07-20,4,6,50,14.3
2008-07-20,5,6,60,13.6
2008-07-20,6,0,NA,15.9
2008-07-20,7,4,260,16.6
2008-07-20,8,0,NA,18.9
2008-07-20,9,4,230,21.4
2008-07-20,10,6,260,23.3
2008-07-20,11,6,210,25.7
2008-07-20,12,4,260,27.8
2008-07-20,13,6,260,29.6
2008-07-20,14,9,260,31.1
2008-07-20,15,7,220,32.2
2008-07-20,16,6,170,32.3
2008-07-20,17,11,160,31.4
2008-07-20,18,7,190,30.5
2008-07-20,19,7,180,28.8
2008-07-20,20,6,40,24.4
2008-07-20,21,7,60,23.2
2008-07-20,22,11,70,22.2
2008-07-20,23,11,60,22.1
2008-07-21,0,6,40,21.2
2008-07-21,1,9,60,19.7
2008-07-21,2,15,80,18.8
2008-07-21,3,13,60,18.1
2008-07-21,4,17,70,17.5
2008-07-21,5,17,70,16.9
2008-07-21,6,17,80,18
2008-07-21,7,11,90,19.7
2008-07-21,8,6,170,21.6
2008-07-21,9,6,240,23.2
2008-07-21,10,4,240,25.5
2008-07-21,11,6,260,27.3
2008-07-21,12,6,320,30.7
2008-07-21,13,13,150,33
2008-07-21,14,15,160,33.4
2008-07-21,15,7,190,33.9
2008-07-21,16,15,190,33.1
2008-07-21,17,17,210,32.2
2008-07-21,18,11,190,31.1
2008-07-21,19,7,140,29.1
2008-07-21,20,6,170,28.3
2008-07-21,21,7,100,24.6
2008-07-21,22,11,90,23.3
2008-07-21,23,11,60,22.6
2008-07-22,0,4,30,22.1
2008-07-22,1,17,80,21
2008-07-22,2,4,340,18.8
2008-07-22,3,17,70,19.8
2008-07-22,4,19,70,18.9
2008-07-22,5,17,70,18.8
2008-07-22,6,7,60,18.5
2008-07-22,7,7,120,19.7
2008-07-22,8,6,130,20.9
2008-07-22,9,6,210,22.6
2008-07-22,10,7,250,25
2008-07-22,11,9,250,25.6
2008-07-22,12,9,210,25.6
2008-07-22,13,22,160,24.6
2008-07-22,14,17,170,24
2008-07-22,15,19,170,24.1
2008-07-22,16,15,160,25.2
2008-07-22,17,17,170,22.9
2008-07-22,18,11,180,21.7
2008-07-22,19,13,170,20.2
2008-07-22,20,15,180,19.4
2008-07-22,21,6,310,17.9
2008-07-22,22,4,100,16.4
2008-07-22,23,6,90,15.9
2008-07-23,0,7,90,14.8
2008-07-23,1,4,180,15.1
2008-07-23,2,0,NA,14
2008-07-23,3,0,NA,12.8
2008-07-23,4,4,20,12.2
2008-07-23,5,4,140,11.6
2008-07-23,6,0,NA,13
2008-07-23,7,0,NA,15.9
2008-07-23,8,6,180,17.7
2008-07-23,9,7,240,19.6
2008-07-23,10,15,200,21.9
2008-07-23,11,17,160,22.5
2008-07-23,12,15,170,23.7
2008-07-23,13,19,170,24.4
2008-07-23,14,19,170,24.6
2008-07-23,15,19,170,22.1
2008-07-23,16,26,330,17.4
2008-07-23,17,6,10,15.3
2008-07-23,18,0,NA,16.5
2008-07-23,19,4,320,15.4
2008-07-23,20,4,60,14.5
2008-07-23,21,4,70,14.2
2008-07-23,22,4,20,13.6
2008-07-23,23,0,NA,13.5
2008-07-24,0,4,350,13.5
2008-07-24,1,4,310,13.4
2008-07-24,2,6,350,13.9
2008-07-24,3,6,340,13.3
2008-07-24,4,4,10,12.6
2008-07-24,5,4,40,12.8
2008-07-24,6,0,NA,14.3
2008-07-24,7,9,300,15.3
2008-07-24,8,11,310,16.7
2008-07-24,9,11,280,18
2008-07-24,10,11,300,19.6
2008-07-24,11,7,290,21.9
2008-07-24,12,6,330,23.4
2008-07-24,13,6,240,24.6
2008-07-24,14,11,270,26.1
2008-07-24,15,9,300,27.4
2008-07-24,16,11,300,27.3
2008-07-24,17,11,300,26.7
2008-07-24,18,7,280,25.8
2008-07-24,19,0,NA,21.4
2008-07-24,20,6,50,19.3
2008-07-24,21,7,350,18.7
2008-07-24,22,4,330,17.7
2008-07-24,23,4,40,17.6
2008-07-25,0,0,NA,16.2
2008-07-25,1,0,NA,16.2
2008-07-25,2,4,110,15.5
2008-07-25,3,0,NA,14.2
2008-07-25,4,0,NA,14
2008-07-25,5,6,80,13.1
2008-07-25,6,0,NA,15.3
2008-07-25,7,0,NA,16.4
2008-07-25,8,6,310,19.2
2008-07-25,9,6,310,21.6
2008-07-25,10,7,300,23.1
2008-07-25,11,4,270,24.9
2008-07-25,12,4,320,28.4
2008-07-25,13,7,270,29.4
2008-07-25,14,6,270,30
2008-07-25,15,7,280,31.1
2008-07-25,16,6,240,31
2008-07-25,17,6,260,31.1
2008-07-25,18,0,NA,28.5
2008-07-25,19,6,50,24.5
2008-07-25,20,9,70,22
2008-07-25,21,7,40,22.7
2008-07-25,22,0,NA,21.4
2008-07-25,23,4,40,19.7
2008-07-26,0,4,50,20.2
2008-07-26,1,4,340,18.5
2008-07-26,2,4,40,17.9
2008-07-26,3,7,70,16.4
2008-07-26,4,6,60,15.6
2008-07-26,5,6,70,15.3
2008-07-26,6,0,NA,17
2008-07-26,7,4,130,18
2008-07-26,8,4,120,20.5
2008-07-26,9,0,NA,22.9
2008-07-26,10,4,270,24.7
2008-07-26,11,7,190,27.6
2008-07-26,12,11,160,29
2008-07-26,13,15,190,30
2008-07-26,14,15,190,29.8
2008-07-26,15,9,210,29.2
2008-07-26,16,9,240,28
2008-07-26,17,7,250,26.9
2008-07-26,18,7,240,26.5
2008-07-26,19,9,190,26.2
2008-07-26,20,7,180,24.5
2008-07-26,21,9,70,21
2008-07-26,22,11,310,20.1
2008-07-26,23,9,340,21.2
2008-07-27,0,4,340,18.6
2008-07-27,1,6,30,18.5
2008-07-27,2,0,NA,17
2008-07-27,3,0,NA,16.3
2008-07-27,4,6,60,15.3
2008-07-27,5,7,70,14.9
2008-07-27,6,6,70,17.5
2008-07-27,7,7,100,18.5
2008-07-27,8,0,NA,20.4
2008-07-27,9,7,190,22.6
2008-07-27,10,11,160,23.9
2008-07-27,11,7,170,26.1
2008-07-27,12,15,220,26.7
2008-07-27,13,11,200,27.6
2008-07-27,14,15,220,27.9
2008-07-27,15,15,220,27.4
2008-07-27,16,15,210,27.5
2008-07-27,17,13,240,27.1
2008-07-27,18,7,220,25
2008-07-27,19,9,230,24.2
2008-07-27,20,9,300,21.4
2008-07-27,21,26,330,17.9
2008-07-27,22,15,330,18.4
2008-07-27,23,13,320,17.1
2008-07-28,0,9,340,16.7
2008-07-28,1,7,340,15.6
2008-07-28,2,11,330,15.3
2008-07-28,3,6,340,14.7
2008-07-28,4,4,60,12.9
2008-07-28,5,6,110,12.3
2008-07-28,6,6,110,14.4
2008-07-28,7,4,260,16.1
2008-07-28,8,0,NA,17.7
2008-07-28,9,6,140,21.1
2008-07-28,10,6,150,22.3
2008-07-28,11,6,190,22.5
2008-07-28,12,6,170,25.2
2008-07-28,13,7,220,27.1
2008-07-28,14,9,200,27.2
2008-07-28,15,7,140,25.6
2008-07-28,16,11,180,27.1
2008-07-28,17,11,180,26.6
2008-07-28,18,7,170,25.1
2008-07-28,19,9,160,23.2
2008-07-28,20,6,110,21.3
2008-07-28,21,9,100,19.3
2008-07-28,22,11,70,19.1
2008-07-28,23,0,NA,18.5
2008-07-29,0,4,50,17.5
2008-07-29,1,6,60,16.5
2008-07-29,2,15,70,16
2008-07-29,3,17,70,15
2008-07-29,4,15,80,14.2
2008-07-29,5,15,70,14.2
2008-07-29,6,15,70,15.7
2008-07-29,7,7,80,17.5
2008-07-29,8,6,140,19
2008-07-29,9,6,220,20.8
2008-07-29,10,7,240,21.9
2008-07-29,11,9,200,24.2
2008-07-29,12,11,170,26.6
2008-07-29,13,17,170,27.9
2008-07-29,14,17,230,26.9
2008-07-29,15,17,230,24.5
2008-07-29,16,28,240,21.8
2008-07-29,17,9,340,21.1
2008-07-29,18,4,50,22.2
2008-07-29,19,4,80,20.6
2008-07-29,20,7,110,18.6
2008-07-29,21,15,170,19.9
2008-07-29,22,9,160,18.7
2008-07-29,23,6,160,18.3
2008-07-30,0,9,190,18.4
2008-07-30,1,9,160,18.5
2008-07-30,2,9,320,13.2
2008-07-30,3,11,70,13
2008-07-30,4,4,20,12.5
2008-07-30,5,9,90,12.2
2008-07-30,6,7,100,13.6
2008-07-30,7,6,160,15.1
2008-07-30,8,9,180,16.3
2008-07-30,9,7,210,17.5
2008-07-30,10,11,300,17
2008-07-30,11,7,230,19.6
2008-07-30,12,15,330,18.5
2008-07-30,13,15,290,16.2
2008-07-30,14,11,310,17.6
2008-07-30,15,0,NA,18.1
2008-07-30,16,4,50,20.1
2008-07-30,17,4,120,21.5
2008-07-30,18,6,80,19.3
2008-07-30,19,6,70,16.9
2008-07-30,20,7,70,15.1
2008-07-30,21,11,70,15
2008-07-30,22,7,40,14.2
2008-07-30,23,4,60,13.1
2008-07-31,0,6,40,12.9
2008-07-31,1,6,20,12.4
2008-07-31,2,4,160,11.2
2008-07-31,3,0,NA,11.1
2008-07-31,4,6,60,9.8
2008-07-31,5,6,60,9.4
2008-07-31,6,4,340,10.9
2008-07-31,7,6,80,12.9
2008-07-31,8,6,120,14.6
2008-07-31,9,4,180,16.6
2008-07-31,10,0,NA,19.7
2008-07-31,11,NA,NA,NA
2008-07-31,12,NA,NA,NA
2008-07-31,13,NA,NA,NA
2008-07-31,14,NA,NA,NA
2008-07-31,15,6,160,27.9
2008-07-31,16,9,180,27.6
2008-07-31,17,7,190,27.8
2008-07-31,18,7,160,26.2
2008-07-31,19,4,210,24.6
2008-07-31,20,7,70,20.5
2008-07-31,21,11,70,19.2
2008-07-31,22,0,NA,18.1
2008-07-31,23,7,60,17.5
2008-08-01,0,7,70,16.1
2008-08-01,1,17,70,16.5
2008-08-01,2,15,70,15.3
2008-08-01,3,13,80,13.9
2008-08-01,4,15,90,15.3
2008-08-01,5,19,310,14.9
2008-08-01,6,6,50,12.9
2008-08-01,7,7,120,11.7
2008-08-01,8,15,70,13.8
2008-08-01,9,7,80,15.4
2008-08-01,10,6,130,16.7
2008-08-01,11,11,130,19.1
2008-08-01,12,15,150,22.3
2008-08-01,13,13,170,22.2
2008-08-01,14,15,150,23
2008-08-01,15,15,330,19.4
2008-08-01,16,13,300,19.7
2008-08-01,17,6,300,20.3
2008-08-01,18,4,290,19.7
2008-08-01,19,11,320,17.2
2008-08-01,20,11,320,15.8
2008-08-01,21,13,310,15.7
2008-08-01,22,15,320,15.2
2008-08-01,23,19,330,15.1
2008-08-02,0,15,330,14.7
2008-08-02,1,11,340,15
2008-08-02,2,15,340,14
2008-08-02,3,15,330,13.5
2008-08-02,4,13,330,13.2
2008-08-02,5,9,340,12.7
2008-08-02,6,15,330,13.6
2008-08-02,7,15,310,14.2
2008-08-02,8,11,300,15.9
2008-08-02,9,7,320,17.6
2008-08-02,10,4,230,19.4
2008-08-02,11,4,250,20.8
2008-08-02,12,9,280,22.1
2008-08-02,13,9,320,21.1
2008-08-02,14,7,300,21.1
2008-08-02,15,9,320,22.4
2008-08-02,16,7,300,23.6
2008-08-02,17,22,320,20.9
2008-08-02,18,19,320,19.7
2008-08-02,19,7,330,18.9
2008-08-02,20,6,330,16.4
2008-08-02,21,6,360,15.8
2008-08-02,22,4,50,14.5
2008-08-02,23,6,40,14.6
2008-08-03,0,4,10,15.6
2008-08-03,1,6,340,15
2008-08-03,2,0,NA,14
2008-08-03,3,6,310,13.9
2008-08-03,4,6,320,13.5
2008-08-03,5,0,NA,13
2008-08-03,6,0,NA,13.4
2008-08-03,7,11,360,14.6
2008-08-03,8,13,310,16.1
2008-08-03,9,7,290,18.4
2008-08-03,10,11,300,19.9
2008-08-03,11,15,310,19.8
2008-08-03,12,11,310,19.9
2008-08-03,13,13,310,20.1
2008-08-03,14,4,200,24
2008-08-03,15,6,190,25.3
2008-08-03,16,7,240,24.1
2008-08-03,17,6,60,23.6
2008-08-03,18,9,60,23.7
2008-08-03,19,6,60,21.3
2008-08-03,20,11,60,19.6
2008-08-03,21,6,40,17.1
2008-08-03,22,6,350,16.6
2008-08-03,23,0,NA,15.6
2008-08-04,0,6,40,15.5
2008-08-04,1,6,10,14.5
2008-08-04,2,0,NA,12.7
2008-08-04,3,0,NA,12.2
2008-08-04,4,0,NA,11.4
2008-08-04,5,6,70,11
2008-08-04,6,0,NA,12.5
2008-08-04,7,0,NA,14.7
2008-08-04,8,4,250,16.8
2008-08-04,9,4,290,18.9
2008-08-04,10,6,270,20.5
2008-08-04,11,6,270,22.8
2008-08-04,12,6,260,24.5
2008-08-04,13,7,300,26.5
2008-08-04,14,9,300,28
2008-08-04,15,7,300,29.6
2008-08-04,16,9,300,29.1
2008-08-04,17,13,300,28.2
2008-08-04,18,6,320,28
2008-08-04,19,7,310,22.8
2008-08-04,20,6,10,21.4
2008-08-04,21,6,10,20.9
2008-08-04,22,7,340,19.8
2008-08-04,23,6,360,18.5
2008-08-05,0,4,130,16.7
2008-08-05,1,0,NA,16.7
2008-08-05,2,4,330,16.1
2008-08-05,3,0,NA,15.3
2008-08-05,4,4,60,14.1
2008-08-05,5,0,NA,13.9
2008-08-05,6,0,NA,15.6
2008-08-05,7,0,NA,16.8
2008-08-05,8,7,300,18.5
2008-08-05,9,9,300,20.6
2008-08-05,10,13,300,22.4
2008-08-05,11,11,300,24.6
2008-08-05,12,11,290,26.6
2008-08-05,13,11,280,28.5
2008-08-05,14,13,300,29.8
2008-08-05,15,11,300,30.6
2008-08-05,16,7,300,31
2008-08-05,17,11,300,30.7
2008-08-05,18,7,310,29.7
2008-08-05,19,4,290,25.3
2008-08-05,20,7,30,22.7
2008-08-05,21,9,330,22.8
2008-08-05,22,7,300,21
2008-08-05,23,6,40,20.8
2008-08-06,0,7,320,19.5
2008-08-06,1,6,80,17.6
2008-08-06,2,4,350,18.3
2008-08-06,3,4,350,15.8
2008-08-06,4,0,NA,15.5
2008-08-06,5,4,130,15.1
2008-08-06,6,4,10,17
2008-08-06,7,0,NA,18.9
2008-08-06,8,0,NA,20.5
2008-08-06,9,4,300,23.1
2008-08-06,10,6,310,25.3
2008-08-06,11,6,300,28.1
2008-08-06,12,6,270,29.9
2008-08-06,13,6,280,31.6
2008-08-06,14,6,260,32.5
2008-08-06,15,6,280,33
2008-08-06,16,0,NA,31.3
2008-08-06,17,4,300,31.9
2008-08-06,18,0,NA,27.9
2008-08-06,19,6,50,25.7
2008-08-06,20,6,360,26.2
2008-08-06,21,0,NA,25.3
2008-08-06,22,6,40,24.7
2008-08-06,23,4,280,23.8
2008-08-07,0,7,250,23.5
2008-08-07,1,0,NA,22.9
2008-08-07,2,4,130,20.9
2008-08-07,3,4,100,20.8
2008-08-07,4,0,NA,19.7
2008-08-07,5,4,280,20.4
2008-08-07,6,6,200,19.9
2008-08-07,7,4,180,22.1
2008-08-07,8,6,130,22.2
2008-08-07,9,0,NA,25.5
2008-08-07,10,6,160,27.7
2008-08-07,11,7,220,29.9
2008-08-07,12,6,240,30.9
2008-08-07,13,17,160,33.5
2008-08-07,14,13,160,34.2
2008-08-07,15,7,180,34.8
2008-08-07,16,9,200,34.9
2008-08-07,17,9,170,33.5
2008-08-07,18,7,200,32.9
2008-08-07,19,9,170,30.4
2008-08-07,20,4,70,28.1
2008-08-07,21,13,80,25.9
2008-08-07,22,7,50,25.4
2008-08-07,23,6,50,24.4
2008-08-08,0,6,30,24.1
2008-08-08,1,13,70,22.5
2008-08-08,2,7,50,21.4
2008-08-08,3,6,60,20.2
2008-08-08,4,4,350,19.3
2008-08-08,5,7,40,19
2008-08-08,6,0,NA,18.8
2008-08-08,7,0,NA,21.2
2008-08-08,8,4,220,22.5
2008-08-08,9,0,NA,25.4
2008-08-08,10,4,210,26.5
2008-08-08,11,7,220,27.9
2008-08-08,12,4,180,29.3
2008-08-08,13,9,200,31.4
2008-08-08,14,13,180,33.7
2008-08-08,15,26,330,29
2008-08-08,16,32,330,25.9
2008-08-08,17,28,330,26.8
2008-08-08,18,28,330,24.9
2008-08-08,19,32,330,24.6
2008-08-08,20,30,330,23.3
2008-08-08,21,22,330,22.3
2008-08-08,22,13,330,21.2
2008-08-08,23,11,250,19.6
2008-08-09,0,6,320,17.3
2008-08-09,1,9,310,17.1
2008-08-09,2,6,130,16.6
2008-08-09,3,6,70,15.4
2008-08-09,4,4,90,15.3
2008-08-09,5,0,NA,15.1
2008-08-09,6,6,310,15.1
2008-08-09,7,7,100,17.6
2008-08-09,8,0,NA,19
2008-08-09,9,9,260,20.3
2008-08-09,10,4,90,22.9
2008-08-09,11,7,140,24.5
2008-08-09,12,9,180,25.2
2008-08-09,13,15,160,27.3
2008-08-09,14,17,160,28.4
2008-08-09,15,17,170,28.8
2008-08-09,16,17,330,26.3
2008-08-09,17,19,330,23.7
2008-08-09,18,7,310,21.6
2008-08-09,19,6,340,19.6
2008-08-09,20,4,220,18.1
2008-08-09,21,0,NA,17.2
2008-08-09,22,9,100,15.4
2008-08-09,23,4,240,16.3
2008-08-10,0,4,270,17.4
2008-08-10,1,4,170,17.6
2008-08-10,2,11,170,17.5
2008-08-10,3,9,180,17.4
2008-08-10,4,4,310,15.8
2008-08-10,5,4,350,15.6
2008-08-10,6,6,290,15.1
2008-08-10,7,6,220,17.4
2008-08-10,8,7,180,17.8
2008-08-10,9,11,170,19.1
2008-08-10,10,9,180,18.4
2008-08-10,11,13,220,17.4
2008-08-10,12,13,210,16.7
2008-08-10,13,7,140,20.2
2008-08-10,14,6,140,21
2008-08-10,15,9,160,20.8
2008-08-10,16,17,190,19.1
2008-08-10,17,19,320,14.6
2008-08-10,18,11,260,15.6
2008-08-10,19,7,100,12.6
2008-08-10,20,6,160,12.5
2008-08-10,21,4,310,11.5
2008-08-10,22,11,70,12.3
2008-08-10,23,15,80,12
2008-08-11,0,7,60,12.4
2008-08-11,1,11,80,11.9
2008-08-11,2,11,90,11.8
2008-08-11,3,6,50,11.4
2008-08-11,4,0,NA,9.5
2008-08-11,5,4,90,8.6
2008-08-11,6,0,NA,10.5
2008-08-11,7,4,250,12
2008-08-11,8,4,220,14.4
2008-08-11,9,6,230,16.5
2008-08-11,10,7,300,17.1
2008-08-11,11,4,260,20.1
2008-08-11,12,17,300,20.9
2008-08-11,13,15,300,20.5
2008-08-11,14,15,320,19.1
2008-08-11,15,15,300,22
2008-08-11,16,13,300,19.9
2008-08-11,17,20,310,20.4
2008-08-11,18,17,320,19.9
2008-08-11,19,19,330,17.4
2008-08-11,20,22,320,16.7
2008-08-11,21,17,320,15.8
2008-08-11,22,13,330,15.3
2008-08-11,23,6,360,14.4
2008-08-12,0,4,320,12.6
2008-08-12,1,4,80,11.2
2008-08-12,2,6,60,10.8
2008-08-12,3,7,70,9.9
2008-08-12,4,7,70,9.5
2008-08-12,5,6,70,9.4
2008-08-12,6,4,70,11
2008-08-12,7,0,NA,13.3
2008-08-12,8,4,260,15
2008-08-12,9,4,320,17.2
2008-08-12,10,9,310,18.7
2008-08-12,11,6,270,20.3
2008-08-12,12,4,310,22.6
2008-08-12,13,9,280,24.6
2008-08-12,14,9,260,26.2
2008-08-12,15,9,300,27.4
2008-08-12,16,7,290,27.8
2008-08-12,17,7,300,27.3
2008-08-12,18,6,290,23.1
2008-08-12,19,6,40,21.7
2008-08-12,20,4,70,18.9
2008-08-12,21,4,30,19.4
2008-08-12,22,6,100,17.3
2008-08-12,23,6,60,17.7
2008-08-13,0,4,360,16.8
2008-08-13,1,4,80,15.2
2008-08-13,2,7,60,15.7
2008-08-13,3,4,30,15.3
2008-08-13,4,4,10,14.2
2008-08-13,5,7,60,13.3
2008-08-13,6,4,50,15.1
2008-08-13,7,0,NA,16.6
2008-08-13,8,0,NA,16.7
2008-08-13,9,6,260,19.3
2008-08-13,10,4,180,21.8
2008-08-13,11,6,230,23.8
2008-08-13,12,6,230,26.2
2008-08-13,13,7,290,25.5
2008-08-13,14,7,260,28.9
2008-08-13,15,6,280,29.5
2008-08-13,16,9,290,28.1
2008-08-13,17,7,300,29
2008-08-13,18,4,280,27.1
2008-08-13,19,6,310,21.3
2008-08-13,20,7,350,22.2
2008-08-13,21,4,360,21.6
2008-08-13,22,4,360,20.7
2008-08-13,23,4,150,18.8
2008-08-14,0,4,10,19.2
2008-08-14,1,0,NA,18.5
2008-08-14,2,0,NA,17.8
2008-08-14,3,0,NA,16.1
2008-08-14,4,4,350,17
2008-08-14,5,6,50,15.9
2008-08-14,6,0,NA,16.3
2008-08-14,7,0,NA,18.7
2008-08-14,8,4,300,20.3
2008-08-14,9,7,310,22.5
2008-08-14,10,7,290,24.6
2008-08-14,11,7,290,26.9
2008-08-14,12,11,300,28.4
2008-08-14,13,6,300,30.2
2008-08-14,14,6,310,32
2008-08-14,15,7,270,33.1
2008-08-14,16,6,300,33.6
2008-08-14,17,6,300,32.4
2008-08-14,18,6,310,31.4
2008-08-14,19,0,NA,26.1
2008-08-14,20,6,40,24.2
2008-08-14,21,6,360,25.1
2008-08-14,22,6,20,24.3
2008-08-14,23,7,340,23.4
2008-08-15,0,6,10,22
2008-08-15,1,0,NA,20.6
2008-08-15,2,0,NA,19.5
2008-08-15,3,0,NA,19.3
2008-08-15,4,4,150,18.8
2008-08-15,5,0,NA,17.8
2008-08-15,6,4,60,18.1
2008-08-15,7,0,NA,20.6
2008-08-15,8,0,NA,21.9
2008-08-15,9,4,300,24.5
2008-08-15,10,6,270,27.1
2008-08-15,11,4,220,29.5
2008-08-15,12,6,250,31.6
2008-08-15,13,7,240,33.6
2008-08-15,14,6,290,35
2008-08-15,15,0,NA,35.5
2008-08-15,16,4,280,36.7
2008-08-15,17,6,260,35.6
2008-08-15,18,0,NA,34.5
2008-08-15,19,6,10,28.3
2008-08-15,20,7,60,26.1
2008-08-15,21,7,60,25.4
2008-08-15,22,7,70,25.6
2008-08-15,23,11,60,24.6
2008-08-16,0,6,60,22.8
2008-08-16,1,6,40,22.9
2008-08-16,2,7,40,21.9
2008-08-16,3,9,60,21
2008-08-16,4,6,60,19.8
2008-08-16,5,4,70,19
2008-08-16,6,6,50,19.2
2008-08-16,7,6,90,21.6
2008-08-16,8,0,NA,22.7
2008-08-16,9,4,280,24.8
2008-08-16,10,4,330,27
2008-08-16,11,6,290,28.7
2008-08-16,12,4,320,30.5
2008-08-16,13,6,270,32.6
2008-08-16,14,7,300,34.6
2008-08-16,15,9,300,34.1
2008-08-16,16,6,300,33.4
2008-08-16,17,4,300,33.3
2008-08-16,18,4,270,31.8
2008-08-16,19,0,NA,27.9
2008-08-16,20,7,50,27.2
2008-08-16,21,4,60,25.9
2008-08-16,22,6,350,26
2008-08-16,23,4,310,24.4
2008-08-17,0,0,NA,23.9
2008-08-17,1,6,110,23.3
2008-08-17,2,6,80,22.1
2008-08-17,3,9,80,20.8
2008-08-17,4,7,80,20.3
2008-08-17,5,6,70,18.8
2008-08-17,6,4,30,19.7
2008-08-17,7,0,NA,20.8
2008-08-17,8,0,NA,23.9
2008-08-17,9,4,240,25.4
2008-08-17,10,4,260,28.5
2008-08-17,11,6,270,29.9
2008-08-17,12,4,270,32.9
2008-08-17,13,6,300,35.5
2008-08-17,14,9,290,35.7
2008-08-17,15,7,310,36.2
2008-08-17,16,6,260,32.9
2008-08-17,17,11,340,28.5
2008-08-17,18,6,350,29.3
2008-08-17,19,6,20,25.9
2008-08-17,20,4,360,27.4
2008-08-17,21,4,110,25.1
2008-08-17,22,9,340,24.1
2008-08-17,23,4,350,24.6
2008-08-18,0,4,270,23.5
2008-08-18,1,4,50,22
2008-08-18,2,4,40,21.8
2008-08-18,3,4,10,21.6
2008-08-18,4,4,60,20.6
2008-08-18,5,0,NA,19.4
2008-08-18,6,0,NA,19.8
2008-08-18,7,0,NA,21.6
2008-08-18,8,4,160,22.6
2008-08-18,9,0,NA,26.2
2008-08-18,10,6,240,27.9
2008-08-18,11,6,240,30.5
2008-08-18,12,6,240,32.9
2008-08-18,13,6,300,34.2
2008-08-18,14,6,150,37
2008-08-18,15,17,180,37.3
2008-08-18,16,13,170,37.1
2008-08-18,17,9,240,36.4
2008-08-18,18,7,240,34.7
2008-08-18,19,7,140,31.5
2008-08-18,20,11,70,27.7
2008-08-18,21,6,310,27.4
2008-08-18,22,17,190,29.9
2008-08-18,23,26,200,26.8
2008-08-19,0,15,90,23
2008-08-19,1,6,10,20.3
2008-08-19,2,6,110,19.1
2008-08-19,3,7,110,18.4
2008-08-19,4,7,70,17.3
2008-08-19,5,7,140,17.5
2008-08-19,6,7,70,17.3
2008-08-19,7,0,NA,20
2008-08-19,8,6,130,21.9
2008-08-19,9,15,170,22.1
2008-08-19,10,11,150,24.5
2008-08-19,11,13,210,24.1
2008-08-19,12,19,170,22.5
2008-08-19,13,15,170,22.3
2008-08-19,14,20,170,22.4
2008-08-19,15,9,200,19.3
2008-08-19,16,4,330,20.4
2008-08-19,17,6,190,21.1
2008-08-19,18,6,290,21
2008-08-19,19,4,160,19.9
2008-08-19,20,4,200,19.4
2008-08-19,21,11,320,17.9
2008-08-19,22,7,320,16.3
2008-08-19,23,0,NA,15.6
2008-08-20,0,4,80,14.5
2008-08-20,1,6,70,13.9
2008-08-20,2,0,NA,14.1
2008-08-20,3,4,180,14.2
2008-08-20,4,7,120,14.3
2008-08-20,5,0,NA,13.7
2008-08-20,6,0,NA,13.7
2008-08-20,7,6,160,14.1
2008-08-20,8,11,170,14.1
2008-08-20,9,15,160,14.1
2008-08-20,10,15,130,14.6
2008-08-20,11,13,140,15.1
2008-08-20,12,17,160,16.3
2008-08-20,13,9,150,15.5
2008-08-20,14,7,140,17.5
2008-08-20,15,13,160,17.1
2008-08-20,16,6,170,16.2
2008-08-20,17,0,NA,16.6
2008-08-20,18,7,90,16.6
2008-08-20,19,7,90,15.5
2008-08-20,20,7,80,15.1
2008-08-20,21,11,100,14.6
2008-08-20,22,6,110,14.5
2008-08-20,23,6,160,14.3
2008-08-21,0,4,110,14.3
2008-08-21,1,6,170,13.3
2008-08-21,2,4,90,12.5
2008-08-21,3,7,70,12.5
2008-08-21,4,9,80,12.5
2008-08-21,5,11,90,12.5
2008-08-21,6,7,120,12.6
2008-08-21,7,6,160,13.3
2008-08-21,8,7,150,15
2008-08-21,9,9,150,15.3
2008-08-21,10,9,160,17
2008-08-21,11,32,330,14.7
2008-08-21,12,9,290,13.9
2008-08-21,13,15,120,13
2008-08-21,14,6,160,16.8
2008-08-21,15,4,180,17.3
2008-08-21,16,7,180,17
2008-08-21,17,6,150,15.9
2008-08-21,18,7,200,17.4
2008-08-21,19,6,140,13.9
2008-08-21,20,7,130,12.8
2008-08-21,21,7,130,12.8
2008-08-21,22,4,180,12.6
2008-08-21,23,0,NA,11.8
2008-08-22,0,0,NA,11
2008-08-22,1,0,NA,10.4
2008-08-22,2,0,NA,10.3
2008-08-22,3,6,60,9
2008-08-22,4,6,80,8.2
2008-08-22,5,9,80,8.6
2008-08-22,6,6,80,8.5
2008-08-22,7,4,110,12
2008-08-22,8,0,NA,13.3
2008-08-22,9,4,310,15.1
2008-08-22,10,6,200,16.8
2008-08-22,11,4,200,18.6
2008-08-22,12,7,210,20
2008-08-22,13,6,230,21.9
2008-08-22,14,7,130,22.5
2008-08-22,15,6,140,24
2008-08-22,16,7,160,23
2008-08-22,17,9,160,22.5
2008-08-22,18,4,180,21.2
2008-08-22,19,4,60,17.3
2008-08-22,20,6,70,15.1
2008-08-22,21,9,80,14.3
2008-08-22,22,4,350,15
2008-08-22,23,6,40,14.2
2008-08-23,0,7,340,13.1
2008-08-23,1,4,20,12.8
2008-08-23,2,4,350,12.2
2008-08-23,3,0,NA,10.8
2008-08-23,4,6,60,10.2
2008-08-23,5,6,50,9.9
2008-08-23,6,6,50,10.2
2008-08-23,7,0,NA,11.7
2008-08-23,8,4,260,13.5
2008-08-23,9,0,NA,16
2008-08-23,10,4,230,18.3
2008-08-23,11,4,260,20.3
2008-08-23,12,0,NA,22.7
2008-08-23,13,4,180,24
2008-08-23,14,4,230,24.9
2008-08-23,15,6,210,26.9
2008-08-23,16,4,240,27.3
2008-08-23,17,6,230,26.7
2008-08-23,18,0,NA,25.5
2008-08-23,19,6,40,19.4
2008-08-23,20,6,40,19.2
2008-08-23,21,6,360,18.3
2008-08-23,22,6,350,17.6
2008-08-23,23,4,20,16.5
2008-08-24,0,9,50,16.2
2008-08-24,1,4,350,15
2008-08-24,2,9,70,13.9
2008-08-24,3,6,70,11.7
2008-08-24,4,4,30,12.5
2008-08-24,5,7,50,12.6
2008-08-24,6,17,70,12.9
2008-08-24,7,4,260,12.7
2008-08-24,8,0,NA,15.7
2008-08-24,9,6,160,18.5
2008-08-24,10,0,NA,19.4
2008-08-24,11,6,160,22.3
2008-08-24,12,4,110,24.4
2008-08-24,13,0,NA,26.4
2008-08-24,14,9,180,29.7
2008-08-24,15,7,170,28
2008-08-24,16,9,170,28.6
2008-08-24,17,11,230,27.1
2008-08-24,18,9,180,26
2008-08-24,19,0,NA,22.8
2008-08-24,20,4,350,22.8
2008-08-24,21,4,60,20.9
2008-08-24,22,9,70,18.6
2008-08-24,23,15,80,18.5
2008-08-25,0,6,120,17.5
2008-08-25,1,9,70,17.1
2008-08-25,2,4,340,16
2008-08-25,3,9,70,15.4
2008-08-25,4,9,70,15.3
2008-08-25,5,9,80,15.1
2008-08-25,6,6,40,15.3
2008-08-25,7,0,NA,14.8
2008-08-25,8,4,70,15.6
2008-08-25,9,7,70,16.2
2008-08-25,10,6,190,17.2
2008-08-25,11,7,130,17.4
2008-08-25,12,6,170,17.6
2008-08-25,13,11,180,17.3
2008-08-25,14,11,200,16.4
2008-08-25,15,11,160,16.7
2008-08-25,16,9,170,16.3
2008-08-25,17,13,170,15.8
2008-08-25,18,7,160,15.2
2008-08-25,19,0,NA,13.7
2008-08-25,20,13,260,13
2008-08-25,21,6,330,11.7
2008-08-25,22,6,240,11.3
2008-08-25,23,0,NA,11.1
2008-08-26,0,4,120,10.9
2008-08-26,1,0,NA,10.3
2008-08-26,2,0,NA,10
2008-08-26,3,4,300,10
2008-08-26,4,0,NA,10
2008-08-26,5,0,NA,10
2008-08-26,6,0,NA,9.8
2008-08-26,7,4,210,10.5
2008-08-26,8,6,130,11.9
2008-08-26,9,4,240,13.9
2008-08-26,10,7,140,15.5
2008-08-26,11,9,150,17.4
2008-08-26,12,7,210,19.1
2008-08-26,13,6,210,19.4
2008-08-26,14,13,200,19.6
2008-08-26,15,19,170,19.6
2008-08-26,16,13,210,19.1
2008-08-26,17,11,210,17.7
2008-08-26,18,7,170,16.5
2008-08-26,19,4,200,15.1
2008-08-26,20,7,170,15.3
2008-08-26,21,6,140,13.9
2008-08-26,22,6,80,12.2
2008-08-26,23,6,120,12.6
2008-08-27,0,0,NA,12.6
2008-08-27,1,6,220,12
2008-08-27,2,6,250,10.7
2008-08-27,3,6,60,9.9
2008-08-27,4,6,120,9.6
2008-08-27,5,4,200,9.6
2008-08-27,6,0,NA,9.5
2008-08-27,7,4,70,10.7
2008-08-27,8,7,160,11.6
2008-08-27,9,4,220,11.4
2008-08-27,10,7,160,12
2008-08-27,11,9,170,14.2
2008-08-27,12,13,180,15.5
2008-08-27,13,11,170,15.7
2008-08-27,14,7,160,17.7
2008-08-27,15,24,320,15.5
2008-08-27,16,6,30,16
2008-08-27,17,6,300,13.3
2008-08-27,18,4,280,12.3
2008-08-27,19,4,300,11.4
2008-08-27,20,4,50,10
2008-08-27,21,4,10,9.9
2008-08-27,22,6,70,9.7
2008-08-27,23,4,30,10.1
2008-08-28,0,6,80,9.4
2008-08-28,1,6,60,8.9
2008-08-28,2,7,60,8.8
2008-08-28,3,7,80,8.9
2008-08-28,4,6,80,9.1
2008-08-28,5,4,100,9
2008-08-28,6,4,100,10
2008-08-28,7,7,140,10.5
2008-08-28,8,0,NA,11.7
2008-08-28,9,6,180,13.9
2008-08-28,10,7,170,15.5
2008-08-28,11,7,240,17.4
2008-08-28,12,6,260,19.2
2008-08-28,13,15,220,19.6
2008-08-28,14,7,180,18.6
2008-08-28,15,11,200,18.6
2008-08-28,16,7,210,18.2
2008-08-28,17,9,190,18
2008-08-28,18,0,NA,17.4
2008-08-28,19,6,80,15.2
2008-08-28,20,7,100,14.8
2008-08-28,21,7,80,14.8
2008-08-28,22,6,60,14.7
2008-08-28,23,6,60,14.1
2008-08-29,0,4,50,13.9
2008-08-29,1,0,NA,13.4
2008-08-29,2,0,NA,13
2008-08-29,3,4,150,12.7
2008-08-29,4,4,80,12.2
2008-08-29,5,6,80,11.5
2008-08-29,6,4,80,12.9
2008-08-29,7,4,120,13.9
2008-08-29,8,4,130,15.8
2008-08-29,9,4,100,18.4
2008-08-29,10,4,260,21.3
2008-08-29,11,9,160,24.2
2008-08-29,12,13,140,25.5
2008-08-29,13,13,170,25.8
2008-08-29,14,13,150,26.6
2008-08-29,15,13,160,26.4
2008-08-29,16,11,200,27.9
2008-08-29,17,7,220,28
2008-08-29,18,7,180,25.1
2008-08-29,19,7,170,23.9
2008-08-29,20,6,200,23.1
2008-08-29,21,9,160,23.6
2008-08-29,22,6,160,22.2
2008-08-29,23,7,130,20.8
2008-08-30,0,4,320,19.1
2008-08-30,1,19,330,16.6
2008-08-30,2,26,320,16
2008-08-30,3,20,330,15.9
2008-08-30,4,17,330,15.6
2008-08-30,5,17,330,15.3
2008-08-30,6,13,330,14.3
2008-08-30,7,22,340,15
2008-08-30,8,19,330,16.1
2008-08-30,9,20,320,17.1
2008-08-30,10,19,320,18.1
2008-08-30,11,13,320,18.6
2008-08-30,12,13,300,20.9
2008-08-30,13,13,300,21.5
2008-08-30,14,7,290,22.2
2008-08-30,15,9,290,19.9
2008-08-30,16,7,290,19.6
2008-08-30,17,6,270,18.1
2008-08-30,18,6,310,17.9
2008-08-30,19,11,300,17.1
2008-08-30,20,20,340,16.6
2008-08-30,21,20,330,15.8
2008-08-30,22,20,340,15
2008-08-30,23,15,340,14
2008-08-31,0,7,340,12.3
2008-08-31,1,0,NA,11.6
2008-08-31,2,0,NA,11
2008-08-31,3,6,70,9.7
2008-08-31,4,6,70,9.6
2008-08-31,5,7,70,8.3
2008-08-31,6,7,60,8.5
2008-08-31,7,4,80,11.2
2008-08-31,8,0,NA,12.4
2008-08-31,9,6,300,14.2
2008-08-31,10,11,300,16
2008-08-31,11,9,310,18
2008-08-31,12,15,310,18.9
2008-08-31,13,22,310,19.1
2008-08-31,14,20,320,16.7
2008-08-31,15,20,280,17.3
2008-08-31,16,17,310,16
2008-08-31,17,11,40,14.5
2008-08-31,18,13,40,13.7
2008-08-31,19,11,40,12.4
2008-08-31,20,17,60,13.1
2008-08-31,21,7,10,12.7
2008-08-31,22,4,300,11.8
2008-08-31,23,0,NA,12.3
2008-09-01,0,4,10,12.4
2008-09-01,1,0,NA,11.1
2008-09-01,2,7,60,10.9
2008-09-01,3,0,NA,10.2
2008-09-01,4,7,60,10.3
2008-09-01,5,4,80,8.5
2008-09-01,6,6,70,9.3
2008-09-01,7,0,NA,10.5
2008-09-01,8,0,NA,10.9
2008-09-01,9,4,260,11.7
2008-09-01,10,4,330,13.3
2008-09-01,11,7,290,14.7
2008-09-01,12,13,300,16.9
2008-09-01,13,15,300,17.3
2008-09-01,14,6,300,13.4
2008-09-01,15,9,270,16.6
2008-09-01,16,7,280,15.8
2008-09-01,17,6,250,13.6
2008-09-01,18,6,290,12.9
2008-09-01,19,0,NA,11
2008-09-01,20,7,60,9.3
2008-09-01,21,4,40,8.7
2008-09-01,22,9,80,8.8
2008-09-01,23,4,60,7.6
2008-09-02,0,9,50,8.2
2008-09-02,1,7,60,7.4
2008-09-02,2,7,50,6.9
2008-09-02,3,11,60,6.7
2008-09-02,4,15,70,6.6
2008-09-02,5,11,70,6.7
2008-09-02,6,11,60,6.6
2008-09-02,7,11,80,7.8
2008-09-02,8,6,140,9.6
2008-09-02,9,6,250,11.2
2008-09-02,10,4,170,13
2008-09-02,11,6,300,15.2
2008-09-02,12,4,330,15.8
2008-09-02,13,4,50,17.8
2008-09-02,14,6,290,17.1
2008-09-02,15,0,NA,16.8
2008-09-02,16,0,NA,17
2008-09-02,17,6,290,15.4
2008-09-02,18,4,260,14
2008-09-02,19,4,50,13.1
2008-09-02,20,0,NA,12.7
2008-09-02,21,4,30,11.9
2008-09-02,22,4,250,11.2
2008-09-02,23,0,NA,10.6
2008-09-03,0,4,80,11.6
2008-09-03,1,6,60,11.6
2008-09-03,2,4,70,10.4
2008-09-03,3,4,80,10.4
2008-09-03,4,6,50,9.8
2008-09-03,5,4,50,9.1
2008-09-03,6,6,60,8.1
2008-09-03,7,0,NA,11.2
2008-09-03,8,4,200,12.8
2008-09-03,9,0,NA,16.2
2008-09-03,10,4,240,16.3
2008-09-03,11,0,NA,16.8
2008-09-03,12,9,280,16.8
2008-09-03,13,19,320,18.2
2008-09-03,14,17,340,16.1
2008-09-03,15,20,320,17.5
2008-09-03,16,19,320,17.7
2008-09-03,17,17,340,17.4
2008-09-03,18,13,330,15.9
2008-09-03,19,4,240,13.8
2008-09-03,20,4,70,12.7
2008-09-03,21,6,300,12.1
2008-09-03,22,6,40,12.2
2008-09-03,23,6,20,12
2008-09-04,0,6,60,10.5
2008-09-04,1,4,10,9.7
2008-09-04,2,4,30,9.7
2008-09-04,3,4,20,9.2
2008-09-04,4,0,NA,9.2
2008-09-04,5,0,NA,8.5
2008-09-04,6,0,NA,8.5
2008-09-04,7,0,NA,10.7
2008-09-04,8,0,NA,12.4
2008-09-04,9,13,320,14.1
2008-09-04,10,9,300,15.6
2008-09-04,11,7,300,17.5
2008-09-04,12,7,260,19.1
2008-09-04,13,6,330,20.5
2008-09-04,14,11,310,21.4
2008-09-04,15,13,300,21.5
2008-09-04,16,11,290,21.5
2008-09-04,17,7,280,19.5
2008-09-04,18,6,290,17.4
2008-09-04,19,7,60,14.4
2008-09-04,20,4,60,13.5
2008-09-04,21,6,50,13.2
2008-09-04,22,4,30,12
2008-09-04,23,6,40,11.3
2008-09-05,0,6,60,10.6
2008-09-05,1,7,60,10
2008-09-05,2,0,NA,9.2
2008-09-05,3,0,NA,9.2
2008-09-05,4,7,70,9.1
2008-09-05,5,0,NA,9.1
2008-09-05,6,0,NA,7.8
2008-09-05,7,0,NA,9
2008-09-05,8,0,NA,9.6
2008-09-05,9,6,100,11.8
2008-09-05,10,4,170,13.8
2008-09-05,11,4,240,14.7
2008-09-05,12,4,270,16.4
2008-09-05,13,11,300,15.1
2008-09-05,14,9,320,15.3
2008-09-05,15,11,320,16.5
2008-09-05,16,11,310,14.9
2008-09-05,17,13,320,14.7
2008-09-05,18,9,310,13.8
2008-09-05,19,7,330,13.3
2008-09-05,20,6,20,11.7
2008-09-05,21,7,10,11.9
2008-09-05,22,6,80,9.8
2008-09-05,23,6,80,9.5
2008-09-06,0,7,60,9.7
2008-09-06,1,6,60,9.1
2008-09-06,2,6,60,8.7
2008-09-06,3,4,60,8.2
2008-09-06,4,4,30,8
2008-09-06,5,7,70,7.5
2008-09-06,6,4,40,7.7
2008-09-06,7,4,50,10.3
2008-09-06,8,0,NA,12.7
2008-09-06,9,0,NA,13.5
2008-09-06,10,6,310,14.9
2008-09-06,11,7,300,17.2
2008-09-06,12,6,300,19.1
2008-09-06,13,11,300,18
2008-09-06,14,11,310,17.7
2008-09-06,15,4,90,18.1
2008-09-06,16,0,NA,20.6
2008-09-06,17,9,340,17.2
2008-09-06,18,7,320,14.9
2008-09-06,19,19,330,14.5
2008-09-06,20,17,330,14.7
2008-09-06,21,7,320,13.5
2008-09-06,22,7,320,12.8
2008-09-06,23,7,300,10.8
2008-09-07,0,0,NA,11
2008-09-07,1,9,330,9.6
2008-09-07,2,4,100,9.3
2008-09-07,3,4,80,9.3
2008-09-07,4,4,60,8.1
2008-09-07,5,4,230,9.4
2008-09-07,6,6,160,9.4
2008-09-07,7,0,NA,10.4
2008-09-07,8,0,NA,12.3
2008-09-07,9,7,300,14.2
2008-09-07,10,7,290,16.1
2008-09-07,11,6,310,18
2008-09-07,12,6,300,19.8
2008-09-07,13,6,240,20.8
2008-09-07,14,6,260,21.9
2008-09-07,15,7,240,22.4
2008-09-07,16,6,260,22.2
2008-09-07,17,7,300,21.7
2008-09-07,18,6,270,17.4
2008-09-07,19,7,60,13.9
2008-09-07,20,6,10,13.8
2008-09-07,21,7,340,12.8
2008-09-07,22,6,10,12.7
2008-09-07,23,4,40,11.8
2008-09-08,0,6,50,10.7
2008-09-08,1,6,50,9.4
2008-09-08,2,6,60,9.1
2008-09-08,3,7,70,8.4
2008-09-08,4,0,NA,7.5
2008-09-08,5,4,10,7.5
2008-09-08,6,4,30,7.3
2008-09-08,7,0,NA,8.6
2008-09-08,8,0,NA,10.6
2008-09-08,9,4,240,13.2
2008-09-08,10,6,280,14.7
2008-09-08,11,6,250,16.2
2008-09-08,12,6,280,18.5
2008-09-08,13,9,290,18.7
2008-09-08,14,9,290,19.8
2008-09-08,15,9,310,19.9
2008-09-08,16,9,310,18.1
2008-09-08,17,7,310,16.4
2008-09-08,18,7,320,15.1
2008-09-08,19,0,NA,13.5
2008-09-08,20,4,30,13.1
2008-09-08,21,0,NA,11.8
2008-09-08,22,4,310,12.2
2008-09-08,23,6,340,12
2008-09-09,0,0,NA,11.4
2008-09-09,1,6,70,10
2008-09-09,2,4,280,10.1
2008-09-09,3,4,110,9.7
2008-09-09,4,7,80,8.6
2008-09-09,5,4,60,8.2
2008-09-09,6,6,60,8
2008-09-09,7,0,NA,9.4
2008-09-09,8,6,30,12.3
2008-09-09,9,4,110,15.1
2008-09-09,10,0,NA,17.4
2008-09-09,11,4,160,18.7
2008-09-09,12,4,260,21.6
2008-09-09,13,9,270,21.9
2008-09-09,14,0,NA,23.3
2008-09-09,15,37,330,18.5
2008-09-09,16,33,330,16.8
2008-09-09,17,30,340,16.6
2008-09-09,18,26,350,15.8
2008-09-09,19,26,340,15.1
2008-09-09,20,15,350,15.3
2008-09-09,21,7,360,14.5
2008-09-09,22,6,10,13.2
2008-09-09,23,11,340,12.1
2008-09-10,0,11,340,11.9
2008-09-10,1,0,NA,10.8
2008-09-10,2,0,NA,10.1
2008-09-10,3,6,60,8
2008-09-10,4,7,70,8
2008-09-10,5,7,60,7.8
2008-09-10,6,6,60,8
2008-09-10,7,4,60,9.9
2008-09-10,8,4,300,11.8
2008-09-10,9,7,330,14
2008-09-10,10,7,300,15.3
2008-09-10,11,6,300,17.2
2008-09-10,12,6,230,19.3
2008-09-10,13,7,270,20.8
2008-09-10,14,6,230,21.7
2008-09-10,15,7,280,22.3
2008-09-10,16,7,300,22
2008-09-10,17,9,290,20.8
2008-09-10,18,6,310,16.4
2008-09-10,19,7,350,14.4
2008-09-10,20,4,360,13
2008-09-10,21,4,290,12.4
2008-09-10,22,6,360,12.2
2008-09-10,23,4,360,11.6
2008-09-11,0,7,60,10.1
2008-09-11,1,4,50,9.5
2008-09-11,2,7,60,8.6
2008-09-11,3,4,60,8.8
2008-09-11,4,0,NA,7.5
2008-09-11,5,6,60,7.2
2008-09-11,6,0,NA,6.9
2008-09-11,7,0,NA,7.9
2008-09-11,8,4,230,10.9
2008-09-11,9,4,220,13.2
2008-09-11,10,6,230,15.3
2008-09-11,11,6,250,17.4
2008-09-11,12,6,240,19.5
2008-09-11,13,4,210,21.6
2008-09-11,14,4,230,22.9
2008-09-11,15,6,300,23.5
2008-09-11,16,4,270,24.2
2008-09-11,17,6,300,23.4
2008-09-11,18,4,300,18.8
2008-09-11,19,9,60,16.3
2008-09-11,20,7,60,15.9
2008-09-11,21,7,60,15.5
2008-09-11,22,7,60,15.2
2008-09-11,23,4,40,14.5
2008-09-12,0,9,70,14
2008-09-12,1,9,60,13.3
2008-09-12,2,17,80,12.7
2008-09-12,3,7,60,12.1
2008-09-12,4,17,80,11.7
2008-09-12,5,0,NA,9.7
2008-09-12,6,4,40,9.6
2008-09-12,7,15,80,11.7
2008-09-12,8,4,90,14.8
2008-09-12,9,4,200,15.8
2008-09-12,10,6,300,18
2008-09-12,11,4,190,20.3
2008-09-12,12,4,250,21.9
2008-09-12,13,11,330,24.3
2008-09-12,14,9,310,21.8
2008-09-12,15,4,260,25
2008-09-12,16,30,330,19.6
2008-09-12,17,20,330,20.1
2008-09-12,18,33,340,18.1
2008-09-12,19,32,340,17.3
2008-09-12,20,26,340,17.5
2008-09-12,21,19,350,17.7
2008-09-12,22,19,340,16
2008-09-12,23,24,330,16.1
2008-09-13,0,7,360,15.2
2008-09-13,1,4,60,14.5
2008-09-13,2,4,190,12.4
2008-09-13,3,11,70,12.4
2008-09-13,4,6,340,10.2
2008-09-13,5,9,70,9.9
2008-09-13,6,0,NA,9
2008-09-13,7,6,280,10.2
2008-09-13,8,4,280,13.7
2008-09-13,9,11,310,15.2
2008-09-13,10,11,300,16.6
2008-09-13,11,7,270,18
2008-09-13,12,6,250,20
2008-09-13,13,6,260,21.2
2008-09-13,14,6,230,22.3
2008-09-13,15,6,160,23
2008-09-13,16,7,280,22.6
2008-09-13,17,6,300,21.5
2008-09-13,18,6,290,16.4
2008-09-13,19,6,10,15.5
2008-09-13,20,4,20,14.3
2008-09-13,21,0,NA,13.7
2008-09-13,22,6,340,12.3
2008-09-13,23,6,80,12
2008-09-14,0,6,60,10.8
2008-09-14,1,0,NA,9.8
2008-09-14,2,4,10,10.7
2008-09-14,3,0,NA,8.6
2008-09-14,4,4,40,8
2008-09-14,5,6,60,7.7
2008-09-14,6,6,40,7.9
2008-09-14,7,4,80,9.6
2008-09-14,8,0,NA,11.1
2008-09-14,9,4,220,13.9
2008-09-14,10,4,320,16
2008-09-14,11,6,260,17.4
2008-09-14,12,6,290,19.4
2008-09-14,13,9,320,20.9
2008-09-14,14,9,300,21.9
2008-09-14,15,9,280,22.2
2008-09-14,16,7,300,22
2008-09-14,17,6,300,20.7
2008-09-14,18,0,NA,16.9
2008-09-14,19,6,70,14.5
2008-09-14,20,6,360,15.8
2008-09-14,21,0,NA,13.8
2008-09-14,22,0,NA,13.9
2008-09-14,23,0,NA,12.1
2008-09-15,0,0,NA,12
2008-09-15,1,0,NA,10.8
2008-09-15,2,0,NA,10.2
2008-09-15,3,0,NA,9.8
2008-09-15,4,0,NA,9.7
2008-09-15,5,6,80,8.4
2008-09-15,6,6,60,8
2008-09-15,7,4,70,10.2
2008-09-15,8,4,230,11.4
2008-09-15,9,4,260,14.4
2008-09-15,10,4,320,16.1
2008-09-15,11,6,280,18.9
2008-09-15,12,4,310,20.4
2008-09-15,13,6,290,22.7
2008-09-15,14,6,300,24.3
2008-09-15,15,6,270,24.9
2008-09-15,16,6,300,24.8
2008-09-15,17,6,290,22.6
2008-09-15,18,4,330,18.2
2008-09-15,19,6,60,16.6
2008-09-15,20,6,60,15.7
2008-09-15,21,4,30,14.9
2008-09-15,22,0,NA,14.3
2008-09-15,23,0,NA,13.3
2008-09-16,0,0,NA,12.3
2008-09-16,1,0,NA,12.3
2008-09-16,2,0,NA,11.5
2008-09-16,3,0,NA,11.4
2008-09-16,4,0,NA,10.1
2008-09-16,5,0,NA,9.2
2008-09-16,6,4,80,8.7
2008-09-16,7,4,70,11
2008-09-16,8,0,NA,13.1
2008-09-16,9,4,250,15.1
2008-09-16,10,0,NA,17.9
2008-09-16,11,4,300,19.6
2008-09-16,12,4,250,21.7
2008-09-16,13,6,260,23.3
2008-09-16,14,7,310,24.9
2008-09-16,15,6,290,26
2008-09-16,16,7,300,24.5
2008-09-16,17,4,310,23.4
2008-09-16,18,6,350,19
2008-09-16,19,6,50,17.8
2008-09-16,20,0,NA,17
2008-09-16,21,0,NA,16.1
2008-09-16,22,0,NA,15
2008-09-16,23,0,NA,14.9
2008-09-17,0,0,NA,13.3
2008-09-17,1,4,340,13.3
2008-09-17,2,4,20,12.8
2008-09-17,3,4,130,11.9
2008-09-17,4,0,NA,11.1
2008-09-17,5,0,NA,10.4
2008-09-17,6,4,60,9.4
2008-09-17,7,0,NA,11.2
2008-09-17,8,0,NA,13.7
2008-09-17,9,4,270,15
2008-09-17,10,4,250,17.8
2008-09-17,11,4,280,20.1
2008-09-17,12,6,280,22.5
2008-09-17,13,7,270,23.5
2008-09-17,14,7,290,24.6
2008-09-17,15,7,300,24.9
2008-09-17,16,7,300,24.2
2008-09-17,17,6,290,21.7
2008-09-17,18,0,NA,18.1
2008-09-17,19,6,130,17.1
2008-09-17,20,4,80,16.7
2008-09-17,21,0,NA,14.9
2008-09-17,22,4,90,15.1
2008-09-17,23,0,NA,14.3
2008-09-18,0,0,NA,14.5
2008-09-18,1,4,170,13.3
2008-09-18,2,0,NA,12.7
2008-09-18,3,6,60,11.2
2008-09-18,4,4,40,11.5
2008-09-18,5,4,30,10.1
2008-09-18,6,4,50,9.6
2008-09-18,7,0,NA,11
2008-09-18,8,0,NA,13.7
2008-09-18,9,0,NA,15.6
2008-09-18,10,4,240,18
2008-09-18,11,4,300,20.3
2008-09-18,12,6,260,22.7
2008-09-18,13,4,290,24.2
2008-09-18,14,4,270,25.6
2008-09-18,15,6,310,26.5
2008-09-18,16,7,310,24.5
2008-09-18,17,6,290,21.4
2008-09-18,18,0,NA,18.9
2008-09-18,19,0,NA,17.7
2008-09-18,20,0,NA,16.9
2008-09-18,21,4,40,16.1
2008-09-18,22,0,NA,14.8
2008-09-18,23,0,NA,15.3
2008-09-19,0,0,NA,13.5
2008-09-19,1,0,NA,13.4
2008-09-19,2,0,NA,12.8
2008-09-19,3,4,70,12.1
2008-09-19,4,0,NA,12
2008-09-19,5,4,60,11
2008-09-19,6,4,50,10.7
2008-09-19,7,0,NA,11.3
2008-09-19,8,0,NA,14.2
2008-09-19,9,4,250,15.8
2008-09-19,10,6,290,17.8
2008-09-19,11,0,NA,20.5
2008-09-19,12,6,290,22.7
2008-09-19,13,6,300,23.5
2008-09-19,14,9,300,23.9
2008-09-19,15,6,290,24.7
2008-09-19,16,6,300,24.1
2008-09-19,17,6,290,22.9
2008-09-19,18,4,330,18.9
2008-09-19,19,4,210,17.6
2008-09-19,20,4,30,16.8
2008-09-19,21,0,NA,16.8
2008-09-19,22,7,330,16.9
2008-09-19,23,4,270,14.5
2008-09-20,0,6,340,15.5
2008-09-20,1,4,170,14.7
2008-09-20,2,4,290,13.2
2008-09-20,3,0,NA,12.8
2008-09-20,4,4,310,12.4
2008-09-20,5,0,NA,12.1
2008-09-20,6,0,NA,11.7
2008-09-20,7,0,NA,13.1
2008-09-20,8,0,NA,13.9
2008-09-20,9,4,230,16.5
2008-09-20,10,4,210,18.9
2008-09-20,11,4,290,21.8
2008-09-20,12,0,NA,23.5
2008-09-20,13,6,150,24.6
2008-09-20,14,13,160,24.3
2008-09-20,15,20,170,24
2008-09-20,16,11,150,23
2008-09-20,17,13,150,22
2008-09-20,18,7,140,20.6
2008-09-20,19,9,140,20.3
2008-09-20,20,7,110,19.1
2008-09-20,21,9,140,18.8
2008-09-20,22,6,120,18.4
2008-09-20,23,9,140,17.1
2008-09-21,0,9,170,14.9
2008-09-21,1,7,150,13.8
2008-09-21,2,4,240,13.1
2008-09-21,3,4,300,12.5
2008-09-21,4,7,200,12.2
2008-09-21,5,17,160,11.9
2008-09-21,6,17,160,11.8
2008-09-21,7,17,160,11
2008-09-21,8,17,160,10.8
2008-09-21,9,17,150,10.3
2008-09-21,10,15,160,10.4
2008-09-21,11,15,150,10.4
2008-09-21,12,19,150,10.4
2008-09-21,13,17,150,10.2
2008-09-21,14,15,160,10
2008-09-21,15,17,150,9.9
2008-09-21,16,15,150,10.2
2008-09-21,17,13,160,10.4
2008-09-21,18,11,150,10.4
2008-09-21,19,9,150,10.5
2008-09-21,20,9,150,10.5
2008-09-21,21,0,NA,10.1
2008-09-21,22,6,300,10
2008-09-21,23,0,NA,9.8
2008-09-22,0,4,300,9.7
2008-09-22,1,4,350,9.8
2008-09-22,2,4,30,9.7
2008-09-22,3,0,NA,9.7
2008-09-22,4,4,30,9.9
2008-09-22,5,0,NA,10.1
2008-09-22,6,4,160,10.5
2008-09-22,7,6,170,10.5
2008-09-22,8,6,160,11.4
2008-09-22,9,4,100,12.4
2008-09-22,10,15,170,13.3
2008-09-22,11,17,170,12.6
2008-09-22,12,11,310,11
2008-09-22,13,9,330,14.6
2008-09-22,14,7,260,11.6
2008-09-22,15,9,310,10.7
2008-09-22,16,9,140,8.8
2008-09-22,17,7,130,8.1
2008-09-22,18,4,80,7.8
2008-09-22,19,0,NA,7.5
2008-09-22,20,0,NA,7.5
2008-09-22,21,0,NA,7.5
2008-09-22,22,6,300,6.9
2008-09-22,23,6,310,6.3
2008-09-23,0,4,360,5.9
2008-09-23,1,0,NA,5.1
2008-09-23,2,6,50,4.4
2008-09-23,3,6,60,4.3
2008-09-23,4,4,360,4.9
2008-09-23,5,4,110,4.6
2008-09-23,6,6,80,3.3
2008-09-23,7,0,NA,4.3
2008-09-23,8,0,NA,8
2008-09-23,9,4,260,8.5
2008-09-23,10,4,300,9.4
2008-09-23,11,4,110,11.4
2008-09-23,12,4,60,13.9
2008-09-23,13,0,NA,13.3
2008-09-23,14,4,240,14.8
2008-09-23,15,4,300,15.8
2008-09-23,16,6,240,13.3
2008-09-23,17,4,290,13
2008-09-23,18,4,20,9.2
2008-09-23,19,7,60,7.7
2008-09-23,20,6,60,7.5
2008-09-23,21,6,40,7
2008-09-23,22,0,NA,7
2008-09-23,23,7,340,6.5
2008-09-24,0,0,NA,5.7
2008-09-24,1,4,330,5.5
2008-09-24,2,4,320,5.5
2008-09-24,3,4,20,5.4
2008-09-24,4,9,60,5.6
2008-09-24,5,6,20,5.1
2008-09-24,6,0,NA,5
2008-09-24,7,0,NA,5.4
2008-09-24,8,0,NA,5.8
2008-09-24,9,6,160,7.2
2008-09-24,10,4,120,9
2008-09-24,11,7,260,11
2008-09-24,12,9,310,12
2008-09-24,13,13,300,12.4
2008-09-24,14,4,300,13.3
2008-09-24,15,9,300,14.7
2008-09-24,16,4,300,13.2
2008-09-24,17,4,310,11.5
2008-09-24,18,0,NA,10.4
2008-09-24,19,4,310,9.5
2008-09-24,20,7,110,8.3
2008-09-24,21,4,330,8.5
2008-09-24,22,0,NA,8
2008-09-24,23,0,NA,8.1
2008-09-25,0,7,60,7.7
2008-09-25,1,6,110,6.7
2008-09-25,2,4,60,6.4
2008-09-25,3,7,80,6
2008-09-25,4,0,NA,6.2
2008-09-25,5,6,50,6
2008-09-25,6,0,NA,5.5
2008-09-25,7,0,NA,6.9
2008-09-25,8,0,NA,9
2008-09-25,9,6,80,10
2008-09-25,10,0,NA,11.2
2008-09-25,11,0,NA,13.4
2008-09-25,12,6,220,15.1
2008-09-25,13,4,130,16.3
2008-09-25,14,4,300,14.7
2008-09-25,15,9,260,12.9
2008-09-25,16,15,70,13.7
2008-09-25,17,11,320,12.7
2008-09-25,18,17,350,12.1
2008-09-25,19,6,290,10.7
2008-09-25,20,9,70,9.6
2008-09-25,21,7,320,9.2
2008-09-25,22,4,10,9.4
2008-09-25,23,7,340,8.4
2008-09-26,0,4,20,7.5
2008-09-26,1,6,60,6.7
2008-09-26,2,4,50,6.2
2008-09-26,3,4,20,6.9
2008-09-26,4,4,50,6.1
2008-09-26,5,0,NA,6.4
2008-09-26,6,0,NA,6.3
2008-09-26,7,0,NA,6.5
2008-09-26,8,0,NA,7.5
2008-09-26,9,0,NA,11.3
2008-09-26,10,0,NA,13.1
2008-09-26,11,4,220,14.3
2008-09-26,12,6,220,15.6
2008-09-26,13,4,280,16.1
2008-09-26,14,4,200,16.8
2008-09-26,15,0,NA,15.9
2008-09-26,16,4,280,16.9
2008-09-26,17,0,NA,14.1
2008-09-26,18,0,NA,11.9
2008-09-26,19,7,80,10.9
2008-09-26,20,4,350,10
2008-09-26,21,4,310,9.9
2008-09-26,22,0,NA,10.2
2008-09-26,23,4,40,9.6
2008-09-27,0,6,360,9
2008-09-27,1,4,20,8.6
2008-09-27,2,0,NA,7.6
2008-09-27,3,6,60,7.6
2008-09-27,4,7,70,6.1
2008-09-27,5,7,120,5.7
2008-09-27,6,9,80,6.3
2008-09-27,7,7,90,6.6
2008-09-27,8,0,NA,8.9
2008-09-27,9,4,180,11.5
2008-09-27,10,4,240,12.2
2008-09-27,11,6,250,14.5
2008-09-27,12,6,290,16.4
2008-09-27,13,6,320,17.8
2008-09-27,14,4,280,19.2
2008-09-27,15,6,300,17.9
2008-09-27,16,0,NA,19
2008-09-27,17,0,NA,17.2
2008-09-27,18,4,310,13.6
2008-09-27,19,7,60,12.3
2008-09-27,20,7,60,12.3
2008-09-27,21,0,NA,12.2
2008-09-27,22,7,70,10.4
2008-09-27,23,0,NA,9.8
2008-09-28,0,4,30,9.6
2008-09-28,1,6,60,8.8
2008-09-28,2,6,50,8.1
2008-09-28,3,4,60,7.8
2008-09-28,4,6,60,6.7
2008-09-28,5,6,50,6.6
2008-09-28,6,7,70,6
2008-09-28,7,7,70,6.9
2008-09-28,8,0,NA,10.1
2008-09-28,9,4,280,11.9
2008-09-28,10,7,300,13.2
2008-09-28,11,6,310,15.3
2008-09-28,12,4,360,17
2008-09-28,13,6,360,18.3
2008-09-28,14,6,310,19.3
2008-09-28,15,9,310,19.2
2008-09-28,16,7,300,18.1
2008-09-28,17,6,300,16.9
2008-09-28,18,4,350,13.7
2008-09-28,19,0,NA,12.1
2008-09-28,20,4,40,11.4
2008-09-28,21,4,360,10.8
2008-09-28,22,4,280,10.5
2008-09-28,23,4,180,10.4
2008-09-29,0,4,20,9
2008-09-29,1,4,60,7.7
2008-09-29,2,4,30,8.1
2008-09-29,3,0,NA,8.1
2008-09-29,4,4,330,7.5
2008-09-29,5,0,NA,7.2
2008-09-29,6,4,340,6.6
2008-09-29,7,0,NA,7.6
2008-09-29,8,0,NA,10.2
2008-09-29,9,4,250,12.3
2008-09-29,10,4,270,14.3
2008-09-29,11,6,270,16.4
2008-09-29,12,4,240,18.3
2008-09-29,13,4,260,19.8
2008-09-29,14,4,240,21.1
2008-09-29,15,6,270,21.5
2008-09-29,16,7,300,21.4
2008-09-29,17,7,290,17.5
2008-09-29,18,6,360,14.5
2008-09-29,19,0,NA,13.2
2008-09-29,20,4,360,13.1
2008-09-29,21,0,NA,12.7
2008-09-29,22,4,350,11.3
2008-09-29,23,4,250,10.8
2008-09-30,0,4,320,11.4
2008-09-30,1,0,NA,10.3
2008-09-30,2,4,250,9.6
2008-09-30,3,0,NA,9.5
2008-09-30,4,0,NA,9
2008-09-30,5,0,NA,8.8
2008-09-30,6,0,NA,8.1
2008-09-30,7,0,NA,8.2
2008-09-30,8,0,NA,11.2
2008-09-30,9,4,250,13.2
2008-09-30,10,6,310,15.5
2008-09-30,11,4,270,17.6
2008-09-30,12,4,280,20
2008-09-30,13,4,220,22.1
2008-09-30,14,4,230,22.8
2008-09-30,15,4,280,23.9
2008-09-30,16,6,300,23.1
2008-09-30,17,4,280,20.1
2008-09-30,18,4,20,15.8
2008-09-30,19,0,NA,15
2008-09-30,20,4,290,15.3
2008-09-30,21,6,280,14.5
2008-09-30,22,4,240,12.7
2008-09-30,23,0,NA,12.6
2009-05-01,0,4,300,7.3
2009-05-01,1,0,NA,6.4
2009-05-01,2,6,340,6.3
2009-05-01,3,4,350,4.8
2009-05-01,4,4,270,4.3
2009-05-01,5,0,NA,3.7
2009-05-01,6,6,310,4.9
2009-05-01,7,0,NA,6.3
2009-05-01,8,4,210,7.7
2009-05-01,9,4,200,10.2
2009-05-01,10,4,160,12
2009-05-01,11,6,270,13.7
2009-05-01,12,7,260,14.8
2009-05-01,13,4,300,15.9
2009-05-01,14,9,270,16.7
2009-05-01,15,9,300,17.3
2009-05-01,16,6,270,17.7
2009-05-01,17,7,290,17.6
2009-05-01,18,6,290,17
2009-05-01,19,7,330,13
2009-05-01,20,6,60,10.2
2009-05-01,21,6,10,10.4
2009-05-01,22,4,160,8.7
2009-05-01,23,4,280,7.7
2009-05-02,0,11,330,7.7
2009-05-02,1,6,20,5.9
2009-05-02,2,4,130,6.5
2009-05-02,3,4,10,5.1
2009-05-02,4,4,340,3.9
2009-05-02,5,4,180,4.4
2009-05-02,6,4,250,4.9
2009-05-02,7,0,NA,6.6
2009-05-02,8,0,NA,9.6
2009-05-02,9,6,310,10.9
2009-05-02,10,6,290,13.6
2009-05-02,11,0,NA,16.5
2009-05-02,12,4,190,18.7
2009-05-02,13,7,270,19.8
2009-05-02,14,7,250,21.1
2009-05-02,15,9,230,21.5
2009-05-02,16,6,240,22.1
2009-05-02,17,6,210,20.8
2009-05-02,18,7,140,19.4
2009-05-02,19,19,150,16.9
2009-05-02,20,26,160,14.5
2009-05-02,21,22,160,13.2
2009-05-02,22,11,160,12.5
2009-05-02,23,13,170,12.2
2009-05-03,0,17,160,10.4
2009-05-03,1,13,160,9.8
2009-05-03,2,11,140,10.2
2009-05-03,3,6,290,9.6
2009-05-03,4,6,160,9.7
2009-05-03,5,6,180,9.6
2009-05-03,6,9,170,9.6
2009-05-03,7,11,150,9.1
2009-05-03,8,13,140,9.4
2009-05-03,9,13,140,9.5
2009-05-03,10,15,160,9.9
2009-05-03,11,17,160,11.6
2009-05-03,12,15,150,13.1
2009-05-03,13,11,180,13.2
2009-05-03,14,13,160,12.5
2009-05-03,15,13,120,14
2009-05-03,16,6,80,11.7
2009-05-03,17,9,70,12
2009-05-03,18,7,180,12.4
2009-05-03,19,6,340,10.7
2009-05-03,20,9,80,9.9
2009-05-03,21,4,160,9.5
2009-05-03,22,7,60,7.5
2009-05-03,23,6,140,7.6
2009-05-04,0,4,160,7.9
2009-05-04,1,6,120,6.6
2009-05-04,2,7,60,5.1
2009-05-04,3,11,80,5.2
2009-05-04,4,9,80,4.4
2009-05-04,5,9,70,4.7
2009-05-04,6,6,80,6.5
2009-05-04,7,4,220,7.4
2009-05-04,8,6,160,10.1
2009-05-04,9,9,160,12.3
2009-05-04,10,9,130,13.3
2009-05-04,11,11,150,14.9
2009-05-04,12,15,160,15.7
2009-05-04,13,7,210,16.6
2009-05-04,14,9,190,16.2
2009-05-04,15,7,220,16.9
2009-05-04,16,15,160,15.3
2009-05-04,17,11,160,14.6
2009-05-04,18,7,130,13.9
2009-05-04,19,7,120,12.8
2009-05-04,20,6,110,12.2
2009-05-04,21,0,NA,11.5
2009-05-04,22,13,100,11.6
2009-05-04,23,11,120,9.8
2009-05-05,0,17,150,8
2009-05-05,1,0,NA,7.5
2009-05-05,2,4,180,7.5
2009-05-05,3,6,180,6.9
2009-05-05,4,4,180,6.6
2009-05-05,5,4,340,6.4
2009-05-05,6,6,70,6.7
2009-05-05,7,24,150,10.2
2009-05-05,8,13,180,12.4
2009-05-05,9,20,190,12.7
2009-05-05,10,17,230,11.3
2009-05-05,11,7,270,13.2
2009-05-05,12,7,160,14.6
2009-05-05,13,15,340,12.6
2009-05-05,14,9,330,13.2
2009-05-05,15,33,330,9.3
2009-05-05,16,11,100,6.4
2009-05-05,17,6,50,8
2009-05-05,18,4,160,8.4
2009-05-05,19,9,120,6.9
2009-05-05,20,13,110,6.9
2009-05-05,21,0,NA,6.5
2009-05-05,22,9,100,6.4
2009-05-05,23,11,100,6.1
2009-05-06,0,9,90,5.3
2009-05-06,1,7,130,4.7
2009-05-06,2,7,150,4.5
2009-05-06,3,11,90,4.3
2009-05-06,4,4,100,4.1
2009-05-06,5,0,NA,3.9
2009-05-06,6,6,210,4.4
2009-05-06,7,6,80,6.1
2009-05-06,8,0,NA,7.8
2009-05-06,9,11,180,10.2
2009-05-06,10,11,180,10.6
2009-05-06,11,13,200,11.2
2009-05-06,12,7,150,12.6
2009-05-06,13,9,190,13.3
2009-05-06,14,13,150,11.9
2009-05-06,15,11,160,11.9
2009-05-06,16,9,190,12.1
2009-05-06,17,7,160,10.3
2009-05-06,18,7,220,8.7
2009-05-06,19,6,200,7.5
2009-05-06,20,6,160,6.9
2009-05-06,21,4,140,6.6
2009-05-06,22,4,310,6.1
2009-05-06,23,6,170,5.7
2009-05-07,0,0,NA,5.3
2009-05-07,1,6,90,5.2
2009-05-07,2,4,60,5.2
2009-05-07,3,6,90,5.1
2009-05-07,4,6,90,5.4
2009-05-07,5,7,170,6.3
2009-05-07,6,13,150,6.4
2009-05-07,7,19,170,7.1
2009-05-07,8,19,180,7.8
2009-05-07,9,17,200,8.4
2009-05-07,10,19,180,8.5
2009-05-07,11,17,180,9.8
2009-05-07,12,17,180,10.6
2009-05-07,13,20,160,10.8
2009-05-07,14,15,170,9.4
2009-05-07,15,13,160,11.7
2009-05-07,16,15,190,11.6
2009-05-07,17,13,170,10.3
2009-05-07,18,9,150,10.8
2009-05-07,19,11,160,9.2
2009-05-07,20,7,140,7.6
2009-05-07,21,9,90,7
2009-05-07,22,4,120,7.2
2009-05-07,23,4,140,6.2
2009-05-08,0,4,50,4.9
2009-05-08,1,6,60,4.4
2009-05-08,2,9,70,3.5
2009-05-08,3,0,NA,3.3
2009-05-08,4,9,70,2.8
2009-05-08,5,7,60,2.6
2009-05-08,6,6,100,5.2
2009-05-08,7,0,NA,6.9
2009-05-08,8,6,260,8.1
2009-05-08,9,4,290,10
2009-05-08,10,9,240,11
2009-05-08,11,4,210,12.5
2009-05-08,12,4,170,14.3
2009-05-08,13,6,290,15.7
2009-05-08,14,7,290,15.6
2009-05-08,15,13,180,14.1
2009-05-08,16,22,160,14
2009-05-08,17,17,160,13.6
2009-05-08,18,15,190,12.1
2009-05-08,19,9,160,10.6
2009-05-08,20,7,140,9.2
2009-05-08,21,9,120,8.2
2009-05-08,22,6,90,6.8
2009-05-08,23,6,120,6.3
2009-05-09,0,4,100,5.1
2009-05-09,1,4,260,4.7
2009-05-09,2,4,30,3.7
2009-05-09,3,4,30,3.9
2009-05-09,4,7,50,3.1
2009-05-09,5,0,NA,2.8
2009-05-09,6,0,NA,4.6
2009-05-09,7,0,NA,6.6
2009-05-09,8,4,290,8.1
2009-05-09,9,4,280,9.6
2009-05-09,10,6,270,11.8
2009-05-09,11,6,280,14.2
2009-05-09,12,4,280,15.4
2009-05-09,13,4,100,17.3
2009-05-09,14,9,70,17.5
2009-05-09,15,4,260,15.4
2009-05-09,16,9,200,17.5
2009-05-09,17,13,330,16
2009-05-09,18,6,340,15.6
2009-05-09,19,7,50,11.6
2009-05-09,20,6,40,10.2
2009-05-09,21,7,350,10.9
2009-05-09,22,6,330,9.5
2009-05-09,23,6,10,8.4
2009-05-10,0,4,330,8
2009-05-10,1,6,40,7.6
2009-05-10,2,0,NA,6.5
2009-05-10,3,4,30,5.8
2009-05-10,4,0,NA,5.2
2009-05-10,5,0,NA,4.4
2009-05-10,6,0,NA,5.9
2009-05-10,7,4,240,7.7
2009-05-10,8,0,NA,9.8
2009-05-10,9,0,NA,11.8
2009-05-10,10,4,150,14.1
2009-05-10,11,6,110,16.1
2009-05-10,12,6,140,18.4
2009-05-10,13,7,190,18.8
2009-05-10,14,15,160,19.1
2009-05-10,15,13,200,19.6
2009-05-10,16,11,280,19.2
2009-05-10,17,15,320,16.8
2009-05-10,18,9,340,17.2
2009-05-10,19,7,60,14.4
2009-05-10,20,7,350,13.6
2009-05-10,21,6,60,12.1
2009-05-10,22,4,50,11.1
2009-05-10,23,6,30,11.2
2009-05-11,0,4,60,9.7
2009-05-11,1,4,310,9.8
2009-05-11,2,4,340,8.4
2009-05-11,3,6,40,8.5
2009-05-11,4,7,50,7.9
2009-05-11,5,7,60,7
2009-05-11,6,6,60,6.9
2009-05-11,7,9,70,6.4
2009-05-11,8,0,NA,7.9
2009-05-11,9,6,90,9.7
2009-05-11,10,6,90,10.2
2009-05-11,11,4,170,10.1
2009-05-11,12,9,110,11
2009-05-11,13,15,160,10.2
2009-05-11,14,15,170,12.7
2009-05-11,15,13,170,12
2009-05-11,16,4,240,9
2009-05-11,17,15,90,8.3
2009-05-11,18,6,100,8.2
2009-05-11,19,9,90,8.2
2009-05-11,20,9,70,7.4
2009-05-11,21,9,110,6.5
2009-05-11,22,9,70,6.6
2009-05-11,23,11,80,6.7
2009-05-12,0,0,NA,6.1
2009-05-12,1,6,120,5.8
2009-05-12,2,4,100,5.8
2009-05-12,3,7,120,5.9
2009-05-12,4,4,90,6
2009-05-12,5,4,130,5.9
2009-05-12,6,11,160,6.9
2009-05-12,7,15,150,7.4
2009-05-12,8,11,170,10.2
2009-05-12,9,15,190,10
2009-05-12,10,13,190,11.5
2009-05-12,11,19,190,10.5
2009-05-12,12,19,270,9.5
2009-05-12,13,15,170,9
2009-05-12,14,19,180,11.1
2009-05-12,15,13,200,10.4
2009-05-12,16,9,220,11
2009-05-12,17,15,210,9.2
2009-05-12,18,9,280,9.3
2009-05-12,19,9,160,7.1
2009-05-12,20,13,160,6.7
2009-05-12,21,11,140,6.5
2009-05-12,22,11,150,6.3
2009-05-12,23,11,160,6.1
2009-05-13,0,9,150,5.7
2009-05-13,1,0,NA,5.5
2009-05-13,2,6,320,5
2009-05-13,3,6,330,4.8
2009-05-13,4,4,300,4.7
2009-05-13,5,0,NA,5.1
2009-05-13,6,4,260,5.7
2009-05-13,7,11,170,6.7
2009-05-13,8,17,170,7.3
2009-05-13,9,19,160,7.9
2009-05-13,10,17,160,8.3
2009-05-13,11,13,150,10.7
2009-05-13,12,13,190,10.5
2009-05-13,13,13,180,11.5
2009-05-13,14,17,170,11.3
2009-05-13,15,19,170,10.7
2009-05-13,16,17,160,10.9
2009-05-13,17,13,150,10.3
2009-05-13,18,17,170,9.9
2009-05-13,19,15,170,9.2
2009-05-13,20,7,190,7.5
2009-05-13,21,6,80,5.8
2009-05-13,22,4,260,5.6
2009-05-13,23,11,140,4.7
2009-05-14,0,9,150,4.2
2009-05-14,1,6,140,4
2009-05-14,2,0,NA,3.9
2009-05-14,3,6,330,3.7
2009-05-14,4,6,60,3.1
2009-05-14,5,0,NA,3.2
2009-05-14,6,4,60,3.6
2009-05-14,7,4,250,4.3
2009-05-14,8,4,270,4.6
2009-05-14,9,6,280,6
2009-05-14,10,15,320,5.7
2009-05-14,11,13,320,5.1
2009-05-14,12,11,310,7.8
2009-05-14,13,7,250,9.3
2009-05-14,14,13,290,10.6
2009-05-14,15,17,310,11.3
2009-05-14,16,19,320,10.3
2009-05-14,17,19,310,10.3
2009-05-14,18,13,340,11.6
2009-05-14,19,6,300,9
2009-05-14,20,4,330,7.5
2009-05-14,21,6,50,5.9
2009-05-14,22,6,100,4.6
2009-05-14,23,6,80,4.4
2009-05-15,0,7,60,4.1
2009-05-15,1,7,70,3.5
2009-05-15,2,7,70,2.8
2009-05-15,3,6,50,2.6
2009-05-15,4,7,60,2.1
2009-05-15,5,6,80,2.1
2009-05-15,6,0,NA,5
2009-05-15,7,4,250,5.3
2009-05-15,8,7,280,7.5
2009-05-15,9,4,240,9.3
2009-05-15,10,4,230,11.2
2009-05-15,11,7,220,12.9
2009-05-15,12,6,200,14.5
2009-05-15,13,9,260,15.3
2009-05-15,14,9,230,17.1
2009-05-15,15,7,260,16.5
2009-05-15,16,4,270,16.3
2009-05-15,17,7,310,15.7
2009-05-15,18,0,NA,14.9
2009-05-15,19,4,70,13.4
2009-05-15,20,6,50,10.3
2009-05-15,21,13,80,9.5
2009-05-15,22,9,70,9.6
2009-05-15,23,7,60,9
2009-05-16,0,7,70,7.9
2009-05-16,1,7,70,7.2
2009-05-16,2,7,60,7
2009-05-16,3,9,60,6.3
2009-05-16,4,15,80,5.9
2009-05-16,5,17,80,5.8
2009-05-16,6,11,80,7.3
2009-05-16,7,4,100,9.6
2009-05-16,8,4,170,11
2009-05-16,9,4,210,12.1
2009-05-16,10,6,230,13.7
2009-05-16,11,6,270,16
2009-05-16,12,6,120,19
2009-05-16,13,6,300,19.1
2009-05-16,14,9,280,20.8
2009-05-16,15,7,300,21.3
2009-05-16,16,13,300,18.7
2009-05-16,17,6,290,17.8
2009-05-16,18,7,300,15.8
2009-05-16,19,4,290,15.2
2009-05-16,20,0,NA,13.3
2009-05-16,21,7,330,13.5
2009-05-16,22,4,280,12.5
2009-05-16,23,0,NA,12
2009-05-17,0,4,60,11.4
2009-05-17,1,4,330,11.4
2009-05-17,2,4,70,10.3
2009-05-17,3,7,70,10
2009-05-17,4,6,40,9.8
2009-05-17,5,6,90,8.5
2009-05-17,6,9,70,9.7
2009-05-17,7,6,70,10.6
2009-05-17,8,0,NA,12.4
2009-05-17,9,0,NA,13.8
2009-05-17,10,0,NA,15.4
2009-05-17,11,6,230,16.2
2009-05-17,12,4,250,18.4
2009-05-17,13,7,290,19.3
2009-05-17,14,9,290,20.4
2009-05-17,15,7,300,21.9
2009-05-17,16,6,280,22.1
2009-05-17,17,6,300,21.4
2009-05-17,18,6,280,20.1
2009-05-17,19,6,350,18.2
2009-05-17,20,6,60,16.7
2009-05-17,21,4,350,16.7
2009-05-17,22,4,40,15.6
2009-05-17,23,4,20,13.9
2009-05-18,0,11,50,14
2009-05-18,1,19,70,13
2009-05-18,2,20,70,12.3
2009-05-18,3,19,80,11.4
2009-05-18,4,17,80,11.1
2009-05-18,5,11,60,10.8
2009-05-18,6,17,90,12.7
2009-05-18,7,6,110,14.4
2009-05-18,8,0,NA,16
2009-05-18,9,4,230,17.8
2009-05-18,10,6,250,19
2009-05-18,11,6,300,21.4
2009-05-18,12,6,180,25.2
2009-05-18,13,4,200,27.3
2009-05-18,14,7,250,27.2
2009-05-18,15,9,210,28.1
2009-05-18,16,9,240,28.2
2009-05-18,17,6,250,26.1
2009-05-18,18,6,200,25
2009-05-18,19,4,50,21.6
2009-05-18,20,6,70,20
2009-05-18,21,9,70,17.9
2009-05-18,22,19,80,17.5
2009-05-18,23,17,70,16.1
2009-05-19,0,19,70,15.3
2009-05-19,1,13,60,14.2
2009-05-19,2,11,90,13.8
2009-05-19,3,7,100,12.9
2009-05-19,4,7,130,13.8
2009-05-19,5,15,180,16.6
2009-05-19,6,9,230,15.9
2009-05-19,7,17,210,15.3
2009-05-19,8,19,170,14.5
2009-05-19,9,19,200,14.5
2009-05-19,10,17,180,16.8
2009-05-19,11,24,170,16.3
2009-05-19,12,19,330,11.7
2009-05-19,13,30,330,13.5
2009-05-19,14,26,330,13
2009-05-19,15,33,330,10.6
2009-05-19,16,22,320,12.3
2009-05-19,17,22,330,12.3
2009-05-19,18,19,310,10.9
2009-05-19,19,0,NA,9.4
2009-05-19,20,9,110,8.1
2009-05-19,21,7,280,7.5
2009-05-19,22,4,310,7.1
2009-05-19,23,7,120,6.7
2009-05-20,0,6,320,6.3
2009-05-20,1,7,50,5.9
2009-05-20,2,7,80,4.5
2009-05-20,3,6,260,4.2
2009-05-20,4,7,60,3.5
2009-05-20,5,0,NA,4.1
2009-05-20,6,6,110,5.3
2009-05-20,7,4,80,7.5
2009-05-20,8,15,150,8.5
2009-05-20,9,13,150,10.2
2009-05-20,10,9,160,11.6
2009-05-20,11,9,150,11.7
2009-05-20,12,11,170,12.7
2009-05-20,13,11,290,9.2
2009-05-20,14,20,150,12
2009-05-20,15,13,180,14.2
2009-05-20,16,20,190,12.9
2009-05-20,17,24,310,9.9
2009-05-20,18,9,270,9.3
2009-05-20,19,13,70,7.2
2009-05-20,20,4,30,6.5
2009-05-20,21,7,60,6.3
2009-05-20,22,6,60,5.9
2009-05-20,23,4,50,5.2
2009-05-21,0,7,80,4.2
2009-05-21,1,4,10,4.4
2009-05-21,2,0,NA,3.6
2009-05-21,3,0,NA,3.4
2009-05-21,4,4,70,3.7
2009-05-21,5,4,340,4.1
2009-05-21,6,4,270,5.4
2009-05-21,7,7,310,5.6
2009-05-21,8,7,260,7.9
2009-05-21,9,6,260,9.2
2009-05-21,10,6,300,10.2
2009-05-21,11,7,280,12.4
2009-05-21,12,6,290,14.2
2009-05-21,13,6,260,15.8
2009-05-21,14,9,260,16.5
2009-05-21,15,13,300,17.5
2009-05-21,16,15,300,17.6
2009-05-21,17,19,320,17.4
2009-05-21,18,11,290,16.1
2009-05-21,19,7,270,13.6
2009-05-21,20,NA,NA,NA
2009-05-21,21,7,60,9
2009-05-21,22,6,30,9.1
2009-05-21,23,0,NA,9.4
2009-05-22,0,6,30,8.7
2009-05-22,1,7,50,7.2
2009-05-22,2,0,NA,6.4
2009-05-22,3,4,60,5.2
2009-05-22,4,4,350,5.6
2009-05-22,5,0,NA,5.8
2009-05-22,6,6,60,8.4
2009-05-22,7,6,310,9.3
2009-05-22,8,6,280,10.8
2009-05-22,9,9,300,12.8
2009-05-22,10,13,290,14.6
2009-05-22,11,7,300,16.6
2009-05-22,12,6,290,18.4
2009-05-22,13,7,290,20
2009-05-22,14,6,290,21.3
2009-05-22,15,9,280,22.3
2009-05-22,16,7,280,22.5
2009-05-22,17,7,300,22.4
2009-05-22,18,7,330,21.2
2009-05-22,19,6,290,18
2009-05-22,20,6,340,14.7
2009-05-22,21,9,340,14.4
2009-05-22,22,7,330,13.4
2009-05-22,23,6,10,13.5
2009-05-23,0,4,10,12.1
2009-05-23,1,6,330,11.1
2009-05-23,2,7,340,10.6
2009-05-23,3,6,350,9.6
2009-05-23,4,4,300,8.7
2009-05-23,5,0,NA,8.5
2009-05-23,6,0,NA,10.1
2009-05-23,7,6,330,11.8
2009-05-23,8,9,290,13.4
2009-05-23,9,6,290,15
2009-05-23,10,9,320,17
2009-05-23,11,11,290,18.8
2009-05-23,12,9,290,20.7
2009-05-23,13,9,300,22.4
2009-05-23,14,6,250,24.4
2009-05-23,15,7,300,25.1
2009-05-23,16,9,310,24.9
2009-05-23,17,13,300,23.7
2009-05-23,18,13,320,23.4
2009-05-23,19,9,290,20.7
2009-05-23,20,6,30,17.8
2009-05-23,21,9,350,17.2
2009-05-23,22,11,340,16.1
2009-05-23,23,7,340,15
2009-05-24,0,7,340,13.6
2009-05-24,1,7,340,13.2
2009-05-24,2,6,350,12
2009-05-24,3,4,20,11
2009-05-24,4,4,70,10.1
2009-05-24,5,4,340,10.5
2009-05-24,6,0,NA,12
2009-05-24,7,0,NA,11.6
2009-05-24,8,9,310,13.9
2009-05-24,9,9,320,16.4
2009-05-24,10,9,300,18.3
2009-05-24,11,9,310,19.9
2009-05-24,12,6,300,22.3
2009-05-24,13,15,310,23.5
2009-05-24,14,11,320,24.8
2009-05-24,15,9,300,25.7
2009-05-24,16,13,290,25.7
2009-05-24,17,11,290,25.7
2009-05-24,18,6,270,25.3
2009-05-24,19,0,NA,23.7
2009-05-24,20,6,30,18.6
2009-05-24,21,9,50,17
2009-05-24,22,4,40,16.1
2009-05-24,23,6,20,16.1
2009-05-25,0,6,170,13.5
2009-05-25,1,6,330,14.3
2009-05-25,2,4,320,13.1
2009-05-25,3,4,140,11.6
2009-05-25,4,4,20,11.3
2009-05-25,5,7,60,10.2
2009-05-25,6,0,NA,13.9
2009-05-25,7,7,340,10
2009-05-25,8,6,340,14.5
2009-05-25,9,4,160,16.9
2009-05-25,10,4,170,17.5
2009-05-25,11,6,120,20.3
2009-05-25,12,6,190,22.9
2009-05-25,13,4,240,22.3
2009-05-25,14,15,310,24
2009-05-25,15,13,310,22.1
2009-05-25,16,22,330,21.7
2009-05-25,17,11,320,23.8
2009-05-25,18,13,330,22.2
2009-05-25,19,4,260,20.1
2009-05-25,20,6,350,17.6
2009-05-25,21,4,280,15.8
2009-05-25,22,7,40,16.3
2009-05-25,23,0,NA,14.8
2009-05-26,0,4,360,13.6
2009-05-26,1,15,60,13.9
2009-05-26,2,20,70,12.5
2009-05-26,3,19,70,12
2009-05-26,4,19,70,11
2009-05-26,5,20,70,11.3
2009-05-26,6,13,80,12.8
2009-05-26,7,11,110,13.8
2009-05-26,8,7,160,15.4
2009-05-26,9,6,240,17.2
2009-05-26,10,19,170,20.8
2009-05-26,11,9,180,21.1
2009-05-26,12,15,220,22.4
2009-05-26,13,22,240,21.5
2009-05-26,14,19,240,21.5
2009-05-26,15,11,220,21.4
2009-05-26,16,7,220,21.3
2009-05-26,17,24,340,18.3
2009-05-26,18,19,330,17.9
2009-05-26,19,9,70,16.4
2009-05-26,20,4,50,15.1
2009-05-26,21,4,40,15.2
2009-05-26,22,6,320,14.1
2009-05-26,23,6,350,12.9
2009-05-27,0,4,360,11.5
2009-05-27,1,4,30,10.2
2009-05-27,2,4,360,9.8
2009-05-27,3,4,40,9.3
2009-05-27,4,0,NA,8.1
2009-05-27,5,4,70,8.7
2009-05-27,6,0,NA,11.3
2009-05-27,7,4,220,11.9
2009-05-27,8,4,240,14.1
2009-05-27,9,6,230,15.9
2009-05-27,10,7,290,17.5
2009-05-27,11,4,250,19.1
2009-05-27,12,9,210,20
2009-05-27,13,15,190,22.6
2009-05-27,14,17,210,21.9
2009-05-27,15,9,210,22.5
2009-05-27,16,17,260,22.4
2009-05-27,17,6,320,22
2009-05-27,18,11,310,22.3
2009-05-27,19,7,180,20.3
2009-05-27,20,6,200,18.1
2009-05-27,21,7,60,14.9
2009-05-27,22,11,70,13
2009-05-27,23,7,60,13.4
2009-05-28,0,NA,NA,NA
2009-05-28,1,9,50,12.4
2009-05-28,2,6,350,11.5
2009-05-28,3,4,70,10.3
2009-05-28,4,0,NA,9.3
2009-05-28,5,6,60,9.8
2009-05-28,6,0,NA,11.8
2009-05-28,7,4,300,13.1
2009-05-28,8,6,290,14.4
2009-05-28,9,6,260,16.4
2009-05-28,10,6,250,18.1
2009-05-28,11,6,300,20.1
2009-05-28,12,11,300,21.6
2009-05-28,13,7,320,23.1
2009-05-28,14,11,310,24.5
2009-05-28,15,7,280,25.9
2009-05-28,16,7,310,26.8
2009-05-28,17,9,320,26.5
2009-05-28,18,9,340,24
2009-05-28,19,0,NA,20.6
2009-05-28,20,6,10,18.9
2009-05-28,21,6,60,17.2
2009-05-28,22,0,NA,17.2
2009-05-28,23,4,320,16.2
2009-05-29,0,6,20,15.4
2009-05-29,1,4,30,14.2
2009-05-29,2,4,290,12.7
2009-05-29,3,0,NA,12.3
2009-05-29,4,0,NA,10.9
2009-05-29,5,4,320,12.1
2009-05-29,6,4,310,13.5
2009-05-29,7,0,NA,14.8
2009-05-29,8,6,270,16.9
2009-05-29,9,6,240,17.9
2009-05-29,10,4,250,19.1
2009-05-29,11,0,NA,22.3
2009-05-29,12,6,230,24.2
2009-05-29,13,6,250,26.7
2009-05-29,14,6,250,28.5
2009-05-29,15,7,270,29.7
2009-05-29,16,7,180,30.1
2009-05-29,17,6,160,30.3
2009-05-29,18,0,NA,30.1
2009-05-29,19,6,220,27.4
2009-05-29,20,7,50,21.8
2009-05-29,21,9,70,21.1
2009-05-29,22,6,50,19.9
2009-05-29,23,13,70,19.1
2009-05-30,0,11,50,18.8
2009-05-30,1,11,60,18
2009-05-30,2,11,60,16.9
2009-05-30,3,13,60,15.7
2009-05-30,4,11,70,14.7
2009-05-30,5,7,70,14.4
2009-05-30,6,0,NA,15.9
2009-05-30,7,7,320,16.5
2009-05-30,8,7,290,18.4
2009-05-30,9,6,290,20.7
2009-05-30,10,6,250,22.5
2009-05-30,11,6,270,24.5
2009-05-30,12,6,310,26
2009-05-30,13,0,NA,28.1
2009-05-30,14,6,320,30.6
2009-05-30,15,11,310,30
2009-05-30,16,15,300,28.5
2009-05-30,17,13,300,27.9
2009-05-30,18,7,310,28.5
2009-05-30,19,9,310,24.5
2009-05-30,20,11,320,21.3
2009-05-30,21,20,330,23.1
2009-05-30,22,4,340,19.3
2009-05-30,23,4,330,19.1
2009-05-31,0,4,320,17.9
2009-05-31,1,6,60,16.7
2009-05-31,2,4,350,16.6
2009-05-31,3,4,10,14.9
2009-05-31,4,11,310,14
2009-05-31,5,6,50,13.3
2009-05-31,6,0,NA,14.8
2009-05-31,7,6,300,17
2009-05-31,8,11,300,18.2
2009-05-31,9,15,310,17.6
2009-05-31,10,13,320,21.1
2009-05-31,11,19,320,22.5
2009-05-31,12,22,310,23.7
2009-05-31,13,22,330,25.2
2009-05-31,14,20,320,25.5
2009-05-31,15,19,320,26.1
2009-05-31,16,15,310,25.6
2009-05-31,17,20,330,25.1
2009-05-31,18,15,330,24.9
2009-05-31,19,19,340,23.3
2009-05-31,20,7,300,20.4
2009-05-31,21,13,320,19.1
2009-05-31,22,4,90,18.5
2009-05-31,23,6,30,18.1
2009-06-01,0,6,360,16.4
2009-06-01,1,7,20,16.1
2009-06-01,2,7,300,14.7
2009-06-01,3,9,290,14.1
2009-06-01,4,13,50,15.3
2009-06-01,5,7,110,13.3
2009-06-01,6,11,90,17.1
2009-06-01,7,11,70,17.6
2009-06-01,8,13,90,19.4
2009-06-01,9,13,70,20.7
2009-06-01,10,15,50,21.3
2009-06-01,11,13,80,21.9
2009-06-01,12,15,60,22.6
2009-06-01,13,15,70,23.6
2009-06-01,14,17,80,23.9
2009-06-01,15,19,70,23.4
2009-06-01,16,19,70,22.8
2009-06-01,17,17,60,21.9
2009-06-01,18,19,50,20.5
2009-06-01,19,33,80,18.6
2009-06-01,20,19,100,16.8
2009-06-01,21,13,80,15.9
2009-06-01,22,7,80,14.2
2009-06-01,23,13,80,14.6
2009-06-02,0,11,60,14.5
2009-06-02,1,19,60,13.2
2009-06-02,2,17,50,12.1
2009-06-02,3,17,70,12
2009-06-02,4,13,50,11.8
2009-06-02,5,9,40,12
2009-06-02,6,11,60,13.7
2009-06-02,7,19,60,15.7
2009-06-02,8,11,60,17.9
2009-06-02,9,11,80,19.5
2009-06-02,10,7,50,20.7
2009-06-02,11,9,40,21.7
2009-06-02,12,7,360,22.8
2009-06-02,13,11,330,23.3
2009-06-02,14,17,280,23.1
2009-06-02,15,13,310,23.7
2009-06-02,16,17,320,23.6
2009-06-02,17,15,320,23.9
2009-06-02,18,11,320,23
2009-06-02,19,4,220,21.3
2009-06-02,20,9,60,18.4
2009-06-02,21,7,60,17.3
2009-06-02,22,6,340,16.1
2009-06-02,23,4,40,15.1
2009-06-03,0,6,30,14.2
2009-06-03,1,6,330,13.3
2009-06-03,2,4,360,12.8
2009-06-03,3,6,40,11.3
2009-06-03,4,4,10,10.6
2009-06-03,5,4,30,11.2
2009-06-03,6,4,350,12.7
2009-06-03,7,4,240,13.4
2009-06-03,8,6,250,15.7
2009-06-03,9,6,270,18
2009-06-03,10,6,270,20.4
2009-06-03,11,4,180,22.4
2009-06-03,12,6,250,24.2
2009-06-03,13,6,270,25.6
2009-06-03,14,9,280,26.7
2009-06-03,15,11,290,27.4
2009-06-03,16,9,290,27.5
2009-06-03,17,11,310,27.1
2009-06-03,18,6,280,25.4
2009-06-03,19,7,290,23
2009-06-03,20,6,10,20.5
2009-06-03,21,11,60,18.7
2009-06-03,22,6,20,19
2009-06-03,23,6,340,17.2
2009-06-04,0,0,NA,16
2009-06-04,1,6,50,15
2009-06-04,2,7,50,13.7
2009-06-04,3,6,80,12
2009-06-04,4,0,NA,12.8
2009-06-04,5,6,60,12.5
2009-06-04,6,0,NA,15.2
2009-06-04,7,0,NA,15.7
2009-06-04,8,4,220,17.5
2009-06-04,9,4,340,20
2009-06-04,10,7,290,21.7
2009-06-04,11,7,300,23.9
2009-06-04,12,4,270,25.4
2009-06-04,13,6,310,28
2009-06-04,14,6,240,29
2009-06-04,15,7,250,30
2009-06-04,16,6,280,30
2009-06-04,17,6,280,30
2009-06-04,18,6,280,28.3
2009-06-04,19,4,130,25.5
2009-06-04,20,6,350,23.1
2009-06-04,21,4,170,21.7
2009-06-04,22,7,80,19.8
2009-06-04,23,4,320,19.8
2009-06-05,0,6,50,19.3
2009-06-05,1,0,NA,17.1
2009-06-05,2,0,NA,17.1
2009-06-05,3,6,50,15.3
2009-06-05,4,7,340,14.5
2009-06-05,5,6,260,15.7
2009-06-05,6,6,70,17.5
2009-06-05,7,0,NA,17
2009-06-05,8,0,NA,18.3
2009-06-05,9,4,230,19.4
2009-06-05,10,4,290,21.1
2009-06-05,11,6,270,21.5
2009-06-05,12,6,290,23.2
2009-06-05,13,4,240,23.1
2009-06-05,14,4,250,26.1
2009-06-05,15,9,290,26.8
2009-06-05,16,13,310,26.6
2009-06-05,17,0,NA,27.1
2009-06-05,18,4,290,22.7
2009-06-05,19,7,130,21.4
2009-06-05,20,22,60,22.2
2009-06-05,21,26,50,20.1
2009-06-05,22,26,50,15.8
2009-06-05,23,26,50,14.8
2009-06-06,0,26,50,14.2
2009-06-06,1,24,50,14
2009-06-06,2,22,50,12.8
2009-06-06,3,24,40,12.1
2009-06-06,4,22,60,11.9
2009-06-06,5,19,80,12.2
2009-06-06,6,15,60,12.6
2009-06-06,7,13,80,14.1
2009-06-06,8,13,60,14.7
2009-06-06,9,19,60,13.7
2009-06-06,10,15,40,13.8
2009-06-06,11,19,50,13.1
2009-06-06,12,22,50,12.5
2009-06-06,13,17,50,13.5
2009-06-06,14,13,90,14.6
2009-06-06,15,7,80,14.4
2009-06-06,16,11,60,15.7
2009-06-06,17,11,40,14.6
2009-06-06,18,13,50,15
2009-06-06,19,11,80,13.8
2009-06-06,20,13,70,11.9
2009-06-06,21,11,70,11.2
2009-06-06,22,11,60,10.5
2009-06-06,23,13,60,9.7
2009-06-07,0,17,60,8.7
2009-06-07,1,17,60,8
2009-06-07,2,7,40,7.6
2009-06-07,3,6,50,6.8
2009-06-07,4,4,40,5.5
2009-06-07,5,6,260,5.1
2009-06-07,6,0,NA,7.7
2009-06-07,7,4,340,10.2
2009-06-07,8,6,130,12.2
2009-06-07,9,7,210,13.7
2009-06-07,10,6,210,15
2009-06-07,11,9,200,16.8
2009-06-07,12,7,200,17.2
2009-06-07,13,7,220,17.8
2009-06-07,14,9,190,19
2009-06-07,15,7,130,19.9
2009-06-07,16,9,150,19.8
2009-06-07,17,17,50,16.2
2009-06-07,18,17,40,15.4
2009-06-07,19,15,40,14.9
2009-06-07,20,20,330,13.9
2009-06-07,21,20,330,12.6
2009-06-07,22,22,330,12
2009-06-07,23,26,330,10.6
2009-06-08,0,15,340,10.4
2009-06-08,1,13,320,9.8
2009-06-08,2,17,330,9.2
2009-06-08,3,9,330,9
2009-06-08,4,9,330,8.8
2009-06-08,5,4,230,8.2
2009-06-08,6,0,NA,9.4
2009-06-08,7,7,310,9.2
2009-06-08,8,6,320,10.5
2009-06-08,9,9,40,11.3
2009-06-08,10,13,10,12.4
2009-06-08,11,7,350,13.7
2009-06-08,12,13,300,13.2
2009-06-08,13,6,290,16.1
2009-06-08,14,11,140,16.2
2009-06-08,15,9,90,17.2
2009-06-08,16,6,260,18.4
2009-06-08,17,7,250,17
2009-06-08,18,0,NA,17.9
2009-06-08,19,11,300,14.3
2009-06-08,20,15,50,13.5
2009-06-08,21,6,350,12.5
2009-06-08,22,6,40,11.2
2009-06-08,23,4,30,10.4
2009-06-09,0,7,350,9
2009-06-09,1,0,NA,8.5
2009-06-09,2,4,60,7.4
2009-06-09,3,13,80,7.4
2009-06-09,4,9,80,7.2
2009-06-09,5,11,80,7.6
2009-06-09,6,13,90,9.2
2009-06-09,7,4,280,11.2
2009-06-09,8,0,NA,10.9
2009-06-09,9,4,290,11.1
2009-06-09,10,0,NA,13
2009-06-09,11,6,150,15.3
2009-06-09,12,7,250,15.9
2009-06-09,13,28,50,12.8
2009-06-09,14,13,50,12.4
2009-06-09,15,7,270,13.6
2009-06-09,16,6,160,16.3
2009-06-09,17,7,150,16.5
2009-06-09,18,0,NA,16.3
2009-06-09,19,4,70,15.2
2009-06-09,20,7,60,10.1
2009-06-09,21,7,60,8.9
2009-06-09,22,6,50,10.1
2009-06-09,23,9,50,9.6
2009-06-10,0,4,360,9.3
2009-06-10,1,4,40,8.3
2009-06-10,2,4,30,7.3
2009-06-10,3,0,NA,6
2009-06-10,4,0,NA,6.5
2009-06-10,5,4,60,6.2
2009-06-10,6,4,60,9
2009-06-10,7,4,260,9.9
2009-06-10,8,4,310,12.4
2009-06-10,9,4,240,13.8
2009-06-10,10,4,280,16.7
2009-06-10,11,6,300,18.7
2009-06-10,12,6,290,20.4
2009-06-10,13,6,200,22
2009-06-10,14,6,250,24.3
2009-06-10,15,7,290,24.8
2009-06-10,16,6,200,25.4
2009-06-10,17,9,270,25.8
2009-06-10,18,4,260,25.5
2009-06-10,19,6,270,22
2009-06-10,20,6,10,19.3
2009-06-10,21,4,320,19
2009-06-10,22,0,NA,17.4
2009-06-10,23,7,50,16.2
2009-06-11,0,6,40,15.9
2009-06-11,1,4,30,14.6
2009-06-11,2,6,50,13
2009-06-11,3,9,60,13.2
2009-06-11,4,9,60,13.1
2009-06-11,5,7,70,12.5
2009-06-11,6,6,60,14.9
2009-06-11,7,0,NA,14.9
2009-06-11,8,4,250,17
2009-06-11,9,4,340,18.8
2009-06-11,10,6,260,21.1
2009-06-11,11,6,250,22.5
2009-06-11,12,7,280,24.7
2009-06-11,13,7,260,26.1
2009-06-11,14,6,240,27.9
2009-06-11,15,4,120,27.8
2009-06-11,16,4,280,27.9
2009-06-11,17,6,270,27.8
2009-06-11,18,6,230,26.7
2009-06-11,19,6,60,24.2
2009-06-11,20,6,90,19.4
2009-06-11,21,9,70,17.8
2009-06-11,22,11,60,18
2009-06-11,23,7,70,17.8
2009-06-12,0,15,60,17.1
2009-06-12,1,9,70,15.9
2009-06-12,2,7,60,14.9
2009-06-12,3,7,60,14.3
2009-06-12,4,9,70,12.9
2009-06-12,5,6,60,13.4
2009-06-12,6,0,NA,14.6
2009-06-12,7,0,NA,16
2009-06-12,8,4,240,18
2009-06-12,9,4,230,20.2
2009-06-12,10,6,270,22
2009-06-12,11,9,280,23.7
2009-06-12,12,6,230,26.2
2009-06-12,13,6,290,27.5
2009-06-12,14,17,330,24.7
2009-06-12,15,7,300,28
2009-06-12,16,4,270,28.9
2009-06-12,17,7,290,28.1
2009-06-12,18,6,250,27.5
2009-06-12,19,7,320,24.1
2009-06-12,20,11,340,22.3
2009-06-12,21,9,80,18.9
2009-06-12,22,6,30,18.9
2009-06-12,23,6,60,17.8
2009-06-13,0,7,360,17.5
2009-06-13,1,4,350,15.2
2009-06-13,2,6,340,16.4
2009-06-13,3,0,NA,14.9
2009-06-13,4,4,40,14.3
2009-06-13,5,4,40,14.5
2009-06-13,6,4,270,15
2009-06-13,7,0,NA,16.9
2009-06-13,8,4,280,18.2
2009-06-13,9,6,300,20.9
2009-06-13,10,7,300,23
2009-06-13,11,11,290,23.9
2009-06-13,12,9,280,24.4
2009-06-13,13,11,340,23.9
2009-06-13,14,19,40,25.2
2009-06-13,15,17,40,23.9
2009-06-13,16,6,300,24.5
2009-06-13,17,13,330,25.1
2009-06-13,18,4,230,22.4
2009-06-13,19,6,100,20.2
2009-06-13,20,11,330,21.3
2009-06-13,21,4,330,20.5
2009-06-13,22,6,50,18.1
2009-06-13,23,0,NA,17.8
2009-06-14,0,7,130,15.5
2009-06-14,1,6,50,15.2
2009-06-14,2,4,60,14.9
2009-06-14,3,7,70,13.2
2009-06-14,4,7,60,12.8
2009-06-14,5,7,70,12.9
2009-06-14,6,0,NA,15.5
2009-06-14,7,6,280,17.4
2009-06-14,8,6,250,18.1
2009-06-14,9,4,260,20.1
2009-06-14,10,6,210,18.6
2009-06-14,11,4,220,18.3
2009-06-14,12,6,270,19.7
2009-06-14,13,7,260,23.3
2009-06-14,14,7,280,26
2009-06-14,15,4,240,26.9
2009-06-14,16,11,240,27.1
2009-06-14,17,9,180,25.7
2009-06-14,18,6,270,26
2009-06-14,19,9,160,22.8
2009-06-14,20,7,270,22.4
2009-06-14,21,13,60,19.3
2009-06-14,22,6,60,15.3
2009-06-14,23,7,60,14.8
2009-06-15,0,6,360,14.6
2009-06-15,1,4,60,14.5
2009-06-15,2,4,70,14.4
2009-06-15,3,4,30,14.2
2009-06-15,4,4,110,13.9
2009-06-15,5,0,NA,14.2
2009-06-15,6,0,NA,14.5
2009-06-15,7,0,NA,14.9
2009-06-15,8,0,NA,15.9
2009-06-15,9,6,210,16
2009-06-15,10,4,170,16.3
2009-06-15,11,6,200,16.4
2009-06-15,12,6,220,17.7
2009-06-15,13,6,200,19
2009-06-15,14,4,120,22.2
2009-06-15,15,7,200,19.2
2009-06-15,16,6,210,18.9
2009-06-15,17,6,250,19.1
2009-06-15,18,0,NA,18.3
2009-06-15,19,4,250,17.6
2009-06-15,20,4,320,16.7
2009-06-15,21,4,250,16.7
2009-06-15,22,4,300,15
2009-06-15,23,0,NA,14.4
2009-06-16,0,0,NA,14.7
2009-06-16,1,4,10,14.8
2009-06-16,2,4,90,14.1
2009-06-16,3,4,290,13.9
2009-06-16,4,4,260,14
2009-06-16,5,4,220,13.8
2009-06-16,6,0,NA,14.4
2009-06-16,7,0,NA,16.6
2009-06-16,8,4,220,18.2
2009-06-16,9,4,220,19.6
2009-06-16,10,6,160,21.2
2009-06-16,11,13,160,23.3
2009-06-16,12,7,210,24.3
2009-06-16,13,9,170,24.1
2009-06-16,14,7,230,25.5
2009-06-16,15,4,40,22.4
2009-06-16,16,7,220,25.5
2009-06-16,17,11,130,21.5
2009-06-16,18,9,90,22
2009-06-16,19,6,100,20.8
2009-06-16,20,6,330,19.5
2009-06-16,21,0,NA,18.3
2009-06-16,22,7,80,17
2009-06-16,23,7,50,17.7
2009-06-17,0,13,70,17.2
2009-06-17,1,15,80,16.3
2009-06-17,2,13,80,16.1
2009-06-17,3,11,80,15.4
2009-06-17,4,7,70,14.4
2009-06-17,5,6,80,14.6
2009-06-17,6,6,90,16.2
2009-06-17,7,4,250,15.9
2009-06-17,8,4,150,18.8
2009-06-17,9,7,270,18.7
2009-06-17,10,6,290,19.9
2009-06-17,11,15,320,22
2009-06-17,12,32,330,14.7
2009-06-17,13,6,160,13.4
2009-06-17,14,4,70,13.5
2009-06-17,15,6,180,14.4
2009-06-17,16,4,140,15.9
2009-06-17,17,0,NA,17.1
2009-06-17,18,19,230,13.8
2009-06-17,19,7,70,13.3
2009-06-17,20,4,320,13
2009-06-17,21,0,NA,12.6
2009-06-17,22,6,70,11.8
2009-06-17,23,4,270,11.6
2009-06-18,0,4,90,10.9
2009-06-18,1,6,280,10.2
2009-06-18,2,6,50,9.9
2009-06-18,3,4,350,9.9
2009-06-18,4,4,270,9.8
2009-06-18,5,4,110,10.6
2009-06-18,6,0,NA,11.7
2009-06-18,7,0,NA,11.8
2009-06-18,8,4,240,14.4
2009-06-18,9,4,180,16.2
2009-06-18,10,6,170,18.1
2009-06-18,11,6,190,18.9
2009-06-18,12,6,250,21.7
2009-06-18,13,7,250,21
2009-06-18,14,7,300,22.9
2009-06-18,15,9,310,22.7
2009-06-18,16,6,290,24.1
2009-06-18,17,9,190,23.5
2009-06-18,18,9,290,21.3
2009-06-18,19,6,250,19.1
2009-06-18,20,20,320,17.9
2009-06-18,21,24,330,16.3
2009-06-18,22,7,310,14.1
2009-06-18,23,6,270,13.2
2009-06-19,0,6,340,12.2
2009-06-19,1,7,330,12.6
2009-06-19,2,4,310,12
2009-06-19,3,4,310,11.6
2009-06-19,4,4,80,10.9
2009-06-19,5,6,40,12.1
2009-06-19,6,0,NA,11.6
2009-06-19,7,4,260,12.9
2009-06-19,8,4,100,13.3
2009-06-19,9,4,210,13.5
2009-06-19,10,0,NA,13
2009-06-19,11,6,100,13.5
2009-06-19,12,6,100,14.4
2009-06-19,13,6,150,14.5
2009-06-19,14,9,90,14.3
2009-06-19,15,4,200,14.5
2009-06-19,16,4,130,14.6
2009-06-19,17,9,170,14.3
2009-06-19,18,6,120,14.4
2009-06-19,19,6,120,14.2
2009-06-19,20,15,100,13.6
2009-06-19,21,4,50,12.2
2009-06-19,22,4,40,11.9
2009-06-19,23,7,130,10.9
2009-06-20,0,6,80,11.3
2009-06-20,1,7,100,11
2009-06-20,2,9,90,10.7
2009-06-20,3,6,110,10.7
2009-06-20,4,7,90,11
2009-06-20,5,0,NA,10.3
2009-06-20,6,0,NA,11.2
2009-06-20,7,4,240,12.4
2009-06-20,8,0,NA,15.4
2009-06-20,9,6,230,15.1
2009-06-20,10,6,260,16.6
2009-06-20,11,11,300,18.3
2009-06-20,12,7,320,18.6
2009-06-20,13,6,290,20.2
2009-06-20,14,7,250,21.4
2009-06-20,15,7,320,19.6
2009-06-20,16,6,280,19.5
2009-06-20,17,4,240,20.7
2009-06-20,18,6,300,20.9
2009-06-20,19,11,310,19.1
2009-06-20,20,11,320,16.8
2009-06-20,21,6,360,15.5
2009-06-20,22,4,40,13.7
2009-06-20,23,6,30,13.4
2009-06-21,0,0,NA,12.8
2009-06-21,1,0,NA,12.5
2009-06-21,2,7,60,11.8
2009-06-21,3,4,60,10.5
2009-06-21,4,4,50,10
2009-06-21,5,4,50,10.8
2009-06-21,6,4,230,12.3
2009-06-21,7,4,260,13.8
2009-06-21,8,4,270,16.2
2009-06-21,9,6,230,17.1
2009-06-21,10,6,280,18.7
2009-06-21,11,6,300,20.4
2009-06-21,12,11,250,21.6
2009-06-21,13,11,170,23.5
2009-06-21,14,17,160,21.1
2009-06-21,15,7,190,20
2009-06-21,16,9,290,22
2009-06-21,17,6,290,19.2
2009-06-21,18,4,120,17.9
2009-06-21,19,15,150,14.6
2009-06-21,20,17,170,14.6
2009-06-21,21,19,160,13.3
2009-06-21,22,19,160,11.8
2009-06-21,23,9,140,10.6
2009-06-22,0,7,140,10.4
2009-06-22,1,6,150,10.3
2009-06-22,2,4,140,10.2
2009-06-22,3,4,210,10.3
2009-06-22,4,0,NA,10.2
2009-06-22,5,13,160,10.8
2009-06-22,6,11,170,11
2009-06-22,7,15,170,10.8
2009-06-22,8,13,170,10.8
2009-06-22,9,19,160,10.9
2009-06-22,10,19,160,11.3
2009-06-22,11,17,170,11.3
2009-06-22,12,15,170,11.2
2009-06-22,13,11,150,11.1
2009-06-22,14,6,140,10.8
2009-06-22,15,9,140,11.1
2009-06-22,16,9,110,11.1
2009-06-22,17,7,80,11.1
2009-06-22,18,9,130,11.3
2009-06-22,19,9,140,11.3
2009-06-22,20,6,120,11.2
2009-06-22,21,7,100,10.9
2009-06-22,22,6,140,10.8
2009-06-22,23,4,100,10.5
2009-06-23,0,7,80,10.2
2009-06-23,1,4,100,10.2
2009-06-23,2,6,80,10.1
2009-06-23,3,4,40,9.9
2009-06-23,4,6,70,9.7
2009-06-23,5,4,80,10
2009-06-23,6,0,NA,11.7
2009-06-23,7,6,130,12.9
2009-06-23,8,0,NA,13.3
2009-06-23,9,7,140,16.1
2009-06-23,10,4,100,17.9
2009-06-23,11,6,270,18.1
2009-06-23,12,4,230,18.7
2009-06-23,13,7,280,19.7
2009-06-23,14,4,340,19.8
2009-06-23,15,7,300,19.5
2009-06-23,16,4,210,19.9
2009-06-23,17,6,290,20.9
2009-06-23,18,6,290,18.5
2009-06-23,19,6,290,16.4
2009-06-23,20,6,40,14.9
2009-06-23,21,7,70,13.9
2009-06-23,22,6,360,13.5
2009-06-23,23,6,10,13.4
2009-06-24,0,6,10,12.6
2009-06-24,1,0,NA,11.6
2009-06-24,2,6,60,11.4
2009-06-24,3,6,330,11
2009-06-24,4,4,10,10.3
2009-06-24,5,0,NA,10.9
2009-06-24,6,0,NA,12.9
2009-06-24,7,0,NA,14
2009-06-24,8,4,240,14.8
2009-06-24,9,0,NA,16
2009-06-24,10,6,260,18.8
2009-06-24,11,6,210,19.6
2009-06-24,12,4,80,22.8
2009-06-24,13,6,270,23
2009-06-24,14,6,250,25.3
2009-06-24,15,13,290,24.6
2009-06-24,16,11,320,23.6
2009-06-24,17,6,290,20.2
2009-06-24,18,7,280,21
2009-06-24,19,4,290,17.9
2009-06-24,20,33,340,19.4
2009-06-24,21,6,200,17.8
2009-06-24,22,19,340,18.2
2009-06-24,23,13,330,16.6
2009-06-25,0,4,260,14.3
2009-06-25,1,4,60,13.1
2009-06-25,2,4,30,13.2
2009-06-25,3,6,120,11.7
2009-06-25,4,7,70,11.1
2009-06-25,5,6,100,13.7
2009-06-25,6,7,170,18
2009-06-25,7,15,170,19.2
2009-06-25,8,19,190,20.5
2009-06-25,9,13,210,19.9
2009-06-25,10,17,200,19.7
2009-06-25,11,15,190,19.3
2009-06-25,12,6,340,18.2
2009-06-25,13,0,NA,19.9
2009-06-25,14,11,200,21.8
2009-06-25,15,7,200,22.5
2009-06-25,16,11,170,22.3
2009-06-25,17,7,180,23.3
2009-06-25,18,13,200,22.7
2009-06-25,19,11,160,20.1
2009-06-25,20,7,190,18
2009-06-25,21,4,170,17.5
2009-06-25,22,0,NA,16
2009-06-25,23,9,80,14.4
2009-06-26,0,7,100,14.4
2009-06-26,1,7,100,13.5
2009-06-26,2,0,NA,12.9
2009-06-26,3,0,NA,11.5
2009-06-26,4,4,80,11.2
2009-06-26,5,6,70,11.2
2009-06-26,6,7,310,13
2009-06-26,7,6,270,14.4
2009-06-26,8,9,270,16.1
2009-06-26,9,7,290,18.4
2009-06-26,10,13,300,19
2009-06-26,11,17,320,19.6
2009-06-26,12,15,320,18.4
2009-06-26,13,13,80,18.7
2009-06-26,14,9,290,20.5
2009-06-26,15,11,270,22.7
2009-06-26,16,19,310,22
2009-06-26,17,19,330,19.9
2009-06-26,18,20,340,20.8
2009-06-26,19,17,330,20.3
2009-06-26,20,13,340,18.5
2009-06-26,21,9,340,16.6
2009-06-26,22,9,320,15.5
2009-06-26,23,11,330,14.3
2009-06-27,0,7,70,11.5
2009-06-27,1,7,70,10.8
2009-06-27,2,6,60,10.1
2009-06-27,3,0,NA,10.5
2009-06-27,4,6,50,9.8
2009-06-27,5,4,40,10.2
2009-06-27,6,0,NA,11.8
2009-06-27,7,6,250,13.1
2009-06-27,8,6,220,14.5
2009-06-27,9,6,250,16.5
2009-06-27,10,6,230,18.9
2009-06-27,11,7,260,19.9
2009-06-27,12,9,320,23
2009-06-27,13,7,280,25.1
2009-06-27,14,9,220,26.5
2009-06-27,15,9,180,27.7
2009-06-27,16,13,180,27.5
2009-06-27,17,15,190,26.9
2009-06-27,18,15,160,25.7
2009-06-27,19,15,180,24.7
2009-06-27,20,9,170,22.5
2009-06-27,21,6,110,20.8
2009-06-27,22,9,60,17.1
2009-06-27,23,7,60,16.8
2009-06-28,0,6,70,16.2
2009-06-28,1,9,70,15.3
2009-06-28,2,6,40,14.8
2009-06-28,3,17,80,14.7
2009-06-28,4,19,80,13.5
2009-06-28,5,13,80,13.2
2009-06-28,6,13,90,15.1
2009-06-28,7,4,130,17
2009-06-28,8,6,280,17.6
2009-06-28,9,4,290,20
2009-06-28,10,6,310,23.2
2009-06-28,11,9,310,25.9
2009-06-28,12,9,280,26.4
2009-06-28,13,11,300,27.5
2009-06-28,14,13,280,28.1
2009-06-28,15,9,280,28.6
2009-06-28,16,11,270,28.4
2009-06-28,17,11,310,28.2
2009-06-28,18,17,310,26.5
2009-06-28,19,13,290,24.6
2009-06-28,20,11,320,22.2
2009-06-28,21,9,80,18.6
2009-06-28,22,13,70,18.8
2009-06-28,23,6,60,17.7
2009-06-29,0,4,70,17
2009-06-29,1,0,NA,15.6
2009-06-29,2,6,40,14.4
2009-06-29,3,6,10,13.5
2009-06-29,4,7,70,12.3
2009-06-29,5,4,50,12.3
2009-06-29,6,0,NA,14
2009-06-29,7,4,260,15
2009-06-29,8,4,250,17.3
2009-06-29,9,6,290,19.3
2009-06-29,10,6,300,21.4
2009-06-29,11,6,240,22.8
2009-06-29,12,7,200,26.6
2009-06-29,13,13,180,27.2
2009-06-29,14,11,160,27.9
2009-06-29,15,15,200,28.1
2009-06-29,16,9,190,28.5
2009-06-29,17,19,200,27.6
2009-06-29,18,15,210,26.7
2009-06-29,19,11,220,25.3
2009-06-29,20,4,50,22.6
2009-06-29,21,11,60,19.5
2009-06-29,22,11,70,18.1
2009-06-29,23,9,70,18.1
2009-06-30,0,15,70,17.3
2009-06-30,1,7,50,16.3
2009-06-30,2,9,70,14.8
2009-06-30,3,11,60,14.1
2009-06-30,4,6,20,13.4
2009-06-30,5,6,60,12.8
2009-06-30,6,0,NA,14.8
2009-06-30,7,4,250,15.9
2009-06-30,8,4,230,17.8
2009-06-30,9,7,300,20
2009-06-30,10,11,290,21.1
2009-06-30,11,7,320,23.3
2009-06-30,12,7,300,24.2
2009-06-30,13,7,300,25.6
2009-06-30,14,7,270,26.6
2009-06-30,15,7,310,28.1
2009-06-30,16,7,280,27.9
2009-06-30,17,17,320,27.3
2009-06-30,18,17,320,25.8
2009-06-30,19,22,330,23.4
2009-06-30,20,19,340,22.1
2009-06-30,21,24,330,21.2
2009-06-30,22,24,330,20.5
2009-06-30,23,20,330,19.5
2009-07-01,0,0,NA,16.8
2009-07-01,1,11,350,17.1
2009-07-01,2,6,300,14.1
2009-07-01,3,4,280,13.3
2009-07-01,4,4,60,13.6
2009-07-01,5,6,70,12.5
2009-07-01,6,0,NA,14.2
2009-07-01,7,0,NA,15.3
2009-07-01,8,7,310,17.7
2009-07-01,9,9,290,19.1
2009-07-01,10,7,290,21.1
2009-07-01,11,11,300,22
2009-07-01,12,11,290,23.1
2009-07-01,13,9,320,25.2
2009-07-01,14,13,300,25.6
2009-07-01,15,17,300,26.7
2009-07-01,16,17,300,26.7
2009-07-01,17,15,320,26.7
2009-07-01,18,19,310,25.6
2009-07-01,19,15,310,23.7
2009-07-01,20,13,310,20.9
2009-07-01,21,0,NA,18
2009-07-01,22,6,80,17.3
2009-07-01,23,6,10,17.8
2009-07-02,0,6,20,16.8
2009-07-02,1,6,50,14.8
2009-07-02,2,4,40,13.6
2009-07-02,3,0,NA,13
2009-07-02,4,4,300,12.4
2009-07-02,5,6,70,12.3
2009-07-02,6,0,NA,13.8
2009-07-02,7,0,NA,15.6
2009-07-02,8,4,300,17.8
2009-07-02,9,7,310,19.7
2009-07-02,10,13,300,21.3
2009-07-02,11,9,310,23.4
2009-07-02,12,7,280,25.1
2009-07-02,13,9,290,25.8
2009-07-02,14,11,290,27.3
2009-07-02,15,13,310,28
2009-07-02,16,13,310,28.5
2009-07-02,17,17,320,28.1
2009-07-02,18,13,300,27.7
2009-07-02,19,9,290,24.7
2009-07-02,20,4,360,21.9
2009-07-02,21,0,NA,20.6
2009-07-02,22,7,40,19
2009-07-02,23,4,330,20
2009-07-03,0,4,320,18.4
2009-07-03,1,6,330,18.4
2009-07-03,2,7,80,16.1
2009-07-03,3,7,70,15.3
2009-07-03,4,0,NA,14.5
2009-07-03,5,0,NA,14.6
2009-07-03,6,0,NA,17.2
2009-07-03,7,0,NA,17.8
2009-07-03,8,4,280,19.5
2009-07-03,9,9,300,21.5
2009-07-03,10,9,320,23.3
2009-07-03,11,7,260,25.3
2009-07-03,12,6,280,27
2009-07-03,13,7,260,28.6
2009-07-03,14,6,290,31.5
2009-07-03,15,7,260,31.3
2009-07-03,16,9,300,30.8
2009-07-03,17,7,270,31.1
2009-07-03,18,4,300,29.5
2009-07-03,19,7,60,25.5
2009-07-03,20,7,350,23.9
2009-07-03,21,7,40,21.8
2009-07-03,22,11,350,22
2009-07-03,23,6,360,22
2009-07-04,0,4,30,20.5
2009-07-04,1,6,190,19
2009-07-04,2,6,360,18.6
2009-07-04,3,6,340,18.2
2009-07-04,4,4,250,16.5
2009-07-04,5,4,270,16.5
2009-07-04,6,4,240,18.1
2009-07-04,7,0,NA,20.2
2009-07-04,8,6,150,22.7
2009-07-04,9,6,140,25.9
2009-07-04,10,7,230,27.2
2009-07-04,11,6,220,28.6
2009-07-04,12,4,230,30.8
2009-07-04,13,7,190,31.6
2009-07-04,14,13,140,32.3
2009-07-04,15,15,190,33.4
2009-07-04,16,9,210,33.3
2009-07-04,17,11,200,31.6
2009-07-04,18,13,200,31.3
2009-07-04,19,11,200,30.2
2009-07-04,20,9,60,25.1
2009-07-04,21,11,70,23.6
2009-07-04,22,6,350,23.1
2009-07-04,23,0,NA,21.5
2009-07-05,0,4,260,20.9
2009-07-05,1,7,60,20
2009-07-05,2,0,NA,19.2
2009-07-05,3,0,NA,18.5
2009-07-05,4,6,10,16.7
2009-07-05,5,0,NA,17.3
2009-07-05,6,4,320,18
2009-07-05,7,4,220,19.1
2009-07-05,8,6,240,21
2009-07-05,9,9,110,23.5
2009-07-05,10,6,180,23.3
2009-07-05,11,7,230,25.6
2009-07-05,12,6,270,26.3
2009-07-05,13,6,240,30.4
2009-07-05,14,13,160,31.7
2009-07-05,15,15,160,32.2
2009-07-05,16,15,160,31.5
2009-07-05,17,11,170,31.7
2009-07-05,18,11,160,30.4
2009-07-05,19,11,160,29.2
2009-07-05,20,6,80,27.1
2009-07-05,21,0,NA,24.4
2009-07-05,22,6,10,24.3
2009-07-05,23,9,20,24.5
2009-07-06,0,6,60,23.1
2009-07-06,1,0,NA,21.1
2009-07-06,2,4,20,20.8
2009-07-06,3,7,330,19.8
2009-07-06,4,6,100,20.1
2009-07-06,5,11,170,18.7
2009-07-06,6,4,70,16
2009-07-06,7,7,50,15.6
2009-07-06,8,0,NA,17.1
2009-07-06,9,15,80,15.9
2009-07-06,10,13,170,16.4
2009-07-06,11,6,140,16.6
2009-07-06,12,7,230,18.4
2009-07-06,13,7,200,21.9
2009-07-06,14,9,180,22.9
2009-07-06,15,22,330,19.8
2009-07-06,16,7,280,22.8
2009-07-06,17,6,280,22.6
2009-07-06,18,17,280,18.4
2009-07-06,19,11,320,17.2
2009-07-06,20,11,330,16.2
2009-07-06,21,6,80,12.9
2009-07-06,22,4,30,12.8
2009-07-06,23,4,20,12.3
2009-07-07,0,7,60,11.9
2009-07-07,1,4,40,11.3
2009-07-07,2,0,NA,11.4
2009-07-07,3,6,70,10.5
2009-07-07,4,7,70,10.4
2009-07-07,5,7,70,10.9
2009-07-07,6,7,80,11.7
2009-07-07,7,6,60,13.2
2009-07-07,8,6,120,14.2
2009-07-07,9,7,90,16.6
2009-07-07,10,11,140,18.4
2009-07-07,11,11,160,18.8
2009-07-07,12,11,160,19.4
2009-07-07,13,32,330,16
2009-07-07,14,22,320,15.6
2009-07-07,15,35,330,15.4
2009-07-07,16,32,330,13.5
2009-07-07,17,19,340,12.2
2009-07-07,18,7,330,11.7
2009-07-07,19,6,140,11.6
2009-07-07,20,7,60,11.6
2009-07-07,21,7,70,10.4
2009-07-07,22,6,50,10.1
2009-07-07,23,0,NA,9.5
2009-07-08,0,4,40,8.9
2009-07-08,1,6,170,8.9
2009-07-08,2,4,60,8.2
2009-07-08,3,0,NA,8
2009-07-08,4,4,60,7.5
2009-07-08,5,4,50,8.4
2009-07-08,6,0,NA,9.8
2009-07-08,7,4,250,11.5
2009-07-08,8,4,230,12
2009-07-08,9,4,240,13.3
2009-07-08,10,6,280,15.1
2009-07-08,11,7,260,16.8
2009-07-08,12,6,220,15.6
2009-07-08,13,22,320,15.5
2009-07-08,14,7,200,13.9
2009-07-08,15,15,120,15.6
2009-07-08,16,11,140,16.6
2009-07-08,17,13,140,18.1
2009-07-08,18,9,160,16.8
2009-07-08,19,6,170,16.8
2009-07-08,20,0,NA,14.5
2009-07-08,21,6,110,12.7
2009-07-08,22,7,60,11.6
2009-07-08,23,9,50,11
2009-07-09,0,6,70,10.4
2009-07-09,1,7,70,9.7
2009-07-09,2,0,NA,9.9
2009-07-09,3,6,80,9
2009-07-09,4,9,70,9.2
2009-07-09,5,0,NA,8.1
2009-07-09,6,0,NA,10.8
2009-07-09,7,0,NA,11.2
2009-07-09,8,0,NA,12.4
2009-07-09,9,4,300,14.1
2009-07-09,10,6,300,16.2
2009-07-09,11,0,NA,17.7
2009-07-09,12,9,290,18.9
2009-07-09,13,9,310,19.5
2009-07-09,14,13,310,17.1
2009-07-09,15,6,360,15.7
2009-07-09,16,4,70,13.6
2009-07-09,17,6,60,15
2009-07-09,18,6,300,16.5
2009-07-09,19,4,20,15.8
2009-07-09,20,6,80,12.5
2009-07-09,21,7,50,12
2009-07-09,22,6,30,13
2009-07-09,23,4,40,11.9
2009-07-10,0,4,30,11.7
2009-07-10,1,4,240,10.9
2009-07-10,2,4,80,10
2009-07-10,3,6,40,9.6
2009-07-10,4,7,70,9.6
2009-07-10,5,6,60,9.8
2009-07-10,6,0,NA,11.6
2009-07-10,7,0,NA,12.7
2009-07-10,8,0,NA,14.4
2009-07-10,9,4,260,16.5
2009-07-10,10,4,300,18.3
2009-07-10,11,6,260,20
2009-07-10,12,6,330,22.3
2009-07-10,13,9,300,21.5
2009-07-10,14,11,300,23.6
2009-07-10,15,9,290,23.9
2009-07-10,16,7,270,24.9
2009-07-10,17,6,250,25.4
2009-07-10,18,7,310,25
2009-07-10,19,6,250,21.8
2009-07-10,20,4,30,18.3
2009-07-10,21,7,50,17.2
2009-07-10,22,6,360,17.6
2009-07-10,23,0,NA,16.9
2009-07-11,0,6,340,16
2009-07-11,1,4,100,14.9
2009-07-11,2,4,330,14.4
2009-07-11,3,4,60,13.5
2009-07-11,4,0,NA,13.5
2009-07-11,5,4,360,13.5
2009-07-11,6,0,NA,15.6
2009-07-11,7,4,240,15.8
2009-07-11,8,6,270,17.9
2009-07-11,9,6,270,19.6
2009-07-11,10,7,320,21.3
2009-07-11,11,6,270,23
2009-07-11,12,6,270,25.1
2009-07-11,13,7,280,27
2009-07-11,14,6,280,29.1
2009-07-11,15,6,270,29.5
2009-07-11,16,6,280,30.3
2009-07-11,17,4,270,30.9
2009-07-11,18,4,260,30.3
2009-07-11,19,0,NA,26.6
2009-07-11,20,6,20,22.4
2009-07-11,21,6,40,22
2009-07-11,22,6,350,21.1
2009-07-11,23,6,360,21.2
2009-07-12,0,6,340,19.9
2009-07-12,1,0,NA,18.1
2009-07-12,2,6,360,18
2009-07-12,3,0,NA,16.7
2009-07-12,4,4,250,15.9
2009-07-12,5,0,NA,15.3
2009-07-12,6,4,50,17.2
2009-07-12,7,0,NA,18.7
2009-07-12,8,0,NA,21.2
2009-07-12,9,0,NA,23.3
2009-07-12,10,0,NA,23.7
2009-07-12,11,6,220,23.6
2009-07-12,12,0,NA,25.4
2009-07-12,13,7,60,25.6
2009-07-12,14,6,200,26.2
2009-07-12,15,7,210,28.8
2009-07-12,16,7,250,30
2009-07-12,17,9,310,29.8
2009-07-12,18,7,280,26
2009-07-12,19,4,300,24.5
2009-07-12,20,0,NA,21.9
2009-07-12,21,6,350,22.7
2009-07-12,22,6,320,20.5
2009-07-12,23,15,70,19.3
2009-07-13,0,7,170,19.6
2009-07-13,1,7,310,18.5
2009-07-13,2,11,340,17.8
2009-07-13,3,7,340,16.2
2009-07-13,4,6,70,15.3
2009-07-13,5,4,100,14.9
2009-07-13,6,6,50,15
2009-07-13,7,4,70,15.3
2009-07-13,8,7,180,15.2
2009-07-13,9,13,160,15.6
2009-07-13,10,17,160,15.1
2009-07-13,11,19,160,15.2
2009-07-13,12,9,150,15
2009-07-13,13,7,150,15
2009-07-13,14,15,160,14.5
2009-07-13,15,11,160,14.2
2009-07-13,16,9,150,13.8
2009-07-13,17,4,180,14.3
2009-07-13,18,4,10,14.6
2009-07-13,19,6,290,14.2
2009-07-13,20,6,290,13.7
2009-07-13,21,6,310,13.8
2009-07-13,22,7,300,13.3
2009-07-13,23,0,NA,13.1
2009-07-14,0,0,NA,13.2
2009-07-14,1,0,NA,13.3
2009-07-14,2,0,NA,13.3
2009-07-14,3,4,340,13.5
2009-07-14,4,0,NA,13.5
2009-07-14,5,0,NA,13.6
2009-07-14,6,0,NA,14
2009-07-14,7,4,260,14.5
2009-07-14,8,4,280,15.5
2009-07-14,9,4,210,16.9
2009-07-14,10,13,180,18.8
2009-07-14,11,13,170,20.1
2009-07-14,12,11,180,21.5
2009-07-14,13,13,180,21.3
2009-07-14,14,17,170,21.6
2009-07-14,15,17,160,22
2009-07-14,16,15,170,23.7
2009-07-14,17,19,320,20.5
2009-07-14,18,6,50,16.1
2009-07-14,19,11,70,15.7
2009-07-14,20,6,80,15
2009-07-14,21,4,20,15
2009-07-14,22,15,50,15
2009-07-14,23,13,100,14.2
2009-07-15,0,6,60,14.3
2009-07-15,1,4,30,14.1
2009-07-15,2,6,40,13.7
2009-07-15,3,7,330,13.4
2009-07-15,4,4,120,13.2
2009-07-15,5,0,NA,13.1
2009-07-15,6,0,NA,14.7
2009-07-15,7,4,180,15.8
2009-07-15,8,4,280,17.1
2009-07-15,9,6,280,18.5
2009-07-15,10,4,210,20.2
2009-07-15,11,6,260,21.8
2009-07-15,12,4,240,23.8
2009-07-15,13,7,280,24.5
2009-07-15,14,4,240,25
2009-07-15,15,6,240,26.7
2009-07-15,16,7,290,27.6
2009-07-15,17,20,320,23.2
2009-07-15,18,15,320,23.8
2009-07-15,19,7,310,21.7
2009-07-15,20,6,40,19.9
2009-07-15,21,6,10,18.8
2009-07-15,22,6,60,17.6
2009-07-15,23,4,10,18.5
2009-07-16,0,4,230,16.7
2009-07-16,1,4,120,16
2009-07-16,2,4,310,16
2009-07-16,3,4,340,15.9
2009-07-16,4,4,30,15.2
2009-07-16,5,4,30,15.1
2009-07-16,6,6,50,16.3
2009-07-16,7,9,100,18.3
2009-07-16,8,4,160,19.4
2009-07-16,9,4,250,21.3
2009-07-16,10,6,290,23
2009-07-16,11,6,230,24.5
2009-07-16,12,7,270,26
2009-07-16,13,6,270,28.2
2009-07-16,14,6,290,29.9
2009-07-16,15,6,290,29.3
2009-07-16,16,11,300,30
2009-07-16,17,7,300,30.1
2009-07-16,18,6,250,28.6
2009-07-16,19,6,290,27.2
2009-07-16,20,9,70,22.1
2009-07-16,21,6,50,22
2009-07-16,22,4,300,21.1
2009-07-16,23,7,360,20.1
2009-07-17,0,0,NA,20.3
2009-07-17,1,4,70,17.2
2009-07-17,2,6,350,18
2009-07-17,3,6,70,16.2
2009-07-17,4,7,70,15.7
2009-07-17,5,4,50,15.5
2009-07-17,6,0,NA,15
2009-07-17,7,0,NA,18
2009-07-17,8,4,250,20
2009-07-17,9,4,270,21.9
2009-07-17,10,6,220,23.8
2009-07-17,11,6,230,26.1
2009-07-17,12,6,270,28.1
2009-07-17,13,6,260,29.8
2009-07-17,14,4,250,31.4
2009-07-17,15,9,290,33.1
2009-07-17,16,9,200,33.4
2009-07-17,17,6,190,33
2009-07-17,18,7,200,31.4
2009-07-17,19,7,170,30.1
2009-07-17,20,7,50,25.5
2009-07-17,21,11,60,23.9
2009-07-17,22,9,70,24.4
2009-07-17,23,13,70,22.9
2009-07-18,0,13,60,22.1
2009-07-18,1,11,60,21
2009-07-18,2,17,70,20.3
2009-07-18,3,17,80,19.3
2009-07-18,4,17,70,19
2009-07-18,5,11,60,18
2009-07-18,6,17,80,18.8
2009-07-18,7,11,90,21
2009-07-18,8,7,100,22.4
2009-07-18,9,4,220,24
2009-07-18,10,4,200,25.4
2009-07-18,11,6,200,25.9
2009-07-18,12,4,300,30.1
2009-07-18,13,11,190,33.1
2009-07-18,14,13,190,33.2
2009-07-18,15,13,220,33.6
2009-07-18,16,19,200,33.2
2009-07-18,17,15,200,32.8
2009-07-18,18,13,210,32.3
2009-07-18,19,13,200,30.6
2009-07-18,20,11,180,28.4
2009-07-18,21,9,190,27.6
2009-07-18,22,7,120,24.6
2009-07-18,23,7,120,23
2009-07-19,0,4,20,21.4
2009-07-19,1,0,NA,19.5
2009-07-19,2,11,70,18.9
2009-07-19,3,7,70,17.2
2009-07-19,4,9,60,16.5
2009-07-19,5,7,60,15.9
2009-07-19,6,4,360,18.8
2009-07-19,7,4,280,19.3
2009-07-19,8,9,300,21.8
2009-07-19,9,17,330,23.5
2009-07-19,10,17,310,24.4
2009-07-19,11,15,310,25.7
2009-07-19,12,13,300,26.8
2009-07-19,13,13,310,27.8
2009-07-19,14,13,300,28.2
2009-07-19,15,11,330,28.3
2009-07-19,16,15,310,28.1
2009-07-19,17,19,330,27.1
2009-07-19,18,15,330,26.4
2009-07-19,19,9,320,25.2
2009-07-19,20,6,340,22.9
2009-07-19,21,7,320,20.3
2009-07-19,22,11,290,19.3
2009-07-19,23,4,340,19
2009-07-20,0,7,80,16
2009-07-20,1,9,70,16.5
2009-07-20,2,11,70,15.9
2009-07-20,3,11,70,15.5
2009-07-20,4,7,70,14.8
2009-07-20,5,4,50,13.6
2009-07-20,6,4,50,16.7
2009-07-20,7,4,80,18.3
2009-07-20,8,7,310,19.1
2009-07-20,9,9,300,20.6
2009-07-20,10,7,290,22.4
2009-07-20,11,7,290,24
2009-07-20,12,7,310,25.4
2009-07-20,13,7,280,26.7
2009-07-20,14,7,270,27.6
2009-07-20,15,9,300,28.3
2009-07-20,16,9,270,28.7
2009-07-20,17,6,290,28.7
2009-07-20,18,6,290,28
2009-07-20,19,6,310,24.7
2009-07-20,20,6,50,22
2009-07-20,21,7,60,20.8
2009-07-20,22,6,350,21
2009-07-20,23,6,340,20.5
2009-07-21,0,6,360,18.6
2009-07-21,1,6,60,17.7
2009-07-21,2,0,NA,16.9
2009-07-21,3,6,320,16.6
2009-07-21,4,4,130,16.3
2009-07-21,5,4,60,14.6
2009-07-21,6,0,NA,17.8
2009-07-21,7,4,300,18
2009-07-21,8,4,270,19.6
2009-07-21,9,6,310,21.6
2009-07-21,10,7,300,23.5
2009-07-21,11,7,310,25.2
2009-07-21,12,7,290,27
2009-07-21,13,7,280,28.1
2009-07-21,14,9,300,29.9
2009-07-21,15,7,260,30.7
2009-07-21,16,7,310,31.8
2009-07-21,17,9,310,31.8
2009-07-21,18,4,240,31.6
2009-07-21,19,4,300,28.1
2009-07-21,20,6,50,23.7
2009-07-21,21,9,70,22.2
2009-07-21,22,6,40,22.9
2009-07-21,23,6,40,22.2
2009-07-22,0,6,20,21.2
2009-07-22,1,6,30,20.4
2009-07-22,2,6,60,18.8
2009-07-22,3,0,NA,17.8
2009-07-22,4,0,NA,17
2009-07-22,5,6,60,16.1
2009-07-22,6,4,50,18.7
2009-07-22,7,0,NA,18.5
2009-07-22,8,4,250,20.5
2009-07-22,9,0,NA,23.2
2009-07-22,10,4,210,24.8
2009-07-22,11,6,250,27.2
2009-07-22,12,6,260,28.8
2009-07-22,13,4,290,31.9
2009-07-22,14,6,300,33.7
2009-07-22,15,9,220,34.8
2009-07-22,16,7,180,34.5
2009-07-22,17,7,230,33.9
2009-07-22,18,0,NA,32.9
2009-07-22,19,0,NA,29.2
2009-07-22,20,9,50,25.3
2009-07-22,21,11,80,24.9
2009-07-22,22,9,30,25.6
2009-07-22,23,4,360,24.2
2009-07-23,0,6,50,23.1
2009-07-23,1,11,60,22.2
2009-07-23,2,6,70,21
2009-07-23,3,6,40,20.1
2009-07-23,4,7,50,19.4
2009-07-23,5,6,50,18.6
2009-07-23,6,4,60,20.4
2009-07-23,7,0,NA,20.7
2009-07-23,8,0,NA,20.5
2009-07-23,9,4,270,23.3
2009-07-23,10,4,280,26
2009-07-23,11,6,300,27.7
2009-07-23,12,13,300,27
2009-07-23,13,11,190,21.6
2009-07-23,14,9,230,21
2009-07-23,15,7,40,23
2009-07-23,16,17,350,23.3
2009-07-23,17,11,60,21.2
2009-07-23,18,7,340,21.6
2009-07-23,19,6,40,19.8
2009-07-23,20,4,340,19.3
2009-07-23,21,4,180,18.2
2009-07-23,22,0,NA,18.4
2009-07-23,23,7,40,17.7
2009-07-24,0,4,20,17.3
2009-07-24,1,4,50,16.7
2009-07-24,2,4,70,15.7
2009-07-24,3,6,40,16
2009-07-24,4,0,NA,16.3
2009-07-24,5,6,60,15.9
2009-07-24,6,0,NA,17.7
2009-07-24,7,4,310,19
2009-07-24,8,7,280,20.1
2009-07-24,9,9,290,21.9
2009-07-24,10,15,300,23.4
2009-07-24,11,15,310,24.9
2009-07-24,12,15,320,24.3
2009-07-24,13,13,300,27.5
2009-07-24,14,7,270,28.8
2009-07-24,15,15,330,27.5
2009-07-24,16,7,50,20.9
2009-07-24,17,11,300,25.7
2009-07-24,18,7,60,23.8
2009-07-24,19,6,320,24.1
2009-07-24,20,9,120,19.8
2009-07-24,21,9,310,19.3
2009-07-24,22,6,360,19.5
2009-07-24,23,0,NA,18.9
2009-07-25,0,11,330,18.8
2009-07-25,1,0,NA,18.4
2009-07-25,2,4,340,17.6
2009-07-25,3,6,50,17.2
2009-07-25,4,4,320,16.8
2009-07-25,5,6,50,16.9
2009-07-25,6,6,210,17.1
2009-07-25,7,0,NA,18.1
2009-07-25,8,4,260,21.3
2009-07-25,9,4,310,23.4
2009-07-25,10,7,290,24.2
2009-07-25,11,6,300,25.6
2009-07-25,12,7,320,27.9
2009-07-25,13,7,290,29.4
2009-07-25,14,13,290,28.4
2009-07-25,15,19,320,26.2
2009-07-25,16,30,320,23.2
2009-07-25,17,22,340,23.4
2009-07-25,18,20,310,21.6
2009-07-25,19,19,320,21.3
2009-07-25,20,11,330,19.3
2009-07-25,21,7,320,19.6
2009-07-25,22,6,320,18.5
2009-07-25,23,4,10,17.8
2009-07-26,0,0,NA,16.7
2009-07-26,1,4,300,17
2009-07-26,2,4,80,15.9
2009-07-26,3,6,300,15.9
2009-07-26,4,4,340,16
2009-07-26,5,0,NA,15.8
2009-07-26,6,4,160,16.6
2009-07-26,7,4,250,18.6
2009-07-26,8,6,310,20.8
2009-07-26,9,9,310,22.1
2009-07-26,10,9,300,23.8
2009-07-26,11,0,NA,25
2009-07-26,12,7,300,27.1
2009-07-26,13,7,300,27.6
2009-07-26,14,6,200,25.8
2009-07-26,15,9,50,22.6
2009-07-26,16,7,330,20
2009-07-26,17,7,360,21.5
2009-07-26,18,11,310,20.8
2009-07-26,19,0,NA,20
2009-07-26,20,6,30,19.1
2009-07-26,21,4,280,18.2
2009-07-26,22,6,20,19.1
2009-07-26,23,6,350,16.9
2009-07-27,0,7,280,17.7
2009-07-27,1,0,NA,16.2
2009-07-27,2,4,40,16.1
2009-07-27,3,4,260,15.9
2009-07-27,4,6,230,15.7
2009-07-27,5,6,110,15.4
2009-07-27,6,4,260,16.8
2009-07-27,7,11,310,18
2009-07-27,8,7,90,21.4
2009-07-27,9,11,320,21.9
2009-07-27,10,6,270,23.7
2009-07-27,11,4,320,25.1
2009-07-27,12,7,310,27.1
2009-07-27,13,11,310,27.9
2009-07-27,14,26,320,27.3
2009-07-27,15,20,310,26.3
2009-07-27,16,9,310,28.7
2009-07-27,17,9,280,28
2009-07-27,18,7,300,24.6
2009-07-27,19,6,310,24.1
2009-07-27,20,6,30,22.2
2009-07-27,21,22,40,25.2
2009-07-27,22,24,50,24.6
2009-07-27,23,7,90,19.7
2009-07-28,0,9,80,18.3
2009-07-28,1,6,40,18.7
2009-07-28,2,4,40,16.8
2009-07-28,3,0,NA,17.3
2009-07-28,4,4,40,16.5
2009-07-28,5,4,20,17
2009-07-28,6,4,30,17.6
2009-07-28,7,0,NA,19.5
2009-07-28,8,4,260,19.5
2009-07-28,9,6,260,21
2009-07-28,10,6,300,22.1
2009-07-28,11,6,290,24.7
2009-07-28,12,6,160,27.9
2009-07-28,13,0,NA,29.7
2009-07-28,14,33,50,23.4
2009-07-28,15,26,50,25.4
2009-07-28,16,20,50,25.3
2009-07-28,17,13,40,25.3
2009-07-28,18,6,50,24.6
2009-07-28,19,11,70,23.7
2009-07-28,20,11,60,23
2009-07-28,21,7,50,22.6
2009-07-28,22,4,60,20.4
2009-07-28,23,6,60,20.3
2009-07-29,0,6,20,19.3
2009-07-29,1,4,20,19
2009-07-29,2,7,60,17.8
2009-07-29,3,6,20,18
2009-07-29,4,4,220,16.1
2009-07-29,5,6,40,15.9
2009-07-29,6,0,NA,17.1
2009-07-29,7,4,330,18.5
2009-07-29,8,4,240,20
2009-07-29,9,0,NA,22.7
2009-07-29,10,0,NA,25
2009-07-29,11,4,240,24.8
2009-07-29,12,4,230,26.1
2009-07-29,13,4,280,26.2
2009-07-29,14,4,70,28.3
2009-07-29,15,9,240,28.8
2009-07-29,16,4,20,29.4
2009-07-29,17,7,70,28.3
2009-07-29,18,9,50,27.3
2009-07-29,19,11,50,25.2
2009-07-29,20,11,60,23.7
2009-07-29,21,6,70,21
2009-07-29,22,11,50,21.8
2009-07-29,23,9,50,21
2009-07-30,0,11,60,19.7
2009-07-30,1,6,20,19
2009-07-30,2,17,60,17.9
2009-07-30,3,22,70,16.4
2009-07-30,4,13,60,16
2009-07-30,5,19,70,15.4
2009-07-30,6,19,80,16.2
2009-07-30,7,11,60,17.8
2009-07-30,8,4,170,19.7
2009-07-30,9,4,220,21.1
2009-07-30,10,4,180,23.3
2009-07-30,11,4,250,25.1
2009-07-30,12,7,260,26.7
2009-07-30,13,7,300,28.8
2009-07-30,14,7,300,30.6
2009-07-30,15,7,300,29.6
2009-07-30,16,6,290,26.7
2009-07-30,17,0,NA,27.6
2009-07-30,18,4,360,25.2
2009-07-30,19,0,NA,23.9
2009-07-30,20,7,80,22.7
2009-07-30,21,7,60,22.7
2009-07-30,22,7,330,22.2
2009-07-30,23,20,50,21.6
2009-07-31,0,17,100,16.9
2009-07-31,1,6,290,16.5
2009-07-31,2,4,40,16.8
2009-07-31,3,6,90,16.5
2009-07-31,4,6,30,16.2
2009-07-31,5,4,340,15.9
2009-07-31,6,4,300,16.4
2009-07-31,7,0,NA,17.8
2009-07-31,8,6,50,20.4
2009-07-31,9,4,180,22.2
2009-07-31,10,6,250,24.1
2009-07-31,11,4,220,25.3
2009-07-31,12,6,210,26.9
2009-07-31,13,7,200,28
2009-07-31,14,6,240,29.1
2009-07-31,15,6,250,30.2
2009-07-31,16,6,240,31.1
2009-07-31,17,6,250,30.8
2009-07-31,18,4,280,30.2
2009-07-31,19,0,NA,28.3
2009-07-31,20,7,70,23
2009-07-31,21,7,60,22.6
2009-07-31,22,0,NA,22.7
2009-07-31,23,6,20,22
2009-08-01,0,0,NA,21.3
2009-08-01,1,6,350,20.1
2009-08-01,2,4,10,20
2009-08-01,3,4,70,18.3
2009-08-01,4,0,NA,18.7
2009-08-01,5,6,60,17.9
2009-08-01,6,0,NA,19.4
2009-08-01,7,0,NA,19.1
2009-08-01,8,4,10,21.9
2009-08-01,9,0,NA,24.5
2009-08-01,10,4,240,25.7
2009-08-01,11,6,220,27.2
2009-08-01,12,6,290,29.6
2009-08-01,13,4,210,31.9
2009-08-01,14,7,290,31.6
2009-08-01,15,6,220,34
2009-08-01,16,9,210,34.3
2009-08-01,17,4,230,35.3
2009-08-01,18,0,NA,34.1
2009-08-01,19,6,50,28.4
2009-08-01,20,7,70,26.3
2009-08-01,21,9,70,24.8
2009-08-01,22,7,70,23
2009-08-01,23,9,350,23.4
2009-08-02,0,9,330,23.4
2009-08-02,1,0,NA,22
2009-08-02,2,6,50,20.2
2009-08-02,3,6,40,20.4
2009-08-02,4,7,60,19.6
2009-08-02,5,6,260,19.2
2009-08-02,6,0,NA,19.3
2009-08-02,7,4,80,20.9
2009-08-02,8,0,NA,21.9
2009-08-02,9,6,250,22.9
2009-08-02,10,6,290,25
2009-08-02,11,4,330,26.8
2009-08-02,12,7,270,28.1
2009-08-02,13,7,310,29.9
2009-08-02,14,7,270,30.1
2009-08-02,15,6,260,30.7
2009-08-02,16,6,310,31.2
2009-08-02,17,4,300,31.4
2009-08-02,18,4,300,32.2
2009-08-02,19,0,NA,26.4
2009-08-02,20,6,60,24.3
2009-08-02,21,9,70,23.1
2009-08-02,22,7,70,22.6
2009-08-02,23,4,320,22.4
2009-08-03,0,6,60,21.3
2009-08-03,1,6,70,20.5
2009-08-03,2,6,80,20
2009-08-03,3,0,NA,19.3
2009-08-03,4,4,320,18.1
2009-08-03,5,4,70,18.1
2009-08-03,6,4,50,19.2
2009-08-03,7,0,NA,18.7
2009-08-03,8,4,120,21.3
2009-08-03,9,0,NA,23.8
2009-08-03,10,4,140,25.2
2009-08-03,11,6,280,25.8
2009-08-03,12,7,330,28.9
2009-08-03,13,4,20,31.7
2009-08-03,14,9,150,32.9
2009-08-03,15,13,200,33.8
2009-08-03,16,15,200,33.4
2009-08-03,17,11,210,32.7
2009-08-03,18,11,200,31.7
2009-08-03,19,7,190,29.9
2009-08-03,20,7,80,26
2009-08-03,21,13,80,25.2
2009-08-03,22,11,70,24.2
2009-08-03,23,13,60,23.8
2009-08-04,0,4,50,22.1
2009-08-04,1,4,60,21.8
2009-08-04,2,6,70,19.8
2009-08-04,3,4,20,19.7
2009-08-04,4,4,50,19.1
2009-08-04,5,7,60,17.8
2009-08-04,6,4,40,19.6
2009-08-04,7,4,110,20.7
2009-08-04,8,4,210,21.9
2009-08-04,9,0,NA,24.9
2009-08-04,10,6,250,26.4
2009-08-04,11,7,190,29.4
2009-08-04,12,7,160,30.9
2009-08-04,13,13,150,31.3
2009-08-04,14,11,180,32
2009-08-04,15,17,190,31.2
2009-08-04,16,13,200,31.6
2009-08-04,17,24,320,26.5
2009-08-04,18,30,330,24.4
2009-08-04,19,35,50,23.4
2009-08-04,20,24,50,22.6
2009-08-04,21,26,50,22
2009-08-04,22,22,60,21.5
2009-08-04,23,19,50,20.8
2009-08-05,0,22,50,19.8
2009-08-05,1,15,60,19.5
2009-08-05,2,15,50,19
2009-08-05,3,19,60,18
2009-08-05,4,20,60,17.5
2009-08-05,5,17,60,17.7
2009-08-05,6,24,70,17.2
2009-08-05,7,11,40,17.5
2009-08-05,8,15,80,20.9
2009-08-05,9,4,120,22.9
2009-08-05,10,6,220,23.6
2009-08-05,11,4,230,24.8
2009-08-05,12,4,160,22.3
2009-08-05,13,4,200,24.1
2009-08-05,14,4,200,25.5
2009-08-05,15,6,330,27.5
2009-08-05,16,7,330,28.9
2009-08-05,17,6,280,27.8
2009-08-05,18,4,330,26.2
2009-08-05,19,4,360,24.5
2009-08-05,20,6,20,22.4
2009-08-05,21,6,10,22
2009-08-05,22,6,310,20.1
2009-08-05,23,0,NA,20.4
2009-08-06,0,11,320,20.1
2009-08-06,1,6,360,19.5
2009-08-06,2,6,360,19
2009-08-06,3,6,30,18
2009-08-06,4,7,60,17
2009-08-06,5,0,NA,16.9
2009-08-06,6,4,40,17.3
2009-08-06,7,0,NA,18
2009-08-06,8,4,240,18.4
2009-08-06,9,7,300,20.2
2009-08-06,10,7,300,22.5
2009-08-06,11,9,300,24.4
2009-08-06,12,11,300,25.8
2009-08-06,13,7,270,27.6
2009-08-06,14,13,320,23.4
2009-08-06,15,11,310,21.3
2009-08-06,16,11,320,21.8
2009-08-06,17,6,320,21.8
2009-08-06,18,7,340,21.4
2009-08-06,19,6,10,20.8
2009-08-06,20,0,NA,19.5
2009-08-06,21,4,340,19.5
2009-08-06,22,6,360,18.7
2009-08-06,23,6,360,18.5
2009-08-07,0,4,260,17.7
2009-08-07,1,4,330,17.2
2009-08-07,2,0,NA,17.3
2009-08-07,3,4,60,15.8
2009-08-07,4,6,320,16.1
2009-08-07,5,6,290,16.5
2009-08-07,6,0,NA,17.1
2009-08-07,7,4,200,18.5
2009-08-07,8,6,300,20.5
2009-08-07,9,7,290,21.9
2009-08-07,10,7,320,24.2
2009-08-07,11,9,310,25.9
2009-08-07,12,6,280,27.2
2009-08-07,13,7,240,28.5
2009-08-07,14,7,270,29.1
2009-08-07,15,7,270,29.5
2009-08-07,16,13,180,27.3
2009-08-07,17,15,160,25.3
2009-08-07,18,19,180,23.8
2009-08-07,19,15,170,22.2
2009-08-07,20,17,150,21.1
2009-08-07,21,13,150,20.6
2009-08-07,22,11,150,20.3
2009-08-07,23,9,160,20.1
2009-08-08,0,4,230,18.9
2009-08-08,1,4,280,17.5
2009-08-08,2,0,NA,17.7
2009-08-08,3,6,160,17.7
2009-08-08,4,7,170,17.6
2009-08-08,5,4,310,16.8
2009-08-08,6,4,340,17
2009-08-08,7,0,NA,17.8
2009-08-08,8,6,190,19.3
2009-08-08,9,7,170,20.3
2009-08-08,10,6,160,22.8
2009-08-08,11,7,160,23.8
2009-08-08,12,13,160,24.5
2009-08-08,13,15,170,25.4
2009-08-08,14,15,170,24.9
2009-08-08,15,17,170,22.9
2009-08-08,16,20,170,23.5
2009-08-08,17,15,160,22.4
2009-08-08,18,15,160,21
2009-08-08,19,11,180,20.1
2009-08-08,20,9,130,17.5
2009-08-08,21,7,130,17.8
2009-08-08,22,6,160,17.5
2009-08-08,23,4,100,16.9
2009-08-09,0,0,NA,16.4
2009-08-09,1,6,90,15.2
2009-08-09,2,0,NA,15.1
2009-08-09,3,0,NA,15.1
2009-08-09,4,0,NA,15.1
2009-08-09,5,6,80,14.5
2009-08-09,6,4,80,15.1
2009-08-09,7,0,NA,15.9
2009-08-09,8,0,NA,16.7
2009-08-09,9,4,250,19.8
2009-08-09,10,4,250,21.4
2009-08-09,11,6,190,24.4
2009-08-09,12,9,170,25.3
2009-08-09,13,7,200,26.2
2009-08-09,14,11,180,27
2009-08-09,15,9,190,27.5
2009-08-09,16,11,230,27.2
2009-08-09,17,9,220,26.6
2009-08-09,18,7,220,25.4
2009-08-09,19,11,190,23.3
2009-08-09,20,9,150,21.4
2009-08-09,21,9,60,19.5
2009-08-09,22,9,70,18.5
2009-08-09,23,11,70,18.2
2009-08-10,0,11,60,17.7
2009-08-10,1,6,40,17.1
2009-08-10,2,7,60,16.7
2009-08-10,3,7,60,16.4
2009-08-10,4,17,70,15.8
2009-08-10,5,13,80,15.2
2009-08-10,6,13,80,15.7
2009-08-10,7,7,80,17.8
2009-08-10,8,6,150,18.4
2009-08-10,9,0,NA,20.9
2009-08-10,10,13,150,24
2009-08-10,11,11,190,24.8
2009-08-10,12,9,180,25.9
2009-08-10,13,13,230,26.1
2009-08-10,14,13,230,25.6
2009-08-10,15,17,210,26.9
2009-08-10,16,17,220,27.3
2009-08-10,17,11,220,27.8
2009-08-10,18,7,220,25.3
2009-08-10,19,4,170,24.3
2009-08-10,20,7,180,22.8
2009-08-10,21,6,190,21.4
2009-08-10,22,6,60,19.2
2009-08-10,23,7,60,18.7
2009-08-11,0,4,60,19
2009-08-11,1,4,70,17.4
2009-08-11,2,7,60,17.1
2009-08-11,3,6,80,15.9
2009-08-11,4,4,300,16.7
2009-08-11,5,6,100,15.3
2009-08-11,6,0,NA,17.4
2009-08-11,7,7,190,19.6
2009-08-11,8,9,190,22.7
2009-08-11,9,13,170,24.8
2009-08-11,10,13,210,24.9
2009-08-11,11,19,240,25.2
2009-08-11,12,13,220,26.8
2009-08-11,13,7,310,22
2009-08-11,14,22,310,19.7
2009-08-11,15,33,330,16.7
2009-08-11,16,26,320,15.1
2009-08-11,17,17,330,15.6
2009-08-11,18,19,330,16
2009-08-11,19,15,330,16.8
2009-08-11,20,6,330,15.2
2009-08-11,21,6,350,14.9
2009-08-11,22,4,230,14.8
2009-08-11,23,6,210,14.2
2009-08-12,0,4,120,14.3
2009-08-12,1,6,280,14.2
2009-08-12,2,0,NA,14
2009-08-12,3,6,310,14.1
2009-08-12,4,0,NA,14.1
2009-08-12,5,0,NA,14
2009-08-12,6,0,NA,14.1
2009-08-12,7,0,NA,14.9
2009-08-12,8,0,NA,15.7
2009-08-12,9,0,NA,16.2
2009-08-12,10,4,290,17.9
2009-08-12,11,6,300,17.3
2009-08-12,12,15,310,16
2009-08-12,13,6,280,16.3
2009-08-12,14,0,NA,18.2
2009-08-12,15,6,290,20.4
2009-08-12,16,4,210,18.9
2009-08-12,17,4,110,17.7
2009-08-12,18,0,NA,17.4
2009-08-12,19,7,100,15.4
2009-08-12,20,9,110,13.9
2009-08-12,21,7,130,13.3
2009-08-12,22,4,80,12.8
2009-08-12,23,6,70,12.6
2009-08-13,0,7,100,13.2
2009-08-13,1,7,90,13.5
2009-08-13,2,0,NA,13.6
2009-08-13,3,0,NA,13.2
2009-08-13,4,6,70,13.1
2009-08-13,5,6,310,13.1
2009-08-13,6,0,NA,12.7
2009-08-13,7,4,270,13.1
2009-08-13,8,4,90,13.8
2009-08-13,9,9,310,14.6
2009-08-13,10,11,300,15.8
2009-08-13,11,4,300,16.6
2009-08-13,12,9,300,16.3
2009-08-13,13,7,90,15.5
2009-08-13,14,6,220,16.5
2009-08-13,15,7,60,15.2
2009-08-13,16,7,280,15.5
2009-08-13,17,9,320,15.5
2009-08-13,18,7,290,14.5
2009-08-13,19,6,60,13.3
2009-08-13,20,7,80,13.3
2009-08-13,21,7,340,12.9
2009-08-13,22,6,360,13
2009-08-13,23,9,110,12.1
2009-08-14,0,9,80,12.8
2009-08-14,1,13,80,12.9
2009-08-14,2,6,70,12.4
2009-08-14,3,6,70,12.6
2009-08-14,4,0,NA,12.5
2009-08-14,5,11,80,12.4
2009-08-14,6,9,90,12.5
2009-08-14,7,9,110,13.5
2009-08-14,8,4,70,14.3
2009-08-14,9,6,170,16.4
2009-08-14,10,13,170,18
2009-08-14,11,9,200,19.3
2009-08-14,12,15,340,12.5
2009-08-14,13,6,80,13.1
2009-08-14,14,11,230,11.3
2009-08-14,15,13,60,10.5
2009-08-14,16,4,90,11.6
2009-08-14,17,11,60,14.3
2009-08-14,18,9,70,12.8
2009-08-14,19,7,80,11.1
2009-08-14,20,7,60,9.7
2009-08-14,21,6,360,9.5
2009-08-14,22,7,60,8.4
2009-08-14,23,4,20,8.8
2009-08-15,0,4,40,8.2
2009-08-15,1,6,40,7.9
2009-08-15,2,6,70,7.8
2009-08-15,3,6,70,8.2
2009-08-15,4,4,60,7.7
2009-08-15,5,6,80,8.1
2009-08-15,6,7,70,9
2009-08-15,7,0,NA,9.8
2009-08-15,8,6,260,11.2
2009-08-15,9,4,260,13.8
2009-08-15,10,4,170,15.5
2009-08-15,11,4,320,16.5
2009-08-15,12,6,230,18.4
2009-08-15,13,6,140,19.7
2009-08-15,14,6,210,20.6
2009-08-15,15,4,350,18.8
2009-08-15,16,0,NA,18.7
2009-08-15,17,4,260,18.7
2009-08-15,18,4,130,17.2
2009-08-15,19,0,NA,16.2
2009-08-15,20,6,330,15.7
2009-08-15,21,6,210,14.4
2009-08-15,22,0,NA,13.6
2009-08-15,23,4,190,13.4
2009-08-16,0,4,60,12.4
2009-08-16,1,0,NA,12.8
2009-08-16,2,6,90,12
2009-08-16,3,0,NA,11.3
2009-08-16,4,0,NA,11.4
2009-08-16,5,0,NA,11.4
2009-08-16,6,0,NA,11.2
2009-08-16,7,0,NA,12.3
2009-08-16,8,0,NA,13.9
2009-08-16,9,4,240,16.2
2009-08-16,10,4,170,17.7
2009-08-16,11,4,260,19.6
2009-08-16,12,4,250,20.6
2009-08-16,13,9,260,21.7
2009-08-16,14,4,280,21.6
2009-08-16,15,7,300,21.8
2009-08-16,16,9,330,20.2
2009-08-16,17,7,270,20.7
2009-08-16,18,4,100,20.5
2009-08-16,19,7,310,16.7
2009-08-16,20,6,20,15.5
2009-08-16,21,9,70,14.3
2009-08-16,22,6,30,13.9
2009-08-16,23,6,50,13.4
2009-08-17,0,6,30,12.8
2009-08-17,1,7,350,12.8
2009-08-17,2,6,40,12.2
2009-08-17,3,6,70,11.4
2009-08-17,4,4,250,10.7
2009-08-17,5,6,60,10.4
2009-08-17,6,4,50,11
2009-08-17,7,0,NA,12.3
2009-08-17,8,0,NA,14.6
2009-08-17,9,0,NA,16.6
2009-08-17,10,6,230,17.8
2009-08-17,11,4,210,19.6
2009-08-17,12,9,270,20.9
2009-08-17,13,6,300,22.1
2009-08-17,14,6,300,24.3
2009-08-17,15,6,280,24.7
2009-08-17,16,7,290,24.5
2009-08-17,17,6,320,24
2009-08-17,18,7,310,21.9
2009-08-17,19,4,290,19.9
2009-08-17,20,4,10,18.8
2009-08-17,21,4,20,18.7
2009-08-17,22,0,NA,17.9
2009-08-17,23,0,NA,17.5
2009-08-18,0,0,NA,16.9
2009-08-18,1,4,40,16.2
2009-08-18,2,6,50,15.4
2009-08-18,3,7,70,14.2
2009-08-18,4,0,NA,14.9
2009-08-18,5,4,50,14.1
2009-08-18,6,6,70,14.3
2009-08-18,7,0,NA,17.1
2009-08-18,8,0,NA,17.9
2009-08-18,9,4,250,19.6
2009-08-18,10,6,300,21
2009-08-18,11,6,210,22.9
2009-08-18,12,4,200,25.3
2009-08-18,13,6,290,26.2
2009-08-18,14,7,310,24.5
2009-08-18,15,6,300,25.1
2009-08-18,16,6,310,27.5
2009-08-18,17,7,310,28
2009-08-18,18,11,310,24.9
2009-08-18,19,11,320,22.4
2009-08-18,20,6,10,22
2009-08-18,21,4,330,19
2009-08-18,22,0,NA,19.8
2009-08-18,23,7,60,18.4
2009-08-19,0,6,60,17.7
2009-08-19,1,7,60,17.1
2009-08-19,2,6,70,16
2009-08-19,3,7,60,15.6
2009-08-19,4,6,70,15
2009-08-19,5,6,60,14.9
2009-08-19,6,0,NA,14.7
2009-08-19,7,0,NA,17.6
2009-08-19,8,4,220,18.7
2009-08-19,9,6,300,20.9
2009-08-19,10,9,290,22.3
2009-08-19,11,13,290,23.9
2009-08-19,12,9,300,26
2009-08-19,13,7,270,27.1
2009-08-19,14,9,260,28.2
2009-08-19,15,9,300,29.8
2009-08-19,16,7,300,30.5
2009-08-19,17,9,300,29.9
2009-08-19,18,6,280,27.8
2009-08-19,19,4,10,24.3
2009-08-19,20,7,40,22.8
2009-08-19,21,6,30,22.6
2009-08-19,22,6,30,22.1
2009-08-19,23,4,20,20.7
2009-08-20,0,4,120,19.3
2009-08-20,1,4,290,18.4
2009-08-20,2,4,40,18
2009-08-20,3,0,NA,17.7
2009-08-20,4,4,40,16.7
2009-08-20,5,6,50,15.7
2009-08-20,6,0,NA,15.6
2009-08-20,7,4,260,17.9
2009-08-20,8,4,300,20
2009-08-20,9,4,250,21.4
2009-08-20,10,6,250,23.7
2009-08-20,11,0,NA,26
2009-08-20,12,4,190,28.1
2009-08-20,13,4,270,29.6
2009-08-20,14,4,230,31.9
2009-08-20,15,4,240,32.9
2009-08-20,16,0,NA,34.2
2009-08-20,17,4,280,34.1
2009-08-20,18,4,300,31
2009-08-20,19,7,30,25.1
2009-08-20,20,6,20,25.8
2009-08-20,21,6,50,23.8
2009-08-20,22,4,10,23.5
2009-08-20,23,9,70,22.5
2009-08-21,0,6,10,21.2
2009-08-21,1,6,60,20.9
2009-08-21,2,17,100,17.7
2009-08-21,3,28,70,17.9
2009-08-21,4,20,80,19.1
2009-08-21,5,4,30,19.2
2009-08-21,6,15,70,20
2009-08-21,7,19,70,20.8
2009-08-21,8,13,100,22.7
2009-08-21,9,6,120,24.5
2009-08-21,10,4,150,27.5
2009-08-21,11,7,200,28.5
2009-08-21,12,9,150,29.7
2009-08-21,13,13,220,31
2009-08-21,14,15,200,31.4
2009-08-21,15,11,220,31.4
2009-08-21,16,17,200,30.6
2009-08-21,17,13,210,30.1
2009-08-21,18,9,220,28.8
2009-08-21,19,6,130,25.4
2009-08-21,20,6,70,22.8
2009-08-21,21,6,70,22.8
2009-08-21,22,13,170,23.1
2009-08-21,23,9,80,20.8
2009-08-22,0,7,100,19.8
2009-08-22,1,11,70,18.5
2009-08-22,2,13,80,16.7
2009-08-22,3,11,80,16.9
2009-08-22,4,7,70,15.8
2009-08-22,5,7,70,14.6
2009-08-22,6,6,50,15.6
2009-08-22,7,0,NA,18.4
2009-08-22,8,0,NA,19.1
2009-08-22,9,4,140,22.1
2009-08-22,10,11,180,22.9
2009-08-22,11,15,180,24.2
2009-08-22,12,11,160,25.9
2009-08-22,13,7,160,27.1
2009-08-22,14,9,140,27.5
2009-08-22,15,11,160,27.3
2009-08-22,16,11,180,27.2
2009-08-22,17,11,170,26.4
2009-08-22,18,11,170,24.9
2009-08-22,19,6,130,22.6
2009-08-22,20,9,80,19.8
2009-08-22,21,7,90,19.4
2009-08-22,22,17,80,18.4
2009-08-22,23,13,60,18
2009-08-23,0,9,50,16.5
2009-08-23,1,13,70,15.7
2009-08-23,2,19,70,15.4
2009-08-23,3,13,60,14.6
2009-08-23,4,13,60,14
2009-08-23,5,13,90,13.6
2009-08-23,6,9,70,13.3
2009-08-23,7,6,120,14.9
2009-08-23,8,4,130,17.8
2009-08-23,9,6,240,18.9
2009-08-23,10,7,150,21.5
2009-08-23,11,9,310,24.3
2009-08-23,12,7,190,26.3
2009-08-23,13,11,180,27.1
2009-08-23,14,7,290,28.4
2009-08-23,15,9,270,28.1
2009-08-23,16,9,320,27.8
2009-08-23,17,7,330,27.3
2009-08-23,18,11,300,24.1
2009-08-23,19,6,320,21.4
2009-08-23,20,6,20,20.6
2009-08-23,21,11,80,17.7
2009-08-23,22,7,70,16.7
2009-08-23,23,9,50,16.1
2009-08-24,0,7,60,14.7
2009-08-24,1,6,50,14.1
2009-08-24,2,9,60,13.1
2009-08-24,3,7,60,13
2009-08-24,4,7,60,12.4
2009-08-24,5,7,60,11.8
2009-08-24,6,4,60,11
2009-08-24,7,0,NA,13.7
2009-08-24,8,0,NA,15.2
2009-08-24,9,4,270,17.6
2009-08-24,10,0,NA,19.7
2009-08-24,11,4,160,21.9
2009-08-24,12,6,270,23.8
2009-08-24,13,6,150,26.4
2009-08-24,14,6,160,26.8
2009-08-24,15,9,150,27.7
2009-08-24,16,11,160,26.6
2009-08-24,17,9,160,26.3
2009-08-24,18,7,170,24.8
2009-08-24,19,6,100,21.9
2009-08-24,20,6,70,19.3
2009-08-24,21,15,70,19.1
2009-08-24,22,4,20,18.4
2009-08-24,23,6,60,16.9
2009-08-25,0,6,40,16.2
2009-08-25,1,15,70,15.6
2009-08-25,2,13,50,14.6
2009-08-25,3,19,70,14.4
2009-08-25,4,19,70,13.7
2009-08-25,5,17,70,13
2009-08-25,6,15,80,13.1
2009-08-25,7,7,100,14.4
2009-08-25,8,6,110,17
2009-08-25,9,6,170,18.9
2009-08-25,10,6,180,21.4
2009-08-25,11,9,200,24.7
2009-08-25,12,17,170,27
2009-08-25,13,7,190,28.8
2009-08-25,14,15,220,29.1
2009-08-25,15,15,210,28.8
2009-08-25,16,15,240,27.9
2009-08-25,17,9,210,27.9
2009-08-25,18,7,230,25.1
2009-08-25,19,7,160,22.8
2009-08-25,20,7,80,19.8
2009-08-25,21,11,80,20.3
2009-08-25,22,13,80,19.5
2009-08-25,23,15,80,18.8
2009-08-26,0,7,100,18.4
2009-08-26,1,15,80,17.5
2009-08-26,2,17,80,16.8
2009-08-26,3,7,70,16.5
2009-08-26,4,11,60,15.8
2009-08-26,5,20,80,15.2
2009-08-26,6,13,80,15.4
2009-08-26,7,17,80,16.3
2009-08-26,8,13,80,18
2009-08-26,9,6,110,18.6
2009-08-26,10,4,160,20.8
2009-08-26,11,6,150,24
2009-08-26,12,7,170,26.9
2009-08-26,13,7,170,28.3
2009-08-26,14,13,230,26.2
2009-08-26,15,15,200,27.1
2009-08-26,16,9,220,27.5
2009-08-26,17,9,200,27.3
2009-08-26,18,7,190,25.1
2009-08-26,19,4,30,21.6
2009-08-26,20,7,30,20.8
2009-08-26,21,9,60,18.7
2009-08-26,22,0,NA,19.1
2009-08-26,23,6,60,17.3
2009-08-27,0,6,40,17.3
2009-08-27,1,4,280,16.3
2009-08-27,2,4,360,15.3
2009-08-27,3,0,NA,15.3
2009-08-27,4,0,NA,13.9
2009-08-27,5,4,70,12.4
2009-08-27,6,0,NA,12.6
2009-08-27,7,4,70,15
2009-08-27,8,0,NA,16.6
2009-08-27,9,0,NA,19.3
2009-08-27,10,4,260,20.1
2009-08-27,11,0,NA,22.9
2009-08-27,12,6,260,21.8
2009-08-27,13,0,NA,25.5
2009-08-27,14,0,NA,26.6
2009-08-27,15,4,210,26.5
2009-08-27,16,0,NA,28.9
2009-08-27,17,0,NA,28.3
2009-08-27,18,6,320,26.4
2009-08-27,19,6,40,21.6
2009-08-27,20,4,360,21.4
2009-08-27,21,9,330,20.1
2009-08-27,22,4,10,19.8
2009-08-27,23,6,330,18.6
2009-08-28,0,4,120,16.7
2009-08-28,1,4,150,16.2
2009-08-28,2,0,NA,15.4
2009-08-28,3,4,300,15.5
2009-08-28,4,4,70,13.8
2009-08-28,5,6,60,13.6
2009-08-28,6,0,NA,12.8
2009-08-28,7,0,NA,16.3
2009-08-28,8,0,NA,17.1
2009-08-28,9,4,240,19.6
2009-08-28,10,4,260,22.2
2009-08-28,11,6,280,24
2009-08-28,12,6,270,26.2
2009-08-28,13,4,250,29.1
2009-08-28,14,6,270,30.6
2009-08-28,15,0,NA,32.3
2009-08-28,16,0,NA,33.7
2009-08-28,17,4,270,31.6
2009-08-28,18,6,320,27.9
2009-08-28,19,4,50,24.8
2009-08-28,20,9,340,24.3
2009-08-28,21,7,20,24
2009-08-28,22,9,320,23
2009-08-28,23,4,20,20.5
2009-08-29,0,4,260,21.3
2009-08-29,1,9,60,20
2009-08-29,2,7,80,19.7
2009-08-29,3,13,60,19.8
2009-08-29,4,4,360,17.4
2009-08-29,5,4,180,17.6
2009-08-29,6,7,110,17.9
2009-08-29,7,7,140,18.4
2009-08-29,8,4,160,20.8
2009-08-29,9,0,NA,22
2009-08-29,10,0,NA,22.3
2009-08-29,11,6,140,23.7
2009-08-29,12,6,150,24.3
2009-08-29,13,6,240,25.2
2009-08-29,14,9,160,25.4
2009-08-29,15,7,100,24.1
2009-08-29,16,6,190,24.2
2009-08-29,17,0,NA,26
2009-08-29,18,6,80,22.5
2009-08-29,19,9,60,20.5
2009-08-29,20,6,60,19.1
2009-08-29,21,6,40,19.1
2009-08-29,22,4,360,18.3
2009-08-29,23,6,50,17.3
2009-08-30,0,4,10,17.1
2009-08-30,1,0,NA,15.5
2009-08-30,2,0,NA,15.5
2009-08-30,3,4,20,14.4
2009-08-30,4,4,10,13.9
2009-08-30,5,7,60,13.8
2009-08-30,6,0,NA,14.2
2009-08-30,7,0,NA,16.6
2009-08-30,8,4,220,17.8
2009-08-30,9,0,NA,20.9
2009-08-30,10,4,300,23.1
2009-08-30,11,6,280,25
2009-08-30,12,4,180,27.2
2009-08-30,13,6,270,29.2
2009-08-30,14,4,300,31.4
2009-08-30,15,6,280,32.1
2009-08-30,16,6,260,32.6
2009-08-30,17,0,NA,32.3
2009-08-30,18,6,320,29.1
2009-08-30,19,7,50,24.6
2009-08-30,20,7,50,23.2
2009-08-30,21,4,20,24.1
2009-08-30,22,6,10,22.5
2009-08-30,23,4,330,21.5
2009-08-31,0,6,210,18.9
2009-08-31,1,6,40,18.4
2009-08-31,2,7,60,17.1
2009-08-31,3,6,50,17.9
2009-08-31,4,7,70,17.3
2009-08-31,5,4,40,17.5
2009-08-31,6,6,160,16
2009-08-31,7,0,NA,18.3
2009-08-31,8,0,NA,18.9
2009-08-31,9,4,230,21.9
2009-08-31,10,0,NA,24.5
2009-08-31,11,4,220,26.3
2009-08-31,12,6,230,28.8
2009-08-31,13,6,240,30.1
2009-08-31,14,6,120,32.5
2009-08-31,15,7,210,32.8
2009-08-31,16,7,180,32.2
2009-08-31,17,9,170,30.3
2009-08-31,18,6,210,28.8
2009-08-31,19,11,160,27.4
2009-08-31,20,6,90,24.9
2009-08-31,21,7,80,23.5
2009-08-31,22,15,80,24.2
2009-08-31,23,11,70,23.1
2009-09-01,0,7,50,21.8
2009-09-01,1,4,40,20.5
2009-09-01,2,0,NA,20.4
2009-09-01,3,7,60,19.2
2009-09-01,4,7,70,18.8
2009-09-01,5,0,NA,17.4
2009-09-01,6,4,60,17.1
2009-09-01,7,0,NA,18.9
2009-09-01,8,0,NA,20.8
2009-09-01,9,4,260,22.6
2009-09-01,10,0,NA,25.1
2009-09-01,11,6,240,27.3
2009-09-01,12,6,230,29.4
2009-09-01,13,6,270,30.9
2009-09-01,14,7,300,32.3
2009-09-01,15,13,150,33.4
2009-09-01,16,6,130,33.6
2009-09-01,17,11,310,29.6
2009-09-01,18,17,330,26.6
2009-09-01,19,7,340,25.1
2009-09-01,20,17,310,23.8
2009-09-01,21,11,320,22.5
2009-09-01,22,9,330,21.5
2009-09-01,23,7,240,19.6
2009-09-02,0,11,310,19.8
2009-09-02,1,20,330,20.1
2009-09-02,2,19,330,19.3
2009-09-02,3,4,350,18.1
2009-09-02,4,4,360,16.9
2009-09-02,5,7,340,16.8
2009-09-02,6,0,NA,15.6
2009-09-02,7,NA,NA,NA
2009-09-02,8,0,NA,20.2
2009-09-02,9,6,320,21.7
2009-09-02,10,6,300,23.6
2009-09-02,11,6,300,25.3
2009-09-02,12,6,300,27.2
2009-09-02,13,9,290,28.8
2009-09-02,14,NA,NA,NA
2009-09-02,15,NA,NA,NA
2009-09-02,16,NA,NA,NA
2009-09-02,17,NA,NA,NA
2009-09-02,18,NA,NA,NA
2009-09-02,19,NA,NA,NA
2009-09-02,20,NA,NA,NA
2009-09-02,21,NA,NA,NA
2009-09-02,22,NA,NA,NA
2009-09-02,23,NA,NA,NA
2009-09-03,0,NA,NA,NA
2009-09-03,1,NA,NA,NA
2009-09-03,2,NA,NA,NA
2009-09-03,3,NA,NA,NA
2009-09-03,4,NA,NA,NA
2009-09-03,5,NA,NA,NA
2009-09-03,6,NA,NA,NA
2009-09-03,7,NA,NA,NA
2009-09-03,8,NA,NA,NA
2009-09-03,9,7,120,20.7
2009-09-03,10,0,NA,19.8
2009-09-03,11,11,180,22.9
2009-09-03,12,9,220,24.3
2009-09-03,13,9,220,24.9
2009-09-03,14,17,210,26
2009-09-03,15,15,230,25.7
2009-09-03,16,20,200,23.4
2009-09-03,17,19,240,23
2009-09-03,18,7,260,20.1
2009-09-03,19,22,340,17.4
2009-09-03,20,24,340,16.2
2009-09-03,21,20,330,15.5
2009-09-03,22,15,340,14.9
2009-09-03,23,17,340,14.4
2009-09-04,0,6,330,12.7
2009-09-04,1,4,70,11.6
2009-09-04,2,6,80,10
2009-09-04,3,4,70,10
2009-09-04,4,7,60,9.3
2009-09-04,5,6,60,8.7
2009-09-04,6,6,80,8.2
2009-09-04,7,4,70,11.3
2009-09-04,8,4,240,13
2009-09-04,9,6,300,14.5
2009-09-04,10,0,NA,17
2009-09-04,11,7,290,16.9
2009-09-04,12,6,200,19.1
2009-09-04,13,6,250,21.7
2009-09-04,14,6,220,22.5
2009-09-04,15,6,270,24.9
2009-09-04,16,11,310,22.9
2009-09-04,17,11,300,21.9
2009-09-04,18,6,310,18
2009-09-04,19,4,340,18
2009-09-04,20,6,320,16.2
2009-09-04,21,6,280,15.4
2009-09-04,22,6,340,14.8
2009-09-04,23,6,280,14.7
2009-09-05,0,4,30,14.5
2009-09-05,1,4,360,13.9
2009-09-05,2,4,50,13
2009-09-05,3,0,NA,13.2
2009-09-05,4,4,100,12.1
2009-09-05,5,6,320,12.4
2009-09-05,6,6,30,12
2009-09-05,7,6,330,13.7
2009-09-05,8,4,210,15.6
2009-09-05,9,4,220,17.7
2009-09-05,10,6,120,20.5
2009-09-05,11,4,160,22.2
2009-09-05,12,4,160,23.2
2009-09-05,13,6,150,24.1
2009-09-05,14,6,250,25.8
2009-09-05,15,6,140,25.7
2009-09-05,16,7,170,25.2
2009-09-05,17,6,150,23.8
2009-09-05,18,0,NA,22.6
2009-09-05,19,4,190,22.4
2009-09-05,20,6,70,20.8
2009-09-05,21,7,80,19.6
2009-09-05,22,9,90,17.4
2009-09-05,23,9,130,17.6
2009-09-06,0,6,80,16.4
2009-09-06,1,4,160,17.7
2009-09-06,2,9,110,16.7
2009-09-06,3,9,90,15.9
2009-09-06,4,7,150,16.2
2009-09-06,5,7,130,15.7
2009-09-06,6,4,260,14.6
2009-09-06,7,9,320,12.9
2009-09-06,8,11,80,12.6
2009-09-06,9,6,140,13.4
2009-09-06,10,4,160,14.2
2009-09-06,11,13,170,15.2
2009-09-06,12,13,160,17.6
2009-09-06,13,9,200,17.4
2009-09-06,14,15,200,16.2
2009-09-06,15,13,150,17.2
2009-09-06,16,9,170,15.9
2009-09-06,17,6,280,15.3
2009-09-06,18,6,280,14.5
2009-09-06,19,11,80,10.7
2009-09-06,20,11,70,10.6
2009-09-06,21,7,60,9.5
2009-09-06,22,9,70,8.8
2009-09-06,23,11,70,8.9
2009-09-07,0,17,80,9.2
2009-09-07,1,4,80,9.1
2009-09-07,2,9,90,9.3
2009-09-07,3,0,NA,9.1
2009-09-07,4,4,20,9
2009-09-07,5,7,110,9.3
2009-09-07,6,0,NA,9.1
2009-09-07,7,4,130,10.3
2009-09-07,8,11,160,11.3
2009-09-07,9,11,160,11.8
2009-09-07,10,9,160,11.7
2009-09-07,11,6,190,13.1
2009-09-07,12,11,200,14.2
2009-09-07,13,9,340,14.4
2009-09-07,14,4,40,13.4
2009-09-07,15,19,330,12.5
2009-09-07,16,9,70,11
2009-09-07,17,11,80,10.6
2009-09-07,18,9,80,10.4
2009-09-07,19,0,NA,10.1
2009-09-07,20,6,60,9.6
2009-09-07,21,4,70,9
2009-09-07,22,9,80,9
2009-09-07,23,4,110,8.6
2009-09-08,0,4,50,8.5
2009-09-08,1,6,80,8.1
2009-09-08,2,0,NA,8.2
2009-09-08,3,6,90,7.3
2009-09-08,4,6,80,6.8
2009-09-08,5,7,70,6.9
2009-09-08,6,0,NA,6.6
2009-09-08,7,4,250,8.2
2009-09-08,8,4,220,10.1
2009-09-08,9,4,230,10.6
2009-09-08,10,4,300,13
2009-09-08,11,6,210,16.1
2009-09-08,12,7,210,17.4
2009-09-08,13,9,200,17.9
2009-09-08,14,7,160,19.1
2009-09-08,15,6,260,20.1
2009-09-08,16,4,300,20.3
2009-09-08,17,0,NA,16.4
2009-09-08,18,4,280,15.2
2009-09-08,19,6,70,13.3
2009-09-08,20,9,70,11.4
2009-09-08,21,13,80,12
2009-09-08,22,9,60,11.4
2009-09-08,23,4,20,11.5
2009-09-09,0,4,270,10.2
2009-09-09,1,7,60,9.7
2009-09-09,2,0,NA,10.1
2009-09-09,3,4,50,9.5
2009-09-09,4,0,NA,8.7
2009-09-09,5,4,10,8.6
2009-09-09,6,6,60,9.4
2009-09-09,7,9,120,9.7
2009-09-09,8,6,90,10.6
2009-09-09,9,4,180,12.1
2009-09-09,10,4,220,13.2
2009-09-09,11,4,210,14
2009-09-09,12,6,230,17
2009-09-09,13,11,320,17.5
2009-09-09,14,13,300,18.1
2009-09-09,15,7,300,18.3
2009-09-09,16,9,300,17.9
2009-09-09,17,4,270,16.4
2009-09-09,18,0,NA,15
2009-09-09,19,6,40,13.5
2009-09-09,20,6,90,12.5
2009-09-09,21,7,50,12.8
2009-09-09,22,6,80,12.3
2009-09-09,23,0,NA,11.9
2009-09-10,0,0,NA,11.8
2009-09-10,1,4,120,11
2009-09-10,2,6,70,10.3
2009-09-10,3,6,50,9.5
2009-09-10,4,0,NA,9.1
2009-09-10,5,6,340,8.7
2009-09-10,6,4,100,9.1
2009-09-10,7,0,NA,10.9
2009-09-10,8,0,NA,12.5
2009-09-10,9,4,270,15.2
2009-09-10,10,11,290,16.5
2009-09-10,11,13,310,18
2009-09-10,12,15,300,20.5
2009-09-10,13,20,320,21.8
2009-09-10,14,22,320,22.1
2009-09-10,15,20,320,22.6
2009-09-10,16,20,320,22.5
2009-09-10,17,17,320,22
2009-09-10,18,13,310,20.2
2009-09-10,19,4,340,16.8
2009-09-10,20,4,80,15.8
2009-09-10,21,6,40,14.9
2009-09-10,22,0,NA,14.2
2009-09-10,23,7,60,13
2009-09-11,0,4,320,12.3
2009-09-11,1,6,50,11.6
2009-09-11,2,4,20,11
2009-09-11,3,6,30,10.5
2009-09-11,4,6,40,10.4
2009-09-11,5,6,70,9.7
2009-09-11,6,7,60,9.5
2009-09-11,7,0,NA,11.1
2009-09-11,8,4,260,13.4
2009-09-11,9,7,300,15.3
2009-09-11,10,6,350,17.1
2009-09-11,11,6,290,19.5
2009-09-11,12,6,310,21.2
2009-09-11,13,4,270,23.5
2009-09-11,14,6,260,25.1
2009-09-11,15,4,220,26.9
2009-09-11,16,4,280,26.8
2009-09-11,17,0,NA,26
2009-09-11,18,4,320,20.1
2009-09-11,19,4,360,19.5
2009-09-11,20,7,360,18.4
2009-09-11,21,9,320,16.5
2009-09-11,22,7,320,15.9
2009-09-11,23,4,10,16.1
2009-09-12,0,0,NA,15.3
2009-09-12,1,4,270,14
2009-09-12,2,4,90,13.4
2009-09-12,3,0,NA,12.3
2009-09-12,4,0,NA,11.7
2009-09-12,5,6,70,11.3
2009-09-12,6,0,NA,10.4
2009-09-12,7,0,NA,12.6
2009-09-12,8,0,NA,14.5
2009-09-12,9,4,280,16.4
2009-09-12,10,4,300,18.1
2009-09-12,11,6,300,21.1
2009-09-12,12,4,290,22.8
2009-09-12,13,6,320,24.4
2009-09-12,14,7,300,25.6
2009-09-12,15,9,310,25.7
2009-09-12,16,9,300,25.3
2009-09-12,17,7,290,24.1
2009-09-12,18,4,330,19.5
2009-09-12,19,0,NA,18.8
2009-09-12,20,0,NA,17.6
2009-09-12,21,4,20,16.9
2009-09-12,22,4,290,16.4
2009-09-12,23,7,10,17
2009-09-13,0,6,360,15.8
2009-09-13,1,4,340,15.9
2009-09-13,2,4,10,15.2
2009-09-13,3,4,40,14.2
2009-09-13,4,4,300,12.8
2009-09-13,5,6,50,12.4
2009-09-13,6,6,70,11.9
2009-09-13,7,0,NA,13.7
2009-09-13,8,0,NA,16.1
2009-09-13,9,7,310,18
2009-09-13,10,6,290,19.7
2009-09-13,11,4,200,22.1
2009-09-13,12,6,280,24.5
2009-09-13,13,6,310,26.6
2009-09-13,14,6,280,27.9
2009-09-13,15,7,300,29.4
2009-09-13,16,6,270,29
2009-09-13,17,0,NA,28.9
2009-09-13,18,6,320,23.3
2009-09-13,19,7,50,20.8
2009-09-13,20,6,350,21.7
2009-09-13,21,0,NA,19.9
2009-09-13,22,4,50,19.1
2009-09-13,23,7,50,18.7
2009-09-14,0,4,30,17.6
2009-09-14,1,4,250,16.3
2009-09-14,2,4,10,15.5
2009-09-14,3,13,60,16.6
2009-09-14,4,13,60,15.6
2009-09-14,5,17,80,14.5
2009-09-14,6,9,90,13.6
2009-09-14,7,7,80,14.2
2009-09-14,8,0,NA,14.9
2009-09-14,9,6,260,17.7
2009-09-14,10,4,290,20
2009-09-14,11,13,160,24.3
2009-09-14,12,13,170,26.2
2009-09-14,13,17,170,25.8
2009-09-14,14,15,160,24.4
2009-09-14,15,13,160,24.9
2009-09-14,16,11,180,25.4
2009-09-14,17,9,180,23.8
2009-09-14,18,6,150,22.6
2009-09-14,19,6,120,20.6
2009-09-14,20,6,80,19.7
2009-09-14,21,9,110,19.4
2009-09-14,22,11,80,18.8
2009-09-14,23,13,80,18.4
2009-09-15,0,9,70,18.3
2009-09-15,1,11,80,18
2009-09-15,2,7,50,17.3
2009-09-15,3,6,70,15.9
2009-09-15,4,7,60,15.8
2009-09-15,5,11,80,15.9
2009-09-15,6,4,30,15.2
2009-09-15,7,7,100,15.7
2009-09-15,8,7,130,18.1
2009-09-15,9,4,160,20.3
2009-09-15,10,6,260,21.1
2009-09-15,11,0,NA,23.7
2009-09-15,12,6,160,26.4
2009-09-15,13,6,240,27.8
2009-09-15,14,6,240,29.1
2009-09-15,15,6,230,29.2
2009-09-15,16,0,NA,28.2
2009-09-15,17,0,NA,25.8
2009-09-15,18,6,340,21.5
2009-09-15,19,4,350,21.3
2009-09-15,20,7,330,21.2
2009-09-15,21,9,340,19.9
2009-09-15,22,0,NA,18.7
2009-09-15,23,6,10,18.7
2009-09-16,0,4,250,17.6
2009-09-16,1,0,NA,16.4
2009-09-16,2,4,170,16.2
2009-09-16,3,0,NA,15.4
2009-09-16,4,0,NA,15.2
2009-09-16,5,0,NA,13.9
2009-09-16,6,6,60,13.4
2009-09-16,7,6,80,15.1
2009-09-16,8,0,NA,16.3
2009-09-16,9,4,240,18.8
2009-09-16,10,4,250,20.6
2009-09-16,11,6,330,23.1
2009-09-16,12,4,210,25.5
2009-09-16,13,6,240,27.5
2009-09-16,14,6,290,28.9
2009-09-16,15,7,260,29.9
2009-09-16,16,6,290,30.4
2009-09-16,17,4,50,27.1
2009-09-16,18,9,60,25.7
2009-09-16,19,7,50,24.8
2009-09-16,20,9,70,22.7
2009-09-16,21,11,60,23.6
2009-09-16,22,0,NA,22.5
2009-09-16,23,4,330,20.7
2009-09-17,0,6,60,20.2
2009-09-17,1,17,80,20.2
2009-09-17,2,13,90,18.8
2009-09-17,3,6,60,16.7
2009-09-17,4,0,NA,17.5
2009-09-17,5,4,310,16.2
2009-09-17,6,6,270,16.9
2009-09-17,7,20,340,17
2009-09-17,8,6,350,15.8
2009-09-17,9,0,NA,16.2
2009-09-17,10,4,100,16.4
2009-09-17,11,6,190,19.2
2009-09-17,12,9,160,20.3
2009-09-17,13,13,150,21.3
2009-09-17,14,11,160,22.5
2009-09-17,15,13,170,22.3
2009-09-17,16,9,200,23.1
2009-09-17,17,11,160,20.9
2009-09-17,18,9,160,18.8
2009-09-17,19,7,110,17.2
2009-09-17,20,6,80,16
2009-09-17,21,7,90,15.3
2009-09-17,22,11,70,15.1
2009-09-17,23,4,30,14.8
2009-09-18,0,6,40,13.9
2009-09-18,1,9,70,13.5
2009-09-18,2,7,50,13.5
2009-09-18,3,13,60,12.7
2009-09-18,4,15,70,12.4
2009-09-18,5,9,60,11.4
2009-09-18,6,9,60,11.3
2009-09-18,7,9,70,12.1
2009-09-18,8,6,150,14.3
2009-09-18,9,4,250,15.9
2009-09-18,10,4,240,17.7
2009-09-18,11,4,240,19.5
2009-09-18,12,4,220,21.7
2009-09-18,13,6,320,23.3
2009-09-18,14,7,270,24.2
2009-09-18,15,6,300,25
2009-09-18,16,0,NA,25.6
2009-09-18,17,4,290,24.4
2009-09-18,18,6,40,19.5
2009-09-18,19,6,360,18.2
2009-09-18,20,9,320,17.1
2009-09-18,21,6,290,16.3
2009-09-18,22,0,NA,15.8
2009-09-18,23,0,NA,15.9
2009-09-19,0,6,80,13.9
2009-09-19,1,4,60,13.5
2009-09-19,2,7,60,13.1
2009-09-19,3,4,360,12.3
2009-09-19,4,11,60,12.7
2009-09-19,5,15,100,11.7
2009-09-19,6,6,60,11.3
2009-09-19,7,9,80,12.5
2009-09-19,8,4,160,14.8
2009-09-19,9,4,170,17.1
2009-09-19,10,4,240,17
2009-09-19,11,6,240,19.9
2009-09-19,12,11,190,21.7
2009-09-19,13,7,260,20.6
2009-09-19,14,4,300,21.3
2009-09-19,15,4,300,20.8
2009-09-19,16,6,270,20
2009-09-19,17,4,80,17.3
2009-09-19,18,15,170,18.6
2009-09-19,19,13,150,16.2
2009-09-19,20,9,140,14.5
2009-09-19,21,7,290,13.8
2009-09-19,22,22,320,13.8
2009-09-19,23,13,350,13.1
2009-09-20,0,7,280,12
2009-09-20,1,6,340,11.3
2009-09-20,2,4,40,10.8
2009-09-20,3,6,80,9.6
2009-09-20,4,6,50,9.2
2009-09-20,5,6,10,8.7
2009-09-20,6,6,50,8.9
2009-09-20,7,6,90,9.2
2009-09-20,8,6,270,12.5
2009-09-20,9,11,340,13.2
2009-09-20,10,15,330,14.6
2009-09-20,11,19,340,15.3
2009-09-20,12,22,340,16.9
2009-09-20,13,20,340,18
2009-09-20,14,19,330,18.3
2009-09-20,15,20,320,18.5
2009-09-20,16,19,330,18.1
2009-09-20,17,19,330,17.1
2009-09-20,18,13,330,15.5
2009-09-20,19,6,260,13.1
2009-09-20,20,6,10,12.4
2009-09-20,21,6,20,10.2
2009-09-20,22,9,70,9
2009-09-20,23,7,70,8.7
2009-09-21,0,7,70,8.1
2009-09-21,1,7,70,7.7
2009-09-21,2,7,70,7.1
2009-09-21,3,9,80,7.2
2009-09-21,4,9,70,6.5
2009-09-21,5,7,70,5.9
2009-09-21,6,9,70,5.7
2009-09-21,7,4,10,5.9
2009-09-21,8,4,260,8
2009-09-21,9,4,220,10.5
2009-09-21,10,4,310,12.4
2009-09-21,11,6,240,14.3
2009-09-21,12,4,270,16.4
2009-09-21,13,7,270,17.1
2009-09-21,14,4,220,18.5
2009-09-21,15,7,300,18.4
2009-09-21,16,7,290,18
2009-09-21,17,7,300,17.4
2009-09-21,18,6,300,14.2
2009-09-21,19,4,10,12.9
2009-09-21,20,4,350,12.5
2009-09-21,21,0,NA,11.7
2009-09-21,22,4,280,11.1
2009-09-21,23,0,NA,11.1
2009-09-22,0,0,NA,10.4
2009-09-22,1,6,80,9.5
2009-09-22,2,6,40,9.3
2009-09-22,3,7,60,8.7
2009-09-22,4,7,70,8.5
2009-09-22,5,6,70,8.1
2009-09-22,6,4,60,7.7
2009-09-22,7,0,NA,8.7
2009-09-22,8,0,NA,10.9
2009-09-22,9,4,240,13
2009-09-22,10,4,260,15.2
2009-09-22,11,0,NA,16.9
2009-09-22,12,4,290,19.4
2009-09-22,13,6,290,21.2
2009-09-22,14,4,270,22.5
2009-09-22,15,7,300,23
2009-09-22,16,9,300,22.9
2009-09-22,17,7,300,20.2
2009-09-22,18,4,350,16.5
2009-09-22,19,0,NA,16
2009-09-22,20,0,NA,15.7
2009-09-22,21,4,350,15.2
2009-09-22,22,0,NA,14.1
2009-09-22,23,0,NA,13.6
2009-09-23,0,0,NA,13.2
2009-09-23,1,0,NA,13.3
2009-09-23,2,0,NA,12.8
2009-09-23,3,0,NA,12
2009-09-23,4,0,NA,11.7
2009-09-23,5,0,NA,11.2
2009-09-23,6,0,NA,10.5
2009-09-23,7,0,NA,12.4
2009-09-23,8,0,NA,13.1
2009-09-23,9,4,280,15.6
2009-09-23,10,4,260,17.8
2009-09-23,11,4,250,20.6
2009-09-23,12,4,240,22.5
2009-09-23,13,6,290,24.7
2009-09-23,14,6,280,25.6
2009-09-23,15,9,300,24.5
2009-09-23,16,9,300,23.4
2009-09-23,17,6,290,22.1
2009-09-23,18,0,NA,18.6
2009-09-23,19,4,170,18.2
2009-09-23,20,4,50,17
2009-09-23,21,0,NA,17.2
2009-09-23,22,6,180,16
2009-09-23,23,0,NA,15.9
2009-09-24,0,4,220,15.4
2009-09-24,1,0,NA,14.8
2009-09-24,2,7,50,13.6
2009-09-24,3,0,NA,14
2009-09-24,4,0,NA,12.4
2009-09-24,5,4,60,11.2
2009-09-24,6,4,40,11.3
2009-09-24,7,4,330,10.9
2009-09-24,8,0,NA,13.2
2009-09-24,9,0,NA,15.1
2009-09-24,10,4,290,17.3
2009-09-24,11,4,270,20.1
2009-09-24,12,4,260,21.2
2009-09-24,13,4,250,23.8
2009-09-24,14,4,240,25.3
2009-09-24,15,0,NA,27
2009-09-24,16,0,NA,27.2
2009-09-24,17,6,310,23.7
2009-09-24,18,0,NA,19.6
2009-09-24,19,7,50,19.1
2009-09-24,20,0,NA,18.2
2009-09-24,21,7,320,17.1
2009-09-24,22,4,340,15.8
2009-09-24,23,0,NA,16.6
2009-09-25,0,9,340,16.1
2009-09-25,1,6,10,16
2009-09-25,2,6,330,15.3
2009-09-25,3,6,60,13.9
2009-09-25,4,6,50,13.2
2009-09-25,5,4,60,12.5
2009-09-25,6,4,50,12.7
2009-09-25,7,4,70,13.2
2009-09-25,8,0,NA,15.4
2009-09-25,9,4,270,16.9
2009-09-25,10,13,310,18.3
2009-09-25,11,17,290,19.4
2009-09-25,12,9,290,21.7
2009-09-25,13,7,320,23.4
2009-09-25,14,7,300,24.3
2009-09-25,15,9,310,24.6
2009-09-25,16,7,300,24.6
2009-09-25,17,4,290,23
2009-09-25,18,6,330,18.5
2009-09-25,19,7,50,17.7
2009-09-25,20,7,60,17.1
2009-09-25,21,9,60,16.8
2009-09-25,22,6,80,16.1
2009-09-25,23,9,70,15
2009-09-26,0,9,70,14.4
2009-09-26,1,7,60,14.1
2009-09-26,2,6,60,12.3
2009-09-26,3,4,10,12.7
2009-09-26,4,9,70,12.1
2009-09-26,5,9,70,11.3
2009-09-26,6,7,70,11.5
2009-09-26,7,9,60,12
2009-09-26,8,4,330,14.8
2009-09-26,9,4,280,17.1
2009-09-26,10,NA,NA,NA
2009-09-26,11,7,320,23
2009-09-26,12,9,250,25.9
2009-09-26,13,15,290,26.7
2009-09-26,14,15,280,27.6
2009-09-26,15,22,290,26.8
2009-09-26,16,19,270,26.3
2009-09-26,17,19,270,24.8
2009-09-26,18,7,270,21.1
2009-09-26,19,7,270,19.9
2009-09-26,20,6,340,18.3
2009-09-26,21,6,40,17.2
2009-09-26,22,11,350,18
2009-09-26,23,11,330,17.5
2009-09-27,0,6,290,15.2
2009-09-27,1,11,310,14.2
2009-09-27,2,19,320,13.7
2009-09-27,3,15,320,12.5
2009-09-27,4,13,330,11.8
2009-09-27,5,15,320,10.8
2009-09-27,6,7,310,9.3
2009-09-27,7,0,NA,10.1
2009-09-27,8,6,280,11.8
2009-09-27,9,15,340,13.6
2009-09-27,10,19,320,14.9
2009-09-27,11,17,310,15.9
2009-09-27,12,17,300,17.2
2009-09-27,13,11,300,18.6
2009-09-27,14,13,310,19.5
2009-09-27,15,13,300,19.5
2009-09-27,16,9,320,19.5
2009-09-27,17,6,300,17.9
2009-09-27,18,6,10,14.2
2009-09-27,19,7,50,11.4
2009-09-27,20,6,350,11.1
2009-09-27,21,6,40,11.1
2009-09-27,22,6,10,10.2
2009-09-27,23,4,110,9.4
2009-09-28,0,0,NA,8.7
2009-09-28,1,6,60,7.9
2009-09-28,2,6,350,7.1
2009-09-28,3,0,NA,6.9
2009-09-28,4,6,30,5.8
2009-09-28,5,6,360,5
2009-09-28,6,6,10,5.5
2009-09-28,7,4,40,5.4
2009-09-28,8,7,120,8.8
2009-09-28,9,6,250,9.2
2009-09-28,10,4,170,14.1
2009-09-28,11,6,170,16.7
2009-09-28,12,6,180,19.1
2009-09-28,13,7,200,20
2009-09-28,14,6,210,21.7
2009-09-28,15,4,260,21.3
2009-09-28,16,0,NA,19.9
2009-09-28,17,7,50,18
2009-09-28,18,7,80,15.5
2009-09-28,19,9,70,14.9
2009-09-28,20,4,100,15.8
2009-09-28,21,6,50,16
2009-09-28,22,7,60,14.6
2009-09-28,23,4,350,16.2
2009-09-29,0,6,210,15.8
2009-09-29,1,7,90,12.8
2009-09-29,2,7,50,11.5
2009-09-29,3,4,90,12.3
2009-09-29,4,6,190,13.3
2009-09-29,5,11,170,13
2009-09-29,6,15,170,12.3
2009-09-29,7,15,170,12.2
2009-09-29,8,13,170,12
2009-09-29,9,7,180,12.5
2009-09-29,10,9,210,12.9
2009-09-29,11,11,180,12.4
2009-09-29,12,9,210,12.7
2009-09-29,13,11,220,12.3
2009-09-29,14,13,210,13.2
2009-09-29,15,11,200,13
2009-09-29,16,13,180,12.4
2009-09-29,17,13,160,11.5
2009-09-29,18,9,140,10
2009-09-29,19,11,170,10.1
2009-09-29,20,4,80,8.9
2009-09-29,21,9,290,8.2
2009-09-29,22,6,50,6.9
2009-09-29,23,6,60,5.9
2009-09-30,0,6,350,5.6
2009-09-30,1,4,80,5.6
2009-09-30,2,0,NA,4.7
2009-09-30,3,9,70,4.2
2009-09-30,4,6,80,3.8
2009-09-30,5,6,80,4
2009-09-30,6,7,70,4.5
2009-09-30,7,4,130,4.6
2009-09-30,8,0,NA,6.7
2009-09-30,9,0,NA,7.5
2009-09-30,10,4,150,9.6
2009-09-30,11,6,200,11.2
2009-09-30,12,9,280,11
2009-09-30,13,4,270,10.3
2009-09-30,14,9,280,9.8
2009-09-30,15,4,110,9.8
2009-09-30,16,4,70,8.5
2009-09-30,17,7,130,8.8
2009-09-30,18,6,120,6.5
2009-09-30,19,0,NA,6.3
2009-09-30,20,6,80,5.1
2009-09-30,21,6,70,5.1
2009-09-30,22,7,70,4.8
2009-09-30,23,7,70,4
2010-05-01,0,7,60,4.9
2010-05-01,1,4,60,4.9
2010-05-01,2,6,60,4.8
2010-05-01,3,4,70,4.7
2010-05-01,4,7,120,4.1
2010-05-01,5,9,120,4.7
2010-05-01,6,9,130,5.3
2010-05-01,7,19,160,5.7
2010-05-01,8,15,140,5.1
2010-05-01,9,13,150,6.3
2010-05-01,10,11,160,8.6
2010-05-01,11,6,190,9.5
2010-05-01,12,9,190,10.4
2010-05-01,13,13,250,11.1
2010-05-01,14,7,230,10.6
2010-05-01,15,7,220,11.4
2010-05-01,16,7,250,11.5
2010-05-01,17,0,NA,11.8
2010-05-01,18,4,230,10.3
2010-05-01,19,6,130,8.5
2010-05-01,20,0,NA,7.3
2010-05-01,21,0,NA,6.9
2010-05-01,22,0,NA,6.4
2010-05-01,23,6,290,5.9
2010-05-02,0,4,340,4.8
2010-05-02,1,4,50,4.3
2010-05-02,2,7,60,3.5
2010-05-02,3,7,70,3.3
2010-05-02,4,7,70,2.9
2010-05-02,5,6,60,2.9
2010-05-02,6,0,NA,5.5
2010-05-02,7,0,NA,5.8
2010-05-02,8,4,230,7.9
2010-05-02,9,7,160,10.4
2010-05-02,10,6,220,10.9
2010-05-02,11,6,190,11.6
2010-05-02,12,6,80,13
2010-05-02,13,0,NA,13.2
2010-05-02,14,17,190,13.9
2010-05-02,15,17,200,13.4
2010-05-02,16,17,180,11.1
2010-05-02,17,0,NA,11.3
2010-05-02,18,11,150,10.9
2010-05-02,19,6,200,10.3
2010-05-02,20,13,170,9.9
2010-05-02,21,19,160,9.1
2010-05-02,22,15,200,8.8
2010-05-02,23,15,190,7.8
2010-05-03,0,20,170,5.9
2010-05-03,1,20,160,5.3
2010-05-03,2,22,160,5.3
2010-05-03,3,26,160,5.1
2010-05-03,4,22,150,5.1
2010-05-03,5,24,170,5.9
2010-05-03,6,17,140,6.5
2010-05-03,7,26,160,6.8
2010-05-03,8,19,160,7.3
2010-05-03,9,13,180,8
2010-05-03,10,28,220,7.5
2010-05-03,11,46,270,6.4
2010-05-03,12,9,80,6
2010-05-03,13,6,10,9.5
2010-05-03,14,17,330,5.1
2010-05-03,15,7,330,6.5
2010-05-03,16,7,130,7.4
2010-05-03,17,7,230,7.6
2010-05-03,18,11,260,7.3
2010-05-03,19,11,250,6.7
2010-05-03,20,7,230,6
2010-05-03,21,4,260,6
2010-05-03,22,11,260,6.1
2010-05-03,23,13,280,5.9
2010-05-04,0,9,270,6.2
2010-05-04,1,4,320,6.1
2010-05-04,2,6,260,5.5
2010-05-04,3,9,280,5.2
2010-05-04,4,15,270,4.9
2010-05-04,5,7,300,4.8
2010-05-04,6,6,80,4.9
2010-05-04,7,6,40,5
2010-05-04,8,7,210,5.9
2010-05-04,9,15,180,6.3
2010-05-04,10,7,150,6.6
2010-05-04,11,9,230,7.6
2010-05-04,12,15,250,7.8
2010-05-04,13,13,250,8.1
2010-05-04,14,13,250,8.9
2010-05-04,15,15,170,7.7
2010-05-04,16,15,160,7.6
2010-05-04,17,17,180,7.1
2010-05-04,18,13,170,6.6
2010-05-04,19,9,170,6.2
2010-05-04,20,11,170,6
2010-05-04,21,13,140,4.8
2010-05-04,22,9,130,4.8
2010-05-04,23,4,110,4.7
2010-05-05,0,6,100,4.2
2010-05-05,1,7,70,3.6
2010-05-05,2,11,70,3.4
2010-05-05,3,0,NA,3.1
2010-05-05,4,4,230,3
2010-05-05,5,0,NA,2.8
2010-05-05,6,6,180,2.1
2010-05-05,7,4,330,1.5
2010-05-05,8,4,290,1.7
2010-05-05,9,4,250,2.4
2010-05-05,10,4,230,3.5
2010-05-05,11,6,210,5.3
2010-05-05,12,9,50,7.3
2010-05-05,13,11,40,8.1
2010-05-05,14,7,40,8.9
2010-05-05,15,13,70,10.8
2010-05-05,16,11,60,8.9
2010-05-05,17,6,140,9
2010-05-05,18,9,40,7.8
2010-05-05,19,13,50,6.3
2010-05-05,20,13,50,5.5
2010-05-05,21,15,60,5.1
2010-05-05,22,9,60,4.2
2010-05-05,23,6,70,3.9
2010-05-06,0,7,70,3.5
2010-05-06,1,7,50,3
2010-05-06,2,9,60,2.5
2010-05-06,3,9,60,2.5
2010-05-06,4,11,70,1.9
2010-05-06,5,7,50,2.2
2010-05-06,6,6,40,3
2010-05-06,7,11,70,4.6
2010-05-06,8,7,100,6.2
2010-05-06,9,6,20,7.2
2010-05-06,10,6,260,8.5
2010-05-06,11,4,130,9.9
2010-05-06,12,6,210,10
2010-05-06,13,7,160,11.4
2010-05-06,14,7,270,11.8
2010-05-06,15,6,270,12.9
2010-05-06,16,9,220,12.7
2010-05-06,17,13,290,10
2010-05-06,18,9,320,9.2
2010-05-06,19,20,320,7.5
2010-05-06,20,22,330,7.1
2010-05-06,21,11,320,6.4
2010-05-06,22,9,90,5.5
2010-05-06,23,7,320,5.2
2010-05-07,0,6,330,4.7
2010-05-07,1,4,330,4.6
2010-05-07,2,4,10,4.2
2010-05-07,3,4,180,4
2010-05-07,4,4,110,3.9
2010-05-07,5,0,NA,4.4
2010-05-07,6,0,NA,4.6
2010-05-07,7,7,310,4.4
2010-05-07,8,6,300,4.6
2010-05-07,9,6,290,5.4
2010-05-07,10,7,70,8.4
2010-05-07,11,6,60,9.6
2010-05-07,12,4,50,11.3
2010-05-07,13,9,190,10.5
2010-05-07,14,19,170,12.3
2010-05-07,15,9,80,10.4
2010-05-07,16,9,330,11.8
2010-05-07,17,11,40,11.2
2010-05-07,18,11,320,9.1
2010-05-07,19,9,300,7.8
2010-05-07,20,6,350,7.6
2010-05-07,21,6,210,6.7
2010-05-07,22,6,10,5.9
2010-05-07,23,6,360,5.8
2010-05-08,0,7,350,5
2010-05-08,1,0,NA,4.3
2010-05-08,2,6,30,4.8
2010-05-08,3,4,340,3.8
2010-05-08,4,4,320,3.5
2010-05-08,5,4,350,4.1
2010-05-08,6,4,310,4.5
2010-05-08,7,0,NA,4.9
2010-05-08,8,4,210,5.3
2010-05-08,9,4,220,6.6
2010-05-08,10,4,310,7.5
2010-05-08,11,4,150,8.8
2010-05-08,12,6,150,10.1
2010-05-08,13,4,200,10.1
2010-05-08,14,4,210,10.9
2010-05-08,15,7,120,10.4
2010-05-08,16,0,NA,11.1
2010-05-08,17,17,330,9.5
2010-05-08,18,13,310,8.7
2010-05-08,19,9,330,8
2010-05-08,20,6,360,6.6
2010-05-08,21,6,60,5.1
2010-05-08,22,7,80,4.5
2010-05-08,23,6,60,4
2010-05-09,0,4,40,4.2
2010-05-09,1,4,50,4
2010-05-09,2,6,50,3.8
2010-05-09,3,6,70,3.8
2010-05-09,4,7,80,2
2010-05-09,5,4,90,3.4
2010-05-09,6,0,NA,4.9
2010-05-09,7,0,NA,5.7
2010-05-09,8,4,250,7.7
2010-05-09,9,4,250,8.8
2010-05-09,10,6,260,10.6
2010-05-09,11,6,260,11.1
2010-05-09,12,9,260,10.3
2010-05-09,13,4,190,12.8
2010-05-09,14,9,310,8.9
2010-05-09,15,7,160,12
2010-05-09,16,7,190,12.4
2010-05-09,17,7,260,11.2
2010-05-09,18,4,340,10.6
2010-05-09,19,17,90,9.4
2010-05-09,20,6,10,8.3
2010-05-09,21,4,40,6.9
2010-05-09,22,6,60,5.7
2010-05-09,23,6,50,5.7
2010-05-10,0,4,40,5.7
2010-05-10,1,6,360,4.6
2010-05-10,2,0,NA,3.5
2010-05-10,3,4,30,3.5
2010-05-10,4,0,NA,3
2010-05-10,5,0,NA,2.9
2010-05-10,6,0,NA,4.2
2010-05-10,7,4,250,5.6
2010-05-10,8,7,300,7.7
2010-05-10,9,17,300,9
2010-05-10,10,15,300,10.8
2010-05-10,11,13,290,12.9
2010-05-10,12,11,290,15.2
2010-05-10,13,13,310,16.5
2010-05-10,14,17,300,16.7
2010-05-10,15,9,320,17.1
2010-05-10,16,17,330,17.6
2010-05-10,17,7,30,17.9
2010-05-10,18,11,340,17
2010-05-10,19,9,50,15
2010-05-10,20,7,40,13.3
2010-05-10,21,11,50,12.6
2010-05-10,22,15,50,11.7
2010-05-10,23,9,50,10.9
2010-05-11,0,6,30,10.4
2010-05-11,1,0,NA,8.7
2010-05-11,2,6,330,6.4
2010-05-11,3,4,40,6.1
2010-05-11,4,4,310,6
2010-05-11,5,4,310,5.3
2010-05-11,6,0,NA,6.3
2010-05-11,7,4,300,8.5
2010-05-11,8,7,300,9.9
2010-05-11,9,9,290,12.1
2010-05-11,10,9,280,14.2
2010-05-11,11,11,300,15.4
2010-05-11,12,7,300,16.2
2010-05-11,13,7,320,17.2
2010-05-11,14,6,230,19.8
2010-05-11,15,11,140,18.8
2010-05-11,16,6,40,18.4
2010-05-11,17,9,30,18.1
2010-05-11,18,17,50,15.8
2010-05-11,19,19,50,14.3
2010-05-11,20,7,20,13.2
2010-05-11,21,9,340,12.2
2010-05-11,22,6,350,10.8
2010-05-11,23,6,40,10.3
2010-05-12,0,6,350,9
2010-05-12,1,9,340,7.8
2010-05-12,2,0,NA,7
2010-05-12,3,4,310,6
2010-05-12,4,4,320,5.3
2010-05-12,5,4,30,5.1
2010-05-12,6,0,NA,6.8
2010-05-12,7,4,250,8.2
2010-05-12,8,4,220,10
2010-05-12,9,4,250,12.2
2010-05-12,10,4,190,14.3
2010-05-12,11,6,220,16.7
2010-05-12,12,4,190,17.9
2010-05-12,13,7,300,19.4
2010-05-12,14,7,290,21.1
2010-05-12,15,7,230,21.3
2010-05-12,16,6,270,21.5
2010-05-12,17,7,280,21.3
2010-05-12,18,6,290,20.5
2010-05-12,19,4,350,17.5
2010-05-12,20,11,60,13.2
2010-05-12,21,9,60,12.8
2010-05-12,22,6,50,12.2
2010-05-12,23,0,NA,11.1
2010-05-13,0,4,40,9.8
2010-05-13,1,7,60,9.2
2010-05-13,2,7,60,8.1
2010-05-13,3,6,60,7.3
2010-05-13,4,7,60,6.1
2010-05-13,5,0,NA,5.9
2010-05-13,6,0,NA,7.4
2010-05-13,7,4,250,8.9
2010-05-13,8,4,250,11.3
2010-05-13,9,6,250,13.1
2010-05-13,10,4,200,15.4
2010-05-13,11,4,280,16.8
2010-05-13,12,6,140,18.6
2010-05-13,13,9,240,18.6
2010-05-13,14,4,220,19.3
2010-05-13,15,4,180,20.9
2010-05-13,16,4,150,21
2010-05-13,17,6,160,20.9
2010-05-13,18,4,160,19.6
2010-05-13,19,4,70,16.5
2010-05-13,20,7,80,15.1
2010-05-13,21,4,170,15.8
2010-05-13,22,11,90,14.4
2010-05-13,23,7,70,14
2010-05-14,0,6,60,13
2010-05-14,1,6,10,11.8
2010-05-14,2,6,50,11.4
2010-05-14,3,4,80,10.6
2010-05-14,4,6,70,9.4
2010-05-14,5,13,90,8.4
2010-05-14,6,6,80,11
2010-05-14,7,0,NA,11.5
2010-05-14,8,4,130,14.1
2010-05-14,9,4,240,15.6
2010-05-14,10,7,150,18.1
2010-05-14,11,6,260,20.2
2010-05-14,12,6,70,22.2
2010-05-14,13,4,250,23.5
2010-05-14,14,6,220,22.4
2010-05-14,15,6,230,22.9
2010-05-14,16,7,320,21.7
2010-05-14,17,0,NA,22.4
2010-05-14,18,4,270,22.4
2010-05-14,19,4,290,19.8
2010-05-14,20,6,30,16
2010-05-14,21,7,40,14.5
2010-05-14,22,6,10,14.6
2010-05-14,23,4,10,13.5
2010-05-15,0,4,50,11.3
2010-05-15,1,4,20,11.5
2010-05-15,2,7,60,9.4
2010-05-15,3,4,40,9.3
2010-05-15,4,0,NA,8.5
2010-05-15,5,0,NA,8.3
2010-05-15,6,4,350,10.1
2010-05-15,7,4,280,11
2010-05-15,8,0,NA,13.3
2010-05-15,9,4,100,16.4
2010-05-15,10,6,260,17.5
2010-05-15,11,7,260,19.2
2010-05-15,12,6,270,20.3
2010-05-15,13,6,120,22.4
2010-05-15,14,7,230,24.3
2010-05-15,15,9,300,22.8
2010-05-15,16,0,NA,22.1
2010-05-15,17,6,70,21.4
2010-05-15,18,0,NA,20.1
2010-05-15,19,7,60,18.9
2010-05-15,20,7,60,18
2010-05-15,21,9,50,17.3
2010-05-15,22,9,60,16.4
2010-05-15,23,11,60,15.2
2010-05-16,0,15,60,14.1
2010-05-16,1,7,60,13
2010-05-16,2,4,20,12.1
2010-05-16,3,13,60,11.7
2010-05-16,4,9,50,11.1
2010-05-16,5,7,40,11
2010-05-16,6,4,350,11.2
2010-05-16,7,11,80,14.1
2010-05-16,8,7,110,15.2
2010-05-16,9,4,260,15.4
2010-05-16,10,7,230,16.3
2010-05-16,11,6,210,19
2010-05-16,12,6,260,19.3
2010-05-16,13,13,290,19.5
2010-05-16,14,4,310,20.2
2010-05-16,15,7,300,19.9
2010-05-16,16,9,300,19.3
2010-05-16,17,13,300,18.8
2010-05-16,18,6,310,18.6
2010-05-16,19,6,330,17.6
2010-05-16,20,4,360,16.1
2010-05-16,21,7,330,15.4
2010-05-16,22,7,330,15
2010-05-16,23,6,360,14.5
2010-05-17,0,6,360,14.3
2010-05-17,1,4,20,13
2010-05-17,2,4,300,12.2
2010-05-17,3,0,NA,11.7
2010-05-17,4,0,NA,10.9
2010-05-17,5,4,130,10.3
2010-05-17,6,0,NA,13.1
2010-05-17,7,6,320,13.9
2010-05-17,8,11,300,15.4
2010-05-17,9,9,300,16.5
2010-05-17,10,9,300,18.2
2010-05-17,11,13,300,19.5
2010-05-17,12,13,300,20.6
2010-05-17,13,15,310,21.3
2010-05-17,14,11,300,22.1
2010-05-17,15,15,320,23.4
2010-05-17,16,17,320,22.7
2010-05-17,17,11,180,21
2010-05-17,18,7,330,20.6
2010-05-17,19,11,120,19
2010-05-17,20,13,340,18.3
2010-05-17,21,4,200,17.1
2010-05-17,22,11,330,16.7
2010-05-17,23,6,360,15.3
2010-05-18,0,9,320,15.4
2010-05-18,1,6,330,14.8
2010-05-18,2,6,260,14.3
2010-05-18,3,6,300,13.6
2010-05-18,4,6,20,14
2010-05-18,5,11,320,13.6
2010-05-18,6,6,320,13.9
2010-05-18,7,4,310,14.7
2010-05-18,8,7,330,15.3
2010-05-18,9,13,300,17.1
2010-05-18,10,11,290,18
2010-05-18,11,11,300,19.9
2010-05-18,12,7,300,20.6
2010-05-18,13,6,230,20.4
2010-05-18,14,13,150,18.1
2010-05-18,15,22,170,16.7
2010-05-18,16,11,180,16.6
2010-05-18,17,17,170,16.2
2010-05-18,18,17,180,15.4
2010-05-18,19,15,160,14.4
2010-05-18,20,13,170,14.2
2010-05-18,21,15,160,13.9
2010-05-18,22,15,170,13.7
2010-05-18,23,13,150,13.6
2010-05-19,0,7,150,13.8
2010-05-19,1,7,170,13.5
2010-05-19,2,4,50,12.5
2010-05-19,3,7,140,11.5
2010-05-19,4,0,NA,11.4
2010-05-19,5,7,140,11.8
2010-05-19,6,6,120,13.3
2010-05-19,7,0,NA,13.9
2010-05-19,8,7,140,15.1
2010-05-19,9,11,180,16.4
2010-05-19,10,11,160,17.5
2010-05-19,11,11,150,18.4
2010-05-19,12,15,200,19.1
2010-05-19,13,9,140,20.5
2010-05-19,14,11,160,20.6
2010-05-19,15,9,200,21
2010-05-19,16,9,250,21
2010-05-19,17,4,190,19
2010-05-19,18,6,230,20.4
2010-05-19,19,6,50,17.1
2010-05-19,20,6,50,15.5
2010-05-19,21,0,NA,14.9
2010-05-19,22,9,240,13.3
2010-05-19,23,15,200,13.3
2010-05-20,0,9,140,10.7
2010-05-20,1,19,160,10
2010-05-20,2,22,160,9.7
2010-05-20,3,15,170,9.2
2010-05-20,4,9,140,8.8
2010-05-20,5,15,170,8.2
2010-05-20,6,6,310,7.3
2010-05-20,7,13,150,8.5
2010-05-20,8,17,160,8.3
2010-05-20,9,15,150,8.5
2010-05-20,10,15,170,10
2010-05-20,11,15,180,12.3
2010-05-20,12,22,180,11.4
2010-05-20,13,19,210,9.6
2010-05-20,14,4,130,5.6
2010-05-20,15,15,130,6.7
2010-05-20,16,11,130,8.8
2010-05-20,17,7,170,9.8
2010-05-20,18,13,200,9.9
2010-05-20,19,17,170,7.6
2010-05-20,20,13,160,6.9
2010-05-20,21,11,160,6.4
2010-05-20,22,7,180,6.1
2010-05-20,23,4,240,5.6
2010-05-21,0,4,320,4.2
2010-05-21,1,6,290,4.2
2010-05-21,2,4,290,3.9
2010-05-21,3,4,50,3.9
2010-05-21,4,4,100,2.5
2010-05-21,5,6,70,3.1
2010-05-21,6,4,80,4.8
2010-05-21,7,6,130,6.3
2010-05-21,8,11,170,8.4
2010-05-21,9,11,200,9.9
2010-05-21,10,17,190,10.6
2010-05-21,11,13,170,10.2
2010-05-21,12,7,310,11
2010-05-21,13,9,260,10.5
2010-05-21,14,13,340,11
2010-05-21,15,9,30,10.8
2010-05-21,16,9,300,12.9
2010-05-21,17,7,280,12.3
2010-05-21,18,6,300,9.3
2010-05-21,19,6,120,7.8
2010-05-21,20,9,70,5.7
2010-05-21,21,7,60,5.2
2010-05-21,22,9,70,4.8
2010-05-21,23,9,60,4.9
2010-05-22,0,7,60,4.3
2010-05-22,1,6,60,3.9
2010-05-22,2,6,50,3.4
2010-05-22,3,7,60,2.8
2010-05-22,4,0,NA,1.9
2010-05-22,5,6,60,2.3
2010-05-22,6,0,NA,3.4
2010-05-22,7,4,240,5.9
2010-05-22,8,6,260,7.9
2010-05-22,9,7,300,9.3
2010-05-22,10,7,270,10.1
2010-05-22,11,7,260,11.1
2010-05-22,12,6,270,14.1
2010-05-22,13,7,230,13.8
2010-05-22,14,19,320,15
2010-05-22,15,17,320,12.8
2010-05-22,16,7,160,14.3
2010-05-22,17,7,200,10.9
2010-05-22,18,4,160,10.6
2010-05-22,19,6,160,10.4
2010-05-22,20,6,120,8.3
2010-05-22,21,6,80,6.9
2010-05-22,22,6,90,5.9
2010-05-22,23,11,70,5.3
2010-05-23,0,7,60,4.8
2010-05-23,1,7,70,4.3
2010-05-23,2,7,70,3.6
2010-05-23,3,9,70,3
2010-05-23,4,6,40,3.2
2010-05-23,5,7,60,3.8
2010-05-23,6,9,80,6
2010-05-23,7,4,120,7.9
2010-05-23,8,4,190,9.7
2010-05-23,9,9,180,10.5
2010-05-23,10,13,170,11.4
2010-05-23,11,9,160,10
2010-05-23,12,6,140,11.6
2010-05-23,13,9,190,13.6
2010-05-23,14,9,200,14.2
2010-05-23,15,19,330,10.4
2010-05-23,16,6,10,9.7
2010-05-23,17,9,60,11.6
2010-05-23,18,7,150,12.5
2010-05-23,19,6,120,11.2
2010-05-23,20,7,50,7.2
2010-05-23,21,9,60,5.9
2010-05-23,22,7,60,6.1
2010-05-23,23,6,350,5.8
2010-05-24,0,7,70,5
2010-05-24,1,7,70,3.6
2010-05-24,2,4,40,3.6
2010-05-24,3,4,20,3.6
2010-05-24,4,0,NA,3
2010-05-24,5,6,80,2.6
2010-05-24,6,4,260,4.6
2010-05-24,7,0,NA,6.3
2010-05-24,8,6,260,8.4
2010-05-24,9,6,320,10.1
2010-05-24,10,6,310,11.6
2010-05-24,11,6,210,14.2
2010-05-24,12,6,250,16.2
2010-05-24,13,6,220,18
2010-05-24,14,4,190,18.6
2010-05-24,15,6,210,18.4
2010-05-24,16,7,170,17.6
2010-05-24,17,11,190,18.7
2010-05-24,18,13,170,16.6
2010-05-24,19,13,150,15.5
2010-05-24,20,11,140,15.3
2010-05-24,21,7,140,14.6
2010-05-24,22,6,160,13.2
2010-05-24,23,4,290,11.4
2010-05-25,0,6,110,10
2010-05-25,1,6,40,8.9
2010-05-25,2,13,70,9.8
2010-05-25,3,7,70,8.8
2010-05-25,4,9,60,9.4
2010-05-25,5,11,70,9.4
2010-05-25,6,7,80,11
2010-05-25,7,6,160,11.9
2010-05-25,8,4,110,13.9
2010-05-25,9,4,100,14.9
2010-05-25,10,7,240,14.7
2010-05-25,11,6,170,15.9
2010-05-25,12,7,300,18.9
2010-05-25,13,9,200,18.4
2010-05-25,14,6,240,19.5
2010-05-25,15,13,260,19.6
2010-05-25,16,7,240,20.6
2010-05-25,17,7,260,20.3
2010-05-25,18,7,200,18
2010-05-25,19,4,90,16.6
2010-05-25,20,7,50,14.5
2010-05-25,21,6,40,13.6
2010-05-25,22,6,360,13.1
2010-05-25,23,6,10,11.8
2010-05-26,0,4,340,10.5
2010-05-26,1,4,10,9.7
2010-05-26,2,0,NA,9.1
2010-05-26,3,4,300,8.4
2010-05-26,4,0,NA,7.6
2010-05-26,5,0,NA,7.9
2010-05-26,6,0,NA,10
2010-05-26,7,6,290,10.1
2010-05-26,8,13,310,12.5
2010-05-26,9,13,300,15.5
2010-05-26,10,9,310,17.6
2010-05-26,11,4,260,20.3
2010-05-26,12,4,300,21.2
2010-05-26,13,9,150,21.5
2010-05-26,14,7,140,21
2010-05-26,15,24,90,19.2
2010-05-26,16,19,110,19.4
2010-05-26,17,7,80,18.3
2010-05-26,18,4,40,17.1
2010-05-26,19,6,360,16.4
2010-05-26,20,15,170,15.1
2010-05-26,21,4,30,12.2
2010-05-26,22,13,150,11.7
2010-05-26,23,4,330,11.4
2010-05-27,0,4,300,11.4
2010-05-27,1,6,230,11.1
2010-05-27,2,13,50,12.4
2010-05-27,3,15,60,12.5
2010-05-27,4,13,60,12.2
2010-05-27,5,15,50,12.5
2010-05-27,6,9,30,13
2010-05-27,7,13,350,12.7
2010-05-27,8,13,340,12.2
2010-05-27,9,17,320,12.6
2010-05-27,10,13,330,13.2
2010-05-27,11,9,320,13
2010-05-27,12,13,80,11.5
2010-05-27,13,9,230,10.4
2010-05-27,14,9,50,10.6
2010-05-27,15,13,60,11.4
2010-05-27,16,19,60,11.9
2010-05-27,17,19,70,11.4
2010-05-27,18,15,70,10.9
2010-05-27,19,0,NA,10
2010-05-27,20,6,170,10.1
2010-05-27,21,4,170,10
2010-05-27,22,6,80,10.3
2010-05-27,23,7,100,9.9
2010-05-28,0,4,110,9.4
2010-05-28,1,15,80,9.4
2010-05-28,2,13,80,9.3
2010-05-28,3,7,80,8.6
2010-05-28,4,11,90,8.2
2010-05-28,5,11,90,8.8
2010-05-28,6,9,90,9.3
2010-05-28,7,6,110,8.8
2010-05-28,8,6,100,10.3
2010-05-28,9,4,220,12.3
2010-05-28,10,4,170,12.3
2010-05-28,11,0,NA,12.9
2010-05-28,12,6,120,13.7
2010-05-28,13,6,250,14.7
2010-05-28,14,0,NA,15.3
2010-05-28,15,4,320,16.5
2010-05-28,16,6,130,16.6
2010-05-28,17,6,170,18
2010-05-28,18,9,200,17.4
2010-05-28,19,11,330,13.8
2010-05-28,20,15,320,12.5
2010-05-28,21,13,300,11.3
2010-05-28,22,4,360,11.4
2010-05-28,23,4,310,10.3
2010-05-29,0,4,60,10.1
2010-05-29,1,4,90,9.8
2010-05-29,2,4,130,9.8
2010-05-29,3,17,80,9.1
2010-05-29,4,13,60,9.1
2010-05-29,5,9,70,8.6
2010-05-29,6,11,60,8.5
2010-05-29,7,7,50,8.7
2010-05-29,8,9,80,9.2
2010-05-29,9,6,200,9.8
2010-05-29,10,7,170,9.9
2010-05-29,11,15,160,10.4
2010-05-29,12,19,160,11.7
2010-05-29,13,19,170,11
2010-05-29,14,17,160,10.9
2010-05-29,15,11,160,10.7
2010-05-29,16,17,170,10
2010-05-29,17,7,160,10.8
2010-05-29,18,15,160,11
2010-05-29,19,11,160,10.3
2010-05-29,20,4,50,9.9
2010-05-29,21,4,300,9.5
2010-05-29,22,4,230,9.3
2010-05-29,23,0,NA,9.3
2010-05-30,0,0,NA,9.1
2010-05-30,1,4,260,9.2
2010-05-30,2,0,NA,9.1
2010-05-30,3,4,60,9
2010-05-30,4,6,130,9
2010-05-30,5,4,90,9.2
2010-05-30,6,11,160,10.3
2010-05-30,7,6,110,10.4
2010-05-30,8,7,160,11.4
2010-05-30,9,11,180,12.2
2010-05-30,10,20,170,12.5
2010-05-30,11,17,190,14.2
2010-05-30,12,20,180,14.2
2010-05-30,13,19,330,11.8
2010-05-30,14,7,240,10.2
2010-05-30,15,11,100,10.8
2010-05-30,16,11,130,12.8
2010-05-30,17,6,120,12.9
2010-05-30,18,7,140,13.7
2010-05-30,19,4,160,11.9
2010-05-30,20,6,310,11
2010-05-30,21,9,290,10.2
2010-05-30,22,4,310,9.9
2010-05-30,23,0,NA,9.7
2010-05-31,0,0,NA,9.3
2010-05-31,1,0,NA,9.2
2010-05-31,2,6,80,9
2010-05-31,3,4,80,8.6
2010-05-31,4,0,NA,8.6
2010-05-31,5,0,NA,8.9
2010-05-31,6,0,NA,9
2010-05-31,7,0,NA,9.8
2010-05-31,8,4,270,10.6
2010-05-31,9,4,320,12
2010-05-31,10,4,220,13.2
2010-05-31,11,7,200,12.4
2010-05-31,12,4,180,13.1
2010-05-31,13,0,NA,13.9
2010-05-31,14,0,NA,15
2010-05-31,15,6,220,15.1
2010-05-31,16,6,210,15.8
2010-05-31,17,0,NA,15.2
2010-05-31,18,0,NA,15
2010-05-31,19,9,150,14
2010-05-31,20,0,NA,13.6
2010-05-31,21,0,NA,13.2
2010-05-31,22,0,NA,12.7
2010-05-31,23,0,NA,12.2
2010-06-01,0,7,100,11.7
2010-06-01,1,0,NA,11.4
2010-06-01,2,0,NA,11.2
2010-06-01,3,0,NA,11.2
2010-06-01,4,0,NA,11
2010-06-01,5,0,NA,11
2010-06-01,6,7,90,11
2010-06-01,7,6,140,11.4
2010-06-01,8,0,NA,12.4
2010-06-01,9,0,NA,13.1
2010-06-01,10,6,240,13.9
2010-06-01,11,13,160,15.4
2010-06-01,12,6,130,14.6
2010-06-01,13,4,350,17.3
2010-06-01,14,7,120,18.1
2010-06-01,15,6,270,18.3
2010-06-01,16,7,250,18.9
2010-06-01,17,9,180,18.5
2010-06-01,18,7,160,16.2
2010-06-01,19,0,NA,15
2010-06-01,20,4,80,12.6
2010-06-01,21,7,60,12.2
2010-06-01,22,11,70,12.1
2010-06-01,23,6,40,11.3
2010-06-02,0,6,40,11.2
2010-06-02,1,4,350,10.6
2010-06-02,2,4,70,10.4
2010-06-02,3,11,70,10.6
2010-06-02,4,4,50,10
2010-06-02,5,4,310,10
2010-06-02,6,13,70,10.4
2010-06-02,7,0,NA,10.3
2010-06-02,8,6,90,11.6
2010-06-02,9,0,NA,11.4
2010-06-02,10,0,NA,11.9
2010-06-02,11,4,120,12.8
2010-06-02,12,4,260,13.3
2010-06-02,13,4,260,13.5
2010-06-02,14,0,NA,14.1
2010-06-02,15,7,160,14.8
2010-06-02,16,13,170,14.2
2010-06-02,17,7,150,13.4
2010-06-02,18,6,110,13
2010-06-02,19,9,180,12.8
2010-06-02,20,4,60,12.5
2010-06-02,21,11,190,12.5
2010-06-02,22,7,140,12.6
2010-06-02,23,6,180,11.2
2010-06-03,0,6,130,11.5
2010-06-03,1,4,120,11.3
2010-06-03,2,17,150,11.6
2010-06-03,3,7,230,11.8
2010-06-03,4,6,290,10.2
2010-06-03,5,4,190,9.5
2010-06-03,6,11,260,10.2
2010-06-03,7,4,160,10.7
2010-06-03,8,6,190,10.6
2010-06-03,9,9,100,12.8
2010-06-03,10,9,180,14.6
2010-06-03,11,7,260,14.6
2010-06-03,12,6,200,15.3
2010-06-03,13,19,190,13.2
2010-06-03,14,15,280,13.1
2010-06-03,15,9,150,14.7
2010-06-03,16,11,260,13
2010-06-03,17,7,110,15.7
2010-06-03,18,7,160,14.2
2010-06-03,19,4,170,13.4
2010-06-03,20,7,110,12.5
2010-06-03,21,0,NA,11.2
2010-06-03,22,7,90,9.7
2010-06-03,23,11,70,9.9
2010-06-04,0,9,50,9.4
2010-06-04,1,4,350,9.1
2010-06-04,2,13,60,9.1
2010-06-04,3,6,60,8.6
2010-06-04,4,9,60,8.7
2010-06-04,5,6,60,8.9
2010-06-04,6,7,120,8.4
2010-06-04,7,0,NA,8.7
2010-06-04,8,4,270,8.9
2010-06-04,9,6,240,9.3
2010-06-04,10,4,260,9.8
2010-06-04,11,6,300,11
2010-06-04,12,6,240,10.5
2010-06-04,13,4,260,10.7
2010-06-04,14,4,180,12.4
2010-06-04,15,4,160,13.5
2010-06-04,16,6,240,13.4
2010-06-04,17,4,180,12.1
2010-06-04,18,4,140,12.8
2010-06-04,19,0,NA,12.3
2010-06-04,20,4,330,11.2
2010-06-04,21,4,270,11.1
2010-06-04,22,4,110,10.8
2010-06-04,23,4,90,10.1
2010-06-05,0,4,210,10.4
2010-06-05,1,0,NA,10
2010-06-05,2,6,230,9.8
2010-06-05,3,0,NA,9.3
2010-06-05,4,6,100,9.1
2010-06-05,5,6,210,9.1
2010-06-05,6,6,190,10.4
2010-06-05,7,9,160,11.7
2010-06-05,8,4,130,12.9
2010-06-05,9,11,150,13.5
2010-06-05,10,7,150,14.2
2010-06-05,11,11,140,16.6
2010-06-05,12,9,200,17
2010-06-05,13,6,160,16.6
2010-06-05,14,9,170,17
2010-06-05,15,11,160,17.3
2010-06-05,16,9,140,18.2
2010-06-05,17,9,160,16.6
2010-06-05,18,6,220,18
2010-06-05,19,4,300,15.5
2010-06-05,20,0,NA,12.8
2010-06-05,21,4,30,12.3
2010-06-05,22,7,70,10.5
2010-06-05,23,4,330,10.5
2010-06-06,0,4,350,10.7
2010-06-06,1,6,350,9.8
2010-06-06,2,6,360,9.1
2010-06-06,3,6,60,8.3
2010-06-06,4,4,20,8
2010-06-06,5,0,NA,7.7
2010-06-06,6,4,340,9.8
2010-06-06,7,0,NA,11.1
2010-06-06,8,4,270,13
2010-06-06,9,6,250,14.4
2010-06-06,10,6,240,15.6
2010-06-06,11,7,290,16.5
2010-06-06,12,4,260,16
2010-06-06,13,7,280,15.3
2010-06-06,14,6,20,13.2
2010-06-06,15,9,300,12.7
2010-06-06,16,13,300,11.9
2010-06-06,17,7,310,12
2010-06-06,18,6,330,12.3
2010-06-06,19,9,340,11.5
2010-06-06,20,7,310,11.2
2010-06-06,21,7,340,11.2
2010-06-06,22,4,330,11
2010-06-06,23,0,NA,10.9
2010-06-07,0,4,290,10.7
2010-06-07,1,4,90,10.6
2010-06-07,2,0,NA,10.4
2010-06-07,3,0,NA,10.3
2010-06-07,4,0,NA,10.3
2010-06-07,5,0,NA,10.5
2010-06-07,6,4,270,10.8
2010-06-07,7,4,130,11.6
2010-06-07,8,6,270,12.5
2010-06-07,9,4,270,13.9
2010-06-07,10,4,300,15.8
2010-06-07,11,4,100,16.8
2010-06-07,12,6,220,16.5
2010-06-07,13,15,130,17.1
2010-06-07,14,6,300,17
2010-06-07,15,4,160,18.3
2010-06-07,16,7,290,16.8
2010-06-07,17,7,100,15.6
2010-06-07,18,6,150,15.6
2010-06-07,19,0,NA,14.1
2010-06-07,20,0,NA,12.3
2010-06-07,21,7,70,10.8
2010-06-07,22,6,70,11.1
2010-06-07,23,9,90,10.5
2010-06-08,0,7,80,11.5
2010-06-08,1,9,90,10.2
2010-06-08,2,4,280,9.1
2010-06-08,3,0,NA,8.7
2010-06-08,4,6,50,7.9
2010-06-08,5,6,50,8.5
2010-06-08,6,4,60,11.4
2010-06-08,7,4,270,11.8
2010-06-08,8,4,230,14.1
2010-06-08,9,9,280,15.1
2010-06-08,10,6,140,16.6
2010-06-08,11,6,220,18.4
2010-06-08,12,6,160,19.7
2010-06-08,13,7,160,21.2
2010-06-08,14,6,170,21.9
2010-06-08,15,9,150,22.2
2010-06-08,16,9,200,22.7
2010-06-08,17,9,170,20.8
2010-06-08,18,11,160,20.6
2010-06-08,19,7,150,18.7
2010-06-08,20,0,NA,17.8
2010-06-08,21,4,20,15.5
2010-06-08,22,7,40,14.7
2010-06-08,23,7,350,13.4
2010-06-09,0,6,330,12.6
2010-06-09,1,4,10,12.7
2010-06-09,2,6,320,12.2
2010-06-09,3,0,NA,11.6
2010-06-09,4,4,80,11.4
2010-06-09,5,6,360,11.4
2010-06-09,6,6,240,11.3
2010-06-09,7,7,80,10.9
2010-06-09,8,4,60,10.9
2010-06-09,9,7,110,11.3
2010-06-09,10,4,180,12.4
2010-06-09,11,0,NA,12.6
2010-06-09,12,4,310,12.9
2010-06-09,13,13,110,13
2010-06-09,14,13,100,15.6
2010-06-09,15,7,170,17.8
2010-06-09,16,9,190,17.7
2010-06-09,17,15,270,15.4
2010-06-09,18,9,320,11.3
2010-06-09,19,7,100,10.7
2010-06-09,20,7,210,10.1
2010-06-09,21,17,90,10.1
2010-06-09,22,6,80,9.9
2010-06-09,23,4,110,9.8
2010-06-10,0,0,NA,9.7
2010-06-10,1,6,100,9.5
2010-06-10,2,0,NA,9.4
2010-06-10,3,0,NA,9.2
2010-06-10,4,0,NA,9.2
2010-06-10,5,0,NA,9.4
2010-06-10,6,0,NA,9.7
2010-06-10,7,4,240,10.7
2010-06-10,8,7,160,12.4
2010-06-10,9,9,180,12.5
2010-06-10,10,11,180,12.4
2010-06-10,11,9,180,12.5
2010-06-10,12,13,180,14.6
2010-06-10,13,7,140,14.4
2010-06-10,14,9,120,10.4
2010-06-10,15,0,NA,12.2
2010-06-10,16,0,NA,13.4
2010-06-10,17,9,80,14.4
2010-06-10,18,6,60,14.3
2010-06-10,19,7,80,12.6
2010-06-10,20,6,50,11.3
2010-06-10,21,6,330,11.3
2010-06-10,22,0,NA,11
2010-06-10,23,6,70,10.1
2010-06-11,0,4,20,10.4
2010-06-11,1,4,60,9.9
2010-06-11,2,4,70,9.8
2010-06-11,3,4,350,9.6
2010-06-11,4,0,NA,10.1
2010-06-11,5,4,70,9.9
2010-06-11,6,4,300,10.7
2010-06-11,7,0,NA,11.5
2010-06-11,8,4,260,12.2
2010-06-11,9,0,NA,14.6
2010-06-11,10,4,130,15.9
2010-06-11,11,0,NA,17.2
2010-06-11,12,6,100,18.5
2010-06-11,13,9,250,19.1
2010-06-11,14,11,210,18.6
2010-06-11,15,6,140,17.2
2010-06-11,16,13,100,16.1
2010-06-11,17,11,170,17.5
2010-06-11,18,9,130,17.3
2010-06-11,19,11,80,15.3
2010-06-11,20,13,60,14.5
2010-06-11,21,6,60,12.8
2010-06-11,22,7,350,12.3
2010-06-11,23,4,250,11.3
2010-06-12,0,4,10,11.4
2010-06-12,1,4,10,10.2
2010-06-12,2,4,10,9.9
2010-06-12,3,4,20,9.5
2010-06-12,4,6,360,8.7
2010-06-12,5,0,NA,9
2010-06-12,6,0,NA,10.6
2010-06-12,7,0,NA,12.5
2010-06-12,8,6,330,13.9
2010-06-12,9,6,320,15.5
2010-06-12,10,6,290,16.7
2010-06-12,11,6,280,18.3
2010-06-12,12,6,250,20
2010-06-12,13,6,230,21.8
2010-06-12,14,4,270,23.2
2010-06-12,15,6,290,24.2
2010-06-12,16,4,250,24.9
2010-06-12,17,7,300,24.7
2010-06-12,18,6,300,24.2
2010-06-12,19,0,NA,23.1
2010-06-12,20,9,60,17.3
2010-06-12,21,7,70,15.8
2010-06-12,22,7,50,15.2
2010-06-12,23,7,60,15.1
2010-06-13,0,6,50,14.5
2010-06-13,1,6,50,13.3
2010-06-13,2,4,20,13
2010-06-13,3,7,70,11.5
2010-06-13,4,9,70,10.8
2010-06-13,5,6,50,11.3
2010-06-13,6,0,NA,12.8
2010-06-13,7,4,240,13.9
2010-06-13,8,4,220,16
2010-06-13,9,4,220,17.8
2010-06-13,10,4,210,19.3
2010-06-13,11,6,250,20.7
2010-06-13,12,4,270,22.7
2010-06-13,13,9,150,26.4
2010-06-13,14,15,160,26.8
2010-06-13,15,15,160,27
2010-06-13,16,13,160,27.1
2010-06-13,17,13,170,26.9
2010-06-13,18,19,200,26.2
2010-06-13,19,17,200,24.7
2010-06-13,20,9,190,23
2010-06-13,21,11,170,22.2
2010-06-13,22,7,150,20.7
2010-06-13,23,9,120,18.6
2010-06-14,0,17,90,16.9
2010-06-14,1,11,90,16.5
2010-06-14,2,15,80,15.9
2010-06-14,3,7,90,15.4
2010-06-14,4,6,50,14.1
2010-06-14,5,4,60,14.2
2010-06-14,6,0,NA,16.6
2010-06-14,7,4,260,17.1
2010-06-14,8,11,170,19.3
2010-06-14,9,11,170,20
2010-06-14,10,17,160,19.8
2010-06-14,11,13,160,20.1
2010-06-14,12,19,160,20.4
2010-06-14,13,15,160,21.7
2010-06-14,14,15,170,22.6
2010-06-14,15,13,170,21.9
2010-06-14,16,15,170,20.6
2010-06-14,17,13,160,19.9
2010-06-14,18,9,180,21.4
2010-06-14,19,7,190,19.4
2010-06-14,20,11,170,17.9
2010-06-14,21,6,100,14.4
2010-06-14,22,9,70,14.2
2010-06-14,23,4,10,14
2010-06-15,0,0,NA,12.9
2010-06-15,1,7,80,11.2
2010-06-15,2,6,360,11.7
2010-06-15,3,4,60,10.8
2010-06-15,4,4,60,10.2
2010-06-15,5,4,60,10.4
2010-06-15,6,4,60,12.5
2010-06-15,7,4,130,12.7
2010-06-15,8,0,NA,14.2
2010-06-15,9,6,230,15.8
2010-06-15,10,11,150,18.1
2010-06-15,11,9,170,19.6
2010-06-15,12,9,160,20.5
2010-06-15,13,9,160,21.3
2010-06-15,14,13,170,21.7
2010-06-15,15,7,180,20.8
2010-06-15,16,7,180,21
2010-06-15,17,6,190,20.1
2010-06-15,18,6,210,19.2
2010-06-15,19,7,170,18.1
2010-06-15,20,7,120,15.1
2010-06-15,21,11,60,12.7
2010-06-15,22,9,70,11.8
2010-06-15,23,9,60,11
2010-06-16,0,0,NA,10.6
2010-06-16,1,4,290,10.3
2010-06-16,2,6,80,9.3
2010-06-16,3,4,40,9
2010-06-16,4,6,50,8.6
2010-06-16,5,0,NA,9.1
2010-06-16,6,4,50,10
2010-06-16,7,4,80,10.6
2010-06-16,8,4,80,9.8
2010-06-16,9,4,270,9.7
2010-06-16,10,4,200,9.8
2010-06-16,11,0,NA,10.4
2010-06-16,12,7,290,10.2
2010-06-16,13,7,310,10.8
2010-06-16,14,4,280,10.8
2010-06-16,15,0,NA,10.9
2010-06-16,16,0,NA,10.9
2010-06-16,17,0,NA,10.8
2010-06-16,18,6,190,10.1
2010-06-16,19,0,NA,9.9
2010-06-16,20,0,NA,9.5
2010-06-16,21,0,NA,9.2
2010-06-16,22,0,NA,9.1
2010-06-16,23,0,NA,8.9
2010-06-17,0,4,260,8.7
2010-06-17,1,0,NA,8.6
2010-06-17,2,0,NA,8.7
2010-06-17,3,0,NA,8.6
2010-06-17,4,0,NA,8.6
2010-06-17,5,0,NA,8.7
2010-06-17,6,0,NA,8.7
2010-06-17,7,4,240,8.7
2010-06-17,8,4,190,8.8
2010-06-17,9,7,170,9
2010-06-17,10,7,170,9.7
2010-06-17,11,7,200,9.9
2010-06-17,12,11,180,10.9
2010-06-17,13,11,170,11.8
2010-06-17,14,11,180,11.6
2010-06-17,15,9,180,11
2010-06-17,16,6,210,10.5
2010-06-17,17,0,NA,10.6
2010-06-17,18,4,220,10.2
2010-06-17,19,0,NA,10
2010-06-17,20,4,320,9.8
2010-06-17,21,4,300,9.8
2010-06-17,22,0,NA,9.7
2010-06-17,23,4,300,9.7
2010-06-18,0,4,270,9.6
2010-06-18,1,0,NA,9.5
2010-06-18,2,4,300,9.7
2010-06-18,3,0,NA,9.5
2010-06-18,4,0,NA,9.5
2010-06-18,5,0,NA,9.7
2010-06-18,6,4,330,10.1
2010-06-18,7,4,270,10.4
2010-06-18,8,0,NA,11.2
2010-06-18,9,0,NA,12.9
2010-06-18,10,4,110,13.6
2010-06-18,11,0,NA,14.1
2010-06-18,12,6,240,15.3
2010-06-18,13,6,210,16.3
2010-06-18,14,4,300,17.7
2010-06-18,15,20,310,18.2
2010-06-18,16,6,10,17.4
2010-06-18,17,9,290,15.9
2010-06-18,18,6,290,17.5
2010-06-18,19,4,250,16.7
2010-06-18,20,7,60,12.9
2010-06-18,21,4,60,12.3
2010-06-18,22,7,360,11.5
2010-06-18,23,6,360,11.2
2010-06-19,0,4,360,10.8
2010-06-19,1,6,20,9.7
2010-06-19,2,4,240,9.2
2010-06-19,3,4,250,8.7
2010-06-19,4,0,NA,8.4
2010-06-19,5,0,NA,9.1
2010-06-19,6,4,270,10.2
2010-06-19,7,0,NA,12.4
2010-06-19,8,4,260,14.1
2010-06-19,9,0,NA,15.4
2010-06-19,10,6,230,17
2010-06-19,11,4,310,18.3
2010-06-19,12,4,220,20.4
2010-06-19,13,6,110,21
2010-06-19,14,0,NA,23.1
2010-06-19,15,6,260,23.7
2010-06-19,16,6,270,24.1
2010-06-19,17,6,270,24.3
2010-06-19,18,4,250,24.3
2010-06-19,19,0,NA,24.1
2010-06-19,20,11,60,17
2010-06-19,21,6,10,16.5
2010-06-19,22,6,320,16.7
2010-06-19,23,6,10,15.1
2010-06-20,0,6,290,14.4
2010-06-20,1,6,330,13.9
2010-06-20,2,6,150,12.9
2010-06-20,3,13,80,11.8
2010-06-20,4,6,40,11.4
2010-06-20,5,4,100,12.2
2010-06-20,6,0,NA,13.4
2010-06-20,7,4,250,14.6
2010-06-20,8,4,290,16.2
2010-06-20,9,4,300,17.8
2010-06-20,10,6,260,19.1
2010-06-20,11,4,230,20.3
2010-06-20,12,7,200,20.7
2010-06-20,13,9,250,23.1
2010-06-20,14,9,160,23.3
2010-06-20,15,11,160,21.5
2010-06-20,16,13,160,21.8
2010-06-20,17,15,160,21.9
2010-06-20,18,19,160,20.3
2010-06-20,19,17,180,18.8
2010-06-20,20,9,160,16.9
2010-06-20,21,9,160,16.3
2010-06-20,22,4,180,15.6
2010-06-20,23,6,320,14.7
2010-06-21,0,4,280,14.4
2010-06-21,1,4,260,14.5
2010-06-21,2,4,290,14
2010-06-21,3,4,290,13.7
2010-06-21,4,0,NA,13.4
2010-06-21,5,0,NA,13.3
2010-06-21,6,4,300,13.4
2010-06-21,7,0,NA,13.8
2010-06-21,8,4,210,14
2010-06-21,9,4,190,14.1
2010-06-21,10,6,180,14.3
2010-06-21,11,6,190,14.1
2010-06-21,12,11,160,16.5
2010-06-21,13,13,160,16.7
2010-06-21,14,15,160,16.1
2010-06-21,15,19,170,16.2
2010-06-21,16,19,170,15.8
2010-06-21,17,20,170,15.9
2010-06-21,18,19,170,15.7
2010-06-21,19,11,160,14.5
2010-06-21,20,9,170,13.9
2010-06-21,21,9,180,13.6
2010-06-21,22,7,180,13.5
2010-06-21,23,4,300,13
2010-06-22,0,4,290,12.4
2010-06-22,1,6,310,11.8
2010-06-22,2,4,280,11.8
2010-06-22,3,0,NA,11.4
2010-06-22,4,4,350,11.1
2010-06-22,5,0,NA,11.9
2010-06-22,6,0,NA,12.4
2010-06-22,7,0,NA,13.1
2010-06-22,8,0,NA,13.8
2010-06-22,9,4,130,15.5
2010-06-22,10,0,NA,16.9
2010-06-22,11,4,250,17.7
2010-06-22,12,6,240,18.8
2010-06-22,13,6,210,19.6
2010-06-22,14,7,150,21.4
2010-06-22,15,6,170,22.2
2010-06-22,16,9,190,22.5
2010-06-22,17,11,180,21.8
2010-06-22,18,13,170,20.8
2010-06-22,19,11,160,19.7
2010-06-22,20,0,NA,18.3
2010-06-22,21,6,80,16.8
2010-06-22,22,7,70,16
2010-06-22,23,4,30,15.6
2010-06-23,0,4,250,14.8
2010-06-23,1,6,50,14.2
2010-06-23,2,0,NA,13.9
2010-06-23,3,0,NA,13.2
2010-06-23,4,4,30,12.1
2010-06-23,5,0,NA,13
2010-06-23,6,0,NA,14
2010-06-23,7,4,240,15.2
2010-06-23,8,4,270,16.2
2010-06-23,9,6,240,17.3
2010-06-23,10,4,240,18.3
2010-06-23,11,4,200,20
2010-06-23,12,4,250,21.2
2010-06-23,13,4,150,23.2
2010-06-23,14,6,260,24.4
2010-06-23,15,4,260,23.4
2010-06-23,16,7,170,25.1
2010-06-23,17,9,160,25.5
2010-06-23,18,6,190,23.9
2010-06-23,19,4,110,22.4
2010-06-23,20,7,40,19.4
2010-06-23,21,33,330,18.6
2010-06-23,22,30,330,17.6
2010-06-23,23,9,350,17.8
2010-06-24,0,19,330,16.7
2010-06-24,1,7,310,16.3
2010-06-24,2,6,300,14.5
2010-06-24,3,4,340,13.1
2010-06-24,4,7,330,13.5
2010-06-24,5,4,320,13.1
2010-06-24,6,4,230,14.6
2010-06-24,7,0,NA,16.4
2010-06-24,8,7,290,17.1
2010-06-24,9,7,260,18.5
2010-06-24,10,4,190,20.1
2010-06-24,11,6,260,21.3
2010-06-24,12,6,260,23.8
2010-06-24,13,4,300,24.1
2010-06-24,14,6,210,26
2010-06-24,15,7,170,27.1
2010-06-24,16,13,210,26.4
2010-06-24,17,28,330,20.7
2010-06-24,18,22,320,20.4
2010-06-24,19,15,330,19.7
2010-06-24,20,11,320,18.2
2010-06-24,21,15,330,17.6
2010-06-24,22,6,50,16.8
2010-06-24,23,4,40,15.1
2010-06-25,0,0,NA,14.7
2010-06-25,1,4,210,13.7
2010-06-25,2,4,310,13
2010-06-25,3,0,NA,13
2010-06-25,4,0,NA,12.8
2010-06-25,5,4,10,12.6
2010-06-25,6,4,270,13.8
2010-06-25,7,4,260,15.2
2010-06-25,8,4,240,16.2
2010-06-25,9,4,260,17.7
2010-06-25,10,9,300,18.3
2010-06-25,11,7,300,19
2010-06-25,12,6,290,21.1
2010-06-25,13,6,310,23.3
2010-06-25,14,4,160,23.9
2010-06-25,15,4,300,23
2010-06-25,16,6,80,25.8
2010-06-25,17,4,200,27.7
2010-06-25,18,9,260,26.1
2010-06-25,19,4,300,24.9
2010-06-25,20,6,80,19.3
2010-06-25,21,6,120,20.4
2010-06-25,22,6,90,17.3
2010-06-25,23,11,110,18.6
2010-06-26,0,11,80,16.8
2010-06-26,1,11,90,15.8
2010-06-26,2,7,40,15.3
2010-06-26,3,6,80,14.2
2010-06-26,4,6,70,13.5
2010-06-26,5,4,70,14
2010-06-26,6,0,NA,15.3
2010-06-26,7,0,NA,16.5
2010-06-26,8,0,NA,18.2
2010-06-26,9,4,220,19.3
2010-06-26,10,4,290,20.5
2010-06-26,11,7,300,21.7
2010-06-26,12,9,200,23.5
2010-06-26,13,11,150,25
2010-06-26,14,11,150,25.3
2010-06-26,15,11,200,26.4
2010-06-26,16,19,200,26.1
2010-06-26,17,13,170,25.2
2010-06-26,18,15,200,24.8
2010-06-26,19,7,210,23.1
2010-06-26,20,7,150,20.8
2010-06-26,21,9,150,21
2010-06-26,22,6,60,18.5
2010-06-26,23,9,70,17.1
2010-06-27,0,13,80,16.1
2010-06-27,1,13,80,15.4
2010-06-27,2,9,70,15.1
2010-06-27,3,6,60,14.3
2010-06-27,4,6,60,13.4
2010-06-27,5,9,60,13.9
2010-06-27,6,15,70,15.9
2010-06-27,7,11,80,17
2010-06-27,8,0,NA,18.8
2010-06-27,9,4,230,19.8
2010-06-27,10,4,240,22.5
2010-06-27,11,15,170,24.4
2010-06-27,12,13,160,25.5
2010-06-27,13,17,160,26
2010-06-27,14,15,150,26.3
2010-06-27,15,17,170,26
2010-06-27,16,9,190,26.6
2010-06-27,17,13,200,26.2
2010-06-27,18,11,200,25.6
2010-06-27,19,11,180,23.4
2010-06-27,20,9,120,22.8
2010-06-27,21,9,190,22.7
2010-06-27,22,6,310,18.5
2010-06-27,23,7,310,17.1
2010-06-28,0,6,350,16.6
2010-06-28,1,4,320,16.3
2010-06-28,2,0,NA,15.7
2010-06-28,3,0,NA,15.2
2010-06-28,4,4,340,14.4
2010-06-28,5,0,NA,14.6
2010-06-28,6,0,NA,15.3
2010-06-28,7,6,120,16.5
2010-06-28,8,4,180,18.2
2010-06-28,9,6,180,20.7
2010-06-28,10,6,260,22.9
2010-06-28,11,7,210,24.8
2010-06-28,12,13,150,27.3
2010-06-28,13,11,150,28.5
2010-06-28,14,13,150,28.7
2010-06-28,15,11,150,29
2010-06-28,16,13,160,28.9
2010-06-28,17,11,160,28.8
2010-06-28,18,9,180,28.1
2010-06-28,19,6,160,26.1
2010-06-28,20,7,90,21.4
2010-06-28,21,11,70,20.4
2010-06-28,22,13,80,19.8
2010-06-28,23,7,60,19.4
2010-06-29,0,15,70,18.8
2010-06-29,1,13,80,18.4
2010-06-29,2,13,80,17.9
2010-06-29,3,4,360,16.5
2010-06-29,4,7,70,16.7
2010-06-29,5,0,NA,16.6
2010-06-29,6,7,90,17.9
2010-06-29,7,6,260,18.8
2010-06-29,8,6,280,20.5
2010-06-29,9,4,250,21.7
2010-06-29,10,0,NA,22.9
2010-06-29,11,6,180,24.6
2010-06-29,12,11,160,26.1
2010-06-29,13,9,160,27.2
2010-06-29,14,11,190,26.2
2010-06-29,15,15,230,26
2010-06-29,16,11,220,26.8
2010-06-29,17,13,210,24.7
2010-06-29,18,9,180,25.3
2010-06-29,19,15,200,23.8
2010-06-29,20,9,160,21.6
2010-06-29,21,7,150,20.3
2010-06-29,22,0,NA,19.7
2010-06-29,23,4,220,17.1
2010-06-30,0,4,110,16.1
2010-06-30,1,4,200,15.4
2010-06-30,2,4,90,14
2010-06-30,3,4,360,14.1
2010-06-30,4,7,230,12.6
2010-06-30,5,15,190,13.8
2010-06-30,6,20,170,14.7
2010-06-30,7,19,170,15.7
2010-06-30,8,13,170,16.8
2010-06-30,9,13,170,18.1
2010-06-30,10,11,180,19.2
2010-06-30,11,13,170,19.8
2010-06-30,12,13,130,20.6
2010-06-30,13,13,180,21.6
2010-06-30,14,15,160,21.4
2010-06-30,15,15,170,20.9
2010-06-30,16,17,170,20.6
2010-06-30,17,7,190,21.5
2010-06-30,18,9,170,20.9
2010-06-30,19,7,160,19.1
2010-06-30,20,0,NA,16.8
2010-06-30,21,7,80,14.9
2010-06-30,22,7,70,13.9
2010-06-30,23,7,40,13.5
2010-07-01,0,6,360,12.7
2010-07-01,1,4,20,11.7
2010-07-01,2,4,40,10.7
2010-07-01,3,6,70,10.1
2010-07-01,4,4,50,9.7
2010-07-01,5,0,NA,9.7
2010-07-01,6,4,230,10.7
2010-07-01,7,4,180,11.6
2010-07-01,8,0,NA,13.1
2010-07-01,9,0,NA,13.7
2010-07-01,10,4,130,15.5
2010-07-01,11,6,220,17.8
2010-07-01,12,6,190,19.9
2010-07-01,13,9,250,19.4
2010-07-01,14,9,240,21
2010-07-01,15,9,240,20.1
2010-07-01,16,7,210,19.6
2010-07-01,17,11,260,18.4
2010-07-01,18,6,290,18.7
2010-07-01,19,4,250,17.9
2010-07-01,20,0,NA,17
2010-07-01,21,6,60,15.1
2010-07-01,22,7,70,14.4
2010-07-01,23,4,50,13.9
2010-07-02,0,7,320,14.2
2010-07-02,1,11,330,14.8
2010-07-02,2,0,NA,12.9
2010-07-02,3,4,80,11.5
2010-07-02,4,0,NA,11.3
2010-07-02,5,4,290,11.2
2010-07-02,6,0,NA,11.6
2010-07-02,7,6,140,11.3
2010-07-02,8,9,170,11.5
2010-07-02,9,11,180,11.7
2010-07-02,10,9,100,11.6
2010-07-02,11,0,NA,13.1
2010-07-02,12,6,280,12.8
2010-07-02,13,7,70,14.7
2010-07-02,14,6,100,16.5
2010-07-02,15,6,210,16.9
2010-07-02,16,13,160,17.5
2010-07-02,17,11,190,16.9
2010-07-02,18,9,170,15.6
2010-07-02,19,4,240,14.5
2010-07-02,20,4,170,13.4
2010-07-02,21,4,110,12.5
2010-07-02,22,6,120,10.8
2010-07-02,23,7,110,10.6
2010-07-03,0,0,NA,10.1
2010-07-03,1,9,90,8.7
2010-07-03,2,4,110,8.8
2010-07-03,3,4,90,8.8
2010-07-03,4,4,120,8.7
2010-07-03,5,4,190,9.1
2010-07-03,6,0,NA,9.9
2010-07-03,7,4,220,11.4
2010-07-03,8,6,310,11.6
2010-07-03,9,4,330,12.9
2010-07-03,10,0,NA,14.7
2010-07-03,11,9,160,16.1
2010-07-03,12,7,170,15.9
2010-07-03,13,6,190,17.5
2010-07-03,14,4,290,17.8
2010-07-03,15,6,160,18.8
2010-07-03,16,4,190,19.6
2010-07-03,17,4,200,18.7
2010-07-03,18,0,NA,16.7
2010-07-03,19,4,280,15.7
2010-07-03,20,6,130,14
2010-07-03,21,6,100,14.4
2010-07-03,22,0,NA,14.3
2010-07-03,23,0,NA,14
2010-07-04,0,4,120,13.6
2010-07-04,1,6,80,11.4
2010-07-04,2,6,80,11.5
2010-07-04,3,6,60,10.6
2010-07-04,4,4,100,10.7
2010-07-04,5,4,90,10.9
2010-07-04,6,6,80,13
2010-07-04,7,4,250,12.9
2010-07-04,8,0,NA,14.1
2010-07-04,9,6,110,15.6
2010-07-04,10,13,160,15.2
2010-07-04,11,15,160,15.6
2010-07-04,12,9,220,15.2
2010-07-04,13,11,200,15.3
2010-07-04,14,4,180,17.2
2010-07-04,15,6,200,17.3
2010-07-04,16,6,80,17.1
2010-07-04,17,4,290,19.3
2010-07-04,18,4,50,18.5
2010-07-04,19,6,280,15.7
2010-07-04,20,4,10,14.5
2010-07-04,21,13,120,12.1
2010-07-04,22,11,80,11.3
2010-07-04,23,6,20,10.9
2010-07-05,0,6,180,10
2010-07-05,1,7,70,8.8
2010-07-05,2,6,60,8.7
2010-07-05,3,6,110,8.2
2010-07-05,4,9,110,8
2010-07-05,5,6,110,8.5
2010-07-05,6,6,90,11.3
2010-07-05,7,0,NA,12.3
2010-07-05,8,6,230,13.5
2010-07-05,9,7,280,14
2010-07-05,10,4,310,15.8
2010-07-05,11,9,300,17.4
2010-07-05,12,9,260,17.1
2010-07-05,13,9,250,18.2
2010-07-05,14,7,290,18.8
2010-07-05,15,13,310,20.6
2010-07-05,16,20,320,20.5
2010-07-05,17,22,330,19.9
2010-07-05,18,26,340,19.8
2010-07-05,19,20,340,18.8
2010-07-05,20,4,240,15.9
2010-07-05,21,4,30,14
2010-07-05,22,6,160,13.5
2010-07-05,23,6,160,11.6
2010-07-06,0,4,50,11.6
2010-07-06,1,6,60,10.7
2010-07-06,2,4,20,10.8
2010-07-06,3,6,60,10.1
2010-07-06,4,4,40,9.5
2010-07-06,5,6,70,9.6
2010-07-06,6,0,NA,10.7
2010-07-06,7,4,250,12.6
2010-07-06,8,6,280,14.6
2010-07-06,9,7,260,16
2010-07-06,10,6,290,17.7
2010-07-06,11,4,310,19.2
2010-07-06,12,0,NA,21.9
2010-07-06,13,6,260,22.3
2010-07-06,14,9,260,23.5
2010-07-06,15,7,290,24.8
2010-07-06,16,7,280,24.8
2010-07-06,17,6,270,25.2
2010-07-06,18,6,270,24.6
2010-07-06,19,4,300,22.2
2010-07-06,20,6,30,18.7
2010-07-06,21,9,50,16.8
2010-07-06,22,9,60,15.6
2010-07-06,23,6,360,16.2
2010-07-07,0,6,50,14.7
2010-07-07,1,6,360,14.6
2010-07-07,2,4,70,12.7
2010-07-07,3,4,20,12.9
2010-07-07,4,4,40,12.4
2010-07-07,5,6,60,11.9
2010-07-07,6,0,NA,15.1
2010-07-07,7,4,250,15.2
2010-07-07,8,0,NA,17.3
2010-07-07,9,6,290,18.7
2010-07-07,10,7,290,20.4
2010-07-07,11,6,240,21.8
2010-07-07,12,6,300,24.4
2010-07-07,13,6,270,25.8
2010-07-07,14,6,250,28.3
2010-07-07,15,6,280,28.7
2010-07-07,16,6,260,28.8
2010-07-07,17,0,NA,29.9
2010-07-07,18,4,250,29.1
2010-07-07,19,4,30,27.7
2010-07-07,20,6,50,20.4
2010-07-07,21,6,30,20.8
2010-07-07,22,6,20,20.8
2010-07-07,23,9,350,19.2
2010-07-08,0,6,20,17.8
2010-07-08,1,4,240,16
2010-07-08,2,4,70,15.9
2010-07-08,3,4,330,15.3
2010-07-08,4,4,10,14.5
2010-07-08,5,0,NA,14.8
2010-07-08,6,0,NA,16
2010-07-08,7,0,NA,17.1
2010-07-08,8,4,260,19.1
2010-07-08,9,9,330,21
2010-07-08,10,6,260,22.5
2010-07-08,11,4,310,24.8
2010-07-08,12,6,280,26.6
2010-07-08,13,6,270,28.7
2010-07-08,14,4,190,31
2010-07-08,15,6,250,31
2010-07-08,16,7,300,31.5
2010-07-08,17,6,260,31.5
2010-07-08,18,4,240,31.1
2010-07-08,19,6,60,26.4
2010-07-08,20,6,40,23.5
2010-07-08,21,11,70,21.9
2010-07-08,22,9,60,21.9
2010-07-08,23,6,30,21.5
2010-07-09,0,0,NA,20.4
2010-07-09,1,0,NA,19.7
2010-07-09,2,4,130,17.8
2010-07-09,3,4,80,16.6
2010-07-09,4,7,70,15.8
2010-07-09,5,6,60,15.8
2010-07-09,6,0,NA,17.3
2010-07-09,7,4,260,18.5
2010-07-09,8,4,250,19.9
2010-07-09,9,4,200,21.8
2010-07-09,10,4,230,23.7
2010-07-09,11,4,220,25.6
2010-07-09,12,7,270,26.9
2010-07-09,13,4,280,28.9
2010-07-09,14,7,260,30.3
2010-07-09,15,7,280,31.3
2010-07-09,16,7,190,32.5
2010-07-09,17,9,160,31.6
2010-07-09,18,0,NA,31.2
2010-07-09,19,6,300,29.1
2010-07-09,20,4,70,23.7
2010-07-09,21,9,30,22.8
2010-07-09,22,7,60,21.5
2010-07-09,23,9,70,21.7
2010-07-10,0,6,50,21.1
2010-07-10,1,13,70,21.1
2010-07-10,2,9,70,19.2
2010-07-10,3,0,NA,18.2
2010-07-10,4,0,NA,18.1
2010-07-10,5,0,NA,17.1
2010-07-10,6,0,NA,19.2
2010-07-10,7,0,NA,18.8
2010-07-10,8,6,80,20.8
2010-07-10,9,7,130,21.2
2010-07-10,10,6,130,24.8
2010-07-10,11,4,230,24.9
2010-07-10,12,6,270,25.5
2010-07-10,13,7,290,26.1
2010-07-10,14,15,310,25.6
2010-07-10,15,41,320,20.7
2010-07-10,16,20,320,19.5
2010-07-10,17,4,50,21.6
2010-07-10,18,6,140,22.7
2010-07-10,19,6,310,22.6
2010-07-10,20,4,60,18.6
2010-07-10,21,6,50,17.5
2010-07-10,22,6,40,17.4
2010-07-10,23,6,50,17
2010-07-11,0,6,50,17.2
2010-07-11,1,9,50,17
2010-07-11,2,6,50,16.4
2010-07-11,3,11,60,16.1
2010-07-11,4,4,30,14.7
2010-07-11,5,7,60,15
2010-07-11,6,0,NA,15.3
2010-07-11,7,0,NA,17.7
2010-07-11,8,6,250,19.4
2010-07-11,9,0,NA,21.2
2010-07-11,10,6,240,22
2010-07-11,11,6,230,23.1
2010-07-11,12,7,250,24.4
2010-07-11,13,6,290,25.2
2010-07-11,14,6,320,25.4
2010-07-11,15,6,290,25.3
2010-07-11,16,6,270,25.5
2010-07-11,17,17,60,24.4
2010-07-11,18,4,30,24.6
2010-07-11,19,9,60,23.2
2010-07-11,20,15,70,22.6
2010-07-11,21,11,110,21.5
2010-07-11,22,6,60,21.1
2010-07-11,23,4,20,20.6
2010-07-12,0,13,70,20.3
2010-07-12,1,15,80,19.5
2010-07-12,2,7,60,19
2010-07-12,3,0,NA,17.5
2010-07-12,4,4,40,16.1
2010-07-12,5,4,50,16.1
2010-07-12,6,13,180,18.8
2010-07-12,7,17,180,19.5
2010-07-12,8,19,150,20.6
2010-07-12,9,19,160,21.7
2010-07-12,10,24,160,20.8
2010-07-12,11,17,170,22.9
2010-07-12,12,24,250,21.2
2010-07-12,13,35,270,20.8
2010-07-12,14,24,270,15.4
2010-07-12,15,9,80,16.8
2010-07-12,16,4,110,17.6
2010-07-12,17,19,310,19.1
2010-07-12,18,20,300,18.2
2010-07-12,19,11,280,16.3
2010-07-12,20,13,300,16.1
2010-07-12,21,7,50,12.5
2010-07-12,22,19,340,12.7
2010-07-12,23,9,340,12.1
2010-07-13,0,11,340,11.6
2010-07-13,1,9,330,11.2
2010-07-13,2,4,40,9.7
2010-07-13,3,9,70,8.3
2010-07-13,4,6,20,8.6
2010-07-13,5,6,210,10.2
2010-07-13,6,4,140,10
2010-07-13,7,9,100,12.5
2010-07-13,8,7,180,14.4
2010-07-13,9,15,250,14.8
2010-07-13,10,9,250,15.8
2010-07-13,11,13,260,15
2010-07-13,12,11,230,15.4
2010-07-13,13,9,240,15.7
2010-07-13,14,4,330,16.5
2010-07-13,15,0,NA,16.2
2010-07-13,16,11,320,15.1
2010-07-13,17,7,340,15.2
2010-07-13,18,13,340,14.7
2010-07-13,19,17,340,13.9
2010-07-13,20,9,330,13.1
2010-07-13,21,7,310,12.1
2010-07-13,22,4,280,11.3
2010-07-13,23,4,190,12
2010-07-14,0,6,80,10.6
2010-07-14,1,4,110,11.1
2010-07-14,2,7,70,10.2
2010-07-14,3,9,70,9.9
2010-07-14,4,7,60,9.1
2010-07-14,5,6,40,8.9
2010-07-14,6,4,240,10.8
2010-07-14,7,0,NA,13.1
2010-07-14,8,4,240,14.6
2010-07-14,9,4,180,15.8
2010-07-14,10,4,240,17
2010-07-14,11,7,280,18.3
2010-07-14,12,6,280,20.1
2010-07-14,13,7,290,21.4
2010-07-14,14,6,290,23.2
2010-07-14,15,9,300,24
2010-07-14,16,7,290,24.2
2010-07-14,17,4,310,25
2010-07-14,18,9,290,23.1
2010-07-14,19,7,320,21.1
2010-07-14,20,0,NA,17.4
2010-07-14,21,7,80,16.5
2010-07-14,22,9,60,16.5
2010-07-14,23,9,70,16
2010-07-15,0,7,60,15.8
2010-07-15,1,7,50,15.4
2010-07-15,2,7,70,14.8
2010-07-15,3,7,60,14.5
2010-07-15,4,7,70,14.5
2010-07-15,5,11,70,14.1
2010-07-15,6,15,80,15.7
2010-07-15,7,7,90,17.3
2010-07-15,8,0,NA,18.6
2010-07-15,9,6,250,19.6
2010-07-15,10,6,310,22.3
2010-07-15,11,11,180,25.5
2010-07-15,12,15,170,27.1
2010-07-15,13,15,200,27.9
2010-07-15,14,11,190,28.3
2010-07-15,15,17,200,29.2
2010-07-15,16,19,200,28.2
2010-07-15,17,15,200,28.5
2010-07-15,18,17,200,27.8
2010-07-15,19,9,150,25.9
2010-07-15,20,9,150,23.9
2010-07-15,21,7,70,20.3
2010-07-15,22,7,120,20.1
2010-07-15,23,6,60,19.5
2010-07-16,0,6,60,19.1
2010-07-16,1,17,60,18.6
2010-07-16,2,17,70,18
2010-07-16,3,17,80,17.1
2010-07-16,4,7,60,16.7
2010-07-16,5,7,60,15.8
2010-07-16,6,17,80,17
2010-07-16,7,6,100,19
2010-07-16,8,4,130,20.7
2010-07-16,9,6,190,23.2
2010-07-16,10,13,170,25.1
2010-07-16,11,17,150,27
2010-07-16,12,19,180,27.4
2010-07-16,13,19,200,27.4
2010-07-16,14,15,190,29
2010-07-16,15,15,230,29.9
2010-07-16,16,15,230,29.9
2010-07-16,17,13,250,28.3
2010-07-16,18,13,260,27.7
2010-07-16,19,4,290,25.7
2010-07-16,20,7,50,22.2
2010-07-16,21,6,20,22
2010-07-16,22,7,70,20.1
2010-07-16,23,6,70,19
2010-07-17,0,4,360,18.6
2010-07-17,1,6,50,17
2010-07-17,2,7,60,16.1
2010-07-17,3,7,50,15
2010-07-17,4,7,60,14.4
2010-07-17,5,4,10,14.3
2010-07-17,6,0,NA,16.3
2010-07-17,7,0,NA,16.9
2010-07-17,8,0,NA,18.9
2010-07-17,9,9,300,20.8
2010-07-17,10,7,300,22.3
2010-07-17,11,6,220,23.9
2010-07-17,12,7,280,26
2010-07-17,13,6,260,26.3
2010-07-17,14,6,270,28.2
2010-07-17,15,4,250,29.6
2010-07-17,16,4,190,29.9
2010-07-17,17,6,170,26.9
2010-07-17,18,6,230,28.1
2010-07-17,19,4,230,26.7
2010-07-17,20,6,50,20.7
2010-07-17,21,13,80,21.4
2010-07-17,22,13,80,20.7
2010-07-17,23,15,70,19.8
2010-07-18,0,4,40,18.7
2010-07-18,1,4,300,17.9
2010-07-18,2,9,70,16.1
2010-07-18,3,9,70,15.8
2010-07-18,4,7,70,15.4
2010-07-18,5,0,NA,14.1
2010-07-18,6,6,50,17
2010-07-18,7,0,NA,18.4
2010-07-18,8,4,310,19.9
2010-07-18,9,4,260,21.4
2010-07-18,10,4,220,22.8
2010-07-18,11,7,210,25.2
2010-07-18,12,11,300,24.9
2010-07-18,13,6,60,27.2
2010-07-18,14,6,330,27.9
2010-07-18,15,24,330,22.9
2010-07-18,16,41,330,21.1
2010-07-18,17,24,330,21.3
2010-07-18,18,9,340,21.4
2010-07-18,19,9,360,20.7
2010-07-18,20,11,310,18.9
2010-07-18,21,7,270,17
2010-07-18,22,6,340,16.1
2010-07-18,23,11,330,15.9
2010-07-19,0,9,340,15.2
2010-07-19,1,6,310,14.9
2010-07-19,2,11,320,14.9
2010-07-19,3,6,20,15.3
2010-07-19,4,7,330,14.8
2010-07-19,5,4,190,14.4
2010-07-19,6,6,350,15.4
2010-07-19,7,7,320,16.6
2010-07-19,8,9,300,17.8
2010-07-19,9,7,300,19.1
2010-07-19,10,6,300,20.4
2010-07-19,11,9,290,21.3
2010-07-19,12,7,270,22.7
2010-07-19,13,9,290,23.9
2010-07-19,14,15,310,24.2
2010-07-19,15,15,320,25.2
2010-07-19,16,15,340,23.6
2010-07-19,17,24,320,22.8
2010-07-19,18,28,340,22.3
2010-07-19,19,24,330,21.7
2010-07-19,20,9,300,19.8
2010-07-19,21,7,320,18.4
2010-07-19,22,6,320,16.9
2010-07-19,23,9,330,17.4
2010-07-20,0,0,NA,15.4
2010-07-20,1,0,NA,14.3
2010-07-20,2,4,30,13
2010-07-20,3,6,20,13
2010-07-20,4,4,30,12.3
2010-07-20,5,0,NA,12.1
2010-07-20,6,4,170,13
2010-07-20,7,0,NA,14.9
2010-07-20,8,4,280,16.8
2010-07-20,9,6,300,17.3
2010-07-20,10,4,310,19.7
2010-07-20,11,4,310,21
2010-07-20,12,4,240,23.3
2010-07-20,13,6,310,23.8
2010-07-20,14,6,300,25.1
2010-07-20,15,0,NA,26.1
2010-07-20,16,7,270,26.1
2010-07-20,17,7,300,24.6
2010-07-20,18,7,50,24.1
2010-07-20,19,4,10,21.6
2010-07-20,20,7,360,20.3
2010-07-20,21,9,340,19.5
2010-07-20,22,6,320,18.2
2010-07-20,23,9,350,16.9
2010-07-21,0,4,160,15.9
2010-07-21,1,4,40,15.3
2010-07-21,2,4,220,14.7
2010-07-21,3,4,130,14
2010-07-21,4,4,70,13.2
2010-07-21,5,4,60,13
2010-07-21,6,4,40,15.4
2010-07-21,7,0,NA,16.3
2010-07-21,8,6,310,18.1
2010-07-21,9,9,300,19.3
2010-07-21,10,7,290,21.3
2010-07-21,11,7,290,23.2
2010-07-21,12,7,250,25.1
2010-07-21,13,7,240,26.9
2010-07-21,14,7,280,28
2010-07-21,15,13,270,28.2
2010-07-21,16,0,NA,29
2010-07-21,17,0,NA,30.2
2010-07-21,18,4,120,28.7
2010-07-21,19,0,NA,26.4
2010-07-21,20,4,110,21.4
2010-07-21,21,11,70,21
2010-07-21,22,4,60,19.4
2010-07-21,23,11,60,18.9
2010-07-22,0,6,50,18
2010-07-22,1,15,70,17.2
2010-07-22,2,13,60,16.6
2010-07-22,3,15,80,16
2010-07-22,4,9,80,15.6
2010-07-22,5,7,140,15.4
2010-07-22,6,9,60,15.8
2010-07-22,7,6,130,16
2010-07-22,8,4,170,17
2010-07-22,9,0,NA,18.6
2010-07-22,10,6,250,20.1
2010-07-22,11,0,NA,21.4
2010-07-22,12,19,160,23
2010-07-22,13,17,290,21.9
2010-07-22,14,7,160,16.2
2010-07-22,15,4,270,18.6
2010-07-22,16,9,70,19
2010-07-22,17,13,310,19.5
2010-07-22,18,9,290,18.1
2010-07-22,19,6,290,18.2
2010-07-22,20,6,100,16.5
2010-07-22,21,4,340,15.8
2010-07-22,22,0,NA,14.9
2010-07-22,23,4,280,14.2
2010-07-23,0,4,90,14
2010-07-23,1,6,80,13
2010-07-23,2,0,NA,12.6
2010-07-23,3,6,80,12.1
2010-07-23,4,6,90,11.9
2010-07-23,5,9,70,11.6
2010-07-23,6,11,80,13.8
2010-07-23,7,0,NA,15.4
2010-07-23,8,6,250,16.2
2010-07-23,9,6,300,18.5
2010-07-23,10,7,290,19.9
2010-07-23,11,7,280,21.1
2010-07-23,12,7,280,22.9
2010-07-23,13,6,270,23.6
2010-07-23,14,7,280,25.1
2010-07-23,15,11,270,26.4
2010-07-23,16,4,160,27.7
2010-07-23,17,7,290,25.2
2010-07-23,18,7,290,25.2
2010-07-23,19,6,280,23.7
2010-07-23,20,7,340,20
2010-07-23,21,6,60,18.8
2010-07-23,22,7,60,17.4
2010-07-23,23,7,70,17.2
2010-07-24,0,7,70,16.2
2010-07-24,1,6,40,16
2010-07-24,2,4,40,15.4
2010-07-24,3,4,360,14.8
2010-07-24,4,0,NA,13.7
2010-07-24,5,6,60,13.5
2010-07-24,6,0,NA,15.6
2010-07-24,7,0,NA,16.4
2010-07-24,8,4,290,18.2
2010-07-24,9,6,250,19.8
2010-07-24,10,6,200,21.3
2010-07-24,11,6,260,23.4
2010-07-24,12,6,280,25.3
2010-07-24,13,7,300,27.2
2010-07-24,14,6,300,28.8
2010-07-24,15,7,190,30.8
2010-07-24,16,7,190,31.3
2010-07-24,17,11,170,30.3
2010-07-24,18,6,190,29.8
2010-07-24,19,7,180,27.4
2010-07-24,20,7,110,22.9
2010-07-24,21,9,80,22
2010-07-24,22,11,70,21.8
2010-07-24,23,11,60,21.1
2010-07-25,0,7,50,20.7
2010-07-25,1,7,70,20
2010-07-25,2,6,40,18.8
2010-07-25,3,9,70,17.8
2010-07-25,4,7,40,17.3
2010-07-25,5,6,50,16.7
2010-07-25,6,4,30,17.6
2010-07-25,7,4,350,19.2
2010-07-25,8,4,250,20.4
2010-07-25,9,4,200,22.3
2010-07-25,10,4,260,23.6
2010-07-25,11,6,260,25.4
2010-07-25,12,6,240,27.8
2010-07-25,13,6,310,30.4
2010-07-25,14,4,280,32.1
2010-07-25,15,9,170,30.9
2010-07-25,16,13,180,33
2010-07-25,17,13,180,32.5
2010-07-25,18,15,190,31.1
2010-07-25,19,0,NA,29.5
2010-07-25,20,7,70,24.1
2010-07-25,21,9,70,23
2010-07-25,22,9,50,23.6
2010-07-25,23,9,70,22.3
2010-07-26,0,13,60,21.6
2010-07-26,1,0,NA,19.4
2010-07-26,2,6,40,18.9
2010-07-26,3,6,50,18.2
2010-07-26,4,4,40,17.8
2010-07-26,5,4,60,16.9
2010-07-26,6,4,50,18.7
2010-07-26,7,0,NA,19.4
2010-07-26,8,0,NA,21.3
2010-07-26,9,0,NA,23.1
2010-07-26,10,4,280,25.1
2010-07-26,11,7,280,26.2
2010-07-26,12,7,280,28.1
2010-07-26,13,9,300,29.1
2010-07-26,14,9,300,29.6
2010-07-26,15,9,310,31.3
2010-07-26,16,7,290,32.3
2010-07-26,17,7,300,31.1
2010-07-26,18,4,310,29.2
2010-07-26,19,6,60,27
2010-07-26,20,9,60,24.6
2010-07-26,21,4,10,24.3
2010-07-26,22,0,NA,23.5
2010-07-26,23,4,30,22.6
2010-07-27,0,6,10,21.8
2010-07-27,1,4,30,20.8
2010-07-27,2,6,280,19
2010-07-27,3,7,140,18.3
2010-07-27,4,6,80,18.1
2010-07-27,5,0,NA,17.8
2010-07-27,6,7,90,18.6
2010-07-27,7,6,110,20.6
2010-07-27,8,6,110,23.7
2010-07-27,9,4,140,25.2
2010-07-27,10,6,240,26.9
2010-07-27,11,9,230,27.2
2010-07-27,12,6,260,29
2010-07-27,13,9,270,28.3
2010-07-27,14,7,280,28.6
2010-07-27,15,11,170,30.1
2010-07-27,16,6,200,28.6
2010-07-27,17,17,160,26.4
2010-07-27,18,15,160,24.4
2010-07-27,19,24,160,22.7
2010-07-27,20,9,70,21.4
2010-07-27,21,19,50,20.3
2010-07-27,22,13,40,20.5
2010-07-27,23,15,50,20.6
2010-07-28,0,19,50,20.7
2010-07-28,1,9,70,19.6
2010-07-28,2,17,80,19
2010-07-28,3,9,60,18.3
2010-07-28,4,6,60,18.3
2010-07-28,5,7,70,16.8
2010-07-28,6,13,90,18.6
2010-07-28,7,7,110,19.5
2010-07-28,8,4,200,20.9
2010-07-28,9,4,160,23
2010-07-28,10,7,260,24.2
2010-07-28,11,6,270,25.4
2010-07-28,12,6,170,28.3
2010-07-28,13,4,260,30.2
2010-07-28,14,7,260,31.4
2010-07-28,15,9,260,31.6
2010-07-28,16,7,250,32.2
2010-07-28,17,7,220,31.9
2010-07-28,18,6,190,29.3
2010-07-28,19,4,230,27.5
2010-07-28,20,7,130,25.3
2010-07-28,21,9,100,24.3
2010-07-28,22,13,80,23.1
2010-07-28,23,9,80,22.2
2010-07-29,0,7,100,21.7
2010-07-29,1,9,100,21.7
2010-07-29,2,0,NA,20.7
2010-07-29,3,6,10,19.6
2010-07-29,4,7,270,19.4
2010-07-29,5,7,100,17.5
2010-07-29,6,6,60,19.5
2010-07-29,7,4,270,19.3
2010-07-29,8,4,290,19.7
2010-07-29,9,4,230,20.4
2010-07-29,10,13,310,21.3
2010-07-29,11,15,310,22.1
2010-07-29,12,9,280,22.9
2010-07-29,13,7,290,25
2010-07-29,14,9,260,26
2010-07-29,15,7,280,27.2
2010-07-29,16,6,280,28
2010-07-29,17,0,NA,29.2
2010-07-29,18,11,310,26.4
2010-07-29,19,4,350,23.5
2010-07-29,20,4,260,21.2
2010-07-29,21,0,NA,21.4
2010-07-29,22,4,10,20.3
2010-07-29,23,4,330,19.4
2010-07-30,0,4,270,19.1
2010-07-30,1,0,NA,18.5
2010-07-30,2,0,NA,18.2
2010-07-30,3,0,NA,16.9
2010-07-30,4,4,10,16.7
2010-07-30,5,4,30,16.4
2010-07-30,6,0,NA,17.6
2010-07-30,7,4,230,17.8
2010-07-30,8,4,200,20
2010-07-30,9,4,170,21.2
2010-07-30,10,0,NA,23.6
2010-07-30,11,6,200,24.5
2010-07-30,12,6,220,26.3
2010-07-30,13,6,280,27.5
2010-07-30,14,9,270,31
2010-07-30,15,11,180,31.5
2010-07-30,16,11,180,31.3
2010-07-30,17,30,320,24.3
2010-07-30,18,11,350,19.4
2010-07-30,19,4,60,19.9
2010-07-30,20,11,70,17.8
2010-07-30,21,7,60,18.6
2010-07-30,22,6,10,18.3
2010-07-30,23,6,350,17.4
2010-07-31,0,6,100,16.7
2010-07-31,1,4,30,16.5
2010-07-31,2,4,30,17.7
2010-07-31,3,4,330,15.4
2010-07-31,4,0,NA,15.7
2010-07-31,5,7,60,15.2
2010-07-31,6,4,150,15.5
2010-07-31,7,9,70,15.9
2010-07-31,8,7,130,16.4
2010-07-31,9,7,130,17.3
2010-07-31,10,4,270,17.2
2010-07-31,11,6,230,20.2
2010-07-31,12,0,NA,21
2010-07-31,13,6,290,19.8
2010-07-31,14,6,250,20.3
2010-07-31,15,17,320,21.4
2010-07-31,16,9,310,22.8
2010-07-31,17,13,310,23.1
2010-07-31,18,11,310,21
2010-07-31,19,6,340,20
2010-07-31,20,4,160,17.9
2010-07-31,21,7,70,17.6
2010-07-31,22,9,60,16.8
2010-07-31,23,6,60,16.4
2010-08-01,0,7,40,16.3
2010-08-01,1,7,60,15.8
2010-08-01,2,11,70,15.9
2010-08-01,3,17,80,15.4
2010-08-01,4,15,80,15.2
2010-08-01,5,11,60,15.3
2010-08-01,6,6,70,15.5
2010-08-01,7,6,130,17.4
2010-08-01,8,4,240,18.9
2010-08-01,9,6,210,20.9
2010-08-01,10,11,180,23.5
2010-08-01,11,9,180,25.4
2010-08-01,12,9,170,27.1
2010-08-01,13,20,320,23.7
2010-08-01,14,7,40,22.9
2010-08-01,15,17,310,21.4
2010-08-01,16,24,340,20.9
2010-08-01,17,20,320,19.9
2010-08-01,18,4,290,20.6
2010-08-01,19,0,NA,18.4
2010-08-01,20,4,20,17.6
2010-08-01,21,7,100,15.9
2010-08-01,22,6,40,16.3
2010-08-01,23,0,NA,16.8
2010-08-02,0,4,20,15.5
2010-08-02,1,6,340,15.3
2010-08-02,2,6,40,14.6
2010-08-02,3,9,90,13.6
2010-08-02,4,9,80,13.6
2010-08-02,5,6,60,13.5
2010-08-02,6,6,70,15
2010-08-02,7,6,110,16.3
2010-08-02,8,0,NA,16
2010-08-02,9,6,290,15.8
2010-08-02,10,4,80,16.7
2010-08-02,11,4,320,17.6
2010-08-02,12,6,300,18.3
2010-08-02,13,9,310,18.7
2010-08-02,14,9,300,19.3
2010-08-02,15,13,300,19.3
2010-08-02,16,9,320,19.5
2010-08-02,17,7,310,20.5
2010-08-02,18,6,320,20.7
2010-08-02,19,7,300,18.2
2010-08-02,20,4,320,16.9
2010-08-02,21,4,330,16.5
2010-08-02,22,6,310,16.1
2010-08-02,23,6,340,15.9
2010-08-03,0,0,NA,15.6
2010-08-03,1,6,320,15
2010-08-03,2,4,30,15.4
2010-08-03,3,0,NA,14.6
2010-08-03,4,0,NA,14
2010-08-03,5,0,NA,14.3
2010-08-03,6,0,NA,15.1
2010-08-03,7,0,NA,15.9
2010-08-03,8,7,300,17.6
2010-08-03,9,7,310,19.4
2010-08-03,10,9,300,20.6
2010-08-03,11,4,330,22.8
2010-08-03,12,6,280,24.4
2010-08-03,13,6,290,25.6
2010-08-03,14,4,290,27.4
2010-08-03,15,11,290,25
2010-08-03,16,9,320,24.1
2010-08-03,17,0,NA,23.8
2010-08-03,18,4,60,22.8
2010-08-03,19,4,10,21.9
2010-08-03,20,11,80,21.7
2010-08-03,21,15,60,22.2
2010-08-03,22,15,80,20.7
2010-08-03,23,13,70,19.8
2010-08-04,0,15,60,19.3
2010-08-04,1,15,60,19.1
2010-08-04,2,7,70,18
2010-08-04,3,4,160,16.9
2010-08-04,4,4,50,16
2010-08-04,5,6,310,14.5
2010-08-04,6,6,210,15.2
2010-08-04,7,4,210,17
2010-08-04,8,4,220,18.9
2010-08-04,9,4,280,20.7
2010-08-04,10,0,NA,22.8
2010-08-04,11,7,260,24.4
2010-08-04,12,7,280,26.3
2010-08-04,13,7,310,27.9
2010-08-04,14,7,280,28.4
2010-08-04,15,9,290,29.6
2010-08-04,16,9,320,29.2
2010-08-04,17,9,300,29.1
2010-08-04,18,6,270,27
2010-08-04,19,4,310,23.9
2010-08-04,20,7,60,24.5
2010-08-04,21,0,NA,20.5
2010-08-04,22,6,210,20.3
2010-08-04,23,6,10,20.5
2010-08-05,0,4,170,18.6
2010-08-05,1,0,NA,19.7
2010-08-05,2,4,60,18.6
2010-08-05,3,4,50,18
2010-08-05,4,0,NA,17.4
2010-08-05,5,6,360,16.1
2010-08-05,6,4,360,17.3
2010-08-05,7,0,NA,18.6
2010-08-05,8,0,NA,20.1
2010-08-05,9,0,NA,22.3
2010-08-05,10,4,280,24.8
2010-08-05,11,4,240,27
2010-08-05,12,9,290,27.6
2010-08-05,13,6,260,29.3
2010-08-05,14,4,330,30.2
2010-08-05,15,4,300,31.4
2010-08-05,16,6,270,31.6
2010-08-05,17,6,260,29.1
2010-08-05,18,9,310,25.9
2010-08-05,19,11,330,24.6
2010-08-05,20,11,350,23.7
2010-08-05,21,6,340,22.6
2010-08-05,22,7,360,22.1
2010-08-05,23,9,340,21.3
2010-08-06,0,7,300,20.2
2010-08-06,1,7,150,18
2010-08-06,2,4,360,19
2010-08-06,3,4,120,18.7
2010-08-06,4,4,40,18
2010-08-06,5,17,60,15.7
2010-08-06,6,6,30,15.8
2010-08-06,7,9,100,16.3
2010-08-06,8,6,350,18
2010-08-06,9,6,40,20
2010-08-06,10,6,140,22.5
2010-08-06,11,6,140,24.1
2010-08-06,12,7,190,25.3
2010-08-06,13,7,290,24.3
2010-08-06,14,11,170,23.3
2010-08-06,15,6,310,25.1
2010-08-06,16,26,330,24.1
2010-08-06,17,9,50,16.9
2010-08-06,18,6,300,18
2010-08-06,19,4,30,17.7
2010-08-06,20,6,60,17
2010-08-06,21,6,280,16.8
2010-08-06,22,6,30,16.3
2010-08-06,23,6,10,16
2010-08-07,0,0,NA,15.3
2010-08-07,1,6,60,14.2
2010-08-07,2,4,30,14.6
2010-08-07,3,4,30,14.3
2010-08-07,4,0,NA,13.9
2010-08-07,5,0,NA,13.2
2010-08-07,6,9,80,14.1
2010-08-07,7,7,120,15.8
2010-08-07,8,4,120,17.8
2010-08-07,9,6,130,19
2010-08-07,10,0,NA,21.1
2010-08-07,11,6,120,23
2010-08-07,12,7,170,25.5
2010-08-07,13,17,180,24.7
2010-08-07,14,13,160,26.9
2010-08-07,15,17,190,26.5
2010-08-07,16,13,200,25
2010-08-07,17,6,70,23.7
2010-08-07,18,26,300,19.2
2010-08-07,19,7,40,17.6
2010-08-07,20,6,350,17.8
2010-08-07,21,11,70,17.3
2010-08-07,22,0,NA,17.2
2010-08-07,23,7,320,16.8
2010-08-08,0,4,10,17
2010-08-08,1,4,40,16.9
2010-08-08,2,7,120,16.2
2010-08-08,3,6,310,15.6
2010-08-08,4,9,70,15.4
2010-08-08,5,6,300,15.4
2010-08-08,6,6,110,15.3
2010-08-08,7,6,110,15.3
2010-08-08,8,4,290,16.1
2010-08-08,9,4,200,16.4
2010-08-08,10,4,80,17.8
2010-08-08,11,7,120,17.9
2010-08-08,12,7,170,20.7
2010-08-08,13,7,170,21.9
2010-08-08,14,7,180,21.8
2010-08-08,15,7,180,22.9
2010-08-08,16,9,160,23.9
2010-08-08,17,15,330,21.1
2010-08-08,18,0,NA,21.8
2010-08-08,19,6,60,18.9
2010-08-08,20,0,NA,17.4
2010-08-08,21,0,NA,16.9
2010-08-08,22,0,NA,16.3
2010-08-08,23,0,NA,16.2
2010-08-09,0,4,360,16.3
2010-08-09,1,6,90,14.7
2010-08-09,2,6,60,15
2010-08-09,3,0,NA,13.9
2010-08-09,4,6,60,13.8
2010-08-09,5,4,50,14.3
2010-08-09,6,0,NA,15.7
2010-08-09,7,4,120,16.1
2010-08-09,8,6,120,18.1
2010-08-09,9,6,220,19.5
2010-08-09,10,0,NA,18.7
2010-08-09,11,6,270,20.4
2010-08-09,12,4,260,22.9
2010-08-09,13,6,220,24.1
2010-08-09,14,4,260,25.5
2010-08-09,15,7,290,26.1
2010-08-09,16,9,280,26.1
2010-08-09,17,22,330,22.8
2010-08-09,18,22,320,21.4
2010-08-09,19,28,330,19.3
2010-08-09,20,24,330,18.6
2010-08-09,21,24,330,17.7
2010-08-09,22,20,330,17.3
2010-08-09,23,17,320,16.7
2010-08-10,0,11,340,16.4
2010-08-10,1,4,70,14.6
2010-08-10,2,4,300,15
2010-08-10,3,6,70,14
2010-08-10,4,4,50,14
2010-08-10,5,0,NA,14.1
2010-08-10,6,4,60,14.1
2010-08-10,7,0,NA,16
2010-08-10,8,6,300,16.8
2010-08-10,9,13,310,17.2
2010-08-10,10,11,320,19.8
2010-08-10,11,7,290,20
2010-08-10,12,11,280,21.3
2010-08-10,13,7,280,22.8
2010-08-10,14,11,310,22.3
2010-08-10,15,11,300,21.4
2010-08-10,16,17,320,21.5
2010-08-10,17,20,320,19.9
2010-08-10,18,20,320,20.5
2010-08-10,19,15,330,19.3
2010-08-10,20,13,320,18.4
2010-08-10,21,6,320,17.4
2010-08-10,22,13,330,17.4
2010-08-10,23,7,320,16
2010-08-11,0,9,320,15.5
2010-08-11,1,4,310,14.4
2010-08-11,2,7,330,14.1
2010-08-11,3,6,50,13
2010-08-11,4,4,10,13.2
2010-08-11,5,4,20,13
2010-08-11,6,4,60,13.3
2010-08-11,7,4,260,14.9
2010-08-11,8,6,300,15.2
2010-08-11,9,6,120,17.1
2010-08-11,10,4,110,18.1
2010-08-11,11,6,150,20.2
2010-08-11,12,6,250,22.1
2010-08-11,13,6,230,23.6
2010-08-11,14,11,270,24.3
2010-08-11,15,6,280,24.9
2010-08-11,16,11,310,23.1
2010-08-11,17,6,130,22.8
2010-08-11,18,6,110,23.6
2010-08-11,19,6,90,20.4
2010-08-11,20,9,100,19
2010-08-11,21,7,70,17.9
2010-08-11,22,11,80,17.5
2010-08-11,23,7,60,16.8
2010-08-12,0,7,60,16.1
2010-08-12,1,6,70,15.4
2010-08-12,2,7,60,14.8
2010-08-12,3,7,60,14.3
2010-08-12,4,9,70,14.4
2010-08-12,5,9,70,14
2010-08-12,6,0,NA,14.1
2010-08-12,7,4,80,16.8
2010-08-12,8,0,NA,18.2
2010-08-12,9,6,230,19.2
2010-08-12,10,4,320,21.4
2010-08-12,11,9,170,23.8
2010-08-12,12,11,170,22.7
2010-08-12,13,7,310,21.3
2010-08-12,14,6,160,22.8
2010-08-12,15,7,100,20
2010-08-12,16,6,220,20.4
2010-08-12,17,7,150,20.4
2010-08-12,18,6,110,18.9
2010-08-12,19,15,300,18.6
2010-08-12,20,11,50,17.9
2010-08-12,21,17,40,17.1
2010-08-12,22,13,70,16.7
2010-08-12,23,4,50,16.7
2010-08-13,0,15,70,14.9
2010-08-13,1,6,320,14.2
2010-08-13,2,4,230,12.9
2010-08-13,3,0,NA,13
2010-08-13,4,4,30,12.1
2010-08-13,5,0,NA,12
2010-08-13,6,6,70,12.7
2010-08-13,7,0,NA,14.5
2010-08-13,8,4,320,15.7
2010-08-13,9,4,300,17.2
2010-08-13,10,4,250,18.5
2010-08-13,11,6,280,20.1
2010-08-13,12,4,190,22.1
2010-08-13,13,6,230,23.8
2010-08-13,14,0,NA,24.9
2010-08-13,15,7,250,25.5
2010-08-13,16,4,220,25.8
2010-08-13,17,7,40,24.2
2010-08-13,18,15,50,22.1
2010-08-13,19,17,50,20.9
2010-08-13,20,4,70,20.8
2010-08-13,21,6,30,20
2010-08-13,22,17,60,19.2
2010-08-13,23,11,70,18.6
2010-08-14,0,6,330,17.3
2010-08-14,1,6,30,16.9
2010-08-14,2,4,330,15.4
2010-08-14,3,6,20,15.2
2010-08-14,4,4,350,14.7
2010-08-14,5,0,NA,13.6
2010-08-14,6,0,NA,14.7
2010-08-14,7,6,70,16.3
2010-08-14,8,9,110,18.2
2010-08-14,9,4,340,20.8
2010-08-14,10,4,250,22
2010-08-14,11,7,280,23.6
2010-08-14,12,6,220,24.8
2010-08-14,13,4,170,25.9
2010-08-14,14,6,300,25.7
2010-08-14,15,6,250,26.6
2010-08-14,16,7,280,27
2010-08-14,17,7,270,27
2010-08-14,18,4,260,26.9
2010-08-14,19,9,50,21.4
2010-08-14,20,7,50,19.8
2010-08-14,21,6,10,20.4
2010-08-14,22,6,50,18.5
2010-08-14,23,4,20,18.1
2010-08-15,0,13,60,17.2
2010-08-15,1,7,50,16.6
2010-08-15,2,7,50,16.2
2010-08-15,3,6,40,15.3
2010-08-15,4,4,330,15.1
2010-08-15,5,6,30,14.2
2010-08-15,6,4,350,14.3
2010-08-15,7,4,270,16.2
2010-08-15,8,4,260,17.6
2010-08-15,9,6,270,19.7
2010-08-15,10,6,290,21.2
2010-08-15,11,0,NA,23.4
2010-08-15,12,4,280,26.3
2010-08-15,13,6,220,28.4
2010-08-15,14,7,310,29
2010-08-15,15,6,290,29.7
2010-08-15,16,6,240,29.9
2010-08-15,17,0,NA,30.4
2010-08-15,18,0,NA,30.3
2010-08-15,19,6,30,22.8
2010-08-15,20,7,60,20.9
2010-08-15,21,4,40,22
2010-08-15,22,6,10,20
2010-08-15,23,7,330,18.6
2010-08-16,0,6,50,18.5
2010-08-16,1,6,340,17.5
2010-08-16,2,4,350,16.5
2010-08-16,3,4,360,16.3
2010-08-16,4,6,70,15.5
2010-08-16,5,6,50,15.3
2010-08-16,6,0,NA,15.6
2010-08-16,7,0,NA,17.9
2010-08-16,8,4,220,19
2010-08-16,9,6,260,20.6
2010-08-16,10,6,250,22.1
2010-08-16,11,4,220,24.7
2010-08-16,12,6,230,27.3
2010-08-16,13,6,270,29
2010-08-16,14,6,280,30.3
2010-08-16,15,7,290,31.1
2010-08-16,16,7,300,30.9
2010-08-16,17,6,300,31.5
2010-08-16,18,6,290,28
2010-08-16,19,6,360,24.4
2010-08-16,20,9,60,22.5
2010-08-16,21,4,60,23
2010-08-16,22,0,NA,20.9
2010-08-16,23,0,NA,20.5
2010-08-17,0,6,50,19.7
2010-08-17,1,6,70,18.6
2010-08-17,2,6,30,18.4
2010-08-17,3,6,40,16.7
2010-08-17,4,4,360,15.9
2010-08-17,5,0,NA,15.9
2010-08-17,6,6,60,15.9
2010-08-17,7,0,NA,17.3
2010-08-17,8,0,NA,18.5
2010-08-17,9,4,240,20.1
2010-08-17,10,6,280,22.3
2010-08-17,11,4,280,24
2010-08-17,12,7,270,26
2010-08-17,13,7,290,27.8
2010-08-17,14,9,320,28.6
2010-08-17,15,4,260,30.6
2010-08-17,16,11,300,28.9
2010-08-17,17,4,280,27.4
2010-08-17,18,4,310,25.7
2010-08-17,19,6,10,23.4
2010-08-17,20,6,40,23.1
2010-08-17,21,6,50,22.9
2010-08-17,22,6,30,23
2010-08-17,23,4,20,21.3
2010-08-18,0,0,NA,19.6
2010-08-18,1,0,NA,19.2
2010-08-18,2,0,NA,17.9
2010-08-18,3,0,NA,16.9
2010-08-18,4,4,30,16.7
2010-08-18,5,6,350,15.7
2010-08-18,6,4,40,16
2010-08-18,7,0,NA,17.7
2010-08-18,8,4,220,20
2010-08-18,9,4,240,21.5
2010-08-18,10,4,240,23.7
2010-08-18,11,6,240,26
2010-08-18,12,4,250,28.5
2010-08-18,13,7,300,30.5
2010-08-18,14,9,190,32.7
2010-08-18,15,17,220,33
2010-08-18,16,19,220,32.3
2010-08-18,17,15,220,31.3
2010-08-18,18,11,210,29.3
2010-08-18,19,0,NA,27.8
2010-08-18,20,9,180,26.1
2010-08-18,21,9,170,25.2
2010-08-18,22,9,110,22.4
2010-08-18,23,6,90,19.8
2010-08-19,0,9,80,19.6
2010-08-19,1,9,80,18.6
2010-08-19,2,9,70,17.9
2010-08-19,3,9,60,17.9
2010-08-19,4,7,110,17.1
2010-08-19,5,7,90,15.5
2010-08-19,6,6,80,15.9
2010-08-19,7,9,130,19.3
2010-08-19,8,15,160,21
2010-08-19,9,19,150,22.2
2010-08-19,10,15,150,23.9
2010-08-19,11,13,170,25.5
2010-08-19,12,15,150,26.8
2010-08-19,13,15,180,27.4
2010-08-19,14,19,190,28.1
2010-08-19,15,15,190,28.9
2010-08-19,16,13,230,28.3
2010-08-19,17,15,200,27.3
2010-08-19,18,9,210,25.7
2010-08-19,19,9,180,24.4
2010-08-19,20,4,70,21.3
2010-08-19,21,9,60,20.2
2010-08-19,22,9,70,19.5
2010-08-19,23,9,70,18.6
2010-08-20,0,9,80,16.9
2010-08-20,1,11,80,16.8
2010-08-20,2,9,90,16
2010-08-20,3,13,70,15.7
2010-08-20,4,6,50,14.1
2010-08-20,5,11,70,13.9
2010-08-20,6,6,90,13.9
2010-08-20,7,6,110,16.7
2010-08-20,8,9,140,19.5
2010-08-20,9,13,170,20.9
2010-08-20,10,11,180,22.4
2010-08-20,11,15,160,23.7
2010-08-20,12,13,160,24.7
2010-08-20,13,11,160,26.1
2010-08-20,14,15,210,26.3
2010-08-20,15,13,200,26.5
2010-08-20,16,13,220,24.8
2010-08-20,17,11,240,24
2010-08-20,18,7,250,23.1
2010-08-20,19,9,60,19.1
2010-08-20,20,9,70,18.2
2010-08-20,21,9,70,17.6
2010-08-20,22,9,70,17
2010-08-20,23,6,340,16
2010-08-21,0,4,50,15.3
2010-08-21,1,11,60,15.2
2010-08-21,2,19,60,14.7
2010-08-21,3,19,70,13.4
2010-08-21,4,17,90,13.9
2010-08-21,5,15,80,13.5
2010-08-21,6,4,60,12.3
2010-08-21,7,4,80,11.8
2010-08-21,8,0,NA,15.4
2010-08-21,9,4,280,18.2
2010-08-21,10,4,190,20.7
2010-08-21,11,6,180,22.9
2010-08-21,12,6,260,24.6
2010-08-21,13,13,180,26.4
2010-08-21,14,13,170,26.8
2010-08-21,15,11,150,26.3
2010-08-21,16,9,180,26.3
2010-08-21,17,7,210,25.5
2010-08-21,18,6,210,23.2
2010-08-21,19,4,170,21.6
2010-08-21,20,7,60,19.7
2010-08-21,21,7,60,18.2
2010-08-21,22,7,120,17
2010-08-21,23,7,80,18.4
2010-08-22,0,4,320,17.1
2010-08-22,1,6,20,16.5
2010-08-22,2,6,70,15.1
2010-08-22,3,11,70,15.7
2010-08-22,4,6,70,14.8
2010-08-22,5,6,70,14.5
2010-08-22,6,4,320,14.4
2010-08-22,7,0,NA,16.2
2010-08-22,8,6,120,16.1
2010-08-22,9,0,NA,16.9
2010-08-22,10,6,250,16.5
2010-08-22,11,19,150,20.4
2010-08-22,12,15,180,19
2010-08-22,13,13,170,19.1
2010-08-22,14,9,50,16.7
2010-08-22,15,11,80,14.1
2010-08-22,16,15,100,13
2010-08-22,17,6,60,16.9
2010-08-22,18,9,170,14.8
2010-08-22,19,6,350,13.3
2010-08-22,20,4,120,12.7
2010-08-22,21,6,240,11.5
2010-08-22,22,7,70,10.9
2010-08-22,23,7,70,10.2
2010-08-23,0,6,50,10.5
2010-08-23,1,4,20,9.7
2010-08-23,2,4,30,9.5
2010-08-23,3,6,70,8.8
2010-08-23,4,4,50,8.9
2010-08-23,5,0,NA,8.4
2010-08-23,6,7,70,9.4
2010-08-23,7,0,NA,9.2
2010-08-23,8,0,NA,11.1
2010-08-23,9,4,240,14.2
2010-08-23,10,6,200,16.2
2010-08-23,11,6,260,16.6
2010-08-23,12,7,320,18.4
2010-08-23,13,9,320,19.4
2010-08-23,14,7,300,19.7
2010-08-23,15,9,310,18.9
2010-08-23,16,7,310,18.3
2010-08-23,17,0,NA,19.3
2010-08-23,18,4,300,18
2010-08-23,19,6,50,15
2010-08-23,20,7,50,13.8
2010-08-23,21,9,60,13.5
2010-08-23,22,4,60,13.3
2010-08-23,23,4,20,13.5
2010-08-24,0,4,360,12.9
2010-08-24,1,0,NA,12.3
2010-08-24,2,7,60,11.1
2010-08-24,3,7,70,11.3
2010-08-24,4,6,70,10.3
2010-08-24,5,0,NA,9.7
2010-08-24,6,0,NA,10
2010-08-24,7,0,NA,11.9
2010-08-24,8,4,220,13.7
2010-08-24,9,4,310,16
2010-08-24,10,6,250,18
2010-08-24,11,0,NA,20.3
2010-08-24,12,4,310,22.3
2010-08-24,13,6,290,24.4
2010-08-24,14,7,270,26
2010-08-24,15,6,300,27
2010-08-24,16,7,260,27.8
2010-08-24,17,9,200,27.2
2010-08-24,18,6,300,25.7
2010-08-24,19,4,30,20
2010-08-24,20,7,60,18.3
2010-08-24,21,0,NA,18.6
2010-08-24,22,4,270,17
2010-08-24,23,6,330,16.7
2010-08-25,0,4,20,16.5
2010-08-25,1,0,NA,15.1
2010-08-25,2,0,NA,14.5
2010-08-25,3,6,60,13.7
2010-08-25,4,4,60,12.7
2010-08-25,5,4,30,12.9
2010-08-25,6,0,NA,12.3
2010-08-25,7,0,NA,13.9
2010-08-25,8,0,NA,16
2010-08-25,9,0,NA,19.3
2010-08-25,10,4,290,20.4
2010-08-25,11,4,220,23
2010-08-25,12,6,260,25
2010-08-25,13,4,310,27.2
2010-08-25,14,4,240,30.4
2010-08-25,15,6,150,32.6
2010-08-25,16,9,180,32.4
2010-08-25,17,11,170,31.4
2010-08-25,18,11,160,29.7
2010-08-25,19,6,170,27.3
2010-08-25,20,11,90,22.3
2010-08-25,21,11,70,22.8
2010-08-25,22,15,60,22.4
2010-08-25,23,15,50,22.1
2010-08-26,0,13,60,19.9
2010-08-26,1,19,70,19
2010-08-26,2,17,70,18.1
2010-08-26,3,19,70,17.9
2010-08-26,4,22,80,16.3
2010-08-26,5,19,80,16.8
2010-08-26,6,17,80,16.1
2010-08-26,7,9,110,16.5
2010-08-26,8,7,130,18.7
2010-08-26,9,6,130,21.6
2010-08-26,10,6,160,23.3
2010-08-26,11,6,120,26.3
2010-08-26,12,9,170,31
2010-08-26,13,20,230,31.7
2010-08-26,14,17,200,31.3
2010-08-26,15,15,200,31.1
2010-08-26,16,17,190,30.7
2010-08-26,17,13,210,29.6
2010-08-26,18,17,220,28
2010-08-26,19,22,240,26.1
2010-08-26,20,17,200,23.9
2010-08-26,21,17,210,22.7
2010-08-26,22,15,240,21.2
2010-08-26,23,11,280,19.3
2010-08-27,0,17,280,17.8
2010-08-27,1,19,290,16
2010-08-27,2,15,300,16
2010-08-27,3,19,260,15.4
2010-08-27,4,6,130,12.9
2010-08-27,5,6,180,12.9
2010-08-27,6,7,150,12.7
2010-08-27,7,9,160,13.9
2010-08-27,8,9,170,13.8
2010-08-27,9,13,160,16
2010-08-27,10,11,160,16.7
2010-08-27,11,7,170,17
2010-08-27,12,9,180,17.8
2010-08-27,13,7,160,19.6
2010-08-27,14,13,230,18.9
2010-08-27,15,13,230,21.2
2010-08-27,16,15,220,20.1
2010-08-27,17,9,230,19.6
2010-08-27,18,6,250,17.9
2010-08-27,19,19,320,14.7
2010-08-27,20,24,320,13.6
2010-08-27,21,19,330,13
2010-08-27,22,4,20,12.3
2010-08-27,23,11,340,12.2
2010-08-28,0,11,320,11.4
2010-08-28,1,11,340,11.1
2010-08-28,2,17,340,10.7
2010-08-28,3,11,340,9.9
2010-08-28,4,4,260,8.4
2010-08-28,5,6,10,8.7
2010-08-28,6,4,70,7.9
2010-08-28,7,4,60,9.9
2010-08-28,8,9,320,10.8
2010-08-28,9,13,310,12.5
2010-08-28,10,13,310,12.5
2010-08-28,11,11,310,14.8
2010-08-28,12,11,320,16
2010-08-28,13,11,300,17.1
2010-08-28,14,7,270,18.6
2010-08-28,15,4,320,20.4
2010-08-28,16,7,300,19
2010-08-28,17,7,290,16.9
2010-08-28,18,9,120,15.7
2010-08-28,19,7,70,14.2
2010-08-28,20,7,90,12.7
2010-08-28,21,7,350,12.9
2010-08-28,22,6,40,12.2
2010-08-28,23,9,70,11.9
2010-08-29,0,4,250,12.4
2010-08-29,1,0,NA,11.2
2010-08-29,2,4,50,11.5
2010-08-29,3,4,160,11.3
2010-08-29,4,17,50,11.4
2010-08-29,5,19,70,10.9
2010-08-29,6,15,70,10.9
2010-08-29,7,19,60,10.9
2010-08-29,8,15,50,12
2010-08-29,9,17,60,13.4
2010-08-29,10,11,60,15.4
2010-08-29,11,15,60,16.8
2010-08-29,12,17,310,14.5
2010-08-29,13,11,300,13.6
2010-08-29,14,6,330,14.7
2010-08-29,15,17,330,14
2010-08-29,16,7,260,11.8
2010-08-29,17,9,100,10.9
2010-08-29,18,7,80,10.7
2010-08-29,19,13,70,10.5
2010-08-29,20,4,340,10
2010-08-29,21,7,120,8.9
2010-08-29,22,6,40,9.1
2010-08-29,23,7,70,8.4
2010-08-30,0,4,340,8
2010-08-30,1,6,50,8
2010-08-30,2,0,NA,7.1
2010-08-30,3,0,NA,6.8
2010-08-30,4,4,50,6.5
2010-08-30,5,7,70,6.7
2010-08-30,6,4,230,6.9
2010-08-30,7,6,50,8.8
2010-08-30,8,0,NA,10
2010-08-30,9,6,110,12.9
2010-08-30,10,6,300,14.1
2010-08-30,11,6,280,15.2
2010-08-30,12,4,220,16.9
2010-08-30,13,6,240,17
2010-08-30,14,6,80,20.7
2010-08-30,15,15,310,19.3
2010-08-30,16,6,330,21
2010-08-30,17,9,290,18.6
2010-08-30,18,9,290,15.1
2010-08-30,19,6,100,13.5
2010-08-30,20,6,20,12.5
2010-08-30,21,6,80,11.4
2010-08-30,22,7,50,11.4
2010-08-30,23,4,60,11
2010-08-31,0,6,40,10.9
2010-08-31,1,7,60,10
2010-08-31,2,11,70,9.5
2010-08-31,3,9,60,9.1
2010-08-31,4,15,80,9.2
2010-08-31,5,11,80,9.2
2010-08-31,6,9,100,9.3
2010-08-31,7,9,90,9.6
2010-08-31,8,6,120,11.2
2010-08-31,9,6,130,12.7
2010-08-31,10,13,170,15.4
2010-08-31,11,13,160,16
2010-08-31,12,9,190,19.1
2010-08-31,13,13,210,16.3
2010-08-31,14,20,240,14.6
2010-08-31,15,15,210,13.8
2010-08-31,16,7,220,14.1
2010-08-31,17,7,170,13.5
2010-08-31,18,13,140,13
2010-08-31,19,13,160,12.3
2010-08-31,20,13,160,11.9
2010-08-31,21,6,160,11.6
2010-08-31,22,4,310,10.8
2010-08-31,23,0,NA,10.5
2010-09-01,0,0,NA,10.4
2010-09-01,1,0,NA,10.4
2010-09-01,2,0,NA,10.2
2010-09-01,3,0,NA,10.2
2010-09-01,4,4,100,10.1
2010-09-01,5,0,NA,10.1
2010-09-01,6,4,120,10.2
2010-09-01,7,0,NA,10.4
2010-09-01,8,0,NA,11.5
2010-09-01,9,0,NA,12.2
2010-09-01,10,0,NA,14.1
2010-09-01,11,11,160,15.5
2010-09-01,12,4,130,13.8
2010-09-01,13,6,110,16.2
2010-09-01,14,11,320,15.7
2010-09-01,15,6,320,16
2010-09-01,16,4,290,18.5
2010-09-01,17,6,300,17.7
2010-09-01,18,11,310,15.8
2010-09-01,19,6,40,13.7
2010-09-01,20,4,360,13.3
2010-09-01,21,7,50,10.8
2010-09-01,22,7,70,10.1
2010-09-01,23,13,80,9.9
2010-09-02,0,6,50,8.9
2010-09-02,1,6,60,9
2010-09-02,2,6,40,8.5
2010-09-02,3,0,NA,7.6
2010-09-02,4,7,60,6.9
2010-09-02,5,4,50,6.6
2010-09-02,6,4,350,6.4
2010-09-02,7,0,NA,8.6
2010-09-02,8,0,NA,10.4
2010-09-02,9,0,NA,12.5
2010-09-02,10,0,NA,14
2010-09-02,11,4,260,15.8
2010-09-02,12,7,230,16.9
2010-09-02,13,6,270,19.1
2010-09-02,14,7,280,20.1
2010-09-02,15,6,280,21.4
2010-09-02,16,6,260,22.3
2010-09-02,17,6,270,21.8
2010-09-02,18,6,340,17.8
2010-09-02,19,6,30,16.1
2010-09-02,20,6,40,14.4
2010-09-02,21,4,80,14.6
2010-09-02,22,6,10,13.4
2010-09-02,23,6,30,13
2010-09-03,0,4,30,12.3
2010-09-03,1,6,50,11.6
2010-09-03,2,4,70,11.2
2010-09-03,3,9,50,11.5
2010-09-03,4,6,50,11.3
2010-09-03,5,6,30,9.1
2010-09-03,6,4,50,9.8
2010-09-03,7,4,20,11.7
2010-09-03,8,9,110,13.4
2010-09-03,9,7,160,15.3
2010-09-03,10,4,220,17.4
2010-09-03,11,0,NA,17.4
2010-09-03,12,4,120,21.3
2010-09-03,13,6,160,22.5
2010-09-03,14,7,160,24.9
2010-09-03,15,6,170,26.6
2010-09-03,16,9,200,27.3
2010-09-03,17,6,200,25.6
2010-09-03,18,4,200,24.3
2010-09-03,19,7,80,21.6
2010-09-03,20,9,70,19.2
2010-09-03,21,4,20,18.4
2010-09-03,22,6,60,17.7
2010-09-03,23,4,20,17.4
2010-09-04,0,4,320,15.9
2010-09-04,1,4,50,15.3
2010-09-04,2,9,60,14.9
2010-09-04,3,15,80,13.9
2010-09-04,4,11,70,13.6
2010-09-04,5,11,70,13.6
2010-09-04,6,7,70,13.8
2010-09-04,7,9,70,15.3
2010-09-04,8,4,230,16.4
2010-09-04,9,6,230,18.2
2010-09-04,10,7,200,21.4
2010-09-04,11,9,180,24.7
2010-09-04,12,13,220,25
2010-09-04,13,13,210,26
2010-09-04,14,17,220,25.7
2010-09-04,15,15,180,23.3
2010-09-04,16,9,80,18.3
2010-09-04,17,11,320,18.2
2010-09-04,18,19,330,17.1
2010-09-04,19,11,70,16.4
2010-09-04,20,6,330,16.1
2010-09-04,21,7,60,15.3
2010-09-04,22,6,50,14
2010-09-04,23,9,330,13.9
2010-09-05,0,32,330,13.9
2010-09-05,1,24,330,13
2010-09-05,2,15,340,12.7
2010-09-05,3,0,NA,9.9
2010-09-05,4,6,100,9.6
2010-09-05,5,11,110,9.6
2010-09-05,6,6,120,9.5
2010-09-05,7,0,NA,10.2
2010-09-05,8,6,230,10.6
2010-09-05,9,6,280,10.9
2010-09-05,10,4,150,10.4
2010-09-05,11,6,200,11.1
2010-09-05,12,11,200,13.3
2010-09-05,13,9,220,13.4
2010-09-05,14,7,210,12.9
2010-09-05,15,6,180,13.6
2010-09-05,16,6,180,13.6
2010-09-05,17,6,210,14.8
2010-09-05,18,4,290,12.2
2010-09-05,19,4,170,11
2010-09-05,20,4,100,10.4
2010-09-05,21,0,NA,9.1
2010-09-05,22,6,60,7.6
2010-09-05,23,6,70,6.6
2010-09-06,0,6,70,6.4
2010-09-06,1,6,70,6.4
2010-09-06,2,0,NA,6.3
2010-09-06,3,6,120,6.8
2010-09-06,4,6,140,6.2
2010-09-06,5,0,NA,5.8
2010-09-06,6,4,110,5.5
2010-09-06,7,6,150,7.5
2010-09-06,8,6,200,8.3
2010-09-06,9,6,190,8.9
2010-09-06,10,4,270,10.6
2010-09-06,11,4,20,11.6
2010-09-06,12,11,190,13.3
2010-09-06,13,11,180,14.1
2010-09-06,14,7,190,14.5
2010-09-06,15,6,200,14.4
2010-09-06,16,7,170,14.1
2010-09-06,17,9,150,13.9
2010-09-06,18,0,NA,13.4
2010-09-06,19,6,60,12.1
2010-09-06,20,4,20,12.1
2010-09-06,21,0,NA,11.8
2010-09-06,22,0,NA,10.8
2010-09-06,23,4,40,10.7
2010-09-07,0,4,350,9.8
2010-09-07,1,4,30,9.1
2010-09-07,2,6,20,10.5
2010-09-07,3,4,350,8.8
2010-09-07,4,4,60,9
2010-09-07,5,4,280,9.2
2010-09-07,6,0,NA,9.2
2010-09-07,7,0,NA,9.1
2010-09-07,8,0,NA,9.2
2010-09-07,9,6,280,10.6
2010-09-07,10,6,310,12
2010-09-07,11,7,300,12.9
2010-09-07,12,13,300,14.2
2010-09-07,13,11,300,14.7
2010-09-07,14,9,300,14.3
2010-09-07,15,7,290,13.5
2010-09-07,16,7,350,12.1
2010-09-07,17,6,300,12.2
2010-09-07,18,6,340,11.9
2010-09-07,19,6,300,11.4
2010-09-07,20,0,NA,10.9
2010-09-07,21,9,330,10.9
2010-09-07,22,6,340,10.9
2010-09-07,23,7,310,10.3
2010-09-08,0,4,30,10.2
2010-09-08,1,4,40,10.4
2010-09-08,2,0,NA,10.1
2010-09-08,3,0,NA,9.6
2010-09-08,4,6,80,9.3
2010-09-08,5,6,70,9.3
2010-09-08,6,4,100,9.6
2010-09-08,7,0,NA,11.7
2010-09-08,8,4,340,12.8
2010-09-08,9,7,320,14.4
2010-09-08,10,9,330,14.9
2010-09-08,11,11,320,14.7
2010-09-08,12,13,320,14.4
2010-09-08,13,13,310,17.4
2010-09-08,14,15,310,17
2010-09-08,15,22,330,15.3
2010-09-08,16,20,330,12.9
2010-09-08,17,13,310,14
2010-09-08,18,17,320,13
2010-09-08,19,11,340,12.9
2010-09-08,20,6,340,11.4
2010-09-08,21,11,310,11.8
2010-09-08,22,4,310,11.3
2010-09-08,23,11,330,11.5
2010-09-09,0,6,300,10.9
2010-09-09,1,0,NA,10.6
2010-09-09,2,4,320,10.7
2010-09-09,3,0,NA,10.2
2010-09-09,4,7,350,10.7
2010-09-09,5,11,320,11.3
2010-09-09,6,4,300,10.5
2010-09-09,7,4,320,11.6
2010-09-09,8,7,310,12.1
2010-09-09,9,13,300,13.4
2010-09-09,10,15,300,14.2
2010-09-09,11,13,310,14.8
2010-09-09,12,7,270,16.8
2010-09-09,13,6,220,17
2010-09-09,14,6,230,17.6
2010-09-09,15,6,230,17.2
2010-09-09,16,6,230,16.9
2010-09-09,17,4,140,17.6
2010-09-09,18,0,NA,15.9
2010-09-09,19,4,120,14.2
2010-09-09,20,0,NA,13.5
2010-09-09,21,4,80,12.5
2010-09-09,22,0,NA,12.5
2010-09-09,23,9,60,10.8
2010-09-10,0,7,60,10.4
2010-09-10,1,7,70,9.8
2010-09-10,2,7,60,9.9
2010-09-10,3,7,60,9.4
2010-09-10,4,7,70,8.9
2010-09-10,5,9,70,9.2
2010-09-10,6,6,50,9.6
2010-09-10,7,4,70,10.5
2010-09-10,8,6,130,12
2010-09-10,9,19,170,13.2
2010-09-10,10,15,170,15.7
2010-09-10,11,15,170,15.7
2010-09-10,12,15,180,16.2
2010-09-10,13,11,210,16.2
2010-09-10,14,13,160,16.6
2010-09-10,15,15,170,15.9
2010-09-10,16,9,170,15.6
2010-09-10,17,13,160,15.4
2010-09-10,18,9,170,14.6
2010-09-10,19,6,180,13.7
2010-09-10,20,7,170,13.4
2010-09-10,21,0,NA,12.2
2010-09-10,22,6,150,11.6
2010-09-10,23,4,80,10.5
2010-09-11,0,6,180,10.5
2010-09-11,1,6,100,9.3
2010-09-11,2,9,100,8.9
2010-09-11,3,7,130,9.3
2010-09-11,4,6,120,9.4
2010-09-11,5,11,120,10
2010-09-11,6,0,NA,8.3
2010-09-11,7,6,110,9.9
2010-09-11,8,0,NA,10.6
2010-09-11,9,0,NA,11.5
2010-09-11,10,4,290,13.3
2010-09-11,11,6,290,14.8
2010-09-11,12,9,160,15.9
2010-09-11,13,9,140,16.1
2010-09-11,14,9,170,16.4
2010-09-11,15,11,160,17.8
2010-09-11,16,11,170,16.7
2010-09-11,17,9,160,17.4
2010-09-11,18,7,160,14.8
2010-09-11,19,7,150,14.2
2010-09-11,20,9,70,11.8
2010-09-11,21,13,70,11.8
2010-09-11,22,6,30,11.4
2010-09-11,23,4,30,10.8
2010-09-12,0,11,70,10.8
2010-09-12,1,15,70,9.9
2010-09-12,2,15,70,10.1
2010-09-12,3,13,80,9.8
2010-09-12,4,11,90,9.7
2010-09-12,5,13,90,9.3
2010-09-12,6,4,120,9.1
2010-09-12,7,6,230,9.5
2010-09-12,8,0,NA,10.1
2010-09-12,9,0,NA,12.1
2010-09-12,10,4,250,13.3
2010-09-12,11,0,NA,14.4
2010-09-12,12,6,290,15.3
2010-09-12,13,7,310,16
2010-09-12,14,11,310,16.2
2010-09-12,15,19,310,15.2
2010-09-12,16,15,320,15.4
2010-09-12,17,13,320,13.9
2010-09-12,18,11,320,12.9
2010-09-12,19,6,350,12.7
2010-09-12,20,6,330,12.6
2010-09-12,21,4,350,12.8
2010-09-12,22,11,320,13
2010-09-12,23,4,360,12.7
2010-09-13,0,4,360,12.5
2010-09-13,1,13,320,12.9
2010-09-13,2,13,330,12.6
2010-09-13,3,9,340,12.5
2010-09-13,4,4,310,11.4
2010-09-13,5,4,10,11.3
2010-09-13,6,0,NA,11.5
2010-09-13,7,0,NA,11.7
2010-09-13,8,0,NA,14
2010-09-13,9,4,230,14.3
2010-09-13,10,6,310,16.6
2010-09-13,11,7,300,17.2
2010-09-13,12,9,310,19.3
2010-09-13,13,17,320,17.8
2010-09-13,14,17,320,18.4
2010-09-13,15,20,320,18.2
2010-09-13,16,26,320,17.2
2010-09-13,17,26,330,16.3
2010-09-13,18,19,320,15.2
2010-09-13,19,26,320,14.9
2010-09-13,20,20,330,14.5
2010-09-13,21,15,320,13.9
2010-09-13,22,13,330,13.6
2010-09-13,23,4,10,12.6
2010-09-14,0,6,340,11.9
2010-09-14,1,6,30,11.6
2010-09-14,2,6,340,11.2
2010-09-14,3,0,NA,10.1
2010-09-14,4,4,350,10.8
2010-09-14,5,4,50,10
2010-09-14,6,6,60,10.1
2010-09-14,7,4,60,10.6
2010-09-14,8,0,NA,12.4
2010-09-14,9,6,300,14.2
2010-09-14,10,7,310,16.8
2010-09-14,11,7,300,17.1
2010-09-14,12,13,300,17.1
2010-09-14,13,6,290,19.2
2010-09-14,14,11,280,20
2010-09-14,15,13,300,18.8
2010-09-14,16,9,300,19.3
2010-09-14,17,9,290,19
2010-09-14,18,7,330,17
2010-09-14,19,6,300,15.1
2010-09-14,20,6,30,14.1
2010-09-14,21,7,140,13
2010-09-14,22,6,50,13.1
2010-09-14,23,4,350,12.3
2010-09-15,0,4,80,11.9
2010-09-15,1,0,NA,11.5
2010-09-15,2,4,50,10.5
2010-09-15,3,6,70,10.1
2010-09-15,4,0,NA,9.7
2010-09-15,5,6,60,9.1
2010-09-15,6,0,NA,8.5
2010-09-15,7,0,NA,10.1
2010-09-15,8,4,260,12.4
2010-09-15,9,0,NA,14.8
2010-09-15,10,0,NA,16.3
2010-09-15,11,4,250,17.3
2010-09-15,12,4,330,19.6
2010-09-15,13,13,300,20.2
2010-09-15,14,17,320,16.7
2010-09-15,15,15,320,17.8
2010-09-15,16,9,320,18.8
2010-09-15,17,11,300,16.3
2010-09-15,18,7,330,14.8
2010-09-15,19,6,340,15
2010-09-15,20,4,290,14.2
2010-09-15,21,9,70,13.8
2010-09-15,22,0,NA,13.4
2010-09-15,23,6,110,13.4
2010-09-16,0,4,60,13.2
2010-09-16,1,0,NA,13.1
2010-09-16,2,4,140,13
2010-09-16,3,4,260,13
2010-09-16,4,0,NA,12.9
2010-09-16,5,6,70,12.2
2010-09-16,6,0,NA,12.7
2010-09-16,7,0,NA,13.3
2010-09-16,8,0,NA,14.2
2010-09-16,9,0,NA,16.2
2010-09-16,10,6,150,18.7
2010-09-16,11,9,200,20
2010-09-16,12,7,180,19.6
2010-09-16,13,9,180,20.1
2010-09-16,14,4,320,20.8
2010-09-16,15,4,190,18.3
2010-09-16,16,4,60,18.6
2010-09-16,17,6,200,17.1
2010-09-16,18,0,NA,16.6
2010-09-16,19,6,330,15.8
2010-09-16,20,4,10,15.2
2010-09-16,21,4,310,14.9
2010-09-16,22,4,30,14.6
2010-09-16,23,4,50,14.2
2010-09-17,0,4,360,13.6
2010-09-17,1,7,70,13
2010-09-17,2,4,90,13
2010-09-17,3,15,90,12.5
2010-09-17,4,9,80,12.5
2010-09-17,5,15,60,11.9
2010-09-17,6,22,50,11.3
2010-09-17,7,22,50,11.1
2010-09-17,8,24,50,11.4
2010-09-17,9,22,50,11.8
2010-09-17,10,20,60,12.4
2010-09-17,11,17,60,13.4
2010-09-17,12,9,70,14.4
2010-09-17,13,9,50,15.7
2010-09-17,14,9,50,15.9
2010-09-17,15,11,80,15.1
2010-09-17,16,11,60,14.3
2010-09-17,17,9,40,13.5
2010-09-17,18,11,60,12.6
2010-09-17,19,11,60,12.4
2010-09-17,20,13,90,12
2010-09-17,21,13,70,11.8
2010-09-17,22,11,50,11.4
2010-09-17,23,15,60,10.9
2010-09-18,0,15,60,10.8
2010-09-18,1,15,70,10.5
2010-09-18,2,13,70,10.5
2010-09-18,3,11,90,9.9
2010-09-18,4,9,70,8.8
2010-09-18,5,11,80,9
2010-09-18,6,9,80,9.4
2010-09-18,7,9,70,10.2
2010-09-18,8,6,80,11.7
2010-09-18,9,4,210,11.6
2010-09-18,10,6,180,11.1
2010-09-18,11,6,150,12.2
2010-09-18,12,4,160,13.3
2010-09-18,13,6,170,13.4
2010-09-18,14,4,160,13.1
2010-09-18,15,4,260,13.7
2010-09-18,16,6,180,14.3
2010-09-18,17,4,170,13.1
2010-09-18,18,4,180,12.2
2010-09-18,19,4,130,12
2010-09-18,20,6,120,11.9
2010-09-18,21,4,110,11.9
2010-09-18,22,0,NA,11.7
2010-09-18,23,0,NA,11.7
2010-09-19,0,6,140,11.5
2010-09-19,1,0,NA,11.2
2010-09-19,2,4,70,10.9
2010-09-19,3,4,70,10.8
2010-09-19,4,4,240,10.6
2010-09-19,5,0,NA,10.5
2010-09-19,6,0,NA,10.5
2010-09-19,7,0,NA,10.5
2010-09-19,8,4,100,10.7
2010-09-19,9,4,120,11
2010-09-19,10,4,140,11.5
2010-09-19,11,4,120,12
2010-09-19,12,6,140,12.2
2010-09-19,13,6,100,12.5
2010-09-19,14,4,190,12.3
2010-09-19,15,6,90,12.7
2010-09-19,16,4,290,12.5
2010-09-19,17,4,110,12.8
2010-09-19,18,4,40,12.5
2010-09-19,19,4,90,12.4
2010-09-19,20,6,70,12.2
2010-09-19,21,6,80,12.1
2010-09-19,22,4,140,12.4
2010-09-19,23,0,NA,12.1
2010-09-20,0,4,140,12.2
2010-09-20,1,4,210,11.9
2010-09-20,2,0,NA,12
2010-09-20,3,4,190,12
2010-09-20,4,4,310,11.4
2010-09-20,5,7,300,11.3
2010-09-20,6,4,290,11.2
2010-09-20,7,4,290,11.4
2010-09-20,8,6,110,11.9
2010-09-20,9,9,170,12.3
2010-09-20,10,9,150,13.6
2010-09-20,11,11,180,14.5
2010-09-20,12,13,170,14.6
2010-09-20,13,11,170,14.7
2010-09-20,14,11,150,14.8
2010-09-20,15,7,140,13.5
2010-09-20,16,4,250,13.5
2010-09-20,17,6,250,12.8
2010-09-20,18,13,90,12
2010-09-20,19,4,180,11.3
2010-09-20,20,13,320,11.1
2010-09-20,21,0,NA,10.7
2010-09-20,22,4,10,10.5
2010-09-20,23,0,NA,10.3
2010-09-21,0,6,140,9.9
2010-09-21,1,0,NA,9.4
2010-09-21,2,4,130,9.3
2010-09-21,3,0,NA,8.4
2010-09-21,4,0,NA,7.7
2010-09-21,5,6,310,8.2
2010-09-21,6,0,NA,8
2010-09-21,7,4,240,8.7
2010-09-21,8,0,NA,9.1
2010-09-21,9,0,NA,10
2010-09-21,10,6,310,11.8
2010-09-21,11,6,240,13
2010-09-21,12,4,160,11.2
2010-09-21,13,9,260,12.6
2010-09-21,14,7,280,12.5
2010-09-21,15,4,240,14
2010-09-21,16,6,320,14.4
2010-09-21,17,0,NA,11.6
2010-09-21,18,4,50,9.5
2010-09-21,19,9,70,8.1
2010-09-21,20,6,60,7.9
2010-09-21,21,7,50,7.5
2010-09-21,22,0,NA,7.3
2010-09-21,23,4,320,6
2010-09-22,0,4,40,6.1
2010-09-22,1,4,30,6.4
2010-09-22,2,6,60,4.8
2010-09-22,3,6,60,5.9
2010-09-22,4,6,60,6
2010-09-22,5,0,NA,6.4
2010-09-22,6,4,40,6.1
2010-09-22,7,0,NA,6.5
2010-09-22,8,0,NA,7.1
2010-09-22,9,4,260,8
2010-09-22,10,4,290,9.8
2010-09-22,11,4,250,11.8
2010-09-22,12,4,190,13.4
2010-09-22,13,6,220,14.6
2010-09-22,14,4,220,15.9
2010-09-22,15,4,260,16.3
2010-09-22,16,4,240,16.6
2010-09-22,17,4,280,16.1
2010-09-22,18,7,330,11.8
2010-09-22,19,7,60,10
2010-09-22,20,7,60,9.5
2010-09-22,21,6,60,9.2
2010-09-22,22,4,40,8.9
2010-09-22,23,11,70,8.4
2010-09-23,0,11,60,7.6
2010-09-23,1,9,70,7.4
2010-09-23,2,11,90,6.4
2010-09-23,3,15,80,6.4
2010-09-23,4,13,80,6.3
2010-09-23,5,4,140,5.4
2010-09-23,6,9,100,5.8
2010-09-23,7,4,100,5.9
2010-09-23,8,6,100,6.2
2010-09-23,9,0,NA,6.6
2010-09-23,10,4,150,7.4
2010-09-23,11,4,150,9.2
2010-09-23,12,6,260,9.6
2010-09-23,13,7,300,9.3
2010-09-23,14,0,NA,9.7
2010-09-23,15,0,NA,10.2
2010-09-23,16,0,NA,10.3
2010-09-23,17,4,90,10
2010-09-23,18,0,NA,9.7
2010-09-23,19,9,100,10.1
2010-09-23,20,9,110,10.7
2010-09-23,21,4,290,10
2010-09-23,22,4,50,10.3
2010-09-23,23,4,320,9.9
2010-09-24,0,4,60,9.8
2010-09-24,1,4,290,9.6
2010-09-24,2,4,340,9.3
2010-09-24,3,0,NA,9.6
2010-09-24,4,4,20,9.2
2010-09-24,5,0,NA,9.1
2010-09-24,6,0,NA,9.2
2010-09-24,7,0,NA,9.9
2010-09-24,8,0,NA,11.4
2010-09-24,9,0,NA,11.9
2010-09-24,10,0,NA,12.1
2010-09-24,11,6,160,13.3
2010-09-24,12,6,170,13.7
2010-09-24,13,7,150,15.5
2010-09-24,14,7,170,15.8
2010-09-24,15,9,190,15
2010-09-24,16,6,280,14.7
2010-09-24,17,0,NA,13.8
2010-09-24,18,0,NA,13
2010-09-24,19,4,40,12.1
2010-09-24,20,0,NA,11.9
2010-09-24,21,0,NA,11.3
2010-09-24,22,6,70,10.1
2010-09-24,23,6,60,10
2010-09-25,0,7,60,9.6
2010-09-25,1,9,60,9.8
2010-09-25,2,7,60,9
2010-09-25,3,4,40,8.8
2010-09-25,4,15,70,8.5
2010-09-25,5,15,80,8.2
2010-09-25,6,7,60,7.6
2010-09-25,7,11,70,8.4
2010-09-25,8,4,10,9.9
2010-09-25,9,4,260,11.6
2010-09-25,10,4,230,13.5
2010-09-25,11,4,160,16.1
2010-09-25,12,6,150,17.3
2010-09-25,13,4,240,18.5
2010-09-25,14,0,NA,20.2
2010-09-25,15,0,NA,21.3
2010-09-25,16,0,NA,21.4
2010-09-25,17,0,NA,21
2010-09-25,18,4,90,16.6
2010-09-25,19,11,70,15.5
2010-09-25,20,6,40,15.3
2010-09-25,21,6,10,15
2010-09-25,22,4,40,13.9
2010-09-25,23,6,80,12.2
2010-09-26,0,6,70,11.5
2010-09-26,1,11,60,12.1
2010-09-26,2,13,80,11.9
2010-09-26,3,13,80,11.3
2010-09-26,4,13,80,10.7
2010-09-26,5,9,80,10.4
2010-09-26,6,11,80,11.1
2010-09-26,7,6,110,10.7
2010-09-26,8,7,90,10
2010-09-26,9,4,260,10.4
2010-09-26,10,0,NA,11.5
2010-09-26,11,4,140,13.6
2010-09-26,12,0,NA,15.4
2010-09-26,13,4,290,17.5
2010-09-26,14,6,270,19.3
2010-09-26,15,11,290,18.9
2010-09-26,16,4,280,18.7
2010-09-26,17,4,230,16
2010-09-26,18,6,20,14.9
2010-09-26,19,4,340,13.8
2010-09-26,20,6,330,13.6
2010-09-26,21,4,310,12.9
2010-09-26,22,0,NA,13
2010-09-26,23,4,310,13.3
2010-09-27,0,4,140,13
2010-09-27,1,4,130,12.3
2010-09-27,2,6,130,12.4
2010-09-27,3,7,110,13.1
2010-09-27,4,6,110,13.2
2010-09-27,5,4,180,12.1
2010-09-27,6,6,260,11.9
2010-09-27,7,0,NA,13
2010-09-27,8,0,NA,15
2010-09-27,9,4,170,15.5
2010-09-27,10,4,260,17
2010-09-27,11,4,230,20.3
2010-09-27,12,6,190,22.3
2010-09-27,13,7,170,23.4
2010-09-27,14,6,210,24.5
2010-09-27,15,15,200,23.9
2010-09-27,16,11,210,23.7
2010-09-27,17,7,180,22.4
2010-09-27,18,6,90,19.6
2010-09-27,19,7,70,18.4
2010-09-27,20,7,60,17.9
2010-09-27,21,11,70,17.2
2010-09-27,22,6,60,16.4
2010-09-27,23,9,90,16.4
2010-09-28,0,9,100,15
2010-09-28,1,6,110,14.8
2010-09-28,2,4,110,14.7
2010-09-28,3,6,120,15.4
2010-09-28,4,6,140,14.5
2010-09-28,5,4,140,13.5
2010-09-28,6,4,70,13.6
2010-09-28,7,0,NA,14.2
2010-09-28,8,4,340,16.7
2010-09-28,9,11,180,20.5
2010-09-28,10,13,170,22.1
2010-09-28,11,15,150,23.1
2010-09-28,12,13,150,24.9
2010-09-28,13,26,200,24.9
2010-09-28,14,19,200,26
2010-09-28,15,26,330,16.7
2010-09-28,16,4,50,17.6
2010-09-28,17,7,280,17.6
2010-09-28,18,6,10,17.2
2010-09-28,19,6,20,14.6
2010-09-28,20,6,30,14.3
2010-09-28,21,6,330,12.8
2010-09-28,22,6,10,12.5
2010-09-28,23,6,40,12.1
2010-09-29,0,4,240,11.6
2010-09-29,1,6,70,10.4
2010-09-29,2,4,340,10.4
2010-09-29,3,4,20,11.2
2010-09-29,4,6,50,9.7
2010-09-29,5,4,10,9.8
2010-09-29,6,0,NA,10
2010-09-29,7,4,50,9.7
2010-09-29,8,0,NA,12.8
2010-09-29,9,6,310,13.7
2010-09-29,10,7,300,14.9
2010-09-29,11,11,310,16
2010-09-29,12,7,290,17.3
2010-09-29,13,6,300,18.4
2010-09-29,14,6,320,19.5
2010-09-29,15,4,290,20.6
2010-09-29,16,6,320,20.2
2010-09-29,17,4,290,19.2
2010-09-29,18,6,60,14.5
2010-09-29,19,4,340,13.3
2010-09-29,20,0,NA,13
2010-09-29,21,0,NA,12.6
2010-09-29,22,0,NA,11.7
2010-09-29,23,0,NA,11
2010-09-30,0,4,360,11.1
2010-09-30,1,0,NA,10.2
2010-09-30,2,4,80,9.8
2010-09-30,3,0,NA,9.9
2010-09-30,4,0,NA,9.2
2010-09-30,5,0,NA,8.8
2010-09-30,6,0,NA,8.4
2010-09-30,7,0,NA,8.7
2010-09-30,8,0,NA,11.9
2010-09-30,9,0,NA,13.7
2010-09-30,10,4,340,15.1
2010-09-30,11,6,290,16.4
2010-09-30,12,4,300,18.7
2010-09-30,13,7,290,19.1
2010-09-30,14,6,290,20.2
2010-09-30,15,6,300,21.3
2010-09-30,16,6,310,20.6
2010-09-30,17,6,290,18.6
2010-09-30,18,4,350,16
2010-09-30,19,4,50,14.4
2010-09-30,20,7,320,15.2
2010-09-30,21,6,330,14.3
2010-09-30,22,6,360,13.8
2010-09-30,23,6,10,13.8
2011-05-01,0,4,330,3.8
2011-05-01,1,0,NA,2.6
2011-05-01,2,0,NA,1.8
2011-05-01,3,7,50,1.2
2011-05-01,4,4,30,1.3
2011-05-01,5,6,50,0.5
2011-05-01,6,4,60,3.7
2011-05-01,7,0,NA,5
2011-05-01,8,0,NA,6.1
2011-05-01,9,6,180,7.8
2011-05-01,10,4,200,9.9
2011-05-01,11,4,80,11.7
2011-05-01,12,6,230,12.7
2011-05-01,13,7,300,13.5
2011-05-01,14,7,250,14.8
2011-05-01,15,7,220,15.7
2011-05-01,16,7,150,16.3
2011-05-01,17,13,190,16.1
2011-05-01,18,13,220,15.1
2011-05-01,19,9,150,13
2011-05-01,20,13,150,11.9
2011-05-01,21,11,100,9.8
2011-05-01,22,11,80,8.1
2011-05-01,23,13,80,8
2011-05-02,0,13,70,7.4
2011-05-02,1,13,70,6.9
2011-05-02,2,13,60,6.1
2011-05-02,3,13,70,5.4
2011-05-02,4,15,70,4.8
2011-05-02,5,13,60,4.3
2011-05-02,6,17,80,5.6
2011-05-02,7,4,140,7.7
2011-05-02,8,4,140,9.2
2011-05-02,9,0,NA,11.3
2011-05-02,10,6,250,11.7
2011-05-02,11,4,290,12.8
2011-05-02,12,0,NA,14.7
2011-05-02,13,4,140,16.1
2011-05-02,14,7,210,15.9
2011-05-02,15,7,230,15.8
2011-05-02,16,11,280,12.6
2011-05-02,17,11,110,12
2011-05-02,18,7,250,11.6
2011-05-02,19,11,170,10.5
2011-05-02,20,13,160,9.3
2011-05-02,21,19,160,8.2
2011-05-02,22,22,160,7.4
2011-05-02,23,22,160,7
2011-05-03,0,20,160,6.8
2011-05-03,1,20,160,6.6
2011-05-03,2,15,170,6.6
2011-05-03,3,17,160,6.7
2011-05-03,4,17,170,6.7
2011-05-03,5,17,170,6.3
2011-05-03,6,11,170,6.6
2011-05-03,7,15,170,7
2011-05-03,8,13,160,7.4
2011-05-03,9,15,150,8
2011-05-03,10,15,170,9.3
2011-05-03,11,11,160,9.9
2011-05-03,12,9,150,10.2
2011-05-03,13,4,100,11.4
2011-05-03,14,9,220,12.4
2011-05-03,15,22,290,10
2011-05-03,16,9,340,9.7
2011-05-03,17,4,320,8.9
2011-05-03,18,7,110,10.8
2011-05-03,19,11,160,8.4
2011-05-03,20,6,120,7.9
2011-05-03,21,7,110,6.6
2011-05-03,22,4,100,6.3
2011-05-03,23,4,110,5
2011-05-04,0,0,NA,4.6
2011-05-04,1,7,60,3.6
2011-05-04,2,9,80,3.1
2011-05-04,3,9,70,2.5
2011-05-04,4,7,60,1.8
2011-05-04,5,7,60,2.1
2011-05-04,6,0,NA,4.7
2011-05-04,7,0,NA,5.2
2011-05-04,8,4,200,7.5
2011-05-04,9,4,240,9.2
2011-05-04,10,6,270,11.4
2011-05-04,11,6,290,12.8
2011-05-04,12,6,280,15.1
2011-05-04,13,9,140,15.7
2011-05-04,14,6,50,17.4
2011-05-04,15,13,170,17.7
2011-05-04,16,13,190,17.3
2011-05-04,17,13,190,14.9
2011-05-04,18,13,200,15
2011-05-04,19,7,210,13.3
2011-05-04,20,6,80,11.4
2011-05-04,21,11,130,10.7
2011-05-04,22,9,80,9.1
2011-05-04,23,13,80,7.9
2011-05-05,0,11,70,7.4
2011-05-05,1,11,60,6.8
2011-05-05,2,9,70,6.2
2011-05-05,3,13,70,5.8
2011-05-05,4,0,NA,4.9
2011-05-05,5,6,40,5.1
2011-05-05,6,15,80,5.5
2011-05-05,7,7,80,7.2
2011-05-05,8,6,150,7.8
2011-05-05,9,6,160,10
2011-05-05,10,4,220,12.3
2011-05-05,11,13,300,12.5
2011-05-05,12,26,320,10.8
2011-05-05,13,15,320,10.7
2011-05-05,14,9,340,11.6
2011-05-05,15,6,90,12.7
2011-05-05,16,9,180,12.7
2011-05-05,17,7,180,14.2
2011-05-05,18,9,270,13.3
2011-05-05,19,0,NA,11
2011-05-05,20,13,150,10.2
2011-05-05,21,4,90,9
2011-05-05,22,6,130,8.3
2011-05-05,23,4,330,7.5
2011-05-06,0,9,80,7.1
2011-05-06,1,6,340,6.5
2011-05-06,2,4,20,6.9
2011-05-06,3,11,80,6.6
2011-05-06,4,6,110,6
2011-05-06,5,6,80,6.3
2011-05-06,6,0,NA,7.1
2011-05-06,7,0,NA,8.1
2011-05-06,8,11,150,8.8
2011-05-06,9,15,170,9.9
2011-05-06,10,13,150,12.6
2011-05-06,11,15,150,13.2
2011-05-06,12,9,180,13
2011-05-06,13,13,160,13.4
2011-05-06,14,7,140,13.7
2011-05-06,15,6,170,14.3
2011-05-06,16,7,300,12.2
2011-05-06,17,4,330,11.4
2011-05-06,18,0,NA,11.2
2011-05-06,19,4,50,10.4
2011-05-06,20,6,60,9.8
2011-05-06,21,0,NA,9.3
2011-05-06,22,4,80,7.8
2011-05-06,23,4,140,8.7
2011-05-07,0,4,30,7.9
2011-05-07,1,6,100,6.9
2011-05-07,2,4,70,6.5
2011-05-07,3,4,120,6.5
2011-05-07,4,0,NA,6.2
2011-05-07,5,6,90,6.3
2011-05-07,6,7,140,6.5
2011-05-07,7,15,170,6.6
2011-05-07,8,11,150,7
2011-05-07,9,19,160,7.6
2011-05-07,10,11,130,8.1
2011-05-07,11,17,160,9.2
2011-05-07,12,17,150,10.2
2011-05-07,13,24,160,11
2011-05-07,14,17,180,12.6
2011-05-07,15,11,200,12.4
2011-05-07,16,15,160,12.4
2011-05-07,17,9,210,11.4
2011-05-07,18,9,300,10.1
2011-05-07,19,13,160,8.6
2011-05-07,20,6,240,6.7
2011-05-07,21,7,90,6.6
2011-05-07,22,6,210,6.5
2011-05-07,23,7,120,5.8
2011-05-08,0,0,NA,5.2
2011-05-08,1,6,80,5.3
2011-05-08,2,6,100,5.2
2011-05-08,3,6,120,5.3
2011-05-08,4,4,240,4.9
2011-05-08,5,6,60,4.8
2011-05-08,6,6,140,5.6
2011-05-08,7,6,180,6.6
2011-05-08,8,6,170,7.3
2011-05-08,9,6,210,8.5
2011-05-08,10,7,170,11
2011-05-08,11,4,230,10.3
2011-05-08,12,4,170,13.5
2011-05-08,13,6,70,13.9
2011-05-08,14,4,290,15.4
2011-05-08,15,6,240,15
2011-05-08,16,4,190,16.1
2011-05-08,17,4,260,15.6
2011-05-08,18,6,270,14.7
2011-05-08,19,6,210,12.1
2011-05-08,20,6,50,9.8
2011-05-08,21,0,NA,8.8
2011-05-08,22,4,280,8.1
2011-05-08,23,7,360,8.5
2011-05-09,0,6,320,7.2
2011-05-09,1,4,300,6.6
2011-05-09,2,6,330,6.6
2011-05-09,3,4,40,5.8
2011-05-09,4,4,20,5.7
2011-05-09,5,6,60,4.9
2011-05-09,6,0,NA,8
2011-05-09,7,0,NA,8.6
2011-05-09,8,7,310,10.5
2011-05-09,9,17,300,11.5
2011-05-09,10,19,330,13.6
2011-05-09,11,19,310,14.8
2011-05-09,12,9,300,17.6
2011-05-09,13,6,270,19.5
2011-05-09,14,7,290,20.3
2011-05-09,15,6,280,21
2011-05-09,16,11,280,20.9
2011-05-09,17,7,260,20.8
2011-05-09,18,4,280,20.3
2011-05-09,19,4,330,16.5
2011-05-09,20,7,340,13.5
2011-05-09,21,6,70,11.6
2011-05-09,22,6,60,11
2011-05-09,23,7,50,9.7
2011-05-10,0,6,30,9
2011-05-10,1,4,20,9.1
2011-05-10,2,4,290,7.6
2011-05-10,3,6,60,6.1
2011-05-10,4,7,60,6
2011-05-10,5,7,70,5.3
2011-05-10,6,0,NA,7.2
2011-05-10,7,4,230,8.7
2011-05-10,8,4,220,11.1
2011-05-10,9,4,260,12.5
2011-05-10,10,4,240,14.6
2011-05-10,11,4,160,16.5
2011-05-10,12,6,310,17.5
2011-05-10,13,4,270,19.6
2011-05-10,14,9,290,20.6
2011-05-10,15,6,310,21.9
2011-05-10,16,7,300,21.8
2011-05-10,17,4,310,22.3
2011-05-10,18,4,260,21.5
2011-05-10,19,13,170,17.8
2011-05-10,20,11,170,16.2
2011-05-10,21,11,110,14.4
2011-05-10,22,11,80,12.3
2011-05-10,23,13,80,11.7
2011-05-11,0,11,70,10.9
2011-05-11,1,15,60,10.4
2011-05-11,2,13,60,9.9
2011-05-11,3,9,50,8.7
2011-05-11,4,11,60,8.2
2011-05-11,5,15,60,7.8
2011-05-11,6,15,80,9.8
2011-05-11,7,9,90,12
2011-05-11,8,4,150,13.7
2011-05-11,9,6,140,15.5
2011-05-11,10,6,300,16.6
2011-05-11,11,6,250,18.8
2011-05-11,12,6,240,21.1
2011-05-11,13,15,160,22.4
2011-05-11,14,17,150,23.3
2011-05-11,15,13,150,24.1
2011-05-11,16,11,150,23.9
2011-05-11,17,11,160,22.8
2011-05-11,18,6,180,21.1
2011-05-11,19,6,80,18.8
2011-05-11,20,11,70,17
2011-05-11,21,4,360,16
2011-05-11,22,15,70,15.8
2011-05-11,23,13,60,14.6
2011-05-12,0,19,80,13.7
2011-05-12,1,7,100,13.1
2011-05-12,2,13,150,14.5
2011-05-12,3,9,210,13.8
2011-05-12,4,15,170,12.6
2011-05-12,5,17,160,10.7
2011-05-12,6,19,170,10.3
2011-05-12,7,17,170,10.4
2011-05-12,8,17,160,11.2
2011-05-12,9,13,170,11.9
2011-05-12,10,15,150,12.9
2011-05-12,11,9,160,14.2
2011-05-12,12,13,180,15.4
2011-05-12,13,13,160,15.3
2011-05-12,14,15,150,13.8
2011-05-12,15,13,170,13.3
2011-05-12,16,17,150,12.5
2011-05-12,17,17,170,12.3
2011-05-12,18,13,180,12.7
2011-05-12,19,6,250,10.4
2011-05-12,20,11,180,9.8
2011-05-12,21,0,NA,7.9
2011-05-12,22,9,70,7.9
2011-05-12,23,9,60,7.8
2011-05-13,0,15,70,6.9
2011-05-13,1,6,40,6.3
2011-05-13,2,4,60,5.2
2011-05-13,3,7,40,5.1
2011-05-13,4,11,60,4.8
2011-05-13,5,11,50,5.4
2011-05-13,6,0,NA,5.7
2011-05-13,7,6,280,6.7
2011-05-13,8,6,310,9.1
2011-05-13,9,9,320,10.7
2011-05-13,10,15,300,12.1
2011-05-13,11,11,300,12.5
2011-05-13,12,15,320,14.9
2011-05-13,13,15,320,15.8
2011-05-13,14,17,300,17.6
2011-05-13,15,9,300,18
2011-05-13,16,11,300,18.2
2011-05-13,17,7,300,18.2
2011-05-13,18,7,310,16.5
2011-05-13,19,7,250,14.9
2011-05-13,20,6,250,15.2
2011-05-13,21,13,50,18.1
2011-05-13,22,7,180,16.8
2011-05-13,23,4,290,12.9
2011-05-14,0,4,220,10.3
2011-05-14,1,6,320,10.1
2011-05-14,2,7,290,10.4
2011-05-14,3,6,250,9.1
2011-05-14,4,7,220,8.5
2011-05-14,5,6,240,8.6
2011-05-14,6,6,230,11
2011-05-14,7,11,40,19.5
2011-05-14,8,19,50,20.3
2011-05-14,9,19,60,21.3
2011-05-14,10,26,60,21.6
2011-05-14,11,24,50,22.5
2011-05-14,12,26,50,22.5
2011-05-14,13,26,50,23.4
2011-05-14,14,30,50,23.1
2011-05-14,15,22,60,23.6
2011-05-14,16,28,40,22.5
2011-05-14,17,22,60,21.9
2011-05-14,18,26,50,20.6
2011-05-14,19,22,60,18.9
2011-05-14,20,22,60,17.8
2011-05-14,21,20,70,16.9
2011-05-14,22,19,70,16.2
2011-05-14,23,13,60,15.5
2011-05-15,0,28,60,15
2011-05-15,1,26,60,14
2011-05-15,2,28,60,13.6
2011-05-15,3,22,70,13.1
2011-05-15,4,13,290,12.2
2011-05-15,5,7,10,12.2
2011-05-15,6,6,70,13.2
2011-05-15,7,7,50,13.7
2011-05-15,8,6,80,14.8
2011-05-15,9,19,80,16.6
2011-05-15,10,20,50,17.8
2011-05-15,11,20,60,17.3
2011-05-15,12,17,60,19.6
2011-05-15,13,20,50,20.4
2011-05-15,14,19,60,21.8
2011-05-15,15,20,50,21.4
2011-05-15,16,20,60,21.4
2011-05-15,17,17,50,19.4
2011-05-15,18,19,160,15.9
2011-05-15,19,24,180,12.9
2011-05-15,20,19,160,11.9
2011-05-15,21,15,160,9.8
2011-05-15,22,13,160,9.2
2011-05-15,23,9,90,8.7
2011-05-16,0,0,NA,8.7
2011-05-16,1,4,70,8.5
2011-05-16,2,0,NA,8.4
2011-05-16,3,9,170,8.4
2011-05-16,4,4,120,8.2
2011-05-16,5,0,NA,8.5
2011-05-16,6,0,NA,8.9
2011-05-16,7,4,210,10.6
2011-05-16,8,9,130,11.2
2011-05-16,9,20,160,10
2011-05-16,10,15,180,10.7
2011-05-16,11,22,160,8.6
2011-05-16,12,20,170,9.6
2011-05-16,13,19,180,7.7
2011-05-16,14,13,150,10
2011-05-16,15,26,160,9.9
2011-05-16,16,19,160,8.5
2011-05-16,17,24,160,8
2011-05-16,18,20,160,6.9
2011-05-16,19,19,160,6.6
2011-05-16,20,17,160,6.5
2011-05-16,21,13,160,6.3
2011-05-16,22,13,160,6.2
2011-05-16,23,11,150,6.3
2011-05-17,0,6,210,6.1
2011-05-17,1,4,320,5.5
2011-05-17,2,0,NA,5.9
2011-05-17,3,4,150,6.3
2011-05-17,4,13,160,6.5
2011-05-17,5,11,160,6.6
2011-05-17,6,9,180,7.2
2011-05-17,7,7,200,7.8
2011-05-17,8,11,160,9.3
2011-05-17,9,15,170,9.8
2011-05-17,10,17,170,10.1
2011-05-17,11,13,150,11.4
2011-05-17,12,13,160,11.1
2011-05-17,13,11,200,12
2011-05-17,14,6,80,12.7
2011-05-17,15,4,200,13.6
2011-05-17,16,4,170,14.4
2011-05-17,17,11,310,15
2011-05-17,18,13,320,13.1
2011-05-17,19,6,290,9.9
2011-05-17,20,6,50,8.4
2011-05-17,21,4,20,7.9
2011-05-17,22,6,350,6.4
2011-05-17,23,4,360,6.8
2011-05-18,0,4,40,5.1
2011-05-18,1,4,360,5.7
2011-05-18,2,0,NA,4.4
2011-05-18,3,4,360,4.9
2011-05-18,4,4,330,3.5
2011-05-18,5,4,40,3.1
2011-05-18,6,4,330,6.2
2011-05-18,7,6,310,7.8
2011-05-18,8,9,300,9.5
2011-05-18,9,17,300,10.9
2011-05-18,10,19,310,13.2
2011-05-18,11,22,320,14.9
2011-05-18,12,19,320,16.9
2011-05-18,13,20,320,17.8
2011-05-18,14,20,330,18.9
2011-05-18,15,17,330,20.3
2011-05-18,16,19,330,20.2
2011-05-18,17,19,320,19.7
2011-05-18,18,20,330,19.3
2011-05-18,19,13,320,16
2011-05-18,20,9,310,12.8
2011-05-18,21,4,40,13
2011-05-18,22,4,10,12.2
2011-05-18,23,4,70,10.9
2011-05-19,0,4,310,10
2011-05-19,1,4,100,8.9
2011-05-19,2,6,60,7.7
2011-05-19,3,6,360,7.7
2011-05-19,4,4,40,7.1
2011-05-19,5,4,30,7.2
2011-05-19,6,0,NA,8.5
2011-05-19,7,6,320,10.4
2011-05-19,8,9,310,12.2
2011-05-19,9,11,300,13.6
2011-05-19,10,13,310,15.5
2011-05-19,11,9,280,16.9
2011-05-19,12,9,300,18.9
2011-05-19,13,11,290,20.5
2011-05-19,14,15,310,21.8
2011-05-19,15,11,320,23
2011-05-19,16,15,330,23.3
2011-05-19,17,7,20,23.1
2011-05-19,18,7,30,21.4
2011-05-19,19,19,60,18.5
2011-05-19,20,19,60,17.1
2011-05-19,21,13,40,16.3
2011-05-19,22,9,30,15.3
2011-05-19,23,7,10,13.3
2011-05-20,0,4,20,12
2011-05-20,1,4,90,9.4
2011-05-20,2,4,220,9.4
2011-05-20,3,6,30,9.4
2011-05-20,4,6,340,8.1
2011-05-20,5,6,340,8.3
2011-05-20,6,4,330,9.2
2011-05-20,7,0,NA,12.4
2011-05-20,8,6,290,13.6
2011-05-20,9,11,310,15.1
2011-05-20,10,11,320,15.4
2011-05-20,11,13,310,16.6
2011-05-20,12,11,300,19.3
2011-05-20,13,9,310,21.2
2011-05-20,14,9,320,19.7
2011-05-20,15,7,310,19.1
2011-05-20,16,6,250,17.7
2011-05-20,17,4,300,18.6
2011-05-20,18,0,NA,17.4
2011-05-20,19,6,110,16.9
2011-05-20,20,6,40,16.2
2011-05-20,21,6,40,15.1
2011-05-20,22,6,40,14.8
2011-05-20,23,7,350,12.9
2011-05-21,0,7,320,11.6
2011-05-21,1,6,330,10.7
2011-05-21,2,0,NA,10.2
2011-05-21,3,4,240,9.7
2011-05-21,4,4,230,9.3
2011-05-21,5,6,340,9.7
2011-05-21,6,4,260,10
2011-05-21,7,0,NA,12.8
2011-05-21,8,6,290,13.6
2011-05-21,9,6,270,14.2
2011-05-21,10,4,280,15.7
2011-05-21,11,0,NA,18.4
2011-05-21,12,6,260,19.9
2011-05-21,13,6,250,22.4
2011-05-21,14,6,230,23.9
2011-05-21,15,6,220,22.6
2011-05-21,16,9,270,23.4
2011-05-21,17,4,110,22.4
2011-05-21,18,11,290,18.7
2011-05-21,19,6,140,16.5
2011-05-21,20,9,350,15.1
2011-05-21,21,7,330,13.7
2011-05-21,22,7,340,13
2011-05-21,23,4,100,12.1
2011-05-22,0,6,80,11.9
2011-05-22,1,7,100,11.7
2011-05-22,2,7,70,10.6
2011-05-22,3,4,60,10.4
2011-05-22,4,0,NA,10.5
2011-05-22,5,4,110,10.5
2011-05-22,6,4,120,11
2011-05-22,7,0,NA,10.5
2011-05-22,8,0,NA,11.2
2011-05-22,9,4,120,11.7
2011-05-22,10,7,140,11.7
2011-05-22,11,9,180,12.1
2011-05-22,12,4,240,12.7
2011-05-22,13,6,210,13.7
2011-05-22,14,4,200,15.3
2011-05-22,15,9,180,15.3
2011-05-22,16,6,160,16.8
2011-05-22,17,4,210,16.9
2011-05-22,18,6,190,15.3
2011-05-22,19,4,190,13.8
2011-05-22,20,4,270,13.2
2011-05-22,21,0,NA,11.7
2011-05-22,22,4,300,10.2
2011-05-22,23,6,10,10.2
2011-05-23,0,0,NA,9.6
2011-05-23,1,4,40,8.9
2011-05-23,2,6,70,7.4
2011-05-23,3,7,100,6.7
2011-05-23,4,6,100,6.7
2011-05-23,5,0,NA,8.5
2011-05-23,6,4,150,9.2
2011-05-23,7,4,220,10.1
2011-05-23,8,4,100,12.9
2011-05-23,9,4,250,14.7
2011-05-23,10,6,270,14.8
2011-05-23,11,6,260,16.9
2011-05-23,12,9,300,17.7
2011-05-23,13,13,300,19.2
2011-05-23,14,9,290,19.9
2011-05-23,15,7,290,20.8
2011-05-23,16,7,270,19.8
2011-05-23,17,7,310,19
2011-05-23,18,4,330,18.2
2011-05-23,19,6,120,17.1
2011-05-23,20,0,NA,15.7
2011-05-23,21,7,60,14.1
2011-05-23,22,7,150,12.3
2011-05-23,23,4,60,13.7
2011-05-24,0,4,350,11.5
2011-05-24,1,4,10,11.6
2011-05-24,2,7,340,10.6
2011-05-24,3,0,NA,10.4
2011-05-24,4,0,NA,10.1
2011-05-24,5,0,NA,10.3
2011-05-24,6,0,NA,10.5
2011-05-24,7,0,NA,11.3
2011-05-24,8,6,280,11.9
2011-05-24,9,6,270,12.8
2011-05-24,10,6,300,13.8
2011-05-24,11,4,260,14.4
2011-05-24,12,4,170,14.1
2011-05-24,13,6,240,13.9
2011-05-24,14,4,190,14
2011-05-24,15,4,250,13.8
2011-05-24,16,6,230,13.8
2011-05-24,17,9,190,12.9
2011-05-24,18,7,170,12.1
2011-05-24,19,7,120,11.3
2011-05-24,20,0,NA,10.6
2011-05-24,21,6,300,10.1
2011-05-24,22,0,NA,9.8
2011-05-24,23,6,150,9.9
2011-05-25,0,6,120,9.8
2011-05-25,1,4,70,9.9
2011-05-25,2,0,NA,9.8
2011-05-25,3,7,70,9.8
2011-05-25,4,6,50,9.9
2011-05-25,5,0,NA,9.7
2011-05-25,6,6,60,9.9
2011-05-25,7,0,NA,10.2
2011-05-25,8,13,60,12.2
2011-05-25,9,9,70,12.5
2011-05-25,10,6,120,14
2011-05-25,11,6,300,14.4
2011-05-25,12,6,270,14.8
2011-05-25,13,4,250,14.9
2011-05-25,14,4,230,14.6
2011-05-25,15,0,NA,15.1
2011-05-25,16,9,310,15.4
2011-05-25,17,13,320,14
2011-05-25,18,11,300,13.3
2011-05-25,19,11,330,12.9
2011-05-25,20,11,310,11.3
2011-05-25,21,15,310,11.2
2011-05-25,22,9,340,12.2
2011-05-25,23,7,280,10.7
2011-05-26,0,7,300,11.2
2011-05-26,1,4,290,10.8
2011-05-26,2,7,330,10.5
2011-05-26,3,6,340,9.8
2011-05-26,4,9,160,9.4
2011-05-26,5,30,160,7.1
2011-05-26,6,22,150,6
2011-05-26,7,19,150,5.6
2011-05-26,8,22,150,5.4
2011-05-26,9,22,150,5.2
2011-05-26,10,20,160,4.5
2011-05-26,11,24,170,4.5
2011-05-26,12,20,160,4.7
2011-05-26,13,19,150,5.8
2011-05-26,14,19,160,6.1
2011-05-26,15,17,170,6.5
2011-05-26,16,15,160,6.6
2011-05-26,17,7,160,7.1
2011-05-26,18,9,160,6.8
2011-05-26,19,4,180,6.6
2011-05-26,20,6,180,6.4
2011-05-26,21,6,150,6.2
2011-05-26,22,6,90,5.9
2011-05-26,23,0,NA,5.4
2011-05-27,0,6,140,5.3
2011-05-27,1,4,270,5
2011-05-27,2,0,NA,4.9
2011-05-27,3,0,NA,4.8
2011-05-27,4,0,NA,4.5
2011-05-27,5,6,120,4.6
2011-05-27,6,0,NA,6
2011-05-27,7,0,NA,6.6
2011-05-27,8,0,NA,7.9
2011-05-27,9,4,270,9
2011-05-27,10,6,240,9.8
2011-05-27,11,0,NA,11.6
2011-05-27,12,7,300,12.2
2011-05-27,13,11,310,11.9
2011-05-27,14,17,320,12.6
2011-05-27,15,17,300,12.2
2011-05-27,16,17,310,11.9
2011-05-27,17,19,320,11.2
2011-05-27,18,17,320,9.9
2011-05-27,19,15,330,9.4
2011-05-27,20,11,310,8.3
2011-05-27,21,13,340,8.3
2011-05-27,22,9,320,8.2
2011-05-27,23,11,320,7.8
2011-05-28,0,4,260,6.6
2011-05-28,1,0,NA,6.6
2011-05-28,2,0,NA,6.7
2011-05-28,3,0,NA,6.7
2011-05-28,4,4,310,6.6
2011-05-28,5,0,NA,6.5
2011-05-28,6,6,280,6.5
2011-05-28,7,4,300,7.3
2011-05-28,8,4,290,8.2
2011-05-28,9,6,200,7.8
2011-05-28,10,7,180,9.2
2011-05-28,11,6,200,9
2011-05-28,12,6,200,7.9
2011-05-28,13,6,110,8.5
2011-05-28,14,6,50,8.9
2011-05-28,15,4,60,9.1
2011-05-28,16,6,300,9.6
2011-05-28,17,6,300,9.4
2011-05-28,18,0,NA,8.8
2011-05-28,19,4,90,8.3
2011-05-28,20,4,350,7
2011-05-28,21,4,30,6.3
2011-05-28,22,6,340,5.9
2011-05-28,23,6,340,5.8
2011-05-29,0,6,350,5.7
2011-05-29,1,4,60,5.9
2011-05-29,2,0,NA,6
2011-05-29,3,0,NA,5.2
2011-05-29,4,0,NA,5
2011-05-29,5,6,70,4.9
2011-05-29,6,0,NA,6
2011-05-29,7,11,310,8.2
2011-05-29,8,11,310,9.9
2011-05-29,9,9,310,11.7
2011-05-29,10,19,300,12.9
2011-05-29,11,19,320,14.9
2011-05-29,12,15,320,16.8
2011-05-29,13,13,300,18.5
2011-05-29,14,7,270,19.7
2011-05-29,15,7,310,20.6
2011-05-29,16,13,310,20.5
2011-05-29,17,11,310,20.4
2011-05-29,18,7,300,17.8
2011-05-29,19,0,NA,15.2
2011-05-29,20,9,60,13.1
2011-05-29,21,6,20,12.6
2011-05-29,22,11,70,10.6
2011-05-29,23,4,30,9.9
2011-05-30,0,6,350,8.9
2011-05-30,1,0,NA,8.3
2011-05-30,2,4,340,6.4
2011-05-30,3,6,20,7.5
2011-05-30,4,4,360,6.1
2011-05-30,5,4,100,6.8
2011-05-30,6,4,290,8.3
2011-05-30,7,6,260,10
2011-05-30,8,4,250,12.2
2011-05-30,9,0,NA,14.9
2011-05-30,10,4,160,16.6
2011-05-30,11,6,210,18.4
2011-05-30,12,7,170,18.9
2011-05-30,13,7,220,20.2
2011-05-30,14,11,250,20.3
2011-05-30,15,6,180,21.5
2011-05-30,16,11,170,20
2011-05-30,17,9,150,20.4
2011-05-30,18,6,100,16.4
2011-05-30,19,7,70,14.7
2011-05-30,20,7,120,14.6
2011-05-30,21,9,110,13.2
2011-05-30,22,13,80,13.4
2011-05-30,23,11,70,12
2011-05-31,0,15,80,10.6
2011-05-31,1,11,60,10.1
2011-05-31,2,9,70,9.3
2011-05-31,3,11,60,9
2011-05-31,4,4,40,8.4
2011-05-31,5,6,350,8.2
2011-05-31,6,0,NA,10.7
2011-05-31,7,0,NA,12.5
2011-05-31,8,4,230,13.7
2011-05-31,9,4,270,15.6
2011-05-31,10,0,NA,17.9
2011-05-31,11,0,NA,18.8
2011-05-31,12,4,180,19.4
2011-05-31,13,7,40,19.2
2011-05-31,14,7,280,13.9
2011-05-31,15,4,80,16.3
2011-05-31,16,9,40,16.3
2011-05-31,17,13,40,16
2011-05-31,18,9,40,16.4
2011-05-31,19,6,350,14.9
2011-05-31,20,6,330,13
2011-05-31,21,6,330,12.5
2011-05-31,22,4,40,11.7
2011-05-31,23,7,80,11
2011-06-01,0,4,40,10
2011-06-01,1,6,60,9.6
2011-06-01,2,4,70,9.5
2011-06-01,3,0,NA,10.1
2011-06-01,4,0,NA,9.5
2011-06-01,5,4,70,9.2
2011-06-01,6,4,110,9.7
2011-06-01,7,4,280,10.3
2011-06-01,8,6,290,11.9
2011-06-01,9,9,300,13.3
2011-06-01,10,11,300,14.9
2011-06-01,11,9,280,16.7
2011-06-01,12,20,330,14.9
2011-06-01,13,19,310,16.4
2011-06-01,14,24,320,14.1
2011-06-01,15,17,320,12.7
2011-06-01,16,6,150,14.5
2011-06-01,17,0,NA,13.8
2011-06-01,18,6,180,12.7
2011-06-01,19,9,100,11.8
2011-06-01,20,6,290,11.4
2011-06-01,21,6,100,9.9
2011-06-01,22,0,NA,10.1
2011-06-01,23,0,NA,9.2
2011-06-02,0,4,100,8.5
2011-06-02,1,4,80,7.9
2011-06-02,2,4,310,8.2
2011-06-02,3,4,60,8.3
2011-06-02,4,4,290,8.4
2011-06-02,5,4,330,8.7
2011-06-02,6,6,290,9
2011-06-02,7,11,320,10.3
2011-06-02,8,9,300,10.9
2011-06-02,9,6,270,11.7
2011-06-02,10,6,240,13.9
2011-06-02,11,11,250,15.1
2011-06-02,12,7,230,14.4
2011-06-02,13,6,170,15.8
2011-06-02,14,11,180,14.1
2011-06-02,15,13,160,15
2011-06-02,16,13,170,13.5
2011-06-02,17,19,160,12.4
2011-06-02,18,19,170,12.2
2011-06-02,19,15,160,11.3
2011-06-02,20,15,160,10.6
2011-06-02,21,11,150,10.3
2011-06-02,22,11,150,10.2
2011-06-02,23,11,150,10
2011-06-03,0,11,160,9.7
2011-06-03,1,11,150,9.6
2011-06-03,2,11,150,9.4
2011-06-03,3,7,150,8.7
2011-06-03,4,0,NA,8.1
2011-06-03,5,6,140,9.6
2011-06-03,6,6,150,10.3
2011-06-03,7,11,160,10.5
2011-06-03,8,15,160,10.5
2011-06-03,9,15,160,11.6
2011-06-03,10,15,170,14
2011-06-03,11,17,170,14.4
2011-06-03,12,9,160,15.9
2011-06-03,13,7,160,16.6
2011-06-03,14,11,150,18.4
2011-06-03,15,13,170,19.1
2011-06-03,16,11,160,17.2
2011-06-03,17,11,170,17.9
2011-06-03,18,9,160,17.5
2011-06-03,19,13,160,15
2011-06-03,20,9,160,13.9
2011-06-03,21,4,240,13.1
2011-06-03,22,4,90,11.2
2011-06-03,23,9,80,10.5
2011-06-04,0,9,70,9.9
2011-06-04,1,11,70,9.2
2011-06-04,2,11,60,8.7
2011-06-04,3,11,70,8.4
2011-06-04,4,11,60,8.3
2011-06-04,5,4,30,7.7
2011-06-04,6,6,50,10.9
2011-06-04,7,4,90,12.6
2011-06-04,8,4,150,14
2011-06-04,9,4,290,15.5
2011-06-04,10,4,270,17.2
2011-06-04,11,4,220,18.8
2011-06-04,12,7,240,20.3
2011-06-04,13,7,300,21.8
2011-06-04,14,7,270,23.2
2011-06-04,15,4,230,23.9
2011-06-04,16,7,260,24.2
2011-06-04,17,6,220,24.7
2011-06-04,18,7,170,23.4
2011-06-04,19,6,290,21.4
2011-06-04,20,7,70,16.4
2011-06-04,21,11,70,15.4
2011-06-04,22,6,40,14.9
2011-06-04,23,11,60,14.6
2011-06-05,0,6,30,13.9
2011-06-05,1,9,60,12.1
2011-06-05,2,11,50,11.4
2011-06-05,3,11,60,10.5
2011-06-05,4,7,50,10
2011-06-05,5,13,60,10.2
2011-06-05,6,0,NA,11.7
2011-06-05,7,7,110,14
2011-06-05,8,4,120,15.8
2011-06-05,9,4,270,17.9
2011-06-05,10,4,230,20.2
2011-06-05,11,6,310,21.9
2011-06-05,12,6,270,23
2011-06-05,13,6,220,25.6
2011-06-05,14,6,260,25.1
2011-06-05,15,9,310,26.6
2011-06-05,16,9,310,25
2011-06-05,17,6,310,25.2
2011-06-05,18,9,320,23.1
2011-06-05,19,4,270,20.4
2011-06-05,20,7,70,19.5
2011-06-05,21,4,10,19.1
2011-06-05,22,4,130,18.2
2011-06-05,23,4,80,17.3
2011-06-06,0,6,350,16.8
2011-06-06,1,4,200,16
2011-06-06,2,4,50,15.6
2011-06-06,3,0,NA,14.5
2011-06-06,4,0,NA,14.2
2011-06-06,5,6,300,13.8
2011-06-06,6,7,330,13.5
2011-06-06,7,4,30,14.4
2011-06-06,8,9,310,15.4
2011-06-06,9,7,330,16.2
2011-06-06,10,11,320,18.7
2011-06-06,11,11,310,20.2
2011-06-06,12,7,300,21.2
2011-06-06,13,11,300,23.3
2011-06-06,14,11,300,23.9
2011-06-06,15,4,260,23.4
2011-06-06,16,0,NA,26.3
2011-06-06,17,4,210,25.8
2011-06-06,18,11,160,21.3
2011-06-06,19,4,310,20.2
2011-06-06,20,4,230,17.9
2011-06-06,21,6,130,16.7
2011-06-06,22,6,70,17.2
2011-06-06,23,4,230,14.8
2011-06-07,0,6,120,13.7
2011-06-07,1,4,260,13.5
2011-06-07,2,6,70,11.7
2011-06-07,3,7,60,12.2
2011-06-07,4,6,60,11.5
2011-06-07,5,9,70,12.3
2011-06-07,6,9,70,13.3
2011-06-07,7,7,80,14.2
2011-06-07,8,4,110,15.4
2011-06-07,9,6,150,15.9
2011-06-07,10,6,210,17.9
2011-06-07,11,7,250,20.8
2011-06-07,12,17,190,19
2011-06-07,13,19,160,19.2
2011-06-07,14,20,170,17.5
2011-06-07,15,19,160,17
2011-06-07,16,13,170,16.7
2011-06-07,17,11,320,14.2
2011-06-07,18,13,320,13.2
2011-06-07,19,15,320,12.7
2011-06-07,20,19,330,11.7
2011-06-07,21,17,330,11
2011-06-07,22,19,330,11.1
2011-06-07,23,6,20,10.3
2011-06-08,0,9,340,10.7
2011-06-08,1,9,310,10.5
2011-06-08,2,11,330,10.8
2011-06-08,3,0,NA,10
2011-06-08,4,9,90,9.7
2011-06-08,5,11,70,9.1
2011-06-08,6,4,20,9.4
2011-06-08,7,0,NA,9.6
2011-06-08,8,6,130,9
2011-06-08,9,7,160,8.9
2011-06-08,10,6,150,9.2
2011-06-08,11,6,130,9.7
2011-06-08,12,6,140,9.9
2011-06-08,13,6,140,9.7
2011-06-08,14,4,110,9.5
2011-06-08,15,0,NA,9.7
2011-06-08,16,4,180,9.8
2011-06-08,17,0,NA,9.5
2011-06-08,18,4,250,9.5
2011-06-08,19,0,NA,9.4
2011-06-08,20,0,NA,9.1
2011-06-08,21,0,NA,8.7
2011-06-08,22,0,NA,8.8
2011-06-08,23,6,90,8.3
2011-06-09,0,4,60,8.1
2011-06-09,1,4,40,7.6
2011-06-09,2,6,60,7.2
2011-06-09,3,0,NA,7.2
2011-06-09,4,0,NA,7.1
2011-06-09,5,0,NA,7.8
2011-06-09,6,0,NA,8.1
2011-06-09,7,4,200,9.3
2011-06-09,8,4,180,10.5
2011-06-09,9,4,220,12.5
2011-06-09,10,6,250,12.7
2011-06-09,11,6,270,14.8
2011-06-09,12,6,230,14.1
2011-06-09,13,4,190,16.2
2011-06-09,14,6,270,16.8
2011-06-09,15,0,NA,17
2011-06-09,16,6,200,18.9
2011-06-09,17,7,170,19
2011-06-09,18,9,160,18.4
2011-06-09,19,13,150,16.6
2011-06-09,20,9,160,15.8
2011-06-09,21,6,140,14.8
2011-06-09,22,6,120,14.4
2011-06-09,23,6,70,13
2011-06-10,0,6,100,12.1
2011-06-10,1,7,80,12.3
2011-06-10,2,6,70,11.6
2011-06-10,3,6,70,10.8
2011-06-10,4,4,70,10.8
2011-06-10,5,4,50,11.4
2011-06-10,6,0,NA,14
2011-06-10,7,7,110,14.5
2011-06-10,8,4,280,14.9
2011-06-10,9,4,310,17.6
2011-06-10,10,4,180,17.8
2011-06-10,11,4,270,20.2
2011-06-10,12,7,230,19.9
2011-06-10,13,9,180,19.7
2011-06-10,14,9,130,19.1
2011-06-10,15,19,330,17.7
2011-06-10,16,6,300,19.4
2011-06-10,17,0,NA,16.8
2011-06-10,18,6,110,17.1
2011-06-10,19,0,NA,16.4
2011-06-10,20,4,160,15.7
2011-06-10,21,7,300,13.9
2011-06-10,22,4,10,13.8
2011-06-10,23,0,NA,12.4
2011-06-11,0,4,10,12.1
2011-06-11,1,4,50,12
2011-06-11,2,0,NA,11
2011-06-11,3,0,NA,11.1
2011-06-11,4,4,170,10.3
2011-06-11,5,6,80,10.4
2011-06-11,6,0,NA,11.4
2011-06-11,7,0,NA,12.1
2011-06-11,8,6,280,13.7
2011-06-11,9,9,280,16
2011-06-11,10,4,250,18
2011-06-11,11,7,240,16
2011-06-11,12,4,350,16.7
2011-06-11,13,13,300,17.6
2011-06-11,14,6,230,18.2
2011-06-11,15,15,310,17.1
2011-06-11,16,9,250,16.2
2011-06-11,17,7,140,15.6
2011-06-11,18,0,NA,17.1
2011-06-11,19,6,150,14.6
2011-06-11,20,7,70,11.2
2011-06-11,21,4,30,11.2
2011-06-11,22,6,70,10.3
2011-06-11,23,7,80,9.9
2011-06-12,0,4,320,9.2
2011-06-12,1,4,40,9.2
2011-06-12,2,6,60,8.5
2011-06-12,3,6,360,7.9
2011-06-12,4,6,60,7.6
2011-06-12,5,0,NA,8.1
2011-06-12,6,4,260,9.8
2011-06-12,7,4,40,13
2011-06-12,8,4,250,14.8
2011-06-12,9,0,NA,15.9
2011-06-12,10,6,300,17.3
2011-06-12,11,11,290,18.7
2011-06-12,12,11,290,18.2
2011-06-12,13,6,350,21.3
2011-06-12,14,11,240,19.9
2011-06-12,15,7,120,19.5
2011-06-12,16,6,160,20.2
2011-06-12,17,6,100,19.7
2011-06-12,18,4,220,20.8
2011-06-12,19,6,190,17.7
2011-06-12,20,4,330,14.6
2011-06-12,21,7,60,14.5
2011-06-12,22,6,40,13.7
2011-06-12,23,0,NA,12.9
2011-06-13,0,0,NA,11.7
2011-06-13,1,7,50,11.7
2011-06-13,2,13,70,11.5
2011-06-13,3,9,100,10.5
2011-06-13,4,11,100,10.2
2011-06-13,5,6,110,9.9
2011-06-13,6,4,100,11
2011-06-13,7,4,140,10.1
2011-06-13,8,0,NA,11.6
2011-06-13,9,4,130,13.1
2011-06-13,10,9,160,13.2
2011-06-13,11,9,160,14.5
2011-06-13,12,13,150,15.3
2011-06-13,13,9,170,14.4
2011-06-13,14,7,160,15.1
2011-06-13,15,9,160,14.3
2011-06-13,16,9,160,16
2011-06-13,17,13,170,15.1
2011-06-13,18,6,180,14
2011-06-13,19,7,150,11
2011-06-13,20,4,90,10.7
2011-06-13,21,7,80,10.3
2011-06-13,22,6,60,9.9
2011-06-13,23,0,NA,9.3
2011-06-14,0,4,100,9
2011-06-14,1,4,50,8.3
2011-06-14,2,6,50,8.1
2011-06-14,3,6,70,7.4
2011-06-14,4,6,60,7.5
2011-06-14,5,4,60,7.7
2011-06-14,6,0,NA,9.6
2011-06-14,7,0,NA,11.2
2011-06-14,8,4,170,14.2
2011-06-14,9,4,260,15.2
2011-06-14,10,6,160,15.9
2011-06-14,11,9,150,17
2011-06-14,12,9,150,17.9
2011-06-14,13,19,180,18.9
2011-06-14,14,15,190,20.3
2011-06-14,15,13,150,19.9
2011-06-14,16,11,170,18.1
2011-06-14,17,9,160,17.9
2011-06-14,18,6,170,18.3
2011-06-14,19,9,150,17
2011-06-14,20,11,150,15.7
2011-06-14,21,6,190,14.9
2011-06-14,22,6,90,13
2011-06-14,23,9,70,12.5
2011-06-15,0,19,310,11.6
2011-06-15,1,13,340,10.7
2011-06-15,2,20,330,10.1
2011-06-15,3,19,330,9.8
2011-06-15,4,15,330,9.4
2011-06-15,5,13,330,9.2
2011-06-15,6,9,340,10.2
2011-06-15,7,0,NA,11.1
2011-06-15,8,11,180,10.3
2011-06-15,9,11,140,9.3
2011-06-15,10,7,170,12.2
2011-06-15,11,15,160,11.9
2011-06-15,12,11,160,12.5
2011-06-15,13,7,190,13.2
2011-06-15,14,6,100,13.8
2011-06-15,15,6,200,13.3
2011-06-15,16,7,270,12.8
2011-06-15,17,7,80,13.5
2011-06-15,18,9,180,11.7
2011-06-15,19,6,180,10.8
2011-06-15,20,6,120,10.4
2011-06-15,21,6,150,9.8
2011-06-15,22,7,150,9.8
2011-06-15,23,0,NA,9.1
2011-06-16,0,6,320,8.5
2011-06-16,1,6,320,7.4
2011-06-16,2,6,300,7.2
2011-06-16,3,4,330,7.2
2011-06-16,4,6,310,7.2
2011-06-16,5,6,300,7.6
2011-06-16,6,4,310,8.7
2011-06-16,7,4,300,9.3
2011-06-16,8,0,NA,10.1
2011-06-16,9,7,130,11.6
2011-06-16,10,6,160,11.4
2011-06-16,11,0,NA,11.3
2011-06-16,12,4,140,11.6
2011-06-16,13,7,150,11.5
2011-06-16,14,7,150,11.3
2011-06-16,15,6,160,11.2
2011-06-16,16,6,160,11.3
2011-06-16,17,7,180,11.4
2011-06-16,18,6,180,11.4
2011-06-16,19,7,180,10.7
2011-06-16,20,4,240,10.3
2011-06-16,21,4,300,9.4
2011-06-16,22,0,NA,8.8
2011-06-16,23,4,260,9.1
2011-06-17,0,6,320,8.6
2011-06-17,1,4,300,8.6
2011-06-17,2,0,NA,8.5
2011-06-17,3,4,340,8.7
2011-06-17,4,0,NA,8.8
2011-06-17,5,6,310,9.1
2011-06-17,6,6,300,9.8
2011-06-17,7,4,300,10.8
2011-06-17,8,0,NA,11.9
2011-06-17,9,4,140,12.6
2011-06-17,10,7,160,13.4
2011-06-17,11,9,170,14.3
2011-06-17,12,7,160,12.9
2011-06-17,13,7,140,11.6
2011-06-17,14,0,NA,12.5
2011-06-17,15,4,200,13
2011-06-17,16,7,110,13.4
2011-06-17,17,7,130,14
2011-06-17,18,6,130,14
2011-06-17,19,0,NA,12.9
2011-06-17,20,0,NA,12.3
2011-06-17,21,0,NA,11.9
2011-06-17,22,0,NA,11.4
2011-06-17,23,0,NA,10.8
2011-06-18,0,4,60,11
2011-06-18,1,6,70,10.7
2011-06-18,2,0,NA,10.5
2011-06-18,3,0,NA,10.3
2011-06-18,4,0,NA,10.1
2011-06-18,5,4,150,10.1
2011-06-18,6,0,NA,11.1
2011-06-18,7,4,140,11.3
2011-06-18,8,4,250,12.5
2011-06-18,9,4,220,15
2011-06-18,10,4,350,15.7
2011-06-18,11,4,110,19.4
2011-06-18,12,6,290,19.1
2011-06-18,13,11,150,20.2
2011-06-18,14,11,180,20.8
2011-06-18,15,7,270,17.1
2011-06-18,16,13,320,15
2011-06-18,17,6,70,14.1
2011-06-18,18,6,60,14.4
2011-06-18,19,7,100,14.1
2011-06-18,20,6,110,13.4
2011-06-18,21,6,170,12.6
2011-06-18,22,6,90,11.5
2011-06-18,23,6,290,11
2011-06-19,0,4,300,10.9
2011-06-19,1,4,280,11.3
2011-06-19,2,4,290,10.5
2011-06-19,3,0,NA,10.6
2011-06-19,4,0,NA,10.5
2011-06-19,5,0,NA,10.4
2011-06-19,6,4,280,11.5
2011-06-19,7,0,NA,12.7
2011-06-19,8,6,300,13
2011-06-19,9,4,320,14.3
2011-06-19,10,6,230,15.8
2011-06-19,11,7,170,16.4
2011-06-19,12,9,160,16
2011-06-19,13,9,160,17.2
2011-06-19,14,6,190,16.6
2011-06-19,15,9,180,17
2011-06-19,16,9,150,17.9
2011-06-19,17,7,160,17.5
2011-06-19,18,7,190,17
2011-06-19,19,7,160,15.6
2011-06-19,20,4,320,14
2011-06-19,21,4,300,13.5
2011-06-19,22,4,260,12.8
2011-06-19,23,6,320,12.4
2011-06-20,0,6,280,12.2
2011-06-20,1,0,NA,12
2011-06-20,2,0,NA,12.1
2011-06-20,3,0,NA,12.2
2011-06-20,4,4,280,11.4
2011-06-20,5,0,NA,12.1
2011-06-20,6,4,270,13.1
2011-06-20,7,4,250,13.3
2011-06-20,8,7,180,15.4
2011-06-20,9,11,170,15.6
2011-06-20,10,11,180,17.7
2011-06-20,11,15,150,19.4
2011-06-20,12,15,160,20.8
2011-06-20,13,11,190,22.3
2011-06-20,14,7,170,20.6
2011-06-20,15,7,180,20.5
2011-06-20,16,0,NA,20.3
2011-06-20,17,6,140,19.7
2011-06-20,18,7,310,16.4
2011-06-20,19,6,300,17.7
2011-06-20,20,0,NA,14.6
2011-06-20,21,7,60,15.1
2011-06-20,22,6,360,13.9
2011-06-20,23,7,110,12.6
2011-06-21,0,4,310,11.8
2011-06-21,1,0,NA,11.7
2011-06-21,2,0,NA,10.8
2011-06-21,3,6,90,10.4
2011-06-21,4,0,NA,11
2011-06-21,5,6,70,10.9
2011-06-21,6,0,NA,13.6
2011-06-21,7,0,NA,13.8
2011-06-21,8,0,NA,16.9
2011-06-21,9,0,NA,17.9
2011-06-21,10,6,260,19.1
2011-06-21,11,6,240,21.1
2011-06-21,12,9,290,21.2
2011-06-21,13,0,NA,23.8
2011-06-21,14,6,270,24.7
2011-06-21,15,7,230,24.7
2011-06-21,16,6,220,24.2
2011-06-21,17,6,180,25.7
2011-06-21,18,9,170,23.5
2011-06-21,19,6,230,22.7
2011-06-21,20,6,140,20.4
2011-06-21,21,6,40,17.4
2011-06-21,22,6,50,16.7
2011-06-21,23,6,20,16.2
2011-06-22,0,6,350,15.8
2011-06-22,1,4,40,15
2011-06-22,2,0,NA,13.5
2011-06-22,3,4,40,12.7
2011-06-22,4,6,50,12
2011-06-22,5,4,200,11.8
2011-06-22,6,0,NA,15
2011-06-22,7,4,260,15.7
2011-06-22,8,0,NA,17.6
2011-06-22,9,0,NA,20
2011-06-22,10,6,230,21.2
2011-06-22,11,6,240,23.3
2011-06-22,12,7,240,22.9
2011-06-22,13,4,150,25.4
2011-06-22,14,4,320,26.8
2011-06-22,15,6,240,26.2
2011-06-22,16,4,40,27.9
2011-06-22,17,4,150,28.1
2011-06-22,18,4,300,23.9
2011-06-22,19,6,50,21.8
2011-06-22,20,6,50,20
2011-06-22,21,6,350,20.4
2011-06-22,22,6,350,19.9
2011-06-22,23,4,280,17.5
2011-06-23,0,6,20,17.1
2011-06-23,1,4,260,16
2011-06-23,2,9,60,15.2
2011-06-23,3,0,NA,14.5
2011-06-23,4,19,70,15.1
2011-06-23,5,19,90,15.1
2011-06-23,6,4,130,14.2
2011-06-23,7,7,250,13.2
2011-06-23,8,6,120,12.9
2011-06-23,9,15,80,13
2011-06-23,10,13,130,15.1
2011-06-23,11,19,160,17.6
2011-06-23,12,15,170,19.5
2011-06-23,13,19,160,19.8
2011-06-23,14,19,160,20.4
2011-06-23,15,20,160,20.5
2011-06-23,16,17,160,20.4
2011-06-23,17,13,170,20.5
2011-06-23,18,15,260,19.7
2011-06-23,19,20,330,14.6
2011-06-23,20,15,330,13.8
2011-06-23,21,9,340,13.2
2011-06-23,22,17,330,12.2
2011-06-23,23,7,360,11.2
2011-06-24,0,4,100,9.3
2011-06-24,1,4,80,8.8
2011-06-24,2,6,60,9.3
2011-06-24,3,0,NA,9.3
2011-06-24,4,6,90,8.3
2011-06-24,5,7,60,10.3
2011-06-24,6,4,140,11.1
2011-06-24,7,7,170,13.4
2011-06-24,8,17,160,14.5
2011-06-24,9,15,170,15.9
2011-06-24,10,11,160,14.2
2011-06-24,11,11,180,15.7
2011-06-24,12,6,180,16.1
2011-06-24,13,13,340,13.8
2011-06-24,14,4,110,15.3
2011-06-24,15,11,330,12.2
2011-06-24,16,6,80,11
2011-06-24,17,6,80,12.6
2011-06-24,18,6,280,11.2
2011-06-24,19,4,40,10.6
2011-06-24,20,6,160,10
2011-06-24,21,4,150,9.6
2011-06-24,22,6,70,8.6
2011-06-24,23,7,70,8.4
2011-06-25,0,4,320,8.5
2011-06-25,1,13,320,7.9
2011-06-25,2,4,70,7.2
2011-06-25,3,0,NA,6.2
2011-06-25,4,7,70,5.5
2011-06-25,5,0,NA,5.7
2011-06-25,6,0,NA,8.2
2011-06-25,7,0,NA,9.9
2011-06-25,8,6,140,11.9
2011-06-25,9,4,160,13.5
2011-06-25,10,6,250,14.8
2011-06-25,11,7,210,14.4
2011-06-25,12,7,140,16.5
2011-06-25,13,6,150,16.1
2011-06-25,14,13,110,15.8
2011-06-25,15,11,180,18.4
2011-06-25,16,15,170,16.4
2011-06-25,17,15,160,15.5
2011-06-25,18,6,320,14.5
2011-06-25,19,9,70,12.5
2011-06-25,20,7,70,9.9
2011-06-25,21,7,60,9.6
2011-06-25,22,9,60,9.4
2011-06-25,23,7,70,8.6
2011-06-26,0,4,60,8.5
2011-06-26,1,7,60,8
2011-06-26,2,6,50,7.1
2011-06-26,3,7,60,6.8
2011-06-26,4,7,70,6.2
2011-06-26,5,6,70,7.2
2011-06-26,6,6,50,10.7
2011-06-26,7,4,280,9.2
2011-06-26,8,0,NA,11.6
2011-06-26,9,4,260,13.9
2011-06-26,10,4,210,14.9
2011-06-26,11,6,300,17.9
2011-06-26,12,7,270,19.2
2011-06-26,13,4,360,20.2
2011-06-26,14,6,250,22.2
2011-06-26,15,6,220,22.6
2011-06-26,16,4,270,21.8
2011-06-26,17,6,250,23.5
2011-06-26,18,4,230,22.9
2011-06-26,19,0,NA,21.2
2011-06-26,20,4,340,17.3
2011-06-26,21,9,90,15.3
2011-06-26,22,11,60,15.7
2011-06-26,23,9,60,14.8
2011-06-27,0,6,50,14.1
2011-06-27,1,6,30,13.5
2011-06-27,2,6,360,11.4
2011-06-27,3,7,330,11
2011-06-27,4,6,60,10.8
2011-06-27,5,4,10,11.2
2011-06-27,6,0,NA,13.4
2011-06-27,7,0,NA,14.6
2011-06-27,8,4,250,15.7
2011-06-27,9,4,290,18
2011-06-27,10,4,290,19.7
2011-06-27,11,6,240,21.2
2011-06-27,12,6,270,23.1
2011-06-27,13,6,240,24.4
2011-06-27,14,4,220,24.6
2011-06-27,15,6,270,23.6
2011-06-27,16,6,260,25
2011-06-27,17,6,310,24.5
2011-06-27,18,0,NA,23.4
2011-06-27,19,6,110,21.6
2011-06-27,20,6,20,19.9
2011-06-27,21,4,60,17.9
2011-06-27,22,9,330,18.4
2011-06-27,23,6,360,17.6
2011-06-28,0,6,10,16.5
2011-06-28,1,11,350,16.4
2011-06-28,2,4,330,14.4
2011-06-28,3,4,320,14.7
2011-06-28,4,0,NA,13.7
2011-06-28,5,4,60,13.3
2011-06-28,6,4,40,17
2011-06-28,7,4,300,16.6
2011-06-28,8,7,290,18.7
2011-06-28,9,13,300,16.2
2011-06-28,10,7,320,20.1
2011-06-28,11,15,310,20.5
2011-06-28,12,17,310,21.7
2011-06-28,13,9,300,22.6
2011-06-28,14,6,210,25
2011-06-28,15,4,260,25.6
2011-06-28,16,4,140,26.6
2011-06-28,17,15,160,27.1
2011-06-28,18,11,170,26.3
2011-06-28,19,11,190,25
2011-06-28,20,6,200,23.8
2011-06-28,21,6,210,22.4
2011-06-28,22,11,190,22.2
2011-06-28,23,11,300,18.4
2011-06-29,0,6,260,15.9
2011-06-29,1,15,320,16.6
2011-06-29,2,0,NA,15.9
2011-06-29,3,0,NA,15.4
2011-06-29,4,4,80,15
2011-06-29,5,6,320,15.7
2011-06-29,6,0,NA,17.3
2011-06-29,7,4,270,18.4
2011-06-29,8,6,120,19.8
2011-06-29,9,9,150,21.7
2011-06-29,10,7,160,22.3
2011-06-29,11,13,160,24.1
2011-06-29,12,17,160,22.5
2011-06-29,13,15,170,25.7
2011-06-29,14,13,190,23.5
2011-06-29,15,15,250,22.3
2011-06-29,16,9,240,22.5
2011-06-29,17,9,210,21.8
2011-06-29,18,17,170,20.8
2011-06-29,19,11,160,20.6
2011-06-29,20,17,320,16
2011-06-29,21,22,320,14.9
2011-06-29,22,15,320,14.1
2011-06-29,23,4,360,13.8
2011-06-30,0,4,90,12.8
2011-06-30,1,6,80,12.1
2011-06-30,2,0,NA,12.3
2011-06-30,3,0,NA,12.4
2011-06-30,4,11,160,13.8
2011-06-30,5,17,160,13.8
2011-06-30,6,13,170,13.8
2011-06-30,7,7,160,15.9
2011-06-30,8,7,190,15.1
2011-06-30,9,9,190,16.5
2011-06-30,10,17,200,18.7
2011-06-30,11,11,230,17.5
2011-06-30,12,9,330,18.7
2011-06-30,13,15,310,17.7
2011-06-30,14,9,320,17.2
2011-06-30,15,4,160,16.8
2011-06-30,16,6,280,17.7
2011-06-30,17,6,330,16.2
2011-06-30,18,6,230,16.9
2011-06-30,19,9,300,13.3
2011-06-30,20,13,330,12.6
2011-06-30,21,6,270,12.5
2011-06-30,22,0,NA,11.3
2011-06-30,23,0,NA,11.3
2011-07-01,0,4,250,10.5
2011-07-01,1,6,80,9.1
2011-07-01,2,9,310,9.1
2011-07-01,3,6,80,7.9
2011-07-01,4,4,120,8.1
2011-07-01,5,0,NA,8.9
2011-07-01,6,4,260,11.1
2011-07-01,7,4,250,12.3
2011-07-01,8,4,220,14.6
2011-07-01,9,4,240,15.8
2011-07-01,10,7,290,17.3
2011-07-01,11,6,240,19.4
2011-07-01,12,6,200,21
2011-07-01,13,9,260,21.2
2011-07-01,14,11,280,21.9
2011-07-01,15,9,300,19.9
2011-07-01,16,9,320,19.7
2011-07-01,17,9,310,18.4
2011-07-01,18,4,270,17.9
2011-07-01,19,4,270,17
2011-07-01,20,4,70,14.6
2011-07-01,21,4,40,13
2011-07-01,22,0,NA,12.8
2011-07-01,23,6,60,12.8
2011-07-02,0,4,350,12.6
2011-07-02,1,0,NA,11.5
2011-07-02,2,4,190,10.7
2011-07-02,3,6,50,9.9
2011-07-02,4,4,40,9.8
2011-07-02,5,4,30,10.4
2011-07-02,6,4,340,13
2011-07-02,7,0,NA,14.3
2011-07-02,8,0,NA,15.6
2011-07-02,9,4,280,17.6
2011-07-02,10,4,170,19.6
2011-07-02,11,6,300,21.1
2011-07-02,12,4,270,23.8
2011-07-02,13,7,260,25.3
2011-07-02,14,6,170,27.4
2011-07-02,15,7,260,26.9
2011-07-02,16,7,160,28.5
2011-07-02,17,6,240,28
2011-07-02,18,4,290,27.5
2011-07-02,19,11,160,24.9
2011-07-02,20,6,320,20.9
2011-07-02,21,7,60,18.6
2011-07-02,22,6,30,19.2
2011-07-02,23,0,NA,17.3
2011-07-03,0,6,60,16.9
2011-07-03,1,0,NA,16
2011-07-03,2,4,20,14.7
2011-07-03,3,0,NA,13.2
2011-07-03,4,4,60,14.3
2011-07-03,5,9,60,13.9
2011-07-03,6,11,100,15.9
2011-07-03,7,7,110,17.6
2011-07-03,8,6,170,18.1
2011-07-03,9,0,NA,20
2011-07-03,10,19,320,19.9
2011-07-03,11,17,320,21.7
2011-07-03,12,22,310,21.8
2011-07-03,13,4,300,17.9
2011-07-03,14,6,60,24.5
2011-07-03,15,15,310,22.8
2011-07-03,16,15,320,21
2011-07-03,17,6,300,21.4
2011-07-03,18,4,280,22.9
2011-07-03,19,4,270,20.6
2011-07-03,20,11,70,16.6
2011-07-03,21,7,70,16.8
2011-07-03,22,9,50,15.5
2011-07-03,23,15,80,15.4
2011-07-04,0,7,70,14.6
2011-07-04,1,6,320,13.8
2011-07-04,2,0,NA,13.1
2011-07-04,3,6,240,11.9
2011-07-04,4,4,80,11.4
2011-07-04,5,6,10,11.7
2011-07-04,6,0,NA,15.2
2011-07-04,7,0,NA,15.3
2011-07-04,8,4,270,17.4
2011-07-04,9,4,220,19.3
2011-07-04,10,4,310,22
2011-07-04,11,4,240,22.7
2011-07-04,12,6,270,24
2011-07-04,13,7,290,26.3
2011-07-04,14,4,140,28.3
2011-07-04,15,4,280,27.7
2011-07-04,16,4,300,27.1
2011-07-04,17,4,190,28.6
2011-07-04,18,6,290,25.3
2011-07-04,19,0,NA,23.4
2011-07-04,20,4,20,19
2011-07-04,21,7,50,18.2
2011-07-04,22,0,NA,17.9
2011-07-04,23,6,10,18
2011-07-05,0,7,340,16.5
2011-07-05,1,6,350,14.5
2011-07-05,2,6,50,14.2
2011-07-05,3,6,50,13.3
2011-07-05,4,7,70,12.5
2011-07-05,5,6,60,12.5
2011-07-05,6,4,310,15.3
2011-07-05,7,0,NA,16.3
2011-07-05,8,4,240,18.2
2011-07-05,9,4,270,20.3
2011-07-05,10,6,250,22.1
2011-07-05,11,6,230,24
2011-07-05,12,6,300,25.4
2011-07-05,13,6,300,27.4
2011-07-05,14,9,330,28.9
2011-07-05,15,6,260,29.8
2011-07-05,16,7,290,30.3
2011-07-05,17,7,280,30.2
2011-07-05,18,4,250,29.5
2011-07-05,19,6,290,26.3
2011-07-05,20,6,340,22.2
2011-07-05,21,9,70,19.6
2011-07-05,22,6,70,19.8
2011-07-05,23,6,20,20.4
2011-07-06,0,4,10,18.5
2011-07-06,1,0,NA,17.3
2011-07-06,2,4,180,16.4
2011-07-06,3,6,70,14.9
2011-07-06,4,6,60,14.4
2011-07-06,5,4,50,15.1
2011-07-06,6,4,250,16.5
2011-07-06,7,0,NA,18.4
2011-07-06,8,4,280,20.4
2011-07-06,9,0,NA,22.3
2011-07-06,10,4,200,23.7
2011-07-06,11,6,280,25.6
2011-07-06,12,6,230,27.4
2011-07-06,13,6,280,28.8
2011-07-06,14,7,290,29.7
2011-07-06,15,7,280,29.3
2011-07-06,16,6,310,27.9
2011-07-06,17,7,300,28.6
2011-07-06,18,0,NA,31.2
2011-07-06,19,4,80,27.1
2011-07-06,20,6,50,23
2011-07-06,21,9,60,22.2
2011-07-06,22,11,70,21.5
2011-07-06,23,9,70,21
2011-07-07,0,9,60,20.2
2011-07-07,1,11,70,19.4
2011-07-07,2,9,60,18.4
2011-07-07,3,13,60,17.9
2011-07-07,4,7,60,17
2011-07-07,5,9,50,16.8
2011-07-07,6,0,NA,18.9
2011-07-07,7,4,90,20.9
2011-07-07,8,4,150,22
2011-07-07,9,0,NA,23.9
2011-07-07,10,4,160,25.8
2011-07-07,11,6,200,26.6
2011-07-07,12,6,260,29
2011-07-07,13,13,170,32.1
2011-07-07,14,15,150,32.3
2011-07-07,15,15,160,32.5
2011-07-07,16,15,180,32.4
2011-07-07,17,19,210,30.8
2011-07-07,18,15,170,26.2
2011-07-07,19,0,NA,25.4
2011-07-07,20,11,150,24.4
2011-07-07,21,13,210,22.1
2011-07-07,22,6,320,19.2
2011-07-07,23,11,200,20.3
2011-07-08,0,15,180,19.5
2011-07-08,1,9,180,17.9
2011-07-08,2,15,180,17.1
2011-07-08,3,11,190,15.7
2011-07-08,4,11,190,15
2011-07-08,5,11,150,13.7
2011-07-08,6,7,240,13.8
2011-07-08,7,15,170,15
2011-07-08,8,15,170,17
2011-07-08,9,15,170,17.5
2011-07-08,10,15,200,17.3
2011-07-08,11,15,210,18.2
2011-07-08,12,11,240,19.5
2011-07-08,13,17,330,16.8
2011-07-08,14,19,300,20.3
2011-07-08,15,15,280,19.3
2011-07-08,16,24,290,21.9
2011-07-08,17,19,280,20.2
2011-07-08,18,19,290,20.8
2011-07-08,19,9,310,19.3
2011-07-08,20,7,320,14.9
2011-07-08,21,6,300,12.5
2011-07-08,22,9,70,11.2
2011-07-08,23,9,100,10.5
2011-07-09,0,6,50,10.3
2011-07-09,1,7,70,9.4
2011-07-09,2,9,70,8.7
2011-07-09,3,7,70,8
2011-07-09,4,7,70,7.6
2011-07-09,5,9,70,8.3
2011-07-09,6,0,NA,12
2011-07-09,7,4,270,12.2
2011-07-09,8,4,240,14.6
2011-07-09,9,4,230,16.6
2011-07-09,10,6,290,18.4
2011-07-09,11,7,300,20
2011-07-09,12,7,300,22.1
2011-07-09,13,7,270,23.2
2011-07-09,14,13,280,23.5
2011-07-09,15,19,320,23.5
2011-07-09,16,15,320,23.5
2011-07-09,17,19,320,22.1
2011-07-09,18,19,320,21.4
2011-07-09,19,15,320,19.9
2011-07-09,20,13,330,17.7
2011-07-09,21,7,290,14.7
2011-07-09,22,6,20,14.2
2011-07-09,23,0,NA,13.6
2011-07-10,0,9,60,12.1
2011-07-10,1,7,60,12
2011-07-10,2,6,60,11.6
2011-07-10,3,0,NA,11
2011-07-10,4,6,60,9.6
2011-07-10,5,7,60,10.1
2011-07-10,6,0,NA,13.4
2011-07-10,7,4,240,13.6
2011-07-10,8,6,280,15.8
2011-07-10,9,6,290,17.5
2011-07-10,10,6,300,19
2011-07-10,11,4,270,21
2011-07-10,12,7,270,22
2011-07-10,13,6,260,23.9
2011-07-10,14,6,270,25.7
2011-07-10,15,9,270,24.8
2011-07-10,16,6,240,24.9
2011-07-10,17,6,290,25
2011-07-10,18,4,240,24.2
2011-07-10,19,4,290,22.9
2011-07-10,20,6,30,19.4
2011-07-10,21,4,30,19
2011-07-10,22,6,350,18.1
2011-07-10,23,6,40,17.8
2011-07-11,0,6,40,17.1
2011-07-11,1,6,40,16
2011-07-11,2,6,120,14.3
2011-07-11,3,4,120,12.9
2011-07-11,4,6,100,12.5
2011-07-11,5,6,30,13.1
2011-07-11,6,0,NA,15.3
2011-07-11,7,0,NA,16.7
2011-07-11,8,4,260,19.1
2011-07-11,9,4,280,21
2011-07-11,10,4,160,22.7
2011-07-11,11,6,280,24.4
2011-07-11,12,6,270,24.8
2011-07-11,13,6,270,26.1
2011-07-11,14,7,290,28.5
2011-07-11,15,7,280,29.5
2011-07-11,16,9,240,29.7
2011-07-11,17,4,200,28.1
2011-07-11,18,0,NA,29.7
2011-07-11,19,0,NA,24.3
2011-07-11,20,9,70,22.4
2011-07-11,21,7,90,20.8
2011-07-11,22,6,10,21.6
2011-07-11,23,6,120,20.1
2011-07-12,0,4,160,19.1
2011-07-12,1,6,90,18.4
2011-07-12,2,4,320,17.5
2011-07-12,3,4,50,17.2
2011-07-12,4,4,60,16.5
2011-07-12,5,4,70,15.8
2011-07-12,6,4,50,17.6
2011-07-12,7,7,90,20.3
2011-07-12,8,4,150,20.7
2011-07-12,9,6,250,21.1
2011-07-12,10,4,220,23.8
2011-07-12,11,6,220,25.2
2011-07-12,12,6,190,26.6
2011-07-12,13,6,260,27
2011-07-12,14,4,220,27.1
2011-07-12,15,6,170,25.8
2011-07-12,16,7,70,22.3
2011-07-12,17,17,330,22
2011-07-12,18,13,330,22.4
2011-07-12,19,7,350,20.6
2011-07-12,20,4,70,18.9
2011-07-12,21,7,70,17.9
2011-07-12,22,4,20,17.6
2011-07-12,23,6,150,17.2
2011-07-13,0,9,70,16.6
2011-07-13,1,11,60,15.9
2011-07-13,2,4,80,15.1
2011-07-13,3,6,60,15
2011-07-13,4,6,160,14.7
2011-07-13,5,6,100,15
2011-07-13,6,4,130,15.9
2011-07-13,7,6,100,16.7
2011-07-13,8,4,240,17.7
2011-07-13,9,6,270,18.9
2011-07-13,10,9,190,19.8
2011-07-13,11,11,190,17.9
2011-07-13,12,6,240,17.9
2011-07-13,13,9,160,18.2
2011-07-13,14,9,160,18.6
2011-07-13,15,7,160,18.3
2011-07-13,16,6,190,18.8
2011-07-13,17,7,170,18.9
2011-07-13,18,9,190,19.8
2011-07-13,19,4,210,18.1
2011-07-13,20,4,170,14.8
2011-07-13,21,6,80,14
2011-07-13,22,4,100,13.4
2011-07-13,23,6,100,12.7
2011-07-14,0,7,90,11.1
2011-07-14,1,4,120,12.1
2011-07-14,2,6,90,10.4
2011-07-14,3,0,NA,10.3
2011-07-14,4,6,90,10.1
2011-07-14,5,0,NA,10
2011-07-14,6,0,NA,12.1
2011-07-14,7,0,NA,13.8
2011-07-14,8,4,220,16.2
2011-07-14,9,6,230,17.7
2011-07-14,10,11,200,18.4
2011-07-14,11,15,190,18.8
2011-07-14,12,17,170,19.9
2011-07-14,13,9,140,21.3
2011-07-14,14,9,280,17.9
2011-07-14,15,6,170,18.4
2011-07-14,16,9,190,18.2
2011-07-14,17,17,310,14.4
2011-07-14,18,26,330,13.6
2011-07-14,19,17,310,11.2
2011-07-14,20,7,330,10.9
2011-07-14,21,13,60,10.9
2011-07-14,22,4,270,10.7
2011-07-14,23,0,NA,10.6
2011-07-15,0,4,40,10
2011-07-15,1,6,360,10
2011-07-15,2,0,NA,9.7
2011-07-15,3,0,NA,9
2011-07-15,4,6,130,8.5
2011-07-15,5,9,90,9.2
2011-07-15,6,6,80,10.4
2011-07-15,7,6,110,12.5
2011-07-15,8,6,140,14
2011-07-15,9,4,200,14.6
2011-07-15,10,6,180,16.1
2011-07-15,11,6,280,16.6
2011-07-15,12,4,240,17.1
2011-07-15,13,4,230,19
2011-07-15,14,7,310,19.2
2011-07-15,15,6,320,22.3
2011-07-15,16,7,280,21.8
2011-07-15,17,7,290,21.3
2011-07-15,18,6,300,21.2
2011-07-15,19,6,290,17.9
2011-07-15,20,6,330,14.7
2011-07-15,21,6,40,14.1
2011-07-15,22,6,350,13.6
2011-07-15,23,6,340,13
2011-07-16,0,4,20,12.5
2011-07-16,1,4,360,12.3
2011-07-16,2,4,270,11.2
2011-07-16,3,6,60,10.6
2011-07-16,4,6,70,9.3
2011-07-16,5,4,60,10.1
2011-07-16,6,0,NA,13.5
2011-07-16,7,0,NA,14.1
2011-07-16,8,6,290,16.2
2011-07-16,9,9,290,17.2
2011-07-16,10,13,270,16.4
2011-07-16,11,4,300,17.4
2011-07-16,12,6,300,21.3
2011-07-16,13,4,340,23.8
2011-07-16,14,9,300,24.9
2011-07-16,15,6,290,26.5
2011-07-16,16,4,280,22.8
2011-07-16,17,6,120,24.7
2011-07-16,18,6,100,22.1
2011-07-16,19,6,100,20.6
2011-07-16,20,6,80,19.3
2011-07-16,21,7,360,18
2011-07-16,22,6,270,16.8
2011-07-16,23,4,40,15.8
2011-07-17,0,6,340,15.3
2011-07-17,1,4,30,15.2
2011-07-17,2,4,50,13.3
2011-07-17,3,0,NA,13.7
2011-07-17,4,0,NA,13.4
2011-07-17,5,0,NA,13.9
2011-07-17,6,4,340,16.5
2011-07-17,7,4,270,17
2011-07-17,8,7,300,18.6
2011-07-17,9,11,300,19.8
2011-07-17,10,13,300,21.2
2011-07-17,11,11,310,22.8
2011-07-17,12,13,310,24.3
2011-07-17,13,9,290,24.4
2011-07-17,14,11,300,26.9
2011-07-17,15,9,290,27.3
2011-07-17,16,7,300,28.6
2011-07-17,17,9,290,28.4
2011-07-17,18,6,260,26.7
2011-07-17,19,6,290,22.6
2011-07-17,20,4,310,20.8
2011-07-17,21,7,60,20.2
2011-07-17,22,6,280,18.5
2011-07-17,23,6,60,19.7
2011-07-18,0,7,330,18.5
2011-07-18,1,13,330,18.8
2011-07-18,2,6,350,18.1
2011-07-18,3,7,310,16.5
2011-07-18,4,6,340,16.7
2011-07-18,5,6,280,16.2
2011-07-18,6,0,NA,18.4
2011-07-18,7,4,250,19.4
2011-07-18,8,11,310,20.6
2011-07-18,9,6,280,21.9
2011-07-18,10,11,300,23.3
2011-07-18,11,7,300,24.6
2011-07-18,12,7,310,26.6
2011-07-18,13,9,280,27.2
2011-07-18,14,7,300,28.6
2011-07-18,15,7,280,28.4
2011-07-18,16,6,230,30.3
2011-07-18,17,9,290,29.2
2011-07-18,18,4,300,28
2011-07-18,19,15,320,23.5
2011-07-18,20,13,320,22.5
2011-07-18,21,7,340,20.4
2011-07-18,22,6,310,17.9
2011-07-18,23,6,90,16.4
2011-07-19,0,4,300,16.5
2011-07-19,1,0,NA,16
2011-07-19,2,0,NA,15.4
2011-07-19,3,4,230,15.6
2011-07-19,4,4,80,14.4
2011-07-19,5,0,NA,14.5
2011-07-19,6,4,270,17
2011-07-19,7,6,290,18.6
2011-07-19,8,7,290,19.1
2011-07-19,9,6,290,20.9
2011-07-19,10,7,290,20.6
2011-07-19,11,4,280,21.3
2011-07-19,12,19,180,24
2011-07-19,13,15,170,24.5
2011-07-19,14,13,210,22.2
2011-07-19,15,15,230,20.4
2011-07-19,16,15,250,19.5
2011-07-19,17,9,290,15.9
2011-07-19,18,13,320,14.5
2011-07-19,19,6,80,14.4
2011-07-19,20,4,250,14.3
2011-07-19,21,7,70,13.9
2011-07-19,22,4,100,13.9
2011-07-19,23,6,160,14
2011-07-20,0,0,NA,13.4
2011-07-20,1,6,290,12.9
2011-07-20,2,4,100,12.8
2011-07-20,3,0,NA,12.7
2011-07-20,4,0,NA,12.7
2011-07-20,5,4,40,13
2011-07-20,6,4,250,13.9
2011-07-20,7,6,200,15.9
2011-07-20,8,11,160,15.4
2011-07-20,9,11,160,16.2
2011-07-20,10,13,140,18.2
2011-07-20,11,17,170,19.6
2011-07-20,12,17,170,20.1
2011-07-20,13,17,160,19.8
2011-07-20,14,17,180,20.4
2011-07-20,15,6,310,21.2
2011-07-20,16,9,210,23.2
2011-07-20,17,11,210,21.7
2011-07-20,18,9,220,21.8
2011-07-20,19,7,180,19.5
2011-07-20,20,9,180,18.1
2011-07-20,21,7,90,15.2
2011-07-20,22,7,90,13.8
2011-07-20,23,11,80,13.7
2011-07-21,0,11,70,14.3
2011-07-21,1,11,60,13.1
2011-07-21,2,6,60,11.8
2011-07-21,3,15,70,12.4
2011-07-21,4,11,70,12.9
2011-07-21,5,6,70,12.2
2011-07-21,6,13,80,12.6
2011-07-21,7,4,70,13.4
2011-07-21,8,4,110,13.5
2011-07-21,9,4,260,13.6
2011-07-21,10,6,50,15.7
2011-07-21,11,7,190,18
2011-07-21,12,11,180,17.6
2011-07-21,13,6,180,17.1
2011-07-21,14,6,140,17.4
2011-07-21,15,9,130,17.8
2011-07-21,16,11,180,17
2011-07-21,17,11,160,16.6
2011-07-21,18,15,170,15.9
2011-07-21,19,4,200,15.1
2011-07-21,20,6,180,14.8
2011-07-21,21,4,170,14
2011-07-21,22,0,NA,13.5
2011-07-21,23,24,330,12.2
2011-07-22,0,26,330,12
2011-07-22,1,22,330,11.9
2011-07-22,2,17,320,11.5
2011-07-22,3,15,310,10.5
2011-07-22,4,11,310,10.3
2011-07-22,5,4,40,10.1
2011-07-22,6,0,NA,10.4
2011-07-22,7,4,260,12.8
2011-07-22,8,4,280,12.9
2011-07-22,9,9,280,13.8
2011-07-22,10,7,320,13.2
2011-07-22,11,6,150,15.2
2011-07-22,12,7,140,18
2011-07-22,13,7,170,18.2
2011-07-22,14,9,190,17.4
2011-07-22,15,9,140,18.9
2011-07-22,16,13,160,17.4
2011-07-22,17,0,NA,18
2011-07-22,18,6,200,19.3
2011-07-22,19,0,NA,16.5
2011-07-22,20,4,170,14.5
2011-07-22,21,7,80,12.2
2011-07-22,22,7,80,11.8
2011-07-22,23,7,60,11.1
2011-07-23,0,6,60,11.2
2011-07-23,1,7,60,11.7
2011-07-23,2,11,70,10.9
2011-07-23,3,15,80,10.1
2011-07-23,4,11,80,9.6
2011-07-23,5,13,90,9.8
2011-07-23,6,11,90,10.2
2011-07-23,7,6,100,13.1
2011-07-23,8,0,NA,15.7
2011-07-23,9,4,250,16.7
2011-07-23,10,4,190,19
2011-07-23,11,6,300,21.6
2011-07-23,12,7,300,21
2011-07-23,13,0,NA,22.9
2011-07-23,14,6,270,23
2011-07-23,15,6,250,23.7
2011-07-23,16,7,300,23.7
2011-07-23,17,7,300,25.4
2011-07-23,18,7,290,24.5
2011-07-23,19,6,310,21.3
2011-07-23,20,7,60,17.2
2011-07-23,21,6,70,16
2011-07-23,22,7,50,17.2
2011-07-23,23,0,NA,15.3
2011-07-24,0,0,NA,14
2011-07-24,1,6,60,13.5
2011-07-24,2,4,60,11.9
2011-07-24,3,0,NA,12.2
2011-07-24,4,7,60,10.8
2011-07-24,5,7,70,11.2
2011-07-24,6,0,NA,14.4
2011-07-24,7,0,NA,16.4
2011-07-24,8,4,270,17.3
2011-07-24,9,6,280,18.9
2011-07-24,10,6,230,20.9
2011-07-24,11,0,NA,23.6
2011-07-24,12,6,260,24.8
2011-07-24,13,7,280,26.8
2011-07-24,14,7,240,27.8
2011-07-24,15,6,280,29.2
2011-07-24,16,6,270,29.7
2011-07-24,17,6,270,29.5
2011-07-24,18,6,300,27.6
2011-07-24,19,6,320,22.9
2011-07-24,20,7,40,20.2
2011-07-24,21,6,360,20.4
2011-07-24,22,7,340,19.4
2011-07-24,23,4,350,19.3
2011-07-25,0,4,110,16.8
2011-07-25,1,4,280,16.4
2011-07-25,2,0,NA,15.6
2011-07-25,3,6,80,14.2
2011-07-25,4,4,130,14.4
2011-07-25,5,0,NA,14.5
2011-07-25,6,0,NA,14.7
2011-07-25,7,4,40,15.7
2011-07-25,8,7,120,15.1
2011-07-25,9,13,20,16.1
2011-07-25,10,6,140,21.3
2011-07-25,11,6,120,23.7
2011-07-25,12,7,260,25
2011-07-25,13,4,360,24.3
2011-07-25,14,19,310,22.8
2011-07-25,15,24,330,22.1
2011-07-25,16,20,330,21.8
2011-07-25,17,24,330,19.4
2011-07-25,18,4,90,17
2011-07-25,19,7,10,16.3
2011-07-25,20,7,60,13.8
2011-07-25,21,9,60,12.7
2011-07-25,22,13,80,13.2
2011-07-25,23,13,80,13.4
2011-07-26,0,13,80,13.4
2011-07-26,1,11,80,13.6
2011-07-26,2,4,350,12.7
2011-07-26,3,6,70,12.8
2011-07-26,4,0,NA,12.3
2011-07-26,5,6,90,12.9
2011-07-26,6,6,80,13.6
2011-07-26,7,0,NA,13.2
2011-07-26,8,0,NA,13.7
2011-07-26,9,0,NA,14.8
2011-07-26,10,0,NA,17.3
2011-07-26,11,6,140,19.3
2011-07-26,12,6,240,19.7
2011-07-26,13,7,180,19.5
2011-07-26,14,11,160,21.1
2011-07-26,15,11,170,20.3
2011-07-26,16,9,150,19.5
2011-07-26,17,4,260,19.7
2011-07-26,18,6,290,16.2
2011-07-26,19,13,70,14.8
2011-07-26,20,6,60,13.7
2011-07-26,21,13,80,13.4
2011-07-26,22,4,40,13.2
2011-07-26,23,7,130,12.9
2011-07-27,0,7,70,12.9
2011-07-27,1,6,80,12.8
2011-07-27,2,6,340,12.7
2011-07-27,3,0,NA,12.2
2011-07-27,4,0,NA,12.3
2011-07-27,5,4,90,12.4
2011-07-27,6,0,NA,13.3
2011-07-27,7,0,NA,14.4
2011-07-27,8,6,310,14.8
2011-07-27,9,4,310,16.1
2011-07-27,10,6,310,15.6
2011-07-27,11,0,NA,17.7
2011-07-27,12,6,120,19.1
2011-07-27,13,4,210,22.2
2011-07-27,14,19,310,21.1
2011-07-27,15,7,330,21.7
2011-07-27,16,0,NA,20.5
2011-07-27,17,6,300,21.8
2011-07-27,18,6,300,20.5
2011-07-27,19,6,300,17.2
2011-07-27,20,6,330,15.9
2011-07-27,21,6,70,14.7
2011-07-27,22,6,350,14.2
2011-07-27,23,7,50,13.6
2011-07-28,0,6,360,13.7
2011-07-28,1,7,70,12.3
2011-07-28,2,0,NA,12.2
2011-07-28,3,6,70,11.8
2011-07-28,4,4,30,11.8
2011-07-28,5,4,30,11.1
2011-07-28,6,4,60,14
2011-07-28,7,0,NA,14.9
2011-07-28,8,4,300,16.8
2011-07-28,9,4,240,17.8
2011-07-28,10,6,270,19.8
2011-07-28,11,6,310,21.6
2011-07-28,12,NA,NA,NA
2011-07-28,13,6,260,24.1
2011-07-28,14,4,230,25.7
2011-07-28,15,4,240,25.4
2011-07-28,16,7,270,25.7
2011-07-28,17,4,290,27.2
2011-07-28,18,0,NA,24
2011-07-28,19,6,160,22.1
2011-07-28,20,9,80,18.7
2011-07-28,21,7,80,18.4
2011-07-28,22,11,70,18
2011-07-28,23,11,70,17.4
2011-07-29,0,13,80,17.2
2011-07-29,1,11,80,16.3
2011-07-29,2,13,80,15.7
2011-07-29,3,7,50,14.8
2011-07-29,4,9,60,14.4
2011-07-29,5,11,70,14.3
2011-07-29,6,13,70,15.5
2011-07-29,7,9,70,17.5
2011-07-29,8,4,190,19
2011-07-29,9,7,250,19.9
2011-07-29,10,6,310,22.9
2011-07-29,11,6,290,25.1
2011-07-29,12,9,210,26.7
2011-07-29,13,13,190,26.1
2011-07-29,14,11,320,25.7
2011-07-29,15,13,280,26.1
2011-07-29,16,15,280,27.7
2011-07-29,17,11,260,27.5
2011-07-29,18,9,260,26.3
2011-07-29,19,6,290,23.2
2011-07-29,20,6,10,19.7
2011-07-29,21,6,50,17.9
2011-07-29,22,4,50,18
2011-07-29,23,4,360,18.3
2011-07-30,0,6,350,16.7
2011-07-30,1,6,30,15.7
2011-07-30,2,4,210,14.8
2011-07-30,3,0,NA,13.8
2011-07-30,4,6,60,13.2
2011-07-30,5,6,50,12.9
2011-07-30,6,0,NA,15.8
2011-07-30,7,4,250,16.1
2011-07-30,8,6,80,18.7
2011-07-30,9,4,170,20
2011-07-30,10,6,230,21.9
2011-07-30,11,4,120,24.4
2011-07-30,12,6,240,25.8
2011-07-30,13,6,270,27.1
2011-07-30,14,6,230,29.7
2011-07-30,15,13,160,30.4
2011-07-30,16,11,150,30.3
2011-07-30,17,9,190,30.6
2011-07-30,18,9,190,29.4
2011-07-30,19,6,160,27.3
2011-07-30,20,11,70,22.2
2011-07-30,21,9,80,21.6
2011-07-30,22,11,60,21.1
2011-07-30,23,15,70,20.4
2011-07-31,0,17,70,19.6
2011-07-31,1,17,70,18.9
2011-07-31,2,13,80,17.9
2011-07-31,3,9,60,17.2
2011-07-31,4,17,80,16.6
2011-07-31,5,7,60,16.4
2011-07-31,6,7,70,17.6
2011-07-31,7,7,80,19.9
2011-07-31,8,4,190,21.3
2011-07-31,9,4,260,22.6
2011-07-31,10,13,180,26.1
2011-07-31,11,17,150,27.8
2011-07-31,12,13,160,28.9
2011-07-31,13,19,200,29.4
2011-07-31,14,17,210,30
2011-07-31,15,13,220,30.3
2011-07-31,16,13,220,29.9
2011-07-31,17,13,220,29.1
2011-07-31,18,9,240,28.4
2011-07-31,19,7,190,25.7
2011-07-31,20,11,170,24.7
2011-07-31,21,11,170,24.1
2011-07-31,22,7,130,21.3
2011-07-31,23,7,70,20.1
2011-08-01,0,4,80,19.1
2011-08-01,1,9,70,17.4
2011-08-01,2,11,70,16.2
2011-08-01,3,6,70,15.3
2011-08-01,4,7,70,14.4
2011-08-01,5,4,60,14.8
2011-08-01,6,0,NA,17.5
2011-08-01,7,4,240,17.3
2011-08-01,8,17,320,19.8
2011-08-01,9,9,310,21.7
2011-08-01,10,15,320,22.4
2011-08-01,11,15,290,23.6
2011-08-01,12,7,250,24.7
2011-08-01,13,13,300,25.7
2011-08-01,14,11,310,27.8
2011-08-01,15,13,300,27.7
2011-08-01,16,13,300,28.2
2011-08-01,17,9,300,28.4
2011-08-01,18,7,300,26.8
2011-08-01,19,6,310,23.7
2011-08-01,20,7,40,19.5
2011-08-01,21,7,60,19.2
2011-08-01,22,13,320,19.1
2011-08-01,23,0,NA,17.4
2011-08-02,0,6,70,16.3
2011-08-02,1,4,50,16
2011-08-02,2,6,10,15.1
2011-08-02,3,6,60,13.9
2011-08-02,4,7,70,13.4
2011-08-02,5,6,70,12.3
2011-08-02,6,0,NA,15.5
2011-08-02,7,4,360,16.6
2011-08-02,8,4,190,18
2011-08-02,9,6,150,20
2011-08-02,10,4,240,22.2
2011-08-02,11,6,270,23.5
2011-08-02,12,7,270,24.7
2011-08-02,13,6,300,26.7
2011-08-02,14,11,190,29.8
2011-08-02,15,15,220,27.9
2011-08-02,16,6,280,26.3
2011-08-02,17,11,330,24.2
2011-08-02,18,6,310,24.7
2011-08-02,19,7,340,22.4
2011-08-02,20,7,20,20.5
2011-08-02,21,6,50,19
2011-08-02,22,6,340,18.5
2011-08-02,23,6,350,18.2
2011-08-03,0,0,NA,16.9
2011-08-03,1,4,90,16.2
2011-08-03,2,7,60,15.5
2011-08-03,3,6,60,14.5
2011-08-03,4,6,60,13.7
2011-08-03,5,6,50,13.7
2011-08-03,6,4,50,16.5
2011-08-03,7,0,NA,17
2011-08-03,8,4,240,18.6
2011-08-03,9,0,NA,20.9
2011-08-03,10,4,240,22.7
2011-08-03,11,6,230,23.7
2011-08-03,12,7,290,25.9
2011-08-03,13,7,300,27.7
2011-08-03,14,9,300,28.2
2011-08-03,15,6,240,27.8
2011-08-03,16,4,260,27.7
2011-08-03,17,4,270,27.7
2011-08-03,18,6,300,24.9
2011-08-03,19,0,NA,22.8
2011-08-03,20,6,10,21.2
2011-08-03,21,7,50,20
2011-08-03,22,0,NA,19.3
2011-08-03,23,6,20,18.6
2011-08-04,0,6,60,17.3
2011-08-04,1,6,50,17
2011-08-04,2,4,10,16.4
2011-08-04,3,4,20,15.3
2011-08-04,4,6,50,13.9
2011-08-04,5,7,70,13.6
2011-08-04,6,4,60,16.6
2011-08-04,7,0,NA,17.4
2011-08-04,8,4,230,19.3
2011-08-04,9,4,260,21.7
2011-08-04,10,6,270,23.1
2011-08-04,11,NA,NA,NA
2011-08-04,12,NA,NA,NA
2011-08-04,13,NA,NA,NA
2011-08-04,14,NA,NA,NA
2011-08-04,15,NA,NA,NA
2011-08-04,16,NA,NA,NA
2011-08-04,17,NA,NA,NA
2011-08-04,18,6,310,29.1
2011-08-04,19,0,NA,23.2
2011-08-04,20,6,30,22.1
2011-08-04,21,6,60,21.7
2011-08-04,22,6,30,21
2011-08-04,23,6,20,21
2011-08-05,0,6,330,18.7
2011-08-05,1,4,110,18
2011-08-05,2,4,80,17.7
2011-08-05,3,7,70,16.5
2011-08-05,4,7,70,16.3
2011-08-05,5,4,40,15.4
2011-08-05,6,0,NA,17.3
2011-08-05,7,0,NA,18.3
2011-08-05,8,4,150,19.7
2011-08-05,9,4,120,22.8
2011-08-05,10,6,250,24.6
2011-08-05,11,6,260,25.9
2011-08-05,12,9,200,29.6
2011-08-05,13,15,160,30.4
2011-08-05,14,13,190,30.9
2011-08-05,15,15,200,31.1
2011-08-05,16,13,200,30.8
2011-08-05,17,17,210,29.8
2011-08-05,18,11,190,28.3
2011-08-05,19,13,200,26.6
2011-08-05,20,7,140,24.2
2011-08-05,21,6,120,22.5
2011-08-05,22,13,90,21.1
2011-08-05,23,11,70,20.3
2011-08-06,0,11,60,19.5
2011-08-06,1,13,70,19.1
2011-08-06,2,13,80,18.5
2011-08-06,3,9,60,17.5
2011-08-06,4,15,80,16.9
2011-08-06,5,15,80,16.2
2011-08-06,6,7,70,17.5
2011-08-06,7,6,110,19.2
2011-08-06,8,4,110,21.5
2011-08-06,9,0,NA,22.8
2011-08-06,10,11,160,25.6
2011-08-06,11,11,190,27
2011-08-06,12,17,160,27.7
2011-08-06,13,11,170,29.3
2011-08-06,14,15,190,29.5
2011-08-06,15,9,200,30.5
2011-08-06,16,11,250,29.4
2011-08-06,17,13,220,28.3
2011-08-06,18,17,200,27.2
2011-08-06,19,11,190,25.2
2011-08-06,20,9,140,23.3
2011-08-06,21,7,70,21.4
2011-08-06,22,11,70,19.6
2011-08-06,23,9,90,19.3
2011-08-07,0,9,60,18.9
2011-08-07,1,6,80,17.9
2011-08-07,2,7,70,17.3
2011-08-07,3,7,70,16.4
2011-08-07,4,6,60,16
2011-08-07,5,4,50,15.3
2011-08-07,6,0,NA,16.3
2011-08-07,7,4,220,17.8
2011-08-07,8,4,260,20
2011-08-07,9,4,260,21
2011-08-07,10,4,260,23.3
2011-08-07,11,6,240,25
2011-08-07,12,6,310,26.5
2011-08-07,13,7,270,27.1
2011-08-07,14,6,290,28.7
2011-08-07,15,7,300,29.4
2011-08-07,16,7,270,28.9
2011-08-07,17,7,290,28.7
2011-08-07,18,6,300,27.4
2011-08-07,19,7,320,22.9
2011-08-07,20,7,70,20.5
2011-08-07,21,7,60,20.1
2011-08-07,22,6,360,20.7
2011-08-07,23,0,NA,18.9
2011-08-08,0,6,90,16.5
2011-08-08,1,4,30,16.5
2011-08-08,2,4,360,16.8
2011-08-08,3,4,40,16
2011-08-08,4,4,20,15.4
2011-08-08,5,6,60,15.2
2011-08-08,6,0,NA,15.7
2011-08-08,7,0,NA,16.9
2011-08-08,8,4,250,19.6
2011-08-08,9,0,NA,21.8
2011-08-08,10,6,300,21.8
2011-08-08,11,7,310,24.7
2011-08-08,12,7,310,25.9
2011-08-08,13,11,300,26.8
2011-08-08,14,7,320,26.8
2011-08-08,15,6,280,26
2011-08-08,16,7,310,25.9
2011-08-08,17,4,270,28.5
2011-08-08,18,0,NA,27.8
2011-08-08,19,6,60,23.3
2011-08-08,20,7,50,21.5
2011-08-08,21,11,80,20.2
2011-08-08,22,6,50,20.3
2011-08-08,23,4,40,20.5
2011-08-09,0,6,360,18.3
2011-08-09,1,6,110,17.7
2011-08-09,2,6,60,17
2011-08-09,3,6,60,15.9
2011-08-09,4,7,70,15.3
2011-08-09,5,6,60,15.2
2011-08-09,6,0,NA,16.4
2011-08-09,7,0,NA,17.8
2011-08-09,8,4,260,19.5
2011-08-09,9,4,220,21
2011-08-09,10,4,280,23.2
2011-08-09,11,4,250,25.4
2011-08-09,12,6,250,27.4
2011-08-09,13,7,330,29.3
2011-08-09,14,7,230,30.8
2011-08-09,15,9,180,31.1
2011-08-09,16,13,180,30.8
2011-08-09,17,13,190,30.3
2011-08-09,18,4,230,27.6
2011-08-09,19,7,70,22.9
2011-08-09,20,11,80,22.6
2011-08-09,21,6,340,21.6
2011-08-09,22,6,50,20.2
2011-08-09,23,4,60,18.3
2011-08-10,0,4,70,17.4
2011-08-10,1,6,80,17.1
2011-08-10,2,7,70,16.8
2011-08-10,3,0,NA,15
2011-08-10,4,6,80,14.7
2011-08-10,5,6,50,14.8
2011-08-10,6,7,70,16.5
2011-08-10,7,7,100,18.7
2011-08-10,8,4,180,20
2011-08-10,9,6,260,21.1
2011-08-10,10,6,220,23
2011-08-10,11,6,250,25.3
2011-08-10,12,6,240,27.1
2011-08-10,13,9,210,28.1
2011-08-10,14,11,180,29
2011-08-10,15,15,170,28.9
2011-08-10,16,19,160,26.3
2011-08-10,17,13,150,27.1
2011-08-10,18,15,160,25.5
2011-08-10,19,11,150,23
2011-08-10,20,15,170,22.3
2011-08-10,21,6,60,19.4
2011-08-10,22,9,70,18.1
2011-08-10,23,9,60,16.4
2011-08-11,0,7,70,16.1
2011-08-11,1,6,60,15.6
2011-08-11,2,7,60,14.7
2011-08-11,3,7,70,13.7
2011-08-11,4,9,70,13.9
2011-08-11,5,4,50,13.5
2011-08-11,6,9,80,13.6
2011-08-11,7,4,120,16.9
2011-08-11,8,4,120,18.5
2011-08-11,9,6,290,19.9
2011-08-11,10,6,20,22.4
2011-08-11,11,6,180,24.4
2011-08-11,12,6,180,26.5
2011-08-11,13,6,180,25.2
2011-08-11,14,9,160,24.8
2011-08-11,15,20,340,22.2
2011-08-11,16,20,320,22.5
2011-08-11,17,11,330,22.2
2011-08-11,18,0,NA,23.9
2011-08-11,19,4,20,20
2011-08-11,20,7,100,17
2011-08-11,21,7,80,16.6
2011-08-11,22,7,60,17
2011-08-11,23,6,20,17.2
2011-08-12,0,4,40,16
2011-08-12,1,0,NA,15.7
2011-08-12,2,6,80,14.5
2011-08-12,3,7,70,13.6
2011-08-12,4,6,60,13.9
2011-08-12,5,6,50,13.3
2011-08-12,6,0,NA,13.7
2011-08-12,7,0,NA,16.3
2011-08-12,8,0,NA,18.6
2011-08-12,9,0,NA,20.1
2011-08-12,10,6,250,22
2011-08-12,11,7,240,24.1
2011-08-12,12,6,300,26.4
2011-08-12,13,9,300,28
2011-08-12,14,9,260,29.5
2011-08-12,15,6,170,30.4
2011-08-12,16,4,150,30.2
2011-08-12,17,7,250,28.9
2011-08-12,18,0,NA,28.7
2011-08-12,19,6,310,24.1
2011-08-12,20,7,40,21.7
2011-08-12,21,7,60,20.6
2011-08-12,22,6,60,20.3
2011-08-12,23,4,20,19.7
2011-08-13,0,0,NA,17.8
2011-08-13,1,0,NA,17.9
2011-08-13,2,7,60,16.6
2011-08-13,3,4,30,16
2011-08-13,4,6,50,15.1
2011-08-13,5,6,30,14.2
2011-08-13,6,0,NA,14.9
2011-08-13,7,0,NA,17
2011-08-13,8,4,260,18.9
2011-08-13,9,6,260,20.9
2011-08-13,10,4,240,23
2011-08-13,11,6,230,25.2
2011-08-13,12,6,270,27
2011-08-13,13,4,230,29.5
2011-08-13,14,6,220,29.8
2011-08-13,15,7,190,31.6
2011-08-13,16,6,240,32.4
2011-08-13,17,4,220,30.9
2011-08-13,18,6,170,29.4
2011-08-13,19,4,70,24.1
2011-08-13,20,9,70,22.3
2011-08-13,21,13,70,21.4
2011-08-13,22,11,80,21
2011-08-13,23,7,60,20.1
2011-08-14,0,11,80,19.4
2011-08-14,1,6,40,18.3
2011-08-14,2,7,60,17.8
2011-08-14,3,13,80,17.2
2011-08-14,4,17,70,17.3
2011-08-14,5,15,80,16.3
2011-08-14,6,13,70,16.7
2011-08-14,7,7,70,19.9
2011-08-14,8,0,NA,21.6
2011-08-14,9,7,230,23.3
2011-08-14,10,9,210,25.3
2011-08-14,11,6,180,27.9
2011-08-14,12,11,160,28.5
2011-08-14,13,13,160,28.4
2011-08-14,14,11,190,29.7
2011-08-14,15,13,190,29.1
2011-08-14,16,11,220,29
2011-08-14,17,11,220,26.7
2011-08-14,18,13,240,25.8
2011-08-14,19,9,230,23.8
2011-08-14,20,7,60,20.4
2011-08-14,21,11,110,19.9
2011-08-14,22,6,100,18.6
2011-08-14,23,17,90,17.8
2011-08-15,0,7,80,17.4
2011-08-15,1,7,340,15.2
2011-08-15,2,7,80,14.6
2011-08-15,3,9,70,13.9
2011-08-15,4,11,80,13.6
2011-08-15,5,7,70,13.5
2011-08-15,6,4,340,13.2
2011-08-15,7,0,NA,17
2011-08-15,8,32,330,13.6
2011-08-15,9,22,330,11.6
2011-08-15,10,0,NA,12.9
2011-08-15,11,11,310,13.8
2011-08-15,12,6,300,16.4
2011-08-15,13,4,140,18.6
2011-08-15,14,6,270,20.1
2011-08-15,15,13,350,13.6
2011-08-15,16,7,290,15.3
2011-08-15,17,0,NA,19.2
2011-08-15,18,6,270,15.6
2011-08-15,19,7,310,14.1
2011-08-15,20,6,70,12.4
2011-08-15,21,7,70,11.9
2011-08-15,22,7,70,11.8
2011-08-15,23,6,50,11.4
2011-08-16,0,7,60,10.8
2011-08-16,1,0,NA,10.1
2011-08-16,2,6,70,9.6
2011-08-16,3,6,60,9.3
2011-08-16,4,7,60,8.6
2011-08-16,5,6,50,8.4
2011-08-16,6,6,70,9.3
2011-08-16,7,4,220,11.8
2011-08-16,8,4,210,13.4
2011-08-16,9,4,250,15.6
2011-08-16,10,4,220,17.4
2011-08-16,11,6,290,19.1
2011-08-16,12,6,260,20.6
2011-08-16,13,4,360,23.1
2011-08-16,14,4,290,24.2
2011-08-16,15,7,200,26.1
2011-08-16,16,7,170,25.9
2011-08-16,17,7,210,25.7
2011-08-16,18,6,280,23
2011-08-16,19,6,330,18
2011-08-16,20,9,60,16.8
2011-08-16,21,13,70,16.6
2011-08-16,22,7,50,16.2
2011-08-16,23,4,40,15.9
2011-08-17,0,0,NA,14.6
2011-08-17,1,7,50,14
2011-08-17,2,11,60,13.3
2011-08-17,3,11,60,12.7
2011-08-17,4,11,60,11.9
2011-08-17,5,13,70,11.3
2011-08-17,6,9,70,12.2
2011-08-17,7,11,90,14.6
2011-08-17,8,4,140,15.9
2011-08-17,9,4,270,18.3
2011-08-17,10,4,220,19.7
2011-08-17,11,6,290,22.5
2011-08-17,12,6,170,26.6
2011-08-17,13,9,200,27.9
2011-08-17,14,13,190,28.7
2011-08-17,15,15,200,28.8
2011-08-17,16,17,200,28.5
2011-08-17,17,13,220,27.9
2011-08-17,18,7,230,26.3
2011-08-17,19,4,290,23.2
2011-08-17,20,7,50,19.4
2011-08-17,21,9,60,18.4
2011-08-17,22,6,20,17.5
2011-08-17,23,7,60,16.4
2011-08-18,0,7,60,15.4
2011-08-18,1,6,100,13.7
2011-08-18,2,6,350,14.7
2011-08-18,3,6,10,15.1
2011-08-18,4,0,NA,13.4
2011-08-18,5,11,70,12.4
2011-08-18,6,7,80,13
2011-08-18,7,0,NA,17.4
2011-08-18,8,11,320,18.5
2011-08-18,9,17,330,19.3
2011-08-18,10,19,310,20.3
2011-08-18,11,17,320,21.8
2011-08-18,12,15,320,23.3
2011-08-18,13,13,300,24.5
2011-08-18,14,15,310,24.7
2011-08-18,15,19,320,24.7
2011-08-18,16,19,330,24.8
2011-08-18,17,19,330,23.9
2011-08-18,18,15,320,21.9
2011-08-18,19,19,340,20.4
2011-08-18,20,17,340,19.7
2011-08-18,21,11,310,17.4
2011-08-18,22,7,310,15.1
2011-08-18,23,4,190,15
2011-08-19,0,6,70,13.4
2011-08-19,1,6,40,13.5
2011-08-19,2,4,70,12.9
2011-08-19,3,6,70,12
2011-08-19,4,7,70,10.9
2011-08-19,5,7,70,9.9
2011-08-19,6,6,70,10.6
2011-08-19,7,4,330,14.4
2011-08-19,8,11,310,15.7
2011-08-19,9,13,300,17.2
2011-08-19,10,13,300,18.4
2011-08-19,11,13,290,20.4
2011-08-19,12,13,300,22.6
2011-08-19,13,11,280,23.5
2011-08-19,14,15,310,24.8
2011-08-19,15,17,320,26
2011-08-19,16,17,320,25.9
2011-08-19,17,7,300,25.4
2011-08-19,18,6,270,23.8
2011-08-19,19,4,320,19
2011-08-19,20,6,10,17.7
2011-08-19,21,4,60,16.7
2011-08-19,22,0,NA,15.9
2011-08-19,23,4,40,16.1
2011-08-20,0,4,280,14.5
2011-08-20,1,7,70,13.4
2011-08-20,2,7,60,12.4
2011-08-20,3,9,60,12.6
2011-08-20,4,6,50,10.4
2011-08-20,5,6,10,11.5
2011-08-20,6,7,60,11.4
2011-08-20,7,0,NA,15
2011-08-20,8,4,330,17.2
2011-08-20,9,9,300,18.1
2011-08-20,10,NA,NA,NA
2011-08-20,11,7,290,22.1
2011-08-20,12,7,290,23.7
2011-08-20,13,7,300,26.4
2011-08-20,14,7,270,26.9
2011-08-20,15,6,270,28.9
2011-08-20,16,4,290,29.1
2011-08-20,17,4,270,29.1
2011-08-20,18,6,290,25.1
2011-08-20,19,0,NA,20.9
2011-08-20,20,7,50,19.9
2011-08-20,21,6,40,20.3
2011-08-20,22,6,10,19.7
2011-08-20,23,4,340,17.1
2011-08-21,0,0,NA,17.2
2011-08-21,1,4,60,15.5
2011-08-21,2,7,70,15
2011-08-21,3,6,40,14.5
2011-08-21,4,6,60,13.9
2011-08-21,5,6,60,13
2011-08-21,6,7,70,12.8
2011-08-21,7,0,NA,15.1
2011-08-21,8,0,NA,17.5
2011-08-21,9,4,210,20.2
2011-08-21,10,4,240,22.6
2011-08-21,11,4,250,24.7
2011-08-21,12,7,310,26.6
2011-08-21,13,6,280,29.3
2011-08-21,14,7,300,30.9
2011-08-21,15,13,320,28.4
2011-08-21,16,6,320,28.8
2011-08-21,17,4,120,31
2011-08-21,18,0,NA,27.7
2011-08-21,19,6,60,23.5
2011-08-21,20,9,70,21.8
2011-08-21,21,9,70,21.9
2011-08-21,22,7,70,21.4
2011-08-21,23,7,50,20.7
2011-08-22,0,9,50,20.2
2011-08-22,1,6,70,19.3
2011-08-22,2,9,60,18.7
2011-08-22,3,13,70,18.5
2011-08-22,4,11,70,17.2
2011-08-22,5,13,70,16.5
2011-08-22,6,9,60,16.4
2011-08-22,7,15,80,18.9
2011-08-22,8,6,130,21.3
2011-08-22,9,4,250,22.6
2011-08-22,10,4,270,24.9
2011-08-22,11,4,260,28.7
2011-08-22,12,13,190,31.3
2011-08-22,13,13,190,31.4
2011-08-22,14,15,190,31.2
2011-08-22,15,17,190,32.7
2011-08-22,16,15,230,32.9
2011-08-22,17,13,210,30.5
2011-08-22,18,9,200,28.8
2011-08-22,19,13,200,28.3
2011-08-22,20,9,200,27.1
2011-08-22,21,13,230,27.2
2011-08-22,22,6,250,26.1
2011-08-22,23,13,190,25.6
2011-08-23,0,11,200,24.9
2011-08-23,1,11,190,24
2011-08-23,2,9,150,22.7
2011-08-23,3,6,160,21.7
2011-08-23,4,0,NA,19.2
2011-08-23,5,6,210,17.7
2011-08-23,6,0,NA,19.1
2011-08-23,7,7,100,18.3
2011-08-23,8,13,140,23.1
2011-08-23,9,7,180,25.4
2011-08-23,10,6,200,26.9
2011-08-23,11,9,210,25.5
2011-08-23,12,7,210,26.6
2011-08-23,13,11,170,26.2
2011-08-23,14,13,220,29
2011-08-23,15,11,250,28.6
2011-08-23,16,11,220,28.6
2011-08-23,17,11,240,28
2011-08-23,18,9,200,26.8
2011-08-23,19,9,150,23.9
2011-08-23,20,4,90,21.2
2011-08-23,21,7,80,20
2011-08-23,22,6,70,19.5
2011-08-23,23,6,60,19.3
2011-08-24,0,6,360,18.9
2011-08-24,1,6,40,18.2
2011-08-24,2,7,50,17.9
2011-08-24,3,4,10,16.8
2011-08-24,4,9,50,16.4
2011-08-24,5,15,70,15.9
2011-08-24,6,13,80,16.1
2011-08-24,7,7,70,18.5
2011-08-24,8,6,130,20
2011-08-24,9,4,200,22.1
2011-08-24,10,0,NA,24.3
2011-08-24,11,4,230,26.2
2011-08-24,12,7,70,29.3
2011-08-24,13,7,180,30.7
2011-08-24,14,11,200,31.9
2011-08-24,15,15,190,31.9
2011-08-24,16,13,180,31.6
2011-08-24,17,13,190,31.1
2011-08-24,18,11,200,29.6
2011-08-24,19,0,NA,23.9
2011-08-24,20,9,60,22.5
2011-08-24,21,11,70,21.5
2011-08-24,22,6,70,20.8
2011-08-24,23,7,60,20.9
2011-08-25,0,17,80,20.5
2011-08-25,1,7,60,19.6
2011-08-25,2,15,80,19.9
2011-08-25,3,4,10,17.3
2011-08-25,4,4,40,16.8
2011-08-25,5,0,NA,16.5
2011-08-25,6,4,360,16.8
2011-08-25,7,0,NA,17.1
2011-08-25,8,4,210,19
2011-08-25,9,6,130,19.1
2011-08-25,10,4,120,24.1
2011-08-25,11,6,230,25.4
2011-08-25,12,7,270,27.9
2011-08-25,13,7,300,28.3
2011-08-25,14,6,290,30.1
2011-08-25,15,7,300,30.8
2011-08-25,16,9,300,29.1
2011-08-25,17,7,290,29.6
2011-08-25,18,6,250,26.6
2011-08-25,19,4,20,24
2011-08-25,20,6,50,21.2
2011-08-25,21,7,30,20.5
2011-08-25,22,9,340,20.9
2011-08-25,23,0,NA,20.8
2011-08-26,0,6,340,19
2011-08-26,1,0,NA,18.6
2011-08-26,2,6,50,17.5
2011-08-26,3,0,NA,17.3
2011-08-26,4,0,NA,15.7
2011-08-26,5,4,80,14.8
2011-08-26,6,4,50,15
2011-08-26,7,0,NA,19.6
2011-08-26,8,4,250,19.8
2011-08-26,9,0,NA,22.9
2011-08-26,10,6,290,23.7
2011-08-26,11,4,240,26.6
2011-08-26,12,7,280,27.7
2011-08-26,13,9,300,29.5
2011-08-26,14,4,290,31.6
2011-08-26,15,7,300,30.6
2011-08-26,16,7,300,30.5
2011-08-26,17,6,310,29.1
2011-08-26,18,4,50,24.8
2011-08-26,19,6,330,23.3
2011-08-26,20,9,70,21.8
2011-08-26,21,4,350,22.6
2011-08-26,22,6,10,22.2
2011-08-26,23,4,360,21
2011-08-27,0,4,10,19.2
2011-08-27,1,6,340,18.3
2011-08-27,2,4,10,18.1
2011-08-27,3,4,30,16.9
2011-08-27,4,7,60,16
2011-08-27,5,6,60,15.7
2011-08-27,6,4,60,15.3
2011-08-27,7,0,NA,19
2011-08-27,8,0,NA,19.7
2011-08-27,9,6,280,21.4
2011-08-27,10,6,230,23.9
2011-08-27,11,4,220,26.6
2011-08-27,12,7,270,28.5
2011-08-27,13,4,310,31.1
2011-08-27,14,13,180,33.7
2011-08-27,15,13,200,33.8
2011-08-27,16,11,200,33.8
2011-08-27,17,6,300,32.6
2011-08-27,18,4,300,29.6
2011-08-27,19,6,50,23.5
2011-08-27,20,11,70,22.7
2011-08-27,21,9,60,22.7
2011-08-27,22,6,10,23.2
2011-08-27,23,0,NA,20
2011-08-28,0,4,340,20
2011-08-28,1,0,NA,18.7
2011-08-28,2,4,230,18.1
2011-08-28,3,4,80,16.7
2011-08-28,4,4,20,16.6
2011-08-28,5,6,40,15.5
2011-08-28,6,0,NA,14.9
2011-08-28,7,0,NA,19.4
2011-08-28,8,4,240,19.5
2011-08-28,9,0,NA,22.5
2011-08-28,10,4,280,24.6
2011-08-28,11,7,300,25.7
2011-08-28,12,6,260,27.3
2011-08-28,13,7,300,28.8
2011-08-28,14,6,270,30.2
2011-08-28,15,6,300,32.5
2011-08-28,16,6,270,31.8
2011-08-28,17,0,NA,30.4
2011-08-28,18,4,300,25.8
2011-08-28,19,6,50,24.2
2011-08-28,20,4,20,24
2011-08-28,21,7,340,22.5
2011-08-28,22,4,10,20.7
2011-08-28,23,4,260,20.2
2011-08-29,0,0,NA,19.7
2011-08-29,1,7,60,17.5
2011-08-29,2,6,50,16.4
2011-08-29,3,6,60,17.3
2011-08-29,4,13,100,15.3
2011-08-29,5,13,70,16.7
2011-08-29,6,7,30,16.1
2011-08-29,7,7,80,19.4
2011-08-29,8,6,110,20.3
2011-08-29,9,6,120,23.4
2011-08-29,10,4,230,26.4
2011-08-29,11,9,150,28.9
2011-08-29,12,15,160,29.4
2011-08-29,13,15,160,30.6
2011-08-29,14,13,190,30.2
2011-08-29,15,15,190,30.4
2011-08-29,16,11,200,30.8
2011-08-29,17,15,200,30
2011-08-29,18,13,180,28.2
2011-08-29,19,11,170,26.9
2011-08-29,20,13,160,25.9
2011-08-29,21,11,150,25
2011-08-29,22,7,110,22.2
2011-08-29,23,11,120,22.9
2011-08-30,0,6,130,20.6
2011-08-30,1,6,70,19.4
2011-08-30,2,6,90,18.3
2011-08-30,3,6,90,17
2011-08-30,4,9,80,16.8
2011-08-30,5,7,70,16.4
2011-08-30,6,4,70,16.7
2011-08-30,7,4,240,20.2
2011-08-30,8,6,190,21.4
2011-08-30,9,11,180,22.8
2011-08-30,10,13,160,24.2
2011-08-30,11,15,170,25.8
2011-08-30,12,17,160,25.7
2011-08-30,13,11,150,27.5
2011-08-30,14,13,250,26.9
2011-08-30,15,15,210,26.7
2011-08-30,16,13,220,25.1
2011-08-30,17,6,200,24.4
2011-08-30,18,15,330,20.8
2011-08-30,19,20,330,19.7
2011-08-30,20,26,340,19.7
2011-08-30,21,22,330,19.3
2011-08-30,22,15,320,18.3
2011-08-30,23,19,340,17.6
2011-08-31,0,17,330,16.5
2011-08-31,1,7,330,15.7
2011-08-31,2,0,NA,14.5
2011-08-31,3,0,NA,13.9
2011-08-31,4,4,80,13.6
2011-08-31,5,6,60,12.6
2011-08-31,6,0,NA,12.5
2011-08-31,7,4,120,14.1
2011-08-31,8,13,340,16.8
2011-08-31,9,22,330,14.5
2011-08-31,10,15,310,14.3
2011-08-31,11,13,300,14.2
2011-08-31,12,6,270,15.3
2011-08-31,13,7,80,16.9
2011-08-31,14,7,230,16.3
2011-08-31,15,4,130,14.8
2011-08-31,16,0,NA,15.5
2011-08-31,17,4,130,15.7
2011-08-31,18,4,190,13.9
2011-08-31,19,17,90,10.8
2011-08-31,20,19,50,11.5
2011-08-31,21,13,80,10.8
2011-08-31,22,7,90,10.9
2011-08-31,23,7,120,9.5
2011-09-01,0,4,330,9.2
2011-09-01,1,6,330,8.6
2011-09-01,2,6,100,8.2
2011-09-01,3,6,350,8
2011-09-01,4,0,NA,8.4
2011-09-01,5,4,70,8.1
2011-09-01,6,6,70,7.9
2011-09-01,7,4,30,10.3
2011-09-01,8,6,110,12.8
2011-09-01,9,4,120,13.5
2011-09-01,10,6,220,13.9
2011-09-01,11,6,240,15.9
2011-09-01,12,7,180,18.3
2011-09-01,13,7,170,19.5
2011-09-01,14,11,170,20.8
2011-09-01,15,13,180,21.6
2011-09-01,16,9,190,20.1
2011-09-01,17,13,160,18.5
2011-09-01,18,9,150,18.2
2011-09-01,19,7,320,17
2011-09-01,20,6,320,16.3
2011-09-01,21,4,150,15
2011-09-01,22,4,70,13.8
2011-09-01,23,6,60,13.6
2011-09-02,0,6,60,12.5
2011-09-02,1,9,140,13.7
2011-09-02,2,4,130,12.9
2011-09-02,3,4,340,11.4
2011-09-02,4,4,90,11.6
2011-09-02,5,6,40,11
2011-09-02,6,13,340,12.3
2011-09-02,7,7,340,12.8
2011-09-02,8,11,310,14
2011-09-02,9,13,310,17
2011-09-02,10,17,320,18.3
2011-09-02,11,20,330,18.3
2011-09-02,12,26,330,19.1
2011-09-02,13,19,330,20.6
2011-09-02,14,20,330,20.4
2011-09-02,15,20,330,18.6
2011-09-02,16,22,330,18.4
2011-09-02,17,20,330,17.4
2011-09-02,18,17,340,16.7
2011-09-02,19,17,340,16.3
2011-09-02,20,11,330,14.8
2011-09-02,21,0,NA,13
2011-09-02,22,0,NA,12.2
2011-09-02,23,6,70,10.6
2011-09-03,0,7,70,10.3
2011-09-03,1,6,60,9.4
2011-09-03,2,7,70,8.8
2011-09-03,3,4,60,7.8
2011-09-03,4,7,70,7.4
2011-09-03,5,7,60,6.9
2011-09-03,6,7,70,6.9
2011-09-03,7,0,NA,9.9
2011-09-03,8,0,NA,12.2
2011-09-03,9,7,320,14.4
2011-09-03,10,7,300,16
2011-09-03,11,9,300,17.6
2011-09-03,12,7,250,19.2
2011-09-03,13,7,280,21.2
2011-09-03,14,4,290,22.4
2011-09-03,15,6,260,23.3
2011-09-03,16,6,300,23.5
2011-09-03,17,6,270,22.9
2011-09-03,18,6,300,17.9
2011-09-03,19,6,40,14.9
2011-09-03,20,6,10,15
2011-09-03,21,7,340,14.2
2011-09-03,22,6,30,13.4
2011-09-03,23,6,30,13
2011-09-04,0,4,150,12
2011-09-04,1,6,60,10.8
2011-09-04,2,6,70,10.4
2011-09-04,3,4,70,9.5
2011-09-04,4,4,300,8.4
2011-09-04,5,0,NA,8.9
2011-09-04,6,4,310,7.2
2011-09-04,7,4,260,9.3
2011-09-04,8,6,240,12.3
2011-09-04,9,4,220,15.4
2011-09-04,10,4,220,18
2011-09-04,11,4,230,20
2011-09-04,12,6,280,21.7
2011-09-04,13,6,260,23.9
2011-09-04,14,7,230,26
2011-09-04,15,7,260,27.5
2011-09-04,16,9,300,27.7
2011-09-04,17,7,300,26.7
2011-09-04,18,6,310,21.2
2011-09-04,19,6,80,18.7
2011-09-04,20,9,60,18
2011-09-04,21,6,60,16.9
2011-09-04,22,4,10,17.5
2011-09-04,23,4,10,16.6
2011-09-05,0,6,360,14.9
2011-09-05,1,4,150,14.1
2011-09-05,2,4,30,13.5
2011-09-05,3,7,60,12
2011-09-05,4,0,NA,11.3
2011-09-05,5,11,60,11.8
2011-09-05,6,6,50,10.8
2011-09-05,7,0,NA,11.7
2011-09-05,8,6,90,16.3
2011-09-05,9,4,190,17.7
2011-09-05,10,4,240,19.4
2011-09-05,11,6,220,21
2011-09-05,12,6,290,23.9
2011-09-05,13,4,310,25.9
2011-09-05,14,7,280,26.5
2011-09-05,15,11,300,27.7
2011-09-05,16,7,300,28.3
2011-09-05,17,6,310,27.4
2011-09-05,18,4,310,22.7
2011-09-05,19,6,80,19.5
2011-09-05,20,6,50,19.4
2011-09-05,21,4,70,19.3
2011-09-05,22,4,60,18.1
2011-09-05,23,0,NA,17.2
2011-09-06,0,0,NA,16.6
2011-09-06,1,4,300,15.4
2011-09-06,2,0,NA,15.2
2011-09-06,3,7,70,13
2011-09-06,4,6,50,13
2011-09-06,5,7,60,12.1
2011-09-06,6,9,70,11.4
2011-09-06,7,4,30,14.5
2011-09-06,8,0,NA,16.3
2011-09-06,9,4,250,18.3
2011-09-06,10,4,300,20.8
2011-09-06,11,4,280,22.7
2011-09-06,12,6,270,24.7
2011-09-06,13,6,280,26.8
2011-09-06,14,4,260,29
2011-09-06,15,0,NA,30.6
2011-09-06,16,7,160,30.5
2011-09-06,17,7,170,29.7
2011-09-06,18,0,NA,23.8
2011-09-06,19,11,70,20.6
2011-09-06,20,9,60,20.4
2011-09-06,21,6,50,20.4
2011-09-06,22,6,10,19.7
2011-09-06,23,0,NA,17.7
2011-09-07,0,6,70,16
2011-09-07,1,6,70,15.7
2011-09-07,2,6,60,14
2011-09-07,3,0,NA,13.4
2011-09-07,4,4,20,12.4
2011-09-07,5,6,50,12.2
2011-09-07,6,0,NA,11.9
2011-09-07,7,0,NA,12.8
2011-09-07,8,0,NA,16
2011-09-07,9,4,240,18.6
2011-09-07,10,4,230,20.6
2011-09-07,11,4,250,23.1
2011-09-07,12,6,300,24.9
2011-09-07,13,6,240,26.7
2011-09-07,14,4,250,29.3
2011-09-07,15,4,260,30.3
2011-09-07,16,4,260,30.8
2011-09-07,17,0,NA,30.9
2011-09-07,18,6,320,23.8
2011-09-07,19,7,50,20.9
2011-09-07,20,11,340,21.5
2011-09-07,21,7,310,19.3
2011-09-07,22,4,340,18.8
2011-09-07,23,0,NA,18.3
2011-09-08,0,4,100,16.6
2011-09-08,1,4,50,14.8
2011-09-08,2,0,NA,15.1
2011-09-08,3,6,80,14.1
2011-09-08,4,7,60,13.4
2011-09-08,5,4,80,13.3
2011-09-08,6,6,60,12.7
2011-09-08,7,0,NA,13.5
2011-09-08,8,0,NA,16.3
2011-09-08,9,0,NA,19.1
2011-09-08,10,6,290,20.9
2011-09-08,11,6,320,23.6
2011-09-08,12,6,280,25.2
2011-09-08,13,6,320,27.1
2011-09-08,14,7,270,28.6
2011-09-08,15,6,280,29.5
2011-09-08,16,9,310,28.6
2011-09-08,17,4,300,27.5
2011-09-08,18,0,NA,22.7
2011-09-08,19,4,20,22.1
2011-09-08,20,6,10,21.2
2011-09-08,21,6,350,20.8
2011-09-08,22,4,140,19.5
2011-09-08,23,4,30,19.5
2011-09-09,0,6,70,17.8
2011-09-09,1,6,70,16.5
2011-09-09,2,4,60,15.1
2011-09-09,3,0,NA,15.7
2011-09-09,4,4,80,14.9
2011-09-09,5,0,NA,14.9
2011-09-09,6,4,20,13.2
2011-09-09,7,0,NA,15.3
2011-09-09,8,0,NA,17.5
2011-09-09,9,0,NA,19.6
2011-09-09,10,6,290,21.8
2011-09-09,11,6,300,24
2011-09-09,12,0,NA,26.7
2011-09-09,13,6,300,27.8
2011-09-09,14,9,300,28.7
2011-09-09,15,7,290,29.6
2011-09-09,16,6,290,29.4
2011-09-09,17,6,260,27.8
2011-09-09,18,4,330,24.1
2011-09-09,19,6,60,21.2
2011-09-09,20,4,350,21
2011-09-09,21,7,350,20.8
2011-09-09,22,4,20,17.9
2011-09-09,23,0,NA,18.7
2011-09-10,0,6,70,17
2011-09-10,1,0,NA,17.8
2011-09-10,2,0,NA,15.7
2011-09-10,3,0,NA,15.8
2011-09-10,4,0,NA,14.1
2011-09-10,5,4,110,14.3
2011-09-10,6,6,40,13.3
2011-09-10,7,0,NA,14.9
2011-09-10,8,0,NA,17.7
2011-09-10,9,4,250,19.7
2011-09-10,10,4,270,21.9
2011-09-10,11,6,280,24.3
2011-09-10,12,6,300,26.1
2011-09-10,13,6,250,27.8
2011-09-10,14,6,280,29.5
2011-09-10,15,6,290,29.5
2011-09-10,16,6,300,29.7
2011-09-10,17,6,300,27.9
2011-09-10,18,4,320,22.6
2011-09-10,19,7,60,21.6
2011-09-10,20,6,10,22.5
2011-09-10,21,4,300,19.8
2011-09-10,22,0,NA,19
2011-09-10,23,4,40,19.6
2011-09-11,0,4,130,18.4
2011-09-11,1,4,40,16.7
2011-09-11,2,4,90,15.9
2011-09-11,3,4,50,15.6
2011-09-11,4,0,NA,14.9
2011-09-11,5,6,80,13.8
2011-09-11,6,4,20,12.9
2011-09-11,7,0,NA,14.8
2011-09-11,8,0,NA,17
2011-09-11,9,4,230,19.2
2011-09-11,10,4,250,21.9
2011-09-11,11,6,260,24.2
2011-09-11,12,6,260,25.8
2011-09-11,13,6,290,27.4
2011-09-11,14,6,260,29
2011-09-11,15,4,250,30.8
2011-09-11,16,6,270,28.5
2011-09-11,17,0,NA,30.7
2011-09-11,18,6,320,23.6
2011-09-11,19,0,NA,21.2
2011-09-11,20,4,40,20.8
2011-09-11,21,4,160,20.2
2011-09-11,22,4,300,18.8
2011-09-11,23,4,320,17.6
2011-09-12,0,4,240,18.4
2011-09-12,1,4,180,17.6
2011-09-12,2,0,NA,16.4
2011-09-12,3,0,NA,15.4
2011-09-12,4,0,NA,14.8
2011-09-12,5,4,20,14.6
2011-09-12,6,6,50,13.7
2011-09-12,7,0,NA,14.6
2011-09-12,8,0,NA,17.1
2011-09-12,9,0,NA,19.8
2011-09-12,10,4,240,21.7
2011-09-12,11,4,250,23.7
2011-09-12,12,4,280,25.6
2011-09-12,13,4,260,27.7
2011-09-12,14,6,270,28.8
2011-09-12,15,7,310,29.4
2011-09-12,16,9,300,28.4
2011-09-12,17,7,320,27.3
2011-09-12,18,4,10,21.9
2011-09-12,19,4,70,20.7
2011-09-12,20,4,50,20.6
2011-09-12,21,4,340,20.8
2011-09-12,22,0,NA,18.1
2011-09-12,23,0,NA,17.9
2011-09-13,0,0,NA,17.7
2011-09-13,1,0,NA,18
2011-09-13,2,4,60,15.7
2011-09-13,3,4,30,15.8
2011-09-13,4,4,60,15
2011-09-13,5,4,70,14.2
2011-09-13,6,0,NA,14.7
2011-09-13,7,0,NA,14.8
2011-09-13,8,0,NA,17
2011-09-13,9,4,240,17.8
2011-09-13,10,0,NA,19.5
2011-09-13,11,4,200,22.2
2011-09-13,12,4,150,24.3
2011-09-13,13,6,230,26.7
2011-09-13,14,6,200,26.9
2011-09-13,15,0,NA,26.8
2011-09-13,16,0,NA,26.8
2011-09-13,17,0,NA,26.2
2011-09-13,18,4,70,22
2011-09-13,19,6,30,20.7
2011-09-13,20,6,30,21.5
2011-09-13,21,7,40,21.4
2011-09-13,22,19,50,20.5
2011-09-13,23,20,70,19.4
2011-09-14,0,19,60,19
2011-09-14,1,22,60,18.3
2011-09-14,2,24,60,17.7
2011-09-14,3,20,60,17.5
2011-09-14,4,19,60,17
2011-09-14,5,20,70,16.1
2011-09-14,6,20,60,15.8
2011-09-14,7,17,60,16.5
2011-09-14,8,13,70,18.2
2011-09-14,9,4,90,21.1
2011-09-14,10,6,240,22.1
2011-09-14,11,7,200,23.4
2011-09-14,12,7,250,24.7
2011-09-14,13,6,250,26
2011-09-14,14,4,160,27.6
2011-09-14,15,4,250,28.1
2011-09-14,16,4,270,28.1
2011-09-14,17,4,20,25.2
2011-09-14,18,0,NA,22.1
2011-09-14,19,7,60,19.5
2011-09-14,20,7,60,19.8
2011-09-14,21,4,50,18.6
2011-09-14,22,6,20,19.3
2011-09-14,23,9,50,18.4
2011-09-15,0,13,70,17.7
2011-09-15,1,19,70,17
2011-09-15,2,20,80,16.2
2011-09-15,3,19,70,15.6
2011-09-15,4,15,70,14.9
2011-09-15,5,13,80,14.4
2011-09-15,6,9,70,14.5
2011-09-15,7,19,70,12
2011-09-15,8,13,100,12.8
2011-09-15,9,4,170,13.9
2011-09-15,10,4,230,14.4
2011-09-15,11,4,330,16.4
2011-09-15,12,7,300,17.8
2011-09-15,13,0,NA,19.9
2011-09-15,14,6,160,20
2011-09-15,15,9,160,20.6
2011-09-15,16,9,150,19.7
2011-09-15,17,15,200,20.4
2011-09-15,18,17,200,18.2
2011-09-15,19,15,190,18
2011-09-15,20,13,190,17.6
2011-09-15,21,6,90,16
2011-09-15,22,9,170,16.5
2011-09-15,23,7,190,15.9
2011-09-16,0,7,160,16.2
2011-09-16,1,6,210,15
2011-09-16,2,6,180,14
2011-09-16,3,4,160,13.2
2011-09-16,4,7,190,13.2
2011-09-16,5,4,160,11.7
2011-09-16,6,6,140,12.7
2011-09-16,7,4,160,13.5
2011-09-16,8,7,180,15.3
2011-09-16,9,13,150,16.4
2011-09-16,10,11,150,17.3
2011-09-16,11,11,150,18.5
2011-09-16,12,13,190,19.1
2011-09-16,13,15,200,20.2
2011-09-16,14,15,200,19.9
2011-09-16,15,17,200,20.3
2011-09-16,16,11,200,19
2011-09-16,17,11,160,17.8
2011-09-16,18,13,190,17.2
2011-09-16,19,6,160,15.6
2011-09-16,20,9,160,14.8
2011-09-16,21,9,120,13.9
2011-09-16,22,6,50,12.9
2011-09-16,23,6,80,10.8
2011-09-17,0,7,90,11
2011-09-17,1,9,80,11.4
2011-09-17,2,7,80,9.7
2011-09-17,3,7,80,9.5
2011-09-17,4,6,90,8.5
2011-09-17,5,7,80,8.5
2011-09-17,6,6,110,7.8
2011-09-17,7,7,120,9.3
2011-09-17,8,15,160,13
2011-09-17,9,15,160,14.4
2011-09-17,10,11,160,15
2011-09-17,11,13,170,16.5
2011-09-17,12,11,160,16.5
2011-09-17,13,13,180,17.7
2011-09-17,14,15,190,19.1
2011-09-17,15,17,220,17.3
2011-09-17,16,13,210,18.9
2011-09-17,17,13,210,16.4
2011-09-17,18,6,200,15.2
2011-09-17,19,11,180,14.8
2011-09-17,20,11,200,14.5
2011-09-17,21,7,200,13.4
2011-09-17,22,6,70,10.5
2011-09-17,23,6,70,10
2011-09-18,0,7,80,10.2
2011-09-18,1,7,80,10.6
2011-09-18,2,7,80,10.4
2011-09-18,3,6,100,9.7
2011-09-18,4,6,60,10.2
2011-09-18,5,6,60,10.1
2011-09-18,6,0,NA,10.9
2011-09-18,7,6,100,11.6
2011-09-18,8,7,160,13.3
2011-09-18,9,9,170,13.3
2011-09-18,10,6,190,14.1
2011-09-18,11,6,150,15
2011-09-18,12,9,170,15.6
2011-09-18,13,9,170,15.3
2011-09-18,14,11,170,15.1
2011-09-18,15,11,140,15.4
2011-09-18,16,9,170,15.4
2011-09-18,17,7,180,15.3
2011-09-18,18,7,300,14.2
2011-09-18,19,4,90,13.5
2011-09-18,20,6,110,13.4
2011-09-18,21,6,80,12.8
2011-09-18,22,6,90,12.3
2011-09-18,23,7,120,11.7
2011-09-19,0,6,310,11.7
2011-09-19,1,13,300,11.4
2011-09-19,2,4,110,11.2
2011-09-19,3,6,360,12.5
2011-09-19,4,7,270,11
2011-09-19,5,13,330,12
2011-09-19,6,4,40,11.4
2011-09-19,7,4,120,11.2
2011-09-19,8,6,10,13.2
2011-09-19,9,11,330,15
2011-09-19,10,11,310,15.1
2011-09-19,11,20,330,16.3
2011-09-19,12,24,330,17.3
2011-09-19,13,20,330,18.4
2011-09-19,14,20,330,18.7
2011-09-19,15,19,330,17.6
2011-09-19,16,19,330,18.7
2011-09-19,17,19,340,17.4
2011-09-19,18,15,340,15.7
2011-09-19,19,6,300,13.1
2011-09-19,20,4,20,12.1
2011-09-19,21,6,40,11.7
2011-09-19,22,4,340,10.8
2011-09-19,23,4,360,10.4
2011-09-20,0,4,340,9.5
2011-09-20,1,4,50,8.4
2011-09-20,2,7,60,7.5
2011-09-20,3,7,70,6.8
2011-09-20,4,7,60,6.2
2011-09-20,5,7,70,5.8
2011-09-20,6,7,70,5.5
2011-09-20,7,6,60,7.9
2011-09-20,8,4,270,9.7
2011-09-20,9,4,260,11.7
2011-09-20,10,6,280,13.7
2011-09-20,11,6,250,15.4
2011-09-20,12,4,240,17.4
2011-09-20,13,6,280,19.4
2011-09-20,14,4,210,21
2011-09-20,15,6,240,21.3
2011-09-20,16,6,250,21.6
2011-09-20,17,6,290,20.3
2011-09-20,18,4,310,13.4
2011-09-20,19,6,50,13.8
2011-09-20,20,4,30,12.8
2011-09-20,21,6,40,11.7
2011-09-20,22,6,350,11.4
2011-09-20,23,4,190,10.2
2011-09-21,0,4,110,10.3
2011-09-21,1,7,70,8.9
2011-09-21,2,4,80,8.3
2011-09-21,3,6,60,8.2
2011-09-21,4,6,70,7.4
2011-09-21,5,6,50,6.8
2011-09-21,6,4,30,6.9
2011-09-21,7,0,NA,8.7
2011-09-21,8,4,240,9.9
2011-09-21,9,4,220,12.6
2011-09-21,10,4,240,13.9
2011-09-21,11,4,240,16
2011-09-21,12,4,210,18.1
2011-09-21,13,6,240,18.6
2011-09-21,14,6,220,20.4
2011-09-21,15,9,270,21.7
2011-09-21,16,7,310,22
2011-09-21,17,0,NA,19
2011-09-21,18,0,NA,16.3
2011-09-21,19,7,60,15.3
2011-09-21,20,6,40,15.5
2011-09-21,21,6,60,14.1
2011-09-21,22,0,NA,13.3
2011-09-21,23,9,60,13.4
2011-09-22,0,13,80,12.2
2011-09-22,1,13,80,12.4
2011-09-22,2,15,80,12
2011-09-22,3,13,80,11.6
2011-09-22,4,15,90,11
2011-09-22,5,9,80,10.4
2011-09-22,6,15,80,9.8
2011-09-22,7,11,100,11.3
2011-09-22,8,7,130,13.5
2011-09-22,9,6,170,15.8
2011-09-22,10,4,230,15.2
2011-09-22,11,0,NA,16.7
2011-09-22,12,4,140,17.8
2011-09-22,13,4,120,21.3
2011-09-22,14,0,NA,23.9
2011-09-22,15,7,210,27
2011-09-22,16,11,230,25.3
2011-09-22,17,6,290,18.4
2011-09-22,18,0,NA,15.9
2011-09-22,19,6,300,14.9
2011-09-22,20,4,300,15.1
2011-09-22,21,4,50,12.7
2011-09-22,22,6,140,12.9
2011-09-22,23,6,150,13.8
2011-09-23,0,7,60,13.5
2011-09-23,1,4,50,12.4
2011-09-23,2,7,60,13.1
2011-09-23,3,6,50,12.4
2011-09-23,4,6,60,12.2
2011-09-23,5,6,50,11.5
2011-09-23,6,13,80,13.3
2011-09-23,7,4,20,12
2011-09-23,8,4,120,17.8
2011-09-23,9,6,150,19.5
2011-09-23,10,6,150,21.9
2011-09-23,11,4,290,22.7
2011-09-23,12,6,300,26.8
2011-09-23,13,11,150,28.5
2011-09-23,14,11,190,29.6
2011-09-23,15,13,200,30.1
2011-09-23,16,11,200,29.8
2011-09-23,17,6,200,28.1
2011-09-23,18,7,130,24.2
2011-09-23,19,4,110,21.5
2011-09-23,20,9,70,20.3
2011-09-23,21,13,70,20.2
2011-09-23,22,13,70,19.5
2011-09-23,23,13,70,18.5
2011-09-24,0,15,80,17.9
2011-09-24,1,6,60,15.7
2011-09-24,2,7,50,15.8
2011-09-24,3,11,70,15.4
2011-09-24,4,6,50,14.3
2011-09-24,5,7,70,13.2
2011-09-24,6,4,350,12.2
2011-09-24,7,6,60,14.1
2011-09-24,8,6,100,16.3
2011-09-24,9,4,260,17.4
2011-09-24,10,4,250,19.8
2011-09-24,11,4,250,22.3
2011-09-24,12,4,190,24.7
2011-09-24,13,6,240,26.6
2011-09-24,14,4,230,27.9
2011-09-24,15,4,260,29.5
2011-09-24,16,6,300,27.8
2011-09-24,17,0,NA,23.5
2011-09-24,18,4,350,20.8
2011-09-24,19,4,20,19.2
2011-09-24,20,0,NA,19.3
2011-09-24,21,0,NA,19.2
2011-09-24,22,4,30,17
2011-09-24,23,6,210,16.3
2011-09-25,0,0,NA,15.4
2011-09-25,1,4,270,15.9
2011-09-25,2,4,330,12.2
2011-09-25,3,13,110,14.6
2011-09-25,4,11,100,14.4
2011-09-25,5,11,90,15.3
2011-09-25,6,9,90,15
2011-09-25,7,13,130,14.5
2011-09-25,8,6,130,13.4
2011-09-25,9,6,120,18.5
2011-09-25,10,6,330,18.5
2011-09-25,11,6,200,24.8
2011-09-25,12,15,180,24.3
2011-09-25,13,17,190,24.4
2011-09-25,14,20,220,25.1
2011-09-25,15,22,240,23.8
2011-09-25,16,19,200,20.7
2011-09-25,17,9,220,19.8
2011-09-25,18,11,190,18.6
2011-09-25,19,6,220,17.5
2011-09-25,20,0,NA,16.1
2011-09-25,21,7,160,15.9
2011-09-25,22,6,240,15.5
2011-09-25,23,7,180,14.9
2011-09-26,0,15,180,14.2
2011-09-26,1,13,170,14
2011-09-26,2,13,170,13.1
2011-09-26,3,9,180,12.1
2011-09-26,4,6,190,11.8
2011-09-26,5,4,190,10.6
2011-09-26,6,6,60,8.4
2011-09-26,7,4,100,10.1
2011-09-26,8,4,200,13.9
2011-09-26,9,11,160,15.2
2011-09-26,10,7,150,17
2011-09-26,11,13,160,15.8
2011-09-26,12,11,160,16.5
2011-09-26,13,9,150,17.1
2011-09-26,14,4,230,16.8
2011-09-26,15,0,NA,15.2
2011-09-26,16,4,40,13.7
2011-09-26,17,4,340,12.1
2011-09-26,18,0,NA,11.4
2011-09-26,19,4,330,10.9
2011-09-26,20,0,NA,10.9
2011-09-26,21,4,60,11.6
2011-09-26,22,0,NA,10.8
2011-09-26,23,0,NA,11.1
2011-09-27,0,0,NA,10.8
2011-09-27,1,6,160,10.9
2011-09-27,2,7,90,10.9
2011-09-27,3,0,NA,10.8
2011-09-27,4,0,NA,11
2011-09-27,5,4,60,11
2011-09-27,6,4,120,11.5
2011-09-27,7,0,NA,11.4
2011-09-27,8,6,110,12.8
2011-09-27,9,7,140,14.5
2011-09-27,10,7,200,15.6
2011-09-27,11,15,150,16.2
2011-09-27,12,19,170,18.3
2011-09-27,13,13,160,16.9
2011-09-27,14,20,160,17.5
2011-09-27,15,15,170,18.4
2011-09-27,16,19,170,16.9
2011-09-27,17,11,160,16.1
2011-09-27,18,11,150,15.6
2011-09-27,19,7,160,15.8
2011-09-27,20,6,160,14.9
2011-09-27,21,9,300,12.8
2011-09-27,22,6,270,11.1
2011-09-27,23,13,310,11.5
2011-09-28,0,6,70,10.2
2011-09-28,1,4,310,10
2011-09-28,2,0,NA,9.6
2011-09-28,3,6,300,8.9
2011-09-28,4,9,310,8.4
2011-09-28,5,4,330,7.6
2011-09-28,6,4,80,6.4
2011-09-28,7,6,80,7.4
2011-09-28,8,0,NA,11.2
2011-09-28,9,4,210,12.6
2011-09-28,10,4,210,14.2
2011-09-28,11,4,260,15.6
2011-09-28,12,9,320,16.8
2011-09-28,13,11,320,17.7
2011-09-28,14,17,310,18.2
2011-09-28,15,15,320,18.4
2011-09-28,16,15,310,16.2
2011-09-28,17,NA,NA,NA
2011-09-28,18,NA,NA,NA
2011-09-28,19,6,20,10.9
2011-09-28,20,6,50,9.5
2011-09-28,21,7,360,10.2
2011-09-28,22,4,30,9.3
2011-09-28,23,0,NA,8.2
2011-09-29,0,4,280,6.6
2011-09-29,1,4,40,7.3
2011-09-29,2,4,60,6.5
2011-09-29,3,4,20,5.1
2011-09-29,4,4,270,5.2
2011-09-29,5,0,NA,5.1
2011-09-29,6,4,40,5
2011-09-29,7,0,NA,6.3
2011-09-29,8,0,NA,8.8
2011-09-29,9,4,240,10.4
2011-09-29,10,0,NA,13
2011-09-29,11,4,200,15.1
2011-09-29,12,6,230,16.9
2011-09-29,13,4,180,19.7
2011-09-29,14,4,230,20.6
2011-09-29,15,6,250,20.7
2011-09-29,16,6,240,20.5
2011-09-29,17,0,NA,19.7
2011-09-29,18,7,60,14.1
2011-09-29,19,7,70,12.5
2011-09-29,20,6,320,12
2011-09-29,21,6,30,12
2011-09-29,22,0,NA,11.6
2011-09-29,23,4,300,10.3
2011-09-30,0,0,NA,9.9
2011-09-30,1,0,NA,8.8
2011-09-30,2,4,40,7.8
2011-09-30,3,0,NA,7.9
2011-09-30,4,6,50,7.1
2011-09-30,5,4,70,6.5
2011-09-30,6,7,60,6.3
2011-09-30,7,4,50,6.4
2011-09-30,8,0,NA,9.4
2011-09-30,9,6,130,12.4
2011-09-30,10,4,200,14.9
2011-09-30,11,6,260,16.7
2011-09-30,12,4,250,18.3
2011-09-30,13,4,250,20.5
2011-09-30,14,6,280,22.3
2011-09-30,15,6,250,23.3
2011-09-30,16,7,320,22.7
2011-09-30,17,7,300,18.8
2011-09-30,18,6,60,16.4
2011-09-30,19,4,70,15.1
2011-09-30,20,4,260,15.3
2011-09-30,21,4,310,14.8
2011-09-30,22,6,40,14.4
2011-09-30,23,9,80,13.1
2012-05-01,0,6,110,5.5
2012-05-01,1,0,NA,4.9
2012-05-01,2,4,140,4.3
2012-05-01,3,11,140,5.1
2012-05-01,4,19,150,5.5
2012-05-01,5,15,170,5.4
2012-05-01,6,13,160,5.4
2012-05-01,7,13,160,5.8
2012-05-01,8,15,170,6.3
2012-05-01,9,13,180,7.6
2012-05-01,10,11,150,9
2012-05-01,11,17,160,9.7
2012-05-01,12,13,180,11.1
2012-05-01,13,19,180,10.5
2012-05-01,14,11,210,9.7
2012-05-01,15,17,160,11.2
2012-05-01,16,15,170,10.2
2012-05-01,17,15,170,9.1
2012-05-01,18,13,150,8.7
2012-05-01,19,9,160,7.7
2012-05-01,20,6,200,7.3
2012-05-01,21,7,140,6
2012-05-01,22,6,90,6.3
2012-05-01,23,6,90,5.7
2012-05-02,0,4,90,5.6
2012-05-02,1,4,120,5.9
2012-05-02,2,4,150,5.9
2012-05-02,3,6,120,5.1
2012-05-02,4,4,130,4.9
2012-05-02,5,6,110,4.8
2012-05-02,6,4,150,4.9
2012-05-02,7,15,140,5
2012-05-02,8,7,130,6
2012-05-02,9,6,40,7
2012-05-02,10,13,150,7.6
2012-05-02,11,7,210,9.7
2012-05-02,12,9,160,11
2012-05-02,13,15,160,11.5
2012-05-02,14,11,180,12.1
2012-05-02,15,15,160,12.8
2012-05-02,16,11,180,12.8
2012-05-02,17,13,210,12.3
2012-05-02,18,17,170,9.3
2012-05-02,19,13,170,8.1
2012-05-02,20,9,150,7.4
2012-05-02,21,4,330,6
2012-05-02,22,0,NA,5.3
2012-05-02,23,4,90,4.1
2012-05-03,0,4,130,3.8
2012-05-03,1,4,130,4.1
2012-05-03,2,0,NA,3.1
2012-05-03,3,6,10,2.6
2012-05-03,4,7,60,3.4
2012-05-03,5,13,70,4
2012-05-03,6,11,80,5.5
2012-05-03,7,7,80,6.8
2012-05-03,8,4,120,6.4
2012-05-03,9,0,NA,6.7
2012-05-03,10,0,NA,7.4
2012-05-03,11,6,260,8.9
2012-05-03,12,6,220,8.3
2012-05-03,13,7,290,7.8
2012-05-03,14,4,180,7.2
2012-05-03,15,6,110,7.5
2012-05-03,16,4,240,7.8
2012-05-03,17,0,NA,7.4
2012-05-03,18,0,NA,7.4
2012-05-03,19,6,320,7.1
2012-05-03,20,0,NA,6.8
2012-05-03,21,4,80,6.5
2012-05-03,22,0,NA,6.3
2012-05-03,23,4,170,6.1
2012-05-04,0,0,NA,6
2012-05-04,1,0,NA,5.8
2012-05-04,2,0,NA,5.6
2012-05-04,3,0,NA,5.7
2012-05-04,4,0,NA,5.8
2012-05-04,5,13,160,6
2012-05-04,6,19,150,6
2012-05-04,7,17,150,6.2
2012-05-04,8,13,150,7.2
2012-05-04,9,19,150,8.2
2012-05-04,10,15,160,10.8
2012-05-04,11,15,160,10.4
2012-05-04,12,15,160,11.1
2012-05-04,13,9,150,12.2
2012-05-04,14,13,170,11.6
2012-05-04,15,11,160,11.3
2012-05-04,16,15,180,10.7
2012-05-04,17,11,210,10.7
2012-05-04,18,9,160,9.2
2012-05-04,19,7,180,8.6
2012-05-04,20,6,170,7.3
2012-05-04,21,6,110,6.5
2012-05-04,22,9,150,6.4
2012-05-04,23,0,NA,6.2
2012-05-05,0,6,90,5.4
2012-05-05,1,6,100,5.1
2012-05-05,2,6,120,5.4
2012-05-05,3,7,130,5.6
2012-05-05,4,7,160,5.7
2012-05-05,5,4,140,5.7
2012-05-05,6,4,290,6
2012-05-05,7,6,160,6.5
2012-05-05,8,7,170,7.1
2012-05-05,9,11,160,7.6
2012-05-05,10,9,150,9.1
2012-05-05,11,9,140,9.5
2012-05-05,12,11,140,11.3
2012-05-05,13,9,160,11.3
2012-05-05,14,13,260,12.5
2012-05-05,15,6,80,12.5
2012-05-05,16,11,250,13.4
2012-05-05,17,13,280,10.7
2012-05-05,18,11,270,11.3
2012-05-05,19,6,110,8.7
2012-05-05,20,9,120,8.2
2012-05-05,21,9,100,7.4
2012-05-05,22,4,120,6.8
2012-05-05,23,6,80,5.7
2012-05-06,0,4,120,5.4
2012-05-06,1,9,70,4.5
2012-05-06,2,6,70,4
2012-05-06,3,7,70,3
2012-05-06,4,7,60,2.8
2012-05-06,5,7,60,2.6
2012-05-06,6,4,40,6
2012-05-06,7,4,260,6.3
2012-05-06,8,0,NA,9.1
2012-05-06,9,4,300,10.2
2012-05-06,10,6,230,12
2012-05-06,11,4,310,13.1
2012-05-06,12,6,80,14.7
2012-05-06,13,6,120,15.1
2012-05-06,14,4,270,16.7
2012-05-06,15,6,260,17.2
2012-05-06,16,6,270,17.6
2012-05-06,17,6,280,17.1
2012-05-06,18,6,300,16.4
2012-05-06,19,6,290,12.7
2012-05-06,20,6,60,9.7
2012-05-06,21,9,70,8.5
2012-05-06,22,7,70,8.1
2012-05-06,23,6,70,7.6
2012-05-07,0,6,40,7.3
2012-05-07,1,6,60,6.1
2012-05-07,2,6,60,5.4
2012-05-07,3,7,60,4.9
2012-05-07,4,6,50,4.5
2012-05-07,5,6,60,3.9
2012-05-07,6,4,60,7.3
2012-05-07,7,4,270,7.1
2012-05-07,8,0,NA,9.6
2012-05-07,9,4,160,11.5
2012-05-07,10,0,NA,13
2012-05-07,11,4,330,14.7
2012-05-07,12,4,270,16.3
2012-05-07,13,4,350,18.1
2012-05-07,14,6,270,19
2012-05-07,15,6,260,20.2
2012-05-07,16,6,290,20.3
2012-05-07,17,6,280,18.8
2012-05-07,18,4,310,17.8
2012-05-07,19,4,310,15
2012-05-07,20,6,40,13.7
2012-05-07,21,7,60,12
2012-05-07,22,6,20,12.1
2012-05-07,23,6,350,11
2012-05-08,0,6,10,9.4
2012-05-08,1,6,70,8.9
2012-05-08,2,6,30,8.7
2012-05-08,3,7,60,7.7
2012-05-08,4,7,70,7.1
2012-05-08,5,7,60,6.9
2012-05-08,6,4,300,8.7
2012-05-08,7,0,NA,9.7
2012-05-08,8,0,NA,12.9
2012-05-08,9,4,240,14.2
2012-05-08,10,4,250,16.1
2012-05-08,11,4,170,18.9
2012-05-08,12,7,220,20.3
2012-05-08,13,7,170,22.3
2012-05-08,14,9,140,23.4
2012-05-08,15,9,190,23
2012-05-08,16,7,180,23.8
2012-05-08,17,9,220,23.8
2012-05-08,18,9,230,21.9
2012-05-08,19,9,250,19.5
2012-05-08,20,6,270,17.6
2012-05-08,21,4,70,16.4
2012-05-08,22,7,90,13.4
2012-05-08,23,15,80,13.3
2012-05-09,0,15,70,12.2
2012-05-09,1,15,80,11.3
2012-05-09,2,13,70,10.7
2012-05-09,3,15,70,10.4
2012-05-09,4,9,70,9.7
2012-05-09,5,11,90,9.5
2012-05-09,6,0,NA,11.1
2012-05-09,7,4,230,12.1
2012-05-09,8,15,190,16.1
2012-05-09,9,NA,NA,16.9
2012-05-09,10,15,210,16.8
2012-05-09,11,13,200,17.2
2012-05-09,12,17,200,17.1
2012-05-09,13,26,270,15.4
2012-05-09,14,22,290,16.4
2012-05-09,15,20,300,17.4
2012-05-09,16,20,290,15.3
2012-05-09,17,13,300,14.4
2012-05-09,18,19,260,14
2012-05-09,19,11,310,11.9
2012-05-09,20,7,270,11.8
2012-05-09,21,4,180,10.1
2012-05-09,22,6,260,9.9
2012-05-09,23,15,280,9.1
2012-05-10,0,17,280,7.6
2012-05-10,1,11,300,6.7
2012-05-10,2,6,340,5.7
2012-05-10,3,7,320,5.5
2012-05-10,4,11,300,4.2
2012-05-10,5,0,NA,3.8
2012-05-10,6,7,320,5.5
2012-05-10,7,13,330,7.8
2012-05-10,8,17,330,8.8
2012-05-10,9,15,340,10.1
2012-05-10,10,11,320,10.1
2012-05-10,11,9,330,10.4
2012-05-10,12,7,300,10.4
2012-05-10,13,13,320,10.5
2012-05-10,14,24,260,12.7
2012-05-10,15,9,310,11
2012-05-10,16,13,320,11.8
2012-05-10,17,19,330,11.6
2012-05-10,18,15,320,11.8
2012-05-10,19,11,340,8.8
2012-05-10,20,9,320,7.5
2012-05-10,21,9,310,6
2012-05-10,22,7,70,3.7
2012-05-10,23,7,60,3.4
2012-05-11,0,9,60,2.9
2012-05-11,1,9,70,2.4
2012-05-11,2,7,60,2.1
2012-05-11,3,7,60,1.4
2012-05-11,4,6,70,1
2012-05-11,5,0,NA,-0.2
2012-05-11,6,0,NA,3.1
2012-05-11,7,0,NA,5.6
2012-05-11,8,0,NA,6.9
2012-05-11,9,6,260,8.6
2012-05-11,10,0,NA,11.3
2012-05-11,11,6,280,12.2
2012-05-11,12,4,260,13.8
2012-05-11,13,7,300,15.4
2012-05-11,14,7,300,15.8
2012-05-11,15,11,300,16.5
2012-05-11,16,9,300,16.9
2012-05-11,17,9,300,16.3
2012-05-11,18,7,270,15.8
2012-05-11,19,6,270,12.7
2012-05-11,20,7,60,8.7
2012-05-11,21,9,70,8.1
2012-05-11,22,7,50,7.7
2012-05-11,23,4,360,8
2012-05-12,0,7,60,6.6
2012-05-12,1,4,40,6
2012-05-12,2,0,NA,4.6
2012-05-12,3,6,60,4.1
2012-05-12,4,6,60,3.7
2012-05-12,5,4,50,3.4
2012-05-12,6,0,NA,6
2012-05-12,7,0,NA,7.2
2012-05-12,8,4,280,9.5
2012-05-12,9,4,270,11.1
2012-05-12,10,6,270,12.9
2012-05-12,11,6,280,15
2012-05-12,12,4,250,16.6
2012-05-12,13,6,230,19.1
2012-05-12,14,6,340,20.4
2012-05-12,15,9,300,20.9
2012-05-12,16,7,300,21.6
2012-05-12,17,7,310,21.2
2012-05-12,18,6,300,19.3
2012-05-12,19,6,330,16.2
2012-05-12,20,6,40,13.9
2012-05-12,21,9,60,13.1
2012-05-12,22,6,40,12.9
2012-05-12,23,6,10,11.4
2012-05-13,0,7,50,10.2
2012-05-13,1,6,70,8.6
2012-05-13,2,6,350,8.5
2012-05-13,3,7,70,7.1
2012-05-13,4,6,50,7.2
2012-05-13,5,4,30,6.8
2012-05-13,6,6,70,9.6
2012-05-13,7,0,NA,10.8
2012-05-13,8,4,220,12.9
2012-05-13,9,4,300,14.7
2012-05-13,10,6,290,16.1
2012-05-13,11,4,310,18.3
2012-05-13,12,0,NA,20.8
2012-05-13,13,4,90,22.7
2012-05-13,14,4,270,24.4
2012-05-13,15,4,310,25.3
2012-05-13,16,7,300,25.9
2012-05-13,17,7,310,25.7
2012-05-13,18,6,300,24.9
2012-05-13,19,7,330,19.6
2012-05-13,20,7,60,16.2
2012-05-13,21,13,70,16.6
2012-05-13,22,4,50,15.3
2012-05-13,23,4,20,14
2012-05-14,0,4,20,13.1
2012-05-14,1,4,300,11.7
2012-05-14,2,4,70,10.6
2012-05-14,3,6,50,11
2012-05-14,4,6,30,9.9
2012-05-14,5,4,20,9.5
2012-05-14,6,0,NA,12.4
2012-05-14,7,4,280,12.9
2012-05-14,8,4,270,14.7
2012-05-14,9,4,270,16.5
2012-05-14,10,6,270,18.6
2012-05-14,11,4,280,20.7
2012-05-14,12,6,230,22.8
2012-05-14,13,0,NA,25.3
2012-05-14,14,4,250,26.5
2012-05-14,15,6,300,27.4
2012-05-14,16,6,310,28.4
2012-05-14,17,7,300,27.6
2012-05-14,18,4,300,24.9
2012-05-14,19,7,340,20.3
2012-05-14,20,6,30,19
2012-05-14,21,6,360,17.4
2012-05-14,22,7,360,16.1
2012-05-14,23,6,340,15.5
2012-05-15,0,6,360,14.2
2012-05-15,1,4,350,13.5
2012-05-15,2,6,20,12.7
2012-05-15,3,7,60,11.2
2012-05-15,4,7,70,10.4
2012-05-15,5,4,30,10.3
2012-05-15,6,4,260,11.4
2012-05-15,7,0,NA,14.1
2012-05-15,8,6,270,15.6
2012-05-15,9,4,270,18
2012-05-15,10,0,NA,20.2
2012-05-15,11,6,290,21.8
2012-05-15,12,7,260,23.1
2012-05-15,13,6,300,24.8
2012-05-15,14,7,300,26.2
2012-05-15,15,7,280,26.9
2012-05-15,16,9,310,27.3
2012-05-15,17,13,320,26.5
2012-05-15,18,4,220,23.9
2012-05-15,19,7,320,21.7
2012-05-15,20,4,350,20.3
2012-05-15,21,4,30,17.9
2012-05-15,22,6,20,17.3
2012-05-15,23,4,10,16
2012-05-16,0,6,90,15.2
2012-05-16,1,6,340,13.9
2012-05-16,2,4,50,12.2
2012-05-16,3,0,NA,11.9
2012-05-16,4,4,20,10.8
2012-05-16,5,0,NA,10.4
2012-05-16,6,0,NA,12.6
2012-05-16,7,4,170,13.4
2012-05-16,8,0,NA,14.9
2012-05-16,9,4,320,17.6
2012-05-16,10,4,310,19.4
2012-05-16,11,4,300,21.1
2012-05-16,12,6,280,23.2
2012-05-16,13,9,250,24.1
2012-05-16,14,13,250,25.1
2012-05-16,15,9,250,23.6
2012-05-16,16,20,260,22.8
2012-05-16,17,20,310,21.1
2012-05-16,18,4,350,20.6
2012-05-16,19,0,NA,17.5
2012-05-16,20,7,70,14.7
2012-05-16,21,7,60,14.6
2012-05-16,22,9,330,14.1
2012-05-16,23,26,330,14.5
2012-05-17,0,20,330,13.5
2012-05-17,1,17,340,12.8
2012-05-17,2,6,290,10.5
2012-05-17,3,4,40,9.9
2012-05-17,4,4,20,9.3
2012-05-17,5,6,70,8.4
2012-05-17,6,6,310,10.8
2012-05-17,7,13,320,11.8
2012-05-17,8,11,300,12.7
2012-05-17,9,13,300,13.8
2012-05-17,10,4,270,15.9
2012-05-17,11,6,260,17.1
2012-05-17,12,4,120,19.8
2012-05-17,13,9,320,20.8
2012-05-17,14,7,270,19
2012-05-17,15,6,280,17.9
2012-05-17,16,6,240,18.4
2012-05-17,17,7,260,18.1
2012-05-17,18,15,260,17.6
2012-05-17,19,13,320,14.5
2012-05-17,20,28,340,13
2012-05-17,21,22,320,12.9
2012-05-17,22,24,320,12.7
2012-05-17,23,17,340,11.7
2012-05-18,0,22,320,11.3
2012-05-18,1,17,330,10.6
2012-05-18,2,11,350,10.6
2012-05-18,3,22,330,9.2
2012-05-18,4,7,80,7
2012-05-18,5,4,10,6.9
2012-05-18,6,0,NA,8.6
2012-05-18,7,0,NA,10.5
2012-05-18,8,7,310,11.3
2012-05-18,9,6,260,12.1
2012-05-18,10,6,270,14.1
2012-05-18,11,4,260,15.5
2012-05-18,12,6,270,16.9
2012-05-18,13,4,270,16
2012-05-18,14,6,260,16.7
2012-05-18,15,4,240,18.4
2012-05-18,16,4,200,16.8
2012-05-18,17,9,300,18.5
2012-05-18,18,7,310,17.5
2012-05-18,19,9,300,13.4
2012-05-18,20,15,330,13.2
2012-05-18,21,7,280,10.2
2012-05-18,22,6,120,8.9
2012-05-18,23,7,70,8.2
2012-05-19,0,7,70,8
2012-05-19,1,7,70,7.5
2012-05-19,2,7,70,6.9
2012-05-19,3,6,60,6.1
2012-05-19,4,6,70,5.9
2012-05-19,5,4,50,6.1
2012-05-19,6,0,NA,7.6
2012-05-19,7,4,250,8
2012-05-19,8,4,240,11
2012-05-19,9,4,250,13.1
2012-05-19,10,4,310,15.3
2012-05-19,11,7,280,14.3
2012-05-19,12,7,300,17.2
2012-05-19,13,11,310,17
2012-05-19,14,13,320,17.9
2012-05-19,15,13,300,16.5
2012-05-19,16,7,290,16.5
2012-05-19,17,7,300,17.2
2012-05-19,18,4,320,15.3
2012-05-19,19,6,300,12.8
2012-05-19,20,6,360,11.9
2012-05-19,21,6,30,10.6
2012-05-19,22,6,10,11.4
2012-05-19,23,6,60,9.8
2012-05-20,0,0,NA,8.9
2012-05-20,1,0,NA,7.8
2012-05-20,2,4,360,7.1
2012-05-20,3,4,60,7.1
2012-05-20,4,6,70,6.1
2012-05-20,5,0,NA,6.4
2012-05-20,6,0,NA,7.5
2012-05-20,7,4,270,11.1
2012-05-20,8,4,260,11.7
2012-05-20,9,6,240,11.8
2012-05-20,10,4,130,14.6
2012-05-20,11,0,NA,16.1
2012-05-20,12,4,180,16.5
2012-05-20,13,6,260,16
2012-05-20,14,4,70,18
2012-05-20,15,4,280,19.3
2012-05-20,16,7,220,17.9
2012-05-20,17,0,NA,14.9
2012-05-20,18,7,60,14.5
2012-05-20,19,0,NA,13.3
2012-05-20,20,4,350,13.6
2012-05-20,21,6,30,12.7
2012-05-20,22,0,NA,11.7
2012-05-20,23,0,NA,10.9
2012-05-21,0,4,220,10.6
2012-05-21,1,0,NA,10
2012-05-21,2,4,20,9.6
2012-05-21,3,0,NA,9.5
2012-05-21,4,0,NA,8.7
2012-05-21,5,0,NA,9.5
2012-05-21,6,0,NA,10.4
2012-05-21,7,0,NA,10.9
2012-05-21,8,4,160,11.1
2012-05-21,9,4,270,10.9
2012-05-21,10,6,230,11
2012-05-21,11,0,NA,11.4
2012-05-21,12,9,230,12
2012-05-21,13,7,260,13.7
2012-05-21,14,4,110,15.6
2012-05-21,15,6,220,14.6
2012-05-21,16,0,NA,14
2012-05-21,17,4,60,13
2012-05-21,18,4,340,12.9
2012-05-21,19,6,300,13.1
2012-05-21,20,9,200,13.4
2012-05-21,21,15,160,13.2
2012-05-21,22,13,160,13
2012-05-21,23,17,170,12.9
2012-05-22,0,17,160,12.5
2012-05-22,1,20,160,12.2
2012-05-22,2,19,160,12
2012-05-22,3,11,160,11.3
2012-05-22,4,11,180,11.4
2012-05-22,5,6,250,11.1
2012-05-22,6,6,310,11.2
2012-05-22,7,7,130,11.2
2012-05-22,8,15,170,11.5
2012-05-22,9,17,160,13.2
2012-05-22,10,13,260,8.5
2012-05-22,11,15,100,9.1
2012-05-22,12,11,120,11.2
2012-05-22,13,17,150,9.2
2012-05-22,14,9,80,12.2
2012-05-22,15,9,300,12
2012-05-22,16,9,60,11.1
2012-05-22,17,6,100,12.7
2012-05-22,18,6,180,12.8
2012-05-22,19,15,320,10
2012-05-22,20,9,30,9.2
2012-05-22,21,6,20,9.2
2012-05-22,22,0,NA,8.2
2012-05-22,23,4,60,7.9
2012-05-23,0,6,70,7.8
2012-05-23,1,4,50,7.5
2012-05-23,2,0,NA,7.1
2012-05-23,3,0,NA,6.9
2012-05-23,4,0,NA,7.2
2012-05-23,5,0,NA,7.3
2012-05-23,6,0,NA,8.6
2012-05-23,7,4,130,9.9
2012-05-23,8,4,150,12.5
2012-05-23,9,7,190,12
2012-05-23,10,6,150,11.9
2012-05-23,11,6,200,13.7
2012-05-23,12,11,180,13.8
2012-05-23,13,15,170,14
2012-05-23,14,6,150,12.2
2012-05-23,15,9,170,14.3
2012-05-23,16,11,160,12.8
2012-05-23,17,4,200,12.5
2012-05-23,18,11,150,12.3
2012-05-23,19,7,160,10.3
2012-05-23,20,6,110,9.1
2012-05-23,21,6,100,8.3
2012-05-23,22,6,90,7.2
2012-05-23,23,7,110,7.9
2012-05-24,0,0,NA,7.5
2012-05-24,1,4,90,6.5
2012-05-24,2,6,50,5.5
2012-05-24,3,0,NA,5.4
2012-05-24,4,4,40,5.5
2012-05-24,5,0,NA,5.7
2012-05-24,6,0,NA,7.8
2012-05-24,7,0,NA,8.2
2012-05-24,8,4,250,9.4
2012-05-24,9,7,220,11
2012-05-24,10,9,190,13.2
2012-05-24,11,7,140,13.6
2012-05-24,12,7,60,11.4
2012-05-24,13,9,120,10.8
2012-05-24,14,7,240,12.8
2012-05-24,15,6,210,13.1
2012-05-24,16,6,60,10
2012-05-24,17,9,300,9.8
2012-05-24,18,7,340,10.2
2012-05-24,19,9,320,9.3
2012-05-24,20,6,350,8.6
2012-05-24,21,11,330,8.5
2012-05-24,22,7,290,7.7
2012-05-24,23,0,NA,6.9
2012-05-25,0,6,180,6.6
2012-05-25,1,4,230,6.4
2012-05-25,2,4,350,6.7
2012-05-25,3,4,340,5.7
2012-05-25,4,7,330,6
2012-05-25,5,4,260,5.7
2012-05-25,6,4,160,7.1
2012-05-25,7,13,330,10.5
2012-05-25,8,9,300,11.9
2012-05-25,9,22,60,13.3
2012-05-25,10,19,50,14.4
2012-05-25,11,24,50,15.9
2012-05-25,12,26,70,16.7
2012-05-25,13,22,60,16.1
2012-05-25,14,17,80,16.6
2012-05-25,15,15,60,16.2
2012-05-25,16,13,50,16.4
2012-05-25,17,19,50,17.2
2012-05-25,18,17,50,16.3
2012-05-25,19,19,60,14.6
2012-05-25,20,6,30,12.6
2012-05-25,21,6,40,11.9
2012-05-25,22,9,350,12.5
2012-05-25,23,7,360,12.7
2012-05-26,0,7,60,12.6
2012-05-26,1,6,340,10.4
2012-05-26,2,6,360,10.1
2012-05-26,3,6,320,8.9
2012-05-26,4,11,320,8.6
2012-05-26,5,11,310,9.4
2012-05-26,6,17,330,11.7
2012-05-26,7,19,310,10.9
2012-05-26,8,9,320,13.7
2012-05-26,9,20,50,14.5
2012-05-26,10,19,50,15.7
2012-05-26,11,17,50,16.5
2012-05-26,12,19,60,18.9
2012-05-26,13,19,50,17.8
2012-05-26,14,19,70,17.8
2012-05-26,15,11,70,19
2012-05-26,16,13,60,17.1
2012-05-26,17,9,80,16.8
2012-05-26,18,4,40,15.5
2012-05-26,19,6,50,13.6
2012-05-26,20,11,70,12
2012-05-26,21,11,60,11.6
2012-05-26,22,7,60,11.4
2012-05-26,23,6,40,10.3
2012-05-27,0,7,40,9.8
2012-05-27,1,4,10,8.9
2012-05-27,2,4,20,8.1
2012-05-27,3,6,40,7.6
2012-05-27,4,6,30,5.8
2012-05-27,5,6,350,6.9
2012-05-27,6,4,260,8.3
2012-05-27,7,4,270,10.9
2012-05-27,8,6,290,12.6
2012-05-27,9,4,270,13
2012-05-27,10,6,260,14.5
2012-05-27,11,7,230,15
2012-05-27,12,7,170,17
2012-05-27,13,6,140,18.1
2012-05-27,14,6,160,19.5
2012-05-27,15,7,200,20.8
2012-05-27,16,11,170,20.4
2012-05-27,17,13,160,18.5
2012-05-27,18,11,170,17.8
2012-05-27,19,9,170,17
2012-05-27,20,9,160,16.2
2012-05-27,21,6,50,13.6
2012-05-27,22,9,70,13.5
2012-05-27,23,11,70,12.9
2012-05-28,0,0,NA,11.9
2012-05-28,1,9,80,12
2012-05-28,2,11,70,10.7
2012-05-28,3,7,60,9.5
2012-05-28,4,6,40,9
2012-05-28,5,7,60,9.5
2012-05-28,6,11,80,11.7
2012-05-28,7,6,120,13.7
2012-05-28,8,11,160,14
2012-05-28,9,17,160,15.4
2012-05-28,10,9,160,16.1
2012-05-28,11,13,150,18.6
2012-05-28,12,15,160,19.7
2012-05-28,13,15,140,20.1
2012-05-28,14,15,170,20.6
2012-05-28,15,13,160,21.9
2012-05-28,16,13,150,21.4
2012-05-28,17,9,210,20.6
2012-05-28,18,9,210,19.5
2012-05-28,19,7,160,16.7
2012-05-28,20,7,140,15.3
2012-05-28,21,7,130,13.7
2012-05-28,22,6,90,12.2
2012-05-28,23,6,50,12.5
2012-05-29,0,13,80,12.7
2012-05-29,1,15,80,12.2
2012-05-29,2,13,70,11.4
2012-05-29,3,13,80,10.7
2012-05-29,4,0,NA,9.6
2012-05-29,5,6,130,9.9
2012-05-29,6,4,160,10
2012-05-29,7,0,NA,11.7
2012-05-29,8,15,160,14.7
2012-05-29,9,13,160,16.5
2012-05-29,10,15,160,16.6
2012-05-29,11,15,140,17.3
2012-05-29,12,13,200,17.6
2012-05-29,13,17,190,18.3
2012-05-29,14,11,160,20
2012-05-29,15,11,290,18.6
2012-05-29,16,17,260,18.2
2012-05-29,17,15,310,14.7
2012-05-29,18,6,310,14.3
2012-05-29,19,9,280,12.8
2012-05-29,20,4,190,11.9
2012-05-29,21,4,360,11.7
2012-05-29,22,6,160,10.6
2012-05-29,23,4,290,10.4
2012-05-30,0,4,130,9.8
2012-05-30,1,0,NA,9.1
2012-05-30,2,0,NA,8.4
2012-05-30,3,4,240,8.1
2012-05-30,4,6,80,7.7
2012-05-30,5,4,40,8.9
2012-05-30,6,4,40,10.2
2012-05-30,7,4,140,11.6
2012-05-30,8,0,NA,12.2
2012-05-30,9,7,150,14.9
2012-05-30,10,6,220,16.2
2012-05-30,11,11,170,18
2012-05-30,12,9,160,19.5
2012-05-30,13,13,160,20.5
2012-05-30,14,7,160,19.5
2012-05-30,15,11,160,21
2012-05-30,16,6,160,20.8
2012-05-30,17,0,NA,18.2
2012-05-30,18,4,280,16.2
2012-05-30,19,4,250,15.9
2012-05-30,20,6,210,16
2012-05-30,21,13,160,16.2
2012-05-30,22,0,NA,14.1
2012-05-30,23,6,60,11.5
2012-05-31,0,7,70,11.8
2012-05-31,1,0,NA,11.5
2012-05-31,2,9,70,12
2012-05-31,3,4,50,11.8
2012-05-31,4,7,50,10.8
2012-05-31,5,6,50,9.8
2012-05-31,6,6,70,9.6
2012-05-31,7,0,NA,10.3
2012-05-31,8,4,80,10.9
2012-05-31,9,4,280,11.6
2012-05-31,10,4,150,13.2
2012-05-31,11,0,NA,14.7
2012-05-31,12,4,280,14.7
2012-05-31,13,6,280,15.5
2012-05-31,14,9,210,17.1
2012-05-31,15,6,160,17
2012-05-31,16,7,150,13.8
2012-05-31,17,9,150,13.9
2012-05-31,18,0,NA,13.8
2012-05-31,19,4,230,13.3
2012-05-31,20,6,80,11.4
2012-05-31,21,4,100,11.2
2012-05-31,22,6,80,11.2
2012-05-31,23,0,NA,10.9
2012-06-01,0,4,110,11.1
2012-06-01,1,4,50,10.2
2012-06-01,2,4,10,10.5
2012-06-01,3,0,NA,10.1
2012-06-01,4,4,60,10.7
2012-06-01,5,6,70,11.3
2012-06-01,6,0,NA,11
2012-06-01,7,6,60,10.9
2012-06-01,8,11,80,11.2
2012-06-01,9,6,80,11.8
2012-06-01,10,0,NA,12.7
2012-06-01,11,6,100,14.3
2012-06-01,12,0,NA,14
2012-06-01,13,4,250,14.8
2012-06-01,14,4,260,15
2012-06-01,15,0,NA,16
2012-06-01,16,6,110,18.6
2012-06-01,17,6,260,18.9
2012-06-01,18,4,250,17.6
2012-06-01,19,0,NA,16.2
2012-06-01,20,0,NA,15.7
2012-06-01,21,4,340,15
2012-06-01,22,9,310,13.5
2012-06-01,23,15,310,12.9
2012-06-02,0,7,330,12.6
2012-06-02,1,17,330,12.4
2012-06-02,2,19,330,12.3
2012-06-02,3,17,320,11.9
2012-06-02,4,15,330,11.3
2012-06-02,5,9,320,11.2
2012-06-02,6,6,280,11
2012-06-02,7,4,280,11.3
2012-06-02,8,7,270,11.3
2012-06-02,9,6,290,11.5
2012-06-02,10,13,310,11.7
2012-06-02,11,6,300,12.4
2012-06-02,12,4,270,15.2
2012-06-02,13,4,80,17.5
2012-06-02,14,9,200,16.7
2012-06-02,15,11,180,18.9
2012-06-02,16,11,200,14.4
2012-06-02,17,11,300,14.1
2012-06-02,18,9,60,12.4
2012-06-02,19,4,10,12.3
2012-06-02,20,4,120,11.6
2012-06-02,21,6,260,11.1
2012-06-02,22,0,NA,10.8
2012-06-02,23,4,50,9.7
2012-06-03,0,0,NA,8.9
2012-06-03,1,4,80,8.5
2012-06-03,2,0,NA,8.6
2012-06-03,3,0,NA,8.8
2012-06-03,4,0,NA,8.5
2012-06-03,5,0,NA,8.8
2012-06-03,6,0,NA,9.7
2012-06-03,7,7,100,11.1
2012-06-03,8,0,NA,13.6
2012-06-03,9,4,210,15.7
2012-06-03,10,9,160,17.5
2012-06-03,11,7,180,19
2012-06-03,12,9,170,19.9
2012-06-03,13,11,150,19.8
2012-06-03,14,11,230,18.5
2012-06-03,15,9,230,16.6
2012-06-03,16,7,170,15.2
2012-06-03,17,9,70,14.3
2012-06-03,18,9,70,14.7
2012-06-03,19,9,90,14.1
2012-06-03,20,4,90,13
2012-06-03,21,7,80,12.4
2012-06-03,22,6,50,12.2
2012-06-03,23,7,60,12.5
2012-06-04,0,4,350,11.8
2012-06-04,1,9,340,11.6
2012-06-04,2,4,320,11.4
2012-06-04,3,7,50,11.7
2012-06-04,4,0,NA,10.6
2012-06-04,5,4,310,11.2
2012-06-04,6,0,NA,11.8
2012-06-04,7,4,280,12.2
2012-06-04,8,9,310,12
2012-06-04,9,7,340,13
2012-06-04,10,15,300,15.7
2012-06-04,11,15,310,16.7
2012-06-04,12,15,300,17.7
2012-06-04,13,11,300,19
2012-06-04,14,15,310,19.5
2012-06-04,15,19,320,19.9
2012-06-04,16,26,320,19.9
2012-06-04,17,26,330,19.4
2012-06-04,18,9,340,18.8
2012-06-04,19,20,330,14.4
2012-06-04,20,30,330,13.7
2012-06-04,21,32,330,12.9
2012-06-04,22,24,320,12.4
2012-06-04,23,15,310,12.2
2012-06-05,0,9,320,11.9
2012-06-05,1,6,110,12
2012-06-05,2,4,200,12.2
2012-06-05,3,6,150,12.4
2012-06-05,4,0,NA,12.4
2012-06-05,5,9,290,12.3
2012-06-05,6,4,270,11.9
2012-06-05,7,4,250,12.3
2012-06-05,8,0,NA,13
2012-06-05,9,6,150,12.7
2012-06-05,10,6,140,12.8
2012-06-05,11,7,160,12.2
2012-06-05,12,11,150,11.6
2012-06-05,13,11,140,11.4
2012-06-05,14,6,140,12.2
2012-06-05,15,13,170,10.3
2012-06-05,16,9,150,10.1
2012-06-05,17,7,180,11
2012-06-05,18,0,NA,10.2
2012-06-05,19,7,150,9.7
2012-06-05,20,4,110,9.3
2012-06-05,21,4,200,8.9
2012-06-05,22,4,130,8.7
2012-06-05,23,6,150,8.6
2012-06-06,0,0,NA,8.2
2012-06-06,1,0,NA,8.1
2012-06-06,2,7,170,8.3
2012-06-06,3,7,130,8.2
2012-06-06,4,17,160,8.2
2012-06-06,5,20,150,8
2012-06-06,6,22,160,6.8
2012-06-06,7,24,150,5.4
2012-06-06,8,26,160,4.9
2012-06-06,9,26,160,4.3
2012-06-06,10,28,150,4.1
2012-06-06,11,24,160,3.9
2012-06-06,12,24,150,3.6
2012-06-06,13,22,160,4
2012-06-06,14,19,160,4.5
2012-06-06,15,19,150,5.4
2012-06-06,16,20,160,6.1
2012-06-06,17,17,150,6.7
2012-06-06,18,19,160,6.6
2012-06-06,19,17,170,6.5
2012-06-06,20,13,170,6.7
2012-06-06,21,4,100,5.9
2012-06-06,22,0,NA,4.7
2012-06-06,23,4,100,4.4
2012-06-07,0,0,NA,4.5
2012-06-07,1,6,80,3.4
2012-06-07,2,7,90,3
2012-06-07,3,6,100,3.7
2012-06-07,4,11,80,4.3
2012-06-07,5,6,120,3.7
2012-06-07,6,6,120,6.8
2012-06-07,7,4,150,8.5
2012-06-07,8,4,230,9.5
2012-06-07,9,6,270,11.6
2012-06-07,10,4,240,12.7
2012-06-07,11,7,280,13.7
2012-06-07,12,9,280,14.8
2012-06-07,13,9,310,15.9
2012-06-07,14,7,290,15.8
2012-06-07,15,7,290,15.6
2012-06-07,16,4,290,14.7
2012-06-07,17,0,NA,11.9
2012-06-07,18,4,70,11.7
2012-06-07,19,0,NA,11.2
2012-06-07,20,4,350,10.6
2012-06-07,21,7,80,9.9
2012-06-07,22,7,70,9.5
2012-06-07,23,4,30,9.5
2012-06-08,0,11,80,9.3
2012-06-08,1,4,40,9.2
2012-06-08,2,0,NA,9
2012-06-08,3,0,NA,8.6
2012-06-08,4,0,NA,8.2
2012-06-08,5,4,90,8.8
2012-06-08,6,0,NA,9
2012-06-08,7,0,NA,9.5
2012-06-08,8,4,290,10.2
2012-06-08,9,4,220,10.9
2012-06-08,10,4,160,12.5
2012-06-08,11,6,140,13.6
2012-06-08,12,11,160,14.7
2012-06-08,13,13,170,16.2
2012-06-08,14,15,160,16.3
2012-06-08,15,15,180,15.1
2012-06-08,16,9,240,14.1
2012-06-08,17,9,330,15.4
2012-06-08,18,9,200,12
2012-06-08,19,6,20,10.8
2012-06-08,20,7,90,8.6
2012-06-08,21,7,140,8.8
2012-06-08,22,7,70,7.3
2012-06-08,23,7,100,6.5
2012-06-09,0,7,90,6.7
2012-06-09,1,6,110,6.7
2012-06-09,2,6,110,7.2
2012-06-09,3,6,100,7
2012-06-09,4,4,110,7
2012-06-09,5,4,200,6.7
2012-06-09,6,9,190,7.4
2012-06-09,7,15,160,7
2012-06-09,8,11,160,7.6
2012-06-09,9,15,150,8.8
2012-06-09,10,15,160,8.6
2012-06-09,11,15,160,8.7
2012-06-09,12,19,150,8.7
2012-06-09,13,17,150,8.7
2012-06-09,14,17,160,8.8
2012-06-09,15,15,160,8.7
2012-06-09,16,17,160,8.7
2012-06-09,17,13,160,8.9
2012-06-09,18,7,160,8.6
2012-06-09,19,4,180,8.7
2012-06-09,20,4,300,8.1
2012-06-09,21,4,300,7.9
2012-06-09,22,4,300,7.9
2012-06-09,23,4,310,7.8
2012-06-10,0,4,240,7.8
2012-06-10,1,0,NA,7.7
2012-06-10,2,0,NA,7.7
2012-06-10,3,0,NA,7.6
2012-06-10,4,0,NA,7.7
2012-06-10,5,4,300,8
2012-06-10,6,0,NA,8.9
2012-06-10,7,4,220,9.8
2012-06-10,8,4,240,11.6
2012-06-10,9,4,160,11.8
2012-06-10,10,0,NA,12.9
2012-06-10,11,4,300,13.8
2012-06-10,12,6,160,14.7
2012-06-10,13,7,200,15.2
2012-06-10,14,7,200,15.5
2012-06-10,15,11,170,17.3
2012-06-10,16,7,180,15.8
2012-06-10,17,7,170,15.1
2012-06-10,18,6,170,14.3
2012-06-10,19,0,NA,13.7
2012-06-10,20,4,290,11.6
2012-06-10,21,4,270,10.7
2012-06-10,22,0,NA,9.6
2012-06-10,23,0,NA,9.7
2012-06-11,0,4,340,9.3
2012-06-11,1,0,NA,8.3
2012-06-11,2,4,330,8.6
2012-06-11,3,4,70,8.7
2012-06-11,4,0,NA,8.7
2012-06-11,5,0,NA,9.6
2012-06-11,6,0,NA,10.5
2012-06-11,7,0,NA,11.7
2012-06-11,8,4,280,14
2012-06-11,9,9,260,13.3
2012-06-11,10,6,140,16.5
2012-06-11,11,6,210,17.9
2012-06-11,12,6,240,18.7
2012-06-11,13,6,270,19.7
2012-06-11,14,0,NA,20.5
2012-06-11,15,0,NA,20.4
2012-06-11,16,6,120,23.5
2012-06-11,17,7,180,24.3
2012-06-11,18,9,190,22.8
2012-06-11,19,9,180,20.9
2012-06-11,20,4,80,18.1
2012-06-11,21,11,80,15
2012-06-11,22,9,60,15.4
2012-06-11,23,9,60,14.4
2012-06-12,0,4,40,13.7
2012-06-12,1,4,350,12.8
2012-06-12,2,6,60,11.7
2012-06-12,3,6,60,10.7
2012-06-12,4,9,60,10.8
2012-06-12,5,9,60,11.1
2012-06-12,6,9,50,13.1
2012-06-12,7,4,140,15
2012-06-12,8,4,130,16.7
2012-06-12,9,0,NA,18.5
2012-06-12,10,6,240,19
2012-06-12,11,4,280,20.3
2012-06-12,12,11,230,20.9
2012-06-12,13,9,220,20.5
2012-06-12,14,6,60,19
2012-06-12,15,7,90,19.5
2012-06-12,16,0,NA,19.6
2012-06-12,17,9,70,16.8
2012-06-12,18,7,70,16.8
2012-06-12,19,6,190,16.9
2012-06-12,20,0,NA,14.8
2012-06-12,21,11,80,13.5
2012-06-12,22,6,80,11.9
2012-06-12,23,4,120,11.7
2012-06-13,0,0,NA,11.2
2012-06-13,1,6,80,11.1
2012-06-13,2,6,70,11
2012-06-13,3,0,NA,10.8
2012-06-13,4,4,80,10.8
2012-06-13,5,0,NA,11.1
2012-06-13,6,0,NA,11.7
2012-06-13,7,0,NA,12.3
2012-06-13,8,0,NA,14
2012-06-13,9,6,260,14.7
2012-06-13,10,6,130,14.8
2012-06-13,11,9,150,16.1
2012-06-13,12,9,190,17.3
2012-06-13,13,13,160,16
2012-06-13,14,13,170,15.8
2012-06-13,15,9,180,16.8
2012-06-13,16,11,170,16.1
2012-06-13,17,9,140,16.1
2012-06-13,18,9,150,15.6
2012-06-13,19,7,140,15
2012-06-13,20,7,110,12.9
2012-06-13,21,4,140,12.1
2012-06-13,22,6,150,11.2
2012-06-13,23,6,80,10.8
2012-06-14,0,6,90,10.1
2012-06-14,1,7,70,10.3
2012-06-14,2,6,20,9.4
2012-06-14,3,4,30,8.7
2012-06-14,4,6,50,8.3
2012-06-14,5,0,NA,8.4
2012-06-14,6,0,NA,10.3
2012-06-14,7,6,110,11.5
2012-06-14,8,6,230,13.5
2012-06-14,9,4,290,15.1
2012-06-14,10,13,200,15.4
2012-06-14,11,7,170,17.2
2012-06-14,12,9,150,17.7
2012-06-14,13,7,160,18.5
2012-06-14,14,9,200,18.1
2012-06-14,15,4,310,18.4
2012-06-14,16,0,NA,18.1
2012-06-14,17,13,270,19.8
2012-06-14,18,7,250,17.2
2012-06-14,19,35,340,13.5
2012-06-14,20,24,320,10.4
2012-06-14,21,6,20,9.8
2012-06-14,22,9,300,9.3
2012-06-14,23,9,320,8.6
2012-06-15,0,0,NA,8.5
2012-06-15,1,6,350,6.6
2012-06-15,2,0,NA,6.8
2012-06-15,3,4,330,6.3
2012-06-15,4,0,NA,5.8
2012-06-15,5,4,70,6.8
2012-06-15,6,7,300,9.1
2012-06-15,7,9,310,10.7
2012-06-15,8,11,290,11.6
2012-06-15,9,13,290,13.4
2012-06-15,10,11,310,14.8
2012-06-15,11,15,300,16.4
2012-06-15,12,13,290,18.4
2012-06-15,13,4,170,18.7
2012-06-15,14,6,260,20.5
2012-06-15,15,6,300,21.3
2012-06-15,16,7,290,21.6
2012-06-15,17,7,320,22.2
2012-06-15,18,7,290,20.5
2012-06-15,19,6,290,18.7
2012-06-15,20,6,70,13.9
2012-06-15,21,9,70,12.9
2012-06-15,22,7,70,12.8
2012-06-15,23,9,50,12.9
2012-06-16,0,6,60,12.2
2012-06-16,1,7,70,11.7
2012-06-16,2,6,60,11.8
2012-06-16,3,6,40,11.7
2012-06-16,4,15,80,11.2
2012-06-16,5,11,90,11.1
2012-06-16,6,6,100,11.6
2012-06-16,7,0,NA,13
2012-06-16,8,0,NA,16.2
2012-06-16,9,6,240,16.3
2012-06-16,10,7,300,17.1
2012-06-16,11,7,280,18.5
2012-06-16,12,9,320,19.4
2012-06-16,13,7,300,20.7
2012-06-16,14,6,280,20.5
2012-06-16,15,9,300,21
2012-06-16,16,7,260,20
2012-06-16,17,4,260,21
2012-06-16,18,9,310,17.5
2012-06-16,19,22,320,15.8
2012-06-16,20,19,330,13.6
2012-06-16,21,6,350,13
2012-06-16,22,9,330,12.8
2012-06-16,23,0,NA,12.9
2012-06-17,0,0,NA,12.7
2012-06-17,1,0,NA,12.9
2012-06-17,2,0,NA,12.7
2012-06-17,3,0,NA,12.7
2012-06-17,4,6,100,12.8
2012-06-17,5,0,NA,12.9
2012-06-17,6,4,260,14
2012-06-17,7,7,290,14.4
2012-06-17,8,6,300,15.5
2012-06-17,9,6,140,18.6
2012-06-17,10,6,110,18.6
2012-06-17,11,6,260,18.8
2012-06-17,12,11,270,14.9
2012-06-17,13,9,60,14.2
2012-06-17,14,4,110,18.5
2012-06-17,15,7,170,18.7
2012-06-17,16,4,150,15.6
2012-06-17,17,6,210,17.7
2012-06-17,18,4,230,18.2
2012-06-17,19,4,160,15.6
2012-06-17,20,4,310,13.9
2012-06-17,21,0,NA,13
2012-06-17,22,4,220,11.7
2012-06-17,23,7,70,12.3
2012-06-18,0,4,10,11.8
2012-06-18,1,7,320,12.1
2012-06-18,2,6,100,11.4
2012-06-18,3,0,NA,11
2012-06-18,4,0,NA,11.1
2012-06-18,5,7,140,10.9
2012-06-18,6,9,160,10.4
2012-06-18,7,13,170,10
2012-06-18,8,15,150,10
2012-06-18,9,11,140,10.8
2012-06-18,10,13,150,10.8
2012-06-18,11,11,130,10.7
2012-06-18,12,11,140,11.7
2012-06-18,13,15,160,11.9
2012-06-18,14,9,150,13.5
2012-06-18,15,15,160,14.2
2012-06-18,16,9,160,13.9
2012-06-18,17,11,170,14.3
2012-06-18,18,9,160,13.1
2012-06-18,19,7,140,12.8
2012-06-18,20,6,130,11.7
2012-06-18,21,4,120,11
2012-06-18,22,6,150,10.6
2012-06-18,23,6,320,9.7
2012-06-19,0,4,50,9.8
2012-06-19,1,0,NA,9.3
2012-06-19,2,6,60,8.4
2012-06-19,3,6,60,8.1
2012-06-19,4,4,320,8
2012-06-19,5,6,130,9
2012-06-19,6,0,NA,10.6
2012-06-19,7,0,NA,11.1
2012-06-19,8,6,250,11.8
2012-06-19,9,9,180,13.2
2012-06-19,10,11,160,14.2
2012-06-19,11,9,160,14.3
2012-06-19,12,11,150,13.8
2012-06-19,13,11,150,14.6
2012-06-19,14,9,150,15.7
2012-06-19,15,6,130,17.2
2012-06-19,16,11,180,17.4
2012-06-19,17,9,180,19.1
2012-06-19,18,9,280,18.1
2012-06-19,19,6,130,16.3
2012-06-19,20,6,160,14
2012-06-19,21,0,NA,12.5
2012-06-19,22,6,110,11.3
2012-06-19,23,6,80,10.6
2012-06-20,0,6,70,9.8
2012-06-20,1,7,70,9
2012-06-20,2,6,70,9.3
2012-06-20,3,6,60,9.3
2012-06-20,4,6,70,9.5
2012-06-20,5,7,70,9.9
2012-06-20,6,9,80,10.7
2012-06-20,7,4,70,12.6
2012-06-20,8,0,NA,13.9
2012-06-20,9,4,260,15.5
2012-06-20,10,6,320,15.1
2012-06-20,11,4,130,17.1
2012-06-20,12,6,260,16.9
2012-06-20,13,7,290,19.7
2012-06-20,14,9,280,19.6
2012-06-20,15,9,270,21.1
2012-06-20,16,6,290,22.3
2012-06-20,17,6,280,22
2012-06-20,18,7,280,20.6
2012-06-20,19,4,270,16.8
2012-06-20,20,4,50,14.9
2012-06-20,21,6,40,14.1
2012-06-20,22,4,330,13.8
2012-06-20,23,6,360,13.5
2012-06-21,0,4,40,12.2
2012-06-21,1,4,310,11.8
2012-06-21,2,7,320,11.9
2012-06-21,3,0,NA,11.5
2012-06-21,4,6,330,10.9
2012-06-21,5,4,280,10.9
2012-06-21,6,0,NA,14.6
2012-06-21,7,6,320,15.2
2012-06-21,8,4,320,17
2012-06-21,9,7,300,18
2012-06-21,10,7,300,19.2
2012-06-21,11,6,300,20.9
2012-06-21,12,4,280,22.6
2012-06-21,13,6,260,23.2
2012-06-21,14,6,290,22.9
2012-06-21,15,6,270,22.6
2012-06-21,16,6,290,24.1
2012-06-21,17,9,280,26.1
2012-06-21,18,6,270,24.5
2012-06-21,19,4,300,20.2
2012-06-21,20,6,320,17.5
2012-06-21,21,0,NA,17.3
2012-06-21,22,7,330,18.1
2012-06-21,23,4,310,16.3
2012-06-22,0,0,NA,16.3
2012-06-22,1,4,350,16.3
2012-06-22,2,4,350,16
2012-06-22,3,6,340,15.3
2012-06-22,4,7,330,15.5
2012-06-22,5,4,340,15.5
2012-06-22,6,4,310,15.9
2012-06-22,7,11,310,17.1
2012-06-22,8,0,NA,16.9
2012-06-22,9,4,110,17.6
2012-06-22,10,6,310,17.4
2012-06-22,11,0,NA,17.9
2012-06-22,12,7,320,18.1
2012-06-22,13,7,290,21.7
2012-06-22,14,15,40,25.7
2012-06-22,15,11,50,26.8
2012-06-22,16,17,50,26.9
2012-06-22,17,17,50,25.1
2012-06-22,18,20,50,23.8
2012-06-22,19,17,60,23
2012-06-22,20,19,60,22.5
2012-06-22,21,11,100,21.9
2012-06-22,22,9,50,21.9
2012-06-22,23,17,90,21.6
2012-06-23,0,11,60,20.9
2012-06-23,1,7,160,19.6
2012-06-23,2,7,130,18.1
2012-06-23,3,15,270,17.4
2012-06-23,4,26,330,16
2012-06-23,5,22,320,16.2
2012-06-23,6,20,320,15.6
2012-06-23,7,22,330,16.6
2012-06-23,8,20,320,16.6
2012-06-23,9,15,320,16.2
2012-06-23,10,17,300,17.2
2012-06-23,11,22,320,19
2012-06-23,12,9,300,17.7
2012-06-23,13,7,320,17.5
2012-06-23,14,9,230,17.1
2012-06-23,15,7,340,16.8
2012-06-23,16,11,310,17.7
2012-06-23,17,9,320,18.1
2012-06-23,18,11,310,17.5
2012-06-23,19,15,330,17.5
2012-06-23,20,17,330,17
2012-06-23,21,17,330,16.5
2012-06-23,22,9,320,14.8
2012-06-23,23,19,320,14.6
2012-06-24,0,22,320,14.9
2012-06-24,1,6,20,14.1
2012-06-24,2,9,320,14.4
2012-06-24,3,11,320,13.4
2012-06-24,4,13,300,13.5
2012-06-24,5,9,350,13.5
2012-06-24,6,11,340,13.8
2012-06-24,7,11,260,13.6
2012-06-24,8,9,70,13.9
2012-06-24,9,13,90,14.4
2012-06-24,10,15,330,14.5
2012-06-24,11,15,330,17.3
2012-06-24,12,19,310,17.9
2012-06-24,13,15,310,19.1
2012-06-24,14,7,280,21.1
2012-06-24,15,6,290,22
2012-06-24,16,7,160,22.2
2012-06-24,17,6,180,22.7
2012-06-24,18,4,240,23.1
2012-06-24,19,0,NA,21.6
2012-06-24,20,7,320,16.9
2012-06-24,21,4,20,15.8
2012-06-24,22,6,330,15.3
2012-06-24,23,6,10,14.5
2012-06-25,0,6,300,13.5
2012-06-25,1,9,330,12.9
2012-06-25,2,9,340,12.6
2012-06-25,3,7,330,12.2
2012-06-25,4,11,310,12.4
2012-06-25,5,20,320,12.7
2012-06-25,6,17,330,13.9
2012-06-25,7,4,10,16.8
2012-06-25,8,13,320,16.1
2012-06-25,9,15,330,17.1
2012-06-25,10,9,50,16.8
2012-06-25,11,11,330,14.8
2012-06-25,12,6,210,14.3
2012-06-25,13,7,110,18.6
2012-06-25,14,6,200,20.1
2012-06-25,15,4,230,19.4
2012-06-25,16,6,270,21.7
2012-06-25,17,0,NA,22.3
2012-06-25,18,7,290,20.9
2012-06-25,19,9,320,18.9
2012-06-25,20,6,350,16.4
2012-06-25,21,4,290,14.9
2012-06-25,22,6,10,14.6
2012-06-25,23,4,330,13.8
2012-06-26,0,6,360,13.3
2012-06-26,1,6,260,11.5
2012-06-26,2,11,340,12.2
2012-06-26,3,0,NA,11.6
2012-06-26,4,4,350,11.6
2012-06-26,5,6,350,11.7
2012-06-26,6,7,330,11.8
2012-06-26,7,9,340,11.6
2012-06-26,8,22,330,11.7
2012-06-26,9,6,30,11.2
2012-06-26,10,0,NA,11
2012-06-26,11,7,120,11.2
2012-06-26,12,6,130,11.2
2012-06-26,13,7,130,10.8
2012-06-26,14,15,150,10.6
2012-06-26,15,17,150,9.9
2012-06-26,16,15,160,9.2
2012-06-26,17,11,150,9.6
2012-06-26,18,11,140,9.7
2012-06-26,19,9,170,9.6
2012-06-26,20,9,150,9.3
2012-06-26,21,11,150,9.1
2012-06-26,22,11,150,8.7
2012-06-26,23,9,150,8.6
2012-06-27,0,11,160,8.8
2012-06-27,1,9,170,9.1
2012-06-27,2,6,170,9.3
2012-06-27,3,0,NA,9.3
2012-06-27,4,4,150,9.8
2012-06-27,5,6,120,10
2012-06-27,6,6,180,10.4
2012-06-27,7,13,170,10.9
2012-06-27,8,11,170,11.5
2012-06-27,9,4,160,13.2
2012-06-27,10,11,150,13.2
2012-06-27,11,7,180,14.2
2012-06-27,12,7,170,15.8
2012-06-27,13,4,200,16.8
2012-06-27,14,6,150,18.3
2012-06-27,15,9,180,18.3
2012-06-27,16,6,200,18.8
2012-06-27,17,4,200,20.2
2012-06-27,18,4,260,19.6
2012-06-27,19,0,NA,17.7
2012-06-27,20,9,70,13
2012-06-27,21,6,50,12.7
2012-06-27,22,11,50,12.8
2012-06-27,23,4,20,11.7
2012-06-28,0,4,360,10.9
2012-06-28,1,4,260,10
2012-06-28,2,0,NA,9.5
2012-06-28,3,4,120,8.7
2012-06-28,4,6,40,9.1
2012-06-28,5,0,NA,8.3
2012-06-28,6,0,NA,12.2
2012-06-28,7,4,260,13
2012-06-28,8,0,NA,15.1
2012-06-28,9,4,170,16.2
2012-06-28,10,4,240,19
2012-06-28,11,4,260,20.1
2012-06-28,12,6,250,21.3
2012-06-28,13,0,NA,23.5
2012-06-28,14,6,250,24.4
2012-06-28,15,6,290,25.7
2012-06-28,16,11,300,25.3
2012-06-28,17,9,300,25.5
2012-06-28,18,6,290,23.6
2012-06-28,19,4,280,20.3
2012-06-28,20,6,40,18.2
2012-06-28,21,7,60,17.1
2012-06-28,22,6,30,18
2012-06-28,23,7,60,16.3
2012-06-29,0,7,70,16.7
2012-06-29,1,4,230,14.9
2012-06-29,2,7,80,15.6
2012-06-29,3,7,70,15.2
2012-06-29,4,7,80,15
2012-06-29,5,4,90,15.2
2012-06-29,6,4,130,15.5
2012-06-29,7,4,300,16.2
2012-06-29,8,7,100,18.4
2012-06-29,9,4,320,18.6
2012-06-29,10,6,90,20.2
2012-06-29,11,6,170,22
2012-06-29,12,6,290,21
2012-06-29,13,4,270,22.2
2012-06-29,14,4,250,23.6
2012-06-29,15,4,220,24.7
2012-06-29,16,11,150,24.6
2012-06-29,17,9,170,22.9
2012-06-29,18,17,320,21.3
2012-06-29,19,6,250,19.2
2012-06-29,20,4,340,17.3
2012-06-29,21,6,70,15.5
2012-06-29,22,6,70,15.2
2012-06-29,23,4,190,15.3
2012-06-30,0,6,90,14.5
2012-06-30,1,6,320,13.6
2012-06-30,2,4,120,13.5
2012-06-30,3,4,100,12.6
2012-06-30,4,4,90,12.2
2012-06-30,5,0,NA,12.7
2012-06-30,6,4,140,15.2
2012-06-30,7,7,100,16.8
2012-06-30,8,4,120,17.2
2012-06-30,9,0,NA,18
2012-06-30,10,0,NA,18.1
2012-06-30,11,6,270,17.8
2012-06-30,12,7,310,21.5
2012-06-30,13,11,310,19.6
2012-06-30,14,4,300,19.5
2012-06-30,15,13,320,18.2
2012-06-30,16,6,300,17.2
2012-06-30,17,0,NA,17.1
2012-06-30,18,0,NA,18.3
2012-06-30,19,4,310,17
2012-06-30,20,6,310,15.8
2012-06-30,21,13,330,15.7
2012-06-30,22,13,320,15.3
2012-06-30,23,4,30,14.9
2012-07-01,0,22,330,14.4
2012-07-01,1,17,320,14
2012-07-01,2,15,330,13.5
2012-07-01,3,17,320,13.1
2012-07-01,4,7,350,13
2012-07-01,5,9,320,13.3
2012-07-01,6,4,300,13.5
2012-07-01,7,0,NA,14.4
2012-07-01,8,9,300,15.2
2012-07-01,9,4,280,15.5
2012-07-01,10,4,220,15.7
2012-07-01,11,0,NA,16.9
2012-07-01,12,4,190,16.4
2012-07-01,13,11,100,17.8
2012-07-01,14,6,300,16.8
2012-07-01,15,17,90,16.7
2012-07-01,16,0,NA,19.1
2012-07-01,17,6,220,19
2012-07-01,18,6,270,18.2
2012-07-01,19,6,290,15.8
2012-07-01,20,4,20,14.8
2012-07-01,21,0,NA,14.1
2012-07-01,22,6,100,13.6
2012-07-01,23,4,330,13.2
2012-07-02,0,6,90,12.9
2012-07-02,1,6,60,12.5
2012-07-02,2,6,50,12.1
2012-07-02,3,4,70,11.4
2012-07-02,4,6,70,11.3
2012-07-02,5,0,NA,12.2
2012-07-02,6,7,90,13.5
2012-07-02,7,4,160,14.6
2012-07-02,8,6,160,15.3
2012-07-02,9,4,210,18
2012-07-02,10,4,150,18.3
2012-07-02,11,4,210,19.6
2012-07-02,12,6,210,21.1
2012-07-02,13,4,320,23.1
2012-07-02,14,0,NA,24
2012-07-02,15,6,220,25.1
2012-07-02,16,6,260,24.7
2012-07-02,17,6,270,23.8
2012-07-02,18,0,NA,22.4
2012-07-02,19,4,80,20.4
2012-07-02,20,7,60,18.9
2012-07-02,21,7,70,17.7
2012-07-02,22,6,40,17.9
2012-07-02,23,6,40,16.5
2012-07-03,0,9,60,16.3
2012-07-03,1,13,90,15.7
2012-07-03,2,7,160,14.7
2012-07-03,3,7,60,14.2
2012-07-03,4,7,70,14.3
2012-07-03,5,7,150,14.9
2012-07-03,6,20,150,15.2
2012-07-03,7,26,160,15.3
2012-07-03,8,19,150,15.7
2012-07-03,9,15,160,16.1
2012-07-03,10,13,150,17.3
2012-07-03,11,15,170,17.9
2012-07-03,12,11,170,18.8
2012-07-03,13,24,230,13.8
2012-07-03,14,19,310,15.5
2012-07-03,15,24,320,12.8
2012-07-03,16,9,320,15.6
2012-07-03,17,6,160,16.7
2012-07-03,18,9,170,15.3
2012-07-03,19,4,180,13.9
2012-07-03,20,0,NA,12.4
2012-07-03,21,0,NA,11.5
2012-07-03,22,9,70,9.7
2012-07-03,23,9,70,9.5
2012-07-04,0,6,60,9.5
2012-07-04,1,7,70,8.8
2012-07-04,2,7,70,8.4
2012-07-04,3,7,60,7.8
2012-07-04,4,7,70,7.4
2012-07-04,5,4,30,8.1
2012-07-04,6,4,80,11.2
2012-07-04,7,0,NA,12.4
2012-07-04,8,4,280,13.8
2012-07-04,9,4,240,15.1
2012-07-04,10,4,310,17
2012-07-04,11,7,270,17.6
2012-07-04,12,6,300,19.7
2012-07-04,13,7,260,20.5
2012-07-04,14,7,250,21.2
2012-07-04,15,6,290,22
2012-07-04,16,6,290,22.4
2012-07-04,17,7,300,22.3
2012-07-04,18,4,300,22.1
2012-07-04,19,6,300,19.3
2012-07-04,20,6,50,15.4
2012-07-04,21,6,60,13.4
2012-07-04,22,6,10,14.2
2012-07-04,23,6,340,12.3
2012-07-05,0,4,70,11.9
2012-07-05,1,4,340,11.3
2012-07-05,2,0,NA,10.1
2012-07-05,3,6,40,10
2012-07-05,4,4,80,8.8
2012-07-05,5,4,60,9.4
2012-07-05,6,0,NA,13.2
2012-07-05,7,0,NA,13.9
2012-07-05,8,4,220,14.9
2012-07-05,9,7,300,16.4
2012-07-05,10,6,270,17.9
2012-07-05,11,6,290,20.5
2012-07-05,12,6,250,21.6
2012-07-05,13,6,260,22.7
2012-07-05,14,6,270,24.7
2012-07-05,15,6,280,25.7
2012-07-05,16,9,310,25.8
2012-07-05,17,7,300,23.6
2012-07-05,18,4,280,21
2012-07-05,19,0,NA,23.2
2012-07-05,20,6,40,18.5
2012-07-05,21,7,30,17
2012-07-05,22,6,360,16.7
2012-07-05,23,6,340,15.9
2012-07-06,0,0,NA,14.6
2012-07-06,1,6,80,13.6
2012-07-06,2,6,40,13.2
2012-07-06,3,4,50,12.5
2012-07-06,4,0,NA,12.2
2012-07-06,5,6,60,11.6
2012-07-06,6,0,NA,16.5
2012-07-06,7,0,NA,16
2012-07-06,8,0,NA,17.7
2012-07-06,9,4,280,19.4
2012-07-06,10,4,280,20.7
2012-07-06,11,4,230,22.3
2012-07-06,12,6,250,23.3
2012-07-06,13,4,260,25.4
2012-07-06,14,4,280,27.2
2012-07-06,15,6,310,28.6
2012-07-06,16,7,310,29.1
2012-07-06,17,7,290,28.3
2012-07-06,18,6,310,27.7
2012-07-06,19,6,310,24
2012-07-06,20,4,70,19.3
2012-07-06,21,6,50,19.1
2012-07-06,22,6,20,19.7
2012-07-06,23,4,310,17.8
2012-07-07,0,4,350,18.2
2012-07-07,1,4,120,16.2
2012-07-07,2,0,NA,15.7
2012-07-07,3,4,40,15.6
2012-07-07,4,0,NA,14.7
2012-07-07,5,4,80,14.8
2012-07-07,6,0,NA,17
2012-07-07,7,0,NA,17.3
2012-07-07,8,6,290,18.8
2012-07-07,9,9,290,20.1
2012-07-07,10,7,290,22.1
2012-07-07,11,6,280,23.8
2012-07-07,12,6,260,25.2
2012-07-07,13,6,260,27.2
2012-07-07,14,6,260,28
2012-07-07,15,7,300,28.9
2012-07-07,16,7,300,29.2
2012-07-07,17,9,300,28.9
2012-07-07,18,6,290,28.2
2012-07-07,19,6,70,25.4
2012-07-07,20,4,40,22.5
2012-07-07,21,7,50,21.9
2012-07-07,22,0,NA,21.9
2012-07-07,23,4,360,22
2012-07-08,0,6,320,19.1
2012-07-08,1,7,350,19.8
2012-07-08,2,6,340,18.4
2012-07-08,3,6,350,16.7
2012-07-08,4,0,NA,16.5
2012-07-08,5,0,NA,15.8
2012-07-08,6,4,290,18.5
2012-07-08,7,4,250,19.3
2012-07-08,8,4,250,21.7
2012-07-08,9,6,290,23.2
2012-07-08,10,6,300,24.3
2012-07-08,11,7,290,26.2
2012-07-08,12,7,260,26.5
2012-07-08,13,6,300,28.5
2012-07-08,14,7,300,29.7
2012-07-08,15,6,300,31.2
2012-07-08,16,6,280,29
2012-07-08,17,6,300,30.9
2012-07-08,18,6,290,29.8
2012-07-08,19,4,330,27.6
2012-07-08,20,6,70,23.2
2012-07-08,21,7,40,22.3
2012-07-08,22,0,NA,22.4
2012-07-08,23,6,350,22.7
2012-07-09,0,4,40,21.3
2012-07-09,1,6,350,20.3
2012-07-09,2,6,340,19.7
2012-07-09,3,0,NA,18
2012-07-09,4,6,60,17.2
2012-07-09,5,4,80,16.8
2012-07-09,6,0,NA,20.7
2012-07-09,7,4,190,20.9
2012-07-09,8,4,240,22.6
2012-07-09,9,4,280,24.7
2012-07-09,10,7,250,25.3
2012-07-09,11,6,240,28.1
2012-07-09,12,0,NA,29.9
2012-07-09,13,6,240,28
2012-07-09,14,6,290,28.7
2012-07-09,15,7,310,29.4
2012-07-09,16,0,NA,31.8
2012-07-09,17,6,280,30.2
2012-07-09,18,4,250,29.3
2012-07-09,19,0,NA,27.6
2012-07-09,20,6,340,24.4
2012-07-09,21,11,320,23.2
2012-07-09,22,19,330,24.8
2012-07-09,23,20,340,24.1
2012-07-10,0,30,330,23.5
2012-07-10,1,17,320,22.5
2012-07-10,2,15,330,21
2012-07-10,3,9,310,19.9
2012-07-10,4,13,340,20
2012-07-10,5,4,40,19.8
2012-07-10,6,6,310,18.3
2012-07-10,7,13,320,19.8
2012-07-10,8,7,120,18.2
2012-07-10,9,6,40,17.7
2012-07-10,10,7,60,19.6
2012-07-10,11,4,270,22.3
2012-07-10,12,6,260,25.5
2012-07-10,13,6,330,24.4
2012-07-10,14,7,280,24.5
2012-07-10,15,6,270,26.3
2012-07-10,16,6,290,29
2012-07-10,17,4,260,29.5
2012-07-10,18,4,230,28.1
2012-07-10,19,6,300,26.5
2012-07-10,20,7,60,22.2
2012-07-10,21,7,70,21.4
2012-07-10,22,7,30,22.1
2012-07-10,23,7,340,20.1
2012-07-11,0,0,NA,19
2012-07-11,1,0,NA,19.2
2012-07-11,2,4,210,17.4
2012-07-11,3,0,NA,17.5
2012-07-11,4,0,NA,16.9
2012-07-11,5,0,NA,17
2012-07-11,6,4,250,18.8
2012-07-11,7,0,NA,20
2012-07-11,8,4,260,21.8
2012-07-11,9,4,290,23.7
2012-07-11,10,0,NA,26
2012-07-11,11,7,300,26
2012-07-11,12,6,240,27.2
2012-07-11,13,0,NA,29.9
2012-07-11,14,6,260,29.6
2012-07-11,15,7,300,28.1
2012-07-11,16,6,340,28.7
2012-07-11,17,4,130,28.7
2012-07-11,18,4,210,30.3
2012-07-11,19,6,80,26.8
2012-07-11,20,7,60,24.3
2012-07-11,21,11,80,24.9
2012-07-11,22,0,NA,23.6
2012-07-11,23,4,30,23.2
2012-07-12,0,6,360,22.1
2012-07-12,1,6,40,20.7
2012-07-12,2,4,50,19.4
2012-07-12,3,0,NA,19.4
2012-07-12,4,4,50,18.4
2012-07-12,5,0,NA,17.3
2012-07-12,6,0,NA,20.9
2012-07-12,7,0,NA,21
2012-07-12,8,4,210,23.1
2012-07-12,9,0,NA,24.9
2012-07-12,10,0,NA,26.1
2012-07-12,11,4,250,27.4
2012-07-12,12,6,280,28.5
2012-07-12,13,4,250,29.8
2012-07-12,14,0,NA,32.2
2012-07-12,15,0,NA,33.5
2012-07-12,16,4,300,32.6
2012-07-12,17,0,NA,32.7
2012-07-12,18,0,NA,30
2012-07-12,19,6,20,26.1
2012-07-12,20,7,70,24.4
2012-07-12,21,7,50,24.5
2012-07-12,22,7,20,23.7
2012-07-12,23,6,340,23
2012-07-13,0,6,90,21.7
2012-07-13,1,6,100,20.4
2012-07-13,2,4,20,19.9
2012-07-13,3,7,330,20.2
2012-07-13,4,4,40,18.5
2012-07-13,5,4,50,19.6
2012-07-13,6,4,260,18.9
2012-07-13,7,6,290,19.7
2012-07-13,8,0,NA,22.2
2012-07-13,9,4,240,23.9
2012-07-13,10,11,290,25.7
2012-07-13,11,11,300,26.4
2012-07-13,12,13,310,27.7
2012-07-13,13,13,300,29
2012-07-13,14,15,310,30.3
2012-07-13,15,11,290,31.5
2012-07-13,16,9,280,30.6
2012-07-13,17,6,280,28.1
2012-07-13,18,4,270,28.6
2012-07-13,19,7,330,28.3
2012-07-13,20,6,360,25.3
2012-07-13,21,4,170,24.5
2012-07-13,22,4,210,24.4
2012-07-13,23,11,60,21.6
2012-07-14,0,11,320,20.7
2012-07-14,1,9,130,18.9
2012-07-14,2,11,340,18.2
2012-07-14,3,6,30,18.6
2012-07-14,4,4,20,18.1
2012-07-14,5,4,340,17.9
2012-07-14,6,6,300,17.9
2012-07-14,7,6,330,17.8
2012-07-14,8,0,NA,19.6
2012-07-14,9,15,320,19.4
2012-07-14,10,9,290,21.2
2012-07-14,11,7,280,23.7
2012-07-14,12,7,290,24.7
2012-07-14,13,13,310,24.7
2012-07-14,14,15,310,22
2012-07-14,15,13,320,22.5
2012-07-14,16,9,300,22.1
2012-07-14,17,7,300,21.6
2012-07-14,18,7,300,21
2012-07-14,19,6,300,20.9
2012-07-14,20,4,280,19.1
2012-07-14,21,6,350,19.3
2012-07-14,22,0,NA,17.9
2012-07-14,23,4,70,17.3
2012-07-15,0,6,100,17.4
2012-07-15,1,0,NA,17.4
2012-07-15,2,4,130,17.2
2012-07-15,3,4,80,16.7
2012-07-15,4,4,360,16.5
2012-07-15,5,0,NA,16.8
2012-07-15,6,0,NA,17.1
2012-07-15,7,0,NA,17.6
2012-07-15,8,4,260,18.1
2012-07-15,9,4,280,18.2
2012-07-15,10,6,180,19.7
2012-07-15,11,7,170,19.4
2012-07-15,12,7,230,21.1
2012-07-15,13,7,200,22.8
2012-07-15,14,6,210,23.9
2012-07-15,15,6,220,24.5
2012-07-15,16,6,260,25.1
2012-07-15,17,7,210,24.7
2012-07-15,18,7,280,24.2
2012-07-15,19,6,290,20.2
2012-07-15,20,9,330,18.5
2012-07-15,21,7,320,18
2012-07-15,22,0,NA,16.9
2012-07-15,23,7,340,17
2012-07-16,0,6,330,16.5
2012-07-16,1,4,360,16.2
2012-07-16,2,7,360,16.2
2012-07-16,3,4,300,15.6
2012-07-16,4,4,250,15.3
2012-07-16,5,6,330,14.9
2012-07-16,6,7,310,16.8
2012-07-16,7,7,330,18.7
2012-07-16,8,7,300,19.9
2012-07-16,9,11,310,20.9
2012-07-16,10,6,290,22.5
2012-07-16,11,6,240,23.8
2012-07-16,12,4,290,26.4
2012-07-16,13,4,310,27.8
2012-07-16,14,4,270,27.8
2012-07-16,15,6,280,28.9
2012-07-16,16,4,270,29.1
2012-07-16,17,4,260,29.4
2012-07-16,18,4,330,29.1
2012-07-16,19,4,350,25.4
2012-07-16,20,0,NA,22.2
2012-07-16,21,6,20,22
2012-07-16,22,6,320,21.6
2012-07-16,23,6,250,20.7
2012-07-17,0,0,NA,21.1
2012-07-17,1,0,NA,19.8
2012-07-17,2,6,90,18.9
2012-07-17,3,6,70,17.9
2012-07-17,4,0,NA,17.5
2012-07-17,5,0,NA,17.7
2012-07-17,6,0,NA,19
2012-07-17,7,4,180,18.7
2012-07-17,8,0,NA,22
2012-07-17,9,6,160,22.5
2012-07-17,10,6,150,23
2012-07-17,11,6,210,23.6
2012-07-17,12,7,190,24.3
2012-07-17,13,6,230,23.5
2012-07-17,14,6,300,23.2
2012-07-17,15,9,290,25.1
2012-07-17,16,6,280,23.1
2012-07-17,17,17,320,21.1
2012-07-17,18,13,330,19.9
2012-07-17,19,7,330,18.8
2012-07-17,20,0,NA,18
2012-07-17,21,0,NA,17.6
2012-07-17,22,6,350,17
2012-07-17,23,0,NA,16.5
2012-07-18,0,0,NA,15.9
2012-07-18,1,0,NA,15.4
2012-07-18,2,6,50,14.9
2012-07-18,3,4,260,14.9
2012-07-18,4,4,120,14.8
2012-07-18,5,0,NA,13.9
2012-07-18,6,4,60,18.2
2012-07-18,7,4,240,18.1
2012-07-18,8,4,220,19.9
2012-07-18,9,6,240,21.4
2012-07-18,10,0,NA,23.2
2012-07-18,11,7,290,22.5
2012-07-18,12,13,290,25.1
2012-07-18,13,6,290,26.7
2012-07-18,14,7,290,26.8
2012-07-18,15,6,250,27.2
2012-07-18,16,0,NA,29.5
2012-07-18,17,6,280,29.5
2012-07-18,18,0,NA,30.2
2012-07-18,19,4,360,25
2012-07-18,20,6,70,21.7
2012-07-18,21,9,70,21.3
2012-07-18,22,9,60,20.4
2012-07-18,23,9,70,20.5
2012-07-19,0,9,70,19.9
2012-07-19,1,13,70,19.7
2012-07-19,2,7,60,18.7
2012-07-19,3,13,70,18.3
2012-07-19,4,15,80,18.2
2012-07-19,5,4,40,17.6
2012-07-19,6,0,NA,20.1
2012-07-19,7,4,330,21.1
2012-07-19,8,4,240,22.2
2012-07-19,9,4,230,24
2012-07-19,10,4,300,25
2012-07-19,11,6,290,26.4
2012-07-19,12,4,270,28
2012-07-19,13,9,290,29.8
2012-07-19,14,4,280,32.6
2012-07-19,15,7,290,29.7
2012-07-19,16,7,290,29.7
2012-07-19,17,4,290,30.2
2012-07-19,18,4,250,28.4
2012-07-19,19,0,NA,24.6
2012-07-19,20,4,70,23.4
2012-07-19,21,7,360,24
2012-07-19,22,7,320,22.7
2012-07-19,23,4,180,22.3
2012-07-20,0,4,10,21.4
2012-07-20,1,6,50,21.8
2012-07-20,2,4,20,21
2012-07-20,3,4,40,19.7
2012-07-20,4,6,60,19.1
2012-07-20,5,6,300,18.6
2012-07-20,6,6,40,22.2
2012-07-20,7,6,170,19.9
2012-07-20,8,9,200,19.5
2012-07-20,9,6,300,19
2012-07-20,10,7,320,22.3
2012-07-20,11,17,300,22.9
2012-07-20,12,6,300,25.6
2012-07-20,13,9,290,26
2012-07-20,14,7,290,25.9
2012-07-20,15,7,180,22.8
2012-07-20,16,26,100,17.1
2012-07-20,17,6,150,16.6
2012-07-20,18,7,290,18.3
2012-07-20,19,0,NA,18.4
2012-07-20,20,4,70,15.9
2012-07-20,21,6,80,15.1
2012-07-20,22,6,100,14.6
2012-07-20,23,7,80,13.9
2012-07-21,0,7,70,13.8
2012-07-21,1,4,40,13.6
2012-07-21,2,4,90,12.9
2012-07-21,3,4,90,12.7
2012-07-21,4,6,60,13
2012-07-21,5,9,70,13.2
2012-07-21,6,0,NA,15.2
2012-07-21,7,6,100,17.3
2012-07-21,8,4,110,18.9
2012-07-21,9,6,260,20.2
2012-07-21,10,4,280,22.7
2012-07-21,11,6,200,22.8
2012-07-21,12,7,270,23.3
2012-07-21,13,7,250,25.3
2012-07-21,14,6,270,25.7
2012-07-21,15,0,NA,26.7
2012-07-21,16,6,280,27
2012-07-21,17,6,280,26.7
2012-07-21,18,6,170,25.3
2012-07-21,19,0,NA,22.8
2012-07-21,20,4,50,19.9
2012-07-21,21,7,70,18.5
2012-07-21,22,9,70,17.9
2012-07-21,23,6,50,17.7
2012-07-22,0,7,50,17.2
2012-07-22,1,6,30,16.2
2012-07-22,2,0,NA,15.4
2012-07-22,3,6,60,14.4
2012-07-22,4,7,70,13.6
2012-07-22,5,4,50,13.5
2012-07-22,6,0,NA,17.1
2012-07-22,7,4,250,17.5
2012-07-22,8,4,360,19.7
2012-07-22,9,0,NA,21.3
2012-07-22,10,4,260,21.8
2012-07-22,11,4,340,24.3
2012-07-22,12,6,240,25.3
2012-07-22,13,6,250,26.8
2012-07-22,14,0,NA,28.6
2012-07-22,15,6,270,29.2
2012-07-22,16,6,270,27.5
2012-07-22,17,4,270,29.4
2012-07-22,18,0,NA,26.1
2012-07-22,19,4,70,25.5
2012-07-22,20,9,70,21.3
2012-07-22,21,7,130,19.8
2012-07-22,22,9,120,20.2
2012-07-22,23,7,110,20.9
2012-07-23,0,7,100,18.5
2012-07-23,1,6,120,19.3
2012-07-23,2,13,180,19.8
2012-07-23,3,13,170,18.2
2012-07-23,4,19,170,16.2
2012-07-23,5,20,160,14.5
2012-07-23,6,19,160,14.6
2012-07-23,7,11,180,15.4
2012-07-23,8,11,160,15.4
2012-07-23,9,13,160,15
2012-07-23,10,6,230,16.4
2012-07-23,11,11,170,18
2012-07-23,12,11,170,19.6
2012-07-23,13,7,210,18.3
2012-07-23,14,9,220,17.3
2012-07-23,15,11,290,16.5
2012-07-23,16,11,310,17.5
2012-07-23,17,13,310,16.9
2012-07-23,18,9,320,16.8
2012-07-23,19,9,330,16
2012-07-23,20,6,290,14.3
2012-07-23,21,6,310,13
2012-07-23,22,4,360,13.8
2012-07-23,23,6,100,12.3
2012-07-24,0,0,NA,12.1
2012-07-24,1,6,80,10.4
2012-07-24,2,9,90,9.9
2012-07-24,3,7,80,11.1
2012-07-24,4,6,110,11.1
2012-07-24,5,6,120,11
2012-07-24,6,4,300,11.3
2012-07-24,7,0,NA,13
2012-07-24,8,6,290,13.8
2012-07-24,9,6,260,15.6
2012-07-24,10,4,280,18.2
2012-07-24,11,7,290,19.7
2012-07-24,12,17,310,20.1
2012-07-24,13,11,310,20.3
2012-07-24,14,19,310,20.7
2012-07-24,15,19,300,21.9
2012-07-24,16,19,330,20
2012-07-24,17,19,320,20.3
2012-07-24,18,19,320,19.4
2012-07-24,19,17,320,18.6
2012-07-24,20,15,320,17
2012-07-24,21,15,320,16.4
2012-07-24,22,13,330,16.3
2012-07-24,23,15,330,15.7
2012-07-25,0,7,330,14.8
2012-07-25,1,6,350,14
2012-07-25,2,6,360,13.8
2012-07-25,3,4,20,12.5
2012-07-25,4,0,NA,12.3
2012-07-25,5,4,50,11.3
2012-07-25,6,4,350,15.1
2012-07-25,7,6,300,16.3
2012-07-25,8,13,300,16.9
2012-07-25,9,9,310,18.9
2012-07-25,10,9,300,20.2
2012-07-25,11,11,300,21.5
2012-07-25,12,6,270,23.1
2012-07-25,13,6,280,24.7
2012-07-25,14,4,300,26.7
2012-07-25,15,4,260,27.7
2012-07-25,16,4,210,28.2
2012-07-25,17,6,260,25.1
2012-07-25,18,15,330,22.8
2012-07-25,19,15,330,22.6
2012-07-25,20,7,320,19.5
2012-07-25,21,6,10,19.4
2012-07-25,22,6,50,17.6
2012-07-25,23,7,310,17.1
2012-07-26,0,4,360,16.5
2012-07-26,1,4,340,15.7
2012-07-26,2,4,90,16
2012-07-26,3,4,30,15.4
2012-07-26,4,7,340,14.8
2012-07-26,5,0,NA,14.2
2012-07-26,6,0,NA,18
2012-07-26,7,0,NA,18.3
2012-07-26,8,0,NA,20.8
2012-07-26,9,4,280,21.8
2012-07-26,10,6,290,23.4
2012-07-26,11,4,300,24.8
2012-07-26,12,4,310,25.7
2012-07-26,13,6,280,27
2012-07-26,14,6,300,29
2012-07-26,15,6,280,30
2012-07-26,16,6,280,29.8
2012-07-26,17,7,320,26.9
2012-07-26,18,6,330,25.6
2012-07-26,19,7,350,23.6
2012-07-26,20,0,NA,21.7
2012-07-26,21,6,340,20.1
2012-07-26,22,4,270,19.8
2012-07-26,23,4,350,19.7
2012-07-27,0,4,250,18.5
2012-07-27,1,4,40,18
2012-07-27,2,0,NA,17.3
2012-07-27,3,4,20,15.7
2012-07-27,4,0,NA,15.3
2012-07-27,5,0,NA,15.8
2012-07-27,6,0,NA,18.5
2012-07-27,7,0,NA,20.2
2012-07-27,8,0,NA,20.2
2012-07-27,9,7,290,22
2012-07-27,10,11,290,23.5
2012-07-27,11,6,270,25.2
2012-07-27,12,9,310,25.9
2012-07-27,13,17,310,25.1
2012-07-27,14,4,270,25.1
2012-07-27,15,6,90,26.8
2012-07-27,16,15,310,26.3
2012-07-27,17,9,320,23.4
2012-07-27,18,13,340,23.7
2012-07-27,19,9,330,21
2012-07-27,20,6,40,20.6
2012-07-27,21,4,320,18.4
2012-07-27,22,4,310,17.9
2012-07-27,23,4,310,16.6
2012-07-28,0,0,NA,16.1
2012-07-28,1,4,350,16.4
2012-07-28,2,4,30,16.1
2012-07-28,3,0,NA,14.9
2012-07-28,4,6,70,13.6
2012-07-28,5,6,70,13.8
2012-07-28,6,6,80,16.6
2012-07-28,7,4,270,17.2
2012-07-28,8,0,NA,19.5
2012-07-28,9,4,270,21
2012-07-28,10,4,230,22.3
2012-07-28,11,7,210,25.3
2012-07-28,12,9,170,26.9
2012-07-28,13,9,160,27.7
2012-07-28,14,13,160,28.1
2012-07-28,15,11,160,28.1
2012-07-28,16,11,160,27.6
2012-07-28,17,11,160,26.9
2012-07-28,18,7,170,26
2012-07-28,19,7,170,24.2
2012-07-28,20,4,150,22.5
2012-07-28,21,6,110,21.2
2012-07-28,22,9,80,19.5
2012-07-28,23,7,70,17.4
2012-07-29,0,4,40,18.1
2012-07-29,1,4,90,16.3
2012-07-29,2,7,70,15.4
2012-07-29,3,6,60,15
2012-07-29,4,6,60,14.5
2012-07-29,5,4,50,14.1
2012-07-29,6,0,NA,15.9
2012-07-29,7,0,NA,17
2012-07-29,8,0,NA,18.6
2012-07-29,9,0,NA,21
2012-07-29,10,0,NA,23.3
2012-07-29,11,4,240,24.1
2012-07-29,12,4,250,26.1
2012-07-29,13,4,240,28.3
2012-07-29,14,7,170,28.8
2012-07-29,15,7,170,29.3
2012-07-29,16,9,170,29.4
2012-07-29,17,7,160,28.8
2012-07-29,18,0,NA,29
2012-07-29,19,6,290,24.3
2012-07-29,20,0,NA,20.9
2012-07-29,21,6,50,20.8
2012-07-29,22,6,40,20.7
2012-07-29,23,0,NA,18.9
2012-07-30,0,6,30,18.2
2012-07-30,1,4,330,17.2
2012-07-30,2,4,340,15.3
2012-07-30,3,4,30,14.6
2012-07-30,4,6,70,14.7
2012-07-30,5,4,70,14.9
2012-07-30,6,9,240,14.2
2012-07-30,7,9,270,14.7
2012-07-30,8,4,150,18.1
2012-07-30,9,0,NA,21.9
2012-07-30,10,4,260,19.5
2012-07-30,11,4,250,22.5
2012-07-30,12,4,240,25.8
2012-07-30,13,4,240,26
2012-07-30,14,6,260,28.7
2012-07-30,15,6,120,30
2012-07-30,16,15,160,29.5
2012-07-30,17,13,190,29.2
2012-07-30,18,11,200,28.1
2012-07-30,19,7,150,26.1
2012-07-30,20,11,180,25.6
2012-07-30,21,7,90,21.9
2012-07-30,22,7,70,20.7
2012-07-30,23,7,80,19.3
2012-07-31,0,7,80,18
2012-07-31,1,7,70,17.8
2012-07-31,2,9,70,16.9
2012-07-31,3,4,60,15.9
2012-07-31,4,6,60,15.6
2012-07-31,5,7,60,15.7
2012-07-31,6,13,100,16.8
2012-07-31,7,6,130,19.2
2012-07-31,8,4,160,20.4
2012-07-31,9,4,180,22.8
2012-07-31,10,6,250,24.6
2012-07-31,11,7,190,26.4
2012-07-31,12,6,150,27.4
2012-07-31,13,6,160,28.5
2012-07-31,14,7,150,29.2
2012-07-31,15,9,130,29.2
2012-07-31,16,13,160,28.5
2012-07-31,17,7,180,28.3
2012-07-31,18,11,190,27.1
2012-07-31,19,11,190,25.3
2012-07-31,20,6,120,22
2012-07-31,21,7,90,19.2
2012-07-31,22,9,50,19.1
2012-07-31,23,9,80,18.1
2012-08-01,0,7,70,17.3
2012-08-01,1,7,60,17.1
2012-08-01,2,6,50,16.4
2012-08-01,3,6,60,15.2
2012-08-01,4,6,60,14.1
2012-08-01,5,6,80,13.4
2012-08-01,6,4,50,17
2012-08-01,7,0,NA,17.5
2012-08-01,8,0,NA,19.5
2012-08-01,9,4,280,21.2
2012-08-01,10,0,NA,23.2
2012-08-01,11,6,220,24.3
2012-08-01,12,4,320,27
2012-08-01,13,7,190,29
2012-08-01,14,11,200,29.5
2012-08-01,15,9,170,30
2012-08-01,16,13,190,29
2012-08-01,17,13,180,27.5
2012-08-01,18,15,200,27.1
2012-08-01,19,4,320,24.2
2012-08-01,20,4,140,23.9
2012-08-01,21,6,50,19.6
2012-08-01,22,13,80,19.9
2012-08-01,23,11,70,19.3
2012-08-02,0,13,80,18.4
2012-08-02,1,7,70,17.7
2012-08-02,2,11,80,16.5
2012-08-02,3,9,70,16.7
2012-08-02,4,9,80,16.5
2012-08-02,5,6,340,15.3
2012-08-02,6,0,NA,15.4
2012-08-02,7,6,120,15.9
2012-08-02,8,6,180,17.7
2012-08-02,9,6,260,19.6
2012-08-02,10,0,NA,20
2012-08-02,11,4,210,22.5
2012-08-02,12,6,300,19.5
2012-08-02,13,4,210,20.5
2012-08-02,14,9,270,19.6
2012-08-02,15,4,160,24.1
2012-08-02,16,4,290,24
2012-08-02,17,11,300,23.4
2012-08-02,18,0,NA,23.8
2012-08-02,19,15,320,20.3
2012-08-02,20,22,330,19
2012-08-02,21,19,340,17.9
2012-08-02,22,13,340,16.6
2012-08-02,23,20,330,16.4
2012-08-03,0,9,330,15.1
2012-08-03,1,4,90,13.4
2012-08-03,2,6,60,13.3
2012-08-03,3,7,60,12.2
2012-08-03,4,6,40,11.6
2012-08-03,5,6,50,11.3
2012-08-03,6,4,60,13
2012-08-03,7,9,320,15
2012-08-03,8,7,300,16.4
2012-08-03,9,7,300,18
2012-08-03,10,9,290,19.5
2012-08-03,11,11,300,20.5
2012-08-03,12,11,290,22.1
2012-08-03,13,7,300,24
2012-08-03,14,9,290,24.9
2012-08-03,15,6,310,26.9
2012-08-03,16,6,270,26.1
2012-08-03,17,4,260,26.4
2012-08-03,18,4,310,26.5
2012-08-03,19,6,330,21.8
2012-08-03,20,6,30,19.8
2012-08-03,21,7,50,17.8
2012-08-03,22,4,70,17.4
2012-08-03,23,0,NA,17.5
2012-08-04,0,6,30,16
2012-08-04,1,0,NA,15.7
2012-08-04,2,6,40,15.1
2012-08-04,3,0,NA,14.3
2012-08-04,4,4,220,14
2012-08-04,5,0,NA,13.2
2012-08-04,6,4,60,15.8
2012-08-04,7,4,50,17.4
2012-08-04,8,0,NA,18.5
2012-08-04,9,6,260,20.3
2012-08-04,10,4,250,22.2
2012-08-04,11,4,230,24.3
2012-08-04,12,4,250,26
2012-08-04,13,4,240,27.9
2012-08-04,14,6,240,29
2012-08-04,15,4,240,30.5
2012-08-04,16,6,270,30.3
2012-08-04,17,6,250,30.4
2012-08-04,18,0,NA,30.3
2012-08-04,19,4,40,23.6
2012-08-04,20,7,60,21.5
2012-08-04,21,9,70,21.2
2012-08-04,22,9,70,21.1
2012-08-04,23,7,60,20.6
2012-08-05,0,7,60,19.6
2012-08-05,1,4,340,18.7
2012-08-05,2,7,60,17
2012-08-05,3,6,60,16.9
2012-08-05,4,4,350,16
2012-08-05,5,0,NA,16.5
2012-08-05,6,0,NA,17.6
2012-08-05,7,0,NA,19
2012-08-05,8,0,NA,21.4
2012-08-05,9,4,270,22.5
2012-08-05,10,4,220,24.6
2012-08-05,11,4,280,26.3
2012-08-05,12,4,220,28.4
2012-08-05,13,4,260,30.2
2012-08-05,14,6,280,31.7
2012-08-05,15,6,250,33.4
2012-08-05,16,6,310,33.4
2012-08-05,17,7,300,33
2012-08-05,18,7,310,31.7
2012-08-05,19,4,330,27.3
2012-08-05,20,11,70,23.5
2012-08-05,21,6,60,24
2012-08-05,22,6,50,23.1
2012-08-05,23,6,340,22.9
2012-08-06,0,4,30,21.8
2012-08-06,1,4,40,20.6
2012-08-06,2,6,360,19.9
2012-08-06,3,4,360,19.6
2012-08-06,4,0,NA,18.4
2012-08-06,5,4,10,18.1
2012-08-06,6,0,NA,18.6
2012-08-06,7,0,NA,21.1
2012-08-06,8,0,NA,22.5
2012-08-06,9,4,120,24.6
2012-08-06,10,0,NA,26.1
2012-08-06,11,6,250,27.4
2012-08-06,12,0,NA,26.6
2012-08-06,13,4,360,26.5
2012-08-06,14,17,300,27.8
2012-08-06,15,19,310,27.5
2012-08-06,16,4,280,26.2
2012-08-06,17,4,340,27.1
2012-08-06,18,0,NA,26.4
2012-08-06,19,4,340,24.1
2012-08-06,20,4,250,21
2012-08-06,21,0,NA,20
2012-08-06,22,4,260,19.5
2012-08-06,23,6,120,18.2
2012-08-07,0,0,NA,18.9
2012-08-07,1,0,NA,17.9
2012-08-07,2,4,160,17.1
2012-08-07,3,0,NA,17
2012-08-07,4,0,NA,16.6
2012-08-07,5,4,70,14.9
2012-08-07,6,4,90,17.2
2012-08-07,7,0,NA,18.9
2012-08-07,8,0,NA,21
2012-08-07,9,4,330,23
2012-08-07,10,7,300,24.2
2012-08-07,11,6,250,25.6
2012-08-07,12,7,280,27.5
2012-08-07,13,9,280,28.5
2012-08-07,14,7,300,29.9
2012-08-07,15,7,300,30.4
2012-08-07,16,6,250,29.8
2012-08-07,17,7,300,30.1
2012-08-07,18,7,280,27.6
2012-08-07,19,0,NA,23.5
2012-08-07,20,7,50,21.5
2012-08-07,21,6,10,22.3
2012-08-07,22,4,260,21.6
2012-08-07,23,4,350,20.5
2012-08-08,0,0,NA,21
2012-08-08,1,7,60,18
2012-08-08,2,6,330,18.3
2012-08-08,3,7,80,16.7
2012-08-08,4,6,320,16.5
2012-08-08,5,6,310,17.1
2012-08-08,6,0,NA,17.7
2012-08-08,7,0,NA,20.1
2012-08-08,8,0,NA,21
2012-08-08,9,4,140,21.5
2012-08-08,10,4,130,21.4
2012-08-08,11,6,140,24.4
2012-08-08,12,6,110,26
2012-08-08,13,7,230,28.4
2012-08-08,14,15,160,28.2
2012-08-08,15,13,170,29.5
2012-08-08,16,17,170,30.2
2012-08-08,17,17,150,29.4
2012-08-08,18,11,180,29.4
2012-08-08,19,7,190,26.5
2012-08-08,20,7,160,24.8
2012-08-08,21,6,180,23.3
2012-08-08,22,7,70,20.2
2012-08-08,23,9,90,21.2
2012-08-09,0,9,80,20
2012-08-09,1,6,70,18.3
2012-08-09,2,4,70,18.4
2012-08-09,3,7,70,17.2
2012-08-09,4,6,10,16.5
2012-08-09,5,0,NA,15.9
2012-08-09,6,0,NA,15.3
2012-08-09,7,0,NA,18.7
2012-08-09,8,4,230,20.2
2012-08-09,9,4,150,22.2
2012-08-09,10,6,190,24.4
2012-08-09,11,6,270,25.5
2012-08-09,12,6,290,27.1
2012-08-09,13,4,300,27.7
2012-08-09,14,4,210,29.8
2012-08-09,15,4,320,31.6
2012-08-09,16,6,160,28.3
2012-08-09,17,6,180,26.7
2012-08-09,18,7,70,24.4
2012-08-09,19,7,70,22.6
2012-08-09,20,11,70,22
2012-08-09,21,13,80,20.8
2012-08-09,22,4,20,20.7
2012-08-09,23,6,20,19
2012-08-10,0,11,60,18.1
2012-08-10,1,7,70,17.6
2012-08-10,2,7,60,16.7
2012-08-10,3,7,70,15.2
2012-08-10,4,4,10,14.8
2012-08-10,5,7,70,13.5
2012-08-10,6,0,NA,14.3
2012-08-10,7,0,NA,17.9
2012-08-10,8,4,250,18.3
2012-08-10,9,4,270,20.6
2012-08-10,10,6,290,22.2
2012-08-10,11,6,300,24.8
2012-08-10,12,6,250,26.4
2012-08-10,13,7,290,27.5
2012-08-10,14,7,300,28.3
2012-08-10,15,7,300,26.4
2012-08-10,16,0,NA,30
2012-08-10,17,6,270,29.2
2012-08-10,18,6,300,27.7
2012-08-10,19,6,60,22.7
2012-08-10,20,6,50,20.7
2012-08-10,21,7,70,19.8
2012-08-10,22,7,60,19.4
2012-08-10,23,4,40,18.8
2012-08-11,0,7,70,17.7
2012-08-11,1,6,70,16.6
2012-08-11,2,7,60,15.9
2012-08-11,3,9,70,15.5
2012-08-11,4,7,60,15
2012-08-11,5,4,40,14.7
2012-08-11,6,6,60,15.6
2012-08-11,7,0,NA,17.5
2012-08-11,8,0,NA,18.9
2012-08-11,9,6,280,20.6
2012-08-11,10,11,290,23
2012-08-11,11,11,260,24.1
2012-08-11,12,6,290,25.9
2012-08-11,13,4,330,26.6
2012-08-11,14,4,340,28.9
2012-08-11,15,9,300,29.5
2012-08-11,16,6,250,30.2
2012-08-11,17,4,250,29.4
2012-08-11,18,4,280,28.5
2012-08-11,19,4,30,22
2012-08-11,20,4,30,21
2012-08-11,21,0,NA,21.3
2012-08-11,22,6,50,18.9
2012-08-11,23,6,360,19.5
2012-08-12,0,0,NA,18.5
2012-08-12,1,6,60,16.8
2012-08-12,2,0,NA,17.2
2012-08-12,3,4,90,16
2012-08-12,4,4,70,15.3
2012-08-12,5,6,50,14.6
2012-08-12,6,4,360,16.2
2012-08-12,7,0,NA,18.3
2012-08-12,8,0,NA,20.5
2012-08-12,9,6,300,22.2
2012-08-12,10,6,340,24.1
2012-08-12,11,7,260,24.7
2012-08-12,12,6,290,27.1
2012-08-12,13,4,270,29.1
2012-08-12,14,6,260,30.7
2012-08-12,15,6,320,31.7
2012-08-12,16,6,280,32.1
2012-08-12,17,4,280,31.9
2012-08-12,18,4,300,28.6
2012-08-12,19,6,50,22.4
2012-08-12,20,6,30,23.2
2012-08-12,21,7,70,22
2012-08-12,22,6,10,21.2
2012-08-12,23,4,290,19.9
2012-08-13,0,6,10,19
2012-08-13,1,4,60,17.9
2012-08-13,2,6,60,16.5
2012-08-13,3,6,50,16.3
2012-08-13,4,4,40,15.6
2012-08-13,5,7,60,15.4
2012-08-13,6,6,60,14.5
2012-08-13,7,0,NA,17.6
2012-08-13,8,0,NA,20.1
2012-08-13,9,4,190,21.9
2012-08-13,10,4,220,23.4
2012-08-13,11,4,280,26
2012-08-13,12,4,240,27.1
2012-08-13,13,6,310,29.2
2012-08-13,14,9,280,30
2012-08-13,15,7,300,31.3
2012-08-13,16,6,320,30.6
2012-08-13,17,4,250,30.7
2012-08-13,18,0,NA,28.7
2012-08-13,19,6,40,24.2
2012-08-13,20,7,60,22.8
2012-08-13,21,9,70,21.8
2012-08-13,22,0,NA,22.3
2012-08-13,23,6,70,19.8
2012-08-14,0,7,60,18.7
2012-08-14,1,7,50,18.4
2012-08-14,2,7,60,17.6
2012-08-14,3,7,60,16.6
2012-08-14,4,6,60,15.6
2012-08-14,5,7,70,15.1
2012-08-14,6,6,80,15.9
2012-08-14,7,0,NA,17.7
2012-08-14,8,0,NA,20.7
2012-08-14,9,4,270,22.1
2012-08-14,10,4,310,23.6
2012-08-14,11,6,320,25.7
2012-08-14,12,4,220,28.1
2012-08-14,13,7,320,29.6
2012-08-14,14,11,300,31.3
2012-08-14,15,9,300,30.9
2012-08-14,16,13,320,29.3
2012-08-14,17,15,340,28.7
2012-08-14,18,20,320,25.5
2012-08-14,19,30,340,24.4
2012-08-14,20,24,330,23.1
2012-08-14,21,26,340,22.7
2012-08-14,22,13,40,21.6
2012-08-14,23,20,70,20.9
2012-08-15,0,11,70,20.1
2012-08-15,1,11,50,19.7
2012-08-15,2,11,60,19.7
2012-08-15,3,13,70,18.6
2012-08-15,4,11,90,17.9
2012-08-15,5,6,90,15.8
2012-08-15,6,7,100,16.6
2012-08-15,7,13,70,19.6
2012-08-15,8,7,100,21.2
2012-08-15,9,11,50,21.9
2012-08-15,10,6,60,23.3
2012-08-15,11,9,80,24.5
2012-08-15,12,NA,NA,NA
2012-08-15,13,NA,NA,NA
2012-08-15,14,NA,NA,NA
2012-08-15,15,NA,NA,NA
2012-08-15,16,9,260,26.9
2012-08-15,17,7,260,26.4
2012-08-15,18,4,280,25.7
2012-08-15,19,9,60,19.6
2012-08-15,20,6,50,18.8
2012-08-15,21,4,80,18.3
2012-08-15,22,7,60,18.3
2012-08-15,23,6,30,17.9
2012-08-16,0,4,40,16.9
2012-08-16,1,11,70,15.5
2012-08-16,2,7,60,15
2012-08-16,3,6,40,14
2012-08-16,4,7,60,13.5
2012-08-16,5,4,60,12.7
2012-08-16,6,6,50,13.7
2012-08-16,7,NA,NA,NA
2012-08-16,8,NA,NA,NA
2012-08-16,9,NA,NA,NA
2012-08-16,10,NA,NA,NA
2012-08-16,11,6,260,23.1
2012-08-16,12,4,270,25.1
2012-08-16,13,4,150,28.3
2012-08-16,14,6,210,28.9
2012-08-16,15,6,260,30
2012-08-16,16,9,260,29.5
2012-08-16,17,6,280,29.1
2012-08-16,18,4,280,28
2012-08-16,19,7,340,22.4
2012-08-16,20,6,40,21.1
2012-08-16,21,7,60,19.5
2012-08-16,22,4,30,19.1
2012-08-16,23,4,360,18.4
2012-08-17,0,6,50,16.9
2012-08-17,1,6,50,16.3
2012-08-17,2,0,NA,15.8
2012-08-17,3,0,NA,15
2012-08-17,4,6,60,13.4
2012-08-17,5,6,60,13.2
2012-08-17,6,6,70,13.9
2012-08-17,7,0,NA,16.6
2012-08-17,8,0,NA,18.5
2012-08-17,9,4,280,20.3
2012-08-17,10,0,NA,21.7
2012-08-17,11,6,240,23.6
2012-08-17,12,4,140,26.1
2012-08-17,13,6,250,28.4
2012-08-17,14,6,270,29.3
2012-08-17,15,6,260,30.9
2012-08-17,16,7,300,30.5
2012-08-17,17,4,300,30.7
2012-08-17,18,4,290,28.6
2012-08-17,19,4,350,23
2012-08-17,20,6,50,21.8
2012-08-17,21,6,60,20.8
2012-08-17,22,6,350,21
2012-08-17,23,6,20,20.9
2012-08-18,0,0,NA,18.9
2012-08-18,1,6,70,17.6
2012-08-18,2,0,NA,17.5
2012-08-18,3,6,60,16.4
2012-08-18,4,6,60,15.8
2012-08-18,5,0,NA,15.5
2012-08-18,6,4,60,15.8
2012-08-18,7,0,NA,17.4
2012-08-18,8,0,NA,20.5
2012-08-18,9,0,NA,22.1
2012-08-18,10,4,250,24.5
2012-08-18,11,4,330,25.5
2012-08-18,12,4,260,28.5
2012-08-18,13,4,300,30.3
2012-08-18,14,4,320,32.2
2012-08-18,15,6,280,32.8
2012-08-18,16,4,270,34.6
2012-08-18,17,4,260,33.2
2012-08-18,18,0,NA,28.9
2012-08-18,19,7,50,24.5
2012-08-18,20,6,40,25
2012-08-18,21,6,360,24.3
2012-08-18,22,6,60,23.4
2012-08-18,23,6,40,21.4
2012-08-19,0,4,30,20.7
2012-08-19,1,0,NA,20.1
2012-08-19,2,4,40,19.3
2012-08-19,3,0,NA,18.7
2012-08-19,4,0,NA,17.4
2012-08-19,5,0,NA,16.3
2012-08-19,6,0,NA,16.6
2012-08-19,7,4,100,18
2012-08-19,8,4,110,19.6
2012-08-19,9,4,150,22.1
2012-08-19,10,0,NA,25.5
2012-08-19,11,4,240,27.1
2012-08-19,12,4,260,28.6
2012-08-19,13,6,270,30.1
2012-08-19,14,7,300,32.5
2012-08-19,15,6,320,33.3
2012-08-19,16,4,300,34.3
2012-08-19,17,4,280,32.9
2012-08-19,18,0,NA,31.3
2012-08-19,19,4,310,25.2
2012-08-19,20,9,70,24.1
2012-08-19,21,4,90,23.1
2012-08-19,22,0,NA,22.3
2012-08-19,23,0,NA,21.8
2012-08-20,0,0,NA,20.3
2012-08-20,1,0,NA,20.1
2012-08-20,2,6,70,18.7
2012-08-20,3,6,60,18.4
2012-08-20,4,6,50,17
2012-08-20,5,0,NA,16.8
2012-08-20,6,13,80,17.8
2012-08-20,7,9,100,19.8
2012-08-20,8,7,110,21.7
2012-08-20,9,4,150,24.2
2012-08-20,10,4,230,26
2012-08-20,11,0,NA,27.4
2012-08-20,12,6,350,28.5
2012-08-20,13,11,150,31.1
2012-08-20,14,9,150,32.6
2012-08-20,15,7,200,32.7
2012-08-20,16,9,190,32.7
2012-08-20,17,7,170,31.7
2012-08-20,18,7,180,28.8
2012-08-20,19,4,130,25.2
2012-08-20,20,7,70,24
2012-08-20,21,13,80,22.9
2012-08-20,22,9,60,22.5
2012-08-20,23,11,70,22.3
2012-08-21,0,9,60,21.5
2012-08-21,1,7,50,20.9
2012-08-21,2,6,50,19.9
2012-08-21,3,4,60,18.9
2012-08-21,4,7,70,18.1
2012-08-21,5,0,NA,15.9
2012-08-21,6,22,80,18.5
2012-08-21,7,11,90,17.7
2012-08-21,8,0,NA,16.6
2012-08-21,9,7,60,16.2
2012-08-21,10,9,40,14.8
2012-08-21,11,9,150,16.8
2012-08-21,12,0,NA,18.1
2012-08-21,13,11,310,19.9
2012-08-21,14,7,250,21
2012-08-21,15,9,180,23.5
2012-08-21,16,7,210,23.6
2012-08-21,17,4,230,23.6
2012-08-21,18,6,170,21.4
2012-08-21,19,0,NA,19
2012-08-21,20,0,NA,17.7
2012-08-21,21,9,100,17.2
2012-08-21,22,9,90,16
2012-08-21,23,7,90,16.3
2012-08-22,0,0,NA,15.5
2012-08-22,1,6,100,16.4
2012-08-22,2,4,60,14.3
2012-08-22,3,0,NA,13.5
2012-08-22,4,0,NA,12.5
2012-08-22,5,0,NA,12.9
2012-08-22,6,4,180,12.4
2012-08-22,7,0,NA,14.1
2012-08-22,8,6,110,16.7
2012-08-22,9,4,100,17.7
2012-08-22,10,9,150,20.4
2012-08-22,11,6,170,22.4
2012-08-22,12,7,170,24.2
2012-08-22,13,6,170,26
2012-08-22,14,9,160,26
2012-08-22,15,11,160,25.8
2012-08-22,16,9,170,25.2
2012-08-22,17,13,160,23.5
2012-08-22,18,11,160,22
2012-08-22,19,9,150,20.3
2012-08-22,20,7,160,19.3
2012-08-22,21,6,90,16.3
2012-08-22,22,7,90,16
2012-08-22,23,9,80,15.4
2012-08-23,0,7,70,14.9
2012-08-23,1,0,NA,14
2012-08-23,2,9,70,13.8
2012-08-23,3,9,70,12.7
2012-08-23,4,6,60,12.4
2012-08-23,5,4,60,11.1
2012-08-23,6,11,80,12.5
2012-08-23,7,6,110,15
2012-08-23,8,4,110,15.3
2012-08-23,9,0,NA,18.5
2012-08-23,10,4,210,20.9
2012-08-23,11,11,160,24.6
2012-08-23,12,11,190,25
2012-08-23,13,11,180,25.9
2012-08-23,14,11,190,26.5
2012-08-23,15,15,210,26.6
2012-08-23,16,13,210,25.9
2012-08-23,17,15,210,24.8
2012-08-23,18,11,220,22.7
2012-08-23,19,9,160,20
2012-08-23,20,6,170,19.1
2012-08-23,21,7,150,18.7
2012-08-23,22,4,300,16.9
2012-08-23,23,0,NA,16.2
2012-08-24,0,4,320,15
2012-08-24,1,20,320,15
2012-08-24,2,20,330,14.3
2012-08-24,3,22,330,14.2
2012-08-24,4,9,300,13.1
2012-08-24,5,4,190,12.1
2012-08-24,6,6,90,11
2012-08-24,7,4,60,12.9
2012-08-24,8,6,110,13.5
2012-08-24,9,6,140,17.2
2012-08-24,10,4,30,16.8
2012-08-24,11,4,280,18.2
2012-08-24,12,4,240,18
2012-08-24,13,0,NA,18.8
2012-08-24,14,6,220,20
2012-08-24,15,11,270,22.8
2012-08-24,16,17,260,21.4
2012-08-24,17,17,270,20.7
2012-08-24,18,13,270,19.2
2012-08-24,19,4,40,14.2
2012-08-24,20,6,40,13.3
2012-08-24,21,7,50,11.5
2012-08-24,22,6,50,11.8
2012-08-24,23,6,40,10.7
2012-08-25,0,6,40,10
2012-08-25,1,6,60,9.6
2012-08-25,2,6,50,9.3
2012-08-25,3,7,70,8.6
2012-08-25,4,4,50,8.1
2012-08-25,5,6,70,7.2
2012-08-25,6,6,50,7.5
2012-08-25,7,0,NA,10.8
2012-08-25,8,4,240,13
2012-08-25,9,6,300,14.5
2012-08-25,10,7,300,16.5
2012-08-25,11,9,300,18
2012-08-25,12,6,260,20
2012-08-25,13,7,260,20.9
2012-08-25,14,7,270,22.5
2012-08-25,15,7,270,23.4
2012-08-25,16,6,260,23.9
2012-08-25,17,6,300,23.1
2012-08-25,18,6,280,21.1
2012-08-25,19,4,10,17.3
2012-08-25,20,4,40,14.9
2012-08-25,21,6,340,14.6
2012-08-25,22,7,340,14.7
2012-08-25,23,0,NA,13.7
2012-08-26,0,0,NA,13.1
2012-08-26,1,0,NA,12.2
2012-08-26,2,0,NA,11.4
2012-08-26,3,0,NA,11.8
2012-08-26,4,0,NA,11.9
2012-08-26,5,0,NA,11.1
2012-08-26,6,0,NA,11
2012-08-26,7,0,NA,13.3
2012-08-26,8,0,NA,15
2012-08-26,9,0,NA,17.5
2012-08-26,10,6,270,19.1
2012-08-26,11,4,290,21.1
2012-08-26,12,6,280,23.2
2012-08-26,13,7,290,25.3
2012-08-26,14,6,290,26.1
2012-08-26,15,6,300,26.8
2012-08-26,16,4,300,27.7
2012-08-26,17,6,300,25.6
2012-08-26,18,4,20,23
2012-08-26,19,9,70,20.6
2012-08-26,20,4,60,20.9
2012-08-26,21,6,80,19.4
2012-08-26,22,6,350,19.5
2012-08-26,23,0,NA,17.9
2012-08-27,0,6,320,16.4
2012-08-27,1,0,NA,16.7
2012-08-27,2,28,80,15.3
2012-08-27,3,7,310,15.6
2012-08-27,4,7,80,14.7
2012-08-27,5,7,90,13.8
2012-08-27,6,6,100,14.9
2012-08-27,7,4,70,17.5
2012-08-27,8,0,NA,18.7
2012-08-27,9,0,NA,22.1
2012-08-27,10,6,320,22.5
2012-08-27,11,11,190,25.9
2012-08-27,12,9,200,27.7
2012-08-27,13,7,200,29.3
2012-08-27,14,9,180,30.1
2012-08-27,15,7,210,30.9
2012-08-27,16,13,160,28.6
2012-08-27,17,11,160,27.4
2012-08-27,18,13,150,25.5
2012-08-27,19,11,170,24.4
2012-08-27,20,6,50,21.6
2012-08-27,21,7,70,19.6
2012-08-27,22,7,50,18.9
2012-08-27,23,11,60,18.4
2012-08-28,0,9,80,17.1
2012-08-28,1,13,80,17
2012-08-28,2,6,60,15.9
2012-08-28,3,15,80,15.5
2012-08-28,4,7,60,14.8
2012-08-28,5,11,60,14.4
2012-08-28,6,4,50,14.3
2012-08-28,7,0,NA,15.1
2012-08-28,8,4,250,17
2012-08-28,9,0,NA,19.7
2012-08-28,10,0,NA,21.8
2012-08-28,11,0,NA,24.1
2012-08-28,12,4,230,26.7
2012-08-28,13,4,210,28
2012-08-28,14,9,180,30.1
2012-08-28,15,11,160,30.3
2012-08-28,16,11,210,28.6
2012-08-28,17,11,210,27.8
2012-08-28,18,11,200,25.6
2012-08-28,19,7,170,23.6
2012-08-28,20,7,160,22.6
2012-08-28,21,7,80,19.7
2012-08-28,22,4,70,17.7
2012-08-28,23,9,170,21.8
2012-08-29,0,26,290,16.4
2012-08-29,1,9,220,16.9
2012-08-29,2,7,280,15.2
2012-08-29,3,7,110,14.5
2012-08-29,4,6,140,14.6
2012-08-29,5,4,240,15.2
2012-08-29,6,7,130,14.1
2012-08-29,7,7,120,14.9
2012-08-29,8,6,170,18.7
2012-08-29,9,6,160,20.3
2012-08-29,10,6,230,21.2
2012-08-29,11,6,150,22.1
2012-08-29,12,7,200,23.1
2012-08-29,13,7,180,23.6
2012-08-29,14,9,180,23.4
2012-08-29,15,7,160,22.7
2012-08-29,16,6,200,22.6
2012-08-29,17,6,220,22
2012-08-29,18,6,180,21
2012-08-29,19,6,200,18.8
2012-08-29,20,7,90,15.4
2012-08-29,21,7,70,14.7
2012-08-29,22,11,70,14.5
2012-08-29,23,13,70,13.7
2012-08-30,0,6,40,13.2
2012-08-30,1,13,70,12.8
2012-08-30,2,7,60,12
2012-08-30,3,13,70,11.6
2012-08-30,4,4,30,10.4
2012-08-30,5,15,80,10.1
2012-08-30,6,11,70,10.1
2012-08-30,7,13,90,12.3
2012-08-30,8,0,NA,14.6
2012-08-30,9,4,160,16.7
2012-08-30,10,4,180,19
2012-08-30,11,6,270,21.2
2012-08-30,12,7,260,23.2
2012-08-30,13,4,90,24.7
2012-08-30,14,6,90,24.7
2012-08-30,15,6,220,25.2
2012-08-30,16,6,140,24.6
2012-08-30,17,4,230,24.5
2012-08-30,18,0,NA,21.2
2012-08-30,19,7,60,17.5
2012-08-30,20,7,60,16.8
2012-08-30,21,9,50,16.9
2012-08-30,22,6,50,15.9
2012-08-30,23,6,30,14.9
2012-08-31,0,9,50,13.9
2012-08-31,1,4,360,13
2012-08-31,2,7,50,12.8
2012-08-31,3,7,40,11.9
2012-08-31,4,7,80,10.6
2012-08-31,5,7,60,10.2
2012-08-31,6,4,10,9.8
2012-08-31,7,0,NA,12.3
2012-08-31,8,6,280,15.2
2012-08-31,9,6,290,16.7
2012-08-31,10,6,250,19.2
2012-08-31,11,4,250,21.2
2012-08-31,12,4,290,23.6
2012-08-31,13,6,270,25.1
2012-08-31,14,6,260,26.4
2012-08-31,15,6,270,27.3
2012-08-31,16,11,300,23.3
2012-08-31,17,7,290,21.5
2012-08-31,18,4,290,19.9
2012-08-31,19,6,100,16.5
2012-08-31,20,6,80,16.3
2012-08-31,21,6,60,16.3
2012-08-31,22,9,60,16.2
2012-08-31,23,4,50,14.7
2012-09-01,0,11,80,15
2012-09-01,1,11,80,14.4
2012-09-01,2,7,70,12.8
2012-09-01,3,6,70,11.1
2012-09-01,4,6,60,11.3
2012-09-01,5,4,360,11.6
2012-09-01,6,6,320,10.9
2012-09-01,7,0,NA,12.7
2012-09-01,8,4,140,15.1
2012-09-01,9,4,290,18
2012-09-01,10,4,170,19.3
2012-09-01,11,0,NA,21
2012-09-01,12,9,310,22.8
2012-09-01,13,6,260,24.7
2012-09-01,14,15,260,23.8
2012-09-01,15,13,270,24.4
2012-09-01,16,17,280,23.5
2012-09-01,17,13,270,22.8
2012-09-01,18,11,270,20.2
2012-09-01,19,6,230,19
2012-09-01,20,6,60,14.7
2012-09-01,21,4,350,15.8
2012-09-01,22,7,130,14.5
2012-09-01,23,7,100,12.4
2012-09-02,0,6,40,12.3
2012-09-02,1,7,60,11
2012-09-02,2,9,90,10
2012-09-02,3,9,70,10.6
2012-09-02,4,6,50,10.6
2012-09-02,5,6,60,10.2
2012-09-02,6,7,80,9.7
2012-09-02,7,0,NA,11.9
2012-09-02,8,0,NA,14.3
2012-09-02,9,0,NA,17
2012-09-02,10,4,230,18.9
2012-09-02,11,6,140,21.9
2012-09-02,12,9,160,23.6
2012-09-02,13,13,190,24.2
2012-09-02,14,11,180,25.2
2012-09-02,15,11,300,24
2012-09-02,16,17,320,23.7
2012-09-02,17,9,300,21.2
2012-09-02,18,7,320,18.5
2012-09-02,19,7,340,17.6
2012-09-02,20,7,70,15.4
2012-09-02,21,6,310,14.8
2012-09-02,22,6,40,13.9
2012-09-02,23,4,100,13.1
2012-09-03,0,6,60,11.6
2012-09-03,1,7,60,11.8
2012-09-03,2,7,70,10.5
2012-09-03,3,7,80,9.5
2012-09-03,4,6,70,10.1
2012-09-03,5,7,60,9.4
2012-09-03,6,4,50,9.4
2012-09-03,7,4,60,11.6
2012-09-03,8,4,130,14.5
2012-09-03,9,4,210,15.6
2012-09-03,10,4,290,18.4
2012-09-03,11,6,300,19
2012-09-03,12,9,290,21.6
2012-09-03,13,7,320,21.1
2012-09-03,14,9,310,21.9
2012-09-03,15,17,320,19.6
2012-09-03,16,26,330,19
2012-09-03,17,24,320,18.1
2012-09-03,18,22,340,18.5
2012-09-03,19,20,330,18
2012-09-03,20,19,330,17.8
2012-09-03,21,11,300,15.4
2012-09-03,22,13,340,16.3
2012-09-03,23,0,NA,15.1
2012-09-04,0,4,60,13.6
2012-09-04,1,4,300,12.7
2012-09-04,2,9,70,10.9
2012-09-04,3,6,90,10.6
2012-09-04,4,6,70,10.2
2012-09-04,5,9,70,9.7
2012-09-04,6,7,80,9.4
2012-09-04,7,7,80,12.2
2012-09-04,8,0,NA,15.3
2012-09-04,9,9,300,17.2
2012-09-04,10,9,290,19.2
2012-09-04,11,11,290,20.9
2012-09-04,12,13,310,22.1
2012-09-04,13,15,320,23.1
2012-09-04,14,13,300,24.3
2012-09-04,15,11,290,24.7
2012-09-04,16,13,330,23.7
2012-09-04,17,9,330,22.6
2012-09-04,18,13,330,20.4
2012-09-04,19,9,320,18.6
2012-09-04,20,6,280,16.3
2012-09-04,21,6,340,14.8
2012-09-04,22,6,330,14.6
2012-09-04,23,0,NA,14
2012-09-05,0,6,80,11.2
2012-09-05,1,6,50,11.6
2012-09-05,2,6,60,11
2012-09-05,3,7,60,11
2012-09-05,4,9,80,10.4
2012-09-05,5,7,60,9.6
2012-09-05,6,6,70,9.1
2012-09-05,7,4,60,12.3
2012-09-05,8,4,220,14.3
2012-09-05,9,4,210,16.3
2012-09-05,10,7,280,17.8
2012-09-05,11,4,360,18.4
2012-09-05,12,4,260,20.6
2012-09-05,13,6,290,20.2
2012-09-05,14,7,300,21
2012-09-05,15,7,290,20
2012-09-05,16,32,330,16.4
2012-09-05,17,35,340,14.7
2012-09-05,18,37,330,12.2
2012-09-05,19,15,320,11.6
2012-09-05,20,11,140,11
2012-09-05,21,4,70,10.9
2012-09-05,22,13,320,11.2
2012-09-05,23,6,320,11.1
2012-09-06,0,0,NA,10.9
2012-09-06,1,7,320,10.7
2012-09-06,2,0,NA,10.1
2012-09-06,3,4,100,9.7
2012-09-06,4,4,40,9.4
2012-09-06,5,4,50,9.6
2012-09-06,6,4,50,9.2
2012-09-06,7,4,60,11
2012-09-06,8,0,NA,13.4
2012-09-06,9,11,310,14.4
2012-09-06,10,9,310,15.5
2012-09-06,11,6,330,16.7
2012-09-06,12,7,300,19
2012-09-06,13,4,310,21.1
2012-09-06,14,4,260,22.6
2012-09-06,15,4,250,23.5
2012-09-06,16,6,190,23.5
2012-09-06,17,6,240,22.2
2012-09-06,18,0,NA,18.5
2012-09-06,19,6,40,15.9
2012-09-06,20,7,70,14.2
2012-09-06,21,4,360,14.6
2012-09-06,22,0,NA,13
2012-09-06,23,0,NA,12.4
2012-09-07,0,0,NA,12.4
2012-09-07,1,6,10,11.5
2012-09-07,2,4,350,10.6
2012-09-07,3,6,60,9.4
2012-09-07,4,6,60,9.9
2012-09-07,5,4,20,9
2012-09-07,6,4,20,9.5
2012-09-07,7,0,NA,10.2
2012-09-07,8,4,230,13.5
2012-09-07,9,4,230,15.8
2012-09-07,10,4,280,16.6
2012-09-07,11,4,250,19.4
2012-09-07,12,4,210,21.7
2012-09-07,13,6,250,22.9
2012-09-07,14,4,180,24.3
2012-09-07,15,4,210,25.7
2012-09-07,16,4,270,26.1
2012-09-07,17,6,280,24.4
2012-09-07,18,6,310,19.3
2012-09-07,19,6,50,18
2012-09-07,20,6,60,16.8
2012-09-07,21,4,40,17
2012-09-07,22,4,40,16.5
2012-09-07,23,0,NA,15.4
2012-09-08,0,4,40,15.1
2012-09-08,1,0,NA,13
2012-09-08,2,0,NA,12.3
2012-09-08,3,4,20,12.2
2012-09-08,4,6,70,11.6
2012-09-08,5,0,NA,10.5
2012-09-08,6,0,NA,10.8
2012-09-08,7,0,NA,12.4
2012-09-08,8,0,NA,14.9
2012-09-08,9,4,150,17.5
2012-09-08,10,4,270,19.1
2012-09-08,11,6,260,21.6
2012-09-08,12,4,270,23.4
2012-09-08,13,6,250,25.1
2012-09-08,14,6,250,26.3
2012-09-08,15,6,280,27.4
2012-09-08,16,6,270,27.7
2012-09-08,17,7,300,24.8
2012-09-08,18,4,330,19.5
2012-09-08,19,6,20,19.2
2012-09-08,20,9,60,17.7
2012-09-08,21,4,360,18.2
2012-09-08,22,4,200,17
2012-09-08,23,6,350,16.3
2012-09-09,0,7,310,15.8
2012-09-09,1,6,120,14.7
2012-09-09,2,7,80,15.3
2012-09-09,3,4,340,15.2
2012-09-09,4,NA,NA,15.4
2012-09-09,5,NA,NA,15.3
2012-09-09,6,NA,NA,15.4
2012-09-09,7,NA,NA,15.7
2012-09-09,8,NA,NA,16.1
2012-09-09,9,NA,NA,16.6
2012-09-09,10,6,240,18.3
2012-09-09,11,6,240,21.4
2012-09-09,12,6,200,22.1
2012-09-09,13,NA,NA,19.6
2012-09-09,14,NA,NA,21.4
2012-09-09,15,NA,NA,18.9
2012-09-09,16,NA,NA,18.3
2012-09-09,17,6,310,16.9
2012-09-09,18,4,360,15.7
2012-09-09,19,0,NA,14.3
2012-09-09,20,4,10,13.9
2012-09-09,21,6,90,12.8
2012-09-09,22,NA,NA,13.9
2012-09-09,23,NA,NA,13.8
2012-09-10,0,4,360,11.4
2012-09-10,1,0,NA,10.9
2012-09-10,2,7,80,10.6
2012-09-10,3,7,140,10.5
2012-09-10,4,6,100,11.2
2012-09-10,5,4,190,13.9
2012-09-10,6,13,180,13.6
2012-09-10,7,15,160,13.1
2012-09-10,8,17,160,13.3
2012-09-10,9,9,190,13.4
2012-09-10,10,7,160,16
2012-09-10,11,15,190,16.8
2012-09-10,12,11,40,10
2012-09-10,13,6,80,13.4
2012-09-10,14,0,NA,16.8
2012-09-10,15,9,300,17.6
2012-09-10,16,15,290,17.8
2012-09-10,17,13,310,16.6
2012-09-10,18,6,350,13.8
2012-09-10,19,6,50,10.5
2012-09-10,20,4,50,11
2012-09-10,21,6,300,9.3
2012-09-10,22,17,320,10.4
2012-09-10,23,19,330,10.2
2012-09-11,0,7,320,9
2012-09-11,1,6,340,8.5
2012-09-11,2,4,10,8.5
2012-09-11,3,0,NA,7
2012-09-11,4,4,30,7.2
2012-09-11,5,6,70,6.6
2012-09-11,6,4,70,5.7
2012-09-11,7,4,340,8.2
2012-09-11,8,0,NA,10.1
2012-09-11,9,6,280,12.1
2012-09-11,10,6,280,14.3
2012-09-11,11,7,290,14.7
2012-09-11,12,7,280,15.4
2012-09-11,13,7,280,16.9
2012-09-11,14,15,320,17.1
2012-09-11,15,19,320,16.7
2012-09-11,16,11,320,14.1
2012-09-11,17,13,330,15.2
2012-09-11,18,15,330,13
2012-09-11,19,11,340,12.3
2012-09-11,20,9,330,10
2012-09-11,21,0,NA,8.6
2012-09-11,22,7,80,7.2
2012-09-11,23,7,70,6.9
2012-09-12,0,7,70,7
2012-09-12,1,7,60,5.7
2012-09-12,2,7,70,5.4
2012-09-12,3,7,60,5.3
2012-09-12,4,9,60,4.8
2012-09-12,5,6,60,4
2012-09-12,6,7,70,4.2
2012-09-12,7,4,60,6.5
2012-09-12,8,0,NA,9.6
2012-09-12,9,4,230,11.4
2012-09-12,10,9,290,12
2012-09-12,11,9,300,13.6
2012-09-12,12,9,310,15.3
2012-09-12,13,9,280,17.4
2012-09-12,14,6,290,17.9
2012-09-12,15,6,270,19
2012-09-12,16,6,270,19.9
2012-09-12,17,6,300,17.1
2012-09-12,18,7,310,13.9
2012-09-12,19,4,70,11.7
2012-09-12,20,6,30,11.2
2012-09-12,21,4,50,10.4
2012-09-12,22,6,70,10.4
2012-09-12,23,6,60,9.2
2012-09-13,0,6,80,9.4
2012-09-13,1,6,70,8.6
2012-09-13,2,4,60,8.2
2012-09-13,3,4,60,7.6
2012-09-13,4,6,50,7.3
2012-09-13,5,4,40,7
2012-09-13,6,0,NA,6.1
2012-09-13,7,0,NA,8.3
2012-09-13,8,4,230,10.7
2012-09-13,9,4,240,13
2012-09-13,10,4,220,14.9
2012-09-13,11,6,320,16.7
2012-09-13,12,0,NA,19.2
2012-09-13,13,6,220,21.2
2012-09-13,14,6,260,22.8
2012-09-13,15,4,260,23.4
2012-09-13,16,4,250,24.2
2012-09-13,17,0,NA,22.3
2012-09-13,18,0,NA,18
2012-09-13,19,6,50,15.3
2012-09-13,20,6,330,15.4
2012-09-13,21,0,NA,14.9
2012-09-13,22,0,NA,13.6
2012-09-13,23,0,NA,13.1
2012-09-14,0,0,NA,12.1
2012-09-14,1,0,NA,11.6
2012-09-14,2,0,NA,11.7
2012-09-14,3,0,NA,10.1
2012-09-14,4,6,60,9
2012-09-14,5,6,40,9.1
2012-09-14,6,0,NA,8
2012-09-14,7,4,70,9.4
2012-09-14,8,0,NA,12.2
2012-09-14,9,0,NA,14.9
2012-09-14,10,4,240,16.6
2012-09-14,11,4,290,18.4
2012-09-14,12,4,290,20.6
2012-09-14,13,6,300,22.2
2012-09-14,14,7,300,23.1
2012-09-14,15,7,310,24
2012-09-14,16,6,280,24.4
2012-09-14,17,4,280,21.9
2012-09-14,18,4,320,18.1
2012-09-14,19,0,NA,17.3
2012-09-14,20,0,NA,15.5
2012-09-14,21,0,NA,14.7
2012-09-14,22,0,NA,14.5
2012-09-14,23,0,NA,13.5
2012-09-15,0,4,240,12.8
2012-09-15,1,0,NA,12.7
2012-09-15,2,0,NA,11.9
2012-09-15,3,0,NA,11.8
2012-09-15,4,4,130,10
2012-09-15,5,6,60,10.1
2012-09-15,6,7,70,9.3
2012-09-15,7,4,70,10.7
2012-09-15,8,4,270,13.3
2012-09-15,9,6,280,15.6
2012-09-15,10,4,260,17
2012-09-15,11,6,300,17.3
2012-09-15,12,6,310,19
2012-09-15,13,6,300,20.4
2012-09-15,14,4,290,22.2
2012-09-15,15,6,300,20.9
2012-09-15,16,4,300,20.7
2012-09-15,17,0,NA,19.2
2012-09-15,18,4,20,17.2
2012-09-15,19,0,NA,15.3
2012-09-15,20,0,NA,14.4
2012-09-15,21,4,40,13.7
2012-09-15,22,6,120,13.8
2012-09-15,23,4,330,13.6
2012-09-16,0,0,NA,13.1
2012-09-16,1,4,30,12.7
2012-09-16,2,6,60,12.2
2012-09-16,3,4,110,10
2012-09-16,4,7,70,10.5
2012-09-16,5,6,60,10.2
2012-09-16,6,4,10,9.9
2012-09-16,7,0,NA,11.5
2012-09-16,8,0,NA,14.9
2012-09-16,9,0,NA,16.5
2012-09-16,10,7,320,18.1
2012-09-16,11,9,280,20
2012-09-16,12,7,300,21.8
2012-09-16,13,7,280,23.3
2012-09-16,14,11,300,23.5
2012-09-16,15,11,300,23.3
2012-09-16,16,6,290,23.9
2012-09-16,17,4,290,21.5
2012-09-16,18,4,350,18.5
2012-09-16,19,4,60,16.6
2012-09-16,20,6,30,15.8
2012-09-16,21,4,40,14.2
2012-09-16,22,4,30,15.3
2012-09-16,23,6,70,13.3
2012-09-17,0,0,NA,12.2
2012-09-17,1,6,50,11.8
2012-09-17,2,6,50,11.8
2012-09-17,3,6,70,10.5
2012-09-17,4,7,50,10.5
2012-09-17,5,7,70,9.9
2012-09-17,6,6,60,10.1
2012-09-17,7,4,20,11.3
2012-09-17,8,0,NA,13.7
2012-09-17,9,0,NA,15.5
2012-09-17,10,11,300,17.7
2012-09-17,11,9,300,19.3
2012-09-17,12,9,300,21.1
2012-09-17,13,4,280,22.9
2012-09-17,14,6,290,24
2012-09-17,15,7,280,25.3
2012-09-17,16,6,280,24.4
2012-09-17,17,6,310,22.5
2012-09-17,18,4,330,18
2012-09-17,19,4,70,16.2
2012-09-17,20,6,30,16.6
2012-09-17,21,6,80,14.7
2012-09-17,22,4,80,14.1
2012-09-17,23,0,NA,13.4
2012-09-18,0,4,70,12.4
2012-09-18,1,0,NA,12.2
2012-09-18,2,0,NA,11.3
2012-09-18,3,7,70,10.2
2012-09-18,4,6,50,9.9
2012-09-18,5,7,70,9.1
2012-09-18,6,6,50,9.1
2012-09-18,7,4,70,9.9
2012-09-18,8,0,NA,12.8
2012-09-18,9,4,260,15
2012-09-18,10,4,230,17.1
2012-09-18,11,4,300,19.6
2012-09-18,12,6,260,21.5
2012-09-18,13,4,250,23.7
2012-09-18,14,4,280,24.7
2012-09-18,15,7,280,24.7
2012-09-18,16,7,300,24.6
2012-09-18,17,6,290,22.7
2012-09-18,18,4,310,17.1
2012-09-18,19,0,NA,16.8
2012-09-18,20,0,NA,15.1
2012-09-18,21,0,NA,17.4
2012-09-18,22,6,60,15.5
2012-09-18,23,4,210,14.4
2012-09-19,0,4,100,12.8
2012-09-19,1,0,NA,13.2
2012-09-19,2,0,NA,12
2012-09-19,3,6,70,11.7
2012-09-19,4,4,50,10.9
2012-09-19,5,6,50,10.1
2012-09-19,6,0,NA,9.7
2012-09-19,7,4,70,10.7
2012-09-19,8,4,230,14.1
2012-09-19,9,4,250,16
2012-09-19,10,6,300,17.8
2012-09-19,11,9,300,19.3
2012-09-19,12,9,300,21.2
2012-09-19,13,6,260,23.4
2012-09-19,14,6,280,24
2012-09-19,15,6,280,24.6
2012-09-19,16,4,280,25.3
2012-09-19,17,6,290,22.7
2012-09-19,18,6,330,18.5
2012-09-19,19,0,NA,17.5
2012-09-19,20,6,60,16.9
2012-09-19,21,0,NA,16.1
2012-09-19,22,4,70,14.7
2012-09-19,23,0,NA,14
2012-09-20,0,6,90,12.9
2012-09-20,1,0,NA,13.4
2012-09-20,2,0,NA,13.1
2012-09-20,3,9,70,11
2012-09-20,4,6,40,11.5
2012-09-20,5,4,50,11.8
2012-09-20,6,6,60,10.9
2012-09-20,7,0,NA,11
2012-09-20,8,0,NA,14.8
2012-09-20,9,4,250,16.3
2012-09-20,10,4,290,18.3
2012-09-20,11,6,250,21.2
2012-09-20,12,7,280,21.8
2012-09-20,13,6,300,23.6
2012-09-20,14,6,280,25.1
2012-09-20,15,9,300,25.2
2012-09-20,16,7,290,24.9
2012-09-20,17,4,290,23.2
2012-09-20,18,6,60,18.9
2012-09-20,19,0,NA,18.5
2012-09-20,20,4,350,18.3
2012-09-20,21,4,330,15.9
2012-09-20,22,4,290,15.6
2012-09-20,23,0,NA,15.4
2012-09-21,0,0,NA,13.6
2012-09-21,1,0,NA,14.2
2012-09-21,2,0,NA,13.3
2012-09-21,3,0,NA,12.5
2012-09-21,4,0,NA,12
2012-09-21,5,0,NA,11.6
2012-09-21,6,0,NA,10.8
2012-09-21,7,0,NA,12.3
2012-09-21,8,0,NA,15.4
2012-09-21,9,0,NA,17.1
2012-09-21,10,4,270,19.1
2012-09-21,11,6,270,21.3
2012-09-21,12,6,290,23.7
2012-09-21,13,6,290,25.4
2012-09-21,14,6,300,25.9
2012-09-21,15,7,290,26.9
2012-09-21,16,7,290,25.1
2012-09-21,17,6,290,22.1
2012-09-21,18,6,350,19.6
2012-09-21,19,4,170,18.4
2012-09-21,20,0,NA,18.1
2012-09-21,21,4,310,16
2012-09-21,22,0,NA,17.2
2012-09-21,23,4,310,14.9
2012-09-22,0,4,40,14.8
2012-09-22,1,0,NA,14.9
2012-09-22,2,0,NA,14.5
2012-09-22,3,0,NA,13.9
2012-09-22,4,0,NA,13.5
2012-09-22,5,4,200,11
2012-09-22,6,0,NA,11.1
2012-09-22,7,6,60,12.4
2012-09-22,8,0,NA,13.8
2012-09-22,9,0,NA,15.7
2012-09-22,10,4,260,17.5
2012-09-22,11,4,240,18.8
2012-09-22,12,4,240,20.6
2012-09-22,13,0,NA,22
2012-09-22,14,4,260,22.8
2012-09-22,15,4,280,22.5
2012-09-22,16,4,320,21.8
2012-09-22,17,0,NA,20
2012-09-22,18,0,NA,17.4
2012-09-22,19,0,NA,16.2
2012-09-22,20,7,60,15.3
2012-09-22,21,0,NA,14.7
2012-09-22,22,0,NA,14.6
2012-09-22,23,0,NA,14.1
2012-09-23,0,0,NA,13.6
2012-09-23,1,0,NA,14.1
2012-09-23,2,0,NA,11.9
2012-09-23,3,6,170,12.8
2012-09-23,4,6,180,10.3
2012-09-23,5,6,30,9.9
2012-09-23,6,9,320,11.7
2012-09-23,7,4,100,11.6
2012-09-23,8,0,NA,14.2
2012-09-23,9,0,NA,16.7
2012-09-23,10,0,NA,18.1
2012-09-23,11,6,300,19.7
2012-09-23,12,7,300,20.6
2012-09-23,13,6,290,21.9
2012-09-23,14,4,330,22.1
2012-09-23,15,0,NA,22.6
2012-09-23,16,0,NA,22.5
2012-09-23,17,0,NA,20
2012-09-23,18,7,60,18.1
2012-09-23,19,9,70,17
2012-09-23,20,7,70,16
2012-09-23,21,7,70,16
2012-09-23,22,4,100,15.1
2012-09-23,23,7,60,14.1
2012-09-24,0,7,80,13.2
2012-09-24,1,7,60,13
2012-09-24,2,6,60,12.3
2012-09-24,3,7,70,12.2
2012-09-24,4,7,60,11.5
2012-09-24,5,7,60,11.1
2012-09-24,6,7,70,10.8
2012-09-24,7,7,70,12
2012-09-24,8,0,NA,13.5
2012-09-24,9,0,NA,15
2012-09-24,10,4,260,16.4
2012-09-24,11,6,290,18
2012-09-24,12,4,300,19.8
2012-09-24,13,6,250,22
2012-09-24,14,6,240,23.4
2012-09-24,15,6,220,23.5
2012-09-24,16,7,200,23
2012-09-24,17,4,290,20.6
2012-09-24,18,4,270,18.4
2012-09-24,19,4,360,17
2012-09-24,20,4,50,15.4
2012-09-24,21,7,70,15.1
2012-09-24,22,7,70,14.9
2012-09-24,23,4,40,14.4
2012-09-25,0,9,70,13.7
2012-09-25,1,9,80,13.7
2012-09-25,2,4,50,13.1
2012-09-25,3,7,60,12.4
2012-09-25,4,13,80,12.4
2012-09-25,5,9,70,12
2012-09-25,6,0,NA,10.4
2012-09-25,7,0,NA,11.9
2012-09-25,8,0,NA,13.4
2012-09-25,9,0,NA,14.7
2012-09-25,10,6,240,16.9
2012-09-25,11,4,280,18.2
2012-09-25,12,4,330,19.7
2012-09-25,13,17,300,21.1
2012-09-25,14,11,320,22
2012-09-25,15,7,300,22.3
2012-09-25,16,11,310,19.4
2012-09-25,17,7,310,17.8
2012-09-25,18,0,NA,15.9
2012-09-25,19,4,100,13.9
2012-09-25,20,6,40,14.5
2012-09-25,21,7,300,14.4
2012-09-25,22,4,40,13.5
2012-09-25,23,0,NA,12.8
2012-09-26,0,0,NA,12.3
2012-09-26,1,0,NA,13
2012-09-26,2,0,NA,11.9
2012-09-26,3,0,NA,11.4
2012-09-26,4,0,NA,11
2012-09-26,5,0,NA,10.6
2012-09-26,6,0,NA,11
2012-09-26,7,0,NA,11.2
2012-09-26,8,0,NA,13.5
2012-09-26,9,6,290,14.5
2012-09-26,10,6,290,15.9
2012-09-26,11,6,310,18.1
2012-09-26,12,7,290,19.3
2012-09-26,13,6,240,21.2
2012-09-26,14,6,330,20.9
2012-09-26,15,6,270,22.8
2012-09-26,16,7,290,21.7
2012-09-26,17,4,260,18.1
2012-09-26,18,6,340,16.7
2012-09-26,19,6,60,15.5
2012-09-26,20,6,30,15.3
2012-09-26,21,6,350,15.4
2012-09-26,22,4,300,13.6
2012-09-26,23,0,NA,12.7
2012-09-27,0,4,40,12.3
2012-09-27,1,0,NA,11.8
2012-09-27,2,4,50,11.9
2012-09-27,3,6,70,10.8
2012-09-27,4,0,NA,10.4
2012-09-27,5,4,30,9.6
2012-09-27,6,0,NA,9.6
2012-09-27,7,0,NA,9.9
2012-09-27,8,0,NA,12.4
2012-09-27,9,0,NA,14.6
2012-09-27,10,6,320,15.8
2012-09-27,11,6,290,17.3
2012-09-27,12,0,NA,20.5
2012-09-27,13,6,230,21.5
2012-09-27,14,6,300,21.5
2012-09-27,15,4,250,23.4
2012-09-27,16,6,290,22.9
2012-09-27,17,4,310,20.4
2012-09-27,18,0,NA,16.8
2012-09-27,19,6,60,16
2012-09-27,20,0,NA,14.9
2012-09-27,21,4,10,15.8
2012-09-27,22,0,NA,14.3
2012-09-27,23,0,NA,13.9
2012-09-28,0,0,NA,13.9
2012-09-28,1,4,330,12.2
2012-09-28,2,6,50,10.7
2012-09-28,3,0,NA,11.7
2012-09-28,4,0,NA,10.7
2012-09-28,5,0,NA,10.8
2012-09-28,6,0,NA,8.9
2012-09-28,7,6,80,10.2
2012-09-28,8,0,NA,13
2012-09-28,9,6,150,15.2
2012-09-28,10,4,190,17
2012-09-28,11,4,270,19.3
2012-09-28,12,4,240,21.4
2012-09-28,13,6,260,22.6
2012-09-28,14,6,250,24.6
2012-09-28,15,7,270,24.8
2012-09-28,16,7,300,24.5
2012-09-28,17,0,NA,21.1
2012-09-28,18,6,120,19.8
2012-09-28,19,11,70,17.5
2012-09-28,20,9,70,17.5
2012-09-28,21,9,80,16.8
2012-09-28,22,7,60,16.5
2012-09-28,23,9,80,16.2
2012-09-29,0,6,60,15.6
2012-09-29,1,4,40,14.6
2012-09-29,2,9,70,13.1
2012-09-29,3,9,70,13.7
2012-09-29,4,6,60,13.2
2012-09-29,5,7,70,13.6
2012-09-29,6,7,70,12.4
2012-09-29,7,11,70,13.3
2012-09-29,8,7,80,14.6
2012-09-29,9,4,220,17.6
2012-09-29,10,6,270,19.3
2012-09-29,11,6,330,20.7
2012-09-29,12,6,270,23.5
2012-09-29,13,6,150,25.6
2012-09-29,14,9,180,25.1
2012-09-29,15,6,260,24.4
2012-09-29,16,6,270,23.4
2012-09-29,17,0,NA,21.5
2012-09-29,18,7,80,18.1
2012-09-29,19,7,70,18.1
2012-09-29,20,9,70,17.5
2012-09-29,21,9,70,17.8
2012-09-29,22,4,300,16.2
2012-09-29,23,0,NA,15.2
2012-09-30,0,0,NA,14.7
2012-09-30,1,6,50,13.8
2012-09-30,2,6,90,12
2012-09-30,3,6,50,12.5
2012-09-30,4,6,80,11
2012-09-30,5,7,60,10.6
2012-09-30,6,4,80,10.6
2012-09-30,7,6,70,10.5
2012-09-30,8,4,260,14
2012-09-30,9,6,270,15.6
2012-09-30,10,13,310,16.2
2012-09-30,11,9,270,18.1
2012-09-30,12,6,270,19.8
2012-09-30,13,7,320,20.7
2012-09-30,14,9,300,20.8
2012-09-30,15,7,300,22
2012-09-30,16,7,290,21.7
2012-09-30,17,4,290,20.2
2012-09-30,18,4,20,16.3
2012-09-30,19,6,20,15.6
2012-09-30,20,9,60,13.8
2012-09-30,21,0,NA,13.5
2012-09-30,22,7,70,13
2012-09-30,23,6,70,11.9
2013-05-01,0,7,60,0.9
2013-05-01,1,7,70,0.2
2013-05-01,2,7,60,0.2
2013-05-01,3,6,50,-0.3
2013-05-01,4,6,50,-0.6
2013-05-01,5,0,NA,-0.3
2013-05-01,6,0,NA,0.6
2013-05-01,7,4,70,3
2013-05-01,8,4,190,5
2013-05-01,9,6,150,6.5
2013-05-01,10,6,200,7.7
2013-05-01,11,7,250,10
2013-05-01,12,0,NA,12
2013-05-01,13,6,290,13.9
2013-05-01,14,6,280,14.2
2013-05-01,15,4,280,15.2
2013-05-01,16,6,250,15.4
2013-05-01,17,7,280,15.1
2013-05-01,18,6,260,14.7
2013-05-01,19,0,NA,12
2013-05-01,20,7,90,8.3
2013-05-01,21,6,110,9.3
2013-05-01,22,11,80,6.9
2013-05-01,23,13,80,6.4
2013-05-02,0,11,70,6
2013-05-02,1,9,70,5.3
2013-05-02,2,9,70,4.4
2013-05-02,3,7,70,4.1
2013-05-02,4,11,60,3.7
2013-05-02,5,7,50,3.8
2013-05-02,6,4,10,3.7
2013-05-02,7,7,80,5.9
2013-05-02,8,4,130,7.6
2013-05-02,9,4,240,9.2
2013-05-02,10,6,140,11.1
2013-05-02,11,4,240,13.1
2013-05-02,12,7,240,15.9
2013-05-02,13,7,200,17.2
2013-05-02,14,9,170,19
2013-05-02,15,9,170,19.2
2013-05-02,16,9,210,19.9
2013-05-02,17,7,160,19.1
2013-05-02,18,4,300,15.9
2013-05-02,19,0,NA,14
2013-05-02,20,7,60,13.9
2013-05-02,21,7,70,13.1
2013-05-02,22,7,80,13.4
2013-05-02,23,9,330,12.6
2013-05-03,0,9,330,12.6
2013-05-03,1,7,290,10.7
2013-05-03,2,4,280,10.4
2013-05-03,3,6,20,10
2013-05-03,4,4,140,8.6
2013-05-03,5,4,30,7.9
2013-05-03,6,0,NA,8.9
2013-05-03,7,0,NA,10.1
2013-05-03,8,7,290,12.3
2013-05-03,9,7,290,14.3
2013-05-03,10,4,80,14.8
2013-05-03,11,19,330,16.7
2013-05-03,12,11,310,17.4
2013-05-03,13,11,300,18.3
2013-05-03,14,6,300,20
2013-05-03,15,6,250,21.3
2013-05-03,16,9,270,19.9
2013-05-03,17,6,270,20.8
2013-05-03,18,7,300,19.8
2013-05-03,19,6,300,17.7
2013-05-03,20,4,340,15.6
2013-05-03,21,4,30,13.6
2013-05-03,22,9,230,12.3
2013-05-03,23,11,60,12.3
2013-05-04,0,24,50,12.6
2013-05-04,1,4,340,12.8
2013-05-04,2,4,330,11.8
2013-05-04,3,4,340,11.5
2013-05-04,4,6,320,9.4
2013-05-04,5,0,NA,8.8
2013-05-04,6,0,NA,9.8
2013-05-04,7,4,330,11.2
2013-05-04,8,6,300,12.6
2013-05-04,9,11,290,13.9
2013-05-04,10,17,300,15.4
2013-05-04,11,19,310,17.4
2013-05-04,12,17,310,18.9
2013-05-04,13,15,310,19.8
2013-05-04,14,15,270,21.2
2013-05-04,15,15,300,21.5
2013-05-04,16,15,320,21.6
2013-05-04,17,11,330,21.1
2013-05-04,18,11,300,20.7
2013-05-04,19,4,360,17.4
2013-05-04,20,7,50,14.5
2013-05-04,21,6,20,14.1
2013-05-04,22,4,330,13.1
2013-05-04,23,0,NA,11.9
2013-05-05,0,6,360,11.6
2013-05-05,1,4,350,9.8
2013-05-05,2,4,10,9.4
2013-05-05,3,0,NA,8
2013-05-05,4,4,100,7.5
2013-05-05,5,0,NA,7.9
2013-05-05,6,0,NA,10.3
2013-05-05,7,0,NA,10.4
2013-05-05,8,0,NA,12.5
2013-05-05,9,4,300,14.4
2013-05-05,10,6,250,15.9
2013-05-05,11,4,260,18.5
2013-05-05,12,7,280,20.1
2013-05-05,13,6,300,21.5
2013-05-05,14,6,300,22.9
2013-05-05,15,6,280,24.3
2013-05-05,16,6,270,24.8
2013-05-05,17,6,260,24.6
2013-05-05,18,4,230,23.2
2013-05-05,19,6,350,19.5
2013-05-05,20,6,60,16.9
2013-05-05,21,6,40,16.5
2013-05-05,22,6,20,15
2013-05-05,23,4,140,14.7
2013-05-06,0,4,30,13.5
2013-05-06,1,7,80,11.6
2013-05-06,2,4,20,11.4
2013-05-06,3,6,50,10
2013-05-06,4,7,60,9.6
2013-05-06,5,0,NA,9.4
2013-05-06,6,0,NA,11.4
2013-05-06,7,4,250,12.1
2013-05-06,8,0,NA,14.7
2013-05-06,9,6,290,16.4
2013-05-06,10,6,310,17.9
2013-05-06,11,6,290,19.6
2013-05-06,12,6,270,21.4
2013-05-06,13,6,290,23.6
2013-05-06,14,6,260,25.4
2013-05-06,15,6,280,27.1
2013-05-06,16,4,250,27.5
2013-05-06,17,6,260,26.5
2013-05-06,18,4,290,26.1
2013-05-06,19,7,330,21.1
2013-05-06,20,6,350,18.7
2013-05-06,21,6,10,17.6
2013-05-06,22,7,360,16
2013-05-06,23,6,60,15.1
2013-05-07,0,0,NA,14.3
2013-05-07,1,4,10,13.2
2013-05-07,2,4,350,13.3
2013-05-07,3,4,360,11.8
2013-05-07,4,4,60,10.2
2013-05-07,5,0,NA,9.6
2013-05-07,6,0,NA,13.2
2013-05-07,7,0,NA,13.6
2013-05-07,8,6,290,15.1
2013-05-07,9,4,260,17.6
2013-05-07,10,4,270,19.8
2013-05-07,11,4,310,22.4
2013-05-07,12,7,250,24.8
2013-05-07,13,7,270,27
2013-05-07,14,6,170,27.1
2013-05-07,15,6,240,28.3
2013-05-07,16,6,290,28.1
2013-05-07,17,4,270,28.6
2013-05-07,18,0,NA,27.4
2013-05-07,19,6,50,22.7
2013-05-07,20,4,280,20.6
2013-05-07,21,6,60,19.6
2013-05-07,22,15,60,18.6
2013-05-07,23,6,30,16.8
2013-05-08,0,4,10,16
2013-05-08,1,13,60,15.4
2013-05-08,2,17,60,14.9
2013-05-08,3,13,50,14.4
2013-05-08,4,6,340,12.9
2013-05-08,5,4,30,12.2
2013-05-08,6,4,30,13.5
2013-05-08,7,0,NA,15.4
2013-05-08,8,6,290,16.2
2013-05-08,9,4,290,18.6
2013-05-08,10,6,260,20.4
2013-05-08,11,4,270,22.2
2013-05-08,12,4,290,24.3
2013-05-08,13,6,260,25.9
2013-05-08,14,7,260,27.1
2013-05-08,15,6,310,27.4
2013-05-08,16,11,300,26.5
2013-05-08,17,11,300,26.2
2013-05-08,18,7,280,24.5
2013-05-08,19,6,330,22
2013-05-08,20,7,340,19.3
2013-05-08,21,9,360,18.3
2013-05-08,22,4,10,17.1
2013-05-08,23,0,NA,16.5
2013-05-09,0,0,NA,15.2
2013-05-09,1,4,360,15
2013-05-09,2,4,60,13.4
2013-05-09,3,4,40,12.6
2013-05-09,4,6,340,12.6
2013-05-09,5,0,NA,11.5
2013-05-09,6,4,360,12.3
2013-05-09,7,4,320,14.6
2013-05-09,8,11,330,16
2013-05-09,9,15,310,16.4
2013-05-09,10,19,300,18.5
2013-05-09,11,17,300,20.2
2013-05-09,12,13,300,22
2013-05-09,13,11,300,23.4
2013-05-09,14,11,290,25.8
2013-05-09,15,9,290,27.3
2013-05-09,16,7,260,28.2
2013-05-09,17,7,300,27.5
2013-05-09,18,7,280,26.1
2013-05-09,19,6,350,21.9
2013-05-09,20,0,NA,19.6
2013-05-09,21,6,30,18.8
2013-05-09,22,7,350,18.5
2013-05-09,23,4,110,16.5
2013-05-10,0,4,160,15.6
2013-05-10,1,4,20,15.2
2013-05-10,2,4,350,14.2
2013-05-10,3,0,NA,12.9
2013-05-10,4,0,NA,11.4
2013-05-10,5,6,340,12.3
2013-05-10,6,0,NA,13.1
2013-05-10,7,0,NA,14
2013-05-10,8,0,NA,16.5
2013-05-10,9,4,230,18.3
2013-05-10,10,6,170,21
2013-05-10,11,6,190,23.9
2013-05-10,12,4,90,25.6
2013-05-10,13,4,180,26.9
2013-05-10,14,4,230,27.8
2013-05-10,15,9,250,28.6
2013-05-10,16,4,240,27.8
2013-05-10,17,0,NA,28
2013-05-10,18,0,NA,27.2
2013-05-10,19,7,340,22.7
2013-05-10,20,6,30,21.2
2013-05-10,21,6,20,20.1
2013-05-10,22,4,30,18.8
2013-05-10,23,6,60,17.6
2013-05-11,0,6,40,16.8
2013-05-11,1,6,40,14.8
2013-05-11,2,4,20,15.8
2013-05-11,3,0,NA,14.1
2013-05-11,4,0,NA,13.9
2013-05-11,5,4,320,12.9
2013-05-11,6,0,NA,14.8
2013-05-11,7,0,NA,15.7
2013-05-11,8,4,230,17.1
2013-05-11,9,4,210,19.1
2013-05-11,10,4,250,20.8
2013-05-11,11,6,270,22.1
2013-05-11,12,6,320,23.2
2013-05-11,13,6,300,25.1
2013-05-11,14,7,300,26.2
2013-05-11,15,13,290,26.2
2013-05-11,16,11,300,26.7
2013-05-11,17,7,340,25.5
2013-05-11,18,0,NA,23.8
2013-05-11,19,7,70,21.8
2013-05-11,20,9,60,20.3
2013-05-11,21,9,80,19.4
2013-05-11,22,6,10,18.9
2013-05-11,23,6,330,18.4
2013-05-12,0,4,80,17.5
2013-05-12,1,6,40,16.6
2013-05-12,2,4,20,15.7
2013-05-12,3,6,50,13.9
2013-05-12,4,7,80,14.2
2013-05-12,5,7,50,14
2013-05-12,6,9,70,14.7
2013-05-12,7,11,80,15.6
2013-05-12,8,4,160,16.5
2013-05-12,9,6,130,18.9
2013-05-12,10,4,150,19.4
2013-05-12,11,0,NA,20
2013-05-12,12,6,350,20.6
2013-05-12,13,4,220,25.5
2013-05-12,14,9,180,26
2013-05-12,15,11,200,24.9
2013-05-12,16,7,250,23.5
2013-05-12,17,4,280,21.4
2013-05-12,18,6,360,21.3
2013-05-12,19,6,260,20.6
2013-05-12,20,7,300,16.5
2013-05-12,21,6,300,14.8
2013-05-12,22,6,220,13.7
2013-05-12,23,6,300,14.6
2013-05-13,0,4,210,15
2013-05-13,1,13,110,16
2013-05-13,2,7,90,14.1
2013-05-13,3,4,30,14.1
2013-05-13,4,0,NA,15.4
2013-05-13,5,4,340,13.3
2013-05-13,6,6,100,13.8
2013-05-13,7,6,190,15.5
2013-05-13,8,19,150,17.5
2013-05-13,9,19,150,18.4
2013-05-13,10,13,160,21.2
2013-05-13,11,19,190,20.5
2013-05-13,12,26,310,16.2
2013-05-13,13,11,320,12.9
2013-05-13,14,11,90,11.8
2013-05-13,15,9,110,11.9
2013-05-13,16,7,130,11.7
2013-05-13,17,20,140,12.4
2013-05-13,18,20,160,11.9
2013-05-13,19,20,170,10.8
2013-05-13,20,19,150,10.4
2013-05-13,21,11,160,10.1
2013-05-13,22,11,160,10
2013-05-13,23,9,140,10.3
2013-05-14,0,6,300,9.2
2013-05-14,1,7,130,8
2013-05-14,2,7,110,7.8
2013-05-14,3,6,100,7.7
2013-05-14,4,11,160,7.5
2013-05-14,5,11,150,7.2
2013-05-14,6,15,160,7.5
2013-05-14,7,15,160,8.1
2013-05-14,8,15,170,10.1
2013-05-14,9,11,140,11.1
2013-05-14,10,11,120,12
2013-05-14,11,7,140,13.1
2013-05-14,12,13,150,13.8
2013-05-14,13,6,130,13.4
2013-05-14,14,7,150,14.7
2013-05-14,15,15,170,14.6
2013-05-14,16,13,240,15.2
2013-05-14,17,4,70,14.7
2013-05-14,18,0,NA,14.4
2013-05-14,19,6,320,12.7
2013-05-14,20,6,60,10.5
2013-05-14,21,9,70,8.8
2013-05-14,22,7,70,7.9
2013-05-14,23,9,60,7.8
2013-05-15,0,4,70,7.5
2013-05-15,1,6,30,6.9
2013-05-15,2,15,60,6.8
2013-05-15,3,9,60,6
2013-05-15,4,7,60,5.6
2013-05-15,5,9,50,5.8
2013-05-15,6,7,50,7.6
2013-05-15,7,7,120,8.4
2013-05-15,8,6,130,9.5
2013-05-15,9,4,190,12.2
2013-05-15,10,4,260,14
2013-05-15,11,7,260,15.4
2013-05-15,12,9,260,17.4
2013-05-15,13,6,140,19.6
2013-05-15,14,6,290,19.7
2013-05-15,15,6,260,20.9
2013-05-15,16,7,280,18.9
2013-05-15,17,6,280,18.7
2013-05-15,18,4,270,16.5
2013-05-15,19,7,310,15.2
2013-05-15,20,4,360,14.1
2013-05-15,21,6,340,13.8
2013-05-15,22,4,320,12.2
2013-05-15,23,4,340,13
2013-05-16,0,7,60,11.9
2013-05-16,1,4,30,11.2
2013-05-16,2,6,40,9.9
2013-05-16,3,4,350,10.2
2013-05-16,4,4,10,10.1
2013-05-16,5,6,170,9.1
2013-05-16,6,0,NA,9.9
2013-05-16,7,0,NA,10.2
2013-05-16,8,4,120,11
2013-05-16,9,7,150,13.5
2013-05-16,10,7,130,13.2
2013-05-16,11,7,130,15.7
2013-05-16,12,11,150,16.1
2013-05-16,13,9,160,17
2013-05-16,14,17,50,16.2
2013-05-16,15,7,270,17.5
2013-05-16,16,11,310,15.3
2013-05-16,17,4,80,15.7
2013-05-16,18,6,150,15.3
2013-05-16,19,7,110,12.9
2013-05-16,20,11,80,11.2
2013-05-16,21,7,50,10.1
2013-05-16,22,11,80,10.1
2013-05-16,23,4,20,9.9
2013-05-17,0,6,50,9.1
2013-05-17,1,0,NA,7.7
2013-05-17,2,0,NA,7.4
2013-05-17,3,4,10,7.4
2013-05-17,4,6,340,7.2
2013-05-17,5,0,NA,6.8
2013-05-17,6,0,NA,7.9
2013-05-17,7,0,NA,10.6
2013-05-17,8,11,310,11.8
2013-05-17,9,4,280,13.7
2013-05-17,10,6,140,14.8
2013-05-17,11,4,90,16.5
2013-05-17,12,4,60,18.2
2013-05-17,13,7,50,19.9
2013-05-17,14,4,30,20.3
2013-05-17,15,9,270,21.6
2013-05-17,16,7,290,21.3
2013-05-17,17,11,270,21
2013-05-17,18,7,320,19.2
2013-05-17,19,6,210,17.5
2013-05-17,20,11,110,15.4
2013-05-17,21,11,100,15.2
2013-05-17,22,7,120,13.8
2013-05-17,23,6,130,11.6
2013-05-18,0,9,60,12.9
2013-05-18,1,6,130,11.5
2013-05-18,2,7,70,11.2
2013-05-18,3,11,80,10.8
2013-05-18,4,9,70,10.7
2013-05-18,5,4,60,10.3
2013-05-18,6,6,90,11.3
2013-05-18,7,0,NA,12.4
2013-05-18,8,6,260,13.2
2013-05-18,9,7,160,13.6
2013-05-18,10,13,150,13.7
2013-05-18,11,11,160,14.6
2013-05-18,12,9,170,16.8
2013-05-18,13,13,170,16.1
2013-05-18,14,11,180,15.5
2013-05-18,15,11,180,15.6
2013-05-18,16,15,160,15.1
2013-05-18,17,13,150,14
2013-05-18,18,13,150,13.5
2013-05-18,19,13,140,12.6
2013-05-18,20,7,120,11.7
2013-05-18,21,7,120,11.6
2013-05-18,22,4,90,11.3
2013-05-18,23,6,100,11.1
2013-05-19,0,0,NA,11
2013-05-19,1,0,NA,10.6
2013-05-19,2,0,NA,10.3
2013-05-19,3,4,340,10.1
2013-05-19,4,0,NA,9.9
2013-05-19,5,4,280,9.9
2013-05-19,6,0,NA,10.2
2013-05-19,7,0,NA,11.5
2013-05-19,8,4,130,12.6
2013-05-19,9,0,NA,13.9
2013-05-19,10,6,270,14.9
2013-05-19,11,6,280,15.8
2013-05-19,12,7,320,18.2
2013-05-19,13,6,280,18.2
2013-05-19,14,9,240,20
2013-05-19,15,9,230,20.1
2013-05-19,16,9,180,18
2013-05-19,17,7,120,16.5
2013-05-19,18,13,160,17.6
2013-05-19,19,9,120,15.6
2013-05-19,20,11,100,14.6
2013-05-19,21,6,80,13
2013-05-19,22,17,80,13
2013-05-19,23,7,60,12
2013-05-20,0,4,30,10.6
2013-05-20,1,6,60,9.9
2013-05-20,2,6,60,9.4
2013-05-20,3,6,50,9
2013-05-20,4,0,NA,9.2
2013-05-20,5,0,NA,9.3
2013-05-20,6,0,NA,9.9
2013-05-20,7,4,250,11.3
2013-05-20,8,4,240,13.5
2013-05-20,9,4,200,16.3
2013-05-20,10,6,140,16.9
2013-05-20,11,4,130,19.2
2013-05-20,12,7,160,20.5
2013-05-20,13,4,120,20.7
2013-05-20,14,9,250,23
2013-05-20,15,7,250,23.1
2013-05-20,16,9,250,23.5
2013-05-20,17,4,190,22.3
2013-05-20,18,4,230,22.2
2013-05-20,19,7,60,18.2
2013-05-20,20,7,60,16.5
2013-05-20,21,6,350,16.1
2013-05-20,22,4,20,15.2
2013-05-20,23,4,310,14.1
2013-05-21,0,4,320,13.9
2013-05-21,1,4,320,13
2013-05-21,2,4,360,11.6
2013-05-21,3,0,NA,11.6
2013-05-21,4,0,NA,10.4
2013-05-21,5,4,40,11.3
2013-05-21,6,0,NA,12.3
2013-05-21,7,0,NA,13.8
2013-05-21,8,0,NA,17.1
2013-05-21,9,4,240,18
2013-05-21,10,4,230,20.3
2013-05-21,11,6,270,23.1
2013-05-21,12,4,260,23.9
2013-05-21,13,4,100,23.6
2013-05-21,14,9,130,24.2
2013-05-21,15,22,90,24.7
2013-05-21,16,28,120,24.4
2013-05-21,17,13,180,19.3
2013-05-21,18,15,180,17.5
2013-05-21,19,28,160,14
2013-05-21,20,19,160,11.3
2013-05-21,21,6,180,9.5
2013-05-21,22,0,NA,8.9
2013-05-21,23,4,150,8.7
2013-05-22,0,4,90,8.8
2013-05-22,1,4,160,8.5
2013-05-22,2,4,60,8.8
2013-05-22,3,7,180,8.2
2013-05-22,4,0,NA,8
2013-05-22,5,0,NA,8
2013-05-22,6,9,150,7.8
2013-05-22,7,11,160,7
2013-05-22,8,9,190,5.6
2013-05-22,9,11,160,5.3
2013-05-22,10,11,160,5.2
2013-05-22,11,11,190,4.8
2013-05-22,12,15,150,4.2
2013-05-22,13,0,NA,3.9
2013-05-22,14,9,210,3.2
2013-05-22,15,6,160,3.4
2013-05-22,16,0,NA,3.1
2013-05-22,17,6,250,1.6
2013-05-22,18,0,NA,1.1
2013-05-22,19,6,290,0.7
2013-05-22,20,0,NA,1.4
2013-05-22,21,4,70,1.6
2013-05-22,22,0,NA,1.7
2013-05-22,23,0,NA,1.9
2013-05-23,0,0,NA,1.8
2013-05-23,1,0,NA,1.9
2013-05-23,2,0,NA,2.1
2013-05-23,3,0,NA,1.9
2013-05-23,4,0,NA,2.1
2013-05-23,5,0,NA,2.1
2013-05-23,6,0,NA,2.4
2013-05-23,7,0,NA,2.5
2013-05-23,8,4,110,3.5
2013-05-23,9,0,NA,4.6
2013-05-23,10,6,300,5.2
2013-05-23,11,7,260,7.6
2013-05-23,12,6,220,9.7
2013-05-23,13,9,230,10.7
2013-05-23,14,7,300,10.6
2013-05-23,15,11,280,12.2
2013-05-23,16,15,310,11.8
2013-05-23,17,9,290,11.8
2013-05-23,18,7,310,10.9
2013-05-23,19,11,310,9.9
2013-05-23,20,0,NA,7.1
2013-05-23,21,6,80,5.8
2013-05-23,22,7,60,5.8
2013-05-23,23,4,160,5
2013-05-24,0,4,290,5.2
2013-05-24,1,0,NA,4.9
2013-05-24,2,6,10,5.1
2013-05-24,3,4,60,4.1
2013-05-24,4,4,70,3.7
2013-05-24,5,4,100,4.3
2013-05-24,6,0,NA,6.6
2013-05-24,7,4,250,6.3
2013-05-24,8,6,280,7.7
2013-05-24,9,6,260,9.9
2013-05-24,10,6,250,10.7
2013-05-24,11,6,320,11.9
2013-05-24,12,6,230,14.7
2013-05-24,13,13,310,14.5
2013-05-24,14,9,300,15.7
2013-05-24,15,6,260,15.7
2013-05-24,16,22,170,12.8
2013-05-24,17,20,160,12.6
2013-05-24,18,22,160,11.2
2013-05-24,19,20,160,10.5
2013-05-24,20,13,160,10.5
2013-05-24,21,15,140,10.4
2013-05-24,22,15,150,9.7
2013-05-24,23,11,170,9.4
2013-05-25,0,0,NA,8.6
2013-05-25,1,0,NA,8.5
2013-05-25,2,7,160,8.9
2013-05-25,3,4,170,8.3
2013-05-25,4,6,120,8.4
2013-05-25,5,4,90,7.9
2013-05-25,6,7,140,9.1
2013-05-25,7,13,140,9.5
2013-05-25,8,13,170,10.7
2013-05-25,9,13,160,11.4
2013-05-25,10,13,160,12.1
2013-05-25,11,13,150,12.6
2013-05-25,12,11,150,12.9
2013-05-25,13,7,150,13.8
2013-05-25,14,7,160,14.5
2013-05-25,15,7,160,15
2013-05-25,16,11,160,15.6
2013-05-25,17,6,240,13.7
2013-05-25,18,9,170,14
2013-05-25,19,0,NA,13.6
2013-05-25,20,4,40,11.5
2013-05-25,21,6,50,9.7
2013-05-25,22,6,60,8.1
2013-05-25,23,7,60,8.1
2013-05-26,0,6,50,7.8
2013-05-26,1,6,40,7.8
2013-05-26,2,0,NA,7.8
2013-05-26,3,4,30,6.7
2013-05-26,4,0,NA,5.7
2013-05-26,5,4,40,6.9
2013-05-26,6,4,230,7.9
2013-05-26,7,0,NA,9.6
2013-05-26,8,0,NA,11.5
2013-05-26,9,6,270,13.1
2013-05-26,10,4,280,14.9
2013-05-26,11,4,260,17.2
2013-05-26,12,4,310,18.3
2013-05-26,13,6,300,19.1
2013-05-26,14,9,310,19.6
2013-05-26,15,9,290,20.4
2013-05-26,16,13,300,19.5
2013-05-26,17,13,320,19.7
2013-05-26,18,13,300,18.6
2013-05-26,19,7,300,16.5
2013-05-26,20,4,340,14.8
2013-05-26,21,7,110,12.7
2013-05-26,22,7,80,11.8
2013-05-26,23,9,70,11.4
2013-05-27,0,0,NA,11.3
2013-05-27,1,6,60,11.3
2013-05-27,2,6,70,10.9
2013-05-27,3,4,350,10
2013-05-27,4,6,80,10.3
2013-05-27,5,4,110,10.5
2013-05-27,6,4,70,10.8
2013-05-27,7,4,260,11.6
2013-05-27,8,6,320,12.2
2013-05-27,9,4,270,13.9
2013-05-27,10,4,270,14.9
2013-05-27,11,6,280,15.4
2013-05-27,12,9,110,16.2
2013-05-27,13,6,120,17
2013-05-27,14,9,270,17.7
2013-05-27,15,4,80,16.1
2013-05-27,16,0,NA,17.3
2013-05-27,17,6,290,16
2013-05-27,18,7,300,15.6
2013-05-27,19,11,310,14
2013-05-27,20,6,50,11.7
2013-05-27,21,0,NA,12.1
2013-05-27,22,4,110,11.4
2013-05-27,23,4,110,10.9
2013-05-28,0,4,60,10.7
2013-05-28,1,0,NA,10.5
2013-05-28,2,0,NA,10.2
2013-05-28,3,0,NA,9.9
2013-05-28,4,0,NA,9.9
2013-05-28,5,0,NA,10
2013-05-28,6,4,230,10
2013-05-28,7,4,310,10.7
2013-05-28,8,6,290,12
2013-05-28,9,4,220,13.7
2013-05-28,10,6,320,15.2
2013-05-28,11,4,220,15.4
2013-05-28,12,6,240,15.6
2013-05-28,13,7,240,17.9
2013-05-28,14,13,240,18.5
2013-05-28,15,9,170,17.3
2013-05-28,16,6,150,17.4
2013-05-28,17,7,200,17.1
2013-05-28,18,11,60,14.2
2013-05-28,19,6,120,14.2
2013-05-28,20,6,80,13.1
2013-05-28,21,7,70,12.8
2013-05-28,22,6,120,11.9
2013-05-28,23,6,100,11
2013-05-29,0,4,80,11
2013-05-29,1,6,70,10.7
2013-05-29,2,4,30,10.6
2013-05-29,3,6,100,10.7
2013-05-29,4,4,90,10.2
2013-05-29,5,0,NA,10.1
2013-05-29,6,0,NA,10.6
2013-05-29,7,0,NA,11.2
2013-05-29,8,0,NA,14
2013-05-29,9,6,270,15
2013-05-29,10,7,280,16.7
2013-05-29,11,9,290,17.7
2013-05-29,12,7,310,18.6
2013-05-29,13,6,230,19.4
2013-05-29,14,6,200,19.7
2013-05-29,15,7,210,19.7
2013-05-29,16,4,260,20.3
2013-05-29,17,4,230,19.4
2013-05-29,18,15,180,15.9
2013-05-29,19,19,160,13.8
2013-05-29,20,17,160,12.5
2013-05-29,21,15,160,11.8
2013-05-29,22,13,130,10.5
2013-05-29,23,0,NA,10
2013-05-30,0,0,NA,10.1
2013-05-30,1,6,140,10.1
2013-05-30,2,4,160,10.1
2013-05-30,3,6,150,9.7
2013-05-30,4,4,130,9.7
2013-05-30,5,0,NA,10
2013-05-30,6,9,180,10.4
2013-05-30,7,11,180,10.5
2013-05-30,8,13,170,11.3
2013-05-30,9,9,160,12.1
2013-05-30,10,11,170,14.2
2013-05-30,11,11,170,12.7
2013-05-30,12,15,140,15.6
2013-05-30,13,11,140,15.4
2013-05-30,14,20,190,14.7
2013-05-30,15,11,150,16.5
2013-05-30,16,9,190,16.1
2013-05-30,17,9,190,16.1
2013-05-30,18,17,260,14.4
2013-05-30,19,9,70,13.2
2013-05-30,20,7,110,11.8
2013-05-30,21,9,90,11.2
2013-05-30,22,6,90,10.8
2013-05-30,23,6,100,10.3
2013-05-31,0,6,60,9.6
2013-05-31,1,6,90,9
2013-05-31,2,7,60,8.8
2013-05-31,3,6,60,8.3
2013-05-31,4,6,70,8.1
2013-05-31,5,6,60,8.1
2013-05-31,6,4,80,10.2
2013-05-31,7,4,240,11.8
2013-05-31,8,4,280,14
2013-05-31,9,6,330,14.1
2013-05-31,10,4,280,16
2013-05-31,11,6,250,17.6
2013-05-31,12,9,260,17
2013-05-31,13,7,300,17.7
2013-05-31,14,9,270,17.9
2013-05-31,15,9,330,15.3
2013-05-31,16,6,140,18.7
2013-05-31,17,22,320,14.9
2013-05-31,18,13,340,13.7
2013-05-31,19,7,320,13
2013-05-31,20,4,40,11.7
2013-05-31,21,6,360,10.7
2013-05-31,22,6,350,10.9
2013-05-31,23,4,350,10.2
2013-06-01,0,4,20,9.8
2013-06-01,1,0,NA,8.8
2013-06-01,2,4,10,8.3
2013-06-01,3,0,NA,7.7
2013-06-01,4,0,NA,7.3
2013-06-01,5,0,NA,7.3
2013-06-01,6,0,NA,9.3
2013-06-01,7,4,270,10.2
2013-06-01,8,0,NA,11.1
2013-06-01,9,0,NA,13.1
2013-06-01,10,6,250,14.3
2013-06-01,11,4,250,15
2013-06-01,12,0,NA,16.4
2013-06-01,13,7,310,17.8
2013-06-01,14,20,320,16.6
2013-06-01,15,19,320,15.8
2013-06-01,16,17,320,15.5
2013-06-01,17,9,330,15.5
2013-06-01,18,11,320,14.6
2013-06-01,19,20,330,14.8
2013-06-01,20,19,340,14.3
2013-06-01,21,11,300,11.9
2013-06-01,22,7,340,11.3
2013-06-01,23,6,30,10.6
2013-06-02,0,6,340,9.9
2013-06-02,1,4,30,9.9
2013-06-02,2,0,NA,8.9
2013-06-02,3,6,60,8.7
2013-06-02,4,0,NA,8.6
2013-06-02,5,4,10,8.4
2013-06-02,6,6,140,8.3
2013-06-02,7,4,70,9
2013-06-02,8,4,160,9
2013-06-02,9,0,NA,10.2
2013-06-02,10,6,320,11.1
2013-06-02,11,7,300,12.4
2013-06-02,12,9,300,14
2013-06-02,13,9,300,17
2013-06-02,14,7,50,15.7
2013-06-02,15,15,280,18
2013-06-02,16,13,330,17.8
2013-06-02,17,13,330,16.4
2013-06-02,18,17,330,17
2013-06-02,19,6,30,15
2013-06-02,20,6,220,13
2013-06-02,21,4,210,12.9
2013-06-02,22,7,80,11.8
2013-06-02,23,0,NA,11.3
2013-06-03,0,6,60,10.7
2013-06-03,1,6,60,10.3
2013-06-03,2,4,60,9.9
2013-06-03,3,6,340,9.4
2013-06-03,4,6,50,9.6
2013-06-03,5,4,120,8.5
2013-06-03,6,6,70,9.3
2013-06-03,7,0,NA,12.9
2013-06-03,8,4,250,13.8
2013-06-03,9,6,290,14.9
2013-06-03,10,6,340,16.8
2013-06-03,11,7,280,18.5
2013-06-03,12,7,310,18.8
2013-06-03,13,4,210,19.9
2013-06-03,14,6,310,20.7
2013-06-03,15,22,50,19.5
2013-06-03,16,24,50,15.5
2013-06-03,17,13,40,15.3
2013-06-03,18,0,NA,15.2
2013-06-03,19,6,30,13.9
2013-06-03,20,4,290,13
2013-06-03,21,7,50,13.8
2013-06-03,22,4,360,12.3
2013-06-03,23,6,340,11.9
2013-06-04,0,6,340,11.5
2013-06-04,1,6,20,11.2
2013-06-04,2,4,290,10.2
2013-06-04,3,0,NA,9.3
2013-06-04,4,0,NA,9.7
2013-06-04,5,4,280,9.8
2013-06-04,6,4,250,11.4
2013-06-04,7,4,290,13.2
2013-06-04,8,0,NA,15
2013-06-04,9,4,250,17.2
2013-06-04,10,6,130,17.8
2013-06-04,11,7,130,19.8
2013-06-04,12,6,120,20.4
2013-06-04,13,7,160,22
2013-06-04,14,6,150,22.9
2013-06-04,15,7,250,24.1
2013-06-04,16,7,270,23.9
2013-06-04,17,6,260,24.2
2013-06-04,18,6,250,23.5
2013-06-04,19,0,NA,22.4
2013-06-04,20,6,70,16.8
2013-06-04,21,9,70,15.6
2013-06-04,22,13,60,16
2013-06-04,23,9,50,15
2013-06-05,0,9,60,14.5
2013-06-05,1,9,60,13.7
2013-06-05,2,11,60,12.7
2013-06-05,3,15,70,12.1
2013-06-05,4,13,70,11.8
2013-06-05,5,9,70,12.6
2013-06-05,6,13,80,13.3
2013-06-05,7,6,140,14.6
2013-06-05,8,6,200,16.5
2013-06-05,9,6,240,17.5
2013-06-05,10,4,260,20.4
2013-06-05,11,4,220,21
2013-06-05,12,7,310,22.5
2013-06-05,13,6,330,24.2
2013-06-05,14,7,170,24.3
2013-06-05,15,9,160,25
2013-06-05,16,7,250,26.1
2013-06-05,17,13,210,26.6
2013-06-05,18,13,200,25.6
2013-06-05,19,9,180,23.9
2013-06-05,20,7,80,21
2013-06-05,21,6,120,20.3
2013-06-05,22,6,100,18.5
2013-06-05,23,7,50,17
2013-06-06,0,6,360,16.8
2013-06-06,1,7,330,17
2013-06-06,2,0,NA,15.3
2013-06-06,3,9,340,15.1
2013-06-06,4,4,30,15.2
2013-06-06,5,4,350,14.6
2013-06-06,6,4,300,15.5
2013-06-06,7,7,310,16.9
2013-06-06,8,9,300,18.5
2013-06-06,9,6,260,20.4
2013-06-06,10,7,290,21.1
2013-06-06,11,7,270,22.7
2013-06-06,12,6,260,24.4
2013-06-06,13,6,280,26
2013-06-06,14,7,280,24.5
2013-06-06,15,6,270,25.6
2013-06-06,16,0,NA,26.3
2013-06-06,17,4,220,27.4
2013-06-06,18,6,280,25.7
2013-06-06,19,0,NA,24.8
2013-06-06,20,4,360,20.5
2013-06-06,21,9,60,19.6
2013-06-06,22,9,80,19.7
2013-06-06,23,9,70,18.3
2013-06-07,0,0,NA,18.9
2013-06-07,1,4,50,18.6
2013-06-07,2,6,70,17.5
2013-06-07,3,4,50,17
2013-06-07,4,4,40,16.8
2013-06-07,5,4,50,16.2
2013-06-07,6,0,NA,18.1
2013-06-07,7,0,NA,17.4
2013-06-07,8,4,160,19.6
2013-06-07,9,7,290,20.8
2013-06-07,10,6,280,21.4
2013-06-07,11,6,290,21.2
2013-06-07,12,0,NA,23.7
2013-06-07,13,13,270,24.1
2013-06-07,14,19,310,22.2
2013-06-07,15,11,330,23.3
2013-06-07,16,6,280,25.2
2013-06-07,17,9,290,25.6
2013-06-07,18,4,130,24.8
2013-06-07,19,0,NA,24.3
2013-06-07,20,0,NA,20
2013-06-07,21,19,330,19.2
2013-06-07,22,19,310,16.9
2013-06-07,23,24,330,16.4
2013-06-08,0,19,330,15.7
2013-06-08,1,17,340,15.1
2013-06-08,2,19,320,14.5
2013-06-08,3,6,30,12.2
2013-06-08,4,6,330,12.9
2013-06-08,5,6,40,12.6
2013-06-08,6,6,280,14.1
2013-06-08,7,6,230,14.4
2013-06-08,8,6,270,16.2
2013-06-08,9,6,230,18.1
2013-06-08,10,9,190,19.7
2013-06-08,11,9,190,21.8
2013-06-08,12,15,150,23
2013-06-08,13,13,150,24.1
2013-06-08,14,13,180,24.9
2013-06-08,15,11,210,23.6
2013-06-08,16,13,280,25.1
2013-06-08,17,7,230,23.6
2013-06-08,18,19,320,20.3
2013-06-08,19,19,320,18.6
2013-06-08,20,20,330,17.5
2013-06-08,21,6,310,15.1
2013-06-08,22,6,30,14.4
2013-06-08,23,6,310,13.6
2013-06-09,0,4,40,13.3
2013-06-09,1,15,330,14
2013-06-09,2,19,320,13.6
2013-06-09,3,4,260,11.2
2013-06-09,4,0,NA,10.3
2013-06-09,5,0,NA,11.3
2013-06-09,6,4,200,12.2
2013-06-09,7,0,NA,14.3
2013-06-09,8,11,300,15.3
2013-06-09,9,9,320,16.5
2013-06-09,10,11,310,18.6
2013-06-09,11,9,290,20.5
2013-06-09,12,7,250,22.3
2013-06-09,13,6,250,23.6
2013-06-09,14,13,310,22.2
2013-06-09,15,6,240,23.2
2013-06-09,16,15,310,23.9
2013-06-09,17,19,320,22.9
2013-06-09,18,15,320,22.3
2013-06-09,19,13,310,20.9
2013-06-09,20,7,310,16.7
2013-06-09,21,4,260,15.8
2013-06-09,22,6,80,15.3
2013-06-09,23,6,30,14.3
2013-06-10,0,4,290,13.3
2013-06-10,1,0,NA,12.4
2013-06-10,2,6,70,12
2013-06-10,3,4,80,11.7
2013-06-10,4,7,60,10.3
2013-06-10,5,6,70,10.8
2013-06-10,6,4,30,13.3
2013-06-10,7,7,300,14
2013-06-10,8,9,300,15.1
2013-06-10,9,9,290,16.5
2013-06-10,10,9,290,18.2
2013-06-10,11,6,310,19.6
2013-06-10,12,4,310,21.1
2013-06-10,13,9,250,23.3
2013-06-10,14,6,170,24.8
2013-06-10,15,6,130,24.2
2013-06-10,16,4,170,25
2013-06-10,17,7,250,25.2
2013-06-10,18,7,290,24.2
2013-06-10,19,6,270,20
2013-06-10,20,0,NA,17.9
2013-06-10,21,4,30,16.2
2013-06-10,22,6,360,16.3
2013-06-10,23,6,20,15.9
2013-06-11,0,6,50,13.3
2013-06-11,1,4,30,13.2
2013-06-11,2,4,30,13.2
2013-06-11,3,6,50,11.4
2013-06-11,4,4,50,11
2013-06-11,5,0,NA,12.2
2013-06-11,6,4,320,13.4
2013-06-11,7,4,210,14.2
2013-06-11,8,4,130,16.5
2013-06-11,9,4,140,19
2013-06-11,10,6,210,21.1
2013-06-11,11,7,250,21.6
2013-06-11,12,7,210,23.4
2013-06-11,13,13,160,24.4
2013-06-11,14,13,170,24
2013-06-11,15,11,170,23.5
2013-06-11,16,13,170,23
2013-06-11,17,13,150,22.9
2013-06-11,18,22,160,21.8
2013-06-11,19,11,200,20.9
2013-06-11,20,17,200,19.1
2013-06-11,21,13,160,17.2
2013-06-11,22,9,160,15.6
2013-06-11,23,13,160,14.8
2013-06-12,0,11,160,14.4
2013-06-12,1,6,120,13.4
2013-06-12,2,6,120,11.4
2013-06-12,3,6,120,11.5
2013-06-12,4,6,20,10.9
2013-06-12,5,4,340,11
2013-06-12,6,0,NA,12.8
2013-06-12,7,4,250,14
2013-06-12,8,9,160,16.2
2013-06-12,9,7,240,17.5
2013-06-12,10,7,150,19
2013-06-12,11,11,150,19.6
2013-06-12,12,11,150,20
2013-06-12,13,7,160,21.8
2013-06-12,14,13,150,22.3
2013-06-12,15,11,150,22.6
2013-06-12,16,13,200,22.6
2013-06-12,17,19,160,21.3
2013-06-12,18,17,160,19.8
2013-06-12,19,15,170,19
2013-06-12,20,9,170,17.2
2013-06-12,21,6,90,14.7
2013-06-12,22,9,70,13.2
2013-06-12,23,9,90,12.9
2013-06-13,0,13,80,12.4
2013-06-13,1,0,NA,12.5
2013-06-13,2,7,70,11.5
2013-06-13,3,6,60,11
2013-06-13,4,7,70,10.3
2013-06-13,5,4,70,11.5
2013-06-13,6,0,NA,13
2013-06-13,7,0,NA,14
2013-06-13,8,4,230,16
2013-06-13,9,4,90,17
2013-06-13,10,15,310,17.4
2013-06-13,11,7,280,19.1
2013-06-13,12,9,270,21.5
2013-06-13,13,9,250,18.4
2013-06-13,14,19,270,14.9
2013-06-13,15,7,10,12.2
2013-06-13,16,6,230,14
2013-06-13,17,19,310,13.2
2013-06-13,18,6,40,10.9
2013-06-13,19,4,300,11.8
2013-06-13,20,0,NA,10.9
2013-06-13,21,4,290,10.5
2013-06-13,22,4,150,10.3
2013-06-13,23,4,70,9.8
2013-06-14,0,0,NA,9.2
2013-06-14,1,6,60,8.5
2013-06-14,2,0,NA,7.9
2013-06-14,3,6,60,7.1
2013-06-14,4,6,70,7.4
2013-06-14,5,0,NA,8.9
2013-06-14,6,6,70,9
2013-06-14,7,6,80,10.4
2013-06-14,8,4,120,10.9
2013-06-14,9,4,80,12.2
2013-06-14,10,6,290,13.1
2013-06-14,11,13,180,14
2013-06-14,12,17,150,15
2013-06-14,13,13,160,15
2013-06-14,14,11,230,16.4
2013-06-14,15,15,160,15.5
2013-06-14,16,13,200,16.8
2013-06-14,17,11,210,17.4
2013-06-14,18,11,300,16.4
2013-06-14,19,6,210,15
2013-06-14,20,6,130,13.6
2013-06-14,21,6,110,13.3
2013-06-14,22,0,NA,12.6
2013-06-14,23,0,NA,12
2013-06-15,0,6,80,11.5
2013-06-15,1,4,70,10.7
2013-06-15,2,6,50,10.6
2013-06-15,3,6,90,9.5
2013-06-15,4,11,80,9.7
2013-06-15,5,7,90,10.8
2013-06-15,6,4,70,11.6
2013-06-15,7,6,210,13.3
2013-06-15,8,0,NA,15
2013-06-15,9,6,280,17
2013-06-15,10,13,310,17.4
2013-06-15,11,9,290,19.3
2013-06-15,12,11,290,20
2013-06-15,13,17,300,21.4
2013-06-15,14,15,300,21.8
2013-06-15,15,17,310,22.2
2013-06-15,16,13,300,23.7
2013-06-15,17,11,310,22.8
2013-06-15,18,9,290,22.9
2013-06-15,19,9,300,20
2013-06-15,20,6,340,17.6
2013-06-15,21,0,NA,16.1
2013-06-15,22,6,40,14.9
2013-06-15,23,4,50,14.2
2013-06-16,0,4,360,14.1
2013-06-16,1,4,30,14
2013-06-16,2,0,NA,12.7
2013-06-16,3,4,70,11.9
2013-06-16,4,0,NA,11.6
2013-06-16,5,0,NA,12.5
2013-06-16,6,0,NA,14
2013-06-16,7,4,280,15.5
2013-06-16,8,11,300,16.6
2013-06-16,9,9,300,18
2013-06-16,10,13,290,20.5
2013-06-16,11,9,300,22.3
2013-06-16,12,9,280,23.5
2013-06-16,13,7,280,24.8
2013-06-16,14,9,270,26.1
2013-06-16,15,9,290,27.2
2013-06-16,16,9,310,24.5
2013-06-16,17,11,300,26.3
2013-06-16,18,9,310,23.6
2013-06-16,19,6,300,23.7
2013-06-16,20,6,20,19.9
2013-06-16,21,9,60,17
2013-06-16,22,4,330,18.4
2013-06-16,23,0,NA,17.6
2013-06-17,0,9,330,17.4
2013-06-17,1,0,NA,16.6
2013-06-17,2,4,30,16.3
2013-06-17,3,6,50,15.1
2013-06-17,4,6,30,13.4
2013-06-17,5,0,NA,15
2013-06-17,6,0,NA,15.9
2013-06-17,7,0,NA,16.5
2013-06-17,8,6,270,15.3
2013-06-17,9,7,270,17.5
2013-06-17,10,6,280,19.3
2013-06-17,11,24,320,19.4
2013-06-17,12,26,320,21.3
2013-06-17,13,28,330,21.2
2013-06-17,14,28,320,22.9
2013-06-17,15,33,330,22.9
2013-06-17,16,33,330,22.8
2013-06-17,17,32,320,22.4
2013-06-17,18,22,320,21.5
2013-06-17,19,19,320,19.5
2013-06-17,20,19,320,19.6
2013-06-17,21,13,320,18.1
2013-06-17,22,7,10,17.9
2013-06-17,23,17,310,17.9
2013-06-18,0,9,50,14.2
2013-06-18,1,6,230,14.1
2013-06-18,2,7,280,13.5
2013-06-18,3,11,60,13.8
2013-06-18,4,9,60,13.4
2013-06-18,5,7,290,13.2
2013-06-18,6,17,310,13.2
2013-06-18,7,9,320,13.4
2013-06-18,8,13,310,13.4
2013-06-18,9,15,320,15
2013-06-18,10,9,310,17.7
2013-06-18,11,11,300,18
2013-06-18,12,9,300,20.1
2013-06-18,13,13,300,19.5
2013-06-18,14,17,320,19.7
2013-06-18,15,17,290,19.6
2013-06-18,16,17,320,19.3
2013-06-18,17,15,310,19.7
2013-06-18,18,11,310,18.6
2013-06-18,19,0,NA,17.7
2013-06-18,20,0,NA,16.2
2013-06-18,21,7,60,14.9
2013-06-18,22,6,80,14.7
2013-06-18,23,6,60,15
2013-06-19,0,6,60,14.7
2013-06-19,1,4,280,14.6
2013-06-19,2,4,150,13.8
2013-06-19,3,6,110,13.3
2013-06-19,4,0,NA,12.8
2013-06-19,5,0,NA,12.2
2013-06-19,6,6,230,12.2
2013-06-19,7,6,190,12.2
2013-06-19,8,7,140,12.5
2013-06-19,9,7,140,12.2
2013-06-19,10,6,120,12.3
2013-06-19,11,7,140,11.9
2013-06-19,12,4,140,11.8
2013-06-19,13,0,NA,11.8
2013-06-19,14,4,80,11.7
2013-06-19,15,0,NA,11.6
2013-06-19,16,4,330,11.8
2013-06-19,17,0,NA,12
2013-06-19,18,4,290,12.2
2013-06-19,19,6,290,11.6
2013-06-19,20,4,310,11.5
2013-06-19,21,9,320,11.3
2013-06-19,22,9,330,11.2
2013-06-19,23,7,320,11
2013-06-20,0,9,330,10.7
2013-06-20,1,9,310,10.6
2013-06-20,2,11,320,10.5
2013-06-20,3,6,290,10.4
2013-06-20,4,7,340,9.8
2013-06-20,5,0,NA,9.7
2013-06-20,6,4,60,9.6
2013-06-20,7,0,NA,9.5
2013-06-20,8,6,280,10.1
2013-06-20,9,13,60,9.6
2013-06-20,10,0,NA,11.1
2013-06-20,11,9,60,11.6
2013-06-20,12,17,170,11.6
2013-06-20,13,26,150,11.7
2013-06-20,14,22,150,11.3
2013-06-20,15,20,150,11
2013-06-20,16,20,140,11
2013-06-20,17,20,150,10.6
2013-06-20,18,13,150,10.4
2013-06-20,19,15,150,10.4
2013-06-20,20,11,160,10
2013-06-20,21,11,160,9.7
2013-06-20,22,0,NA,9.1
2013-06-20,23,0,NA,9
2013-06-21,0,0,NA,8.6
2013-06-21,1,0,NA,8.5
2013-06-21,2,6,110,8.1
2013-06-21,3,0,NA,8.5
2013-06-21,4,0,NA,8.4
2013-06-21,5,0,NA,8.6
2013-06-21,6,0,NA,9.1
2013-06-21,7,0,NA,10.6
2013-06-21,8,6,290,10.5
2013-06-21,9,6,250,10.8
2013-06-21,10,0,NA,12.1
2013-06-21,11,0,NA,14.5
2013-06-21,12,6,300,15.5
2013-06-21,13,6,300,15
2013-06-21,14,7,290,15.3
2013-06-21,15,7,290,14.8
2013-06-21,16,6,270,14.7
2013-06-21,17,4,270,15.3
2013-06-21,18,6,300,14.3
2013-06-21,19,6,300,13
2013-06-21,20,4,340,12.5
2013-06-21,21,6,70,10.6
2013-06-21,22,0,NA,10.4
2013-06-21,23,0,NA,11
2013-06-22,0,4,250,10.4
2013-06-22,1,0,NA,10.6
2013-06-22,2,0,NA,9.7
2013-06-22,3,0,NA,10
2013-06-22,4,4,180,9.3
2013-06-22,5,6,60,8.7
2013-06-22,6,0,NA,9.7
2013-06-22,7,4,140,11.4
2013-06-22,8,0,NA,13.1
2013-06-22,9,4,270,13.7
2013-06-22,10,4,180,14.9
2013-06-22,11,4,170,16.2
2013-06-22,12,4,260,18
2013-06-22,13,6,260,17.9
2013-06-22,14,0,NA,18.2
2013-06-22,15,0,NA,18.1
2013-06-22,16,4,320,17.4
2013-06-22,17,0,NA,17.3
2013-06-22,18,4,290,16.8
2013-06-22,19,0,NA,18
2013-06-22,20,4,360,14.2
2013-06-22,21,4,10,13.2
2013-06-22,22,7,60,12.4
2013-06-22,23,0,NA,12
2013-06-23,0,4,50,12.4
2013-06-23,1,4,300,10.6
2013-06-23,2,4,50,11.5
2013-06-23,3,0,NA,10.7
2013-06-23,4,6,90,10.1
2013-06-23,5,0,NA,10.9
2013-06-23,6,4,100,11.4
2013-06-23,7,4,130,11.9
2013-06-23,8,4,230,14.5
2013-06-23,9,6,290,16.2
2013-06-23,10,4,220,17.2
2013-06-23,11,7,310,18.8
2013-06-23,12,6,230,20.5
2013-06-23,13,4,210,22.8
2013-06-23,14,6,140,21.5
2013-06-23,15,6,270,22.6
2013-06-23,16,7,260,23.2
2013-06-23,17,7,330,20
2013-06-23,18,7,300,19
2013-06-23,19,4,50,19.2
2013-06-23,20,0,NA,17.8
2013-06-23,21,6,50,16.8
2013-06-23,22,6,330,16.5
2013-06-23,23,0,NA,16.5
2013-06-24,0,7,110,15.5
2013-06-24,1,11,70,15.7
2013-06-24,2,0,NA,14.1
2013-06-24,3,4,340,15.3
2013-06-24,4,4,360,14.7
2013-06-24,5,0,NA,14
2013-06-24,6,0,NA,13.4
2013-06-24,7,0,NA,13.3
2013-06-24,8,0,NA,13.5
2013-06-24,9,7,300,13.4
2013-06-24,10,0,NA,13.9
2013-06-24,11,0,NA,14.1
2013-06-24,12,4,250,15.2
2013-06-24,13,0,NA,16.5
2013-06-24,14,4,210,17.9
2013-06-24,15,4,210,17.6
2013-06-24,16,0,NA,17.6
2013-06-24,17,0,NA,16.6
2013-06-24,18,0,NA,16.6
2013-06-24,19,0,NA,16.3
2013-06-24,20,4,60,15.2
2013-06-24,21,0,NA,15
2013-06-24,22,0,NA,14.5
2013-06-24,23,0,NA,14.2
2013-06-25,0,4,170,14.1
2013-06-25,1,0,NA,13.7
2013-06-25,2,0,NA,13.6
2013-06-25,3,0,NA,13.3
2013-06-25,4,0,NA,13.2
2013-06-25,5,7,130,13.2
2013-06-25,6,4,200,13.3
2013-06-25,7,9,160,13.8
2013-06-25,8,7,170,15.3
2013-06-25,9,13,160,16.7
2013-06-25,10,11,160,17.5
2013-06-25,11,7,160,17.5
2013-06-25,12,7,170,17.6
2013-06-25,13,4,130,19.7
2013-06-25,14,0,NA,20.7
2013-06-25,15,11,200,16.9
2013-06-25,16,4,190,15.1
2013-06-25,17,4,80,15.6
2013-06-25,18,0,NA,14.9
2013-06-25,19,4,60,14.7
2013-06-25,20,9,90,14.1
2013-06-25,21,7,90,13.8
2013-06-25,22,6,120,13.6
2013-06-25,23,0,NA,13.4
2013-06-26,0,0,NA,12.8
2013-06-26,1,0,NA,12.6
2013-06-26,2,4,210,12.9
2013-06-26,3,0,NA,12.5
2013-06-26,4,0,NA,12.4
2013-06-26,5,4,100,12.6
2013-06-26,6,0,NA,13.4
2013-06-26,7,4,290,13.5
2013-06-26,8,4,250,15.9
2013-06-26,9,9,140,18.1
2013-06-26,10,11,160,17.7
2013-06-26,11,17,150,18.6
2013-06-26,12,15,150,19.5
2013-06-26,13,15,160,21.3
2013-06-26,14,11,160,21.3
2013-06-26,15,4,20,19.1
2013-06-26,16,11,140,18.8
2013-06-26,17,7,210,22.3
2013-06-26,18,11,200,19.7
2013-06-26,19,7,290,17.8
2013-06-26,20,6,290,16
2013-06-26,21,4,20,15.7
2013-06-26,22,24,320,14.7
2013-06-26,23,11,340,14
2013-06-27,0,0,NA,13.3
2013-06-27,1,0,NA,12.4
2013-06-27,2,6,360,12.3
2013-06-27,3,0,NA,11.5
2013-06-27,4,6,330,12
2013-06-27,5,6,310,12.9
2013-06-27,6,0,NA,13.6
2013-06-27,7,0,NA,14.7
2013-06-27,8,6,260,16
2013-06-27,9,6,270,16.5
2013-06-27,10,4,290,17.3
2013-06-27,11,4,330,18.3
2013-06-27,12,4,210,20.2
2013-06-27,13,6,250,20.6
2013-06-27,14,11,300,18.8
2013-06-27,15,6,270,19.8
2013-06-27,16,7,290,19.5
2013-06-27,17,7,300,18.7
2013-06-27,18,9,310,17.9
2013-06-27,19,9,320,17.6
2013-06-27,20,4,30,16.3
2013-06-27,21,11,320,16
2013-06-27,22,6,330,15.4
2013-06-27,23,4,360,14.9
2013-06-28,0,4,350,14.9
2013-06-28,1,6,30,13.6
2013-06-28,2,0,NA,13.7
2013-06-28,3,0,NA,13.6
2013-06-28,4,6,320,13.6
2013-06-28,5,4,290,13.8
2013-06-28,6,11,300,15.3
2013-06-28,7,9,310,16.5
2013-06-28,8,0,NA,18.5
2013-06-28,9,9,300,19.8
2013-06-28,10,7,290,21.2
2013-06-28,11,6,320,21.7
2013-06-28,12,6,250,24
2013-06-28,13,6,250,25.9
2013-06-28,14,6,250,27
2013-06-28,15,4,270,27.9
2013-06-28,16,6,270,28.7
2013-06-28,17,7,310,27.6
2013-06-28,18,6,290,25.5
2013-06-28,19,6,310,23.3
2013-06-28,20,4,320,21.2
2013-06-28,21,4,20,21.8
2013-06-28,22,4,340,20.4
2013-06-28,23,6,350,20
2013-06-29,0,0,NA,18.3
2013-06-29,1,9,330,17.7
2013-06-29,2,11,330,17.4
2013-06-29,3,4,340,16.3
2013-06-29,4,6,360,16.8
2013-06-29,5,6,320,16.3
2013-06-29,6,4,290,18.6
2013-06-29,7,4,190,17.5
2013-06-29,8,4,190,17.9
2013-06-29,9,4,220,19.2
2013-06-29,10,6,240,19.2
2013-06-29,11,0,NA,19.3
2013-06-29,12,13,80,19.5
2013-06-29,13,4,140,20.6
2013-06-29,14,6,150,20.8
2013-06-29,15,4,330,21.7
2013-06-29,16,7,160,24
2013-06-29,17,4,170,25.1
2013-06-29,18,4,240,24.4
2013-06-29,19,24,330,21.3
2013-06-29,20,7,230,19.5
2013-06-29,21,7,360,19
2013-06-29,22,11,320,18.5
2013-06-29,23,7,330,16.8
2013-06-30,0,6,350,17.2
2013-06-30,1,6,310,15.6
2013-06-30,2,7,330,15.4
2013-06-30,3,7,340,15
2013-06-30,4,7,340,14.7
2013-06-30,5,4,320,15
2013-06-30,6,0,NA,16.8
2013-06-30,7,7,330,18
2013-06-30,8,9,300,19.4
2013-06-30,9,13,290,20.9
2013-06-30,10,9,300,22
2013-06-30,11,7,260,24
2013-06-30,12,6,280,25.8
2013-06-30,13,6,240,27
2013-06-30,14,6,250,28.7
2013-06-30,15,7,280,29
2013-06-30,16,6,310,29.8
2013-06-30,17,6,280,30.3
2013-06-30,18,9,300,28.9
2013-06-30,19,6,290,27.2
2013-06-30,20,6,60,23.1
2013-06-30,21,6,30,23.3
2013-06-30,22,0,NA,22.7
2013-06-30,23,6,290,21.1
2013-07-01,0,0,NA,20.9
2013-07-01,1,0,NA,19.1
2013-07-01,2,0,NA,18.5
2013-07-01,3,6,350,17.4
2013-07-01,4,6,50,18.6
2013-07-01,5,0,NA,18.9
2013-07-01,6,0,NA,20
2013-07-01,7,0,NA,21
2013-07-01,8,7,310,22.5
2013-07-01,9,6,290,24.2
2013-07-01,10,4,300,25.5
2013-07-01,11,6,260,26.9
2013-07-01,12,7,280,28.3
2013-07-01,13,7,270,29.8
2013-07-01,14,6,260,31.2
2013-07-01,15,4,290,33
2013-07-01,16,0,NA,34.3
2013-07-01,17,7,260,32.6
2013-07-01,18,4,360,30
2013-07-01,19,6,350,27.2
2013-07-01,20,9,60,26.4
2013-07-01,21,6,10,25.2
2013-07-01,22,4,330,24.8
2013-07-01,23,7,340,24.4
2013-07-02,0,4,280,22.3
2013-07-02,1,0,NA,22.5
2013-07-02,2,0,NA,21.6
2013-07-02,3,0,NA,21.3
2013-07-02,4,0,NA,19.8
2013-07-02,5,0,NA,20
2013-07-02,6,0,NA,21.9
2013-07-02,7,0,NA,22.7
2013-07-02,8,4,250,23.7
2013-07-02,9,0,NA,25
2013-07-02,10,6,270,27.6
2013-07-02,11,7,290,28.7
2013-07-02,12,4,330,30.1
2013-07-02,13,6,300,31.5
2013-07-02,14,11,320,32.1
2013-07-02,15,7,300,33.7
2013-07-02,16,6,210,35.9
2013-07-02,17,11,180,35.2
2013-07-02,18,13,170,33.4
2013-07-02,19,13,170,32.3
2013-07-02,20,7,150,29.4
2013-07-02,21,7,60,27.6
2013-07-02,22,4,110,27.2
2013-07-02,23,7,80,25.2
2013-07-03,0,4,90,24.1
2013-07-03,1,7,90,23.2
2013-07-03,2,9,70,22.3
2013-07-03,3,4,30,21.6
2013-07-03,4,7,290,20
2013-07-03,5,6,80,20.9
2013-07-03,6,6,140,21.4
2013-07-03,7,4,290,23.8
2013-07-03,8,6,290,24.8
2013-07-03,9,0,NA,26.5
2013-07-03,10,9,300,27.3
2013-07-03,11,13,300,27.8
2013-07-03,12,7,280,29.3
2013-07-03,13,0,NA,31.1
2013-07-03,14,4,210,30.9
2013-07-03,15,11,160,31.7
2013-07-03,16,13,160,31.4
2013-07-03,17,15,200,31.5
2013-07-03,18,9,210,30.1
2013-07-03,19,6,90,26.9
2013-07-03,20,6,90,24.7
2013-07-03,21,11,60,22.5
2013-07-03,22,9,60,22.1
2013-07-03,23,9,80,20.5
2013-07-04,0,9,50,21.1
2013-07-04,1,0,NA,19.6
2013-07-04,2,4,60,18.9
2013-07-04,3,7,70,17.8
2013-07-04,4,6,60,17.2
2013-07-04,5,4,60,17.1
2013-07-04,6,0,NA,19.6
2013-07-04,7,0,NA,19.2
2013-07-04,8,6,220,20.8
2013-07-04,9,6,240,22.5
2013-07-04,10,9,160,25.3
2013-07-04,11,15,170,26.4
2013-07-04,12,19,160,27.1
2013-07-04,13,19,160,27.9
2013-07-04,14,19,160,28.3
2013-07-04,15,24,160,28
2013-07-04,16,20,150,27.8
2013-07-04,17,15,160,27.5
2013-07-04,18,13,170,27.3
2013-07-04,19,13,180,25.7
2013-07-04,20,0,NA,22.9
2013-07-04,21,9,140,22.2
2013-07-04,22,6,70,20.1
2013-07-04,23,7,90,19.4
2013-07-05,0,9,70,18.8
2013-07-05,1,4,80,18.4
2013-07-05,2,0,NA,18.3
2013-07-05,3,6,60,16.8
2013-07-05,4,6,60,16.4
2013-07-05,5,6,60,16.8
2013-07-05,6,0,NA,16.5
2013-07-05,7,0,NA,19
2013-07-05,8,0,NA,20.9
2013-07-05,9,4,190,22
2013-07-05,10,9,240,22.6
2013-07-05,11,11,190,24.7
2013-07-05,12,9,190,25.8
2013-07-05,13,19,160,25.8
2013-07-05,14,11,150,27.1
2013-07-05,15,43,330,20
2013-07-05,16,39,330,19
2013-07-05,17,24,330,19.3
2013-07-05,18,20,330,20.3
2013-07-05,19,17,320,18
2013-07-05,20,4,290,15.8
2013-07-05,21,7,330,15.9
2013-07-05,22,6,310,15.3
2013-07-05,23,4,360,14.6
2013-07-06,0,4,350,14.5
2013-07-06,1,6,300,13.9
2013-07-06,2,0,NA,13.6
2013-07-06,3,0,NA,12.2
2013-07-06,4,4,70,12.2
2013-07-06,5,4,50,12.4
2013-07-06,6,4,210,12.9
2013-07-06,7,4,170,14.7
2013-07-06,8,4,280,17.1
2013-07-06,9,13,310,17
2013-07-06,10,17,300,18.9
2013-07-06,11,17,300,19.4
2013-07-06,12,11,320,20.5
2013-07-06,13,7,280,23.9
2013-07-06,14,7,270,25
2013-07-06,15,9,280,25.6
2013-07-06,16,11,300,25
2013-07-06,17,15,320,24.5
2013-07-06,18,17,310,24.7
2013-07-06,19,7,260,21.5
2013-07-06,20,4,360,18.2
2013-07-06,21,9,60,17.2
2013-07-06,22,6,60,16.9
2013-07-06,23,0,NA,16.3
2013-07-07,0,6,60,16
2013-07-07,1,7,70,15.4
2013-07-07,2,6,60,14.8
2013-07-07,3,0,NA,13.8
2013-07-07,4,6,60,12.7
2013-07-07,5,6,50,13.4
2013-07-07,6,4,80,15.4
2013-07-07,7,4,240,16
2013-07-07,8,11,300,16.5
2013-07-07,9,11,300,17.4
2013-07-07,10,11,300,19.8
2013-07-07,11,7,310,21.5
2013-07-07,12,6,300,23.5
2013-07-07,13,6,250,25.3
2013-07-07,14,7,290,25.5
2013-07-07,15,7,280,27
2013-07-07,16,6,290,27.5
2013-07-07,17,7,270,27.2
2013-07-07,18,4,300,23.5
2013-07-07,19,4,10,21.4
2013-07-07,20,6,50,19.6
2013-07-07,21,0,NA,19.9
2013-07-07,22,6,330,19.3
2013-07-07,23,0,NA,18.2
2013-07-08,0,4,130,17.4
2013-07-08,1,4,70,17.1
2013-07-08,2,0,NA,17.1
2013-07-08,3,0,NA,16.9
2013-07-08,4,11,320,18.4
2013-07-08,5,28,320,18.1
2013-07-08,6,6,310,16.7
2013-07-08,7,24,310,16.8
2013-07-08,8,9,300,18.2
2013-07-08,9,19,310,18.2
2013-07-08,10,17,320,20.3
2013-07-08,11,15,320,21
2013-07-08,12,9,290,22.3
2013-07-08,13,11,300,24.2
2013-07-08,14,26,330,19.8
2013-07-08,15,13,340,18.3
2013-07-08,16,17,320,21.7
2013-07-08,17,20,310,21.3
2013-07-08,18,9,340,21.1
2013-07-08,19,17,330,20.2
2013-07-08,20,9,310,17.6
2013-07-08,21,0,NA,16.5
2013-07-08,22,9,60,15
2013-07-08,23,4,360,15.1
2013-07-09,0,7,340,14.6
2013-07-09,1,6,30,14.1
2013-07-09,2,4,70,13.1
2013-07-09,3,4,360,12.1
2013-07-09,4,6,50,11.9
2013-07-09,5,4,10,13.4
2013-07-09,6,0,NA,15
2013-07-09,7,0,NA,16.1
2013-07-09,8,4,230,17.1
2013-07-09,9,4,210,19.3
2013-07-09,10,0,NA,21.7
2013-07-09,11,4,220,22.6
2013-07-09,12,4,180,24.6
2013-07-09,13,7,260,26.4
2013-07-09,14,6,270,27.8
2013-07-09,15,7,240,29.1
2013-07-09,16,7,190,29.8
2013-07-09,17,6,220,28.9
2013-07-09,18,6,200,28
2013-07-09,19,4,180,26
2013-07-09,20,6,70,21.8
2013-07-09,21,9,60,21
2013-07-09,22,9,60,20.4
2013-07-09,23,7,70,20.2
2013-07-10,0,6,70,19.5
2013-07-10,1,4,40,18.2
2013-07-10,2,9,50,17.6
2013-07-10,3,11,70,17.1
2013-07-10,4,15,80,16.2
2013-07-10,5,6,60,16.4
2013-07-10,6,7,70,17.7
2013-07-10,7,4,180,18.7
2013-07-10,8,0,NA,21.1
2013-07-10,9,4,240,23.3
2013-07-10,10,4,210,24.2
2013-07-10,11,6,210,25.5
2013-07-10,12,9,170,28.7
2013-07-10,13,19,160,30.4
2013-07-10,14,17,170,31.2
2013-07-10,15,13,180,32.3
2013-07-10,16,17,200,32.1
2013-07-10,17,19,200,31
2013-07-10,18,7,200,30.6
2013-07-10,19,7,180,28.5
2013-07-10,20,7,150,26.1
2013-07-10,21,6,120,23.7
2013-07-10,22,6,120,22.8
2013-07-10,23,9,120,22.1
2013-07-11,0,11,90,20.9
2013-07-11,1,13,80,19.6
2013-07-11,2,15,90,19.5
2013-07-11,3,4,70,17.4
2013-07-11,4,4,360,16.9
2013-07-11,5,9,130,19.2
2013-07-11,6,13,140,19.6
2013-07-11,7,15,170,21.8
2013-07-11,8,17,180,22.8
2013-07-11,9,17,170,23.3
2013-07-11,10,17,160,24.8
2013-07-11,11,19,190,25.7
2013-07-11,12,20,190,26.3
2013-07-11,13,22,190,26.7
2013-07-11,14,22,200,25.3
2013-07-11,15,20,190,26.2
2013-07-11,16,17,210,27.1
2013-07-11,17,20,190,25.7
2013-07-11,18,20,200,26
2013-07-11,19,15,200,23.9
2013-07-11,20,15,170,22.3
2013-07-11,21,13,170,21.2
2013-07-11,22,7,160,19.9
2013-07-11,23,6,10,16.4
2013-07-12,0,9,60,14.3
2013-07-12,1,7,70,14.8
2013-07-12,2,7,50,13.9
2013-07-12,3,9,70,12.8
2013-07-12,4,6,60,12.8
2013-07-12,5,7,70,12.6
2013-07-12,6,6,60,13.7
2013-07-12,7,0,NA,15.8
2013-07-12,8,4,250,17.2
2013-07-12,9,9,300,18.3
2013-07-12,10,6,270,20.5
2013-07-12,11,7,140,19.8
2013-07-12,12,11,290,21.4
2013-07-12,13,9,240,22.4
2013-07-12,14,11,170,22.1
2013-07-12,15,7,190,22.3
2013-07-12,16,6,170,22
2013-07-12,17,7,260,20.5
2013-07-12,18,9,290,19.6
2013-07-12,19,6,130,19.2
2013-07-12,20,4,340,18.9
2013-07-12,21,7,280,16.8
2013-07-12,22,4,350,17
2013-07-12,23,7,80,12.6
2013-07-13,0,7,40,14.6
2013-07-13,1,4,60,13.6
2013-07-13,2,6,10,12.5
2013-07-13,3,6,50,11.7
2013-07-13,4,6,60,10.7
2013-07-13,5,7,70,11.1
2013-07-13,6,6,60,13.6
2013-07-13,7,4,280,13.6
2013-07-13,8,0,NA,16.3
2013-07-13,9,6,240,18.3
2013-07-13,10,6,210,19.8
2013-07-13,11,6,250,21.7
2013-07-13,12,6,240,23
2013-07-13,13,6,210,24.7
2013-07-13,14,6,270,25.5
2013-07-13,15,7,250,26.2
2013-07-13,16,9,230,25.3
2013-07-13,17,6,180,23.9
2013-07-13,18,4,290,23.3
2013-07-13,19,0,NA,21.4
2013-07-13,20,6,50,17.9
2013-07-13,21,6,60,16.8
2013-07-13,22,4,10,17.2
2013-07-13,23,6,30,16.5
2013-07-14,0,6,10,15.8
2013-07-14,1,4,20,15.5
2013-07-14,2,0,NA,13.1
2013-07-14,3,6,60,12.2
2013-07-14,4,7,60,12.2
2013-07-14,5,0,NA,12.7
2013-07-14,6,0,NA,13.9
2013-07-14,7,4,260,14.8
2013-07-14,8,6,160,16.7
2013-07-14,9,4,140,19.4
2013-07-14,10,4,150,20.3
2013-07-14,11,4,220,23.4
2013-07-14,12,7,310,24.2
2013-07-14,13,7,170,26.9
2013-07-14,14,13,160,27.5
2013-07-14,15,17,150,27.5
2013-07-14,16,19,160,27.3
2013-07-14,17,11,160,27
2013-07-14,18,11,180,26.3
2013-07-14,19,7,180,24.6
2013-07-14,20,6,120,20.8
2013-07-14,21,9,60,19.2
2013-07-14,22,4,80,19
2013-07-14,23,9,80,17.3
2013-07-15,0,6,70,18.1
2013-07-15,1,7,50,17.5
2013-07-15,2,11,70,16.3
2013-07-15,3,6,60,15.3
2013-07-15,4,6,10,13.2
2013-07-15,5,7,70,13.4
2013-07-15,6,4,60,15.8
2013-07-15,7,0,NA,17.5
2013-07-15,8,15,310,19.2
2013-07-15,9,22,320,20
2013-07-15,10,20,330,21.3
2013-07-15,11,20,330,22.8
2013-07-15,12,19,330,23
2013-07-15,13,22,330,23.8
2013-07-15,14,26,330,24
2013-07-15,15,28,330,24.4
2013-07-15,16,26,330,24.4
2013-07-15,17,26,330,24.3
2013-07-15,18,24,330,24.1
2013-07-15,19,22,330,23.3
2013-07-15,20,24,330,22
2013-07-15,21,22,340,21.2
2013-07-15,22,9,340,20.2
2013-07-15,23,4,260,17.1
2013-07-16,0,0,NA,17
2013-07-16,1,9,110,14.8
2013-07-16,2,4,340,14.7
2013-07-16,3,9,150,13.3
2013-07-16,4,6,320,14.4
2013-07-16,5,4,170,13.1
2013-07-16,6,6,160,15.5
2013-07-16,7,6,270,16.7
2013-07-16,8,11,300,18.9
2013-07-16,9,11,300,21.1
2013-07-16,10,6,300,22.5
2013-07-16,11,9,310,23.2
2013-07-16,12,15,300,24.8
2013-07-16,13,13,300,26.1
2013-07-16,14,13,310,26.8
2013-07-16,15,13,300,26.9
2013-07-16,16,9,300,28.2
2013-07-16,17,9,300,27.3
2013-07-16,18,9,280,27.5
2013-07-16,19,6,300,25.2
2013-07-16,20,6,320,23.6
2013-07-16,21,6,330,22.4
2013-07-16,22,7,40,24.7
2013-07-16,23,6,330,22.4
2013-07-17,0,6,350,23
2013-07-17,1,4,330,20.9
2013-07-17,2,6,340,20.6
2013-07-17,3,4,50,20.9
2013-07-17,4,7,50,20.2
2013-07-17,5,0,NA,18.9
2013-07-17,6,9,300,17.4
2013-07-17,7,6,320,20
2013-07-17,8,6,310,22.2
2013-07-17,9,4,290,25
2013-07-17,10,9,300,26.2
2013-07-17,11,20,310,23
2013-07-17,12,22,320,21.4
2013-07-17,13,26,310,20.8
2013-07-17,14,24,330,22.6
2013-07-17,15,30,320,22.4
2013-07-17,16,26,320,23.2
2013-07-17,17,24,310,23.5
2013-07-17,18,20,320,22.9
2013-07-17,19,24,330,22.4
2013-07-17,20,19,320,21.2
2013-07-17,21,22,330,20.2
2013-07-17,22,15,320,19.6
2013-07-17,23,19,320,18.4
2013-07-18,0,20,320,18
2013-07-18,1,15,310,16.5
2013-07-18,2,4,10,14.9
2013-07-18,3,4,20,15.1
2013-07-18,4,4,30,14.1
2013-07-18,5,4,20,14.4
2013-07-18,6,6,330,15.6
2013-07-18,7,11,310,17.2
2013-07-18,8,9,310,18.3
2013-07-18,9,17,300,19.8
2013-07-18,10,19,310,20.7
2013-07-18,11,13,300,22.5
2013-07-18,12,11,290,24.3
2013-07-18,13,11,300,26.4
2013-07-18,14,9,290,27.3
2013-07-18,15,13,310,27.5
2013-07-18,16,13,300,27.9
2013-07-18,17,11,290,28.4
2013-07-18,18,9,290,27.2
2013-07-18,19,6,290,23.9
2013-07-18,20,6,50,20.6
2013-07-18,21,6,40,19.7
2013-07-18,22,6,60,19.7
2013-07-18,23,7,350,19.1
2013-07-19,0,0,NA,18.4
2013-07-19,1,4,200,18.5
2013-07-19,2,6,50,16.8
2013-07-19,3,0,NA,17.5
2013-07-19,4,0,NA,15.6
2013-07-19,5,4,30,15.4
2013-07-19,6,0,NA,17.6
2013-07-19,7,0,NA,18.1
2013-07-19,8,4,270,20.1
2013-07-19,9,17,300,21.7
2013-07-19,10,11,310,23.5
2013-07-19,11,7,320,24.9
2013-07-19,12,7,340,26.5
2013-07-19,13,6,280,28.8
2013-07-19,14,4,340,30.5
2013-07-19,15,6,280,31.1
2013-07-19,16,6,250,32
2013-07-19,17,6,260,31.8
2013-07-19,18,9,310,29.8
2013-07-19,19,6,300,25.7
2013-07-19,20,6,40,23.2
2013-07-19,21,4,90,22
2013-07-19,22,0,NA,20.4
2013-07-19,23,4,10,20.3
2013-07-20,0,6,360,21.1
2013-07-20,1,0,NA,19.2
2013-07-20,2,0,NA,17.8
2013-07-20,3,0,NA,18.3
2013-07-20,4,6,70,17.1
2013-07-20,5,4,80,16.8
2013-07-20,6,0,NA,18.2
2013-07-20,7,0,NA,18.9
2013-07-20,8,4,280,20.7
2013-07-20,9,4,240,23
2013-07-20,10,6,270,24.9
2013-07-20,11,0,NA,27.6
2013-07-20,12,7,300,27.9
2013-07-20,13,7,310,30
2013-07-20,14,11,250,32.6
2013-07-20,15,19,200,33.4
2013-07-20,16,13,220,33.8
2013-07-20,17,6,310,32.6
2013-07-20,18,7,270,32
2013-07-20,19,9,280,29.5
2013-07-20,20,9,70,26.5
2013-07-20,21,11,80,22.8
2013-07-20,22,9,60,22.2
2013-07-20,23,7,60,22.1
2013-07-21,0,9,60,20.9
2013-07-21,1,7,70,19.5
2013-07-21,2,6,40,18.9
2013-07-21,3,6,40,17.7
2013-07-21,4,9,60,17.5
2013-07-21,5,7,40,17.1
2013-07-21,6,6,50,19.2
2013-07-21,7,4,250,18.7
2013-07-21,8,4,240,20.6
2013-07-21,9,4,250,23.1
2013-07-21,10,0,NA,25.2
2013-07-21,11,11,190,28
2013-07-21,12,19,170,30
2013-07-21,13,13,170,31.5
2013-07-21,14,17,160,31.9
2013-07-21,15,17,160,32
2013-07-21,16,17,170,31.6
2013-07-21,17,15,160,31.3
2013-07-21,18,11,160,30.3
2013-07-21,19,11,170,28.9
2013-07-21,20,6,100,25.3
2013-07-21,21,9,100,25.3
2013-07-21,22,13,80,23.8
2013-07-21,23,13,70,22.8
2013-07-22,0,11,70,22.4
2013-07-22,1,9,80,21
2013-07-22,2,7,50,19.7
2013-07-22,3,4,60,18.9
2013-07-22,4,0,NA,18.1
2013-07-22,5,6,70,16.8
2013-07-22,6,9,80,19.5
2013-07-22,7,4,150,20
2013-07-22,8,4,110,22.7
2013-07-22,9,6,270,24.2
2013-07-22,10,7,160,27.3
2013-07-22,11,17,180,29
2013-07-22,12,17,170,29.6
2013-07-22,13,17,160,30.7
2013-07-22,14,17,170,31.2
2013-07-22,15,17,190,32.8
2013-07-22,16,17,200,32.7
2013-07-22,17,15,200,31.9
2013-07-22,18,9,200,31.3
2013-07-22,19,4,200,30.1
2013-07-22,20,11,120,26.5
2013-07-22,21,7,60,23.7
2013-07-22,22,11,70,23.4
2013-07-22,23,7,50,22.7
2013-07-23,0,6,10,21.6
2013-07-23,1,4,10,20.5
2013-07-23,2,9,80,19.7
2013-07-23,3,6,60,19.1
2013-07-23,4,6,50,18.2
2013-07-23,5,6,50,17.7
2013-07-23,6,0,NA,19.1
2013-07-23,7,0,NA,20.1
2013-07-23,8,4,250,21.7
2013-07-23,9,0,NA,24.2
2013-07-23,10,4,250,26.3
2013-07-23,11,6,270,28
2013-07-23,12,6,270,29.8
2013-07-23,13,6,170,32.9
2013-07-23,14,7,150,33.8
2013-07-23,15,11,160,33.8
2013-07-23,16,15,160,33.2
2013-07-23,17,13,160,32.7
2013-07-23,18,15,170,31.9
2013-07-23,19,0,NA,30.3
2013-07-23,20,9,60,25.5
2013-07-23,21,11,70,24.4
2013-07-23,22,7,70,24.2
2013-07-23,23,6,10,22.9
2013-07-24,0,6,40,22.4
2013-07-24,1,9,60,21
2013-07-24,2,9,50,20.4
2013-07-24,3,7,50,19.7
2013-07-24,4,9,60,18.6
2013-07-24,5,7,50,18.3
2013-07-24,6,0,NA,19.3
2013-07-24,7,4,60,20.9
2013-07-24,8,4,250,22.6
2013-07-24,9,4,180,24.3
2013-07-24,10,6,280,26
2013-07-24,11,4,260,28
2013-07-24,12,6,260,29.3
2013-07-24,13,7,310,30.7
2013-07-24,14,7,290,33.3
2013-07-24,15,9,310,33.4
2013-07-24,16,4,340,34.5
2013-07-24,17,6,210,34.2
2013-07-24,18,7,290,30
2013-07-24,19,4,320,29.2
2013-07-24,20,11,70,26.2
2013-07-24,21,11,60,24.3
2013-07-24,22,6,40,24.3
2013-07-24,23,6,70,23.8
2013-07-25,0,9,60,22.9
2013-07-25,1,7,60,21.6
2013-07-25,2,4,50,19.5
2013-07-25,3,4,20,20.2
2013-07-25,4,0,NA,19.4
2013-07-25,5,0,NA,18.4
2013-07-25,6,0,NA,19.3
2013-07-25,7,0,NA,21
2013-07-25,8,4,250,22.9
2013-07-25,9,0,NA,25.8
2013-07-25,10,4,150,28.5
2013-07-25,11,7,180,29.9
2013-07-25,12,6,160,31.1
2013-07-25,13,7,220,33.5
2013-07-25,14,13,150,34
2013-07-25,15,11,150,34.5
2013-07-25,16,13,150,34.3
2013-07-25,17,11,170,33.7
2013-07-25,18,11,160,32.1
2013-07-25,19,7,170,30.1
2013-07-25,20,9,80,26.3
2013-07-25,21,13,70,24.7
2013-07-25,22,13,70,24.8
2013-07-25,23,11,60,24.1
2013-07-26,0,7,50,22.8
2013-07-26,1,15,70,21.8
2013-07-26,2,4,30,20.9
2013-07-26,3,13,80,19.5
2013-07-26,4,7,50,18.7
2013-07-26,5,6,50,17.8
2013-07-26,6,6,80,19.4
2013-07-26,7,7,110,21
2013-07-26,8,6,150,22.6
2013-07-26,9,4,170,24.3
2013-07-26,10,4,270,27.1
2013-07-26,11,4,230,28.4
2013-07-26,12,7,190,32.3
2013-07-26,13,13,160,33.1
2013-07-26,14,13,190,34.8
2013-07-26,15,17,200,34.5
2013-07-26,16,17,200,34.4
2013-07-26,17,11,220,33.8
2013-07-26,18,13,210,32.4
2013-07-26,19,11,180,30.2
2013-07-26,20,6,50,26.4
2013-07-26,21,11,70,24.4
2013-07-26,22,13,80,23.9
2013-07-26,23,7,60,22.7
2013-07-27,0,11,60,21.6
2013-07-27,1,15,70,20.6
2013-07-27,2,13,70,19.9
2013-07-27,3,9,60,18.1
2013-07-27,4,4,90,15.9
2013-07-27,5,7,70,16
2013-07-27,6,7,80,17.8
2013-07-27,7,4,30,19.9
2013-07-27,8,4,290,21.6
2013-07-27,9,6,290,23.6
2013-07-27,10,7,310,24.3
2013-07-27,11,13,300,25.8
2013-07-27,12,9,290,27.8
2013-07-27,13,6,110,29
2013-07-27,14,6,170,30.2
2013-07-27,15,4,170,31
2013-07-27,16,9,270,30.2
2013-07-27,17,7,290,29.4
2013-07-27,18,7,320,28.4
2013-07-27,19,4,320,24.8
2013-07-27,20,11,60,21.3
2013-07-27,21,7,50,20.9
2013-07-27,22,7,40,20.1
2013-07-27,23,6,60,19.2
2013-07-28,0,7,70,18.5
2013-07-28,1,6,50,17.5
2013-07-28,2,6,40,16.4
2013-07-28,3,7,70,15.6
2013-07-28,4,7,70,15.2
2013-07-28,5,4,60,15.2
2013-07-28,6,4,70,16.8
2013-07-28,7,4,270,17.6
2013-07-28,8,0,NA,19.7
2013-07-28,9,7,310,19.9
2013-07-28,10,6,280,21.6
2013-07-28,11,9,290,24.2
2013-07-28,12,9,270,23.2
2013-07-28,13,7,310,22.6
2013-07-28,14,11,310,22.6
2013-07-28,15,20,320,23.9
2013-07-28,16,15,340,21.7
2013-07-28,17,7,80,18.9
2013-07-28,18,4,360,22.1
2013-07-28,19,9,60,19
2013-07-28,20,11,60,18
2013-07-28,21,9,50,17.2
2013-07-28,22,7,50,16
2013-07-28,23,0,NA,14.8
2013-07-29,0,6,10,15.3
2013-07-29,1,6,320,14.8
2013-07-29,2,4,360,15.4
2013-07-29,3,6,60,14.8
2013-07-29,4,9,110,13.3
2013-07-29,5,6,90,13.1
2013-07-29,6,9,320,12.6
2013-07-29,7,7,50,13.9
2013-07-29,8,11,60,14.4
2013-07-29,9,11,310,13.4
2013-07-29,10,15,70,16.1
2013-07-29,11,6,40,22.3
2013-07-29,12,7,110,23.3
2013-07-29,13,9,210,25
2013-07-29,14,7,180,25.7
2013-07-29,15,15,310,25.2
2013-07-29,16,22,320,25.3
2013-07-29,17,6,120,25.4
2013-07-29,18,6,70,24.3
2013-07-29,19,7,70,21.2
2013-07-29,20,7,60,19.1
2013-07-29,21,7,350,20
2013-07-29,22,13,10,20.1
2013-07-29,23,9,20,19.1
2013-07-30,0,6,340,18.2
2013-07-30,1,9,60,16.7
2013-07-30,2,6,40,16.7
2013-07-30,3,7,20,16.8
2013-07-30,4,4,10,15.9
2013-07-30,5,4,340,15.5
2013-07-30,6,7,340,14.4
2013-07-30,7,0,NA,16.5
2013-07-30,8,0,NA,18.5
2013-07-30,9,6,260,21
2013-07-30,10,6,280,22.4
2013-07-30,11,6,250,24
2013-07-30,12,6,310,24.7
2013-07-30,13,7,260,26.2
2013-07-30,14,9,290,27.5
2013-07-30,15,9,260,27.8
2013-07-30,16,11,300,28.2
2013-07-30,17,9,260,26.7
2013-07-30,18,6,260,27.2
2013-07-30,19,7,60,22.5
2013-07-30,20,9,70,20.5
2013-07-30,21,7,50,19.9
2013-07-30,22,9,60,19.4
2013-07-30,23,0,NA,19.2
2013-07-31,0,7,340,17.8
2013-07-31,1,6,110,17
2013-07-31,2,6,70,16.1
2013-07-31,3,6,60,15.1
2013-07-31,4,7,70,14.6
2013-07-31,5,6,60,14.5
2013-07-31,6,0,NA,16.5
2013-07-31,7,4,260,17
2013-07-31,8,4,250,19
2013-07-31,9,4,260,21.5
2013-07-31,10,9,300,22.8
2013-07-31,11,6,310,24.3
2013-07-31,12,7,310,26.5
2013-07-31,13,6,310,27.6
2013-07-31,14,6,290,28.2
2013-07-31,15,6,300,28
2013-07-31,16,4,260,26.8
2013-07-31,17,0,NA,25.8
2013-07-31,18,4,60,25
2013-07-31,19,7,70,23.2
2013-07-31,20,7,350,25.2
2013-07-31,21,13,330,24.4
2013-07-31,22,15,330,24.4
2013-07-31,23,0,NA,22.6
2013-08-01,0,7,50,21.2
2013-08-01,1,11,320,21
2013-08-01,2,4,340,20
2013-08-01,3,4,330,19.5
2013-08-01,4,0,NA,18
2013-08-01,5,4,40,19.2
2013-08-01,6,4,360,19.4
2013-08-01,7,0,NA,21.6
2013-08-01,8,4,230,23
2013-08-01,9,7,310,22.8
2013-08-01,10,0,NA,23.5
2013-08-01,11,0,NA,23.4
2013-08-01,12,4,220,23.4
2013-08-01,13,6,140,24.2
2013-08-01,14,7,270,23.3
2013-08-01,15,7,310,23.2
2013-08-01,16,13,310,21.6
2013-08-01,17,17,320,20.2
2013-08-01,18,9,330,19.9
2013-08-01,19,15,330,18.3
2013-08-01,20,9,320,17.5
2013-08-01,21,11,320,17.2
2013-08-01,22,11,340,16.4
2013-08-01,23,19,320,16
2013-08-02,0,15,320,15.8
2013-08-02,1,6,360,15.9
2013-08-02,2,13,330,15.9
2013-08-02,3,0,NA,15
2013-08-02,4,0,NA,14.8
2013-08-02,5,0,NA,14.8
2013-08-02,6,0,NA,15.1
2013-08-02,7,0,NA,15.3
2013-08-02,8,0,NA,16.1
2013-08-02,9,0,NA,16.6
2013-08-02,10,0,NA,17.3
2013-08-02,11,0,NA,18.6
2013-08-02,12,4,250,19.1
2013-08-02,13,0,NA,19.7
2013-08-02,14,7,200,18.6
2013-08-02,15,11,170,19.3
2013-08-02,16,7,180,18.5
2013-08-02,17,9,200,17.7
2013-08-02,18,7,220,16.6
2013-08-02,19,4,230,15.6
2013-08-02,20,6,300,14.9
2013-08-02,21,4,320,14.6
2013-08-02,22,4,300,14.4
2013-08-02,23,0,NA,14.1
2013-08-03,0,0,NA,14.3
2013-08-03,1,0,NA,13.9
2013-08-03,2,4,320,14.2
2013-08-03,3,0,NA,13.8
2013-08-03,4,0,NA,14
2013-08-03,5,0,NA,14.2
2013-08-03,6,0,NA,14.6
2013-08-03,7,0,NA,14.8
2013-08-03,8,0,NA,15.9
2013-08-03,9,0,NA,17.1
2013-08-03,10,9,180,18.1
2013-08-03,11,6,120,20
2013-08-03,12,7,130,22.5
2013-08-03,13,6,120,21.4
2013-08-03,14,7,160,23.9
2013-08-03,15,9,160,24.8
2013-08-03,16,7,180,25.5
2013-08-03,17,7,180,25.2
2013-08-03,18,4,250,21.8
2013-08-03,19,4,40,20.7
2013-08-03,20,7,80,18.4
2013-08-03,21,7,70,17.7
2013-08-03,22,7,60,17.6
2013-08-03,23,4,40,16.8
2013-08-04,0,0,NA,16.2
2013-08-04,1,4,70,15.3
2013-08-04,2,6,70,14.9
2013-08-04,3,6,60,14.4
2013-08-04,4,6,70,14.2
2013-08-04,5,7,60,13.3
2013-08-04,6,11,80,15.3
2013-08-04,7,6,140,16.3
2013-08-04,8,4,220,18.5
2013-08-04,9,4,190,20.1
2013-08-04,10,4,230,22
2013-08-04,11,4,190,24.4
2013-08-04,12,6,250,25.9
2013-08-04,13,11,300,23
2013-08-04,14,33,330,20.4
2013-08-04,15,24,320,18.3
2013-08-04,16,0,NA,17.4
2013-08-04,17,7,140,16.3
2013-08-04,18,6,60,16.3
2013-08-04,19,6,110,15.8
2013-08-04,20,4,80,15.2
2013-08-04,21,6,70,14.5
2013-08-04,22,6,340,14.9
2013-08-04,23,6,100,13.9
2013-08-05,0,6,70,13.8
2013-08-05,1,0,NA,12.7
2013-08-05,2,0,NA,12.7
2013-08-05,3,4,120,12.2
2013-08-05,4,4,100,13.1
2013-08-05,5,4,60,13.5
2013-08-05,6,0,NA,13.1
2013-08-05,7,0,NA,14
2013-08-05,8,0,NA,14.9
2013-08-05,9,4,240,18.2
2013-08-05,10,4,260,19.3
2013-08-05,11,9,270,20.6
2013-08-05,12,15,290,23
2013-08-05,13,7,260,23
2013-08-05,14,6,270,24.5
2013-08-05,15,7,240,24.5
2013-08-05,16,6,80,24
2013-08-05,17,6,230,26.2
2013-08-05,18,6,270,24.2
2013-08-05,19,4,360,20.6
2013-08-05,20,11,60,19.5
2013-08-05,21,7,50,19.1
2013-08-05,22,6,10,18.5
2013-08-05,23,4,20,17.3
2013-08-06,0,4,40,16.6
2013-08-06,1,4,360,16.2
2013-08-06,2,4,70,14.9
2013-08-06,3,4,60,14.7
2013-08-06,4,6,60,13.7
2013-08-06,5,6,60,13.4
2013-08-06,6,0,NA,16.2
2013-08-06,7,0,NA,16.5
2013-08-06,8,0,NA,18.5
2013-08-06,9,4,50,20.5
2013-08-06,10,6,240,22.5
2013-08-06,11,7,260,24.4
2013-08-06,12,7,270,25.8
2013-08-06,13,6,330,27
2013-08-06,14,6,280,28.5
2013-08-06,15,6,290,30
2013-08-06,16,9,230,30
2013-08-06,17,7,200,30.5
2013-08-06,18,0,NA,27.5
2013-08-06,19,0,NA,25.5
2013-08-06,20,6,70,22.9
2013-08-06,21,4,350,22.1
2013-08-06,22,35,330,22.5
2013-08-06,23,28,330,19.6
2013-08-07,0,7,320,19.7
2013-08-07,1,6,10,17
2013-08-07,2,4,310,16.4
2013-08-07,3,7,300,15.5
2013-08-07,4,7,340,15.5
2013-08-07,5,4,350,15.8
2013-08-07,6,4,360,16.6
2013-08-07,7,6,330,17.3
2013-08-07,8,9,320,18.8
2013-08-07,9,11,300,20
2013-08-07,10,7,280,22.5
2013-08-07,11,7,260,23.9
2013-08-07,12,7,280,25.8
2013-08-07,13,9,300,26.7
2013-08-07,14,13,300,27.9
2013-08-07,15,11,310,27.4
2013-08-07,16,9,300,28.5
2013-08-07,17,7,290,27.1
2013-08-07,18,6,300,24.8
2013-08-07,19,0,NA,22.3
2013-08-07,20,7,340,22.9
2013-08-07,21,4,360,21.1
2013-08-07,22,0,NA,19.9
2013-08-07,23,4,310,18.9
2013-08-08,0,4,350,18.3
2013-08-08,1,0,NA,17.4
2013-08-08,2,0,NA,17.1
2013-08-08,3,0,NA,16.8
2013-08-08,4,0,NA,16.1
2013-08-08,5,0,NA,16.3
2013-08-08,6,0,NA,17.7
2013-08-08,7,0,NA,19.1
2013-08-08,8,4,230,20.2
2013-08-08,9,6,280,22.3
2013-08-08,10,6,250,23.8
2013-08-08,11,13,300,25.1
2013-08-08,12,13,290,26.5
2013-08-08,13,9,300,27.4
2013-08-08,14,9,300,28.5
2013-08-08,15,7,270,30.2
2013-08-08,16,7,280,29.5
2013-08-08,17,7,300,28.8
2013-08-08,18,11,300,25.2
2013-08-08,19,4,330,23.4
2013-08-08,20,4,50,22.8
2013-08-08,21,6,330,22.3
2013-08-08,22,6,360,22.3
2013-08-08,23,6,20,21.2
2013-08-09,0,0,NA,20.5
2013-08-09,1,4,290,20.1
2013-08-09,2,4,20,19.5
2013-08-09,3,7,60,19.4
2013-08-09,4,4,320,17.2
2013-08-09,5,4,330,17.5
2013-08-09,6,6,340,18.9
2013-08-09,7,0,NA,20.6
2013-08-09,8,6,320,22.2
2013-08-09,9,7,310,24.1
2013-08-09,10,4,250,26.9
2013-08-09,11,6,260,27.6
2013-08-09,12,6,310,29.5
2013-08-09,13,6,250,31.3
2013-08-09,14,6,280,32.6
2013-08-09,15,6,270,30.4
2013-08-09,16,4,360,29.5
2013-08-09,17,11,310,26.7
2013-08-09,18,6,70,26.3
2013-08-09,19,4,300,24.5
2013-08-09,20,7,50,24.5
2013-08-09,21,0,NA,24
2013-08-09,22,6,40,22.9
2013-08-09,23,4,70,22.4
2013-08-10,0,4,10,20.8
2013-08-10,1,0,NA,20.3
2013-08-10,2,13,100,18.3
2013-08-10,3,9,70,18.5
2013-08-10,4,6,10,17.8
2013-08-10,5,11,70,18.6
2013-08-10,6,4,350,18.4
2013-08-10,7,4,30,19.8
2013-08-10,8,4,60,23
2013-08-10,9,4,270,21.5
2013-08-10,10,0,NA,24.5
2013-08-10,11,4,220,25.8
2013-08-10,12,7,300,25.8
2013-08-10,13,11,310,27
2013-08-10,14,6,300,27.5
2013-08-10,15,7,270,30.1
2013-08-10,16,17,300,28.6
2013-08-10,17,22,320,27.9
2013-08-10,18,13,320,28.2
2013-08-10,19,17,330,27
2013-08-10,20,7,20,25.8
2013-08-10,21,7,250,21
2013-08-10,22,6,70,22.2
2013-08-10,23,4,350,20.9
2013-08-11,0,4,150,20.3
2013-08-11,1,0,NA,19.7
2013-08-11,2,7,50,18.9
2013-08-11,3,4,340,19.9
2013-08-11,4,6,80,17.8
2013-08-11,5,0,NA,16.6
2013-08-11,6,6,40,17.7
2013-08-11,7,6,70,18.2
2013-08-11,8,9,290,17.2
2013-08-11,9,0,NA,20.8
2013-08-11,10,4,340,22.1
2013-08-11,11,7,310,24.3
2013-08-11,12,7,270,26.3
2013-08-11,13,11,300,27.2
2013-08-11,14,11,300,28.2
2013-08-11,15,11,300,28.5
2013-08-11,16,7,280,30
2013-08-11,17,9,300,28.4
2013-08-11,18,6,270,27
2013-08-11,19,0,NA,23.6
2013-08-11,20,6,360,23.2
2013-08-11,21,6,20,22.1
2013-08-11,22,0,NA,22
2013-08-11,23,6,340,21
2013-08-12,0,0,NA,20.2
2013-08-12,1,9,150,20.2
2013-08-12,2,11,90,16.5
2013-08-12,3,9,310,15.8
2013-08-12,4,13,330,17
2013-08-12,5,11,80,16.8
2013-08-12,6,0,NA,16.6
2013-08-12,7,17,90,18.6
2013-08-12,8,6,320,20
2013-08-12,9,4,100,22
2013-08-12,10,4,280,24.4
2013-08-12,11,4,250,25.2
2013-08-12,12,0,NA,28
2013-08-12,13,6,260,26.7
2013-08-12,14,7,290,29.7
2013-08-12,15,6,320,27.5
2013-08-12,16,4,360,31
2013-08-12,17,6,290,30.4
2013-08-12,18,6,290,24.8
2013-08-12,19,0,NA,22.6
2013-08-12,20,7,360,22.4
2013-08-12,21,19,330,23.7
2013-08-12,22,19,320,21.5
2013-08-12,23,17,320,21.7
2013-08-13,0,7,330,20.4
2013-08-13,1,0,NA,18.9
2013-08-13,2,0,NA,18.6
2013-08-13,3,4,30,18.5
2013-08-13,4,0,NA,17.7
2013-08-13,5,4,80,16.6
2013-08-13,6,9,60,16.9
2013-08-13,7,6,100,16
2013-08-13,8,7,90,20.2
2013-08-13,9,7,160,21.9
2013-08-13,10,4,260,24.5
2013-08-13,11,6,230,26.2
2013-08-13,12,4,290,28.3
2013-08-13,13,7,240,29.7
2013-08-13,14,11,180,30.2
2013-08-13,15,9,240,29.3
2013-08-13,16,4,120,29.1
2013-08-13,17,4,250,28.6
2013-08-13,18,6,270,27.6
2013-08-13,19,7,340,24.8
2013-08-13,20,6,20,22.7
2013-08-13,21,6,70,22.3
2013-08-13,22,6,110,20.7
2013-08-13,23,4,40,21
2013-08-14,0,4,10,19.9
2013-08-14,1,6,30,19
2013-08-14,2,15,70,19
2013-08-14,3,6,30,17.5
2013-08-14,4,11,60,17.7
2013-08-14,5,4,340,16.2
2013-08-14,6,4,60,18.1
2013-08-14,7,0,NA,18.5
2013-08-14,8,4,80,20.8
2013-08-14,9,0,NA,22.5
2013-08-14,10,4,210,25.5
2013-08-14,11,6,260,26.3
2013-08-14,12,4,220,27.5
2013-08-14,13,7,290,27.9
2013-08-14,14,4,170,31.3
2013-08-14,15,7,280,31.4
2013-08-14,16,4,310,30.4
2013-08-14,17,0,NA,30.6
2013-08-14,18,0,NA,28.8
2013-08-14,19,9,80,23.1
2013-08-14,20,4,30,24.4
2013-08-14,21,6,10,23.2
2013-08-14,22,4,360,22.1
2013-08-14,23,4,40,22.3
2013-08-15,0,0,NA,20.9
2013-08-15,1,6,60,19.3
2013-08-15,2,4,30,20.3
2013-08-15,3,4,10,18.2
2013-08-15,4,0,NA,17.3
2013-08-15,5,4,30,17.7
2013-08-15,6,13,100,17.9
2013-08-15,7,7,110,19
2013-08-15,8,4,110,20.4
2013-08-15,9,4,240,22.3
2013-08-15,10,4,140,25.6
2013-08-15,11,6,200,27.2
2013-08-15,12,9,210,30.4
2013-08-15,13,15,180,30.1
2013-08-15,14,11,180,31.2
2013-08-15,15,7,230,31
2013-08-15,16,11,260,30.8
2013-08-15,17,4,240,30.9
2013-08-15,18,6,310,28.8
2013-08-15,19,0,NA,24.8
2013-08-15,20,7,50,24.2
2013-08-15,21,7,70,23
2013-08-15,22,7,70,22.7
2013-08-15,23,7,60,22.9
2013-08-16,0,6,50,21.2
2013-08-16,1,9,90,20.4
2013-08-16,2,13,80,20.4
2013-08-16,3,11,70,19.8
2013-08-16,4,11,70,19.2
2013-08-16,5,11,80,18.6
2013-08-16,6,6,80,18.4
2013-08-16,7,4,110,19.9
2013-08-16,8,4,120,22.1
2013-08-16,9,4,270,22.9
2013-08-16,10,0,NA,23.2
2013-08-16,11,0,NA,25.6
2013-08-16,12,6,300,26
2013-08-16,13,0,NA,27.4
2013-08-16,14,13,180,27.7
2013-08-16,15,17,210,26.9
2013-08-16,16,15,200,26.8
2013-08-16,17,15,200,28.8
2013-08-16,18,15,210,27.5
2013-08-16,19,9,190,25.2
2013-08-16,20,9,60,21.3
2013-08-16,21,11,80,21
2013-08-16,22,13,70,20.5
2013-08-16,23,7,70,19.9
2013-08-17,0,7,50,19.6
2013-08-17,1,6,70,18.2
2013-08-17,2,11,70,17.6
2013-08-17,3,11,70,17.1
2013-08-17,4,15,70,17.3
2013-08-17,5,15,80,16.1
2013-08-17,6,7,50,16.5
2013-08-17,7,11,90,18.3
2013-08-17,8,6,150,20.4
2013-08-17,9,0,NA,22.7
2013-08-17,10,4,250,24.9
2013-08-17,11,13,180,27.8
2013-08-17,12,13,170,28.1
2013-08-17,13,17,180,30.3
2013-08-17,14,24,320,26.8
2013-08-17,15,11,270,27.6
2013-08-17,16,4,330,28.2
2013-08-17,17,13,230,28.7
2013-08-17,18,11,210,27.5
2013-08-17,19,24,320,21.6
2013-08-17,20,26,330,21
2013-08-17,21,30,330,20.5
2013-08-17,22,11,310,18.9
2013-08-17,23,19,330,18.5
2013-08-18,0,6,350,17.5
2013-08-18,1,6,340,17
2013-08-18,2,0,NA,15.6
2013-08-18,3,0,NA,15.4
2013-08-18,4,4,60,14.8
2013-08-18,5,6,70,13.9
2013-08-18,6,6,60,15.4
2013-08-18,7,0,NA,17.5
2013-08-18,8,4,250,18.4
2013-08-18,9,0,NA,20.9
2013-08-18,10,6,210,23.5
2013-08-18,11,9,180,26.1
2013-08-18,12,11,180,27.8
2013-08-18,13,11,180,28.7
2013-08-18,14,20,190,29.1
2013-08-18,15,17,190,30.3
2013-08-18,16,19,200,29.4
2013-08-18,17,11,210,28.9
2013-08-18,18,11,210,27.5
2013-08-18,19,7,220,25
2013-08-18,20,4,90,22.4
2013-08-18,21,4,70,21.6
2013-08-18,22,9,70,19.5
2013-08-18,23,11,80,19.1
2013-08-19,0,13,80,18.9
2013-08-19,1,9,80,18.2
2013-08-19,2,11,70,17.5
2013-08-19,3,11,80,16.6
2013-08-19,4,7,70,16.1
2013-08-19,5,9,70,15.7
2013-08-19,6,9,70,16.5
2013-08-19,7,6,90,19
2013-08-19,8,4,230,21.1
2013-08-19,9,6,140,24.2
2013-08-19,10,13,170,25.8
2013-08-19,11,17,160,27.2
2013-08-19,12,19,190,26.8
2013-08-19,13,17,200,29.3
2013-08-19,14,11,200,27.4
2013-08-19,15,11,260,28.3
2013-08-19,16,15,270,28.7
2013-08-19,17,13,290,27.9
2013-08-19,18,9,280,26.2
2013-08-19,19,6,310,23.7
2013-08-19,20,0,NA,21.1
2013-08-19,21,6,10,19.9
2013-08-19,22,7,60,18.8
2013-08-19,23,0,NA,18.7
2013-08-20,0,7,60,17.3
2013-08-20,1,4,70,16.5
2013-08-20,2,6,50,15.8
2013-08-20,3,6,70,15.2
2013-08-20,4,7,60,13.9
2013-08-20,5,7,60,13.5
2013-08-20,6,7,80,13.9
2013-08-20,7,4,260,16.6
2013-08-20,8,9,300,18.4
2013-08-20,9,15,300,19.6
2013-08-20,10,11,300,21.6
2013-08-20,11,13,290,22.8
2013-08-20,12,7,290,24.4
2013-08-20,13,13,300,25.8
2013-08-20,14,13,310,25.8
2013-08-20,15,15,320,26.8
2013-08-20,16,13,290,26.5
2013-08-20,17,20,320,25.7
2013-08-20,18,17,330,24.7
2013-08-20,19,7,270,21.1
2013-08-20,20,13,320,20.8
2013-08-20,21,0,NA,18.7
2013-08-20,22,4,10,17.5
2013-08-20,23,0,NA,17.5
2013-08-21,0,0,NA,17
2013-08-21,1,4,80,15.6
2013-08-21,2,6,70,15.8
2013-08-21,3,7,60,14.7
2013-08-21,4,7,50,14.1
2013-08-21,5,6,70,13.4
2013-08-21,6,7,70,13.4
2013-08-21,7,4,230,15.8
2013-08-21,8,4,240,17.8
2013-08-21,9,9,290,19.2
2013-08-21,10,11,290,20.9
2013-08-21,11,11,300,22.5
2013-08-21,12,7,310,24.6
2013-08-21,13,7,290,25.9
2013-08-21,14,7,290,27.4
2013-08-21,15,7,280,28.6
2013-08-21,16,7,290,28.5
2013-08-21,17,9,290,26.4
2013-08-21,18,6,280,24.7
2013-08-21,19,4,340,20.9
2013-08-21,20,6,10,20
2013-08-21,21,4,20,19.4
2013-08-21,22,7,350,18.1
2013-08-21,23,6,40,17.2
2013-08-22,0,4,240,17.1
2013-08-22,1,4,110,15.8
2013-08-22,2,0,NA,16
2013-08-22,3,6,50,13.9
2013-08-22,4,6,60,14
2013-08-22,5,4,30,14.3
2013-08-22,6,4,20,15
2013-08-22,7,0,NA,15.8
2013-08-22,8,4,270,18
2013-08-22,9,0,NA,20.3
2013-08-22,10,6,280,21.5
2013-08-22,11,4,300,23.5
2013-08-22,12,6,250,24.9
2013-08-22,13,6,260,26.3
2013-08-22,14,4,290,25.4
2013-08-22,15,4,130,27.2
2013-08-22,16,0,NA,27.1
2013-08-22,17,4,340,28.2
2013-08-22,18,4,360,25.5
2013-08-22,19,6,350,23.1
2013-08-22,20,9,70,21.3
2013-08-22,21,0,NA,20.6
2013-08-22,22,4,310,20.4
2013-08-22,23,4,360,20.5
2013-08-23,0,4,130,18.7
2013-08-23,1,4,90,17
2013-08-23,2,7,70,17.4
2013-08-23,3,9,80,15.1
2013-08-23,4,9,70,17.4
2013-08-23,5,9,70,17.1
2013-08-23,6,13,100,14.1
2013-08-23,7,4,150,14.8
2013-08-23,8,0,NA,16.1
2013-08-23,9,6,340,18.4
2013-08-23,10,7,270,17.5
2013-08-23,11,9,310,16.5
2013-08-23,12,4,100,18.2
2013-08-23,13,6,300,21.8
2013-08-23,14,6,240,22.6
2013-08-23,15,0,NA,22.4
2013-08-23,16,4,120,24.3
2013-08-23,17,4,340,22.5
2013-08-23,18,7,300,21.1
2013-08-23,19,19,330,19.9
2013-08-23,20,7,330,18.5
2013-08-23,21,6,360,17
2013-08-23,22,7,330,16.7
2013-08-23,23,9,340,16.4
2013-08-24,0,7,320,15.7
2013-08-24,1,0,NA,14.5
2013-08-24,2,0,NA,14.7
2013-08-24,3,0,NA,13.8
2013-08-24,4,4,80,12.9
2013-08-24,5,0,NA,13.4
2013-08-24,6,7,80,13.4
2013-08-24,7,4,80,15.6
2013-08-24,8,0,NA,16.7
2013-08-24,9,0,NA,19.3
2013-08-24,10,6,230,20.6
2013-08-24,11,6,300,22.7
2013-08-24,12,4,220,21.1
2013-08-24,13,7,260,23.9
2013-08-24,14,6,180,25.8
2013-08-24,15,9,270,25.3
2013-08-24,16,9,300,25.1
2013-08-24,17,26,320,22.6
2013-08-24,18,20,320,21.2
2013-08-24,19,19,320,20.1
2013-08-24,20,6,350,18.5
2013-08-24,21,6,350,18.2
2013-08-24,22,4,300,16.6
2013-08-24,23,6,160,15.3
2013-08-25,0,7,140,15.5
2013-08-25,1,6,50,15.5
2013-08-25,2,4,80,15.5
2013-08-25,3,7,110,14.9
2013-08-25,4,7,100,15.1
2013-08-25,5,4,290,15.3
2013-08-25,6,4,200,14.7
2013-08-25,7,6,210,15.7
2013-08-25,8,0,NA,16.4
2013-08-25,9,6,200,17.2
2013-08-25,10,6,150,19
2013-08-25,11,11,80,22.3
2013-08-25,12,0,NA,25.5
2013-08-25,13,6,260,24.7
2013-08-25,14,6,260,25.8
2013-08-25,15,9,300,27
2013-08-25,16,19,320,25.2
2013-08-25,17,19,320,24.9
2013-08-25,18,17,300,23.4
2013-08-25,19,4,310,20.5
2013-08-25,20,0,NA,19.5
2013-08-25,21,7,340,19.3
2013-08-25,22,24,230,17.8
2013-08-25,23,9,80,15.3
2013-08-26,0,9,320,15.8
2013-08-26,1,4,340,15.5
2013-08-26,2,4,150,14.5
2013-08-26,3,13,100,13.9
2013-08-26,4,11,80,14.9
2013-08-26,5,7,110,14
2013-08-26,6,7,110,14.5
2013-08-26,7,6,160,15.7
2013-08-26,8,6,120,17.1
2013-08-26,9,0,NA,18.3
2013-08-26,10,13,150,21.4
2013-08-26,11,7,170,22.9
2013-08-26,12,7,170,23.7
2013-08-26,13,4,280,23.7
2013-08-26,14,6,270,24.9
2013-08-26,15,9,170,24
2013-08-26,16,7,170,23.4
2013-08-26,17,4,310,23.2
2013-08-26,18,9,290,21.9
2013-08-26,19,6,280,19.1
2013-08-26,20,4,30,18.1
2013-08-26,21,9,330,17
2013-08-26,22,4,360,16.1
2013-08-26,23,6,40,16
2013-08-27,0,0,NA,15.3
2013-08-27,1,4,10,14.5
2013-08-27,2,7,60,14.1
2013-08-27,3,7,40,14.1
2013-08-27,4,19,80,14
2013-08-27,5,11,80,12.9
2013-08-27,6,6,60,13.4
2013-08-27,7,0,NA,15.2
2013-08-27,8,4,260,16.7
2013-08-27,9,6,230,18.6
2013-08-27,10,0,NA,21.1
2013-08-27,11,6,250,23.6
2013-08-27,12,0,NA,25.7
2013-08-27,13,6,170,27.4
2013-08-27,14,7,160,28
2013-08-27,15,6,200,29.6
2013-08-27,16,11,300,28.6
2013-08-27,17,7,290,28.2
2013-08-27,18,6,300,25.2
2013-08-27,19,6,30,21.3
2013-08-27,20,7,70,19.5
2013-08-27,21,0,NA,18.8
2013-08-27,22,4,340,18.2
2013-08-27,23,6,320,17.9
2013-08-28,0,0,NA,16.9
2013-08-28,1,0,NA,16.2
2013-08-28,2,4,150,15.2
2013-08-28,3,4,80,14.8
2013-08-28,4,6,330,14.7
2013-08-28,5,6,70,14.3
2013-08-28,6,0,NA,14.6
2013-08-28,7,0,NA,16.1
2013-08-28,8,6,80,16.9
2013-08-28,9,4,140,19.5
2013-08-28,10,4,150,20
2013-08-28,11,4,120,22.5
2013-08-28,12,0,NA,21.2
2013-08-28,13,6,270,21.9
2013-08-28,14,13,70,21.4
2013-08-28,15,4,70,22.6
2013-08-28,16,6,240,25.8
2013-08-28,17,4,260,26
2013-08-28,18,0,NA,24.2
2013-08-28,19,6,70,20.6
2013-08-28,20,9,60,20.5
2013-08-28,21,6,60,20.1
2013-08-28,22,11,60,20.5
2013-08-28,23,0,NA,18.7
2013-08-29,0,7,50,19.1
2013-08-29,1,4,40,18
2013-08-29,2,0,NA,16.1
2013-08-29,3,4,30,16.9
2013-08-29,4,0,NA,15.9
2013-08-29,5,0,NA,15.4
2013-08-29,6,4,50,16.1
2013-08-29,7,0,NA,17.1
2013-08-29,8,0,NA,18.1
2013-08-29,9,4,180,19.1
2013-08-29,10,0,NA,21.6
2013-08-29,11,4,120,23
2013-08-29,12,6,130,23.3
2013-08-29,13,9,210,22.5
2013-08-29,14,4,300,22.7
2013-08-29,15,11,240,24.3
2013-08-29,16,15,170,26.3
2013-08-29,17,20,170,25
2013-08-29,18,19,160,24.3
2013-08-29,19,17,170,23.7
2013-08-29,20,4,260,21.5
2013-08-29,21,0,NA,19
2013-08-29,22,6,40,18.5
2013-08-29,23,4,170,17.5
2013-08-30,0,4,20,16.6
2013-08-30,1,4,130,16.2
2013-08-30,2,4,80,15.7
2013-08-30,3,7,90,15.6
2013-08-30,4,4,350,14.7
2013-08-30,5,0,NA,14.5
2013-08-30,6,7,110,13.7
2013-08-30,7,6,70,15.4
2013-08-30,8,6,110,19
2013-08-30,9,13,170,22.5
2013-08-30,10,15,160,24.4
2013-08-30,11,17,190,25.5
2013-08-30,12,20,200,26.7
2013-08-30,13,11,320,23.9
2013-08-30,14,11,250,24.8
2013-08-30,15,22,320,21.1
2013-08-30,16,11,320,20.4
2013-08-30,17,15,320,21.1
2013-08-30,18,11,320,20.2
2013-08-30,19,6,350,18.5
2013-08-30,20,4,330,17.2
2013-08-30,21,0,NA,17
2013-08-30,22,7,330,16.5
2013-08-30,23,7,350,16
2013-08-31,0,4,50,14.2
2013-08-31,1,4,20,14.2
2013-08-31,2,6,70,13.3
2013-08-31,3,4,40,13.1
2013-08-31,4,6,70,12.3
2013-08-31,5,6,70,11.8
2013-08-31,6,0,NA,12.3
2013-08-31,7,0,NA,15.2
2013-08-31,8,4,240,16
2013-08-31,9,9,310,17.5
2013-08-31,10,9,310,18.9
2013-08-31,11,4,280,21.6
2013-08-31,12,6,290,23.3
2013-08-31,13,7,270,25.2
2013-08-31,14,4,340,27.3
2013-08-31,15,7,250,27.8
2013-08-31,16,6,240,28.3
2013-08-31,17,6,270,27.8
2013-08-31,18,4,310,24.6
2013-08-31,19,6,340,20.3
2013-08-31,20,7,330,20.9
2013-08-31,21,6,340,18.4
2013-08-31,22,4,30,18.3
2013-08-31,23,4,310,16.8
2013-09-01,0,4,80,15.5
2013-09-01,1,4,10,15.1
2013-09-01,2,0,NA,15.3
2013-09-01,3,4,60,14.4
2013-09-01,4,6,60,12.9
2013-09-01,5,6,70,12.8
2013-09-01,6,0,NA,12.7
2013-09-01,7,0,NA,14.8
2013-09-01,8,4,240,16.7
2013-09-01,9,6,260,18.8
2013-09-01,10,6,270,21.2
2013-09-01,11,6,300,23.1
2013-09-01,12,6,270,25
2013-09-01,13,4,300,27.7
2013-09-01,14,6,310,28.9
2013-09-01,15,6,320,29.9
2013-09-01,16,7,300,30
2013-09-01,17,6,280,29.2
2013-09-01,18,4,280,24
2013-09-01,19,0,NA,22.3
2013-09-01,20,6,80,21.3
2013-09-01,21,4,120,19.7
2013-09-01,22,0,NA,20.4
2013-09-01,23,0,NA,19.4
2013-09-02,0,0,NA,17.7
2013-09-02,1,6,350,16.7
2013-09-02,2,4,110,16.9
2013-09-02,3,4,330,16.3
2013-09-02,4,0,NA,15.4
2013-09-02,5,0,NA,16.1
2013-09-02,6,0,NA,14.7
2013-09-02,7,0,NA,16.1
2013-09-02,8,4,110,15.3
2013-09-02,9,6,140,15.9
2013-09-02,10,4,180,17.7
2013-09-02,11,13,90,19.2
2013-09-02,12,0,NA,19.1
2013-09-02,13,7,250,21.7
2013-09-02,14,4,220,24.6
2013-09-02,15,6,180,25.8
2013-09-02,16,6,130,24.2
2013-09-02,17,4,150,23
2013-09-02,18,7,100,21.9
2013-09-02,19,0,NA,21
2013-09-02,20,0,NA,19.3
2013-09-02,21,4,90,19.5
2013-09-02,22,9,70,18
2013-09-02,23,6,70,17.9
2013-09-03,0,4,40,18.9
2013-09-03,1,0,NA,19.1
2013-09-03,2,4,50,18.2
2013-09-03,3,0,NA,16.3
2013-09-03,4,0,NA,16.1
2013-09-03,5,4,210,15.9
2013-09-03,6,7,170,15.5
2013-09-03,7,4,140,16
2013-09-03,8,4,60,17
2013-09-03,9,4,290,17.5
2013-09-03,10,0,NA,21.6
2013-09-03,11,4,100,24.2
2013-09-03,12,4,180,25.9
2013-09-03,13,6,260,25.2
2013-09-03,14,4,160,25
2013-09-03,15,6,150,28.3
2013-09-03,16,4,210,28.6
2013-09-03,17,4,250,27.3
2013-09-03,18,4,260,25
2013-09-03,19,6,120,22.7
2013-09-03,20,6,40,21.2
2013-09-03,21,6,40,21.4
2013-09-03,22,0,NA,20.7
2013-09-03,23,6,60,20.4
2013-09-04,0,4,40,20
2013-09-04,1,6,310,18.5
2013-09-04,2,0,NA,17.8
2013-09-04,3,0,NA,17.2
2013-09-04,4,0,NA,17.2
2013-09-04,5,4,80,17.3
2013-09-04,6,0,NA,16.1
2013-09-04,7,0,NA,18.8
2013-09-04,8,4,250,19.4
2013-09-04,9,0,NA,21.7
2013-09-04,10,0,NA,24.2
2013-09-04,11,4,230,26.6
2013-09-04,12,7,150,27.5
2013-09-04,13,4,190,30
2013-09-04,14,6,230,31
2013-09-04,15,6,260,31.7
2013-09-04,16,9,280,31.5
2013-09-04,17,9,300,25.1
2013-09-04,18,11,320,23.7
2013-09-04,19,11,310,22.6
2013-09-04,20,6,330,21.6
2013-09-04,21,4,280,20.1
2013-09-04,22,4,340,19.3
2013-09-04,23,7,330,20
2013-09-05,0,9,10,18.3
2013-09-05,1,9,60,18.5
2013-09-05,2,9,10,18.4
2013-09-05,3,7,340,19.8
2013-09-05,4,0,NA,17.8
2013-09-05,5,0,NA,17.3
2013-09-05,6,6,150,17.5
2013-09-05,7,7,180,17.4
2013-09-05,8,6,80,17.5
2013-09-05,9,0,NA,18.1
2013-09-05,10,4,290,18.2
2013-09-05,11,4,290,18.4
2013-09-05,12,4,180,19.2
2013-09-05,13,0,NA,19.5
2013-09-05,14,0,NA,20.1
2013-09-05,15,6,270,20.4
2013-09-05,16,9,280,21.3
2013-09-05,17,13,300,20.7
2013-09-05,18,6,300,18.3
2013-09-05,19,4,30,17.8
2013-09-05,20,4,330,17.8
2013-09-05,21,7,320,17.8
2013-09-05,22,6,280,17.1
2013-09-05,23,0,NA,16.8
2013-09-06,0,0,NA,16.9
2013-09-06,1,6,90,16.4
2013-09-06,2,0,NA,16.4
2013-09-06,3,6,150,16.3
2013-09-06,4,6,120,16.4
2013-09-06,5,4,120,16.5
2013-09-06,6,6,100,16.3
2013-09-06,7,0,NA,17.2
2013-09-06,8,0,NA,17.9
2013-09-06,9,4,300,17.8
2013-09-06,10,4,50,17.8
2013-09-06,11,15,190,18.2
2013-09-06,12,20,160,17.4
2013-09-06,13,7,70,17.8
2013-09-06,14,7,150,20.4
2013-09-06,15,7,200,22
2013-09-06,16,15,280,18.9
2013-09-06,17,6,280,18.5
2013-09-06,18,4,260,17.3
2013-09-06,19,6,70,16.6
2013-09-06,20,4,90,16.6
2013-09-06,21,0,NA,15.9
2013-09-06,22,6,70,15.3
2013-09-06,23,0,NA,14.9
2013-09-07,0,4,70,14.8
2013-09-07,1,0,NA,14.5
2013-09-07,2,4,80,14.2
2013-09-07,3,4,220,13.9
2013-09-07,4,0,NA,13.9
2013-09-07,5,0,NA,13.8
2013-09-07,6,0,NA,13.8
2013-09-07,7,0,NA,14.5
2013-09-07,8,0,NA,15.5
2013-09-07,9,6,300,16.1
2013-09-07,10,7,310,17.4
2013-09-07,11,11,300,18.5
2013-09-07,12,13,310,18
2013-09-07,13,13,320,19.2
2013-09-07,14,13,300,18.2
2013-09-07,15,11,320,18.7
2013-09-07,16,9,310,17.9
2013-09-07,17,15,320,17
2013-09-07,18,13,330,16.5
2013-09-07,19,11,300,15.9
2013-09-07,20,9,320,15.3
2013-09-07,21,4,280,15
2013-09-07,22,0,NA,15.2
2013-09-07,23,0,NA,14.4
2013-09-08,0,0,NA,14.1
2013-09-08,1,0,NA,13.8
2013-09-08,2,0,NA,13.4
2013-09-08,3,9,320,14.1
2013-09-08,4,4,30,13.5
2013-09-08,5,4,300,13.2
2013-09-08,6,0,NA,13.3
2013-09-08,7,0,NA,13.7
2013-09-08,8,0,NA,14.9
2013-09-08,9,0,NA,15.6
2013-09-08,10,4,90,17.9
2013-09-08,11,6,320,17.7
2013-09-08,12,4,280,19.5
2013-09-08,13,0,NA,20.3
2013-09-08,14,6,260,19.6
2013-09-08,15,7,300,18.7
2013-09-08,16,6,340,19.3
2013-09-08,17,9,310,18.2
2013-09-08,18,4,270,17.2
2013-09-08,19,4,220,16.4
2013-09-08,20,4,70,15.1
2013-09-08,21,0,NA,15
2013-09-08,22,6,60,14.6
2013-09-08,23,7,70,13.9
2013-09-09,0,4,50,13.2
2013-09-09,1,6,50,13.1
2013-09-09,2,6,50,13.1
2013-09-09,3,6,60,12.8
2013-09-09,4,0,NA,13.4
2013-09-09,5,0,NA,13.1
2013-09-09,6,0,NA,13.3
2013-09-09,7,0,NA,13.5
2013-09-09,8,0,NA,14.4
2013-09-09,9,0,NA,14.9
2013-09-09,10,4,280,17.8
2013-09-09,11,6,220,19.7
2013-09-09,12,4,290,20.8
2013-09-09,13,4,90,22.6
2013-09-09,14,9,330,21.1
2013-09-09,15,7,280,24
2013-09-09,16,9,290,24.4
2013-09-09,17,7,300,21.8
2013-09-09,18,4,280,18.9
2013-09-09,19,0,NA,18
2013-09-09,20,0,NA,18.3
2013-09-09,21,0,NA,17.3
2013-09-09,22,0,NA,16.3
2013-09-09,23,0,NA,16.4
2013-09-10,0,0,NA,15.4
2013-09-10,1,0,NA,15.1
2013-09-10,2,0,NA,15
2013-09-10,3,4,10,13.7
2013-09-10,4,0,NA,14.1
2013-09-10,5,6,60,13.6
2013-09-10,6,0,NA,13.8
2013-09-10,7,0,NA,16.7
2013-09-10,8,0,NA,17.1
2013-09-10,9,11,310,18.5
2013-09-10,10,15,300,19.6
2013-09-10,11,11,300,22
2013-09-10,12,11,300,22.2
2013-09-10,13,11,310,24.6
2013-09-10,14,15,290,25.8
2013-09-10,15,13,290,26.2
2013-09-10,16,11,290,26.3
2013-09-10,17,7,290,24.8
2013-09-10,18,9,300,21.5
2013-09-10,19,4,360,20.2
2013-09-10,20,6,20,19.9
2013-09-10,21,6,70,18.9
2013-09-10,22,4,320,17.4
2013-09-10,23,6,340,16.8
2013-09-11,0,0,NA,16.9
2013-09-11,1,6,80,16.4
2013-09-11,2,0,NA,15.9
2013-09-11,3,0,NA,15.6
2013-09-11,4,0,NA,14.8
2013-09-11,5,6,50,14.4
2013-09-11,6,0,NA,14.8
2013-09-11,7,0,NA,16.8
2013-09-11,8,4,260,18.3
2013-09-11,9,7,300,19.6
2013-09-11,10,7,300,21.8
2013-09-11,11,9,280,23.8
2013-09-11,12,7,300,25.1
2013-09-11,13,9,300,26.8
2013-09-11,14,6,300,28.3
2013-09-11,15,6,300,29
2013-09-11,16,6,300,28.6
2013-09-11,17,6,310,26.8
2013-09-11,18,4,320,23.6
2013-09-11,19,6,330,22.8
2013-09-11,20,6,310,21.9
2013-09-11,21,6,10,20.2
2013-09-11,22,9,350,21
2013-09-11,23,7,330,19.9
2013-09-12,0,4,290,18.5
2013-09-12,1,0,NA,17.5
2013-09-12,2,4,40,18.3
2013-09-12,3,4,350,17.5
2013-09-12,4,0,NA,16
2013-09-12,5,4,340,16
2013-09-12,6,0,NA,15.8
2013-09-12,7,0,NA,18.3
2013-09-12,8,0,NA,19.5
2013-09-12,9,7,300,20.4
2013-09-12,10,7,290,23.3
2013-09-12,11,9,320,24.3
2013-09-12,12,7,300,26.3
2013-09-12,13,7,300,28.5
2013-09-12,14,9,290,29.5
2013-09-12,15,4,300,30.5
2013-09-12,16,6,300,29.5
2013-09-12,17,7,290,27.3
2013-09-12,18,4,300,23.1
2013-09-12,19,6,360,23.4
2013-09-12,20,6,310,20.4
2013-09-12,21,7,320,21.5
2013-09-12,22,0,NA,20.2
2013-09-12,23,9,340,19.7
2013-09-13,0,0,NA,18.6
2013-09-13,1,4,20,16.9
2013-09-13,2,0,NA,17.5
2013-09-13,3,0,NA,16.5
2013-09-13,4,0,NA,16.3
2013-09-13,5,0,NA,15.7
2013-09-13,6,0,NA,14.8
2013-09-13,7,0,NA,17.5
2013-09-13,8,0,NA,18.6
2013-09-13,9,7,310,20.3
2013-09-13,10,13,310,21.8
2013-09-13,11,7,320,23.9
2013-09-13,12,13,300,25.6
2013-09-13,13,11,290,27.1
2013-09-13,14,7,300,28.3
2013-09-13,15,7,290,29
2013-09-13,16,7,290,28.9
2013-09-13,17,7,300,28
2013-09-13,18,4,310,24.1
2013-09-13,19,6,60,22.5
2013-09-13,20,6,320,22
2013-09-13,21,4,10,21.7
2013-09-13,22,0,NA,19.2
2013-09-13,23,0,NA,19.8
2013-09-14,0,6,360,19.4
2013-09-14,1,6,20,19.7
2013-09-14,2,0,NA,17.5
2013-09-14,3,4,90,18
2013-09-14,4,4,50,16.9
2013-09-14,5,0,NA,16.1
2013-09-14,6,0,NA,16.3
2013-09-14,7,0,NA,17.9
2013-09-14,8,4,230,19.2
2013-09-14,9,4,240,21.3
2013-09-14,10,0,NA,24.1
2013-09-14,11,4,240,26.6
2013-09-14,12,6,240,29
2013-09-14,13,6,250,31.1
2013-09-14,14,6,280,32.2
2013-09-14,15,6,260,32.2
2013-09-14,16,6,300,31
2013-09-14,17,4,270,29.1
2013-09-14,18,4,10,25.7
2013-09-14,19,6,20,24.6
2013-09-14,20,4,10,24.1
2013-09-14,21,6,40,22.6
2013-09-14,22,4,360,21.5
2013-09-14,23,4,340,21.4
2013-09-15,0,0,NA,20.2
2013-09-15,1,6,310,19.1
2013-09-15,2,4,360,17.4
2013-09-15,3,4,120,18.5
2013-09-15,4,4,110,17.9
2013-09-15,5,0,NA,16.8
2013-09-15,6,6,320,16
2013-09-15,7,6,120,16.9
2013-09-15,8,4,240,19.6
2013-09-15,9,0,NA,22.4
2013-09-15,10,4,240,23.8
2013-09-15,11,6,290,26.1
2013-09-15,12,6,300,27.7
2013-09-15,13,6,300,30
2013-09-15,14,6,310,29.9
2013-09-15,15,0,NA,31.5
2013-09-15,16,4,290,29.4
2013-09-15,17,6,70,27.8
2013-09-15,18,4,20,25.8
2013-09-15,19,6,360,25
2013-09-15,20,7,330,23.3
2013-09-15,21,6,340,22.1
2013-09-15,22,4,360,21
2013-09-15,23,0,NA,20.6
2013-09-16,0,11,140,18.6
2013-09-16,1,17,60,16.9
2013-09-16,2,4,360,17
2013-09-16,3,11,70,16.6
2013-09-16,4,6,60,16.1
2013-09-16,5,13,80,16
2013-09-16,6,9,70,16.3
2013-09-16,7,6,120,16.2
2013-09-16,8,6,100,17.9
2013-09-16,9,4,90,18.3
2013-09-16,10,6,110,19.8
2013-09-16,11,13,200,18.9
2013-09-16,12,7,120,18.4
2013-09-16,13,13,160,20.8
2013-09-16,14,17,170,20.6
2013-09-16,15,22,170,19.9
2013-09-16,16,19,170,20.2
2013-09-16,17,20,160,18.6
2013-09-16,18,17,160,17.8
2013-09-16,19,7,320,17
2013-09-16,20,19,310,16.3
2013-09-16,21,4,270,14.7
2013-09-16,22,7,300,14.9
2013-09-16,23,4,170,13.5
2013-09-17,0,6,80,13
2013-09-17,1,6,40,12.7
2013-09-17,2,4,30,12.3
2013-09-17,3,4,60,12.5
2013-09-17,4,6,290,11.8
2013-09-17,5,6,90,11.7
2013-09-17,6,4,80,11.5
2013-09-17,7,0,NA,12.1
2013-09-17,8,0,NA,14
2013-09-17,9,4,280,16.2
2013-09-17,10,4,270,17.7
2013-09-17,11,6,250,18.7
2013-09-17,12,7,300,19.3
2013-09-17,13,6,270,20.9
2013-09-17,14,17,300,20.3
2013-09-17,15,17,310,19.5
2013-09-17,16,13,320,18.8
2013-09-17,17,15,320,18.2
2013-09-17,18,11,330,17.2
2013-09-17,19,6,350,17.1
2013-09-17,20,6,290,16.3
2013-09-17,21,4,20,16
2013-09-17,22,0,NA,14.1
2013-09-17,23,6,140,13.3
2013-09-18,0,0,NA,12.6
2013-09-18,1,4,220,12.5
2013-09-18,2,7,190,12.3
2013-09-18,3,4,210,11.8
2013-09-18,4,4,160,11.7
2013-09-18,5,0,NA,11.5
2013-09-18,6,4,140,11.5
2013-09-18,7,6,110,11.5
2013-09-18,8,4,100,11.7
2013-09-18,9,19,50,9.8
2013-09-18,10,9,30,10.3
2013-09-18,11,6,260,11.3
2013-09-18,12,6,270,12
2013-09-18,13,4,170,12.3
2013-09-18,14,4,140,12.5
2013-09-18,15,4,240,12.8
2013-09-18,16,0,NA,13.1
2013-09-18,17,4,170,12.3
2013-09-18,18,0,NA,11.3
2013-09-18,19,4,60,9.8
2013-09-18,20,6,80,9.9
2013-09-18,21,0,NA,9.6
2013-09-18,22,0,NA,10
2013-09-18,23,0,NA,9.9
2013-09-19,0,0,NA,9.9
2013-09-19,1,0,NA,9.7
2013-09-19,2,0,NA,9.7
2013-09-19,3,0,NA,9.8
2013-09-19,4,0,NA,9.7
2013-09-19,5,0,NA,9.8
2013-09-19,6,0,NA,9.7
2013-09-19,7,0,NA,10.2
2013-09-19,8,6,160,11.1
2013-09-19,9,6,160,12.1
2013-09-19,10,6,180,13.3
2013-09-19,11,7,160,15.1
2013-09-19,12,6,150,16.7
2013-09-19,13,9,150,17.2
2013-09-19,14,9,230,18.2
2013-09-19,15,7,260,19
2013-09-19,16,7,240,19.1
2013-09-19,17,4,260,17.7
2013-09-19,18,0,NA,14.4
2013-09-19,19,7,70,12.4
2013-09-19,20,6,50,12.8
2013-09-19,21,4,10,11.9
2013-09-19,22,4,10,11.3
2013-09-19,23,6,330,10.8
2013-09-20,0,4,300,9.9
2013-09-20,1,0,NA,9.3
2013-09-20,2,0,NA,9.3
2013-09-20,3,4,330,7.7
2013-09-20,4,0,NA,7.7
2013-09-20,5,0,NA,7.5
2013-09-20,6,6,20,7.7
2013-09-20,7,0,NA,8
2013-09-20,8,0,NA,10.4
2013-09-20,9,4,240,12.4
2013-09-20,10,4,220,14.3
2013-09-20,11,6,210,15.8
2013-09-20,12,6,210,18
2013-09-20,13,4,40,19
2013-09-20,14,6,250,21
2013-09-20,15,0,NA,21.4
2013-09-20,16,4,270,22.5
2013-09-20,17,4,250,20.1
2013-09-20,18,9,60,15.6
2013-09-20,19,6,40,15.9
2013-09-20,20,6,350,14.7
2013-09-20,21,6,360,14.7
2013-09-20,22,4,330,13.4
2013-09-20,23,0,NA,13.3
2013-09-21,0,6,320,12.2
2013-09-21,1,4,50,12.2
2013-09-21,2,6,40,11.9
2013-09-21,3,6,50,11.3
2013-09-21,4,6,60,11
2013-09-21,5,7,110,10.2
2013-09-21,6,7,200,9.8
2013-09-21,7,6,120,10.9
2013-09-21,8,4,220,12.1
2013-09-21,9,0,NA,13.7
2013-09-21,10,4,310,13.9
2013-09-21,11,4,260,18
2013-09-21,12,4,200,18
2013-09-21,13,9,220,17.9
2013-09-21,14,9,190,18.4
2013-09-21,15,11,230,18.4
2013-09-21,16,11,210,19.7
2013-09-21,17,9,170,16.9
2013-09-21,18,9,150,15.7
2013-09-21,19,7,160,15.4
2013-09-21,20,6,300,13.1
2013-09-21,21,17,320,12.8
2013-09-21,22,22,330,12.3
2013-09-21,23,4,10,11.5
2013-09-22,0,6,60,10.2
2013-09-22,1,6,90,9.4
2013-09-22,2,6,90,9.2
2013-09-22,3,6,100,9
2013-09-22,4,6,70,9.4
2013-09-22,5,7,70,9.9
2013-09-22,6,4,240,8.8
2013-09-22,7,9,90,9.4
2013-09-22,8,0,NA,9.7
2013-09-22,9,0,NA,10.6
2013-09-22,10,7,150,12.5
2013-09-22,11,17,150,14.9
2013-09-22,12,17,160,14.2
2013-09-22,13,11,170,13.6
2013-09-22,14,11,170,14.4
2013-09-22,15,15,170,13.7
2013-09-22,16,11,170,13
2013-09-22,17,13,160,13.2
2013-09-22,18,15,160,11.7
2013-09-22,19,9,120,11.9
2013-09-22,20,4,170,11.8
2013-09-22,21,19,160,11.9
2013-09-22,22,19,160,11.5
2013-09-22,23,13,170,10.9
2013-09-23,0,0,NA,9.5
2013-09-23,1,0,NA,9.2
2013-09-23,2,0,NA,9
2013-09-23,3,0,NA,9
2013-09-23,4,0,NA,9.7
2013-09-23,5,4,250,9.1
2013-09-23,6,6,170,9.7
2013-09-23,7,15,150,10.6
2013-09-23,8,19,170,10.4
2013-09-23,9,19,170,11.3
2013-09-23,10,19,170,12.3
2013-09-23,11,13,180,13.2
2013-09-23,12,15,180,13.1
2013-09-23,13,13,150,14.1
2013-09-23,14,11,210,14.6
2013-09-23,15,13,180,15.3
2013-09-23,16,13,170,12.3
2013-09-23,17,7,160,12.5
2013-09-23,18,9,150,12.5
2013-09-23,19,17,150,11.9
2013-09-23,20,11,150,11.8
2013-09-23,21,13,160,11.9
2013-09-23,22,7,120,11.5
2013-09-23,23,4,130,11
2013-09-24,0,4,20,10
2013-09-24,1,6,10,9.5
2013-09-24,2,7,320,9.1
2013-09-24,3,17,320,9.2
2013-09-24,4,4,10,8.5
2013-09-24,5,4,60,8.3
2013-09-24,6,4,80,8.5
2013-09-24,7,4,80,9
2013-09-24,8,0,NA,9.7
2013-09-24,9,7,270,9.9
2013-09-24,10,6,300,11
2013-09-24,11,7,250,11.4
2013-09-24,12,13,310,10.5
2013-09-24,13,11,310,10.5
2013-09-24,14,17,320,10
2013-09-24,15,7,320,10.1
2013-09-24,16,11,300,9.9
2013-09-24,17,7,310,9.4
2013-09-24,18,4,270,8.8
2013-09-24,19,4,80,8.2
2013-09-24,20,6,70,8.1
2013-09-24,21,6,90,8.2
2013-09-24,22,0,NA,8.1
2013-09-24,23,4,100,8
2013-09-25,0,0,NA,8
2013-09-25,1,0,NA,8.1
2013-09-25,2,0,NA,8.1
2013-09-25,3,0,NA,7.9
2013-09-25,4,0,NA,8
2013-09-25,5,6,280,7.9
2013-09-25,6,7,310,8
2013-09-25,7,13,330,7.9
2013-09-25,8,17,330,8.1
2013-09-25,9,17,340,7.8
2013-09-25,10,19,340,7.8
2013-09-25,11,15,320,8
2013-09-25,12,15,320,8
2013-09-25,13,11,320,8.4
2013-09-25,14,6,290,8.6
2013-09-25,15,0,NA,8.6
2013-09-25,16,4,320,8.8
2013-09-25,17,0,NA,8.6
2013-09-25,18,0,NA,8.4
2013-09-25,19,4,40,8.1
2013-09-25,20,4,70,7
2013-09-25,21,7,80,6.8
2013-09-25,22,7,70,7
2013-09-25,23,4,10,6.8
2013-09-26,0,4,30,6.8
2013-09-26,1,6,40,6.4
2013-09-26,2,7,50,6.2
2013-09-26,3,4,50,6.2
2013-09-26,4,6,50,6.2
2013-09-26,5,6,70,5.9
2013-09-26,6,4,70,6
2013-09-26,7,0,NA,8.2
2013-09-26,8,4,260,9.3
2013-09-26,9,4,240,10.9
2013-09-26,10,9,300,12.3
2013-09-26,11,13,300,12
2013-09-26,12,7,310,12.7
2013-09-26,13,6,290,14.4
2013-09-26,14,6,340,13.4
2013-09-26,15,6,340,13.8
2013-09-26,16,6,310,12.6
2013-09-26,17,0,NA,11.5
2013-09-26,18,7,70,10.1
2013-09-26,19,6,70,9.5
2013-09-26,20,6,60,8.6
2013-09-26,21,7,60,7.1
2013-09-26,22,6,60,7.1
2013-09-26,23,6,90,7.2
2013-09-27,0,6,70,6.5
2013-09-27,1,7,70,5.3
2013-09-27,2,7,70,5
2013-09-27,3,9,70,4.7
2013-09-27,4,7,90,4.7
2013-09-27,5,7,80,4.5
2013-09-27,6,6,110,4.5
2013-09-27,7,0,NA,5.6
2013-09-27,8,4,70,7.5
2013-09-27,9,0,NA,7.4
2013-09-27,10,4,130,8.6
2013-09-27,11,6,110,9.9
2013-09-27,12,7,280,10
2013-09-27,13,4,350,9.7
2013-09-27,14,7,130,10.2
2013-09-27,15,4,140,11.1
2013-09-27,16,11,180,10.8
2013-09-27,17,11,160,10.3
2013-09-27,18,11,150,9.9
2013-09-27,19,15,150,9.6
2013-09-27,20,13,170,9.6
2013-09-27,21,7,180,9
2013-09-27,22,11,160,9
2013-09-27,23,13,180,8.6
2013-09-28,0,4,150,8.5
2013-09-28,1,0,NA,8
2013-09-28,2,4,150,8
2013-09-28,3,0,NA,7.5
2013-09-28,4,0,NA,7.3
2013-09-28,5,0,NA,7.4
2013-09-28,6,0,NA,7.2
2013-09-28,7,0,NA,7.4
2013-09-28,8,4,330,7.9
2013-09-28,9,0,NA,8.3
2013-09-28,10,4,320,8.9
2013-09-28,11,4,320,9.3
2013-09-28,12,6,310,9.6
2013-09-28,13,6,310,9.4
2013-09-28,14,4,330,9.7
2013-09-28,15,6,140,10.2
2013-09-28,16,9,160,11.7
2013-09-28,17,17,130,12
2013-09-28,18,20,130,12.1
2013-09-28,19,30,150,12.7
2013-09-28,20,30,150,13.1
2013-09-28,21,26,150,13.3
2013-09-28,22,24,150,12.7
2013-09-28,23,24,150,12.3
2013-09-29,0,22,150,12.1
2013-09-29,1,24,160,11.9
2013-09-29,2,11,140,12.2
2013-09-29,3,19,170,10.9
2013-09-29,4,22,170,10.7
2013-09-29,5,15,160,10.3
2013-09-29,6,17,170,10
2013-09-29,7,17,160,9.4
2013-09-29,8,19,150,9.1
2013-09-29,9,15,140,8.5
2013-09-29,10,15,160,9.7
2013-09-29,11,19,160,10.2
2013-09-29,12,15,160,10.4
2013-09-29,13,9,160,10.4
2013-09-29,14,15,160,10.1
2013-09-29,15,11,170,10.2
2013-09-29,16,17,180,9.8
2013-09-29,17,17,180,9.4
2013-09-29,18,17,170,9.3
2013-09-29,19,13,180,9
2013-09-29,20,11,190,8.7
2013-09-29,21,6,200,8.7
2013-09-29,22,13,140,9.7
2013-09-29,23,11,140,9.9
2013-09-30,0,11,160,8.7
2013-09-30,1,19,160,8.3
2013-09-30,2,7,120,7.9
2013-09-30,3,13,320,7.1
2013-09-30,4,6,90,8
2013-09-30,5,6,200,8.7
2013-09-30,6,15,200,9
2013-09-30,7,17,130,9
2013-09-30,8,11,160,9.7
2013-09-30,9,17,200,9.8
2013-09-30,10,13,130,8.2
2013-09-30,11,15,140,9.7
2013-09-30,12,9,130,10.3
2013-09-30,13,9,130,10.2
2013-09-30,14,11,160,10
2013-09-30,15,9,160,10.7
2013-09-30,16,7,170,10.3
2013-09-30,17,9,160,9.7
2013-09-30,18,13,130,8.2
2013-09-30,19,4,210,8.1
2013-09-30,20,4,190,7.3
2013-09-30,21,4,140,7.7
2013-09-30,22,9,130,7.2
2013-09-30,23,6,150,7.1
2014-05-01,0,7,50,10.7
2014-05-01,1,0,NA,9.8
2014-05-01,2,0,NA,9.1
2014-05-01,3,3,70,8.3
2014-05-01,4,4,80,8
2014-05-01,5,3,40,6.8
2014-05-01,6,0,NA,9.5
2014-05-01,7,3,250,9.6
2014-05-01,8,0,NA,12.1
2014-05-01,9,6,240,13.6
2014-05-01,10,NA,NA,NA
2014-05-01,11,NA,NA,NA
2014-05-01,12,NA,NA,NA
2014-05-01,13,6,290,21
2014-05-01,14,6,290,22.2
2014-05-01,15,7,300,23.4
2014-05-01,16,10,290,24
2014-05-01,17,7,310,22.1
2014-05-01,18,4,280,19.7
2014-05-01,19,4,360,18.7
2014-05-01,20,4,70,16.6
2014-05-01,21,4,330,16.4
2014-05-01,22,0,NA,15.5
2014-05-01,23,5,30,13.9
2014-05-02,0,0,NA,13.7
2014-05-02,1,3,140,11.8
2014-05-02,2,0,NA,11.2
2014-05-02,3,3,70,10.5
2014-05-02,4,0,NA,10
2014-05-02,5,0,NA,10.3
2014-05-02,6,4,60,10.8
2014-05-02,7,0,NA,11.1
2014-05-02,8,5,260,12.8
2014-05-02,9,0,NA,14.9
2014-05-02,10,5,250,16.9
2014-05-02,11,3,270,19.2
2014-05-02,12,3,250,21.2
2014-05-02,13,3,210,23.3
2014-05-02,14,3,260,23.5
2014-05-02,15,13,250,25.2
2014-05-02,16,10,230,25.6
2014-05-02,17,13,210,23.9
2014-05-02,18,12,160,22.6
2014-05-02,19,4,220,20.6
2014-05-02,20,4,280,18.2
2014-05-02,21,9,100,18.4
2014-05-02,22,6,50,14.9
2014-05-02,23,4,210,14.3
2014-05-03,0,0,NA,12.9
2014-05-03,1,3,280,11.6
2014-05-03,2,5,210,11.3
2014-05-03,3,3,220,9.5
2014-05-03,4,4,280,9.8
2014-05-03,5,9,350,11
2014-05-03,6,22,80,11.2
2014-05-03,7,22,70,11.4
2014-05-03,8,23,50,11.8
2014-05-03,9,23,50,12.1
2014-05-03,10,22,50,11.9
2014-05-03,11,22,60,10.9
2014-05-03,12,20,70,11.4
2014-05-03,13,11,130,13.5
2014-05-03,14,21,220,16.8
2014-05-03,15,18,210,17.7
2014-05-03,16,16,230,15.7
2014-05-03,17,35,330,10.6
2014-05-03,18,27,330,10.4
2014-05-03,19,24,320,9.1
2014-05-03,20,20,330,8.7
2014-05-03,21,16,330,8.2
2014-05-03,22,11,330,8.4
2014-05-03,23,10,330,7.4
2014-05-04,0,11,310,6.8
2014-05-04,1,12,340,7.1
2014-05-04,2,0,NA,6.7
2014-05-04,3,4,150,6
2014-05-04,4,4,100,5.8
2014-05-04,5,8,80,5.9
2014-05-04,6,7,90,6.4
2014-05-04,7,6,120,6.2
2014-05-04,8,10,100,7
2014-05-04,9,9,80,8.2
2014-05-04,10,10,140,9.5
2014-05-04,11,14,180,10.6
2014-05-04,12,11,160,12.4
2014-05-04,13,16,150,12.1
2014-05-04,14,16,310,8.2
2014-05-04,15,5,30,6.7
2014-05-04,16,17,70,8.3
2014-05-04,17,4,30,7.8
2014-05-04,18,13,90,8
2014-05-04,19,4,30,6.5
2014-05-04,20,3,10,6.5
2014-05-04,21,7,10,5.9
2014-05-04,22,4,230,5.9
2014-05-04,23,8,100,5.6
2014-05-05,0,9,90,5.5
2014-05-05,1,4,60,5.8
2014-05-05,2,9,80,5.9
2014-05-05,3,6,70,5.6
2014-05-05,4,8,110,6
2014-05-05,5,8,80,5.9
2014-05-05,6,9,80,6
2014-05-05,7,0,NA,6.4
2014-05-05,8,11,90,6.7
2014-05-05,9,12,100,8.3
2014-05-05,10,16,170,10.2
2014-05-05,11,10,220,10.6
2014-05-05,12,20,330,8.8
2014-05-05,13,6,140,11.6
2014-05-05,14,8,180,14.7
2014-05-05,15,5,220,14.5
2014-05-05,16,17,150,13.7
2014-05-05,17,21,180,11.4
2014-05-05,18,5,140,11.1
2014-05-05,19,0,NA,9.8
2014-05-05,20,4,360,7.9
2014-05-05,21,8,70,6.4
2014-05-05,22,6,60,6.4
2014-05-05,23,5,80,5.5
2014-05-06,0,4,20,5.3
2014-05-06,1,4,60,4.6
2014-05-06,2,9,60,4.1
2014-05-06,3,5,70,4.1
2014-05-06,4,5,40,4
2014-05-06,5,3,30,4.1
2014-05-06,6,0,NA,5.2
2014-05-06,7,0,NA,6.6
2014-05-06,8,3,260,8.8
2014-05-06,9,6,310,9.7
2014-05-06,10,11,270,11.1
2014-05-06,11,8,270,12.4
2014-05-06,12,12,300,13.4
2014-05-06,13,11,300,15.2
2014-05-06,14,5,270,14.9
2014-05-06,15,29,330,12.6
2014-05-06,16,17,310,12.3
2014-05-06,17,13,260,12.5
2014-05-06,18,6,280,10.3
2014-05-06,19,0,NA,9.1
2014-05-06,20,4,30,7.4
2014-05-06,21,5,30,7.7
2014-05-06,22,14,40,8.4
2014-05-06,23,12,30,7.7
2014-05-07,0,15,50,7.8
2014-05-07,1,15,40,7.1
2014-05-07,2,15,40,6.6
2014-05-07,3,9,30,6.1
2014-05-07,4,7,60,5.5
2014-05-07,5,7,40,4.9
2014-05-07,6,9,40,6.1
2014-05-07,7,8,60,7.5
2014-05-07,8,8,110,8.4
2014-05-07,9,4,240,10
2014-05-07,10,5,100,11.5
2014-05-07,11,6,160,12.4
2014-05-07,12,9,290,14.4
2014-05-07,13,8,220,15.3
2014-05-07,14,9,260,16
2014-05-07,15,8,230,16.8
2014-05-07,16,4,250,17.2
2014-05-07,17,5,290,15.9
2014-05-07,18,5,270,15.7
2014-05-07,19,4,310,12.4
2014-05-07,20,7,50,10
2014-05-07,21,9,70,8.7
2014-05-07,22,4,360,8.9
2014-05-07,23,0,NA,7.7
2014-05-08,0,5,20,7.3
2014-05-08,1,0,NA,6.6
2014-05-08,2,4,40,5.3
2014-05-08,3,7,70,4.4
2014-05-08,4,7,70,4.1
2014-05-08,5,3,40,3.6
2014-05-08,6,0,NA,6
2014-05-08,7,5,150,5.8
2014-05-08,8,4,100,9.2
2014-05-08,9,4,250,10.9
2014-05-08,10,6,220,12.3
2014-05-08,11,7,280,14.2
2014-05-08,12,4,240,14.2
2014-05-08,13,5,280,15.1
2014-05-08,14,4,250,16.4
2014-05-08,15,5,180,16.3
2014-05-08,16,3,350,16.4
2014-05-08,17,3,170,17.3
2014-05-08,18,5,290,15.7
2014-05-08,19,6,60,13.3
2014-05-08,20,6,40,11.6
2014-05-08,21,7,60,12.3
2014-05-08,22,5,100,11.5
2014-05-08,23,4,20,11.3
2014-05-09,0,13,70,10.5
2014-05-09,1,11,70,10.3
2014-05-09,2,5,90,9.7
2014-05-09,3,8,70,9
2014-05-09,4,5,70,8.5
2014-05-09,5,9,60,8.6
2014-05-09,6,8,60,8.5
2014-05-09,7,0,NA,8.2
2014-05-09,8,4,80,8.5
2014-05-09,9,6,140,8.4
2014-05-09,10,11,140,8.4
2014-05-09,11,15,150,8.6
2014-05-09,12,16,160,9.9
2014-05-09,13,13,150,11.3
2014-05-09,14,15,170,11.9
2014-05-09,15,12,210,14.6
2014-05-09,16,19,170,13
2014-05-09,17,13,210,11.7
2014-05-09,18,13,80,8.3
2014-05-09,19,11,140,8.6
2014-05-09,20,6,90,6.7
2014-05-09,21,8,90,7.3
2014-05-09,22,4,210,6
2014-05-09,23,14,70,6.1
2014-05-10,0,6,80,5.8
2014-05-10,1,4,80,5.9
2014-05-10,2,5,60,5.4
2014-05-10,3,6,60,5.1
2014-05-10,4,4,50,4.6
2014-05-10,5,0,NA,4.8
2014-05-10,6,4,70,5.5
2014-05-10,7,3,280,6.9
2014-05-10,8,3,270,8.5
2014-05-10,9,8,110,10.3
2014-05-10,10,3,170,11.8
2014-05-10,11,9,220,11.9
2014-05-10,12,3,190,13.5
2014-05-10,13,10,230,13.8
2014-05-10,14,10,260,12.5
2014-05-10,15,10,280,12.4
2014-05-10,16,5,30,12.5
2014-05-10,17,6,220,11.8
2014-05-10,18,8,320,10.9
2014-05-10,19,9,300,10.1
2014-05-10,20,15,320,9.4
2014-05-10,21,9,300,8.5
2014-05-10,22,5,360,7
2014-05-10,23,19,60,6.8
2014-05-11,0,7,20,6.6
2014-05-11,1,4,20,6.6
2014-05-11,2,9,30,6.7
2014-05-11,3,5,70,4.9
2014-05-11,4,9,70,4.1
2014-05-11,5,6,70,4.2
2014-05-11,6,4,10,5.9
2014-05-11,7,0,NA,7.4
2014-05-11,8,7,270,8.8
2014-05-11,9,6,250,10.2
2014-05-11,10,8,290,11.5
2014-05-11,11,6,280,11.9
2014-05-11,12,11,310,13.2
2014-05-11,13,13,280,14.1
2014-05-11,14,7,180,14.7
2014-05-11,15,8,260,15.9
2014-05-11,16,5,210,15.4
2014-05-11,17,4,110,15.6
2014-05-11,18,9,50,14.8
2014-05-11,19,4,160,12.9
2014-05-11,20,9,60,9
2014-05-11,21,6,40,9.2
2014-05-11,22,6,40,8.2
2014-05-11,23,10,60,7.4
2014-05-12,0,10,60,6.5
2014-05-12,1,8,50,6.6
2014-05-12,2,5,40,5
2014-05-12,3,7,50,4.5
2014-05-12,4,7,60,3.7
2014-05-12,5,8,60,3.7
2014-05-12,6,7,50,5.4
2014-05-12,7,7,90,6.5
2014-05-12,8,6,120,8.3
2014-05-12,9,4,240,10.7
2014-05-12,10,5,200,12.1
2014-05-12,11,3,250,14.4
2014-05-12,12,5,220,16
2014-05-12,13,3,300,18
2014-05-12,14,5,270,18.9
2014-05-12,15,8,310,19.2
2014-05-12,16,5,220,19.9
2014-05-12,17,8,290,18.3
2014-05-12,18,4,280,18
2014-05-12,19,0,NA,15.1
2014-05-12,20,6,50,12.3
2014-05-12,21,10,60,11.3
2014-05-12,22,8,40,11
2014-05-12,23,6,40,10.5
2014-05-13,0,4,10,9.5
2014-05-13,1,5,50,8.3
2014-05-13,2,7,50,7.5
2014-05-13,3,4,60,7
2014-05-13,4,8,60,6
2014-05-13,5,6,60,5.7
2014-05-13,6,0,NA,7.9
2014-05-13,7,3,250,9.2
2014-05-13,8,3,240,10.8
2014-05-13,9,3,170,12.5
2014-05-13,10,4,260,14
2014-05-13,11,3,260,15.8
2014-05-13,12,4,230,18.2
2014-05-13,13,8,290,18.3
2014-05-13,14,9,290,19.7
2014-05-13,15,6,310,20.7
2014-05-13,16,7,320,20.4
2014-05-13,17,9,300,18.5
2014-05-13,18,7,300,18.5
2014-05-13,19,0,NA,15.9
2014-05-13,20,5,350,15.2
2014-05-13,21,5,20,14.3
2014-05-13,22,6,340,13.8
2014-05-13,23,4,40,13.6
2014-05-14,0,5,50,12.9
2014-05-14,1,6,60,12.2
2014-05-14,2,4,50,11.6
2014-05-14,3,4,50,10.9
2014-05-14,4,7,60,9.4
2014-05-14,5,7,60,9.3
2014-05-14,6,0,NA,11.7
2014-05-14,7,3,240,11.8
2014-05-14,8,7,280,12.9
2014-05-14,9,6,300,14.9
2014-05-14,10,5,280,16.9
2014-05-14,11,4,220,18.1
2014-05-14,12,6,280,19.3
2014-05-14,13,4,320,21.9
2014-05-14,14,6,240,22.9
2014-05-14,15,4,290,23.3
2014-05-14,16,10,310,22.9
2014-05-14,17,8,270,22.9
2014-05-14,18,5,230,22.4
2014-05-14,19,3,310,19.8
2014-05-14,20,5,50,16.6
2014-05-14,21,8,50,16.3
2014-05-14,22,4,20,15.1
2014-05-14,23,3,230,13.9
2014-05-15,0,4,20,13.9
2014-05-15,1,5,50,12.8
2014-05-15,2,7,50,11.9
2014-05-15,3,3,30,11.6
2014-05-15,4,5,90,10.3
2014-05-15,5,0,NA,10.4
2014-05-15,6,3,340,11.7
2014-05-15,7,4,260,12.9
2014-05-15,8,10,300,14
2014-05-15,9,8,280,16
2014-05-15,10,6,260,17.4
2014-05-15,11,8,260,19.1
2014-05-15,12,9,280,20.5
2014-05-15,13,7,250,22
2014-05-15,14,10,280,23.3
2014-05-15,15,17,310,22.7
2014-05-15,16,9,290,22.5
2014-05-15,17,16,310,23.1
2014-05-15,18,12,300,21.2
2014-05-15,19,11,300,19
2014-05-15,20,4,310,17.1
2014-05-15,21,4,360,17.1
2014-05-15,22,8,330,16.6
2014-05-15,23,0,NA,15.8
2014-05-16,0,3,360,14.8
2014-05-16,1,6,280,14.3
2014-05-16,2,0,NA,13.2
2014-05-16,3,8,330,12.4
2014-05-16,4,5,280,12.2
2014-05-16,5,3,320,12.3
2014-05-16,6,4,330,12.4
2014-05-16,7,3,220,14.1
2014-05-16,8,5,120,15.4
2014-05-16,9,5,200,17.2
2014-05-16,10,5,190,19.2
2014-05-16,11,7,160,20.2
2014-05-16,12,10,240,20.3
2014-05-16,13,17,160,20.7
2014-05-16,14,12,160,21
2014-05-16,15,11,170,19.9
2014-05-16,16,4,250,19.5
2014-05-16,17,5,250,18.5
2014-05-16,18,6,330,17.8
2014-05-16,19,7,100,16.5
2014-05-16,20,8,340,16.4
2014-05-16,21,7,350,15
2014-05-16,22,7,290,15
2014-05-16,23,3,240,13.7
2014-05-17,0,5,40,13.8
2014-05-17,1,10,40,13.4
2014-05-17,2,4,40,12.8
2014-05-17,3,0,NA,12.4
2014-05-17,4,5,340,12.2
2014-05-17,5,4,20,11.9
2014-05-17,6,9,100,11.9
2014-05-17,7,3,140,12.9
2014-05-17,8,5,230,14
2014-05-17,9,3,140,15.1
2014-05-17,10,3,170,15.9
2014-05-17,11,9,290,16.2
2014-05-17,12,12,290,18.2
2014-05-17,13,14,290,18.1
2014-05-17,14,8,300,17.3
2014-05-17,15,11,310,16
2014-05-17,16,15,310,15.4
2014-05-17,17,10,340,15.8
2014-05-17,18,14,320,11.6
2014-05-17,19,4,290,11
2014-05-17,20,5,350,11
2014-05-17,21,5,90,10.3
2014-05-17,22,5,270,9.4
2014-05-17,23,4,60,9.1
2014-05-18,0,5,80,9.1
2014-05-18,1,3,60,8.8
2014-05-18,2,8,110,7.5
2014-05-18,3,8,100,6.4
2014-05-18,4,6,110,6.7
2014-05-18,5,3,150,8.1
2014-05-18,6,0,NA,7.4
2014-05-18,7,4,260,9.8
2014-05-18,8,4,230,11.1
2014-05-18,9,3,180,13.5
2014-05-18,10,5,330,13.7
2014-05-18,11,5,210,14.6
2014-05-18,12,4,210,16
2014-05-18,13,8,280,17.8
2014-05-18,14,7,330,17.3
2014-05-18,15,23,330,16.4
2014-05-18,16,7,170,15.6
2014-05-18,17,8,310,15.7
2014-05-18,18,9,170,16
2014-05-18,19,7,260,13.3
2014-05-18,20,5,140,12.9
2014-05-18,21,7,330,12.3
2014-05-18,22,3,300,12.3
2014-05-18,23,6,350,10.4
2014-05-19,0,9,100,9.4
2014-05-19,1,4,120,8.2
2014-05-19,2,8,120,7.8
2014-05-19,3,6,80,8
2014-05-19,4,5,80,7.9
2014-05-19,5,6,70,8.1
2014-05-19,6,0,NA,9.7
2014-05-19,7,3,160,11.7
2014-05-19,8,5,100,12.4
2014-05-19,9,11,160,13.1
2014-05-19,10,12,160,13.1
2014-05-19,11,11,140,14.6
2014-05-19,12,10,130,15.7
2014-05-19,13,10,160,17.8
2014-05-19,14,12,320,16.6
2014-05-19,15,15,270,14.1
2014-05-19,16,11,120,15.9
2014-05-19,17,9,160,16.5
2014-05-19,18,6,180,16.7
2014-05-19,19,0,NA,14.6
2014-05-19,20,9,90,11.6
2014-05-19,21,7,80,10.8
2014-05-19,22,7,60,10
2014-05-19,23,6,50,9.9
2014-05-20,0,7,60,9.1
2014-05-20,1,4,60,8.6
2014-05-20,2,4,40,7.9
2014-05-20,3,6,60,7.7
2014-05-20,4,3,50,6.6
2014-05-20,5,3,50,6.8
2014-05-20,6,0,NA,9.6
2014-05-20,7,3,250,10.4
2014-05-20,8,5,280,12.1
2014-05-20,9,5,200,13.7
2014-05-20,10,5,180,15.9
2014-05-20,11,6,270,17
2014-05-20,12,5,150,19.2
2014-05-20,13,6,240,19.4
2014-05-20,14,11,280,20.8
2014-05-20,15,13,290,19.5
2014-05-20,16,8,300,22.1
2014-05-20,17,10,280,20.8
2014-05-20,18,7,300,20.7
2014-05-20,19,4,260,18.5
2014-05-20,20,5,40,15.1
2014-05-20,21,5,50,13.5
2014-05-20,22,6,350,13
2014-05-20,23,0,NA,12.2
2014-05-21,0,0,NA,10.7
2014-05-21,1,5,30,11.4
2014-05-21,2,4,40,10.9
2014-05-21,3,6,60,9.8
2014-05-21,4,7,60,9.4
2014-05-21,5,5,60,10.2
2014-05-21,6,0,NA,11.2
2014-05-21,7,4,250,12.6
2014-05-21,8,3,270,14.4
2014-05-21,9,6,220,15.8
2014-05-21,10,6,260,17.7
2014-05-21,11,6,280,18.5
2014-05-21,12,5,290,19.3
2014-05-21,13,0,NA,22.6
2014-05-21,14,6,240,23.6
2014-05-21,15,3,190,23.6
2014-05-21,16,7,300,23
2014-05-21,17,8,310,22.9
2014-05-21,18,5,280,20.5
2014-05-21,19,0,NA,18.7
2014-05-21,20,6,20,16.7
2014-05-21,21,11,60,16.5
2014-05-21,22,8,80,15.5
2014-05-21,23,8,60,15
2014-05-22,0,7,70,14.3
2014-05-22,1,4,20,13.2
2014-05-22,2,3,50,13.1
2014-05-22,3,0,NA,12
2014-05-22,4,4,90,11
2014-05-22,5,6,70,11.3
2014-05-22,6,0,NA,13.5
2014-05-22,7,3,280,14.5
2014-05-22,8,3,240,16.1
2014-05-22,9,3,220,17.4
2014-05-22,10,5,240,20
2014-05-22,11,7,270,20.7
2014-05-22,12,8,330,24.4
2014-05-22,13,6,290,26.1
2014-05-22,14,6,290,25.6
2014-05-22,15,9,190,26.7
2014-05-22,16,9,160,26.6
2014-05-22,17,9,240,26.6
2014-05-22,18,6,290,24.2
2014-05-22,19,4,190,23
2014-05-22,20,5,10,21.9
2014-05-22,21,3,200,19.8
2014-05-22,22,5,60,17.7
2014-05-22,23,3,310,16.8
2014-05-23,0,5,330,16.6
2014-05-23,1,4,10,14.8
2014-05-23,2,4,80,14
2014-05-23,3,3,60,12.8
2014-05-23,4,4,30,13.5
2014-05-23,5,4,320,13.2
2014-05-23,6,0,NA,13.6
2014-05-23,7,3,100,15
2014-05-23,8,5,210,15.8
2014-05-23,9,3,210,17.2
2014-05-23,10,5,250,19.2
2014-05-23,11,5,300,19.7
2014-05-23,12,8,150,21.6
2014-05-23,13,6,150,23.2
2014-05-23,14,22,320,16.8
2014-05-23,15,13,70,16
2014-05-23,16,15,70,16.2
2014-05-23,17,10,70,17.8
2014-05-23,18,13,70,16.5
2014-05-23,19,13,80,16.2
2014-05-23,20,5,70,15.6
2014-05-23,21,7,310,14.1
2014-05-23,22,0,NA,13.4
2014-05-23,23,4,310,12.9
2014-05-24,0,0,NA,12.5
2014-05-24,1,0,NA,12.2
2014-05-24,2,3,70,11.8
2014-05-24,3,4,70,11.3
2014-05-24,4,3,50,10.8
2014-05-24,5,3,60,11.4
2014-05-24,6,0,NA,12.5
2014-05-24,7,0,NA,14.3
2014-05-24,8,8,290,15.3
2014-05-24,9,5,290,16.7
2014-05-24,10,8,310,18
2014-05-24,11,3,190,18.5
2014-05-24,12,8,240,21.5
2014-05-24,13,12,290,20.4
2014-05-24,14,5,340,19.6
2014-05-24,15,6,350,18.9
2014-05-24,16,8,110,19.2
2014-05-24,17,0,NA,19.6
2014-05-24,18,3,140,18.3
2014-05-24,19,0,NA,16.3
2014-05-24,20,6,40,14.1
2014-05-24,21,6,50,14
2014-05-24,22,7,350,13.5
2014-05-24,23,5,20,12.9
2014-05-25,0,5,20,11.6
2014-05-25,1,5,20,11.6
2014-05-25,2,3,20,11.1
2014-05-25,3,8,50,10.7
2014-05-25,4,12,60,10.5
2014-05-25,5,4,350,10.2
2014-05-25,6,14,70,10.9
2014-05-25,7,10,100,13.1
2014-05-25,8,4,130,12.9
2014-05-25,9,3,140,14.5
2014-05-25,10,4,240,14.7
2014-05-25,11,0,NA,15.7
2014-05-25,12,4,280,17.1
2014-05-25,13,4,240,17.7
2014-05-25,14,5,150,18.3
2014-05-25,15,6,280,17.4
2014-05-25,16,0,NA,17.6
2014-05-25,17,17,330,14.7
2014-05-25,18,22,320,13.9
2014-05-25,19,13,310,12.5
2014-05-25,20,12,330,12.5
2014-05-25,21,15,330,11.7
2014-05-25,22,4,10,11.3
2014-05-25,23,0,NA,11
2014-05-26,0,0,NA,10.9
2014-05-26,1,4,110,10.7
2014-05-26,2,6,80,10.7
2014-05-26,3,0,NA,10.6
2014-05-26,4,0,NA,10.3
2014-05-26,5,4,110,10.5
2014-05-26,6,6,80,10.9
2014-05-26,7,0,NA,11.6
2014-05-26,8,0,NA,12.8
2014-05-26,9,4,220,14.9
2014-05-26,10,14,200,13.9
2014-05-26,11,3,220,15.8
2014-05-26,12,6,160,16.2
2014-05-26,13,18,160,17.8
2014-05-26,14,21,160,18.4
2014-05-26,15,21,160,18.4
2014-05-26,16,22,160,17.7
2014-05-26,17,30,340,12.5
2014-05-26,18,18,330,11
2014-05-26,19,6,70,11
2014-05-26,20,7,340,10
2014-05-26,21,4,20,10
2014-05-26,22,3,250,9.4
2014-05-26,23,0,NA,8.6
2014-05-27,0,6,20,8.4
2014-05-27,1,4,200,7.4
2014-05-27,2,0,NA,7.2
2014-05-27,3,8,310,7.3
2014-05-27,4,5,340,6.9
2014-05-27,5,0,NA,7.5
2014-05-27,6,0,NA,9.1
2014-05-27,7,6,310,9.8
2014-05-27,8,8,300,11
2014-05-27,9,5,300,13
2014-05-27,10,6,220,14.3
2014-05-27,11,3,40,15.5
2014-05-27,12,4,150,18.7
2014-05-27,13,5,200,20.2
2014-05-27,14,7,240,20.5
2014-05-27,15,6,270,21.9
2014-05-27,16,9,300,21.5
2014-05-27,17,7,280,21.2
2014-05-27,18,7,290,20
2014-05-27,19,7,310,16.9
2014-05-27,20,6,330,15.2
2014-05-27,21,20,120,15
2014-05-27,22,5,140,14.8
2014-05-27,23,16,80,13.5
2014-05-28,0,4,100,12.6
2014-05-28,1,13,240,12
2014-05-28,2,8,70,11.2
2014-05-28,3,0,NA,10.8
2014-05-28,4,5,60,10.4
2014-05-28,5,10,80,11.3
2014-05-28,6,7,90,11.6
2014-05-28,7,4,80,14.6
2014-05-28,8,6,160,13.7
2014-05-28,9,5,140,16.8
2014-05-28,10,15,170,17.2
2014-05-28,11,19,310,13.3
2014-05-28,12,4,350,12.6
2014-05-28,13,10,60,13.8
2014-05-28,14,20,330,12.2
2014-05-28,15,13,70,10.9
2014-05-28,16,6,110,10.9
2014-05-28,17,11,130,10.1
2014-05-28,18,8,80,9.1
2014-05-28,19,6,150,9.1
2014-05-28,20,7,310,8.6
2014-05-28,21,6,60,7.5
2014-05-28,22,7,100,7.4
2014-05-28,23,5,120,8
2014-05-29,0,4,60,7.5
2014-05-29,1,4,360,7.6
2014-05-29,2,3,70,7.8
2014-05-29,3,0,NA,7.3
2014-05-29,4,3,10,7.5
2014-05-29,5,0,NA,7.6
2014-05-29,6,0,NA,8.5
2014-05-29,7,12,170,8.7
2014-05-29,8,15,160,9.8
2014-05-29,9,20,160,9.9
2014-05-29,10,18,150,10.4
2014-05-29,11,18,160,12.6
2014-05-29,12,17,180,12.6
2014-05-29,13,15,170,15.9
2014-05-29,14,20,190,13.3
2014-05-29,15,11,150,14.7
2014-05-29,16,16,160,13.8
2014-05-29,17,15,190,14.1
2014-05-29,18,16,180,14.1
2014-05-29,19,9,180,13.1
2014-05-29,20,11,100,12
2014-05-29,21,4,60,11.4
2014-05-29,22,9,80,11
2014-05-29,23,5,70,10.8
2014-05-30,0,10,90,9.6
2014-05-30,1,9,90,9
2014-05-30,2,11,110,7.7
2014-05-30,3,11,80,8
2014-05-30,4,0,NA,6.9
2014-05-30,5,0,NA,8.4
2014-05-30,6,7,70,10.2
2014-05-30,7,8,110,10.9
2014-05-30,8,4,110,12.5
2014-05-30,9,5,230,14.5
2014-05-30,10,5,200,16.1
2014-05-30,11,6,260,17.5
2014-05-30,12,7,290,19.5
2014-05-30,13,8,260,20.3
2014-05-30,14,8,310,20.4
2014-05-30,15,10,300,21.3
2014-05-30,16,10,290,20.9
2014-05-30,17,8,310,20.6
2014-05-30,18,4,290,18.7
2014-05-30,19,3,310,17.3
2014-05-30,20,7,50,13.8
2014-05-30,21,7,320,13
2014-05-30,22,4,360,13.6
2014-05-30,23,4,350,12.2
2014-05-31,0,3,320,11.8
2014-05-31,1,5,60,10.8
2014-05-31,2,4,50,10.4
2014-05-31,3,3,50,10.4
2014-05-31,4,7,60,8.4
2014-05-31,5,3,60,10.2
2014-05-31,6,3,270,11.3
2014-05-31,7,10,330,13.2
2014-05-31,8,16,310,13.9
2014-05-31,9,14,320,14.2
2014-05-31,10,13,310,16.9
2014-05-31,11,16,310,18.3
2014-05-31,12,14,310,19.5
2014-05-31,13,9,280,21.8
2014-05-31,14,14,300,22
2014-05-31,15,5,320,23.7
2014-05-31,16,6,290,21.2
2014-05-31,17,6,60,23.1
2014-05-31,18,0,NA,19.4
2014-05-31,19,9,90,19
2014-05-31,20,11,70,16.3
2014-05-31,21,9,60,15.9
2014-05-31,22,8,50,15.3
2014-05-31,23,5,340,14.4
2014-06-01,0,5,10,13.9
2014-06-01,1,4,100,11.7
2014-06-01,2,7,70,11.6
2014-06-01,3,7,80,10.5
2014-06-01,4,4,50,10.5
2014-06-01,5,3,40,10.9
2014-06-01,6,0,NA,12.8
2014-06-01,7,5,300,13.9
2014-06-01,8,5,270,15.5
2014-06-01,9,6,290,16.8
2014-06-01,10,8,270,18.6
2014-06-01,11,5,70,20.3
2014-06-01,12,4,70,21.1
2014-06-01,13,11,290,20.8
2014-06-01,14,7,140,22.3
2014-06-01,15,12,90,21.1
2014-06-01,16,12,320,21.3
2014-06-01,17,3,240,24.4
2014-06-01,18,16,210,19.9
2014-06-01,19,16,130,18.8
2014-06-01,20,8,100,17.9
2014-06-01,21,3,60,17.6
2014-06-01,22,5,50,16.1
2014-06-01,23,6,60,14.5
2014-06-02,0,6,60,13.6
2014-06-02,1,6,330,12.6
2014-06-02,2,3,120,12.8
2014-06-02,3,3,40,12.2
2014-06-02,4,5,50,11.4
2014-06-02,5,3,50,11.8
2014-06-02,6,4,230,12.2
2014-06-02,7,4,240,11.8
2014-06-02,8,0,NA,15.6
2014-06-02,9,5,250,16.5
2014-06-02,10,5,150,18.3
2014-06-02,11,12,300,19.7
2014-06-02,12,11,320,15.5
2014-06-02,13,17,290,19.9
2014-06-02,14,8,280,17.6
2014-06-02,15,7,40,18.3
2014-06-02,16,3,340,21.6
2014-06-02,17,12,310,21.5
2014-06-02,18,17,330,19.9
2014-06-02,19,10,320,18.2
2014-06-02,20,7,350,16
2014-06-02,21,5,30,14.8
2014-06-02,22,9,340,14.2
2014-06-02,23,3,340,13.5
2014-06-03,0,5,10,13.3
2014-06-03,1,4,10,12.1
2014-06-03,2,4,330,11.1
2014-06-03,3,4,60,10.8
2014-06-03,4,4,250,10.5
2014-06-03,5,5,350,10.8
2014-06-03,6,0,NA,12.8
2014-06-03,7,4,220,14.1
2014-06-03,8,3,260,15
2014-06-03,9,6,210,16.9
2014-06-03,10,3,220,19.7
2014-06-03,11,7,280,19.8
2014-06-03,12,4,340,20.3
2014-06-03,13,29,330,17
2014-06-03,14,12,260,15.6
2014-06-03,15,7,210,17.3
2014-06-03,16,10,120,17.2
2014-06-03,17,7,140,17.1
2014-06-03,18,7,110,16.2
2014-06-03,19,6,140,15.6
2014-06-03,20,10,320,15.1
2014-06-03,21,7,310,14.2
2014-06-03,22,5,190,12.8
2014-06-03,23,4,280,12.3
2014-06-04,0,6,330,12.2
2014-06-04,1,7,300,10.8
2014-06-04,2,3,330,10.6
2014-06-04,3,7,310,9.9
2014-06-04,4,0,NA,9.3
2014-06-04,5,0,NA,10.4
2014-06-04,6,0,NA,12.1
2014-06-04,7,7,310,12.7
2014-06-04,8,4,300,14.8
2014-06-04,9,4,250,16.2
2014-06-04,10,3,320,18.1
2014-06-04,11,4,240,19.5
2014-06-04,12,6,150,21.4
2014-06-04,13,7,240,24.3
2014-06-04,14,14,190,24.3
2014-06-04,15,15,180,24.9
2014-06-04,16,12,220,25.2
2014-06-04,17,14,210,24.5
2014-06-04,18,13,220,23.7
2014-06-04,19,8,280,19.9
2014-06-04,20,6,240,16.4
2014-06-04,21,4,80,14.6
2014-06-04,22,10,60,14.8
2014-06-04,23,5,70,13.5
2014-06-05,0,11,310,12.8
2014-06-05,1,17,330,14.7
2014-06-05,2,25,350,15.1
2014-06-05,3,26,350,14.8
2014-06-05,4,15,340,14.4
2014-06-05,5,25,330,12.7
2014-06-05,6,28,330,13.6
2014-06-05,7,24,340,14.2
2014-06-05,8,20,340,15.6
2014-06-05,9,27,330,15.4
2014-06-05,10,28,330,16.5
2014-06-05,11,20,330,19.5
2014-06-05,12,24,330,19
2014-06-05,13,20,330,20.8
2014-06-05,14,19,320,21.2
2014-06-05,15,23,320,20.5
2014-06-05,16,20,330,20.4
2014-06-05,17,20,340,20.1
2014-06-05,18,18,330,18.2
2014-06-05,19,19,340,18.2
2014-06-05,20,20,340,16.6
2014-06-05,21,17,340,15.7
2014-06-05,22,12,320,13.7
2014-06-05,23,15,330,13.3
2014-06-06,0,7,70,10.5
2014-06-06,1,8,70,10.4
2014-06-06,2,4,30,9.8
2014-06-06,3,7,60,9
2014-06-06,4,0,NA,7.8
2014-06-06,5,0,NA,9
2014-06-06,6,4,290,10.8
2014-06-06,7,5,330,11.9
2014-06-06,8,8,280,13.3
2014-06-06,9,8,290,15.3
2014-06-06,10,10,300,16.1
2014-06-06,11,16,310,17.7
2014-06-06,12,13,300,19.3
2014-06-06,13,14,310,20.1
2014-06-06,14,10,290,21.4
2014-06-06,15,10,260,19.1
2014-06-06,16,6,250,22
2014-06-06,17,10,320,20.8
2014-06-06,18,3,340,19.6
2014-06-06,19,7,60,17.9
2014-06-06,20,8,330,15.5
2014-06-06,21,9,60,13.1
2014-06-06,22,3,40,13.9
2014-06-06,23,6,20,13.7
2014-06-07,0,3,10,12.3
2014-06-07,1,0,NA,12
2014-06-07,2,5,60,11.2
2014-06-07,3,5,70,11.5
2014-06-07,4,5,70,11.1
2014-06-07,5,4,60,10.6
2014-06-07,6,3,70,11.2
2014-06-07,7,0,NA,11.9
2014-06-07,8,3,170,12.8
2014-06-07,9,0,NA,14.5
2014-06-07,10,0,NA,16.6
2014-06-07,11,4,300,16.7
2014-06-07,12,4,260,20
2014-06-07,13,6,280,21.1
2014-06-07,14,6,250,19.7
2014-06-07,15,5,210,20.7
2014-06-07,16,0,NA,22.7
2014-06-07,17,5,130,22.5
2014-06-07,18,6,290,20.1
2014-06-07,19,4,340,19
2014-06-07,20,5,340,17.3
2014-06-07,21,6,60,15.8
2014-06-07,22,7,40,15
2014-06-07,23,7,10,14.8
2014-06-08,0,6,30,13.6
2014-06-08,1,6,60,12.3
2014-06-08,2,0,NA,11.5
2014-06-08,3,6,50,10.8
2014-06-08,4,8,60,10.1
2014-06-08,5,4,70,10.9
2014-06-08,6,3,270,11.9
2014-06-08,7,3,240,13.5
2014-06-08,8,3,290,15.2
2014-06-08,9,5,220,17.8
2014-06-08,10,3,250,19.3
2014-06-08,11,8,280,20.5
2014-06-08,12,8,270,22
2014-06-08,13,5,270,22.9
2014-06-08,14,11,160,25.3
2014-06-08,15,6,170,25.2
2014-06-08,16,12,240,26.4
2014-06-08,17,11,210,25.4
2014-06-08,18,13,210,24.8
2014-06-08,19,12,190,23.2
2014-06-08,20,11,150,21.3
2014-06-08,21,7,150,20.9
2014-06-08,22,7,180,20
2014-06-08,23,9,110,17.5
2014-06-09,0,11,120,17.5
2014-06-09,1,8,70,15.5
2014-06-09,2,10,70,14.5
2014-06-09,3,9,80,14
2014-06-09,4,6,90,14.3
2014-06-09,5,7,80,14.4
2014-06-09,6,7,120,16.9
2014-06-09,7,0,NA,17.7
2014-06-09,8,4,170,19.4
2014-06-09,9,12,270,21.5
2014-06-09,10,10,290,22.9
2014-06-09,11,14,310,22.7
2014-06-09,12,17,330,22.4
2014-06-09,13,19,330,23.4
2014-06-09,14,22,320,22.1
2014-06-09,15,21,330,21.2
2014-06-09,16,17,330,20.8
2014-06-09,17,15,330,21.3
2014-06-09,18,8,320,20.4
2014-06-09,19,9,310,20.2
2014-06-09,20,8,340,18.3
2014-06-09,21,3,350,16.2
2014-06-09,22,7,50,15.2
2014-06-09,23,5,200,13.1
2014-06-10,0,4,90,12
2014-06-10,1,9,330,12.8
2014-06-10,2,5,60,11.8
2014-06-10,3,7,70,10.9
2014-06-10,4,5,60,10.7
2014-06-10,5,6,320,11.3
2014-06-10,6,6,310,12
2014-06-10,7,4,240,12.6
2014-06-10,8,6,260,14.9
2014-06-10,9,11,300,15.2
2014-06-10,10,16,290,16.2
2014-06-10,11,9,290,17.3
2014-06-10,12,12,150,17.5
2014-06-10,13,8,180,16.3
2014-06-10,14,15,120,15.9
2014-06-10,15,11,140,16.9
2014-06-10,16,13,160,17.7
2014-06-10,17,7,190,15.7
2014-06-10,18,8,200,16
2014-06-10,19,3,270,14.1
2014-06-10,20,4,240,12.6
2014-06-10,21,0,NA,11.2
2014-06-10,22,8,70,10
2014-06-10,23,3,50,9.6
2014-06-11,0,3,310,9.3
2014-06-11,1,4,30,9.5
2014-06-11,2,3,340,9.3
2014-06-11,3,0,NA,8.9
2014-06-11,4,3,350,7.8
2014-06-11,5,0,NA,9.1
2014-06-11,6,3,240,10
2014-06-11,7,0,NA,12.2
2014-06-11,8,3,270,13.9
2014-06-11,9,5,280,16
2014-06-11,10,5,240,17.5
2014-06-11,11,9,190,19.5
2014-06-11,12,5,200,22.2
2014-06-11,13,5,280,23.7
2014-06-11,14,7,190,23.8
2014-06-11,15,3,220,24.6
2014-06-11,16,6,260,24.6
2014-06-11,17,5,250,22.2
2014-06-11,18,0,NA,22
2014-06-11,19,6,60,18.8
2014-06-11,20,7,60,17.2
2014-06-11,21,6,30,16.8
2014-06-11,22,5,340,17
2014-06-11,23,5,30,14.8
2014-06-12,0,4,340,14.6
2014-06-12,1,8,330,13.7
2014-06-12,2,7,350,13.4
2014-06-12,3,8,350,12.2
2014-06-12,4,0,NA,12.1
2014-06-12,5,0,NA,11.6
2014-06-12,6,3,270,11.8
2014-06-12,7,4,250,14.2
2014-06-12,8,3,260,15.8
2014-06-12,9,5,250,18.5
2014-06-12,10,6,250,19
2014-06-12,11,5,70,21.6
2014-06-12,12,7,320,22.1
2014-06-12,13,4,330,23.7
2014-06-12,14,4,160,22.9
2014-06-12,15,5,230,23.3
2014-06-12,16,10,290,24.6
2014-06-12,17,23,330,22
2014-06-12,18,28,330,20.5
2014-06-12,19,9,320,19.9
2014-06-12,20,23,310,18
2014-06-12,21,11,340,13
2014-06-12,22,7,50,12.3
2014-06-12,23,11,320,11.9
2014-06-13,0,5,330,11.7
2014-06-13,1,4,300,11.3
2014-06-13,2,8,100,10.8
2014-06-13,3,0,NA,10.6
2014-06-13,4,8,80,11
2014-06-13,5,3,90,11.4
2014-06-13,6,11,110,12.1
2014-06-13,7,22,160,13
2014-06-13,8,16,170,12.9
2014-06-13,9,16,170,12.7
2014-06-13,10,15,160,13.8
2014-06-13,11,14,150,15.5
2014-06-13,12,11,180,15.3
2014-06-13,13,12,190,14.2
2014-06-13,14,8,220,14.7
2014-06-13,15,0,NA,15.1
2014-06-13,16,0,NA,15
2014-06-13,17,3,250,15.2
2014-06-13,18,3,10,14.6
2014-06-13,19,4,260,14
2014-06-13,20,0,NA,13
2014-06-13,21,4,80,12
2014-06-13,22,4,40,11.6
2014-06-13,23,5,90,11.2
2014-06-14,0,5,80,11
2014-06-14,1,5,110,10.5
2014-06-14,2,5,70,10.3
2014-06-14,3,6,50,10.2
2014-06-14,4,0,NA,9.7
2014-06-14,5,3,70,9.9
2014-06-14,6,0,NA,11
2014-06-14,7,3,240,11.5
2014-06-14,8,3,280,12.4
2014-06-14,9,5,270,13.4
2014-06-14,10,7,280,13.8
2014-06-14,11,8,210,14.3
2014-06-14,12,9,210,16
2014-06-14,13,14,180,16.2
2014-06-14,14,14,170,15.6
2014-06-14,15,16,180,15.7
2014-06-14,16,17,180,13.8
2014-06-14,17,7,120,12.6
2014-06-14,18,15,170,12.6
2014-06-14,19,14,170,12.3
2014-06-14,20,7,140,12
2014-06-14,21,5,190,11.3
2014-06-14,22,5,200,10.7
2014-06-14,23,6,190,10.5
2014-06-15,0,0,NA,10.1
2014-06-15,1,4,290,9.8
2014-06-15,2,4,180,9.9
2014-06-15,3,0,NA,9.8
2014-06-15,4,5,310,9.9
2014-06-15,5,4,300,9.8
2014-06-15,6,4,270,9.9
2014-06-15,7,3,310,10.2
2014-06-15,8,0,NA,10.9
2014-06-15,9,3,150,12.2
2014-06-15,10,9,150,12.9
2014-06-15,11,9,140,13.7
2014-06-15,12,14,160,13.5
2014-06-15,13,13,160,12.2
2014-06-15,14,10,150,14.7
2014-06-15,15,11,160,15
2014-06-15,16,12,170,15.9
2014-06-15,17,8,200,16.1
2014-06-15,18,3,210,14.4
2014-06-15,19,0,NA,13.6
2014-06-15,20,0,NA,13
2014-06-15,21,3,290,12.6
2014-06-15,22,0,NA,11.7
2014-06-15,23,4,50,11.4
2014-06-16,0,6,330,10.5
2014-06-16,1,4,80,10.5
2014-06-16,2,6,100,10.1
2014-06-16,3,6,60,8.7
2014-06-16,4,8,70,8.7
2014-06-16,5,8,70,8.6
2014-06-16,6,3,140,9.3
2014-06-16,7,8,110,10.1
2014-06-16,8,3,140,10.1
2014-06-16,9,6,170,10.9
2014-06-16,10,9,150,10.6
2014-06-16,11,11,170,12.4
2014-06-16,12,13,160,12.2
2014-06-16,13,11,190,15.2
2014-06-16,14,13,170,15.4
2014-06-16,15,9,150,15.3
2014-06-16,16,9,180,17.2
2014-06-16,17,16,160,16.1
2014-06-16,18,13,160,14.6
2014-06-16,19,9,130,14.2
2014-06-16,20,4,80,12.1
2014-06-16,21,5,80,11.1
2014-06-16,22,10,70,10.4
2014-06-16,23,7,70,9.8
2014-06-17,0,5,60,9.8
2014-06-17,1,7,90,9.2
2014-06-17,2,0,NA,9.5
2014-06-17,3,4,100,8.9
2014-06-17,4,7,80,8.7
2014-06-17,5,0,NA,8
2014-06-17,6,5,120,7.9
2014-06-17,7,3,80,8.3
2014-06-17,8,4,150,8.7
2014-06-17,9,3,160,9
2014-06-17,10,0,NA,10.3
2014-06-17,11,5,180,11.2
2014-06-17,12,6,220,11.9
2014-06-17,13,4,230,12.4
2014-06-17,14,7,170,11.7
2014-06-17,15,7,160,10.9
2014-06-17,16,4,140,10.6
2014-06-17,17,5,150,9.8
2014-06-17,18,6,160,9.7
2014-06-17,19,5,180,9.3
2014-06-17,20,3,210,8.9
2014-06-17,21,5,160,8.8
2014-06-17,22,4,220,8.7
2014-06-17,23,4,190,8.7
2014-06-18,0,4,200,8.4
2014-06-18,1,4,170,8.1
2014-06-18,2,6,290,7.9
2014-06-18,3,5,320,7.8
2014-06-18,4,4,270,7.7
2014-06-18,5,0,NA,8
2014-06-18,6,5,290,8
2014-06-18,7,6,290,8.5
2014-06-18,8,4,340,8.8
2014-06-18,9,4,260,9.3
2014-06-18,10,0,NA,10.3
2014-06-18,11,4,300,11
2014-06-18,12,6,220,12.1
2014-06-18,13,7,190,13.9
2014-06-18,14,11,170,14.3
2014-06-18,15,10,160,14.8
2014-06-18,16,12,170,14.7
2014-06-18,17,14,160,14.3
2014-06-18,18,15,160,14
2014-06-18,19,13,160,13.7
2014-06-18,20,13,140,13.2
2014-06-18,21,3,220,12.8
2014-06-18,22,5,270,11
2014-06-18,23,3,290,11.2
2014-06-19,0,5,280,10.9
2014-06-19,1,5,310,10.8
2014-06-19,2,3,290,10.7
2014-06-19,3,0,NA,10.5
2014-06-19,4,5,60,9.6
2014-06-19,5,0,NA,10.3
2014-06-19,6,0,NA,11.4
2014-06-19,7,0,NA,13.8
2014-06-19,8,0,NA,16
2014-06-19,9,4,320,18
2014-06-19,10,7,190,19.8
2014-06-19,11,12,160,20.8
2014-06-19,12,18,170,20.2
2014-06-19,13,15,160,20.1
2014-06-19,14,16,170,22.3
2014-06-19,15,14,160,22.6
2014-06-19,16,16,160,21.7
2014-06-19,17,15,170,22.2
2014-06-19,18,13,190,22.1
2014-06-19,19,9,180,21.7
2014-06-19,20,0,NA,18.9
2014-06-19,21,6,70,16.2
2014-06-19,22,7,80,14.9
2014-06-19,23,6,60,14.3
2014-06-20,0,8,60,13.8
2014-06-20,1,6,60,12.8
2014-06-20,2,11,60,12.9
2014-06-20,3,9,70,12.4
2014-06-20,4,15,80,11.8
2014-06-20,5,12,70,12.9
2014-06-20,6,6,120,13.8
2014-06-20,7,4,120,14.7
2014-06-20,8,6,250,14.1
2014-06-20,9,0,NA,18.2
2014-06-20,10,9,150,20.9
2014-06-20,11,9,170,21.8
2014-06-20,12,11,160,21.7
2014-06-20,13,13,160,22.6
2014-06-20,14,16,170,22.6
2014-06-20,15,27,300,17.4
2014-06-20,16,15,70,17.7
2014-06-20,17,16,60,16.9
2014-06-20,18,7,160,17.2
2014-06-20,19,6,360,17.3
2014-06-20,20,6,300,14.8
2014-06-20,21,21,330,14.2
2014-06-20,22,16,330,14.5
2014-06-20,23,8,10,13
2014-06-21,0,10,330,12.2
2014-06-21,1,7,320,10.7
2014-06-21,2,6,310,9.9
2014-06-21,3,0,NA,9.4
2014-06-21,4,5,350,9.4
2014-06-21,5,0,NA,10.3
2014-06-21,6,5,190,10.9
2014-06-21,7,0,NA,11.9
2014-06-21,8,6,300,14.9
2014-06-21,9,5,280,16.3
2014-06-21,10,9,260,17.7
2014-06-21,11,6,260,19
2014-06-21,12,5,220,19.5
2014-06-21,13,4,270,21.9
2014-06-21,14,10,280,22.8
2014-06-21,15,6,260,23.6
2014-06-21,16,6,290,24.3
2014-06-21,17,8,280,22.7
2014-06-21,18,6,290,22.1
2014-06-21,19,3,270,18.8
2014-06-21,20,5,50,16.8
2014-06-21,21,8,60,15.8
2014-06-21,22,7,60,15.1
2014-06-21,23,3,40,15.3
2014-06-22,0,6,320,14.4
2014-06-22,1,5,140,13.9
2014-06-22,2,0,NA,12.4
2014-06-22,3,0,NA,12
2014-06-22,4,3,80,11.6
2014-06-22,5,4,40,11.7
2014-06-22,6,0,NA,13.9
2014-06-22,7,4,260,15.3
2014-06-22,8,9,310,16.3
2014-06-22,9,11,290,18.6
2014-06-22,10,11,310,19.5
2014-06-22,11,13,300,21.4
2014-06-22,12,10,290,23.3
2014-06-22,13,8,260,25
2014-06-22,14,6,250,26.5
2014-06-22,15,8,300,27.7
2014-06-22,16,7,270,28.2
2014-06-22,17,6,260,27.6
2014-06-22,18,6,300,22.4
2014-06-22,19,7,70,20.8
2014-06-22,20,5,40,20.3
2014-06-22,21,9,60,19.3
2014-06-22,22,7,50,19.4
2014-06-22,23,5,350,18
2014-06-23,0,0,NA,16.8
2014-06-23,1,6,60,16.8
2014-06-23,2,5,340,15.1
2014-06-23,3,3,340,14.9
2014-06-23,4,0,NA,14.4
2014-06-23,5,0,NA,14.3
2014-06-23,6,3,290,17.1
2014-06-23,7,4,250,17.3
2014-06-23,8,4,290,19
2014-06-23,9,3,260,17.8
2014-06-23,10,0,NA,21.6
2014-06-23,11,5,270,23.7
2014-06-23,12,3,130,24.8
2014-06-23,13,10,80,25.1
2014-06-23,14,20,40,22.9
2014-06-23,15,28,320,22.3
2014-06-23,16,21,320,24.2
2014-06-23,17,15,330,23.4
2014-06-23,18,15,330,22.4
2014-06-23,19,9,330,21.6
2014-06-23,20,7,340,20.6
2014-06-23,21,6,340,19.7
2014-06-23,22,10,350,18.5
2014-06-23,23,5,310,17.2
2014-06-24,0,7,360,17
2014-06-24,1,3,70,16
2014-06-24,2,3,10,15.6
2014-06-24,3,4,60,15.8
2014-06-24,4,0,NA,14.8
2014-06-24,5,0,NA,14.9
2014-06-24,6,0,NA,15
2014-06-24,7,3,260,16.5
2014-06-24,8,0,NA,18.1
2014-06-24,9,5,260,15.7
2014-06-24,10,8,320,15.5
2014-06-24,11,10,310,17.4
2014-06-24,12,12,290,17.1
2014-06-24,13,0,NA,16.6
2014-06-24,14,6,260,16.6
2014-06-24,15,5,330,16.1
2014-06-24,16,5,290,17.1
2014-06-24,17,0,NA,15.9
2014-06-24,18,6,270,16.4
2014-06-24,19,4,10,15.3
2014-06-24,20,4,50,14.6
2014-06-24,21,4,90,14.3
2014-06-24,22,5,100,14.6
2014-06-24,23,3,290,13.8
2014-06-25,0,0,NA,13.8
2014-06-25,1,5,240,13.4
2014-06-25,2,5,280,13
2014-06-25,3,3,320,12.4
2014-06-25,4,3,190,12.9
2014-06-25,5,3,200,13.2
2014-06-25,6,0,NA,13.7
2014-06-25,7,5,190,15.1
2014-06-25,8,3,210,17.5
2014-06-25,9,3,190,18.8
2014-06-25,10,6,260,19.2
2014-06-25,11,8,270,20.7
2014-06-25,12,10,290,22
2014-06-25,13,10,300,23
2014-06-25,14,10,300,23.1
2014-06-25,15,11,300,23.9
2014-06-25,16,10,290,23.9
2014-06-25,17,9,290,23.1
2014-06-25,18,0,NA,23.1
2014-06-25,19,6,310,20
2014-06-25,20,5,20,17.9
2014-06-25,21,4,360,17.1
2014-06-25,22,5,360,17.3
2014-06-25,23,3,20,17.2
2014-06-26,0,3,330,15.5
2014-06-26,1,NA,NA,NA
2014-06-26,2,NA,NA,NA
2014-06-26,3,0,NA,14.2
2014-06-26,4,6,320,14.2
2014-06-26,5,3,10,14.3
2014-06-26,6,7,310,14.8
2014-06-26,7,7,330,15.1
2014-06-26,8,7,290,16.7
2014-06-26,9,6,290,16.8
2014-06-26,10,0,NA,17.5
2014-06-26,11,4,210,18
2014-06-26,12,5,250,18.5
2014-06-26,13,7,280,19.4
2014-06-26,14,3,130,19.4
2014-06-26,15,6,160,19.4
2014-06-26,16,8,150,18.5
2014-06-26,17,8,100,17.4
2014-06-26,18,6,100,17
2014-06-26,19,9,90,16.1
2014-06-26,20,12,80,16
2014-06-26,21,9,80,15.3
2014-06-26,22,12,80,15.3
2014-06-26,23,10,90,14.9
2014-06-27,0,11,70,15
2014-06-27,1,9,70,14.9
2014-06-27,2,7,100,14.2
2014-06-27,3,8,80,13.9
2014-06-27,4,3,120,12.8
2014-06-27,5,5,70,13.2
2014-06-27,6,5,60,13.5
2014-06-27,7,0,NA,14.1
2014-06-27,8,8,90,14.1
2014-06-27,9,11,180,14.3
2014-06-27,10,16,150,14.9
2014-06-27,11,7,210,14.6
2014-06-27,12,8,140,15.8
2014-06-27,13,12,150,16.1
2014-06-27,14,9,170,16.9
2014-06-27,15,9,160,16.9
2014-06-27,16,11,160,17
2014-06-27,17,9,140,17.6
2014-06-27,18,8,150,16.8
2014-06-27,19,10,160,16.2
2014-06-27,20,3,270,14.6
2014-06-27,21,3,80,14.7
2014-06-27,22,0,NA,13.7
2014-06-27,23,4,50,13.8
2014-06-28,0,5,140,13.1
2014-06-28,1,6,130,12.2
2014-06-28,2,0,NA,11.9
2014-06-28,3,0,NA,11.8
2014-06-28,4,3,300,11.9
2014-06-28,5,0,NA,11.9
2014-06-28,6,3,280,12.4
2014-06-28,7,0,NA,12.8
2014-06-28,8,0,NA,13.5
2014-06-28,9,4,240,13.8
2014-06-28,10,6,200,15.1
2014-06-28,11,11,160,17.2
2014-06-28,12,17,160,15.2
2014-06-28,13,12,130,19.3
2014-06-28,14,15,170,17.5
2014-06-28,15,12,160,16.6
2014-06-28,16,9,120,18
2014-06-28,17,5,200,17.6
2014-06-28,18,10,190,17.2
2014-06-28,19,6,200,15.9
2014-06-28,20,0,NA,14
2014-06-28,21,4,40,13.5
2014-06-28,22,8,70,12.7
2014-06-28,23,10,290,12.3
2014-06-29,0,13,320,12.4
2014-06-29,1,7,280,11.8
2014-06-29,2,6,70,11.7
2014-06-29,3,4,60,10.8
2014-06-29,4,0,NA,11.2
2014-06-29,5,0,NA,10.5
2014-06-29,6,0,NA,13
2014-06-29,7,5,200,12.4
2014-06-29,8,4,140,13.8
2014-06-29,9,8,200,13.8
2014-06-29,10,7,190,14.9
2014-06-29,11,11,170,18.2
2014-06-29,12,16,160,19.1
2014-06-29,13,12,240,16.4
2014-06-29,14,9,90,15.6
2014-06-29,15,12,170,16.4
2014-06-29,16,12,170,15
2014-06-29,17,11,140,17.1
2014-06-29,18,13,150,15.8
2014-06-29,19,9,130,15.5
2014-06-29,20,6,130,14.2
2014-06-29,21,9,100,12.2
2014-06-29,22,9,80,12
2014-06-29,23,5,80,11.1
2014-06-30,0,8,80,10.4
2014-06-30,1,8,70,9.8
2014-06-30,2,7,60,9.4
2014-06-30,3,6,50,9
2014-06-30,4,9,70,8.8
2014-06-30,5,7,70,9.9
2014-06-30,6,0,NA,11.4
2014-06-30,7,6,110,12.9
2014-06-30,8,4,230,14.5
2014-06-30,9,4,230,15.8
2014-06-30,10,6,240,17.7
2014-06-30,11,8,250,19
2014-06-30,12,5,260,21.1
2014-06-30,13,6,230,21.8
2014-06-30,14,10,290,23
2014-06-30,15,4,290,24.2
2014-06-30,16,6,270,24.8
2014-06-30,17,6,260,24.8
2014-06-30,18,5,240,24.3
2014-06-30,19,3,360,20.2
2014-06-30,20,4,320,18.8
2014-06-30,21,6,40,16.9
2014-06-30,22,5,40,16.2
2014-06-30,23,5,10,16.3
2014-07-01,0,4,10,15.7
2014-07-01,1,8,320,15.3
2014-07-01,2,0,NA,14.2
2014-07-01,3,6,50,12.5
2014-07-01,4,5,50,13.3
2014-07-01,5,0,NA,13.4
2014-07-01,6,0,NA,14.8
2014-07-01,7,0,NA,16.8
2014-07-01,8,7,300,18.3
2014-07-01,9,4,230,19.2
2014-07-01,10,5,320,21.6
2014-07-01,11,3,260,23.7
2014-07-01,12,4,240,25.8
2014-07-01,13,5,270,27.5
2014-07-01,14,4,260,28.3
2014-07-01,15,7,260,28.3
2014-07-01,16,5,270,29.6
2014-07-01,17,0,NA,30.4
2014-07-01,18,0,NA,28.1
2014-07-01,19,4,70,24.8
2014-07-01,20,7,50,21.1
2014-07-01,21,7,30,21.4
2014-07-01,22,0,NA,20.3
2014-07-01,23,7,360,19.9
2014-07-02,0,5,350,18.7
2014-07-02,1,4,350,17.9
2014-07-02,2,0,NA,17.1
2014-07-02,3,7,60,16.6
2014-07-02,4,0,NA,16.2
2014-07-02,5,7,70,16.8
2014-07-02,6,0,NA,18.6
2014-07-02,7,3,280,19.3
2014-07-02,8,0,NA,20.6
2014-07-02,9,5,320,22.3
2014-07-02,10,5,280,23.6
2014-07-02,11,7,260,25.4
2014-07-02,12,4,120,27.1
2014-07-02,13,6,240,29
2014-07-02,14,7,270,29.4
2014-07-02,15,6,270,29.8
2014-07-02,16,7,260,28.6
2014-07-02,17,5,290,28.6
2014-07-02,18,0,NA,28
2014-07-02,19,4,60,25.2
2014-07-02,20,6,60,23.8
2014-07-02,21,7,50,22.6
2014-07-02,22,5,330,22.7
2014-07-02,23,0,NA,22
2014-07-03,0,7,340,21.4
2014-07-03,1,4,150,20.5
2014-07-03,2,5,310,19.1
2014-07-03,3,0,NA,19
2014-07-03,4,6,120,18.5
2014-07-03,5,8,80,18
2014-07-03,6,9,70,18.4
2014-07-03,7,9,110,17.6
2014-07-03,8,4,250,19.6
2014-07-03,9,3,220,21.3
2014-07-03,10,3,120,24.7
2014-07-03,11,8,210,25.5
2014-07-03,12,9,220,28.2
2014-07-03,13,13,180,28.4
2014-07-03,14,13,160,29.9
2014-07-03,15,15,180,30.4
2014-07-03,16,18,200,30.4
2014-07-03,17,14,220,29.5
2014-07-03,18,17,200,28.5
2014-07-03,19,14,200,27.1
2014-07-03,20,10,220,26.8
2014-07-03,21,7,110,22.8
2014-07-03,22,0,NA,22.2
2014-07-03,23,6,60,20
2014-07-04,0,7,70,18.6
2014-07-04,1,10,80,19.2
2014-07-04,2,12,70,18.7
2014-07-04,3,8,50,18.1
2014-07-04,4,6,40,16.3
2014-07-04,5,4,10,17.2
2014-07-04,6,15,70,18.1
2014-07-04,7,13,70,20
2014-07-04,8,8,110,22.1
2014-07-04,9,7,200,23.9
2014-07-04,10,14,160,25.6
2014-07-04,11,13,160,26.9
2014-07-04,12,11,170,27.9
2014-07-04,13,12,150,28.4
2014-07-04,14,17,160,28.4
2014-07-04,15,21,160,28.3
2014-07-04,16,21,160,28
2014-07-04,17,16,170,27.6
2014-07-04,18,15,170,26.2
2014-07-04,19,5,190,24.1
2014-07-04,20,7,160,22.5
2014-07-04,21,6,120,21.3
2014-07-04,22,6,100,20.4
2014-07-04,23,4,100,20.2
2014-07-05,0,8,120,20.4
2014-07-05,1,9,90,17.8
2014-07-05,2,7,90,18.4
2014-07-05,3,9,80,16.8
2014-07-05,4,9,70,17.3
2014-07-05,5,0,NA,17
2014-07-05,6,13,90,18.3
2014-07-05,7,3,100,20.7
2014-07-05,8,5,210,20.8
2014-07-05,9,5,340,23.4
2014-07-05,10,8,180,25.7
2014-07-05,11,17,160,25.8
2014-07-05,12,22,160,25.3
2014-07-05,13,20,170,26.1
2014-07-05,14,19,160,27.1
2014-07-05,15,14,170,26.2
2014-07-05,16,14,170,28.1
2014-07-05,17,13,180,28.6
2014-07-05,18,11,180,27.7
2014-07-05,19,11,180,25.8
2014-07-05,20,9,140,24.4
2014-07-05,21,12,150,23.9
2014-07-05,22,0,NA,22.2
2014-07-05,23,3,110,21.2
2014-07-06,0,6,130,19.5
2014-07-06,1,3,10,19.1
2014-07-06,2,0,NA,18.4
2014-07-06,3,6,60,18.1
2014-07-06,4,0,NA,17.2
2014-07-06,5,0,NA,17.3
2014-07-06,6,0,NA,19.9
2014-07-06,7,8,300,19.9
2014-07-06,8,6,230,20.5
2014-07-06,9,3,270,21.6
2014-07-06,10,5,300,23.9
2014-07-06,11,7,260,24.3
2014-07-06,12,5,270,26.3
2014-07-06,13,9,270,27.4
2014-07-06,14,19,310,26.3
2014-07-06,15,6,310,27.9
2014-07-06,16,6,360,28.3
2014-07-06,17,5,190,27.7
2014-07-06,18,14,320,25.5
2014-07-06,19,35,330,22
2014-07-06,20,14,330,20.1
2014-07-06,21,20,330,19.5
2014-07-06,22,26,320,18.6
2014-07-06,23,16,310,17.9
2014-07-07,0,11,340,17.8
2014-07-07,1,11,330,16.9
2014-07-07,2,3,320,16
2014-07-07,3,17,340,16.1
2014-07-07,4,5,350,15
2014-07-07,5,6,40,15.8
2014-07-07,6,4,320,16.7
2014-07-07,7,0,NA,18.6
2014-07-07,8,9,310,19.5
2014-07-07,9,14,300,20.8
2014-07-07,10,11,290,22.8
2014-07-07,11,7,290,24.7
2014-07-07,12,7,280,26.4
2014-07-07,13,8,300,27.5
2014-07-07,14,6,290,29.3
2014-07-07,15,6,280,30
2014-07-07,16,9,250,30.2
2014-07-07,17,7,250,30.2
2014-07-07,18,4,280,30.4
2014-07-07,19,0,NA,27.4
2014-07-07,20,5,20,22.9
2014-07-07,21,8,60,21.7
2014-07-07,22,5,10,22.4
2014-07-07,23,4,320,20.9
2014-07-08,0,5,70,19.4
2014-07-08,1,5,70,18.6
2014-07-08,2,4,60,17.8
2014-07-08,3,6,80,17.3
2014-07-08,4,5,70,16.3
2014-07-08,5,5,60,17.1
2014-07-08,6,0,NA,18.6
2014-07-08,7,0,NA,19.9
2014-07-08,8,4,300,21.2
2014-07-08,9,8,290,22.9
2014-07-08,10,7,280,25.2
2014-07-08,11,6,260,25.5
2014-07-08,12,7,270,28.2
2014-07-08,13,6,270,29.8
2014-07-08,14,6,300,31.5
2014-07-08,15,7,300,31.4
2014-07-08,16,8,290,32.8
2014-07-08,17,8,270,32.7
2014-07-08,18,4,310,31.9
2014-07-08,19,0,NA,29.4
2014-07-08,20,5,360,24.6
2014-07-08,21,9,70,22.9
2014-07-08,22,8,80,22.8
2014-07-08,23,5,60,22.4
2014-07-09,0,3,30,21.8
2014-07-09,1,5,50,20.4
2014-07-09,2,4,30,20.2
2014-07-09,3,5,60,19
2014-07-09,4,4,30,17.9
2014-07-09,5,7,60,18.4
2014-07-09,6,0,NA,19
2014-07-09,7,8,120,20.9
2014-07-09,8,5,120,22.8
2014-07-09,9,5,170,24.8
2014-07-09,10,7,250,26.3
2014-07-09,11,4,280,29.3
2014-07-09,12,18,160,31.3
2014-07-09,13,16,180,33.4
2014-07-09,14,17,180,33.3
2014-07-09,15,20,190,32.7
2014-07-09,16,16,190,32.4
2014-07-09,17,18,200,32.6
2014-07-09,18,8,250,32.5
2014-07-09,19,5,260,30.7
2014-07-09,20,6,150,28
2014-07-09,21,7,80,24.1
2014-07-09,22,9,340,22.3
2014-07-09,23,10,70,22.1
2014-07-10,0,9,60,21.1
2014-07-10,1,8,70,19.8
2014-07-10,2,5,10,19.5
2014-07-10,3,0,NA,18.2
2014-07-10,4,4,40,18
2014-07-10,5,3,330,17.7
2014-07-10,6,0,NA,19.7
2014-07-10,7,5,300,20.6
2014-07-10,8,10,300,21.8
2014-07-10,9,7,300,23.6
2014-07-10,10,3,280,25
2014-07-10,11,4,350,26.4
2014-07-10,12,5,300,28.2
2014-07-10,13,9,300,29.3
2014-07-10,14,8,260,30.4
2014-07-10,15,7,270,30.3
2014-07-10,16,10,270,30.4
2014-07-10,17,9,320,30.2
2014-07-10,18,12,320,29.8
2014-07-10,19,9,310,28.4
2014-07-10,20,5,10,22.9
2014-07-10,21,5,350,22.2
2014-07-10,22,6,40,21.2
2014-07-10,23,5,30,20.4
2014-07-11,0,6,30,19.6
2014-07-11,1,3,20,19.5
2014-07-11,2,6,50,17.9
2014-07-11,3,5,30,17.7
2014-07-11,4,4,300,16.4
2014-07-11,5,0,NA,16.3
2014-07-11,6,0,NA,18.2
2014-07-11,7,0,NA,19.8
2014-07-11,8,0,NA,22.3
2014-07-11,9,5,260,23.2
2014-07-11,10,4,360,25.1
2014-07-11,11,3,250,27
2014-07-11,12,4,230,28.3
2014-07-11,13,9,270,29.7
2014-07-11,14,8,250,30.7
2014-07-11,15,8,230,31.4
2014-07-11,16,9,250,31.5
2014-07-11,17,7,280,31.9
2014-07-11,18,5,280,31.2
2014-07-11,19,4,290,27.7
2014-07-11,20,4,20,23.7
2014-07-11,21,6,50,22.9
2014-07-11,22,6,30,22.9
2014-07-11,23,5,360,21.6
2014-07-12,0,4,310,20.4
2014-07-12,1,3,120,19
2014-07-12,2,8,70,18.2
2014-07-12,3,8,60,17.1
2014-07-12,4,4,350,17.5
2014-07-12,5,5,50,17.4
2014-07-12,6,0,NA,19.2
2014-07-12,7,0,NA,19.9
2014-07-12,8,3,250,22.3
2014-07-12,9,3,220,23.5
2014-07-12,10,6,250,25.6
2014-07-12,11,5,270,27.5
2014-07-12,12,7,280,28.9
2014-07-12,13,7,270,30.6
2014-07-12,14,9,260,31.6
2014-07-12,15,6,270,33.8
2014-07-12,16,5,290,34.1
2014-07-12,17,5,270,34.4
2014-07-12,18,4,270,33.6
2014-07-12,19,4,310,28.8
2014-07-12,20,9,70,25.1
2014-07-12,21,10,60,24.3
2014-07-12,22,4,20,25.1
2014-07-12,23,7,360,23.9
2014-07-13,0,0,NA,22.2
2014-07-13,1,3,110,20.7
2014-07-13,2,4,10,20
2014-07-13,3,3,90,19.4
2014-07-13,4,5,50,17.4
2014-07-13,5,3,70,18.2
2014-07-13,6,0,NA,20.3
2014-07-13,7,3,250,20.6
2014-07-13,8,0,NA,22.9
2014-07-13,9,5,320,24.2
2014-07-13,10,8,290,25.9
2014-07-13,11,9,270,27.9
2014-07-13,12,7,310,29.6
2014-07-13,13,7,290,32
2014-07-13,14,6,280,32.6
2014-07-13,15,8,300,33.5
2014-07-13,16,8,280,34.3
2014-07-13,17,3,320,34.9
2014-07-13,18,6,310,32.5
2014-07-13,19,3,330,29.2
2014-07-13,20,3,10,27
2014-07-13,21,11,60,24
2014-07-13,22,7,340,25
2014-07-13,23,7,350,24.2
2014-07-14,0,5,260,22.1
2014-07-14,1,3,360,22.3
2014-07-14,2,0,NA,22.1
2014-07-14,3,3,360,20.1
2014-07-14,4,5,240,19.7
2014-07-14,5,3,300,19.7
2014-07-14,6,0,NA,20.7
2014-07-14,7,0,NA,20
2014-07-14,8,0,NA,22
2014-07-14,9,3,200,20.8
2014-07-14,10,7,300,20.2
2014-07-14,11,0,NA,20.6
2014-07-14,12,8,310,19.2
2014-07-14,13,8,330,20.9
2014-07-14,14,22,330,20.6
2014-07-14,15,12,320,20.3
2014-07-14,16,20,320,22.5
2014-07-14,17,20,320,23.7
2014-07-14,18,24,320,23
2014-07-14,19,10,330,21.8
2014-07-14,20,6,330,19.9
2014-07-14,21,7,340,19.5
2014-07-14,22,4,350,19.1
2014-07-14,23,0,NA,19.1
2014-07-15,0,0,NA,18.9
2014-07-15,1,7,70,17.7
2014-07-15,2,5,50,17.6
2014-07-15,3,0,NA,17.6
2014-07-15,4,5,50,17.4
2014-07-15,5,3,30,16.9
2014-07-15,6,0,NA,17.9
2014-07-15,7,4,240,18.7
2014-07-15,8,11,320,19.7
2014-07-15,9,7,330,22.5
2014-07-15,10,11,280,24
2014-07-15,11,8,290,26.1
2014-07-15,12,8,300,27.7
2014-07-15,13,9,300,28.9
2014-07-15,14,9,300,30
2014-07-15,15,7,300,30.5
2014-07-15,16,7,260,30.4
2014-07-15,17,0,NA,31.4
2014-07-15,18,6,310,29.7
2014-07-15,19,3,300,27.1
2014-07-15,20,4,50,25.3
2014-07-15,21,8,50,22.9
2014-07-15,22,8,60,22.8
2014-07-15,23,4,360,22.1
2014-07-16,0,5,50,20.6
2014-07-16,1,4,100,21.1
2014-07-16,2,0,NA,19.7
2014-07-16,3,3,20,20
2014-07-16,4,4,20,19.2
2014-07-16,5,3,20,18.3
2014-07-16,6,0,NA,20.3
2014-07-16,7,3,250,20.7
2014-07-16,8,4,240,22.4
2014-07-16,9,3,170,24.7
2014-07-16,10,5,270,26.7
2014-07-16,11,6,290,28.5
2014-07-16,12,7,260,29.8
2014-07-16,13,6,290,31
2014-07-16,14,11,310,32.7
2014-07-16,15,8,260,34.4
2014-07-16,16,7,260,34.3
2014-07-16,17,3,300,34.3
2014-07-16,18,3,310,33.7
2014-07-16,19,4,50,29.4
2014-07-16,20,7,90,26.5
2014-07-16,21,9,80,26.5
2014-07-16,22,11,70,26.1
2014-07-16,23,5,40,24.4
2014-07-17,0,10,50,24.4
2014-07-17,1,7,60,23.4
2014-07-17,2,6,50,22.4
2014-07-17,3,7,50,21.3
2014-07-17,4,13,70,21
2014-07-17,5,10,70,20.3
2014-07-17,6,0,NA,20.4
2014-07-17,7,9,80,22.1
2014-07-17,8,3,200,23.7
2014-07-17,9,5,250,24.9
2014-07-17,10,21,170,27.4
2014-07-17,11,19,160,28.6
2014-07-17,12,21,150,28.8
2014-07-17,13,16,160,30.3
2014-07-17,14,15,180,30.6
2014-07-17,15,16,220,32.4
2014-07-17,16,20,210,31.1
2014-07-17,17,16,200,31
2014-07-17,18,16,220,29.2
2014-07-17,19,5,240,28.1
2014-07-17,20,9,130,25.8
2014-07-17,21,7,90,24.5
2014-07-17,22,9,80,22
2014-07-17,23,11,70,22.1
2014-07-18,0,7,70,21.3
2014-07-18,1,5,50,21.2
2014-07-18,2,6,40,19.8
2014-07-18,3,8,70,18.6
2014-07-18,4,7,60,18.4
2014-07-18,5,5,30,17.2
2014-07-18,6,3,60,18.4
2014-07-18,7,0,NA,20.9
2014-07-18,8,0,NA,22.1
2014-07-18,9,6,280,22.6
2014-07-18,10,3,110,24.4
2014-07-18,11,13,170,25.8
2014-07-18,12,17,170,27.3
2014-07-18,13,17,180,28.4
2014-07-18,14,11,190,26.1
2014-07-18,15,20,170,27.2
2014-07-18,16,18,170,27.5
2014-07-18,17,16,160,25.6
2014-07-18,18,14,160,25.7
2014-07-18,19,10,130,24.4
2014-07-18,20,9,150,23.9
2014-07-18,21,3,20,22.3
2014-07-18,22,3,10,20.6
2014-07-18,23,6,60,19.5
2014-07-19,0,0,NA,20.4
2014-07-19,1,6,90,18.5
2014-07-19,2,4,80,17.8
2014-07-19,3,9,80,17.9
2014-07-19,4,4,80,16.4
2014-07-19,5,6,60,16.7
2014-07-19,6,6,70,18.5
2014-07-19,7,3,120,19.1
2014-07-19,8,0,NA,24.2
2014-07-19,9,17,190,24.9
2014-07-19,10,16,180,25.4
2014-07-19,11,10,180,24.1
2014-07-19,12,11,190,23.8
2014-07-19,13,3,310,23.6
2014-07-19,14,0,NA,22.9
2014-07-19,15,8,130,24.1
2014-07-19,16,7,140,25.9
2014-07-19,17,5,250,25.9
2014-07-19,18,9,120,25.6
2014-07-19,19,6,140,25.1
2014-07-19,20,7,170,22.7
2014-07-19,21,6,170,22.3
2014-07-19,22,3,210,20.5
2014-07-19,23,4,340,18.7
2014-07-20,0,3,180,18.6
2014-07-20,1,4,70,19.3
2014-07-20,2,3,60,19.1
2014-07-20,3,9,80,18.3
2014-07-20,4,0,NA,18
2014-07-20,5,4,190,19.3
2014-07-20,6,5,50,18.3
2014-07-20,7,3,360,19.4
2014-07-20,8,5,130,21.8
2014-07-20,9,12,150,22.8
2014-07-20,10,17,160,24.4
2014-07-20,11,16,170,24.3
2014-07-20,12,16,200,25.8
2014-07-20,13,11,190,24.7
2014-07-20,14,12,180,26.4
2014-07-20,15,7,150,26.2
2014-07-20,16,6,200,25.4
2014-07-20,17,10,240,26.9
2014-07-20,18,11,150,24.6
2014-07-20,19,7,150,23.5
2014-07-20,20,0,NA,21.2
2014-07-20,21,7,330,19.5
2014-07-20,22,8,320,19.1
2014-07-20,23,0,NA,18
2014-07-21,0,5,160,17
2014-07-21,1,8,70,16.4
2014-07-21,2,10,70,16.4
2014-07-21,3,12,80,15.3
2014-07-21,4,10,70,14.7
2014-07-21,5,9,80,13.8
2014-07-21,6,5,100,16.3
2014-07-21,7,3,240,17.3
2014-07-21,8,14,170,19.9
2014-07-21,9,17,170,21.3
2014-07-21,10,16,170,21.9
2014-07-21,11,16,170,23.2
2014-07-21,12,16,160,24.5
2014-07-21,13,17,160,24.6
2014-07-21,14,14,170,25.7
2014-07-21,15,15,170,25.4
2014-07-21,16,12,160,25.1
2014-07-21,17,13,160,24.5
2014-07-21,18,15,160,22.8
2014-07-21,19,10,160,22
2014-07-21,20,5,200,20.6
2014-07-21,21,0,NA,19.1
2014-07-21,22,5,180,18.5
2014-07-21,23,5,110,17.4
2014-07-22,0,6,60,16.3
2014-07-22,1,0,NA,15.8
2014-07-22,2,10,60,16.7
2014-07-22,3,8,70,16.8
2014-07-22,4,12,80,16.5
2014-07-22,5,5,320,15.7
2014-07-22,6,0,NA,15.7
2014-07-22,7,0,NA,15.7
2014-07-22,8,0,NA,17.2
2014-07-22,9,3,150,16.7
2014-07-22,10,7,110,14.8
2014-07-22,11,5,240,15.4
2014-07-22,12,5,290,16.8
2014-07-22,13,0,NA,17.9
2014-07-22,14,0,NA,19.3
2014-07-22,15,5,290,21
2014-07-22,16,6,290,21.2
2014-07-22,17,7,270,22.8
2014-07-22,18,4,270,22.3
2014-07-22,19,0,NA,20.9
2014-07-22,20,4,320,17.5
2014-07-22,21,0,NA,16.5
2014-07-22,22,4,30,15.7
2014-07-22,23,0,NA,16
2014-07-23,0,3,220,15.3
2014-07-23,1,4,360,15.9
2014-07-23,2,3,10,15
2014-07-23,3,8,70,14
2014-07-23,4,7,60,14.2
2014-07-23,5,5,40,13.5
2014-07-23,6,0,NA,14.3
2014-07-23,7,0,NA,16.1
2014-07-23,8,4,300,17.5
2014-07-23,9,4,260,19.4
2014-07-23,10,4,300,21.7
2014-07-23,11,4,260,24.3
2014-07-23,12,6,230,25.3
2014-07-23,13,9,320,27.1
2014-07-23,14,9,290,28.6
2014-07-23,15,9,280,29.4
2014-07-23,16,8,290,27.7
2014-07-23,17,20,80,20.4
2014-07-23,18,11,110,18.8
2014-07-23,19,20,100,18.2
2014-07-23,20,9,140,17.8
2014-07-23,21,8,170,17.6
2014-07-23,22,18,160,17.7
2014-07-23,23,19,170,17.4
2014-07-24,0,14,160,16.5
2014-07-24,1,19,170,15.5
2014-07-24,2,20,180,15.5
2014-07-24,3,12,150,15
2014-07-24,4,14,170,14.4
2014-07-24,5,13,170,12.7
2014-07-24,6,18,170,13.3
2014-07-24,7,14,170,13.7
2014-07-24,8,15,170,13.7
2014-07-24,9,14,220,14.2
2014-07-24,10,14,200,13.2
2014-07-24,11,11,180,13.7
2014-07-24,12,13,150,13.9
2014-07-24,13,16,160,14.6
2014-07-24,14,14,160,14.7
2014-07-24,15,15,190,15.7
2014-07-24,16,14,180,15.4
2014-07-24,17,14,170,14.2
2014-07-24,18,13,150,14.1
2014-07-24,19,0,NA,14.5
2014-07-24,20,3,80,14.2
2014-07-24,21,5,170,14.1
2014-07-24,22,3,100,14.4
2014-07-24,23,0,NA,12.6
2014-07-25,0,7,60,11.5
2014-07-25,1,3,70,11
2014-07-25,2,9,70,10.8
2014-07-25,3,9,70,9.8
2014-07-25,4,3,10,10.1
2014-07-25,5,0,NA,10.5
2014-07-25,6,0,NA,12.7
2014-07-25,7,0,NA,14
2014-07-25,8,4,250,15.9
2014-07-25,9,9,280,17.3
2014-07-25,10,6,240,19.1
2014-07-25,11,7,270,20.4
2014-07-25,12,7,250,20.9
2014-07-25,13,9,290,20.9
2014-07-25,14,12,300,20.9
2014-07-25,15,12,310,23.6
2014-07-25,16,13,310,21.5
2014-07-25,17,16,340,20
2014-07-25,18,15,330,21.3
2014-07-25,19,17,320,19.9
2014-07-25,20,8,310,16.7
2014-07-25,21,6,50,15.4
2014-07-25,22,7,60,14.2
2014-07-25,23,6,60,13.8
2014-07-26,0,7,60,13.8
2014-07-26,1,3,40,14.3
2014-07-26,2,0,NA,13.7
2014-07-26,3,3,90,13.8
2014-07-26,4,3,130,13
2014-07-26,5,5,70,12.2
2014-07-26,6,3,50,14.9
2014-07-26,7,0,NA,15.7
2014-07-26,8,5,330,17.5
2014-07-26,9,8,280,18.6
2014-07-26,10,3,230,21.3
2014-07-26,11,8,270,20.5
2014-07-26,12,5,200,22.9
2014-07-26,13,5,330,24.4
2014-07-26,14,8,280,25.9
2014-07-26,15,10,280,27.3
2014-07-26,16,8,270,27.6
2014-07-26,17,6,300,27.7
2014-07-26,18,4,270,27.1
2014-07-26,19,3,330,22.8
2014-07-26,20,4,20,20
2014-07-26,21,7,50,19.4
2014-07-26,22,5,360,19.5
2014-07-26,23,4,10,18.3
2014-07-27,0,3,230,16.8
2014-07-27,1,4,10,17.1
2014-07-27,2,3,190,15.9
2014-07-27,3,6,60,14.9
2014-07-27,4,6,70,14.3
2014-07-27,5,5,50,13.9
2014-07-27,6,0,NA,15.6
2014-07-27,7,0,NA,17.7
2014-07-27,8,4,260,19.3
2014-07-27,9,5,280,21.3
2014-07-27,10,5,240,22.9
2014-07-27,11,4,260,25.3
2014-07-27,12,7,270,27.7
2014-07-27,13,7,290,29.8
2014-07-27,14,10,250,31.6
2014-07-27,15,10,250,31.7
2014-07-27,16,7,260,31.8
2014-07-27,17,5,270,30.9
2014-07-27,18,6,280,31
2014-07-27,19,3,300,24.1
2014-07-27,20,3,340,23.3
2014-07-27,21,7,50,21.5
2014-07-27,22,7,360,22.1
2014-07-27,23,8,340,21.3
2014-07-28,0,4,60,19.4
2014-07-28,1,3,290,19.2
2014-07-28,2,0,NA,18.2
2014-07-28,3,0,NA,18.1
2014-07-28,4,5,90,17.5
2014-07-28,5,5,160,18.3
2014-07-28,6,5,50,17
2014-07-28,7,4,150,18
2014-07-28,8,0,NA,19.2
2014-07-28,9,3,340,22.6
2014-07-28,10,5,270,24.8
2014-07-28,11,6,300,26.7
2014-07-28,12,8,270,29.4
2014-07-28,13,7,270,30.5
2014-07-28,14,8,220,32.4
2014-07-28,15,8,260,34
2014-07-28,16,6,240,35.1
2014-07-28,17,8,290,34.3
2014-07-28,18,5,290,32.3
2014-07-28,19,4,340,28.7
2014-07-28,20,5,40,26.5
2014-07-28,21,7,50,24.3
2014-07-28,22,9,340,24.1
2014-07-28,23,0,NA,22.7
2014-07-29,0,5,20,22.9
2014-07-29,1,3,20,21
2014-07-29,2,4,350,20.7
2014-07-29,3,3,90,19.6
2014-07-29,4,0,NA,19
2014-07-29,5,0,NA,18.3
2014-07-29,6,0,NA,20.3
2014-07-29,7,0,NA,21.2
2014-07-29,8,4,250,22.5
2014-07-29,9,4,250,25
2014-07-29,10,5,260,27
2014-07-29,11,5,250,29.2
2014-07-29,12,6,260,30.9
2014-07-29,13,7,270,33.1
2014-07-29,14,7,300,34.5
2014-07-29,15,10,320,31.7
2014-07-29,16,8,300,32.8
2014-07-29,17,4,310,28.7
2014-07-29,18,0,NA,31.5
2014-07-29,19,9,50,27.2
2014-07-29,20,8,60,25.5
2014-07-29,21,8,40,24.5
2014-07-29,22,0,NA,26.6
2014-07-29,23,4,350,24.7
2014-07-30,0,4,100,22.4
2014-07-30,1,4,30,22.5
2014-07-30,2,0,NA,20.5
2014-07-30,3,5,10,21.3
2014-07-30,4,5,60,18.7
2014-07-30,5,4,50,19.3
2014-07-30,6,4,30,20.1
2014-07-30,7,3,260,20.9
2014-07-30,8,5,260,22.6
2014-07-30,9,7,290,25.2
2014-07-30,10,4,250,27.3
2014-07-30,11,5,270,30.2
2014-07-30,12,13,280,30.9
2014-07-30,13,3,30,29.2
2014-07-30,14,5,60,28.9
2014-07-30,15,0,NA,28
2014-07-30,16,4,170,28.8
2014-07-30,17,9,100,33.7
2014-07-30,18,4,280,31.6
2014-07-30,19,9,70,27.4
2014-07-30,20,5,20,25.6
2014-07-30,21,3,280,25.9
2014-07-30,22,4,70,25.7
2014-07-30,23,4,280,24.1
2014-07-31,0,3,50,23.1
2014-07-31,1,4,30,22.6
2014-07-31,2,4,40,21.7
2014-07-31,3,3,330,19.9
2014-07-31,4,4,70,19.2
2014-07-31,5,3,20,18.6
2014-07-31,6,0,NA,19.5
2014-07-31,7,3,280,21.3
2014-07-31,8,4,240,22.4
2014-07-31,9,4,210,24.6
2014-07-31,10,5,220,27
2014-07-31,11,6,270,29.9
2014-07-31,12,7,270,31.8
2014-07-31,13,7,250,33.9
2014-07-31,14,4,70,36.1
2014-07-31,15,9,290,36.3
2014-07-31,16,10,310,34.3
2014-07-31,17,6,300,34.3
2014-07-31,18,4,290,31.7
2014-07-31,19,5,10,28.1
2014-07-31,20,11,60,25.7
2014-07-31,21,7,50,24.2
2014-07-31,22,5,40,25.5
2014-07-31,23,4,20,23.9
2014-08-01,0,8,70,21.4
2014-08-01,1,4,30,22.6
2014-08-01,2,4,220,20.2
2014-08-01,3,8,60,17.4
2014-08-01,4,0,NA,19
2014-08-01,5,7,60,18.3
2014-08-01,6,5,330,19.3
2014-08-01,7,3,300,20.5
2014-08-01,8,0,NA,21.6
2014-08-01,9,0,NA,23.4
2014-08-01,10,4,310,25.3
2014-08-01,11,4,310,27
2014-08-01,12,6,260,29
2014-08-01,13,6,240,29
2014-08-01,14,4,260,32.4
2014-08-01,15,3,240,31.8
2014-08-01,16,0,NA,34.4
2014-08-01,17,5,260,33.5
2014-08-01,18,6,270,31.9
2014-08-01,19,4,220,27.3
2014-08-01,20,9,80,25.6
2014-08-01,21,4,40,25.9
2014-08-01,22,4,50,24.1
2014-08-01,23,4,30,24.9
2014-08-02,0,8,70,23
2014-08-02,1,5,30,21.7
2014-08-02,2,3,70,22.9
2014-08-02,3,0,NA,21.5
2014-08-02,4,4,30,22.3
2014-08-02,5,0,NA,21.7
2014-08-02,6,4,50,21.7
2014-08-02,7,3,40,22
2014-08-02,8,4,30,22.6
2014-08-02,9,7,280,26.5
2014-08-02,10,6,320,27.4
2014-08-02,11,10,280,29.8
2014-08-02,12,6,250,30.8
2014-08-02,13,4,230,32.1
2014-08-02,14,8,180,33.8
2014-08-02,15,9,320,29.6
2014-08-02,16,10,320,25.9
2014-08-02,17,15,310,25.5
2014-08-02,18,39,330,22.3
2014-08-02,19,17,350,23.4
2014-08-02,20,7,110,20.2
2014-08-02,21,12,170,22.1
2014-08-02,22,6,130,19.5
2014-08-02,23,0,NA,19
2014-08-03,0,4,30,17.5
2014-08-03,1,5,130,17.4
2014-08-03,2,10,100,15.4
2014-08-03,3,3,100,15.8
2014-08-03,4,4,10,15.6
2014-08-03,5,0,NA,15.3
2014-08-03,6,0,NA,17.1
2014-08-03,7,0,NA,19.2
2014-08-03,8,5,250,19.6
2014-08-03,9,4,280,21.5
2014-08-03,10,4,280,24.3
2014-08-03,11,5,260,26.2
2014-08-03,12,7,240,28.5
2014-08-03,13,8,220,30
2014-08-03,14,8,200,31.3
2014-08-03,15,5,150,31.7
2014-08-03,16,14,310,29.9
2014-08-03,17,14,300,26.2
2014-08-03,18,11,260,24.9
2014-08-03,19,5,230,22.6
2014-08-03,20,12,70,21.6
2014-08-03,21,6,350,21.6
2014-08-03,22,4,260,20.4
2014-08-03,23,5,320,21.1
2014-08-04,0,6,50,17.4
2014-08-04,1,0,NA,18.3
2014-08-04,2,3,330,17.5
2014-08-04,3,4,190,16.9
2014-08-04,4,0,NA,17
2014-08-04,5,0,NA,16.7
2014-08-04,6,0,NA,18.2
2014-08-04,7,0,NA,19.1
2014-08-04,8,4,230,21.1
2014-08-04,9,6,250,23.3
2014-08-04,10,4,270,25.1
2014-08-04,11,6,310,27.3
2014-08-04,12,12,310,26.1
2014-08-04,13,9,330,26
2014-08-04,14,13,310,29.3
2014-08-04,15,11,290,29.8
2014-08-04,16,7,270,28.1
2014-08-04,17,0,NA,31
2014-08-04,18,17,320,26.6
2014-08-04,19,21,320,26.4
2014-08-04,20,3,10,23.3
2014-08-04,21,16,310,23.3
2014-08-04,22,6,340,22.6
2014-08-04,23,4,360,21.8
2014-08-05,0,3,360,20.3
2014-08-05,1,3,330,20.3
2014-08-05,2,0,NA,19
2014-08-05,3,3,340,18.8
2014-08-05,4,7,360,17.8
2014-08-05,5,0,NA,16.5
2014-08-05,6,0,NA,18.6
2014-08-05,7,3,250,19.8
2014-08-05,8,3,250,21.9
2014-08-05,9,6,280,22.6
2014-08-05,10,7,290,25.3
2014-08-05,11,6,250,26.7
2014-08-05,12,7,290,28.7
2014-08-05,13,7,260,29.8
2014-08-05,14,7,270,31.9
2014-08-05,15,7,260,33
2014-08-05,16,8,290,33.1
2014-08-05,17,4,320,32.9
2014-08-05,18,5,310,31.4
2014-08-05,19,4,340,26.3
2014-08-05,20,6,20,25.1
2014-08-05,21,6,50,23.6
2014-08-05,22,4,20,23.7
2014-08-05,23,4,40,22.9
2014-08-06,0,0,NA,21.7
2014-08-06,1,0,NA,20.9
2014-08-06,2,5,40,19.7
2014-08-06,3,0,NA,18.7
2014-08-06,4,0,NA,18.1
2014-08-06,5,4,120,16.8
2014-08-06,6,4,40,17.5
2014-08-06,7,0,NA,19.7
2014-08-06,8,3,230,20.7
2014-08-06,9,4,230,22.9
2014-08-06,10,6,260,25
2014-08-06,11,5,290,28
2014-08-06,12,13,200,30.5
2014-08-06,13,9,190,31.7
2014-08-06,14,14,150,31.5
2014-08-06,15,12,190,32.5
2014-08-06,16,18,200,32.4
2014-08-06,17,13,190,31.5
2014-08-06,18,8,230,30.1
2014-08-06,19,5,90,26.5
2014-08-06,20,9,90,25.1
2014-08-06,21,7,80,24.2
2014-08-06,22,8,80,22.8
2014-08-06,23,6,50,21.8
2014-08-07,0,4,30,20.7
2014-08-07,1,3,20,20.9
2014-08-07,2,10,60,19.5
2014-08-07,3,3,60,18.7
2014-08-07,4,7,60,17.9
2014-08-07,5,7,70,17.4
2014-08-07,6,4,30,17.8
2014-08-07,7,10,80,19.1
2014-08-07,8,7,100,20.7
2014-08-07,9,4,200,22.6
2014-08-07,10,4,260,23.8
2014-08-07,11,12,180,27.6
2014-08-07,12,11,190,29.3
2014-08-07,13,12,180,30.3
2014-08-07,14,13,140,31.1
2014-08-07,15,14,180,31.3
2014-08-07,16,15,190,30.9
2014-08-07,17,16,200,30.1
2014-08-07,18,16,200,28.9
2014-08-07,19,11,180,27.4
2014-08-07,20,7,100,23.5
2014-08-07,21,9,70,23.3
2014-08-07,22,11,70,22.2
2014-08-07,23,9,70,21.5
2014-08-08,0,5,50,20.3
2014-08-08,1,6,70,19.6
2014-08-08,2,10,70,19
2014-08-08,3,5,50,17.9
2014-08-08,4,15,80,17.6
2014-08-08,5,6,50,16.9
2014-08-08,6,5,60,16
2014-08-08,7,10,90,19.8
2014-08-08,8,4,150,20.5
2014-08-08,9,3,270,21.4
2014-08-08,10,3,130,22.6
2014-08-08,11,8,130,26
2014-08-08,12,11,150,26.7
2014-08-08,13,13,150,28.1
2014-08-08,14,14,180,29.4
2014-08-08,15,13,180,27.9
2014-08-08,16,18,190,28.9
2014-08-08,17,16,190,27.9
2014-08-08,18,13,180,26.9
2014-08-08,19,12,160,25.1
2014-08-08,20,8,110,23.2
2014-08-08,21,7,140,23.2
2014-08-08,22,12,100,21
2014-08-08,23,6,60,20
2014-08-09,0,6,70,18.9
2014-08-09,1,4,40,18.5
2014-08-09,2,6,60,17.8
2014-08-09,3,6,360,16.6
2014-08-09,4,0,NA,16.5
2014-08-09,5,7,80,15.1
2014-08-09,6,5,70,16
2014-08-09,7,0,NA,17.2
2014-08-09,8,4,240,18.9
2014-08-09,9,3,310,21.2
2014-08-09,10,3,180,22.3
2014-08-09,11,6,200,24
2014-08-09,12,5,230,25.4
2014-08-09,13,7,270,28.3
2014-08-09,14,7,230,29.9
2014-08-09,15,6,330,30.8
2014-08-09,16,5,220,30.4
2014-08-09,17,4,200,30.1
2014-08-09,18,3,330,27.8
2014-08-09,19,5,30,23
2014-08-09,20,6,50,22
2014-08-09,21,8,60,21.2
2014-08-09,22,6,40,21.3
2014-08-09,23,7,340,20.4
2014-08-10,0,8,350,19.6
2014-08-10,1,0,NA,18.6
2014-08-10,2,5,60,17.3
2014-08-10,3,5,40,16.9
2014-08-10,4,4,60,15.7
2014-08-10,5,3,10,15.2
2014-08-10,6,5,60,16
2014-08-10,7,0,NA,17.9
2014-08-10,8,3,250,18.8
2014-08-10,9,3,240,21.1
2014-08-10,10,7,280,23.1
2014-08-10,11,8,290,24.9
2014-08-10,12,5,320,26.8
2014-08-10,13,8,260,28.8
2014-08-10,14,6,260,30.7
2014-08-10,15,7,290,31.4
2014-08-10,16,8,300,31.4
2014-08-10,17,6,300,31.6
2014-08-10,18,3,310,30.6
2014-08-10,19,4,340,25.7
2014-08-10,20,9,60,23.3
2014-08-10,21,11,70,22.2
2014-08-10,22,6,360,23.5
2014-08-10,23,0,NA,21.9
2014-08-11,0,6,30,20.9
2014-08-11,1,0,NA,20.3
2014-08-11,2,7,60,18.8
2014-08-11,3,4,50,18.5
2014-08-11,4,3,30,18
2014-08-11,5,3,50,17.1
2014-08-11,6,6,50,18.2
2014-08-11,7,0,NA,20.3
2014-08-11,8,3,290,21.2
2014-08-11,9,3,260,24.1
2014-08-11,10,4,280,26.1
2014-08-11,11,8,250,27.4
2014-08-11,12,7,270,29.9
2014-08-11,13,7,260,32.3
2014-08-11,14,7,280,33.8
2014-08-11,15,5,230,35.7
2014-08-11,16,7,260,35.6
2014-08-11,17,7,270,35.3
2014-08-11,18,3,110,32.8
2014-08-11,19,3,50,28.3
2014-08-11,20,11,60,25.1
2014-08-11,21,6,40,26.1
2014-08-11,22,5,40,24.9
2014-08-11,23,5,40,23.6
2014-08-12,0,4,10,22.1
2014-08-12,1,5,360,21.8
2014-08-12,2,3,50,21
2014-08-12,3,5,360,18.6
2014-08-12,4,3,50,19.9
2014-08-12,5,5,40,18.8
2014-08-12,6,6,260,17.4
2014-08-12,7,8,110,18.5
2014-08-12,8,0,NA,17.6
2014-08-12,9,6,10,17.7
2014-08-12,10,13,330,20.4
2014-08-12,11,8,70,20.5
2014-08-12,12,7,220,21.6
2014-08-12,13,8,230,22.9
2014-08-12,14,7,110,22.6
2014-08-12,15,0,NA,23.6
2014-08-12,16,0,NA,23.6
2014-08-12,17,0,NA,24.9
2014-08-12,18,3,300,22.5
2014-08-12,19,8,290,20.7
2014-08-12,20,6,80,19.8
2014-08-12,21,11,80,20.9
2014-08-12,22,10,110,21.7
2014-08-12,23,5,340,20.2
2014-08-13,0,8,130,19.8
2014-08-13,1,7,120,18.7
2014-08-13,2,0,NA,18.5
2014-08-13,3,5,180,17.3
2014-08-13,4,6,100,15.6
2014-08-13,5,9,120,15.7
2014-08-13,6,4,150,17.7
2014-08-13,7,5,120,17.5
2014-08-13,8,4,140,19.3
2014-08-13,9,5,140,22.2
2014-08-13,10,6,260,24.3
2014-08-13,11,5,320,26.8
2014-08-13,12,6,290,29
2014-08-13,13,6,120,30.7
2014-08-13,14,3,170,30.9
2014-08-13,15,9,120,31.2
2014-08-13,16,10,180,30.2
2014-08-13,17,15,160,28.6
2014-08-13,18,6,240,26.4
2014-08-13,19,8,190,25.1
2014-08-13,20,6,220,24.1
2014-08-13,21,0,NA,22.3
2014-08-13,22,4,180,22.1
2014-08-13,23,0,NA,21.9
2014-08-14,0,0,NA,20.3
2014-08-14,1,0,NA,20.2
2014-08-14,2,3,300,18.8
2014-08-14,3,6,90,18
2014-08-14,4,6,120,17.9
2014-08-14,5,4,70,18.3
2014-08-14,6,4,120,18.9
2014-08-14,7,6,160,17.8
2014-08-14,8,3,120,19.9
2014-08-14,9,7,140,19.1
2014-08-14,10,7,330,17.5
2014-08-14,11,6,290,17.1
2014-08-14,12,6,260,17
2014-08-14,13,0,NA,17.4
2014-08-14,14,8,290,19.3
2014-08-14,15,12,290,20.1
2014-08-14,16,16,300,20.4
2014-08-14,17,13,300,20.7
2014-08-14,18,11,310,19.5
2014-08-14,19,9,310,17.3
2014-08-14,20,6,340,17.1
2014-08-14,21,4,330,17.1
2014-08-14,22,7,310,16.4
2014-08-14,23,5,60,16.5
2014-08-15,0,7,310,16
2014-08-15,1,3,260,15.8
2014-08-15,2,3,350,16.2
2014-08-15,3,6,60,16.1
2014-08-15,4,0,NA,15.7
2014-08-15,5,3,70,15.9
2014-08-15,6,4,100,16.2
2014-08-15,7,4,100,16.9
2014-08-15,8,4,250,18.1
2014-08-15,9,4,130,19.6
2014-08-15,10,3,150,22
2014-08-15,11,7,210,22.7
2014-08-15,12,4,270,23.7
2014-08-15,13,8,240,22.4
2014-08-15,14,14,140,17.9
2014-08-15,15,10,120,16.8
2014-08-15,16,7,80,16.6
2014-08-15,17,0,NA,17
2014-08-15,18,4,60,17.2
2014-08-15,19,4,100,16
2014-08-15,20,0,NA,15.6
2014-08-15,21,4,130,14.8
2014-08-15,22,4,90,14.5
2014-08-15,23,6,100,14.6
2014-08-16,0,3,120,14.6
2014-08-16,1,3,100,14.4
2014-08-16,2,0,NA,14.5
2014-08-16,3,6,110,14.4
2014-08-16,4,5,90,14.5
2014-08-16,5,0,NA,14.4
2014-08-16,6,3,120,14.8
2014-08-16,7,0,NA,15.5
2014-08-16,8,0,NA,16.3
2014-08-16,9,5,250,16.2
2014-08-16,10,6,260,16.3
2014-08-16,11,0,NA,16.4
2014-08-16,12,0,NA,18.3
2014-08-16,13,0,NA,19.3
2014-08-16,14,4,290,20.1
2014-08-16,15,6,270,20.5
2014-08-16,16,6,300,19.9
2014-08-16,17,10,300,19.4
2014-08-16,18,6,300,19
2014-08-16,19,8,330,18.4
2014-08-16,20,5,320,18
2014-08-16,21,5,290,17
2014-08-16,22,0,NA,16.4
2014-08-16,23,3,10,16.6
2014-08-17,0,0,NA,15.3
2014-08-17,1,0,NA,15.7
2014-08-17,2,5,70,15
2014-08-17,3,4,50,14.7
2014-08-17,4,5,70,14.6
2014-08-17,5,4,90,14.9
2014-08-17,6,3,80,15.7
2014-08-17,7,0,NA,16.5
2014-08-17,8,3,170,17.5
2014-08-17,9,7,220,19.1
2014-08-17,10,6,230,19.8
2014-08-17,11,5,280,22.9
2014-08-17,12,8,220,21.9
2014-08-17,13,6,260,23.1
2014-08-17,14,5,290,24.1
2014-08-17,15,5,300,22.1
2014-08-17,16,0,NA,20.9
2014-08-17,17,3,260,20.3
2014-08-17,18,0,NA,20.6
2014-08-17,19,5,50,18.5
2014-08-17,20,7,50,18
2014-08-17,21,7,60,17.1
2014-08-17,22,7,50,17.2
2014-08-17,23,0,NA,16.8
2014-08-18,0,3,90,16.4
2014-08-18,1,4,40,16.4
2014-08-18,2,3,350,15.9
2014-08-18,3,0,NA,15.7
2014-08-18,4,0,NA,15.3
2014-08-18,5,3,10,15
2014-08-18,6,0,NA,14.9
2014-08-18,7,4,70,17.6
2014-08-18,8,4,270,19.2
2014-08-18,9,9,290,20.6
2014-08-18,10,7,270,22.6
2014-08-18,11,5,310,24
2014-08-18,12,6,330,25
2014-08-18,13,8,280,26.7
2014-08-18,14,4,270,28.6
2014-08-18,15,5,260,29.6
2014-08-18,16,7,320,29.1
2014-08-18,17,7,290,28.2
2014-08-18,18,4,280,27.2
2014-08-18,19,8,330,22.6
2014-08-18,20,0,NA,21.7
2014-08-18,21,0,NA,20.3
2014-08-18,22,3,80,19.4
2014-08-18,23,5,350,19.9
2014-08-19,0,0,NA,18.9
2014-08-19,1,8,60,17.9
2014-08-19,2,8,60,17.7
2014-08-19,3,5,30,17.4
2014-08-19,4,6,10,16.7
2014-08-19,5,8,330,15.5
2014-08-19,6,7,280,15.7
2014-08-19,7,5,320,16.2
2014-08-19,8,5,210,16.7
2014-08-19,9,4,290,19.4
2014-08-19,10,3,70,21.8
2014-08-19,11,3,310,23.4
2014-08-19,12,9,290,23.2
2014-08-19,13,11,300,24.6
2014-08-19,14,21,320,22.7
2014-08-19,15,15,310,23.7
2014-08-19,16,14,300,24.9
2014-08-19,17,20,310,21.9
2014-08-19,18,20,320,22.2
2014-08-19,19,9,320,20.4
2014-08-19,20,10,320,18.9
2014-08-19,21,9,330,18.4
2014-08-19,22,0,NA,16.5
2014-08-19,23,4,70,16.3
2014-08-20,0,5,20,17
2014-08-20,1,0,NA,16
2014-08-20,2,4,50,15.1
2014-08-20,3,5,50,14.2
2014-08-20,4,0,NA,14.6
2014-08-20,5,15,70,14
2014-08-20,6,3,100,14.5
2014-08-20,7,3,150,15.1
2014-08-20,8,10,290,15.9
2014-08-20,9,14,330,16.4
2014-08-20,10,6,320,15.7
2014-08-20,11,3,250,15.8
2014-08-20,12,5,120,18.6
2014-08-20,13,6,130,19.4
2014-08-20,14,7,160,22
2014-08-20,15,7,230,23.2
2014-08-20,16,26,320,18.7
2014-08-20,17,10,300,15.4
2014-08-20,18,9,20,15.7
2014-08-20,19,12,80,15.7
2014-08-20,20,19,330,14.3
2014-08-20,21,11,70,14.3
2014-08-20,22,3,70,13.4
2014-08-20,23,5,100,14
2014-08-21,0,4,340,13
2014-08-21,1,6,40,13.7
2014-08-21,2,10,50,14.1
2014-08-21,3,8,80,12.8
2014-08-21,4,12,70,13.7
2014-08-21,5,5,50,12.2
2014-08-21,6,4,320,12.3
2014-08-21,7,3,340,14.5
2014-08-21,8,4,220,15.6
2014-08-21,9,0,NA,18.7
2014-08-21,10,4,140,20.3
2014-08-21,11,6,130,20.1
2014-08-21,12,5,220,22.3
2014-08-21,13,7,190,23.3
2014-08-21,14,8,230,24.5
2014-08-21,15,5,260,21.9
2014-08-21,16,4,90,21.6
2014-08-21,17,17,50,17.3
2014-08-21,18,14,40,15.8
2014-08-21,19,15,50,16.3
2014-08-21,20,14,50,15.4
2014-08-21,21,4,150,15.2
2014-08-21,22,13,90,14.6
2014-08-21,23,10,40,14.2
2014-08-22,0,8,60,14.1
2014-08-22,1,7,320,13.6
2014-08-22,2,7,250,13.3
2014-08-22,3,3,150,13.7
2014-08-22,4,3,250,13.1
2014-08-22,5,4,160,13.4
2014-08-22,6,3,240,13.2
2014-08-22,7,3,290,14
2014-08-22,8,13,70,15
2014-08-22,9,15,90,13.1
2014-08-22,10,7,50,13.8
2014-08-22,11,6,240,17.5
2014-08-22,12,5,40,17.4
2014-08-22,13,10,80,16.5
2014-08-22,14,4,270,17.8
2014-08-22,15,9,330,18.1
2014-08-22,16,8,300,18
2014-08-22,17,7,360,18.1
2014-08-22,18,12,60,18.1
2014-08-22,19,12,70,18
2014-08-22,20,9,80,17.3
2014-08-22,21,9,60,16.1
2014-08-22,22,7,50,16
2014-08-22,23,4,170,14.3
2014-08-23,0,4,160,14.8
2014-08-23,1,5,210,13.5
2014-08-23,2,12,70,13.6
2014-08-23,3,6,60,12.4
2014-08-23,4,8,80,12.2
2014-08-23,5,8,70,11.8
2014-08-23,6,4,40,12.8
2014-08-23,7,3,320,14.3
2014-08-23,8,8,260,15.6
2014-08-23,9,3,310,17.8
2014-08-23,10,3,170,19.3
2014-08-23,11,4,260,21.6
2014-08-23,12,3,290,23.3
2014-08-23,13,4,20,23.8
2014-08-23,14,7,100,23.7
2014-08-23,15,9,50,23.7
2014-08-23,16,9,20,23.5
2014-08-23,17,10,40,22.4
2014-08-23,18,8,40,21
2014-08-23,19,5,50,18.6
2014-08-23,20,6,30,17.2
2014-08-23,21,9,60,17.3
2014-08-23,22,4,350,16.5
2014-08-23,23,5,360,15.8
2014-08-24,0,5,20,14.5
2014-08-24,1,3,350,14
2014-08-24,2,13,60,14.5
2014-08-24,3,16,60,13.2
2014-08-24,4,8,60,12.5
2014-08-24,5,11,50,12.4
2014-08-24,6,10,50,12.8
2014-08-24,7,4,350,13.1
2014-08-24,8,5,70,15.5
2014-08-24,9,5,120,17.1
2014-08-24,10,3,50,16.9
2014-08-24,11,4,170,20.7
2014-08-24,12,4,260,22.9
2014-08-24,13,8,130,24
2014-08-24,14,12,70,22.4
2014-08-24,15,14,70,17.6
2014-08-24,16,6,40,19.6
2014-08-24,17,7,310,21.6
2014-08-24,18,10,320,19.4
2014-08-24,19,6,350,17
2014-08-24,20,8,340,16.5
2014-08-24,21,4,360,14.9
2014-08-24,22,3,340,15.1
2014-08-24,23,3,10,14
2014-08-25,0,4,30,13
2014-08-25,1,5,30,13.3
2014-08-25,2,3,20,12.4
2014-08-25,3,0,NA,11.2
2014-08-25,4,3,10,11.6
2014-08-25,5,3,210,10.7
2014-08-25,6,3,20,11.7
2014-08-25,7,0,NA,13.5
2014-08-25,8,0,NA,15.5
2014-08-25,9,5,230,16.6
2014-08-25,10,4,140,18.6
2014-08-25,11,4,130,21
2014-08-25,12,4,220,23.4
2014-08-25,13,6,210,23.9
2014-08-25,14,5,270,24.7
2014-08-25,15,7,270,26
2014-08-25,16,5,320,26.3
2014-08-25,17,8,310,23.7
2014-08-25,18,5,260,20.9
2014-08-25,19,5,10,17.6
2014-08-25,20,7,50,17.7
2014-08-25,21,8,60,16.5
2014-08-25,22,3,70,17.4
2014-08-25,23,0,NA,15.8
2014-08-26,0,7,60,14.9
2014-08-26,1,8,70,14.3
2014-08-26,2,4,30,14.2
2014-08-26,3,8,60,12.9
2014-08-26,4,0,NA,12.6
2014-08-26,5,6,60,12
2014-08-26,6,0,NA,12.4
2014-08-26,7,0,NA,14.8
2014-08-26,8,3,240,15.9
2014-08-26,9,3,230,18.3
2014-08-26,10,3,270,19.6
2014-08-26,11,5,230,21.5
2014-08-26,12,4,210,23.7
2014-08-26,13,5,320,26
2014-08-26,14,5,290,26.9
2014-08-26,15,4,300,27.3
2014-08-26,16,7,270,28.4
2014-08-26,17,7,300,27.1
2014-08-26,18,7,300,24.6
2014-08-26,19,4,20,20.9
2014-08-26,20,8,70,20.8
2014-08-26,21,8,70,19.6
2014-08-26,22,5,70,19.3
2014-08-26,23,7,50,18.9
2014-08-27,0,7,60,18
2014-08-27,1,12,60,17.6
2014-08-27,2,13,80,16.9
2014-08-27,3,16,70,16.4
2014-08-27,4,13,80,15.8
2014-08-27,5,14,70,15.3
2014-08-27,6,3,40,14.5
2014-08-27,7,5,60,16.7
2014-08-27,8,3,130,19.1
2014-08-27,9,6,220,19.4
2014-08-27,10,4,150,22.5
2014-08-27,11,3,280,24
2014-08-27,12,6,290,26.4
2014-08-27,13,8,290,29.3
2014-08-27,14,8,260,30.4
2014-08-27,15,7,210,30.2
2014-08-27,16,6,230,30.6
2014-08-27,17,3,270,30.7
2014-08-27,18,10,180,28.2
2014-08-27,19,10,150,25.8
2014-08-27,20,7,100,22.9
2014-08-27,21,7,90,22
2014-08-27,22,6,70,19.8
2014-08-27,23,4,40,19.7
2014-08-28,0,7,360,18.4
2014-08-28,1,6,50,18.1
2014-08-28,2,9,60,18.1
2014-08-28,3,6,40,17.7
2014-08-28,4,0,NA,16.3
2014-08-28,5,12,80,16.5
2014-08-28,6,6,60,16.5
2014-08-28,7,7,100,17.9
2014-08-28,8,4,250,19
2014-08-28,9,5,260,21.8
2014-08-28,10,4,290,22.7
2014-08-28,11,5,200,26
2014-08-28,12,12,190,26.7
2014-08-28,13,11,290,25
2014-08-28,14,10,280,27.1
2014-08-28,15,35,330,23.3
2014-08-28,16,38,330,19.7
2014-08-28,17,29,330,20.9
2014-08-28,18,21,340,20.5
2014-08-28,19,15,310,18.6
2014-08-28,20,10,330,17.4
2014-08-28,21,5,330,17.2
2014-08-28,22,3,270,16.9
2014-08-28,23,0,NA,16
2014-08-29,0,0,NA,15.5
2014-08-29,1,6,160,14.7
2014-08-29,2,0,NA,14.9
2014-08-29,3,6,60,13.3
2014-08-29,4,7,70,13.5
2014-08-29,5,9,50,12.7
2014-08-29,6,3,330,12.4
2014-08-29,7,8,100,15.4
2014-08-29,8,7,110,16.6
2014-08-29,9,5,170,18.5
2014-08-29,10,6,180,20.6
2014-08-29,11,12,190,22.8
2014-08-29,12,15,170,25.2
2014-08-29,13,14,170,26.7
2014-08-29,14,13,250,26.8
2014-08-29,15,14,230,27.6
2014-08-29,16,13,210,27.4
2014-08-29,17,9,220,25.2
2014-08-29,18,21,320,22.9
2014-08-29,19,15,230,22.3
2014-08-29,20,19,330,19.9
2014-08-29,21,18,330,18.5
2014-08-29,22,23,320,17.8
2014-08-29,23,13,330,17
2014-08-30,0,18,320,15.9
2014-08-30,1,22,330,15.7
2014-08-30,2,17,340,15.4
2014-08-30,3,9,320,14
2014-08-30,4,9,340,14.3
2014-08-30,5,3,280,12.4
2014-08-30,6,3,90,12.6
2014-08-30,7,4,130,13.7
2014-08-30,8,0,NA,16.8
2014-08-30,9,6,280,17
2014-08-30,10,6,220,18.6
2014-08-30,11,9,220,19.6
2014-08-30,12,5,250,21.2
2014-08-30,13,7,210,21.4
2014-08-30,14,12,240,22.7
2014-08-30,15,11,230,22.3
2014-08-30,16,15,200,21
2014-08-30,17,9,200,20.5
2014-08-30,18,11,140,16.5
2014-08-30,19,7,140,15.4
2014-08-30,20,6,80,13.9
2014-08-30,21,7,70,14.6
2014-08-30,22,4,50,13.9
2014-08-30,23,7,80,13.5
2014-08-31,0,8,80,13.1
2014-08-31,1,7,60,12.8
2014-08-31,2,6,90,11.9
2014-08-31,3,4,40,11.5
2014-08-31,4,4,30,10.4
2014-08-31,5,4,320,10.2
2014-08-31,6,6,60,9.7
2014-08-31,7,5,340,13.2
2014-08-31,8,8,300,14.9
2014-08-31,9,7,280,16.1
2014-08-31,10,8,230,16.4
2014-08-31,11,4,190,17.6
2014-08-31,12,7,140,18.9
2014-08-31,13,6,310,17.6
2014-08-31,14,8,140,17
2014-08-31,15,9,310,17
2014-08-31,16,8,160,17
2014-08-31,17,4,190,17
2014-08-31,18,9,100,15.2
2014-08-31,19,0,NA,13.9
2014-08-31,20,0,NA,12.6
2014-08-31,21,8,100,11.8
2014-08-31,22,5,60,11.1
2014-08-31,23,7,80,10.9
2014-09-01,0,3,160,10.6
2014-09-01,1,5,80,10.9
2014-09-01,2,5,100,10.5
2014-09-01,3,0,NA,10.8
2014-09-01,4,8,80,10.6
2014-09-01,5,8,80,10.4
2014-09-01,6,5,60,10.5
2014-09-01,7,3,70,12.2
2014-09-01,8,3,170,13.4
2014-09-01,9,3,230,14.2
2014-09-01,10,3,90,15.6
2014-09-01,11,5,220,17.3
2014-09-01,12,0,NA,17.8
2014-09-01,13,5,290,17.3
2014-09-01,14,0,NA,18.4
2014-09-01,15,0,NA,19.3
2014-09-01,16,0,NA,19.4
2014-09-01,17,5,110,18.6
2014-09-01,18,4,130,18
2014-09-01,19,5,50,15.9
2014-09-01,20,9,70,14.7
2014-09-01,21,7,60,14.4
2014-09-01,22,8,70,14.2
2014-09-01,23,11,70,13.9
2014-09-02,0,8,60,13.4
2014-09-02,1,12,80,13.1
2014-09-02,2,12,80,12.5
2014-09-02,3,7,80,11.9
2014-09-02,4,3,50,11.2
2014-09-02,5,6,70,11
2014-09-02,6,5,110,12.5
2014-09-02,7,0,NA,12.8
2014-09-02,8,4,90,14
2014-09-02,9,0,NA,14.7
2014-09-02,10,4,230,17.5
2014-09-02,11,5,280,19.2
2014-09-02,12,11,320,17.7
2014-09-02,13,8,310,17.4
2014-09-02,14,5,340,16.5
2014-09-02,15,6,330,16.9
2014-09-02,16,5,300,19.9
2014-09-02,17,19,320,16.5
2014-09-02,18,15,320,15.3
2014-09-02,19,22,330,14.4
2014-09-02,20,13,310,11.9
2014-09-02,21,7,340,11.8
2014-09-02,22,5,360,11.5
2014-09-02,23,7,270,11.2
2014-09-03,0,8,60,11.4
2014-09-03,1,20,90,11.3
2014-09-03,2,10,180,11.3
2014-09-03,3,7,290,11.2
2014-09-03,4,6,170,10
2014-09-03,5,8,160,10.4
2014-09-03,6,5,60,10.5
2014-09-03,7,13,70,10.2
2014-09-03,8,4,20,9.9
2014-09-03,9,6,320,10.2
2014-09-03,10,7,310,10.9
2014-09-03,11,5,330,11.7
2014-09-03,12,0,NA,14.1
2014-09-03,13,4,250,14.9
2014-09-03,14,6,150,15.4
2014-09-03,15,4,330,13
2014-09-03,16,6,80,14.6
2014-09-03,17,3,260,15.1
2014-09-03,18,4,70,12.5
2014-09-03,19,5,80,10.9
2014-09-03,20,4,90,10.8
2014-09-03,21,4,60,9.8
2014-09-03,22,8,60,9
2014-09-03,23,5,30,8.9
2014-09-04,0,4,60,9.2
2014-09-04,1,0,NA,9.3
2014-09-04,2,5,100,9.3
2014-09-04,3,5,140,9
2014-09-04,4,5,110,8.8
2014-09-04,5,4,100,9.2
2014-09-04,6,0,NA,9.4
2014-09-04,7,0,NA,9.6
2014-09-04,8,0,NA,10
2014-09-04,9,5,150,12
2014-09-04,10,7,220,13.1
2014-09-04,11,5,110,14.4
2014-09-04,12,7,250,15.6
2014-09-04,13,6,250,17.5
2014-09-04,14,7,240,18.1
2014-09-04,15,7,250,18.3
2014-09-04,16,5,300,18.6
2014-09-04,17,7,300,18.4
2014-09-04,18,6,300,16.1
2014-09-04,19,5,70,13.6
2014-09-04,20,7,50,12.3
2014-09-04,21,4,340,12.3
2014-09-04,22,3,70,11
2014-09-04,23,0,NA,12
2014-09-05,0,4,320,11.3
2014-09-05,1,0,NA,10.5
2014-09-05,2,4,160,10.1
2014-09-05,3,3,300,9.5
2014-09-05,4,4,70,9
2014-09-05,5,5,50,8.3
2014-09-05,6,4,50,8.6
2014-09-05,7,0,NA,10.6
2014-09-05,8,3,320,13.1
2014-09-05,9,4,220,14.2
2014-09-05,10,6,260,16.1
2014-09-05,11,5,240,17.3
2014-09-05,12,5,230,19.6
2014-09-05,13,5,280,21.6
2014-09-05,14,6,240,23
2014-09-05,15,7,270,23.4
2014-09-05,16,9,300,22.6
2014-09-05,17,7,290,22
2014-09-05,18,7,300,18.2
2014-09-05,19,7,350,16
2014-09-05,20,7,50,14.3
2014-09-05,21,4,90,12.9
2014-09-05,22,4,70,13.9
2014-09-05,23,4,30,12.8
2014-09-06,0,3,10,12.6
2014-09-06,1,5,170,11.5
2014-09-06,2,8,60,11.2
2014-09-06,3,7,50,11
2014-09-06,4,5,50,11
2014-09-06,5,0,NA,9.9
2014-09-06,6,4,50,10.2
2014-09-06,7,0,NA,13
2014-09-06,8,3,250,14.1
2014-09-06,9,5,260,16
2014-09-06,10,4,220,17.4
2014-09-06,11,4,300,19.7
2014-09-06,12,5,250,21.2
2014-09-06,13,4,240,23
2014-09-06,14,6,240,24.5
2014-09-06,15,5,260,25.7
2014-09-06,16,5,240,25.9
2014-09-06,17,6,290,24.4
2014-09-06,18,6,310,20.1
2014-09-06,19,9,60,17.7
2014-09-06,20,6,60,17.1
2014-09-06,21,6,30,17.5
2014-09-06,22,9,330,16
2014-09-06,23,3,360,15.8
2014-09-07,0,5,70,14.4
2014-09-07,1,5,30,12.9
2014-09-07,2,5,70,12.9
2014-09-07,3,0,NA,11.7
2014-09-07,4,0,NA,11.4
2014-09-07,5,5,50,11.3
2014-09-07,6,0,NA,10.6
2014-09-07,7,3,60,13.2
2014-09-07,8,6,120,14.7
2014-09-07,9,0,NA,17
2014-09-07,10,5,220,18.2
2014-09-07,11,5,250,20.4
2014-09-07,12,5,270,22.2
2014-09-07,13,6,280,23.6
2014-09-07,14,7,270,25.6
2014-09-07,15,6,320,27.1
2014-09-07,16,6,260,27.5
2014-09-07,17,10,170,26.5
2014-09-07,18,0,NA,23.1
2014-09-07,19,11,110,20.6
2014-09-07,20,11,70,18.7
2014-09-07,21,14,80,18.3
2014-09-07,22,10,60,17.7
2014-09-07,23,11,70,17
2014-09-08,0,12,80,16.2
2014-09-08,1,13,80,14.9
2014-09-08,2,14,80,14.9
2014-09-08,3,7,70,13
2014-09-08,4,18,70,13.4
2014-09-08,5,16,80,13
2014-09-08,6,14,80,13.3
2014-09-08,7,0,NA,12.1
2014-09-08,8,12,90,14.3
2014-09-08,9,5,250,15.3
2014-09-08,10,0,NA,16.4
2014-09-08,11,0,NA,18.9
2014-09-08,12,6,240,20.8
2014-09-08,13,14,160,21.6
2014-09-08,14,16,170,22.6
2014-09-08,15,16,170,24.6
2014-09-08,16,13,190,24.7
2014-09-08,17,13,210,23.9
2014-09-08,18,32,330,17.5
2014-09-08,19,24,340,17.2
2014-09-08,20,19,340,18
2014-09-08,21,10,330,17.4
2014-09-08,22,10,340,15.9
2014-09-08,23,6,50,15.9
2014-09-09,0,8,20,14.6
2014-09-09,1,13,40,14.4
2014-09-09,2,11,40,14
2014-09-09,3,9,20,13.6
2014-09-09,4,14,50,13.2
2014-09-09,5,17,50,12.9
2014-09-09,6,15,50,12.6
2014-09-09,7,18,50,12.4
2014-09-09,8,18,60,12.2
2014-09-09,9,12,70,13.5
2014-09-09,10,8,110,14.6
2014-09-09,11,7,120,16.6
2014-09-09,12,6,100,17.9
2014-09-09,13,5,130,20.1
2014-09-09,14,8,170,19.9
2014-09-09,15,12,60,19
2014-09-09,16,14,50,17.3
2014-09-09,17,14,40,16.4
2014-09-09,18,16,40,14.6
2014-09-09,19,17,50,13.6
2014-09-09,20,10,50,12.8
2014-09-09,21,10,50,12.3
2014-09-09,22,4,60,11.9
2014-09-09,23,3,360,11.2
2014-09-10,0,8,50,10.7
2014-09-10,1,6,40,10
2014-09-10,2,5,320,8.4
2014-09-10,3,4,110,8
2014-09-10,4,7,40,7.5
2014-09-10,5,5,50,6.2
2014-09-10,6,6,40,6.1
2014-09-10,7,7,50,7
2014-09-10,8,6,300,10.6
2014-09-10,9,18,350,12.9
2014-09-10,10,10,40,9.8
2014-09-10,11,7,30,11.7
2014-09-10,12,19,60,12.3
2014-09-10,13,21,70,11.7
2014-09-10,14,15,40,11.4
2014-09-10,15,13,40,10.8
2014-09-10,16,14,50,10.5
2014-09-10,17,13,50,10.1
2014-09-10,18,8,20,9.6
2014-09-10,19,9,350,9
2014-09-10,20,7,320,8.7
2014-09-10,21,6,360,8.3
2014-09-10,22,6,360,8
2014-09-10,23,11,50,7.2
2014-09-11,0,10,60,6.3
2014-09-11,1,12,50,6
2014-09-11,2,10,50,5.1
2014-09-11,3,14,60,4.5
2014-09-11,4,5,70,3.6
2014-09-11,5,6,320,3
2014-09-11,6,0,NA,3.1
2014-09-11,7,3,360,5.6
2014-09-11,8,4,350,7.8
2014-09-11,9,4,100,9.7
2014-09-11,10,3,210,11.1
2014-09-11,11,6,280,12.2
2014-09-11,12,6,190,12.8
2014-09-11,13,5,170,14.4
2014-09-11,14,4,100,16.1
2014-09-11,15,4,230,16.7
2014-09-11,16,7,240,16.6
2014-09-11,17,5,260,15.4
2014-09-11,18,0,NA,12.3
2014-09-11,19,6,40,9.8
2014-09-11,20,10,70,8.2
2014-09-11,21,6,60,8.4
2014-09-11,22,5,350,8.6
2014-09-11,23,9,50,7
2014-09-12,0,14,50,6.9
2014-09-12,1,15,70,5.5
2014-09-12,2,7,40,5.1
2014-09-12,3,8,50,4.3
2014-09-12,4,6,30,4
2014-09-12,5,6,50,3.5
2014-09-12,6,5,20,3.8
2014-09-12,7,3,30,3.9
2014-09-12,8,3,270,5.4
2014-09-12,9,4,240,7.2
2014-09-12,10,5,260,9.3
2014-09-12,11,8,270,10.6
2014-09-12,12,9,280,12.3
2014-09-12,13,14,300,13.1
2014-09-12,14,6,280,13.8
2014-09-12,15,6,320,15.7
2014-09-12,16,8,260,16.3
2014-09-12,17,6,300,15.1
2014-09-12,18,5,360,11.1
2014-09-12,19,4,70,10.7
2014-09-12,20,4,250,9.9
2014-09-12,21,8,110,8.8
2014-09-12,22,16,60,10.7
2014-09-12,23,4,20,9.3
2014-09-13,0,4,40,9
2014-09-13,1,5,50,9
2014-09-13,2,3,300,7.9
2014-09-13,3,4,60,7.9
2014-09-13,4,0,NA,7.2
2014-09-13,5,0,NA,6.1
2014-09-13,6,4,280,5.9
2014-09-13,7,4,330,8.4
2014-09-13,8,3,280,10.5
2014-09-13,9,4,310,12.9
2014-09-13,10,4,300,14.4
2014-09-13,11,5,120,16.7
2014-09-13,12,5,240,18.5
2014-09-13,13,5,240,20.1
2014-09-13,14,5,250,20.4
2014-09-13,15,4,130,20.7
2014-09-13,16,3,90,20.6
2014-09-13,17,5,250,19.5
2014-09-13,18,3,30,16
2014-09-13,19,7,60,13.6
2014-09-13,20,5,10,14.1
2014-09-13,21,3,320,13
2014-09-13,22,5,360,12.5
2014-09-13,23,7,330,10.3
2014-09-14,0,4,100,10
2014-09-14,1,5,50,9.4
2014-09-14,2,8,60,8.8
2014-09-14,3,6,60,9
2014-09-14,4,7,60,7.8
2014-09-14,5,5,360,7.7
2014-09-14,6,4,10,6.9
2014-09-14,7,3,20,9.4
2014-09-14,8,0,NA,11.6
2014-09-14,9,3,260,13.5
2014-09-14,10,5,280,15.4
2014-09-14,11,5,300,16.7
2014-09-14,12,8,300,17.9
2014-09-14,13,5,220,20.4
2014-09-14,14,5,230,22.1
2014-09-14,15,3,210,23.8
2014-09-14,16,5,270,24.2
2014-09-14,17,4,300,22.8
2014-09-14,18,4,350,17.1
2014-09-14,19,8,60,15.4
2014-09-14,20,4,10,17
2014-09-14,21,6,340,14.2
2014-09-14,22,0,NA,14.3
2014-09-14,23,0,NA,13.6
2014-09-15,0,6,80,13.1
2014-09-15,1,3,30,12.2
2014-09-15,2,5,60,10.2
2014-09-15,3,0,NA,10.2
2014-09-15,4,8,50,9.7
2014-09-15,5,0,NA,8.8
2014-09-15,6,0,NA,8.4
2014-09-15,7,0,NA,10.5
2014-09-15,8,3,260,12.6
2014-09-15,9,3,290,14.9
2014-09-15,10,4,300,16.9
2014-09-15,11,5,240,18.7
2014-09-15,12,3,300,20.6
2014-09-15,13,7,290,21.8
2014-09-15,14,7,230,23.4
2014-09-15,15,5,240,24.9
2014-09-15,16,0,NA,25.2
2014-09-15,17,7,300,22.7
2014-09-15,18,4,10,18.9
2014-09-15,19,7,80,16.5
2014-09-15,20,4,10,16.7
2014-09-15,21,9,330,16.5
2014-09-15,22,5,360,15.7
2014-09-15,23,4,40,14.2
2014-09-16,0,3,30,14.3
2014-09-16,1,0,NA,13.4
2014-09-16,2,4,30,12.4
2014-09-16,3,5,60,12.2
2014-09-16,4,0,NA,11.4
2014-09-16,5,3,20,10.6
2014-09-16,6,4,40,10.3
2014-09-16,7,0,NA,10.5
2014-09-16,8,0,NA,12.6
2014-09-16,9,3,250,14.7
2014-09-16,10,6,280,16.8
2014-09-16,11,4,300,19.4
2014-09-16,12,4,290,21.4
2014-09-16,13,5,300,23.3
2014-09-16,14,6,230,24.1
2014-09-16,15,5,290,24.7
2014-09-16,16,0,NA,24.2
2014-09-16,17,7,300,21.2
2014-09-16,18,4,80,19.7
2014-09-16,19,6,30,18.5
2014-09-16,20,4,50,18
2014-09-16,21,0,NA,16.7
2014-09-16,22,3,230,16.1
2014-09-16,23,3,140,15.1
2014-09-17,0,0,NA,13.3
2014-09-17,1,0,NA,13.6
2014-09-17,2,0,NA,12.8
2014-09-17,3,6,80,12.4
2014-09-17,4,3,130,12.8
2014-09-17,5,3,20,11.6
2014-09-17,6,4,270,11.2
2014-09-17,7,3,70,12.2
2014-09-17,8,0,NA,13.1
2014-09-17,9,4,270,15.8
2014-09-17,10,4,280,17.9
2014-09-17,11,NA,NA,NA
2014-09-17,12,NA,NA,NA
2014-09-17,13,NA,NA,NA
2014-09-17,14,NA,NA,NA
2014-09-17,15,NA,NA,NA
2014-09-17,16,NA,NA,NA
2014-09-17,17,NA,NA,NA
2014-09-17,18,NA,NA,NA
2014-09-17,19,NA,NA,NA
2014-09-17,20,NA,NA,NA
2014-09-17,21,0,NA,17
2014-09-17,22,4,100,17.5
2014-09-17,23,3,160,16
2014-09-18,0,0,NA,16
2014-09-18,1,7,50,14
2014-09-18,2,0,NA,15.2
2014-09-18,3,5,30,14.2
2014-09-18,4,5,110,13.6
2014-09-18,5,5,100,12.1
2014-09-18,6,13,90,12.4
2014-09-18,7,0,NA,11.8
2014-09-18,8,5,150,13.8
2014-09-18,9,8,100,15.5
2014-09-18,10,8,100,16.8
2014-09-18,11,0,NA,18.1
2014-09-18,12,3,140,19.5
2014-09-18,13,3,340,20.4
2014-09-18,14,4,20,21.6
2014-09-18,15,8,320,20.7
2014-09-18,16,11,310,19.9
2014-09-18,17,12,320,18.8
2014-09-18,18,6,350,17.5
2014-09-18,19,8,70,16.8
2014-09-18,20,7,60,16.5
2014-09-18,21,7,60,15.7
2014-09-18,22,8,70,15.3
2014-09-18,23,9,80,15.2
2014-09-19,0,8,80,14.4
2014-09-19,1,7,70,14.2
2014-09-19,2,6,60,14.7
2014-09-19,3,7,60,13.9
2014-09-19,4,7,60,14
2014-09-19,5,6,320,13.1
2014-09-19,6,6,60,13.9
2014-09-19,7,0,NA,13.8
2014-09-19,8,3,60,15.7
2014-09-19,9,7,180,17.6
2014-09-19,10,15,170,17.8
2014-09-19,11,11,150,18.1
2014-09-19,12,15,150,19.7
2014-09-19,13,17,150,21.8
2014-09-19,14,12,170,22
2014-09-19,15,10,220,22.6
2014-09-19,16,3,280,23.8
2014-09-19,17,5,170,21.4
2014-09-19,18,6,70,18.9
2014-09-19,19,7,110,18.9
2014-09-19,20,7,80,17
2014-09-19,21,8,60,16.5
2014-09-19,22,3,360,16.3
2014-09-19,23,7,70,14.4
2014-09-20,0,0,NA,14.2
2014-09-20,1,4,320,13.7
2014-09-20,2,0,NA,12.5
2014-09-20,3,3,190,11.2
2014-09-20,4,6,110,11.8
2014-09-20,5,5,80,12
2014-09-20,6,7,60,11.3
2014-09-20,7,4,60,13
2014-09-20,8,0,NA,14.7
2014-09-20,9,13,310,16.2
2014-09-20,10,13,300,17.8
2014-09-20,11,11,280,19.2
2014-09-20,12,11,310,20.3
2014-09-20,13,6,290,22.4
2014-09-20,14,7,300,23.1
2014-09-20,15,9,290,23.8
2014-09-20,16,8,310,23.2
2014-09-20,17,6,300,21.9
2014-09-20,18,4,30,18.2
2014-09-20,19,6,310,17.8
2014-09-20,20,3,20,16.9
2014-09-20,21,6,330,17.2
2014-09-20,22,0,NA,16.2
2014-09-20,23,4,70,15.9
2014-09-21,0,5,340,15.4
2014-09-21,1,0,NA,13.4
2014-09-21,2,3,180,14.1
2014-09-21,3,0,NA,13.4
2014-09-21,4,3,190,12.2
2014-09-21,5,0,NA,12.3
2014-09-21,6,3,240,11.8
2014-09-21,7,5,280,13.2
2014-09-21,8,3,210,14.8
2014-09-21,9,4,260,16.9
2014-09-21,10,4,260,19.1
2014-09-21,11,5,230,21.3
2014-09-21,12,7,300,22.9
2014-09-21,13,3,200,25.7
2014-09-21,14,5,240,27.4
2014-09-21,15,4,300,28.3
2014-09-21,16,4,270,29
2014-09-21,17,4,300,26.7
2014-09-21,18,9,70,21.1
2014-09-21,19,6,50,19.8
2014-09-21,20,4,30,18.7
2014-09-21,21,0,NA,17
2014-09-21,22,5,80,17.1
2014-09-21,23,0,NA,17.5
2014-09-22,0,0,NA,15.1
2014-09-22,1,5,170,14.3
2014-09-22,2,3,270,14.8
2014-09-22,3,0,NA,14
2014-09-22,4,4,50,13.3
2014-09-22,5,0,NA,12.7
2014-09-22,6,6,80,11.3
2014-09-22,7,4,70,13.3
2014-09-22,8,3,250,15
2014-09-22,9,4,240,16.7
2014-09-22,10,4,250,19
2014-09-22,11,4,260,21
2014-09-22,12,7,240,22.1
2014-09-22,13,4,230,25.7
2014-09-22,14,5,320,25.2
2014-09-22,15,12,330,26.2
2014-09-22,16,7,280,24.8
2014-09-22,17,5,350,22.3
2014-09-22,18,0,NA,19.4
2014-09-22,19,6,50,19.6
2014-09-22,20,5,320,18.3
2014-09-22,21,4,200,19.1
2014-09-22,22,8,310,17.5
2014-09-22,23,3,170,17.1
2014-09-23,0,7,100,17
2014-09-23,1,6,70,15.8
2014-09-23,2,7,100,15.3
2014-09-23,3,9,100,16
2014-09-23,4,6,70,15.5
2014-09-23,5,7,80,15.2
2014-09-23,6,9,70,14.9
2014-09-23,7,3,30,17
2014-09-23,8,0,NA,18.5
2014-09-23,9,0,NA,21.1
2014-09-23,10,5,170,21.6
2014-09-23,11,4,220,23.3
2014-09-23,12,7,110,23.2
2014-09-23,13,4,240,22.9
2014-09-23,14,4,230,22.5
2014-09-23,15,3,190,21.6
2014-09-23,16,12,170,18.9
2014-09-23,17,8,70,17.4
2014-09-23,18,9,110,16.4
2014-09-23,19,10,50,16.3
2014-09-23,20,8,50,16
2014-09-23,21,3,40,15.9
2014-09-23,22,3,20,15.7
2014-09-23,23,4,360,15.8
2014-09-24,0,4,70,15.3
2014-09-24,1,5,320,15
2014-09-24,2,4,340,15.2
2014-09-24,3,7,340,15
2014-09-24,4,0,NA,15.1
2014-09-24,5,5,60,15.3
2014-09-24,6,7,70,15.3
2014-09-24,7,9,120,14.9
2014-09-24,8,6,100,16.4
2014-09-24,9,4,140,16.8
2014-09-24,10,6,110,18.4
2014-09-24,11,5,250,20.4
2014-09-24,12,4,140,19.8
2014-09-24,13,14,200,22.1
2014-09-24,14,14,280,23.2
2014-09-24,15,15,270,22.7
2014-09-24,16,12,320,19.8
2014-09-24,17,6,320,18.9
2014-09-24,18,4,90,17.8
2014-09-24,19,7,320,17.5
2014-09-24,20,4,10,16.1
2014-09-24,21,0,NA,15.9
2014-09-24,22,5,60,14.8
2014-09-24,23,4,60,14.9
2014-09-25,0,6,320,14.7
2014-09-25,1,4,30,13.2
2014-09-25,2,3,50,13.6
2014-09-25,3,3,300,12.5
2014-09-25,4,3,340,12.6
2014-09-25,5,0,NA,12.1
2014-09-25,6,3,40,12.2
2014-09-25,7,0,NA,12
2014-09-25,8,0,NA,13.3
2014-09-25,9,4,230,15.9
2014-09-25,10,4,200,18.3
2014-09-25,11,4,330,19.7
2014-09-25,12,4,250,21.2
2014-09-25,13,7,280,21.9
2014-09-25,14,6,290,23.4
2014-09-25,15,10,300,20.6
2014-09-25,16,4,290,18.8
2014-09-25,17,4,70,17.7
2014-09-25,18,5,320,17.4
2014-09-25,19,8,120,17.8
2014-09-25,20,11,140,18.6
2014-09-25,21,6,150,18.2
2014-09-25,22,6,90,17.4
2014-09-25,23,4,130,17.9
2014-09-26,0,6,150,17.2
2014-09-26,1,11,150,16.8
2014-09-26,2,10,150,16.3
2014-09-26,3,13,160,15.6
2014-09-26,4,9,200,15.1
2014-09-26,5,0,NA,14
2014-09-26,6,4,110,13.2
2014-09-26,7,9,190,13.7
2014-09-26,8,16,160,14.2
2014-09-26,9,9,150,15.3
2014-09-26,10,12,170,16.5
2014-09-26,11,15,180,17.7
2014-09-26,12,9,180,18.4
2014-09-26,13,11,150,18.2
2014-09-26,14,11,140,17.9
2014-09-26,15,8,140,17.6
2014-09-26,16,11,170,18.6
2014-09-26,17,8,160,17.6
2014-09-26,18,8,70,15.1
2014-09-26,19,6,60,14.1
2014-09-26,20,6,40,12.7
2014-09-26,21,3,30,13.3
2014-09-26,22,5,70,12.5
2014-09-26,23,4,40,12.2
2014-09-27,0,5,20,11.3
2014-09-27,1,4,40,10.8
2014-09-27,2,0,NA,10
2014-09-27,3,3,50,10.1
2014-09-27,4,3,360,10.8
2014-09-27,5,5,50,9.8
2014-09-27,6,5,60,9.2
2014-09-27,7,7,70,10.8
2014-09-27,8,3,40,11.6
2014-09-27,9,0,NA,13.4
2014-09-27,10,0,NA,15.1
2014-09-27,11,11,310,17.3
2014-09-27,12,17,300,18.2
2014-09-27,13,16,320,19.1
2014-09-27,14,12,290,20.9
2014-09-27,15,10,310,19.8
2014-09-27,16,5,280,17.5
2014-09-27,17,14,50,19.4
2014-09-27,18,12,50,18.2
2014-09-27,19,16,60,17.7
2014-09-27,20,13,70,16.3
2014-09-27,21,10,50,16
2014-09-27,22,14,60,15
2014-09-27,23,11,50,14.3
2014-09-28,0,14,50,13.9
2014-09-28,1,11,50,14.3
2014-09-28,2,4,10,14
2014-09-28,3,5,230,12.1
2014-09-28,4,5,360,10.8
2014-09-28,5,7,190,10.5
2014-09-28,6,4,220,9.2
2014-09-28,7,6,260,10.8
2014-09-28,8,7,220,12.1
2014-09-28,9,4,180,13.6
2014-09-28,10,3,220,15.7
2014-09-28,11,7,300,17.8
2014-09-28,12,6,270,19.8
2014-09-28,13,8,290,21.5
2014-09-28,14,7,280,20.1
2014-09-28,15,0,NA,21.4
2014-09-28,16,0,NA,21.8
2014-09-28,17,11,90,20.1
2014-09-28,18,12,60,18.4
2014-09-28,19,12,50,18
2014-09-28,20,8,40,16.9
2014-09-28,21,6,30,16.2
2014-09-28,22,8,20,15.9
2014-09-28,23,3,10,15.3
2014-09-29,0,4,340,13.7
2014-09-29,1,6,20,12.8
2014-09-29,2,3,20,12.5
2014-09-29,3,5,40,11.1
2014-09-29,4,3,20,11.7
2014-09-29,5,9,70,11.1
2014-09-29,6,0,NA,10.3
2014-09-29,7,0,NA,10.4
2014-09-29,8,3,10,13.2
2014-09-29,9,3,50,14.9
2014-09-29,10,4,100,15.3
2014-09-29,11,4,240,16.7
2014-09-29,12,6,230,16.8
2014-09-29,13,5,300,17.3
2014-09-29,14,3,200,18
2014-09-29,15,12,160,18.8
2014-09-29,16,9,180,18.9
2014-09-29,17,11,160,17.4
2014-09-29,18,12,160,16.8
2014-09-29,19,8,140,16.5
2014-09-29,20,11,150,16.5
2014-09-29,21,9,180,16.3
2014-09-29,22,3,240,15.5
2014-09-29,23,3,120,14.4
2014-09-30,0,4,70,13.5
2014-09-30,1,6,320,14
2014-09-30,2,3,50,13.3
2014-09-30,3,0,NA,12.5
2014-09-30,4,8,70,11
2014-09-30,5,12,110,11
2014-09-30,6,3,230,10.9
2014-09-30,7,0,NA,10.9
2014-09-30,8,3,110,12.2
2014-09-30,9,0,NA,13.1
2014-09-30,10,7,140,15.1
2014-09-30,11,10,150,16
2014-09-30,12,12,360,10.9
2014-09-30,13,8,80,12.9
2014-09-30,14,8,80,15.9
2014-09-30,15,8,270,14.9
2014-09-30,16,7,160,14.5
2014-09-30,17,5,220,13.6
2014-09-30,18,4,100,11.3
2014-09-30,19,0,NA,10.3
2014-09-30,20,0,NA,9.5
2014-09-30,21,3,230,9.5
2014-09-30,22,0,NA,7.6
2014-09-30,23,5,340,6.9
