id,doi,title,year,venue,questions,routes,duplicates_merged,key,source_note,decision,reason,full_text
10.1007/s10980-011-9628-9,10.1007/s10980-011-9628-9,Incoming! Association of landscape features with dispersing mountain pine beetle populations during a range expansion event in western Canada,2011,Landscape Ecology,chase q1 q2 q3 q4,chase-citations s2-q1-beetle-terrain s2-q3-beetle-terrain store-q1-beetle-terrain store-q2-beetle-wind store-q3-beetle-terrain store-q4-beetle-terrain-wind,7,giroday2011,giroday2011,include,,yes
10.4039/ent112185-2,10.4039/ent112185-2,<i>DENDROCTONUS PONDEROSAE</i> (COLEOPTERA: SCOLYTIDAE): PRE-AGGREGATION LANDING AND GALLERY INITIATION ON LODGEPOLE PINE,1980,The Canadian Entomologist,q1 q2 q3 q4,store-q1-beetle-terrain store-q2-beetle-wind store-q3-beetle-terrain store-q4-beetle-terrain-wind,4,hynum1980,hynum1980,include,,yes
10.1002/eap.2274,10.1002/eap.2274,Alpine treeline ecotones are potential refugia for a montane pine species threatened by bark beetle outbreaks,2021,Ecological Applications,chase q1 q3,chase-citations s2-q1-beetle-terrain store-q1-beetle-terrain store-q3-beetle-terrain,5,maher2021,maher2021,include,,yes
10.3390/f9110715,10.3390/f9110715,Landscape Topoedaphic Features Create Refugia from Drought and Insect Disturbance in a Lodgepole and Whitebark Pine Forest,2018,Forests,chase q1 q2 q3 q4,chase-citations chase-references s2-q1-beetle-terrain store-q1-beetle-terrain store-q2-beetle-wind store-q3-beetle-terrain store-q4-beetle-terrain-wind,8,cartwright2018,cartwright2018,include,,yes
10.1016/j.foreco.2026.123985,10.1016/j.foreco.2026.123985,"Spatial patterns of conifer regeneration following Mountain pine beetle outbreak (Dendroctonus ponderosae) and mixed-severity wildfire: A point process model of disturbance interactions in the southern Selkirk Mountains, British Columbia",2026,Forest Ecology and Management,q1 q2 q3 q4,store-q1-beetle-terrain store-q2-beetle-wind store-q3-beetle-terrain store-q4-beetle-terrain-wind,4,murphy2026,murphy2026,include,,yes
the bionomics of the mountain pine beetle in lodgepole pine forests establishing a context,,The bionomics of the mountain pine beetle in lodgepole pine forests: establishing a context,2004,,chase q2 q3 q4,chase-citations s2-q3-beetle-terrain store-q2-beetle-wind store-q3-beetle-terrain store-q4-beetle-terrain-wind,5,carroll2004bionomics,carroll2004bionomics,include,,yes
10.1007/s00442-022-05129-4,10.1007/s00442-022-05129-4,Numbers matter: how irruptive bark beetles initiate transition to self-sustaining behavior during landscape-altering outbreaks,2022,Oecologia,chase q2 q3 q4,chase-citations store-q2-beetle-wind store-q3-beetle-terrain store-q4-beetle-terrain-wind,4,howe2022,howe2022,include,,yes
10.1093/aesa/64.2.534,10.1093/aesa/64.2.534,"Temperature Limits of Flight of the Mountain Pine Beetle, Dendroctonus ponderosae1",1971,Annals of the Entomological Society of America,q2 q3 q4,crossref-q3-beetle-terrain s2-q3-beetle-terrain store-q2-beetle-wind store-q3-beetle-terrain store-q4-beetle-terrain-wind,5,mccambridge1971,mccambridge1971,include,,yes
10.1016/j.ecolmodel.2013.10.034,10.1016/j.ecolmodel.2013.10.034,Phenology and density-dependent dispersal predict patterns of mountain pine beetle (Dendroctonus ponderosae) impact,2014,Ecological Modelling,chase q2 q3 q4,chase-citations crossref-q3-beetle-terrain s2-q3-beetle-terrain store-q2-beetle-wind store-q3-beetle-terrain store-q4-beetle-terrain-wind,8,powell2014,powell2014,include,,yes
10.1111/j.1439-0418.1989.tb00484.x,10.1111/j.1439-0418.1989.tb00484.x,"An empirical approach to modeling the local dispersal of the mountain pine beetle (
                    <i>Dendroctonus ponderosae</i>
                    Hopk.) (Col., Scolytidae) in relation to sources of attraction, wind direction and speed",1989,Journal of Applied Entomology,chase q2 q3,chase-references crossref-q2-beetle-wind crossref-q3-beetle-terrain s2-q2-beetle-wind s2-q3-beetle-terrain store-q2-beetle-wind store-q3-beetle-terrain,7,safranyik1989,safranyik1989,include,,yes
the biology and epidemiology of the mountain pine beetle in lodgepole pine forests,,The biology and epidemiology of the mountain pine beetle in lodgepole pine forests,2006,,chase q2 q3 q4,chase-citations chase-references store-q2-beetle-wind store-q3-beetle-terrain store-q4-beetle-terrain-wind,5,safranyik2006,safranyik2006,include,,yes
10.1890/10-1176.1,10.1890/10-1176.1,Do mountain pine beetle outbreaks change the probability of active crown fire in lodgepole pine forests?,2011,Ecological Monographs,q2,store-q2-beetle-wind,1,simard2011mountain,simard2011mountain,exclude,wrong-concept,
10.1111/j.2007.0906-7590.05453.x,10.1111/j.2007.0906-7590.05453.x,Movement of outbreak populations of mountain pine beetle: influences of spatiotemporal patterns and climate,2008,Ecography,q3,store-q3-beetle-terrain,1,aukema2008,aukema2008,exclude,duplicate,
10.1890/es10-00172.1,10.1890/es10-00172.1,Mountain pine beetle dispersal: spatiotemporal patterns and role in the spread and expansion of the present outbreak,2011,Ecosphere,chase q3,chase-citations crossref-q3-beetle-terrain s2-q3-beetle-terrain store-q3-beetle-terrain,4,chen2011mountain,chen2011mountain,include,,yes
10.1139/cjfr-2016-0510,10.1139/cjfr-2016-0510,Climatic conditions for emergence and flight of mountain pine beetle: implications for long-distance dispersal,2017,Canadian Journal of Forest Research,chase q3,chase-citations crossref-q3-beetle-terrain s2-q3-beetle-terrain store-q3-beetle-terrain,4,chen2017,chen2017,exclude,wrong-concept,
10.1111/j.1439-0418.1972.tb01745.x,10.1111/j.1439-0418.1972.tb01745.x,"On the Emergence and Initial Flight Behaviour of the Mountain Pine Beetle, <i>Dendroctonus ponderosae</i>, in Eastern Washington<sup>1</sup>",1972,Zeitschrift für Angewandte Entomologie,chase q2 q3,chase-references crossref-q3-beetle-terrain s2-q2-beetle-wind s2-q3-beetle-terrain store-q3-beetle-terrain,5,gray1972emergence,gray1972emergence,include,,yes
10.1016/j.foreco.2012.02.036,10.1016/j.foreco.2012.02.036,Fuels and fire behavior dynamics in bark beetle-attacked forests in Western North America and implications for fire management,2012,Forest Ecology and Management,q3,store-q3-beetle-terrain,1,jenkins2012fuels,jenkins2012fuels,exclude,wrong-population,
10.1073/pnas.1411346111,10.1073/pnas.1411346111,"Recent mountain pine beetle outbreaks, wildfire severity, and postfire tree regeneration in the US Northern Rockies",2014,Proceedings of the National Academy of Sciences,q3,s2-q3-beetle-terrain store-q3-beetle-terrain,2,harvey2014recent,harvey2014recent,exclude,wrong-concept,
10.1002/ecs2.2744,10.1002/ecs2.2744,Dead forests burning: the influence of beetle outbreaks on fire severity and legacy structure in sub‐boreal forests,2019,Ecosphere,q3,s2-q3-beetle-terrain store-q3-beetle-terrain,2,talucci2019dead,talucci2019dead,exclude,wrong-population,
10.1073/pnas.1424037112,10.1073/pnas.1424037112,Area burned in the western United States is unaffected by recent mountain pine beetle outbreaks,2015,Proceedings of the National Academy of Sciences,chase q3,chase-citations store-q3-beetle-terrain,2,hart2015area,hart2015area,exclude,wrong-concept,
10.1002/ecy.70305,10.1002/ecy.70305,Modeling stratified dispersal in forest pests: A case study of the mountain pine beetle in Alberta,2026,Ecology,chase q3,chase-citations crossref-q3-beetle-terrain s2-q3-beetle-terrain store-q3-beetle-terrain,4,johnson2026modeling,,include,,
10.1016/j.rse.2009.01.013,10.1016/J.RSE.2009.01.013,Prediction and assessment of bark beetle-induced mortality of lodgepole pine using estimates of stand vigor derived from remotely sensed data,2009,,q1 q2,s2-q1-beetle-terrain s2-q2-beetle-wind,2,,,include,,
eco physiology approach to projecting tree stress and vigor in fvs,,Eco-Physiology Approach to Projecting Tree Stress and Vigor in FVS,2002,,q1 q3,s2-q1-beetle-terrain s2-q3-beetle-terrain,2,,,exclude,off-topic,
10.1016/j.foreco.2024.122301,10.1016/j.foreco.2024.122301,Long-term sensitivity of ponderosa pine axial resin ducts to harvesting and prescribed burning,2024,Forest Ecology and Management,q1 q2,s2-q1-beetle-terrain s2-q2-beetle-wind,2,,,exclude,off-topic,
10.5558/tfc2016-055,10.5558/TFC2016-055,On-reserve forest fuel management under the Federal Mountain Pine Beetle Program and Mountain Pine Beetle Initiative,2016,,q1 q2 q3,s2-q1-beetle-terrain s2-q2-beetle-wind s2-q3-beetle-terrain,3,,,exclude,wrong-concept,
10.1186/2192-1709-1-3,10.1186/2192-1709-1-3,Refining spatial neighbourhoods to capture terrain effects,2012,Ecological Processes,q1 q3,s2-q1-beetle-terrain s2-q3-beetle-terrain,2,,,include,,
10.1016/j.foreco.2011.03.016,10.1016/J.FORECO.2011.03.016,Tree regeneration and future stand development after bark beetle infestation and harvesting in Colorado lodgepole pine stands,2011,,q1 q3,s2-q1-beetle-terrain s2-q3-beetle-terrain,2,,,exclude,wrong-population,
explaining excitable population dynamics in bark beetles from life history to large episodic outbreaks,,"Explaining excitable population dynamics in bark beetles: From life history to large, episodic outbreaks",2023,,q1 q3,s2-q1-beetle-terrain s2-q3-beetle-terrain,2,,,include,,
a hybrid modelling approach to estimating establishment and growth of advanced regeneration following mountain pine beetle attack,,A hybrid modelling approach to estimating establishment and growth of advanced regeneration following mountain pine beetle attack,2008,,q1,s2-q1-beetle-terrain,1,,,exclude,wrong-concept,
ersistence of modis evapotranspiration impacts from mountain pine eetle outbreaks in lodgepole pine forests south central rocky ountains,,"ersistence of MODIS evapotranspiration impacts from mountain pine eetle outbreaks in lodgepole pine forests , south-central Rocky ountains",2014,,q1,s2-q1-beetle-terrain,1,,,exclude,duplicate,
10.1016/j.foreco.2007.08.018,10.1016/J.FORECO.2007.08.018,"Susceptibility of ponderosa pine, Pinus ponderosa (Dougl. ex Laws.), to mountain pine beetle, Dendroctonus ponderosae Hopkins, attack in uneven-aged stands in the Black Hills of South Dakota and Wyoming USA",2008,,q1,s2-q1-beetle-terrain,1,,,exclude,wrong-concept,
10.1016/j.foreco.2010.08.030,10.1016/J.FORECO.2010.08.030,Forest thinning and subsequent bark beetle-caused mortality in Northeastern California,2010,,chase q1 q2,chase-citations s2-q1-beetle-terrain s2-q2-beetle-wind,3,,,include,,
10.5849/fs-2016-061,10.5849/FS-2016-061,"Large-Scale Thinnings, Ponderosa Pine, and Mountain Pine Beetle in the Black Hills, USA",2017,,chase q1 q2,chase-citations s2-q1-beetle-terrain s2-q2-beetle-wind,3,,,include,,
10.1016/j.rse.2006.06.007,10.1016/J.RSE.2006.06.007,Integrating remotely sensed and ancillary data sources to characterize a mountain pine beetle infestation,2006,,chase q1 q3,chase-references s2-q1-beetle-terrain s2-q3-beetle-terrain,3,,,include,,
10.2737/rmrs-rp-42,10.2737/rmrs-rp-42,Growth of Lodgepole Pine Stands and Its Relation to Mountain Pine Beetle Susceptibility,2003,,q1 q2 q4,s2-q1-beetle-terrain s2-q2-beetle-wind s2-q4-beetle-terrain-wind,3,mata2003growth,mata2003growth,include,,yes
10.1016/j.foreco.2020.118403,10.1016/j.foreco.2020.118403,"Impacts of mountain pine beetle outbreaks on lodgepole pine forests in the Intermountain West, U.S., 2004–2019",2020,,chase q1 q2 q4,chase-citations s2-q1-beetle-terrain s2-q2-beetle-wind s2-q4-beetle-terrain-wind,5,,,include,,
10.3390/f15081425,10.3390/f15081425,An Evaluation of a Winter Mortality Model for the Mountain Pine Beetle,2024,Forests,q1 q3,s2-q1-beetle-terrain s2-q3-beetle-terrain,2,,,exclude,wrong-concept,
10.1093/wjaf/20.4.216,10.1093/WJAF/20.4.216,Thinning Alternatives for Ponderosa Pine: Tools and Strategies for Family Forest Owners,2005,,q1 q2,s2-q1-beetle-terrain s2-q2-beetle-wind,2,,,exclude,off-topic,
10.1007/s10546-013-9844-8,10.1007/s10546-013-9844-8,Vertical Distribution of Radiation and Energy Balance Partitioning Within and Above a Lodgepole Pine Stand Recovering from a Recent Insect Attack,2013,Boundary-layer Meteorology,q1,s2-q1-beetle-terrain,1,,,exclude,off-topic,
forest structure health and mortality in two,,"Forest Structure, Health, and Mortality in Two",2014,,q1 q3,s2-q1-beetle-terrain s2-q3-beetle-terrain,2,,,exclude,off-topic,
10.1016/j.foreco.2003.10.026,10.1016/J.FORECO.2003.10.026,Probability of ponderosa pine infestation by mountain pine beetle in the Colorado Front Range,2004,,q1,s2-q1-beetle-terrain,1,,,include,,
10.1016/j.foreco.2008.02.018,10.1016/J.FORECO.2008.02.018,Effects of mountain pine beetle (Dendroctonus ponderosae Hopkins) infestations on forest stand structure in the southern Canadian Rocky Mountains,2008,,q1,s2-q1-beetle-terrain,1,,,exclude,wrong-concept,
10.5589/cjrs3406fi,10.5589/cjrs3406fi,Full Issue in PDF / Numéro complet enform PDF,2008,,q1 q3,s2-q1-beetle-terrain s2-q3-beetle-terrain,2,,,exclude,not-research,
forum program and table of contents,,Forum Program and Table of Contents,2007,,q1 q3,s2-q1-beetle-terrain s2-q3-beetle-terrain,2,,,exclude,not-research,
extension note can thinning and fertilizing young lodgepole pine mitigate future timber supply challenges,,Extension Note Can Thinning and Fertilizing Young Lodgepole Pine Mitigate Future Timber Supply Challenges ?,2008,,q1 q2,s2-q1-beetle-terrain s2-q2-beetle-wind,2,,,exclude,off-topic,
10.1890/11-1982.1,10.1890/11-1982.1,An innovative aerial assessment of Greater Yellowstone Ecosystem mountain pine beetle-caused whitebark pine mortality.,2013,Ecological Applications,chase q1 q3,chase-citations s2-q1-beetle-terrain s2-q3-beetle-terrain,3,,,exclude,wrong-concept,
a geospatial assessment of mountain pine beetle infestations and their effect on forest health in okanogan wenatchee national forest,,A GEOSPATIAL ASSESSMENT OF MOUNTAIN PINE BEETLE INFESTATIONS AND THEIR EFFECT ON FOREST HEALTH IN OKANOGAN-WENATCHEE NATIONAL FOREST,2011,,q1,s2-q1-beetle-terrain,1,,,include,,
10.1080/01431160903401361,10.1080/01431160903401361,Forest structure without ground data: Adaptive Full-Blind Multiple Forward-Mode reflectance model inversion in a mountain pine beetle damaged forest,2010,,q1,s2-q1-beetle-terrain,1,,,exclude,wrong-concept,
10.1093/forestry/cpm039,10.1093/FORESTRY/CPM039,Growth response of young lodgepole pine to thinning and repeated fertilization treatments: 10-year results,2007,,q1 q2,s2-q1-beetle-terrain s2-q2-beetle-wind,2,,,exclude,off-topic,
10.2737/pnw-rp-508,10.2737/pnw-rp-508,Growth of ponderosa pine thinned to different stocking levels in central Oregon: 30-year results.,1999,,q1 q2,s2-q1-beetle-terrain s2-q2-beetle-wind,2,,,exclude,off-topic,
10.1016/j.foreco.2013.12.024,10.1016/J.FORECO.2013.12.024,"Bark beetles and dwarf mistletoe interact to alter downed woody material, canopy structure, and stand characteristics in northern Colorado ponderosa pine",2014,,q1,s2-q1-beetle-terrain,1,,,exclude,wrong-population,
10.4172/2157-7625.s1.016,10.4172/2157-7625.S1.016,Pattern oriented modeling of Clark?s Nutcracker (Nucifraga columbiana) in whitebark pine communities,2014,,q1 q3,s2-q1-beetle-terrain s2-q3-beetle-terrain,2,,,exclude,off-topic,
ectomycorrhizal fungi of whitebark pine pinus albicaulis in the northern greater yellowstone ecosystem,,Ectomycorrhizal fungi of whitebark pine (Pinus albicaulis) in the Northern Greater Yellowstone Ecosystem,2006,,q1 q3,s2-q1-beetle-terrain s2-q3-beetle-terrain,2,,,exclude,off-topic,
integration of lidar optical remotely sensed and ancillary data for forest monitoring and grizzly bear habitat characterization integração de lidar sensores remotos óticos e dados auxiliares para o monitoramento fl orestal e caracterização do habitat dos ursos grizzly,,"Integration of LIDAR, optical remotely sensed and ancillary data for forest monitoring and Grizzly bear habitat characterization Integração de LIDAR, sensores remotos óticos e dados auxiliares para o monitoramento fl orestal e caracterização do habitat dos ursos Grizzly",2008,,q1 q3,s2-q1-beetle-terrain s2-q3-beetle-terrain,2,,,exclude,off-topic,
10.3390/f12030360,10.3390/F12030360,Interactions between Climate and Stand Conditions Predict Pine Mortality during a Bark Beetle Outbreak,2021,,chase q1,chase-citations s2-q1-beetle-terrain,2,,,include,,
10.1080/01431160802566439,10.1080/01431160802566439,Mapping whitebark pine mortality caused by a mountain pine beetle outbreak with high spatial resolution satellite imagery,2009,,q1 q3,s2-q1-beetle-terrain s2-q3-beetle-terrain,2,,,exclude,wrong-concept,
10.2737/rmrs-rp-54,10.2737/rmrs-rp-54,Mountain Pine Beetle-Caused Tree Mortality in Partially Cut Plots Surrounded by Unmanaged Stands,2005,,q1,s2-q1-beetle-terrain,1,schmid2005mortality,schmid2005mortality,include,,yes
growth and mortality of ponderosa pine poles thinned to various densities in the blue mountains of oregon forest service research paper,,Growth and mortality of ponderosa pine poles thinned to various densities in the Blue Mountains of Oregon. Forest Service research paper,1995,,q1 q2,s2-q1-beetle-terrain s2-q2-beetle-wind,2,,,exclude,off-topic,
10.1002/eap.1363,10.1002/eap.1363,Fortifying the forest: thinning and burning increase resistance to a bark beetle outbreak and promote forest resilience.,2016,Ecological Applications,chase q1 q2,chase-citations s2-q1-beetle-terrain s2-q2-beetle-wind,3,,,include,,
10.1111/j.1461-9563.2011.00543.x,10.1111/j.1461-9563.2011.00543.x,"Thinning Jeffrey pine stands to reduce susceptibility to bark beetle infestations in California, U.S.A.",2012,,q1 q2,s2-q1-beetle-terrain s2-q2-beetle-wind,2,,,exclude,wrong-population,
10.1002/eap.2188,10.1002/eap.2188,Forest restoration treatments in a ponderosa pine forest enhance physiological activity and growth under climatic stress.,2020,Ecological Applications,q1 q2,s2-q1-beetle-terrain s2-q2-beetle-wind,2,,,exclude,off-topic,
10.5558/tfc82243-2,10.5558/TFC82243-2,Large-area mountain pine beetle infestations: Spatial data representation and accuracy,2006,,q1 q3,s2-q1-beetle-terrain s2-q3-beetle-terrain,2,,,exclude,wrong-concept,
10.3390/f10010018,10.3390/F10010018,"Biological Aspects of Mountain Pine Beetle in Lodgepole Pine Stands of Different Densities in Colorado, USA",2018,Forests,chase q1 q3,chase-citations s2-q1-beetle-terrain s2-q3-beetle-terrain,6,,,include,,
verbenone flakes may help slow mountain pine beetle s spread,,Verbenone flakes may help slow mountain pine beetle's spread,2009,,q1 q3,s2-q1-beetle-terrain s2-q3-beetle-terrain,2,,,exclude,wrong-concept,
coastal swamp cedar regeneration 14 years post hurricane katrina,,Coastal Swamp-Cedar Regeneration 14-Years Post-Hurricane Katrina,2020,,q1 q2 q4,s2-q1-beetle-terrain s2-q2-beetle-wind s2-q4-beetle-terrain-wind,3,,,exclude,off-topic,
10.1016/j.foreco.2019.117500,10.1016/J.FORECO.2019.117500,Drivers of lodgepole pine recruitment across a gradient of bark beetle outbreak and wildfire in British Columbia,2019,Forest Ecology and Management,q1,s2-q1-beetle-terrain,1,,,exclude,wrong-population,
10.5962/bhl.title.94581,10.5962/BHL.TITLE.94581,Growth and mortality of ponderosa pine poles thinned to various densities in the Blue Mountains of Oregon,1995,,q1 q2,s2-q1-beetle-terrain s2-q2-beetle-wind,2,,,exclude,duplicate,
persistence of evapotranspiration impacts from mountain pine beetle outbreaks in lodgepole pine forests south central rocky mountains usa,,"Persistence of evapotranspiration impacts from mountain pine beetle outbreaks in lodgepole pine forests, south-central Rocky Mountains, USA",2014,,q1,s2-q1-beetle-terrain,1,,,exclude,wrong-concept,
10.70499/bxdr8533,10.70499/bxdr8533,Overview of indicator mineral research at the Geological Survey of Canada – an update,2016,Explore,q1 q3,s2-q1-beetle-terrain s2-q3-beetle-terrain,2,,,exclude,off-topic,
10.3390/f16040649,10.3390/f16040649,"Host Use Does Not Drive Genetic Structure of the Mountain Pine Beetle, Dendroctonus ponderosae (Coleoptera: Curculionidae: Scolytinae), in Western North America",2025,Forests,q1,s2-q1-beetle-terrain,1,,,exclude,wrong-concept,
10.1093/ee/nvae068,10.1093/ee/nvae068,Evidence for an adult summer diapause in mountain pine beetle (Coleoptera: Curculionidae) that varies geographically and among haplogroups,2024,Environmental Entomology,q1,s2-q1-beetle-terrain,1,,,exclude,wrong-concept,
10.1016/j.jag.2012.06.007,10.1016/j.jag.2012.06.007,Augmenting forest inventory attributes with geometric optical modelling in support of regional susceptibility assessments to bark beetle infestations,2013,International Journal of Applied Earth Observation and Geoinformation,q1,s2-q1-beetle-terrain,1,,,exclude,wrong-population,
10.1093/ee/16.3.738,10.1093/EE/16.3.738,Potential Mountain Pine Beetle (Coleoptera: Scolytidae) Attack of Lodgepole Pine as Described by Stand Density Index,1987,Environmental Entomology,q1,crossref-q1-beetle-terrain s2-q1-beetle-terrain,2,,,include,,
hiding without cover de ﬁ ning elk security in a beetle killed forest,,Hiding Without Cover? De ﬁ ning Elk Security in a Beetle ‐ Killed Forest,,,q1 q3,s2-q1-beetle-terrain s2-q3-beetle-terrain,2,,,exclude,wrong-population,
10.14288/1.0075060,10.14288/1.0075060,"Wildfire and mountain pine beetle boundary zones : spatial pattern, boundary creation ans successional consquences",2003,,q1 q3,s2-q1-beetle-terrain s2-q3-beetle-terrain,2,,,exclude,wrong-concept,
10.3390/f12121677,10.3390/f12121677,"Tree Mortality following Thinning and Prescribed Burning in Central Oregon, U.S.",2021,Forests,chase q1 q2 q4,chase-citations s2-q1-beetle-terrain s2-q2-beetle-wind s2-q4-beetle-terrain-wind,4,,,include,,
mountain pine beetle disturbance and climate impacts on subalpine forest carbon cycling,,Mountain Pine Beetle Disturbance and Climate Impacts on Subalpine Forest Carbon Cycling,2012,,q1,s2-q1-beetle-terrain,1,,,exclude,wrong-concept,
10.1093/forestscience/28.4.827,10.1093/FORESTSCIENCE/28.4.827,Predicting Scenic Quality for Mountain Pine Beetle and Western Spruce Budworm Damaged Forest Vistas,1982,Forestry sciences,q1 q3,s2-q1-beetle-terrain s2-q3-beetle-terrain,2,,,exclude,wrong-concept,
forest mortality in lake tahoe basin from 1985 2010 influences of forest type stand density topography and climate,,"Forest Mortality in Lake Tahoe Basin from 1985-2010: Influences of Forest Type, Stand Density, Topography and Climate",2012,,chase q1 q3,chase-citations s2-q1-beetle-terrain s2-q3-beetle-terrain,3,,,exclude,off-topic,
10.3120/0024-9637-58.4.234,10.3120/0024-9637-58.4.234,Population Ecology and Demography of an Endemic Subalpine Conifer (Pinus balfouriana) with a Disjunct Distribution in California,2011,,q1,s2-q1-beetle-terrain,1,,,exclude,off-topic,
results of mesoscale meteorological model simulations of topography effects on mountain pine beetle dendroctonus ponderosae transport and dispersion,,Results of mesoscale meteorological model simulations of topography effects on Mountain Pine Beetle (dendroctonus ponderosae) transport and dispersion,2006,,q1 q2 q3 q4,s2-q1-beetle-terrain s2-q2-beetle-wind s2-q3-beetle-terrain s2-q4-beetle-terrain-wind,4,,,include,,
10.1111/j.1439-0418.1998.tb01490.x,10.1111/j.1439-0418.1998.tb01490.x,"Impacts of mountain pine beetle (Dendroctonus ponderosae) (Col., Scolytidae) infestation on future landscape susceptibility to the western spruce budworm (Choristoneura occidentalis) (Lep., Tortricidae) in north central Washington",1998,,q1,s2-q1-beetle-terrain,1,,,exclude,wrong-concept,
10.1139/x84-120,10.1139/X84-120,Hazard rating of lodgepole pine stands to mountain pine beetle outbreaks in southcentral Oregon,1984,,q1,s2-q1-beetle-terrain,1,,,include,,
10.1603/ec11121,10.1603/EC11121,Responses of Dendroctonus brevicomis (Coleoptera: Curculionidae) in Behavioral Assays: Implications to Development of a Semiochemical-Based Tool for Tree Protection,2012,Journal of Economic Entomology,q1 q2,s2-q1-beetle-terrain s2-q2-beetle-wind,2,,,exclude,wrong-population,
an annotated bibliography of scientific literature on research and management activities conducted in tenderfoot creek experimental forest,,An annotated bibliography of scientific literature on research and management activities conducted in Tenderfoot Creek Experimental Forest,2014,,q1 q2 q3 q4,s2-q1-beetle-terrain s2-q2-beetle-wind s2-q3-beetle-terrain s2-q4-beetle-terrain-wind,4,,,exclude,not-research,
10.1890/06-0907.1,10.1890/06-0907.1,Influences of secondary disturbances on lodgepole pine stand development in Rocky Mountain National Park.,2007,Ecological Applications,q1 q2,s2-q1-beetle-terrain s2-q2-beetle-wind,2,,,exclude,off-topic,
orest thinning and subsequent bark beetle caused mortality in ortheastern california oel,,orest thinning and subsequent bark beetle-caused mortality in ortheastern California oel,2010,,chase q1 q2,chase-citations s2-q1-beetle-terrain s2-q2-beetle-wind,3,,,exclude,duplicate,
10.1016/s0378-1127(02)00066-x,10.1016/S0378-1127(02)00066-X,Predictive models of whitebark pine mortality from mountain pine beetle,2003,,chase q1,chase-citations chase-references s2-q1-beetle-terrain,3,,,include,,
10.1371/journal.pone.0107532,10.1371/journal.pone.0107532,Effects of Dwarf Mistletoe on Stand Structure of Lodgepole Pine Forests 21-28 Years Post-Mountain Pine Beetle Epidemic in Central Oregon,2014,PLoS ONE,q1,s2-q1-beetle-terrain,1,,,exclude,wrong-concept,
10.1016/j.rse.2005.12.010,10.1016/J.RSE.2005.12.010,Estimating the probability of mountain pine beetle red-attack damage,2006,,chase q1 q3,chase-citations chase-references s2-q1-beetle-terrain s2-q3-beetle-terrain,4,wulder2006estimating,wulder2006estimating,include,,yes
10.1111/mec.14342,10.1111/mec.14342,Reproductive isolation and environmental adaptation shape the phylogeography of mountain pine beetle (Dendroctonus ponderosae),2017,Molecular Ecology,q1,s2-q1-beetle-terrain,1,,,exclude,wrong-concept,
utah state university from the selectedworks of james long 2010 developing and comparing silvicultural alternatives goals objectives and evaluation criteria,,"Utah State University From the SelectedWorks of James Long 2010 Developing and Comparing Silvicultural Alternatives : Goals , Objectives , and Evaluation Criteria",2017,,q1 q2 q4,s2-q1-beetle-terrain s2-q2-beetle-wind s2-q4-beetle-terrain-wind,3,,,exclude,off-topic,
10.7557/2.25.4.1775,10.7557/2.25.4.1775,Mountain pine beetles and emerging issues in the management of woodland caribou in Westcentral British Columbia,2005,,q1 q3,s2-q1-beetle-terrain s2-q3-beetle-terrain,2,,,exclude,wrong-concept,
10.1016/j.agrformet.2014.09.015,10.1016/J.AGRFORMET.2014.09.015,"Persistence of MODIS evapotranspiration impacts from mountain pine beetle outbreaks in lodgepole pine forests, south-central Rocky Mountains",2015,,q1,s2-q1-beetle-terrain,1,,,exclude,wrong-concept,
estimating mountain pine beetle killed ponderosa pine over the front range of colorado with high altitude panoramic photography,,Estimating Mountain Pine Beetle-Killed Ponderosa Pine Over the Front Range of Colorado with High Altitude Panoramic Photography,2008,,q1 q3,s2-q1-beetle-terrain s2-q3-beetle-terrain,2,,,exclude,wrong-concept,
10.2737/pnw-rn-513,10.2737/PNW-RN-513,Suggested stocking levels for forest stands in northeastern Oregon and southeastern Washington. Forest Service research note,1994,,q1,s2-q1-beetle-terrain,1,,,exclude,off-topic,
10.1002/bes2.1772,10.1002/bes2.1772,Forest Restoration Treatments in a Ponderosa Pine Forest Enhance Physiological Activity and Growth Under Climatic Stress,2020,Bulletin of the Ecological Society of America,q1 q2,s2-q1-beetle-terrain s2-q2-beetle-wind,2,,,exclude,duplicate,
10.1016/j.foreco.2015.09.010,10.1016/J.FORECO.2015.09.010,"Limber pine in the central and southern Rocky Mountains: Stand conditions and interactions with blister rust, mistletoe, and bark beetles",2015,,q1,s2-q1-beetle-terrain,1,,,exclude,wrong-population,
10.4039/ent123299-2,10.4039/Ent123299-2,"PRIMARY ATTRACTION OF MOUNTAIN PINE BEETLE, DENDROCTONUS PONDEROSAE HOPK. (COLEOPTERA: SCOLYTIDAE), TO BOLTS OF LODGEPOLE PINE",1991,Canadian Entomologist,q1 q2 q3 q4,s2-q1-beetle-terrain s2-q2-beetle-wind s2-q3-beetle-terrain s2-q4-beetle-terrain-wind,4,,,include,,
10.1093/wjaf/11.2.50,10.1093/WJAF/11.2.50,Technical Commentary: Management of Lodgepole Pine Stand Density to Reduce Susceptibility to Mountain Pine Beetle Attack,1996,Western Journal of Applied Forestry,q1 q2,crossref-q1-beetle-terrain s2-q1-beetle-terrain s2-q2-beetle-wind,3,,,include,,
10.1101/2022.06.28.498011,10.1101/2022.06.28.498011,Host use does not drive genetic structure of mountain pine beetles in western North America,2022,bioRxiv,q1,s2-q1-beetle-terrain,1,,,exclude,wrong-concept,
10.18474/0749-8004-45.3.296,10.18474/0749-8004-45.3.296,"Efficacy of Fipronil for Protecting Individual Pines from Mortality Attributed to Attack by Western Pine Beetle and Mountain Pine Beetle (Coleoptera: Curculionidae, Scolytinae)",2010,,q1,s2-q1-beetle-terrain,1,,,exclude,wrong-concept,
10.3390/fire8030109,10.3390/fire8030109,"The Lookout Mountain Thinning and Fuels Reduction Study, Central Oregon: Tree Mortality 2–9 Years After Treatments",2025,Fire,chase q1 q2 q4,chase-citations s2-q1-beetle-terrain s2-q2-beetle-wind s2-q4-beetle-terrain-wind,4,,,include,,
10.1016/j.foreco.2019.03.023,10.1016/J.FORECO.2019.03.023,Mountain pine beetle outbreak enhanced resin duct-defenses of lodgepole pine trees,2019,Forest Ecology and Management,q1,s2-q1-beetle-terrain,1,,,exclude,wrong-concept,
10.3375/043.034.0305,10.3375/043.034.0305,"Forest Structure, Health, and Mortality in Two Rocky Mountain Whitebark Pine Ecosystems: Implications for Restoration",2014,,q1 q3,s2-q1-beetle-terrain s2-q3-beetle-terrain,2,,,exclude,off-topic,
10.1006/jtbi.1998.0742,10.1006/JTBI.1998.0742,"Theoretical analysis of ""Switching"" in a localized model for mountain pine beetle mass attack",1998,Journal of Theoretical Biology,q2 q3,s2-q2-beetle-wind s2-q3-beetle-terrain,2,,,include,,
10.1093/forestscience/39.3.528,10.1093/FORESTSCIENCE/39.3.528,Colonization Patterns of the Mountain Pine Beetle in Thinned and Unthinned Lodgepole Pine Stands,1993,Forestry sciences,q2,s2-q2-beetle-wind,1,,,include,,
10.1016/j.ecolmodel.2012.01.020,10.1016/J.ECOLMODEL.2012.01.020,Landscape-level simulation of forest insect disturbance: Coupling swarm intelligent agents with GIS-based cellular automata model,2012,,q2,s2-q2-beetle-wind,1,,,include,,
thinning to prevent mountain pine beetles in lodgepole and ponderosa pine,,Thinning to prevent mountain pine beetles in lodgepole and ponderosa pine,1982,,q2,s2-q2-beetle-wind,1,,,include,,
influence of mountain pine beetle epidemic on winter habitat conditions for merriam s turkeys management implications for current and future condition,,Influence of mountain pine beetle epidemic on winter habitat conditions for Merriam's turkeys: Management implications for current and future condition,2016,,q2,s2-q2-beetle-wind,1,,,exclude,wrong-concept,
10.1016/j.agrformet.2015.01.018,10.1016/J.AGRFORMET.2015.01.018,Modeling spatial and temporal dynamics of wind flow and potential fire behavior following a mountain pine beetle outbreak in a lodgepole pine forest,2015,Agricultural and Forest Meteorology,q2,crossref-q2-beetle-wind s2-q2-beetle-wind,2,,,include,,
local indicators for categorical data licd impacts of scaling decisions,,Local indicators for categorical data (LICD): Impacts of scaling decisions,2011,,q2,s2-q2-beetle-wind,1,,,exclude,off-topic,
10.1093/forestscience/29.1.204,10.1093/FORESTSCIENCE/29.1.204,Thinning Lodgepole Pine Increases Tree Vigor and Resistance to Mountain Pine Beetle,1983,Forestry sciences,q2,crossref-q2-beetle-wind s2-q2-beetle-wind,2,,,include,,
pre attack systemic applications of a neem based insecticide for control of the mountain pine beetle dendroctonus ponderosae hopkins coleoptera scolytidae,,"Pre-attack systemic applications of a neem-based insecticide for control of the mountain pine beetle, Dendroctonus ponderosae Hopkins (Coleoptera: Scolytidae)",1999,,q2,s2-q2-beetle-wind,1,,,exclude,wrong-concept,
impacts of mountain pine beetle attack on stand and ecosystem dynamics,,Impacts of Mountain Pine Beetle Attack on Stand and Ecosystem Dynamics,2003,,q2,s2-q2-beetle-wind,1,,,exclude,wrong-concept,
mountain pine beetle dispersal through managed and unmanaged landscapes,,Mountain Pine Beetle Dispersal through Managed and Unmanaged Landscapes,2008,,chase q2 q3,chase-citations s2-q2-beetle-wind s2-q3-beetle-terrain,3,,,include,,
modelling of mountain pine beetle transport and dispersion using atmospheric models,,Modelling of Mountain Pine Beetle Transport and Dispersion using Atmospheric Models,2004,,q2 q3,s2-q2-beetle-wind s2-q3-beetle-terrain,2,,,include,,
10.1016/j.jtbi.2014.12.011,10.1016/j.jtbi.2014.12.011,Integrating models to investigate critical phenological overlaps in complex ecological interactions: the mountain pine beetle-fungus symbiosis.,2015,Journal of Theoretical Biology,q2 q3,s2-q2-beetle-wind s2-q3-beetle-terrain,2,,,exclude,wrong-concept,
10.1007/978-3-319-19809-5,10.1007/978-3-319-19809-5,Simulation Modeling of Forest Landscape Disturbances,2015,Cambridge International Law Journal,q2,s2-q2-beetle-wind,1,,,exclude,off-topic,
forest vegetation fuel and fire hazard development in stands treated to resist crown fire,,"FOREST VEGETATION, FUEL, AND FIRE HAZARD DEVELOPMENT IN STANDS TREATED TO RESIST CROWN FIRE",2017,,chase q2,chase-citations s2-q2-beetle-wind,2,,,exclude,not-english,
10.1093/forestscience/56.1.60,10.1093/FORESTSCIENCE/56.1.60,"Effects of Fire and Fire Surrogate Treatments on Bark Beetle-Caused Tree Mortality in the Southern Cascades, California",2010,Forestry sciences,chase q2,chase-citations s2-q2-beetle-wind,3,,,exclude,wrong-population,
status of bark beetle infestations in second growth ponderosa pine stands bureau of land management lands garnet mountains montana,,"Status of bark beetle infestations in second-growth ponderosa pine stands, Bureau of Land Management lands Garnet Mountains, Montana",1973,,q2,s2-q2-beetle-wind,1,,,exclude,wrong-population,
10.1603/0013-8746-101.6.1010,10.1603/0013-8746-101.6.1010,Biology of Dendroctonus murrayanae (Coleoptera: Curculionidae: Scolytinae) in Idaho and Montana and Comparative Taxonomic Notes,2008,,q2,s2-q2-beetle-wind,1,,,exclude,wrong-population,
a synoptic climatology for the emergence and flight of the mountain pine beetle dendroctonus ponderosae hopkins,,A synoptic climatology for the emergence and flight of the mountain pine beetle (Dendroctonus Ponderosae Hopkins),2004,,q2 q3 q4,s2-q2-beetle-wind s2-q3-beetle-terrain s2-q4-beetle-terrain-wind,3,,,include,,
the effects of hazardous fuel reduction treatments in the wildland urban interface on the activity of bark beetles infesting ponderosa pine,,The effects of hazardous fuel reduction treatments in the wildland urban interface on the activity of bark beetles infesting ponderosa pine,2008,,q2,s2-q2-beetle-wind,1,,,exclude,wrong-population,
10.36967/2302327,10.36967/2302327,Sierra Nevada Network high elevation white pine monitoring: 2021 annual report,2024,,q2,s2-q2-beetle-wind,1,,,exclude,off-topic,
trapping mountain pine beetles dendroctonus ponderosae coleoptera scolytidae using pheromone baited traps effects of trapping distance,,Trapping mountain pine beetles Dendroctonus ponderosae (Coleoptera: Scolytidae) using pheromone-baited traps: effects of trapping distance,1998,,q2 q3,s2-q2-beetle-wind s2-q3-beetle-terrain,2,,,exclude,wrong-concept,
modeling bark beetles and fuels on landscapes a demonstration of arcfuels and a discussion of possible model enhancements,,Modeling bark beetles and fuels on landscapes: A demonstration of ArcFuels and a discussion of possible model enhancements,2008,,q2,s2-q2-beetle-wind,1,,,exclude,wrong-population,
the effect of mechanical fuel reduction treatments in the wildland urban interface on the amount and distribution of bark beetle caused tree mortality,,The effect of mechanical fuel reduction treatments in the wildland-urban interface on the amount and distribution of bark beetle-caused tree mortality,2007,,q2,s2-q2-beetle-wind,1,,,exclude,wrong-population,
10.1016/j.foreco.2019.117667,10.1016/j.foreco.2019.117667,"Juvenile thinning can effectively mitigate the effects of drought on tree growth and water consumption in a young Pinus contorta stand in the interior of British Columbia, Canada",2019,Forest Ecology and Management,q2,s2-q2-beetle-wind,1,,,exclude,off-topic,
10.1002/eap.2474,10.1002/eap.2474,Does the legacy of historical thinning treatments foster resilience to bark beetle outbreaks in subalpine forests?,2021,Ecological Applications,q2,s2-q2-beetle-wind,1,,,include,,
status of mountain pine beetle on the bitterroot national forest montana and idaho 1974,,"Status of mountain pine beetle on the Bitterroot National Forest, Montana and Idaho, 1974",1974,,q2,s2-q2-beetle-wind,1,,,exclude,wrong-concept,
mountain pine beetle epidemiology in lodgepole pine les safranyik,,Mountain Pine Beetle Epidemiology in Lodgepole Pine Les Safranyik,2004,,q2,s2-q2-beetle-wind,1,,,include,,
10.2737/rmrs-gtr-393,10.2737/rmrs-gtr-393,"Differing ponderosa pine forest structures, their growth and yield, and mountain pine beetle impacts: Growing stock levels in the Black Hills",2019,,q2,s2-q2-beetle-wind,1,graham2019structures,graham2019structures,include,,yes
10.1002/eap.2023,10.1002/eap.2023,Vegetation dynamics following compound disturbance in a dry pine forest: fuel treatment then bark beetle outbreak.,2019,Ecological Applications,q2,s2-q2-beetle-wind,1,,,exclude,wrong-population,
bark beetle outbreaks in ponderosa pine and douglas fir forests implications for fuels fire and management under different climate scenarios,,"Bark Beetle Outbreaks in ponderosa pine and Douglas-fir forests: Implications for fuels, fire, and management under different climate scenarios",2010,,q2,s2-q2-beetle-wind,1,,,exclude,wrong-population,
10.1007/s10453-010-9176-9,10.1007/S10453-010-9176-9,Investigation into mountain pine beetle above-canopy dispersion using weather radar and an atmospheric dispersion model,2011,,chase q2 q3,chase-citations chase-references s2-q2-beetle-wind s2-q3-beetle-terrain,4,,,include,,
10.5962/bhl.title.81035,10.5962/BHL.TITLE.81035,The effect of phloem thickness on heterozygosity in laboratory reared mountain pine beetles,1995,,q2,s2-q2-beetle-wind,1,,,exclude,wrong-concept,
10.5849/forsci.13-040,10.5849/FORSCI.13-040,The Once and Future Forest: Consequences of Mountain Pine Beetle Treatment Decisions,2014,,chase q2,chase-citations s2-q2-beetle-wind,2,,,exclude,wrong-concept,
10.1016/j.foreco.2020.118654,10.1016/j.foreco.2020.118654,Impacts of thinning treatments on dynamics of needle disease caused by Elytroderma deformans (Weir) Darker and interactions with bark beetle-attacks in the northern Rocky Mountains,2021,,q2,s2-q2-beetle-wind,1,,,exclude,wrong-population,
commercial thinning and its potential for contributionto the timber supply in british columbia s interior forests,,Commercial thinning and its potential for contributionto the timber supply in British Columbia’s Interior forests,2014,,q2,s2-q2-beetle-wind,1,,,exclude,off-topic,
10.3390/f5040822,10.3390/F5040822,A Comment on “Management for Mountain Pine Beetle Outbreak Suppression: Does Relevant Science Support Current Policy?”,2014,,q2,s2-q2-beetle-wind,1,,,exclude,wrong-concept,
10.1016/j.foreco.2013.06.018,10.1016/J.FORECO.2013.06.018,Prescribed fire and mechanical thinning effects on bark beetle caused tree mortality in a mid-elevation Sierran mixed-conifer forest,2013,,q2,s2-q2-beetle-wind,1,,,exclude,wrong-population,
10.1186/s42408-018-0016-6,10.1186/S42408-018-0016-6,Fuel dynamics after a bark beetle outbreak impacts experimental fuel treatments,2018,Fire Ecology,q2,s2-q2-beetle-wind,2,,,exclude,wrong-population,
the effects of spruce beetle coleoptera curculionidae scolytinae on fuels and fire in intermountain spruce fir forests,,The Effects of Spruce Beetle (Coleoptera: Curculionidae: Scolytinae) on Fuels and Fire in Intermountain Spruce-Fir Forests,2010,,q2,s2-q2-beetle-wind,1,,,exclude,wrong-population,
10.1029/2010jg001390,10.1029/2010JG001390,Ecosystem carbon dioxide fluxes after disturbance in forests of North America,2010,,q2,s2-q2-beetle-wind,1,,,exclude,off-topic,
10.1016/j.ecocom.2018.08.006,10.1016/J.ECOCOM.2018.08.006,"Cyclic epidemics, population crashes, and irregular eruptions in simulated populations of the mountain pine beetle, Dendroctonus ponderosae",2018,Ecological Complexity : An International Journal on Biocomplexity in the Environment and Theoretical Ecology,chase q2,chase-citations s2-q2-beetle-wind,3,,,exclude,wrong-concept,
recent publications of the pacific northwest research station first and second quarters 2008,,"Recent Publications of the Pacific Northwest Research Station First and Second Quarters, 2008",2008,,q2 q3,s2-q2-beetle-wind s2-q3-beetle-terrain,2,,,exclude,not-research,
10.3389/fgene.2017.00009,10.3389/fgene.2017.00009,Using Landscape Genetics Simulations for Planting Blister Rust Resistant Whitebark Pine in the US Northern Rocky Mountains,2017,Frontiers in Genetics,q2,s2-q2-beetle-wind,1,,,exclude,off-topic,
10.1016/j.landurbplan.2006.10.010,10.1016/J.LANDURBPLAN.2006.10.010,Modeling the effects of thinning on bark beetle impacts and wildfire potential in the Blue Mountains of eastern Oregon,2007,,q2,s2-q2-beetle-wind,1,,,exclude,wrong-population,
10.1093/jof/73.3.136,10.1093/JOF/73.3.136,Mountain Pine Beetle in Ponderosa Pine–Prospects for Silvicultural Control in Second-Growth Stands,1975,Journal of Forests,q2,s2-q2-beetle-wind,1,,,include,,
10.1890/11-1035.1,10.1890/11-1035.1,Do mountain pine beetle outbreaks change the probability of active crown fire in lodgepole pine forests? Comment.,2012,Ecology,q2,s2-q2-beetle-wind,1,,,exclude,wrong-concept,
10.2737/pnw-gtr-327,10.2737/pnw-gtr-327,Historical and current roles of insects and pathogens in eastern Oregon and Washington forested landscapes.,1994,,q2,s2-q2-beetle-wind,1,,,exclude,off-topic,
10.3390/f5010153,10.3390/F5010153,Resiliency of an Interior Ponderosa Pine Forest to Bark Beetle Infestations Following Fuel-Reduction and Forest-Restoration Treatments,2014,,chase q2,chase-citations s2-q2-beetle-wind,2,,,exclude,wrong-population,
10.1016/j.foreco.2020.118645,10.1016/j.foreco.2020.118645,Repeated fall prescribed fire in previously thinned Pinus ponderosa increases growth and resistance to other disturbances,2021,,q2,s2-q2-beetle-wind,1,,,exclude,off-topic,
10.1093/forestscience/45.1.15,10.1093/forestscience/45.1.15,Long-Term Dynamics of Lodgepole Needle Miner Populations in Central Oregon,1999,Forestry sciences,q2,s2-q2-beetle-wind,1,,,exclude,off-topic,
10.1016/j.foreco.2018.07.040,10.1016/J.FORECO.2018.07.040,Ecological effects and effectiveness of silvicultural restoration treatments in whitebark pine forests,2018,Forest Ecology and Management,q2,s2-q2-beetle-wind,1,,,exclude,off-topic,
isozyme studies of bark beetle population genetics and systematics,,Isozyme Studies of Bark Beetle Population Genetics and Systematics,1992,,q2,s2-q2-beetle-wind,1,,,exclude,wrong-population,
10.5558/tfc2015-074,10.5558/TFC2015-074,Long-term efficacy of diameter-limit cutting to reduce mountain pine beetle-caused tree mortality in a lodgepole pine forest,2015,,q2,s2-q2-beetle-wind,1,,,include,,
fertilization and thinning as factors influencing the vigour of pine in relation to mountain pine beetle attack,,Fertilization and thinning as factors influencing the vigour of pine in relation to mountain pine beetle attack,2008,,q2,s2-q2-beetle-wind,1,,,include,,
evaluation of a mountain pine beetle infestation shook mountain sula district bitterroot national forest 1977,,"Evaluation of a mountain pine beetle infestation, Shook Mountain, Sula District, Bitterroot National Forest, 1977",1977,,q2,s2-q2-beetle-wind,1,,,exclude,wrong-concept,
10.1016/j.foreco.2014.10.034,10.1016/J.FORECO.2014.10.034,"A spatiotemporal pattern analysis of potential mountain pine beetle emergence in British Columbia, Canada",2015,,chase q2 q3,chase-citations s2-q2-beetle-wind s2-q3-beetle-terrain,5,,,exclude,wrong-concept,
numerical modeling of mountain pine beetle transport by the wind,,Numerical modeling of mountain pine beetle transport by the wind,2004,,q2,s2-q2-beetle-wind,1,,,include,,
10.1139/x87-191,10.1139/X87-191,Partial cutting lodgepole pine stands to reduce losses to the mountain pine beetle,1987,,q2,s2-q2-beetle-wind,1,,,include,,
10.24124/2017/54800,10.24124/2017/54800,"Disturbance history and its influence on drought tolerance of interior Douglas-fir (Pseudotsuga menziesii var. glauca (Beisn.) Franco) in the Cariboo-Chilcotin region of British Columbia, Canada",2017,,q2 q3 q4,s2-q2-beetle-wind s2-q3-beetle-terrain s2-q4-beetle-terrain-wind,3,,,exclude,off-topic,
10.3390/f9060311,10.3390/F9060311,Growth Response of Whitebark Pine (Pinus albicaulis Engelm) Regeneration to Thinning and Prescribed Burn Treatments,2018,Forests,q2,s2-q2-beetle-wind,1,,,exclude,off-topic,
10.1088/1748-9326/7/1/011001,10.1088/1748-9326/7/1/011001,New views on changing Arctic vegetation,2012,,q2 q3,s2-q2-beetle-wind s2-q3-beetle-terrain,2,,,exclude,off-topic,
10.2737/nrs-gtr-p-197-paper2,10.2737/nrs-gtr-p-197-paper2,Climate as a driver of change in U.S. forests,2020,,q2,s2-q2-beetle-wind,1,,,exclude,off-topic,
how fertilization and thinning may impact tree defense and mountain pine beetle overwintering,,How fertilization and thinning may impact tree defense and mountain pine beetle overwintering,2012,,q2,s2-q2-beetle-wind,1,,,include,,
10.1139/cjfr-2022-0317,10.1139/cjfr-2022-0317,Intensive management increases flexibility in managing wood supply,2023,Canadian Journal of Forest Research,q2,s2-q2-beetle-wind,1,,,exclude,off-topic,
10.1007/s11676-015-0064-6,10.1007/s11676-015-0064-6,"Post-fire regeneration dynamics in whitebark pine (Pinus albicaulis) forests in Wind River and Absaroka Mountains, Wyoming, USA",2015,Journal of Forest Research,q2,s2-q2-beetle-wind,2,,,exclude,off-topic,
10.1016/j.agrformet.2015.03.006,10.1016/J.AGRFORMET.2015.03.006,Spatiotemporal mapping of potential mountain pine beetle emergence - Is a heating cycle a valid surrogate for potential beetle emergence?,2015,,q2,s2-q2-beetle-wind,1,,,exclude,wrong-concept,
10.1093/forestscience/32.3.789,10.1093/forestscience/32.3.789,A Mechanistic Computer Model of Mountain Pine Beetle Populations Interacting with Lodgepole Pine Stands and Its Implications for Forest Managers,1986,Forestry sciences,q2,s2-q2-beetle-wind,1,,,include,,
endemic forest disturbances and stand structure of ponderosa pine pinus ponderosa in the upper pine creek research natural area south dakota usa,,"Endemic forest disturbances and stand structure of ponderosa pine (Pinus ponderosa) in the Upper Pine Creek Research Natural Area, South Dakota, USA",2000,,q2,s2-q2-beetle-wind,1,,,exclude,off-topic,
mountain pine beetle impact survey ninemile drainage lolo national forest and state and private lands montana 1973,,"Mountain pine beetle impact survey, Ninemile Drainage, Lolo National Forest, and state and private lands, Montana, 1973",1974,,q2,s2-q2-beetle-wind,1,,,exclude,wrong-concept,
10.5962/bhl.title.98611,10.5962/bhl.title.98611,Ponderosa Pine Mortality Resulting From a Mountain Pine Beetle Outbreak,2017,,q2,s2-q2-beetle-wind,1,,,include,,
10.1088/1748-9326/ab7953,10.1088/1748-9326/ab7953,Fire weather drives daily area burned and observations of fire behavior in mountain pine beetle affected landscapes,2020,Environmental Research Letters,chase q2,chase-citations s2-q2-beetle-wind,2,,,exclude,wrong-concept,
10.2307/1942611,10.2307/1942611,FIRE AND LANDSCAPE DIVERSITY IN SUBALPINE FORESTS OF YELLOWSTONE NATIONAL PARK,1982,,q2,s2-q2-beetle-wind,1,,,exclude,not-english,
10.1093/forestscience/29.2.395,10.1093/FORESTSCIENCE/29.2.395,Attacks of Mountain Pine Beetle as Related to Tree Vigor of Ponderosa Pine,1983,Forestry sciences,chase q2,chase-references s2-q2-beetle-wind,2,,,include,,
10.1016/j.ijdrr.2017.03.009,10.1016/J.IJDRR.2017.03.009,Innovative wildfire mitigation by municipal governments: Two case studies in Western Canada,2017,,q2,s2-q2-beetle-wind,1,,,exclude,off-topic,
10.1093/forestscience/31.2.321,10.1093/FORESTSCIENCE/31.2.321,A Dynamic Programming Algorithm for Optimization of Lodgepole Pine Management,1985,Forestry sciences,q2,s2-q2-beetle-wind,1,,,exclude,off-topic,
10.5849/forsci.13-032,10.5849/FORSCI.13-032,Cultural Practices for Prevention and Mitigation of Mountain Pine Beetle Infestations,2014,,chase q2,chase-citations s2-q2-beetle-wind,2,,,include,,
mountain pine beetle biology overview,,Mountain pine beetle : biology overview,1988,,q2,s2-q2-beetle-wind,1,,,exclude,wrong-concept,
10.1093/jof/81.9.598,10.1093/JOF/81.9.598,Catfaces on Lodgepole Pine--Fire Scars or Strip Kills by the Mountain Pine Beetle?,1983,Journal of Forests,q2,s2-q2-beetle-wind,1,,,exclude,wrong-concept,
10.1659/mrd.mm261.1,10.1659/mrd.mm261.1,Mountains in the Greenhouse: Climate Change and the Mountains of the Western U.S.A. By Donald McKenzie,2021,Mountain Research and Development,q2 q3 q4,s2-q2-beetle-wind s2-q3-beetle-terrain s2-q4-beetle-terrain-wind,3,,,exclude,off-topic,
10.3389/frym.2022.678082,10.3389/frym.2022.678082,"Trouble in the Forest: Whitebark Pine Trees, Mountain Pine Beetles, and Climate Change",2022,Frontiers for Young Minds,q2,s2-q2-beetle-wind,1,,,exclude,wrong-concept,
10.1139/x11-007,10.1139/X11-007,Density-dependent population dynamics of mountain pine beetle in thinned and unthinned stands,2011,,chase q2,chase-citations s2-q2-beetle-wind,2,,,include,,
effect of thinning second growth ponderosa pine stands on incidence of mountain pine beetle infestation progress report,,Effect of thinning second-growth ponderosa pine stands on incidence of mountain pine beetle infestation : progress report,1973,,q2,s2-q2-beetle-wind,1,,,include,,
10.1080/02827580902798774,10.1080/02827580902798774,From the editor,2009,,q2,s2-q2-beetle-wind,1,,,exclude,not-research,
10.22230/jem.2006v7n2a544,10.22230/jem.2006v7n2a544,Wildlife/danger tree assessment in unharvested stands attacked by mountain pine beetle in the central interior of British Columbia,2006,Journal of Ecosystems and Management,q2,s2-q2-beetle-wind,1,,,exclude,wrong-concept,
10.1080/014311698215405,10.1080/014311698215405,Spectral retrogression and insect damage in lodgepole pine successional forests,1998,,q2,s2-q2-beetle-wind,1,,,exclude,off-topic,
10.1007/s10021-006-0173-3,10.1007/s10021-006-0173-3,The Influence of Previous Mountain Pine Beetle (Dendroctonus ponderosae) Activity on the 1988 Yellowstone Fires,2006,Ecosystems,q2,s2-q2-beetle-wind,1,,,exclude,wrong-concept,
evaluation of mountain pine beetle infestation wolf mountains crow indian reservation montana 1973,,"Evaluation of mountain pine beetle infestation, Wolf Mountains, Crow Indian Reservation, Montana, 1973",1973,,q2,s2-q2-beetle-wind,1,,,exclude,wrong-concept,
10.4039/ent120855-10,10.4039/ENT120855-10,A BUCKET EMERGENCE TRAP FOR CORTICOLOUS INSECTS,1988,Canadian Entomologist,q2,s2-q2-beetle-wind,1,,,exclude,not-english,
10.1016/j.foreco.2009.05.016,10.1016/J.FORECO.2009.05.016,Response of bark beetles and their natural enemies to fire and fire surrogate treatments in mixed-conifer forests in western Montana,2009,,q2,s2-q2-beetle-wind,1,,,exclude,wrong-population,
10.1139/x10-008,10.1139/X10-008,The influence of ground- and lidar-derived forest structure metrics on snow accumulation and ablation in disturbed forests,2010,,q2,s2-q2-beetle-wind,1,,,exclude,off-topic,
10.3390/fire2020034,10.3390/FIRE2020034,Firefighter Observations of “Surprising” Fire Behavior in Mountain Pine Beetle-Attacked Lodgepole Pine Forests,2019,Fire,q2,s2-q2-beetle-wind,1,,,exclude,wrong-concept,
10.1111/j.1744-7909.2007.00423.x,10.1111/J.1744-7909.2007.00423.X,Spatial Distribution of Mountain Pine Beetle Outbreaks in Relation to Climate and Stand Characteristics: A Dendroecological Analysis,2007,,chase q2,chase-citations s2-q2-beetle-wind,2,,,include,,
10.22230/jem.2008v9n3a402,10.22230/jem.2008v9n3a402,Mountain Pine Beetle: From Lessons Learned to Community-based Solutions Conference Proceedings,2008,Journal of Ecosystems and Management,q2,s2-q2-beetle-wind,1,,,exclude,wrong-concept,
10.1002/hyp.7320,10.1002/hyp.7320,Spatial variation of snowmelt and sublimation in a high‐elevation semi‐desert basin of western Canada,2009,,q2,s2-q2-beetle-wind,1,,,exclude,off-topic,
10.1002/ecs2.70544,10.1002/ecs2.70544,Evidence of negative density‐dependent dispersal in an invasive forest pest,2026,Ecosphere,chase q2 q3,chase-citations s2-q2-beetle-wind s2-q3-beetle-terrain,3,,,include,,
integrated control of scolytid bark beetles,,Integrated Control of Scolytid Bark Beetles,2004,,chase q2 q3,chase-citations s2-q2-beetle-wind s2-q3-beetle-terrain,3,,,exclude,wrong-population,
10.1016/j.foreco.2022.120351,10.1016/j.foreco.2022.120351,Radial thinning ineffective at increasing large sugar pine survival,2022,Forest Ecology and Management,q2,s2-q2-beetle-wind,1,,,exclude,off-topic,
10.1093/forestscience/53.6.662,10.1093/FORESTSCIENCE/53.6.662,Predicted Fire Behavior in Selected Mountain Pine Beetle–Infested Lodgepole Pine,2007,Forestry sciences,q2,s2-q2-beetle-wind,1,,,exclude,wrong-concept,
10.2737/int-rp-479,10.2737/INT-RP-479,Effects of thinning on temperature dynamics and mountain pine beetle activity in a lodgepole pine stand. Forest Service research paper,1994,,chase q2,chase-citations crossref-q2-beetle-wind s2-q2-beetle-wind,3,bartos1994effects,bartos1994effects,include,,yes
forest development insects and diseases,,"FOREST DEVELOPMENT , INSECTS , AND DISEASES",2006,,q2 q3 q4,s2-q2-beetle-wind s2-q3-beetle-terrain s2-q4-beetle-terrain-wind,3,,,exclude,not-english,
10.1111/rec.12419,10.1111/rec.12419,Evaluating future success of whitebark pine ecosystem restoration under climate change using simulation modeling,2017,,q2,s2-q2-beetle-wind,1,,,exclude,off-topic,
effect of thinning second growth ponderosa pine on incidence of mountain pine beetle infestation establishment report,,Effect of thinning second-growth ponderosa pine on incidence of mountain pine beetle infestation : establishment report,1972,,q2,s2-q2-beetle-wind,1,,,include,,
10.1016/j.foreco.2014.09.034,10.1016/J.FORECO.2014.09.034,Species composition influences management outcomes following mountain pine beetle in lodgepole pine-dominated forests.,2015,,chase q2,chase-citations s2-q2-beetle-wind,2,,,exclude,wrong-concept,
10.1016/0002-1571(67)90003-9,10.1016/0002-1571(67)90003-9,A study of habitat temperatures of the bark beetle Dendroctonus ponderosae hopkins in lodgepole pine,1967,,q2,s2-q2-beetle-wind,1,,,include,,
10.5539/jgg.v10n1p69,10.5539/jgg.v10n1p69,"The Mountain Pine Beetle Epidemic in the Black Hills, South Dakota: The Consequences of Long Term Fire Policy, Climate Change and the Use of Remote Sensing to Enhance Mitigation",2018,,q2,s2-q2-beetle-wind,1,,,exclude,wrong-concept,
status of mountain pine beetle infestations in second growth ponderosa pine stands little belt and big snowy mountains lewis clark national forest montana 1976,,"Status of mountain pine beetle infestations in second-growth ponderosa pine stands, Little Belt and Big Snowy Mountains, Lewis & Clark National Forest, Montana, 1976",1977,,q2,s2-q2-beetle-wind,1,,,exclude,wrong-concept,
effect of phloem thickness on heterozygosity in laboratory reared mountain pine beetles forest service research note,,Effect of phloem thickness on heterozygosity in laboratory-reared mountain pine beetles. Forest Service research note,1995,,q2,s2-q2-beetle-wind,1,,,exclude,wrong-concept,
10.1111/j.1365-2486.2011.02577.x,10.1111/j.1365-2486.2011.02577.x,Radiative forcing of natural forest disturbances,2012,,q2,s2-q2-beetle-wind,1,,,exclude,off-topic,
woodpecker forage availability in habitat disturbances of the black hills,,Woodpecker forage availability in habitat disturbances of the Black Hills,2015,,q2,s2-q2-beetle-wind,1,,,exclude,off-topic,
10.1371/journal.pone.0030002,10.1371/journal.pone.0030002,"Effects of Mountain Pine Beetle on Fuels and Expected Fire Behavior in Lodgepole Pine Forests, Colorado, USA",2012,PLoS ONE,q2,s2-q2-beetle-wind,1,,,exclude,wrong-concept,
10.1002/eco.239,10.1002/eco.239,The impact of pine beetle infestation on snow accumulation and melt in the headwaters of the Colorado River,2012,,chase q2,chase-citations s2-q2-beetle-wind,2,,,exclude,wrong-population,
10.1016/j.foreco.2010.08.041,10.1016/J.FORECO.2010.08.041,Fertilization of lodgepole pine trees increased diameter growth but reduced root carbohydrate concentrations,2010,,q2,s2-q2-beetle-wind,1,,,exclude,off-topic,
10.1111/j.1439-0418.1992.tb00687.x,10.1111/j.1439-0418.1992.tb00687.x,Dispersal of released mountain pine beetles under the canopy of a mature lodgepole pine stand,1992,,chase q2 q3,chase-references s2-q2-beetle-wind s2-q3-beetle-terrain,3,,,include,,
patterns of resistance to cronartium ribicola in pinus aristata rocky mountain bristlecone pine,,"Patterns of resistance to Cronartium ribicola in Pinus aristata, Rocky Mountain bristlecone pine",2012,,q2,s2-q2-beetle-wind,1,,,exclude,off-topic,
10.5296/emsd.v7i2.12674,10.5296/EMSD.V7I2.12674,Red Squirrel (Tamiasciurus hudsonicus) Midden Site Selection and Conifer Species Composition,2018,,q2,s2-q2-beetle-wind,1,,,exclude,off-topic,
10.1111/j.1439-0418.1994.tb00759.x,10.1111/j.1439-0418.1994.tb00759.x,"Attack dynamics of Ips pini (Say) and Pityogenes knechteli (Swaine) (Col., Scolytidae) in windthrown lodgepole pine trees",1994,,q2,s2-q2-beetle-wind,1,,,exclude,wrong-population,
10.1016/j.foreco.2014.02.007,10.1016/J.FORECO.2014.02.007,Control of laminated and Armillaria root diseases by stump removal and tree species mixtures: Amount and cause of mortality and impact on yield after 40 years,2014,,q2,s2-q2-beetle-wind,1,,,exclude,off-topic,
10.5589/m10-005,10.5589/m10-005,Assessing differences in tree and stand structure following beetle infestation using lidar data,2009,,q2,s2-q2-beetle-wind,1,,,exclude,wrong-population,
10.5849/forsci.13-064,10.5849/FORSCI.13-064,Landscape Dynamics of Mountain Pine Beetles,2014,,chase q2 q3,chase-citations s2-q2-beetle-wind s2-q3-beetle-terrain,5,,,include,,
10.1002/eap.2940,10.1002/eap.2940,Long-term efficacy of fuel reduction and restoration treatments in Northern Rockies dry forests.,2024,Ecological Applications,q2,s2-q2-beetle-wind,1,,,exclude,off-topic,
10.1139/x88-105,10.1139/X88-105,Susceptibility of lodgepole pine to infestation by mountain pine beetles following partial cutting of stands,1988,,q2,s2-q2-beetle-wind,1,,,include,,
status of mountain pine beetle infestations in second growth ponderosa pine stands little rocky mountains fort belknap reservation montana 1977,,"Status of mountain pine beetle infestations in second-growth ponderosa pine stands, Little Rocky Mountains, Fort Belknap Reservation, Montana, 1977",1977,,q2,s2-q2-beetle-wind,1,,,exclude,wrong-concept,
spatial analysis of disturbances and ecosystem succession,,Spatial analysis of disturbances and ecosystem succession,2003,,q2,s2-q2-beetle-wind,1,,,exclude,off-topic,
10.1016/j.foreco.2019.04.003,10.1016/J.FORECO.2019.04.003,"Mitigating midterm timber supply shortage using commercial thinning operations. A case study from British Columbia, Canada",2019,Forest Ecology and Management,q2,s2-q2-beetle-wind,1,,,exclude,off-topic,
10.1080/07060661.2011.563906,10.1080/07060661.2011.563906,Direct and indirect impacts of climate change on forests: three case studies from British Columbia,2011,,q2,s2-q2-beetle-wind,1,,,exclude,off-topic,
10.1139/cjfr-2023-0225,10.1139/cjfr-2023-0225,Combining thinning and diverse plantings to adapt to climate-change-induced timber supply shortage in British Columbia,2024,Canadian Journal of Forest Research,q2,s2-q2-beetle-wind,1,,,exclude,off-topic,
10.1016/j.foreco.2006.04.018,10.1016/J.FORECO.2006.04.018,The effects of mechanical fuel reduction treatments on the activity of bark beetles (Coleoptera: Scolytidae) infesting ponderosa pine,2006,,chase q2 q3,chase-citations s2-q2-beetle-wind s2-q3-beetle-terrain,3,,,exclude,wrong-population,
10.1139/x07-097,10.1139/X07-097,"Response of high-elevation limber pine (Pinus flexilis) to multiyear droughts and 20th-century warming, Sierra Nevada, California, USA",2007,,q2,s2-q2-beetle-wind,1,,,exclude,off-topic,
burning mixed conifer forests on the north rim of grand canyon national park lessons learned and initial rapid assessment plot results,,Burning mixed Conifer Forests on the North rim of Grand Canyon National Park : lessons learned and Initial rapid Assessment Plot results,2013,,q2,s2-q2-beetle-wind,1,,,exclude,off-topic,
3d inversion modelling of the nechako basin british columbia magnetotelluric data set,,"3D inversion modelling of the Nechako Basin, British Columbia, magnetotelluric data set",2012,,q2,s2-q2-beetle-wind,1,,,exclude,off-topic,
10.1139/x92-050,10.1139/X92-050,"Synomones of two sympatric species deter attack by the pine engraver, Ips pini (Coleoptera: Scolytidae)",1992,,q2,s2-q2-beetle-wind,1,,,exclude,wrong-population,
10.1007/s10905-020-09760-y,10.1007/s10905-020-09760-y,Effect of Environmental Conditions on Flight Capacity in Mountain Pine Beetle (Coleoptera: Curculionidae: Scolytinae),2020,Journal of insect behavior,q2 q3,crossref-q3-beetle-terrain s2-q2-beetle-wind s2-q3-beetle-terrain,3,,,include,,
10.4996/fireecology.0602026,10.4996/FIREECOLOGY.0602026,"Bark Beetle Responses to Stand Structure and Prescribed Fire at Blacks Mountain Experimental Forest, California, USA: 5-Year Data",2010,,q2,s2-q2-beetle-wind,1,,,exclude,wrong-population,
10.1016/j.jenvman.2008.11.009,10.1016/j.jenvman.2008.11.009,"The use of an atmospheric dispersion model to determine influence regions in the Prince George, B.C. airshed from the burning of open wood waste piles.",2009,Journal of Environmental Management,q2,s2-q2-beetle-wind,1,,,exclude,off-topic,
10.1016/j.landusepol.2014.12.003,10.1016/J.LANDUSEPOL.2014.12.003,The development of assisted migration policy in Canada: An analysis of the politics of composing future forests,2015,,q2,s2-q2-beetle-wind,1,,,exclude,off-topic,
growth response in a douglas fir lodgepole pine stand after thinning of lodgepole pine by the mountain pine beetle a case study,,Growth response in a Douglas-fir/lodgepole pine stand after thinning of lodgepole pine by the mountain pine beetle: A case study,1990,,q2,s2-q2-beetle-wind,1,,,exclude,wrong-concept,
evaluation of a mountain pine beetle infestation stoney creek ninemile district lolo national forest 1975,,"Evaluation of a mountain pine beetle infestation, Stoney Creek, Ninemile District, Lolo National Forest, 1975",1975,,q2,s2-q2-beetle-wind,1,,,exclude,wrong-concept,
10.1093/jee/64.4.952,10.1093/JEE/64.4.952,Scolytid and Buprestid Mortality in Ponderosa Pines Injected with Organic Arsenicals123,1971,,q2,s2-q2-beetle-wind,1,,,exclude,wrong-population,
effectiveness of thinning ponderosa pine stands in reducing mountain pine beetle caused tree losses in the black hills preliminary observations pinus ponderosa dendroctonus ponderosae south dakota,,"Effectiveness of thinning ponderosa pine stands in reducing mountain pine beetle-caused tree losses in the Black Hills: preliminary observations [Pinus ponderosa, Dendroctonus ponderosae, South Dakota]",1982,,q2,s2-q2-beetle-wind,1,,,include,,
10.1002/eco.1342,10.1002/eco.1342,"Multiscale observations of snow accumulation and peak snowpack following widespread, insect‐induced lodgepole pine mortality",2014,,q2,s2-q2-beetle-wind,1,,,exclude,off-topic,
10.5589/casj5502fi,10.5589/casj5502fi,Full Issue in PDF / Numéro complet enform PDF,2009,,q2,s2-q2-beetle-wind,1,,,exclude,duplicate,
10.1063/5.0262632,10.1063/5.0262632,Reynold number scaling of circulation growth on flapping wings,2025,The Physics of Fluids,q3,s2-q3-beetle-terrain,1,,,exclude,off-topic,
10.1111/j.1939-7445.2008.00021.x,10.1111/j.1939-7445.2008.00021.x,"A NOVEL METHOD OF FITTING SPATIO‐TEMPORAL MODELS TO DATA, WITH APPLICATIONS TO THE DYNAMICS OF MOUNTAIN PINE BEETLES",2008,,q3,s2-q3-beetle-terrain,1,,,include,,
10.1139/gen-2019-0004,10.1139/gen-2019-0004,"The role of dispersal, selection, and timing of sampling on the false discovery rate of loci under selection during geographic range expansion.",2019,Genome,chase q3,chase-citations s2-q3-beetle-terrain,2,,,exclude,off-topic,
getting at the root of the mountain pine beetle s rapid habitat expansion and forest devastation,,Getting at the Root of the Mountain Pine Beetle's Rapid Habitat Expansion and Forest Devastation,2014,,q3,s2-q3-beetle-terrain,1,,,exclude,wrong-concept,
10.14288/1.0074062,10.14288/1.0074062,Dispersal of Mountain Pine Beetle and impacts of management,2013,,q3,s2-q3-beetle-terrain,1,,,include,,
10.1093/ee/nvw121,10.1093/ee/nvw121,Flight Period of Mountain Pine Beetle (Coleoptera: Curculionidae) in its Recently Expanded Range,2016,Environmental Entomology,q3,crossref-q3-beetle-terrain s2-q3-beetle-terrain,2,,,include,,
10.4039/ent121521-6,10.4039/Ent121521-6,OBSERVATIONS ON A TRIAL OF BROADCAST BURNING TO CONTROL AN INFESTATION OF THE MOUNTAIN PINE BEETLE DENDROCTONUS PONDEROSAE,1989,Canadian Entomologist,q3,s2-q3-beetle-terrain,1,,,exclude,wrong-concept,
project title determining susceptibility of young pine plantations to the mountain pine beetle dendroctonus ponderosae and manipulating future stands to mitigate losses,,"Project Title: Determining susceptibility of young pine plantations to the mountain pine beetle, Dendroctonus ponderosae, and manipulating future stands to mitigate losses.",2006,,q3,s2-q3-beetle-terrain,1,,,exclude,wrong-concept,
spatial and temporal attack dynamics of the mountainpine beetle implications for management,,Spatial and Temporal Attack Dynamics of the MountainPine Beetle: Implications for Management,1996,,q3,s2-q3-beetle-terrain,1,,,exclude,wrong-population,
10.4039/tce.2020.83,10.4039/tce.2020.83,"Source and spread dynamics of mountain pine beetle in central Alberta, Canada",2021,Canadian Entomologist,q3,s2-q3-beetle-terrain,1,,,include,,
variable retention in a sub boreal landscape is it worth the hassle,,Variable retention in a sub-boreal landscape: Is it worth the hassle?,2007,,q3,s2-q3-beetle-terrain,1,,,exclude,off-topic,
10.1016/j.ecolmodel.2014.06.018,10.1016/J.ECOLMODEL.2014.06.018,Modeling micro-scale ecological processes and emergent patterns of mountain pine beetle epidemics,2014,,q3,s2-q3-beetle-terrain,1,,,include,,
chemoenzymatic synthesis of the alarm pheromone verbenone from geranyl diphosphatew chemcomm,,Chemoenzymatic Synthesis of the Alarm Pheromone (+)-verbenone from Geranyl Diphosphatew Chemcomm,,,q3,s2-q3-beetle-terrain,1,,,exclude,not-research,
investigation of host selection by mountain pine beetle dendroctonus ponderosae hopk in lodgepole pine pinus contorta dougl,,Investigation of Host Selection by Mountain Pine Beetle (Dendroctonus ponderosae) Hopk. in Lodgepole Pine (Pinus contorta) Dougl.,1986,,q3,s2-q3-beetle-terrain,1,,,include,,
10.1016/j.gloplacha.2020.103317,10.1016/j.gloplacha.2020.103317,Indirect biogeomorphic and soil evolutionary effects of spruce bark beetle,2020,,q3,s2-q3-beetle-terrain,1,,,exclude,wrong-population,
10.7287/peerj.12382v0.1/reviews/2,10.7287/peerj.12382v0.1/reviews/2,"Peer Review #2 of ""Identification of genes and gene expression associated with dispersal capacity in the mountain pine beetle, Dendroctonus ponderosae Hopkins (Coleoptera: Curculionidae) (v0.1)""",2021,,q3,crossref-q3-beetle-terrain s2-q3-beetle-terrain,2,,,exclude,duplicate,
10.1007/s11538-021-00899-z,10.1007/s11538-021-00899-z,The Signature of Endemic Populations in the Spread of Mountain Pine Beetle Outbreaks,2021,Bulletin of Mathematical Biology,chase q3,chase-citations s2-q3-beetle-terrain,3,,,include,,
relationships between catches in flight and emergence traps of the mountain pine beetle dendroctonus ponderosae hopk col scolytidae,,"Relationships between catches in flight and emergence traps of the mountain pine beetle, Dendroctonus ponderosae Hopk. (Col.: Scolytidae)",1993,,q3,s2-q3-beetle-terrain,1,,,exclude,wrong-concept,
10.1890/11-0607.1,10.1890/11-0607.1,Wildfire provides refuge from local extinction but is an unlikely driver of outbreaks by mountain pine beetle,2012,,q3,s2-q3-beetle-terrain,1,,,exclude,wrong-concept,
10.4039/n08-035,10.4039/n08-035,Fluorescent powder marking reduces condition but not survivorship in adult mountain pine beetles,2008,Canadian Entomologist,q3,s2-q3-beetle-terrain,1,,,exclude,wrong-concept,
10.7287/peerj.12382v0.1/reviews/1,10.7287/peerj.12382v0.1/reviews/1,"Peer Review #1 of ""Identification of genes and gene expression associated with dispersal capacity in the mountain pine beetle, Dendroctonus ponderosae Hopkins (Coleoptera: Curculionidae) (v0.1)""",2021,,q3,crossref-q3-beetle-terrain s2-q3-beetle-terrain,2,,,exclude,duplicate,
abstract lower treeline limber pine woodlands have received little attention in peer reviewed literature and in management,,Abstract—Lower treeline limber pine woodlands have received little attention in peer-reviewed literature and in management,2011,,q3,s2-q3-beetle-terrain,1,,,exclude,off-topic,
10.7717/peerj.12382,10.7717/peerj.12382,"Identification of genes and gene expression associated with dispersal capacity in the mountain pine beetle, Dendroctonus ponderosae Hopkins (Coleoptera: Curculionidae)",2021,PeerJ,q3,crossref-q3-beetle-terrain s2-q3-beetle-terrain,2,,,exclude,wrong-concept,
10.1186/s12864-017-3696-4,10.1186/s12864-017-3696-4,Comparative transcriptomics of mountain pine beetle pheromone-biosynthetic tissues and functional analysis of CYP6DE3,2017,BMC Genomics,q3,s2-q3-beetle-terrain,2,,,exclude,wrong-concept,
10.1137/s0036139996313459,10.1137/S0036139996313459,Connecting a Chemotactic Model for Mass Attack to a Rapid Integro-Difference Emulation Strategy,1998,SIAM Journal on Applied Mathematics,q3,s2-q3-beetle-terrain,1,,,include,,
10.1890/0012-9658(2002)083[3120:ssifio]2.0.co;2,10.1890/0012-9658(2002)083[3120:SSIFIO]2.0.CO;2,SPATIAL SYNCHRONY IN FOREST INSECT OUTBREAKS: ROLES OF REGIONAL STOCHASTICITY AND DISPERSAL,2002,,q3,s2-q3-beetle-terrain,1,,,exclude,not-english,
10.1186/1753-6561-5-s7-o3,10.1186/1753-6561-5-S7-O3,"Lodgepole pine, jack pine, and their hybrids: molecular markers reveal mountain pine beetle host-range expansion into jack pine of the boreal forest",2011,BMC Proceedings,q3,s2-q3-beetle-terrain,1,,,exclude,wrong-concept,
10.1093/jee/toy259,10.1093/jee/toy259,Efficacy of Spring and Fall Treatments of Carbaryl for Protecting Ponderosa Pine From Mortality Attributed to Mountain Pine Beetle (Coleoptera: Curculionidae).,2018,Journal of Economic Entomology,q3,s2-q3-beetle-terrain,1,,,exclude,wrong-concept,
vulnerability of canada s tree species to climate change and management options for adaptation an overview for policy makers and practitioners,,Vulnerability of Canada's tree species to climate change and management options for adaptation: an overview for policy makers and practitioners.,2009,,q3,s2-q3-beetle-terrain,1,,,exclude,off-topic,
10.1016/j.foreco.2014.10.026,10.1016/J.FORECO.2014.10.026,Competitors and natural enemies may cumulatively mediate Dendroctonus ponderosae colonization of burned Pinus forests,2015,,q3,s2-q3-beetle-terrain,1,,,exclude,wrong-concept,
individual host selection decisions and population level responses in a time and energy limited forager dendroctonus ponderosae hopkins,,"Individual host selection decisions and population-level responses in a time- and energy-limited forager, Dendroctonus ponderosae Hopkins",2013,,q3,s2-q3-beetle-terrain,1,,,include,,
10.4039/ent101507-5,10.4039/Ent101507-5,"FLIGHT MUSCLE CHANGES IN BLACK HILLS BEETLES, DENDROCTONUS PONDEROSAE (COLEOPTERA: SCOLYTIDAE), DURING EMERGENCE AND EGG LAYING",1969,Canadian Entomologist,q3,crossref-q3-beetle-terrain s2-q3-beetle-terrain,2,,,exclude,wrong-concept,
10.1007/s12686-012-9789-0,10.1007/s12686-012-9789-0,Development and characterization of thirteen microsatellite loci in Clark’s nutcracker (Nucifraga columbiana),2012,Conservation Genetics Resources,q3,s2-q3-beetle-terrain,1,,,exclude,off-topic,
10.4039/tce.2019.6,10.4039/tce.2019.6,Testing for trade-offs between flight and reproduction in the mountain pine beetle (Coleoptera: Curculionidae) on two pine (Pinaceae) hosts,2019,Canadian Entomologist,q3,crossref-q3-beetle-terrain s2-q3-beetle-terrain,2,,,exclude,wrong-concept,
impact of climate change on biological invasions and population distributions,,Impact of climate change on biological invasions and population distributions,2013,,q3,s2-q3-beetle-terrain,1,,,exclude,off-topic,
effects of whitebark pine pinus albicaulis restoration treatments on the distribution of bark beetle attacks,,Effects of whitebark pine (Pinus albicaulis) restoration treatments on the distribution of bark beetle attacks,2000,,q3,s2-q3-beetle-terrain,1,,,exclude,wrong-population,
10.1137/15m1042085,10.1137/15M1042085,Analytic Approximation of Invasion Wave Amplitude Predicts Severity of Insect Outbreaks,2017,SIAM Journal on Applied Mathematics,chase q3,chase-citations s2-q3-beetle-terrain,2,duncan2017approximation,duncan2017approximation,include,,yes
10.1007/s10886-018-0999-0,10.1007/s10886-018-0999-0,Cytochromes P450 Preferentially Expressed in Antennae of the Mountain Pine Beetle,2018,Journal of Chemical Ecology,q3,s2-q3-beetle-terrain,1,,,exclude,wrong-concept,
exploring the spatial temporal interaction of mountain pine beetle infestations,,Exploring the Spatial-Temporal Interaction of Mountain pine beetle Infestations,2008,,chase q3,chase-citations s2-q3-beetle-terrain,3,,,include,,
10.1007/s10886-025-01610-5,10.1007/s10886-025-01610-5,Energy Use During Flight Impacts Semiochemical Response in the Mountain Pine Beetle,2025,Journal of Chemical Ecology,chase q3,chase-citations crossref-q3-beetle-terrain s2-q3-beetle-terrain,3,,,exclude,wrong-concept,
10.4039/ent94605-6,10.4039/Ent94605-6,"Biology of the Mountain Pine Beetle, Dendroctonus monticolae Hopkins, in the East Kootenay Region of British Columbia II. Behaviour in the Host, Fecundity, and Internal Changes in the Female",1962,Canadian Entomologist,q3,s2-q3-beetle-terrain,1,,,exclude,wrong-concept,
10.1093/jee/64.2.426,10.1093/JEE/64.2.426,trans-Verbenol and Alpha-Pinene: Their Utility in Manipulation of the Mountain Pine Beetle,1971,,q3,s2-q3-beetle-terrain,1,,,exclude,wrong-concept,
10.1890/03-0579,10.1890/03-0579,UNDERSTANDING NATURAL DISTURBANCE BOUNDARY FORMATION USING SPATIAL DATA AND PATH ANALYSIS,2004,,q3,s2-q3-beetle-terrain,1,,,exclude,not-english,
to tree or not to tree the role of energy limitation on host tree acceptance in a bark beetle,,‘To tree or not to tree’: the role of energy limitation on host tree acceptance in a bark beetle,2015,,q3,s2-q3-beetle-terrain,1,,,exclude,wrong-population,
10.22230/jem.2009v10n2a425,10.22230/jem.2009v10n2a425,Effects of fire return rates on traversability of lodgepole pine forests for mountain pine beetle: Implications for sustainable forest management,2009,Journal of Ecosystems and Management,q3,s2-q3-beetle-terrain,1,,,exclude,wrong-concept,
10.22230/jem.2009v10n1a409,10.22230/jem.2009v10n1a409,An overview of the effects of forest management on groundwater hydrology,2009,Journal of Ecosystems and Management,q3,s2-q3-beetle-terrain,1,,,exclude,off-topic,
10.1111/nph.13603,10.1111/nph.13603,Nonstructural carbohydrate dynamics of lodgepole pine dying from mountain pine beetle attack.,2016,New Phytologist,q3,s2-q3-beetle-terrain,1,,,exclude,wrong-concept,
10.1603/en11169,10.1603/EN11169,Dispersal of Warren Root Collar Weevils (Coleoptera: Curculionidae) in Three Types of Habitat,2012,Environmental Entomology,q3,s2-q3-beetle-terrain,1,,,exclude,off-topic,
10.4039/n05-026,10.4039/n05-026,Effects of fire return rates on traversability of lodgepole pine forests for mountain pine beetle (Coleoptera: Scolytidae) and the use of patch metrics to estimate traversability,2005,Canadian Entomologist,q3,s2-q3-beetle-terrain,1,,,exclude,wrong-concept,
pre dispersal seed predator dynamics at the northern limits of limber pine distribution,,Pre-dispersal seed predator dynamics at the northern limits of limber pine distribution,2011,,q3,s2-q3-beetle-terrain,1,,,exclude,off-topic,
10.1242/jeb.219642,10.1242/jeb.219642,Mechanisms and consequences of flight polyphenisms in an outbreaking bark beetle species,2020,Journal of Experimental Biology,chase q3,chase-citations s2-q3-beetle-terrain,2,,,exclude,wrong-population,
10.1006/jtbi.2000.1080,10.1006/JTBI.2000.1080,Mathematical elements of attack risk analysis for mountain pine beetles.,2000,Journal of Theoretical Biology,q3,s2-q3-beetle-terrain,1,,,include,,
10.1890/07-0015.1,10.1890/07-0015.1,Pesticide treatments affect mountain pine beetle abundance and woodpecker foraging behavior.,2008,Ecological Applications,q3,s2-q3-beetle-terrain,1,,,exclude,wrong-concept,
10.1371/journal.pone.0110673,10.1371/journal.pone.0110673,"Proteomics Indicators of the Rapidly Shifting Physiology from Whole Mountain Pine Beetle, Dendroctonus ponderosae (Coleoptera: Curculionidae), Adults during Early Host Colonization",2014,PLoS ONE,q3,s2-q3-beetle-terrain,1,,,exclude,wrong-concept,
10.1016/j.jenvman.2020.110167,10.1016/j.jenvman.2020.110167,Mountain pine beetle outbreak duration and pine mortality depend on direct control effort.,2020,Journal of Environmental Management,chase q3,chase-citations s2-q3-beetle-terrain,3,,,include,,
10.1139/x08-066,10.1139/X08-066,"Radar observation and aerial capture of mountain pine beetle, Dendroctonus ponderosae Hopk. (Coleoptera: Scolytidae) in flight above the forest canopy",2008,Canadian Journal of Forest Research,chase q3,chase-references crossref-q3-beetle-terrain s2-q3-beetle-terrain,3,,,include,,
10.1093/aesa/62.6.1237,10.1093/AESA/62.6.1237,"Laphria gilva (Diptera: Asilidae), a Predator of Dendroctonus ponderosae in the Black Hills of South Dakota",1969,,q3,s2-q3-beetle-terrain,1,,,exclude,wrong-concept,
10.5558/tfc59235-5,10.5558/TFC59235-5,"The Application of Behaviour-modifying Chemicals to Contain Infestations of the Mountain Pine Beetle, Dendroctonus ponderosae",1983,,q3,s2-q3-beetle-terrain,1,,,exclude,wrong-concept,
10.1139/x09-014,10.1139/X09-014,Balancing risks of disturbance from mountain pine beetle and western spruce budworm,2009,,q3,s2-q3-beetle-terrain,1,,,exclude,wrong-concept,
henology and density dependent dispersal predict patterns of ountain pine beetle dendroctonus ponderosae impact ames,,henology and density-dependent dispersal predict patterns of ountain pine beetle ( Dendroctonus ponderosae ) impact ames,2013,,chase q3,chase-citations s2-q3-beetle-terrain,4,,,exclude,duplicate,
10.14288/1.0075596,10.14288/1.0075596,Climate change & forest fires in British Columbia,2015,,q3,s2-q3-beetle-terrain,1,,,exclude,off-topic,
10.1111/j.1365-294x.2012.05587.x,10.1111/j.1365-294X.2012.05587.x,Spatial genetic structure of the mountain pine beetle (Dendroctonus ponderosae) outbreak in western Canada: historical patterns and contemporary dispersal,2012,Molecular Ecology,q3,crossref-q3-beetle-terrain s2-q3-beetle-terrain,2,,,exclude,wrong-concept,
10.1016/j.ecolmodel.2017.03.007,10.1016/J.ECOLMODEL.2017.03.007,"Integrating remote sensing, GIS and dynamic models for landscape-level simulation of forest insect disturbance",2017,,chase q3,chase-citations s2-q3-beetle-terrain,2,,,include,,
influence of fires fungi and mountain pine beetles on development of a lodgepole pine forest in south central oregon,,"Influence of Fires, Fungi and Mountain Pine Beetles on Development of a Lodgepole Pine Forest in South-Central Oregon",1985,,q3,s2-q3-beetle-terrain,1,,,exclude,wrong-concept,
10.1139/b86-204,10.1139/B86-204,Isolation of Fomitopsis pinicola from in-flight bark beetles (Coleoptera: Scolytidae),1986,,q3,s2-q3-beetle-terrain,1,,,exclude,wrong-population,
ecologically based connectivity indices for landscape monitoring final report,,Ecologically-based Connectivity Indices for Landscape Monitoring - Final Report,2007,,q3,s2-q3-beetle-terrain,1,,,exclude,off-topic,
10.1007/s11368-019-02299-2,10.1007/s11368-019-02299-2,"Determining contemporary and historical sediment sources in a large drainage basin impacted by cumulative effects: the regulated Nechako River, British Columbia, Canada",2019,Journal of Soils and Sediments,q3,s2-q3-beetle-terrain,1,,,exclude,off-topic,
10.1093/molbev/msu157,10.1093/molbev/msu157,Getting at the root of the mountain pine beetle's rapid habitat expansion and forest devastation.,2014,Molecular biology and evolution,q3,s2-q3-beetle-terrain,1,,,exclude,duplicate,
10.1080/07038992.2015.1065707,10.1080/07038992.2015.1065707,Hyperspectral Remote Sensing of Mountain Pine Beetle with an Emphasis on Previsual Assessment,2015,,q3,s2-q3-beetle-terrain,1,,,exclude,wrong-concept,
10.1111/j.1541-0064.2013.12057.x,10.1111/J.1541-0064.2013.12057.X,Geographic analysis of the impacts of mountain pine beetle infestation on forest fire ignition,2014,,q3,s2-q3-beetle-terrain,1,,,exclude,wrong-concept,
10.1029/2008jg000760,10.1029/2008JG000760,"Large‐scale climatic patterns and area affected by mountain pine beetle in British Columbia, Canada",2009,,chase q3,chase-citations s2-q3-beetle-terrain,2,,,include,,
10.1002/eco.1286,10.1002/eco.1286,Ecohydrology of an outbreak: mountain pine beetle impacts trees in drier landscape positions first,2013,,chase q3,chase-citations chase-references s2-q3-beetle-terrain,3,,,include,,
10.1093/forestscience/53.3.395,10.1093/FORESTSCIENCE/53.3.395,Mountain Pine Beetle Dispersal: The Spatial–Temporal Interaction of Infestations,2007,Forestry sciences,chase q3,chase-citations chase-references crossref-q3-beetle-terrain s2-q3-beetle-terrain,4,,,include,,
10.1079/cabicompendium.18354,10.1079/cabicompendium.18354,Dendroctonus ponderosae (black hills beetle),2022,CABI Compendium,q3,s2-q3-beetle-terrain,1,,,exclude,not-research,
10.1101/2024.04.02.586325,10.1101/2024.04.02.586325,In-Flights of Outbreak Populations of Mountain Pine Beetle Alter the Local Genetic Structure of Established Populations a Decade After Range Expansion,2024,bioRxiv,q3,s2-q3-beetle-terrain,1,,,exclude,wrong-concept,
studies on the biology of the mountain pine beetle dendroctonus monticolae hopkins coleoptera scolytidae,,"Studies on the biology of the mountain pine beetle, Dendroctonus monticolae Hopkins (Coleoptera: Scolytidae)",1960,,q3,s2-q3-beetle-terrain,1,,,exclude,wrong-concept,
10.1139/x05-241,10.1139/X05-241,Mountain pine beetle population sampling: inferences from Lindgren pheromone traps and tree emergence cages,2006,,q3,s2-q3-beetle-terrain,1,,,exclude,wrong-concept,
10.1007/s10980-014-0090-3,10.1007/s10980-014-0090-3,"A positive response of mountain pine beetle to pine forest-clearcut edges at the landscape scale in British Columbia, Canada",2014,Landscape Ecology,chase q3,chase-citations s2-q3-beetle-terrain,4,,,include,,
10.1603/en11295,10.1603/EN11295,"The Legacy of Attack: Implications of High Phloem Resin Monoterpene Levels in Lodgepole Pines Following Mass Attack by Mountain Pine Beetle, Dendroctonus ponderosae Hopkins",2012,Environmental Entomology,q3,s2-q3-beetle-terrain,1,,,exclude,wrong-concept,
10.1111/j.1365-2656.2008.01389.x,10.1111/j.1365-2656.2008.01389.x,Spatial scaling of mountain pine beetle infestations.,2008,Journal of Animal Ecology,q3,s2-q3-beetle-terrain,1,,,include,,
10.1111/2041-210x.12573,10.1111/2041-210X.12573,The minimum founding population in dispersing organisms subject to strong Allee effects,2016,,q3,s2-q3-beetle-terrain,1,,,exclude,off-topic,
10.4039/ent132799-6,10.4039/Ent132799-6,TEMPORAL AND VERTICAL DISTRIBUTION OF BARK BEETLES (COLEOPTERA: SCOLYTIDAE) CAPTURED IN BARRIER TRAPS AT BAITED AND UNBAITED LODGEPOLE PINES THE YEAR FOLLOWING ATTACK BY THE MOUNTAIN PINE BEETLE,2000,Canadian Entomologist,q3,s2-q3-beetle-terrain,1,,,exclude,wrong-concept,
10.48044/jauf.2007.036,10.48044/jauf.2007.036,Operational Success of Verbenone Against the Mountain Pine Beetle in a Rural Community,2007,Arboriculture & urban forestry,q3,s2-q3-beetle-terrain,1,,,exclude,wrong-concept,
vegetation community characteristics and dendrochronology of whitebark pine pinus albicaulis in the southern coast mountains british columbia,,"Vegetation community characteristics and dendrochronology of whitebark pine (Pinus albicaulis) in the southern Coast Mountains, British Columbia",2013,,q3,s2-q3-beetle-terrain,1,,,exclude,off-topic,
10.1111/afe.12272,10.1111/afe.12272,Predators and competitors of the mountain pine beetle Dendroctonus ponderosae (Coleoptera: Curculionidae) in stands of changing forest composition associated with elevation,2018,,q3,s2-q3-beetle-terrain,1,,,exclude,wrong-concept,
reproductive and ecological isolation community structure in the use of semiochemicals by pine bark beetles coleoptera scolytidae,,Reproductive and ecological isolation : community structure in the use of semiochemicals by pine bark beetles (Coleoptera - Scolytidae),1990,,q3,s2-q3-beetle-terrain,1,,,exclude,wrong-population,
modeling the effect of landscape pattern on mountain pine beetles,,MODELING THE EFFECT OF LANDSCAPE PATTERN ON MOUNTAIN PINE BEETLES,2002,,q3,s2-q3-beetle-terrain,1,,,include,,
10.1111/afe.12305,10.1111/afe.12305,Morphological variation associated with dispersal capacity in a tree‐killing bark beetle Dendroctonus ponderosae Hopkins,2018,Agricultural and Forest Entomology,chase q3,chase-citations crossref-q3-beetle-terrain s2-q3-beetle-terrain,4,,,include,,
10.1111/j.1365-2699.2011.02673.x,10.1111/j.1365-2699.2011.02673.x,Breach of the northern Rocky Mountain geoclimatic barrier: initiation of range expansion by the mountain pine beetle,2012,,chase q3,chase-citations s2-q3-beetle-terrain,2,,,include,,
10.7939/r3-bswv-xh31,10.7939/R3-BSWV-XH31,"Mountain pine beetle dispersal: morphology, genetics, and range expansion",2020,,q3,s2-q3-beetle-terrain,1,,,include,,
10.2737/pnw-gtr-742,10.2737/pnw-gtr-742,A review of the literature on seed fate in whitebark pine and the life history traits of Clark’s nutcracker and pine squirrels.,2008,,q3,s2-q3-beetle-terrain,1,,,exclude,off-topic,
10.1603/en13244,10.1603/EN13244,Factors Influencing Flight Capacity of the Mountain Pine Beetle (Coleoptera: Curculionidae: Scolytinae),2014,Environmental Entomology,q3,crossref-q3-beetle-terrain s2-q3-beetle-terrain,2,,,include,,
spatiotemporal variations in the fire regimes of whitebark pine pinus albicaulis engelm forests western montana usa and their management implications,,"Spatiotemporal Variations in the Fire Regimes of Whitebark Pine ( Pinus albicaulis Engelm.) Forests, Western Montana, USA, and Their Management Implications",2005,,q3,s2-q3-beetle-terrain,1,,,exclude,off-topic,
10.1186/s42408-026-00543-y,10.1186/s42408-026-00543-y,Site characteristics and fire interact to shape juvenile tree populations in high-elevation whitebark pine forests,2026,Fire Ecology,q3,s2-q3-beetle-terrain,1,,,exclude,off-topic,
does density dependent dispersal explain mountain pine beetle spread performance of models across years and regions,,Does Density-Dependent Dispersal Explain Mountain Pine Beetle Spread: Performance of Models Across Years and Regions,2009,,q3,s2-q3-beetle-terrain,1,,,include,,
10.1007/s11829-021-09831-7,10.1007/s11829-021-09831-7,Effect of semiochemical exposure on flight propensity and flight capacity of Dendroctonus ponderosae in laboratory bioassays,2021,Arthropod-Plant Interactions,chase q3,chase-citations crossref-q3-beetle-terrain s2-q3-beetle-terrain,3,,,exclude,wrong-concept,
mapping forest changes using multi temporal remote sensing images bite for accurate trajectory extraction and cbest for efficient clustering,,Mapping forest changes using multi-temporal remote sensing images: BITE for accurate trajectory extraction and CBEST for efficient clustering,2014,,chase q3,chase-citations s2-q3-beetle-terrain,3,,,exclude,off-topic,
10.1086/665007,10.1086/665007,Mountain Pine Beetle Develops an Unprecedented Summer Generation in Response to Climate Warming,2012,American Naturalist,chase q3,chase-citations s2-q3-beetle-terrain,3,,,exclude,wrong-concept,
10.3390/f11101102,10.3390/f11101102,"Patterns of Diversity in the Symbiotic Mite Assemblage of the Mountain Pine Beetle, Dendroctonus Ponderosae Hopkins",2020,Forests,q3,s2-q3-beetle-terrain,1,,,exclude,wrong-concept,
patterns and processes in forest insect population dynamics,,Patterns and Processes in Forest Insect Population Dynamics,2012,,chase q3,chase-citations s2-q3-beetle-terrain,3,,,exclude,off-topic,
10.4039/ent101113-2,10.4039/Ent101113-2,INSECT AND HOST ODORS IN THE AGGREGATION OF THE WESTERN PINE BEETLE,1969,Canadian Entomologist,q3,s2-q3-beetle-terrain,1,,,exclude,wrong-population,
clark s nutcracker demography and habitat use in bridger teton national forest preliminary analyses,,Clark's nutcracker demography and habitat use in Bridger-Teton National Forest-preliminary analyses,2011,,q3,s2-q3-beetle-terrain,1,,,exclude,off-topic,
10.1016/j.foreco.2013.03.038,10.1016/J.FORECO.2013.03.038,Multi-temporal analysis reveals that predictors of mountain pine beetle infestation change during outbreak cycles,2013,,chase q3,chase-citations chase-references s2-q3-beetle-terrain,3,walter2013multi,walter2013multi,include,,yes
negative density dependent dispersal of the mountain pine beetle in alberta,,Negative density-dependent dispersal of the mountain pine beetle in Alberta,2024,,chase q3,chase-citations s2-q3-beetle-terrain,2,,,include,,
10.1016/j.foreco.2020.118257,10.1016/j.foreco.2020.118257,Density-dependent responses of mountain pine beetle to its pheromones and host volatiles in naïve lodgepole pine stands,2020,,chase q3,chase-citations s2-q3-beetle-terrain,2,,,include,,
emergence and attack behavior of the mountain pine beetle in lodgepole pine,,Emergence and attack behavior of the mountain pine beetle in lodgepole pine.,1980,,q3,s2-q3-beetle-terrain,1,,,include,,
10.1603/en12330,10.1603/EN12330,Efficacy of Verbenone and Green Leaf Volatiles for Protecting Whitebark and Limber Pines From Attack by Mountain Pine Beetle (Coleoptera: Curculionidae: Scolytinae),2014,Environmental Entomology,q3,s2-q3-beetle-terrain,1,,,exclude,wrong-concept,
10.1649/0010-065x-74.3.532,10.1649/0010-065X-74.3.532,"Flight of the Mountain Pine Beetle, Dendroctonus ponderosae Hopkins (Coleoptera: Curculionidae: Scolytinae), in Suburban Cheyenne, Wyoming, USA during Summer 2011",2020,The Coleopterists bulletin,chase q3,chase-citations crossref-q3-beetle-terrain s2-q3-beetle-terrain,3,,,include,,
10.1093/jof/83.2.109,10.1093/jof/83.2.109,Carbaryl Prevents Attacks on Lodgepole Pine by the Mountain Pine Beetle,1985,Journal of Forests,q3,s2-q3-beetle-terrain,1,,,exclude,wrong-concept,
10.1093/molbev/msu135,10.1093/molbev/msu135,How the Mountain Pine Beetle (Dendroctonus ponderosae) Breached the Canadian Rocky Mountains,2014,Molecular biology and evolution,chase q3,chase-citations s2-q3-beetle-terrain,2,janes2014mountain,janes2014mountain,include,,yes
10.1063/5.0145208,10.1063/5.0145208,Strouhal and Reynolds number scaling of force production in the Mountain Pine Beetle,2023,The Physics of Fluids,q3,s2-q3-beetle-terrain,1,,,exclude,wrong-concept,
10.1603/en11315,10.1603/EN11315,The Push—Pull Tactic for Mitigation of Mountain Pine Beetle (Coleoptera: Curculionidae) Damage in Lodgepole and Whitebark Pines,2012,Environmental Entomology,q3,s2-q3-beetle-terrain,1,,,exclude,wrong-concept,
using genetic analyses to infer mountain pine beetle population structure and dispersal patterns in british columbia and alberta,,Using genetic analyses to infer mountain pine beetle population structure and dispersal patterns in British Columbia and Alberta.,2008,,q3,s2-q3-beetle-terrain,1,,,exclude,wrong-concept,
10.1603/en08269,10.1603/EN08269,Seeing the Forest Through the Trees: Differential Dispersal of Hylobius warreni Within Modified Forest Habitats,2010,Environmental Entomology,q3,s2-q3-beetle-terrain,1,,,exclude,off-topic,
10.1111/j.1439-0418.1992.tb00679.x,10.1111/j.1439-0418.1992.tb00679.x,"The effect of verbenone on dispersal and attack of the mountain pine beetle, Dendroctonus ponderosae Hopk. (Col., Scolytidae) in a lodgepole pine stand",1992,Journal of Applied Entomology,q3,crossref-q3-beetle-terrain s2-q3-beetle-terrain,2,,,exclude,wrong-concept,
10.1073/pnas.1407381111,10.1073/pnas.1407381111,Complementarity in the provision of ecosystem services reduces the cost of mitigating amplified natural disturbance events,2014,Proceedings of the National Academy of Sciences of the United States of America,chase q3,chase-citations s2-q3-beetle-terrain,2,,,exclude,off-topic,
10.1111/j.1365-2699.2009.02100.x,10.1111/j.1365-2699.2009.02100.x,"Spatial–temporal analysis of species range expansion: the case of the mountain pine beetle, Dendroctonus ponderosae",2009,,chase q3,chase-citations chase-references s2-q3-beetle-terrain,3,,,include,,
10.4039/ent90464-8,10.4039/Ent90464-8,"Internal Changes in the Female Mountain Pine Beetle, Dendroctonus monticolae Hopk., Associated with Egg Laying and Flight",1958,Canadian Entomologist,q3,crossref-q3-beetle-terrain s2-q3-beetle-terrain,2,,,exclude,wrong-concept,
10.1111/phen.12290,10.1111/phen.12290,Energy use by the mountain pine beetle (Coleoptera: Curculionidae: Scolytinae) for dispersal by flight,2019,Physiological entomology (Print),q3,crossref-q3-beetle-terrain s2-q3-beetle-terrain,2,,,exclude,duplicate,
10.1016/j.foreco.2004.06.004,10.1016/J.FORECO.2004.06.004,Bark beetle (Coleoptera: Scolytidae) diversity in spaced and unmanaged mature lodgepole pine (Pinaceae) in southeastern British Columbia,2004,,q3,s2-q3-beetle-terrain,1,,,exclude,wrong-population,
10.1111/j.1570-7458.2006.00425.x,10.1111/j.1570-7458.2006.00425.x,"Close‐range, in‐flight integration of olfactory and visual information by a host‐seeking bark beetle",2006,,q3,s2-q3-beetle-terrain,1,,,exclude,wrong-population,
10.1016/j.foreco.2008.12.017,10.1016/J.FORECO.2008.12.017,Aerially applied verbenone-releasing laminated flakes protect Pinus contorta stands from attack by Dendroctonus ponderosae in California and Idaho,2009,,chase q3,chase-citations s2-q3-beetle-terrain,2,,,exclude,wrong-concept,
10.1007/s00265-009-0881-8,10.1007/s00265-009-0881-8,Who goes first? Condition and danger dependent pioneering in a group-living bark beetle (Dendroctonus ponderosae),2010,Behavioral Ecology and Sociobiology,q3,s2-q3-beetle-terrain,1,,,exclude,wrong-concept,
10.4039/tce.2026.10056,10.4039/tce.2026.10056,"Abundance of secondary beetles not associated with pine mortality in old post–mountain pine beetle (Coleoptera: Curculionidae) outbreak stands in northern Alberta, Canada",2026,Canadian Entomologist,q3,s2-q3-beetle-terrain,1,,,exclude,wrong-concept,
10.1007/s11538-013-9868-8,10.1007/s11538-013-9868-8,Pattern Formation in a Model for Mountain Pine Beetle Dispersal: Linking Model Predictions to Data,2013,Bulletin of Mathematical Biology,chase q3,chase-citations crossref-q3-beetle-terrain s2-q3-beetle-terrain,3,,,include,,
10.3398/064.083.0110,10.3398/064.083.0110,"Dendroctonus ponderosae (Coleoptera: Curculionidae) Observations from Wheeler Peak Campground, Great Basin National Park",2023,Western North American Naturalist,chase q3,chase-citations s2-q3-beetle-terrain,2,,,exclude,wrong-concept,
10.1111/1365-2656.12700,10.1111/1365-2656.12700,Differential dispersal and the Allee effect create power‐law behaviour: Distribution of spot infestations during mountain pine beetle outbreaks,2018,Journal of Animal Ecology,chase q3,chase-citations crossref-q3-beetle-terrain s2-q3-beetle-terrain,3,,,include,,
10.1139/cjfr-2018-0417,10.1139/cjfr-2018-0417,Modelling landscape genetic connectivity of the mountain pine beetle in western Canada,2019,Canadian Journal of Forest Research,q3,s2-q3-beetle-terrain,1,,,include,,
10.1111/j.0269-8463.2005.00935.x,10.1111/J.0269-8463.2005.00935.X,"Low energy reserves and energy allocation decisions affect reproduction by Mountain Pine Beetles, Dendroctonus ponderosae",2005,,q3,s2-q3-beetle-terrain,1,,,exclude,wrong-concept,
10.4039/ent94531-5,10.4039/ENT94531-5,"Biology of the Mountain Pine Beetle, Dendroctonus monticolae Hopkins, in the East Kootenay Region of British Columbia I. Life Cycle, Brood Development, and Flight Periods",1962,Canadian Entomologist,q3,crossref-q3-beetle-terrain s2-q3-beetle-terrain,2,,,exclude,duplicate,
clark s nutcracker occurrence whitebark pine stand health and cone production in the waterton glacier international peace park,,"Clark's nutcracker occurrence, whitebark pine stand health, and cone production in the Waterton-Glacier International Peace Park",2013,,q3,s2-q3-beetle-terrain,1,,,exclude,off-topic,
10.1088/1748-9326/aca2c1,10.1088/1748-9326/aca2c1,Fire severity and the legacy of mountain pine beetle outbreak: high-severity fire peaks with mixed live and dead vegetation,2022,Environmental Research Letters,q3,s2-q3-beetle-terrain,1,,,exclude,wrong-concept,
10.1111/j.1466-8238.2011.00710.x,10.1111/J.1466-8238.2011.00710.X,What explains landscape patterns of tree mortality caused by bark beetle outbreaks in Greater Yellowstone,2012,,chase q3,chase-citations s2-q3-beetle-terrain,2,,,include,,
10.1093/ee/13.6.1666,10.1093/EE/13.6.1666,Evaluation of Frontalin and Exo-brevicomin as Kairomones to Control Mountain Pine Beetle (Coleoptera: Scolytidae) in Lodgepole Pine,1984,,q3,s2-q3-beetle-terrain,1,,,exclude,wrong-concept,
10.7939/r3-ywpm-ba31,10.7939/R3-YWPM-BA31,Influence of Semiochemical Cues on Mountain Pine Beetle Flight and Subsequent Effect of Flight on Host Colonisation Processes,2019,,q3,s2-q3-beetle-terrain,1,,,include,,
10.1093/forestscience/57.4.320,10.1093/FORESTSCIENCE/57.4.320,Spatiotemporal Relationships between Climate and Whitebark Pine Mortality in the Greater Yellowstone Ecosystem,2011,Forestry sciences,chase q3,chase-citations s2-q3-beetle-terrain,3,,,exclude,wrong-population,
stratified dispersal explains mountain pine beetle s range expansion in alberta,,Stratified dispersal explains mountain pine beetle's range expansion in Alberta,2024,,chase q3,chase-citations s2-q3-beetle-terrain,2,,,include,,
10.1890/15-1121,10.1890/15-1121,Fire severity unaffected by spruce beetle outbreak in spruce-fir forests in southwestern Colorado.,2015,Ecological Applications,q3,s2-q3-beetle-terrain,1,,,exclude,wrong-population,
10.1111/eea.12463,10.1111/eea.12463,Sexing live mountain pine beetles Dendroctonus ponderosae: refinement of a behavioral method for Dendroctonus spp.,2016,,q3,s2-q3-beetle-terrain,1,,,exclude,wrong-concept,
10.1111/j.1600-0587.2013.00470.x,10.1111/J.1600-0587.2013.00470.X,"A spatiotemporal pattern analysis of historical mountain pine beetle outbreaks in British Columbia, Canada",2014,,chase q3,chase-citations s2-q3-beetle-terrain,4,,,include,,
10.1111/j.1570-7458.2009.00851.x,10.1111/j.1570-7458.2009.00851.x,Does marking with fluorescent powders affect the survival or development of larval Vanessa cardui?,2009,,q3,s2-q3-beetle-terrain,1,,,exclude,off-topic,
influence of fires fungi and mountain pine beetles on influence of fires fungi and mountain pine beetles on development of a lodgepole pine forest in south central oregon development of a lodgepole pine forest in south central oregon,,"Influence of Fires, Fungi and Mountain Pine Beetles on Influence of Fires, Fungi and Mountain Pine Beetles on Development of a Lodgepole Pine Forest in South-Central Oregon Development of a Lodgepole Pine Forest in South-Central Oregon",,,q3,s2-q3-beetle-terrain,1,,,exclude,not-research,
identification and functional analysis of mountain pine beetle genes involved in pheromone biosynthesis and resin detoxification,,Identification and Functional Analysis of Mountain Pine Beetle Genes Involved in Pheromone Biosynthesis and Resin Detoxification,2017,,q3,s2-q3-beetle-terrain,1,,,exclude,wrong-concept,
10.1007/pl00001818,10.1007/PL00001818,"Dynamics of pheromone production and communication in the mountain pine beetle, Dendroctonus ponderosae Hopkins, and the pine engraver, Ips pini (Say) (Coleoptera: Scolytidae)",2000,Chemoecology,q3,s2-q3-beetle-terrain,1,,,include,,
10.1093/ee/5.1.171,10.1093/EE/5.1.171,Influence of ponderosa pine resin volatiles on the response of Dendroctonus ponderosae to synthetic trans-verbenol,1976,,q3,s2-q3-beetle-terrain,1,,,exclude,wrong-concept,
10.1016/s0092-8240(97)00025-6,10.1016/S0092-8240(97)00025-6,Phase transition from environmental to dynamic determinism in mountain pine beetle attack,1997,,q3,s2-q3-beetle-terrain,1,,,include,,
10.1016/j.sste.2012.04.008,10.1016/j.sste.2012.04.008,A Bayesian space-time model for discrete spread processes on a lattice.,2012,Spatial and Spatio-temporal Epidemiology,chase q3,chase-citations s2-q3-beetle-terrain,2,long2012model,long2012model,include,,yes
10.3808/jei.200600077,10.3808/JEI.200600077,Calculating the Risk of Mountain Pine Beetle Attack: a Comparison of Distance- and Density-Based Estimates of Beetle Pressure,2006,,q3,s2-q3-beetle-terrain,1,wulder2006calculating,wulder2006calculating,include,,yes
10.7939/r3p26qh9s,10.7939/R3P26QH9S,How do Morphology and Environmental Factors Predict Flight Capability of the Mountain Pine Beetle,2017,,q3,s2-q3-beetle-terrain,1,,,include,,
10.1111/j.1439-0329.2010.00655.x,10.1111/J.1439-0329.2010.00655.X,"Blister rust and western forest biodiversity: ecology, values and outlook for white pines",2010,,q3,s2-q3-beetle-terrain,1,,,exclude,off-topic,
10.4039/ent98507-5,10.4039/Ent98507-5,Factors Influencing the Orientation and Rates of Activity of Dendroctonus ponderosae Hopkins (Coleoptera: Scolytidae),1966,Canadian Entomologist,q3,s2-q3-beetle-terrain,1,,,include,,
10.1371/journal.pone.0075892,10.1371/journal.pone.0075892,Pest and Disease Management: Why We Shouldn't Go against the Grain,2013,PLoS ONE,chase q3,chase-citations s2-q3-beetle-terrain,2,,,exclude,off-topic,
10.1371/journal.pone.0037663,10.1371/journal.pone.0037663,"Whitebark Pine Stand Condition, Tree Abundance, and Cone Production as Predictors of Visitation by Clark's Nutcracker",2012,PLoS ONE,q3,s2-q3-beetle-terrain,1,,,exclude,off-topic,
10.3390/insects17060560,10.3390/insects17060560,Small-Scale Spatial Distribution of Mountain Pine Beetle Attacks by Parent and Brood Adults in Lodgepole Pine Forests in Northern Colorado,2026,Insects,q3,s2-q3-beetle-terrain,1,,,include,,
10.1007/bf02510942,10.1007/BF02510942,A dispersal-aggregation model for mountain pine beetle in lodgepole pine stands,1977,Researches on population ecology,q3,crossref-q3-beetle-terrain s2-q3-beetle-terrain,2,,,include,,
10.4039/ent95225-3,10.4039/Ent95225-3,"Biology of the Mountain Pine Beetle, Dendroctonus monticolae Hopkins, in the East Kootenay Region of British Columbia.: III. Interaction between the Beetle and its Host, with Emphasis on Brood Mortality and Survival",1963,Canadian Entomologist,q3,s2-q3-beetle-terrain,1,,,exclude,duplicate,
10.1111/j.1461-9563.2012.00577.x,10.1111/j.1461-9563.2012.00577.x,Area‐wide application of verbenone‐releasing flakes reduces mortality of whitebark pine Pinus albicaulis caused by the mountain pine beetle Dendroctonus ponderosae,2012,,q3,s2-q3-beetle-terrain,1,,,exclude,wrong-concept,
effects of topography upon mountain pine beetle dendroctonus ponderosae transport and dispersion as indicated by mesoscale meteorological models,,Effects of topography upon mountain pine beetle (Dendroctonus ponderosae) transport and dispersion as indicated by mesoscale meteorological models,2004,,q3,s2-q3-beetle-terrain,1,,,include,,
10.1242/jeb.227991,10.1242/jeb.227991,Why bark beetles roam near and far,2020,Journal of Experimental Biology,q3,s2-q3-beetle-terrain,1,,,exclude,wrong-population,
10.7939/r3nz80v8h,10.7939/R3NZ80V8H,Factors Influencing Mountain Pine Beetle (Coleoptera: Curculionidae: Scolytinae) Dispersal by Flight and Subsequent Trade-off Between Beetle Flight and Reproduction,2016,,q3,s2-q3-beetle-terrain,1,,,include,,
10.1016/j.foreco.2008.07.003,10.1016/J.FORECO.2008.07.003,Effect of management on the spatial spread of mountain pine beetle (Dendroctonus ponderosae) in Banff National Park,2008,,q3,s2-q3-beetle-terrain,1,,,include,,
10.1098/rsif.2020.0434,10.1098/rsif.2020.0434,A unifying theory for two-dimensional spatial redistribution kernels with applications in population spread modelling,2020,Journal of the Royal Society Interface,chase q3,chase-citations s2-q3-beetle-terrain,2,,,exclude,off-topic,
10.1016/j.dib.2020.105293,10.1016/j.dib.2020.105293,"Dataset of mountain pine beetle outbreak dynamics and direct control in Cypress Hills, SK",2020,Data in Brief,q3,s2-q3-beetle-terrain,1,,,exclude,wrong-concept,
quantifying change in the spatial pattern of forests assessing impacts of mountain pine beetle infestation and harvest,,Quantifying change in the spatial pattern of forests: assessing impacts of mountain pine beetle infestation and harvest,2009,,q3,s2-q3-beetle-terrain,1,,,exclude,wrong-concept,
10.1016/j.foreco.2014.09.012,10.1016/J.FORECO.2014.09.012,Mountain pine beetle-caused mortality over eight years in two pine hosts in mixed-conifer stands of the southern Rocky Mountains,2014,,chase q3,chase-citations s2-q3-beetle-terrain,2,,,include,,
10.1016/j.cropro.2014.12.011,10.1016/J.CROPRO.2014.12.011,Alternative timing of carbaryl treatments for protecting lodgepole pine from mortality attributed to mountain pine beetle,2015,,q3,s2-q3-beetle-terrain,1,,,exclude,wrong-concept,
10.1603/ice.2016.113904,10.1603/ice.2016.113904,Energy use by the mountain pine beetle (Coleoptera: Curculionidae: Scolytinae) for dispersal by flight,2016,2016 International Congress of Entomology,q3,crossref-q3-beetle-terrain,1,,,include,,
10.5424/fs/2026351-21069,10.5424/fs/2026351-21069,Predisposing factors and spatio-temporal dynamics in two co-occurring cone pests in Pinus pinea (Leptoglossus occidentalis and Dioryctria mendacella),2026,Forest Systems,chase,chase-citations,1,,,exclude,off-topic,
10.3390/fire9060231,10.3390/fire9060231,Fire–Climate–Vegetation Linkages in a Quaking Aspen Forest During the Late Holocene,2026,Fire,chase,chase-citations,1,,,exclude,off-topic,
10.1002/ecs2.70603,10.1002/ecs2.70603,Spatial and temporal dynamics of a bark beetle outbreak in the Eastern European Alps,2026,Ecosphere,chase,chase-citations,2,,,exclude,wrong-population,
10.64898/2026.03.11.711084,10.64898/2026.03.11.711084,Mean temperature determines whether winter variability accelerates or buffers energy loss,2026,bioRxiv,chase,chase-citations,1,,,exclude,off-topic,
10.1111/jbi.70177,10.1111/jbi.70177,Warming Temperatures to Expand Spruce Beetle Outbreak Distribution in Northern but Not Southern Picea Forests of Western North America,2026,Journal of Biogeography,chase,chase-citations,1,,,exclude,wrong-population,
10.3389/ffgc.2026.1706950,10.3389/ffgc.2026.1706950,A review of process modeling for wood borer pests,2026,Frontiers in Forests and Global Change,chase,chase-citations,2,,,exclude,off-topic,
10.3390/agriculture15212244,10.3390/agriculture15212244,Effects of Water Management Practices on Rice Grain Quality and Pest-Disease Incidence in Environmentally Friendly Cultivation Systems,2025,Agriculture,chase,chase-citations,1,,,exclude,off-topic,
10.1016/j.foreco.2025.122615,10.1016/j.foreco.2025.122615,Hotter drought increases population levels and accelerates phenology of the European spruce bark beetle Ips typographus,2025,Forest Ecology and Management,chase,chase-citations,1,,,exclude,wrong-population,
10.1002/ece3.72296,10.1002/ece3.72296,Biological Barriers to Forest Pest Invasions: A Novel Host Tree Slows Mountain Pine Beetle Range Expansion,2024,Ecology and Evolution,chase,chase-citations,1,,,exclude,wrong-concept,
10.1111/1365-2664.70178,10.1111/1365-2664.70178,An assessment of Alberta's strategy for controlling mountain pine beetle outbreaks,2024,Journal of Applied Ecology,chase,chase-citations,1,,,exclude,wrong-concept,
10.1101/2024.01.17.575462,10.1101/2024.01.17.575462,Mountain pine beetle spread in forests with varying host resistance,2024,bioRxiv,chase,chase-citations,3,brush2024spread,brush2024spread,include,,yes
10.1016/j.ecolmodel.2024.110814,10.1016/j.ecolmodel.2024.110814,Spruce bark beetle phenological modelling and drought risk within framework of TANABBO II model,2024,Ecological Modelling,chase,chase-citations,1,,,exclude,wrong-population,
10.1111/1365-2745.14408,10.1111/1365-2745.14408,"Budworms, beetles and wildfire: Disturbance interactions influence the likelihood of insect‐caused disturbances at a subcontinental scale",2024,Journal of Ecology,chase,chase-citations,1,,,exclude,wrong-population,
10.1101/2024.06.28.601294,10.1101/2024.06.28.601294,Modeling Mountain Pine Beetle Abundance and Distribution in a Changing Climate,2024,bioRxiv,chase,chase-citations,1,,,exclude,wrong-concept,
10.1111/jen.13262,10.1111/jen.13262,On the deduction and quantification of irruptive dynamics in mountain pine beetle population and proxy data,2024,Journal of applied entomology,chase,chase-citations,1,,,exclude,wrong-concept,
10.1016/j.ecolmodel.2024.110737,10.1016/j.ecolmodel.2024.110737,A dynamic outbreak distribution model (DODM) for an irruptive folivore: The western spruce budworm,2024,Ecological Modelling,chase,chase-citations,1,,,exclude,off-topic,
10.1016/j.foreco.2024.121838,10.1016/j.foreco.2024.121838,Detection of green attack and bark beetle susceptibility in Norway Spruce: Utilizing PlanetScope Multispectral Imagery for Tri-Stage spectral separability analysis,2024,Forest Ecology and Management,chase,chase-citations,1,,,exclude,wrong-population,
10.1007/s10342-023-01623-3,10.1007/s10342-023-01623-3,Bark beetle outbreaks in coniferous forests: a review of climate change effects,2023,European Journal of Forest Research,chase,chase-citations,2,,,exclude,wrong-population,
10.3389/ffgc.2023.1130721,10.3389/ffgc.2023.1130721,Detection of susceptible Norway spruce to bark beetle attack using PlanetScope multispectral imagery,2023,Frontiers in Forests and Global Change,chase,chase-citations,1,,,exclude,wrong-population,
10.1016/j.jhydrol.2023.129566,10.1016/j.jhydrol.2023.129566,Simulation of the impact of future changes in climate on the hydrology of Bow River headwater basins in the Canadian Rockies,2023,Journal of Hydrology,chase,chase-citations,1,,,exclude,off-topic,
10.1016/j.foreco.2023.120790,10.1016/j.foreco.2023.120790,The association between stand and landscape level factors and red turpentine beetle damage in different infestation stages,2023,Forest Ecology and Management,chase,chase-citations,1,,,exclude,wrong-population,
10.1002/ecs2.4478,10.1002/ecs2.4478,Overlapping outbreaks of multiple bark beetle species are rarely more severe than single‐species outbreaks,2023,Ecosphere,chase,chase-citations,2,,,exclude,wrong-population,
10.12944/cwe.17.3.17,10.12944/cwe.17.3.17,Weather-Based Fruit Fly Population Dynamics Prediction Model for the Mid-Hills of Eastern Himalayan Region of India,2022,Current World Environment,chase,chase-citations,1,,,exclude,off-topic,
10.1007/s13253-023-00552-3,10.1007/s13253-023-00552-3,Dynamic Population Models with Temporal Preferential Sampling to Infer Phenology,2022,Journal of Agricultural Biological and Environmental Statistics,chase,chase-citations,1,,,exclude,off-topic,
10.53516/ajfr.1130967,10.53516/ajfr.1130967,İĞNE YAPRAKLI ORMAN AĞAÇLARINDA TOHUM VE KOZALAK ZARARLILARI,2022,Anadolu orman araştırmaları dergisi,chase,chase-citations,1,,,exclude,not-english,
10.1016/j.foreco.2022.120316,10.1016/j.foreco.2022.120316,Determination of some factors leading to the infestation of Ips sexdentatus in crimean pine stands,2022,Forest Ecology and Management,chase,chase-citations,1,,,exclude,wrong-population,
10.2139/ssrn.4031718,10.2139/ssrn.4031718,Primary and secondary host selection by Ips typographus depends on Norway spruce crown characteristics and phenolic-based defenses.,2022,Plant Science,chase,chase-citations,1,,,exclude,wrong-population,
10.1016/j.foreco.2022.120047,10.1016/j.foreco.2022.120047,"Landscape predictions of western balsam bark beetle activity implicate warm temperatures, a longer growing season, and drought in widespread irruptions across British Columbia",2022,Forest Ecology and Management,chase,chase-citations,1,,,exclude,wrong-population,
10.1016/j.foreco.2021.119681,10.1016/j.foreco.2021.119681,"Bigleaf maple, Acer macrophyllum Pursh, decline in western Washington, USA",2021,Forest Ecology and Management,chase,chase-citations,1,,,exclude,off-topic,
10.1111/ele.13908,10.1111/ele.13908,Host phylogenetic diversity predicts the global extent and composition of tree pests.,2021,Ecology Letters,chase,chase-citations,1,,,exclude,off-topic,
10.1016/j.rsase.2021.100638,10.1016/j.rsase.2021.100638,A review of major factors influencing the accuracy of mapping green-attack stage of bark beetle infestations using satellite imagery: Prospects to avoid data redundancy,2021,Remote Sensing Applications Society and Environment,chase,chase-citations,1,,,exclude,wrong-population,
10.1002/ece3.7921,10.1002/ece3.7921,Predicting insect outbreaks using machine learning: A mountain pine beetle case study,2021,Ecology and Evolution,chase,chase-citations,1,ramazi2021outbreaks,ramazi2021outbreaks,include,,yes
10.21203/rs.3.rs-777227/v1,10.21203/rs.3.rs-777227/v1,"Shifting Roles of Predisposing Agents, Spatial Contagion, And Accessible Host Quality Drive Phase Transitions of An Irruptive Herbivore",2021,,chase,chase-citations,1,,,exclude,off-topic,
10.1111/gcb.15861,10.1111/gcb.15861,Climate‐induced outbreaks in high‐elevation pines are driven primarily by immigration of bark beetles from historical hosts,2021,Global Change Biology,chase,chase-citations,1,,,exclude,wrong-population,
10.1002/hyp.14158,10.1002/hyp.14158,Subalpine forest water use behaviour and evapotranspiration during two hydrologically contrasting growing seasons in the Canadian Rockies,2021,Hydrological Processes,chase,chase-citations,1,,,exclude,off-topic,
10.1111/2041-210x.13509,10.1111/2041-210X.13509,Exploiting the full potential of Bayesian networks in predictive ecology,2020,Methods in Ecology and Evolution,chase,chase-citations,1,,,exclude,off-topic,
10.1007/s10651-020-00456-2,10.1007/s10651-020-00456-2,Computationally simple anisotropic lattice covariograms,2020,Environmental and Ecological Statistics,chase,chase-citations,1,,,exclude,off-topic,
10.1038/s41598-020-63388-8,10.1038/s41598-020-63388-8,Factors governing outbreak dynamics in a forest intensively managed for mountain pine beetle,2020,Scientific Reports,chase,chase-citations,1,kunegel2020factors,kunegel2020factors,include,,yes
10.1038/s41598-020-61820-7,10.1038/s41598-020-61820-7,"Effects of the winter temperature regime on survival, body mass loss and post-winter starvation resistance in laboratory-reared and field-collected ladybirds",2020,Scientific Reports,chase,chase-citations,1,,,exclude,off-topic,
10.1111/nph.15984,10.1111/nph.15984,"Oleoresin defenses in conifers: chemical diversity, terpene synthases, limitations of oleoresin defense under climate change.",2019,New Phytologist,chase,chase-citations,1,,,exclude,off-topic,
10.3390/f10100866,10.3390/f10100866,Improving Mountain Pine Beetle Survival Predictions Using Multi-Year Temperatures Across the Western USA,2019,Forests,chase,chase-citations,1,,,exclude,wrong-concept,
10.3390/f10100860,10.3390/f10100860,Climate Change Impacts on the Potential Distribution and Range Shift of Dendroctonus ponderosae (Coleoptera: Scolytidae),2019,Forests,chase,chase-citations,1,,,exclude,wrong-concept,
10.1016/j.jag.2019.101900,10.1016/J.JAG.2019.101900,"Timing of red-edge and shortwave infrared reflectance critical for early stress detection induced by bark beetle (Ips typographus, L.) attack",2019,International Journal of Applied Earth Observation and Geoinformation,chase,chase-citations,1,,,exclude,wrong-population,
10.1139/cjfr-2018-0303,10.1139/CJFR-2018-0303,The contribution of genetics and genomics to understanding the ecology of the mountain pine beetle system,2019,Canadian Journal of Forest Research,chase,chase-citations,1,,,exclude,wrong-concept,
quantifying coniferous subalpine tree transpiration and source water under seasonal and hydrological stress in the canadian rocky mountains kananaskis alberta,,"Quantifying coniferous subalpine tree transpiration and source water under seasonal and hydrological stress in the Canadian Rocky Mountains, Kananaskis, Alberta",2019,,chase,chase-citations,1,,,exclude,off-topic,
10.1111/ecog.04239,10.1111/ECOG.04239,"Anomalous outbreaks of an invasive defoliator and native bark beetle facilitated by warm temperatures, changes in precipitation and interspecific interactions",2019,Ecography,chase,chase-citations,2,,,exclude,wrong-population,
10.1088/1748-9326/ab0921,10.1088/1748-9326/ab0921,Mechanisms of a coniferous woodland persistence under drought and heat,2019,Environmental Research Letters,chase,chase-citations,1,,,exclude,off-topic,
10.1016/j.foreco.2019.02.011,10.1016/J.FORECO.2019.02.011,Multiyear weather anomalies associated with range shifts by the mountain pine beetle preceding large epidemics,2019,Forest Ecology and Management,chase,chase-citations,2,,,include,,
10.3389/fevo.2019.00080,10.3389/fevo.2019.00080,Global Climate Change as a Driver of Bottom-Up and Top-Down Factors in Agricultural Landscapes and the Fate of Host-Parasitoid Interactions,2019,Frontiers in Ecology and Evolution,chase,chase-citations,1,,,exclude,off-topic,
10.1007/s10340-018-01069-2,10.1007/s10340-018-01069-2,Environmental influences on stem borer incidence in Australian subtropical Corymbia plantations,2019,Journal of Pest Science,chase,chase-citations,1,,,exclude,off-topic,
10.1139/cjfr-2018-0301,10.1139/CJFR-2018-0301,"Management assessment of mountain pine beetle infestation in Cypress Hills, SK",2019,Canadian Journal of Forest Research,chase,chase-citations,2,,,exclude,wrong-concept,
10.2172/1616531,10.2172/1616531,Disturbance and Vegetation Dynamics in Earth System Models: Workshop Report,2018,,chase,chase-citations,1,,,exclude,off-topic,
10.3390/f9090552,10.3390/F9090552,Subwatershed-Level Lodgepole Pine Attributes Associated with a Mountain Pine Beetle Outbreak,2018,Forests,chase,chase-citations,2,,,include,,
10.1111/1365-2664.13177,10.1111/1365-2664.13177,Predicting the spread of an invasive tree pest: The pine wood nematode in Southern Europe,2018,Journal of Applied Ecology,chase,chase-citations,1,,,exclude,off-topic,
10.1007/s10021-017-0175-3,10.1007/s10021-017-0175-3,"Interactions Among Fuel Management, Species Composition, Bark Beetles, and Climate Change and the Potential Effects on Forests of the Lake Tahoe Basin",2018,Ecosystems,chase,chase-citations,2,,,exclude,wrong-population,
10.1111/gcb.14284,10.1111/gcb.14284,The effect of warmer winters on the demography of an outbreak insect is hidden by intraspecific competition,2018,Global Change Biology,chase,chase-citations,1,,,exclude,off-topic,
10.1139/cjfr-2016-0396,10.1139/CJFR-2016-0396,More than Moran: Coupling statistical and simulation models to understand how defoliation spread and weather variation drive insect outbreak dynamics,2018,,chase,chase-citations,1,,,exclude,off-topic,
10.1139/cjfr-2017-0135,10.1139/CJFR-2017-0135,Assessing the future susceptibility of mountain pine beetle (Dendroctonus ponderosae) in the Great Lakes Region using forest composition and structural attributes,2018,,chase,chase-citations,1,,,exclude,wrong-concept,
10.1139/facets-2017-0041,10.1139/FACETS-2017-0041,Enemy escape: A general phenomenon in a fragmented literature?,2017,,chase,chase-citations,1,,,exclude,off-topic,
10.1002/ece3.3590,10.1002/ece3.3590,Incorporating variability in simulations of seasonally forced phenology using integral projection models,2017,Ecology and Evolution,chase,chase-citations,1,,,exclude,off-topic,
10.1038/s41598-017-14724-y,10.1038/s41598-017-14724-y,Community structure of gut bacteria of Dendroctonus armandi (Coleoptera: Curculionidae: Scolytinae) larvae during overwintering stage,2017,Scientific Reports,chase,chase-citations,1,,,exclude,wrong-population,
10.1007/s10980-017-0565-0,10.1007/s10980-017-0565-0,"Spatiotemporal distribution of an invasive insect in an urban landscape: introduction, establishment and impact",2017,Landscape Ecology,chase,chase-citations,1,,,exclude,off-topic,
10.1016/j.foreco.2017.05.032,10.1016/J.FORECO.2017.05.032,Recent and future climate suitability for whitebark pine mortality from mountain pine beetles varies across the western US,2017,,chase,chase-citations,2,,,exclude,wrong-concept,
10.7717/peerj.3284,10.7717/peerj.3284,"Seasonal shifts in accumulation of glycerol biosynthetic gene transcripts in mountain pine beetle, Dendroctonus ponderosae Hopkins (Coleoptera: Curculionidae), larvae",2017,PeerJ,chase,chase-citations,1,,,exclude,wrong-concept,
10.1111/afe.12201,10.1111/afe.12201,Spatial patterns at host and forest stand scale and population regulation of the pine processionary moth Thaumetopoea pityocampa,2017,,chase,chase-citations,1,,,exclude,off-topic,
10.1371/journal.pone.0174111,10.1371/journal.pone.0174111,Quantifying dispersal of a non-aggressive saprophytic bark beetle,2017,PLoS ONE,chase,chase-citations,1,,,exclude,wrong-population,
10.1016/j.foreco.2016.12.015,10.1016/J.FORECO.2016.12.015,Modelling spatiotemporal dynamics of Pinus pinea cone infestation by Dioryctria mendacella,2017,,chase,chase-citations,1,,,exclude,off-topic,
biophysical and climate analysis of the mountain pine beetle dendroctonus ponderosae infestations in the crown of the continent 1962 to 2014,,"Biophysical and Climate Analysis of the Mountain Pine Beetle (Dendroctonus ponderosae) Infestations in the Crown of the Continent, 1962 to 2014",2017,,chase,chase-citations,1,,,exclude,wrong-concept,
10.1111/afe.12176,10.1111/afe.12176,Metabolism and cold tolerance of Chinese white pine beetle Dendroctonus armandi (Coleoptera: Curculionidae: Scolytinae) during the overwintering period,2017,,chase,chase-citations,1,,,exclude,wrong-population,
10.1002/eap.1396,10.1002/eap.1396,Climate influences on whitebark pine mortality from mountain pine beetle in the Greater Yellowstone Ecosystem.,2016,Ecological Applications,chase,chase-citations chase-references,4,,,exclude,wrong-concept,
10.1002/eap.1365,10.1002/eap.1365,Tree-ring isotopes reveal drought sensitivity in trees killed by spruce beetle outbreaks in south-central Alaska.,2016,Ecological Applications,chase,chase-citations,1,,,exclude,wrong-population,
10.1093/forestry/cpv054,10.1093/FORESTRY/CPV054,Elevational shifts in thermal suitability for mountain pine beetle population growth in a changing climate,2016,,chase,chase-citations,3,,,include,,
10.1002/ecs2.1396,10.1002/ECS2.1396,Using spatiotemporal correlative niche models for evaluating the effects of climate change on mountain pine beetle,2016,,chase,chase-citations,2,,,exclude,wrong-concept,
10.1186/s40462-016-0074-9,10.1186/s40462-016-0074-9,Dispersal variability and associated population-level consequences in tree-killing bark beetles,2016,Movement Ecology,chase,chase-citations,1,,,exclude,wrong-population,
10.20537/2076-7633-2016-8-2-241-253,10.20537/2076-7633-2016-8-2-241-253,Modelling the risk of insect impacts on forest stands after possible climate changes,2016,,chase,chase-citations,1,,,exclude,off-topic,
10.5558/tfc2016-012,10.5558/TFC2016-012,Southern Rockies Watershed Project,2016,,chase,chase-citations,1,,,exclude,off-topic,
10.4039/tce.2016.5,10.4039/tce.2016.5,Population dynamics and epidemiology of four species of Dendroctonus (Coleoptera: Curculionidae): 100 years since J.M. Swaine,2016,Canadian Entomologist,chase,chase-citations,2,,,exclude,wrong-population,
10.1007/s10886-015-0659-6,10.1007/s10886-015-0659-6,Rapid Induction of Multiple Terpenoid Groups by Ponderosa Pine in Response to Bark Beetle-Associated Fungi,2015,Journal of Chemical Ecology,chase,chase-citations,1,,,exclude,wrong-population,
10.1890/es15-00394.1,10.1890/ES15-00394.1,"Interactions among spruce beetle disturbance, climate change and forest dynamics captured by a forest landscape model",2015,,chase,chase-citations,2,,,exclude,wrong-population,
10.1038/hdy.2015.71,10.1038/hdy.2015.71,Polygamy and an absence of fine-scale structure in Dendroctonus ponderosae (Hopk.) (Coleoptera: Curcilionidae) confirmed using molecular markers,2015,Heredity,chase,chase-citations,1,,,exclude,wrong-concept,
10.1016/j.gecco.2015.05.006,10.1016/J.GECCO.2015.05.006,Landscape connectivity and insect herbivory: A framework for understanding tradeoffs among ecosystem services,2015,,chase,chase-citations,1,,,exclude,off-topic,
10.1371/journal.pone.0127099,10.1371/journal.pone.0127099,"Spatial Pattern of Attacks of the Invasive Woodwasp Sirex noctilio, at Landscape and Stand Scales",2015,PLoS ONE,chase,chase-citations,2,,,exclude,off-topic,
10.1007/s10980-015-0170-z,10.1007/s10980-015-0170-z,Geographically variable response of Dendroctonus ponderosae to winter warming in the western United States,2015,Landscape Ecology,chase,chase-citations,4,,,exclude,wrong-concept,
modeling endemic bark beetle populations in southwestern ponderosa pine forests,,Modeling Endemic Bark Beetle Populations in Southwestern Ponderosa Pine Forests,2015,,chase,chase-citations,2,,,exclude,wrong-population,
10.1111/afe.12087,10.1111/afe.12087,"Influence of temperature on the reproductive success, brood development and brood fitness of the eastern larch beetle Dendroctonus simplex LeConte",2015,,chase,chase-citations,2,,,exclude,wrong-population,
10.1111/brv.12105,10.1111/brv.12105,Cold truths: how winter drives responses of terrestrial organisms to climate change,2015,Biological Reviews of The Cambridge Philosophical Society,chase,chase-citations,1,,,exclude,off-topic,
10.1016/j.apgeog.2014.09.012,10.1016/J.APGEOG.2014.09.012,Characterizing recent and projecting future potential patterns of mountain pine beetle outbreaks in the Southern Rocky Mountains,2014,,chase,chase-citations,2,,,include,,
10.1101/009589,10.1101/009589,Applying Geospatial Semantic Array Programming for a Reproducible Set of Bioclimatic Indices in Europe,2014,bioRxiv,chase,chase-citations,1,,,exclude,off-topic,
10.1016/j.foreco.2014.05.051,10.1016/J.FORECO.2014.05.051,Tree damage and population density relationships for the pine processionary moth: Prospects for ecological research and pest management,2014,,chase,chase-citations,1,,,exclude,wrong-population,
10.1016/j.foreco.2014.04.010,10.1016/J.FORECO.2014.04.010,On correcting the time-lag bias in aerial-surveyed bark beetle infestation data,2014,,chase,chase-citations,1,,,exclude,wrong-population,
10.1080/10549811.2014.925401,10.1080/10549811.2014.925401,Bark Beetle Demography in a Jeffrey Pine Stand as Influenced by Mechanized Thinning and Prescribed Fire,2014,,chase,chase-citations,1,,,exclude,wrong-population,
10.5338/kjea.2014.33.1.52,10.5338/KJEA.2014.33.1.52,An Analysis of Impacts of Climate Change on Rice Damage Occurrence by Insect Pests and Disease,2014,,chase,chase-citations,1,,,exclude,off-topic,
10.1371/journal.pone.0089245,10.1371/journal.pone.0089245,Spatial Variation as a Tool for Inferring Temporal Variation and Diagnosing Types of Mechanisms in Ecosystems,2014,PLoS ONE,chase,chase-citations,1,,,exclude,off-topic,
10.1016/j.foreco.2013.09.051,10.1016/J.FORECO.2013.09.051,"Climate, weather, and recent mountain pine beetle outbreaks in the western United States",2014,,chase,chase-citations,3,,,include,,
10.1016/j.foreco.2013.09.035,10.1016/J.FORECO.2013.09.035,Incidence of Ips grandicollis (Coleoptera: Scolytinae) in trap trees prepared for biological control of Sirex noctilio (Hymenoptera: Siricidae) in Australia: Influence of environment and silviculture,2013,,chase,chase-citations,1,,,exclude,wrong-population,
10.1111/j.1600-0706.2013.00431.x,10.1111/J.1600-0706.2013.00431.X,Population dynamics of the spruce bark beetle: a long-term study,2013,,chase,chase-citations,1,,,exclude,wrong-population,
10.1016/j.foreco.2013.07.043,10.1016/J.FORECO.2013.07.043,Forecasting potential bark beetle outbreaks based on spruce forest vitality using hyperspectral remote-sensing techniques at different scales,2013,,chase,chase-citations,1,,,exclude,wrong-population,
10.1890/13-0160.1,10.1890/13-0160.1,Consequences of climate change for biotic disturbances in North American forests,2013,,chase,chase-citations,2,,,exclude,off-topic,
10.1890/12-1503.1,10.1890/12-1503.1,"Cross-scale Interactions Among Bark Beetles, Climate Change, and Wind Disturbances: a Landscape Modeling Approach",2013,,chase,chase-citations,2,,,exclude,wrong-population,
10.1016/j.ecolind.2012.07.026,10.1016/J.ECOLIND.2012.07.026,"Spatio-temporal infestation patterns of Ips typographus (L.) in the Bavarian Forest National Park, Germany",2013,,chase,chase-citations,1,,,exclude,wrong-population,
10.1016/j.foreco.2012.11.035,10.1016/J.FORECO.2012.11.035,Reducing uncertainty and risk through forest management planning in British Columbia,2013,,chase,chase-citations,1,,,exclude,off-topic,
10.1016/j.foreco.2013.02.019,10.1016/J.FORECO.2013.02.019,A review of semiochemicals associated with bark beetle (Coleoptera: Curculionidae: Scolytinae) pests of coniferous trees: A focus on beetle interactions with other pests and their associates,2013,,chase,chase-citations,2,,,exclude,wrong-population,
10.1007/s13253-013-0147-9,10.1007/s13253-013-0147-9,Computationally Efficient Statistical Differential Equation Modeling Using Homogenization,2013,Journal of Agricultural Biological and Environmental Statistics,chase,chase-citations,1,,,exclude,off-topic,
10.5849/jof.12-085,10.5849/JOF.12-085,"Changing climates, changing forests: A western North American perspective",2013,,chase,chase-citations,1,,,exclude,off-topic,
10.1111/j.1461-9563.2012.00595.x,10.1111/j.1461-9563.2012.00595.x,Inferring controls on the epidemiology of beech bark disease from spatial patterning of disease organisms,2013,,chase,chase-citations,1,,,exclude,off-topic,
future of alberta s forests impacts of climate and landscape change on forest resources,,Future of Alberta's Forests: Impacts of Climate and Landscape Change on Forest Resources,2013,,chase,chase-citations,1,,,exclude,off-topic,
10.5539/jas.v5n5p209,10.5539/JAS.V5N5P209,The Prediction of Population Dynamics Based on the Spatial Distribution Pattern of Brown Planthopper (Nilaparvata lugen Stal.) Using Exponential Smoothing – Local Spatial Statistics,2013,,chase,chase-citations,1,,,exclude,off-topic,
10.1002/ece3.522,10.1002/ece3.522,"Mountain pine beetle selectivity in old-growth ponderosa pine forests, Montana, USA",2013,Ecology and Evolution,chase,chase-citations,1,knapp2013selectivity,knapp2013selectivity,include,,yes
10.1111/jfb.12033,10.1111/jfb.12033,Interstitial movement and emergence of barbel Barbus barbus free embryos and larvae.,2013,Journal of Fish Biology,chase,chase-citations,1,,,exclude,off-topic,
10.3368/le.89.1.154,10.3368/le.89.1.154,How Ecosystem Service Provision Can Increase Forest Mortality from Insect Outbreaks,2012,Land Economics,chase,chase-citations,1,,,exclude,off-topic,
10.5194/hess-17-1635-2013,10.5194/HESS-17-1635-2013,Multi-variable evaluation of hydrological model predictions for a headwater basin in the Canadian Rocky Mountains,2012,,chase,chase-citations,1,,,exclude,off-topic,
10.1890/11-1412.1,10.1890/11-1412.1,Climate and weather influences on spatial temporal patterns of mountain pine beetle populations in Washington and Oregon.,2012,Ecology,chase,chase-citations,2,,,include,,
10.4236/ns.2012.410100,10.4236/NS.2012.410100,Vegetation regrowth trends in post forest fire ecosystems across North America from 2000 to 2010,2012,,chase,chase-citations,1,,,exclude,off-topic,
10.1890/11-1055.1,10.1890/11-1055.1,Spatiotemporal patterns of mountain pine beetle activity in the southern Rocky Mountains.,2012,Ecology,chase,chase-citations chase-references,3,,,include,,
10.1007/s13253-012-0103-0,10.1007/S13253-012-0103-0,Selection of Spatial-Temporal Lattice Models: Assessing the Impact of Climate Conditions on a Mountain Pine Beetle Outbreak,2012,,chase,chase-citations,1,,,include,,
10.4172/2155-6180.1000e112,10.4172/2155-6180.1000E112,On Selecting Spatial-Temporal Autologistic Regression Models for Binary Lattice Data,2012,,chase,chase-citations,1,,,exclude,off-topic,
10.1002/hyp.9248,10.1002/hyp.9248,"Sensitivity of snowmelt hydrology in Marmot Creek, Alberta, to forest cover disturbance",2012,,chase,chase-citations,1,,,exclude,off-topic,
10.1016/j.jinsphys.2012.03.003,10.1016/j.jinsphys.2012.03.003,Metabolism and cold tolerance of overwintering adult mountain pine beetles (Dendroctonus ponderosae): evidence of facultative diapause?,2012,Journal of insect physiology,chase,chase-citations,1,,,exclude,wrong-concept,
10.1002/eco.212,10.1002/eco.212,Snow accumulation following forest disturbance,2012,,chase,chase-citations,1,,,exclude,off-topic,
10.5772/35710,10.5772/35710,Using Geographically Robust Models of Insect Phenology in Forestry,2012,,chase,chase-citations,1,,,exclude,off-topic,
10.1111/j.1600-0587.2011.06847.x,10.1111/J.1600-0587.2011.06847.X,Climate change could alter the distribution of mountain pine beetle outbreaks in western Canada,2012,,chase,chase-citations,2,,,include,,
10.1111/j.1469-185x.2011.00183.x,10.1111/j.1469-185X.2011.00183.x,Population dynamics in changing environments: the case of an eruptive forest pest species,2012,Biological Reviews of The Cambridge Philosophical Society,chase,chase-citations,1,,,exclude,off-topic,
10.1890/10-1118.1,10.1890/10-1118.1,Climate variability and spruce beetle (Dendroctonus rufipennis) outbreaks in south-central and southwest Alaska.,2011,Ecology,chase,chase-citations,1,,,exclude,wrong-population,
10.1371/journal.pone.0018274,10.1371/journal.pone.0018274,Trees Wanted—Dead or Alive! Host Selection and Population Dynamics in Tree-Killing Bark Beetles,2011,PLoS ONE,chase,chase-citations,1,,,exclude,wrong-population,
an evaluation of mountain pine beetle outbreaks in colorado and wyoming under climate change using geospatial analysis,,AN EVALUATION OF MOUNTAIN PINE BEETLE OUTBREAKS IN COLORADO AND WYOMING UNDER CLIMATE CHANGE USING GEOSPATIAL ANALYSIS,2011,,chase,chase-citations,1,,,include,,
10.1603/en08275,10.1603/EN08275,Predicting County-Level Southern Pine Beetle Outbreaks from Neighborhood Patterns,2011,,chase,chase-citations,1,,,exclude,wrong-population,
10.1002/env.1030,10.1002/env.1030,Simulation and estimation of probabilities of phases of the Pacific Decadal Oscillation,2011,,chase,chase-citations,1,,,exclude,off-topic,
10.1016/j.foreco.2010.10.012,10.1016/J.FORECO.2010.10.012,Factors affecting the spatio-temporal dispersion of Ips typographus (L.) in Bavarian Forest National Park: A long-term quantitative landscape-level analysis,2011,,chase,chase-citations,1,,,exclude,wrong-population,
10.1111/j.2041-210x.2010.00059.x,10.1111/j.2041-210X.2010.00059.x,Factors and mechanisms explaining spatial heterogeneity: a review of methods for insect populations,2011,,chase,chase-citations,1,,,exclude,off-topic,
10.1002/env.1058,10.1002/env.1058,Hierarchical dynamic modeling of outbreaks of mountain pine beetle using partial differential equations,2010,,chase,chase-citations,1,,,include,,
10.4039/n08-cpa01,10.4039/n08-CPA01,Potential for Range Expansion of Mountain Pine Beetle into the Boreal Forest of North America,2010,Canadian Entomologist,chase,chase-citations chase-references,3,safranyik2010potential,safranyik2010potential,include,,yes
10.5751/ace-00391-050201,10.5751/ACE-00391-050201,Declines of Aerial Insectivores in North America Follow a Geographic Gradient,2010,,chase,chase-citations,1,,,exclude,off-topic,
10.1525/bio.2010.60.8.6,10.1525/bio.2010.60.8.6,Climate Change and Bark Beetles of the Western United States and Canada: Direct and Indirect Effects,2010,,chase,chase-citations chase-references,2,,,include,,
10.3808/jei.201000161,10.3808/JEI.201000161,A Provincial and Regional Assessment of the Mountain Pine Beetle Epidemic in British Columbia: 1999-2008,2010,,chase,chase-citations,2,,,exclude,wrong-concept,
10.1016/j.foreco.2009.07.034,10.1016/J.FORECO.2009.07.034,Potential effects of climate change on insect herbivores in European forests - general aspects and the pine processionary moth as specific example.,2010,,chase,chase-citations,1,,,exclude,off-topic,
10.1016/j.foreco.2009.10.037,10.1016/J.FORECO.2009.10.037,Biodiversity in forest ecosystems and landscapes: A conference to discuss future directions in biodiversity management for sustainable forestry,2009,,chase,chase-citations,1,,,exclude,off-topic,
10.1016/j.foreco.2009.06.011,10.1016/J.FORECO.2009.06.011,Forecasting tree mortality using change metrics derived from MODIS satellite data,2009,,chase,chase-citations,1,,,exclude,off-topic,
10.1016/j.foreco.2009.06.008,10.1016/J.FORECO.2009.06.008,Monitoring the impacts of mountain pine beetle mitigation,2009,,chase,chase-citations,1,,,exclude,wrong-concept,
10.1007/s10980-009-9340-1,10.1007/s10980-009-9340-1,"Connecting phenological predictions with population growth rates for mountain pine beetle, an outbreak insect",2009,Landscape Ecology,chase,chase-citations,1,,,include,,
10.4236/jmp.2011.226073,10.4236/JMP.2011.226073,Predicting Ecosystem Response to Perturbation from Thermodynamic Criteria,2007,,chase,chase-citations,1,,,exclude,off-topic,
10.5751/jfo-00341-940314,10.5751/jfo-00341-940314,"Shifts in breeding distribution, migration timing, and migration routes of two North American swift species",2023,Journal of field ornithology,chase,chase-citations,1,,,exclude,off-topic,
spatiotemporal dynamics and factors driving the distributions of pine wilt disease damaged forests in china,,Spatiotemporal Dynamics and Factors Driving the Distributions of Pine Wilt Disease-Damaged Forests in China,2022,,chase,chase-citations,1,,,exclude,off-topic,
10.3390/rs13061089,10.3390/rs13061089,"Effects of Bark Beetle Outbreaks on Forest Landscape Pattern in the Southern Rocky Mountains, U.S.A",2021,Remote Sensing,chase,chase-citations,2,,,exclude,wrong-population,
habitat suitability of the mountain pine beetle in alberta canada under future climate scenarios,,"Habitat Suitability of the Mountain Pine Beetle in Alberta, Canada under Future Climate Scenarios",2019,,chase,chase-citations,1,,,exclude,wrong-concept,
on the multitrophic interactions between ips typographus their tree host associated microorganisms and a predatory medetera fly,,"On the multitrophic interactions between Ips typographus their tree host, associated microorganisms, and a predatory Medetera fly",2019,,chase,chase-citations,1,,,exclude,wrong-population,
spatiotemporal mapping of mountain pine beetle infestation severity and probability of new infestation in the central u s rocky mountains,,Spatiotemporal mapping of mountain pine beetle infestation severity and probability of new infestation in the central U.S. Rocky Mountains,2018,,chase,chase-citations,3,,,include,,
10.1007/978-3-319-76956-1_9,10.1007/978-3-319-76956-1_9,The Economic Analysis of Plant Health and the Needs of Policy Makers,2018,,chase,chase-citations,1,,,exclude,off-topic,
the correlation between the changes in climate the intensity of spruce decline and the abundance of spruce bark beetles in golija nature park,,"THE CORRELATION BETWEEN THE CHANGES IN CLIMATE, THE INTENSITY OF SPRUCE DECLINE AND THE ABUNDANCE OF SPRUCE BARK BEETLES IN `GOLIJA` NATURE PARK",2017,,chase,chase-citations,1,,,exclude,wrong-population,
resin duct defenses in ponderosa pine during a mountain pine beetle outbreak genetic effects mortality and relationships with growth,,"RESIN DUCT DEFENSES IN PONDEROSA PINE DURING A MOUNTAIN PINE BEETLE OUTBREAK: GENETIC EFFECTS, MORTALITY, AND RELATIONSHIPS WITH GROWTH",2016,,chase,chase-citations,1,,,exclude,wrong-concept,
a spatiotemporal mountain pine beetle outbreak model predicting severity cycle period and invasion speed,,"A Spatiotemporal Mountain Pine Beetle Outbreak Model Predicting Severity, Cycle Period, and Invasion Speed",2016,,chase,chase-citations,1,,,include,,
10.1016/bs.aiip.2015.12.001,10.1016/BS.AIIP.2015.12.001,"The Proteomics and Transcriptomics of Early Host Colonization and Overwintering Physiology in the Mountain Pine Beetle, Dendroctonus ponderosae Hopkins (Coleoptera: Curculionidae)",2016,,chase,chase-citations,1,,,exclude,wrong-concept,
10.1016/j.foreco.2015.09.044,10.1016/J.FORECO.2015.09.044,The influence of variation in host tree monoterpene composition on secondary attraction by an invasive bark beetle: Implications for range expansion and potential host shift by the mountain pine beetle,2016,,chase,chase-citations,1,,,exclude,wrong-concept,
10.1016/j.foreco.2015.09.046,10.1016/J.FORECO.2015.09.046,Fallen trees’ last stand against bark beetles,2016,,chase,chase-citations,1,,,exclude,wrong-population,
10.1007/978-3-319-19809-5_6,10.1007/978-3-319-19809-5_6,Individual-Based Modeling: Mountain Pine Beetle Seasonal Biology in Response to Climate,2015,,chase,chase-citations,3,,,exclude,wrong-concept,
10.1002/hyp.10638,10.1002/hyp.10638,The impacts of mountain pine beetle disturbance on the energy balance of snow during the melt period,2015,,chase,chase-citations,1,,,exclude,wrong-concept,
10.14288/1.0220505,10.14288/1.0220505,Spread and impact of an eruptive herbivore in a novel habitat : consequences of climate change-induced range expansion,2015,,chase,chase-citations,1,,,exclude,off-topic,
10.14288/1.0166284,10.14288/1.0166284,Shifting disturbances in a warming environment : the western spruce budworm and Douglas-fir beetle in British Columbia,2015,,chase,chase-citations,1,,,exclude,wrong-population,
10.1016/b978-0-12-417156-5.00008-3,10.1016/B978-0-12-417156-5.00008-3,Chapter 8 Dendroctonus,2015,,chase,chase-citations,2,,,exclude,wrong-population,
remote sensing monitoring and ecological modeling of insect outbreak dynamics in the southern rocky mountains ecoregion,,Remote sensing monitoring and ecological modeling of insect outbreak dynamics in the Southern Rocky Mountains Ecoregion,2015,,chase,chase-citations,3,,,exclude,off-topic,
10.1016/b978-0-12-417156-5.00013-7,10.1016/B978-0-12-417156-5.00013-7,Modeling bark beetle response to climate change,2015,,chase,chase-citations,3,,,exclude,wrong-population,
10.1007/978-94-017-9294-3_7,10.1007/978-94-017-9294-3_7,Potential Effects of Climate Change on Animal-Habitat Interactions,2015,,chase,chase-citations,1,,,exclude,off-topic,
10.1016/b978-0-12-417156-5.00001-0,10.1016/B978-0-12-417156-5.00001-0,Natural History and Ecology of Bark Beetles,2015,,chase,chase-citations,1,,,exclude,wrong-population,
10.1016/j.crm.2014.05.001,10.1016/J.CRM.2014.05.001,Climate risk management for the U.S. cellulosic biofuels supply chain,2014,,chase,chase-citations,1,,,exclude,off-topic,
10.1007/s10980-013-9954-1,10.1007/s10980-013-9954-1,Predictors of bark beetle activity and scale-dependent spatial heterogeneity change during the course of an outbreak in a subalpine forest,2013,Landscape Ecology,chase,chase-citations,2,,,exclude,wrong-population,
the impacts mountain pine beetle on forested snowpacks accumulation and ablation,,The impacts mountain pine beetle on forested snowpacks : accumulation and ablation,2013,,chase,chase-citations,1,,,exclude,wrong-concept,
spatial and temporal dynamics of disturbance interactions along an ecological gradient,,Spatial and temporal dynamics of disturbance interactions along an ecological gradient,2013,,chase,chase-citations,1,,,exclude,off-topic,
10.1016/j.dendro.2012.04.001,10.1016/J.DENDRO.2012.04.001,Evaluating the temperature sensitivity of radial growth patterns from whitebark pine in the western Canadian Cordillera,2013,,chase,chase-citations,1,,,exclude,off-topic,
effects of beetle kill on colorado mountain stream ecosystems,,Effects of beetle kill on Colorado mountain stream ecosystems,2013,,chase,chase-citations,1,,,exclude,wrong-population,
10.14288/1.0075624,10.14288/1.0075624,Climate change effects on eruptive forest insects : a review and synthesis of empirical evidence,2012,,chase,chase-citations,1,,,exclude,off-topic,
modelling the effects of forest disturbances on snow accumulation and ablation in the okanagan,,Modelling the effects of forest disturbances on snow accumulation and ablation in the Okanagan,2012,,chase,chase-citations,1,,,exclude,off-topic,
10.14288/1.0073046,10.14288/1.0073046,Mechanisms regulating ecological responses to resource pulses within cavity-nesting bird communities,2012,,chase,chase-citations,1,,,exclude,off-topic,
mountain pine beetle outbreaks and shifting social preferences for ecosystem services,,Mountain-pine beetle outbreaks and shifting social preferences for ecosystem services,2011,,chase,chase-citations,1,,,exclude,wrong-population,
watershed scale controls on snow distribution in a montane watershed,,Watershed-scale controls on snow distribution in a montane watershed,2011,,chase,chase-citations,1,,,exclude,off-topic,
alternative futures for the upper colorado river ecosystem phase ii,,Alternative Futures for the Upper Colorado River Ecosystem: Phase II,2011,,chase,chase-citations,1,,,exclude,off-topic,
10.2737/pnw-gtr-844,10.2737/PNW-GTR-844,Adapting to climate change at Olympic National Forest and Olympic National Park,2011,,chase,chase-citations,1,,,exclude,off-topic,
disturbances of eu forests caused by biotic agents final report,,Disturbances of EU forests caused by biotic agents - Final Report,2011,,chase,chase-citations,1,,,exclude,off-topic,
characterizing past and current ecosystem disturbances c 1 1 events database,,Characterizing Past and Current Ecosystem Disturbances C . 1 . 1 . Events Database,2010,,chase,chase-citations,1,,,exclude,off-topic,
pest risk analysis organisms or pathways,,Pest risk analysis - organisms or pathways?,2010,,chase,chase-citations,1,,,exclude,off-topic,
climate change gene flow and the legendary synchrony of snowshoe hares,,"Climate change, gene flow, and the legendary synchrony of snowshoe hares",2010,,chase,chase-citations,1,,,exclude,off-topic,
population dynamics of tree killing bark beetles a comparison of the european spruce bark beetle and the north american mountain pine beetle,,Population dynamics of tree-killing bark beetles - a comparison of the European spruce bark beetle and the North American mountain pine beetle,2010,,chase,chase-citations,1,,,include,,
tree improvement programmes for forest health can they keep pace with climate changes,,Tree improvement programmes for forest health - can they keep pace with climate changes?,2009,,chase,chase-citations,1,,,exclude,off-topic,
impact of natural disturbance by wildfire on hydrology water quality and aquatic ecology of rocky mountain watersheds,,"Impact of natural disturbance by wildfire on hydrology, water quality, and aquatic ecology of Rocky Mountain watersheds",2009,,chase,chase-citations,1,,,exclude,off-topic,
10.5558/tfc85105-1,10.5558/TFC85105-1,Climate indices and mountain pine beetle-killing temperatures,2009,,chase,chase-citations,1,,,exclude,wrong-concept,
10.5558/tfc85032-1,10.5558/TFC85032-1,Challenges for the operational detection of mountain pine beetle green attack with remote sensing,2009,,chase,chase-citations,1,,,exclude,wrong-concept,
los programas de mejoramiento de árboles para la salud de los bosques pueden seguir el mismo ritmo de los cambios climáticos,,Los programas de mejoramiento de árboles para la salud de los bosques: ¿pueden seguir el mismo ritmo de los cambios climáticos?,2009,,chase,chase-citations,1,,,exclude,not-english,
are southern pine forests becoming too warm for the southern pine beetle,,Are southern pine forests becoming too warm for the southern pine beetle?,,,chase,chase-citations,1,,,exclude,wrong-population,
interactions among spruce beetle disturbance climate change interactions among spruce beetle disturbance climate change and forest dynamics captured by a forest landscape model and forest dynamics captured by a forest landscape model,,"Interactions among spruce beetle disturbance, climate change Interactions among spruce beetle disturbance, climate change and forest dynamics captured by a forest landscape model and forest dynamics captured by a forest landscape model",,,chase,chase-citations,2,,,exclude,wrong-population,
10.1007/s10980-009-9442-9,10.1007/s10980-009-9442-9,Quantifying and disentangling dispersal in metacommunities: how close have we come? How far is there to go?,2010,Landscape Ecology,chase,chase-references,1,,,exclude,off-topic,
10.1890/08-1903.1,10.1890/08-1903.1,What drives long-distance dispersal? A test of theoretical predictions.,2009,Ecology,chase,chase-references,1,,,exclude,off-topic,
10.1093/jof/106.6.325,10.1093/JOF/106.6.325,US Forest Service Bark Beetle Research in the Western United States: Looking Toward the Future,2008,Journal of Forests,chase,chase-references,1,,,exclude,wrong-population,
10.1641/b580607,10.1641/B580607,Cross-scale Drivers of Natural Disturbances Prone to Anthropogenic Amplification: The Dynamics of Bark Beetle Eruptions,2008,,chase,chase-references,3,,,include,,
10.1111/j.0906-7590.2007.05453.x,10.1111/J.0906-7590.2007.05453.X,Movement of outbreak populations of mountain pine beetle: influences of spatiotemporal patterns and climate,2008,,chase,chase-references,1,,,include,,
10.1038/nature06777,10.1038/nature06777,Mountain pine beetle and forest carbon feedback to climate change,2008,Nature,chase,chase-references,1,,,exclude,wrong-concept,
10.1111/j.2006.0906-7590.04445.x,10.1111/J.2006.0906-7590.04445.X,"Landscape level analysis of mountain pine beetle in British Columbia, Canada: spatiotemporal development and spatial synchrony within the present outbreak",2006,,chase,chase-references,1,aukema2006landscape,aukema2006landscape,include,,yes
10.1016/j.foreco.2005.09.021,10.1016/J.FORECO.2005.09.021,Surveying mountain pine beetle damage of forests: A review of remote sensing opportunities,2006,,chase,chase-references,2,,,exclude,wrong-concept,
10.1146/annurev.ecolsys.34.011802.132516,10.1146/ANNUREV.ECOLSYS.34.011802.132516,Spatial Synchrony in Population Dynamics,2004,,chase,chase-references,1,,,exclude,off-topic,
10.1034/j.1600-0706.2003.12146.x,10.1034/J.1600-0706.2003.12146.X,Methods for estimating long-distance dispersal,2003,,chase,chase-references,1,,,exclude,off-topic,
10.1139/x03-026,10.1139/X03-026,"A tree-ring reconstruction of western spruce budworm outbreaks in the San Juan Mountains, Colorado, U.S.A.",2003,,chase,chase-references,1,,,exclude,off-topic,
10.1890/0012-9658(2000)081[1685:mdsiah]2.0.co;2,10.1890/0012-9658(2000)081[1685:MDSIAH]2.0.CO;2,MODELING DIFFUSIVE SPREAD IN A HETEROGENEOUS POPULATION: A MOVEMENT STUDY WITH STREAM FISH,2000,,chase,chase-references,1,,,exclude,not-english,
10.1006/tpbi.1997.1350,10.1006/TPBI.1997.1350,Model Analysis of Spatial Patterns in Mountain Pine Beetle Outbreaks.,1998,Theoretical Population Biology,chase,chase-references,1,,,include,,
10.1111/j.2517-6161.1968.tb00759.x,10.1111/J.2517-6161.1968.TB00759.X,A Simplified Monte Carlo Significance Test Procedure,1968,,chase,chase-references,1,,,exclude,off-topic,
historical frequency intensity and extent of mountain pine beetle disturbance in british columbia,,"Historical frequency, intensity and extent of mountain pine beetle disturbance in British Columbia.",2010,,chase,chase-citations chase-references,2,,,exclude,wrong-concept,
forest climate and mountain pine beetle outbreak dynamics in western canada,,"Forest, climate and mountain pine beetle outbreak dynamics in Western Canada.",2006,,chase,chase-references,1,,,include,,
effect of climate change on range expansion by the mountain pine beetle in british columbia,,Effect of climate change on range expansion by the mountain pine beetle in British Columbia,2003,,chase,chase-references,1,,,include,,
10.1038/s41598-026-39535-y,10.1038/s41598-026-39535-y,Spatiotemporal infestation patterns of Aceria litchii Keifer (Acari: Eriophyidae) in a lychee orchard in South Florida,2026,Scientific Reports,chase,chase-citations,1,,,exclude,off-topic,
10.1101/2024.06.27.601084,10.1101/2024.06.27.601084,Characterizing the speed and severity of mountain pine beetle spread under climate change with a mechanistic model,2024,bioRxiv,chase,chase-citations,2,brush2024speed,brush2024speed,include,,yes
10.1101/2020.07.23.217448,10.1101/2020.07.23.217448,Ecological memory mitigates negative impacts of disturbance on biomass production in benthic diatom metacommunities,2020,bioRxiv,chase,chase-citations,1,,,exclude,off-topic,
10.1007/s10658-020-02126-2,10.1007/s10658-020-02126-2,The role of conidia in the dispersal of Ascochyta rabiei,2020,European journal of plant pathology,chase,chase-citations,1,,,exclude,off-topic,
10.1093/jee/toy355,10.1093/jee/toy355,Estimating Flight Distance of Platypus koryoensis (Coleoptera: Curculionidae) by Mark–Release–Recapture and Its Validation by Field Observation,2018,Journal of Economic Entomology,chase,chase-citations,2,,,exclude,off-topic,
10.3390/insects9040123,10.3390/insects9040123,The Structure and Phenology of Non-Native Scolytine Beetle Communities in Coffee Plantations on Kauaʻi,2018,Insects,chase,chase-citations,1,,,exclude,wrong-population,
10.1080/15481603.2018.1458463,10.1080/15481603.2018.1458463,Synthetic RapidEye data used for the detection of area-based spruce tree mortality induced by bark beetles,2018,,chase,chase-citations,1,,,exclude,wrong-population,
10.1038/s41467-017-01761-4,10.1038/s41467-017-01761-4,Rapid neo-sex chromosome evolution and incipient speciation in a major forest pest,2017,Nature Communications,chase,chase-citations,1,,,exclude,off-topic,
10.3390/f8110411,10.3390/F8110411,Dispersal Patterns of Pine Wilt Disease in the Early Stage of Its Invasion in South Korea,2017,,chase,chase-citations,1,,,exclude,off-topic,
10.1038/srep30370,10.1038/srep30370,Drying soil in North China drove the outbreak range expansion of meadow moth by facilitating long-distance migration,2016,Scientific Reports,chase,chase-citations,1,,,exclude,off-topic,
beetles fungi and trees a story for the ages modeling and projecting the multipartite symbiosis between the mountain pine beetle dendroctonus ponderosae and its fungal symbionts grosmannia clavigera and ophiostoma montium,,"Beetles, fungi and trees: A story for the ages? Modeling and projecting the multipartite symbiosis between the mountain pine beetle, Dendroctonus ponderosae, and its fungal symbionts, Grosmannia clavigera and Ophiostoma montium",2014,,chase,chase-citations,1,,,exclude,wrong-concept,
an examination of background tree mortality and mountain pine beetle disturbance in subalpine forests of the front range of colorado usa,,"An Examination of Background Tree Mortality and Mountain Pine Beetle Disturbance in Subalpine Forests of the Front Range of Colorado, USA",2012,,chase,chase-citations,1,,,exclude,wrong-concept,
10.1038/s41598-024-57590-1,10.1038/s41598-024-57590-1,Predicting the dispersal and invasion dynamics of ambrosia beetles through demographic reconstruction and process-explicit modeling,2024,Scientific Reports,chase,chase-citations,1,,,exclude,wrong-population,
10.1093/jofore/fvac021,10.1093/jofore/fvac021,Trends in Bark Beetle Impacts in North America During a Period (2000–2020) of Rapid Environmental Change,2022,Journal of Forests,chase,chase-citations,2,,,exclude,wrong-population,
10.1016/j.foreco.2022.120183,10.1016/j.foreco.2022.120183,Phloem and defence traits in relation to tree size and age: Implications for host selection by bark beetles,2022,Forest Ecology and Management,chase,chase-citations,2,,,exclude,wrong-population,
10.1093/forsci/fxac006,10.1093/forsci/fxac006,"Douglas-fir Tree Mortality Caused by the Douglas-fir Beetle in Thinned and Unthinned Stands in Montana, USA",2022,Forestry sciences,chase,chase-citations,2,,,exclude,wrong-population,
10.1186/s13021-020-00159-y,10.1186/s13021-020-00159-y,Responses of forest carbon and water coupling to thinning treatments from leaf to stand scales in a young montane pine forest,2020,Carbon Balance and Management,chase,chase-citations,1,,,exclude,off-topic,
10.1111/afe.12407,10.1111/afe.12407,"Effect of temperature on fecundity, development, and emergence of the invasive ambrosia beetle Euwallacea kuroshio (Coleoptera: Scolytinae)",2020,,chase,chase-citations,1,,,exclude,wrong-population,
10.14214/df.300,10.14214/df.300,Insect and storm disturbance in boreal forests — predisposing site factors and impacts on ecosystem carbon,2020,,chase,chase-citations,1,,,exclude,off-topic,
10.1002/ecs2.3236,10.1002/ecs2.3236,Neighborhood context mediates probability of host tree mortality in a severe bark beetle outbreak,2020,Ecosphere,chase,chase-citations,3,,,exclude,wrong-population,
10.1111/afe.12392,10.1111/afe.12392,Efficacy of verbenone and a blend of verbenone and nonhost volatiles for protecting lodgepole pine from mountain pine beetle (Coleoptera: Curculionidae),2020,Agricultural and Forest Entomology,chase,chase-citations,1,,,exclude,wrong-concept,
10.1016/j.foreco.2018.06.012,10.1016/J.FORECO.2018.06.012,"Delayed tree mortality, bark beetle activity, and regeneration dynamics five years following the Wallow Fire, Arizona, USA: Assessing trajectories towards resiliency",2018,Forest Ecology and Management,chase,chase-citations,2,,,exclude,wrong-population,
10.3390/f9100648,10.3390/F9100648,Managing Wildfire for Whitebark Pine Ecosystem Restoration in western North America,2018,Forests,chase,chase-citations,1,,,exclude,off-topic,
10.1007/s10342-018-1133-0,10.1007/s10342-018-1133-0,Modelling the predisposition of Norway spruce to Ips typographus L. infestation by means of environmental factors in southern Finland,2018,European Journal of Forest Research,chase,chase-citations,2,,,exclude,wrong-population,
10.1016/j.foreco.2018.03.042,10.1016/J.FORECO.2018.03.042,Influence of seasonal temperature on tree-ring δ13C in different-aged temperate pine forests,2018,Forest Ecology and Management,chase,chase-citations,1,,,exclude,off-topic,
10.1007/s10530-018-1725-0,10.1007/s10530-018-1725-0,Probability of emerald ash borer impact for Canadian cities and North America: a mechanistic model,2018,Biological Invasions,chase,chase-citations,1,,,exclude,off-topic,
responses of forest carbon and water coupling to thinning treatments at both the leaf and individual tree levels in a 16 year old natural pinus contorta stand,,Responses of forest carbon and water coupling to thinning treatments at both the leaf and individual tree levels in a 16-year-old natural Pinus Contorta stand,2017,,chase,chase-citations,1,,,exclude,off-topic,
10.1016/j.foreco.2017.05.014,10.1016/J.FORECO.2017.05.014,The influence of forest management systems on the abundance and diversity of bark beetles (Coleoptera: Curculionidae: Scolytinae) in commercial plantations of Sitka spruce,2017,,chase,chase-citations,1,,,exclude,wrong-population,
10.1080/02827581.2015.1054872,10.1080/02827581.2015.1054872,Weak response of bryophyte assemblages to second commercial thinning in boreal spruce forest of south-central Sweden,2016,,chase,chase-citations,1,,,exclude,off-topic,
10.1016/b978-0-12-822145-7.00006-4,10.1016/b978-0-12-822145-7.00006-4,Management tactics to reduce bark beetle impacts in North America and Europe under altered forest and climatic conditions,2022,"Bark Beetle Management, Ecology, and Climate Change",chase,chase-citations,2,,,exclude,wrong-population,
5 5 2 a basis for understanding stress effects,,-5- 5.2 a Basis for Understanding Stress Effects,,,chase,chase-citations,1,,,exclude,not-research,
10.3389/finsc.2026.1939049,10.3389/finsc.2026.1939049,"Semiochemical inhibitors for protecting conifers from bark beetles (Coleoptera: Curculionidae) in the Western United States: research, development, and application",2026,Frontiers in Insect Science,chase,chase-citations,1,,,exclude,wrong-population,
10.1007/s10886-026-01753-z,10.1007/s10886-026-01753-z,In Situ Measurement of Airborne Pheromone Concentrations and Their Relationship With Dispenser Release Rates for Improving Mating Disruption,2026,Journal of Chemical Ecology,chase,chase-citations,1,,,exclude,off-topic,
10.1656/045.033.0102,10.1656/045.033.0102,Assessing the Threat of Southern Pine Beetle to Pitch Pine in Acadia National Park,2026,Northeastern Naturalist,chase,chase-citations,1,,,exclude,wrong-population,
10.1242/jeb.250945,10.1242/jeb.250945,Odor tracking in insects: a multisensory behavior.,2026,Journal of Experimental Biology,chase,chase-citations,1,,,exclude,off-topic,
10.1007/s10886-025-01656-5,10.1007/s10886-025-01656-5,Comparison of Methods for Assessing the Active Space of Spruce Budworm and Spongy Moth Pheromone-Baited Traps,2025,Journal of Chemical Ecology,chase,chase-citations,1,,,exclude,off-topic,
10.1016/j.anbehav.2025.123124,10.1016/j.anbehav.2025.123124,Nest location and pheromone concentrations interact to influence female nest choice in sea lamprey,2025,Animal Behaviour,chase,chase-citations,1,,,exclude,off-topic,
10.1111/afe.12682,10.1111/afe.12682,Influence of natal host on southern pine beetle host acceptance,2025,Agricultural and Forest Entomology,chase,chase-citations,1,,,exclude,wrong-population,
10.1016/j.foreco.2024.121856,10.1016/j.foreco.2024.121856,Verbenone (SPLAT® Verb) delays Ips typographus (L.) infestation and reduces infestation risk and severity in windthrown Norway spruce in Southwest Germany,2024,Forest Ecology and Management,chase,chase-citations,1,,,exclude,wrong-population,
10.1007/s00359-022-01611-9,10.1007/s00359-022-01611-9,Olfactory navigation in arthropods,2023,Journal of Comparative Physiology,chase,chase-citations,1,,,exclude,off-topic,
10.1093/jipm/pmad020,10.1093/jipm/pmad020,Evaluating a decade (2011–2020) of integrated forest pest management in the United States,2023,Journal of Integrated Pest Management,chase,chase-citations,1,,,exclude,off-topic,
10.1007/s40725-022-00170-1,10.1007/s40725-022-00170-1,Fire and Insect Interactions in North American Forests,2022,Current Forestry Reports,chase,chase-citations,1,,,exclude,off-topic,
10.1111/afe.12506,10.1111/afe.12506,Informing adaptive forest management: A hazard rating tool for southern pine beetle Dendroctonus frontalis in pitch pine barrens,2022,Agricultural and Forest Entomology,chase,chase-citations,1,,,exclude,wrong-population,
10.1111/1748-5967.12569,10.1111/1748-5967.12569,"Evaluation of sex attractants for monitoring of Illiberis ulmivora Graeser (Lepidoptera: Zygaenidae: Procridinae): Height, distance, placement, climatic conditions",2022,Entomological Research,chase,chase-citations,1,,,exclude,off-topic,
10.1111/1365-2745.13830,10.1111/1365-2745.13830,"Fire, insect and disease‐caused tree mortalities increased in forests of greater structural diversity during drought",2021,Journal of Ecology,chase,chase-citations,1,,,exclude,off-topic,
10.3390/f12091248,10.3390/f12091248,Forest Resistance to Extended Drought Enhanced by Prescribed Fire in Low Elevation Forests of the Sierra Nevada,2021,Forests,chase,chase-citations,1,,,exclude,off-topic,
10.1016/j.foreco.2020.118595,10.1016/J.FORECO.2020.118595,Variable thinning and prescribed fire influence tree mortality and growth during and after a severe drought,2021,Forest Ecology and Management,chase,chase-citations,1,,,exclude,off-topic,
10.20944/preprints202007.0357.v1,10.20944/preprints202007.0357.v1,Neuroscience Needs Ethology: The Marked Example of the Moth Pheromone System,2020,,chase,chase-citations,1,,,exclude,off-topic,
10.1093/forsci/fxz054,10.1093/forsci/fxz054,Abiotic and Biotic Factors Affecting Loblolly Pine Health in the Southeastern United States,2020,Forestry sciences,chase,chase-citations,1,,,exclude,off-topic,
10.1007/s10818-019-09289-x,10.1007/s10818-019-09289-x,A bioeconomic model for estimating potential economic damages from a hypothetical Asian beetle introduced via future trade with Cuba,2020,Journal of Bioeconomics,chase,chase-citations,2,,,exclude,wrong-population,
10.1007/s10340-020-01204-y,10.1007/s10340-020-01204-y,Impact of intercept trap type on plume structure: a potential mechanism for differential performance of intercept trap designs for Monochamus species,2020,Journal of Pest Science,chase,chase-citations,1,,,exclude,off-topic,
10.1038/s41467-020-20455-y,10.1038/s41467-020-20455-y,Cross-scale interaction of host tree size and climatic water deficit governs bark beetle-induced tree mortality,2019,Nature Communications,chase,chase-citations,1,,,exclude,wrong-population,
10.3389/fphys.2019.01428,10.3389/fphys.2019.01428,Odor Stimuli: Not Just Chemical Identity,2019,Frontiers in Physiology,chase,chase-citations,1,,,exclude,off-topic,
10.1016/j.scitotenv.2019.07.211,10.1016/j.scitotenv.2019.07.211,Spatial characteristics of volatile communication in lodgepole pine trees: Evidence of kin recognition and intra-species support.,2019,Science of the Total Environment,chase,chase-citations,1,,,exclude,off-topic,
10.1002/eap.1902,10.1002/eap.1902,"Forest structure and climate mediate drought-induced tree mortality in forests of the Sierra Nevada, USA.",2019,Ecological Applications,chase,chase-citations,1,,,exclude,off-topic,
10.1016/j.foreco.2018.12.015,10.1016/J.FORECO.2018.12.015,Northward expansion of southern pine beetle generates significant alterations to forest structure and composition of globally rare Pinus rigida forests,2019,Forest Ecology and Management,chase,chase-citations,1,,,exclude,wrong-population,
10.1016/j.foreco.2018.09.006,10.1016/J.FORECO.2018.09.006,"Tree mortality following drought in the central and southern Sierra Nevada, California, U.S.",2019,Forest Ecology and Management,chase,chase-citations,1,,,exclude,off-topic,
10.1111/afe.12300,10.1111/afe.12300,The influence of tree species and edge effects on pheromone trap catches of oak processionary moth Thaumetopoea processionea (L.) in the U.K.,2018,Agricultural and Forest Entomology,chase,chase-citations,1,,,exclude,off-topic,
10.1093/jofore/fvx009,10.1093/JOFORE/FVX009,Expansion of Southern Pine Beetle into Northeastern Forests: Management and Impact of a Primary Bark Beetle in a New Region,2018,,chase,chase-citations,1,,,exclude,wrong-population,
10.1146/annurev-ento-020117-043339,10.1146/annurev-ento-020117-043339,Management of Western North American Bark Beetles with Semiochemicals.,2018,Annual Review of Entomology,chase,chase-citations,1,,,exclude,wrong-population,
10.1371/journal.pcbi.1005551,10.1371/journal.pcbi.1005551,Olfactory learning without the mushroom bodies: Spiking neural network models of the honeybee lateral antennal lobe tract reveal its capacities in odour memory tasks of varied complexities,2017,PLoS Comput. Biol.,chase,chase-citations,1,,,exclude,off-topic,
10.5849/jof.15-002,10.5849/JOF.15-002,"Southern pine beetle infestations in relation to forest stand conditions, previous thinning, and prescribed burning: evaluation of the Southern Pine Beetle Prevention Program",2015,,chase,chase-citations,1,,,exclude,wrong-population,
10.1093/jee/tou038,10.1093/jee/tou038,A Novel Semiochemical Tool for Protecting Pinus contorta from Mortality Attributed to Dendroctonus ponderosae (Coleoptera: Curculionidae),2015,Journal of Economic Entomology,chase,chase-citations,1,,,exclude,wrong-concept,
10.1016/j.foreco.2014.08.028,10.1016/J.FORECO.2014.08.028,Are density reduction treatments effective at managing for resistance or resilience to spruce beetle disturbance in the southern Rocky Mountains,2014,,chase,chase-citations,1,,,exclude,wrong-population,
10.1201/b17407-19,10.1201/B17407-19,Use of repellents formulated in Specialized Pheromone and Lure Application Technology (SPLAT®) for effective insect pest management,2014,,chase,chase-citations,1,,,exclude,off-topic,
10.5849/forsci.13-017,10.5849/FORSCI.13-017,"Interactions among the Mountain Pine Beetle, Fires, and Fuels",2014,,chase,chase-citations,2,,,exclude,wrong-concept,
10.5849/forsci.13-010,10.5849/FORSCI.13-010,Applied Chemical Ecology of the Mountain Pine Beetle,2014,,chase,chase-citations,2,,,exclude,wrong-concept,
10.1016/j.foreco.2014.01.047,10.1016/J.FORECO.2014.01.047,"Tree mortality after synchronized forest insect outbreaks: Effects of tree species, bole diameter, and cutting history",2014,,chase,chase-citations,2,,,exclude,off-topic,
10.3390/f5010103,10.3390/F5010103,Management for Mountain Pine Beetle Outbreak Suppression: Does Relevant Science Support Current Policy?,2014,,chase,chase-citations,2,,,include,,
10.1371/journal.pone.0198422,10.1371/journal.pone.0198422,Moth-inspired navigation algorithm in a turbulent odor plume from a pulsating source,2013,PLoS ONE,chase,chase-citations,1,,,exclude,off-topic,
10.1007/s10886-013-0341-9,10.1007/s10886-013-0341-9,The Plume Also Rises: Trajectories of Pheromone Plumes Issuing from Point Sources in an Orchard Canopy at Night,2013,Journal of Chemical Ecology,chase,chase-citations,1,,,exclude,off-topic,
olfactory mechanisms of host selection in phytophagous insects,,Olfactory mechanisms of host selection in phytophagous insects,2013,,chase,chase-citations,1,,,exclude,off-topic,
10.2737/psw-gtr-237,10.2737/psw-gtr-237,Managing Sierra Nevada Forests,2013,,chase,chase-citations,1,,,exclude,off-topic,
10.1117/12.665842,10.1117/12.665842,Bio-inspired odor-based navigation,2012,SPIE Defense + Commercial Sensing,chase,chase-citations,1,,,exclude,off-topic,
10.1371/journal.pone.0043767,10.1371/journal.pone.0043767,Aerial Application of Pheromones for Mating Disruption of an Invasive Moth as a Potential Eradication Tool,2012,PLoS ONE,chase,chase-citations,1,,,exclude,off-topic,
10.1603/ec11282,10.1603/EC11282,Predicting Dendroctonus pseudotsugae (Coleoptera: Curculionidae) Antiaggregation Pheromone Concentrations using an Instantaneous Puff Dispersion Model,2012,Journal of Economic Entomology,chase,chase-citations,1,,,exclude,wrong-population,
10.1002/qj.881,10.1002/qj.881,The use of cyclic perfluoroalkanes and SF6 in atmospheric dispersion experiments,2011,,chase,chase-citations,1,,,exclude,off-topic,
10.3389/fneng.2011.00017,10.3389/fneng.2011.00017,Parallel Representation of Stimulus Identity and Intensity in a Dual Pathway Model Inspired by the Olfactory System of the Honeybee,2011,Frontiers in Neuroengineering,chase,chase-citations,1,,,exclude,off-topic,
10.1016/j.foreco.2011.05.001,10.1016/J.FORECO.2011.05.001,Yellow pine regeneration as a function of fire severity and post-burn stand structure in the southern Appalachian Mountains,2011,,chase,chase-citations,1,,,exclude,off-topic,
10.1603/ec10358,10.1603/EC10358,Effects of Habitat Type and Trap Placement on Captures of Bark (Coleoptera: Scolytidae) and Longhorned (Coleoptera: Cerambycidae) Beetles in Semiochemical-Baited Traps,2011,Journal of Economic Entomology,chase,chase-citations,1,,,exclude,wrong-population,
a tracer investigation of pheromone dispersion in lodgepole and ponderosa pine forest canopies,,A Tracer Investigation of Pheromone Dispersion in Lodgepole and Ponderosa Pine Forest Canopies,2010,,chase,chase-citations,1,,,include,,
plume dispersion in four pine thinning scenarios development of a simple pheromone dispersion model,,Plume Dispersion in Four Pine Thinning Scenarios: Development of a Simple Pheromone Dispersion Model,2010,,chase,chase-citations,1,,,include,,
10.1603/ec10082,10.1603/EC10082,Impacts of Silvicultural Thinning Treatments on Beetle Trap Captures and Tree Attacks During Low Bark Beetle Populations in Ponderosa Pine Forests of Northern Arizona,2010,Journal of Economic Entomology,chase,chase-citations,1,,,exclude,wrong-population,
10.1175/2010jamc2339.1,10.1175/2010JAMC2339.1,A Simple Model to Predict Scalar Dispersion within a Successively Thinned Loblolly Pine Canopy,2010,,chase,chase-citations,1,,,include,,
10.1007/s10886-009-9724-3,10.1007/s10886-009-9724-3,Application of Semiochemicals to Assess the Biodiversity of Subcortical Insects following an Ecosystem Disturbance in a Sub-boreal Forest,2009,Journal of Chemical Ecology,chase,chase-citations,1,,,exclude,off-topic,
10.1603/029.102.0621,10.1603/029.102.0621,Evaluation of Multiple Funnel Traps and Stand Characteristics for Estimating Western Pine Beetle-Caused Tree Mortality,2009,Journal of Economic Entomology,chase,chase-citations,1,,,exclude,wrong-population,
10.1603/029.102.0515,10.1603/029.102.0515,Efficacy of Verbenone for Protecting Ponderosa Pine Stands from Western Pine Beetle (Coleoptera: Curculionidae: Scolytinae) Attack in California,2009,Journal of Economic Entomology,chase,chase-citations,1,,,exclude,wrong-population,
10.1016/j.ecolmodel.2008.11.018,10.1016/J.ECOLMODEL.2008.11.018,A simple model for simulation of insect pheromone dispersion within forest canopies,2009,,chase,chase-citations,1,,,include,,
10.1890/07-1751.1,10.1890/07-1751.1,"Delayed conifer mortality after fuel reduction treatments: interactive effects of fuel, fire intensity, and bark beetles.",2009,Ecological Applications,chase,chase-citations,1,,,exclude,wrong-population,
10.1093/jof/106.5.261,10.1093/JOF/106.5.261,The Southern Pine Beetle Prevention Initiative: Working for Healthier Forests,2008,Journal of Forests,chase,chase-citations,1,,,exclude,wrong-population,
10.1007/s10886-008-9490-7,10.1007/s10886-008-9490-7,Physical Processes and Real-Time Chemical Measurement of the Insect Olfactory Environment,2008,Journal of Chemical Ecology,chase,chase-citations,1,,,exclude,off-topic,
10.1080/10549810701879727,10.1080/10549810701879727,Insect Herbivore Responses to Management Practices in Conifer Forests in North America,2008,,chase,chase-citations,1,,,exclude,off-topic,
10.1016/j.foreco.2008.01.075,10.1016/J.FORECO.2008.01.075,"Forest management treatments, tree resistance, and bark beetle resource utilization in ponderosa pine forests of northern Arizona",2008,,chase,chase-citations,1,,,exclude,wrong-population,
10.1139/x07-243,10.1139/X07-243,Blacks Mountain Experimental Forest : bark beetle responses to differences in forest structure and the application of prescribed fire in interior ponderosa pine,2008,,chase,chase-citations,2,,,exclude,wrong-population,
10.1139/x07-066,10.1139/X07-066,Why does longleaf pine have low susceptibility to southern pine beetle,2007,,chase,chase-citations,1,,,exclude,wrong-population,
10.1139/x07-008,10.1139/X07-008,"Differential impacts of the southern pine beetle, Dendroctonus frontalis, on Pinus palustris and Pinus taeda",2007,,chase,chase-citations,1,,,exclude,wrong-population,
10.1111/j.1461-0248.2007.01043.x,10.1111/J.1461-0248.2007.01043.X,Within-plant signalling via volatiles overcomes vascular constraints on systemic signalling and primes responses against herbivores.,2007,Ecology Letters,chase,chase-citations,1,,,exclude,off-topic,
10.1016/j.foreco.2007.01.042,10.1016/J.FORECO.2007.01.042,"Distribution of a bark beetle, Trypodendron lineatum, in a harvested landscape",2007,,chase,chase-citations,1,,,exclude,wrong-population,
10.1016/j.foreco.2006.10.011,10.1016/J.FORECO.2006.10.011,The effectiveness of vegetation management practices for prevention and control of bark beetle infestations in coniferous forests of the western and southern United States,2007,,chase,chase-citations,2,,,include,,
10.1111/j.1365-2745.2006.01120.x,10.1111/j.1365-2745.2006.01120.x,Herbivore‐induced plant volatiles induce an indirect defence in neighbouring plants,2006,,chase,chase-citations,1,,,exclude,off-topic,
10.1603/0046-225x-35.1.37,10.1603/0046-225X-35.1.37,Seasonality and Lure Preference of Bark Beetles (Curculionidae: Scolytinae) and Associates in a Northern Arizona Ponderosa Pine Forest,2006,,chase,chase-citations,1,,,exclude,wrong-population,
10.1016/j.foreco.2005.08.023,10.1016/J.FORECO.2005.08.023,Long-term impacts of stand management on ponderosa pine physiology and bark beetle abundance in northern Arizona: A replicated landscape study,2005,,chase,chase-citations,1,,,exclude,wrong-population,
10.1016/j.foreco.2004.05.031,10.1016/J.FORECO.2004.05.031,A library of forest canopy structure for use in interception modeling,2004,,chase,chase-citations,1,,,exclude,off-topic,
10.1016/j.foreco.2026.124089,10.1016/j.foreco.2026.124089,Short-term resilience of longleaf (Pinus palustris Mill.) pine forests to subcortical beetles after a catastrophic hurricane,2026,Forest Ecology and Management,chase,chase-citations,1,,,exclude,wrong-population,
southern pine beetle damage and consequences in forests of the mid atlantic region usa,,"Southern pine beetle: damage and consequences in forests of the mid-Atlantic region, USA",2020,,chase,chase-citations,1,,,exclude,wrong-population,
10.1007/978-981-15-0690-1_7,10.1007/978-981-15-0690-1_7,Mode of Communication Between Plants During Environmental Stress,2019,"Energy, Environment, and Sustainability",chase,chase-citations,1,,,exclude,off-topic,
10.19103/as.2019.0057.19,10.19103/as.2019.0057.19,Advances in understanding and managing insect pests of forest trees,2019,,chase,chase-citations,1,,,exclude,off-topic,
evaluating the impacts of southern pine beetle on pitch pine forest dynamics in a newly invaded region,,Evaluating The Impacts Of Southern Pine Beetle On Pitch Pine Forest Dynamics In A Newly Invaded Region,2018,,chase,chase-citations,1,,,exclude,wrong-population,
10.1007/978-3-319-21527-3_4,10.1007/978-3-319-21527-3_4,"Southern pine beetles in central hardwood forests: frequency, spatial extent, and changes to forest structure",2016,,chase,chase-citations,1,,,exclude,wrong-population,
10.1016/b978-0-12-417156-5.00014-9,10.1016/B978-0-12-417156-5.00014-9,Management Strategies for Bark Beetles in Conifer Forests,2015,,chase,chase-citations,1,,,exclude,wrong-population,
impact of forest restoration treatments on southwestern ponderosa pine tree resistance to bark beetles march 2014,,Impact of Forest Restoration Treatments on Southwestern Ponderosa Pine Tree Resistance to Bark Beetles March 2014,2014,,chase,chase-citations,1,,,exclude,wrong-population,
forest health and bark beetles,,Forest health and bark beetles,2012,,chase,chase-citations,1,,,exclude,wrong-population,
chapter 2 forest health and bark beetles,,Chapter 2: Forest health and bark beetles,2012,,chase,chase-citations,1,,,exclude,wrong-population,
olfaction in the spruce bark beetle ips typographus,,"Olfaction in the Spruce Bark Beetle, Ips typographus",2011,,chase,chase-citations,1,,,exclude,wrong-population,
southern pine beetle ecology populations within stands,,Southern Pine Beetle Ecology: Populations within Stands,2011,,chase,chase-citations,1,,,exclude,wrong-population,
evaluation of semiochemical strategies for the protection of whitebark pine stands against mountain pine beetle attack within the greater yellowstone ecosystem,,Evaluation of Semiochemical Strategies for the Protection of Whitebark Pine Stands Against Mountain Pine Beetle Attack Within the Greater Yellowstone Ecosystem,2010,,chase,chase-citations,2,,,exclude,wrong-concept,
documentation and user guides for spblob a computer simulation model of the join population dynamics for loblolly pine and the southern pine beetle,,Documentation and user guides for SPBLOB: a computer simulation model of the join population dynamics for loblolly pine and the southern pine beetle,2009,,chase,chase-citations,1,,,exclude,wrong-population,
10.13031/2013.29128,10.13031/2013.29128,Deposition of aerially applied spray to a stream within a vegetative barrier,2009,,chase,chase-citations,1,,,exclude,off-topic,
a numerical study of turbulence dispersion and chemistry within and above forest canopies,,"A numerical study of turbulence, dispersion, and chemistry within and above forest canopies",2009,,chase,chase-citations,1,,,include,,
managing forest ecosystems,,Managing forest ecosystems,2008,,chase,chase-citations,1,,,exclude,off-topic,
a review of the use of mating disruption to manage gypsy moth lymantria dispar l,,"A REVIEW OF THE USE OF MATING DISRUPTION TO MANAGE GYPSY MOTH, LYMANTRIA DISPAR (L.)",2006,,chase,chase-citations,1,,,exclude,not-english,
a numerical study of near field dispersion within and above a forest canopy,,A numerical study of near-field dispersion within and above a forest canopy,2005,,chase,chase-citations,1,,,include,,
the influence of stand thinning on surrogate pheromone plumes,,The Influence of Stand Thinning on Surrogate Pheromone Plumes,2005,,chase,chase-citations,1,,,include,,
10.1016/j.jenvman.2024.123654,10.1016/j.jenvman.2024.123654,A spatial triage of at-risk conifer forests to support seed collection efforts and sustainable forestry.,2024,Journal of Environmental Management,chase,chase-citations,1,,,exclude,off-topic,
10.3390/f14122361,10.3390/f14122361,Climate Change-Driven Cumulative Mountain Pine Beetle-Caused Whitebark Pine Mortality in the Greater Yellowstone Ecosystem,2023,Forests,chase,chase-citations,1,,,exclude,wrong-concept,
10.1016/j.foreco.2020.118270,10.1016/j.foreco.2020.118270,Reconstructing historical outbreaks of mountain pine beetle in lodgepole pine forests in the Colorado Front Range,2020,,chase,chase-citations,2,,,exclude,wrong-concept,
10.1111/nph.16361,10.1111/nph.16361,"Ray fractions and carbohydrate dynamics of tree species along a 2,750 m elevation gradient indicate climate response, not spatial storage limitation.",2019,New Phytologist,chase,chase-citations,1,,,exclude,off-topic,
10.1093/ee/nvz116,10.1093/ee/nvz116,Cold Tolerance of Mountain Pine Beetle (Coleoptera: Curculionidae) Pupae,2019,Environmental Entomology,chase,chase-citations,1,,,exclude,wrong-concept,
10.1371/journal.pone.0227203,10.1371/journal.pone.0227203,Autumn shifts in cold tolerance metabolites in overwintering adult mountain pine beetles,2019,bioRxiv,chase,chase-citations,1,,,exclude,wrong-concept,
10.1093/jofore/fvy032,10.1093/jofore/fvy032,Mountain Pine Beetle in Colorado: A Story of Changing Forests,2018,Journal of Forests,chase,chase-citations,1,,,exclude,wrong-concept,
10.1007/s13762-018-1955-9,10.1007/s13762-018-1955-9,The role of charcoal disease and wood borers on Quercus brantii Lindl. decline under different physiographical conditions,2018,International Journal of Environmental Science and Technology,chase,chase-citations,1,,,exclude,off-topic,
10.1093/ee/nvx192,10.1093/ee/nvx192,Evidence for a Prepupal Diapause in the Mountain Pine Beetle (Dendroctonus ponderosae),2017,Environmental Entomology,chase,chase-citations,1,,,exclude,wrong-concept,
10.18779/cyt.v10i2.162,10.18779/CYT.V10I2.162,Ataque de Coptoborus ochromactonus (Coleoptera: Curculionidae: Scolytinae) en plantaciones de Ochroma pyramidale (Cav. ex Lam.),2017,,chase,chase-citations,1,,,exclude,not-english,
10.5962/bhl.title.80921,10.5962/bhl.title.80921,Montana's Forest Resources,2017,,chase,chase-citations,1,,,exclude,off-topic,
10.1016/j.foreco.2017.06.034,10.1016/J.FORECO.2017.06.034,Mountain pine beetle host selection behavior confirms high resistance in Great Basin bristlecone pine,2017,,chase,chase-citations,1,,,exclude,wrong-concept,
10.1016/j.foreco.2017.05.031,10.1016/J.FORECO.2017.05.031,Cold tolerance of mountain pine beetle among novel eastern pines: A potential for trade-offs in an invaded range?,2017,,chase,chase-citations,1,,,exclude,wrong-concept,
10.1111/phen.12200,10.1111/phen.12200,Diapause and overwintering of two spruce bark beetle species,2017,Physiological entomology (Print),chase,chase-citations,1,,,exclude,wrong-population,
10.5849/jof.15-057,10.5849/JOF.15-057,Assessing the impact of a mountain pine beetle infestation on stand structure of lodgepole pine forests in Colorado using the Forest Inventory and Analysis Annual forest inventory,2017,,chase,chase-citations,1,,,exclude,wrong-concept,
10.1093/ee/nvw138,10.1093/ee/nvw138,Sapwood Stored Resources Decline in Whitebark and Lodgepole Pines Attacked by Mountain Pine Beetles (Coleoptera: Curculionidae),2016,Environmental Entomology,chase,chase-citations,1,,,exclude,wrong-concept,
investigation on important causes of beetle attack to amygdalus scoparia trees in central zagros bagh shadi harat yazd,,"Investigation on Important Causes of Beetle Attack to Amygdalus scoparia Trees in Central Zagros Bagh-shadi, Harat, Yazd",2016,,chase,chase-citations,2,,,exclude,wrong-population,
10.5849/forsci.14-052,10.5849/FORSCI.14-052,Verbenone Decreases Whitebark Pine Mortality Throughout a Mountain Pine Beetle Outbreak,2015,,chase,chase-citations,1,,,exclude,wrong-concept,
10.5849/forsci.14-014,10.5849/FORSCI.14-014,"A Comparison of Mountain Pine Beetle (Coleoptera: Curculionidae, Scolytinae) Productivity and Survival in Lodgepole and Whitebark Pine after a Region-Wide Cold Weather Event",2015,,chase,chase-citations,1,,,exclude,wrong-concept,
10.2737/rmrs-rb-14,10.2737/rmrs-rb-14,"Idaho's Forest Resources,2004-2009",2015,,chase,chase-citations,1,,,exclude,off-topic,
10.2737/rmrs-rb-15,10.2737/rmrs-rb-15,"Montana's Forest Resources, 2003-2009",2015,,chase,chase-citations,1,,,exclude,off-topic,
10.1007/s10841-014-9750-5,10.1007/s10841-014-9750-5,What is happening after an abiotic disturbance? Response of saproxylic beetles in the Primorsky Region woodlands (Far Eastern Russia),2015,Journal of Insect Conservation,chase,chase-citations,1,,,exclude,wrong-population,
10.1086/678405,10.1086/678405,Mountain Pine Beetle Seasonal Timing and Constraints to Bivoltinism,2014,American Naturalist,chase,chase-citations,1,,,exclude,wrong-concept,
10.5849/forsci.13-056,10.5849/FORSCI.13-056,Mountain Pine Beetle Voltinism and Life History Characteristics across Latitudinal and Elevational Gradients in the Western United States,2014,,chase,chase-citations,2,,,include,,
seasonal flight pattern of the western balsam bark beetle dryocoetes confusus swaine coleoptera curculioniae in central british columbia,,"Seasonal flight pattern of the western balsam bark beetle, Dryocoetes confusus Swaine (Coleoptera: Curculioniae), in Central British Columbia",2014,,chase,chase-citations,1,,,exclude,wrong-population,
10.1111/een.12108,10.1111/een.12108,Developmental mortality increases sex-ratio bias of a size-dimorphic bark beetle,2014,Ecological Entomology,chase,chase-citations,1,,,exclude,wrong-population,
10.14288/1.0075587,10.14288/1.0075587,A review of the effects of climate and weather on mountain pine beetle population dynamics and impacts of climate change on range expansion in Canada,2014,,chase,chase-citations,1,,,include,,
10.1603/an12133,10.1603/AN12133,"Contrasting Geographic Patterns of Genetic Differentiation in Body Size and Development Time with Reproductive Isolation in Dendroctonus ponderosae (Coleoptera: Curculionidae, Scolytinae)",2013,,chase,chase-citations,1,,,exclude,wrong-concept,
10.1016/j.foreco.2012.10.020,10.1016/J.FORECO.2012.10.020,Low-Severity Fires Increase Susceptibility of Lodgepole Pine to Mountain Pine Beetle Outbreaks in Colorado,2013,,chase,chase-citations,1,,,exclude,wrong-concept,
10.4039/tce.2012.102,10.4039/tce.2012.102,"Preemergence mating in the mass-attacking bark beetle, Dendroctonus ponderosae (Coleoptera: Curculionidae)",2013,Canadian Entomologist,chase,chase-citations,1,,,exclude,wrong-concept,
10.1016/j.ibmb.2012.03.010,10.1016/j.ibmb.2012.03.010,"Transcriptome and full-length cDNA resources for the mountain pine beetle, Dendroctonus ponderosae Hopkins, a major insect pest of pine forests.",2012,Insect Biochemistry and Molecular Biology,chase,chase-citations,1,,,exclude,wrong-concept,
10.7939/r3q98h,10.7939/R3Q98H,Interactions between the mountain pine beetle (Dendroctonus ponderosae Hopkins) and whitebark pine (Pinus albicaulis Engelmann),2012,,chase,chase-citations,1,,,exclude,wrong-concept,
mountain pine beetle whitebark pine dynamics in a subalpine ecosystem of the pioneer mountains southwest montana,,"Mountain pine beetle-whitebark pine dynamics in a subalpine ecosystem of the pioneer mountains, Southwest Montana",2011,,chase,chase-citations,1,,,exclude,wrong-concept,
10.1016/j.jinsphys.2011.06.011,10.1016/j.jinsphys.2011.06.011,"Prepupal diapause and instar IV developmental rates of the spruce beetle, Dendroctonus rufipennis (Coleoptera: Curculionidae, Scolytinae).",2011,Journal of insect physiology,chase,chase-citations,1,,,exclude,wrong-population,
10.1016/j.foreco.2011.03.036,10.1016/J.FORECO.2011.03.036,Assessing Forest Vulnerability and the Potential Distribution of Pine Beetles Under Current and Future Climate Scenarios in the Interior West of the US,2011,,chase,chase-citations,1,,,exclude,wrong-population,
10.1603/en10059,10.1603/EN10059,"Factors Influencing the Geographical Distribution of Dendroctonus rhizophagus (Coleoptera: Curculionidae: Scolytinae) in the Sierra Madre Occidental, México",2011,Environmental Entomology,chase,chase-citations,1,,,exclude,wrong-population,
10.1007/s13199-011-0119-1,10.1007/s13199-011-0119-1,Anthropogenic effects on interaction outcomes: examples from insect-microbial symbioses in forest and savanna ecosystems,2011,Symbiosis,chase,chase-citations,1,,,exclude,off-topic,
10.1111/j.1365-2664.2010.01848.x,10.1111/J.1365-2664.2010.01848.X,Climate change and range expansion of an aggressive bark beetle: evidence of higher beetle reproduction in naïve host tree populations,2010,,chase,chase-citations,1,,,include,,
10.1890/09-0655.1,10.1890/09-0655.1,Whitebark pine vulnerability to climate-driven mountain pine beetle disturbance in the Greater Yellowstone Ecosystem.,2010,Ecological Applications,chase,chase-citations,1,,,exclude,wrong-concept,
10.1007/s10661-008-0607-9,10.1007/s10661-008-0607-9,Determination of the compositional change (1999–2006) in the pine forests of British Columbia due to mountain pine beetle infestation,2009,Environmental Monitoring & Assessment,chase,chase-citations,1,,,exclude,wrong-concept,
10.1051/forest/2009054,10.1051/forest/2009054,The influences of forest stand management on biotic and abiotic risks of damage,2009,Annals of Forest Science,chase,chase-citations,1,,,exclude,off-topic,
10.1093/wjaf/24.4.193,10.1093/WJAF/24.4.193,Analysis of conifer mortality in Colorado using Forest Inventory and Analysis's annual forest inventory,2009,,chase,chase-citations,1,,,exclude,off-topic,
10.1016/j.foreco.2008.12.002,10.1016/J.FORECO.2008.12.002,"Bark beetle-caused mortality in a drought-affected ponderosa pine landscape in Arizona, USA",2009,,chase,chase-citations,1,,,exclude,wrong-population,
10.1016/j.foreco.2008.05.054,10.1016/J.FORECO.2008.05.054,Risk rating for mountain pine beetle infestation of lodgepole pine forests over large areas with ordinal regression modelling,2008,,chase,chase-citations,1,,,include,,
10.1016/j.foreco.2007.10.008,10.1016/J.FORECO.2007.10.008,"Holocene records of Dendroctonus bark beetles in high elevation pine forests of Idaho and Montana, USA",2008,,chase,chase-citations,1,,,exclude,wrong-population,
10.1016/j.jinsphys.2007.02.007,10.1016/J.JINSPHYS.2007.02.007,"Modeling cold tolerance in the mountain pine beetle, Dendroctonus ponderosae.",2007,Journal of insect physiology,chase,chase-citations chase-references,2,,,exclude,wrong-concept,
10.22230/jem.2007v8n1a367,10.22230/jem.2007v8n1a367,Environmental characteristics of mountain pine beetle infestation hot spots,2007,Journal of Ecosystems and Management,chase,chase-citations,1,nelson2007environmental,nelson2007environmental,include,,yes
10.22230/jem.2007v8n1a359,10.22230/jem.2007v8n1a359,Growing trembling aspen and white spruce intimate mixtures: Early results (13—17 years) and future projections,2007,Journal of Ecosystems and Management,chase,chase-citations,1,,,exclude,off-topic,
10.1029/2005jg000101,10.1029/2005JG000101,Changing temperatures influence suitability for modeled mountain pine beetle (Dendroctonus ponderosae) outbreaks in the western United States,2006,,chase,chase-citations,1,,,include,,
10.5558/tfc81149-1,10.5558/TFC81149-1,Enhancing forest inventories with mountain pine beetle infestation information,2005,,chase,chase-citations,1,,,exclude,wrong-concept,
10.1111/j.1365-2699.2004.01131.x,10.1111/j.1365-2699.2004.01131.x,Descriptive biogeography of Tomicus (Coleoptera: Scolytidae) species in Spain,2004,,chase,chase-citations,1,,,exclude,wrong-population,
10.1016/j.bulm.2004.04.003,10.1016/J.BULM.2004.04.003,Comparison of three models predicting developmental milestones given environmental and individual variation,2004,Bulletin of Mathematical Biology,chase,chase-citations,1,,,exclude,off-topic,
10.1046/j.1570-7458.2002.00975.x,10.1046/j.1570-7458.2002.00975.x,Prior encounters modulate subsequent choices in host acceptance behavior by the bark beetle Ips pini,2002,,chase,chase-citations,1,,,exclude,wrong-population,
10.4039/ent133805-6,10.4039/Ent133805-6,Physiological basis for flexible voltinism in the spruce beetle (Coleoptera: Scolytidae),2001,Canadian Entomologist,chase,chase-citations,1,,,exclude,wrong-population,
10.1093/ae/47.3.160,10.1093/AE/47.3.160,"Ghost Forests, Global Warming and the Mountain Pine Beetle",2001,,chase,chase-citations chase-references,2,,,exclude,wrong-concept,
10.1093/ee/28.6.924,10.1093/EE/28.6.924,Model Analysis of Mountain Pine Beetle (Coleoptera: Scolytidae) Seasonality,1999,,chase,chase-citations,1,,,exclude,wrong-concept,
10.1093/ee/28.4.577,10.1093/EE/28.4.577,Ecology of mountain pine beetle (Coleoptera : Scolytidae) cold hardening in the intermountain West,1999,,chase,chase-citations,1,,,exclude,wrong-concept,
geographic information system topographic factor maps for wildlife management,,Geographic Information System Topographic Factor Maps for Wildlife Management,1997,,chase,chase-citations,1,,,exclude,off-topic,
10.1111/j.1439-0418.1996.tb01561.x,10.1111/j.1439-0418.1996.tb01561.x,"Taxonomic characters for differentiating cohabitating larvae of Dendroctonus ponderosae and Ips pini (Col., Scolytidae)",1996,,chase,chase-citations,1,,,exclude,wrong-concept,
10.1111/j.1570-7458.1991.tb01539.x,10.1111/j.1570-7458.1991.tb01539.x,Glyphosate‐induced changes in the attack success and development of the mountain pine beetle and impact of its natural enemies,1991,,chase,chase-citations,1,,,exclude,wrong-concept,
10.4039/ent121149-2,10.4039/Ent121149-2,"HOST EFFECTS ON THE PHENOLOGY, DEVELOPMENT, AND MORTALITY OF FIELD POPULATIONS OF THE MOUNTAIN PINE BEETLE, DENDROCTONUS PONDEROSAE HOPKINS (COLEOPTERA: SCOLYTIDAE)",1989,Canadian Entomologist,chase,chase-citations,1,,,exclude,wrong-concept,
10.4039/ent118361-4,10.4039/Ent118361-4,A DISTRIBUTION MODEL FOR EGG DEVELOPMENT IN MOUNTAIN PINE BEETLE,1986,Canadian Entomologist,chase,chase-citations,1,,,exclude,wrong-concept,
10.1303/aez.13.63,10.1303/AEZ.13.63,Spatial Distribution of Pine Bark Weevils (Coleoptera : Curculionidae) in Bait Logs,1978,,chase,chase-citations,1,,,exclude,off-topic,
10.1093/jof/74.5.294,10.1093/jof/74.5.294,Cutting Strategies can Reduce Probabilities of Mountain Pine Beetle Epidemics in Lodgepole Pine,1976,Journal of Forests,chase,chase-citations,1,,,include,,
10.1016/b978-0-12-822145-7.00013-1,10.1016/b978-0-12-822145-7.00013-1,Complexities in predicting mountain pine beetle and spruce beetle response to climate change,2022,"Bark Beetle Management, Ecology, and Climate Change",chase,chase-citations,1,,,exclude,wrong-concept,
mountain pine beetle fecundity and offspring size differ among mountain pine beetle fecundity and offspring size differ among lodgepole pine and whitebark pine hosts lodgepole pine and whitebark pine hosts,,Mountain Pine Beetle Fecundity and Offspring Size Differ Among Mountain Pine Beetle Fecundity and Offspring Size Differ Among Lodgepole Pine and Whitebark Pine Hosts Lodgepole Pine and Whitebark Pine Hosts,2021,,chase,chase-citations,2,,,exclude,duplicate,
s tudies of p arasitic wasps h ymenoptera braconidae in association,,S TUDIES OF P ARASITIC WASPS ( H YMENOPTERA : BRACONIDAE ) IN ASSOCIATION,2019,,chase,chase-citations,1,,,exclude,not-english,
great basin bristlecone pine resistance to mountain pine beetle an evaluation of dendroctonus ponderosae host selection behavior and reproductive success in pinus longaeva,,Great Basin Bristlecone Pine Resistance to Mountain Pine Beetle: An Evaluation of Dendroctonus ponderosae Host Selection Behavior and Reproductive Success in Pinus longaeva,2017,,chase,chase-citations,1,,,exclude,wrong-concept,
early detection of mountain pine beetle damage in ponderosa pine forests of the black hills using hyperspectral and worldview 2 data,,Early Detection of Mountain Pine Beetle Damage in Ponderosa Pine Forests of the Black Hills Using Hyperspectral and WorldView-2 Data,2016,,chase,chase-citations,2,,,exclude,wrong-concept,
10.5962/bhl.title.153835,10.5962/BHL.TITLE.153835,Conservation and management of whitebark pine ecosystems on Bureau of Land Management Lands in the western United States.,2016,,chase,chase-citations,1,,,exclude,off-topic,
10.1016/j.foreco.2015.10.013,10.1016/J.FORECO.2015.10.013,Quantification of Dryocoetes confusus-caused mortality in subalpine fir forests of southern British Columbia,2016,,chase,chase-citations,1,,,exclude,off-topic,
10.2737/int-rp-400,10.2737/int-rp-400,Microclimate : An Alternative to Tree Vigor as a Basis for Microclimate : An Alternative to Tree Vigor as a Basis for Mountain Pine Beetle Infestations Mountain Pine Beetle Infestations,2014,,chase,chase-citations,1,bartos1989microclimate,bartos1989microclimate,include,,yes
integrating c 211995 management i 1 strategies for the mountain pine beetle with multiple resource management of lodge ole pi e forests,,Integrating C 211995 Management I 1 : Strategies for the Mountain Pine Beetle with Multiple-Resource Management of Lodge ole Pi e Forests,2013,,chase,chase-citations,1,,,exclude,wrong-concept,
influence of mountain pine beetle on fuels foliar fuel moisture content and litter and volatile terpenes in whitebark pine,,"Influence of mountain pine beetle on fuels, foliar fuel moisture content, and litter and volatile terpenes in whitebark pine",2013,,chase,chase-citations,1,,,exclude,wrong-concept,
10.13001/uwnpsrc.2012.3935,10.13001/UWNPSRC.2012.3935,Studies of Parasitic Wasps (Hymenoptera: Braconidae) in Association with Mountain Pine Beetle Outbreak,2012,,chase,chase-citations,1,,,exclude,wrong-concept,
science in natural resources and environmental science,,Science in Natural Resources and Environmental Science,2012,,chase,chase-citations,1,,,exclude,off-topic,
mountain pine beetle in high elevation five needle white pine ecosystems,,Mountain pine beetle in high-elevation five-needle white pine ecosystems,2011,,chase,chase-citations,1,,,exclude,wrong-concept,
factors inﬂuencing the geographical distribution of dendroctonus rhizophagus coleoptera curculionidae scolytinae in the sierra,,Factors Inﬂuencing the Geographical Distribution of Dendroctonus rhizophagus (Coleoptera: Curculionidae: Scolytinae) in the Sierra,2011,,chase,chase-citations,1,,,exclude,duplicate,
mountain pine beetle fecundity and offspring size differ among lodgepole pine and whitebark pine hosts,,Mountain pine beetle fecundity and offspring size differ among lodgepole pine and whitebark pine hosts,2008,,chase,chase-citations,1,,,exclude,wrong-concept,
mountain pine beetle impacts in high elevation five needle pines current trends and challenges,,Mountain Pine Beetle Impacts in High-Elevation Five-Needle Pines: Current Trends and Challenges,2008,,chase,chase-citations chase-references,2,,,exclude,wrong-concept,
the mountain pine beetle and whitebark pine waltz has the music changed,,The mountain pine beetle and whitebark pine waltz: Has the music changed?,2007,,chase,chase-citations,1,,,exclude,wrong-concept,
chapter 8 decision support systems,,Chapter 8 Decision Support Systems,2006,,chase,chase-citations,1,,,exclude,off-topic,
10.14288/1.0074981,10.14288/1.0074981,Characteristics of trees infested by Douglas-fir beetles in Kootenay Lake Forest District,2006,,chase,chase-citations,1,,,exclude,wrong-population,
the mountain pine beetle a synthesis of biology management and impacts on lodgepole pine,,"The mountain pine beetle: a synthesis of biology, management and impacts on lodgepole pine.",2006,,chase,chase-citations,1,,,include,,
historic influence of the mountain pine beetle on stand dynamics in canada s rocky mountain parks,,Historic influence of the mountain pine beetle on stand dynamics in Canada's Rocky Mountain parks.,2006,,chase,chase-citations,1,,,exclude,wrong-concept,
effects of the mountain pine beetle on lodgepole pine stand structure and dynamics,,Effects of the mountain pine beetle on lodgepole pine stand structure and dynamics.,2006,,chase,chase-citations,1,shore2006effects,shore2006effects,include,,yes
mountain pine beetle population dynamics insights from empirical evidence and modeling 1,,Mountain Pine Beetle Population Dynamics: Insights from empirical evidence and modeling 1,2005,,chase,chase-citations,1,,,include,,
remote sensing in the survey of mountain pine beetle impacts review and recommendations,,Remote sensing in the survey of mountain pine beetle impacts: Review and recommendations,2005,,chase,chase-citations,1,,,exclude,wrong-concept,
a ijistjudul jon model i oit egg develoi ment in mountain i ine dlmtle,,A IJISTJUDUl'JON MODEL I'Oit EGG DEVELOI'MENT IN MOUNTAIN I'INE DlmTLE,2004,,chase,chase-citations,1,,,exclude,off-topic,
ecological consequences of climate change altered forest insect disturbanceregimes,,Ecological consequences of climate change altered forest insect disturbanceregimes,2004,,chase,chase-citations,1,,,exclude,off-topic,
modeling mountain pine beetle phenological response to temperature,,Modeling mountain pine beetle phenological response to temperature,2003,,chase,chase-citations,1,,,exclude,wrong-concept,
ghost forests global warming and the mountain pinebeetle,,"Ghost forests, global warming, and the mountain pinebeetle",2001,,chase,chase-citations,1,,,exclude,wrong-population,
mortality of mountain pine beetle larvae dendroctonus ponderosae coleoptera scolytidae in logs of lodgepole pine pinus contorta var latifolia at constant low temperatures,,"Mortality of mountain pine beetle larvae, Dendroctonus ponderosae (Coleoptera: Scolytidae) in logs of lodgepole pine (Pinus contorta var. latifolia) at constant low temperatures",1998,,chase,chase-citations,1,,,exclude,wrong-concept,
10.1007/978-1-4899-0789-9_24,10.1007/978-1-4899-0789-9_24,The Mountain Pine Beetle in Western North America,1988,,chase,chase-citations,1,,,exclude,wrong-concept,
policy considerations in mountain pine beetle control in rock mountain lodgepole pine,,Policy considerations in mountain pine beetle control in Rock Mountain Lodgepole pine,1985,,chase,chase-citations,1,,,exclude,wrong-concept,
integrating management strategies for the mountain pine beetle with multiple resource management of lodgepole pine forests,,Integrating management strategies for the mountain pine beetle with multiple-resource management of lodgepole pine forests,1985,,chase,chase-citations,1,,,exclude,wrong-concept,
mountain pine beetle dynamics in lodgepole pine forests part 1 course of an infectation,,"Mountain Pine Beetle Dynamics in Lodgepole Pine Forests, Part 1: Course of an Infectation",1980,,chase,chase-citations,1,,,include,,
10.1007/978-3-642-88448-1_1,10.1007/978-3-642-88448-1_1,The Role of the Mountain Pine Beetle in Lodgepole Pine Ecosystems: Impact on Succession,1977,,chase,chase-citations,1,,,exclude,wrong-concept,
guidelines for reducing losses of lodgepole pine to the mountain pine beetle in unmanaged stands in the rocky mountains,,Guidelines for reducing losses of lodgepole pine to the mountain pine beetle in unmanaged stands in the Rocky Mountains.,1977,,chase,chase-citations,1,,,include,,
the hazard of mountain pine beetle outbreak in lodgepole pine forests,,The hazard of mountain pine beetle outbreak in lodgepole pine forests,1977,,chase,chase-citations,1,,,include,,
mountain pine beefie epidemics,,mountain pine beefie epidemics,1976,,chase,chase-citations,1,,,exclude,off-topic,
model analysis of mountain pine beetle coleoptera scolytidae model analysis of mountain pine beetle coleoptera scolytidae seasonality seasonality,,Model Analysis of Mountain Pine Beetle (Coleoptera : Scolytidae) Model Analysis of Mountain Pine Beetle (Coleoptera : Scolytidae) Seasonality Seasonality,,,chase,chase-citations,2,,,exclude,not-research,
10.1016/j.foreco.2026.124135,10.1016/j.foreco.2026.124135,"Biophysical drivers of mountain pine beetle outbreaks in lodgepole pine forests in the Intermountain West, U.S.",2026,Forest Ecology and Management,chase,chase-citations,1,,,include,,
10.1002/hyp.70644,10.1002/hyp.70644,Stream Chemistry Responses to Bark Beetle Disturbance and Changing Atmospheric Deposition in Alpine and Forest Headwater Catchments,2026,Hydrological Processes,chase,chase-citations,1,,,exclude,wrong-population,
10.1016/j.foreco.2026.123733,10.1016/j.foreco.2026.123733,Avian responses to fire and salvage logging following mountain pine beetle (Dendroctonus ponderosae) outbreaks in the Canadian Rockies,2026,Forest Ecology and Management,chase,chase-citations,1,,,exclude,wrong-concept,
10.1088/1748-9326/ae4888,10.1088/1748-9326/ae4888,Variable impacts of forest treatments on carbon and mortality following disturbance,2026,Environmental Research Letters,chase,chase-citations,1,,,exclude,off-topic,
10.1016/j.foreco.2025.123048,10.1016/j.foreco.2025.123048,Post-fire seedling recruitment across a range of stand age in bark-beetle impacted lodgepole pine forests: Informing reforestation needs,2025,Forest Ecology and Management,chase,chase-citations,1,,,exclude,wrong-population,
10.1016/j.foreco.2025.122953,10.1016/j.foreco.2025.122953,Indirect effects of soil amendments on plant traits and the microbiome in post-wildfire forest recovery,2025,Forest Ecology and Management,chase,chase-citations,1,,,exclude,off-topic,
10.1002/ecog.07680,10.1002/ecog.07680,Patterns and drivers of biotic disturbance hotspots in western United States coniferous forests,2025,Ecography,chase,chase-citations,1,,,exclude,off-topic,
10.3390/insects16060627,10.3390/insects16060627,Potentially Suitable Habitat for the Pest Histia rhodope Based on Its Host Plant Bischofia polycarpa and Climatic Factors in China,2025,Insects,chase,chase-citations,1,,,exclude,off-topic,
10.1016/j.foreco.2024.122359,10.1016/j.foreco.2024.122359,Long-term soil nutrient and understory plant responses to post-fire rehabilitation in a lodgepole pine forest,2025,Forest Ecology and Management,chase,chase-citations,1,,,exclude,off-topic,
10.1016/j.foreco.2024.122382,10.1016/j.foreco.2024.122382,Spatiotemporal characteristics of tree mortality from bark beetle outbreaks vary within and among bark beetle-host tree associations in the western United States,2025,Forest Ecology and Management,chase,chase-citations,1,,,exclude,wrong-population,
10.1016/j.foreco.2024.122048,10.1016/j.foreco.2024.122048,Less suitable climatic conditions and pests increase tree defoliation in Spanish Iberian Peninsula forests,2024,Forest Ecology and Management,chase,chase-citations,1,,,exclude,off-topic,
10.1016/j.foreco.2023.121307,10.1016/j.foreco.2023.121307,Factors associated with bark beetle infestations of Colorado Plateau ponderosa pine using repeatedly-measured field plots,2023,Forest Ecology and Management,chase,chase-citations,1,,,exclude,wrong-population,
10.2139/ssrn.4372834,10.2139/ssrn.4372834,Distinct Fungal and Bacterial Responses to Fire Severity and Soil Depth Across a Ten-Year Wildfire Chronosequence in Beetle-Killed Lodgepole Pine Forests,2023,Social Science Research Network,chase,chase-citations,1,,,exclude,wrong-population,
10.1002/fee.2659,10.1002/fee.2659,Emergent hotspots of biotic disturbances and their consequences for forest resilience,2023,Frontiers in Ecology and the Environment,chase,chase-citations,2,,,exclude,off-topic,
10.1111/gcb.16826,10.1111/gcb.16826,Declining tree growth resilience mediates subsequent forest mortality in the US Mountain West,2023,Global Change Biology,chase,chase-citations,1,,,exclude,off-topic,
10.1016/j.foreco.2022.120565,10.1016/j.foreco.2022.120565,"Limited seed viability in long-dead serotinous lodgepole pine trees in the Southern Rockies, USA",2022,Forest Ecology and Management,chase,chase-citations,1,,,exclude,off-topic,
10.3390/d14121038,10.3390/d14121038,Regulatory Processes in Populations of Forest Insects (A Case Study of Insect Species Damaging the Pine Pinus sylvestris L. in Forests of SIBERIA),2022,Diversity,chase,chase-citations,1,,,exclude,off-topic,
10.1007/s10980-022-01553-2,10.1007/s10980-022-01553-2,Fine-scale spatial heterogeneity shapes compensatory responses of a subalpine forest to severe bark beetle outbreak,2022,Landscape Ecology,chase,chase-citations,1,,,exclude,wrong-population,
10.1111/1365-2745.13999,10.1111/1365-2745.13999,Rocky Mountain forests are poised to recover following bark beetle outbreaks but with altered composition,2022,Journal of Ecology,chase,chase-citations,1,,,exclude,wrong-population,
10.1007/s40823-022-00075-6,10.1007/s40823-022-00075-6,Pyrodiversity in a Warming World: Research Challenges and Opportunities,2022,Current Landscape Ecology Reports,chase,chase-citations,1,,,exclude,off-topic,
10.1186/s42408-022-00137-4,10.1186/s42408-022-00137-4,Modeled interactions of mountain pine beetle and wildland fire under future climate and management scenarios for three western US landscapes,2022,Fire Ecology,chase,chase-citations,1,,,exclude,wrong-concept,
10.5154/r.rchscfa.2020.11.069,10.5154/r.rchscfa.2020.11.069,Risk of infestations by Dendroctonus mexicanus Hopkins and Dendroctonus frontalis Zimmermann bark beetles in forests of Michoacán,2021,REVISTA CHAPINGO SERIE CIENCIAS FORESTALES Y DEL AMBIENTE,chase,chase-citations,1,,,exclude,wrong-population,
10.15517/rbt.v69i3.45910,10.15517/rbt.v69i3.45910,Interacciones potenciales parásito-hospedero entre el escarabajo Dendroctonus (Coleoptera: Scolytidae) y Pinus (Pinaceae) en México,2021,Revista de Biología Tropical,chase,chase-citations,1,,,exclude,not-english,
10.1111/1365-2745.13634,10.1111/1365-2745.13634,Increasing rates of subalpine tree mortality linked to warmer and drier summers,2021,Journal of Ecology,chase,chase-citations,1,,,exclude,off-topic,
10.1016/j.tree.2021.02.001,10.1016/j.tree.2021.02.001,Why is Tree Drought Mortality so Hard to Predict?,2021,Trends in Ecology & Evolution,chase,chase-citations,1,,,exclude,off-topic,
10.1093/jofore/fvaa043,10.1093/jofore/fvaa043,"Estimated Impacts of Emerald Ash Borer on Ash Timber Supply in Texas, USA",2021,,chase,chase-citations,1,,,exclude,off-topic,
10.1002/ecs2.3318,10.1002/ECS2.3318,Droughty times in mesic places: factors associated with forest mortality vary by scale in a temperate subalpine region,2021,Ecosphere,chase,chase-citations,1,,,exclude,off-topic,
10.1016/j.foreco.2020.118182,10.1016/j.foreco.2020.118182,Tree regeneration and soil responses to management alternatives in beetle-infested lodgepole pine forests,2020,Forest Ecology and Management,chase,chase-citations,1,,,exclude,wrong-population,
10.1002/eap.2197,10.1002/eap.2197,Demographic trends in community functional tolerance reflect tree responses to climate and altered fire regimes.,2020,Ecological Applications,chase,chase-citations,1,,,exclude,off-topic,
10.1016/j.foreco.2020.118043,10.1016/j.foreco.2020.118043,Avian relationships with bark beetle outbreaks and underlying mechanisms in lodgepole pine and spruce-fir forests of Colorado,2020,,chase,chase-citations,1,,,exclude,wrong-population,
10.5194/egusphere-egu2020-12111,10.5194/egusphere-egu2020-12111,Exploring the impacts of unprecedented climate extremes on forest ecosystems: hypotheses to guide modeling and experimental studies,2020,Biogeosciences,chase,chase-citations,1,,,exclude,off-topic,
10.1111/1365-2745.13480,10.1111/1365-2745.13480,A trait‐based approach to assessing resistance and resilience to wildfire in two iconic North American conifers,2020,Journal of Ecology,chase,chase-citations,1,,,exclude,off-topic,
10.1146/annurev-ento-011019-025151,10.1146/annurev-ento-011019-025151,Insect Declines in the Anthropocene.,2020,Annual Review of Entomology,chase,chase-citations,1,,,exclude,off-topic,
10.2737/rds-2019-0048,10.2737/rds-2019-0048,"Snagfall the first decade after severe bark beetle infestation of high-elevation forests in Colorado, USA.",2019,Ecological Applications,chase,chase-citations,1,,,exclude,wrong-population,
10.3390/f10090811,10.3390/f10090811,Use of MODIS NDVI Products to Map Tree Mortality Levels in Forests Affected by Mountain Pine Beetle Outbreaks,2019,Forests,chase,chase-citations,1,,,exclude,wrong-concept,
10.1016/j.foreco.2019.05.070,10.1016/J.FORECO.2019.05.070,Scots pine (Pinus sylvestris L.) mortality is explained by the climatic suitability of both host tree and bark beetle populations,2019,Forest Ecology and Management,chase,chase-citations,1,,,exclude,wrong-population,
10.1139/cjfr-2019-0023,10.1139/cjfr-2019-0023,Stand dynamics and topographic setting influence changes in live tree biomass over a 34-year permanent plot record in a subalpine forest in the Colorado Front Range,2019,Canadian Journal of Forest Research,chase,chase-citations,1,,,exclude,off-topic,
10.3389/fevo.2019.00239,10.3389/fevo.2019.00239,"Climate, Environment, and Disturbance History Govern Resilience of Western North American Forests",2019,Frontiers in Ecology and Evolution,chase,chase-citations,1,,,exclude,off-topic,
drought and forest disturbance impacts on hydrology under changing climate conditions,,Drought and forest disturbance impacts on hydrology under changing climate conditions,2019,,chase,chase-citations,1,,,exclude,off-topic,
10.15517/rbt.v67i3.34436,10.15517/RBT.V67I3.34436,"Abundancia altitudinal de Dendroctonus frontalis (Coleoptera: Curculionidae) en relación a variables climáticas en Hidalgo, México",2019,,chase,chase-citations,1,,,exclude,not-english,
10.1007/s10530-019-01922-0,10.1007/s10530-019-01922-0,Spatial patterns and drivers of invasive rodent dynamics in New Zealand forests,2019,Biological Invasions,chase,chase-citations,1,,,exclude,off-topic,
10.3390/f10040304,10.3390/F10040304,Important Insect and Disease Threats to United States Tree Species and Geographic Patterns of Their Potential Impacts,2019,Forests,chase,chase-citations,1,,,exclude,off-topic,
10.2134/jeq2018.04.0169,10.2134/jeq2018.04.0169,Soil Nitrogen Leaching in Logged Beetle-Killed Forests and Implications for Riparian Fuel Reduction.,2019,Journal of Environmental Quality,chase,chase-citations,1,,,exclude,wrong-population,
10.1002/ecs2.2594,10.1002/ECS2.2594,Wildfire activity and land use drove 20th‐century changes in forest cover in the Colorado front range,2019,Ecosphere,chase,chase-citations,1,,,exclude,off-topic,
10.1117/1.jrs.12.046030,10.1117/1.JRS.12.046030,Time-series approach for mapping mountain pine beetle infestation extent and severity in the U.S. Central Rocky Mountains,2018,Journal of Applied Remote Sensing,chase,chase-citations,1,,,exclude,wrong-concept,
10.1016/j.foreco.2018.05.048,10.1016/J.FORECO.2018.05.048,"Mountain pine beetle attack faster growing lodgepole pine at low elevations in western Montana, USA",2018,Forest Ecology and Management,chase,chase-citations chase-references,2,,,include,,
10.1002/ecs2.2195,10.1002/ECS2.2195,Visual interpretation and time series modeling of Landsat imagery highlight drought's role in forest canopy declines,2018,Ecosphere,chase,chase-citations,1,,,exclude,off-topic,
10.1002/ecs2.2288,10.1002/ECS2.2288,Transitioning western U.S. dry forests to limited committed warming with bet-hedging and natural disturbances,2018,Ecosphere,chase,chase-citations,1,,,exclude,off-topic,
10.3390/f9030101,10.3390/F9030101,"Overlapping Bark Beetle Outbreaks, Salvage Logging and Wildfire Restructure a Lodgepole Pine Ecosystem",2018,,chase,chase-citations,1,,,exclude,wrong-population,
10.3390/en11020293,10.3390/EN11020293,Technoeconomic and policy drivers of project performance for bioenergy alternatives using biomass from beetle-killed trees,2018,,chase,chase-citations,1,,,exclude,wrong-population,
10.1111/gcb.13840,10.1111/gcb.13840,"Seed origin and warming constrain lodgepole pine recruitment, slowing the pace of population range shifts",2018,Global Change Biology,chase,chase-citations,1,,,exclude,off-topic,
10.3390/cli6010001,10.3390/CLI6010001,Translating MC2 DGVM Results into Ecosystem Services for Climate Change Mitigation and Adaptation,2017,,chase,chase-citations,1,,,exclude,off-topic,
10.1016/j.foreco.2017.09.037,10.1016/J.FORECO.2017.09.037,Characterizing interactions between fire and other disturbances and their impacts on tree mortality in western U.S. Forests,2017,,chase,chase-citations,1,,,exclude,off-topic,
10.1002/ecy.1963,10.1002/ecy.1963,Summer and winter drought drive the initiation and spread of spruce beetle outbreak.,2017,Ecology,chase,chase-citations,1,,,exclude,wrong-population,
10.3390/f8060195,10.3390/F8060195,"Separating Trends in Whitebark Pine Radial Growth Related to Climate and Mountain Pine Beetle Outbreaks in the Northern Rocky Mountains, USA",2017,,chase,chase-citations,1,,,exclude,wrong-concept,
10.1016/j.foreco.2016.12.021,10.1016/J.FORECO.2016.12.021,"Severity of a Mountain Pine Beetle Outbreak Across a Range of Stand Conditions in Fraser Experimental Forest, Colorado, United States",2017,,chase,chase-citations,1,,,include,,
10.1007/s10021-016-0027-6,10.1007/s10021-016-0027-6,"A Decade of Streamwater Nitrogen and Forest Dynamics after a Mountain Pine Beetle Outbreak at the Fraser Experimental Forest, Colorado",2017,Ecosystems,chase,chase-citations,1,,,exclude,wrong-concept,
10.1155/2017/4758316,10.1155/2017/4758316,"Examining the Potential of Forest Residue-Based Amendments for Post-Wildfire Rehabilitation in Colorado, USA",2017,Scientifica,chase,chase-citations,1,,,exclude,off-topic,
10.1016/j.foreco.2016.09.022,10.1016/J.FORECO.2016.09.022,The relative contributions of disease and insects in the decline of a long-lived tree: a stochastic demographic model of whitebark pine ( Pinus albicaulis ),2016,,chase,chase-citations,1,,,exclude,off-topic,
10.1002/eap.1400,10.1002/eap.1400,Relative importance of climate and mountain pine beetle outbreaks on the occurrence of large wildfires in the western USA.,2016,Ecological Applications,chase,chase-citations,1,,,exclude,wrong-concept,
10.1016/j.foreco.2016.04.051,10.1016/J.FORECO.2016.04.051,Observed and anticipated impacts of drought on forest insects and diseases in the United States,2016,,chase,chase-citations,1,,,exclude,off-topic,
10.1073/pnas.1615263113,10.1073/pnas.1615263113,Spatial variability in tree regeneration after wildfire delays and dampens future bark beetle outbreaks,2016,Proceedings of the National Academy of Sciences of the United States of America,chase,chase-citations,1,,,exclude,wrong-population,
10.1371/journal.pone.0164738,10.1371/journal.pone.0164738,Mountain Pine Beetle Dynamics and Reproductive Success in Post-Fire Lodgepole and Ponderosa Pine Forests in Northeastern Utah,2016,PLoS ONE,chase,chase-citations,1,,,exclude,wrong-concept,
10.3390/f7100248,10.3390/F7100248,Host Defense Mechanisms against Bark Beetle Attack Differ between Ponderosa and Lodgepole Pines,2016,,chase,chase-citations,1,,,exclude,wrong-population,
10.1016/j.jtbi.2016.07.009,10.1016/j.jtbi.2016.07.009,A dynamical model for bark beetle outbreaks.,2016,Journal of Theoretical Biology,chase,chase-citations,1,,,exclude,wrong-population,
10.1016/j.foreco.2016.05.016,10.1016/J.FORECO.2016.05.016,Stand-level factors associated with resurging mortality from eastern larch beetle (Dendroctonus simplex LeConte),2016,,chase,chase-citations,1,,,exclude,wrong-population,
10.1088/1748-9326/11/7/074010,10.1088/1748-9326/11/7/074010,Recent bark beetle outbreaks have little impact on streamflow in the Western United States,2016,,chase,chase-citations,1,,,exclude,wrong-population,
10.1111/gcb.13105,10.1111/gcb.13105,Forest biogeochemistry in response to drought,2016,Global Change Biology,chase,chase-citations,1,,,exclude,off-topic,
10.3389/fphys.2016.00271,10.3389/fphys.2016.00271,Neuroethology of Olfactory-Guided Behavior and Its Potential Application in the Control of Harmful Insects,2016,Frontiers in Physiology,chase,chase-citations,1,,,exclude,off-topic,
10.1071/wf14223,10.1071/WF14223,Forest fuels and potential fire behaviour 12 years after variable-retention harvest in lodgepole pine,2016,,chase,chase-citations,1,,,exclude,off-topic,
10.1303/jjaez.2016.77,10.1303/JJAEZ.2016.77,アメリカマツノキクイムシ（コウチュウ目：キクイムシ科）の生態と随伴生物：日本への侵入リスクの考察のために,2016,,chase,chase-citations,1,,,exclude,not-english,
10.1007/s10144-016-0545-2,10.1007/s10144-016-0545-2,Multi-temporal ecological analysis of Jeffrey pine beetle outbreak dynamics within the Lake Tahoe Basin,2016,Population Ecology,chase,chase-citations,1,,,exclude,wrong-population,
development of a khz optical remote sensing system for in situ insect monitoring,,Development of a kHz optical remote sensing system for in situ insect monitoring,2016,,chase,chase-citations,1,,,exclude,off-topic,
10.1002/ecs2.1257,10.1002/ECS2.1257,Local colonization‐extinction dynamics of a tree‐killing bark beetle during a large‐scale outbreak,2016,,chase,chase-citations,1,,,exclude,wrong-population,
10.1016/j.agee.2015.11.010,10.1016/J.AGEE.2015.11.010,Early eclosion of overwintering cotton bollworm moths from warming temperatures accentuates yield loss in wheat,2016,,chase,chase-citations,1,,,exclude,off-topic,
10.1016/j.foreco.2015.10.042,10.1016/J.FORECO.2015.10.042,Forest disturbance across the conterminous United States from 1985-2012: The emerging dominance of forest decline,2016,,chase,chase-citations,1,,,exclude,off-topic,
10.1093/ee/nvv167,10.1093/ee/nvv167,Mountain Pine Beetle Host Selection Between Lodgepole and Ponderosa Pines in the Southern Rocky Mountains,2015,Environmental Entomology,chase,chase-citations,1,,,exclude,wrong-concept,
10.1111/nph.13477,10.1111/nph.13477,"Tree mortality from drought, insects, and their interactions in a changing climate.",2015,New Phytologist,chase,chase-citations,1,,,exclude,off-topic,
10.1080/01431161.2015.1095369,10.1080/01431161.2015.1095369,Detection of mountain pine beetle-killed ponderosa pine in a heterogeneous landscape using high-resolution aerial imagery,2015,,chase,chase-citations,1,,,exclude,wrong-concept,
10.1111/jen.12195,10.1111/jen.12195,Are outbreaks of cambium‐feeding beetles generated by nutritionally enhanced phloem of drought‐stressed trees?,2015,,chase,chase-citations,1,,,exclude,wrong-population,
10.5849/forsci.14-192,10.5849/FORSCI.14-192,Resilience of Ponderosa and Lodgepole Pine Forests to Mountain Pine Beetle Disturbance and Limited Regeneration,2015,,chase,chase-citations,1,,,exclude,wrong-concept,
10.1111/jbi.12489,10.1111/jbi.12489,Long‐term history and synchrony of mountain pine beetle outbreaks in lodgepole pine forests,2015,,chase,chase-citations,1,,,include,,
10.1890/14-0698.1,10.1890/14-0698.1,What determines tree mortality in dry environments? A multi-perspective approach.,2015,Ecological Applications,chase,chase-citations,1,,,exclude,off-topic,
10.1371/journal.pone.0127975,10.1371/journal.pone.0127975,Negative Feedbacks on Bark Beetle Outbreaks: Widespread and Severe Spruce Beetle Infestation Restricts Subsequent Infestation,2015,PLoS ONE,chase,chase-citations,1,,,exclude,wrong-population,
10.1007/s11295-015-0865-y,10.1007/s11295-015-0865-y,"Nuclear genetic variation across the range of ponderosa pine (Pinus ponderosa): Phylogeographic, taxonomic and conservation implications",2015,Tree Genetics & Genomes,chase,chase-citations,1,,,exclude,off-topic,
10.1016/j.foreco.2014.12.031,10.1016/J.FORECO.2014.12.031,Permanent forest plots show accelerating tree mortality in subalpine forests of the Colorado Front Range from 1982 to 2013,2015,,chase,chase-citations,1,,,exclude,off-topic,
10.1016/j.tplants.2014.10.008,10.1016/j.tplants.2014.10.008,Global satellite monitoring of climate-induced vegetation disturbances.,2015,Trends in Plant Science,chase,chase-citations,1,,,exclude,off-topic,
10.1016/j.foreco.2014.09.005,10.1016/J.FORECO.2014.09.005,A mixed severity disturbance regime in the primary Picea abies (L.) Karst. forests of the Ukrainian Carpathians,2014,,chase,chase-citations,1,,,exclude,off-topic,
10.1146/annurev-arplant-043014-115540,10.1146/annurev-arplant-043014-115540,Responses of temperate forest productivity to insect and pathogen disturbances.,2014,Annual Review of Plant Biology,chase,chase-citations,1,,,exclude,off-topic,
10.1603/en14133,10.1603/EN14133,Spatial and Temporal Dynamics of Aroga Moth (Lepidoptera: Gelechiidae) Populations and Damage to Sagebrush in Shrub Steppe Across Varying Elevation,2014,Environmental Entomology,chase,chase-citations,1,,,exclude,off-topic,
10.5849/forsci.13-022,10.5849/FORSCI.13-022,Ecological consequences of mountain pine beetle outbreaks for wildlife in western North American forests,2014,,chase,chase-citations,1,,,exclude,wrong-concept,
10.1016/j.foreco.2014.02.037,10.1016/J.FORECO.2014.02.037,"Spatial and temporal patterns of Landsat-based detection of tree mortality caused by a mountain pine beetle outbreak in Colorado, USA",2014,,chase,chase-citations,1,meddens2014spatial,meddens2014spatial,include,,yes
10.1016/j.foreco.2014.01.022,10.1016/J.FORECO.2014.01.022,Spatial interactions between storm damage and subsequent infestations by the European spruce bark beetle,2014,,chase,chase-citations,1,,,exclude,wrong-population,
10.1111/1365-2435.12151,10.1111/1365-2435.12151,A genetics‐based Universal Community Transfer Function for predicting the impacts of climate change on future communities,2014,,chase,chase-citations,1,,,exclude,off-topic,
10.3390/f5010021,10.3390/F5010021,"Spruce Beetle Biology, Ecology and Management in the Rocky Mountains: An Addendum to Spruce Beetle in the Rockies",2014,,chase,chase-citations,1,,,exclude,wrong-population,
10.12794/metadc407755,10.12794/metadc407755,Population Dynamics of Zebra Mussels (Dreissena Polymorpha) in a North Texas Reservoir: Implications for Invasions in the Southern United States,2013,,chase,chase-citations,1,,,exclude,off-topic,
10.1088/1748-9326/8/4/044004,10.1088/1748-9326/8/4/044004,A comprehensive framework for tourism and recreation drought vulnerability reduction,2013,,chase,chase-citations,1,,,exclude,off-topic,
10.5849/wjaf.12-032,10.5849/WJAF.12-032,An Economic Assessment of Mountain Pine Beetle Timber Salvage in the West,2013,,chase,chase-citations,1,,,exclude,wrong-concept,
10.1038/501s15a,10.1038/501S15a,Crop pests: Under attack,2013,Nature,chase,chase-citations,1,,,exclude,off-topic,
10.3732/ajb.1300039,10.3732/ajb.1300039,Mitochondrial DNA haplotype distribution patterns in Pinus ponderosa (Pinaceae): range-wide evolutionary history and implications for conservation.,2013,American-Eurasian journal of botany,chase,chase-citations,1,,,exclude,off-topic,
10.1073/pnas.1221029110,10.1073/pnas.1221029110,Biogeochemistry of beetle-killed forests: Explaining a weak nitrate response,2013,Proceedings of the National Academy of Sciences of the United States of America,chase,chase-citations,1,,,exclude,wrong-population,
10.2980/19-2-3487,10.2980/19-2-3487,Dendroecological Reconstruction of 1980s Mountain Pine Beetle Outbreak in Lodgepole Pine Forests in Northwestern Colorado,2012,,chase,chase-citations,1,,,exclude,wrong-concept,
10.1139/x11-041,10.1139/X11-041,Efficacy of tree defense physiology varies with bark beetle population density: a basis for positive feedback in eruptive species,2011,,chase,chase-citations,1,,,include,,
have ani luck adventures in birdwatching,,Have Ani Luck?: Adventures in Birdwatching,2020,,chase,chase-citations,1,,,exclude,off-topic,
10.2737/rmrs-gtr-379,10.2737/rmrs-gtr-379,Proactive limber pine conservation strategy for the Greater Rocky Mountain National Park Area,2019,,chase,chase-citations,1,,,exclude,off-topic,
mechanisms and spatial patterns of bark beetle associated mortality following variable density thinning treatments in a sierra mixed conifer forest,,Mechanisms and spatial patterns of bark beetle-associated mortality following variable density thinning treatments in a sierra mixed-conifer forest,2019,,chase,chase-citations,1,,,exclude,wrong-population,
characterizing and managing drivers of change in mediterranean forest and grassland communities,,Characterizing and managing drivers of change in Mediterranean forest and grassland communities,2019,,chase,chase-citations,1,,,exclude,off-topic,
climate change vulnerability and adaptation in the northern rocky mountains part 2,,Climate change vulnerability and adaptation in the Northern Rocky Mountains [Part 2],2018,,chase,chase-citations,1,,,exclude,off-topic,
chapter 8 effects of climate change on ecological disturbance in the northern rockies region,,Chapter 8 : Effects of Climate Change on Ecological Disturbance in the Northern Rockies Region,2018,,chase,chase-citations,1,,,exclude,off-topic,
10.1007/978-3-319-56928-4_7,10.1007/978-3-319-56928-4_7,Effects of Climate Change on Ecological Disturbance in the Northern Rockies,2018,,chase,chase-citations,1,,,exclude,off-topic,
effects of climate change on forest vegetation in the northern rockies region,,Effects of Climate Change on Forest Vegetation in the Northern Rockies Region,2018,,chase,chase-citations,1,,,exclude,off-topic,
the biophysical and biochemical impacts of forest disturbances across ecosystems,,THE BIOPHYSICAL AND BIOCHEMICAL IMPACTS OF FOREST DISTURBANCES ACROSS ECOSYSTEMS,2018,,chase,chase-citations,1,,,exclude,not-english,
climate change vulnerability and adaptation in the northern rocky mountains part 1,,"Climate change vulnerability and adaptation in the Northern Rocky Mountains, Part 1.",2018,,chase,chase-citations,1,,,exclude,off-topic,
10.2737/rmrs-gtr-375part2,10.2737/RMRS-GTR-375PART2,Climate change vulnerability and adaptation in the Intermountain Region [Part 2],2018,,chase,chase-citations,1,,,exclude,off-topic,
influences of stand development and climate on above ground biomass in subalpine forest permanent plots in the colorado front range,,Influences of Stand Development and Climate on Above-Ground Biomass in Subalpine Forest Permanent Plots in the Colorado Front Range,2017,,chase,chase-citations,1,,,exclude,off-topic,
forest management to protect colorado s water resources a synthesis report to support house bill 16 1255,,Forest management to protect Colorado’s water resources: A synthesis report to support House Bill 16-1255,2017,,chase,chase-citations,1,,,exclude,off-topic,
title seed origin and warming constrain lodgepole pine recruitment slowing the pace of population range shifts running head provenance and warming limit pine populations,,"Title : Seed origin and warming constrain lodgepole pine recruitment , slowing the pace of population range shifts Running head : Provenance and warming limit pine populations",2017,,chase,chase-citations,1,,,exclude,off-topic,
translating mc 2 dgvm results into ecosystem services for climate change mitigation and adaptation,,Translating MC 2 DGVM Results into Ecosystem Services for Climate Change Mitigation and Adaptation,2017,,chase,chase-citations,1,,,exclude,duplicate,
influences of anthropogenic and bark beetle disturbances on breeding bird populations in the u s rocky mountains lessons from the american three toed woodpecker,,Influences of Anthropogenic and Bark Beetle Disturbances on Breeding Bird Populations in the U.s. Rocky Mountains: Lessons from the American Three-Toed Woodpecker,2016,,chase,chase-citations,1,,,exclude,wrong-population,
plant insect interactions mountain pine beetle host selection between lodgepole and ponderosa pines in the southern rocky mountains,,Plant–Insect Interactions Mountain Pine Beetle Host Selection Between Lodgepole and Ponderosa Pines in the Southern Rocky Mountains,2016,,chase,chase-citations,1,,,exclude,wrong-concept,
10.1007/978-3-319-47928-6_6,10.1007/978-3-319-47928-6_6,Insect-Pests in Dryland Agriculture and their Integrated Management,2016,,chase,chase-citations,1,,,exclude,off-topic,
forest biogeochemistry in response to drought 3,,FOREST BIOGEOCHEMISTRY IN RESPONSE TO DROUGHT 3,2015,,chase,chase-citations,1,,,exclude,not-english,
outbreak dynamics of the spruce bark beetle ips typographus in time and space,,Outbreak dynamics of the spruce bark beetle Ips typographus in time and space,2015,,chase,chase-citations,1,,,exclude,wrong-population,
quantifying forest mortality with the remote sensing of snow,,Quantifying forest mortality with the remote sensing of snow,2015,,chase,chase-citations,1,,,exclude,off-topic,
using maxent modeling to predict habitat of mountain pine beetle in response to climate change,,USING MAXENT MODELING TO PREDICT HABITAT OF MOUNTAIN PINE BEETLE IN RESPONSE TO CLIMATE CHANGE,2015,,chase,chase-citations,1,,,exclude,wrong-concept,
10.1016/b978-0-12-802749-3.00006-2,10.1016/B978-0-12-802749-3.00006-2,Bark Beetles and High-Severity Fires in Rocky Mountain Subalpine Forests,2015,,chase,chase-citations,1,,,exclude,wrong-population,
climate variability and the susceptibility of engelmann spruce to spruce beetle outbreak in northwestern colorado,,Climate variability and the susceptibility of Engelmann spruce to spruce beetle outbreak in northwestern Colorado,2014,,chase,chase-citations,1,,,exclude,wrong-population,
mountain pine beetle impacts on tree resources and growth release in lodgepole pine dominated subalpine forest,,Mountain pine beetle impacts on tree resources and growth release in lodgepole pine dominated subalpine forest,2013,,chase,chase-citations,1,,,exclude,wrong-concept,
causes and consequences of local variability in aroga websteri clarke abundance over space and time,,Causes and Consequences of Local Variability in Aroga Websteri Clarke Abundance Over Space and Time,2013,,chase,chase-citations,1,,,exclude,off-topic,
10.1016/b978-0-12-409548-9.09819-5,10.1016/B978-0-12-409548-9.09819-5,Trends in Biodiversity: Insects,2013,,chase,chase-citations,1,,,exclude,off-topic,
rocky mountain forests are poised to recover following bark rocky mountain forests are poised to recover following bark beetle outbreaks but with altered composition beetle outbreaks but with altered composition,,Rocky Mountain forests are poised to recover following bark Rocky Mountain forests are poised to recover following bark beetle outbreaks but with altered composition beetle outbreaks but with altered composition,,,chase,chase-citations,1,,,exclude,wrong-population,
10.1002/fee.2189,10.1002/fee.2189,Climate-change refugia: biodiversity in the slow lane,2020,Frontiers in Ecology and the Environment,chase,chase-citations chase-references,2,,,exclude,off-topic,
10.1111/gcb.14735,10.1111/gcb.14735,Wildfire refugia in forests: Severe fire weather and drought mute the influence of topography and fuel age,2019,Global Change Biology,chase,chase-references,1,,,exclude,off-topic,
10.1093/biosci/biy103,10.1093/biosci/biy103,"Fire Refugia: What Are They, and Why Do They Matter for Global Change?",2018,BioScience,chase,chase-references,2,,,exclude,off-topic,
10.1071/wf17141,10.1071/WF17141,Multitemporal LiDAR improves estimates of fire severity in forested landscapes,2018,,chase,chase-references,1,,,exclude,off-topic,
10.1111/ecog.03836,10.1111/ecog.03836,Microclimatic buffering in forests of the future: the role of local water balance,2018,Ecography,chase,chase-references,1,,,exclude,off-topic,
10.1007/s10592-018-1091-6,10.1007/s10592-018-1091-6,"Importance of landscape features and fire refuges on genetic diversity of Thuya occidentalis L., in boreal fire dominated landscapes",2018,Conservation Genetics,chase,chase-references,1,,,exclude,off-topic,
10.3390/f9050243,10.3390/F9050243,Composition and Structure of Forest Fire Refugia: What Are the Ecosystem Legacies across Burned Landscapes?,2018,,chase,chase-references,1,,,exclude,off-topic,
10.1111/jbi.13199,10.1111/jbi.13199,Radial growth response to climate change along the latitudinal range of the world's southernmost conifer in southern South America,2018,,chase,chase-references,1,,,exclude,off-topic,
10.1007/s40725-018-0075-6,10.1007/s40725-018-0075-6,Forest Insects and Climate Change,2018,Current Forestry Reports,chase,chase-references,1,,,exclude,off-topic,
10.1002/ecs2.2182,10.1002/ECS2.2182,Fire regimes approaching historic norms reduce wildfire-facilitated conversion from forest to non-forest.,2018,,chase,chase-references,1,,,exclude,off-topic,
10.1007/s11258-018-0808-4,10.1007/s11258-018-0808-4,The importance of fire refugia in the recolonization of a fire-sensitive conifer in northern Patagonia,2018,Plant Ecology,chase,chase-references,1,,,exclude,off-topic,
10.1111/ele.12889,10.1111/ele.12889,Evidence for declining forest resilience to wildfires under climate change.,2018,Ecology Letters,chase,chase-references,1,,,exclude,off-topic,
10.1111/nph.14774,10.1111/nph.14774,The genetics of drought tolerance in conifers.,2017,New Phytologist,chase,chase-references,1,,,exclude,off-topic,
10.1016/j.foreco.2017.05.017,10.1016/J.FORECO.2017.05.017,Mapping post-disturbance forest landscape composition with Landsat satellite imagery,2017,,chase,chase-references,1,,,exclude,off-topic,
10.1111/brv.12290,10.1111/brv.12290,"The ecology, distribution, conservation and management of large old trees",2017,Biological Reviews of The Cambridge Philosophical Society,chase,chase-references,1,,,exclude,off-topic,
10.1111/gcb.13629,10.1111/gcb.13629,"Hydrologic refugia, plants, and climate change",2017,Global Change Biology,chase,chase-references,2,,,exclude,off-topic,
10.1038/s41598-017-06747-2,10.1038/s41598-017-06747-2,Small fire refugia in the grassy matrix and the persistence of Afrotemperate forest in the Drakensberg mountains,2017,Scientific Reports,chase,chase-references,1,,,exclude,off-topic,
10.1002/ecs2.1632,10.1002/ECS2.1632,Topographic and fire weather controls of fire refugia in forested ecosystems of northwestern North America,2016,,chase,chase-references,2,,,exclude,off-topic,
10.1002/ecs2.2029,10.1002/ECS2.2029,Spatiotemporal patterns of unburned areas within fire perimeters in the northwestern United States from 1984 to 2014,2016,,chase,chase-references,1,,,exclude,off-topic,
10.1002/ecs2.1561,10.1002/ECS2.1561,Drought resistance across California ecosystems: evaluating changes in carbon dynamics using satellite imagery.,2016,,chase,chase-references,1,,,exclude,off-topic,
10.1038/srep35951,10.1038/srep35951,"Environmental hydro-refugia demonstrated by vegetation vigour in the Okavango Delta, Botswana",2016,Scientific Reports,chase,chase-references,1,,,exclude,off-topic,
10.1073/pnas.1607171113,10.1073/pnas.1607171113,Impact of anthropogenic climate change on wildfire across western US forests,2016,Proceedings of the National Academy of Sciences of the United States of America,chase,chase-references,1,,,exclude,off-topic,
10.1002/fee.1311,10.1002/FEE.1311,"Changing disturbance regimes, ecological memory, and forest resilience",2016,,chase,chase-references,1,,,exclude,off-topic,
10.1371/journal.pone.0159909,10.1371/journal.pone.0159909,Managing Climate Change Refugia for Climate Adaptation,2016,PLoS ONE,chase,chase-references,2,,,exclude,off-topic,
10.1073/pnas.1523397113,10.1073/pnas.1523397113,Progressive forest canopy water loss during the 2012–2015 California drought,2015,Proceedings of the National Academy of Sciences of the United States of America,chase,chase-references,1,,,exclude,off-topic,
10.3955/046.089.0305,10.3955/046.089.0305,Climate Contributors to Forest Mosaics: Ecological Persistence Following Wildfire,2015,,chase,chase-references,1,,,exclude,off-topic,
10.1071/wf15083,10.1071/WF15083,Climate change presents increased potential for very large fires in the contiguous United States,2015,,chase,chase-references,1,,,exclude,off-topic,
10.1016/j.foreco.2015.06.010,10.1016/J.FORECO.2015.06.010,"Global forest area disturbance from fire, insect pests, diseases and severe weather events",2015,,chase,chase-references,1,,,exclude,off-topic,
10.1126/science.aaa9933,10.1126/science.aaa9933,Temperate forest health in an era of emerging megadisturbance,2015,Science,chase,chase-references,1,,,exclude,off-topic,
10.1890/14-0487.1,10.1890/14-0487.1,Low-severity fire increases tree defense against bark beetle attacks.,2015,Ecology,chase,chase-references,1,,,exclude,wrong-population,
10.1890/140055,10.1890/140055,The capacity of refugia for conservation planning under climate change,2015,,chase,chase-references,2,,,exclude,off-topic,
10.1890/13-1851.1,10.1890/13-1851.1,Fire severity and tree regeneration following bark beetle outbreaks: the role of outbreak stage and burning conditions.,2014,Ecological Applications,chase,chase-references,1,,,exclude,wrong-population,
10.1111/1365-2664.12153,10.1111/1365-2664.12153,REVIEW: Refuges for fauna in fire‐prone landscapes: their ecological function and importance,2013,,chase,chase-references,1,,,exclude,off-topic,
10.1126/science.1244693,10.1126/science.1244693,High-Resolution Global Maps of 21st-Century Forest Cover Change,2013,Science,chase,chase-references,1,,,exclude,off-topic,
10.1111/ele.12151,10.1111/ele.12151,Climatic stress increases forest fire severity across the western United States.,2013,Ecology Letters,chase,chase-references,1,,,exclude,off-topic,
10.1111/gcb.12203,10.1111/gcb.12203,Evolutionary refugia and ecological refuges: key concepts for conserving Australian arid zone freshwater biodiversity under climate change,2013,Global Change Biology,chase,chase-references,1,,,exclude,off-topic,
10.1890/11-1479.1,10.1890/11-1479.1,"Ecosystem greenspots: identifying potential drought, fire, and climate-change micro-refuges.",2012,Ecological Applications,chase,chase-references,2,,,exclude,off-topic,
10.1111/j.1466-8238.2011.00686.x,10.1111/J.1466-8238.2011.00686.X,Refugia: identifying and understanding safe havens for biodiversity under climate change,2012,,chase,chase-references,2,,,exclude,off-topic,
10.1111/j.1365-2699.2011.02524.x,10.1111/j.1365-2699.2011.02524.x,Firescape ecology: how topography determines the contrasting distribution of fire and rain forest in the south‐west of the Tasmanian Wilderness World Heritage Area,2011,,chase,chase-references,1,,,exclude,off-topic,
10.1890/090157,10.1890/090157,The forgotten stage of forest succession: early-successional ecosystems on forest sites,2011,,chase,chase-references,1,,,exclude,off-topic,
10.1111/j.1365-2486.2010.02263.x,10.1111/j.1365-2486.2010.02263.x,A climatic basis for microrefugia: the influence of terrain on climate,2011,,chase,chase-references,2,,,include,,
10.1890/10-0097.1,10.1890/10-0097.1,Disturbance and landscape dynamics in a changing world.,2010,Ecology,chase,chase-references,1,,,exclude,off-topic,
10.1007/s10980-010-9480-3,10.1007/s10980-010-9480-3,"Effects of landscape patterns of fire severity on regenerating ponderosa pine forests (Pinus ponderosa) in New Mexico and Arizona, USA",2010,Landscape Ecology,chase,chase-references,1,,,exclude,off-topic,
10.1016/j.foreco.2009.09.001,10.1016/J.FORECO.2009.09.001,A global overview of drought and heat-induced tree mortality reveals emerging climate change risks for forests,2010,,chase,chase-references,2,,,exclude,off-topic,
10.1371/journal.pone.0005102,10.1371/journal.pone.0005102,Global Pyrogeography: the Current and Future Distribution of Wildfire,2009,PLoS ONE,chase,chase-references,1,,,exclude,off-topic,
10.1016/j.foreco.2007.06.044,10.1016/J.FORECO.2007.06.044,Spatially explicit modeling of mixed-severity fire regimes and landscape dynamics,2008,,chase,chase-references,1,,,exclude,off-topic,
10.1111/j.1469-8137.2006.01740.x,10.1111/J.1469-8137.2006.01740.X,A new scenario for the quaternary history of European beech populations: palaeobotanical evidence and genetic consequences.,2006,New Phytologist,chase,chase-references,1,,,exclude,off-topic,
10.1890/0012-9658(2003)084[0362:ibfasb]2.0.co;2,10.1890/0012-9658(2003)084[0362:IBFASB]2.0.CO;2,INTERACTIONS BETWEEN FIRE AND SPRUCE BEETLES IN A SUBALPINE ROCKY MOUNTAIN FOREST LANDSCAPE,2003,,chase,chase-references,1,,,exclude,wrong-population,
10.1890/1051-0761(1999)009[1179:ootuon]2.0.co;2,10.1890/1051-0761(1999)009[1179:OOTUON]2.0.CO;2,OVERVIEW OF THE USE OF NATURAL VARIABILITY CONCEPTS IN MANAGING ECOLOGICAL SYSTEMS,1999,,chase,chase-references,1,,,exclude,not-english,
10.1016/s0378-1127(97)00006-6,10.1016/S0378-1127(97)00006-6,Predicting late-successional fire refugia pre-dating European settlement in the Wenatchee Mountains,1997,,chase,chase-references,1,,,exclude,off-topic,
tribal ecocultural resources and engagement,,Tribal ecocultural resources and engagement,2018,,chase,chase-references,1,,,exclude,off-topic,
10.2737/pnw-gtr-970,10.2737/PNW-GTR-970,Synthesis of science to inform land management within the Northwest Forest Plan area: executive summary,2018,,chase,chase-references,1,,,exclude,off-topic,
east jemez landscape futures needs assessment and recommendations identifying cross boundary opportunities for management in altered landscapes,,East Jemez Landscape Futures needs assessment and recommendations: identifying cross-boundary opportunities for management in altered landscapes,2017,"Flagstaff, AZ: Northern Arizona University.",chase,chase-references,1,,,exclude,off-topic,
10.1071/pc030291,10.1071/PC030291,"Conserving Forest Biodiversity: A Comprehensive, Multiscaled Approach",2002,,chase,chase-references,1,,,exclude,off-topic,
10.2307/3543289,10.2307/3543289,Influence of forest fires on the North Swedish boreal forest,1977,,chase,chase-references,1,,,exclude,off-topic,
femat forest ecosystem management assessment team 1993 forest ecosystem management an ecological economic and social assessment,,"FEMAT (Forest Ecosystem Management Assessment Team). 1993. Forest ecosystem management: an ecological, economic, and social assessment",,,chase,chase-references,1,,,exclude,not-research,
10.1016/j.foreco.2026.123765,10.1016/j.foreco.2026.123765,Natural tree regeneration 11 years after prescribed burning with tree retention in the Fennoscandian boreal forest,2026,Forest Ecology and Management,chase,chase-citations,1,,,exclude,off-topic,
10.1016/j.quascirev.2026.109996,10.1016/j.quascirev.2026.109996,"Holocene hydroclimate, fire, and the persistence of coniferous sub-alpine rainforest in Tasmania, Australia",2026,Quaternary Science Reviews,chase,chase-citations,1,,,exclude,off-topic,
10.1016/j.tfp.2026.101414,10.1016/j.tfp.2026.101414,The Impacts of Biolegacy management on Forest Restoration and Recovery: A Meta-Analysis,2026,"Trees, Forests and People",chase,chase-citations,1,,,exclude,off-topic,
10.1111/csp2.70302,10.1111/csp2.70302,A robust method for mapping refugial capacity in montane forests,2026,Conservation Science and Practice,chase,chase-citations,1,,,exclude,off-topic,
10.1002/wmon.70014,10.1002/wmon.70014,Impacts of wildfire on spotted owls in California: a bioregional‐scale data synthesis,2026,Wildlife monographs,chase,chase-citations,1,,,exclude,off-topic,
10.1002/widm.70096,10.1002/widm.70096,Deep Learning for Satellite‐Based Forest Disturbance Monitoring: Recent Advances and Challenges,2026,WIREs Data Mining and Knowledge Discovery,chase,chase-citations,1,,,exclude,off-topic,
10.1002/wcc.70064,10.1002/wcc.70064,Ten Strategies to Promote Climate Resilience and Sustainability of Global Forests,2026,WIREs Climate Change,chase,chase-citations,1,,,exclude,off-topic,
10.1126/science.adx6329,10.1126/science.adx6329,Climate change will increase forest disturbances in Europe throughout the 21st century.,2026,Science,chase,chase-citations,1,,,exclude,off-topic,
10.1038/s41467-026-68480-7,10.1038/s41467-026-68480-7,Exposure of western United States bird communities to predicted high severity fire,2026,Nature Communications,chase,chase-citations,1,,,exclude,off-topic,
10.1038/s44304-025-00160-w,10.1038/s44304-025-00160-w,"Exposure and carbon risk for mature and old-growth forests from severe wildfire in the Pacific Northwest, U.S.A.",2026,npj Natural Hazards,chase,chase-citations,1,,,exclude,off-topic,
10.5194/essd-17-7359-2025,10.5194/essd-17-7359-2025,"The Western United States MTBS-Interagency database of large wildfires, 1984–2024 (WUMI2024a)",2025,Earth System Science Data,chase,chase-citations,1,,,exclude,off-topic,
10.1111/csp2.70173,10.1111/csp2.70173,"Fire refugia in forest ecosystems of the Pacific Northwest, USA: Science and applications for conservation, adaptation, and stewardship",2025,Conservation Science and Practice,chase,chase-citations,1,,,exclude,off-topic,
10.1111/csp2.70171,10.1111/csp2.70171,Integrating climate‐change exposure and refugia into landscape planning: A practical guide,2025,Conservation Science and Practice,chase,chase-citations,2,,,exclude,off-topic,
10.3389/ffgc.2025.1637821,10.3389/ffgc.2025.1637821,"Changing climate may drive large shifts in vegetation zones of Oregon, USA",2025,Frontiers in Forests and Global Change,chase,chase-citations,1,,,exclude,off-topic,
10.1186/s42408-025-00419-7,10.1186/s42408-025-00419-7,Repeated fire and extended drought influence forest resilience in Arizona Sky Islands,2025,Fire Ecology,chase,chase-citations,1,,,exclude,off-topic,
10.1016/j.foreco.2025.123075,10.1016/j.foreco.2025.123075,Shifts in suitability of pinyon-juniper communities: A climate adaptation framework for range-wide management of arid woodland resources,2025,Forest Ecology and Management,chase,chase-citations,1,,,exclude,off-topic,
10.1186/s42408-025-00391-2,10.1186/s42408-025-00391-2,Fitness consequences of catastrophic wildfire are mitigated by behavioral responses of an iconic bird,2025,Fire Ecology,chase,chase-citations,1,,,exclude,off-topic,
10.1002/ece3.72278,10.1002/ece3.72278,Moth Communities Reveal High Stability Despite Ongoing Compositional Shifts Over Five Years Following Hurricane Disturbance,2025,Ecology and Evolution,chase,chase-citations,1,,,exclude,off-topic,
10.1002/ecs2.70385,10.1002/ecs2.70385,"Climate, topography, or fuels? Top‐down versus bottom‐up controls on fire refugia across British Columbia, Canada",2025,Ecosphere,chase,chase-citations,1,,,exclude,off-topic,
10.1016/j.jhydrol.2025.134210,10.1016/j.jhydrol.2025.134210,Ecohydrological adaptation: A research and management framework for ecosystems in Australia’s drying and warming climate,2025,Journal of Hydrology,chase,chase-citations,1,,,exclude,off-topic,
10.1016/j.tfp.2025.101021,10.1016/j.tfp.2025.101021,Drought Stress Detected in Tree Rings Suggests an Impending Tipping Point for Forests on the Navajo Nation,2025,"Trees, Forests and People",chase,chase-citations,1,,,exclude,off-topic,
10.1016/j.jenvman.2025.126974,10.1016/j.jenvman.2025.126974,Resolving conservation conflict through fire refugia: Integrating landscape resilience into forest management.,2025,Journal of Environmental Management,chase,chase-citations,1,,,exclude,off-topic,
10.1007/s10980-025-02171-4,10.1007/s10980-025-02171-4,Characterizing climate- and fire-driven habitat vulnerability for an old-forest species,2025,Landscape Ecology,chase,chase-citations,1,,,exclude,off-topic,
10.1073/pnas.2420059122,10.1073/pnas.2420059122,High tree diversity exposed to unprecedented macroclimatic conditions even under minimal anthropogenic climate change,2025,Proceedings of the National Academy of Sciences of the United States of America,chase,chase-citations,1,,,exclude,off-topic,
10.3390/fire8060230,10.3390/fire8060230,Mapping Delayed Canopy Loss and Durable Fire Refugia for the 2020 Wildfires in Washington State Using Multiple Sensors,2025,Fire,chase,chase-citations,1,,,exclude,off-topic,
10.1016/j.foreco.2025.122622,10.1016/j.foreco.2025.122622,Disturbance history has limited influence on subalpine fir decline,2025,Forest Ecology and Management,chase,chase-citations,1,,,exclude,off-topic,
10.1016/j.foreco.2025.122663,10.1016/j.foreco.2025.122663,Canopy functional traits directly drive tree radial growth in subtropical forests,2025,Forest Ecology and Management,chase,chase-citations,1,,,exclude,off-topic,
10.1016/j.jag.2025.104560,10.1016/j.jag.2025.104560,A global systematic review of the remote sensing vegetation indices,2025,International Journal of Applied Earth Observation and Geoinformation,chase,chase-citations,1,,,exclude,off-topic,
10.1007/s10980-025-02111-2,10.1007/s10980-025-02111-2,Post-fire delayed tree mortality in mesic coniferous forests reduces fire refugia and seed sources,2025,Landscape Ecology,chase,chase-citations,1,,,exclude,off-topic,
10.1002/ecs2.70279,10.1002/ecs2.70279,"Hurricanes lead to declines in taxonomic, phylogenetic, and functional richness and shifts in moth community composition",2025,Ecosphere,chase,chase-citations,1,,,exclude,off-topic,
10.3389/ffgc.2025.1493879,10.3389/ffgc.2025.1493879,"Coordinating old-growth conservation across scales of space, time, and biodiversity: lessons from the US policy debate",2025,Frontiers in Forests and Global Change,chase,chase-citations,1,,,exclude,off-topic,
10.1098/rstb.2023.0464,10.1098/rstb.2023.0464,"Climate, vegetation, people: disentangling the controls of fire at different timescales",2025,"Philosophical transactions of the Royal Society of London. Series B, Biological sciences",chase,chase-citations,1,,,exclude,off-topic,
10.1111/1749-4877.12970,10.1111/1749-4877.12970,Spatial Dynamics and Lifespan of Adult Cicadas After Fire and Logging: A Radiotracking Study,2025,Integrative Zoology,chase,chase-citations,1,,,exclude,off-topic,
10.1111/icad.12821,10.1111/icad.12821,Assessing the effects of mowing intensity on the overwintering stem‐dwelling insect community of Solidago altissima L. (Asterales: Asteraceae),2025,Insect Conservation and Diversity,chase,chase-citations,1,,,exclude,off-topic,
10.1007/s44392-025-00015-2,10.1007/s44392-025-00015-2,Silviculture—More Complex Than Ever,2025,Journal of Forests,chase,chase-citations,1,,,exclude,off-topic,
10.1007/s10531-024-02978-8,10.1007/s10531-024-02978-8,Anthropogenically protected but naturally disturbed: a specialist carnivore at its southern range periphery,2024,Biodiversity and Conservation,chase,chase-citations,1,,,exclude,off-topic,
10.5325/jpoststud.8.2.0265,10.5325/jpoststud.8.2.0265,Toward Ethical Intervention in the Anthropocene: Saving Animals from Wildfires,2024,Journal of Posthuman Studies,chase,chase-citations,1,,,exclude,off-topic,
10.3389/fenvs.2024.1488401,10.3389/fenvs.2024.1488401,"Fog in western coastal ecosystems: inter-disciplinary challenges and opportunities with example concepts from the Pacific Northwest, USA",2024,Frontiers in Environmental Science,chase,chase-citations,1,,,exclude,off-topic,
10.1002/ecs2.70040,10.1002/ecs2.70040,A flexible data‐driven approach to co‐producing drought vulnerability assessments,2024,Ecosphere,chase,chase-citations,2,,,exclude,off-topic,
10.1016/j.foreco.2024.122072,10.1016/j.foreco.2024.122072,Reconciling species conservation and ecosystem resilience: Northern spotted owl habitat sustainability in a fire-dependent forest landscape,2024,Forest Ecology and Management,chase,chase-citations,1,,,exclude,off-topic,
10.1016/j.tree.2024.05.002,10.1016/j.tree.2024.05.002,Managing climate-change refugia to prevent extinctions.,2024,Trends in Ecology & Evolution,chase,chase-citations,1,,,exclude,off-topic,
10.1002/ecs2.70009,10.1002/ecs2.70009,Montane springs provide regeneration refugia after high‐severity wildfire,2024,Ecosphere,chase,chase-citations,1,,,exclude,off-topic,
10.1111/aec.13596,10.1111/aec.13596,Rock outcrops as interglacial refugia for plants: Ecological evidence from the forest‐steppe transition of Patagonia,2024,Austral ecology (Print),chase,chase-citations,1,,,exclude,off-topic,
10.1093/biosci/biae050,10.1093/biosci/biae050,Drought as an emergent driver of ecological transformation in the twenty-first century,2024,BioScience,chase,chase-citations,1,,,exclude,off-topic,
10.12688/openreseurope.17802.1,10.12688/openreseurope.17802.1,Integrated Fire Management and Closer to Nature Forest Management at the Landscape Scale as a Holistic Approach to Foster Forest Resilience to Wildfires,2024,Open Research Europe,chase,chase-citations,1,,,exclude,off-topic,
10.3389/frsus.2024.1398130,10.3389/frsus.2024.1398130,Bringing justice to habitat conservation with Indigenous refugia: potential for planning and management of Douglas-fir (Pseudotsuga menziesii var. glauca) in New Mexico,2024,Frontiers in Sustainability,chase,chase-citations,1,,,exclude,off-topic,
10.1002/ecs2.4805,10.1002/ecs2.4805,"Patterns, drivers, and implications of postfire delayed tree mortality in temperate conifer forests of the western United States",2024,Ecosphere,chase,chase-citations,1,,,exclude,off-topic,
10.1038/s41598-024-56943-0,10.1038/s41598-024-56943-0,Quantifying forest disturbance regimes within caribou (Rangifer tarandus) range in British Columbia,2024,Scientific Reports,chase,chase-citations,1,,,exclude,off-topic,
10.1071/wf22179,10.1071/wf22179,Incorporating burn heterogeneity with fuel load estimates may improve fire behaviour predictions in south-east Australian eucalypt forest,2024,International journal of wildland fire,chase,chase-citations,1,,,exclude,off-topic,
10.1002/ece3.10948,10.1002/ece3.10948,Invasive‐dominated grasslands in Hawaiʻi are resilient to disturbance,2024,Ecology and Evolution,chase,chase-citations,1,,,exclude,off-topic,
10.1016/j.agrformet.2023.109828,10.1016/j.agrformet.2023.109828,Higher soil moisture increases microclimate temperature buffering in temperate broadleaf forests,2024,Agricultural and Forest Meteorology,chase,chase-citations,1,,,exclude,off-topic,
10.1016/j.scitotenv.2024.170117,10.1016/j.scitotenv.2024.170117,Global pattern of forest disturbances and its shift under climate change.,2024,Science of the Total Environment,chase,chase-citations,1,,,exclude,off-topic,
10.1088/1748-9326/ad11bf,10.1088/1748-9326/ad11bf,"Fire refugia are robust across Western US forested ecoregions, 1986–2021",2023,Environmental Research Letters,chase,chase-citations,1,,,exclude,off-topic,
10.1016/j.foreco.2023.121430,10.1016/j.foreco.2023.121430,Fuels reduction can directly improve spotted owl foraging habitat in the Sierra Nevada,2023,Forest Ecology and Management,chase,chase-citations,1,,,exclude,off-topic,
10.3390/fire6120457,10.3390/fire6120457,Optimizing Wildfire Prevention through the Integration of Prescribed Burning into ‘Fire-Smart’ Land-Use Policies,2023,Fire,chase,chase-citations,1,,,exclude,off-topic,
10.1016/j.foreco.2023.121394,10.1016/j.foreco.2023.121394,"The effects of heterogeneity created by treefall, landslide, and stream on ground beetle assemblages in a primary beech forest",2023,Forest Ecology and Management,chase,chase-citations,1,,,exclude,wrong-population,
10.1186/s42408-023-00223-1,10.1186/s42408-023-00223-1,Characterizing post-fire delayed tree mortality with remote sensing: sizing up the elephant in the room,2023,Fire Ecology,chase,chase-citations,1,,,exclude,off-topic,
10.3389/ffgc.2023.1198156,10.3389/ffgc.2023.1198156,Mortality thresholds of juvenile trees to drought and heatwaves: implications for forest regeneration across a landscape gradient,2023,Frontiers in Forests and Global Change,chase,chase-citations,1,,,exclude,off-topic,
10.1111/gcb.16939,10.1111/gcb.16939,Refuge‐yeah or refuge‐nah? Predicting locations of forest resistance and recruitment in a fiery world,2023,Global Change Biology,chase,chase-citations,1,,,exclude,off-topic,
10.1016/j.jenvman.2023.118941,10.1016/j.jenvman.2023.118941,Mapping opportunities for the use of land management strategies to address fire risk in Europe.,2023,Journal of Environmental Management,chase,chase-citations,1,,,exclude,off-topic,
10.1007/s11629-023-7967-z,10.1007/s11629-023-7967-z,Influence of slope position and aspect on the vegetation attributes and tree-water relations in forests of the central Himalayas,2023,Journal of Mountain Science,chase,chase-citations,2,,,exclude,off-topic,
10.1111/1462-2920.16475,10.1111/1462-2920.16475,Prescribed fire selects for a pyrophilous soil sub-community in a northern California mixed conifer forest.,2023,Environmental Microbiology,chase,chase-citations,1,,,exclude,off-topic,
10.1111/ddi.13708,10.1111/ddi.13708,Phylogenetic community patterns suggest Central Indian tropical dry forests are structured by montane climate refuges,2023,Diversity and Distributions: A journal of biological invasions and biodiversity,chase,chase-citations,1,,,exclude,off-topic,
10.1016/j.biocon.2023.110077,10.1016/j.biocon.2023.110077,Pyrodiversity trade-offs: A simulation study of the effects of fire size and dispersal ability on native mammal populations in northern Australian savannas,2023,Biological Conservation,chase,chase-citations,1,,,exclude,off-topic,
10.3389/fevo.2023.1160598,10.3389/fevo.2023.1160598,Regional anthropogenic disturbance and species-specific niche traits influence the invasiveness of European beetle species,2023,Frontiers in Ecology and Evolution,chase,chase-citations,1,,,exclude,wrong-population,
10.1007/s40725-023-00187-0,10.1007/s40725-023-00187-0,Surviving in Changing Forests: Abiotic Disturbance Legacy Effects on Arthropod Communities of Temperate Forests,2023,Current Forestry Reports,chase,chase-citations,1,,,exclude,off-topic,
10.1002/ecs2.4510,10.1002/ecs2.4510,"Peatlands promote fire refugia in boreal forests of northern Alberta, Canada",2023,Ecosphere,chase,chase-citations,1,,,exclude,off-topic,
10.1111/gcb.16714,10.1111/gcb.16714,Applying climate change refugia to forest management and old‐growth restoration,2023,Global Change Biology,chase,chase-citations,1,,,exclude,off-topic,
10.3390/agriculture13030741,10.3390/agriculture13030741,YOLO-Based Light-Weight Deep Learning Models for Insect Detection System with Field Adaption,2023,Agriculture,chase,chase-citations,1,,,exclude,off-topic,
10.1073/pnas.2208120120,10.1073/pnas.2208120120,Reduced fire severity offers near-term buffer to climate-driven declines in conifer resilience across the western United States,2023,Proceedings of the National Academy of Sciences of the United States of America,chase,chase-citations,1,,,exclude,off-topic,
10.36930/40320605,10.36930/40320605,Зміни ландшафтів у Чорнобильській зоні відчуження після лісових пожеж 2022 року,2022,Scientific Bulletin of UNFU,chase,chase-citations,1,,,exclude,not-english,
10.1088/1748-9326/acab1b,10.1088/1748-9326/acab1b,Vegetation disturbances characterization in the Tibetan Plateau from 1986 to 2018 using Landsat time series and field observations,2022,Environmental Research Letters,chase,chase-citations,1,,,exclude,off-topic,
10.3389/ffgc.2022.925480,10.3389/ffgc.2022.925480,“Forest fire emissions: A contribution to global climate change”,2022,Frontiers in Forests and Global Change,chase,chase-citations,1,,,exclude,off-topic,
10.1098/rstb.2021.0082,10.1098/rstb.2021.0082,"Forest restoration in a time of fire: perspectives from tall, wet eucalypt forests subject to stand-replacing wildfires",2022,Philosophical Transactions of the Royal Society of London. Biological Sciences,chase,chase-citations,1,,,exclude,off-topic,
10.1111/geb.13588,10.1111/geb.13588,"Increasing threat of wildfires: the year 2020 in perspective: A
 Global Ecology and Biogeography
 special issue",2022,Global Ecology and Biogeography,chase,chase-citations,1,,,exclude,off-topic,
10.1016/j.foreco.2022.120321,10.1016/j.foreco.2022.120321,Concurrent assessment of functional types in extant vegetation and soil seed banks informs environmental constraints and mechanisms of plant community turnover in temperate forests of south-eastern Australia,2022,Forest Ecology and Management,chase,chase-citations,1,,,exclude,off-topic,
10.3389/ffgc.2022.946728,10.3389/ffgc.2022.946728,"Integration of landscape-level remote sensing and tree-level ecophysiology reveals drought refugia for a rare endemic, bigcone Douglas-fir",2022,Frontiers in Forests and Global Change,chase,chase-citations,1,,,exclude,off-topic,
10.3390/fire5050130,10.3390/fire5050130,The Fuel Moisture Index Based on Understorey Hygrochron iButton Humidity and Temperature Measurements Reliably Predicts Fine Fuel Moisture Content in Tasmanian Eucalyptus Forests,2022,Fire,chase,chase-citations,1,,,exclude,off-topic,
10.1007/s10980-022-01453-5,10.1007/s10980-022-01453-5,"Drought-induced forest dieback increases taxonomic, functional, and phylogenetic diversity of saproxylic beetles at both local and landscape scales",2022,Landscape Ecology,chase,chase-citations,1,,,exclude,wrong-population,
10.1111/geb.13555,10.1111/geb.13555,A possible role for river restoration enhancing biodiversity through interaction with wildfire,2022,Global Ecology and Biogeography,chase,chase-citations,1,,,exclude,off-topic,
10.2139/ssrn.4020770,10.2139/ssrn.4020770,Applications of Low-Cost Environmental Monitoring Systems for Fine-Scale Abiotic Measurements in Forest Ecology,2022,Social Science Research Network,chase,chase-citations,1,,,exclude,off-topic,
10.3389/ffgc.2022.890893,10.3389/ffgc.2022.890893,Interactions Between Fire Refugia and Climate-Environment Conditions Determine Mesic Subalpine Forest Recovery After Large and Severe Wildfires,2022,Frontiers in Forests and Global Change,chase,chase-citations,1,,,exclude,off-topic,
10.1186/s42408-022-00131-w,10.1186/s42408-022-00131-w,Vegetation type conversion in the US Southwest: frontline observations and management responses,2022,Fire Ecology,chase,chase-citations,1,,,exclude,off-topic,
10.1016/j.foreco.2022.120154,10.1016/j.foreco.2022.120154,Remnant trees location and abundance play different roles in forest landscape recovery,2022,Forest Ecology and Management,chase,chase-citations,1,,,exclude,off-topic,
10.1016/j.foreco.2022.120129,10.1016/j.foreco.2022.120129,Mechanisms of forest resilience,2022,Forest Ecology and Management,chase,chase-citations,1,,,exclude,off-topic,
10.1101/2022.04.15.488482,10.1101/2022.04.15.488482,Prescribed fire selects for a pyrophilous soil subcommunity in a northern California mixed conifer forest,2022,bioRxiv,chase,chase-citations,1,,,exclude,off-topic,
10.3390/cli10040058,10.3390/cli10040058,Adaptation Strategies and Approaches for Managing Fire in a Changing Climate,2022,Climate,chase,chase-citations,1,,,exclude,off-topic,
10.1016/j.foreco.2021.119924,10.1016/j.foreco.2021.119924,Effect of recent fuel reduction treatments on wildfire severity in southeast Australian Eucalyptus sieberi forests,2022,Forest Ecology and Management,chase,chase-citations,1,,,exclude,off-topic,
10.1016/j.foreco.2021.119796,10.1016/j.foreco.2021.119796,"Post-fire landscape evaluations in Eastern Washington, USA: Assessing the work of contemporary wildfires",2022,Forest Ecology and Management,chase,chase-citations,1,,,exclude,off-topic,
10.1016/j.foreco.2021.119680,10.1016/j.foreco.2021.119680,Tamm Review: Ecological principles to guide post-fire forest landscape management in the Inland Pacific and Northern Rocky Mountain regions,2022,Forest Ecology and Management,chase,chase-citations,1,,,exclude,off-topic,
10.21203/rs.3.rs-1052733/v1,10.21203/rs.3.rs-1052733/v1,Drought-induced Forest Dieback Increases Taxonomic and Functional Diversity But Not Phylogenetic Diversity of Saproxylic Beetles at Both Local and Landscape Scales,2021,,chase,chase-citations,1,,,exclude,wrong-population,
10.1016/j.foreco.2021.119678,10.1016/j.foreco.2021.119678,Tamm Review: Postfire landscape management in frequent-fire conifer forests of the southwestern United States,2021,Forest Ecology and Management,chase,chase-citations,1,,,exclude,off-topic,
10.1080/10549811.2021.1992637,10.1080/10549811.2021.1992637,The Impact of Invasive Buckthorn on Ecosystem Services and its Potential for Bioenergy Production: A review,2021,Journal of Sustainable Forestry,chase,chase-citations,1,,,exclude,off-topic,
10.3390/fire4040078,10.3390/fire4040078,"Mixed-Severity Wildfire as a Driver of Vegetation Change in an Arizona Madrean Sky Island System, USA",2021,Fire,chase,chase-citations,1,,,exclude,off-topic,
10.1111/cobi.13847,10.1111/cobi.13847,Climate adaptation of biodiversity conservation in managed forest landscapes,2021,Conservation Biology,chase,chase-citations,1,,,exclude,off-topic,
10.1016/j.ecolind.2021.107885,10.1016/J.ECOLIND.2021.107885,Land snail microclimate niches identify suitable areas for climate refugia management on a montane landscape,2021,,chase,chase-citations,1,,,exclude,off-topic,
10.1016/j.foreco.2021.119516,10.1016/J.FORECO.2021.119516,Subalpine tree seedlings: Assessing aging methodology and drivers of establishment,2021,,chase,chase-citations,1,,,exclude,off-topic,
10.1111/pce.14176,10.1111/pce.14176,Limits to post-fire vegetation recovery under climate change.,2021,"Plant, Cell and Environment",chase,chase-citations,1,,,exclude,off-topic,
10.1002/eap.2431,10.1002/eap.2431,"Evidence for widespread changes in the structure, composition, and fire regimes of western North American forests",2021,Ecological Applications,chase,chase-citations,1,,,exclude,off-topic,
10.1002/eap.2433,10.1002/eap.2433,Adapting western North American forests to climate change and wildfires: 10 common questions,2021,Ecological Applications,chase,chase-citations,1,,,exclude,off-topic,
10.1111/csp2.497,10.1111/csp2.497,Toward climate change refugia conservation at an ecoregion scale,2021,Conservation Science and Practice,chase,chase-citations,1,,,exclude,off-topic,
10.3390/rs13132537,10.3390/rs13132537,Multi-Scale Spatiotemporal Change Characteristics Analysis of High-Frequency Disturbance Forest Ecosystem Based on Improved Spatiotemporal Cube Model,2021,Remote Sensing,chase,chase-citations,1,,,exclude,off-topic,
10.1002/eap.2395,10.1002/eap.2395,Mapping the vulnerability of giant sequoias after extreme drought in California using remote sensing.,2021,Ecological Applications,chase,chase-citations,1,,,exclude,off-topic,
10.1186/s13717-021-00320-6,10.1186/s13717-021-00320-6,Using “management mosaics” to mitigate the impacts from extreme wildfires,2021,Ecological Processes,chase,chase-citations,1,,,exclude,off-topic,
10.1111/1365-2664.13911,10.1111/1365-2664.13911,Episodic occurrence of favourable weather constrains recovery of a cold desert shrubland after fire,2021,Journal of Applied Ecology,chase,chase-citations,1,,,exclude,off-topic,
10.1007/s10584-021-03140-x,10.1007/s10584-021-03140-x,Future fire-driven landscape changes along a southwestern US elevation gradient,2021,Climatic Change,chase,chase-citations,1,,,exclude,off-topic,
10.1111/gcb.15655,10.1111/gcb.15655,Where and why do conifer forests persist in refugia through multiple fire events?,2021,Global Change Biology,chase,chase-citations,1,,,exclude,off-topic,
10.1111/gcb.15645,10.1111/gcb.15645,Maximizing the effectiveness of national commitments to protected area expansion for conserving biodiversity and ecosystem carbon under climate change,2021,Global Change Biology,chase,chase-citations,1,,,exclude,off-topic,
10.1007/s11258-022-01233-w,10.1007/s11258-022-01233-w,Climate refugia for Pinus spp. in topographic and bioclimatic environments of the Madrean sky islands of México and the United States,2021,Plant Ecology,chase,chase-citations,1,,,exclude,off-topic,
10.1016/j.foreco.2020.118868,10.1016/j.foreco.2020.118868,Assessing the quality of fire refugia for wildlife habitat,2021,,chase,chase-citations,1,,,exclude,off-topic,
10.1088/1748-9326/abe57e,10.1088/1748-9326/abe57e,Topography not tenure controls extent of wildfire within Mountain Ash forests,2021,,chase,chase-citations,1,,,exclude,off-topic,
10.3390/d13020067,10.3390/D13020067,Conserving Refugia: What Are We Protecting and Why?,2021,,chase,chase-citations,1,,,exclude,off-topic,
10.3390/f12010005,10.3390/f12010005,Forest Fire Probability Mapping in Eastern Serbia: Logistic Regression versus Random Forest Method,2020,Forests,chase,chase-citations,1,,,exclude,off-topic,
10.3390/fire3040063,10.3390/fire3040063,Evaluating Socioecological Wildfire Effects in Greece with a Novel Numerical Index,2020,,chase,chase-citations,1,,,exclude,off-topic,
10.1038/s41598-020-75273-5,10.1038/s41598-020-75273-5,"Topographic, soil, and climate drivers of drought sensitivity in forests and shrublands of the Pacific Northwest, USA",2020,Scientific Reports,chase,chase-citations,2,,,exclude,off-topic,
10.1111/geb.13174,10.1111/geb.13174,A changing climate is snuffing out post‐fire recovery in montane forests,2020,Global Ecology and Biogeography,chase,chase-citations,1,,,exclude,off-topic,
10.1002/fee.2204,10.1002/fee.2204,"Topoclimates, refugia, and biotic responses to climate change",2020,Frontiers in Ecology and the Environment,chase,chase-citations,1,,,exclude,off-topic,
10.1002/fee.2208,10.1002/fee.2208,Vegetation refugia can inform climate‐adaptive land management under global warming,2020,Frontiers in Ecology and the Environment,chase,chase-citations,1,,,exclude,off-topic,
10.1002/fee.2188,10.1002/fee.2188,"Climate‐change refugia in boreal North America: what, where, and for how long?",2020,Frontiers in Ecology and the Environment,chase,chase-citations,1,,,exclude,off-topic,
10.1111/ele.13685,10.1111/ele.13685,How disturbance history alters invasion success: biotic legacies and regime change,2020,Ecology Letters,chase,chase-citations,1,,,exclude,off-topic,
10.1590/s0103-4014.202438112.013,10.1590/s0103-4014.202438112.013,Desmatamento restringe refúgios climáticos na Amazônia,2024,Estudos Avançados,chase,chase-citations,1,,,exclude,not-english,
peatlands reduce fire severity and promote fire refugia in boreal forests,,Peatlands Reduce Fire Severity and Promote Fire Refugia in Boreal Forests,2022,,chase,chase-citations,1,,,exclude,off-topic,
10.1109/access.2022.3163380,10.1109/ACCESS.2022.3163380,Comparison of Deep Learning Techniques for Classification of the Insects in Order Level with Mobile Software Application,2022,IEEE Access,chase,chase-citations,1,,,exclude,off-topic,
10.1007/978-3-030-73267-7_10,10.1007/978-3-030-73267-7_10,Fire Ecology and Management in Pacific Northwest Forests,2021,"Fire Ecology and Management: Past, Present, and Future of US Forested Ecosystems",chase,chase-citations,1,,,exclude,off-topic,
10.1007/978-3-030-73267-7_8,10.1007/978-3-030-73267-7_8,Fire Ecology of Rocky Mountain Forests,2021,"Fire Ecology and Management: Past, Present, and Future of US Forested Ecosystems",chase,chase-citations,1,,,exclude,off-topic,
10.1007/978-3-030-69815-7_9,10.1007/978-3-030-69815-7_9,"Fire Effects on Plants, Soils, and Animals",2021,Fire Science,chase,chase-citations,1,,,exclude,off-topic,
a science agenda to inform natural resource management decisions in an era of ecological transformation,,A Science Agenda to Inform Natural Resource Management Decisions in an Era of Ecological Transformation,2021,,chase,chase-citations,1,,,exclude,off-topic,
betydningen av størrelse og mangfold av naturtyper for skogområders naturverdi en kunnskapsgjennomgang,,Betydningen av størrelse og mangfold av naturtyper for skogområders naturverdi. En kunnskapsgjennomgang,2020,,chase,chase-citations,1,,,exclude,not-english,
drought as an emergent driver of ecological transformation in the drought as an emergent driver of ecological transformation in the twenty first century twenty first century,,Drought as an emergent driver of ecological transformation in the Drought as an emergent driver of ecological transformation in the twenty-first century twenty-first century,,,chase,chase-citations,1,,,exclude,not-research,
fire in focus clarifying metrics and terminology for better ecological insight,,Fire in focus: Clarifying metrics and terminology for better ecological insight,,,chase,chase-citations,1,,,exclude,not-research,
generalized boosted regression models r package gbm version 2 1 8,,Generalized Boosted Regression Models [R package gbm version 2.1.8],2020,,chase,chase-references,1,,,exclude,not-research,
10.1139/cjfr-2017-0374,10.1139/CJFR-2017-0374,"Do low-elevation ravines provide climate refugia for subalpine limber pine (Pinus flexilis) in the Great Basin, USA?",2018,Canadian Journal of Forest Research,chase,chase-references,1,,,exclude,off-topic,
10.1111/pce.12985,10.1111/pce.12985,Defence syndromes in lodgepole - whitebark pine ecosystems relate to degree of historical exposure to mountain pine beetles.,2017,"Plant, Cell and Environment",chase,chase-references,1,,,exclude,wrong-concept,
10.1371/journal.pone.0169748,10.1371/journal.pone.0169748,SoilGrids250m: Global gridded soil information based on machine learning,2017,PLoS ONE,chase,chase-references,1,,,exclude,off-topic,
10.1111/ecog.02788,10.1111/ECOG.02788,Climatic microrefugia under anthropogenic climate change: implications for species redistribution,2017,,chase,chase-references,1,,,exclude,off-topic,
10.1016/j.rse.2016.07.004,10.1016/J.RSE.2016.07.004,Assessing the role of climate and resource management on groundwater dependent ecosystem changes in arid environments with the Landsat archive,2016,,chase,chase-references,1,,,exclude,off-topic,
10.1016/j.rse.2016.03.027,10.1016/J.RSE.2016.03.027,Quantifying drought-induced tree mortality in the open canopy woodlands of central Texas,2016,,chase,chase-references,1,,,exclude,off-topic,
10.1016/j.foreco.2016.01.017,10.1016/J.FORECO.2016.01.017,Spatial and temporal trends of drought effects in a heterogeneous semi-arid forest ecosystem.,2016,,chase,chase-references,1,,,exclude,off-topic,
10.1890/es15-00058.1,10.1890/ES15-00058.1,"Disturbance interactions: characterization, prediction, and the potential for cascading effects",2015,,chase,chase-references,1,,,exclude,off-topic,
10.1007/s00442-015-3287-5,10.1007/s00442-015-3287-5,The role of dew in Negev Desert plants,2015,Oecologia,chase,chase-references,1,,,exclude,off-topic,
10.1890/es14-00296.1,10.1890/ES14-00296.1,Topography alters tree growth–climate relationships in a semi‐arid forested catchment,2014,,chase,chase-references,1,,,exclude,wrong-population,
10.1007/s10980-014-0112-1,10.1007/s10980-014-0112-1,Ecosystem greenspots pass the first test,2014,Landscape Ecology,chase,chase-references,1,,,exclude,off-topic,
10.1080/01431161.2014.930205,10.1080/01431161.2014.930205,"Evaluating drought response of Southern Cape Indigenous Forests, South Africa, using MODIS data",2014,,chase,chase-references,1,,,exclude,off-topic,
10.1016/j.rse.2013.11.006,10.1016/J.RSE.2013.11.006,"Mapping forest growth and decline in a temperate mixed forest using temporal trend analysis of Landsat imagery, 1987–2010",2014,,chase,chase-references,1,,,exclude,off-topic,
10.1002/2013wr014364,10.1002/2013WR014364,On the observed ecohydrologic dynamics of a semiarid basin with aspect‐delimited ecosystems,2013,,chase,chase-references,1,,,exclude,off-topic,
10.1111/gcbb.12026,10.1111/gcbb.12026,Assessing potential of biochar for increasing water‐holding capacity of sandy soils,2013,,chase,chase-references,1,,,exclude,off-topic,
10.1111/j.1466-8238.2011.00745.x,10.1111/J.1466-8238.2011.00745.X,Reconstructing spatial vulnerability to forest loss by fire in pre‐historic New Zealand,2012,,chase,chase-references,1,,,exclude,off-topic,
10.1007/s10980-012-9770-z,10.1007/s10980-012-9770-z,"Integrating local breeding pond, landcover, and climate factors in predicting amphibian distributions",2012,Landscape Ecology,chase,chase-references,1,,,exclude,off-topic,
10.1016/j.rse.2011.06.027,10.1016/J.RSE.2011.06.027,Monitoring gradual ecosystem change using Landsat time series analyses: case studies in selected forest and rangeland ecosystems,2012,,chase,chase-references,1,,,exclude,off-topic,
10.1111/j.1365-2486.2011.02592.x,10.1111/j.1365-2486.2011.02592.x,Large drought‐induced aboveground live biomass losses in southern Rocky Mountain aspen forests,2012,,chase,chase-references,1,,,exclude,off-topic,
10.1186/2192-1709-1-2,10.1186/2192-1709-1-2,Downscaling future climate scenarios to fine scales for hydrologic and ecological modeling and analysis,2012,Ecological Processes,chase,chase-references,1,,,exclude,off-topic,
10.1016/j.foreco.2011.08.002,10.1016/J.FORECO.2011.08.002,Modeling topographic influences on fuel moisture and fire danger in complex terrain to improve wildland fire management decision support,2011,,chase,chase-references,1,,,exclude,off-topic,
10.1002/hyp.8281,10.1002/hyp.8281,Aspect influences on soil water retention and storage,2011,,chase,chase-references,1,,,exclude,off-topic,
10.1029/2011wr010666,10.1029/2011WR010666,"Hierarchical controls on runoff generation: Topographically driven hydrologic connectivity, geology, and vegetation",2011,,chase,chase-references,1,,,exclude,off-topic,
10.1111/j.1365-2486.2010.02292.x,10.1111/j.1365-2486.2010.02292.x,Multiscale topoedaphic heterogeneity increases resilience and resistance of a dominant grassland species to extreme drought and climate change,2011,,chase,chase-references,1,,,exclude,off-topic,
10.1111/j.1365-2699.2010.02300.x,10.1111/j.1365-2699.2010.02300.x,Identifying refugia from climate change,2010,,chase,chase-references,1,,,exclude,off-topic,
10.1007/s00442-009-1496-5,10.1007/s00442-009-1496-5,Tree squirrel habitat selection and predispersal seed predation in a declining subalpine conifer,2010,Oecologia,chase,chase-references,1,,,exclude,off-topic,
10.1111/j.1365-2699.2008.02025.x,10.1111/j.1365-2699.2008.02025.x,Significance of summer fog and overcast for drought stress and ecological functioning of coastal California endemic plant species,2009,,chase,chase-references,1,,,exclude,off-topic,
10.1890/07-1289.1,10.1890/07-1289.1,Environmental controls on the distribution of wildfire at multiple spatial scales,2009,,chase,chase-references,1,,,exclude,off-topic,
10.1029/2008jd009879,10.1029/2008JD009879,Automated algorithm for mapping regions of cold-air pooling in complex terrain,2008,,chase,chase-references,1,,,exclude,off-topic,
10.14358/pers.74.11.1379,10.14358/PERS.74.11.1379,Conterminous U.S. and Alaska Forest Type Mapping Using Forest Inventory and Analysis Data,2008,,chase,chase-references,1,,,exclude,off-topic,
10.1111/j.1365-2656.2008.01390.x,10.1111/j.1365-2656.2008.01390.x,A working guide to boosted regression trees.,2008,Journal of Animal Ecology,chase,chase-references,1,,,exclude,off-topic,
10.4996/fireecology.0301003,10.4996/FIREECOLOGY.0301003,A Project for Monitoring Trends in Burn Severity,2007,,chase,chase-references,1,,,exclude,off-topic,
10.1175/jhm539.1,10.1175/JHM539.1,Onset of Snowmelt and Streamflow in 2004 in the Western United States: How Shading May Affect Spring Streamflow Timing in a Warmer World,2006,,chase,chase-references,1,,,exclude,off-topic,
10.1016/j.foreco.2006.08.013,10.1016/J.FORECO.2006.08.013,"Snow accumulation in thinned lodgepole pine stands, Montana, USA",2006,,chase,chase-references,1,,,exclude,off-topic,
10.1016/j.foreco.2005.07.014,10.1016/J.FORECO.2005.07.014,"Drought triggered tree mortality in mixed conifer forests in Yosemite National Park, California, USA",2005,,chase,chase-references,1,,,exclude,off-topic,
10.1641/0006-3568(2001)051[0723:ccafd]2.0.co;2,10.1641/0006-3568(2001)051[0723:CCAFD]2.0.CO;2,Climate Change and Forest Disturbances,2001,,chase,chase-references,1,,,exclude,off-topic,
10.1175/1520-0442(2001)014<0336:ssiiat>2.0.co;2,10.1175/1520-0442(2001)014<0336:SSIIAT>2.0.CO;2,Snow-Shrub Interactions in Arctic Tundra: A Hypothesis with Climatic Implications,2001,,chase,chase-references,1,,,exclude,off-topic,
10.1214/aos/1016218223,10.1214/AOS/1016218223,Special Invited Paper-Additive logistic regression: A statistical view of boosting,2000,,chase,chase-references,1,,,exclude,off-topic,
10.1139/cjfr-30-1-44,10.1139/CJFR-30-1-44,Susceptibility of lodgepole pine stands to the mountain pine beetle : testing of a rating system,2000,,chase,chase-references,1,,,include,,
10.1002/(sici)1099-1085(199910)13:14/15<2423::aid-hyp853>3.0.co;2-u,10.1002/(SICI)1099-1085(199910)13:14/15<2423::AID-HYP853>3.0.CO;2-U,A distributed model of blowing snow over complex terrain,1999,,chase,chase-references,1,,,exclude,off-topic,
10.1023/a:1008017711917,10.1023/A:1008017711917,Plant-pest interactions in time and space: A Douglas-fir bark beetle outbreak as a case study,1999,Landscape Ecology,chase,chase-references,1,,,exclude,wrong-population,
10.1046/j.1365-2699.1998.00233.x,10.1046/j.1365-2699.1998.00233.x,Actual evapotranspiration and deficit: biologically meaningful correlates of vegetation distribution across spatial scales,1998,,chase,chase-references,1,,,exclude,off-topic,
10.1023/a:1005302626066,10.1023/A:1005302626066,REGIONAL DEPENDENCY OF PRECIPITATION-ALTITUDE RELATIONSHIP IN THE SWISS ALPS,1997,,chase,chase-references,1,,,exclude,not-english,
10.1175/1520-0450(1994)033<0140:astmfm>2.0.co;2,10.1175/1520-0450(1994)033<0140:ASTMFM>2.0.CO;2,A Statistical-Topographic Model for Mapping Climatological Precipitation over Mountainous Terrain,1994,,chase,chase-references,1,,,exclude,off-topic,
10.1029/91wr01585,10.1029/91WR01585,"Effects of Rainfall, Vegetation, and Microtopography on Infiltration and Runoff",1991,,chase,chase-references,1,,,exclude,off-topic,
10.1126/science.3287615,10.1126/SCIENCE.3287615,Measuring the accuracy of diagnostic systems.,1988,Science,chase,chase-references,1,,,exclude,off-topic,
10.1093/ee/2.4.541,10.1093/EE/2.4.541,Population Changes of the Mountain Pine Beetle in Relation to Elevation,1973,,chase,chase-references,1,,,include,,
10.2307/1929755,10.2307/1929755,"An Alpine Snowbank Environment and Its Effects on Vegetation, Plant Development, and Productivity",1959,,chase,chase-references,1,,,exclude,off-topic,
role of drought in outbreaks of plant eating insects role of drought in outbreaks of plant eating insects,,Role of Drought in Outbreaks of Plant-Eating Insects Role of Drought in Outbreaks of Plant-Eating Insects,2018,,chase,chase-references,1,,,exclude,off-topic,
r a language and environment for statistical computing,,R: A language and environment for statistical computing.,2014,,chase,chase-references,1,,,exclude,not-research,
evaluating methods to detect bark beetle caused tree mortality using single date and multi date landsat imagery,,Evaluating methods to detect bark beetle-caused tree mortality using single-date and multi-date Landsat imagery,2013,,chase,chase-references,1,,,exclude,wrong-population,
10.2737/rmrs-gtr-279,10.2737/RMRS-GTR-279,A range-wide restoration strategy for whitebark pine (Pinus albicaulis),2012,,chase,chase-references,1,,,exclude,off-topic,
the relevance of fog and dew precipitation to succulent plant hydrology in an arid south african ecosystem,,The relevance of fog and dew precipitation to succulent plant hydrology in an arid South African ecosystem,2009,,chase,chase-references,1,,,exclude,off-topic,
estimation of insect infestation dynamics using a temporal sequence of landsat data remote sensing of environment,,Estimation of insect infestation dynamics using a temporal sequence of Landsat data Remote Sensing of Environment,2008,,chase,chase-references,1,,,exclude,off-topic,
10.1016/s1936-7961(08)00205-4,10.1016/S1936-7961(08)00205-4,"Chapter 5 Effects of Wind, Terrain, and Vegetation on Snow Pack",2008,,chase,chase-references,1,,,exclude,off-topic,
whitebark pine guidelines for planting prescriptions,,Whitebark Pine Guidelines for Planting Prescriptions,2006,,chase,chase-references,1,,,exclude,off-topic,
10.2136/sssaj2005.0215,10.2136/SSSAJ2005.0215,Seedling Root Growth as a Function of Soil Density and Water Content,2005,,chase,chase-references,1,,,exclude,off-topic,
10.5860/choice.39-0309,10.5860/choice.39-0309,Whitebark Pine Communities: Ecology and Restoration,2001,,chase,chase-references,1,,,exclude,off-topic,
10.1175/1087-3562(1998)002<0001:acusms>2.3.co;2,10.1175/1087-3562(1998)002<0001:ACUSMS>2.3.CO;2,A Conterminous United States Multilayer Soil Characteristics Dataset for Regional Climate and Hydrology Modeling,1998,,chase,chase-references,1,,,exclude,off-topic,
endangered and threatened wildlife and plants,,Endangered and threatened wildlife and plants,1987,,chase,chase-references,1,,,exclude,not-research,
the role of drought in outbreaks of plant eating insects,,The Role of Drought in Outbreaks of Plant-eating Insects,1987,,chase,chase-references,1,,,exclude,off-topic,
http spei,,http://spei,2017,csic.es/database.html,chase,chase-references,1,,,exclude,not-research,
national individual tree species atlas u s forest service forest health technology enterprise team,,"National Individual Tree Species Atlas; U.S. Forest Service, Forest Health Technology Enterprise Team",2015,,chase,chase-references,1,,,exclude,off-topic,
analysis of remotely sensed vegetation conditions during droughts and a mountain pine beetle outbreak,,Analysis of Remotely-sensed Vegetation Conditions during Droughts and a Mountain Pine Beetle Outbreak,,,chase,chase-references,1,,,exclude,not-research,
global spei database speibase version 2 4 u s forest service aerial insect and disease survey gis data for oregon and washington 1947 present,,"Global SPEI Database , SPEIbase Version 2 . 4 U . S . Forest Service Aerial Insect and Disease Survey GIS Data for Oregon and Washington 1947 - Present",,,chase,chase-references,1,,,exclude,not-research,
prism data explorer time series values for individual locations,,PRISM Data Explorer : Time Series Values for Individual Locations,1982,"Mineral . Resource Potential of the Gearhart Mountain Wilderness and Roadless Area , Lake and Klamath Counties , Oregon",chase,chase-references,1,,,exclude,not-research,
gbm generalized boosted regression models r package version 2 1 3 available online https cran r project org web packages gbm gbm pdf accessed on 1 may 2017,,"Gbm: Generalized Boosted Regression Models, R Package Version 2.1.3. Available online: https://cran.r-project.org/web/packages/gbm/gbm.pdf (accessed on 1 May 2017)",2017,,chase,chase-references,1,,,exclude,not-research,
preventative management,,Preventative management,2006,,chase,chase-references,1,,,exclude,off-topic,
product guide landsat surface reflectance derived spectral indices,,Product Guide: Landsat Surface Reflectance-Derived Spectral Indices,2016,USGS Earth Resources Observation and Science,chase,chase-references,1,,,exclude,not-research,
conserving nature s stage identifying resilient terrestrial landscapes in the pacific northwest,,Conserving Nature's Stage: Identifying Resilient Terrestrial Landscapes in the Pacific Northwest,2015,,chase,chase-references,1,,,exclude,off-topic,
landfire program landfire data distribution site,,LandFire Program LandFire Data Distribution Site,,,chase,chase-references,1,,,exclude,not-research,
geological survey national elevation dataset ned,,Geological Survey National Elevation Dataset (NED),,,chase,chase-references,1,,,exclude,not-research,
resource potential of the gearhart mountain wilderness and roadless area lake and klamath counties oregon u s,,"Resource Potential of the Gearhart Mountain Wilderness and Roadless Area, Lake and Klamath Counties, Oregon; U.S",1982,"Geological Survey: Reston, VA,",chase,chase-references,1,,,exclude,not-research,
10.1016/j.ecolind.2026.115064,10.1016/j.ecolind.2026.115064,Analyzing spatio-temporal patterns of crown dieback and dead forest trees detected by AI and aerial RGB imagery,2026,Ecological Indicators,chase,chase-citations,1,,,exclude,off-topic,
10.1111/ddi.70146,10.1111/ddi.70146,Designing a Spatial Framework to Create Refugia‐Probability Maps for Conservation Planning: Applications in the Canary Islands,2026,Diversity and Distributions: A journal of biological invasions and biodiversity,chase,chase-citations,1,,,exclude,off-topic,
10.1093/forsci/fxad036,10.1093/forsci/fxad036,Can Moisture-Indicating Understory Plants Be Used to Predict Survivorship of Large Lodgepole Pine Trees During Severe Outbreaks of Mountain Pine Beetle?,2023,Forestry sciences,chase,chase-citations,1,,,exclude,wrong-concept,
10.1016/j.foreco.2022.120389,10.1016/j.foreco.2022.120389,Integrating forest health conditions and species adaptive capacities to infer future trajectories of the high elevation five-needle white pines,2022,Forest Ecology and Management,chase,chase-citations,1,,,exclude,off-topic,
10.3390/fire5020041,10.3390/fire5020041,Extreme Winds Alter Influence of Fuels and Topography on Megafire Burn Severity in Seasonal Temperate Rainforests under Record Fuel Aridity,2022,Fire,chase,chase-citations,1,,,exclude,off-topic,
10.1111/acv.12763,10.1111/acv.12763,Remotely sensed vegetation productivity predicts breeding activity and drought refuges for a threatened bird in semi‐arid Australia,2022,Animal Conservation,chase,chase-citations,1,,,exclude,off-topic,
10.1016/j.oneear.2020.08.019,10.1016/J.ONEEAR.2020.08.019,Unfamiliar Territory: Emerging Themes for Ecological Drought Research and Management,2020,One Earth,chase,chase-citations,1,,,exclude,off-topic,
10.1002/fee.2190,10.1002/fee.2190,"Disturbance refugia within mosaics of forest fire, drought, and insect outbreaks",2020,Frontiers in Ecology and the Environment,chase,chase-citations,1,krawchuk2020disturbance,krawchuk2020disturbance,include,,yes
10.1139/cjfr-2019-0406,10.1139/cjfr-2019-0406,"Influence of topography and fuels on fire refugia probability under varying fire weather conditions in forests of the Pacific Northwest, USA",2020,,chase,chase-citations,1,,,exclude,off-topic,
10.1093/conphys/coz115,10.1093/conphys/coz115,Plant hydraulic traits reveal islands as refugia from worsening drought,2020,Conservation Physiology,chase,chase-citations,1,,,exclude,off-topic,
using genetics to distinguish limber from whitebark pine,,Using genetics to distinguish limber from whitebark pine,2020,,chase,chase-citations,1,,,exclude,off-topic,
grey-whitehead2005,,Beetle-proofed lodgepole pine stands in British Columbia have less damage from mountain pine beetle,2005,"Natural Resources Canada, Canadian Forest Service, Pacific Forestry Centre, Information Report BC-X-402",q2,grey,1,,,include,,
grey-safranyik1975,,"An interpretation of the interaction between lodgepole pine, the mountain pine beetle and its associated blue stain fungi in western Canada",1975,"Management of lodgepole pine ecosystems symposium proceedings, Washington State University",q1 q2,grey,1,,,include,,
10.2307/1940551,10.2307/1940551,Modifying Lodgepole Pine Stands to Change Susceptibility to Mountain Pine Beetle Attack,1985,Ecology,q2,hand,1,,,include,,
10.1093/forestscience/50.5.610,10.1093/forestscience/50.5.610,Surrogate Pheromone Plumes in Three Forest Trunk Spaces: Composite Statistics and Case Studies,2004,Forest Science,q2 q4,hand,1,,,include,,
10.1139/x92-220,10.1139/x92-220,Bark temperature patterns in mountain pine beetle susceptible stands of lodgepole pine in the central Rockies,1992,Canadian Journal of Forest Research,q2,hand,1,,,include,,
10.1016/j.foreco.2007.11.027,10.1016/j.foreco.2007.11.027,Mapping lodgepole pine stand structure susceptibility to mountain pine beetle attack across the western United States,2008,Forest Ecology and Management,q1,hand,1,,,include,,
10.1016/j.rse.2014.09.002,10.1016/j.rse.2014.09.002,Modeling a Historical Mountain Pine Beetle Outbreak Using Landsat MSS and Multiple Lines of Evidence,2014,Remote Sensing of Environment,q1,hand,1,,,include,,
10.3389/fpls.2018.00993,10.3389/fpls.2018.00993,Are Survivors Different? Genetic-Based Selection of Trees by Mountain Pine Beetle During a Climate Change-Driven Outbreak,2018,Frontiers in Plant Science,q1,hand,1,,,include,,
10.1111/j.1461-9563.2008.00408.x,10.1111/j.1461-9563.2008.00408.x,Intrinsic and extrinsic determinants of mountain pine beetle population growth,2009,Agricultural and Forest Entomology,q1,hand,1,,,include,,
10.1111/j.1461-9563.2010.00499.x,10.1111/j.1461-9563.2010.00499.x,Facilitation in bark beetles: endemic mountain pine beetle gets a helping hand,2010,Agricultural and Forest Entomology,q1,hand,1,,,include,,
10.1080/01431160500239180,10.1080/01431160500239180,"Integrating high resolution remote sensing, GIS and fuzzy set theory for identifying susceptibility areas of forest insect infestations",2005,International Journal of Remote Sensing,q1,hand,1,,,include,,
10.1016/s0304-3800(99)00187-8,10.1016/s0304-3800(99)00187-8,Wind-aided dispersal of simulated bark beetles flying through forests,2000,Ecological Modelling,q3 q4,hand,1,,,include,,
