"lon","lat","date","utc","temperature_2m","dewpoint_temperature_2m","surface_pressure","surface_solar_radiation_downwards_hourly","u_component_of_wind_10m","v_component_of_wind_10m","cell"
-116.950534962263,49.0502243685248,2005-07-08,17,287.621719360352,275.892272949219,82032.4609375,2425690,0.380599975585938,2.56866455078125,1
-116.950534962263,49.0502243685248,2005-07-08,18,288.611679077148,275.969497680664,82045.07421875,2880676,0.818496704101562,2.62603759765625,1
-116.950534962263,49.0502243685248,2005-07-08,19,288.967330932617,275.942291259766,82024.5703125,3214734,1.03250122070312,2.65615844726562,1
-116.950534962263,49.0502243685248,2005-07-08,20,289.706848144531,276.418960571289,82019.96875,3376420,1.22456359863281,2.67509460449219,1
-116.850534504834,49.0502243685248,2005-07-08,17,287.229141235352,275.671569824219,81700.4609375,2428110,0.215560913085938,2.43975830078125,2
-116.850534504834,49.0502243685248,2005-07-08,18,288.240585327148,275.778091430664,81714.07421875,2882726,0.636856079101562,2.52935791015625,2
-116.850534504834,49.0502243685248,2005-07-08,19,288.590377807617,275.702056884766,81694.5703125,3211510,0.843048095703125,2.57901000976562,2
-116.850534504834,49.0502243685248,2005-07-08,20,289.361145019531,276.084976196289,81690.96875,3374002,1.04780578613281,2.63114929199219,2
-116.750534047406,49.0502243685248,2005-07-08,17,289.311172485352,277.732116699219,84503.4609375,2430578,0.0505218505859375,2.30987548828125,3
-116.750534047406,49.0502243685248,2005-07-08,18,290.324569702148,277.828872680664,84507.07421875,2884812,0.453262329101562,2.43267822265625,3
-116.750534047406,49.0502243685248,2005-07-08,19,290.668502807617,277.686431884766,84483.5703125,3208288,0.652618408203125,2.50186157226562,3
-116.750534047406,49.0502243685248,2005-07-08,20,291.458801269531,277.963882446289,84474.96875,3371524,0.870071411132812,2.58720397949219,3
-116.650533589978,49.0502243685248,2005-07-08,17,291.838516235352,280.136413574219,87863.4609375,2432976,-0.0627593994140625,2.20440673828125,4
-116.650533589978,49.0502243685248,2005-07-08,18,292.844100952148,280.223403930664,87855.07421875,2886724,0.319473266601562,2.35455322265625,4
-116.650533589978,49.0502243685248,2005-07-08,19,293.176315307617,280.016510009766,87827.5703125,3205396,0.511993408203125,2.44033813476562,4
-116.650533589978,49.0502243685248,2005-07-08,20,293.978332519531,280.198257446289,87811.96875,3368952,0.736282348632812,2.55302429199219,4
-116.55053313255,49.0502243685248,2005-07-08,17,293.488906860352,281.507507324219,90063.4609375,2435104,0.0143890380859375,2.19366455078125,5
-116.55053313255,49.0502243685248,2005-07-08,18,294.476913452148,281.610122680664,90047.07421875,2887968,0.371231079101562,2.35064697265625,5
-116.55053313255,49.0502243685248,2005-07-08,19,294.783737182617,281.373931884766,90018.5703125,3203712,0.556915283203125,2.43643188476562,5
-116.55053313255,49.0502243685248,2005-07-08,20,295.568176269531,281.497085571289,89996.96875,3366020,0.768508911132812,2.55497741699219,5
-116.950534962263,49.150224825953,2005-07-08,17,288.160781860352,276.278991699219,82495.4609375,2425186,0.325912475585938,2.49249267578125,6
-116.950534962263,49.150224825953,2005-07-08,18,289.139022827148,276.319107055664,82505.07421875,2879384,0.783340454101562,2.55767822265625,6
-116.950534962263,49.150224825953,2005-07-08,19,289.486862182617,276.262603759766,82483.5703125,3213758,0.987579345703125,2.54971313476562,6
-116.950534962263,49.150224825953,2005-07-08,20,290.216613769531,276.674819946289,82477.96875,3371758,1.25581359863281,2.64482116699219,6
-116.850534504834,49.150224825953,2005-07-08,17,287.973281860352,276.300476074219,82417.4609375,2426726,0.182357788085938,2.38311767578125,7
-116.850534504834,49.150224825953,2005-07-08,18,288.967147827148,276.403091430664,82426.07421875,2880788,0.617324829101562,2.48052978515625,7
-116.850534504834,49.150224825953,2005-07-08,19,289.307174682617,276.325103759766,82403.5703125,3209414,0.807891845703125,2.48135375976562,7
-116.850534504834,49.150224825953,2005-07-08,20,290.068176269531,276.637710571289,82399.96875,3370372,1.10151672363281,2.60087585449219,7
-116.750534047406,49.150224825953,2005-07-08,17,289.918594360352,278.247741699219,84953.4609375,2428414,0.0339202880859375,2.26983642578125,8
-116.750534047406,49.150224825953,2005-07-08,18,290.914413452148,278.375747680664,84954.07421875,2882248,0.448379516601562,2.40045166015625,8
-116.750534047406,49.150224825953,2005-07-08,19,291.246627807617,278.250885009766,84928.5703125,3205260,0.627227783203125,2.41006469726562,8
-116.750534047406,49.150224825953,2005-07-08,20,292.033020019531,278.454116821289,84918.96875,3368812,0.943313598632812,2.55693054199219,8
-116.650533589978,49.150224825953,2005-07-08,17,291.670547485352,279.962585449219,87271.4609375,2429936,-0.0598297119140625,2.18585205078125,9
-116.650533589978,49.150224825953,2005-07-08,18,292.674179077148,280.141372680664,87262.07421875,2883488,0.331192016601562,2.34381103515625,9
-116.650533589978,49.150224825953,2005-07-08,19,292.996627807617,279.991119384766,87234.5703125,3201272,0.496368408203125,2.35733032226562,9
-116.650533589978,49.150224825953,2005-07-08,20,293.804504394531,280.094741821289,87218.96875,3367378,0.831985473632812,2.52372741699219,9
-116.55053313255,49.150224825953,2005-07-08,17,292.793594360352,280.946960449219,88735.4609375,2432204,0.0192718505859375,2.17999267578125,10
-116.55053313255,49.150224825953,2005-07-08,18,293.783554077148,281.137466430664,88720.07421875,2884926,0.382949829101562,2.34771728515625,10
-116.55053313255,49.150224825953,2005-07-08,19,294.086471557617,280.973541259766,88691.5703125,3199434,0.539337158203125,2.36709594726562,10
-116.55053313255,49.150224825953,2005-07-08,20,294.890441894531,281.040054321289,88672.96875,3365000,0.858352661132812,2.53153991699219,10
-116.950534962263,49.2502252833812,2005-07-08,17,288.373672485352,276.345397949219,82549.4609375,2424852,0.267318725585938,2.41241455078125,11
-116.950534962263,49.2502252833812,2005-07-08,18,289.346054077148,276.342544555664,82556.07421875,2878176,0.744277954101562,2.48443603515625,11
-116.950534962263,49.2502252833812,2005-07-08,19,289.686080932617,276.252838134766,82533.5703125,3212998,0.939727783203125,2.44229125976562,11
-116.950534962263,49.2502252833812,2005-07-08,20,290.406066894531,276.596694946289,82526.96875,3366928,1.28120422363281,2.61357116699219,11
-116.850534504834,49.2502252833812,2005-07-08,17,289.875625610352,277.941101074219,84475.4609375,2425400,0.146224975585938,2.32550048828125,12
-116.850534504834,49.2502252833812,2005-07-08,18,290.855819702148,278.030044555664,84476.07421875,2878758,0.596817016601562,2.42974853515625,12
-116.850534504834,49.2502252833812,2005-07-08,19,291.186080932617,277.940338134766,84450.5703125,3207386,0.772735595703125,2.38174438476562,12
-116.850534504834,49.2502252833812,2005-07-08,20,291.935363769531,278.174819946289,84440.96875,3366636,1.15327453613281,2.57060241699219,12
-116.750534047406,49.2502252833812,2005-07-08,17,291.328750610352,278.986022949219,86167.4609375,2426142,0.0202484130859375,2.23370361328125,13
-116.750534047406,49.2502252833812,2005-07-08,18,292.348007202148,279.135513305664,86161.07421875,2879546,0.446426391601562,2.37115478515625,13
-116.750534047406,49.2502252833812,2005-07-08,19,292.688034057617,279.012603759766,86133.5703125,3202066,0.602813720703125,2.31924438476562,13
-116.750534047406,49.2502252833812,2005-07-08,20,293.490051269531,279.112319946289,86119.96875,3366172,1.02143859863281,2.52568054199219,13
-116.650533589978,49.2502252833812,2005-07-08,17,292.840469360352,279.884460449219,87871.4609375,2426882,-0.100845336914062,2.14483642578125,14
-116.650533589978,49.2502252833812,2005-07-08,18,293.916366577148,280.090591430664,87856.07421875,2880330,0.299942016601562,2.31451416015625,14
-116.650533589978,49.2502252833812,2005-07-08,19,294.272018432617,279.926666259766,87827.5703125,3196800,0.438751220703125,2.25869750976562,14
-116.650533589978,49.2502252833812,2005-07-08,20,295.130676269531,279.883804321289,87809.96875,3365720,0.892532348632812,2.48271179199219,14
-116.55053313255,49.2502252833812,2005-07-08,17,291.420547485352,279.468444824219,86464.4609375,2429396,0.0886077880859375,2.19757080078125,15
-116.55053313255,49.2502252833812,2005-07-08,18,292.400741577148,279.727310180664,86454.07421875,2881918,0.457168579101562,2.36724853515625,15
-116.55053313255,49.2502252833812,2005-07-08,19,292.695846557617,279.621978759766,86426.5703125,3195750,0.585235595703125,2.31924438476562,15
-116.55053313255,49.2502252833812,2005-07-08,20,293.499816894531,279.624038696289,86412.96875,3363638,1.00288391113281,2.52372741699219,15
-116.950534962263,49.3502257408094,2005-07-08,17,288.674453735352,276.566101074219,82829.4609375,2426288,0.215560913085938,2.24444580078125,16
-116.950534962263,49.3502257408094,2005-07-08,18,289.639022827148,276.574966430664,82835.07421875,2880402,0.679824829101562,2.35162353515625,16
-116.950534962263,49.3502257408094,2005-07-08,19,289.965377807617,276.471588134766,82812.5703125,3211124,0.859649658203125,2.31631469726562,16
-116.950534962263,49.3502257408094,2005-07-08,20,290.749816894531,276.637710571289,82803.96875,3346324,1.32417297363281,2.61161804199219,16
-116.850534504834,49.3502257408094,2005-07-08,17,290.371719360352,278.144226074219,84840.4609375,2426796,0.135482788085938,2.19268798828125,17
-116.850534504834,49.3502257408094,2005-07-08,18,291.351913452148,278.229263305664,84839.07421875,2880986,0.578262329101562,2.31451416015625,17
-116.850534504834,49.3502257408094,2005-07-08,19,291.676315307617,278.133697509766,84813.5703125,3208142,0.754180908203125,2.27139282226562,17
-116.850534504834,49.3502257408094,2005-07-08,20,292.478332519531,278.229507446289,84801.96875,3350950,1.22846984863281,2.55790710449219,17
-116.750534047406,49.3502257408094,2005-07-08,17,292.049453735352,278.900085449219,86547.4609375,2427306,0.0544281005859375,2.13897705078125,18
-116.750534047406,49.3502257408094,2005-07-08,18,293.098007202148,279.028091430664,86538.07421875,2881566,0.475723266601562,2.27838134765625,18
-116.750534047406,49.3502257408094,2005-07-08,19,293.447799682617,278.899322509766,86510.5703125,3205194,0.648712158203125,2.22647094726562,18
-116.750534047406,49.3502257408094,2005-07-08,20,294.304504394531,278.879898071289,86493.96875,3355594,1.13179016113281,2.50321960449219,18
-116.650533589978,49.3502257408094,2005-07-08,17,291.455703735352,278.737976074219,85968.4609375,2428254,0.0427093505859375,2.11846923828125,19
-116.650533589978,49.3502257408094,2005-07-08,18,292.492538452148,278.949966430664,85958.07421875,2882300,0.440567016601562,2.26666259765625,19
-116.650533589978,49.3502257408094,2005-07-08,19,292.822799682617,278.856353759766,85930.5703125,3203342,0.611602783203125,2.21084594726562,19
-116.650533589978,49.3502257408094,2005-07-08,20,293.669738769531,278.821304321289,85917.96875,3359814,1.08491516113281,2.46708679199219,19
-116.55053313255,49.3502257408094,2005-07-08,17,289.645156860352,278.013366699219,84108.4609375,2429980,0.133529663085938,2.13800048828125,20
-116.55053313255,49.3502257408094,2005-07-08,18,290.613632202148,278.305435180664,84104.07421875,2883324,0.502090454101562,2.29010009765625,20
-116.55053313255,49.3502257408094,2005-07-08,19,290.898971557617,278.276275634766,84078.5703125,3202170,0.667266845703125,2.23916625976562,20
-116.55053313255,49.3502257408094,2005-07-08,20,291.699035644531,278.286148071289,84070.96875,3361026,1.11323547363281,2.46806335449219,20
-116.950534962263,49.0502243685248,2005-08-09,17,290.242034912109,279.447708129883,82653.58984375,2152520,-0.793197631835938,-0.0998382568359375,1
-116.950534962263,49.0502243685248,2005-08-09,18,292.326919555664,279.087966918945,82648.37109375,2626158,-0.4510498046875,-0.014801025390625,1
-116.950534962263,49.0502243685248,2005-08-09,19,294.448944091797,278.065795898438,82639.2734375,2949738,0.47418212890625,0.45172119140625,1
-116.950534962263,49.0502243685248,2005-08-09,20,295.801452636719,276.768890380859,82619.90625,3108654,1.1431884765625,0.563034057617188,1
-116.850534504834,49.0502243685248,2005-08-09,17,289.763519287109,279.271926879883,82320.58984375,2159442,-0.778549194335938,-0.0881195068359375,2
-116.850534504834,49.0502243685248,2005-08-09,18,291.834732055664,279.054763793945,82319.37109375,2632898,-0.5135498046875,0.069183349609375,2
-116.850534504834,49.0502243685248,2005-08-09,19,293.999725341797,278.491577148438,82313.2734375,2950032,0.24566650390625,0.55523681640625,2
-116.850534504834,49.0502243685248,2005-08-09,20,295.375671386719,277.425140380859,82296.90625,3110264,0.8131103515625,0.668502807617188,2
-116.750534047406,49.0502243685248,2005-08-09,17,291.296722412109,281.060989379883,85122.58984375,2166362,-0.762924194335938,-0.0773773193359375,3
-116.750534047406,49.0502243685248,2005-08-09,18,293.342544555664,280.968826293945,85102.37109375,2639578,-0.5770263671875,0.152191162109375,3
-116.750534047406,49.0502243685248,2005-08-09,19,295.544647216797,280.796264648438,85076.2734375,2950312,0.01324462890625,0.65777587890625,3
-116.750534047406,49.0502243685248,2005-08-09,20,296.938171386719,279.907562255859,85048.90625,3111946,0.4791259765625,0.772994995117188,3
-116.650533589978,49.0502243685248,2005-08-09,17,293.177581787109,283.119583129883,88481.58984375,2172998,-0.738510131835938,-0.0715179443359375,4
-116.650533589978,49.0502243685248,2005-08-09,18,295.201919555664,283.125076293945,88439.37109375,2646010,-0.6102294921875,0.222503662109375,4
-116.650533589978,49.0502243685248,2005-08-09,19,297.435272216797,283.237670898438,88388.2734375,2950626,-0.15374755859375,0.74859619140625,4
-116.650533589978,49.0502243685248,2005-08-09,20,298.838562011719,282.470062255859,88347.90625,3113722,0.2310791015625,0.866744995117188,4
-116.55053313255,49.0502243685248,2005-08-09,17,294.310394287109,284.248489379883,90685.58984375,2178602,-0.680892944335938,-0.0881195068359375,5
-116.55053313255,49.0502243685248,2005-08-09,18,296.330825805664,284.277420043945,90628.37109375,2651578,-0.5321044921875,0.249847412109375,5
-116.55053313255,49.0502243685248,2005-08-09,19,298.581756591797,284.384155273438,90557.2734375,2951066,-0.07855224609375,0.79254150390625,5
-116.55053313255,49.0502243685248,2005-08-09,20,299.967468261719,283.597015380859,90507.90625,3115774,0.3082275390625,0.923385620117188,5
-116.950534962263,49.150224825953,2005-08-09,17,290.466644287109,279.932083129883,83130.58984375,2151924,-0.737533569335938,-0.0783538818359375,6
-116.950534962263,49.150224825953,2005-08-09,18,292.522232055664,279.453201293945,83122.37109375,2625164,-0.4080810546875,-0.011871337890625,6
-116.950534962263,49.150224825953,2005-08-09,19,294.618865966797,278.423217773438,83107.2734375,2945974,0.46734619140625,0.44390869140625,6
-116.950534962263,49.150224825953,2005-08-09,20,295.903015136719,277.136077880859,83084.90625,3108098,1.1236572265625,0.515182495117188,6
-116.850534504834,49.150224825953,2005-08-09,17,290.154144287109,279.967239379883,83052.58984375,2158814,-0.719955444335938,-0.0461273193359375,7
-116.850534504834,49.150224825953,2005-08-09,18,292.182388305664,279.679763793945,83044.37109375,2631712,-0.4510498046875,0.087738037109375,7
-116.850534504834,49.150224825953,2005-08-09,19,294.302459716797,279.063842773438,83029.2734375,2945402,0.31109619140625,0.55621337890625,7
-116.850534504834,49.150224825953,2005-08-09,20,295.604187011719,277.956390380859,83007.90625,3108374,0.8824462890625,0.637252807617188,7
-116.750534047406,49.150224825953,2005-08-09,17,291.658050537109,281.644973754883,85586.58984375,2165684,-0.703353881835938,-0.0178070068359375,8
-116.750534047406,49.150224825953,2005-08-09,18,293.662857055664,281.494216918945,85561.37109375,2638276,-0.4969482421875,0.186370849609375,8
-116.750534047406,49.150224825953,2005-08-09,19,295.812225341797,281.206420898438,85528.2734375,2945014,0.14312744140625,0.66754150390625,8
-116.750534047406,49.150224825953,2005-08-09,20,297.135437011719,280.214202880859,85496.90625,3108872,0.6256103515625,0.756393432617188,8
-116.650533589978,49.150224825953,2005-08-09,17,292.908050537109,283.059036254883,87906.58984375,2172320,-0.682846069335938,0.0075836181640625,9
-116.650533589978,49.150224825953,2005-08-09,18,294.897232055664,283.054763793945,87864.37109375,2644642,-0.5194091796875,0.273284912109375,9
-116.650533589978,49.150224825953,2005-08-09,19,297.070037841797,283.015014648438,87814.2734375,2944558,0.03961181640625,0.76910400390625,9
-116.650533589978,49.150224825953,2005-08-09,20,298.412780761719,282.098968505859,87774.90625,3109158,0.4576416015625,0.869674682617188,9
-116.55053313255,49.150224825953,2005-08-09,17,293.743988037109,283.631301879883,89371.58984375,2178334,-0.661361694335938,-0.0090179443359375,10
-116.55053313255,49.150224825953,2005-08-09,18,295.776138305664,283.627029418945,89320.37109375,2650592,-0.4940185546875,0.297698974609375,10
-116.55053313255,49.150224825953,2005-08-09,19,298.015350341797,283.585327148438,89256.2734375,2945104,0.06011962890625,0.82379150390625,10
-116.55053313255,49.150224825953,2005-08-09,20,299.410827636719,282.577484130859,89210.90625,3110420,0.4752197265625,0.939010620117188,10
-116.950534962263,49.2502252833812,2005-08-09,17,290.368988037109,280.066848754883,83201.58984375,2151342,-0.681869506835938,-0.0617523193359375,11
-116.950534962263,49.2502252833812,2005-08-09,18,292.408950805664,279.470779418945,83190.37109375,2624196,-0.3690185546875,-0.012847900390625,11
-116.950534962263,49.2502252833812,2005-08-09,19,294.480194091797,278.448608398438,83172.2734375,2942346,0.44586181640625,0.43511962890625,11
-116.950534962263,49.2502252833812,2005-08-09,20,295.699890136719,277.188812255859,83147.90625,3107854,1.0836181640625,0.465377807617188,11
-116.850534504834,49.2502252833812,2005-08-09,17,291.574066162109,281.445755004883,85126.58984375,2158124,-0.662338256835938,-0.0080413818359375,12
-116.850534504834,49.2502252833812,2005-08-09,18,293.580825805664,281.025466918945,85102.37109375,2630608,-0.3895263671875,0.106292724609375,12
-116.850534504834,49.2502252833812,2005-08-09,19,295.665740966797,280.288452148438,85071.2734375,2940888,0.37164306640625,0.55816650390625,12
-116.850534504834,49.2502252833812,2005-08-09,20,296.908874511719,279.079437255859,85039.90625,3106616,0.9439697265625,0.606002807617188,12
-116.750534047406,49.2502252833812,2005-08-09,17,292.609222412109,282.500442504883,86818.58984375,2164944,-0.642807006835938,0.0427398681640625,13
-116.750534047406,49.2502252833812,2005-08-09,18,294.612075805664,282.250076293945,86782.37109375,2637010,-0.4149169921875,0.222503662109375,13
-116.750534047406,49.2502252833812,2005-08-09,19,296.720428466797,281.782592773438,86739.2734375,2939656,0.28082275390625,0.67828369140625,13
-116.750534047406,49.2502252833812,2005-08-09,20,297.994812011719,280.620452880859,86701.90625,3105640,0.7828369140625,0.742721557617188,13
-116.650533589978,49.2502252833812,2005-08-09,17,293.603363037109,283.498489379883,88523.58984375,2171740,-0.623275756835938,0.0915679931640625,14
-116.650533589978,49.2502252833812,2005-08-09,18,295.610122680664,283.435623168945,88474.37109375,2643372,-0.4373779296875,0.335784912109375,14
-116.650533589978,49.2502252833812,2005-08-09,19,297.736053466797,283.220092773438,88418.2734375,2938440,0.19586181640625,0.79840087890625,14
-116.650533589978,49.2502252833812,2005-08-09,20,299.039733886719,282.102874755859,88374.90625,3104648,0.6285400390625,0.879440307617188,14
-116.55053313255,49.2502252833812,2005-08-09,17,292.449066162109,282.818801879883,87113.58984375,2177776,-0.637924194335938,0.0583648681640625,15
-116.55053313255,49.2502252833812,2005-08-09,18,294.418716430664,282.855545043945,87072.37109375,2649434,-0.4285888671875,0.325042724609375,15
-116.55053313255,49.2502252833812,2005-08-09,19,296.577850341797,282.684936523438,87024.2734375,2939340,0.26031494140625,0.83941650390625,15
-116.55053313255,49.2502252833812,2005-08-09,20,297.912780761719,281.526702880859,86984.90625,3105280,0.7281494140625,0.939987182617188,15
-116.950534962263,49.3502257408094,2005-08-09,17,290.550628662109,280.352005004883,83496.58984375,2146980,-0.566635131835938,0.0554351806640625,16
-116.950534962263,49.3502257408094,2005-08-09,18,292.586685180664,279.566482543945,83481.37109375,2619460,-0.2196044921875,0.136566162109375,16
-116.950534962263,49.3502257408094,2005-08-09,19,294.577850341797,278.380249023438,83460.2734375,2929480,0.53375244140625,0.48590087890625,16
-116.950534962263,49.3502257408094,2005-08-09,20,295.746765136719,277.089202880859,83434.90625,3099548,1.1148681640625,0.500534057617188,16
-116.850534504834,49.3502257408094,2005-08-09,17,291.951019287109,281.793411254883,85507.58984375,2150204,-0.542221069335938,0.100357055664062,17
-116.850534504834,49.3502257408094,2005-08-09,18,293.944107055664,281.138748168945,85477.37109375,2621452,-0.2088623046875,0.228363037109375,17
-116.850534504834,49.3502257408094,2005-08-09,19,295.966522216797,280.149780273438,85442.2734375,2927510,0.51812744140625,0.57476806640625,17
-116.850534504834,49.3502257408094,2005-08-09,20,297.154968261719,278.901702880859,85410.90625,3093038,1.0562744140625,0.598190307617188,17
-116.750534047406,49.3502257408094,2005-08-09,17,293.156097412109,282.746536254883,87214.58984375,2153496,-0.518783569335938,0.144302368164062,18
-116.750534047406,49.3502257408094,2005-08-09,18,295.164810180664,282.228591918945,87172.37109375,2623428,-0.1971435546875,0.321136474609375,18
-116.750534047406,49.3502257408094,2005-08-09,19,297.220428466797,281.376342773438,87124.2734375,2925552,0.50152587890625,0.66363525390625,18
-116.750534047406,49.3502257408094,2005-08-09,20,298.444030761719,280.132171630859,87087.90625,3086522,0.9967041015625,0.697799682617188,18
-116.650533589978,49.3502257408094,2005-08-09,17,292.566253662109,282.471145629883,86630.58984375,2155818,-0.509994506835938,0.167739868164062,19
-116.650533589978,49.3502257408094,2005-08-09,18,294.541763305664,282.154373168945,86592.37109375,2624334,-0.1961669921875,0.382659912109375,19
-116.650533589978,49.3502257408094,2005-08-09,19,296.620819091797,281.475952148438,86546.2734375,2924020,0.49566650390625,0.73785400390625,19
-116.650533589978,49.3502257408094,2005-08-09,20,297.861999511719,280.298187255859,86511.90625,3079374,0.9703369140625,0.783737182617188,19
-116.55053313255,49.3502257408094,2005-08-09,17,291.021331787109,281.535598754883,84766.58984375,2158344,-0.526596069335938,0.157974243164062,20
-116.55053313255,49.3502257408094,2005-08-09,18,292.946060180664,281.414138793945,84739.37109375,2625706,-0.2205810546875,0.404144287109375,20
-116.55053313255,49.3502257408094,2005-08-09,19,295.056365966797,280.901733398438,84703.2734375,2923498,0.49176025390625,0.80230712890625,20
-116.55053313255,49.3502257408094,2005-08-09,20,296.315124511719,279.784515380859,84674.90625,3073866,0.9732666015625,0.865768432617188,20
-116.950534962263,49.0502243685248,2005-08-25,17,286.558288574219,274.280654907227,82701.30859375,1994818,0.427413940429688,0.33514404296875,1
-116.950534962263,49.0502243685248,2005-08-25,18,287.923492431641,273.783081054688,82719.5390625,2475936,0.817794799804688,0.209579467773438,1
-116.950534962263,49.0502243685248,2005-08-25,19,287.741302490234,273.875,82705.57421875,2813410,1.01966857910156,0.295364379882812,1
-116.950534962263,49.0502243685248,2005-08-25,20,288.831909179688,273.639999389648,82701.71875,2970868,1.41578674316406,0.224075317382812,1
-116.850534504834,49.0502243685248,2005-08-25,17,286.060241699219,274.454483032227,82361.30859375,1998260,0.273117065429688,0.46014404296875,2
-116.850534504834,49.0502243685248,2005-08-25,18,287.484039306641,273.943237304688,82381.5390625,2477694,0.597091674804688,0.379501342773438,2
-116.850534504834,49.0502243685248,2005-08-25,19,287.309661865234,274.025390625,82367.57421875,2813190,0.830215454101562,0.432083129882812,2
-116.850534504834,49.0502243685248,2005-08-25,20,288.470581054688,273.684921264648,82364.71875,2969620,1.20875549316406,0.346145629882812,2
-116.750534047406,49.0502243685248,2005-08-25,17,287.974304199219,276.833389282227,85197.30859375,2001690,0.116867065429688,0.58612060546875,3
-116.750534047406,49.0502243685248,2005-08-25,18,289.407867431641,276.245971679688,85205.5390625,2479434,0.372482299804688,0.548446655273438,3
-116.750534047406,49.0502243685248,2005-08-25,19,289.223724365234,276.30859375,85193.57421875,2813032,0.637832641601562,0.569778442382812,3
-116.750534047406,49.0502243685248,2005-08-25,20,290.443237304688,275.837265014648,85178.71875,2968412,0.998794555664062,0.468215942382812,3
-116.650533589978,49.0502243685248,2005-08-25,17,290.298522949219,279.419326782227,88598.30859375,2004876,-0.0022735595703125,0.69158935546875,4
-116.650533589978,49.0502243685248,2005-08-25,18,291.743804931641,278.738159179688,88591.5390625,2481014,0.202560424804688,0.695907592773438,4
-116.650533589978,49.0502243685248,2005-08-25,19,291.549896240234,278.791015625,88581.57421875,2812726,0.492324829101562,0.696731567382812,4
-116.650533589978,49.0502243685248,2005-08-25,20,292.812377929688,278.200546264648,88552.71875,2967048,0.838638305664062,0.589309692382812,4
-116.55053313255,49.0502243685248,2005-08-25,17,291.710632324219,280.567764282227,90826.30859375,2007146,0.0231170654296875,0.72674560546875,5
-116.55053313255,49.0502243685248,2005-08-25,18,293.218414306641,279.796752929688,90808.5390625,2482040,0.236740112304688,0.761337280273438,5
-116.55053313255,49.0502243685248,2005-08-25,19,293.038177490234,279.8984375,90800.57421875,2811810,0.528457641601562,0.784622192382812,5
-116.55053313255,49.0502243685248,2005-08-25,20,294.294799804688,279.249374389648,90764.71875,2965070,0.867935180664062,0.703567504882812,5
-116.950534962263,49.150224825953,2005-08-25,17,286.894226074219,274.745498657227,83184.30859375,1993748,0.447921752929688,0.28338623046875,6
-116.950534962263,49.150224825953,2005-08-25,18,288.235992431641,274.058471679688,83200.5390625,2474376,0.850997924804688,0.109970092773438,6
-116.950534962263,49.150224825953,2005-08-25,19,288.061614990234,274.091796875,83184.57421875,2812714,0.999160766601562,0.197708129882812,6
-116.950534962263,49.150224825953,2005-08-25,20,289.117065429688,273.854843139648,83179.71875,2970428,1.35719299316406,0.145950317382812,6
-116.850534504834,49.150224825953,2005-08-25,17,286.624694824219,275.095108032227,83100.30859375,1996288,0.349288940429688,0.39080810546875,7
-116.850534504834,49.150224825953,2005-08-25,18,287.997711181641,274.372924804688,83117.5390625,2475386,0.700607299804688,0.266220092773438,7
-116.850534504834,49.150224825953,2005-08-25,19,287.833099365234,274.419921875,83099.57421875,2811914,0.878067016601562,0.331497192382812,7
-116.850534504834,49.150224825953,2005-08-25,20,288.925659179688,274.098983764648,83095.71875,2968500,1.21559143066406,0.275833129882812,7
-116.750534047406,49.150224825953,2005-08-25,17,288.507507324219,277.356826782227,85664.30859375,1998968,0.241867065429688,0.50115966796875,8
-116.750534047406,49.150224825953,2005-08-25,18,289.845367431641,276.521362304688,85670.5390625,2476468,0.537521362304688,0.425399780273438,8
-116.750534047406,49.150224825953,2005-08-25,19,289.663177490234,276.5546875,85655.57421875,2811220,0.746231079101562,0.466262817382812,8
-116.750534047406,49.150224825953,2005-08-25,20,290.792846679688,276.120468139648,85640.71875,2966732,1.06422424316406,0.403762817382812,8
-116.650533589978,49.150224825953,2005-08-25,17,290.052429199219,279.143936157227,88009.30859375,2001346,0.174484252929688,0.59295654296875,9
-116.650533589978,49.150224825953,2005-08-25,18,291.433258056641,278.249877929688,88003.5390625,2477368,0.430099487304688,0.565048217773438,9
-116.650533589978,49.150224825953,2005-08-25,19,291.268646240234,278.3046875,87990.57421875,2810316,0.664199829101562,0.594192504882812,9
-116.650533589978,49.150224825953,2005-08-25,20,292.423706054688,277.774765014648,87966.71875,2964718,0.966567993164062,0.534622192382812,9
-116.55053313255,49.150224825953,2005-08-25,17,290.905944824219,280.188858032227,89490.30859375,2003834,0.165695190429688,0.64862060546875,10
-116.55053313255,49.150224825953,2005-08-25,18,292.353179931641,279.259643554688,89477.5390625,2478558,0.416427612304688,0.658798217773438,10
-116.55053313255,49.150224825953,2005-08-25,19,292.198333740234,279.345703125,89463.57421875,2809704,0.663223266601562,0.701614379882812,10
-116.55053313255,49.150224825953,2005-08-25,20,293.372924804688,278.790390014648,89434.71875,2962938,0.969497680664062,0.662551879882812,10
-116.950534962263,49.2502252833812,2005-08-25,17,286.831726074219,274.868545532227,83253.30859375,1992904,0.455734252929688,0.23553466796875,11
-116.950534962263,49.2502252833812,2005-08-25,18,288.183258056641,274.005737304688,83267.5390625,2472926,0.870529174804688,0.0132904052734375,11
-116.950534962263,49.2502252833812,2005-08-25,19,288.028411865234,273.978515625,83250.57421875,2812164,0.964981079101562,0.100051879882812,11
-116.950534962263,49.2502252833812,2005-08-25,20,289.056518554688,273.733749389648,83244.71875,2970130,1.28395080566406,0.0658721923828125,11
-116.850534504834,49.2502252833812,2005-08-25,17,288.316101074219,276.700576782227,85199.30859375,1994434,0.421554565429688,0.32342529296875,12
-116.850534504834,49.2502252833812,2005-08-25,18,289.630523681641,275.726440429688,85206.5390625,2473074,0.799240112304688,0.154891967773438,12
-116.850534504834,49.2502252833812,2005-08-25,19,289.471771240234,275.72265625,85190.57421875,2810670,0.921035766601562,0.230911254882812,12
-116.850534504834,49.2502252833812,2005-08-25,20,290.503784179688,275.401718139648,85177.71875,2967432,1.21852111816406,0.203567504882812,12
-116.750534047406,49.2502252833812,2005-08-25,17,289.630554199219,277.979873657227,86909.30859375,1996214,0.374679565429688,0.41424560546875,13
-116.750534047406,49.2502252833812,2005-08-25,18,290.984039306641,276.851440429688,86907.5390625,2473420,0.711349487304688,0.300399780273438,13
-116.750534047406,49.2502252833812,2005-08-25,19,290.852630615234,276.8671875,86891.57421875,2809316,0.862442016601562,0.362747192382812,13
-116.750534047406,49.2502252833812,2005-08-25,20,291.908081054688,276.413436889648,86874.71875,2964936,1.13844299316406,0.340286254882812,13
-116.650533589978,49.2502252833812,2005-08-25,17,290.915710449219,279.030654907227,88630.30859375,1997986,0.329757690429688,0.50408935546875,14
-116.650533589978,49.2502252833812,2005-08-25,18,292.360992431641,277.747924804688,88620.5390625,2473786,0.628341674804688,0.443954467773438,14
-116.650533589978,49.2502252833812,2005-08-25,19,292.278411865234,277.7890625,88604.57421875,2807950,0.807754516601562,0.494583129882812,14
-116.650533589978,49.2502252833812,2005-08-25,20,293.361206054688,277.186874389648,88581.71875,2962438,1.06129455566406,0.477005004882812,14
-116.55053313255,49.2502252833812,2005-08-25,17,289.548522949219,278.792373657227,87199.30859375,2000388,0.342453002929688,0.55194091796875,15
-116.55053313255,49.2502252833812,2005-08-25,18,290.941070556641,277.624877929688,87194.5390625,2475154,0.645919799804688,0.533798217773438,15
-116.55053313255,49.2502252833812,2005-08-25,19,290.833099365234,277.6640625,87174.57421875,2807566,0.841934204101562,0.608840942382812,15
-116.55053313255,49.2502252833812,2005-08-25,20,291.902221679688,277.177108764648,87156.71875,2960748,1.12086486816406,0.620559692382812,15
-116.950534962263,49.3502257408094,2005-08-25,17,287.027038574219,275.013076782227,83549.30859375,1991594,0.484054565429688,0.23162841796875,16
-116.950534962263,49.3502257408094,2005-08-25,18,288.325836181641,274.124877929688,83562.5390625,2471582,0.855880737304688,0.0484466552734375,16
-116.950534962263,49.3502257408094,2005-08-25,19,288.208099365234,274.10546875,83543.57421875,2811608,0.941543579101562,0.112747192382812,16
-116.950534962263,49.3502257408094,2005-08-25,20,289.226440429688,273.868515014648,83537.71875,2969732,1.20387268066406,0.110794067382812,16
-116.850534504834,49.3502257408094,2005-08-25,17,288.695007324219,276.710342407227,85584.30859375,1993560,0.488937377929688,0.29803466796875,17
-116.850534504834,49.3502257408094,2005-08-25,18,289.970367431641,275.722534179688,85587.5390625,2471994,0.834396362304688,0.163681030273438,17
-116.850534504834,49.3502257408094,2005-08-25,19,289.860443115234,275.73828125,85569.57421875,2810472,0.940567016601562,0.226028442382812,17
-116.850534504834,49.3502257408094,2005-08-25,20,290.878784179688,275.419296264648,85556.71875,2967406,1.18629455566406,0.224075317382812,17
-116.750534047406,49.3502257408094,2005-08-25,17,290.169616699219,277.532608032227,87308.30859375,1995522,0.494796752929688,0.36444091796875,18
-116.750534047406,49.3502257408094,2005-08-25,18,291.542633056641,276.365112304688,87303.5390625,2472404,0.811935424804688,0.279891967773438,18
-116.750534047406,49.3502257408094,2005-08-25,19,291.493255615234,276.421875,87283.57421875,2809360,0.939590454101562,0.340286254882812,18
-116.750534047406,49.3502257408094,2005-08-25,20,292.533081054688,275.944686889648,87265.71875,2965138,1.16773986816406,0.338333129882812,18
-116.650533589978,49.3502257408094,2005-08-25,17,289.568054199219,277.540420532227,86712.30859375,1997664,0.497726440429688,0.42498779296875,19
-116.650533589978,49.3502257408094,2005-08-25,18,290.935211181641,276.382690429688,86709.5390625,2473104,0.796310424804688,0.387313842773438,19
-116.650533589978,49.3502257408094,2005-08-25,19,290.893646240234,276.4609375,86686.57421875,2808502,0.942520141601562,0.453567504882812,19
-116.650533589978,49.3502257408094,2005-08-25,20,291.931518554688,275.977890014648,86671.71875,2963084,1.16383361816406,0.456497192382812,19
-116.55053313255,49.3502257408094,2005-08-25,17,287.833679199219,277.093154907227,84820.30859375,1999942,0.484054565429688,0.48358154296875,20
-116.55053313255,49.3502257408094,2005-08-25,18,289.148101806641,276.042846679688,84823.5390625,2474174,0.773849487304688,0.488876342773438,20
-116.55053313255,49.3502257408094,2005-08-25,19,289.081146240234,276.1015625,84797.57421875,2807896,0.938613891601562,0.570755004882812,20
-116.55053313255,49.3502257408094,2005-08-25,20,290.109252929688,275.704452514648,84788.71875,2961220,1.16969299316406,0.592239379882812,20
-116.950534962263,49.0502243685248,2006-06-09,17,281.919525146484,275.488754272461,82351.18359375,2330988,-0.368850708007812,0.607263565063477,1
-116.950534962263,49.0502243685248,2006-06-09,18,282.012329101562,276.636871337891,82348.71875,2813228,-0.449050903320312,0.704809188842773,1
-116.950534962263,49.0502243685248,2006-06-09,19,282.80712890625,274.587738037109,82314.9921875,2695916,-0.884063720703125,0.993629455566406,1
-116.950534962263,49.0502243685248,2006-06-09,20,283.217697143555,274.980194091797,82287.05859375,3008808,-0.706817626953125,1.0095739364624,1
-116.850534504834,49.0502243685248,2006-06-09,17,281.122650146484,275.469223022461,82013.18359375,2345456,-0.390335083007812,0.671716690063477,2
-116.850534504834,49.0502243685248,2006-06-09,18,281.684204101562,276.318511962891,82011.71875,2784512,-0.506668090820312,0.763402938842773,2
-116.850534504834,49.0502243685248,2006-06-09,19,282.70166015625,274.607269287109,81976.9921875,2694300,-0.869415283203125,0.988746643066406,2
-116.850534504834,49.0502243685248,2006-06-09,20,283.205978393555,274.929412841797,81949.05859375,3025808,-0.738067626953125,0.983206748962402,2
-116.750534047406,49.0502243685248,2006-06-09,17,284.278900146484,276.547348022461,84864.18359375,2360304,-0.414749145507812,0.734216690063477,3
-116.750534047406,49.0502243685248,2006-06-09,18,285.035766601562,276.781402587891,84856.71875,2756160,-0.564285278320312,0.819067001342773,3
-116.750534047406,49.0502243685248,2006-06-09,19,285.81103515625,275.814300537109,84815.9921875,2692576,-0.854766845703125,0.983863830566406,3
-116.750534047406,49.0502243685248,2006-06-09,20,286.616134643555,275.638397216797,84774.05859375,3042796,-0.770294189453125,0.955862998962402,3
-116.650533589978,49.0502243685248,2006-06-09,17,287.620697021484,277.893051147461,88283.18359375,2374284,-0.404983520507812,0.787927627563477,4
-116.650533589978,49.0502243685248,2006-06-09,18,288.408813476562,277.627105712891,88267.71875,2727364,-0.577957153320312,0.864965438842773,4
-116.650533589978,49.0502243685248,2006-06-09,19,288.97705078125,277.417816162109,88218.9921875,2690740,-0.810821533203125,0.978981018066406,4
-116.650533589978,49.0502243685248,2006-06-09,20,290.036056518555,276.818084716797,88161.05859375,3060188,-0.768341064453125,0.933402061462402,4
-116.55053313255,49.0502243685248,2006-06-09,17,288.919525146484,278.678207397461,90526.18359375,2384760,-0.273147583007812,0.806482315063477,5
-116.55053313255,49.0502243685248,2006-06-09,18,289.635375976562,278.300933837891,90503.71875,2696600,-0.436355590820312,0.879613876342773,5
-116.55053313255,49.0502243685248,2006-06-09,19,290.29736328125,278.447113037109,90445.9921875,2688764,-0.659454345703125,0.974098205566406,5
-116.55053313255,49.0502243685248,2006-06-09,20,291.389572143555,277.800506591797,90379.05859375,3078940,-0.642364501953125,0.928519248962402,5
-116.950534962263,49.150224825953,2006-06-09,17,283.569915771484,276.035629272461,82837.18359375,2326624,-0.319046020507812,0.518396377563477,6
-116.950534962263,49.150224825953,2006-06-09,18,283.992797851562,276.750152587891,82832.71875,2795312,-0.321121215820312,0.613012313842773,6
-116.950534962263,49.150224825953,2006-06-09,19,283.97705078125,274.757659912109,82797.9921875,2607020,-0.778594970703125,0.975074768066406,6
-116.950534962263,49.150224825953,2006-06-09,20,284.684494018555,274.706756591797,82771.05859375,3010060,-0.600372314453125,1.0085973739624,6
-116.850534504834,49.150224825953,2006-06-09,17,282.896087646484,275.639144897461,82756.18359375,2334004,-0.318069458007812,0.610193252563477,7
-116.850534504834,49.150224825953,2006-06-09,18,283.137329101562,276.496246337891,82750.71875,2760316,-0.381668090820312,0.717504501342773,7
-116.850534504834,49.150224825953,2006-06-09,19,283.88134765625,274.728363037109,82715.9921875,2606564,-0.761993408203125,0.990699768066406,7
-116.850534504834,49.150224825953,2006-06-09,20,284.524337768555,274.941131591797,82686.05859375,3027628,-0.632598876953125,1.0095739364624,7
-116.750534047406,49.150224825953,2006-06-09,17,285.868743896484,276.734848022461,85335.18359375,2342584,-0.320022583007812,0.697107315063477,8
-116.750534047406,49.150224825953,2006-06-09,18,286.609985351562,276.738433837891,85322.71875,2726368,-0.441238403320312,0.815160751342773,8
-116.750534047406,49.150224825953,2006-06-09,19,287.17431640625,275.583831787109,85282.9921875,2605908,-0.745391845703125,1.00241851806641,8
-116.750534047406,49.150224825953,2006-06-09,20,288.061447143555,275.337615966797,85241.05859375,3045096,-0.664825439453125,1.0066442489624,8
-116.650533589978,49.150224825953,2006-06-09,17,287.370697021484,277.725082397461,87695.18359375,2348756,-0.293655395507812,0.781091690063477,9
-116.650533589978,49.150224825953,2006-06-09,18,288.213500976562,277.144683837891,87675.71875,2690404,-0.471511840820312,0.910863876342773,9
-116.650533589978,49.150224825953,2006-06-09,19,288.65087890625,277.101409912109,87630.9921875,2606160,-0.712188720703125,1.01511383056641,9
-116.650533589978,49.150224825953,2006-06-09,20,289.793869018555,276.439178466797,87576.05859375,3063036,-0.675567626953125,1.0085973739624,9
-116.55053313255,49.150224825953,2006-06-09,17,288.214447021484,278.186019897461,89185.18359375,2355364,-0.207717895507812,0.816247940063477,10
-116.55053313255,49.150224825953,2006-06-09,18,289.049438476562,277.384918212891,89162.71875,2654820,-0.399246215820312,0.941137313842773,10
-116.55053313255,49.150224825953,2006-06-09,19,289.49462890625,277.933441162109,89112.9921875,2609256,-0.635040283203125,1.00046539306641,10
-116.55053313255,49.150224825953,2006-06-09,20,290.702072143555,277.273162841797,89051.05859375,3081992,-0.623809814453125,0.987112998962402,10
-116.950534962263,49.2502252833812,2006-06-09,17,283.845306396484,275.822738647461,82907.18359375,2323780,-0.275100708007812,0.422693252563477,11
-116.950534962263,49.2502252833812,2006-06-09,18,284.611938476562,275.945465087891,82899.71875,2778680,-0.190261840820312,0.512426376342773,11
-116.950534962263,49.2502252833812,2006-06-09,19,282.71533203125,275.480316162109,82864.9921875,2517780,-0.673126220703125,0.953590393066406,11
-116.950534962263,49.2502252833812,2006-06-09,20,283.454025268555,275.601287841797,82838.05859375,3011184,-0.492950439453125,1.0017614364624,11
-116.850534504834,49.2502252833812,2006-06-09,17,285.526947021484,277.127426147461,84867.18359375,2323084,-0.245803833007812,0.544763565063477,12
-116.850534504834,49.2502252833812,2006-06-09,18,286.236938476562,277.056793212891,84851.71875,2736548,-0.255691528320312,0.668676376342773,12
-116.850534504834,49.2502252833812,2006-06-09,19,285.97900390625,275.921722412109,84815.9921875,2518664,-0.654571533203125,0.990699768066406,12
-116.850534504834,49.2502252833812,2006-06-09,20,287.002853393555,275.468475341797,84780.05859375,3029336,-0.525177001953125,1.0339879989624,12
-116.750534047406,49.2502252833812,2006-06-09,17,286.663665771484,277.332504272461,86588.18359375,2324040,-0.222366333007812,0.661951065063477,13
-116.750534047406,49.2502252833812,2006-06-09,18,286.662719726562,277.568511962891,86567.71875,2695896,-0.319168090820312,0.815160751342773,13
-116.750534047406,49.2502252833812,2006-06-09,19,286.74853515625,276.753753662109,86528.9921875,2519324,-0.636016845703125,1.02292633056641,13
-116.750534047406,49.2502252833812,2006-06-09,20,287.850509643555,276.128631591797,86483.05859375,3047408,-0.557403564453125,1.0593786239624,13
-116.650533589978,49.2502252833812,2006-06-09,17,287.403900146484,277.187973022461,88321.18359375,2324836,-0.195999145507812,0.778162002563477,14
-116.650533589978,49.2502252833812,2006-06-09,18,286.203735351562,277.824371337891,88296.71875,2655128,-0.380691528320312,0.960668563842773,14
-116.650533589978,49.2502252833812,2006-06-09,19,285.92236328125,278.312347412109,88253.9921875,2520084,-0.616485595703125,1.05515289306641,14
-116.650533589978,49.2502252833812,2006-06-09,20,287.141525268555,277.419647216797,88198.05859375,3065528,-0.588653564453125,1.0847692489624,14
-116.55053313255,49.2502252833812,2006-06-09,17,286.909759521484,276.896957397461,86881.18359375,2325424,-0.111038208007812,0.812341690063477,15
-116.55053313255,49.2502252833812,2006-06-09,18,287.287719726562,276.339996337891,86862.71875,2612772,-0.319168090820312,0.983129501342773,15
-116.55053313255,49.2502252833812,2006-06-09,19,287.53369140625,276.894378662109,86821.9921875,2530380,-0.584259033203125,1.02194976806641,15
-116.55053313255,49.2502252833812,2006-06-09,20,288.827072143555,276.165740966797,86770.05859375,3085444,-0.574005126953125,1.0447301864624,15
-116.950534962263,49.3502257408094,2006-06-09,17,284.308197021484,276.330551147461,83209.18359375,2300112,-0.173538208007812,0.450037002563477,16
-116.950534962263,49.3502257408094,2006-06-09,18,285.279907226562,276.318511962891,83197.71875,2753840,-0.0955352783203125,0.542699813842773,16
-116.950534962263,49.3502257408094,2006-06-09,19,284.34814453125,275.261566162109,83161.9921875,2461096,-0.561798095703125,0.952613830566406,16
-116.950534962263,49.3502257408094,2006-06-09,20,285.274337768555,275.060272216797,83139.05859375,2972508,-0.410919189453125,0.947073936462402,16
-116.850534504834,49.3502257408094,2006-06-09,17,286.038665771484,277.279769897461,85256.18359375,2298292,-0.126663208007812,0.559412002563477,17
-116.850534504834,49.3502257408094,2006-06-09,18,286.777954101562,277.341949462891,85236.71875,2714104,-0.145339965820312,0.682348251342773,17
-116.850534504834,49.3502257408094,2006-06-09,19,286.95556640625,275.484222412109,85199.9921875,2468076,-0.552032470703125,0.998512268066406,17
-116.850534504834,49.3502257408094,2006-06-09,20,288.217697143555,274.622772216797,85167.05859375,2993992,-0.448028564453125,0.993948936462402,17
-116.750534047406,49.3502257408094,2006-06-09,17,286.581634521484,277.271957397461,86994.18359375,2296520,-0.0797882080078125,0.669763565063477,18
-116.750534047406,49.3502257408094,2006-06-09,18,286.377563476562,277.164215087891,86970.71875,2674348,-0.194168090820312,0.821996688842773,18
-116.750534047406,49.3502257408094,2006-06-09,19,285.24072265625,277.361175537109,86928.9921875,2475004,-0.542266845703125,1.04441070556641,18
-116.750534047406,49.3502257408094,2006-06-09,20,286.647384643555,276.368865966797,86887.05859375,3015520,-0.484161376953125,1.0408239364624,18
-116.650533589978,49.3502257408094,2006-06-09,17,286.269134521484,276.738754272461,86397.18359375,2294568,-0.0319366455078125,0.756677627563477,19
-116.650533589978,49.3502257408094,2006-06-09,18,286.123657226562,276.263824462891,86374.71875,2634492,-0.224441528320312,0.931371688842773,19
-116.650533589978,49.3502257408094,2006-06-09,19,285.45361328125,277.146331787109,86333.9921875,2485116,-0.540313720703125,1.07468414306641,19
-116.650533589978,49.3502257408094,2006-06-09,20,286.764572143555,276.273162841797,86293.05859375,3037812,-0.520294189453125,1.0701208114624,19
-116.55053313255,49.3502257408094,2006-06-09,17,285.384368896484,276.020004272461,84493.18359375,2292732,0.0168914794921875,0.812341690063477,20
-116.55053313255,49.3502257408094,2006-06-09,18,286.283813476562,274.908355712891,84477.71875,2593196,-0.229324340820312,0.993871688842773,20
-116.55053313255,49.3502257408094,2006-06-09,19,286.64501953125,275.665863037109,84439.9921875,2497676,-0.547149658203125,1.07175445556641,20
-116.55053313255,49.3502257408094,2006-06-09,20,287.866134643555,275.021209716797,84406.05859375,3059796,-0.550567626953125,1.0642614364624,20
-116.950534962263,49.0502243685248,2006-06-25,17,292.916625976562,276.620574951172,83519.0390625,2490916,-0.71917724609375,-0.486312866210938,1
-116.950534962263,49.0502243685248,2006-06-25,18,294.037475585938,276.190841674805,83503.3359375,2937604,-0.907440185546875,-0.32940673828125,1
-116.950534962263,49.0502243685248,2006-06-25,19,294.38298034668,277.161544799805,83547.8671875,3236980,-0.715118408203125,-0.32373046875,1
-116.950534962263,49.0502243685248,2006-06-25,20,295.188110351562,277.236129760742,83521.74609375,3379944,-0.69427490234375,-0.211624145507812,1
-116.850534504834,49.0502243685248,2006-06-25,17,292.432250976562,276.542449951172,83184.0390625,2493808,-0.70355224609375,-0.405258178710938,2
-116.850534504834,49.0502243685248,2006-06-25,18,293.574584960938,276.036544799805,83171.3359375,2939876,-0.909393310546875,-0.24542236328125,2
-116.850534504834,49.0502243685248,2006-06-25,19,293.91618347168,276.837326049805,83216.8671875,3238588,-0.764923095703125,-0.22998046875,2
-116.850534504834,49.0502243685248,2006-06-25,20,294.711547851562,276.888473510742,83190.74609375,3379288,-0.77044677734375,-0.0993194580078125,2
-116.750534047406,49.0502243685248,2006-06-25,17,294.524047851562,278.726043701172,85980.0390625,2496736,-0.68792724609375,-0.325180053710938,3
-116.750534047406,49.0502243685248,2006-06-25,18,295.687866210938,278.083419799805,85958.3359375,2942236,-0.913299560546875,-0.16143798828125,3
-116.750534047406,49.0502243685248,2006-06-25,19,296.02360534668,278.704513549805,86002.8671875,3240164,-0.816680908203125,-0.13623046875,3
-116.750534047406,49.0502243685248,2006-06-25,20,296.809204101562,278.708786010742,85968.74609375,3378608,-0.84857177734375,0.0110321044921875,3
-116.650533589978,49.0502243685248,2006-06-25,17,297.078735351562,281.288543701172,89330.0390625,2499464,-0.65863037109375,-0.269515991210938,4
-116.650533589978,49.0502243685248,2006-06-25,18,298.264038085938,280.507247924805,89297.3359375,2944420,-0.892791748046875,-0.10382080078125,4
-116.650533589978,49.0502243685248,2006-06-25,19,298.59391784668,280.946701049805,89341.8671875,3241412,-0.835235595703125,-0.06787109375,4
-116.650533589978,49.0502243685248,2006-06-25,20,299.367797851562,280.906051635742,89297.74609375,3377152,-0.88177490234375,0.0950164794921875,4
-116.55053313255,49.0502243685248,2006-06-25,17,298.717407226562,282.974090576172,91521.0390625,2501444,-0.58441162109375,-0.300765991210938,5
-116.55053313255,49.0502243685248,2006-06-25,18,299.941772460938,282.097091674805,91479.3359375,2945884,-0.788299560546875,-0.13897705078125,5
-116.55053313255,49.0502243685248,2006-06-25,19,300.26579284668,282.354904174805,91523.8671875,3241484,-0.730743408203125,-0.08837890625,5
-116.55053313255,49.0502243685248,2006-06-25,20,301.035766601562,282.294723510742,91470.74609375,3372832,-0.75384521484375,0.0803680419921875,5
-116.950534962263,49.150224825953,2006-06-25,17,293.330688476562,277.079559326172,84000.0390625,2488980,-0.58148193359375,-0.510726928710938,6
-116.950534962263,49.150224825953,2006-06-25,18,294.459350585938,276.704513549805,83981.3359375,2934732,-0.725799560546875,-0.34698486328125,6
-116.950534962263,49.150224825953,2006-06-25,19,294.81852722168,277.585372924805,84027.8671875,3234364,-0.558868408203125,-0.32568359375,6
-116.950534962263,49.150224825953,2006-06-25,20,295.643188476562,277.665817260742,83996.74609375,3377336,-0.49700927734375,-0.190139770507812,6
-116.850534504834,49.150224825953,2006-06-25,17,293.127563476562,277.081512451172,83918.0390625,2491288,-0.57464599609375,-0.402328491210938,7
-116.850534504834,49.150224825953,2006-06-25,18,294.265991210938,276.679122924805,83900.3359375,2936528,-0.732635498046875,-0.23077392578125,7
-116.850534504834,49.150224825953,2006-06-25,19,294.61930847168,277.470138549805,83945.8671875,3235616,-0.592071533203125,-0.20166015625,7
-116.850534504834,49.150224825953,2006-06-25,20,295.434204101562,277.550582885742,83915.74609375,3375992,-0.55267333984375,-0.0524444580078125,7
-116.750534047406,49.150224825953,2006-06-25,17,295.121704101562,278.987762451172,86448.0390625,2493700,-0.56585693359375,-0.298812866210938,8
-116.750534047406,49.150224825953,2006-06-25,18,296.260131835938,278.503341674805,86421.3359375,2938368,-0.738494873046875,-0.11944580078125,8
-116.750534047406,49.150224825953,2006-06-25,19,296.60563659668,279.177169799805,86465.8671875,3236968,-0.629180908203125,-0.08251953125,8
-116.750534047406,49.150224825953,2006-06-25,20,297.412719726562,279.230270385742,86429.74609375,3374748,-0.61224365234375,0.0813446044921875,8
-116.650533589978,49.150224825953,2006-06-25,17,296.922485351562,280.694793701172,88756.0390625,2495924,-0.55609130859375,-0.211898803710938,9
-116.650533589978,49.150224825953,2006-06-25,18,298.064819335938,280.155685424805,88722.3359375,2940060,-0.735565185546875,-0.02569580078125,9
-116.650533589978,49.150224825953,2006-06-25,19,298.40837097168,280.733810424805,88765.8671875,3238016,-0.645782470703125,0.01806640625,9
-116.650533589978,49.150224825953,2006-06-25,20,299.205688476562,280.773239135742,88720.74609375,3372612,-0.64251708984375,0.193649291992188,9
-116.55053313255,49.150224825953,2006-06-25,17,298.045532226562,281.747528076172,90215.0390625,2498236,-0.54241943359375,-0.222640991210938,10
-116.55053313255,49.150224825953,2006-06-25,18,299.207397460938,281.132247924805,90175.3359375,2941864,-0.717010498046875,-0.04132080078125,10
-116.55053313255,49.150224825953,2006-06-25,19,299.55485534668,281.628341674805,90217.8671875,3238632,-0.630157470703125,0.01220703125,10
-116.55053313255,49.150224825953,2006-06-25,20,300.359985351562,281.646286010742,90167.74609375,3368104,-0.62396240234375,0.189743041992188,10
-116.950534962263,49.2502252833812,2006-06-25,17,293.373657226562,277.263153076172,84074.0390625,2487152,-0.44085693359375,-0.540023803710938,11
-116.950534962263,49.2502252833812,2006-06-25,18,294.515991210938,276.946701049805,84054.3359375,2932016,-0.544158935546875,-0.37139892578125,11
-116.950534962263,49.2502252833812,2006-06-25,19,294.88688659668,277.720138549805,84098.8671875,3231776,-0.406524658203125,-0.33642578125,11
-116.950534962263,49.2502252833812,2006-06-25,20,295.740844726562,277.845504760742,84066.74609375,3374948,-0.30462646484375,-0.173538208007812,11
-116.850534504834,49.2502252833812,2006-06-25,17,294.973266601562,278.589324951172,85994.0390625,2488828,-0.44378662109375,-0.402328491210938,12
-116.850534504834,49.2502252833812,2006-06-25,18,296.096069335938,278.278732299805,85968.3359375,2933184,-0.553924560546875,-0.21905517578125,12
-116.850534504834,49.2502252833812,2006-06-25,19,296.46110534668,279.058029174805,86010.8671875,3232720,-0.420196533203125,-0.17822265625,12
-116.850534504834,49.2502252833812,2006-06-25,20,297.303344726562,279.161911010742,85971.74609375,3372836,-0.33587646484375,-0.0065460205078125,12
-116.750534047406,49.2502252833812,2006-06-25,17,296.504516601562,279.327606201172,87679.0390625,2490604,-0.44476318359375,-0.269515991210938,13
-116.750534047406,49.2502252833812,2006-06-25,18,297.640991210938,278.960372924805,87646.3359375,2934468,-0.563690185546875,-0.07354736328125,13
-116.750534047406,49.2502252833812,2006-06-25,19,298.02360534668,279.731857299805,87688.8671875,3233736,-0.439727783203125,-0.02685546875,13
-116.750534047406,49.2502252833812,2006-06-25,20,298.854125976562,279.798629760742,87643.74609375,3370848,-0.37298583984375,0.155563354492188,13
-116.650533589978,49.2502252833812,2006-06-25,17,298.092407226562,279.917449951172,89373.0390625,2492384,-0.44573974609375,-0.138656616210938,14
-116.650533589978,49.2502252833812,2006-06-25,18,299.254272460938,279.475997924805,89334.3359375,2935760,-0.573455810546875,0.06903076171875,14
-116.650533589978,49.2502252833812,2006-06-25,19,299.66227722168,280.241622924805,89376.8671875,3234724,-0.457305908203125,0.12255859375,14
-116.650533589978,49.2502252833812,2006-06-25,20,300.477172851562,280.267379760742,89324.74609375,3368748,-0.40814208984375,0.314743041992188,14
-116.55053313255,49.2502252833812,2006-06-25,17,296.619750976562,279.808074951172,87965.0390625,2494924,-0.49261474609375,-0.177719116210938,15
-116.55053313255,49.2502252833812,2006-06-25,18,297.748413085938,279.403732299805,87931.3359375,2937860,-0.629119873046875,0.01922607421875,15
-116.55053313255,49.2502252833812,2006-06-25,19,298.12516784668,280.138107299805,87973.8671875,3235536,-0.504180908203125,0.07763671875,15
-116.55053313255,49.2502252833812,2006-06-25,20,298.947875976562,280.238082885742,87926.74609375,3362392,-0.45989990234375,0.261032104492188,15
-116.950534962263,49.3502257408094,2006-06-25,17,293.563110351562,277.599090576172,84374.0390625,2485576,-0.29046630859375,-0.470687866210938,16
-116.950534962263,49.3502257408094,2006-06-25,18,294.730834960938,277.309982299805,84350.3359375,2929780,-0.319549560546875,-0.27862548828125,16
-116.950534962263,49.3502257408094,2006-06-25,19,295.15251159668,278.114669799805,84394.8671875,3230020,-0.182891845703125,-0.21142578125,16
-116.950534962263,49.3502257408094,2006-06-25,20,296.006469726562,278.222457885742,84360.74609375,3373348,-0.06829833984375,-0.0709991455078125,16
-116.850534504834,49.3502257408094,2006-06-25,17,295.352172851562,278.925262451172,86380.0390625,2487468,-0.28460693359375,-0.332015991210938,17
-116.850534504834,49.3502257408094,2006-06-25,18,296.508178710938,278.643966674805,86350.3359375,2931112,-0.325408935546875,-0.13409423828125,17
-116.850534504834,49.3502257408094,2006-06-25,19,296.93376159668,279.458419799805,86391.8671875,3232100,-0.195587158203125,-0.06298828125,17
-116.850534504834,49.3502257408094,2006-06-25,20,297.766235351562,279.513473510742,86350.74609375,3371776,-0.09173583984375,0.0696258544921875,17
-116.750534047406,49.3502257408094,2006-06-25,17,297.145141601562,279.343231201172,88078.0390625,2489356,-0.27874755859375,-0.193344116210938,18
-116.750534047406,49.3502257408094,2006-06-25,18,298.332397460938,278.966232299805,88040.3359375,2932388,-0.331268310546875,0.01141357421875,18
-116.750534047406,49.3502257408094,2006-06-25,19,298.79704284668,279.718185424805,88081.8671875,3234224,-0.208282470703125,0.08642578125,18
-116.750534047406,49.3502257408094,2006-06-25,20,299.617797851562,279.743942260742,88034.74609375,3370196,-0.11419677734375,0.212203979492188,18
-116.650533589978,49.3502257408094,2006-06-25,17,296.592407226562,279.128387451172,87493.0390625,2491428,-0.29437255859375,-0.0966644287109375,19
-116.650533589978,49.3502257408094,2006-06-25,18,297.746459960938,278.796310424805,87456.3359375,2933848,-0.361541748046875,0.10809326171875,19
-116.650533589978,49.3502257408094,2006-06-25,19,298.19938659668,279.542404174805,87497.8671875,3236308,-0.243438720703125,0.18505859375,19
-116.650533589978,49.3502257408094,2006-06-25,20,299.000610351562,279.587692260742,87452.74609375,3367456,-0.15911865234375,0.301071166992188,19
-116.55053313255,49.3502257408094,2006-06-25,17,294.733032226562,278.561981201172,85631.0390625,2493668,-0.34613037109375,-0.0712738037109375,20
-116.55053313255,49.3502257408094,2006-06-25,18,295.836303710938,278.335372924805,85601.3359375,2935512,-0.430877685546875,0.12567138671875,20
-116.55053313255,49.3502257408094,2006-06-25,19,296.24235534668,279.075607299805,85642.8671875,3237740,-0.314727783203125,0.20068359375,20
-116.55053313255,49.3502257408094,2006-06-25,20,297.035766601562,279.187301635742,85602.74609375,3362500,-0.24114990234375,0.312789916992188,20
-116.950534962263,49.0502243685248,2006-07-11,17,289.6552734375,274.255325317383,82061.453125,2410666,0.419448852539062,1.80508422851562,1
-116.950534962263,49.0502243685248,2006-07-11,18,290.833129882812,272.675338745117,82061.6953125,2838758,0.594329833984375,1.97158813476562,1
-116.950534962263,49.0502243685248,2006-07-11,19,291.155319213867,273.596557617188,82080.8125,3081322,0.81268310546875,2.06688117980957,1
-116.950534962263,49.0502243685248,2006-07-11,20,292.030899047852,273.217147827148,82089.8125,3267276,1.01339721679688,2.13844966888428,1
-116.850534504834,49.0502243685248,2006-07-11,17,289.1904296875,274.759231567383,81732.453125,2414366,0.231948852539062,1.73477172851562,2
-116.850534504834,49.0502243685248,2006-07-11,18,290.399536132812,273.255416870117,81733.6953125,2837952,0.388275146484375,1.91104125976562,2
-116.850534504834,49.0502243685248,2006-07-11,19,290.770553588867,273.844604492188,81752.8125,3088060,0.59783935546875,2.02977180480957,2
-116.850534504834,49.0502243685248,2006-07-11,20,291.683242797852,273.318710327148,81762.8125,3274820,0.784881591796875,2.11696529388428,2
-116.750534047406,49.0502243685248,2006-07-11,17,291.0673828125,277.321731567383,84517.453125,2418104,0.0405426025390625,1.66445922851562,3
-116.750534047406,49.0502243685248,2006-07-11,18,292.288208007812,275.812057495117,84509.6953125,2837320,0.179290771484375,1.84951782226562,3
-116.750534047406,49.0502243685248,2006-07-11,19,292.704147338867,276.086791992188,84526.8125,3094860,0.38201904296875,1.99266242980957,3
-116.750534047406,49.0502243685248,2006-07-11,20,293.646133422852,275.387069702148,84527.8125,3282382,0.554412841796875,2.09548091888428,3
-116.650533589978,49.0502243685248,2006-07-11,17,293.3857421875,279.972122192383,87856.453125,2421428,-0.0922698974609375,1.60879516601562,4
-116.650533589978,49.0502243685248,2006-07-11,18,294.606567382812,278.450729370117,87836.6953125,2836616,0.032806396484375,1.80264282226562,4
-116.650533589978,49.0502243685248,2006-07-11,19,295.053756713867,278.487182617188,87851.8125,3101822,0.22869873046875,1.96629524230957,4
-116.650533589978,49.0502243685248,2006-07-11,20,296.013320922852,277.650741577148,87842.8125,3290012,0.386444091796875,2.08083248138428,4
-116.55053313255,49.0502243685248,2006-07-11,17,294.9638671875,280.880325317383,90044.453125,2423186,-0.0063323974609375,1.60781860351562,5
-116.55053313255,49.0502243685248,2006-07-11,18,296.163208007812,279.407760620117,90017.6953125,2835446,0.118743896484375,1.81240844726562,5
-116.55053313255,49.0502243685248,2006-07-11,19,296.608444213867,279.463745117188,90029.8125,3109440,0.31463623046875,1.98387336730957,5
-116.55053313255,49.0502243685248,2006-07-11,20,297.548477172852,278.664413452148,90013.8125,3297926,0.450897216796875,2.09352779388428,5
-116.950534962263,49.150224825953,2006-07-11,17,290.1025390625,275.587356567383,82528.453125,2403892,0.402847290039062,1.77578735351562,6
-116.950534962263,49.150224825953,2006-07-11,18,291.288208007812,273.708541870117,82523.6953125,2836420,0.572845458984375,1.91885375976562,6
-116.950534962263,49.150224825953,2006-07-11,19,291.536178588867,274.647338867188,82544.8125,3046860,0.78533935546875,1.96727180480957,6
-116.950534962263,49.150224825953,2006-07-11,20,292.403945922852,273.974960327148,82549.8125,3233670,0.974334716796875,2.04372310638428,6
-116.850534504834,49.150224825953,2006-07-11,17,289.8310546875,276.204544067383,82450.453125,2406440,0.268081665039062,1.71621704101562,7
-116.850534504834,49.150224825953,2006-07-11,18,291.032348632812,274.423385620117,82447.6953125,2832392,0.411712646484375,1.86318969726562,7
-116.850534504834,49.150224825953,2006-07-11,19,291.329147338867,275.065307617188,82465.8125,3053756,0.61444091796875,1.93699836730957,7
-116.850534504834,49.150224825953,2006-07-11,20,292.228164672852,274.295272827148,82472.8125,3240786,0.790740966796875,2.03786373138428,7
-116.750534047406,49.150224825953,2006-07-11,17,291.5712890625,278.540481567383,84970.453125,2409156,0.124526977539062,1.65469360351562,8
-116.750534047406,49.150224825953,2006-07-11,18,292.786254882812,276.765182495117,84959.6953125,2828898,0.243743896484375,1.80654907226562,8
-116.750534047406,49.150224825953,2006-07-11,19,293.129928588867,277.131713867188,84975.8125,3060578,0.43670654296875,1.90574836730957,8
-116.750534047406,49.150224825953,2006-07-11,20,294.060195922852,276.221054077148,84974.8125,3248030,0.599334716796875,2.02907466888428,8
-116.650533589978,49.150224825953,2006-07-11,17,293.1689453125,280.470169067383,87272.453125,2411378,0.0444488525390625,1.61074829101562,9
-116.650533589978,49.150224825953,2006-07-11,18,294.380004882812,278.716354370117,87254.6953125,2824544,0.140228271484375,1.76651000976562,9
-116.650533589978,49.150224825953,2006-07-11,19,294.760787963867,278.885620117188,87267.8125,3067970,0.32537841796875,1.88914680480957,9
-116.650533589978,49.150224825953,2006-07-11,20,295.710586547852,277.898788452148,87260.8125,3255450,0.473358154296875,2.03200435638428,9
-116.55053313255,49.150224825953,2006-07-11,17,294.2373046875,281.181106567383,88726.453125,2413372,0.122573852539062,1.61758422851562,10
-116.55053313255,49.150224825953,2006-07-11,18,295.426879882812,279.472213745117,88704.6953125,2821040,0.217376708984375,1.78311157226562,10
-116.55053313255,49.150224825953,2006-07-11,19,295.817428588867,279.627807617188,88716.8125,3077704,0.39569091796875,1.91942024230957,10
-116.55053313255,49.150224825953,2006-07-11,20,296.759414672852,278.687850952148,88704.8125,3264380,0.526092529296875,2.06032466888428,10
-116.950534962263,49.2502252833812,2006-07-11,17,290.2275390625,276.599075317383,82587.453125,2397354,0.373550415039062,1.74356079101562,11
-116.950534962263,49.2502252833812,2006-07-11,18,291.421020507812,274.458541870117,82580.6953125,2834724,0.541595458984375,1.86514282226562,11
-116.950534962263,49.2502252833812,2006-07-11,19,291.598678588867,275.393432617188,82601.8125,3012328,0.74822998046875,1.86570930480957,11
-116.950534962263,49.2502252833812,2006-07-11,20,292.456680297852,274.433944702148,82605.8125,3200158,0.927459716796875,1.94704341888428,11
-116.850534504834,49.2502252833812,2006-07-11,17,291.5380859375,278.518997192383,84500.453125,2398594,0.301284790039062,1.69668579101562,12
-116.850534504834,49.2502252833812,2006-07-11,18,292.733520507812,276.421432495117,84487.6953125,2827068,0.433197021484375,1.81631469726562,12
-116.850534504834,49.2502252833812,2006-07-11,19,292.958053588867,277.119995117188,84506.8125,3019332,0.62811279296875,1.84324836730957,12
-116.850534504834,49.2502252833812,2006-07-11,20,293.845352172852,276.084335327148,84506.8125,3206794,0.794647216796875,1.95778560638428,12
-116.750534047406,49.2502252833812,2006-07-11,17,292.8212890625,279.960403442383,86181.453125,2400072,0.215347290039062,1.64688110351562,13
-116.750534047406,49.2502252833812,2006-07-11,18,294.051879882812,277.806198120117,86164.6953125,2820140,0.313079833984375,1.76553344726562,13
-116.750534047406,49.2502252833812,2006-07-11,19,294.338912963867,278.270385742188,86180.8125,3026272,0.49725341796875,1.81981086730957,13
-116.750534047406,49.2502252833812,2006-07-11,20,295.273086547852,277.082382202148,86175.8125,3213560,0.651092529296875,1.96462154388428,13
-116.650533589978,49.2502252833812,2006-07-11,17,294.1767578125,281.251419067383,87874.453125,2401518,0.135269165039062,1.59805297851562,14
-116.650533589978,49.2502252833812,2006-07-11,18,295.450317382812,279.001510620117,87851.6953125,2813164,0.199798583984375,1.71670532226562,14
-116.650533589978,49.2502252833812,2006-07-11,19,295.803756713867,279.243041992188,87865.8125,3033256,0.37322998046875,1.79832649230957,14
-116.650533589978,49.2502252833812,2006-07-11,20,296.784805297852,277.889022827148,87855.8125,3220388,0.512420654296875,1.97243404388428,14
-116.55053313255,49.2502252833812,2006-07-11,17,292.8818359375,280.399856567383,86472.453125,2403242,0.316909790039062,1.64590454101562,15
-116.55053313255,49.2502252833812,2006-07-11,18,294.061645507812,278.454635620117,86455.6953125,2806714,0.388275146484375,1.77432250976562,15
-116.55053313255,49.2502252833812,2006-07-11,19,294.395553588867,278.766479492188,86469.8125,3046566,0.54998779296875,1.87254524230957,15
-116.55053313255,49.2502252833812,2006-07-11,20,295.314102172852,277.723007202148,86465.8125,3231150,0.674530029296875,2.03786373138428,15
-116.950534962263,49.3502257408094,2006-07-11,17,290.4677734375,277.511184692383,82872.453125,2385830,0.391128540039062,1.64590454101562,16
-116.950534962263,49.3502257408094,2006-07-11,18,291.643676757812,275.315963745117,82863.6953125,2806292,0.553314208984375,1.78506469726562,16
-116.950534962263,49.3502257408094,2006-07-11,19,291.795944213867,276.184448242188,82883.8125,2981980,0.73748779296875,1.79637336730957,16
-116.950534962263,49.3502257408094,2006-07-11,20,292.655899047852,275.142929077148,82887.8125,3170356,0.904022216796875,1.89137935638428,16
-116.850534504834,49.3502257408094,2006-07-11,17,291.9599609375,279.235794067383,84870.453125,2387388,0.365737915039062,1.60586547851562,17
-116.850534504834,49.3502257408094,2006-07-11,18,293.137817382812,277.046432495117,84855.6953125,2797526,0.494720458984375,1.73526000976562,17
-116.850534504834,49.3502257408094,2006-07-11,19,293.340866088867,277.764526367188,84873.8125,2987922,0.66912841796875,1.76805305480957,17
-116.850534504834,49.3502257408094,2006-07-11,20,294.220352172852,276.685897827148,84873.8125,3172806,0.828826904296875,1.89528560638428,17
-116.750534047406,49.3502257408094,2006-07-11,17,293.4755859375,280.249465942383,86565.453125,2388944,0.340347290039062,1.56680297851562,18
-116.750534047406,49.3502257408094,2006-07-11,18,294.710083007812,277.907760620117,86544.6953125,2788778,0.436126708984375,1.68643188476562,18
-116.750534047406,49.3502257408094,2006-07-11,19,294.991256713867,278.491088867188,86561.8125,2993820,0.60076904296875,1.74070930480957,18
-116.750534047406,49.3502257408094,2006-07-11,20,295.911758422852,277.275741577148,86556.8125,3175306,0.754608154296875,1.89919185638428,18
-116.650533589978,49.3502257408094,2006-07-11,17,292.8818359375,280.202590942383,85986.453125,2390744,0.364761352539062,1.55117797851562,19
-116.650533589978,49.3502257408094,2006-07-11,18,294.090942382812,277.999557495117,85968.6953125,2780300,0.438079833984375,1.66299438476562,19
-116.650533589978,49.3502257408094,2006-07-11,19,294.401412963867,278.481323242188,85983.8125,3001194,0.59197998046875,1.73582649230957,19
-116.650533589978,49.3502257408094,2006-07-11,20,295.318008422852,277.349960327148,85980.8125,3177916,0.738983154296875,1.91676998138428,19
-116.55053313255,49.3502257408094,2006-07-11,17,291.1728515625,279.378372192383,84134.453125,2392752,0.456558227539062,1.57266235351562,20
-116.55053313255,49.3502257408094,2006-07-11,18,292.311645507812,277.456588745117,84122.6953125,2772728,0.524017333984375,1.68545532226562,20
-116.55053313255,49.3502257408094,2006-07-11,19,292.616256713867,277.905151367188,84137.8125,3011622,0.66522216796875,1.77586555480957,20
-116.55053313255,49.3502257408094,2006-07-11,20,293.489883422852,277.006210327148,84140.8125,3182888,0.805389404296875,1.95778560638428,20
-116.950534962263,49.0502243685248,2006-07-27,17,295.530868530273,278.013671875,82327.05078125,2265754,0.671829223632812,1.51028442382812,1
-116.950534962263,49.0502243685248,2006-07-27,18,296.760482788086,278.035369873047,82319.859375,2731344,1.046630859375,1.70605373382568,1
-116.950534962263,49.0502243685248,2006-07-27,19,297.069366455078,278.290496826172,82319.46484375,3056978,1.53036499023438,1.62466526031494,1
-116.950534962263,49.0502243685248,2006-07-27,20,297.998184204102,278.271133422852,82314.0234375,3253488,1.89390563964844,1.57245349884033,1
-116.850534504834,49.0502243685248,2006-07-27,17,294.972274780273,277.73046875,82002.05078125,2269122,0.411087036132812,1.52297973632812,2
-116.850534504834,49.0502243685248,2006-07-27,18,296.250717163086,277.781463623047,81996.859375,2734054,0.758544921875,1.71972560882568,2
-116.850534504834,49.0502243685248,2006-07-27,19,296.608428955078,278.013153076172,81995.46484375,3062510,1.20712280273438,1.68423557281494,2
-116.850534504834,49.0502243685248,2006-07-27,20,297.584121704102,277.997695922852,81991.0234375,3254366,1.53746032714844,1.66132068634033,2
-116.750534047406,49.0502243685248,2006-07-27,17,296.952743530273,279.8203125,84736.05078125,2272502,0.147415161132812,1.53665161132812,3
-116.750534047406,49.0502243685248,2006-07-27,18,298.272201538086,279.873260498047,84719.859375,2736806,0.468505859375,1.73437404632568,3
-116.750534047406,49.0502243685248,2006-07-27,19,298.672882080078,280.071746826172,84717.46484375,3068076,0.880950927734375,1.74282932281494,3
-116.750534047406,49.0502243685248,2006-07-27,20,299.687637329102,280.044570922852,84702.0234375,3255278,1.17808532714844,1.75116443634033,3
-116.650533589978,49.0502243685248,2006-07-27,17,299.405868530273,282.234375,88013.05078125,2275690,-0.0469207763671875,1.55325317382812,4
-116.650533589978,49.0502243685248,2006-07-27,18,300.756576538086,282.281463623047,87983.859375,2739350,0.250732421875,1.75390529632568,4
-116.650533589978,49.0502243685248,2006-07-27,19,301.190460205078,282.466278076172,87978.46484375,3073582,0.629974365234375,1.79946994781494,4
-116.650533589978,49.0502243685248,2006-07-27,20,302.230606079102,282.429336547852,87951.0234375,3255892,0.894882202148438,1.83612537384033,4
-116.55053313255,49.0502243685248,2006-07-27,17,301.019149780273,283.529296875,90158.05078125,2278184,0.0136260986328125,1.58450317382812,5
-116.55053313255,49.0502243685248,2006-07-27,18,302.367904663086,283.572479248047,90119.859375,2741108,0.300537109375,1.79296779632568,5
-116.55053313255,49.0502243685248,2006-07-27,19,302.793975830078,283.821746826172,90111.46484375,3078856,0.656341552734375,1.85220432281494,5
-116.55053313255,49.0502243685248,2006-07-27,20,303.816543579102,283.812149047852,90078.0234375,3255378,0.896835327148438,1.90546131134033,5
-116.950534962263,49.150224825953,2006-07-27,17,295.964462280273,278.515625,82784.05078125,2263074,0.708938598632812,1.41946411132812,6
-116.950534962263,49.150224825953,2006-07-27,18,297.201889038086,278.525604248047,82773.859375,2727382,1.063232421875,1.60156154632568,6
-116.950534962263,49.150224825953,2006-07-27,19,297.430694580078,278.804168701172,82772.46484375,3051906,1.48153686523438,1.48306369781494,6
-116.950534962263,49.150224825953,2006-07-27,20,298.351699829102,278.814102172852,82766.0234375,3247482,1.84898376464844,1.42987537384033,6
-116.850534504834,49.150224825953,2006-07-27,17,295.618759155273,278.572265625,82707.05078125,2265772,0.498977661132812,1.43508911132812,7
-116.850534504834,49.150224825953,2006-07-27,18,296.883529663086,278.603729248047,82696.859375,2729396,0.819091796875,1.60058498382568,7
-116.850534504834,49.150224825953,2006-07-27,19,297.145538330078,278.843231201172,82693.46484375,3056708,1.23056030273438,1.54556369781494,7
-116.850534504834,49.150224825953,2006-07-27,20,298.095840454102,278.866836547852,82687.0234375,3247744,1.56187438964844,1.50702381134033,7
-116.750534047406,49.150224825953,2006-07-27,17,297.523056030273,280.46484375,85182.05078125,2268578,0.281204223632812,1.45071411132812,8
-116.750534047406,49.150224825953,2006-07-27,18,298.822982788086,280.480682373047,85161.859375,2731514,0.568115234375,1.60058498382568,8
-116.750534047406,49.150224825953,2006-07-27,19,299.124053955078,280.679168701172,85157.46484375,3061628,0.967864990234375,1.60806369781494,8
-116.750534047406,49.150224825953,2006-07-27,20,300.109512329102,280.691055297852,85141.0234375,3248110,1.26304626464844,1.58612537384033,8
-116.650533589978,49.150224825953,2006-07-27,17,299.226181030273,282.166015625,87441.05078125,2271162,0.134719848632812,1.47415161132812,9
-116.650533589978,49.150224825953,2006-07-27,18,300.551498413086,282.177947998047,87411.859375,2733374,0.390380859375,1.60937404632568,9
-116.650533589978,49.150224825953,2006-07-27,19,300.885772705078,282.351043701172,87406.46484375,3066428,0.785247802734375,1.67349338531494,9
-116.650533589978,49.150224825953,2006-07-27,20,301.890762329102,282.359024047852,87381.0234375,3248148,1.04527282714844,1.66327381134033,9
-116.55053313255,49.150224825953,2006-07-27,17,300.513290405273,282.603515625,88867.05078125,2273890,0.174758911132812,1.52688598632812,10
-116.55053313255,49.150224825953,2006-07-27,18,301.887435913086,282.570526123047,88830.859375,2735418,0.422607421875,1.67187404632568,10
-116.55053313255,49.150224825953,2006-07-27,19,302.258819580078,282.782684326172,88824.46484375,3071768,0.798919677734375,1.74673557281494,10
-116.55053313255,49.150224825953,2006-07-27,20,303.285293579102,282.784805297852,88794.0234375,3247886,1.02769470214844,1.75507068634033,10
-116.950534962263,49.2502252833812,2006-07-27,17,296.054306030273,278.625,82843.05078125,2260550,0.734329223632812,1.32766723632812,11
-116.950534962263,49.2502252833812,2006-07-27,18,297.309310913086,278.625213623047,82830.859375,2723606,1.071044921875,1.49999904632568,11
-116.950534962263,49.2502252833812,2006-07-27,19,297.459991455078,278.927215576172,82828.46484375,3046976,1.41708374023438,1.33950901031494,11
-116.950534962263,49.2502252833812,2006-07-27,20,298.382949829102,278.966445922852,82822.0234375,3241514,1.78843688964844,1.28827381134033,11
-116.850534504834,49.2502252833812,2006-07-27,17,297.548446655273,280.17578125,84721.05078125,2262484,0.584915161132812,1.34719848632812,12
-116.850534504834,49.2502252833812,2006-07-27,18,298.822982788086,280.152557373047,84700.859375,2724772,0.876708984375,1.48242092132568,12
-116.850534504834,49.2502252833812,2006-07-27,19,299.002960205078,280.399871826172,84699.46484375,3050948,1.24813842773438,1.40786838531494,12
-116.850534504834,49.2502252833812,2006-07-27,20,299.947402954102,280.439102172852,84685.0234375,3241078,1.58042907714844,1.35272693634033,12
-116.750534047406,49.2502252833812,2006-07-27,17,298.884384155273,281.396484375,86371.05078125,2264586,0.422805786132812,1.36575317382812,13
-116.750534047406,49.2502252833812,2006-07-27,18,300.192123413086,281.353729248047,86343.859375,2726126,0.673583984375,1.46679592132568,13
-116.750534047406,49.2502252833812,2006-07-27,19,300.409210205078,281.554168701172,86341.46484375,3055086,1.06259155273438,1.47427463531494,13
-116.750534047406,49.2502252833812,2006-07-27,20,301.375137329102,281.581680297852,86319.0234375,3240818,1.35581970214844,1.42010974884033,13
-116.650533589978,49.2502252833812,2006-07-27,17,300.216415405273,282.634765625,88031.05078125,2266694,0.266555786132812,1.38528442382812,14
-116.650533589978,49.2502252833812,2006-07-27,18,301.553451538086,282.578338623047,87996.859375,2727440,0.476318359375,1.45312404632568,14
-116.650533589978,49.2502252833812,2006-07-27,19,301.803741455078,282.733856201172,87992.46484375,3059228,0.883880615234375,1.54165744781494,14
-116.650533589978,49.2502252833812,2006-07-27,20,302.787246704102,282.755508422852,87963.0234375,3240558,1.13902282714844,1.48846912384033,14
-116.55053313255,49.2502252833812,2006-07-27,17,298.913681030273,281.6953125,86654.05078125,2269526,0.414993286132812,1.47903442382812,15
-116.55053313255,49.2502252833812,2006-07-27,18,300.211654663086,281.660369873047,86625.859375,2729542,0.629638671875,1.56542873382568,15
-116.55053313255,49.2502252833812,2006-07-27,19,300.469757080078,281.864715576172,86621.46484375,3064708,1.02352905273438,1.64321994781494,15
-116.55053313255,49.2502252833812,2006-07-27,20,301.425918579102,281.939102172852,86596.0234375,3240204,1.24253845214844,1.60565662384033,15
-116.950534962263,49.3502257408094,2006-07-27,17,296.273056030273,278.76953125,83125.05078125,2259324,0.723587036132812,1.24954223632812,16
-116.950534962263,49.3502257408094,2006-07-27,18,297.520248413086,278.711151123047,83109.859375,2722012,1.038818359375,1.41210842132568,16
-116.950534962263,49.3502257408094,2006-07-27,19,297.665069580078,279.036590576172,83109.46484375,3051416,1.33016967773438,1.27603244781494,16
-116.950534962263,49.3502257408094,2006-07-27,20,298.601699829102,278.962539672852,83101.0234375,3190734,1.76597595214844,1.26971912384033,16
-116.850534504834,49.3502257408094,2006-07-27,17,297.985946655273,280.39453125,85086.05078125,2261610,0.649368286132812,1.25735473632812,17
-116.850534504834,49.3502257408094,2006-07-27,18,299.238998413086,280.316619873047,85062.859375,2723458,0.925537109375,1.37890529632568,17
-116.850534504834,49.3502257408094,2006-07-27,19,299.409210205078,280.595184326172,85062.46484375,3050752,1.25009155273438,1.32876682281494,17
-116.850534504834,49.3502257408094,2006-07-27,20,300.334121704102,280.554336547852,85047.0234375,3191068,1.63804626464844,1.31659412384033,17
-116.750534047406,49.3502257408094,2006-07-27,17,299.538681030273,281.546875,86748.05078125,2263922,0.575149536132812,1.26419067382812,18
-116.750534047406,49.3502257408094,2006-07-27,18,300.817123413086,281.443572998047,86717.859375,2724960,0.812255859375,1.34570217132568,18
-116.750534047406,49.3502257408094,2006-07-27,19,301.024444580078,281.681121826172,86716.46484375,3050104,1.16903686523438,1.38052463531494,18
-116.750534047406,49.3502257408094,2006-07-27,20,301.941543579102,281.665664672852,86695.0234375,3191470,1.51011657714844,1.36346912384033,18
-116.650533589978,49.3502257408094,2006-07-27,17,298.937118530273,281.255859375,86178.05078125,2266450,0.556594848632812,1.29251098632812,19
-116.650533589978,49.3502257408094,2006-07-27,18,300.205795288086,281.158416748047,86147.859375,2726640,0.766357421875,1.34667873382568,19
-116.650533589978,49.3502257408094,2006-07-27,19,300.426788330078,281.366668701172,86146.46484375,3048710,1.14657592773438,1.44107151031494,19
-116.650533589978,49.3502257408094,2006-07-27,20,301.324356079102,281.407852172852,86126.0234375,3192160,1.44078063964844,1.42401599884033,19
-116.55053313255,49.3502257408094,2006-07-27,17,297.179306030273,280.1171875,84358.05078125,2269186,0.606399536132812,1.36087036132812,20
-116.55053313255,49.3502257408094,2006-07-27,18,298.414779663086,280.039276123047,84334.859375,2728494,0.808349609375,1.41308498382568,20
-116.55053313255,49.3502257408094,2006-07-27,19,298.635772705078,280.247528076172,84332.46484375,3048460,1.18856811523438,1.52310276031494,20
-116.55053313255,49.3502257408094,2006-07-27,20,299.515762329102,280.351211547852,84318.0234375,3192906,1.44371032714844,1.51288318634033,20
-116.950534962263,49.0502243685248,2006-08-28,17,292.328948974609,274.941070556641,82593.10546875,1971634,-0.0276279449462891,0.99346923828125,1
-116.950534962263,49.0502243685248,2006-08-28,18,293.732269287109,273.825424194336,82571.59765625,2453324,0.16694450378418,1.20286560058594,1
-116.950534962263,49.0502243685248,2006-08-28,19,294.283462524414,273.763107299805,82548.31640625,2778414,0.290225982666016,1.2835578918457,1
-116.950534962263,49.0502243685248,2006-08-28,20,295.246200561523,273.300354003906,82502.37890625,2929778,0.458889007568359,1.44798278808594,1
-116.850534504834,49.0502243685248,2006-08-28,17,291.731292724609,275.046539306641,82262.10546875,1975444,-0.166299819946289,0.93634033203125,2
-116.850534504834,49.0502243685248,2006-08-28,18,293.218597412109,273.952377319336,82241.59765625,2456548,-0.0190906524658203,1.19309997558594,2
-116.850534504834,49.0502243685248,2006-08-28,19,293.808853149414,273.681076049805,82222.31640625,2780756,0.111515045166016,1.2859992980957,2
-116.850534504834,49.0502243685248,2006-08-28,20,294.777450561523,273.253479003906,82176.37890625,2931244,0.242092132568359,1.45677185058594,2
-116.750534047406,49.0502243685248,2006-08-28,17,293.721527099609,277.497711181641,85037.10546875,1979222,-0.307901382446289,0.87530517578125,3
-116.750534047406,49.0502243685248,2006-08-28,18,295.232269287109,276.376205444336,85005.59765625,2459838,-0.20707893371582,1.18138122558594,3
-116.750534047406,49.0502243685248,2006-08-28,19,295.851821899414,275.890060424805,84981.31640625,2783136,-0.0691490173339844,1.2889289855957,3
-116.750534047406,49.0502243685248,2006-08-28,20,296.820419311523,275.474182128906,84926.37890625,2932750,0.0233421325683594,1.46556091308594,3
-116.650533589978,49.0502243685248,2006-08-28,17,296.227386474609,280.146148681641,88362.10546875,1982806,-0.397256851196289,0.82989501953125,4
-116.650533589978,49.0502243685248,2006-08-28,18,297.751800537109,278.971908569336,88316.59765625,2462910,-0.32914924621582,1.17796325683594,4
-116.650533589978,49.0502243685248,2006-08-28,19,298.394790649414,278.300216674805,88287.31640625,2785314,-0.186336517333984,1.2972297668457,4
-116.650533589978,49.0502243685248,2006-08-28,20,299.359481811523,277.872619628906,88220.37890625,2934086,-0.123142242431641,1.47727966308594,4
-116.55053313255,49.0502243685248,2006-08-28,17,298.002777099609,281.214508056641,90537.10546875,1985664,-0.290811538696289,0.84796142578125,5
-116.55053313255,49.0502243685248,2006-08-28,18,299.554534912109,279.956283569336,90481.59765625,2465142,-0.20317268371582,1.20726013183594,5
-116.55053313255,49.0502243685248,2006-08-28,19,300.205337524414,279.214279174805,90448.31640625,2786708,-0.0662193298339844,1.3275032043457,5
-116.55053313255,49.0502243685248,2006-08-28,20,301.158309936523,278.722229003906,90374.37890625,2934744,-9.5367431640625e-05,1.50657653808594,5
-116.950534962263,49.150224825953,2006-08-28,17,292.641448974609,275.769195556641,83065.10546875,1967770,-0.0295810699462891,0.99688720703125,6
-116.950534962263,49.150224825953,2006-08-28,18,294.027191162109,274.591049194336,83039.59765625,2448372,0.21772575378418,1.20530700683594,6
-116.950534962263,49.150224825953,2006-08-28,19,294.562759399414,274.462326049805,83014.31640625,2773446,0.337100982666016,1.2650032043457,6
-116.950534962263,49.150224825953,2006-08-28,20,295.527450561523,274.017150878906,82966.37890625,2924956,0.504787445068359,1.41184997558594,6
-116.850534504834,49.150224825953,2006-08-28,17,292.313323974609,276.085601806641,82986.10546875,1971000,-0.111612319946289,0.99346923828125,7
-116.850534504834,49.150224825953,2006-08-28,18,293.728363037109,275.009017944336,82960.59765625,2450988,0.0824718475341797,1.22532653808594,7
-116.850534504834,49.150224825953,2006-08-28,19,294.297134399414,274.696701049805,82937.31640625,2775066,0.198429107666016,1.2884407043457,7
-116.850534504834,49.150224825953,2006-08-28,20,295.252059936523,274.296447753906,82888.37890625,2925746,0.326076507568359,1.43724060058594,7
-116.750534047406,49.150224825953,2006-08-28,17,294.239105224609,278.271148681641,85497.10546875,1974288,-0.202432632446289,0.98126220703125,8
-116.750534047406,49.150224825953,2006-08-28,18,295.630706787109,277.194564819336,85460.59765625,2453728,-0.0625476837158203,1.23948669433594,8
-116.750534047406,49.150224825953,2006-08-28,19,296.224868774414,276.677169799805,85434.31640625,2776868,0.0538978576660156,1.3084602355957,8
-116.750534047406,49.150224825953,2006-08-28,20,297.171981811523,276.278869628906,85377.37890625,2926610,0.141506195068359,1.45970153808594,8
-116.650533589978,49.150224825953,2006-08-28,17,295.973480224609,280.062164306641,87790.10546875,1977420,-0.238077163696289,0.99298095703125,9
-116.650533589978,49.150224825953,2006-08-28,18,297.380706787109,279.018783569336,87745.59765625,2456216,-0.14067268371582,1.26731872558594,9
-116.650533589978,49.150224825953,2006-08-28,19,298.006118774414,278.341232299805,87714.31640625,2778394,-0.0300865173339844,1.3372688293457,9
-116.650533589978,49.150224825953,2006-08-28,20,298.943466186523,277.937072753906,87649.37890625,2927266,0.0262718200683594,1.49095153808594,9
-116.55053313255,49.150224825953,2006-08-28,17,297.164886474609,280.685211181641,89237.10546875,1980536,-0.148721694946289,1.01251220703125,10
-116.55053313255,49.150224825953,2006-08-28,18,298.636566162109,279.553939819336,89185.59765625,2458764,-0.0513172149658203,1.30442810058594,10
-116.55053313255,49.150224825953,2006-08-28,19,299.289321899414,278.792404174805,89152.31640625,2780024,0.0490150451660156,1.3763313293457,10
-116.55053313255,49.150224825953,2006-08-28,20,300.238388061523,278.319885253906,89082.37890625,2928118,0.110256195068359,1.53294372558594,10
-116.950534962263,49.2502252833812,2006-08-28,17,292.623870849609,276.239898681641,83131.10546875,1964004,-0.0442295074462891,0.98760986328125,11
-116.950534962263,49.2502252833812,2006-08-28,18,293.995941162109,274.987533569336,83104.59765625,2443532,0.25727653503418,1.20140075683594,11
-116.950534962263,49.2502252833812,2006-08-28,19,294.521743774414,274.788497924805,83077.31640625,2768618,0.375186920166016,1.2425422668457,11
-116.950534962263,49.2502252833812,2006-08-28,20,295.490341186523,274.356994628906,83027.37890625,2920324,0.540920257568359,1.36985778808594,11
-116.850534504834,49.2502252833812,2006-08-28,17,294.100433349609,277.937164306641,85039.10546875,1966554,-0.0603427886962891,1.04669189453125,12
-116.850534504834,49.2502252833812,2006-08-28,18,295.441253662109,276.790267944336,85004.59765625,2445466,0.17866325378418,1.25462341308594,12
-116.850534504834,49.2502252833812,2006-08-28,19,295.998306274414,276.407638549805,84975.31640625,2769492,0.283390045166016,1.2879524230957,12
-116.850534504834,49.2502252833812,2006-08-28,20,296.949325561523,275.991760253906,84918.37890625,2920324,0.407131195068359,1.41477966308594,12
-116.750534047406,49.2502252833812,2006-08-28,17,295.455902099609,279.198883056641,86715.10546875,1969260,-0.0906162261962891,1.09356689453125,13
-116.750534047406,49.2502252833812,2006-08-28,18,296.816253662109,278.124252319336,86671.59765625,2447538,0.0888195037841797,1.30198669433594,13
-116.750534047406,49.2502252833812,2006-08-28,19,297.418228149414,277.542404174805,86641.31640625,2770508,0.182804107666016,1.3289680480957,13
-116.750534047406,49.2502252833812,2006-08-28,20,298.359481811523,277.112854003906,86578.37890625,2920426,0.263576507568359,1.45579528808594,13
-116.650533589978,49.2502252833812,2006-08-28,17,296.848480224609,280.351226806641,88400.10546875,1972010,-0.116983413696289,1.14239501953125,14
-116.650533589978,49.2502252833812,2006-08-28,18,298.240081787109,279.350814819336,88349.59765625,2449598,0.00385856628417969,1.34983825683594,14
-116.650533589978,49.2502252833812,2006-08-28,19,298.892837524414,278.571701049805,88316.31640625,2771532,0.0861244201660156,1.3704719543457,14
-116.650533589978,49.2502252833812,2006-08-28,20,299.828231811523,278.124572753906,88248.37890625,2920522,0.126857757568359,1.49778747558594,14
-116.55053313255,49.2502252833812,2006-08-28,17,295.631683349609,279.575836181641,87002.10546875,1975288,0.0480556488037109,1.18829345703125,15
-116.55053313255,49.2502252833812,2006-08-28,18,296.931488037109,278.618392944336,86958.59765625,2452286,0.17085075378418,1.40745544433594,15
-116.55053313255,49.2502252833812,2006-08-28,19,297.543228149414,277.923263549805,86926.31640625,2773342,0.233585357666016,1.4305305480957,15
-116.55053313255,49.2502252833812,2006-08-28,20,298.447372436523,277.503479003906,86864.37890625,2921458,0.300685882568359,1.56321716308594,15
-116.950534962263,49.3502257408094,2006-08-28,17,292.774261474609,276.497711181641,83419.10546875,1959828,-0.0408115386962891,0.97979736328125,16
-116.950534962263,49.3502257408094,2006-08-28,18,294.163909912109,275.106674194336,83390.59765625,2438424,0.26606559753418,1.19700622558594,16
-116.950534962263,49.3502257408094,2006-08-28,19,294.709243774414,274.854904174805,83363.31640625,2763562,0.393741607666016,1.2440071105957,16
-116.950534962263,49.3502257408094,2006-08-28,20,295.670028686523,274.403869628906,83314.37890625,2915226,0.557521820068359,1.36106872558594,16
-116.850534504834,49.3502257408094,2006-08-28,17,294.451995849609,278.118804931641,85413.10546875,1962640,-0.0159091949462891,1.04913330078125,17
-116.850534504834,49.3502257408094,2006-08-28,18,295.810394287109,276.819564819336,85375.59765625,2440570,0.23921012878418,1.24632263183594,17
-116.850534504834,49.3502257408094,2006-08-28,19,296.379165649414,276.407638549805,85344.31640625,2764604,0.351749420166016,1.2845344543457,17
-116.850534504834,49.3502257408094,2006-08-28,20,297.318466186523,275.958557128906,85288.37890625,2915264,0.482326507568359,1.40013122558594,17
-116.750534047406,49.3502257408094,2006-08-28,17,296.016448974609,279.056304931641,87103.10546875,1965514,0.00752830505371094,1.11993408203125,18
-116.750534047406,49.3502257408094,2006-08-28,18,297.413909912109,277.819564819336,87057.59765625,2442684,0.21088981628418,1.29612731933594,18
-116.750534047406,49.3502257408094,2006-08-28,19,298.041275024414,277.225997924805,87024.31640625,2765644,0.309757232666016,1.3255500793457,18
-116.750534047406,49.3502257408094,2006-08-28,20,298.972763061523,276.737854003906,86961.37890625,2915360,0.406154632568359,1.43821716308594,18
-116.650533589978,49.3502257408094,2006-08-28,17,295.471527099609,278.866851806641,86525.10546875,1968510,0.0607509613037109,1.18145751953125,19
-116.650533589978,49.3502257408094,2006-08-28,18,296.829925537109,277.766830444336,86480.59765625,2444970,0.22700309753418,1.34642028808594,19
-116.650533589978,49.3502257408094,2006-08-28,19,297.465103149414,277.097091674805,86448.31640625,2766866,0.309757232666016,1.3694953918457,19
-116.650533589978,49.3502257408094,2006-08-28,20,298.375106811523,276.640197753906,86387.37890625,2915632,0.386623382568359,1.48216247558594,19
-116.55053313255,49.3502257408094,2006-08-28,17,293.799652099609,277.958648681641,84677.10546875,1971594,0.152547836303711,1.22540283203125,20
-116.55053313255,49.3502257408094,2006-08-28,18,295.072113037109,276.977767944336,84640.59765625,2447466,0.30122184753418,1.39915466308594,20
-116.55053313255,49.3502257408094,2006-08-28,19,295.677993774414,276.331466674805,84611.31640625,2768282,0.364444732666016,1.4202766418457,20
-116.55053313255,49.3502257408094,2006-08-28,20,296.562606811523,275.921447753906,84556.37890625,2916170,0.446193695068359,1.53880310058594,20
-116.950534962263,49.0502243685248,2007-07-14,17,298.656097412109,277.404113769531,82778.484375,2174836,-0.413238525390625,0.523422241210938,1
-116.950534962263,49.0502243685248,2007-07-14,18,299.868301391602,277.335800170898,82761.64453125,2612256,-0.263870239257812,0.797149658203125,1
-116.950534962263,49.0502243685248,2007-07-14,19,300.415939331055,277.451873779297,82764.55078125,2989396,-0.50006103515625,0.929412841796875,1
-116.950534962263,49.0502243685248,2007-07-14,20,301.383285522461,277.252593994141,82732.65625,3238204,-0.081085205078125,1.19461059570312,1
-116.850534504834,49.0502243685248,2007-07-14,17,298.099456787109,276.978332519531,82453.484375,2185532,-0.502105712890625,0.547836303710938,2
-116.850534504834,49.0502243685248,2007-07-14,18,299.393692016602,276.745956420898,82441.64453125,2616580,-0.415237426757812,0.848907470703125,2
-116.850534504834,49.0502243685248,2007-07-14,19,299.962814331055,276.740936279297,82444.55078125,3001412,-0.62017822265625,0.937225341796875,2
-116.850534504834,49.0502243685248,2007-07-14,20,300.939926147461,276.567047119141,82415.65625,3248530,-0.287139892578125,1.17019653320312,2
-116.750534047406,49.0502243685248,2007-07-14,17,300.142425537109,278.824035644531,85172.484375,2196306,-0.591949462890625,0.571273803710938,3
-116.750534047406,49.0502243685248,2007-07-14,18,301.510879516602,278.384628295898,85151.64453125,2621136,-0.570510864257812,0.898712158203125,3
-116.750534047406,49.0502243685248,2007-07-14,19,302.099533081055,278.229217529297,85152.55078125,3013538,-0.74420166015625,0.943084716796875,3
-116.750534047406,49.0502243685248,2007-07-14,20,303.082504272461,278.053375244141,85114.65625,3258956,-0.497100830078125,1.14285278320312,3
-116.650533589978,49.0502243685248,2007-07-14,17,302.673675537109,281.048645019531,88430.484375,2207832,-0.638824462890625,0.585922241210938,4
-116.650533589978,49.0502243685248,2007-07-14,18,304.092910766602,280.437362670898,88396.64453125,2624252,-0.658401489257812,0.936798095703125,4
-116.650533589978,49.0502243685248,2007-07-14,19,304.695236206055,280.168670654297,88395.55078125,3026062,-0.80377197265625,0.943084716796875,4
-116.650533589978,49.0502243685248,2007-07-14,20,305.678207397461,279.983062744141,88346.65625,3268372,-0.617218017578125,1.11941528320312,4
-116.55053313255,49.0502243685248,2007-07-14,17,304.361175537109,282.472473144531,90558.484375,2221860,-0.525543212890625,0.572250366210938,5
-116.55053313255,49.0502243685248,2007-07-14,18,305.745254516602,281.880722045898,90517.64453125,2621762,-0.500198364257812,0.934844970703125,5
-116.55053313255,49.0502243685248,2007-07-14,19,306.335861206055,281.674530029297,90512.55078125,3039906,-0.62994384765625,0.928436279296875,5
-116.55053313255,49.0502243685248,2007-07-14,20,307.295394897461,281.471343994141,90455.65625,3274012,-0.409210205078125,1.11062622070312,5
-116.950534962263,49.150224825953,2007-07-14,17,299.070159912109,277.974426269531,83241.484375,2221392,-0.383941650390625,0.523422241210938,6
-116.950534962263,49.150224825953,2007-07-14,18,300.256973266602,277.935409545898,83222.64453125,2651566,-0.180862426757812,0.789337158203125,6
-116.950534962263,49.150224825953,2007-07-14,19,300.744064331055,278.125701904297,83223.55078125,3006680,-0.38677978515625,0.946990966796875,6
-116.950534962263,49.150224825953,2007-07-14,20,301.682113647461,278.006500244141,83189.65625,3232380,0.045867919921875,1.16238403320312,6
-116.850534504834,49.150224825953,2007-07-14,17,298.743988037109,277.837707519531,83163.484375,2230652,-0.443511962890625,0.582992553710938,7
-116.850534504834,49.150224825953,2007-07-14,18,299.971817016602,277.706893920898,83146.64453125,2652882,-0.286331176757812,0.871368408203125,7
-116.850534504834,49.150224825953,2007-07-14,19,300.462814331055,277.830780029297,83148.55078125,3016384,-0.47174072265625,0.992889404296875,7
-116.850534504834,49.150224825953,2007-07-14,20,301.389144897461,277.754547119141,83115.65625,3241074,-0.107452392578125,1.19363403320312,7
-116.750534047406,49.150224825953,2007-07-14,17,300.724456787109,279.370910644531,85623.484375,2240128,-0.507965087890625,0.636703491210938,8
-116.750534047406,49.150224825953,2007-07-14,18,301.999160766602,279.083847045898,85599.64453125,2654708,-0.399612426757812,0.949493408203125,8
-116.750534047406,49.150224825953,2007-07-14,19,302.507736206055,279.108123779297,85599.55078125,3026480,-0.56353759765625,1.03292846679688,8
-116.750534047406,49.150224825953,2007-07-14,20,303.432113647461,279.031890869141,85560.65625,3250084,-0.269561767578125,1.21511840820312,8
-116.650533589978,49.150224825953,2007-07-14,17,302.474456787109,280.841613769531,87869.484375,2249624,-0.534332275390625,0.689437866210938,9
-116.650533589978,49.150224825953,2007-07-14,18,303.780410766602,280.468612670898,87837.64453125,2654310,-0.454299926757812,1.02371215820312,9
-116.650533589978,49.150224825953,2007-07-14,19,304.296798706055,280.434295654297,87835.55078125,3036342,-0.60162353515625,1.07296752929688,9
-116.650533589978,49.150224825953,2007-07-14,20,305.209457397461,280.367828369141,87789.65625,3257968,-0.351593017578125,1.24929809570312,9
-116.55053313255,49.150224825953,2007-07-14,17,303.833831787109,281.015441894531,89286.484375,2260574,-0.472808837890625,0.684555053710938,10
-116.55053313255,49.150224825953,2007-07-14,18,305.200332641602,280.531112670898,89248.64453125,2649528,-0.368362426757812,1.03933715820312,10
-116.55053313255,49.150224825953,2007-07-14,19,305.746017456055,280.553436279297,89244.55078125,3048194,-0.51275634765625,1.06027221679688,10
-116.55053313255,49.150224825953,2007-07-14,20,306.689926147461,280.399078369141,89193.65625,3264096,-0.230499267578125,1.24929809570312,10
-116.950534962263,49.2502252833812,2007-07-14,17,299.132659912109,278.097473144531,83308.484375,2268324,-0.359527587890625,0.515609741210938,11
-116.950534962263,49.2502252833812,2007-07-14,18,300.303848266602,278.081893920898,83287.64453125,2691650,-0.107620239257812,0.773712158203125,11
-116.950534962263,49.2502252833812,2007-07-14,19,300.742111206055,278.332733154297,83287.55078125,3024548,-0.28033447265625,0.957733154296875,11
-116.950534962263,49.2502252833812,2007-07-14,20,301.656723022461,278.287750244141,83253.65625,3226806,0.161102294921875,1.11941528320312,11
-116.850534504834,49.2502252833812,2007-07-14,17,300.699066162109,279.230285644531,85176.484375,2275900,-0.385894775390625,0.615219116210938,12
-116.850534504834,49.2502252833812,2007-07-14,18,301.880020141602,279.146347045898,85149.64453125,2689460,-0.161331176757812,0.892852783203125,12
-116.850534504834,49.2502252833812,2007-07-14,19,302.320236206055,279.375701904297,85148.55078125,3031618,-0.32525634765625,1.04660034179688,12
-116.850534504834,49.2502252833812,2007-07-14,20,303.213363647461,279.348297119141,85110.65625,3233730,0.069305419921875,1.21316528320312,12
-116.750534047406,49.2502252833812,2007-07-14,17,302.111175537109,279.974426269531,86815.484375,2283806,-0.420074462890625,0.707015991210938,13
-116.750534047406,49.2502252833812,2007-07-14,18,303.325332641602,279.812362670898,86784.64453125,2687972,-0.224807739257812,1.00418090820312,13
-116.750534047406,49.2502252833812,2007-07-14,19,303.773361206055,280.024139404297,86782.55078125,3039204,-0.37799072265625,1.12667846679688,13
-116.750534047406,49.2502252833812,2007-07-14,20,304.650863647461,280.016265869141,86740.65625,3241006,-0.035186767578125,1.29324340820312,13
-116.650533589978,49.2502252833812,2007-07-14,17,303.507659912109,280.765441894531,88465.484375,2291726,-0.450347900390625,0.797836303710938,14
-116.650533589978,49.2502252833812,2007-07-14,18,304.749160766602,280.548690795898,88429.64453125,2686302,-0.283401489257812,1.11453247070312,14
-116.650533589978,49.2502252833812,2007-07-14,19,305.206954956055,280.746795654297,88425.55078125,3046808,-0.42681884765625,1.20578002929688,14
-116.650533589978,49.2502252833812,2007-07-14,20,306.061019897461,280.770172119141,88379.65625,3248208,-0.132843017578125,1.37429809570312,14
-116.55053313255,49.2502252833812,2007-07-14,17,302.191253662109,280.091613769531,87097.484375,2299970,-0.378082275390625,0.782211303710938,15
-116.55053313255,49.2502252833812,2007-07-14,18,303.403457641602,279.906112670898,87066.64453125,2675516,-0.170120239257812,1.12625122070312,15
-116.55053313255,49.2502252833812,2007-07-14,19,303.837814331055,280.213592529297,87064.55078125,3057118,-0.33404541015625,1.17843627929688,15
-116.55053313255,49.2502252833812,2007-07-14,20,304.699691772461,280.195953369141,87019.65625,3253250,0.040008544921875,1.38211059570312,15
-116.950534962263,49.3502257408094,2007-07-14,17,299.339691162109,278.195129394531,83595.484375,2302106,-0.281402587890625,0.582992553710938,16
-116.950534962263,49.3502257408094,2007-07-14,18,300.493301391602,278.210800170898,83571.64453125,2714854,0.0193328857421875,0.818634033203125,16
-116.950534962263,49.3502257408094,2007-07-14,19,300.927658081055,278.403045654297,83571.55078125,3040484,-0.11920166015625,1.02902221679688,16
-116.950534962263,49.3502257408094,2007-07-14,20,301.789535522461,278.414703369141,83537.65625,3221662,0.315399169921875,1.13504028320312,16
-116.850534504834,49.3502257408094,2007-07-14,17,301.117034912109,279.390441894531,85546.484375,2309048,-0.263824462890625,0.673812866210938,17
-116.850534504834,49.3502257408094,2007-07-14,18,302.268692016602,279.376815795898,85516.64453125,2712808,0.0271453857421875,0.916290283203125,17
-116.850534504834,49.3502257408094,2007-07-14,19,302.708908081055,279.561248779297,85514.55078125,3047142,-0.11138916015625,1.10714721679688,17
-116.850534504834,49.3502257408094,2007-07-14,20,303.553207397461,279.572906494141,85474.65625,3228520,0.298797607421875,1.22000122070312,17
-116.750534047406,49.3502257408094,2007-07-14,17,302.759613037109,280.033020019531,87198.484375,2316018,-0.246246337890625,0.765609741210938,18
-116.750534047406,49.3502257408094,2007-07-14,18,303.921035766602,279.933456420898,87164.64453125,2710754,0.0339813232421875,1.01492309570312,18
-116.750534047406,49.3502257408094,2007-07-14,19,304.384689331055,280.149139404297,87161.55078125,3053796,-0.10455322265625,1.18624877929688,18
-116.750534047406,49.3502257408094,2007-07-14,20,305.213363647461,280.158843994141,87116.65625,3235382,0.282196044921875,1.30398559570312,18
-116.650533589978,49.3502257408094,2007-07-14,17,302.156097412109,279.663879394531,86632.484375,2322650,-0.219879150390625,0.830062866210938,19
-116.650533589978,49.3502257408094,2007-07-14,18,303.307754516602,279.587753295898,86600.64453125,2706500,0.0613250732421875,1.09109497070312,19
-116.650533589978,49.3502257408094,2007-07-14,19,303.757736206055,279.846405029297,86597.55078125,3060888,-0.08599853515625,1.23898315429688,19
-116.650533589978,49.3502257408094,2007-07-14,20,304.574691772461,279.858062744141,86555.65625,3241666,0.303680419921875,1.37136840820312,19
-116.55053313255,49.3502257408094,2007-07-14,17,300.351409912109,278.699035644531,84824.484375,2329096,-0.192535400390625,0.854476928710938,20
-116.55053313255,49.3502257408094,2007-07-14,18,301.489395141602,278.691268920898,84800.64453125,2698312,0.101364135742188,1.13796997070312,20
-116.55053313255,49.3502257408094,2007-07-14,19,301.906173706055,279.041717529297,84796.55078125,3068970,-0.06451416015625,1.25070190429688,20
-116.55053313255,49.3502257408094,2007-07-14,20,302.725082397461,279.037750244141,84760.65625,3247022,0.366180419921875,1.41336059570312,20
-116.950534962263,49.0502243685248,2007-07-30,17,291.184555053711,273.820541381836,82364.66796875,2298272,1.36631774902344,1.33362102508545,1
-116.950534962263,49.0502243685248,2007-07-30,18,292.415710449219,273.081726074219,82363.08984375,2774262,1.58697509765625,1.35151100158691,1
-116.950534962263,49.0502243685248,2007-07-30,19,293.347991943359,272.647094726562,82362.24609375,3107972,1.69868469238281,1.60160732269287,1
-116.950534962263,49.0502243685248,2007-07-30,20,294.205337524414,271.775924682617,82350.84375,3273666,2.04646301269531,1.53355026245117,1
-116.850534504834,49.0502243685248,2007-07-30,17,290.877914428711,273.312728881836,82030.66796875,2300544,1.12315368652344,1.34338665008545,2
-116.850534504834,49.0502243685248,2007-07-30,18,292.126647949219,272.653991699219,82029.08984375,2775618,1.34381103515625,1.40424537658691,2
-116.850534504834,49.0502243685248,2007-07-30,19,293.047210693359,272.258422851562,82030.24609375,3108044,1.41059875488281,1.66508388519287,2
-116.850534504834,49.0502243685248,2007-07-30,20,293.941665649414,271.404830932617,82018.84375,3272532,1.73493957519531,1.62046432495117,2
-116.750534047406,49.0502243685248,2007-07-30,17,293.223617553711,275.222885131836,84804.66796875,2302840,0.879989624023438,1.35315227508545,3
-116.750534047406,49.0502243685248,2007-07-30,18,294.493835449219,274.609069824219,84792.08984375,2776998,1.09869384765625,1.45795631408691,3
-116.750534047406,49.0502243685248,2007-07-30,19,295.392913818359,274.223266601562,84786.24609375,3108176,1.11958312988281,1.72856044769287,3
-116.750534047406,49.0502243685248,2007-07-30,20,296.316665649414,273.352096557617,84765.84375,3271454,1.42048645019531,1.70835494995117,3
-116.650533589978,49.0502243685248,2007-07-30,17,296.032211303711,277.566635131836,88128.66796875,2304940,0.691513061523438,1.37170696258545,4
-116.650533589978,49.0502243685248,2007-07-30,18,297.312194824219,276.995788574219,88104.08984375,2778148,0.90728759765625,1.51264381408691,4
-116.650533589978,49.0502243685248,2007-07-30,19,298.185882568359,276.611938476562,88091.24609375,3108082,0.891067504882812,1.78910732269287,4
-116.650533589978,49.0502243685248,2007-07-30,20,299.129165649414,275.723190307617,88058.84375,3270210,1.16853332519531,1.79038619995117,4
-116.55053313255,49.0502243685248,2007-07-30,17,297.811508178711,279.119369506836,90301.66796875,2306296,0.714950561523438,1.41955852508545,5
-116.55053313255,49.0502243685248,2007-07-30,18,299.071960449219,278.626647949219,90270.08984375,2778442,0.91314697265625,1.57416725158691,5
-116.55053313255,49.0502243685248,2007-07-30,19,299.908538818359,278.244750976562,90253.24609375,3107130,0.895950317382812,1.83891201019287,5
-116.55053313255,49.0502243685248,2007-07-30,20,300.836196899414,277.393112182617,90212.84375,3268304,1.14509582519531,1.85190963745117,5
-116.950534962263,49.150224825953,2007-07-30,17,291.524398803711,274.566635131836,82833.66796875,2296824,1.28916931152344,1.28674602508545,6
-116.950534962263,49.150224825953,2007-07-30,18,292.734069824219,273.874694824219,82828.08984375,2771288,1.53424072265625,1.30854225158691,6
-116.950534962263,49.150224825953,2007-07-30,19,293.672210693359,273.492797851562,82824.24609375,3103812,1.64009094238281,1.51859951019287,6
-116.950534962263,49.150224825953,2007-07-30,20,294.527603149414,272.582565307617,82810.84375,3269112,1.99958801269531,1.46812057495117,6
-116.850534504834,49.150224825953,2007-07-30,17,291.416976928711,274.445541381836,82749.66796875,2298628,1.08213806152344,1.27600383758545,7
-116.850534504834,49.150224825953,2007-07-30,18,292.626647949219,273.843444824219,82745.08984375,2772180,1.32427978515625,1.34858131408691,7
-116.850534504834,49.150224825953,2007-07-30,19,293.547210693359,273.541625976562,82742.24609375,3103410,1.39595031738281,1.57524013519287,7
-116.850534504834,49.150224825953,2007-07-30,20,294.427993774414,272.686080932617,82726.84375,3267502,1.72224426269531,1.53355026245117,7
-116.750534047406,49.150224825953,2007-07-30,17,293.600570678711,276.172103881836,85260.66796875,2300512,0.870223999023438,1.26819133758545,8
-116.750534047406,49.150224825953,2007-07-30,18,294.816101074219,275.603210449219,85246.08984375,2773116,1.10943603515625,1.39057350158691,8
-116.750534047406,49.150224825953,2007-07-30,19,295.721038818359,275.332641601562,85237.24609375,3103092,1.14595031738281,1.63188076019287,8
-116.750534047406,49.150224825953,2007-07-30,20,296.631118774414,274.469284057617,85214.84375,3265980,1.44001770019531,1.60190963745117,8
-116.650533589978,49.150224825953,2007-07-30,17,295.569320678711,277.849838256836,87550.66796875,2302208,0.715927124023438,1.26916790008545,9
-116.650533589978,49.150224825953,2007-07-30,18,296.790710449219,277.345397949219,87528.08984375,2773904,0.95025634765625,1.43549537658691,9
-116.650533589978,49.150224825953,2007-07-30,19,297.676116943359,277.121704101562,87514.24609375,3102586,0.959426879882812,1.68949794769287,9
-116.650533589978,49.150224825953,2007-07-30,20,298.599868774414,276.287643432617,87483.84375,3264278,1.22029113769531,1.66636276245117,9
-116.55053313255,49.150224825953,2007-07-30,17,296.936508178711,278.472885131836,88995.66796875,2304020,0.731552124023438,1.33264446258545,10
-116.55053313255,49.150224825953,2007-07-30,18,298.189147949219,277.974304199219,88968.08984375,2774766,0.95318603515625,1.51362037658691,10
-116.55053313255,49.150224825953,2007-07-30,19,299.080413818359,277.717407226562,88950.24609375,3102180,0.952590942382812,1.76176357269287,10
-116.55053313255,49.150224825953,2007-07-30,20,300.019790649414,276.867721557617,88914.84375,3262850,1.18708801269531,1.75034713745117,10
-116.950534962263,49.2502252833812,2007-07-30,17,291.543930053711,274.935775756836,82895.66796875,2295436,1.20420837402344,1.24475383758545,11
-116.950534962263,49.2502252833812,2007-07-30,18,292.741882324219,274.290710449219,82888.08984375,2768348,1.47369384765625,1.27045631408691,11
-116.950534962263,49.2502252833812,2007-07-30,19,293.685882568359,273.955688476562,82882.24609375,3099746,1.57173156738281,1.43754482269287,11
-116.950534962263,49.2502252833812,2007-07-30,20,294.543228149414,273.000534057617,82867.84375,3264650,1.94490051269531,1.40757369995117,11
-116.850534504834,49.2502252833812,2007-07-30,17,293.225570678711,276.320541381836,84801.66796875,2296714,1.03819274902344,1.21057415008545,12
-116.850534504834,49.2502252833812,2007-07-30,18,294.413757324219,275.714538574219,84789.08984375,2768714,1.30377197265625,1.29487037658691,12
-116.850534504834,49.2502252833812,2007-07-30,19,295.347991943359,275.459594726562,84777.24609375,3098796,1.37934875488281,1.48637294769287,12
-116.850534504834,49.2502252833812,2007-07-30,20,296.226821899414,274.537643432617,84756.84375,3262464,1.70759582519531,1.44858932495117,12
-116.750534047406,49.2502252833812,2007-07-30,17,294.776351928711,277.427963256836,86473.66796875,2298094,0.863388061523438,1.18127727508545,13
-116.750534047406,49.2502252833812,2007-07-30,18,295.968444824219,276.864929199219,86455.08984375,2769184,1.12408447265625,1.32221412658691,13
-116.750534047406,49.2502252833812,2007-07-30,19,296.898773193359,276.686157226562,86439.24609375,3097954,1.17622375488281,1.53520107269287,13
-116.750534047406,49.2502252833812,2007-07-30,20,297.801040649414,275.789596557617,86412.84375,3260394,1.46247863769531,1.49351119995117,13
-116.650533589978,49.2502252833812,2007-07-30,17,296.342758178711,278.599838256836,88154.66796875,2299462,0.694442749023438,1.15393352508545,14
-116.650533589978,49.2502252833812,2007-07-30,18,297.536804199219,278.097351074219,88130.08984375,2769656,0.95025634765625,1.35053443908691,14
-116.650533589978,49.2502252833812,2007-07-30,19,298.461273193359,278.004516601562,88111.24609375,3097112,0.978958129882812,1.58500576019287,14
-116.650533589978,49.2502252833812,2007-07-30,20,299.379165649414,277.147018432617,88077.84375,3258312,1.22322082519531,1.53940963745117,14
-116.55053313255,49.2502252833812,2007-07-30,17,295.014633178711,277.781478881836,86752.66796875,2301636,0.815536499023438,1.26428508758545,15
-116.55053313255,49.2502252833812,2007-07-30,18,296.171569824219,277.364929199219,86735.08984375,2770986,1.05670166015625,1.46088600158691,15
-116.55053313255,49.2502252833812,2007-07-30,19,297.056976318359,277.293579101562,86719.24609375,3097168,1.08345031738281,1.68754482269287,15
-116.55053313255,49.2502252833812,2007-07-30,20,297.947525024414,276.563034057617,86690.84375,3257376,1.30134582519531,1.64878463745117,15
-116.950534962263,49.3502257408094,2007-07-30,17,291.745101928711,275.127182006836,83181.66796875,2294186,1.12510681152344,1.20666790008545,16
-116.950534962263,49.3502257408094,2007-07-30,18,292.909851074219,274.528991699219,83173.08984375,2765382,1.35943603515625,1.22065162658691,16
-116.950534962263,49.3502257408094,2007-07-30,19,293.859710693359,274.192016601562,83165.24609375,3089396,1.47016906738281,1.40336513519287,16
-116.950534962263,49.3502257408094,2007-07-30,20,294.711196899414,273.262252807617,83150.84375,3252710,1.80134582519531,1.34214401245117,16
-116.850534504834,49.3502257408094,2007-07-30,17,293.575180053711,276.613510131836,85172.66796875,2295904,1.01768493652344,1.15881633758545,17
-116.850534504834,49.3502257408094,2007-07-30,18,294.730163574219,276.030944824219,85159.08984375,2766348,1.24615478515625,1.22748756408691,17
-116.850534504834,49.3502257408094,2007-07-30,19,295.672210693359,275.777954101562,85145.24609375,3089106,1.35200500488281,1.44242763519287,17
-116.850534504834,49.3502257408094,2007-07-30,20,296.523696899414,274.889205932617,85124.84375,3251702,1.65095520019531,1.38120651245117,17
-116.750534047406,49.3502257408094,2007-07-30,17,295.280258178711,277.672103881836,86858.66796875,2297646,0.910263061523438,1.10998821258545,18
-116.750534047406,49.3502257408094,2007-07-30,18,296.446960449219,277.107116699219,86840.08984375,2767278,1.13287353515625,1.23334693908691,18
-116.750534047406,49.3502257408094,2007-07-30,19,297.392913818359,276.940063476562,86822.24609375,3088844,1.23384094238281,1.48149013519287,18
-116.750534047406,49.3502257408094,2007-07-30,20,298.250259399414,276.076705932617,86796.84375,3250686,1.49958801269531,1.42026901245117,18
-116.650533589978,49.3502257408094,2007-07-30,17,294.752914428711,277.367416381836,86275.66796875,2299630,0.861434936523438,1.09826946258545,19
-116.650533589978,49.3502257408094,2007-07-30,18,295.896179199219,276.868835449219,86259.08984375,2768492,1.07818603515625,1.26264381408691,19
-116.650533589978,49.3502257408094,2007-07-30,19,296.820648193359,276.795532226562,86243.24609375,3088950,1.17524719238281,1.53422451019287,19
-116.650533589978,49.3502257408094,2007-07-30,20,297.662368774414,276.029830932617,86217.84375,3250098,1.41560363769531,1.47690963745117,19
-116.55053313255,49.3502257408094,2007-07-30,17,293.008773803711,276.277572631836,84421.66796875,2301790,0.891708374023438,1.15588665008545,20
-116.55053313255,49.3502257408094,2007-07-30,18,294.112976074219,275.866882324219,84411.08984375,2769910,1.10260009765625,1.33979225158691,20
-116.55053313255,49.3502257408094,2007-07-30,19,295.000335693359,275.854125976562,84402.24609375,3089372,1.19184875488281,1.61332607269287,20
-116.55053313255,49.3502257408094,2007-07-30,20,295.820571899414,275.219284057617,84379.84375,3249678,1.41169738769531,1.56284713745117,20
-116.950534962263,49.0502243685248,2007-08-15,17,292.826721191406,273.632446289062,82598.26171875,2135634,0.198824882507324,-0.231252670288086,1
-116.950534962263,49.0502243685248,2007-08-15,18,294.400024414062,271.954879760742,82602.34765625,2612818,0.666528701782227,0.0418100357055664,1
-116.950534962263,49.0502243685248,2007-08-15,19,295.197463989258,271.776123046875,82620.85546875,2940612,1.02596378326416,0.364583969116211,1
-116.950534962263,49.0502243685248,2007-08-15,20,296.233413696289,271.128829956055,82586.89453125,3099888,1.30919647216797,0.380186080932617,1
-116.850534504834,49.0502243685248,2007-08-15,17,292.457580566406,273.202758789062,82264.26171875,2139040,0.0601530075073242,-0.104299545288086,2
-116.850534504834,49.0502243685248,2007-08-15,18,294.030883789062,271.714645385742,82271.34765625,2615750,0.431177139282227,0.180481910705566,2
-116.850534504834,49.0502243685248,2007-08-15,19,294.797073364258,271.615966796875,82291.85546875,2942736,0.72127628326416,0.463216781616211,2
-116.850534504834,49.0502243685248,2007-08-15,20,295.870132446289,270.972579956055,82258.89453125,3100804,0.980094909667969,0.482725143432617,2
-116.750534047406,49.0502243685248,2007-08-15,17,294.639221191406,274.954711914062,85030.26171875,2142500,-0.0824251174926758,0.0226535797119141,3
-116.750534047406,49.0502243685248,2007-08-15,18,296.239868164062,273.695114135742,85026.34765625,2618728,0.191919326782227,0.319153785705566,3
-116.750534047406,49.0502243685248,2007-08-15,19,296.972854614258,273.656982421875,85043.85546875,2944920,0.41365909576416,0.561849594116211,3
-116.750534047406,49.0502243685248,2007-08-15,20,298.075210571289,272.982345581055,85001.89453125,3101804,0.647087097167969,0.586240768432617,3
-116.650533589978,49.0502243685248,2007-08-15,17,297.279846191406,277.073852539062,88346.26171875,2145738,-0.183011054992676,0.132028579711914,4
-116.650533589978,49.0502243685248,2007-08-15,18,298.898071289062,275.999801635742,88328.34765625,2621476,0.0141849517822266,0.445130348205566,4
-116.650533589978,49.0502243685248,2007-08-15,19,299.593948364258,276.006591796875,88341.85546875,2946916,0.18026065826416,0.653646469116211,4
-116.650533589978,49.0502243685248,2007-08-15,20,300.715835571289,275.308517456055,88287.89453125,3102640,0.393180847167969,0.679990768432617,4
-116.55053313255,49.0502243685248,2007-08-15,17,299.014221191406,278.400024414062,90513.26171875,2148118,-0.124417304992676,0.180856704711914,5
-116.55053313255,49.0502243685248,2007-08-15,18,300.591430664062,277.333786010742,90486.34765625,2623308,0.0727787017822266,0.525208473205566,5
-116.55053313255,49.0502243685248,2007-08-15,19,301.234573364258,277.330810546875,90497.85546875,2948164,0.22908878326416,0.716146469116211,5
-116.55053313255,49.0502243685248,2007-08-15,20,302.327163696289,276.673751831055,90437.89453125,3102784,0.439079284667969,0.743467330932617,5
-116.950534962263,49.150224825953,2007-08-15,17,292.916564941406,274.786743164062,83071.26171875,2133616,0.151949882507324,-0.225393295288086,6
-116.950534962263,49.150224825953,2007-08-15,18,294.485961914062,273.064254760742,83074.34765625,2609448,0.615747451782227,0.0603647232055664,6
-116.950534962263,49.150224825953,2007-08-15,19,295.318557739258,272.731201171875,83090.85546875,2937446,0.95955753326416,0.354818344116211,6
-116.950534962263,49.150224825953,2007-08-15,20,296.346694946289,272.062423706055,83054.89453125,3096600,1.26720428466797,0.354795455932617,6
-116.850534504834,49.150224825953,2007-08-15,17,292.772033691406,274.651977539062,82989.26171875,2136130,0.0806608200073242,-0.0876979827880859,7
-116.850534504834,49.150224825953,2007-08-15,18,294.325805664062,273.118942260742,82992.34765625,2611450,0.465356826782227,0.197083473205566,7
-116.850534504834,49.150224825953,2007-08-15,19,295.109573364258,272.879638671875,83009.85546875,2938570,0.73690128326416,0.451498031616211,7
-116.850534504834,49.150224825953,2007-08-15,20,296.153335571289,272.240158081055,82974.89453125,3096510,1.02892303466797,0.460264205932617,7
-116.750534047406,49.150224825953,2007-08-15,17,294.828674316406,276.148071289062,85494.26171875,2138796,-0.000393867492675781,0.0470676422119141,8
-116.750534047406,49.150224825953,2007-08-15,18,296.386352539062,274.843551635742,85487.34765625,2613604,0.300317764282227,0.334778785705566,8
-116.750534047406,49.150224825953,2007-08-15,19,297.127151489258,274.660888671875,85500.85546875,2939910,0.50057315826416,0.548177719116211,8
-116.750534047406,49.150224825953,2007-08-15,20,298.194351196289,273.992111206055,85457.89453125,3096570,0.775993347167969,0.565732955932617,8
-116.650533589978,49.150224825953,2007-08-15,17,296.693908691406,277.599243164062,87780.26171875,2141112,-0.0404329299926758,0.169137954711914,9
-116.650533589978,49.150224825953,2007-08-15,18,298.234008789062,276.439254760742,87763.34765625,2615410,0.198755264282227,0.460755348205566,9
-116.650533589978,49.150224825953,2007-08-15,19,298.927932739258,276.322998046875,87774.85546875,2940890,0.33944034576416,0.638998031616211,9
-116.650533589978,49.150224825953,2007-08-15,20,300.000991821289,275.642501831055,87724.89453125,3096348,0.606071472167969,0.667295455932617,9
-116.55053313255,49.150224825953,2007-08-15,17,297.951721191406,278.107055664062,89222.26171875,2143502,-0.0287141799926758,0.228708267211914,10
-116.55053313255,49.150224825953,2007-08-15,18,299.519165039062,276.890426635742,89198.34765625,2617314,0.201684951782227,0.547669410705566,10
-116.55053313255,49.150224825953,2007-08-15,19,300.193557739258,276.739013671875,89208.85546875,2942060,0.33358097076416,0.715169906616211,10
-116.55053313255,49.150224825953,2007-08-15,20,301.284194946289,276.001876831055,89154.89453125,3096374,0.604118347167969,0.747373580932617,10
-116.950534962263,49.2502252833812,2007-08-15,17,292.637268066406,275.564086914062,83141.26171875,2131808,0.0914030075073242,-0.222463607788086,11
-116.950534962263,49.2502252833812,2007-08-15,18,294.228149414062,273.779098510742,83144.34765625,2606274,0.546411514282227,0.0779428482055664,11
-116.950534962263,49.2502252833812,2007-08-15,19,295.111526489258,273.301513671875,83157.85546875,2934490,0.87557315826416,0.346029281616211,11
-116.950534962263,49.2502252833812,2007-08-15,20,296.133804321289,272.619064331055,83122.89453125,3093512,1.20470428466797,0.327451705932617,11
-116.850534504834,49.2502252833812,2007-08-15,17,294.279846191406,276.735961914062,85044.26171875,2133266,0.0972623825073242,-0.0730495452880859,12
-116.850534504834,49.2502252833812,2007-08-15,18,295.810180664062,275.146286010742,85039.34765625,2607224,0.491724014282227,0.213685035705566,12
-116.850534504834,49.2502252833812,2007-08-15,19,296.619338989258,274.739013671875,85049.85546875,2934490,0.74471378326416,0.438802719116211,12
-116.850534504834,49.2502252833812,2007-08-15,20,297.645523071289,274.052658081055,85010.89453125,3092236,1.06993865966797,0.436826705932617,12
-116.750534047406,49.2502252833812,2007-08-15,17,295.781799316406,277.567993164062,86713.26171875,2134934,0.0884733200073242,0.0724582672119141,13
-116.750534047406,49.2502252833812,2007-08-15,18,297.304321289062,276.120895385742,86701.34765625,2608382,0.418481826782227,0.350403785705566,13
-116.750534047406,49.2502252833812,2007-08-15,19,298.062698364258,275.787841796875,86710.85546875,2934762,0.59529972076416,0.532552719116211,13
-116.750534047406,49.2502252833812,2007-08-15,20,299.098648071289,275.072189331055,86665.89453125,3091212,0.915641784667969,0.546201705932617,13
-116.650533589978,49.2502252833812,2007-08-15,17,297.305236816406,278.421508789062,88393.26171875,2136584,0.0816373825073242,0.216989517211914,14
-116.650533589978,49.2502252833812,2007-08-15,18,298.825805664062,277.081832885742,88373.34765625,2609520,0.349145889282227,0.485169410705566,14
-116.650533589978,49.2502252833812,2007-08-15,19,299.541213989258,276.832763671875,88381.85546875,2935026,0.45174503326416,0.626302719116211,14
-116.650533589978,49.2502252833812,2007-08-15,20,300.581069946289,276.089767456055,88330.89453125,3090194,0.767204284667969,0.655576705932617,14
-116.55053313255,49.2502252833812,2007-08-15,17,296.090393066406,277.628540039062,86995.26171875,2138770,0.0992155075073242,0.255075454711914,15
-116.55053313255,49.2502252833812,2007-08-15,18,297.548461914062,276.347457885742,86981.34765625,2611194,0.386255264282227,0.554505348205566,15
-116.55053313255,49.2502252833812,2007-08-15,19,298.205276489258,276.065185546875,86991.85546875,2935898,0.51229190826416,0.705404281616211,15
-116.55053313255,49.2502252833812,2007-08-15,20,299.239273071289,275.353439331055,86946.89453125,3089936,0.850212097167969,0.743467330932617,15
-116.950534962263,49.3502257408094,2007-08-15,17,292.736877441406,275.546508789062,83433.26171875,2128658,0.116793632507324,-0.121877670288086,16
-116.950534962263,49.3502257408094,2007-08-15,18,294.317993164062,273.816207885742,83436.34765625,2602184,0.535669326782227,0.202942848205566,16
-116.950534962263,49.3502257408094,2007-08-15,19,295.232620239258,273.319091796875,83446.85546875,2930636,0.83553409576416,0.462240219116211,16
-116.950534962263,49.3502257408094,2007-08-15,20,296.245132446289,272.544845581055,83412.89453125,3089456,1.15196990966797,0.439756393432617,16
-116.850534504834,49.3502257408094,2007-08-15,17,294.502502441406,276.755493164062,85424.26171875,2130296,0.155856132507324,0.00995826721191406,17
-116.850534504834,49.3502257408094,2007-08-15,18,296.032836914062,275.167770385742,85417.34765625,2603312,0.529809951782227,0.313294410705566,17
-116.850534504834,49.3502257408094,2007-08-15,19,296.877151489258,274.764404296875,85424.85546875,2930734,0.77303409576416,0.531576156616211,17
-116.850534504834,49.3502257408094,2007-08-15,20,297.885757446289,273.982345581055,85384.89453125,3088272,1.09825897216797,0.528623580932617,17
-116.750534047406,49.3502257408094,2007-08-15,17,296.166564941406,277.452758789062,87109.26171875,2131932,0.193942070007324,0.142770767211914,18
-116.750534047406,49.3502257408094,2007-08-15,18,297.696899414062,275.892379760742,87094.34765625,2604440,0.522974014282227,0.422669410705566,18
-116.750534047406,49.3502257408094,2007-08-15,19,298.500198364258,275.588623046875,87100.85546875,2930828,0.71053409576416,0.599935531616211,18
-116.750534047406,49.3502257408094,2007-08-15,20,299.508804321289,274.757736206055,87054.89453125,3087092,1.04454803466797,0.618467330932617,18
-116.650533589978,49.3502257408094,2007-08-15,17,295.695861816406,277.085571289062,86526.26171875,2133726,0.220309257507324,0.248239517211914,19
-116.650533589978,49.3502257408094,2007-08-15,18,297.185180664062,275.652145385742,86513.34765625,2605732,0.522974014282227,0.518372535705566,19
-116.650533589978,49.3502257408094,2007-08-15,19,297.924026489258,275.434326171875,86521.85546875,2931102,0.67440128326416,0.666341781616211,19
-116.650533589978,49.3502257408094,2007-08-15,20,298.928726196289,274.636642456055,86478.89453125,3086092,1.02306365966797,0.703428268432617,19
-116.55053313255,49.3502257408094,2007-08-15,17,294.043518066406,276.130493164062,84676.26171875,2135668,0.216403007507324,0.312692642211914,20
-116.55053313255,49.3502257408094,2007-08-15,18,295.478149414062,274.843551635742,84670.34765625,2607198,0.516138076782227,0.598450660705566,20
-116.55053313255,49.3502257408094,2007-08-15,19,296.154495239258,274.641357421875,84682.85546875,2931622,0.66170597076416,0.740560531616211,20
-116.55053313255,49.3502257408094,2007-08-15,20,297.157241821289,273.894454956055,84647.89453125,3085342,1.02892303466797,0.790342330932617,20
-116.950534962263,49.0502243685248,2008-06-14,17,279.894638061523,269.80012512207,82493.359375,2605104,1.35165405273438,-0.609822273254395,1
-116.950534962263,49.0502243685248,2008-06-14,18,281.008560180664,269.919723510742,82500.99609375,3004444,1.55445861816406,-0.599380493164062,1
-116.950534962263,49.0502243685248,2008-06-14,19,282.424285888672,268.672302246094,82537.98046875,3186764,2.28953552246094,-0.548004150390625,1
-116.950534962263,49.0502243685248,2008-06-14,20,283.156402587891,269.123565673828,82525.45703125,3202944,2.42045593261719,-0.430984497070312,1
-116.850534504834,49.0502243685248,2008-06-14,17,279.595809936523,269.84895324707,82140.359375,2609280,1.23837280273438,-0.500447273254395,2
-116.850534504834,49.0502243685248,2008-06-14,18,280.744888305664,269.978317260742,82148.99609375,3016460,1.42359924316406,-0.462661743164062,2
-116.850534504834,49.0502243685248,2008-06-14,19,282.160614013672,268.652770996094,82190.98046875,3218336,2.11570739746094,-0.465972900390625,2
-116.850534504834,49.0502243685248,2008-06-14,20,282.904449462891,269.066925048828,82177.45703125,3227624,2.25346374511719,-0.384109497070312,2
-116.750534047406,49.0502243685248,2008-06-14,17,282.771591186523,271.04231262207,85011.359375,2613492,1.12313842773438,-0.391072273254395,3
-116.750534047406,49.0502243685248,2008-06-14,18,284.002700805664,271.238082885742,85008.99609375,3028460,1.28981018066406,-0.326919555664062,3
-116.750534047406,49.0502243685248,2008-06-14,19,285.393035888672,270.143005371094,85042.98046875,3249484,1.93894958496094,-0.383941650390625,3
-116.750534047406,49.0502243685248,2008-06-14,20,286.289215087891,270.475128173828,85015.45703125,3252488,2.08451843261719,-0.338211059570312,3
-116.650533589978,49.0502243685248,2008-06-14,17,286.265731811523,272.67903137207,88455.359375,2617380,1.03817749023438,-0.274861335754395,4
-116.650533589978,49.0502243685248,2008-06-14,18,287.563247680664,272.915817260742,88438.99609375,3040088,1.19215393066406,-0.180435180664062,4
-116.650533589978,49.0502243685248,2008-06-14,19,288.904754638672,272.057067871094,88461.98046875,3278756,1.79637145996094,-0.285308837890625,4
-116.650533589978,49.0502243685248,2008-06-14,20,289.945465087891,272.275909423828,88418.45703125,3274352,1.95463562011719,-0.277664184570312,4
-116.55053313255,49.0502243685248,2008-06-14,17,288.052841186523,274.02473449707,90707.359375,2620088,1.06845092773438,-0.130330085754395,5
-116.55053313255,49.0502243685248,2008-06-14,18,289.338638305664,274.236129760742,90680.99609375,3050348,1.22926330566406,0.0002288818359375,5
-116.55053313255,49.0502243685248,2008-06-14,19,290.568817138672,273.510192871094,90700.98046875,3301532,1.77781677246094,-0.124176025390625,5
-116.55053313255,49.0502243685248,2008-06-14,20,291.670074462891,273.535675048828,90646.45703125,3285276,1.97026062011719,-0.160476684570312,5
-116.950534962263,49.150224825953,2008-06-14,17,280.787216186523,269.45051574707,82985.359375,2600720,1.29989624023438,-0.662556648254395,6
-116.950534962263,49.150224825953,2008-06-14,18,281.905044555664,269.693161010742,82991.99609375,2980528,1.45680236816406,-0.656021118164062,6
-116.950534962263,49.150224825953,2008-06-14,19,283.424285888672,268.703552246094,83020.98046875,3128528,2.20262145996094,-0.657379150390625,6
-116.950534962263,49.150224825953,2008-06-14,20,284.166168212891,268.992706298828,83007.45703125,3115516,2.35111999511719,-0.541336059570312,6
-116.850534504834,49.150224825953,2008-06-14,17,280.574325561523,269.49934387207,82892.359375,2604372,1.23348999023438,-0.540486335754395,7
-116.850534504834,49.150224825953,2008-06-14,18,281.703872680664,269.704879760742,82897.99609375,2993608,1.36793518066406,-0.515396118164062,7
-116.850534504834,49.150224825953,2008-06-14,19,283.168426513672,268.717224121094,82931.98046875,3167496,2.07176208496094,-0.561676025390625,7
-116.850534504834,49.150224825953,2008-06-14,20,283.939605712891,268.949737548828,82916.45703125,3138676,2.23588562011719,-0.476882934570312,7
-116.750534047406,49.150224825953,2008-06-14,17,283.687606811523,270.50325012207,85491.359375,2608112,1.15927124023438,-0.420369148254395,8
-116.750534047406,49.150224825953,2008-06-14,18,284.906997680664,270.757614135742,85486.99609375,3006520,1.27223205566406,-0.375747680664062,8
-116.750534047406,49.150224825953,2008-06-14,19,286.344207763672,270.051208496094,85512.98046875,3205228,1.93309020996094,-0.468902587890625,8
-116.750534047406,49.150224825953,2008-06-14,20,287.271636962891,270.230987548828,85484.45703125,3162032,2.11088562011719,-0.415359497070312,8
-116.650533589978,49.150224825953,2008-06-14,17,285.777450561523,272.02864074707,87863.359375,2611552,1.11923217773438,-0.292439460754395,9
-116.650533589978,49.150224825953,2008-06-14,18,287.016372680664,272.263473510742,87848.99609375,3019472,1.21559143066406,-0.227310180664062,9
-116.650533589978,49.150224825953,2008-06-14,19,288.400848388672,271.598083496094,87869.98046875,3243272,1.83250427246094,-0.358551025390625,9
-116.650533589978,49.150224825953,2008-06-14,20,289.398590087891,271.703643798828,87828.45703125,3182880,2.03080749511719,-0.335281372070312,9
-116.55053313255,49.150224825953,2008-06-14,17,287.027450561523,273.02864074707,89357.359375,2614676,1.14071655273438,-0.151814460754395,10
-116.55053313255,49.150224825953,2008-06-14,18,288.264419555664,273.243942260742,89335.99609375,3031600,1.24391174316406,-0.0534820556640625,10
-116.55053313255,49.150224825953,2008-06-14,19,289.551239013672,272.736755371094,89355.98046875,3272960,1.80906677246094,-0.196441650390625,10
-116.55053313255,49.150224825953,2008-06-14,20,290.621246337891,272.727081298828,89306.45703125,3197212,2.04350280761719,-0.205398559570312,10
-116.950534962263,49.2502252833812,2008-06-14,17,279.988388061523,269.88606262207,83054.359375,2596484,1.23837280273438,-0.718220710754395,11
-116.950534962263,49.2502252833812,2008-06-14,18,281.035903930664,270.140426635742,83061.99609375,2956404,1.35035705566406,-0.714614868164062,11
-116.950534962263,49.2502252833812,2008-06-14,19,282.695770263672,269.127380371094,83083.98046875,3068608,2.10496520996094,-0.768707275390625,11
-116.950534962263,49.2502252833812,2008-06-14,20,283.320465087891,269.238800048828,83072.45703125,3028388,2.27104187011719,-0.655593872070312,11
-116.850534504834,49.2502252833812,2008-06-14,17,282.802841186523,270.34700012207,85028.359375,2599548,1.22470092773438,-0.581501960754395,12
-116.850534504834,49.2502252833812,2008-06-14,18,283.924575805664,270.607223510742,85028.99609375,2970620,1.30934143066406,-0.568130493164062,12
-116.850534504834,49.2502252833812,2008-06-14,19,285.484832763672,269.969177246094,85046.98046875,3116068,2.02293395996094,-0.659332275390625,12
-116.850534504834,49.2502252833812,2008-06-14,20,286.261871337891,270.035675048828,85023.45703125,3049688,2.21244812011719,-0.571609497070312,12
-116.750534047406,49.2502252833812,2008-06-14,17,283.550888061523,271.73762512207,86758.359375,2602728,1.19931030273438,-0.447712898254395,13
-116.750534047406,49.2502252833812,2008-06-14,18,284.723403930664,271.728317260742,86750.99609375,2984604,1.25856018066406,-0.423599243164062,13
-116.750534047406,49.2502252833812,2008-06-14,19,286.094207763672,271.215270996094,86766.98046875,3161764,1.93211364746094,-0.552886962890625,13
-116.750534047406,49.2502252833812,2008-06-14,20,286.843902587891,271.272003173828,86732.45703125,3071388,2.14311218261719,-0.491531372070312,13
-116.650533589978,49.2502252833812,2008-06-14,17,283.298934936523,273.79621887207,88498.359375,2605892,1.17684936523438,-0.313923835754395,14
-116.650533589978,49.2502252833812,2008-06-14,18,284.487075805664,273.392379760742,88483.99609375,2998580,1.21070861816406,-0.277114868164062,14
-116.650533589978,49.2502252833812,2008-06-14,19,285.641082763672,272.793395996094,88497.98046875,3207420,1.84324645996094,-0.445465087890625,14
-116.650533589978,49.2502252833812,2008-06-14,20,286.259918212891,272.846221923828,88451.45703125,3092880,2.07670593261719,-0.409500122070312,14
-116.55053313255,49.2502252833812,2008-06-14,17,284.611434936523,271.44465637207,87035.359375,2609040,1.24423217773438,-0.167439460754395,15
-116.55053313255,49.2502252833812,2008-06-14,18,285.799575805664,271.505661010742,87024.99609375,3012420,1.29762268066406,-0.0954742431640625,15
-116.55053313255,49.2502252833812,2008-06-14,19,287.053192138672,271.168395996094,87049.98046875,3241676,1.87449645996094,-0.247222900390625,15
-116.55053313255,49.2502252833812,2008-06-14,20,288.011871337891,271.055206298828,87008.45703125,3106264,2.15776062011719,-0.231765747070312,15
-116.950534962263,49.3502257408094,2008-06-14,17,280.941513061523,269.61457824707,83359.359375,2568020,1.14755249023438,-0.673298835754395,16
-116.950534962263,49.3502257408094,2008-06-14,18,282.073013305664,269.759567260742,83363.99609375,2902112,1.26539611816406,-0.675552368164062,16
-116.950534962263,49.3502257408094,2008-06-14,19,283.490692138672,269.297302246094,83386.98046875,3018784,1.89891052246094,-0.735504150390625,16
-116.950534962263,49.3502257408094,2008-06-14,20,284.158355712891,269.397003173828,83375.45703125,2951480,2.03276062011719,-0.619461059570312,16
-116.850534504834,49.3502257408094,2008-06-14,17,283.148544311523,270.50129699707,85424.359375,2570988,1.15829467773438,-0.542439460754395,17
-116.850534504834,49.3502257408094,2008-06-14,18,284.248794555664,270.685348510742,85419.99609375,2912712,1.25172424316406,-0.531997680664062,17
-116.850534504834,49.3502257408094,2008-06-14,19,285.732879638672,270.316833496094,85435.98046875,3067144,1.88621520996094,-0.624176025390625,17
-116.850534504834,49.3502257408094,2008-06-14,20,286.464996337891,270.369659423828,85414.45703125,2971144,2.03471374511719,-0.532546997070312,17
-116.750534047406,49.3502257408094,2008-06-14,17,282.308700561523,272.84309387207,87170.359375,2573964,1.17001342773438,-0.411580085754395,18
-116.750534047406,49.3502257408094,2008-06-14,18,282.983169555664,272.980270385742,87158.99609375,2923308,1.23805236816406,-0.387466430664062,18
-116.750534047406,49.3502257408094,2008-06-14,19,284.693817138672,271.986755371094,87171.98046875,3115444,1.87254333496094,-0.512847900390625,18
-116.750534047406,49.3502257408094,2008-06-14,20,285.152496337891,272.127471923828,87139.45703125,2990844,2.03764343261719,-0.445632934570312,18
-116.650533589978,49.3502257408094,2008-06-14,17,282.404403686523,272.01301574707,86556.359375,2577080,1.19638061523438,-0.283650398254395,19
-116.650533589978,49.3502257408094,2008-06-14,18,283.244888305664,272.122848510742,86546.99609375,2933188,1.25074768066406,-0.241958618164062,19
-116.650533589978,49.3502257408094,2008-06-14,19,284.814910888672,271.340270996094,86565.98046875,3160128,1.88230895996094,-0.385894775390625,19
-116.650533589978,49.3502257408094,2008-06-14,20,285.408355712891,271.404815673828,86531.45703125,3008284,2.06694030761719,-0.341140747070312,19
-116.55053313255,49.3502257408094,2008-06-14,17,283.058700561523,269.52278137207,84623.359375,2580400,1.24032592773438,-0.156697273254395,20
-116.55053313255,49.3502257408094,2008-06-14,18,284.237075805664,269.734176635742,84620.99609375,2943784,1.29957580566406,-0.0915679931640625,20
-116.55053313255,49.3502257408094,2008-06-14,19,285.559051513672,269.490661621094,84650.98046875,3198388,1.90281677246094,-0.229644775390625,20
-116.55053313255,49.3502257408094,2008-06-14,20,286.474761962891,269.404815673828,84620.45703125,3022628,2.11869812011719,-0.204421997070312,20
-116.950534962263,49.0502243685248,2008-08-17,17,297.188674926758,278.544204711914,82510.3984375,2046696,-0.860687255859375,0.375066757202148,1
-116.950534962263,49.0502243685248,2008-08-17,18,299.025634765625,277.655899047852,82515.75390625,2518442,-0.726211547851562,0.87921142578125,1
-116.950534962263,49.0502243685248,2008-08-17,19,300.09245300293,276.184860229492,82536.23828125,2840936,0.183273315429688,0.837371826171875,1
-116.950534962263,49.0502243685248,2008-08-17,20,300.780578613281,275.812683105469,82501.1015625,2712648,0.222259521484375,0.676345825195312,1
-116.850534504834,49.0502243685248,2008-08-17,17,296.550003051758,278.286392211914,82186.3984375,2049626,-0.842132568359375,0.313543319702148,2
-116.850534504834,49.0502243685248,2008-08-17,18,298.492431640625,277.306289672852,82195.75390625,2520640,-0.784805297851562,0.87432861328125,2
-116.850534504834,49.0502243685248,2008-08-17,19,299.64518737793,275.887985229492,82217.23828125,2846576,-0.0550079345703125,0.928192138671875,2
-116.850534504834,49.0502243685248,2008-08-17,20,300.405578613281,275.465026855469,82185.1015625,2730230,-0.025787353515625,0.756423950195312,2
-116.750534047406,49.0502243685248,2008-08-17,17,298.432815551758,280.313735961914,84912.3984375,2052596,-0.824554443359375,0.249090194702148,3
-116.750534047406,49.0502243685248,2008-08-17,18,300.457275390625,279.193008422852,84907.75390625,2522828,-0.846328735351562,0.86651611328125,3
-116.750534047406,49.0502243685248,2008-08-17,19,301.69596862793,277.764938354492,84920.23828125,2852326,-0.296218872070312,1.01901245117188,3
-116.750534047406,49.0502243685248,2008-08-17,20,302.522766113281,277.261901855469,84881.1015625,2747878,-0.277740478515625,0.835525512695312,3
-116.650533589978,49.0502243685248,2008-08-17,17,300.801956176758,282.700454711914,88179.3984375,2055408,-0.799163818359375,0.191473007202148,4
-116.650533589978,49.0502243685248,2008-08-17,18,302.892822265625,281.425430297852,88156.75390625,2524836,-0.869766235351562,0.86163330078125,4
-116.650533589978,49.0502243685248,2008-08-17,19,304.19401550293,279.956344604492,88158.23828125,2857202,-0.460281372070312,1.09811401367188,4
-116.650533589978,49.0502243685248,2008-08-17,20,305.073547363281,279.379089355469,88111.1015625,2767460,-0.437896728515625,0.904861450195312,4
-116.55053313255,49.0502243685248,2008-08-17,17,302.405471801758,284.143814086914,90318.3984375,2057606,-0.749359130859375,0.156316757202148,5
-116.55053313255,49.0502243685248,2008-08-17,18,304.539306640625,282.737930297852,90280.75390625,2526228,-0.755508422851562,0.87042236328125,5
-116.55053313255,49.0502243685248,2008-08-17,19,305.81315612793,281.175094604492,90275.23828125,2858814,-0.338211059570312,1.13229370117188,5
-116.55053313255,49.0502243685248,2008-08-17,20,306.700500488281,280.568542480469,90221.1015625,2794014,-0.260162353515625,0.937088012695312,5
-116.950534962263,49.150224825953,2008-08-17,17,297.208206176758,280.063735961914,82974.3984375,2043906,-0.862640380859375,0.349676132202148,6
-116.950534962263,49.150224825953,2008-08-17,18,299.064697265625,279.126602172852,82978.75390625,2514796,-0.720352172851562,0.82159423828125,6
-116.950534962263,49.150224825953,2008-08-17,19,300.19010925293,277.552047729492,82997.23828125,2836578,0.234054565429688,0.831512451171875,6
-116.950534962263,49.150224825953,2008-08-17,20,300.872375488281,277.142761230469,82961.1015625,2698902,0.310150146484375,0.624588012695312,6
-116.850534504834,49.150224825953,2008-08-17,17,296.800003051758,280.012954711914,82899.3984375,2046184,-0.838226318359375,0.316473007202148,7
-116.850534504834,49.150224825953,2008-08-17,18,298.713134765625,279.034805297852,82904.75390625,2516124,-0.731094360351562,0.86163330078125,7
-116.850534504834,49.150224825953,2008-08-17,19,299.89128112793,277.561813354492,82921.23828125,2841416,0.0612030029296875,0.932098388671875,7
-116.850534504834,49.150224825953,2008-08-17,20,300.622375488281,277.142761230469,82888.1015625,2714700,0.129486083984375,0.718338012695312,7
-116.750534047406,49.150224825953,2008-08-17,17,298.596878051758,281.807876586914,85366.3984375,2048522,-0.815765380859375,0.280340194702148,8
-116.750534047406,49.150224825953,2008-08-17,18,300.552978515625,280.691055297852,85358.75390625,2517636,-0.749649047851562,0.89385986328125,8
-116.750534047406,49.150224825953,2008-08-17,19,301.79167175293,279.237594604492,85369.23828125,2846432,-0.122390747070312,1.03170776367188,8
-116.750534047406,49.150224825953,2008-08-17,20,302.577453613281,278.761901855469,85330.1015625,2730756,-0.061920166015625,0.809158325195312,8
-116.650533589978,49.150224825953,2008-08-17,17,300.186721801758,283.325454711914,87624.3984375,2050664,-0.786468505859375,0.252019882202148,9
-116.650533589978,49.150224825953,2008-08-17,18,302.189697265625,282.109024047852,87602.75390625,2518930,-0.731094360351562,0.93585205078125,9
-116.650533589978,49.150224825953,2008-08-17,19,303.47135925293,280.669235229492,87604.23828125,2850598,-0.230789184570312,1.12350463867188,9
-116.650533589978,49.150224825953,2008-08-17,20,304.298156738281,280.152526855469,87560.1015625,2748254,-0.165435791015625,0.894119262695312,9
-116.55053313255,49.150224825953,2008-08-17,17,301.323440551758,283.956314086914,89049.3984375,2053004,-0.744476318359375,0.214910507202148,10
-116.55053313255,49.150224825953,2008-08-17,18,303.441650390625,282.554336547852,89017.75390625,2520486,-0.647109985351562,0.94366455078125,10
-116.55053313255,49.150224825953,2008-08-17,19,304.75846862793,280.964157104492,89013.23828125,2852804,-0.163406372070312,1.17233276367188,10
-116.55053313255,49.150224825953,2008-08-17,20,305.626281738281,280.347839355469,88965.1015625,2773546,-0.047271728515625,0.939041137695312,10
-116.950534962263,49.2502252833812,2008-08-17,17,296.858596801758,281.096939086914,83041.3984375,2041282,-0.865570068359375,0.317449569702148,11
-116.950534962263,49.2502252833812,2008-08-17,18,298.777587890625,280.107070922852,83045.75390625,2511300,-0.723281860351562,0.75225830078125,11
-116.950534962263,49.2502252833812,2008-08-17,19,299.96940612793,278.415328979492,83063.23828125,2832430,0.272140502929688,0.822723388671875,11
-116.950534962263,49.2502252833812,2008-08-17,20,300.653625488281,277.959167480469,83028.1015625,2685558,0.383392333984375,0.570877075195312,11
-116.850534504834,49.2502252833812,2008-08-17,17,298.257034301758,282.430923461914,84920.3984375,2042742,-0.835296630859375,0.318426132202148,12
-116.850534504834,49.2502252833812,2008-08-17,18,300.166259765625,281.351211547852,84912.75390625,2511810,-0.680313110351562,0.84503173828125,12
-116.850534504834,49.2502252833812,2008-08-17,19,301.38737487793,279.739547729492,84924.23828125,2836368,0.172531127929688,0.936004638671875,12
-116.850534504834,49.2502252833812,2008-08-17,20,302.102844238281,279.267761230469,84885.1015625,2699300,0.279876708984375,0.679275512695312,12
-116.750534047406,49.2502252833812,2008-08-17,17,299.505081176758,283.374282836914,86570.3984375,2044400,-0.805999755859375,0.313543319702148,13
-116.750534047406,49.2502252833812,2008-08-17,18,301.465087890625,282.132461547852,86552.75390625,2512486,-0.648086547851562,0.92608642578125,13
-116.750534047406,49.2502252833812,2008-08-17,19,302.73503112793,280.552047729492,86557.23828125,2840492,0.0592498779296875,1.04537963867188,13
-116.750534047406,49.2502252833812,2008-08-17,20,303.489562988281,280.052917480469,86516.1015625,2713432,0.160736083984375,0.783767700195312,13
-116.650533589978,49.2502252833812,2008-08-17,17,300.753128051758,284.249282836914,88231.3984375,2046058,-0.776702880859375,0.308660507202148,14
-116.650533589978,49.2502252833812,2008-08-17,18,302.779541015625,282.841445922852,88203.75390625,2513164,-0.613906860351562,1.00811767578125,14
-116.650533589978,49.2502252833812,2008-08-17,19,304.09440612793,281.284469604492,88200.23828125,2844558,-0.0491485595703125,1.15475463867188,14
-116.650533589978,49.2502252833812,2008-08-17,20,304.888000488281,280.759948730469,88157.1015625,2727696,0.049407958984375,0.888259887695312,14
-116.55053313255,49.2502252833812,2008-08-17,17,299.469924926758,283.542251586914,86860.3984375,2048382,-0.733734130859375,0.276433944702148,15
-116.55053313255,49.2502252833812,2008-08-17,18,301.472900390625,282.267227172852,86838.75390625,2514684,-0.503555297851562,1.01202392578125,15
-116.55053313255,49.2502252833812,2008-08-17,19,302.75065612793,280.759078979492,86838.23828125,2845886,0.0885467529296875,1.19577026367188,15
-116.55053313255,49.2502252833812,2008-08-17,20,303.550109863281,280.250183105469,86800.1015625,2755770,0.262298583984375,0.928298950195312,15
-116.950534962263,49.3502257408094,2008-08-17,17,297.085159301758,281.089126586914,83326.3984375,2038530,-0.819671630859375,0.414129257202148,16
-116.950534962263,49.3502257408094,2008-08-17,18,299.002197265625,279.993789672852,83329.75390625,2507604,-0.633438110351562,0.83233642578125,16
-116.950534962263,49.3502257408094,2008-08-17,19,300.16862487793,278.362594604492,83347.23828125,2827252,0.329757690429688,0.899871826171875,16
-116.950534962263,49.3502257408094,2008-08-17,20,300.839172363281,277.945495605469,83312.1015625,2687948,0.438079833984375,0.674392700195312,16
-116.850534504834,49.3502257408094,2008-08-17,17,298.678909301758,282.499282836914,85288.3984375,2040180,-0.782562255859375,0.432683944702148,17
-116.850534504834,49.3502257408094,2008-08-17,18,300.580322265625,281.335586547852,85279.75390625,2508308,-0.565078735351562,0.92022705078125,17
-116.850534504834,49.3502257408094,2008-08-17,19,301.77604675293,279.718063354492,85289.23828125,2831704,0.294601440429688,0.975067138671875,17
-116.850534504834,49.3502257408094,2008-08-17,20,302.468078613281,279.267761230469,85251.1015625,2701206,0.409759521484375,0.738845825195312,17
-116.750534047406,49.3502257408094,2008-08-17,17,300.141799926758,283.237564086914,86954.3984375,2041888,-0.745452880859375,0.450262069702148,18
-116.750534047406,49.3502257408094,2008-08-17,18,302.093994140625,281.952774047852,86933.75390625,2509010,-0.496719360351562,1.00811767578125,18
-116.750534047406,49.3502257408094,2008-08-17,19,303.34245300293,280.278610229492,86937.23828125,2836148,0.258468627929688,1.05026245117188,18
-116.750534047406,49.3502257408094,2008-08-17,20,304.061828613281,279.767761230469,86896.1015625,2714468,0.381439208984375,0.804275512695312,18
-116.650533589978,49.3502257408094,2008-08-17,17,299.469924926758,282.960220336914,86391.3984375,2043766,-0.710296630859375,0.457098007202148,19
-116.650533589978,49.3502257408094,2008-08-17,18,301.420166015625,281.718399047852,86370.75390625,2509954,-0.424453735351562,1.07159423828125,19
-116.650533589978,49.3502257408094,2008-08-17,19,302.68229675293,280.132125854492,86374.23828125,2839840,0.261398315429688,1.11276245117188,19
-116.650533589978,49.3502257408094,2008-08-17,20,303.419250488281,279.621276855469,86336.1015625,2730836,0.409759521484375,0.856033325195312,19
-116.55053313255,49.3502257408094,2008-08-17,17,297.671096801758,282.075454711914,84578.3984375,2045830,-0.679046630859375,0.438543319702148,20
-116.55053313255,49.3502257408094,2008-08-17,18,299.607666015625,280.950820922852,84567.75390625,2511224,-0.356094360351562,1.09893798828125,20
-116.55053313255,49.3502257408094,2008-08-17,19,300.85612487793,279.495407104492,84575.23828125,2842026,0.307296752929688,1.16842651367188,20
-116.55053313255,49.3502257408094,2008-08-17,20,301.612609863281,279.009948730469,84543.1015625,2752826,0.505462646484375,0.906814575195312,20
-116.950534962263,49.0502243685248,2009-06-01,17,280.933959960938,270.442810058594,82679.03515625,2533800,-3.06843566894531,-0.52813720703125,1
-116.950534962263,49.0502243685248,2009-06-01,18,281.990646362305,270.600646972656,82716.46484375,2977012,-3.03706359863281,-0.495086669921875,1
-116.950534962263,49.0502243685248,2009-06-01,19,283.636962890625,271.731857299805,82695.1640625,3299856,-3.15806579589844,-0.298233032226562,1
-116.950534962263,49.0502243685248,2009-06-01,20,284.25032043457,271.673034667969,82714.04296875,3340084,-3.05906677246094,-0.4085693359375,1
-116.850534504834,49.0502243685248,2009-06-01,17,280.383178710938,269.907653808594,82349.03515625,2505776,-2.87605285644531,-0.62969970703125,2
-116.850534504834,49.0502243685248,2009-06-01,18,281.430099487305,270.088928222656,82387.46484375,2937676,-2.85346984863281,-0.615203857421875,2
-116.850534504834,49.0502243685248,2009-06-01,19,283.105712890625,271.249435424805,82366.1640625,3276632,-3.03111267089844,-0.401748657226562,2
-116.850534504834,49.0502243685248,2009-06-01,20,283.77571105957,271.159362792969,82384.04296875,3284776,-2.91844177246094,-0.4935302734375,2
-116.750534047406,49.0502243685248,2009-06-01,17,282.973022460938,271.538513183594,85250.03515625,2478396,-2.68269348144531,-0.73223876953125,3
-116.750534047406,49.0502243685248,2009-06-01,18,284.080490112305,271.708068847656,85277.46484375,2899328,-2.66889953613281,-0.736297607421875,3
-116.750534047406,49.0502243685248,2009-06-01,19,285.875244140625,272.948654174805,85234.1640625,3254100,-2.90415954589844,-0.505264282226562,3
-116.750534047406,49.0502243685248,2009-06-01,20,286.65266418457,272.753112792969,85240.04296875,3230324,-2.77781677246094,-0.5775146484375,3
-116.650533589978,49.0502243685248,2009-06-01,17,286.125366210938,273.517028808594,88724.03515625,2449724,-2.50691223144531,-0.84356689453125,4
-116.650533589978,49.0502243685248,2009-06-01,18,287.301193237305,273.663146972656,88739.46484375,2859160,-2.50483703613281,-0.865203857421875,4
-116.650533589978,49.0502243685248,2009-06-01,19,289.230712890625,274.970138549805,88669.1640625,3229464,-2.78501892089844,-0.615615844726562,4
-116.650533589978,49.0502243685248,2009-06-01,20,290.12141418457,274.649597167969,88661.04296875,3172004,-2.64695739746094,-0.6634521484375,4
-116.55053313255,49.0502243685248,2009-06-01,17,287.863647460938,274.643981933594,91003.03515625,2415624,-2.39753723144531,-0.99005126953125,5
-116.55053313255,49.0502243685248,2009-06-01,18,289.045333862305,274.764709472656,91008.46484375,2811328,-2.41499328613281,-1.01950073242188,5
-116.55053313255,49.0502243685248,2009-06-01,19,291.035400390625,276.034591674805,90917.1640625,3196352,-2.70298767089844,-0.751358032226562,5
-116.55053313255,49.0502243685248,2009-06-01,20,291.97297668457,275.639831542969,90901.04296875,3098456,-2.55320739746094,-0.7542724609375,5
-116.950534962263,49.150224825953,2009-06-01,17,281.258178710938,270.847106933594,83179.03515625,2522652,-2.70417785644531,-0.40704345703125,6
-116.950534962263,49.150224825953,2009-06-01,18,282.312911987305,271.014709472656,83214.46484375,2961756,-2.69721984863281,-0.423797607421875,6
-116.950534962263,49.150224825953,2009-06-01,19,283.982666015625,271.919357299805,83186.1640625,3280464,-2.94224548339844,-0.241592407226562,6
-116.950534962263,49.150224825953,2009-06-01,20,284.53938293457,271.852722167969,83208.04296875,3326188,-2.89012145996094,-0.3304443359375,6
-116.850534504834,49.150224825953,2009-06-01,17,280.803100585938,270.626403808594,83113.03515625,2483400,-2.52937316894531,-0.50469970703125,7
-116.850534504834,49.150224825953,2009-06-01,18,281.836349487305,270.829162597656,83148.46484375,2905048,-2.51655578613281,-0.526336669921875,7
-116.850534504834,49.150224825953,2009-06-01,19,283.601806640625,271.753341674805,83117.1640625,3244984,-2.83384704589844,-0.349014282226562,7
-116.850534504834,49.150224825953,2009-06-01,20,284.16047668457,271.647644042969,83136.04296875,3255040,-2.76609802246094,-0.4193115234375,7
-116.750534047406,49.150224825953,2009-06-01,17,283.152709960938,272.110778808594,85739.03515625,2446016,-2.35163879394531,-0.60235595703125,8
-116.750534047406,49.150224825953,2009-06-01,18,284.254318237305,272.311584472656,85765.46484375,2851200,-2.33491516113281,-0.632781982421875,8
-116.750534047406,49.150224825953,2009-06-01,19,286.177978515625,273.313888549805,85712.1640625,3211496,-2.72349548339844,-0.454483032226562,8
-116.750534047406,49.150224825953,2009-06-01,20,286.80305480957,273.106628417969,85724.04296875,3186540,-2.64012145996094,-0.5062255859375,8
-116.650533589978,49.150224825953,2009-06-01,17,284.586303710938,273.395935058594,88145.03515625,2404332,-2.20027160644531,-0.70977783203125,9
-116.650533589978,49.150224825953,2009-06-01,18,285.478927612305,273.520568847656,88162.46484375,2790804,-2.18061828613281,-0.745086669921875,9
-116.650533589978,49.150224825953,2009-06-01,19,287.552978515625,274.388107299805,88087.1640625,3172736,-2.63072204589844,-0.568740844726562,9
-116.650533589978,49.150224825953,2009-06-01,20,288.00227355957,274.085144042969,88091.04296875,3109872,-2.53074645996094,-0.5989990234375,9
-116.55053313255,49.150224825953,2009-06-01,17,286.287475585938,274.352966308594,89669.03515625,2360900,-2.13484191894531,-0.86602783203125,10
-116.55053313255,49.150224825953,2009-06-01,18,287.295333862305,274.491271972656,89679.46484375,2728132,-2.12886047363281,-0.907196044921875,10
-116.55053313255,49.150224825953,2009-06-01,19,289.396728515625,275.520919799805,89590.1640625,3129584,-2.58970642089844,-0.715225219726562,10
-116.55053313255,49.150224825953,2009-06-01,20,289.99836730957,275.163269042969,89587.04296875,3022448,-2.46922302246094,-0.7113037109375,10
-116.950534962263,49.2502252833812,2009-06-01,17,281.264038085938,271.050231933594,83258.03515625,2513808,-2.33601379394531,-0.28790283203125,11
-116.950534962263,49.2502252833812,2009-06-01,18,282.324630737305,271.227600097656,83293.46484375,2950180,-2.35444641113281,-0.355438232421875,11
-116.950534962263,49.2502252833812,2009-06-01,19,284.035400390625,271.878341674805,83260.1640625,3263524,-2.72056579589844,-0.185928344726562,11
-116.950534962263,49.2502252833812,2009-06-01,20,284.55110168457,271.803894042969,83286.04296875,3315736,-2.71726989746094,-0.2513427734375,11
-116.850534504834,49.2502252833812,2009-06-01,17,282.019897460938,272.401794433594,85259.03515625,2461768,-2.18171691894531,-0.37969970703125,12
-116.850534504834,49.2502252833812,2009-06-01,18,283.088302612305,272.647521972656,85286.46484375,2873492,-2.17768859863281,-0.439422607421875,12
-116.850534504834,49.2502252833812,2009-06-01,19,285.052978515625,273.259201049805,85234.1640625,3214028,-2.63462829589844,-0.295303344726562,12
-116.850534504834,49.2502252833812,2009-06-01,20,285.51985168457,273.159362792969,85256.04296875,3226516,-2.61180114746094,-0.3441162109375,12
-116.750534047406,49.2502252833812,2009-06-01,17,282.515991210938,273.392028808594,87021.03515625,2412288,-2.02253723144531,-0.47247314453125,13
-116.750534047406,49.2502252833812,2009-06-01,18,283.139083862305,273.682678222656,87041.46484375,2800880,-2.00093078613281,-0.527313232421875,13
-116.750534047406,49.2502252833812,2009-06-01,19,285.398681640625,274.089279174805,86972.1640625,3167356,-2.54380798339844,-0.404678344726562,13
-116.750534047406,49.2502252833812,2009-06-01,20,285.54914855957,273.967956542969,86987.04296875,3140956,-2.50340270996094,-0.4359130859375,13
-116.650533589978,49.2502252833812,2009-06-01,17,282.928100585938,274.216247558594,88796.03515625,2362460,-1.86628723144531,-0.56622314453125,14
-116.650533589978,49.2502252833812,2009-06-01,18,282.834396362305,274.491271972656,88810.46484375,2727768,-1.82612609863281,-0.616180419921875,14
-116.650533589978,49.2502252833812,2009-06-01,19,285.424072265625,274.556076049805,88722.1640625,3120272,-2.45591735839844,-0.514053344726562,14
-116.650533589978,49.2502252833812,2009-06-01,20,285.06672668457,274.387878417969,88733.04296875,3054720,-2.39695739746094,-0.5286865234375,14
-116.55053313255,49.2502252833812,2009-06-01,17,283.650756835938,272.989685058594,87359.03515625,2304792,-1.89753723144531,-0.75762939453125,15
-116.55053313255,49.2502252833812,2009-06-01,18,284.371505737305,273.169006347656,87376.46484375,2643072,-1.87690734863281,-0.808563232421875,15
-116.55053313255,49.2502252833812,2009-06-01,19,286.646728515625,273.831466674805,87296.1640625,3060324,-2.49400329589844,-0.689834594726562,15
-116.55053313255,49.2502252833812,2009-06-01,20,286.85188293457,273.536315917969,87307.04296875,2941632,-2.40184020996094,-0.6732177734375,15
-116.950534962263,49.3502257408094,2009-06-01,17,281.137084960938,271.540466308594,83574.03515625,2506964,-2.07038879394531,-0.28204345703125,16
-116.950534962263,49.3502257408094,2009-06-01,18,282.195724487305,271.729553222656,83607.46484375,2938404,-2.09565734863281,-0.332977294921875,16
-116.950534962263,49.3502257408094,2009-06-01,19,283.888916015625,272.294357299805,83569.1640625,3246264,-2.42369079589844,-0.202529907226562,16
-116.950534962263,49.3502257408094,2009-06-01,20,284.42414855957,272.186706542969,83598.04296875,3317412,-2.42137145996094,-0.2376708984375,16
-116.850534504834,49.3502257408094,2009-06-01,17,281.920288085938,273.018981933594,85663.03515625,2456260,-1.95222473144531,-0.33477783203125,17
-116.850534504834,49.3502257408094,2009-06-01,18,282.859786987305,273.270568847656,85689.46484375,2860396,-1.95698547363281,-0.378875732421875,17
-116.850534504834,49.3502257408094,2009-06-01,19,284.718994140625,273.698654174805,85632.1640625,3191992,-2.35826110839844,-0.284561157226562,17
-116.850534504834,49.3502257408094,2009-06-01,20,285.12532043457,273.602722167969,85654.04296875,3224880,-2.35398864746094,-0.3128662109375,17
-116.750534047406,49.3502257408094,2009-06-01,17,282.289428710938,273.856872558594,87444.03515625,2405580,-1.83406066894531,-0.38751220703125,18
-116.750534047406,49.3502257408094,2009-06-01,18,282.445724487305,274.110412597656,87463.46484375,2782448,-1.81831359863281,-0.424774169921875,18
-116.750534047406,49.3502257408094,2009-06-01,19,284.625244140625,274.200607299805,87388.1640625,3137704,-2.29283142089844,-0.365615844726562,18
-116.750534047406,49.3502257408094,2009-06-01,20,284.58039855957,274.063659667969,87405.04296875,3132436,-2.28660583496094,-0.3880615234375,18
-116.650533589978,49.3502257408094,2009-06-01,17,281.848022460938,273.323669433594,86860.03515625,2352036,-1.76179504394531,-0.46075439453125,19
-116.650533589978,49.3502257408094,2009-06-01,18,282.125411987305,273.581115722656,86879.46484375,2700240,-1.73530578613281,-0.493133544921875,19
-116.650533589978,49.3502257408094,2009-06-01,19,284.343994140625,273.731857299805,86805.1640625,3077968,-2.26060485839844,-0.461318969726562,19
-116.650533589978,49.3502257408094,2009-06-01,20,284.32453918457,273.551940917969,86821.04296875,3030908,-2.25144958496094,-0.4749755859375,19
-116.55053313255,49.3502257408094,2009-06-01,17,280.998413085938,272.011169433594,84952.03515625,2293020,-1.75202941894531,-0.58868408203125,20
-116.55053313255,49.3502257408094,2009-06-01,18,281.918380737305,272.270568847656,84977.46484375,2611516,-1.73042297363281,-0.620086669921875,20
-116.55053313255,49.3502257408094,2009-06-01,19,283.929931640625,272.755294799805,84916.1640625,3011464,-2.27720642089844,-0.594131469726562,20
-116.55053313255,49.3502257408094,2009-06-01,20,284.25813293457,272.548034667969,84932.04296875,2915684,-2.25047302246094,-0.5892333984375,20
-116.950534962263,49.0502243685248,2009-07-03,17,291.734237670898,274.223358154297,82681.6171875,2492794,-0.733612060546875,-0.0882568359375,1
-116.950534962263,49.0502243685248,2009-07-03,18,292.734512329102,273.405349731445,82697.4921875,2918078,-0.250579833984375,0.153076171875,1
-116.950534962263,49.0502243685248,2009-07-03,19,292.946472167969,273.730484008789,82738.8671875,3189700,-0.0258026123046875,0.327224731445312,1
-116.950534962263,49.0502243685248,2009-07-03,20,293.539443969727,273.158187866211,82711.83984375,3132354,0.44244384765625,0.442169189453125,1
-116.850534504834,49.0502243685248,2009-07-03,17,291.175643920898,274.363983154297,82351.6171875,2493158,-0.779510498046875,-0.0858154296875,2
-116.850534504834,49.0502243685248,2009-07-03,18,292.273574829102,273.516677856445,82366.4921875,2918592,-0.346282958984375,0.168701171875,2
-116.850534504834,49.0502243685248,2009-07-03,19,292.510925292969,273.501968383789,82406.8671875,3191166,-0.170333862304688,0.368240356445312,2
-116.850534504834,49.0502243685248,2009-07-03,20,293.129287719727,272.988265991211,82381.83984375,3138070,0.33111572265625,0.495880126953125,2
-116.750534047406,49.0502243685248,2009-07-03,17,293.263534545898,276.692108154297,85135.6171875,2493550,-0.826385498046875,-0.0843505859375,3
-116.750534047406,49.0502243685248,2009-07-03,18,294.453262329102,275.733474731445,85139.4921875,2919172,-0.442962646484375,0.183349609375,3
-116.750534047406,49.0502243685248,2009-07-03,19,294.717956542969,275.353530883789,85180.8671875,3192700,-0.317794799804688,0.409255981445312,3
-116.750534047406,49.0502243685248,2009-07-03,20,295.361709594727,274.880844116211,85149.83984375,3144006,0.21685791015625,0.550567626953125,3
-116.650533589978,49.0502243685248,2009-07-03,17,295.851425170898,279.356170654297,88471.6171875,2493658,-0.858612060546875,-0.0980224609375,4
-116.650533589978,49.0502243685248,2009-07-03,18,297.127090454102,278.253005981445,88463.4921875,2919748,-0.522064208984375,0.181396484375,4
-116.650533589978,49.0502243685248,2009-07-03,19,297.423034667969,277.511734008789,88504.8671875,3194518,-0.432052612304688,0.431716918945312,4
-116.650533589978,49.0502243685248,2009-07-03,20,298.088272094727,277.033187866211,88465.83984375,3151814,0.13677978515625,0.584747314453125,4
-116.55053313255,49.0502243685248,2009-07-03,17,297.576034545898,281.094451904297,90654.6171875,2492704,-0.837127685546875,-0.1658935546875,5
-116.55053313255,49.0502243685248,2009-07-03,18,298.923965454102,279.795974731445,90634.4921875,2920226,-0.532806396484375,0.118896484375,5
-116.55053313255,49.0502243685248,2009-07-03,19,299.260925292969,278.763687133789,90676.8671875,3197228,-0.418380737304688,0.388748168945312,5
-116.55053313255,49.0502243685248,2009-07-03,20,299.926162719727,278.146469116211,90632.83984375,3166098,0.18560791015625,0.540802001953125,5
-116.950534962263,49.150224825953,2009-07-03,17,291.992050170898,274.584686279297,83159.6171875,2492086,-0.739471435546875,-0.1043701171875,6
-116.950534962263,49.150224825953,2009-07-03,18,293.035293579102,273.825271606445,83172.4921875,2922544,-0.289642333984375,0.269287109375,6
-116.950534962263,49.150224825953,2009-07-03,19,293.237487792969,274.103530883789,83214.8671875,3202666,0.0327911376953125,0.443435668945312,6
-116.950534962263,49.150224825953,2009-07-03,20,293.867568969727,273.611312866211,83184.83984375,3166358,0.46197509765625,0.548614501953125,6
-116.850534504834,49.150224825953,2009-07-03,17,291.687362670898,274.967498779297,83080.6171875,2492094,-0.779510498046875,-0.0794677734375,7
-116.850534504834,49.150224825953,2009-07-03,18,292.791152954102,274.202224731445,83091.4921875,2922290,-0.361907958984375,0.285888671875,7
-116.850534504834,49.150224825953,2009-07-03,19,293.016784667969,274.148452758789,83133.8671875,3202664,-0.0697479248046875,0.485427856445312,7
-116.850534504834,49.150224825953,2009-07-03,20,293.658584594727,273.673812866211,83105.83984375,3167350,0.41314697265625,0.574005126953125,7
-116.750534047406,49.150224825953,2009-07-03,17,293.619003295898,277.166717529297,85601.6171875,2492160,-0.820526123046875,-0.0579833984375,8
-116.750534047406,49.150224825953,2009-07-03,18,294.787246704102,276.323318481445,85603.4921875,2922160,-0.439056396484375,0.301513671875,8
-116.750534047406,49.150224825953,2009-07-03,19,295.032409667969,275.921890258789,85644.8671875,3202858,-0.179122924804688,0.527420043945312,8
-116.750534047406,49.150224825953,2009-07-03,20,295.689834594727,275.445297241211,85611.83984375,3169184,0.35357666015625,0.604278564453125,8
-116.650533589978,49.150224825953,2009-07-03,17,295.378768920898,279.168670654297,87905.6171875,2491976,-0.853729248046875,-0.0462646484375,9
-116.650533589978,49.150224825953,2009-07-03,18,296.607559204102,278.253005981445,87896.4921875,2921916,-0.499603271484375,0.299560546875,9
-116.650533589978,49.150224825953,2009-07-03,19,296.882019042969,277.519546508789,87936.8671875,3202958,-0.256271362304688,0.550857543945312,9
-116.650533589978,49.150224825953,2009-07-03,20,297.541397094727,276.994125366211,87898.83984375,3171106,0.33306884765625,0.610137939453125,9
-116.55053313255,49.150224825953,2009-07-03,17,296.558456420898,280.223358154297,89359.6171875,2491552,-0.871307373046875,-0.1014404296875,10
-116.55053313255,49.150224825953,2009-07-03,18,297.863418579102,279.151443481445,89342.4921875,2922254,-0.541595458984375,0.232177734375,10
-116.55053313255,49.150224825953,2009-07-03,19,298.188659667969,278.144546508789,89382.8671875,3204316,-0.278732299804688,0.501052856445312,10
-116.55053313255,49.150224825953,2009-07-03,20,298.863662719727,277.498031616211,89341.83984375,3179118,0.35650634765625,0.561309814453125,10
-116.950534962263,49.2502252833812,2009-07-03,17,291.894393920898,274.639373779297,83230.6171875,2491472,-0.746307373046875,-0.1258544921875,11
-116.950534962263,49.2502252833812,2009-07-03,18,292.996231079102,274.003005981445,83240.4921875,2927180,-0.333587646484375,0.385498046875,11
-116.950534962263,49.2502252833812,2009-07-03,19,293.184753417969,274.183609008789,83283.8671875,3216040,0.0825958251953125,0.559646606445312,11
-116.950534962263,49.2502252833812,2009-07-03,20,293.849990844727,273.761703491211,83251.83984375,3201356,0.46783447265625,0.660919189453125,11
-116.850534504834,49.2502252833812,2009-07-03,17,293.359237670898,276.463592529297,85147.6171875,2491072,-0.779510498046875,-0.0750732421875,12
-116.850534504834,49.2502252833812,2009-07-03,18,294.484512329102,275.778396606445,85149.4921875,2926050,-0.379486083984375,0.403076171875,12
-116.850534504834,49.2502252833812,2009-07-03,19,294.694519042969,275.642593383789,85193.8671875,3214290,0.0288848876953125,0.602615356445312,12
-116.850534504834,49.2502252833812,2009-07-03,20,295.357803344727,275.167953491211,85156.83984375,3197050,0.49029541015625,0.654083251953125,12
-116.750534047406,49.2502252833812,2009-07-03,17,294.757675170898,277.797576904297,86830.6171875,2490734,-0.814666748046875,-0.0296630859375,13
-116.750534047406,49.2502252833812,2009-07-03,18,295.941543579102,277.026443481445,86825.4921875,2925096,-0.431243896484375,0.419677734375,13
-116.750534047406,49.2502252833812,2009-07-03,19,296.186706542969,276.533218383789,86867.8671875,3212926,-0.0355682373046875,0.645584106445312,13
-116.750534047406,49.2502252833812,2009-07-03,20,296.853897094727,275.976547241211,86828.83984375,3193764,0.49908447265625,0.655059814453125,13
-116.650533589978,49.2502252833812,2009-07-03,17,296.206893920898,279.057342529297,88524.6171875,2490370,-0.848846435546875,0.0147705078125,14
-116.650533589978,49.2502252833812,2009-07-03,18,297.461074829102,278.198318481445,88511.4921875,2924146,-0.482025146484375,0.434326171875,14
-116.650533589978,49.2502252833812,2009-07-03,19,297.743347167969,277.339859008789,88551.8671875,3211594,-0.0970916748046875,0.686599731445312,14
-116.650533589978,49.2502252833812,2009-07-03,20,298.408584594727,276.679672241211,88510.83984375,3190500,0.50982666015625,0.653106689453125,14
-116.55053313255,49.2502252833812,2009-07-03,17,294.697128295898,278.992889404297,87125.6171875,2490188,-0.894744873046875,-0.0579833984375,15
-116.55053313255,49.2502252833812,2009-07-03,18,295.922012329102,278.204177856445,87114.4921875,2924414,-0.536712646484375,0.322998046875,15
-116.55053313255,49.2502252833812,2009-07-03,19,296.225769042969,277.298843383789,87152.8671875,3211792,-0.109786987304688,0.588943481445312,15
-116.55053313255,49.2502252833812,2009-07-03,20,296.883193969727,276.677719116211,87115.83984375,3194376,0.55572509765625,0.559356689453125,15
-116.950534962263,49.3502257408094,2009-07-03,17,292.044784545898,274.334686279297,83525.6171875,2491308,-0.676971435546875,-0.0604248046875,16
-116.950534962263,49.3502257408094,2009-07-03,18,293.218887329102,273.842849731445,83530.4921875,2930874,-0.306243896484375,0.459716796875,16
-116.950534962263,49.3502257408094,2009-07-03,19,293.428894042969,273.935562133789,83572.8671875,3226242,0.125564575195312,0.654373168945312,16
-116.950534962263,49.3502257408094,2009-07-03,20,294.076553344727,273.617172241211,83539.83984375,3234056,0.51763916015625,0.716583251953125,16
-116.850534504834,49.3502257408094,2009-07-03,17,293.689315795898,276.145233154297,85528.6171875,2491432,-0.693572998046875,0.0045166015625,17
-116.850534504834,49.3502257408094,2009-07-03,18,294.871231079102,275.567459106445,85526.4921875,2930066,-0.321868896484375,0.489013671875,17
-116.850534504834,49.3502257408094,2009-07-03,19,295.098815917969,275.406265258789,85566.8671875,3224594,0.126541137695312,0.684646606445312,17
-116.850534504834,49.3502257408094,2009-07-03,20,295.734756469727,274.982406616211,85530.83984375,3226984,0.58697509765625,0.699981689453125,17
-116.750534047406,49.3502257408094,2009-07-03,17,295.302597045898,277.203826904297,87228.6171875,2491520,-0.711151123046875,0.0694580078125,18
-116.750534047406,49.3502257408094,2009-07-03,18,296.541152954102,276.473709106445,87216.4921875,2929280,-0.338470458984375,0.518310546875,18
-116.750534047406,49.3502257408094,2009-07-03,19,296.807800292969,276.003921508789,87256.8671875,3222946,0.127517700195312,0.713943481445312,18
-116.750534047406,49.3502257408094,2009-07-03,20,297.439834594727,275.402328491211,87217.83984375,3219926,0.65533447265625,0.683380126953125,18
-116.650533589978,49.3502257408094,2009-07-03,17,294.624862670898,277.471405029297,86648.6171875,2491686,-0.738494873046875,0.1060791015625,19
-116.650533589978,49.3502257408094,2009-07-03,18,295.853652954102,276.751052856445,86637.4921875,2928760,-0.365814208984375,0.520263671875,19
-116.650533589978,49.3502257408094,2009-07-03,19,296.130065917969,276.132827758789,86675.8671875,3221604,0.124588012695312,0.716873168945312,19
-116.650533589978,49.3502257408094,2009-07-03,20,296.748428344727,275.505844116211,86640.83984375,3213902,0.71295166015625,0.655059814453125,19
-116.55053313255,49.3502257408094,2009-07-03,17,292.689315795898,277.188201904297,84795.6171875,2491726,-0.788299560546875,0.0875244140625,20
-116.55053313255,49.3502257408094,2009-07-03,18,293.879043579102,276.563552856445,84789.4921875,2928546,-0.424407958984375,0.466552734375,20
-116.55053313255,49.3502257408094,2009-07-03,19,294.159362792969,275.902359008789,84825.8671875,3220742,0.0943145751953125,0.675857543945312,20
-116.55053313255,49.3502257408094,2009-07-03,20,294.771865844727,275.349594116211,84795.83984375,3211042,0.73638916015625,0.610137939453125,20
-116.950534962263,49.0502243685248,2009-07-19,17,288.698837280273,273.874557495117,82611.265625,2395478,1.83256530761719,-0.985614776611328,1
-116.950534962263,49.0502243685248,2009-07-19,18,289.832321166992,273.521667480469,82631.30859375,2852752,1.95726013183594,-1.01285839080811,1
-116.950534962263,49.0502243685248,2009-07-19,19,290.286178588867,273.813278198242,82629.0859375,3156182,2.33238220214844,-0.798029899597168,1
-116.950534962263,49.0502243685248,2009-07-19,20,291.027572631836,273.610916137695,82631.26171875,3305998,2.48539733886719,-0.70142936706543,1
-116.850534504834,49.0502243685248,2009-07-19,17,288.454696655273,273.298385620117,82263.265625,2399288,1.74174499511719,-0.841083526611328,2
-116.850534504834,49.0502243685248,2009-07-19,18,289.560836791992,273.060729980469,82285.30859375,2855974,1.84300231933594,-0.863444328308105,2
-116.850534504834,49.0502243685248,2009-07-19,19,290.036178588867,273.407028198242,82283.0859375,3158526,2.18785095214844,-0.712092399597168,2
-116.850534504834,49.0502243685248,2009-07-19,20,290.793197631836,273.226150512695,82286.26171875,3307392,2.30180358886719,-0.64771842956543,2
-116.750534047406,49.0502243685248,2009-07-19,17,290.816024780273,275.007369995117,85055.265625,2403148,1.64897155761719,-0.698505401611328,3
-116.750534047406,49.0502243685248,2009-07-19,18,291.887008666992,274.838073730469,85070.30859375,2859160,1.72776794433594,-0.715983390808105,3
-116.750534047406,49.0502243685248,2009-07-19,19,292.379928588867,275.225387573242,85064.0859375,3160922,2.04136657714844,-0.627131462097168,3
-116.750534047406,49.0502243685248,2009-07-19,20,293.150619506836,275.034744262695,85060.26171875,3308730,2.11528015136719,-0.59498405456543,3
-116.650533589978,49.0502243685248,2009-07-19,17,293.655868530273,277.067916870117,88404.265625,2406732,1.58158874511719,-0.546161651611328,4
-116.650533589978,49.0502243685248,2009-07-19,18,294.689743041992,276.947448730469,88409.30859375,2862102,1.64476013183594,-0.555827140808105,4
-116.650533589978,49.0502243685248,2009-07-19,19,295.194381713867,277.373825073242,88400.0859375,3163304,1.93199157714844,-0.522639274597168,4
-116.650533589978,49.0502243685248,2009-07-19,20,295.970932006836,277.173416137695,88387.26171875,3310108,1.97367858886719,-0.52174186706543,4
-116.55053313255,49.0502243685248,2009-07-19,17,295.587509155273,278.144088745117,90589.265625,2409258,1.61479187011719,-0.359638214111328,5
-116.55053313255,49.0502243685248,2009-07-19,18,296.594039916992,278.045104980469,90590.30859375,2864154,1.68675231933594,-0.347819328308105,5
-116.55053313255,49.0502243685248,2009-07-19,19,297.085006713867,278.528121948242,90577.0859375,3165648,1.96617126464844,-0.344904899597168,5
-116.55053313255,49.0502243685248,2009-07-19,20,297.849838256836,278.347244262695,90559.26171875,3311722,1.99711608886719,-0.37135124206543,5
-116.950534962263,49.150224825953,2009-07-19,17,288.884384155273,274.374557495117,83091.265625,2391428,1.68705749511719,-1.04030227661133,6
-116.950534962263,49.150224825953,2009-07-19,18,289.965133666992,274.006042480469,83110.30859375,2849626,1.80686950683594,-1.05192089080811,6
-116.950534962263,49.150224825953,2009-07-19,19,290.409225463867,274.338668823242,83106.0859375,3141456,2.18394470214844,-0.859553337097168,6
-116.950534962263,49.150224825953,2009-07-19,20,291.140853881836,274.085525512695,83107.26171875,3293738,2.34477233886719,-0.79224967956543,6
-116.850534504834,49.150224825953,2009-07-19,17,288.827743530273,274.128463745117,82995.265625,2394870,1.64213562011719,-0.868427276611328,7
-116.850534504834,49.150224825953,2009-07-19,18,289.887008666992,273.830261230469,83015.30859375,2852358,1.74143981933594,-0.881022453308105,7
-116.850534504834,49.150224825953,2009-07-19,19,290.329147338867,274.242965698242,83013.0859375,3143998,2.08921813964844,-0.755061149597168,7
-116.850534504834,49.150224825953,2009-07-19,20,291.052963256836,274.030838012695,83014.26171875,3295082,2.21000671386719,-0.71607780456543,7
-116.750534047406,49.150224825953,2009-07-19,17,290.982040405273,275.761276245117,85524.265625,2398374,1.59037780761719,-0.701435089111328,8
-116.750534047406,49.150224825953,2009-07-19,18,292.013961791992,275.494323730469,85537.30859375,2855156,1.66722106933594,-0.713053703308105,8
-116.750534047406,49.150224825953,2009-07-19,19,292.454147338867,275.965621948242,85531.0859375,3146570,1.98570251464844,-0.653498649597168,8
-116.750534047406,49.150224825953,2009-07-19,20,293.174057006836,275.763259887695,85527.26171875,3296470,2.06742858886719,-0.64478874206543,8
-116.650533589978,49.150224825953,2009-07-19,17,292.950790405273,277.220260620117,87829.265625,2401674,1.57084655761719,-0.522724151611328,9
-116.650533589978,49.150224825953,2009-07-19,18,293.963180541992,276.982604980469,87837.30859375,2857778,1.63304138183594,-0.531413078308105,9
-116.650533589978,49.150224825953,2009-07-19,19,294.397506713867,277.528121948242,87828.0859375,3149382,1.92808532714844,-0.531428337097168,9
-116.650533589978,49.150224825953,2009-07-19,20,295.103744506836,277.347244262695,87820.26171875,3298072,1.97563171386719,-0.55103874206543,9
-116.55053313255,49.150224825953,2009-07-19,17,294.325790405273,277.839401245117,89280.265625,2404926,1.61381530761719,-0.343036651611328,10
-116.55053313255,49.150224825953,2009-07-19,18,295.324508666992,277.617370605469,89283.30859375,2860454,1.67991638183594,-0.332194328308105,10
-116.55053313255,49.150224825953,2009-07-19,19,295.752975463867,278.235153198242,89274.0859375,3153248,1.97105407714844,-0.363459587097168,10
-116.55053313255,49.150224825953,2009-07-19,20,296.449447631836,278.087478637695,89261.26171875,3300892,2.00883483886719,-0.40846061706543,10
-116.950534962263,49.2502252833812,2009-07-19,17,288.741806030273,274.532760620117,83160.265625,2387426,1.53080749511719,-1.10182571411133,11
-116.950534962263,49.2502252833812,2009-07-19,18,289.765914916992,274.164245605469,83177.30859375,2846604,1.64573669433594,-1.09488964080811,11
-116.950534962263,49.2502252833812,2009-07-19,19,290.206100463867,274.535934448242,83172.0859375,3126606,2.02476501464844,-0.924983024597168,11
-116.950534962263,49.2502252833812,2009-07-19,20,290.937728881836,274.232009887695,83174.26171875,3281480,2.19340515136719,-0.88697624206543,11
-116.850534504834,49.2502252833812,2009-07-19,17,290.364852905273,275.899948120117,85080.265625,2390452,1.53861999511719,-0.897724151611328,12
-116.850534504834,49.2502252833812,2009-07-19,18,291.377243041992,275.515808105469,85094.30859375,2848792,1.63401794433594,-0.898600578308105,12
-116.850534504834,49.2502252833812,2009-07-19,19,291.792037963867,275.983200073242,85086.0859375,3129450,1.98570251464844,-0.799006462097168,12
-116.850534504834,49.2502252833812,2009-07-19,20,292.486557006836,275.722244262695,85085.26171875,3282794,2.11430358886719,-0.78639030456543,12
-116.750534047406,49.2502252833812,2009-07-19,17,291.948837280273,276.657760620117,86762.265625,2393558,1.53666687011719,-0.700458526611328,13
-116.750534047406,49.2502252833812,2009-07-19,18,292.976852416992,276.230651855469,86772.30859375,2851134,1.61155700683594,-0.707194328308105,13
-116.750534047406,49.2502252833812,2009-07-19,19,293.387741088867,276.799606323242,86763.0859375,3132188,1.93589782714844,-0.676936149597168,13
-116.750534047406,49.2502252833812,2009-07-19,20,294.062728881836,276.552322387695,86759.26171875,3284166,2.02445983886719,-0.69068717956543,13
-116.650533589978,49.2502252833812,2009-07-19,17,293.599227905273,277.286666870117,88452.265625,2396656,1.53569030761719,-0.502216339111328,14
-116.650533589978,49.2502252833812,2009-07-19,18,294.648727416992,276.802917480469,88459.30859375,2853480,1.59300231933594,-0.515788078308105,14
-116.650533589978,49.2502252833812,2009-07-19,19,295.063522338867,277.477340698242,88449.0859375,3134954,1.88902282714844,-0.553889274597168,14
-116.650533589978,49.2502252833812,2009-07-19,20,295.720932006836,277.237869262695,88443.26171875,3285570,1.93852233886719,-0.59400749206543,14
-116.55053313255,49.2502252833812,2009-07-19,17,292.327743530273,276.763229370117,87023.265625,2400434,1.63920593261719,-0.320575714111328,15
-116.55053313255,49.2502252833812,2009-07-19,18,293.314743041992,276.412292480469,87032.30859375,2856596,1.71018981933594,-0.304850578308105,15
-116.55053313255,49.2502252833812,2009-07-19,19,293.676803588867,277.147262573242,87025.0859375,3141058,2.01890563964844,-0.359553337097168,15
-116.55053313255,49.2502252833812,2009-07-19,20,294.281478881836,277.042556762695,87022.26171875,3290288,2.07231140136719,-0.42213249206543,15
-116.950534962263,49.3502257408094,2009-07-19,17,288.843368530273,274.560104370117,83457.265625,2380794,1.37944030761719,-1.02174758911133,16
-116.950534962263,49.3502257408094,2009-07-19,18,289.812789916992,274.238464355469,83475.30859375,2841964,1.48948669433594,-1.00504589080811,16
-116.950534962263,49.3502257408094,2009-07-19,19,290.237350463867,274.655075073242,83468.0859375,3089322,1.88999938964844,-0.890803337097168,16
-116.950534962263,49.3502257408094,2009-07-19,20,290.965072631836,274.323806762695,83469.26171875,3267168,2.03227233886719,-0.86451530456543,16
-116.850534504834,49.3502257408094,2009-07-19,17,290.653915405273,275.919479370117,85465.265625,2384340,1.41752624511719,-0.822528839111328,17
-116.850534504834,49.3502257408094,2009-07-19,18,291.621383666992,275.566589355469,85479.30859375,2844656,1.51194763183594,-0.813639640808105,17
-116.850534504834,49.3502257408094,2009-07-19,19,292.016647338867,276.104293823242,85469.0859375,3094404,1.90171813964844,-0.763850212097168,17
-116.850534504834,49.3502257408094,2009-07-19,20,292.709213256836,275.804275512695,85468.26171875,3269244,2.01469421386719,-0.75611686706543,17
-116.750534047406,49.3502257408094,2009-07-19,17,292.444931030273,276.394088745117,87164.265625,2387914,1.45561218261719,-0.623310089111328,18
-116.750534047406,49.3502257408094,2009-07-19,18,293.457321166992,275.947448730469,87172.30859375,2847284,1.53343200683594,-0.622233390808105,18
-116.750534047406,49.3502257408094,2009-07-19,19,293.854537963867,276.631637573242,87162.0859375,3099474,1.91343688964844,-0.636897087097168,18
-116.750534047406,49.3502257408094,2009-07-19,20,294.531478881836,276.327713012695,87157.26171875,3271312,1.99809265136719,-0.64869499206543,18
-116.650533589978,49.3502257408094,2009-07-19,17,291.946884155273,276.065963745117,86562.265625,2391762,1.51225280761719,-0.438739776611328,19
-116.650533589978,49.3502257408094,2009-07-19,18,292.941696166992,275.660339355469,86571.30859375,2850216,1.58323669433594,-0.437663078308105,19
-116.650533589978,49.3502257408094,2009-07-19,19,293.297897338867,276.449996948242,86563.0859375,3106052,1.95933532714844,-0.499201774597168,19
-116.650533589978,49.3502257408094,2009-07-19,20,293.935775756836,276.228103637695,86560.26171875,3274418,2.02543640136719,-0.52955436706543,19
-116.55053313255,49.3502257408094,2009-07-19,17,290.237899780273,275.251510620117,84674.265625,2395770,1.59233093261719,-0.273700714111328,20
-116.55053313255,49.3502257408094,2009-07-19,18,291.179977416992,274.963073730469,84688.30859375,2853400,1.66624450683594,-0.256022453308105,20
-116.55053313255,49.3502257408094,2009-07-19,19,291.483444213867,275.813278198242,84683.0859375,3113996,2.04429626464844,-0.343928337097168,20
-116.55053313255,49.3502257408094,2009-07-19,20,292.068588256836,275.722244262695,84684.26171875,3278910,2.10356140136719,-0.39088249206543,20
-116.950534962263,49.0502243685248,2009-08-04,17,291.996887207031,279.479385375977,82342.55859375,2020254,-0.704452514648438,0.915163040161133,1
-116.950534962263,49.0502243685248,2009-08-04,18,293.462615966797,278.808227539062,82367.6484375,2516738,-0.380340576171875,1.31742572784424,1
-116.950534962263,49.0502243685248,2009-08-04,19,294.490173339844,277.774337768555,82421.859375,2605770,-0.177490234375,1.41105270385742,1
-116.950534962263,49.0502243685248,2009-08-04,20,295.159866333008,277.070297241211,82426.05859375,2542622,0.357131958007812,1.46503448486328,1
-116.850534504834,49.0502243685248,2009-08-04,17,291.504699707031,279.287979125977,82015.55859375,2030838,-0.785507202148438,0.942506790161133,2
-116.850534504834,49.0502243685248,2009-08-04,18,293.007537841797,278.304321289062,82042.6484375,2518712,-0.497528076171875,1.32426166534424,2
-116.850534504834,49.0502243685248,2009-08-04,19,294.013610839844,277.311447143555,82099.859375,2593240,-0.416748046875,1.30265426635742,2
-116.850534504834,49.0502243685248,2009-08-04,20,294.732131958008,276.736312866211,82105.05859375,2539390,0.0006866455078125,1.32587432861328,2
-116.750534047406,49.0502243685248,2009-08-04,17,293.522277832031,281.383682250977,84784.55859375,2041372,-0.866561889648438,0.970827102661133,3
-116.750534047406,49.0502243685248,2009-08-04,18,295.060272216797,280.019165039062,84800.6484375,2520776,-0.614715576171875,1.33207416534424,3
-116.750534047406,49.0502243685248,2009-08-04,19,296.044860839844,279.016525268555,84854.859375,2581122,-0.655029296875,1.19620895385742,3
-116.750534047406,49.0502243685248,2009-08-04,20,296.816116333008,278.531234741211,84852.05859375,2536384,-0.354782104492188,1.18915557861328,3
-116.650533589978,49.0502243685248,2009-08-04,17,296.004699707031,283.811416625977,88102.55859375,2051748,-0.919296264648438,0.989870071411133,4
-116.650533589978,49.0502243685248,2009-08-04,18,297.577850341797,282.091430664062,88105.6484375,2522228,-0.694793701171875,1.33549213409424,4
-116.650533589978,49.0502243685248,2009-08-04,19,298.533142089844,281.092697143555,88155.859375,2569230,-0.859130859375,1.08488082885742,4
-116.650533589978,49.0502243685248,2009-08-04,20,299.300491333008,280.675765991211,88144.05859375,2532106,-0.663375854492188,1.04120635986328,4
-116.55053313255,49.0502243685248,2009-08-04,17,297.633605957031,285.215713500977,90276.55859375,2061674,-0.864608764648438,0.973756790161133,5
-116.55053313255,49.0502243685248,2009-08-04,18,299.236053466797,283.321899414062,90268.6484375,2521426,-0.642059326171875,1.32474994659424,5
-116.55053313255,49.0502243685248,2009-08-04,19,300.128845214844,282.461837768555,90318.859375,2557952,-0.937255859375,0.950603485107422,5
-116.55053313255,49.0502243685248,2009-08-04,20,300.669631958008,282.074203491211,90306.05859375,2523174,-0.801071166992188,0.851753234863281,5
-116.950534962263,49.150224825953,2009-08-04,17,292.198059082031,280.760635375977,82811.55859375,1947630,-0.801132202148438,0.793092727661133,6
-116.950534962263,49.150224825953,2009-08-04,18,293.695037841797,279.991821289062,82831.6484375,2445812,-0.490692138671875,1.22367572784424,6
-116.950534962263,49.150224825953,2009-08-04,19,294.595642089844,278.844650268555,82886.859375,2468410,-0.360107421875,1.32413864135742,6
-116.950534962263,49.150224825953,2009-08-04,20,295.029006958008,278.189437866211,82894.05859375,2334482,0.0280303955078125,1.25946807861328,6
-116.850534504834,49.150224825953,2009-08-04,17,291.834777832031,280.987197875977,82737.55859375,1958544,-0.864608764648438,0.789674758911133,7
-116.850534504834,49.150224825953,2009-08-04,18,293.359100341797,279.976196289062,82757.6484375,2446348,-0.605926513671875,1.22123432159424,7
-116.850534504834,49.150224825953,2009-08-04,19,294.142517089844,279.018478393555,82819.859375,2449734,-0.615966796875,1.17081832885742,7
-116.850534504834,49.150224825953,2009-08-04,20,294.536819458008,278.537094116211,82825.05859375,2326648,-0.341110229492188,1.08368682861328,7
-116.750534047406,49.150224825953,2009-08-04,17,293.647277832031,283.114151000977,85244.55859375,1969400,-0.931991577148438,0.790651321411133,8
-116.750534047406,49.150224825953,2009-08-04,18,295.191131591797,281.786743164062,85255.6484375,2447124,-0.721160888671875,1.21976947784424,8
-116.750534047406,49.150224825953,2009-08-04,19,295.872985839844,280.944259643555,85316.859375,2432036,-0.868896484375,1.02482223510742,8
-116.750534047406,49.150224825953,2009-08-04,20,296.243850708008,280.597640991211,85318.05859375,2319582,-0.708297729492188,0.914741516113281,8
-116.650533589978,49.150224825953,2009-08-04,17,295.186340332031,284.948135375977,87538.55859375,1980430,-0.973983764648438,0.776491165161133,9
-116.650533589978,49.150224825953,2009-08-04,18,296.753631591797,283.370727539062,87539.6484375,2447136,-0.809051513671875,1.21098041534424,9
-116.650533589978,49.150224825953,2009-08-04,19,297.310485839844,282.704025268555,87605.859375,2413300,-1.100341796875,0.862224578857422,9
-116.650533589978,49.150224825953,2009-08-04,20,297.581741333008,282.480453491211,87605.05859375,2310438,-1.03446960449219,0.729682922363281,9
-116.55053313255,49.150224825953,2009-08-04,17,296.211730957031,285.844619750977,88988.55859375,1991822,-0.958358764648438,0.740846633911133,10
-116.55053313255,49.150224825953,2009-08-04,18,297.825897216797,284.138305664062,88982.6484375,2446324,-0.812957763671875,1.18168354034424,10
-116.55053313255,49.150224825953,2009-08-04,19,298.273376464844,283.696212768555,89053.859375,2398894,-1.235107421875,0.691814422607422,10
-116.55053313255,49.150224825953,2009-08-04,20,298.359085083008,283.396469116211,89054.05859375,2299436,-1.19364929199219,0.541694641113281,10
-116.950534962263,49.2502252833812,2009-08-04,17,292.026184082031,281.608291625977,82876.55859375,1874884,-0.901718139648438,0.678346633911133,11
-116.950534962263,49.2502252833812,2009-08-04,18,293.568084716797,280.737915039062,82893.6484375,2375094,-0.602020263671875,1.13285541534424,11
-116.950534962263,49.2502252833812,2009-08-04,19,294.361267089844,279.469650268555,82953.859375,2332220,-0.539794921875,1.24650192260742,11
-116.950534962263,49.2502252833812,2009-08-04,20,294.581741333008,278.843734741211,82961.05859375,2127208,-0.300094604492188,1.06171417236328,11
-116.850534504834,49.2502252833812,2009-08-04,17,293.295715332031,283.559463500977,84786.55859375,1886190,-0.945663452148438,0.640260696411133,12
-116.850534504834,49.2502252833812,2009-08-04,18,294.845428466797,282.468383789062,84793.6484375,2374010,-0.714324951171875,1.11869525909424,12
-116.850534504834,49.2502252833812,2009-08-04,19,295.421813964844,281.493087768555,84860.859375,2306500,-0.815185546875,1.04288864135742,12
-116.850534504834,49.2502252833812,2009-08-04,20,295.505569458008,281.068344116211,84867.05859375,2114180,-0.682907104492188,0.844429016113281,12
-116.750534047406,49.2502252833812,2009-08-04,17,294.424621582031,285.082901000977,86463.55859375,1897430,-0.993515014648438,0.608522415161133,13
-116.750534047406,49.2502252833812,2009-08-04,18,296.023162841797,283.708618164062,86464.6484375,2373248,-0.827606201171875,1.10648822784424,13
-116.750534047406,49.2502252833812,2009-08-04,19,296.408142089844,282.981369018555,86538.859375,2282198,-1.085693359375,0.849040985107422,13
-116.750534047406,49.2502252833812,2009-08-04,20,296.368850708008,282.744125366211,86544.05859375,2102230,-1.06376647949219,0.635932922363281,13
-116.650533589978,49.2502252833812,2009-08-04,17,295.541809082031,286.508682250977,88153.55859375,1908690,-1.04039001464844,0.575807571411133,14
-116.650533589978,49.2502252833812,2009-08-04,18,297.195037841797,284.851196289062,88147.6484375,2372418,-0.937957763671875,1.09379291534424,14
-116.650533589978,49.2502252833812,2009-08-04,19,297.390563964844,284.366134643555,88229.859375,2257822,-1.354248046875,0.653728485107422,14
-116.650533589978,49.2502252833812,2009-08-04,20,297.220413208008,284.314437866211,88236.05859375,2090108,-1.43974304199219,0.426460266113281,14
-116.55053313255,49.2502252833812,2009-08-04,17,294.116027832031,285.856338500977,86764.55859375,1921872,-1.02378845214844,0.498170852661133,15
-116.55053313255,49.2502252833812,2009-08-04,18,295.704803466797,284.441040039062,86763.6484375,2370582,-0.946746826171875,1.03324604034424,15
-116.55053313255,49.2502252833812,2009-08-04,19,295.681579589844,284.397384643555,86852.859375,2240676,-1.494873046875,0.428142547607422,15
-116.55053313255,49.2502252833812,2009-08-04,20,295.068069458008,284.374984741211,86865.05859375,2074492,-1.52665710449219,0.225288391113281,15
-116.950534962263,49.3502257408094,2009-08-04,17,292.196105957031,282.284072875977,83167.55859375,1813392,-0.862655639648438,0.606081008911133,16
-116.950534962263,49.3502257408094,2009-08-04,18,293.636444091797,281.355102539062,83183.6484375,2280602,-0.592254638671875,0.972210884094238,16
-116.950534962263,49.3502257408094,2009-08-04,19,294.091735839844,280.694259643555,83245.859375,2206628,-0.661865234375,0.996990203857422,16
-116.950534962263,49.3502257408094,2009-08-04,20,294.206741333008,279.992172241211,83261.05859375,1991580,-0.473922729492188,0.761909484863281,16
-116.850534504834,49.3502257408094,2009-08-04,17,293.600402832031,284.215713500977,85160.55859375,1821748,-0.906600952148438,0.573854446411133,17
-116.850534504834,49.3502257408094,2009-08-04,18,295.083709716797,283.124633789062,85167.6484375,2278376,-0.684051513671875,0.973675727844238,17
-116.850534504834,49.3502257408094,2009-08-04,19,295.318298339844,282.709884643555,85236.859375,2174100,-0.895263671875,0.851970672607422,17
-116.850534504834,49.3502257408094,2009-08-04,20,295.347366333008,282.242172241211,85253.05859375,1972018,-0.775680541992188,0.615425109863281,17
-116.750534047406,49.3502257408094,2009-08-04,17,294.817199707031,285.553604125977,86855.55859375,1830116,-0.950546264648438,0.541627883911133,18
-116.750534047406,49.3502257408094,2009-08-04,18,296.396209716797,284.210571289062,86853.6484375,2276126,-0.775848388671875,0.974164009094238,18
-116.750534047406,49.3502257408094,2009-08-04,19,296.421813964844,284.030197143555,86933.859375,2141666,-1.127685546875,0.705974578857422,18
-116.750534047406,49.3502257408094,2009-08-04,20,296.146194458008,284.082015991211,86950.05859375,1952614,-1.07841491699219,0.468452453613281,18
-116.650533589978,49.3502257408094,2009-08-04,17,294.032043457031,285.557510375977,86285.55859375,1838122,-0.985702514648438,0.500612258911133,19
-116.650533589978,49.3502257408094,2009-08-04,18,295.624725341797,284.206665039062,86283.6484375,2273326,-0.850067138671875,0.963910102844238,19
-116.650533589978,49.3502257408094,2009-08-04,19,295.433532714844,284.276290893555,86371.859375,2110172,-1.329833984375,0.561443328857422,19
-116.650533589978,49.3502257408094,2009-08-04,20,295.023147583008,284.464828491211,86387.05859375,1930790,-1.31767272949219,0.337104797363281,19
-116.55053313255,49.3502257408094,2009-08-04,17,292.174621582031,284.739151000977,84446.55859375,1847114,-1.00230407714844,0.441041946411133,20
-116.55053313255,49.3502257408094,2009-08-04,18,293.724334716797,283.556274414062,84451.6484375,2270164,-0.904754638671875,0.926800727844238,20
-116.55053313255,49.3502257408094,2009-08-04,19,293.316345214844,283.924728393555,84546.859375,2083626,-1.497802734375,0.389568328857422,20
-116.55053313255,49.3502257408094,2009-08-04,20,292.771194458008,284.021469116211,84560.05859375,1908142,-1.48466491699219,0.196479797363281,20
-116.950534962263,49.0502243685248,2009-08-20,17,293.47966003418,281.506607055664,82605.55859375,1941108,-0.788665771484375,0.383316040039062,1
-116.950534962263,49.0502243685248,2009-08-20,18,294.940643310547,281.054428100586,82618.15234375,2381576,-0.766067504882812,0.903518676757812,1
-116.950534962263,49.0502243685248,2009-08-20,19,295.486175537109,280.967758178711,82660.8984375,2775906,-0.816131591796875,0.86767578125,1
-116.950534962263,49.0502243685248,2009-08-20,20,296.47998046875,280.975158691406,82656.46484375,2934454,-0.820037841796875,1.04991149902344,1
-116.850534504834,49.0502243685248,2009-08-20,17,292.86442565918,281.219497680664,82276.55859375,1946016,-0.769134521484375,0.328628540039062,2
-116.850534504834,49.0502243685248,2009-08-20,18,294.393768310547,280.714584350586,82292.15234375,2387362,-0.795364379882812,0.861526489257812,2
-116.850534504834,49.0502243685248,2009-08-20,19,294.964691162109,280.528305053711,82336.8984375,2780226,-0.857147216796875,0.84521484375,2
-116.850534504834,49.0502243685248,2009-08-20,20,295.95654296875,280.516174316406,82334.46484375,2938154,-0.839569091796875,1.01670837402344,2
-116.750534047406,49.0502243685248,2009-08-20,17,294.62809753418,283.125747680664,85036.55859375,1950950,-0.750579833984375,0.271987915039062,3
-116.750534047406,49.0502243685248,2009-08-20,18,296.178924560547,282.515365600586,85042.15234375,2393090,-0.826614379882812,0.816604614257812,3
-116.750534047406,49.0502243685248,2009-08-20,19,296.759613037109,282.192367553711,85086.8984375,2784610,-0.899139404296875,0.82177734375,3
-116.750534047406,49.0502243685248,2009-08-20,20,297.74560546875,282.143127441406,85075.46484375,2941916,-0.862030029296875,0.982528686523438,3
-116.650533589978,49.0502243685248,2009-08-20,17,296.85466003418,285.336685180664,88345.55859375,1955818,-0.727142333984375,0.220230102539062,4
-116.650533589978,49.0502243685248,2009-08-20,18,298.425018310547,284.603256225586,88337.15234375,2399134,-0.830520629882812,0.780471801757812,4
-116.650533589978,49.0502243685248,2009-08-20,19,299.013519287109,284.153305053711,88380.8984375,2788672,-0.907928466796875,0.80322265625,4
-116.650533589978,49.0502243685248,2009-08-20,20,299.99755859375,284.059143066406,88358.46484375,2945262,-0.848358154296875,0.956161499023438,4
-116.55053313255,49.0502243685248,2009-08-20,17,298.39762878418,286.448013305664,90514.55859375,1960434,-0.690032958984375,0.188003540039062,5
-116.55053313255,49.0502243685248,2009-08-20,18,300.020721435547,285.589584350586,90494.15234375,2406388,-0.735794067382812,0.777542114257812,5
-116.55053313255,49.0502243685248,2009-08-20,19,300.613128662109,285.081039428711,90535.8984375,2791530,-0.788787841796875,0.80419921875,5
-116.55053313255,49.0502243685248,2009-08-20,20,301.61865234375,284.940002441406,90505.46484375,2947018,-0.700897216796875,0.960067749023438,5
-116.950534962263,49.150224825953,2009-08-20,17,293.79020690918,282.026138305664,83075.55859375,1932116,-0.787689208984375,0.437026977539062,6
-116.950534962263,49.150224825953,2009-08-20,18,295.249237060547,281.599349975586,83086.15234375,2357894,-0.710403442382812,0.926956176757812,6
-116.950534962263,49.150224825953,2009-08-20,19,295.829925537109,281.420883178711,83128.8984375,2769900,-0.733123779296875,0.91455078125,6
-116.950534962263,49.150224825953,2009-08-20,20,296.82763671875,281.451721191406,83120.46484375,2929806,-0.728240966796875,1.08702087402344,6
-116.850534504834,49.150224825953,2009-08-20,17,293.42301940918,281.912857055664,82997.55859375,1936574,-0.767181396484375,0.404800415039062,7
-116.850534504834,49.150224825953,2009-08-20,18,294.913299560547,281.435287475586,83010.15234375,2363564,-0.713333129882812,0.919143676757812,7
-116.850534504834,49.150224825953,2009-08-20,19,295.492034912109,281.213851928711,83053.8984375,2773188,-0.743865966796875,0.91552734375,7
-116.850534504834,49.150224825953,2009-08-20,20,296.48583984375,281.219299316406,83047.46484375,2932420,-0.718475341796875,1.07334899902344,7
-116.750534047406,49.150224825953,2009-08-20,17,295.11442565918,283.660903930664,85496.55859375,1941056,-0.746673583984375,0.369644165039062,8
-116.750534047406,49.150224825953,2009-08-20,18,296.591033935547,283.083724975586,85498.15234375,2369190,-0.720169067382812,0.905471801757812,8
-116.750534047406,49.150224825953,2009-08-20,19,297.167816162109,282.778305053711,85540.8984375,2776706,-0.759490966796875,0.91162109375,8
-116.750534047406,49.150224825953,2009-08-20,20,298.15380859375,282.744689941406,85526.46484375,2935216,-0.713592529296875,1.05772399902344,8
-116.650533589978,49.150224825953,2009-08-20,17,296.57341003418,285.110122680664,87781.55859375,1945548,-0.723236083984375,0.341323852539062,9
-116.650533589978,49.150224825953,2009-08-20,18,298.079315185547,284.462631225586,87773.15234375,2375370,-0.702590942382812,0.902542114257812,9
-116.650533589978,49.150224825953,2009-08-20,19,298.658050537109,284.114242553711,87816.8984375,2779754,-0.744842529296875,0.91357421875,9
-116.650533589978,49.150224825953,2009-08-20,20,299.64208984375,284.033752441406,87793.46484375,2937458,-0.677459716796875,1.04991149902344,9
-116.55053313255,49.150224825953,2009-08-20,17,297.52653503418,285.930435180664,89225.55859375,1950796,-0.694915771484375,0.303237915039062,10
-116.55053313255,49.150224825953,2009-08-20,18,299.096893310547,285.193099975586,89210.15234375,2383964,-0.637161254882812,0.884963989257812,10
-116.55053313255,49.150224825953,2009-08-20,19,299.673675537109,284.807601928711,89252.8984375,2782706,-0.670623779296875,0.90380859375,10
-116.55053313255,49.150224825953,2009-08-20,20,300.68310546875,284.686096191406,89224.46484375,2939344,-0.578826904296875,1.04307556152344,10
-116.950534962263,49.2502252833812,2009-08-20,17,293.73161315918,282.268325805664,83142.55859375,1923210,-0.785736083984375,0.484878540039062,11
-116.950534962263,49.2502252833812,2009-08-20,18,295.225799560547,281.857162475586,83152.15234375,2334190,-0.660598754882812,0.944534301757812,11
-116.950534962263,49.2502252833812,2009-08-20,19,295.833831787109,281.567367553711,83194.8984375,2764130,-0.654998779296875,0.95751953125,11
-116.950534962263,49.2502252833812,2009-08-20,20,296.84130859375,281.623596191406,83185.46484375,2925414,-0.642303466796875,1.11924743652344,11
-116.850534504834,49.2502252833812,2009-08-20,17,295.05387878418,283.574966430664,85042.55859375,1927146,-0.763275146484375,0.479995727539062,12
-116.850534504834,49.2502252833812,2009-08-20,18,296.505096435547,283.101303100586,85044.15234375,2339734,-0.633255004882812,0.974807739257812,12
-116.850534504834,49.2502252833812,2009-08-20,19,297.097503662109,282.819320678711,85086.8984375,2766246,-0.632537841796875,0.98291015625,12
-116.850534504834,49.2502252833812,2009-08-20,20,298.09521484375,282.834533691406,85070.46484375,2926762,-0.597381591796875,1.12998962402344,12
-116.750534047406,49.2502252833812,2009-08-20,17,296.23942565918,284.391372680664,86711.55859375,1931176,-0.740814208984375,0.470230102539062,13
-116.750534047406,49.2502252833812,2009-08-20,18,297.725799560547,283.804428100586,86706.15234375,2345300,-0.610794067382812,0.998245239257812,13
-116.750534047406,49.2502252833812,2009-08-20,19,298.335784912109,283.506820678711,86747.8984375,2768594,-0.615936279296875,1.00341796875,13
-116.750534047406,49.2502252833812,2009-08-20,20,299.33935546875,283.445861816406,86727.46484375,2928368,-0.560272216796875,1.13487243652344,13
-116.650533589978,49.2502252833812,2009-08-20,17,297.42106628418,285.059341430664,88392.55859375,1935218,-0.719329833984375,0.460464477539062,14
-116.650533589978,49.2502252833812,2009-08-20,18,298.983612060547,284.353256225586,88381.15234375,2350920,-0.587356567382812,1.02168273925781,14
-116.650533589978,49.2502252833812,2009-08-20,19,299.626800537109,284.040023803711,88420.8984375,2770920,-0.597381591796875,1.02392578125,14
-116.650533589978,49.2502252833812,2009-08-20,20,300.64013671875,283.889221191406,88396.46484375,2929930,-0.521209716796875,1.14073181152344,14
-116.55053313255,49.2502252833812,2009-08-20,17,296.09880065918,284.619888305664,87006.55859375,1941292,-0.696868896484375,0.418472290039062,15
-116.55053313255,49.2502252833812,2009-08-20,18,297.614471435547,283.964584350586,86997.15234375,2362280,-0.515090942382812,0.994338989257812,15
-116.55053313255,49.2502252833812,2009-08-20,19,298.195159912109,283.684555053711,87040.8984375,2773622,-0.522186279296875,1.00341796875,15
-116.55053313255,49.2502252833812,2009-08-20,20,299.21435546875,283.566955566406,87019.46484375,2931370,-0.424530029296875,1.12998962402344,15
-116.950534962263,49.3502257408094,2009-08-20,17,293.95622253418,282.334732055664,83431.55859375,1917134,-0.725189208984375,0.561050415039062,16
-116.950534962263,49.3502257408094,2009-08-20,18,295.440643310547,281.898178100586,83438.15234375,2321350,-0.559036254882812,0.980667114257812,16
-116.950534962263,49.3502257408094,2009-08-20,19,296.062347412109,281.584945678711,83481.8984375,2757100,-0.528045654296875,1.00439453125,16
-116.950534962263,49.3502257408094,2009-08-20,20,297.06787109375,281.666564941406,83471.46484375,2919000,-0.506561279296875,1.16319274902344,16
-116.850534504834,49.3502257408094,2009-08-20,17,295.45036315918,283.694107055664,85416.55859375,1921414,-0.699798583984375,0.568862915039062,17
-116.850534504834,49.3502257408094,2009-08-20,18,296.905487060547,283.206771850586,85414.15234375,2327654,-0.514114379882812,1.01289367675781,17
-116.850534504834,49.3502257408094,2009-08-20,19,297.519378662109,282.891586303711,85455.8984375,2759318,-0.486053466796875,1.02978515625,17
-116.850534504834,49.3502257408094,2009-08-20,20,298.52294921875,282.914611816406,85438.46484375,2920314,-0.444061279296875,1.17100524902344,17
-116.750534047406,49.3502257408094,2009-08-20,17,296.81559753418,284.285903930664,87101.55859375,1925692,-0.675384521484375,0.576675415039062,18
-116.750534047406,49.3502257408094,2009-08-20,18,298.344940185547,283.679428100586,87092.15234375,2333954,-0.471145629882812,1.04512023925781,18
-116.750534047406,49.3502257408094,2009-08-20,19,299.001800537109,283.338851928711,87132.8984375,2761598,-0.445037841796875,1.05517578125,18
-116.750534047406,49.3502257408094,2009-08-20,20,300.02294921875,283.240783691406,87109.46484375,2921658,-0.382537841796875,1.17881774902344,18
-116.650533589978,49.3502257408094,2009-08-20,17,296.14372253418,284.004653930664,86529.55859375,1930448,-0.653900146484375,0.574722290039062,19
-116.650533589978,49.3502257408094,2009-08-20,18,297.663299560547,283.415756225586,86522.15234375,2341738,-0.426223754882812,1.06269836425781,19
-116.650533589978,49.3502257408094,2009-08-20,19,298.294769287109,283.106430053711,86564.8984375,2763942,-0.403045654296875,1.06982421875,19
-116.650533589978,49.3502257408094,2009-08-20,20,299.31396484375,282.990783691406,86542.46484375,2922958,-0.321014404296875,1.18370056152344,19
-116.55053313255,49.3502257408094,2009-08-20,17,294.38005065918,283.235122680664,84695.55859375,1935850,-0.639251708984375,0.551284790039062,20
-116.55053313255,49.3502257408094,2009-08-20,18,295.858612060547,282.728256225586,84695.15234375,2351678,-0.385208129882812,1.05683898925781,20
-116.55053313255,49.3502257408094,2009-08-20,19,296.433441162109,282.475570678711,84740.8984375,2766338,-0.364959716796875,1.06591796875,20
-116.55053313255,49.3502257408094,2009-08-20,20,297.44677734375,282.397033691406,84723.46484375,2924210,-0.264373779296875,1.18174743652344,20
-116.950534962263,49.0502243685248,2010-06-20,17,286.862838745117,274.965362548828,82440.953125,2108252,-0.26171875,0.504653930664062,1
-116.950534962263,49.0502243685248,2010-06-20,18,284.070602416992,276.312362670898,82431.73828125,2330284,-0.168563842773438,0.95587158203125,1
-116.950534962263,49.0502243685248,2010-06-20,19,287.468994140625,275.939743041992,82409.5234375,2526584,-0.4422607421875,1.14215087890625,1
-116.950534962263,49.0502243685248,2010-06-20,20,286.80583190918,278.273010253906,82376.86328125,2569328,0.31170654296875,1.21650695800781,1
-116.850534504834,49.0502243685248,2010-06-20,17,286.480026245117,274.414581298828,82103.953125,2111732,-0.3759765625,0.505630493164062,2
-116.850534504834,49.0502243685248,2010-06-20,18,283.967086791992,275.894393920898,82093.73828125,2336148,-0.305282592773438,0.90899658203125,2
-116.850534504834,49.0502243685248,2010-06-20,19,284.152587890625,276.428024291992,82073.5234375,2576548,-0.5858154296875,1.04742431640625,2
-116.850534504834,49.0502243685248,2010-06-20,20,283.64176940918,277.567932128906,82032.86328125,2574232,0.09100341796875,1.12275695800781,2
-116.750534047406,49.0502243685248,2010-06-20,17,288.974166870117,277.070831298828,84918.953125,2115412,-0.490234375,0.503677368164062,3
-116.750534047406,49.0502243685248,2010-06-20,18,288.158493041992,277.597518920898,84898.73828125,2342400,-0.442001342773438,0.86016845703125,3
-116.750534047406,49.0502243685248,2010-06-20,19,288.260009765625,277.740524291992,84876.5234375,2626892,-0.7332763671875,0.94781494140625,3
-116.750534047406,49.0502243685248,2010-06-20,20,287.96208190918,278.427307128906,84831.86328125,2578492,-0.13262939453125,1.02900695800781,3
-116.650533589978,49.0502243685248,2010-06-20,17,291.909713745117,280.113800048828,88290.953125,2119660,-0.5712890625,0.489028930664062,4
-116.650533589978,49.0502243685248,2010-06-20,18,292.666305541992,279.720565795898,88260.73828125,2350804,-0.542587280273438,0.80645751953125,4
-116.650533589978,49.0502243685248,2010-06-20,19,293.218994140625,279.353805541992,88233.5234375,2679440,-0.8182373046875,0.84820556640625,4
-116.650533589978,49.0502243685248,2010-06-20,20,293.12419128418,279.792541503906,88184.86328125,2581976,-0.30255126953125,0.929397583007812,4
-116.55053313255,49.0502243685248,2010-06-20,17,293.628463745117,281.549346923828,90495.953125,2125592,-0.5302734375,0.430435180664062,5
-116.55053313255,49.0502243685248,2010-06-20,18,294.437789916992,281.187362670898,90457.73828125,2366332,-0.508407592773438,0.73516845703125,5
-116.55053313255,49.0502243685248,2010-06-20,19,295.029541015625,280.845993041992,90425.5234375,2739440,-0.6746826171875,0.74664306640625,5
-116.55053313255,49.0502243685248,2010-06-20,20,295.13981628418,281.060119628906,90370.86328125,2583440,-0.26739501953125,0.815139770507812,5
-116.950534962263,49.150224825953,2010-06-20,17,287.964401245117,275.893096923828,82922.953125,2185640,-0.337890625,0.320083618164062,6
-116.950534962263,49.150224825953,2010-06-20,18,287.867477416992,275.704940795898,82906.73828125,2447728,-0.346298217773438,0.65411376953125,6
-116.950534962263,49.150224825953,2010-06-20,19,286.275634765625,276.830368041992,82881.5234375,2560208,-0.6414794921875,0.84918212890625,6
-116.950534962263,49.150224825953,2010-06-20,20,287.20231628418,277.548400878906,82850.86328125,2556836,-0.04864501953125,1.10713195800781,6
-116.850534504834,49.150224825953,2010-06-20,17,287.593307495117,275.086456298828,82838.953125,2184460,-0.443359375,0.362075805664062,7
-116.850534504834,49.150224825953,2010-06-20,18,286.799118041992,275.558456420898,82822.73828125,2445520,-0.474227905273438,0.65997314453125,7
-116.850534504834,49.150224825953,2010-06-20,19,285.711181640625,276.621383666992,82800.5234375,2601836,-0.7332763671875,0.81695556640625,7
-116.850534504834,49.150224825953,2010-06-20,20,286.10270690918,276.958557128906,82759.86328125,2574480,-0.20294189453125,1.02998352050781,7
-116.750534047406,49.150224825953,2010-06-20,17,289.917526245117,277.709503173828,85383.953125,2184048,-0.55078125,0.397232055664062,8
-116.750534047406,49.150224825953,2010-06-20,18,290.476852416992,277.437362670898,85360.73828125,2444636,-0.603134155273438,0.65802001953125,8
-116.750534047406,49.150224825953,2010-06-20,19,290.771728515625,277.422164916992,85336.5234375,2644772,-0.8338623046875,0.77398681640625,8
-116.750534047406,49.150224825953,2010-06-20,20,290.88591003418,277.731994628906,85291.86328125,2590052,-0.36798095703125,0.948928833007812,8
-116.650533589978,49.150224825953,2010-06-20,17,291.841354370117,279.313018798828,87706.953125,2182932,-0.6357421875,0.427505493164062,9
-116.650533589978,49.150224825953,2010-06-20,18,292.615524291992,278.802597045898,87675.73828125,2443032,-0.705673217773438,0.65802001953125,9
-116.650533589978,49.150224825953,2010-06-20,19,293.099853515625,278.629196166992,87650.5234375,2687676,-0.8807373046875,0.74273681640625,9
-116.650533589978,49.150224825953,2010-06-20,20,293.39176940918,279.079650878906,87593.86328125,2609496,-0.48126220703125,0.866897583007812,9
-116.55053313255,49.150224825953,2010-06-20,17,292.999557495117,280.303253173828,89172.953125,2185068,-0.6591796875,0.376724243164062,10
-116.55053313255,49.150224825953,2010-06-20,18,293.793258666992,279.824081420898,89137.73828125,2448496,-0.731063842773438,0.59161376953125,10
-116.55053313255,49.150224825953,2010-06-20,19,294.334228515625,279.621383666992,89109.5234375,2741084,-0.8153076171875,0.66168212890625,10
-116.55053313255,49.150224825953,2010-06-20,20,294.79801940918,279.890197753906,89047.86328125,2628980,-0.50665283203125,0.751663208007812,10
-116.950534962263,49.2502252833812,2010-06-20,17,288.101119995117,274.990753173828,82988.953125,2263980,-0.4150390625,0.125747680664062,11
-116.950534962263,49.2502252833812,2010-06-20,18,288.894821166992,274.294784545898,82969.73828125,2566940,-0.525985717773438,0.33868408203125,11
-116.950534962263,49.2502252833812,2010-06-20,19,289.058837890625,275.414352416992,82941.5234375,2595772,-0.8524169921875,0.54156494140625,11
-116.950534962263,49.2502252833812,2010-06-20,20,289.64372253418,275.577697753906,82904.86328125,2541656,-0.42462158203125,0.993850708007812,11
-116.850534504834,49.2502252833812,2010-06-20,17,289.974166870117,277.189971923828,84918.953125,2257520,-0.51171875,0.215591430664062,12
-116.850534504834,49.2502252833812,2010-06-20,18,290.738571166992,276.525253295898,84894.73828125,2555484,-0.644149780273438,0.40606689453125,12
-116.850534504834,49.2502252833812,2010-06-20,19,290.422119140625,277.092086791992,84866.5234375,2627840,-0.8846435546875,0.58160400390625,12
-116.850534504834,49.2502252833812,2010-06-20,20,291.37419128418,277.298400878906,84823.86328125,2573804,-0.50274658203125,0.934280395507812,12
-116.750534047406,49.2502252833812,2010-06-20,17,291.263229370117,277.861846923828,86612.953125,2252116,-0.6103515625,0.295669555664062,13
-116.750534047406,49.2502252833812,2010-06-20,18,292.103805541992,277.204940795898,86583.73828125,2545904,-0.764266967773438,0.46075439453125,13
-116.750534047406,49.2502252833812,2010-06-20,19,292.529541015625,277.191696166992,86558.5234375,2661808,-0.9285888671875,0.60699462890625,13
-116.750534047406,49.2502252833812,2010-06-20,20,292.96598815918,277.466369628906,86504.86328125,2603096,-0.59649658203125,0.870803833007812,13
-116.650533589978,49.2502252833812,2010-06-20,17,292.507369995117,277.971221923828,88318.953125,2246708,-0.7080078125,0.374771118164062,14
-116.650533589978,49.2502252833812,2010-06-20,18,293.275680541992,277.023300170898,88283.73828125,2536288,-0.882431030273438,0.51446533203125,14
-116.650533589978,49.2502252833812,2010-06-20,19,293.658447265625,276.990524291992,88261.5234375,2695848,-0.9686279296875,0.63336181640625,14
-116.650533589978,49.2502252833812,2010-06-20,20,294.43278503418,277.409729003906,88192.86328125,2632720,-0.68731689453125,0.808303833007812,14
-116.55053313255,49.2502252833812,2010-06-20,17,291.519088745117,278.057159423828,86903.953125,2245344,-0.755859375,0.301528930664062,15
-116.55053313255,49.2502252833812,2010-06-20,18,292.285446166992,277.429550170898,86874.73828125,2533080,-0.915634155273438,0.43145751953125,15
-116.55053313255,49.2502252833812,2010-06-20,19,292.750244140625,277.328414916992,86852.5234375,2745960,-0.8992919921875,0.56500244140625,15
-116.55053313255,49.2502252833812,2010-06-20,20,293.50895690918,277.759338378906,86787.86328125,2674464,-0.69708251953125,0.679397583007812,15
-116.950534962263,49.3502257408094,2010-06-20,17,288.456588745117,275.416534423828,83286.953125,2317448,-0.3720703125,0.0866851806640625,16
-116.950534962263,49.3502257408094,2010-06-20,18,289.390914916992,274.882675170898,83265.73828125,2640592,-0.493759155273438,0.29669189453125,16
-116.950534962263,49.3502257408094,2010-06-20,19,288.297119140625,275.765914916992,83239.5234375,2649532,-0.8123779296875,0.45855712890625,16
-116.950534962263,49.3502257408094,2010-06-20,20,288.03239440918,276.077697753906,83199.86328125,2559808,-0.47833251953125,0.778030395507812,16
-116.850534504834,49.3502257408094,2010-06-20,17,290.384323120117,277.414581298828,85303.953125,2310644,-0.4462890625,0.174575805664062,17
-116.850534504834,49.3502257408094,2010-06-20,18,291.273727416992,276.892440795898,85275.73828125,2627884,-0.589462280273438,0.36798095703125,17
-116.850534504834,49.3502257408094,2010-06-20,19,291.761962890625,276.584274291992,85248.5234375,2677116,-0.8270263671875,0.51324462890625,17
-116.850534504834,49.3502257408094,2010-06-20,20,291.91716003418,276.819885253906,85204.86328125,2599416,-0.53009033203125,0.749710083007812,17
-116.750534047406,49.3502257408094,2010-06-20,17,291.624557495117,277.285675048828,87010.953125,2303828,-0.5205078125,0.262466430664062,18
-116.750534047406,49.3502257408094,2010-06-20,18,292.398727416992,276.452987670898,86980.73828125,2615104,-0.684188842773438,0.43829345703125,18
-116.750534047406,49.3502257408094,2010-06-20,19,292.830322265625,276.092086791992,86953.5234375,2704668,-0.8426513671875,0.56793212890625,18
-116.750534047406,49.3502257408094,2010-06-20,20,293.31364440918,276.364807128906,86898.86328125,2638892,-0.58184814453125,0.719436645507812,18
-116.650533589978,49.3502257408094,2010-06-20,17,291.171432495117,276.924346923828,86423.953125,2297896,-0.591796875,0.310317993164062,19
-116.650533589978,49.3502257408094,2010-06-20,18,291.892868041992,276.107284545898,86395.73828125,2603716,-0.770126342773438,0.47149658203125,19
-116.650533589978,49.3502257408094,2010-06-20,19,292.318603515625,275.779586791992,86371.5234375,2735664,-0.8485107421875,0.59332275390625,19
-116.650533589978,49.3502257408094,2010-06-20,20,293.00895690918,276.081604003906,86313.86328125,2682028,-0.63165283203125,0.676467895507812,19
-116.55053313255,49.3502257408094,2010-06-20,17,289.720260620117,276.424346923828,84552.953125,2293656,-0.6650390625,0.291763305664062,20
-116.55053313255,49.3502257408094,2010-06-20,18,290.293258666992,275.990097045898,84530.73828125,2595204,-0.847274780273438,0.44024658203125,20
-116.55053313255,49.3502257408094,2010-06-20,19,290.760009765625,275.693649291992,84509.5234375,2774676,-0.8436279296875,0.56500244140625,20
-116.55053313255,49.3502257408094,2010-06-20,20,291.56950378418,275.954650878906,84453.86328125,2728096,-0.68243408203125,0.593460083007812,20
-116.950534962263,49.0502243685248,2010-08-07,17,289.775192260742,279.215728759766,81922.0546875,2132288,1.35075378417969,1.8058967590332,1
-116.950534962263,49.0502243685248,2010-08-07,18,290.090805053711,278.82243347168,81944.6875,2115584,1.77717590332031,1.67376708984375,1
-116.950534962263,49.0502243685248,2010-08-07,19,290.420379638672,278.993087768555,81973.6171875,2243982,1.69668579101562,1.32914161682129,1
-116.950534962263,49.0502243685248,2010-08-07,20,291.138381958008,279.279876708984,81964.02734375,2501446,1.78131103515625,1.39815521240234,1
-116.850534504834,49.0502243685248,2010-08-07,17,289.306442260742,279.075103759766,81591.0546875,2140894,1.14762878417969,1.8107795715332,2
-116.850534504834,49.0502243685248,2010-08-07,18,289.721664428711,278.60173034668,81613.6875,2146460,1.59553527832031,1.67767333984375,2
-116.850534504834,49.0502243685248,2010-08-07,19,290.027801513672,278.788009643555,81640.6171875,2247792,1.54922485351562,1.35013771057129,2
-116.850534504834,49.0502243685248,2010-08-07,20,290.851272583008,278.963470458984,81634.02734375,2532286,1.54498291015625,1.43624114990234,2
-116.750534047406,49.0502243685248,2010-08-07,17,291.327926635742,281.225494384766,84364.0546875,2149572,0.943527221679688,1.8161506652832,3
-116.750534047406,49.0502243685248,2010-08-07,18,291.852523803711,280.65446472168,84381.6875,2177324,1.41194152832031,1.68157958984375,3
-116.750534047406,49.0502243685248,2010-08-07,19,292.135223388672,280.862228393555,84407.6171875,2251824,1.40078735351562,1.37211036682129,3
-116.750534047406,49.0502243685248,2010-08-07,20,293.068069458008,280.902923583984,84393.02734375,2563308,1.30865478515625,1.47432708740234,3
-116.650533589978,49.0502243685248,2010-08-07,17,293.810348510742,283.702056884766,87687.0546875,2156860,0.785324096679688,1.8268928527832,4
-116.650533589978,49.0502243685248,2010-08-07,18,294.422836303711,283.05094909668,87700.6875,2208346,1.27033996582031,1.69622802734375,4
-116.650533589978,49.0502243685248,2010-08-07,19,294.678192138672,283.280197143555,87724.6171875,2254044,1.28652954101562,1.40140724182129,4
-116.650533589978,49.0502243685248,2010-08-07,20,295.704788208008,283.178314208984,87699.02734375,2593702,1.12896728515625,1.52022552490234,4
-116.55053313255,49.0502243685248,2010-08-07,17,295.474411010742,285.080963134766,89864.0546875,2158984,0.801925659179688,1.8552131652832,5
-116.55053313255,49.0502243685248,2010-08-07,18,296.077133178711,284.43571472168,89871.6875,2239956,1.28596496582031,1.75042724609375,5
-116.55053313255,49.0502243685248,2010-08-07,19,296.277801513672,284.678634643555,89896.6171875,2249284,1.29727172851562,1.45853614807129,5
-116.55053313255,49.0502243685248,2010-08-07,20,297.337600708008,284.447845458984,89865.02734375,2621538,1.16119384765625,1.59444427490234,5
-116.950534962263,49.150224825953,2010-08-07,17,290.339645385742,279.422760009766,82382.0546875,2121652,1.35075378417969,1.6794319152832,6
-116.950534962263,49.150224825953,2010-08-07,18,290.604476928711,279.00993347168,82407.6875,2064464,1.69612121582031,1.53802490234375,6
-116.950534962263,49.150224825953,2010-08-07,19,290.875457763672,279.207931518555,82435.6171875,2246920,1.58535766601562,1.19242286682129,6
-116.950534962263,49.150224825953,2010-08-07,20,291.566116333008,279.609954833984,82426.02734375,2505956,1.69342041015625,1.25167083740234,6
-116.850534504834,49.150224825953,2010-08-07,17,290.074020385742,279.582916259766,82301.0546875,2128688,1.18864440917969,1.6725959777832,7
-116.850534504834,49.150224825953,2010-08-07,18,290.411117553711,279.10954284668,82325.6875,2095196,1.54377746582031,1.52874755859375,7
-116.850534504834,49.150224825953,2010-08-07,19,290.658660888672,279.194259643555,82353.6171875,2247724,1.46328735351562,1.19925880432129,7
-116.850534504834,49.150224825953,2010-08-07,20,291.450881958008,279.483001708984,82344.02734375,2534190,1.48443603515625,1.27510833740234,7
-116.750534047406,49.150224825953,2010-08-07,17,291.960739135742,281.653228759766,84810.0546875,2135958,1.02067565917969,1.6672248840332,8
-116.750534047406,49.150224825953,2010-08-07,18,292.375961303711,281.09977722168,84828.6875,2125920,1.38752746582031,1.52142333984375,8
-116.750534047406,49.150224825953,2010-08-07,19,292.605926513672,281.090744018555,84857.6171875,2249036,1.33828735351562,1.20853614807129,8
-116.750534047406,49.150224825953,2010-08-07,20,293.499710083008,281.248626708984,84839.02734375,2562896,1.27056884765625,1.30049896240234,8
-116.650533589978,49.150224825953,2010-08-07,17,293.673629760742,283.450103759766,87100.0546875,2141714,0.903488159179688,1.6691780090332,9
-116.650533589978,49.150224825953,2010-08-07,18,294.147445678711,282.83805847168,87115.6875,2157014,1.27522277832031,1.52532958984375,9
-116.650533589978,49.150224825953,2010-08-07,19,294.353973388672,282.717697143555,87143.6171875,2247768,1.24844360351562,1.22513771057129,9
-116.650533589978,49.150224825953,2010-08-07,20,295.337600708008,282.717376708984,87118.02734375,2590316,1.11334228515625,1.33565521240234,9
-116.55053313255,49.150224825953,2010-08-07,17,294.806442260742,284.356353759766,88546.0546875,2143992,0.918136596679688,1.7175178527832,10
-116.55053313255,49.150224825953,2010-08-07,18,295.311508178711,283.75212097168,88557.6875,2190056,1.28889465332031,1.59368896484375,10
-116.55053313255,49.150224825953,2010-08-07,19,295.480926513672,283.604415893555,88586.6171875,2240600,1.25723266601562,1.29691505432129,10
-116.55053313255,49.150224825953,2010-08-07,20,296.507522583008,283.547454833984,88556.02734375,2616548,1.13092041015625,1.42549896240234,10
-116.950534962263,49.2502252833812,2010-08-07,17,290.550582885742,279.280181884766,82438.0546875,2111286,1.34196472167969,1.5549201965332,11
-116.950534962263,49.2502252833812,2010-08-07,18,290.772445678711,278.84587097168,82463.6875,2013376,1.60725402832031,1.40472412109375,11
-116.950534962263,49.2502252833812,2010-08-07,19,290.982879638672,279.094650268555,82494.6171875,2250412,1.46914672851562,1.05961036682129,11
-116.950534962263,49.2502252833812,2010-08-07,20,291.650100708008,279.613861083984,82482.02734375,2511052,1.59967041015625,1.10713958740234,11
-116.850534504834,49.2502252833812,2010-08-07,17,291.982223510742,281.063385009766,84341.0546875,2116538,1.22673034667969,1.5349006652832,12
-116.850534504834,49.2502252833812,2010-08-07,18,292.241195678711,280.57633972168,84365.6875,2043924,1.49006652832031,1.38031005859375,12
-116.850534504834,49.2502252833812,2010-08-07,19,292.436004638672,280.555587768555,84394.6171875,2247788,1.37637329101562,1.04984474182129,12
-116.850534504834,49.2502252833812,2010-08-07,20,293.196975708008,280.959564208984,84377.02734375,2536274,1.42095947265625,1.11397552490234,12
-116.750534047406,49.2502252833812,2010-08-07,17,293.324020385742,282.440338134766,86011.0546875,2122118,1.10270690917969,1.5178108215332,13
-116.750534047406,49.2502252833812,2010-08-07,18,293.635726928711,281.88298034668,86033.6875,2074480,1.36506652832031,1.35931396484375,13
-116.750534047406,49.2502252833812,2010-08-07,19,293.816864013672,281.612228393555,86062.6171875,2245840,1.27676391601562,1.04300880432129,13
-116.750534047406,49.2502252833812,2010-08-07,20,294.689163208008,281.858001708984,86040.02734375,2562142,1.23541259765625,1.12569427490234,13
-116.650533589978,49.2502252833812,2010-08-07,17,294.712692260742,283.729400634766,87693.0546875,2127576,0.982589721679688,1.5016975402832,14
-116.650533589978,49.2502252833812,2010-08-07,18,295.077133178711,283.09391784668,87711.6875,2105052,1.24494934082031,1.33978271484375,14
-116.650533589978,49.2502252833812,2010-08-07,19,295.246551513672,282.569259643555,87741.6171875,2243686,1.18106079101562,1.03714942932129,14
-116.650533589978,49.2502252833812,2010-08-07,20,296.234085083008,282.627532958984,87713.02734375,2587908,1.05474853515625,1.13838958740234,14
-116.55053313255,49.2502252833812,2010-08-07,17,293.404098510742,282.967681884766,86295.0546875,2127464,1.08805847167969,1.5915412902832,15
-116.55053313255,49.2502252833812,2010-08-07,18,293.745101928711,282.44157409668,86311.6875,2140676,1.34260559082031,1.45648193359375,15
-116.55053313255,49.2502252833812,2010-08-07,19,293.873504638672,281.922775268555,86342.6171875,2229630,1.25820922851562,1.15043067932129,15
-116.55053313255,49.2502252833812,2010-08-07,20,294.833694458008,282.025970458984,86320.02734375,2610982,1.16900634765625,1.27217864990234,15
-116.950534962263,49.3502257408094,2010-08-07,17,290.870895385742,279.321197509766,82722.0546875,2071210,1.25993347167969,1.4538459777832,16
-116.950534962263,49.3502257408094,2010-08-07,18,291.077133178711,278.84782409668,82746.6875,1976194,1.50764465332031,1.34564208984375,16
-116.950534962263,49.3502257408094,2010-08-07,19,291.281707763672,279.059494018555,82777.6171875,2230606,1.36563110351562,1.03373146057129,16
-116.950534962263,49.3502257408094,2010-08-07,20,291.925491333008,279.451751708984,82765.02734375,2515626,1.50299072265625,1.09737396240234,16
-116.850534504834,49.3502257408094,2010-08-07,17,292.472457885742,281.065338134766,84708.0546875,2078540,1.20426940917969,1.4255256652832,17
-116.850534504834,49.3502257408094,2010-08-07,18,292.711898803711,280.54313659668,84730.6875,2005066,1.43733215332031,1.29632568359375,17
-116.850534504834,49.3502257408094,2010-08-07,19,292.879364013672,280.524337768555,84761.6171875,2227936,1.32070922851562,1.00248146057129,17
-116.850534504834,49.3502257408094,2010-08-07,20,293.599319458008,280.818939208984,84744.02734375,2538816,1.39361572265625,1.07881927490234,17
-116.750534047406,49.3502257408094,2010-08-07,17,294.015426635742,282.245025634766,86391.0546875,2085862,1.14762878417969,1.3967170715332,18
-116.750534047406,49.3502257408094,2010-08-07,18,294.299789428711,281.64860534668,86412.6875,2033960,1.36701965332031,1.24798583984375,18
-116.750534047406,49.3502257408094,2010-08-07,19,294.436004638672,281.381759643555,86443.6171875,2225210,1.27481079101562,0.971719741821289,18
-116.750534047406,49.3502257408094,2010-08-07,20,295.263381958008,281.522064208984,86422.02734375,2561964,1.28424072265625,1.06124114990234,18
-116.650533589978,49.3502257408094,2010-08-07,17,293.433395385742,282.123931884766,85811.0546875,2092412,1.13493347167969,1.3957405090332,19
-116.650533589978,49.3502257408094,2010-08-07,18,293.741195678711,281.52751159668,85830.6875,2063642,1.33967590332031,1.23480224609375,19
-116.650533589978,49.3502257408094,2010-08-07,19,293.834442138672,281.096603393555,85861.6171875,2219300,1.26113891601562,0.971719741821289,19
-116.650533589978,49.3502257408094,2010-08-07,20,294.712600708008,281.190032958984,85841.02734375,2583826,1.23541259765625,1.07491302490234,19
-116.55053313255,49.3502257408094,2010-08-07,17,291.700973510742,281.176666259766,83965.0546875,2096478,1.17106628417969,1.4465217590332,20
-116.55053313255,49.3502257408094,2010-08-07,18,292.014633178711,280.65055847168,83982.6875,2095558,1.36604309082031,1.29437255859375,20
-116.55053313255,49.3502257408094,2010-08-07,19,292.064910888672,280.151290893555,84013.6171875,2207950,1.28262329101562,1.03324317932129,20
-116.55053313255,49.3502257408094,2010-08-07,20,292.950881958008,280.266204833984,83997.02734375,2604530,1.26275634765625,1.15401458740234,20
-116.950534962263,49.0502243685248,2011-07-09,17,283.822326660156,270.559188842773,81996.671875,2499126,1.90032958984375,0.0135650634765625,1
-116.950534962263,49.0502243685248,2011-07-09,18,284.894515991211,270.585311889648,82003.0078125,2837876,2.22216796875,0.019927978515625,1
-116.950534962263,49.0502243685248,2011-07-09,19,285.883514404297,270.750198364258,82063.1640625,3018316,2.7435302734375,0.0030670166015625,1
-116.950534962263,49.0502243685248,2011-07-09,20,286.519149780273,270.558624267578,82056.18359375,2762160,2.80482482910156,0.109893798828125,1
-116.850534504834,49.0502243685248,2011-07-09,17,283.527404785156,270.242782592773,81646.671875,2501946,1.73236083984375,0.199111938476562,2
-116.850534504834,49.0502243685248,2011-07-09,18,284.650375366211,270.270858764648,81656.0078125,2853148,2.05126953125,0.158599853515625,2
-116.850534504834,49.0502243685248,2011-07-09,19,285.742889404297,270.258010864258,81717.1640625,3047690,2.6077880859375,0.0929107666015625,2
-116.850534504834,49.0502243685248,2011-07-09,20,286.427352905273,270.050811767578,81709.18359375,2768308,2.68275451660156,0.149932861328125,2
-116.750534047406,49.0502243685248,2011-07-09,17,285.785217285156,271.965438842773,84475.671875,2504772,1.56243896484375,0.385635375976562,3
-116.750534047406,49.0502243685248,2011-07-09,18,286.958969116211,271.931015014648,84474.0078125,2868230,1.88037109375,0.298248291015625,3
-116.750534047406,49.0502243685248,2011-07-09,19,288.156951904297,271.658401489258,84526.1640625,3076588,2.4691162109375,0.184707641601562,3
-116.750534047406,49.0502243685248,2011-07-09,20,288.896102905273,271.410186767578,84505.18359375,2774780,2.55970764160156,0.188995361328125,3
-116.650533589978,49.0502243685248,2011-07-09,17,288.466857910156,274.045516967773,87869.671875,2507310,1.43157958984375,0.576065063476562,4
-116.650533589978,49.0502243685248,2011-07-09,18,289.681625366211,273.950546264648,87854.0078125,2883252,1.74755859375,0.448638916015625,4
-116.650533589978,49.0502243685248,2011-07-09,19,290.955780029297,273.461135864258,87894.1640625,3105296,2.3529052734375,0.289199829101562,4
-116.650533589978,49.0502243685248,2011-07-09,20,291.759384155273,273.134796142578,87860.18359375,2784372,2.46595764160156,0.244659423828125,4
-116.55053313255,49.0502243685248,2011-07-09,17,290.103576660156,275.358016967773,90089.671875,2508776,1.44720458984375,0.781143188476562,5
-116.55053313255,49.0502243685248,2011-07-09,18,291.332015991211,275.284530639648,90067.0078125,2898308,1.75732421875,0.639068603515625,5
-116.55053313255,49.0502243685248,2011-07-09,19,292.574920654297,274.824417114258,90102.1640625,3133866,2.3265380859375,0.442520141601562,5
-116.55053313255,49.0502243685248,2011-07-09,20,293.466415405273,274.314483642578,90056.18359375,2805546,2.48353576660156,0.360870361328125,5
-116.950534962263,49.150224825953,2011-07-09,17,284.029357910156,271.139266967773,82477.671875,2500452,1.80364990234375,-0.0635833740234375,6
-116.950534962263,49.150224825953,2011-07-09,18,285.121078491211,271.087265014648,82480.0078125,2796880,2.21337890625,-0.087493896484375,6
-116.950534962263,49.150224825953,2011-07-09,19,286.088592529297,271.320510864258,82537.1640625,2928676,2.6741943359375,-0.138534545898438,6
-116.950534962263,49.150224825953,2011-07-09,20,286.626571655273,271.195343017578,82532.18359375,2606650,2.67982482910156,-0.030731201171875,6
-116.850534504834,49.150224825953,2011-07-09,17,283.904357910156,270.986923217773,82383.671875,2502702,1.67572021484375,0.106338500976562,7
-116.850534504834,49.150224825953,2011-07-09,18,285.029281616211,270.989608764648,82389.0078125,2815018,2.06884765625,0.044342041015625,7
-116.850534504834,49.150224825953,2011-07-09,19,286.106170654297,271.101760864258,82445.1640625,2965452,2.5882568359375,-0.0643157958984375,7
-116.850534504834,49.150224825953,2011-07-09,20,286.655868530273,270.947296142578,82438.18359375,2608508,2.58216857910156,0.003448486328125,7
-116.750534047406,49.150224825953,2011-07-09,17,285.976623535156,272.662704467773,84942.671875,2505046,1.54193115234375,0.279190063476562,8
-116.750534047406,49.150224825953,2011-07-09,18,287.119125366211,272.653671264648,84939.0078125,2832652,1.91943359375,0.176177978515625,8
-116.750534047406,49.150224825953,2011-07-09,19,288.295623779297,272.593948364258,84986.1640625,3000988,2.4935302734375,0.0128326416015625,8
-116.750534047406,49.150224825953,2011-07-09,20,288.857040405273,272.380889892578,84971.18359375,2611128,2.48060607910156,0.037628173828125,8
-116.650533589978,49.150224825953,2011-07-09,17,287.800842285156,274.164657592773,87278.671875,2507110,1.45404052734375,0.455947875976562,9
-116.650533589978,49.150224825953,2011-07-09,18,288.953109741211,274.186874389648,87269.0078125,2851356,1.81201171875,0.319732666015625,9
-116.650533589978,49.150224825953,2011-07-09,19,290.213592529297,274.009963989258,87307.1640625,3038816,2.4349365234375,0.100723266601562,9
-116.650533589978,49.150224825953,2011-07-09,20,290.788681030273,273.738311767578,87283.18359375,2616512,2.41517639160156,0.088409423828125,9
-116.55053313255,49.150224825953,2011-07-09,17,288.957092285156,274.940048217773,88750.671875,2509026,1.48626708984375,0.667861938476562,10
-116.55053313255,49.150224825953,2011-07-09,18,290.126937866211,274.979843139648,88736.0078125,2870762,1.82861328125,0.513092041015625,10
-116.55053313255,49.150224825953,2011-07-09,19,291.412811279297,274.773635864258,88771.1640625,3076214,2.4388427734375,0.255020141601562,10
-116.55053313255,49.150224825953,2011-07-09,20,292.062118530273,274.378936767578,88739.18359375,2639168,2.45228576660156,0.207550048828125,10
-116.950534962263,49.2502252833812,2011-07-09,17,283.925842285156,271.522079467773,82543.671875,2501858,1.69818115234375,-0.138778686523438,11
-116.950534962263,49.2502252833812,2011-07-09,18,285.027328491211,271.393905639648,82544.0078125,2755166,2.20068359375,-0.192962646484375,11
-116.950534962263,49.2502252833812,2011-07-09,19,285.967498779297,271.687698364258,82597.1640625,2837296,2.5931396484375,-0.277206420898438,11
-116.950534962263,49.2502252833812,2011-07-09,20,286.405868530273,271.632843017578,82594.18359375,2452018,2.54798889160156,-0.169403076171875,11
-116.850534504834,49.2502252833812,2011-07-09,17,285.423889160156,272.775985717773,84485.671875,2503498,1.61712646484375,0.0155181884765625,12
-116.850534504834,49.2502252833812,2011-07-09,18,286.525375366211,272.725936889648,84482.0078125,2776602,2.08349609375,-0.069915771484375,12
-116.850534504834,49.2502252833812,2011-07-09,19,287.571014404297,272.955276489258,84529.1640625,2882574,2.5648193359375,-0.220565795898438,12
-116.850534504834,49.2502252833812,2011-07-09,20,287.976181030273,272.832061767578,84521.18359375,2448970,2.47865295410156,-0.142059326171875,12
-116.750534047406,49.2502252833812,2011-07-09,17,286.189514160156,274.338485717773,86188.671875,2505238,1.52630615234375,0.171768188476562,13
-116.750534047406,49.2502252833812,2011-07-09,18,287.216781616211,274.263046264648,86182.0078125,2797360,1.96044921875,0.055084228515625,13
-116.750534047406,49.2502252833812,2011-07-09,19,288.360076904297,274.218948364258,86220.1640625,2926158,2.5247802734375,-0.160995483398438,13
-116.750534047406,49.2502252833812,2011-07-09,20,288.665634155273,274.210968017578,86209.18359375,2446924,2.40443420410156,-0.113739013671875,13
-116.650533589978,49.2502252833812,2011-07-09,17,286.752014160156,276.108016967773,87901.671875,2506958,1.43939208984375,0.328994750976562,14
-116.650533589978,49.2502252833812,2011-07-09,18,287.673812866211,275.979843139648,87892.0078125,2818214,1.84130859375,0.181060791015625,14
-116.650533589978,49.2502252833812,2011-07-09,19,288.903045654297,275.588088989258,87922.1640625,2969936,2.4876708984375,-0.0994720458984375,14
-116.650533589978,49.2502252833812,2011-07-09,20,289.075790405273,275.769561767578,87907.18359375,2445172,2.33216857910156,-0.083465576171875,14
-116.55053313255,49.2502252833812,2011-07-09,17,286.771545410156,274.135360717773,86453.671875,2509068,1.57220458984375,0.564346313476562,15
-116.55053313255,49.2502252833812,2011-07-09,18,287.822250366211,274.245468139648,86452.0078125,2843348,1.94580078125,0.405670166015625,15
-116.55053313255,49.2502252833812,2011-07-09,19,289.086639404297,274.201370239258,86490.1640625,3018468,2.5765380859375,0.0880279541015625,15
-116.55053313255,49.2502252833812,2011-07-09,20,289.454696655273,273.994171142578,86475.18359375,2478040,2.45814514160156,0.077667236328125,15
-116.950534962263,49.3502257408094,2011-07-09,17,284.066467285156,271.617782592773,82837.671875,2480238,1.65716552734375,-0.130966186523438,16
-116.950534962263,49.3502257408094,2011-07-09,18,285.148422241211,271.544296264648,82837.0078125,2686654,2.04443359375,-0.155853271484375,16
-116.950534962263,49.3502257408094,2011-07-09,19,285.987030029297,272.107620239258,82890.1640625,2703506,2.3577880859375,-0.233261108398438,16
-116.950534962263,49.3502257408094,2011-07-09,20,286.417587280273,272.074249267578,82887.18359375,2340850,2.27748107910156,-0.156707763671875,16
-116.850534504834,49.3502257408094,2011-07-09,17,285.679748535156,272.897079467773,84867.671875,2483702,1.60638427734375,-0.0001068115234375,17
-116.850534504834,49.3502257408094,2011-07-09,18,286.759750366211,272.870468139648,84863.0078125,2711148,1.95361328125,-0.040618896484375,17
-116.850534504834,49.3502257408094,2011-07-09,19,287.719451904297,273.351760864258,84909.1640625,2754698,2.3743896484375,-0.184432983398438,17
-116.850534504834,49.3502257408094,2011-07-09,20,288.101181030273,273.281280517578,84902.18359375,2341886,2.25306701660156,-0.117645263671875,17
-116.750534047406,49.3502257408094,2011-07-09,17,286.250061035156,274.600204467773,86586.671875,2487186,1.55364990234375,0.130752563476562,18
-116.750534047406,49.3502257408094,2011-07-09,18,287.177719116211,274.571640014648,86578.0078125,2735630,1.86279296875,0.075592041015625,18
-116.750534047406,49.3502257408094,2011-07-09,19,288.223358154297,274.677932739258,86616.1640625,2805928,2.3919677734375,-0.135604858398438,18
-116.750534047406,49.3502257408094,2011-07-09,20,288.442977905273,274.841827392578,86608.18359375,2342842,2.22865295410156,-0.078582763671875,18
-116.650533589978,49.3502257408094,2011-07-09,17,285.660217285156,274.522079467773,85977.671875,2491222,1.54779052734375,0.276260375976562,19
-116.650533589978,49.3502257408094,2011-07-09,18,286.541000366211,274.581405639648,85974.0078125,2761874,1.82470703125,0.209381103515625,19
-116.650533589978,49.3502257408094,2011-07-09,19,287.662811279297,274.595901489258,86012.1640625,2859348,2.4359130859375,-0.0604095458984375,19
-116.650533589978,49.3502257408094,2011-07-09,20,287.845321655273,274.757843017578,86005.18359375,2352958,2.24916076660156,-0.012176513671875,19
-116.55053313255,49.3502257408094,2011-07-09,17,285.119201660156,272.512313842773,84065.671875,2495210,1.61029052734375,0.458877563476562,20
-116.55053313255,49.3502257408094,2011-07-09,18,286.160140991211,272.710311889648,84073.0078125,2789594,1.86767578125,0.379302978515625,20
-116.55053313255,49.3502257408094,2011-07-09,19,287.383514404297,273.006057739258,84117.1640625,2913568,2.5072021484375,0.0626373291015625,20
-116.55053313255,49.3502257408094,2011-07-09,20,287.694931030273,272.839874267578,84112.18359375,2376796,2.33021545410156,0.097198486328125,20
-116.950534962263,49.0502243685248,2011-08-10,17,289.363845825195,275.048416137695,82196.03125,2076034,0.0006561279296875,1.49845218658447,1
-116.950534962263,49.0502243685248,2011-08-10,18,290.520065307617,274.957244873047,82201.03515625,2589450,0.0334930419921875,1.69055461883545,1
-116.950534962263,49.0502243685248,2011-08-10,19,291.515625,274.291915893555,82213.13671875,2955692,-0.132766723632812,1.76615238189697,1
-116.950534962263,49.0502243685248,2011-08-10,20,292.073272705078,273.946060180664,82159.64453125,2968006,-0.104476928710938,1.88745307922363,1
-116.850534504834,49.0502243685248,2011-08-10,17,288.783767700195,274.526931762695,81864.03125,2049078,-0.102859497070312,1.50626468658447,2
-116.850534504834,49.0502243685248,2011-08-10,18,289.982955932617,274.521697998047,81872.03515625,2580364,-0.0866241455078125,1.68762493133545,2
-116.850534504834,49.0502243685248,2011-08-10,19,291.017578125,273.752853393555,81887.13671875,2954446,-0.209915161132812,1.74466800689697,2
-116.850534504834,49.0502243685248,2011-08-10,20,291.573272705078,273.377700805664,81833.64453125,2977456,-0.189437866210938,1.84448432922363,2
-116.750534047406,49.0502243685248,2011-08-10,17,290.924392700195,276.390213012695,84657.03125,2022330,-0.209304809570312,1.51212406158447,3
-116.750534047406,49.0502243685248,2011-08-10,18,292.152877807617,276.422088623047,84657.03515625,2571440,-0.207717895507812,1.68371868133545,3
-116.750534047406,49.0502243685248,2011-08-10,19,293.216796875,275.477462768555,84663.13671875,2953320,-0.288040161132812,1.72123050689697,3
-116.750534047406,49.0502243685248,2011-08-10,20,293.770538330078,275.045669555664,84603.64453125,2987036,-0.275375366210938,1.79760932922363,3
-116.650533589978,49.0502243685248,2011-08-10,17,293.588455200195,278.608963012695,88004.03125,1994904,-0.264968872070312,1.51017093658447,4
-116.650533589978,49.0502243685248,2011-08-10,18,294.838424682617,278.640838623047,87992.03515625,2562084,-0.271194458007812,1.67492961883545,4
-116.650533589978,49.0502243685248,2011-08-10,19,295.9296875,277.522384643555,87988.13671875,2951842,-0.312454223632812,1.70072269439697,4
-116.650533589978,49.0502243685248,2011-08-10,20,296.489288330078,277.031997680664,87920.64453125,2997872,-0.304672241210938,1.76049995422363,4
-116.55053313255,49.0502243685248,2011-08-10,17,295.414627075195,279.737869262695,90192.03125,1964872,-0.131179809570312,1.48478031158447,5
-116.55053313255,49.0502243685248,2011-08-10,18,296.662643432617,279.707244873047,90172.03515625,2550948,-0.119827270507812,1.65051555633545,5
-116.55053313255,49.0502243685248,2011-08-10,19,297.794921875,278.489181518555,90160.13671875,2948914,-0.142532348632812,1.68900394439697,5
-116.55053313255,49.0502243685248,2011-08-10,20,298.379913330078,277.965591430664,90086.64453125,3013108,-0.124008178710938,1.76049995422363,5
-116.950534962263,49.150224825953,2011-08-10,17,289.904861450195,275.556228637695,82665.03125,2047246,0.0104217529296875,1.36759281158447,6
-116.950534962263,49.150224825953,2011-08-10,18,291.053268432617,275.437713623047,82668.03515625,2582752,0.0520477294921875,1.53332805633545,6
-116.950534962263,49.150224825953,2011-08-10,19,292.03125,274.786056518555,82679.13671875,2948652,-0.123001098632812,1.63333988189697,6
-116.950534962263,49.150224825953,2011-08-10,20,292.637725830078,274.608169555664,82622.64453125,2988330,-0.0761566162109375,1.75659370422363,6
-116.850534504834,49.150224825953,2011-08-10,17,289.565017700195,275.343338012695,82587.03125,2016902,-0.0628204345703125,1.39591312408447,7
-116.850534504834,49.150224825953,2011-08-10,18,290.742721557617,275.306854248047,82591.03515625,2569724,-0.0319366455078125,1.55285930633545,7
-116.850534504834,49.150224825953,2011-08-10,19,291.751953125,274.584884643555,82603.13671875,2945156,-0.175735473632812,1.64505863189697,7
-116.850534504834,49.150224825953,2011-08-10,20,292.354522705078,274.317153930664,82546.64453125,2995098,-0.133773803710938,1.76342964172363,7
-116.750534047406,49.150224825953,2011-08-10,17,291.533767700195,277.085525512695,85113.03125,1987174,-0.140945434570312,1.42032718658447,8
-116.750534047406,49.150224825953,2011-08-10,18,292.748580932617,277.080291748047,85110.03515625,2557344,-0.121780395507812,1.56750774383545,8
-116.750534047406,49.150224825953,2011-08-10,19,293.791015625,276.217697143555,85113.13671875,2942098,-0.232376098632812,1.64994144439697,8
-116.750534047406,49.150224825953,2011-08-10,20,294.391632080078,275.842544555664,85051.64453125,3002304,-0.197250366210938,1.76342964172363,8
-116.650533589978,49.150224825953,2011-08-10,17,293.365798950195,278.634353637695,87421.03125,1956184,-0.171218872070312,1.44278812408447,9
-116.650533589978,49.150224825953,2011-08-10,18,294.582565307617,278.650604248047,87409.03515625,2543640,-0.157913208007812,1.58508586883545,9
-116.650533589978,49.150224825953,2011-08-10,19,295.65234375,277.672775268555,87406.13671875,2938192,-0.243118286132812,1.66263675689697,9
-116.650533589978,49.150224825953,2011-08-10,20,296.251007080078,277.178482055664,87337.64453125,3009772,-0.208969116210938,1.77905464172363,9
-116.55053313255,49.150224825953,2011-08-10,17,294.637283325195,279.185134887695,88877.03125,1925290,-0.0716094970703125,1.43497562408447,10
-116.55053313255,49.150224825953,2011-08-10,18,295.897018432617,279.123260498047,88860.03515625,2529820,-0.0514678955078125,1.57824993133545,10
-116.55053313255,49.150224825953,2011-08-10,19,297.0234375,278.010665893555,88851.13671875,2934452,-0.126907348632812,1.65677738189697,10
-116.55053313255,49.150224825953,2011-08-10,20,297.659210205078,277.424575805664,88778.64453125,3021782,-0.0820159912109375,1.78198432922363,10
-116.950534962263,49.2502252833812,2011-08-10,17,290.084548950195,275.692947387695,82727.03125,2019112,0.0133514404296875,1.23185062408447,11
-116.950534962263,49.2502252833812,2011-08-10,18,291.229049682617,275.552947998047,82729.03515625,2576812,0.0637664794921875,1.37024211883545,11
-116.950534962263,49.2502252833812,2011-08-10,19,292.19140625,274.909103393555,82739.13671875,2942060,-0.118118286132812,1.49271488189697,11
-116.950534962263,49.2502252833812,2011-08-10,20,292.848663330078,274.908950805664,82681.64453125,3009288,-0.0527191162109375,1.61499214172363,11
-116.850534504834,49.2502252833812,2011-08-10,17,291.586502075195,277.124588012695,84644.03125,1985002,-0.0237579345703125,1.28360843658447,12
-116.850534504834,49.2502252833812,2011-08-10,18,292.746627807617,277.015838623047,84640.03515625,2559390,0.0188446044921875,1.41516399383545,12
-116.850534504834,49.2502252833812,2011-08-10,19,293.736328125,276.295822143555,84646.13671875,2936010,-0.143508911132812,1.54154300689697,12
-116.850534504834,49.2502252833812,2011-08-10,20,294.389678955078,276.117935180664,84582.64453125,3012858,-0.0810394287109375,1.68042182922363,12
-116.750534047406,49.2502252833812,2011-08-10,17,292.986892700195,278.054275512695,86329.03125,1951654,-0.0677032470703125,1.33048343658447,13
-116.750534047406,49.2502252833812,2011-08-10,18,294.188034057617,277.970916748047,86319.03515625,2542856,-0.0319366455078125,1.45520305633545,13
-116.750534047406,49.2502252833812,2011-08-10,19,295.22265625,277.127853393555,86320.13671875,2930510,-0.174758911132812,1.58255863189697,13
-116.750534047406,49.2502252833812,2011-08-10,20,295.879913330078,276.754653930664,86252.64453125,3017122,-0.115219116210938,1.73413276672363,13
-116.650533589978,49.2502252833812,2011-08-10,17,294.440017700195,278.905838012695,88024.03125,1918232,-0.107742309570312,1.37638187408447,14
-116.650533589978,49.2502252833812,2011-08-10,18,295.674362182617,278.849822998047,88009.03515625,2526238,-0.0797882080078125,1.49426555633545,14
-116.650533589978,49.2502252833812,2011-08-10,19,296.759765625,277.873947143555,88005.13671875,2924978,-0.203079223632812,1.62259769439697,14
-116.650533589978,49.2502252833812,2011-08-10,20,297.418975830078,277.297622680664,87933.64453125,3021410,-0.146469116210938,1.78882026672363,14
-116.55053313255,49.2502252833812,2011-08-10,17,293.031814575195,278.124588012695,86621.03125,1885396,0.0426483154296875,1.37540531158447,15
-116.55053313255,49.2502252833812,2011-08-10,18,294.262252807617,278.054901123047,86611.03515625,2508330,0.0774383544921875,1.49817180633545,15
-116.55053313255,49.2502252833812,2011-08-10,19,295.349609375,277.141525268555,86609.13671875,2919824,-0.0556182861328125,1.62259769439697,15
-116.55053313255,49.2502252833812,2011-08-10,20,296.016632080078,276.561294555664,86539.64453125,3031844,0.0214996337890625,1.80737495422363,15
-116.950534962263,49.3502257408094,2011-08-10,17,290.412673950195,275.862869262695,83016.03125,1992526,0.0494842529296875,1.15860843658447,16
-116.950534962263,49.3502257408094,2011-08-10,18,291.549362182617,275.715057373047,83017.03515625,2558276,0.0998992919921875,1.30578899383545,16
-116.950534962263,49.3502257408094,2011-08-10,19,292.490234375,275.192306518555,83026.13671875,2929996,-0.0644073486328125,1.45365238189697,16
-116.950534962263,49.3502257408094,2011-08-10,20,293.126007080078,275.110122680664,82966.64453125,3004350,0.0058746337890625,1.54956245422363,16
-116.850534504834,49.3502257408094,2011-08-10,17,292.117752075195,277.343338012695,85017.03125,1959292,0.0465545654296875,1.21622562408447,17
-116.850534504834,49.3502257408094,2011-08-10,18,293.277877807617,277.203338623047,85011.03515625,2538970,0.0901336669921875,1.35852336883545,17
-116.850534504834,49.3502257408094,2011-08-10,19,294.26171875,276.565353393555,85016.13671875,2922924,-0.0653839111328125,1.51517581939697,17
-116.850534504834,49.3502257408094,2011-08-10,20,294.893585205078,276.319107055664,84950.64453125,3006634,0.0078277587890625,1.62085151672363,17
-116.750534047406,49.3502257408094,2011-08-10,17,293.744705200195,278.110916137695,86715.03125,1925994,0.0426483154296875,1.27384281158447,18
-116.750534047406,49.3502257408094,2011-08-10,18,294.953659057617,277.955291748047,86704.03515625,2519744,0.0793914794921875,1.41028118133545,18
-116.750534047406,49.3502257408094,2011-08-10,19,296.005859375,277.135665893555,86702.13671875,2915804,-0.0673370361328125,1.57474613189697,18
-116.750534047406,49.3502257408094,2011-08-10,20,296.653350830078,276.672622680664,86633.64453125,3008932,0.0107574462890625,1.69116401672363,18
-116.650533589978,49.3502257408094,2011-08-10,17,293.082595825195,277.759353637695,86136.03125,1893208,0.0690155029296875,1.31681156158447,19
-116.650533589978,49.3502257408094,2011-08-10,18,294.305221557617,277.644744873047,86126.03515625,2499990,0.0998992919921875,1.45032024383545,19
-116.650533589978,49.3502257408094,2011-08-10,19,295.380859375,276.784103393555,86126.13671875,2908620,-0.0458526611328125,1.61966800689697,19
-116.650533589978,49.3502257408094,2011-08-10,20,296.028350830078,276.213638305664,86058.64453125,3012376,0.0400543212890625,1.74780464172363,19
-116.55053313255,49.3502257408094,2011-08-10,17,291.197830200195,276.722244262695,84282.03125,1860792,0.137374877929688,1.33243656158447,20
-116.55053313255,49.3502257408094,2011-08-10,18,292.412643432617,276.654510498047,84279.03515625,2480220,0.164352416992188,1.46789836883545,20
-116.55053313255,49.3502257408094,2011-08-10,19,293.482421875,275.858322143555,84284.13671875,2901818,0.0098114013671875,1.63333988189697,20
-116.55053313255,49.3502257408094,2011-08-10,20,294.131866455078,275.252700805664,84220.64453125,3018462,0.110366821289062,1.78198432922363,20
-116.950534962263,49.0502243685248,2011-08-26,17,293.957046508789,274.078826904297,82708.17578125,1949892,0.309249877929688,1.02433776855469,1
-116.950534962263,49.0502243685248,2011-08-26,18,295.292922973633,274.016677856445,82715.51171875,2424652,0.863128662109375,1.33270263671875,1
-116.950534962263,49.0502243685248,2011-08-26,19,295.70832824707,274.336883544922,82750.82421875,2751748,1.22738647460938,1.18475341796875,1
-116.950534962263,49.0502243685248,2011-08-26,20,296.495269775391,274.183364868164,82717.44140625,2810232,1.53608703613281,1.06629943847656,1
-116.850534504834,49.0502243685248,2011-08-26,17,293.367202758789,273.676483154297,82379.17578125,1953482,0.0514373779296875,0.991134643554688,2
-116.850534504834,49.0502243685248,2011-08-26,18,294.841751098633,273.563552856445,82388.51171875,2427178,0.486175537109375,1.33758544921875,2
-116.850534504834,49.0502243685248,2011-08-26,19,295.33137512207,273.915008544922,82423.82421875,2754458,0.864105224609375,1.22479248046875,2
-116.850534504834,49.0502243685248,2011-08-26,20,296.165191650391,273.855239868164,82390.44140625,2802320,1.18257141113281,1.12489318847656,2
-116.750534047406,49.0502243685248,2011-08-26,17,295.468765258789,275.506561279297,85143.17578125,1957114,-0.210281372070312,0.955978393554688,3
-116.750534047406,49.0502243685248,2011-08-26,18,297.029251098633,275.305740356445,85141.51171875,2429754,0.106292724609375,1.34051513671875,3
-116.750534047406,49.0502243685248,2011-08-26,19,297.59114074707,275.684539794922,85171.82421875,2757186,0.494964599609375,1.26385498046875,3
-116.750534047406,49.0502243685248,2011-08-26,20,298.469879150391,275.698989868164,85128.44140625,2794470,0.824172973632812,1.18251037597656,3
-116.650533589978,49.0502243685248,2011-08-26,17,298.068374633789,277.731170654297,88456.17578125,1960538,-0.417312622070312,0.929611206054688,4
-116.650533589978,49.0502243685248,2011-08-26,18,299.687454223633,277.461990356445,88439.51171875,2432114,-0.183746337890625,1.35028076171875,4
-116.650533589978,49.0502243685248,2011-08-26,19,300.30207824707,277.852508544922,88465.82421875,2759524,0.210784912109375,1.30291748046875,4
-116.650533589978,49.0502243685248,2011-08-26,20,301.206207275391,277.921646118164,88410.44140625,2786540,0.545852661132812,1.24012756347656,4
-116.55053313255,49.0502243685248,2011-08-26,17,299.792984008789,279.207733154297,90622.17578125,1963176,-0.415359497070312,0.939376831054688,5
-116.55053313255,49.0502243685248,2011-08-26,18,301.394485473633,278.989334106445,90594.51171875,2433652,-0.136871337890625,1.38543701171875,5
-116.55053313255,49.0502243685248,2011-08-26,19,301.98371887207,279.344696044922,90618.82421875,2760404,0.241058349609375,1.34490966796875,5
-116.55053313255,49.0502243685248,2011-08-26,20,302.846832275391,279.415786743164,90557.44140625,2778260,0.563430786132812,1.30360412597656,5
-116.950534962263,49.150224825953,2011-08-26,17,294.117202758789,274.793670654297,83177.17578125,1948040,0.0729217529296875,0.935470581054688,6
-116.950534962263,49.150224825953,2011-08-26,18,295.486282348633,274.741287231445,83182.51171875,2421236,0.755706787109375,1.27606201171875,6
-116.950534962263,49.150224825953,2011-08-26,19,295.91145324707,275.047821044922,83218.82421875,2748448,1.13949584960938,1.14959716796875,6
-116.950534962263,49.150224825953,2011-08-26,20,296.680816650391,274.958755493164,83183.44140625,2799684,1.45796203613281,1.01649475097656,6
-116.850534504834,49.150224825953,2011-08-26,17,293.806655883789,274.703826904297,83098.17578125,1950854,-0.105789184570312,0.947189331054688,7
-116.850534504834,49.150224825953,2011-08-26,18,295.251907348633,274.620193481445,83103.51171875,2422888,0.461761474609375,1.30535888671875,7
-116.850534504834,49.150224825953,2011-08-26,19,295.72395324707,274.971649169922,83138.82421875,2750280,0.859222412109375,1.20428466796875,7
-116.850534504834,49.150224825953,2011-08-26,20,296.532379150391,274.984146118164,83102.44140625,2790738,1.17475891113281,1.08485412597656,7
-116.750534047406,49.150224825953,2011-08-26,17,295.835952758789,276.348358154297,85601.17578125,1953796,-0.297195434570312,0.950119018554688,8
-116.750534047406,49.150224825953,2011-08-26,18,297.320266723633,276.190505981445,85595.51171875,2424682,0.153167724609375,1.32977294921875,8
-116.750534047406,49.150224825953,2011-08-26,19,297.84504699707,276.577117919922,85626.82421875,2752258,0.565277099609375,1.25701904296875,8
-116.750534047406,49.150224825953,2011-08-26,20,298.696441650391,276.667739868164,85582.44140625,2781918,0.879837036132812,1.15126037597656,8
-116.650533589978,49.150224825953,2011-08-26,17,297.607437133789,277.959686279297,87887.17578125,1956472,-0.428054809570312,0.968673706054688,9
-116.650533589978,49.150224825953,2011-08-26,18,299.130813598633,277.784255981445,87870.51171875,2426166,-0.065582275390625,1.36492919921875,9
-116.650533589978,49.150224825953,2011-08-26,19,299.68879699707,278.194305419922,87896.82421875,2753794,0.354339599609375,1.31365966796875,9
-116.650533589978,49.150224825953,2011-08-26,20,300.565582275391,278.353286743164,87845.44140625,2772956,0.664993286132812,1.22157287597656,9
-116.55053313255,49.150224825953,2011-08-26,17,298.873062133789,278.363983154297,89331.17578125,1959226,-0.448562622070312,0.974533081054688,10
-116.55053313255,49.150224825953,2011-08-26,18,300.498001098633,278.149490356445,89305.51171875,2427810,-0.079254150390625,1.40106201171875,10
-116.55053313255,49.150224825953,2011-08-26,19,301.08332824707,278.551727294922,89330.82421875,2754880,0.327972412109375,1.36444091796875,10
-116.55053313255,49.150224825953,2011-08-26,20,301.969879150391,278.679458618164,89273.44140625,2765092,0.642532348632812,1.29676818847656,10
-116.950534962263,49.2502252833812,2011-08-26,17,293.929702758789,275.082733154297,83242.17578125,1946336,-0.180984497070312,0.837814331054688,11
-116.950534962263,49.2502252833812,2011-08-26,18,295.331985473633,275.049880981445,83247.51171875,2417978,0.632659912109375,1.21356201171875,11
-116.950534962263,49.2502252833812,2011-08-26,19,295.77864074707,275.344696044922,83282.82421875,2745264,1.03500366210938,1.11151123046875,11
-116.950534962263,49.2502252833812,2011-08-26,20,296.538238525391,275.316177368164,83248.44140625,2789426,1.36518859863281,0.965713500976562,11
-116.850534504834,49.2502252833812,2011-08-26,17,295.505874633789,276.414764404297,85146.17578125,1948268,-0.268875122070312,0.899337768554688,12
-116.850534504834,49.2502252833812,2011-08-26,18,296.927688598633,276.329177856445,85141.51171875,2418634,0.430511474609375,1.27020263671875,12
-116.850534504834,49.2502252833812,2011-08-26,19,297.39973449707,276.674774169922,85173.82421875,2746138,0.848480224609375,1.18280029296875,12
-116.850534504834,49.2502252833812,2011-08-26,20,298.196441650391,276.738052368164,85133.44140625,2779224,1.16206359863281,1.04481506347656,12
-116.750534047406,49.2502252833812,2011-08-26,17,296.910171508789,277.426483154297,86816.17578125,1950374,-0.375320434570312,0.950119018554688,13
-116.750534047406,49.2502252833812,2011-08-26,18,298.376907348633,277.301834106445,86804.51171875,2419470,0.210784912109375,1.32196044921875,13
-116.750534047406,49.2502252833812,2011-08-26,19,298.88410949707,277.706024169922,86832.82421875,2747220,0.644378662109375,1.25213623046875,13
-116.750534047406,49.2502252833812,2011-08-26,20,299.714019775391,277.855239868164,86785.44140625,2769274,0.943313598632812,1.12098693847656,13
-116.650533589978,49.2502252833812,2011-08-26,17,298.302749633789,278.502655029297,88496.17578125,1952476,-0.477859497070312,1.00187683105469,14
-116.650533589978,49.2502252833812,2011-08-26,18,299.808547973633,278.368240356445,88476.51171875,2420280,-0.003082275390625,1.37469482421875,14
-116.650533589978,49.2502252833812,2011-08-26,19,300.34700012207,278.829071044922,88500.82421875,2748290,0.446136474609375,1.32147216796875,14
-116.650533589978,49.2502252833812,2011-08-26,20,301.202301025391,279.070083618164,88447.44140625,2759322,0.731399536132812,1.19813537597656,14
-116.55053313255,49.2502252833812,2011-08-26,17,297.037124633789,277.686248779297,87106.17578125,1955132,-0.429031372070312,1.01359558105469,15
-116.55053313255,49.2502252833812,2011-08-26,18,298.529251098633,277.563552856445,87091.51171875,2421876,0.072113037109375,1.42156982421875,15
-116.55053313255,49.2502252833812,2011-08-26,19,299.04231262207,277.995086669922,87115.82421875,2749006,0.499847412109375,1.38201904296875,15
-116.55053313255,49.2502252833812,2011-08-26,20,299.891754150391,278.202896118164,87065.44140625,2752188,0.805618286132812,1.29286193847656,15
-116.950534962263,49.3502257408094,2011-08-26,17,294.005874633789,275.424530029297,83531.17578125,1944374,-0.262039184570312,0.818283081054688,16
-116.950534962263,49.3502257408094,2011-08-26,18,295.449172973633,275.249099731445,83535.51171875,2414518,0.542816162109375,1.21356201171875,16
-116.950534962263,49.3502257408094,2011-08-26,19,295.87825012207,275.528289794922,83570.82421875,2742266,0.954925537109375,1.15155029296875,16
-116.950534962263,49.3502257408094,2011-08-26,20,296.602691650391,275.482192993164,83536.44140625,2778006,1.26264953613281,1.02040100097656,16
-116.850534504834,49.3502257408094,2011-08-26,17,295.779312133789,276.803436279297,85520.17578125,1946178,-0.304031372070312,0.894454956054688,17
-116.850534504834,49.3502257408094,2011-08-26,18,297.206985473633,276.637771606445,85515.51171875,2414580,0.416839599609375,1.27215576171875,17
-116.850534504834,49.3502257408094,2011-08-26,19,297.65364074707,276.965789794922,85546.82421875,2743188,0.851409912109375,1.21502685546875,17
-116.850534504834,49.3502257408094,2011-08-26,20,298.407379150391,277.011489868164,85507.44140625,2768190,1.14448547363281,1.09266662597656,17
-116.750534047406,49.3502257408094,2011-08-26,17,297.363296508789,277.699920654297,87206.17578125,1947986,-0.345046997070312,0.969650268554688,18
-116.750534047406,49.3502257408094,2011-08-26,18,298.828079223633,277.549880981445,87191.51171875,2414650,0.290863037109375,1.33074951171875,18
-116.750534047406,49.3502257408094,2011-08-26,19,299.30403137207,277.946258544922,87220.82421875,2744108,0.747894287109375,1.28045654296875,18
-116.750534047406,49.3502257408094,2011-08-26,20,300.081207275391,278.073989868164,87174.44140625,2758372,1.02729797363281,1.16493225097656,18
-116.650533589978,49.3502257408094,2011-08-26,17,296.783218383789,277.371795654297,86631.17578125,1949898,-0.366531372070312,1.02629089355469,19
-116.650533589978,49.3502257408094,2011-08-26,18,298.246047973633,277.247146606445,86616.51171875,2414792,0.213714599609375,1.38153076171875,19
-116.650533589978,49.3502257408094,2011-08-26,19,298.72785949707,277.670867919922,86644.82421875,2744940,0.683441162109375,1.33807373046875,19
-116.650533589978,49.3502257408094,2011-08-26,20,299.526519775391,277.872817993164,86599.44140625,2749304,0.957962036132812,1.23719787597656,19
-116.55053313255,49.3502257408094,2011-08-26,17,295.021499633789,276.346405029297,84791.17578125,1952032,-0.367507934570312,1.04777526855469,20
-116.55053313255,49.3502257408094,2011-08-26,18,296.474563598633,276.225662231445,84784.51171875,2415344,0.192230224609375,1.41961669921875,20
-116.55053313255,49.3502257408094,2011-08-26,19,296.95442199707,276.641571044922,84810.82421875,2745592,0.653167724609375,1.38983154296875,20
-116.55053313255,49.3502257408094,2011-08-26,20,297.764801025391,276.866958618164,84770.44140625,2741398,0.941360473632812,1.31336975097656,20
-116.950534962263,49.0502243685248,2007-08-22,17,285.590362548828,273.767776489258,82590.21875,2039420,0.362503051757812,-0.58685302734375,1
-116.950534962263,49.0502243685248,2007-08-22,18,286.9189453125,273.573455810547,82566.8984375,2525348,0.591156005859375,-0.465147018432617,1
-116.950534962263,49.0502243685248,2007-08-22,19,287.904022216797,273.348495483398,82554.54296875,2896272,0.953033447265625,-0.677009582519531,1
-116.950534962263,49.0502243685248,2007-08-22,20,289.070327758789,272.354705810547,82531.1796875,2865528,1.27127075195312,-0.775012016296387,1
-116.850534504834,49.0502243685248,2007-08-22,17,285.244659423828,273.365432739258,82245.21875,2041986,0.240432739257812,-0.44134521484375,2
-116.850534504834,49.0502243685248,2007-08-22,18,286.5654296875,273.188690185547,82225.8984375,2527690,0.440765380859375,-0.287412643432617,2
-116.850534504834,49.0502243685248,2007-08-22,19,287.519256591797,273.119979858398,82215.54296875,2904698,0.746978759765625,-0.493415832519531,2
-116.850534504834,49.0502243685248,2007-08-22,20,288.703140258789,272.176971435547,82193.1796875,2892376,1.05838012695312,-0.609972953796387,2
-116.750534047406,49.0502243685248,2007-08-22,17,287.475128173828,275.336135864258,85080.21875,2044524,0.115432739257812,-0.29583740234375,3
-116.750534047406,49.0502243685248,2007-08-22,18,288.7490234375,275.102752685547,85049.8984375,2530156,0.285491943359375,-0.110654830932617,3
-116.750534047406,49.0502243685248,2007-08-22,19,289.655975341797,275.155136108398,85031.54296875,2913178,0.536041259765625,-0.311775207519531,3
-116.750534047406,49.0502243685248,2007-08-22,20,290.847671508789,274.204315185547,84997.1796875,2919312,0.841583251953125,-0.445910453796387,3
-116.650533589978,49.0502243685248,2007-08-22,17,290.176300048828,277.584182739258,88479.21875,2046942,0.0275421142578125,-0.16302490234375,4
-116.650533589978,49.0502243685248,2007-08-22,18,291.4111328125,277.284393310547,88434.8984375,2532090,0.177093505859375,0.0553607940673828,4
-116.650533589978,49.0502243685248,2007-08-22,19,292.267303466797,277.452011108398,88408.54296875,2920730,0.376861572265625,-0.137947082519531,4
-116.650533589978,49.0502243685248,2007-08-22,20,293.460952758789,276.473846435547,88358.1796875,2945038,0.678497314453125,-0.276965141296387,4
-116.55053313255,49.0502243685248,2007-08-22,17,291.996612548828,278.496292114258,90700.21875,2048920,0.0763702392578125,-0.07415771484375,5
-116.55053313255,49.0502243685248,2007-08-22,18,293.2568359375,278.118377685547,90646.8984375,2531944,0.244476318359375,0.178407669067383,5
-116.55053313255,49.0502243685248,2007-08-22,19,294.071990966797,278.397323608398,90616.54296875,2924796,0.407135009765625,0.00560760498046875,5
-116.55053313255,49.0502243685248,2007-08-22,20,295.265640258789,277.395721435547,90557.1796875,2965880,0.719512939453125,-0.0894651412963867,5
-116.950534962263,49.150224825953,2007-08-22,17,285.895050048828,274.347854614258,83076.21875,2035478,0.375198364257812,-0.58587646484375,6
-116.950534962263,49.150224825953,2007-08-22,18,287.1982421875,274.161346435547,83051.8984375,2518340,0.562835693359375,-0.454404830932617,6
-116.950534962263,49.150224825953,2007-08-22,19,288.116912841797,274.057479858398,83037.54296875,2886260,0.897369384765625,-0.691658020019531,6
-116.950534962263,49.150224825953,2007-08-22,20,289.308609008789,272.946502685547,83014.1796875,2892506,1.27517700195312,-0.792590141296387,6
-116.850534504834,49.150224825953,2007-08-22,17,285.795440673828,274.111526489258,82989.21875,2037452,0.311721801757812,-0.44036865234375,7
-116.850534504834,49.150224825953,2007-08-22,18,287.0830078125,273.946502685547,82964.8984375,2518526,0.485687255859375,-0.262998580932617,7
-116.850534504834,49.150224825953,2007-08-22,19,287.976287841797,273.987167358398,82952.54296875,2893640,0.777252197265625,-0.494392395019531,7
-116.850534504834,49.150224825953,2007-08-22,20,289.185562133789,272.954315185547,82928.1796875,2916848,1.14138793945312,-0.609972953796387,7
-116.750534047406,49.150224825953,2007-08-22,17,287.842315673828,275.806838989258,85554.21875,2039510,0.239456176757812,-0.29388427734375,8
-116.750534047406,49.150224825953,2007-08-22,18,289.1005859375,275.630096435547,85519.8984375,2519072,0.394866943359375,-0.0745220184326172,8
-116.750534047406,49.150224825953,2007-08-22,19,289.958709716797,275.784042358398,85500.54296875,2901190,0.642486572265625,-0.300056457519531,8
-116.750534047406,49.150224825953,2007-08-22,20,291.179702758789,274.770721435547,85464.1796875,2941620,0.993927001953125,-0.430285453796387,8
-116.650533589978,49.150224825953,2007-08-22,17,289.723175048828,277.175979614258,87896.21875,2041422,0.203323364257812,-0.15814208984375,9
-116.650533589978,49.150224825953,2007-08-22,18,290.9580078125,276.952362060547,87851.8984375,2518748,0.352874755859375,0.105165481567383,9
-116.650533589978,49.150224825953,2007-08-22,19,291.792694091797,277.223495483398,87826.54296875,2907766,0.561431884765625,-0.112556457519531,9
-116.650533589978,49.150224825953,2007-08-22,20,293.027359008789,276.190643310547,87778.1796875,2964114,0.901153564453125,-0.244738578796387,9
-116.55053313255,49.150224825953,2007-08-22,17,290.910675048828,278.056838989258,89372.21875,2043704,0.207229614257812,-0.06439208984375,10
-116.55053313255,49.150224825953,2007-08-22,18,292.1455078125,277.760955810547,89321.8984375,2517944,0.374359130859375,0.229188919067383,10
-116.55053313255,49.150224825953,2007-08-22,19,292.937225341797,278.092636108398,89293.54296875,2912468,0.542877197265625,0.0241622924804688,10
-116.55053313255,49.150224825953,2007-08-22,20,294.173843383789,277.110565185547,89237.1796875,2980658,0.886505126953125,-0.0689573287963867,10
-116.950534962263,49.2502252833812,2007-08-22,17,285.846221923828,274.595901489258,83148.21875,2031650,0.374221801757812,-0.58685302734375,11
-116.950534962263,49.2502252833812,2007-08-22,18,287.1279296875,274.417205810547,83122.8984375,2511760,0.518890380859375,-0.447568893432617,11
-116.950534962263,49.2502252833812,2007-08-22,19,287.976287841797,274.440292358398,83109.54296875,2876386,0.825103759765625,-0.708259582519531,11
-116.950534962263,49.2502252833812,2007-08-22,20,289.193374633789,273.216033935547,83086.1796875,2919966,1.26345825195312,-0.815051078796387,11
-116.850534504834,49.2502252833812,2007-08-22,17,287.455596923828,275.836135864258,85095.21875,2032962,0.378128051757812,-0.43841552734375,12
-116.850534504834,49.2502252833812,2007-08-22,18,288.6806640625,275.634002685547,85062.8984375,2509574,0.524749755859375,-0.240537643432617,12
-116.850534504834,49.2502252833812,2007-08-22,19,289.505584716797,275.766464233398,85044.54296875,2882546,0.801666259765625,-0.495368957519531,12
-116.850534504834,49.2502252833812,2007-08-22,20,290.738296508789,274.608612060547,85010.1796875,2941468,1.21853637695312,-0.611926078796387,12
-116.750534047406,49.2502252833812,2007-08-22,17,288.949737548828,276.521682739258,86803.21875,2034416,0.370315551757812,-0.29193115234375,13
-116.750534047406,49.2502252833812,2007-08-22,18,290.1904296875,276.270721435547,86763.8984375,2507818,0.514007568359375,-0.0364360809326172,13
-116.750534047406,49.2502252833812,2007-08-22,19,291.015350341797,276.500839233398,86740.54296875,2888950,0.758697509765625,-0.285408020019531,13
-116.750534047406,49.2502252833812,2007-08-22,20,292.281265258789,275.313690185547,86698.1796875,2963516,1.15505981445312,-0.412707328796387,13
-116.650533589978,49.2502252833812,2007-08-22,17,290.498565673828,277.009963989258,88522.21875,2035854,0.363479614257812,-0.14544677734375,14
-116.650533589978,49.2502252833812,2007-08-22,18,291.7783203125,276.686737060547,88475.8984375,2506004,0.506195068359375,0.165712356567383,14
-116.650533589978,49.2502252833812,2007-08-22,19,292.618865966797,277.010604858398,88447.54296875,2895268,0.719635009765625,-0.0764236450195312,14
-116.650533589978,49.2502252833812,2007-08-22,20,293.921890258789,275.731658935547,88395.1796875,2985342,1.09646606445312,-0.213488578796387,14
-116.55053313255,49.2502252833812,2007-08-22,17,289.275909423828,276.527542114258,87086.21875,2038526,0.367385864257812,-0.07025146484375,15
-116.55053313255,49.2502252833812,2007-08-22,18,290.5263671875,276.223846435547,87043.8984375,2503504,0.543304443359375,0.262392044067383,15
-116.55053313255,49.2502252833812,2007-08-22,19,291.316131591797,276.526229858398,87018.54296875,2899110,0.719635009765625,0.0280685424804688,15
-116.55053313255,49.2502252833812,2007-08-22,20,292.589859008789,275.458221435547,86971.1796875,2993310,1.10037231445312,-0.0464963912963867,15
-116.950534962263,49.3502257408094,2007-08-22,17,285.969268798828,274.890823364258,83449.21875,2026602,0.398635864257812,-0.51654052734375,16
-116.950534962263,49.3502257408094,2007-08-22,18,287.3017578125,274.567596435547,83421.8984375,2507966,0.523773193359375,-0.384092330932617,16
-116.950534962263,49.3502257408094,2007-08-22,19,288.097381591797,274.672714233398,83407.54296875,2841652,0.809478759765625,-0.620368957519531,16
-116.950534962263,49.3502257408094,2007-08-22,20,289.279312133789,273.469940185547,83384.1796875,2871948,1.19705200195312,-0.710558891296387,16
-116.850534504834,49.3502257408094,2007-08-22,17,287.688018798828,276.091995239258,85484.21875,2029030,0.433792114257812,-0.38177490234375,17
-116.850534504834,49.3502257408094,2007-08-22,18,289.0009765625,275.764862060547,85448.8984375,2505394,0.574554443359375,-0.195615768432617,17
-116.850534504834,49.3502257408094,2007-08-22,19,289.794647216797,275.936386108398,85428.54296875,2846132,0.829010009765625,-0.422126770019531,17
-116.850534504834,49.3502257408094,2007-08-22,20,290.994155883789,274.729705810547,85394.1796875,2890232,1.18630981445312,-0.514269828796387,17
-116.750534047406,49.3502257408094,2007-08-22,17,289.367706298828,276.496292114258,87209.21875,2031450,0.467971801757812,-0.24603271484375,18
-116.750534047406,49.3502257408094,2007-08-22,18,290.7119140625,276.081268310547,87164.8984375,2502826,0.624359130859375,-0.00616264343261719,18
-116.750534047406,49.3502257408094,2007-08-22,19,291.529022216797,276.293807983398,87139.54296875,2850666,0.848541259765625,-0.223884582519531,18
-116.750534047406,49.3502257408094,2007-08-22,20,292.773452758789,274.938690185547,87095.1796875,2908594,1.17654418945312,-0.318957328796387,18
-116.650533589978,49.3502257408094,2007-08-22,17,288.924346923828,276.076370239258,86609.21875,2034102,0.491409301757812,-0.12591552734375,19
-116.650533589978,49.3502257408094,2007-08-22,18,290.2646484375,275.704315185547,86566.8984375,2500008,0.665374755859375,0.159852981567383,19
-116.650533589978,49.3502257408094,2007-08-22,19,291.070037841797,275.973495483398,86541.54296875,2854328,0.856353759765625,-0.0529861450195312,19
-116.650533589978,49.3502257408094,2007-08-22,20,292.320327758789,274.721893310547,86498.1796875,2922936,1.16384887695312,-0.133410453796387,19
-116.55053313255,49.3502257408094,2007-08-22,17,287.314971923828,275.213088989258,84711.21875,2036658,0.485549926757812,-0.02532958984375,20
-116.55053313255,49.3502257408094,2007-08-22,18,288.6318359375,274.913299560547,84675.8984375,2496904,0.679046630859375,0.291688919067383,20
-116.55053313255,49.3502257408094,2007-08-22,19,289.404022216797,275.202011108398,84654.54296875,2857322,0.834869384765625,0.0778732299804688,20
-116.55053313255,49.3502257408094,2007-08-22,20,290.634780883789,274.198455810547,84617.1796875,2931898,1.13845825195312,0.0365114212036133,20
-116.950534962263,49.0502243685248,2009-07-26,17,292.521865844727,281.040237426758,83037.98828125,2268554,-0.0724029541015625,0.135688781738281,1
-116.950534962263,49.0502243685248,2009-07-26,18,293.46061706543,280.208694458008,83029.5390625,2560844,-0.44207763671875,0.136320114135742,1
-116.950534962263,49.0502243685248,2009-07-26,19,293.403717041016,281.20719909668,83062.625,2395856,-0.838325500488281,-0.402351379394531,1
-116.950534962263,49.0502243685248,2009-07-26,20,294.255340576172,280.990859985352,83087.5078125,2670106,-1.30249881744385,-0.219100952148438,1
-116.850534504834,49.0502243685248,2009-07-26,17,292.394912719727,280.217971801758,82700.98828125,2275146,-0.0821685791015625,0.169380187988281,2
-116.850534504834,49.0502243685248,2009-07-26,18,293.29460144043,279.527053833008,82696.5390625,2578752,-0.44305419921875,0.179288864135742,2
-116.850534504834,49.0502243685248,2009-07-26,19,293.116607666016,280.41032409668,82731.625,2342236,-0.871528625488281,-0.424812316894531,2
-116.850534504834,49.0502243685248,2009-07-26,20,293.747528076172,280.459609985352,82759.5078125,2562718,-1.25464725494385,-0.184921264648438,2
-116.750534047406,49.0502243685248,2009-07-26,17,294.623428344727,281.391799926758,85474.98828125,2281756,-0.0938873291015625,0.202095031738281,3
-116.750534047406,49.0502243685248,2009-07-26,18,295.48210144043,280.784866333008,85464.5390625,2596550,-0.44598388671875,0.223234176635742,3
-116.750534047406,49.0502243685248,2009-07-26,19,295.177154541016,281.58415222168,85504.625,2288508,-0.906684875488281,-0.449226379394531,3
-116.750534047406,49.0502243685248,2009-07-26,20,295.581512451172,281.910781860352,85533.5078125,2455220,-1.20581912994385,-0.150741577148438,3
-116.650533589978,49.0502243685248,2009-07-26,17,297.248428344727,283.012893676758,88798.98828125,2287628,-0.0890045166015625,0.227485656738281,4
-116.650533589978,49.0502243685248,2009-07-26,18,298.08561706543,282.454788208008,88781.5390625,2613922,-0.42156982421875,0.257902145385742,4
-116.650533589978,49.0502243685248,2009-07-26,19,297.624420166016,283.24430847168,88829.625,2235436,-0.927192687988281,-0.467781066894531,4
-116.650533589978,49.0502243685248,2009-07-26,20,297.827606201172,283.815078735352,88860.5078125,2346320,-1.15406131744385,-0.118515014648438,4
-116.55053313255,49.0502243685248,2009-07-26,17,298.908584594727,284.315628051758,90971.98828125,2290740,-0.0274810791015625,0.225044250488281,5
-116.55053313255,49.0502243685248,2009-07-26,18,299.79850769043,283.755569458008,90946.5390625,2629820,-0.29949951171875,0.260343551635742,5
-116.55053313255,49.0502243685248,2009-07-26,19,299.050201416016,284.76969909668,91007.625,2184668,-0.896919250488281,-0.460945129394531,5
-116.55053313255,49.0502243685248,2009-07-26,20,299.159637451172,285.414688110352,91040.5078125,2232334,-1.09058475494385,-0.0892181396484375,5
-116.950534962263,49.150224825953,2009-07-26,17,292.902725219727,282.307815551758,83512.98828125,2259370,-0.0020904541015625,0.0717239379882812,6
-116.950534962263,49.150224825953,2009-07-26,18,293.88639831543,281.622756958008,83503.5390625,2532830,-0.26531982421875,0.123136520385742,6
-116.950534962263,49.150224825953,2009-07-26,19,293.852935791016,281.94157409668,83538.625,2450724,-0.743598937988281,-0.402351379394531,6
-116.950534962263,49.150224825953,2009-07-26,20,294.784637451172,281.627578735352,83558.5078125,2723534,-1.18238162994385,-0.239608764648438,6
-116.850534504834,49.150224825953,2009-07-26,17,292.896865844727,281.743362426758,83427.98828125,2265552,0.0076751708984375,0.121040344238281,7
-116.850534504834,49.150224825953,2009-07-26,18,293.85514831543,281.214553833008,83419.5390625,2553038,-0.26239013671875,0.169523239135742,7
-116.850534504834,49.150224825953,2009-07-26,19,293.657623291016,281.48649597168,83458.625,2398532,-0.751411437988281,-0.397468566894531,7
-116.850534504834,49.150224825953,2009-07-26,20,294.438934326172,281.459609985352,83482.5078125,2617606,-1.12867069244385,-0.192733764648438,7
-116.750534047406,49.150224825953,2009-07-26,17,294.832412719727,282.895706176758,85938.98828125,2271794,0.0145111083984375,0.167915344238281,8
-116.750534047406,49.150224825953,2009-07-26,18,295.75553894043,282.468460083008,85924.5390625,2572834,-0.26043701171875,0.214933395385742,8
-116.750534047406,49.150224825953,2009-07-26,19,295.399810791016,282.69548034668,85969.625,2346136,-0.762153625488281,-0.397468566894531,8
-116.750534047406,49.150224825953,2009-07-26,20,296.015106201172,282.940078735352,85990.5078125,2511418,-1.07495975494385,-0.147811889648438,8
-116.650533589978,49.150224825953,2009-07-26,17,296.596084594727,283.952346801758,88229.98828125,2277328,0.0320892333984375,0.208930969238281,9
-116.650533589978,49.150224825953,2009-07-26,18,297.50358581543,283.603225708008,88210.5390625,2593068,-0.24481201171875,0.250089645385742,9
-116.650533589978,49.150224825953,2009-07-26,19,296.960357666016,283.84782409668,88264.625,2294620,-0.764106750488281,-0.384773254394531,9
-116.650533589978,49.150224825953,2009-07-26,20,297.442840576172,284.334609985352,88285.5078125,2404694,-1.02613162994385,-0.102890014648438,9
-116.55053313255,49.150224825953,2009-07-26,17,297.723037719727,284.725784301758,89675.98828125,2280730,0.0506439208984375,0.204536437988281,10
-116.55053313255,49.150224825953,2009-07-26,18,298.64616394043,284.470413208008,89650.5390625,2612118,-0.20477294921875,0.237882614135742,10
-116.55053313255,49.150224825953,2009-07-26,19,297.866607666016,284.95133972168,89713.625,2244624,-0.775825500488281,-0.366218566894531,10
-116.55053313255,49.150224825953,2009-07-26,20,298.222137451172,285.559219360352,89737.5078125,2294576,-1.00660037994385,-0.0794525146484375,10
-116.950534962263,49.2502252833812,2009-07-26,17,292.990615844727,283.251174926758,83580.98828125,2250168,0.0652923583984375,0.00385284423828125,11
-116.950534962263,49.2502252833812,2009-07-26,18,294.02702331543,282.728225708008,83569.5390625,2504210,-0.08758544921875,0.110441207885742,11
-116.950534962263,49.2502252833812,2009-07-26,19,294.018951416016,282.35758972168,83609.625,2505294,-0.653755187988281,-0.407234191894531,11
-116.950534962263,49.2502252833812,2009-07-26,20,295.024871826172,281.945938110352,83625.5078125,2776664,-1.06324100494385,-0.263046264648438,11
-116.850534504834,49.2502252833812,2009-07-26,17,294.336318969727,284.069534301758,85489.98828125,2255930,0.0975189208984375,0.0712356567382812,12
-116.850534504834,49.2502252833812,2009-07-26,18,295.35710144043,283.696975708008,85472.5390625,2527066,-0.08074951171875,0.159757614135742,12
-116.850534504834,49.2502252833812,2009-07-26,19,295.141998291016,283.35758972168,85518.625,2454770,-0.632270812988281,-0.372077941894531,12
-116.850534504834,49.2502252833812,2009-07-26,20,296.069793701172,283.235000610352,85530.5078125,2672416,-1.00367069244385,-0.200546264648438,12
-116.750534047406,49.2502252833812,2009-07-26,17,295.723037719727,284.479690551758,87163.98828125,2261752,0.124862670898438,0.134712219238281,13
-116.750534047406,49.2502252833812,2009-07-26,18,296.75358581543,284.200881958008,87141.5390625,2549354,-0.07391357421875,0.208097457885742,13
-116.750534047406,49.2502252833812,2009-07-26,19,296.327545166016,283.86930847168,87194.625,2403918,-0.615669250488281,-0.341804504394531,13
-116.750534047406,49.2502252833812,2009-07-26,20,297.177215576172,284.020156860352,87204.5078125,2567858,-0.944100379943848,-0.141952514648438,13
-116.650533589978,49.2502252833812,2009-07-26,17,297.199600219727,284.803909301758,88846.98828125,2267506,0.153182983398438,0.197700500488281,14
-116.650533589978,49.2502252833812,2009-07-26,18,298.25553894043,284.581741333008,88820.5390625,2571668,-0.06707763671875,0.254972457885742,14
-116.650533589978,49.2502252833812,2009-07-26,19,297.610748291016,284.25212097168,88881.625,2353172,-0.598091125488281,-0.310554504394531,14
-116.650533589978,49.2502252833812,2009-07-26,20,298.388153076172,284.670547485352,88890.5078125,2463298,-0.886483192443848,-0.0823822021484375,14
-116.55053313255,49.2502252833812,2009-07-26,17,295.969131469727,284.389846801758,87441.98828125,2269760,0.138534545898438,0.170845031738281,15
-116.55053313255,49.2502252833812,2009-07-26,18,296.96647644043,284.362991333008,87421.5390625,2593874,-0.08856201171875,0.201749801635742,15
-116.55053313255,49.2502252833812,2009-07-26,19,296.124420166016,284.43766784668,87480.625,2305314,-0.648872375488281,-0.264656066894531,15
-116.55053313255,49.2502252833812,2009-07-26,20,296.731903076172,284.910781860352,87499.5078125,2355402,-0.926522254943848,-0.0755462646484375,15
-116.950534962263,49.3502257408094,2009-07-26,17,293.353897094727,283.385940551758,83873.98828125,2242470,0.162948608398438,0.0160598754882812,16
-116.950534962263,49.3502257408094,2009-07-26,18,294.38835144043,282.987991333008,83860.5390625,2485536,0.04229736328125,0.104093551635742,16
-116.950534962263,49.3502257408094,2009-07-26,19,294.388092041016,282.54313659668,83903.625,2508194,-0.501411437988281,-0.293952941894531,16
-116.950534962263,49.3502257408094,2009-07-26,20,295.401824951172,282.057266235352,83916.5078125,2779144,-0.901131629943848,-0.269882202148438,16
-116.850534504834,49.3502257408094,2009-07-26,17,294.824600219727,284.268753051758,85865.98828125,2248350,0.181503295898438,0.0932083129882812,17
-116.850534504834,49.3502257408094,2009-07-26,18,295.81413269043,283.954788208008,85847.5390625,2508908,0.02081298828125,0.169034957885742,17
-116.850534504834,49.3502257408094,2009-07-26,19,295.655670166016,283.52946472168,85895.625,2465164,-0.504341125488281,-0.244148254394531,17
-116.850534504834,49.3502257408094,2009-07-26,20,296.608856201172,283.322891235352,85904.5078125,2684984,-0.864022254943848,-0.188827514648438,17
-116.750534047406,49.3502257408094,2009-07-26,17,296.391006469727,284.559768676758,87553.98828125,2254226,0.200057983398438,0.169868469238281,18
-116.750534047406,49.3502257408094,2009-07-26,18,297.38444519043,284.263381958008,87531.5390625,2532284,-0.00067138671875,0.232999801635742,18
-116.750534047406,49.3502257408094,2009-07-26,19,297.050201416016,283.83024597168,87587.625,2422118,-0.507270812988281,-0.193367004394531,18
-116.750534047406,49.3502257408094,2009-07-26,20,297.964324951172,283.877578735352,87593.5078125,2590730,-0.825936317443848,-0.108749389648438,18
-116.650533589978,49.3502257408094,2009-07-26,17,295.918350219727,284.069534301758,86970.98828125,2259192,0.197128295898438,0.218208312988281,19
-116.650533589978,49.3502257408094,2009-07-26,18,296.84538269043,283.894241333008,86950.5390625,2555378,-0.03973388671875,0.272550582885742,19
-116.650533589978,49.3502257408094,2009-07-26,19,296.356842041016,283.56071472168,87007.625,2380684,-0.536567687988281,-0.150398254394531,19
-116.650533589978,49.3502257408094,2009-07-26,20,297.175262451172,283.877578735352,87020.5078125,2497370,-0.821053504943848,-0.0423431396484375,19
-116.55053313255,49.3502257408094,2009-07-26,17,294.340225219727,283.198440551758,85115.98828125,2262524,0.164901733398438,0.214302062988281,20
-116.55053313255,49.3502257408094,2009-07-26,18,295.18717956543,283.177444458008,85100.5390625,2577858,-0.09344482421875,0.261320114135742,20
-116.55053313255,49.3502257408094,2009-07-26,19,294.534576416016,283.12126159668,85156.625,2338352,-0.597114562988281,-0.124031066894531,20
-116.55053313255,49.3502257408094,2009-07-26,20,295.204559326172,283.611953735352,85180.5078125,2400550,-0.860116004943848,-0.0071868896484375,20
-116.950534962263,49.0502243685248,2006-06-01,17,283.122970581055,274.777984619141,82569.6484375,1960490,-1.02156066894531,0.86030387878418,1
-116.950534962263,49.0502243685248,2006-06-01,18,285.578948974609,274.367462158203,82564.58984375,2195542,-0.773193359375,1.76448917388916,1
-116.950534962263,49.0502243685248,2006-06-01,19,286.868789672852,275.381164550781,82516.046875,2781136,-0.155990600585938,2.17324256896973,1
-116.950534962263,49.0502243685248,2006-06-01,20,288.083312988281,274.966781616211,82486.66796875,2925950,0.112716674804688,2.53158092498779,1
-116.850534504834,49.0502243685248,2006-06-01,17,282.958908081055,274.627593994141,82236.6484375,1990602,-1.03327941894531,0.86713981628418,2
-116.850534504834,49.0502243685248,2006-06-01,18,285.149261474609,274.310821533203,82234.58984375,2210564,-0.867919921875,1.64046573638916,2
-116.850534504834,49.0502243685248,2006-06-01,19,286.427383422852,275.193664550781,82187.046875,2808680,-0.318099975585938,2.00625038146973,2
-116.850534504834,49.0502243685248,2006-06-01,20,287.600891113281,274.925765991211,82160.66796875,2958766,-0.0923614501953125,2.29427623748779,2
-116.750534047406,49.0502243685248,2006-06-01,17,287.458908081055,276.199859619141,85050.6484375,2020940,-1.04695129394531,0.87104606628418,3
-116.750534047406,49.0502243685248,2006-06-01,18,288.965667724609,276.148712158203,85040.58984375,2225542,-0.964599609375,1.51253604888916,3
-116.750534047406,49.0502243685248,2006-06-01,19,290.226211547852,276.873352050781,84983.046875,2836382,-0.483139038085938,1.83730506896973,3
-116.750534047406,49.0502243685248,2006-06-01,20,291.272766113281,276.785140991211,84945.66796875,2991778,-0.301345825195312,2.05599498748779,3
-116.650533589978,49.0502243685248,2006-06-01,17,292.587814331055,278.147125244141,88421.6484375,2050092,-1.03132629394531,0.88081169128418,4
-116.650533589978,49.0502243685248,2006-06-01,18,293.430511474609,278.332305908203,88403.58984375,2242546,-1.002685546875,1.41097354888916,4
-116.650533589978,49.0502243685248,2006-06-01,19,294.691055297852,278.881164550781,88331.046875,2865192,-0.585678100585938,1.69765663146973,4
-116.650533589978,49.0502243685248,2006-06-01,20,295.593078613281,278.937484741211,88281.66796875,3020616,-0.445877075195312,1.85677623748779,4
-116.55053313255,49.0502243685248,2006-06-01,17,294.324142456055,279.526031494141,90627.6484375,2074484,-0.904373168945312,0.91596794128418,5
-116.55053313255,49.0502243685248,2006-06-01,18,295.151214599609,279.732696533203,90602.58984375,2266716,-0.823974609375,1.41097354888916,5
-116.55053313255,49.0502243685248,2006-06-01,19,296.464492797852,280.148742675781,90517.046875,2897866,-0.461654663085938,1.66250038146973,5
-116.55053313255,49.0502243685248,2006-06-01,20,297.335266113281,280.207015991211,90460.66796875,3033950,-0.351150512695312,1.80404186248779,5
-116.950534962263,49.150224825953,2006-06-01,17,283.724533081055,274.852203369141,83046.6484375,2079600,-1.00007629394531,1.00678825378418,6
-116.950534962263,49.150224825953,2006-06-01,18,286.037933349609,274.574493408203,83036.58984375,2311152,-0.648193359375,1.83968448638916,6
-116.950534962263,49.150224825953,2006-06-01,19,287.284805297852,275.504211425781,82991.046875,2779260,0.0188140869140625,2.22500038146973,6
-116.950534962263,49.150224825953,2006-06-01,20,288.319641113281,275.150375366211,82964.66796875,2857856,0.264083862304688,2.53060436248779,6
-116.850534504834,49.150224825953,2006-06-01,17,283.697189331055,274.777984619141,82968.6484375,2105824,-0.983474731445312,1.04585075378418,7
-116.850534504834,49.150224825953,2006-06-01,18,285.754730224609,274.582305908203,82960.58984375,2325730,-0.703857421875,1.76155948638916,7
-116.850534504834,49.150224825953,2006-06-01,19,286.921524047852,275.420227050781,82913.046875,2803388,-0.121810913085938,2.08339881896973,7
-116.850534504834,49.150224825953,2006-06-01,20,287.897766113281,275.214828491211,82887.66796875,2887416,0.107833862304688,2.32357311248779,7
-116.750534047406,49.150224825953,2006-06-01,17,284.435470581055,275.844390869141,85514.6484375,2132664,-0.971755981445312,1.07905387878418,8
-116.750534047406,49.150224825953,2006-06-01,18,286.416839599609,275.978790283203,85499.58984375,2340374,-0.765380859375,1.67659854888916,8
-116.750534047406,49.150224825953,2006-06-01,19,287.571914672852,276.851867675781,85442.046875,2828122,-0.266342163085938,1.93789100646973,8
-116.750534047406,49.150224825953,2006-06-01,20,288.600891113281,276.861312866211,85409.66796875,2917510,-0.0562286376953125,2.11263561248779,8
-116.650533589978,49.150224825953,2006-06-01,17,287.156173706055,277.227203369141,87839.6484375,2157438,-0.931716918945312,1.12104606628418,9
-116.650533589978,49.150224825953,2006-06-01,18,288.295745849609,277.390899658203,87818.58984375,2356674,-0.772216796875,1.62191104888916,9
-116.650533589978,49.150224825953,2006-06-01,19,289.228164672852,277.971008300781,87751.046875,2852972,-0.352279663085938,1.82168006896973,9
-116.650533589978,49.150224825953,2006-06-01,20,290.141906738281,278.044906616211,87709.66796875,2943208,-0.156814575195312,1.93978404998779,9
-116.55053313255,49.150224825953,2006-06-01,17,292.640548706055,278.635406494141,89307.6484375,2179576,-0.826248168945312,1.15034294128418,10
-116.55053313255,49.150224825953,2006-06-01,18,293.393402099609,278.820587158203,89281.58984375,2379564,-0.630615234375,1.61409854888916,10
-116.55053313255,49.150224825953,2006-06-01,19,294.443008422852,279.316711425781,89208.046875,2882660,-0.255599975585938,1.78066444396973,10
-116.55053313255,49.150224825953,2006-06-01,20,295.190734863281,279.453109741211,89159.66796875,2956912,-0.0982208251953125,1.86849498748779,10
-116.950534962263,49.2502252833812,2006-06-01,17,284.199142456055,274.762359619141,83113.6484375,2199594,-0.984451293945312,1.14643669128418,11
-116.950534962263,49.2502252833812,2006-06-01,18,286.295745849609,274.580352783203,83100.58984375,2426908,-0.529052734375,1.90316104888916,11
-116.950534962263,49.2502252833812,2006-06-01,19,287.454727172852,275.381164550781,83056.046875,2778192,0.188735961914062,2.27187538146973,11
-116.950534962263,49.2502252833812,2006-06-01,20,288.261047363281,275.083969116211,83034.66796875,2790322,0.403732299804688,2.52279186248779,11
-116.850534504834,49.2502252833812,2006-06-01,17,284.800704956055,275.588531494141,85046.6484375,2221344,-0.935623168945312,1.22260856628418,12
-116.850534504834,49.2502252833812,2006-06-01,18,286.838714599609,275.644805908203,85027.58984375,2441036,-0.541748046875,1.87972354888916,12
-116.850534504834,49.2502252833812,2006-06-01,19,287.995742797852,276.504211425781,84977.046875,2798458,0.0735015869140625,2.15957069396973,12
-116.850534504834,49.2502252833812,2006-06-01,20,288.886047363281,276.380844116211,84949.66796875,2816206,0.305099487304688,2.35091686248779,12
-116.750534047406,49.2502252833812,2006-06-01,17,286.349533081055,276.352203369141,86744.6484375,2243978,-0.893630981445312,1.29096794128418,13
-116.750534047406,49.2502252833812,2006-06-01,18,287.701995849609,276.535430908203,86720.58984375,2455206,-0.562255859375,1.84456729888916,13
-116.750534047406,49.2502252833812,2006-06-01,19,288.657852172852,277.260070800781,86663.046875,2819498,-0.0466156005859375,2.04043006896973,13
-116.750534047406,49.2502252833812,2006-06-01,20,288.753234863281,277.371078491211,86631.66796875,2842852,0.194747924804688,2.17220592498779,13
-116.650533589978,49.2502252833812,2006-06-01,17,288.484298706055,277.203765869141,88452.6484375,2266482,-0.849685668945312,1.35932731628418,14
-116.650533589978,49.2502252833812,2006-06-01,18,288.643402099609,277.379180908203,88425.58984375,2469554,-0.577880859375,1.81234073638916,14
-116.650533589978,49.2502252833812,2006-06-01,19,289.224258422852,277.775695800781,88358.046875,2840570,-0.161849975585938,1.92421913146973,14
-116.650533589978,49.2502252833812,2006-06-01,20,288.159484863281,278.099594116211,88321.66796875,2869134,0.0883026123046875,1.99642467498779,14
-116.55053313255,49.2502252833812,2006-06-01,17,286.253829956055,276.563140869141,87042.6484375,2283440,-0.717849731445312,1.38667106628418,15
-116.55053313255,49.2502252833812,2006-06-01,18,287.518402099609,276.746368408203,87018.58984375,2494894,-0.374755859375,1.84163761138916,15
-116.55053313255,49.2502252833812,2006-06-01,19,288.323867797852,277.377258300781,86957.046875,2868994,0.0236968994140625,1.93105506896973,15
-116.55053313255,49.2502252833812,2006-06-01,20,288.622375488281,277.568344116211,86920.66796875,2875010,0.224044799804688,1.97591686248779,15
-116.950534962263,49.3502257408094,2006-06-01,17,284.062423706055,275.088531494141,83407.6484375,2285956,-0.892654418945312,1.11909294128418,16
-116.950534962263,49.3502257408094,2006-06-01,18,286.213714599609,274.916290283203,83391.58984375,2522274,-0.452880859375,1.82894229888916,16
-116.950534962263,49.3502257408094,2006-06-01,19,287.276992797852,275.619445800781,83343.046875,2782022,0.115493774414062,2.11660194396973,16
-116.950534962263,49.3502257408094,2006-06-01,20,288.141906738281,275.312484741211,83323.66796875,2758734,0.423263549804688,2.39290904998779,16
-116.850534504834,49.3502257408094,2006-06-01,17,285.033126831055,275.902984619141,85428.6484375,2306122,-0.825271606445312,1.20600700378418,17
-116.850534504834,49.3502257408094,2006-06-01,18,286.854339599609,275.990509033203,85404.58984375,2537856,-0.427490234375,1.81722354888916,17
-116.850534504834,49.3502257408094,2006-06-01,19,287.864883422852,276.744445800781,85351.046875,2803470,0.0510406494140625,2.02578163146973,17
-116.850534504834,49.3502257408094,2006-06-01,20,288.673156738281,276.611312866211,85325.66796875,2782942,0.366622924804688,2.24935436248779,17
-116.750534047406,49.3502257408094,2006-06-01,17,287.382736206055,276.531890869141,87140.6484375,2326284,-0.757888793945312,1.29389762878418,18
-116.750534047406,49.3502257408094,2006-06-01,18,287.809417724609,276.672149658203,87111.58984375,2553340,-0.402099609375,1.80648136138916,18
-116.750534047406,49.3502257408094,2006-06-01,19,288.060195922852,277.248352050781,87052.046875,2824842,-0.0143890380859375,1.93398475646973,18
-116.750534047406,49.3502257408094,2006-06-01,20,287.950500488281,277.330062866211,87021.66796875,2807168,0.309982299804688,2.10482311248779,18
-116.650533589978,49.3502257408094,2006-06-01,17,286.857345581055,276.361968994141,86558.6484375,2344746,-0.677810668945312,1.36713981628418,19
-116.650533589978,49.3502257408094,2006-06-01,18,287.625823974609,276.523712158203,86531.58984375,2571006,-0.335693359375,1.80648136138916,19
-116.650533589978,49.3502257408094,2006-06-01,19,287.747695922852,277.176086425781,86473.046875,2847856,-0.0114593505859375,1.87050819396973,19
-116.650533589978,49.3502257408094,2006-06-01,20,287.821594238281,277.289047241211,86442.66796875,2825796,0.304122924804688,1.99740123748779,19
-116.55053313255,49.3502257408094,2006-06-01,17,284.777267456055,275.610015869141,84693.6484375,2361048,-0.584060668945312,1.41401481628418,20
-116.55053313255,49.3502257408094,2006-06-01,18,286.543792724609,275.795196533203,84671.58984375,2591928,-0.211669921875,1.82210636138916,20
-116.55053313255,49.3502257408094,2006-06-01,19,287.273086547852,276.605773925781,84618.046875,2873112,0.0852203369140625,1.84609413146973,20
-116.55053313255,49.3502257408094,2006-06-01,20,288.044250488281,276.667953491211,84589.66796875,2835614,0.370529174804688,1.94369029998779,20
-116.950534962263,49.0502243685248,2006-07-03,17,293.99006652832,278.070541381836,82939.63671875,2435400,-0.913421630859375,-0.0861663818359375,1
-116.950534962263,49.0502243685248,2006-07-03,18,295.279327392578,276.282012939453,82955.82421875,2722128,-0.863616943359375,0.18133544921875,1
-116.950534962263,49.0502243685248,2006-07-03,19,295.171173095703,278.414184570312,82980.39453125,2983308,-0.697998046875,0.518630981445312,1
-116.950534962263,49.0502243685248,2006-07-03,20,295.744415283203,278.112335205078,82972.3828125,2934388,-0.382766723632812,0.463287353515625,1
-116.850534504834,49.0502243685248,2006-07-03,17,293.38264465332,278.008041381836,82611.63671875,2411628,-0.903656005859375,-0.131088256835938,2
-116.850534504834,49.0502243685248,2006-07-03,18,294.753936767578,276.436309814453,82628.82421875,2710916,-0.890960693359375,0.14324951171875,2
-116.850534504834,49.0502243685248,2006-07-03,19,294.739532470703,278.050903320312,82654.39453125,2995252,-0.818115234375,0.519607543945312,2
-116.850534504834,49.0502243685248,2006-07-03,20,295.347930908203,277.709991455078,82645.3828125,2948160,-0.540969848632812,0.516998291015625,2
-116.750534047406,49.0502243685248,2006-07-03,17,295.18928527832,280.097885131836,85383.63671875,2387720,-0.894866943359375,-0.176010131835938,3
-116.750534047406,49.0502243685248,2006-07-03,18,296.636749267578,278.662872314453,85389.82421875,2700076,-0.918304443359375,0.10321044921875,3
-116.750534047406,49.0502243685248,2006-07-03,19,296.718048095703,279.785278320312,85415.39453125,3007332,-0.940185546875,0.520584106445312,3
-116.750534047406,49.0502243685248,2006-07-03,20,297.361602783203,279.395538330078,85401.3828125,2961968,-0.700149536132812,0.570709228515625,3
-116.650533589978,49.0502243685248,2006-07-03,17,297.43342590332,282.562728881836,88706.63671875,2363064,-0.875335693359375,-0.224838256835938,4
-116.650533589978,49.0502243685248,2006-07-03,18,298.947296142578,281.219512939453,88698.82421875,2689424,-0.922210693359375,0.06121826171875,4
-116.650533589978,49.0502243685248,2006-07-03,19,299.122344970703,281.884887695312,88724.39453125,3020216,-1.018310546875,0.514724731445312,4
-116.650533589978,49.0502243685248,2006-07-03,20,299.797149658203,281.448272705078,88702.3828125,2978128,-0.801712036132812,0.612701416015625,4
-116.55053313255,49.0502243685248,2006-07-03,17,298.85530090332,284.258041381836,90884.63671875,2335884,-0.819671630859375,-0.282455444335938,5
-116.55053313255,49.0502243685248,2006-07-03,18,300.408233642578,282.934356689453,90864.82421875,2678948,-0.844085693359375,0.01141357421875,5
-116.55053313255,49.0502243685248,2006-07-03,19,300.669219970703,283.246215820312,90889.39453125,3035748,-0.934326171875,0.490310668945312,5
-116.55053313255,49.0502243685248,2006-07-03,20,301.361602783203,282.782257080078,90858.3828125,3002812,-0.690383911132812,0.619537353515625,5
-116.950534962263,49.150224825953,2006-07-03,17,294.40217590332,278.547103881836,83415.63671875,2433168,-0.869476318359375,-0.0402679443359375,6
-116.950534962263,49.150224825953,2006-07-03,18,295.685577392578,276.573028564453,83428.82421875,2728228,-0.789398193359375,0.24481201171875,6
-116.950534962263,49.150224825953,2006-07-03,19,295.602813720703,278.818481445312,83453.39453125,3000212,-0.640380859375,0.477615356445312,6
-116.950534962263,49.150224825953,2006-07-03,20,296.152618408203,278.536163330078,83443.3828125,2905496,-0.337844848632812,0.429107666015625,6
-116.850534504834,49.150224825953,2006-07-03,17,294.01741027832,278.685775756836,83338.63671875,2411592,-0.867523193359375,-0.0607757568359375,7
-116.850534504834,49.150224825953,2006-07-03,18,295.363311767578,276.932403564453,83351.82421875,2710684,-0.819671630859375,0.23699951171875,7
-116.850534504834,49.150224825953,2006-07-03,19,295.370391845703,278.685668945312,83374.39453125,3010080,-0.745849609375,0.508865356445312,7
-116.850534504834,49.150224825953,2006-07-03,20,295.931915283203,278.334991455078,83365.3828125,2917972,-0.476516723632812,0.506256103515625,7
-116.750534047406,49.150224825953,2006-07-03,17,295.74006652832,280.574447631836,85846.63671875,2389632,-0.864593505859375,-0.0861663818359375,8
-116.750534047406,49.150224825953,2006-07-03,18,297.150421142578,278.936309814453,85850.82421875,2694204,-0.848968505859375,0.22332763671875,8
-116.750534047406,49.150224825953,2006-07-03,19,297.255157470703,280.246215820312,85872.39453125,3020280,-0.853271484375,0.535232543945312,8
-116.750534047406,49.150224825953,2006-07-03,20,297.834259033203,279.817413330078,85857.3828125,2930616,-0.618118286132812,0.579498291015625,8
-116.650533589978,49.150224825953,2006-07-03,17,297.24787902832,282.310775756836,88139.63671875,2367920,-0.857757568359375,-0.110580444335938,9
-116.650533589978,49.150224825953,2006-07-03,18,298.710968017578,280.778106689453,88132.82421875,2676080,-0.864593505859375,0.21063232421875,9
-116.650533589978,49.150224825953,2006-07-03,19,298.917266845703,281.654418945312,88153.39453125,3030432,-0.928466796875,0.559646606445312,9
-116.650533589978,49.150224825953,2006-07-03,20,299.502227783203,281.157257080078,88133.3828125,2945120,-0.712844848632812,0.645904541015625,9
-116.55053313255,49.150224825953,2006-07-03,17,298.21272277832,283.338119506836,89589.63671875,2344732,-0.839202880859375,-0.167221069335938,10
-116.55053313255,49.150224825953,2006-07-03,18,299.742218017578,281.768341064453,89574.82421875,2659856,-0.840179443359375,0.15692138671875,10
-116.55053313255,49.150224825953,2006-07-03,19,300.042266845703,282.310668945312,89594.39453125,3042436,-0.916748046875,0.534255981445312,10
-116.55053313255,49.150224825953,2006-07-03,20,300.658477783203,281.751007080078,89570.3828125,2968336,-0.679641723632812,0.650787353515625,10
-116.950534962263,49.2502252833812,2006-07-03,17,294.46272277832,278.687728881836,83486.63671875,2430420,-0.824554443359375,0.0017242431640625,11
-116.950534962263,49.2502252833812,2006-07-03,18,295.751983642578,276.530059814453,83498.82421875,2735760,-0.714202880859375,0.30145263671875,11
-116.950534962263,49.2502252833812,2006-07-03,19,295.690704345703,278.871215820312,83520.39453125,3017668,-0.585693359375,0.429763793945312,11
-116.950534962263,49.2502252833812,2006-07-03,20,296.226837158203,278.616241455078,83511.3828125,2876936,-0.296829223632812,0.389068603515625,11
-116.850534504834,49.2502252833812,2006-07-03,17,295.79475402832,280.185775756836,85392.63671875,2411360,-0.830413818359375,0.0066070556640625,12
-116.850534504834,49.2502252833812,2006-07-03,18,297.126983642578,278.158966064453,85396.82421875,2710972,-0.747406005859375,0.32684326171875,12
-116.850534504834,49.2502252833812,2006-07-03,19,297.161407470703,280.093872070312,85418.39453125,3025104,-0.673583984375,0.495193481445312,12
-116.850534504834,49.2502252833812,2006-07-03,20,297.681915283203,279.717803955078,85404.3828125,2887872,-0.413040161132812,0.492584228515625,12
-116.750534047406,49.2502252833812,2006-07-03,17,297.02717590332,281.259994506836,87066.63671875,2391812,-0.834320068359375,0.0066070556640625,13
-116.750534047406,49.2502252833812,2006-07-03,18,298.421905517578,279.283966064453,87063.82421875,2687628,-0.779632568359375,0.34539794921875,13
-116.750534047406,49.2502252833812,2006-07-03,19,298.567657470703,280.826293945312,87083.39453125,3033064,-0.764404296875,0.552810668945312,13
-116.750534047406,49.2502252833812,2006-07-03,20,299.080352783203,280.325225830078,87066.3828125,2899116,-0.534133911132812,0.591217041015625,13
-116.650533589978,49.2502252833812,2006-07-03,17,298.27717590332,282.269760131836,88752.63671875,2372300,-0.838226318359375,0.0056304931640625,14
-116.650533589978,49.2502252833812,2006-07-03,18,299.738311767578,280.319122314453,88740.82421875,2664168,-0.810882568359375,0.36297607421875,14
-116.650533589978,49.2502252833812,2006-07-03,19,300.007110595703,281.470825195312,88758.39453125,3041044,-0.854248046875,0.610427856445312,14
-116.650533589978,49.2502252833812,2006-07-03,20,300.506134033203,280.844757080078,88738.3828125,2910516,-0.651321411132812,0.687896728515625,14
-116.55053313255,49.2502252833812,2006-07-03,17,296.80256652832,282.056869506836,87361.63671875,2352908,-0.851898193359375,-0.0607757568359375,15
-116.55053313255,49.2502252833812,2006-07-03,18,298.255889892578,280.336700439453,87354.82421875,2641148,-0.816741943359375,0.29168701171875,15
-116.55053313255,49.2502252833812,2006-07-03,19,298.589141845703,281.117309570312,87370.39453125,3049868,-0.859130859375,0.565505981445312,15
-116.55053313255,49.2502252833812,2006-07-03,20,299.088165283203,280.532257080078,87352.3828125,2936804,-0.610305786132812,0.663482666015625,15
-116.950534962263,49.3502257408094,2006-07-03,17,294.66584777832,278.763900756836,83780.63671875,2425584,-0.754241943359375,0.120864868164062,16
-116.950534962263,49.3502257408094,2006-07-03,18,295.978546142578,276.446075439453,83789.82421875,2730716,-0.597015380859375,0.41375732421875,16
-116.950534962263,49.3502257408094,2006-07-03,19,295.886016845703,278.701293945312,83815.39453125,3014100,-0.493896484375,0.515701293945312,16
-116.950534962263,49.3502257408094,2006-07-03,20,296.404571533203,278.350616455078,83805.3828125,2861192,-0.214797973632812,0.487701416015625,16
-116.850534504834,49.3502257408094,2006-07-03,17,296.17951965332,280.258041381836,85770.63671875,2407008,-0.752288818359375,0.134536743164062,17
-116.850534504834,49.3502257408094,2006-07-03,18,297.517608642578,277.957794189453,85772.82421875,2705736,-0.607757568359375,0.44403076171875,17
-116.850534504834,49.3502257408094,2006-07-03,19,297.528594970703,279.908325195312,85797.39453125,3021344,-0.546630859375,0.575271606445312,17
-116.850534504834,49.3502257408094,2006-07-03,20,298.031524658203,279.461944580078,85782.3828125,2871768,-0.283157348632812,0.574615478515625,17
-116.750534047406,49.3502257408094,2006-07-03,17,297.62092590332,281.084213256836,87459.63671875,2388432,-0.750335693359375,0.148208618164062,18
-116.750534047406,49.3502257408094,2006-07-03,18,299.017608642578,278.672637939453,87454.82421875,2680784,-0.619476318359375,0.47430419921875,18
-116.750534047406,49.3502257408094,2006-07-03,19,299.157501220703,280.361450195312,87476.39453125,3028536,-0.600341796875,0.634841918945312,18
-116.750534047406,49.3502257408094,2006-07-03,20,299.644805908203,279.786163330078,87458.3828125,2882352,-0.351516723632812,0.662506103515625,18
-116.650533589978,49.3502257408094,2006-07-03,17,296.91194152832,281.019760131836,86885.63671875,2369756,-0.754241943359375,0.143325805664062,19
-116.650533589978,49.3502257408094,2006-07-03,18,298.314483642578,278.782012939453,86880.82421875,2656116,-0.634124755859375,0.48211669921875,19
-116.650533589978,49.3502257408094,2006-07-03,19,298.544219970703,280.109497070312,86900.39453125,3035816,-0.646240234375,0.668045043945312,19
-116.650533589978,49.3502257408094,2006-07-03,20,299.025665283203,279.495147705078,86883.3828125,2896384,-0.398391723632812,0.722076416015625,19
-116.55053313255,49.3502257408094,2006-07-03,17,295.03694152832,280.468978881836,85046.63671875,2350764,-0.770843505859375,0.105239868164062,20
-116.55053313255,49.3502257408094,2006-07-03,18,296.427764892578,278.559356689453,85044.82421875,2631900,-0.660491943359375,0.45086669921875,20
-116.55053313255,49.3502257408094,2006-07-03,19,296.721954345703,279.466918945312,85063.39453125,3043312,-0.692138671875,0.660232543945312,20
-116.55053313255,49.3502257408094,2006-07-03,20,297.207305908203,278.870147705078,85049.3828125,2916596,-0.425735473632812,0.741607666015625,20
-116.950534962263,49.0502243685248,2006-08-20,17,292.331756591797,273.860107421875,82710.2421875,2070250,-0.902420043945312,0.347792625427246,1
-116.950534962263,49.0502243685248,2006-08-20,18,293.756607055664,273.407562255859,82750.109375,2541420,-0.702590942382812,0.761105537414551,1
-116.950534962263,49.0502243685248,2006-08-20,19,294.463836669922,273.188354492188,82785.8671875,2874820,-0.351760864257812,1.32257843017578,1
-116.950534962263,49.0502243685248,2006-08-20,20,295.400924682617,272.80598449707,82758.9609375,3029042,0.13800048828125,1.46086692810059,1
-116.850534504834,49.0502243685248,2006-08-20,17,291.591522216797,274.104248046875,82381.2421875,2072776,-0.978591918945312,0.247206687927246,2
-116.850534504834,49.0502243685248,2006-08-20,18,293.065200805664,273.626312255859,82425.109375,2530944,-0.883255004882812,0.658566474914551,2
-116.850534504834,49.0502243685248,2006-08-20,19,293.897430419922,272.881713867188,82461.8671875,2875846,-0.554885864257812,1.30402374267578,2
-116.850534504834,49.0502243685248,2006-08-20,20,294.873580932617,272.63410949707,82435.9609375,3028822,-0.14520263671875,1.46379661560059,2
-116.750534047406,49.0502243685248,2006-08-20,17,293.316131591797,276.530029296875,85170.2421875,2075386,-1.05574035644531,0.145644187927246,3
-116.750534047406,49.0502243685248,2006-08-20,18,294.774185180664,275.979827880859,85203.109375,2520664,-1.06587219238281,0.556027412414551,3
-116.750534047406,49.0502243685248,2006-08-20,19,295.717742919922,274.696166992188,85232.8671875,2876870,-0.760940551757812,1.28449249267578,3
-116.750534047406,49.0502243685248,2006-08-20,20,296.723190307617,274.55598449707,85198.9609375,3028600,-0.43035888671875,1.46672630310059,3
-116.650533589978,49.0502243685248,2006-08-20,17,295.491912841797,279.215576171875,88512.2421875,2077682,-1.11628723144531,0.0450582504272461,4
-116.650533589978,49.0502243685248,2006-08-20,18,296.942153930664,278.581390380859,88533.109375,2509918,-1.20747375488281,0.452511787414551,4
-116.650533589978,49.0502243685248,2006-08-20,19,298.004852294922,276.756713867188,88553.8671875,2877710,-0.911331176757812,1.26300811767578,4
-116.650533589978,49.0502243685248,2006-08-20,20,299.041549682617,276.66926574707,88508.9609375,3028244,-0.63641357421875,1.46379661560059,4
-116.55053313255,49.0502243685248,2006-08-20,17,296.849334716797,280.715576171875,90707.2421875,2078744,-1.11238098144531,-0.0545511245727539,5
-116.55053313255,49.0502243685248,2006-08-20,18,298.377700805664,280.009124755859,90718.109375,2497246,-1.19770812988281,0.346066474914551,5
-116.55053313255,49.0502243685248,2006-08-20,19,299.602508544922,277.647338867188,90728.8671875,2877858,-0.854690551757812,1.23371124267578,5
-116.55053313255,49.0502243685248,2006-08-20,20,300.670455932617,277.45246887207,90675.9609375,3027364,-0.54559326171875,1.44328880310059,5
-116.950534962263,49.150224825953,2006-08-20,17,292.532928466797,274.885498046875,83183.2421875,2067652,-0.929763793945312,0.341933250427246,6
-116.950534962263,49.150224825953,2006-08-20,18,293.955825805664,274.409515380859,83222.109375,2535478,-0.785598754882812,0.746457099914551,6
-116.950534962263,49.150224825953,2006-08-20,19,294.711883544922,274.034057617188,83254.8671875,2871332,-0.385940551757812,1.28839874267578,6
-116.950534962263,49.150224825953,2006-08-20,20,295.666549682617,273.62825012207,83223.9609375,3024740,0.14093017578125,1.43352317810059,6
-116.850534504834,49.150224825953,2006-08-20,17,292.050506591797,275.254638671875,83109.2421875,2069252,-0.994216918945312,0.250136375427246,7
-116.850534504834,49.150224825953,2006-08-20,18,293.475357055664,274.813812255859,83149.109375,2520522,-0.930130004882812,0.661496162414551,7
-116.850534504834,49.150224825953,2006-08-20,19,294.358367919922,273.942260742188,83181.8671875,2871260,-0.541213989257812,1.28449249267578,7
-116.850534504834,49.150224825953,2006-08-20,20,295.338424682617,273.66340637207,83150.9609375,3023422,-0.08660888671875,1.44719505310059,7
-116.750534047406,49.150224825953,2006-08-20,17,293.714569091797,277.399169921875,85632.2421875,2071006,-1.05964660644531,0.156386375427246,8
-116.750534047406,49.150224825953,2006-08-20,18,295.094497680664,276.925140380859,85663.109375,2506312,-1.07954406738281,0.573605537414551,8
-116.750534047406,49.150224825953,2006-08-20,19,296.096649169922,275.520385742188,85690.8671875,2871356,-0.703323364257812,1.27765655517578,8
-116.750534047406,49.150224825953,2006-08-20,20,297.104049682617,275.33137512207,85651.9609375,3022276,-0.32293701171875,1.45891380310059,8
-116.650533589978,49.150224825953,2006-08-20,17,295.126678466797,279.252685546875,87943.2421875,2072306,-1.11140441894531,0.0645895004272461,9
-116.650533589978,49.150224825953,2006-08-20,18,296.508560180664,278.782562255859,87965.109375,2490560,-1.19282531738281,0.486691474914551,9
-116.650533589978,49.150224825953,2006-08-20,19,297.651336669922,276.877807617188,87984.8671875,2871116,-0.813674926757812,1.27179718017578,9
-116.650533589978,49.150224825953,2006-08-20,20,298.684127807617,276.74348449707,87937.9609375,3020838,-0.48602294921875,1.46867942810059,9
-116.55053313255,49.150224825953,2006-08-20,17,295.905975341797,280.395263671875,89407.2421875,2073148,-1.12995910644531,-0.0330667495727539,10
-116.55053313255,49.150224825953,2006-08-20,18,297.365982055664,279.868499755859,89422.109375,2474582,-1.23188781738281,0.381222724914551,10
-116.55053313255,49.150224825953,2006-08-20,19,298.690399169922,277.469604492188,89433.8671875,2871116,-0.812698364257812,1.24347686767578,10
-116.55053313255,49.150224825953,2006-08-20,20,299.779830932617,277.21614074707,89380.9609375,3019816,-0.46844482421875,1.45500755310059,10
-116.950534962263,49.2502252833812,2006-08-20,17,292.361053466797,275.563232421875,83251.2421875,2065254,-0.959060668945312,0.334120750427246,11
-116.950534962263,49.2502252833812,2006-08-20,18,293.799575805664,275.073577880859,83290.109375,2530438,-0.876419067382812,0.728878974914551,11
-116.950534962263,49.2502252833812,2006-08-20,19,294.608367919922,274.541870117188,83320.8671875,2868080,-0.431838989257812,1.25031280517578,11
-116.950534962263,49.2502252833812,2006-08-20,20,295.594284057617,274.12043762207,83287.9609375,3020586,0.13018798828125,1.40324974060059,11
-116.850534504834,49.2502252833812,2006-08-20,17,293.642303466797,277.229248046875,85171.2421875,2065764,-1.00984191894531,0.252089500427246,12
-116.850534504834,49.2502252833812,2006-08-20,18,295.016372680664,276.782562255859,85203.109375,2510462,-0.979934692382812,0.662472724914551,12
-116.850534504834,49.2502252833812,2006-08-20,19,295.956024169922,275.744995117188,85227.8671875,2866770,-0.529495239257812,1.26300811767578,12
-116.850534504834,49.2502252833812,2006-08-20,20,296.951705932617,275.40559387207,85188.9609375,3018108,-0.03289794921875,1.42961692810059,12
-116.750534047406,49.2502252833812,2006-08-20,17,294.786834716797,278.440185546875,86859.2421875,2066514,-1.06257629394531,0.168105125427246,13
-116.750534047406,49.2502252833812,2006-08-20,18,296.143325805664,278.016937255859,86884.109375,2491494,-1.09028625488281,0.593136787414551,13
-116.750534047406,49.2502252833812,2006-08-20,19,297.235321044922,276.403198242188,86902.8671875,2865714,-0.638870239257812,1.27277374267578,13
-116.750534047406,49.2502252833812,2006-08-20,20,298.256393432617,276.13020324707,86858.9609375,3015864,-0.20867919921875,1.45305442810059,13
-116.650533589978,49.2502252833812,2006-08-20,17,295.933319091797,279.524169921875,88560.2421875,2067244,-1.11531066894531,0.0841207504272461,14
-116.650533589978,49.2502252833812,2006-08-20,18,297.293716430664,279.138031005859,88578.109375,2472432,-1.19868469238281,0.522824287414551,14
-116.650533589978,49.2502252833812,2006-08-20,19,298.551727294922,276.936401367188,88590.8671875,2864636,-0.744338989257812,1.28156280517578,14
-116.650533589978,49.2502252833812,2006-08-20,20,299.602096557617,276.72200012207,88540.9609375,3013596,-0.37957763671875,1.47649192810059,14
-116.55053313255,49.2502252833812,2006-08-20,17,294.284881591797,279.494873046875,87167.2421875,2067276,-1.13191223144531,-0.0125589370727539,15
-116.55053313255,49.2502252833812,2006-08-20,18,295.655044555664,279.177093505859,87188.109375,2451486,-1.22895812988281,0.412472724914551,15
-116.55053313255,49.2502252833812,2006-08-20,19,297.059539794922,276.821166992188,87200.8671875,2864268,-0.716995239257812,1.24738311767578,15
-116.55053313255,49.2502252833812,2006-08-20,20,298.143112182617,276.49153137207,87154.9609375,3012274,-0.30926513671875,1.45989036560059,15
-116.950534962263,49.3502257408094,2006-08-20,17,292.501678466797,275.758544921875,83544.2421875,2063228,-0.899490356445312,0.375136375427246,16
-116.950534962263,49.3502257408094,2006-08-20,18,293.971450805664,275.184906005859,83580.109375,2526794,-0.805130004882812,0.787472724914551,16
-116.950534962263,49.3502257408094,2006-08-20,19,294.784149169922,274.676635742188,83608.8671875,2864908,-0.375198364257812,1.26691436767578,16
-116.950534962263,49.3502257408094,2006-08-20,20,295.740768432617,274.24153137207,83575.9609375,3017740,0.18292236328125,1.42766380310059,16
-116.850534504834,49.3502257408094,2006-08-20,17,293.974334716797,277.373779296875,85549.2421875,2063834,-0.955154418945312,0.312636375427246,17
-116.850534504834,49.3502257408094,2006-08-20,18,295.379653930664,276.878265380859,85576.109375,2506492,-0.890090942382812,0.738644599914551,17
-116.850534504834,49.3502257408094,2006-08-20,19,296.331024169922,275.889526367188,85599.8671875,2863624,-0.432815551757812,1.28546905517578,17
-116.850534504834,49.3502257408094,2006-08-20,20,297.301315307617,275.49543762207,85560.9609375,3015278,0.08428955078125,1.45110130310059,17
-116.750534047406,49.3502257408094,2006-08-20,17,295.320037841797,278.270263671875,87253.2421875,2064442,-1.01081848144531,0.251112937927246,18
-116.750534047406,49.3502257408094,2006-08-20,18,296.733169555664,277.821624755859,87274.109375,2486190,-0.974075317382812,0.688839912414551,18
-116.750534047406,49.3502257408094,2006-08-20,19,297.858367919922,276.248901367188,87289.8671875,2862398,-0.491409301757812,1.30500030517578,18
-116.750534047406,49.3502257408094,2006-08-20,20,298.867721557617,275.84895324707,87245.9609375,3012818,-0.01434326171875,1.47551536560059,18
-116.650533589978,49.3502257408094,2006-08-20,17,294.513397216797,278.319091796875,86680.2421875,2064828,-1.06257629394531,0.185683250427246,19
-116.650533589978,49.3502257408094,2006-08-20,18,295.901138305664,277.985687255859,86703.109375,2465500,-1.04927062988281,0.629269599914551,19
-116.650533589978,49.3502257408094,2006-08-20,19,297.163055419922,276.067260742188,86716.8671875,2861318,-0.534378051757812,1.31183624267578,19
-116.650533589978,49.3502257408094,2006-08-20,20,298.195846557617,275.69660949707,86674.9609375,3010542,-0.07781982421875,1.49016380310059,19
-116.55053313255,49.3502257408094,2006-08-20,17,292.489959716797,277.953857421875,84834.2421875,2064766,-1.10066223144531,0.106581687927246,20
-116.55053313255,49.3502257408094,2006-08-20,18,293.856216430664,277.729827880859,84861.109375,2444206,-1.11274719238281,0.544308662414551,20
-116.55053313255,49.3502257408094,2006-08-20,19,295.250946044922,275.641479492188,84878.8671875,2860450,-0.564651489257812,1.29425811767578,20
-116.55053313255,49.3502257408094,2006-08-20,20,296.313034057617,275.26106262207,84841.9609375,3008596,-0.10125732421875,1.48918724060059,20
-116.950534962263,49.0502243685248,2007-07-06,17,297.598892211914,278.593795776367,82446.01171875,2432290,1.14784240722656,1.28012084960938,1
-116.950534962263,49.0502243685248,2007-07-06,18,298.570404052734,277.965484619141,82434.671875,2886848,1.77645874023438,1.71467590332031,1
-116.950534962263,49.0502243685248,2007-07-06,19,299.044876098633,276.959564208984,82454.04296875,3209306,2.41082763671875,1.51835632324219,1
-116.950534962263,49.0502243685248,2007-07-06,20,299.528045654297,276.099197387695,82421.953125,3360978,2.69869995117188,1.58180236816406,1
-116.850534504834,49.0502243685248,2007-07-06,17,297.032485961914,278.412155151367,82121.01171875,2435696,0.724990844726562,1.29672241210938,2
-116.850534504834,49.0502243685248,2007-07-06,18,298.152435302734,277.910797119141,82109.671875,2889080,1.27157592773438,1.73323059082031,2
-116.850534504834,49.0502243685248,2007-07-06,19,298.738235473633,277.014251708984,82128.04296875,3210554,2.00360107421875,1.59843444824219,2
-116.850534504834,49.0502243685248,2007-07-06,20,299.309295654297,276.042556762695,82094.953125,3361198,2.32077026367188,1.66578674316406,2
-116.750534047406,49.0502243685248,2007-07-06,17,299.096939086914,280.492233276367,84835.01171875,2439142,0.299209594726562,1.31332397460938,3
-116.750534047406,49.0502243685248,2007-07-06,18,300.353607177734,280.059234619141,84812.671875,2891352,0.763763427734375,1.75276184082031,3
-116.750534047406,49.0502243685248,2007-07-06,19,301.048782348633,279.215423583984,84825.04296875,3211836,1.59442138671875,1.67948913574219,3
-116.750534047406,49.0502243685248,2007-07-06,20,301.707733154297,278.093338012695,84781.953125,3361506,1.94088745117188,1.75074768066406,3
-116.650533589978,49.0502243685248,2007-07-06,17,301.671157836914,282.834030151367,88087.01171875,2442438,-0.0298919677734375,1.33969116210938,4
-116.650533589978,49.0502243685248,2007-07-06,18,303.035247802734,282.461578369141,88051.671875,2893484,0.361419677734375,1.78108215332031,4
-116.650533589978,49.0502243685248,2007-07-06,19,303.808547973633,281.690032958984,88058.04296875,3212908,1.26239013671875,1.76249694824219,4
-116.650533589978,49.0502243685248,2007-07-06,20,304.545623779297,280.440994262695,88003.953125,3361612,1.63229370117188,1.84352111816406,4
-116.55053313255,49.0502243685248,2007-07-06,17,303.462173461914,283.898483276367,90213.01171875,2445150,-0.0015716552734375,1.40707397460938,5
-116.55053313255,49.0502243685248,2007-07-06,18,304.824310302734,283.633453369141,90169.671875,2895060,0.355560302734375,1.84553527832031,5
-116.55053313255,49.0502243685248,2007-07-06,19,305.574172973633,283.057220458984,90169.04296875,3213200,1.21942138671875,1.85331726074219,5
-116.55053313255,49.0502243685248,2007-07-06,20,306.330780029297,281.810134887695,90108.953125,3360880,1.59616088867188,1.96656799316406,5
-116.950534962263,49.150224825953,2007-07-06,17,297.866470336914,279.214889526367,82900.01171875,2431900,1.07167053222656,1.20980834960938,6
-116.950534962263,49.150224825953,2007-07-06,18,298.890716552734,278.623687744141,82885.671875,2885928,1.72470092773438,1.62190246582031,6
-116.950534962263,49.150224825953,2007-07-06,19,299.318313598633,277.668548583984,82907.04296875,3206780,2.32977294921875,1.42655944824219,6
-116.950534962263,49.150224825953,2007-07-06,20,299.871795654297,276.565994262695,82870.953125,3358406,2.63522338867188,1.48902893066406,6
-116.850534504834,49.150224825953,2007-07-06,17,297.573501586914,279.175827026367,82821.01171875,2434598,0.733779907226562,1.24887084960938,7
-116.850534504834,49.150224825953,2007-07-06,18,298.677825927734,278.744781494141,82805.671875,2887440,1.28524780273438,1.63362121582031,7
-116.850534504834,49.150224825953,2007-07-06,19,299.177688598633,277.992767333984,82825.04296875,3207334,1.97821044921875,1.48905944824219,7
-116.850534504834,49.150224825953,2007-07-06,20,299.785858154297,276.860916137695,82785.953125,3358082,2.31393432617188,1.54566955566406,7
-116.750534047406,49.150224825953,2007-07-06,17,299.571548461914,280.974655151367,85278.01171875,2437434,0.381240844726562,1.28305053710938,8
-116.750534047406,49.150224825953,2007-07-06,18,300.753997802734,280.610015869141,85253.671875,2889070,0.835052490234375,1.64631652832031,8
-116.750534047406,49.150224825953,2007-07-06,19,301.339797973633,279.992767333984,85268.04296875,3208052,1.61883544921875,1.55644226074219,8
-116.750534047406,49.150224825953,2007-07-06,20,302.012420654297,278.763259887695,85220.953125,3357802,1.98483276367188,1.60719299316406,8
-116.650533589978,49.150224825953,2007-07-06,17,301.386001586914,282.492233276367,87520.01171875,2440042,0.129287719726562,1.33578491210938,9
-116.650533589978,49.150224825953,2007-07-06,18,302.625091552734,282.221343994141,87485.671875,2890496,0.495208740234375,1.67170715332031,9
-116.650533589978,49.150224825953,2007-07-06,19,303.265579223633,281.791595458984,87496.04296875,3208544,1.34246826171875,1.62577819824219,9
-116.650533589978,49.150224825953,2007-07-06,20,303.990936279297,280.503494262695,87439.953125,3357354,1.73776245117188,1.67652893066406,9
-116.55053313255,49.150224825953,2007-07-06,17,302.745376586914,282.837936401367,88934.01171875,2442882,0.132217407226562,1.42660522460938,10
-116.55053313255,49.150224825953,2007-07-06,18,304.019622802734,282.613922119141,88892.671875,2892198,0.474700927734375,1.76252746582031,10
-116.55053313255,49.150224825953,2007-07-06,19,304.671829223633,282.352142333984,88900.04296875,3209198,1.30047607421875,1.73808288574219,10
-116.55053313255,49.150224825953,2007-07-06,20,305.465545654297,280.876541137695,88838.953125,3357132,1.73092651367188,1.82398986816406,10
-116.950534962263,49.2502252833812,2007-07-06,17,297.774673461914,279.500045776367,82958.01171875,2431662,0.977920532226562,1.13656616210938,11
-116.950534962263,49.2502252833812,2007-07-06,18,298.871185302734,278.949859619141,82938.671875,2885112,1.65731811523438,1.52912902832031,11
-116.950534962263,49.2502252833812,2007-07-06,19,299.263626098633,278.025970458984,82963.04296875,3204276,2.23602294921875,1.33769226074219,11
-116.950534962263,49.2502252833812,2007-07-06,20,299.895233154297,276.669509887695,82922.953125,3355982,2.55807495117188,1.40211486816406,11
-116.850534504834,49.2502252833812,2007-07-06,17,299.374282836914,280.793014526367,84825.01171875,2433558,0.734756469726562,1.19906616210938,12
-116.850534504834,49.2502252833812,2007-07-06,18,300.474700927734,280.365875244141,84798.671875,2885804,1.29306030273438,1.53401184082031,12
-116.850534504834,49.2502252833812,2007-07-06,19,300.908157348633,279.715423583984,84820.04296875,3204130,1.94891357421875,1.38261413574219,12
-116.850534504834,49.2502252833812,2007-07-06,20,301.567108154297,278.364822387695,84772.953125,3354962,2.30319213867188,1.42848205566406,12
-116.750534047406,49.2502252833812,2007-07-06,17,300.897720336914,281.513717651367,86462.01171875,2435616,0.472061157226562,1.25765991210938,13
-116.750534047406,49.2502252833812,2007-07-06,18,302.041107177734,281.188140869141,86430.671875,2886678,0.914154052734375,1.53987121582031,13
-116.750534047406,49.2502252833812,2007-07-06,19,302.540969848633,280.803314208984,86448.04296875,3204124,1.64910888671875,1.43046569824219,13
-116.750534047406,49.2502252833812,2007-07-06,20,303.252655029297,279.398025512695,86393.953125,3354046,2.03463745117188,1.46070861816406,13
-116.650533589978,49.2502252833812,2007-07-06,17,302.458267211914,282.121139526367,88109.01171875,2437670,0.217178344726562,1.31723022460938,14
-116.650533589978,49.2502252833812,2007-07-06,18,303.650482177734,281.895172119141,88070.671875,2887556,0.544036865234375,1.54768371582031,14
-116.650533589978,49.2502252833812,2007-07-06,19,304.220657348633,281.789642333984,88085.04296875,3204128,1.35614013671875,1.47929382324219,14
-116.650533589978,49.2502252833812,2007-07-06,20,304.987030029297,280.321853637695,88023.953125,3353100,1.77291870117188,1.49488830566406,14
-116.55053313255,49.2502252833812,2007-07-06,17,301.132095336914,281.492233276367,86740.01171875,2440608,0.370498657226562,1.46176147460938,15
-116.55053313255,49.2502252833812,2007-07-06,18,302.228607177734,281.381500244141,86705.671875,2889328,0.720794677734375,1.69807434082031,15
-116.55053313255,49.2502252833812,2007-07-06,19,302.714797973633,281.465423583984,86720.04296875,3205060,1.47332763671875,1.63261413574219,15
-116.55053313255,49.2502252833812,2007-07-06,20,303.465545654297,279.851150512695,86660.953125,3353154,1.95651245117188,1.70387268066406,15
-116.950534962263,49.3502257408094,2007-07-06,17,297.776626586914,279.773483276367,83239.01171875,2431340,0.890029907226562,1.00765991210938,16
-116.950534962263,49.3502257408094,2007-07-06,18,298.882904052734,279.350250244141,83217.671875,2883450,1.50985717773438,1.37678527832031,16
-116.950534962263,49.3502257408094,2007-07-06,19,299.244094848633,278.502532958984,83244.04296875,3201170,2.04754638671875,1.24394226074219,16
-116.950534962263,49.3502257408094,2007-07-06,20,299.871795654297,277.144119262695,83203.953125,3353276,2.34811401367188,1.29664611816406,16
-116.850534504834,49.3502257408094,2007-07-06,17,299.663345336914,281.003952026367,85190.01171875,2433494,0.752334594726562,1.10238647460938,17
-116.850534504834,49.3502257408094,2007-07-06,18,300.742279052734,280.656890869141,85159.671875,2884486,1.27548217773438,1.40705871582031,17
-116.850534504834,49.3502257408094,2007-07-06,19,301.123001098633,280.063079833984,85185.04296875,3201378,1.86981201171875,1.29374694824219,17
-116.850534504834,49.3502257408094,2007-07-06,20,301.766326904297,278.722244262695,85136.953125,3353048,2.19772338867188,1.33570861816406,17
-116.750534047406,49.3502257408094,2007-07-06,17,301.493423461914,281.335983276367,86839.01171875,2435644,0.613662719726562,1.19613647460938,18
-116.750534047406,49.3502257408094,2007-07-06,18,302.609466552734,281.067047119141,86804.671875,2885490,1.04013061523438,1.43733215332031,18
-116.750534047406,49.3502257408094,2007-07-06,19,303.040969848633,280.738861083984,86827.04296875,3201582,1.69110107421875,1.34257507324219,18
-116.750534047406,49.3502257408094,2007-07-06,20,303.729217529297,279.353103637695,86771.953125,3352814,2.04537963867188,1.37477111816406,18
-116.650533589978,49.3502257408094,2007-07-06,17,300.971939086914,280.908248901367,86270.01171875,2438012,0.550186157226562,1.30551147460938,19
-116.650533589978,49.3502257408094,2007-07-06,18,302.033294677734,280.748687744141,86236.671875,2886752,0.915130615234375,1.50080871582031,19
-116.650533589978,49.3502257408094,2007-07-06,19,302.447219848633,280.672454833984,86258.04296875,3202068,1.59735107421875,1.41777038574219,19
-116.650533589978,49.3502257408094,2007-07-06,20,303.141326904297,279.317947387695,86202.953125,3352912,1.98580932617188,1.45484924316406,19
-116.55053313255,49.3502257408094,2007-07-06,17,299.196548461914,280.007858276367,84460.01171875,2440628,0.575576782226562,1.42758178710938,20
-116.55053313255,49.3502257408094,2007-07-06,18,300.170013427734,279.955718994141,84432.671875,2888288,0.928802490234375,1.61311340332031,20
-116.55053313255,49.3502257408094,2007-07-06,19,300.523391723633,280.090423583984,84453.04296875,3202850,1.60321044921875,1.53495788574219,20
-116.55053313255,49.3502257408094,2007-07-06,20,301.209686279297,278.712478637695,84400.953125,3353132,2.04342651367188,1.60231018066406,20
-116.950534962263,49.0502243685248,2007-08-23,17,286.694793701172,272.686813354492,82296.88671875,2031826,0.783432006835938,-1.06909275054932,1
-116.950534962263,49.0502243685248,2007-08-23,18,287.819885253906,271.669403076172,82286.73046875,2470484,1.10740661621094,-1.21953392028809,1
-116.950534962263,49.0502243685248,2007-08-23,19,288.362182617188,271.601440429688,82276.27734375,2844250,1.19087219238281,-1.45656585693359,1
-116.950534962263,49.0502243685248,2007-08-23,20,289.282867431641,271.039535522461,82254.3203125,2999524,1.55433654785156,-1.4503231048584,1
-116.850534504834,49.0502243685248,2007-08-23,17,286.390106201172,272.753219604492,81951.88671875,2036078,0.690658569335938,-0.917725563049316,2
-116.850534504834,49.0502243685248,2007-08-23,18,287.509338378906,271.757293701172,81942.73046875,2445720,1.00486755371094,-1.01103782653809,2
-116.850534504834,49.0502243685248,2007-08-23,19,288.026245117188,271.466674804688,81935.27734375,2819088,1.05610656738281,-1.32961273193359,2
-116.850534504834,49.0502243685248,2007-08-23,20,288.968414306641,270.779769897461,81911.3203125,3010072,1.38246154785156,-1.3326473236084,2
-116.750534047406,49.0502243685248,2007-08-23,17,288.618621826172,275.108688354492,84759.88671875,2040332,0.594955444335938,-0.766846656799316,3
-116.750534047406,49.0502243685248,2007-08-23,18,289.704650878906,274.071746826172,84742.73046875,2420834,0.899398803710938,-0.803030014038086,3
-116.750534047406,49.0502243685248,2007-08-23,19,290.182495117188,273.538940429688,84731.27734375,2794408,0.918411254882812,-1.20314788818359,3
-116.750534047406,49.0502243685248,2007-08-23,20,291.136383056641,272.691879272461,84697.3203125,3020734,1.20765686035156,-1.2149715423584,3
-116.650533589978,49.0502243685248,2007-08-23,17,291.311981201172,277.680953979492,88127.88671875,2043934,0.523666381835938,-0.617432594299316,4
-116.650533589978,49.0502243685248,2007-08-23,18,292.358947753906,276.587371826172,88099.73046875,2394172,0.822250366210938,-0.600881576538086,4
-116.650533589978,49.0502243685248,2007-08-23,19,292.795776367188,275.865112304688,88084.27734375,2768552,0.814895629882812,-1.07375335693359,4
-116.650533589978,49.0502243685248,2007-08-23,20,293.769195556641,274.863754272461,88039.3203125,3028764,1.07191467285156,-1.0880184173584,4
-116.55053313255,49.0502243685248,2007-08-23,17,293.145965576172,278.753219604492,90329.88671875,2045108,0.547103881835938,-0.472901344299316,5
-116.55053313255,49.0502243685248,2007-08-23,18,294.161682128906,277.602996826172,90293.73046875,2361132,0.848617553710938,-0.420217514038086,5
-116.55053313255,49.0502243685248,2007-08-23,19,294.571166992188,276.902221679688,90277.27734375,2737896,0.840286254882812,-0.931175231933594,5
-116.55053313255,49.0502243685248,2007-08-23,20,295.589508056641,275.799301147461,90224.3203125,3026934,1.08851623535156,-0.927862167358398,5
-116.950534962263,49.150224825953,2007-08-23,17,286.933074951172,273.368453979492,82781.88671875,2028198,0.786361694335938,-1.05102634429932,6
-116.950534962263,49.150224825953,2007-08-23,18,288.034729003906,272.251434326172,82769.73046875,2461736,1.06346130371094,-1.19560813903809,6
-116.950534962263,49.150224825953,2007-08-23,19,288.604370117188,272.048706054688,82758.27734375,2830076,1.17427062988281,-1.43508148193359,6
-116.950534962263,49.150224825953,2007-08-23,20,289.507476806641,271.461410522461,82734.3203125,2991234,1.53089904785156,-1.4454402923584,6
-116.850534504834,49.150224825953,2007-08-23,17,286.839324951172,273.620407104492,82690.88671875,2032230,0.745346069335938,-0.891358375549316,7
-116.850534504834,49.150224825953,2007-08-23,18,287.935119628906,272.509246826172,82679.73046875,2438396,1.00975036621094,-0.988088607788086,7
-116.850534504834,49.150224825953,2007-08-23,19,288.471557617188,272.115112304688,82669.27734375,2796526,1.08638000488281,-1.30373382568359,7
-116.850534504834,49.150224825953,2007-08-23,20,289.400054931641,271.408676147461,82643.3203125,2999708,1.41957092285156,-1.3204402923584,7
-116.750534047406,49.150224825953,2007-08-23,17,288.901824951172,275.776657104492,85232.88671875,2036298,0.694564819335938,-0.733643531799316,8
-116.750534047406,49.150224825953,2007-08-23,18,289.960510253906,274.599090576172,85212.73046875,2414876,0.949203491210938,-0.780569076538086,8
-116.750534047406,49.150224825953,2007-08-23,19,290.450073242188,273.986206054688,85199.27734375,2764408,0.990676879882812,-1.17336273193359,8
-116.750534047406,49.150224825953,2007-08-23,20,291.398101806641,273.127426147461,85164.3203125,3008524,1.29847717285156,-1.1969051361084,8
-116.650533589978,49.150224825953,2007-08-23,17,290.784637451172,277.546188354492,87552.88671875,2039862,0.670150756835938,-0.577393531799316,9
-116.650533589978,49.150224825953,2007-08-23,18,291.814025878906,276.308074951172,87525.73046875,2390272,0.916000366210938,-0.580862045288086,9
-116.650533589978,49.150224825953,2007-08-23,19,292.266479492188,275.540893554688,87510.27734375,2728896,0.928176879882812,-1.04152679443359,9
-116.650533589978,49.150224825953,2007-08-23,20,293.247711181641,274.543441772461,87466.3203125,3014352,1.21839904785156,-1.0655574798584,9
-116.55053313255,49.150224825953,2007-08-23,17,291.970184326172,278.581344604492,89015.88671875,2041764,0.660385131835938,-0.441163063049316,10
-116.55053313255,49.150224825953,2007-08-23,18,292.960510253906,277.333465576172,88983.73046875,2359930,0.911117553710938,-0.414358139038086,10
-116.55053313255,49.150224825953,2007-08-23,19,293.375854492188,276.603393554688,88967.27734375,2691346,0.911575317382812,-0.913597106933594,10
-116.55053313255,49.150224825953,2007-08-23,20,294.405914306641,275.600082397461,88916.3203125,3011984,1.19007873535156,-0.917608261108398,10
-116.950534962263,49.2502252833812,2007-08-23,17,286.790496826172,273.696578979492,82852.88671875,2024646,0.779525756835938,-1.03442478179932,11
-116.950534962263,49.2502252833812,2007-08-23,18,287.899963378906,272.511199951172,82840.73046875,2452564,1.00877380371094,-1.17070579528809,11
-116.950534962263,49.2502252833812,2007-08-23,19,288.506713867188,272.173706054688,82829.27734375,2817612,1.14692687988281,-1.41408538818359,11
-116.950534962263,49.2502252833812,2007-08-23,20,289.394195556641,271.559066772461,82805.3203125,2983356,1.49378967285156,-1.4420223236084,11
-116.850534504834,49.2502252833812,2007-08-23,17,288.394012451172,275.432907104492,84784.88671875,2028436,0.795150756835938,-0.865967750549316,12
-116.850534504834,49.2502252833812,2007-08-23,18,289.450744628906,274.159637451172,84765.73046875,2430986,1.01170349121094,-0.964651107788086,12
-116.850534504834,49.2502252833812,2007-08-23,19,289.998901367188,273.640502929688,84752.27734375,2774568,1.11274719238281,-1.27785491943359,12
-116.850534504834,49.2502252833812,2007-08-23,20,290.913726806641,272.891098022461,84719.3203125,2989410,1.45277404785156,-1.3092098236084,12
-116.750534047406,49.2502252833812,2007-08-23,17,289.903778076172,276.636032104492,86476.88671875,2032274,0.801010131835938,-0.699463844299316,13
-116.750534047406,49.2502252833812,2007-08-23,18,290.954650878906,275.224090576172,86452.73046875,2409058,1.00389099121094,-0.758108139038086,13
-116.750534047406,49.2502252833812,2007-08-23,19,291.475463867188,274.482299804688,86436.27734375,2733418,1.06782531738281,-1.14260101318359,13
-116.750534047406,49.2502252833812,2007-08-23,20,292.437164306641,273.529769897461,86396.3203125,2995988,1.39710998535156,-1.1778621673584,13
-116.650533589978,49.2502252833812,2007-08-23,17,291.466278076172,277.641891479492,88177.88671875,2036086,0.806869506835938,-0.533448219299316,14
-116.650533589978,49.2502252833812,2007-08-23,18,292.530822753906,276.069793701172,88148.73046875,2387050,0.997055053710938,-0.552541732788086,14
-116.650533589978,49.2502252833812,2007-08-23,19,293.036010742188,275.097534179688,88132.27734375,2692010,1.02485656738281,-1.00783538818359,14
-116.650533589978,49.2502252833812,2007-08-23,20,294.058258056641,273.908676147461,88084.3203125,3002302,1.34535217285156,-1.0460262298584,14
-116.55053313255,49.2502252833812,2007-08-23,17,290.216278076172,277.225875854492,86751.88671875,2037682,0.791244506835938,-0.414307594299316,15
-116.55053313255,49.2502252833812,2007-08-23,18,291.196838378906,275.806121826172,86726.73046875,2356508,0.996078491210938,-0.417776107788086,15
-116.55053313255,49.2502252833812,2007-08-23,19,291.643432617188,275.054565429688,86712.27734375,2643568,1.01020812988281,-0.895042419433594,15
-116.55053313255,49.2502252833812,2007-08-23,20,292.696929931641,274.090316772461,86665.3203125,2993926,1.32582092285156,-0.898565292358398,15
-116.950534962263,49.3502257408094,2007-08-23,17,286.927215576172,273.884078979492,83153.88671875,2019832,0.758041381835938,-0.908936500549316,16
-116.950534962263,49.3502257408094,2007-08-23,18,287.966369628906,272.724090576172,83140.73046875,2433068,0.954086303710938,-1.06767845153809,16
-116.950534962263,49.3502257408094,2007-08-23,19,288.592651367188,272.341674804688,83127.27734375,2779762,1.11567687988281,-1.27639007568359,16
-116.950534962263,49.3502257408094,2007-08-23,20,289.478179931641,271.773910522461,83101.3203125,2972314,1.43617248535156,-1.2989559173584,16
-116.850534504834,49.3502257408094,2007-08-23,17,288.659637451172,275.530563354492,85173.88671875,2023076,0.807846069335938,-0.762940406799316,17
-116.850534504834,49.3502257408094,2007-08-23,18,289.655822753906,274.255340576172,85153.73046875,2412986,0.988265991210938,-0.875783920288086,17
-116.850534504834,49.3502257408094,2007-08-23,19,290.233276367188,273.720581054688,85137.27734375,2737484,1.12544250488281,-1.14748382568359,17
-116.850534504834,49.3502257408094,2007-08-23,20,291.152008056641,272.994613647461,85102.3203125,2976306,1.44984436035156,-1.1734676361084,17
-116.750534047406,49.3502257408094,2007-08-23,17,290.321746826172,276.378219604492,86881.88671875,2026266,0.857650756835938,-0.617432594299316,18
-116.750534047406,49.3502257408094,2007-08-23,18,291.341369628906,274.899871826172,86856.73046875,2392898,1.02244567871094,-0.683889389038086,18
-116.750534047406,49.3502257408094,2007-08-23,19,291.907104492188,274.154174804688,86838.27734375,2695206,1.13423156738281,-1.01857757568359,18
-116.750534047406,49.3502257408094,2007-08-23,20,292.898101806641,273.162582397461,86796.3203125,2980316,1.46156311035156,-1.0474910736084,18
-116.650533589978,49.3502257408094,2007-08-23,17,289.825653076172,276.302047729492,86282.88671875,2028620,0.890853881835938,-0.485596656799316,19
-116.650533589978,49.3502257408094,2007-08-23,18,290.827697753906,274.843231201172,86259.73046875,2370800,1.04393005371094,-0.512014389038086,19
-116.650533589978,49.3502257408094,2007-08-23,19,291.354370117188,274.060424804688,86242.27734375,2651772,1.13520812988281,-0.896995544433594,19
-116.650533589978,49.3502257408094,2007-08-23,20,292.380523681641,273.037582397461,86200.3203125,2980330,1.46742248535156,-0.918584823608398,19
-116.55053313255,49.3502257408094,2007-08-23,17,288.155731201172,275.649703979492,84395.88671875,2029874,0.880111694335938,-0.367432594299316,20
-116.55053313255,49.3502257408094,2007-08-23,18,289.101135253906,274.352996826172,84378.73046875,2344546,1.03514099121094,-0.366994857788086,20
-116.55053313255,49.3502257408094,2007-08-23,19,289.578979492188,273.679565429688,84362.27734375,2605726,1.10884094238281,-0.784202575683594,20
-116.55053313255,49.3502257408094,2007-08-23,20,290.630523681641,272.820785522461,84325.3203125,2974462,1.43910217285156,-0.780889511108398,20
-116.950534962263,49.0502243685248,2008-07-08,17,288.869995117188,274.909866333008,82829.078125,2443818,1.24282836914062,-0.0457611083984375,1
-116.950534962263,49.0502243685248,2008-07-08,18,290.230606079102,274.814651489258,82810.765625,2894178,1.74835205078125,-0.00423336029052734,1
-116.950534962263,49.0502243685248,2008-07-08,19,290.950653076172,275.114303588867,82858.17578125,3209862,2.10667419433594,-0.0383157730102539,1
-116.950534962263,49.0502243685248,2008-07-08,20,291.940658569336,275.382873535156,82819.9453125,3352612,2.4404296875,0.0466394424438477,1
-116.850534504834,49.0502243685248,2008-07-08,17,288.485229492188,274.470413208008,82486.078125,2447848,1.07974243164062,0.0450592041015625,2
-116.850534504834,49.0502243685248,2008-07-08,18,289.898574829102,274.420120239258,82470.765625,2897804,1.53936767578125,0.115883827209473,2
-116.850534504834,49.0502243685248,2008-07-08,19,290.661590576172,274.713912963867,82518.17578125,3213378,1.89768981933594,0.0407857894897461,2
-116.850534504834,49.0502243685248,2008-07-08,20,291.712142944336,274.935607910156,82480.9453125,3361698,2.2041015625,0.0720300674438477,2
-116.750534047406,49.0502243685248,2008-07-08,17,290.518432617188,276.093460083008,85295.078125,2451852,0.913726806640625,0.134902954101562,3
-116.750534047406,49.0502243685248,2008-07-08,18,291.974746704102,276.021682739258,85265.765625,2901494,1.32745361328125,0.237954139709473,3
-116.750534047406,49.0502243685248,2008-07-08,19,292.778778076172,276.280319213867,85308.17578125,3216942,1.68577575683594,0.119887351989746,3
-116.750534047406,49.0502243685248,2008-07-08,20,293.887924194336,276.421936035156,85257.9453125,3370686,1.966796875,0.0983972549438477,3
-116.650533589978,49.0502243685248,2008-07-08,17,292.983276367188,278.038772583008,88663.078125,2455624,0.782867431640625,0.228652954101562,4
-116.650533589978,49.0502243685248,2008-07-08,18,294.466934204102,277.920120239258,88618.765625,2904988,1.16241455078125,0.362954139709473,4
-116.650533589978,49.0502243685248,2008-07-08,19,295.298309326172,278.165084838867,88655.17578125,3220292,1.52171325683594,0.208754539489746,4
-116.650533589978,49.0502243685248,2008-07-08,20,296.450424194336,278.238342285156,88587.9453125,3379010,1.7763671875,0.142342567443848,4
-116.55053313255,49.0502243685248,2008-07-08,17,294.590698242188,279.079788208008,90867.078125,2458554,0.783843994140625,0.334121704101562,5
-116.55053313255,49.0502243685248,2008-07-08,18,296.060684204102,278.886917114258,90812.765625,2907700,1.17510986328125,0.496743202209473,5
-116.55053313255,49.0502243685248,2008-07-08,19,296.868621826172,279.211959838867,90845.17578125,3222856,1.53538513183594,0.334731101989746,5
-116.55053313255,49.0502243685248,2008-07-08,20,298.010971069336,279.298889160156,90768.9453125,3384944,1.765625,0.252694129943848,5
-116.950534962263,49.150224825953,2008-07-08,17,289.061401367188,275.419631958008,83306.078125,2441148,1.18130493164062,-0.0770111083984375,6
-116.950534962263,49.150224825953,2008-07-08,18,290.429824829102,275.295120239258,83285.765625,2890550,1.60382080078125,-0.0364599227905273,6
-116.950534962263,49.150224825953,2008-07-08,19,291.185028076172,275.678756713867,83332.17578125,3204918,1.96018981933594,-0.0842142105102539,6
-116.950534962263,49.150224825953,2008-07-08,20,292.241439819336,275.902404785156,83289.9453125,3345386,2.3779296875,0.00367069244384766,6
-116.850534504834,49.150224825953,2008-07-08,17,288.850463867188,275.218460083008,83217.078125,2444554,1.07876586914062,0.0079498291015625,7
-116.850534504834,49.150224825953,2008-07-08,18,290.254043579102,275.129104614258,83197.765625,2893516,1.44561767578125,0.0748682022094727,7
-116.850534504834,49.150224825953,2008-07-08,19,291.042449951172,275.518600463867,83243.17578125,3207636,1.79515075683594,-0.00218296051025391,7
-116.850534504834,49.150224825953,2008-07-08,20,292.108627319336,275.736389160156,83201.9453125,3354988,2.169921875,0.0319910049438477,7
-116.750534047406,49.150224825953,2008-07-08,17,290.719604492188,276.712600708008,85759.078125,2448060,0.966461181640625,0.0938873291015625,8
-116.750534047406,49.150224825953,2008-07-08,18,292.148574829102,276.586135864258,85728.765625,2896616,1.27960205078125,0.188149452209473,8
-116.750534047406,49.150224825953,2008-07-08,19,292.974090576172,276.954147338867,85769.17578125,3210534,1.62229919433594,0.0798482894897461,8
-116.750534047406,49.150224825953,2008-07-08,20,294.057846069336,277.132873535156,85716.9453125,3364488,1.95703125,0.0612878799438477,8
-116.650533589978,49.150224825953,2008-07-08,17,292.369995117188,278.021194458008,88082.078125,2451308,0.895172119140625,0.183731079101562,9
-116.650533589978,49.150224825953,2008-07-08,18,293.822402954102,277.873245239258,88040.765625,2899470,1.16632080078125,0.303383827209473,9
-116.650533589978,49.150224825953,2008-07-08,19,294.667449951172,278.247116088867,88076.17578125,3213134,1.50022888183594,0.173598289489746,9
-116.650533589978,49.150224825953,2008-07-08,20,295.751205444336,278.408264160156,88013.9453125,3373526,1.794921875,0.107186317443848,9
-116.55053313255,49.150224825953,2008-07-08,17,293.494995117188,278.603225708008,89546.078125,2454594,0.891265869140625,0.293106079101562,10
-116.55053313255,49.150224825953,2008-07-08,18,294.953262329102,278.384963989258,89496.765625,2902502,1.17901611328125,0.442055702209473,10
-116.55053313255,49.150224825953,2008-07-08,19,295.794403076172,278.799850463867,89529.17578125,3215888,1.50804138183594,0.306410789489746,10
-116.55053313255,49.150224825953,2008-07-08,20,296.882064819336,278.964904785156,89460.9453125,3380164,1.779296875,0.215584754943848,10
-116.950534962263,49.2502252833812,2008-07-08,17,288.918823242188,275.628616333008,83372.078125,2438598,1.10610961914062,-0.106307983398438,11
-116.950534962263,49.2502252833812,2008-07-08,18,290.300918579102,275.490432739258,83349.765625,2887030,1.44757080078125,-0.0647802352905273,11
-116.950534962263,49.2502252833812,2008-07-08,19,291.097137451172,275.958053588867,83395.17578125,3200094,1.80393981933594,-0.132065773010254,11
-116.950534962263,49.2502252833812,2008-07-08,20,292.227767944336,276.130920410156,83350.9453125,3338004,2.30859375,-0.0392980575561523,11
-116.850534504834,49.2502252833812,2008-07-08,17,290.297729492188,276.814163208008,85303.078125,2441296,1.07192993164062,-0.0272064208984375,12
-116.850534504834,49.2502252833812,2008-07-08,18,291.685684204102,276.642776489258,85272.765625,2889254,1.34796142578125,0.0348291397094727,12
-116.850534504834,49.2502252833812,2008-07-08,19,292.503387451172,277.116256713867,85313.17578125,3201992,1.68772888183594,-0.0451517105102539,12
-116.850534504834,49.2502252833812,2008-07-08,20,293.593002319336,277.316467285156,85262.9453125,3348208,2.1328125,-0.00804805755615234,12
-116.750534047406,49.2502252833812,2008-07-08,17,291.606323242188,277.482131958008,86998.078125,2444132,1.02407836914062,0.0528717041015625,13
-116.750534047406,49.2502252833812,2008-07-08,18,293.039199829102,277.252151489258,86959.765625,2891630,1.23760986328125,0.137368202209473,13
-116.750534047406,49.2502252833812,2008-07-08,19,293.897918701172,277.715866088867,86996.17578125,3204012,1.56272888183594,0.0407857894897461,13
-116.750534047406,49.2502252833812,2008-07-08,20,294.971908569336,277.910217285156,86939.9453125,3358300,1.951171875,0.0241785049438477,13
-116.650533589978,49.2502252833812,2008-07-08,17,292.944213867188,278.034866333008,88704.078125,2446958,0.979156494140625,0.133926391601562,14
-116.650533589978,49.2502252833812,2008-07-08,18,294.433731079102,277.742385864258,88657.765625,2893990,1.13018798828125,0.240883827209473,14
-116.650533589978,49.2502252833812,2008-07-08,19,295.341278076172,278.192428588867,88690.17578125,3206004,1.44163513183594,0.127699851989746,14
-116.650533589978,49.2502252833812,2008-07-08,20,296.397689819336,278.377014160156,88627.9453125,3368334,1.7734375,0.0573816299438477,14
-116.55053313255,49.2502252833812,2008-07-08,17,291.731323242188,277.546585083008,87274.078125,2450444,1.03286743164062,0.257949829101562,15
-116.55053313255,49.2502252833812,2008-07-08,18,293.150527954102,277.310745239258,87234.765625,2897186,1.23468017578125,0.395180702209473,15
-116.55053313255,49.2502252833812,2008-07-08,19,293.997528076172,277.838912963867,87270.17578125,3208766,1.53245544433594,0.291762351989746,15
-116.55053313255,49.2502252833812,2008-07-08,20,294.991439819336,278.103576660156,87213.9453125,3374556,1.8505859375,0.200936317443848,15
-116.950534962263,49.3502257408094,2008-07-08,17,289.006713867188,275.821975708008,83666.078125,2435800,1.02700805664062,-0.0389251708984375,16
-116.950534962263,49.3502257408094,2008-07-08,18,290.394668579102,275.670120239258,83642.765625,2886426,1.31182861328125,0.0201807022094727,16
-116.950534962263,49.3502257408094,2008-07-08,19,291.204559326172,276.239303588867,83686.17578125,3193466,1.62620544433594,-0.0256204605102539,16
-116.950534962263,49.3502257408094,2008-07-08,20,292.401596069336,276.302795410156,83638.9453125,3334958,2.2255859375,-0.00804805755615234,16
-116.850534504834,49.3502257408094,2008-07-08,17,290.571166992188,276.966506958008,85685.078125,2438758,1.03286743164062,0.0304107666015625,17
-116.850534504834,49.3502257408094,2008-07-08,18,291.964981079102,276.767776489258,85651.765625,2889124,1.26593017578125,0.0983057022094727,17
-116.850534504834,49.3502257408094,2008-07-08,19,292.794403076172,277.350631713867,85690.17578125,3195466,1.56468200683594,0.0437154769897461,17
-116.850534504834,49.3502257408094,2008-07-08,20,293.932846069336,277.468811035156,85635.9453125,3341680,2.0986328125,0.0398035049438477,17
-116.750534047406,49.3502257408094,2008-07-08,17,292.049682617188,277.351272583008,87395.078125,2441776,1.03775024414062,0.100723266601562,18
-116.750534047406,49.3502257408094,2008-07-08,18,293.507949829102,277.058792114258,87354.765625,2891820,1.22100830078125,0.176430702209473,18
-116.750534047406,49.3502257408094,2008-07-08,19,294.390106201172,277.645553588867,87388.17578125,3197464,1.50315856933594,0.114027976989746,18
-116.750534047406,49.3502257408094,2008-07-08,20,295.489486694336,277.793029785156,87327.9453125,3348440,1.9716796875,0.0876550674438477,18
-116.650533589978,49.3502257408094,2008-07-08,17,291.496948242188,276.978225708008,86797.078125,2444964,1.05825805664062,0.179824829101562,19
-116.650533589978,49.3502257408094,2008-07-08,18,292.937637329102,276.709182739258,86759.765625,2894744,1.21710205078125,0.265297889709473,19
-116.650533589978,49.3502257408094,2008-07-08,19,293.819793701172,277.329147338867,86794.17578125,3199700,1.48460388183594,0.198988914489746,19
-116.650533589978,49.3502257408094,2008-07-08,20,294.850814819336,277.568420410156,86738.9453125,3353050,1.8994140625,0.158944129943848,19
-116.55053313255,49.3502257408094,2008-07-08,17,289.869995117188,276.189163208008,84909.078125,2448276,1.08755493164062,0.278457641601562,20
-116.55053313255,49.3502257408094,2008-07-08,18,291.252090454102,275.996292114258,84878.765625,2897846,1.26300048828125,0.382485389709473,20
-116.55053313255,49.3502257408094,2008-07-08,19,292.099090576172,276.670944213867,84917.17578125,3202228,1.51878356933594,0.318129539489746,20
-116.55053313255,49.3502257408094,2008-07-08,20,293.057846069336,277.002014160156,84871.9453125,3355926,1.9013671875,0.261483192443848,20
-116.950534962263,49.0502243685248,2008-07-24,17,287.189865112305,277.379196166992,82823.22265625,2319380,0.221817016601562,-0.405120849609375,1
-116.950534962263,49.0502243685248,2008-07-24,18,289.108825683594,276.507415771484,82839.64453125,2805920,0.307952880859375,-0.371841430664062,1
-116.950534962263,49.0502243685248,2008-07-24,19,289.943771362305,276.304397583008,82859.72265625,3110114,0.093353271484375,-0.20947265625,1
-116.950534962263,49.0502243685248,2008-07-24,20,291.164245605469,275.294540405273,82844.36328125,3140770,0.13909912109375,-0.306243896484375,1
-116.850534504834,49.0502243685248,2008-07-24,17,286.781661987305,277.334274291992,82481.22265625,2310076,0.204238891601562,-0.326995849609375,2
-116.850534504834,49.0502243685248,2008-07-24,18,288.819763183594,276.214447021484,82501.64453125,2809730,0.264007568359375,-0.281021118164062,2
-116.850534504834,49.0502243685248,2008-07-24,19,289.728927612305,276.042678833008,82523.72265625,3088356,0.048431396484375,-0.11181640625,2
-116.850534504834,49.0502243685248,2008-07-24,20,290.914245605469,275.110946655273,82511.36328125,3087440,0.05413818359375,-0.169525146484375,2
-116.750534047406,49.0502243685248,2008-07-24,17,288.480880737305,279.209274291992,85312.22265625,2301108,0.182754516601562,-0.250823974609375,3
-116.750534047406,49.0502243685248,2008-07-24,18,290.638122558594,277.765228271484,85316.64453125,2813580,0.217132568359375,-0.190200805664062,3
-116.750534047406,49.0502243685248,2008-07-24,19,291.559005737305,277.374710083008,85331.72265625,3066146,0.000579833984375,-0.01611328125,3
-116.750534047406,49.0502243685248,2008-07-24,20,292.734558105469,276.562118530273,85310.36328125,3033316,-0.03375244140625,-0.033782958984375,3
-116.650533589978,49.0502243685248,2008-07-24,17,290.633224487305,281.306930541992,88707.22265625,2290706,0.182754516601562,-0.185394287109375,4
-116.650533589978,49.0502243685248,2008-07-24,18,292.878356933594,279.581634521484,88690.64453125,2816132,0.195648193359375,-0.115005493164062,4
-116.650533589978,49.0502243685248,2008-07-24,19,293.812911987305,278.960647583008,88697.72265625,3039886,-0.027740478515625,0.04736328125,4
-116.650533589978,49.0502243685248,2008-07-24,20,294.963073730469,278.222274780273,88663.36328125,2973352,-0.08941650390625,0.075592041015625,4
-116.55053313255,49.0502243685248,2008-07-24,17,292.281661987305,282.263961791992,90929.22265625,2274666,0.266738891601562,-0.164886474609375,5
-116.55053313255,49.0502243685248,2008-07-24,18,294.491638183594,280.487884521484,90897.64453125,2813786,0.264984130859375,-0.0984039306640625,5
-116.55053313255,49.0502243685248,2008-07-24,19,295.510177612305,279.816116333008,90898.72265625,2999158,0.015228271484375,-0.00927734375,5
-116.55053313255,49.0502243685248,2008-07-24,20,296.574401855469,279.013290405273,90854.36328125,2892844,-0.02593994140625,0.084381103515625,5
-116.950534962263,49.150224825953,2008-07-24,17,287.277755737305,278.010055541992,83308.22265625,2313104,0.220840454101562,-0.343597412109375,6
-116.950534962263,49.150224825953,2008-07-24,18,289.227966308594,277.091400146484,83319.64453125,2802510,0.320648193359375,-0.317153930664062,6
-116.950534962263,49.150224825953,2008-07-24,19,290.139083862305,276.794631958008,83337.72265625,3109462,0.120697021484375,-0.20263671875,6
-116.950534962263,49.150224825953,2008-07-24,20,291.279479980469,275.993759155273,83323.36328125,3118670,0.21527099609375,-0.242767333984375,6
-116.850534504834,49.150224825953,2008-07-24,17,287.148849487305,277.906539916992,83223.22265625,2298980,0.260879516601562,-0.255706787109375,7
-116.850534504834,49.150224825953,2008-07-24,18,289.095153808594,277.009368896484,83235.64453125,2804438,0.328460693359375,-0.221450805664062,7
-116.850534504834,49.150224825953,2008-07-24,19,290.086349487305,276.841506958008,83253.72265625,3096110,0.120697021484375,-0.09716796875,7
-116.850534504834,49.150224825953,2008-07-24,20,291.193542480469,275.997665405273,83240.36328125,3080518,0.18011474609375,-0.112884521484375,7
-116.750534047406,49.150224825953,2008-07-24,17,288.760177612305,279.394821166992,85785.22265625,2285674,0.290176391601562,-0.169769287109375,8
-116.750534047406,49.150224825953,2008-07-24,18,290.702575683594,278.401947021484,85781.64453125,2806626,0.327484130859375,-0.126724243164062,8
-116.750534047406,49.150224825953,2008-07-24,19,291.726974487305,278.128616333008,85794.72265625,3081408,0.114837646484375,0.00830078125,8
-116.750534047406,49.150224825953,2008-07-24,20,292.840026855469,277.431259155273,85771.36328125,3039864,0.13616943359375,0.016998291015625,8
-116.650533589978,49.150224825953,2008-07-24,17,290.062911987305,281.004196166992,88129.22265625,2269646,0.343887329101562,-0.093597412109375,9
-116.650533589978,49.150224825953,2008-07-24,18,292.237731933594,279.587493896484,88109.64453125,2807374,0.349945068359375,-0.0476226806640625,9
-116.650533589978,49.150224825953,2008-07-24,19,293.305099487305,279.210647583008,88114.72265625,3065684,0.121673583984375,0.08251953125,9
-116.650533589978,49.150224825953,2008-07-24,20,294.400573730469,278.526962280273,88084.36328125,2998760,0.11663818359375,0.117584228515625,9
-116.55053313255,49.150224825953,2008-07-24,17,291.076583862305,281.693649291992,89605.22265625,2249788,0.391738891601562,-0.074066162109375,10
-116.55053313255,49.150224825953,2008-07-24,18,293.290466308594,280.179290771484,89577.64453125,2805436,0.372406005859375,-0.0388336181640625,10
-116.55053313255,49.150224825953,2008-07-24,19,294.400802612305,279.724319458008,89576.72265625,3036680,0.101165771484375,0.02880859375,10
-116.55053313255,49.150224825953,2008-07-24,20,295.445495605469,279.001571655273,89541.36328125,2938094,0.10003662109375,0.114654541015625,10
-116.950534962263,49.2502252833812,2008-07-24,17,287.113693237305,278.388961791992,83379.22265625,2307798,0.207168579101562,-0.285003662109375,11
-116.950534962263,49.2502252833812,2008-07-24,18,289.101013183594,277.398040771484,83388.64453125,2799520,0.322601318359375,-0.263442993164062,11
-116.950534962263,49.2502252833812,2008-07-24,19,290.076583862305,276.941116333008,83405.72265625,3106946,0.138275146484375,-0.19970703125,11
-116.950534962263,49.2502252833812,2008-07-24,20,291.142761230469,276.390243530273,83394.36328125,3093372,0.28265380859375,-0.176361083984375,11
-116.850534504834,49.2502252833812,2008-07-24,17,288.184005737305,279.527633666992,85327.22265625,2288116,0.312637329101562,-0.184417724609375,12
-116.850534504834,49.2502252833812,2008-07-24,18,290.251403808594,278.439056396484,85324.64453125,2799230,0.389007568359375,-0.162857055664062,12
-116.850534504834,49.2502252833812,2008-07-24,19,291.307052612305,278.111038208008,85334.72265625,3103228,0.190032958984375,-0.08251953125,12
-116.850534504834,49.2502252833812,2008-07-24,20,292.353698730469,277.435165405273,85315.36328125,3072524,0.30218505859375,-0.056243896484375,12
-116.750534047406,49.2502252833812,2008-07-24,17,289.342208862305,280.178024291992,87037.22265625,2269554,0.404434204101562,-0.087738037109375,13
-116.750534047406,49.2502252833812,2008-07-24,18,291.458435058594,279.019134521484,87022.64453125,2799420,0.444671630859375,-0.0622711181640625,13
-116.750534047406,49.2502252833812,2008-07-24,19,292.605880737305,278.652053833008,87027.72265625,3097556,0.232025146484375,0.03271484375,13
-116.750534047406,49.2502252833812,2008-07-24,20,293.652526855469,277.923446655273,87002.36328125,3048254,0.31195068359375,0.066802978515625,13
-116.650533589978,49.2502252833812,2008-07-24,17,290.435958862305,280.986618041992,88760.22265625,2250760,0.498184204101562,0.007965087890625,14
-116.650533589978,49.2502252833812,2008-07-24,18,292.772888183594,279.462493896484,88732.64453125,2799520,0.500335693359375,0.0363616943359375,14
-116.650533589978,49.2502252833812,2008-07-24,19,294.017990112305,278.956741333008,88731.72265625,3091724,0.274017333984375,0.14501953125,14
-116.650533589978,49.2502252833812,2008-07-24,20,295.072448730469,278.202743530273,88700.36328125,3023898,0.32171630859375,0.185943603515625,14
-116.55053313255,49.2502252833812,2008-07-24,17,289.439865112305,280.328414916992,87321.22265625,2223236,0.527481079101562,-0.001800537109375,15
-116.55053313255,49.2502252833812,2008-07-24,18,291.630310058594,279.048431396484,87306.64453125,2795860,0.492523193359375,-0.0036773681640625,15
-116.55053313255,49.2502252833812,2008-07-24,19,292.859786987305,278.773147583008,87307.72265625,3069384,0.189056396484375,0.02197265625,15
-116.55053313255,49.2502252833812,2008-07-24,20,293.855651855469,278.005477905273,87280.36328125,2976492,0.24456787109375,0.109771728515625,15
-116.950534962263,49.3502257408094,2008-07-24,17,287.412521362305,278.170211791992,83677.22265625,2304748,0.273574829101562,-0.191253662109375,16
-116.950534962263,49.3502257408094,2008-07-24,18,289.351013183594,277.251556396484,83681.64453125,2797614,0.388031005859375,-0.138442993164062,16
-116.950534962263,49.3502257408094,2008-07-24,19,290.307052612305,276.884475708008,83699.72265625,3096746,0.233001708984375,-0.12548828125,16
-116.950534962263,49.3502257408094,2008-07-24,20,291.287292480469,276.401962280273,83688.36328125,3068872,0.37738037109375,-0.089447021484375,16
-116.850534504834,49.3502257408094,2008-07-24,17,288.646896362305,279.217086791992,85710.22265625,2284650,0.386856079101562,-0.109222412109375,17
-116.850534504834,49.3502257408094,2008-07-24,18,290.647888183594,278.220306396484,85702.64453125,2796030,0.465179443359375,-0.0564117431640625,17
-116.850534504834,49.3502257408094,2008-07-24,19,291.689865112305,277.915725708008,85712.72265625,3098832,0.293548583984375,-0.02001953125,17
-116.850534504834,49.3502257408094,2008-07-24,20,292.631042480469,277.403915405273,85695.36328125,3058182,0.40667724609375,0.002349853515625,17
-116.750534047406,49.3502257408094,2008-07-24,17,289.941818237305,279.693649291992,87435.22265625,2264494,0.501113891601562,-0.027191162109375,18
-116.750534047406,49.3502257408094,2008-07-24,18,292.077575683594,278.487884521484,87417.64453125,2794464,0.542327880859375,0.0246429443359375,18
-116.750534047406,49.3502257408094,2008-07-24,19,293.248458862305,278.091506958008,87419.72265625,3100864,0.354095458984375,0.08544921875,18
-116.750534047406,49.3502257408094,2008-07-24,20,294.164245605469,277.560165405273,87397.36328125,3047466,0.43597412109375,0.094146728515625,18
-116.650533589978,49.3502257408094,2008-07-24,17,289.449630737305,279.367477416992,86838.22265625,2242166,0.584121704101562,0.028472900390625,19
-116.650533589978,49.3502257408094,2008-07-24,18,291.585388183594,278.204681396484,86823.64453125,2791814,0.588226318359375,0.0695648193359375,19
-116.650533589978,49.3502257408094,2008-07-24,19,292.801193237305,277.882522583008,86826.72265625,3099372,0.368743896484375,0.13427734375,19
-116.650533589978,49.3502257408094,2008-07-24,20,293.672058105469,277.394149780273,86806.36328125,3032184,0.43206787109375,0.142974853515625,19
-116.55053313255,49.3502257408094,2008-07-24,17,288.017990112305,278.547164916992,84941.22265625,2216264,0.614395141601562,0.046051025390625,20
-116.55053313255,49.3502257408094,2008-07-24,18,290.056091308594,277.583587646484,84938.64453125,2787950,0.579437255859375,0.0607757568359375,20
-116.55053313255,49.3502257408094,2008-07-24,19,291.264083862305,277.443069458008,84946.72265625,3089110,0.303314208984375,0.08935546875,20
-116.55053313255,49.3502257408094,2008-07-24,20,292.086120605469,276.982040405273,84932.36328125,3004278,0.36859130859375,0.126373291015625,20
-116.950534962263,49.0502243685248,2009-07-11,17,290.444564819336,276.024932861328,82840.42578125,2436656,-0.178070068359375,-0.485663414001465,1
-116.950534962263,49.0502243685248,2009-07-11,18,291.698959350586,275.827941894531,82852.16796875,2894452,-0.441757202148438,-0.337018013000488,1
-116.950534962263,49.0502243685248,2009-07-11,19,292.500900268555,276.699554443359,82869.671875,3193752,-0.339950561523438,-0.303895950317383,1
-116.950534962263,49.0502243685248,2009-07-11,20,293.314239501953,276.483047485352,82829.8828125,3264672,-0.435958862304688,-0.0038604736328125,1
-116.850534504834,49.0502243685248,2009-07-11,17,290.018783569336,275.808135986328,82504.42578125,2440132,-0.209320068359375,-0.333319664001465,2
-116.850534504834,49.0502243685248,2009-07-11,18,291.302474975586,275.484191894531,82520.16796875,2897056,-0.455429077148438,-0.204205513000488,2
-116.850534504834,49.0502243685248,2009-07-11,19,292.096603393555,276.398773193359,82538.671875,3202688,-0.383895874023438,-0.175966262817383,2
-116.850534504834,49.0502243685248,2009-07-11,20,292.917755126953,276.022109985352,82501.8828125,3275220,-0.464279174804688,0.112350463867188,2
-116.750534047406,49.0502243685248,2009-07-11,17,292.096908569336,277.761260986328,85302.42578125,2443688,-0.242523193359375,-0.179999351501465,3
-116.750534047406,49.0502243685248,2009-07-11,18,293.390365600586,277.288879394531,85309.16796875,2899732,-0.472030639648438,-0.0713930130004883,3
-116.750534047406,49.0502243685248,2009-07-11,19,294.170822143555,278.209320068359,85321.671875,3211576,-0.430770874023438,-0.0509662628173828,3
-116.750534047406,49.0502243685248,2009-07-11,20,295.001739501953,277.670547485352,85275.8828125,3285748,-0.496505737304688,0.227584838867188,3
-116.650533589978,49.0502243685248,2009-07-11,17,294.634017944336,280.001495361328,88656.42578125,2447052,-0.255218505859375,-0.0510931015014648,4
-116.650533589978,49.0502243685248,2009-07-11,18,295.941146850586,279.376770019531,88651.16796875,2902216,-0.464218139648438,0.0418882369995117,4
-116.650533589978,49.0502243685248,2009-07-11,19,296.707931518555,280.289398193359,88655.671875,3219380,-0.443466186523438,0.0613384246826172,4
-116.650533589978,49.0502243685248,2009-07-11,20,297.552520751953,279.592422485352,88599.8828125,3296524,-0.493576049804688,0.330123901367188,4
-116.55053313255,49.0502243685248,2009-07-11,17,296.350814819336,281.124542236328,90850.42578125,2449656,-0.193695068359375,-0.0130071640014648,5
-116.55053313255,49.0502243685248,2009-07-11,18,297.681381225586,280.365051269531,90834.16796875,2903936,-0.371444702148438,0.0858335494995117,5
-116.55053313255,49.0502243685248,2009-07-11,19,298.448165893555,281.244476318359,90833.671875,3223192,-0.330184936523438,0.123838424682617,5
-116.55053313255,49.0502243685248,2009-07-11,20,299.314239501953,280.408828735352,90770.8828125,3308320,-0.362716674804688,0.391647338867188,5
-116.950534962263,49.150224825953,2009-07-11,17,290.690658569336,276.802276611328,83320.42578125,2432972,-0.093109130859375,-0.477850914001465,6
-116.950534962263,49.150224825953,2009-07-11,18,291.958724975586,276.579895019531,83332.16796875,2890028,-0.350936889648438,-0.363385200500488,6
-116.950534962263,49.150224825953,2009-07-11,19,292.786056518555,277.453460693359,83345.671875,3185960,-0.209091186523438,-0.320497512817383,6
-116.950534962263,49.150224825953,2009-07-11,20,293.570098876953,277.235000610352,83305.8828125,3232216,-0.317794799804688,-0.0429229736328125,6
-116.850534504834,49.150224825953,2009-07-11,17,290.477767944336,276.761260986328,83237.42578125,2435664,-0.096038818359375,-0.336249351501465,7
-116.850534504834,49.150224825953,2009-07-11,18,291.759506225586,276.462707519531,83250.16796875,2891812,-0.332382202148438,-0.220807075500488,7
-116.850534504834,49.150224825953,2009-07-11,19,292.602462768555,277.430023193359,83265.671875,3195596,-0.214950561523438,-0.174989700317383,7
-116.850534504834,49.150224825953,2009-07-11,20,293.386505126953,276.961563110352,83224.8828125,3244140,-0.295333862304688,0.109420776367188,7
-116.750534047406,49.150224825953,2009-07-11,17,292.421127319336,278.599151611328,85770.42578125,2438456,-0.102874755859375,-0.193671226501465,8
-116.750534047406,49.150224825953,2009-07-11,18,293.706771850586,278.165832519531,85774.16796875,2893764,-0.319686889648438,-0.0801820755004883,8
-116.750534047406,49.150224825953,2009-07-11,19,294.545822143555,279.156585693359,85783.671875,3205104,-0.226669311523438,-0.0324115753173828,8
-116.750534047406,49.150224825953,2009-07-11,20,295.337677001953,278.471328735352,85735.8828125,3255848,-0.281661987304688,0.256881713867188,8
-116.650533589978,49.150224825953,2009-07-11,17,294.139877319336,280.179229736328,88083.42578125,2441008,-0.095062255859375,-0.0725774765014648,9
-116.650533589978,49.150224825953,2009-07-11,18,295.437240600586,279.648254394531,88080.16796875,2895428,-0.288436889648438,0.0457944869995117,9
-116.650533589978,49.150224825953,2009-07-11,19,296.258712768555,280.547210693359,88082.671875,3213800,-0.211044311523438,0.101377487182617,9
-116.650533589978,49.150224825953,2009-07-11,20,297.070098876953,279.752578735352,88028.8828125,3268340,-0.238693237304688,0.398483276367188,9
-116.55053313255,49.150224825953,2009-07-11,17,295.268783569336,281.050323486328,89543.42578125,2443728,-0.080413818359375,-0.0198431015014648,10
-116.55053313255,49.150224825953,2009-07-11,18,296.579818725586,280.449035644531,89533.16796875,2897272,-0.250350952148438,0.101458549499512,10
-116.55053313255,49.150224825953,2009-07-11,19,297.387619018555,281.312835693359,89533.671875,3218304,-0.160263061523438,0.177549362182617,10
-116.55053313255,49.150224825953,2009-07-11,20,298.232208251953,280.442031860352,89472.8828125,3282584,-0.173263549804688,0.470748901367188,10
-116.950534962263,49.2502252833812,2009-07-11,17,290.579330444336,277.208526611328,83390.42578125,2429436,-0.014984130859375,-0.469061851501465,11
-116.950534962263,49.2502252833812,2009-07-11,18,291.866928100586,276.958801269531,83402.16796875,2885760,-0.267929077148438,-0.390728950500488,11
-116.950534962263,49.2502252833812,2009-07-11,19,292.719650268555,277.814788818359,83415.671875,3177932,-0.0870208740234375,-0.342958450317383,11
-116.950534962263,49.2502252833812,2009-07-11,20,293.474395751953,277.645156860352,83373.8828125,3199508,-0.209396362304688,-0.0897979736328125,11
-116.850534504834,49.2502252833812,2009-07-11,17,292.065658569336,278.632354736328,85315.42578125,2431220,0.015289306640625,-0.340155601501465,12
-116.850534504834,49.2502252833812,2009-07-11,18,293.351303100586,278.367004394531,85321.16796875,2886636,-0.212265014648438,-0.237408638000488,12
-116.850534504834,49.2502252833812,2009-07-11,19,294.229415893555,279.322601318359,85327.671875,3188356,-0.0489349365234375,-0.174989700317383,12
-116.850534504834,49.2502252833812,2009-07-11,20,294.982208251953,278.809219360352,85281.8828125,3212924,-0.130294799804688,0.103561401367188,12
-116.750534047406,49.2502252833812,2009-07-11,17,293.495346069336,279.483917236328,87004.42578125,2433164,0.037750244140625,-0.208319664001465,13
-116.750534047406,49.2502252833812,2009-07-11,18,294.814193725586,279.118957519531,87003.16796875,2887696,-0.163436889648438,-0.0860414505004883,13
-116.750534047406,49.2502252833812,2009-07-11,19,295.721603393555,280.047210693359,87006.671875,3198660,-0.0196380615234375,-0.0119037628173828,13
-116.750534047406,49.2502252833812,2009-07-11,20,296.484161376953,279.272109985352,86954.8828125,3226036,-0.0619354248046875,0.289108276367188,13
-116.650533589978,49.2502252833812,2009-07-11,17,294.968002319336,280.169464111328,88704.42578125,2435096,0.062164306640625,-0.0784368515014648,14
-116.650533589978,49.2502252833812,2009-07-11,18,296.335678100586,279.687316894531,88697.16796875,2888740,-0.113632202148438,0.0633726119995117,14
-116.650533589978,49.2502252833812,2009-07-11,19,297.260665893555,280.459320068359,88696.671875,3208896,0.0106353759765625,0.150205612182617,14
-116.650533589978,49.2502252833812,2009-07-11,20,298.044708251953,279.529922485352,88637.8828125,3239212,0.0074005126953125,0.473678588867188,14
-116.55053313255,49.2502252833812,2009-07-11,17,293.594955444336,279.923370361328,87291.42578125,2437744,0.046539306640625,-0.0540227890014648,15
-116.55053313255,49.2502252833812,2009-07-11,18,294.913803100586,279.515441894531,87289.16796875,2890520,-0.115585327148438,0.0936460494995117,15
-116.55053313255,49.2502252833812,2009-07-11,19,295.776290893555,280.248382568359,87292.671875,3211860,0.0350494384765625,0.210752487182617,15
-116.55053313255,49.2502252833812,2009-07-11,20,296.603302001953,279.432266235352,87237.8828125,3257424,0.0406036376953125,0.529342651367188,15
-116.950534962263,49.3502257408094,2009-07-11,17,290.768783569336,277.396026611328,83686.42578125,2426572,0.040679931640625,-0.381171226501465,16
-116.950534962263,49.3502257408094,2009-07-11,18,292.079818725586,277.242004394531,83696.16796875,2880696,-0.167343139648438,-0.291119575500488,16
-116.950534962263,49.3502257408094,2009-07-11,19,292.942306518555,278.049163818359,83708.671875,3170768,0.0301666259765625,-0.233583450317383,16
-116.950534962263,49.3502257408094,2009-07-11,20,293.697052001953,277.844375610352,83664.8828125,3186636,-0.0863494873046875,-0.0048370361328125,16
-116.850534504834,49.3502257408094,2009-07-11,17,292.434799194336,278.792510986328,85697.42578125,2428424,0.093414306640625,-0.266913414001465,17
-116.850534504834,49.3502257408094,2009-07-11,18,293.755599975586,278.640441894531,85700.16796875,2881752,-0.0901947021484375,-0.146588325500488,17
-116.850534504834,49.3502257408094,2009-07-11,19,294.629806518555,279.455413818359,85706.671875,3180220,0.0887603759765625,-0.0753803253173828,17
-116.850534504834,49.3502257408094,2009-07-11,20,295.388458251953,279.008438110352,85656.8828125,3199908,0.0122833251953125,0.162155151367188,17
-116.750534047406,49.3502257408094,2009-07-11,17,294.071517944336,279.308135986328,87401.42578125,2430304,0.146148681640625,-0.152655601501465,18
-116.750534047406,49.3502257408094,2009-07-11,18,295.466537475586,279.038879394531,87398.16796875,2882812,-0.0140228271484375,-0.00303363800048828,18
-116.750534047406,49.3502257408094,2009-07-11,19,296.366134643555,279.777679443359,87400.671875,3189680,0.147354125976562,0.0828227996826172,18
-116.750534047406,49.3502257408094,2009-07-11,20,297.140411376953,279.123672485352,87344.8828125,3213184,0.110916137695312,0.328170776367188,18
-116.650533589978,49.3502257408094,2009-07-11,17,293.475814819336,279.073760986328,86814.42578125,2432300,0.176422119140625,-0.0598821640014648,19
-116.650533589978,49.3502257408094,2009-07-11,18,294.847396850586,278.835754394531,86814.16796875,2884068,0.0357818603515625,0.115130424499512,19
-116.650533589978,49.3502257408094,2009-07-11,19,295.737228393555,279.558929443359,86817.671875,3196848,0.188369750976562,0.216611862182617,19
-116.650533589978,49.3502257408094,2009-07-11,20,296.529083251953,278.852188110352,86763.8828125,3227380,0.183181762695312,0.462936401367188,19
-116.55053313255,49.3502257408094,2009-07-11,17,291.686752319336,278.433135986328,84947.42578125,2434496,0.159820556640625,0.000664710998535156,20
-116.55053313255,49.3502257408094,2009-07-11,18,292.991928100586,278.300598144531,84952.16796875,2885548,0.0308990478515625,0.189349174499512,20
-116.55053313255,49.3502257408094,2009-07-11,19,293.840744018555,279.019866943359,84961.671875,3200684,0.194229125976562,0.311338424682617,20
-116.55053313255,49.3502257408094,2009-07-11,20,294.656036376953,278.387344360352,84914.8828125,3243380,0.207595825195312,0.552780151367188,20
-116.950534962263,49.0502243685248,2009-07-27,17,291.590576171875,282.256713867188,83287.30078125,2087324,-0.669921875,-0.0267715454101562,1
-116.950534962263,49.0502243685248,2009-07-27,18,293.011734008789,281.664611816406,83254.23828125,2684998,-0.444427490234375,-0.465293884277344,1
-116.950534962263,49.0502243685248,2009-07-27,19,294.3046875,281.905120849609,83224.8203125,2798304,0.258056640625,-0.447585105895996,1
-116.950534962263,49.0502243685248,2009-07-27,20,295.411911010742,282.124877929688,83199.703125,2973356,0.392807006835938,-0.673523902893066,1
-116.850534504834,49.0502243685248,2009-07-27,17,291.240966796875,281.731323242188,82952.30078125,2096150,-0.64453125,-0.0209121704101562,2
-116.850534504834,49.0502243685248,2009-07-27,18,292.669937133789,281.250549316406,82922.23828125,2671664,-0.490325927734375,-0.311973571777344,2
-116.850534504834,49.0502243685248,2009-07-27,19,294.029296875,281.305511474609,82892.8203125,2803434,0.180908203125,-0.350905418395996,2
-116.850534504834,49.0502243685248,2009-07-27,20,295.091598510742,281.470581054688,82868.703125,2930354,0.284408569335938,-0.570984840393066,2
-116.750534047406,49.0502243685248,2009-07-27,17,293.217529296875,283.309448242188,85748.30078125,2104938,-0.6181640625,-0.0150527954101562,3
-116.750534047406,49.0502243685248,2009-07-27,18,294.652359008789,282.873596191406,85705.23828125,2658298,-0.538177490234375,-0.159629821777344,3
-116.750534047406,49.0502243685248,2009-07-27,19,296.07421875,282.711761474609,85660.8203125,2808868,0.101806640625,-0.253249168395996,3
-116.750534047406,49.0502243685248,2009-07-27,20,297.093551635742,282.794799804688,85626.703125,2886990,0.173080444335938,-0.469422340393066,3
-116.650533589978,49.0502243685248,2009-07-27,17,295.619873046875,285.260620117188,89100.30078125,2114192,-0.591796875,-0.0179824829101562,4
-116.650533589978,49.0502243685248,2009-07-27,18,297.060562133789,284.828674316406,89042.23828125,2643622,-0.570404052734375,-0.0365829467773438,4
-116.650533589978,49.0502243685248,2009-07-27,19,298.54296875,284.473480224609,88977.8203125,2815348,0.044189453125,-0.166335105895996,4
-116.650533589978,49.0502243685248,2009-07-27,20,299.509567260742,284.472534179688,88932.703125,2842022,0.0881195068359375,-0.374695777893066,4
-116.55053313255,49.0502243685248,2009-07-27,17,297.207763671875,286.496948242188,91293.30078125,2125182,-0.5615234375,-0.0511856079101562,5
-116.55053313255,49.0502243685248,2009-07-27,18,298.642593383789,286.006408691406,91226.23828125,2624212,-0.548919677734375,-0.0170516967773438,5
-116.55053313255,49.0502243685248,2009-07-27,19,300.1640625,285.573089599609,91148.8203125,2825160,0.064697265625,-0.120436668395996,5
-116.55053313255,49.0502243685248,2009-07-27,20,301.052536010742,285.533081054688,91096.703125,2791550,0.0959320068359375,-0.304383277893066,5
-116.950534962263,49.150224825953,2009-07-27,17,291.842529296875,282.662963867188,83766.30078125,2078336,-0.6123046875,0.0552597045898438,6
-116.950534962263,49.150224825953,2009-07-27,18,293.222671508789,282.172424316406,83730.23828125,2674868,-0.334075927734375,-0.455528259277344,6
-116.950534962263,49.150224825953,2009-07-27,19,294.615234375,282.309417724609,83697.8203125,2836484,0.342041015625,-0.452467918395996,6
-116.950534962263,49.150224825953,2009-07-27,20,295.648239135742,282.505737304688,83671.703125,2956446,0.472885131835938,-0.740906715393066,6
-116.850534504834,49.150224825953,2009-07-27,17,291.664794921875,282.428588867188,83684.30078125,2087668,-0.5849609375,0.0728378295898438,7
-116.850534504834,49.150224825953,2009-07-27,18,293.052749633789,282.031799316406,83650.23828125,2662460,-0.362396240234375,-0.287559509277344,7
-116.850534504834,49.150224825953,2009-07-27,19,294.474609375,281.987152099609,83615.8203125,2836350,0.306884765625,-0.379225730895996,7
-116.850534504834,49.150224825953,2009-07-27,20,295.480270385742,282.142456054688,83590.703125,2919254,0.421127319335938,-0.636414527893066,7
-116.750534047406,49.150224825953,2009-07-27,17,293.457763671875,283.981323242188,86216.30078125,2096906,-0.5595703125,0.0884628295898438,8
-116.750534047406,49.150224825953,2009-07-27,18,294.849624633789,283.637268066406,86170.23828125,2649856,-0.394622802734375,-0.122520446777344,8
-116.750534047406,49.150224825953,2009-07-27,19,296.302734375,283.377777099609,86121.8203125,2837098,0.264892578125,-0.302077293395996,8
-116.750534047406,49.150224825953,2009-07-27,20,297.275192260742,283.472534179688,86086.703125,2881064,0.359603881835938,-0.530945777893066,8
-116.650533589978,49.150224825953,2009-07-27,17,295.084716796875,285.371948242188,88529.30078125,2106826,-0.5361328125,0.0982284545898438,9
-116.650533589978,49.150224825953,2009-07-27,18,296.478530883789,285.059143066406,88473.23828125,2636474,-0.414154052734375,0.0190811157226562,9
-116.650533589978,49.150224825953,2009-07-27,19,297.955078125,284.610198974609,88409.8203125,2837088,0.244384765625,-0.235671043395996,9
-116.650533589978,49.150224825953,2009-07-27,20,298.894332885742,284.663940429688,88366.703125,2843262,0.325424194335938,-0.427430152893066,9
-116.55053313255,49.150224825953,2009-07-27,17,296.102294921875,286.241088867188,89989.30078125,2118720,-0.529296875,0.0679550170898438,10
-116.55053313255,49.150224825953,2009-07-27,18,297.484390258789,285.916564941406,89927.23828125,2619516,-0.423919677734375,0.0561904907226562,10
-116.55053313255,49.150224825953,2009-07-27,19,299.005859375,285.397308349609,89853.8203125,2840554,0.240478515625,-0.169264793395996,10
-116.55053313255,49.150224825953,2009-07-27,20,299.892379760742,285.435424804688,89806.703125,2800048,0.301010131835938,-0.328797340393066,10
-116.950534962263,49.2502252833812,2009-07-27,17,291.797607421875,282.752807617188,83838.30078125,2069176,-0.5537109375,0.135337829589844,11
-116.950534962263,49.2502252833812,2009-07-27,18,293.136734008789,282.365783691406,83799.23828125,2664584,-0.226654052734375,-0.446739196777344,11
-116.950534962263,49.2502252833812,2009-07-27,19,294.63671875,282.395355224609,83765.8203125,2875888,0.416259765625,-0.450514793395996,11
-116.950534962263,49.2502252833812,2009-07-27,20,295.599411010742,282.568237304688,83740.703125,2938312,0.540267944335938,-0.810242652893066,11
-116.850534504834,49.2502252833812,2009-07-27,17,293.133544921875,284.059448242188,85763.30078125,2079128,-0.5263671875,0.165611267089844,12
-116.850534504834,49.2502252833812,2009-07-27,18,294.476577758789,283.721252441406,85716.23828125,2653140,-0.235443115234375,-0.264122009277344,12
-116.850534504834,49.2502252833812,2009-07-27,19,295.966796875,283.565277099609,85668.8203125,2869688,0.428955078125,-0.405592918395996,12
-116.850534504834,49.2502252833812,2009-07-27,20,296.911911010742,283.699096679688,85638.703125,2907698,0.551986694335938,-0.700867652893066,12
-116.750534047406,49.2502252833812,2009-07-27,17,294.416748046875,284.922729492188,87451.30078125,2088932,-0.4990234375,0.192955017089844,13
-116.750534047406,49.2502252833812,2009-07-27,18,295.828140258789,284.604064941406,87398.23828125,2641508,-0.248138427734375,-0.0844345092773438,13
-116.750534047406,49.2502252833812,2009-07-27,19,297.314453125,284.194183349609,87341.8203125,2864704,0.431884765625,-0.353835105895996,13
-116.750534047406,49.2502252833812,2009-07-27,20,298.257614135742,284.273315429688,87302.703125,2875808,0.551986694335938,-0.592469215393066,13
-116.650533589978,49.2502252833812,2009-07-27,17,295.758544921875,285.686401367188,89151.30078125,2098792,-0.47265625,0.220298767089844,14
-116.650533589978,49.2502252833812,2009-07-27,18,297.259780883789,285.367736816406,89091.23828125,2629786,-0.259857177734375,0.0932998657226562,14
-116.650533589978,49.2502252833812,2009-07-27,19,298.740234375,284.684417724609,89025.8203125,2859682,0.435791015625,-0.304030418395996,14
-116.650533589978,49.2502252833812,2009-07-27,20,299.685348510742,284.706909179688,88977.703125,2843942,0.551986694335938,-0.483094215393066,14
-116.55053313255,49.2502252833812,2009-07-27,17,294.430419921875,285.180541992188,87738.30078125,2112918,-0.5,0.172447204589844,15
-116.55053313255,49.2502252833812,2009-07-27,18,295.791030883789,284.998596191406,87686.23828125,2613354,-0.288177490234375,0.0923233032226562,15
-116.55053313255,49.2502252833812,2009-07-27,19,297.3125,284.412933349609,87624.8203125,2857068,0.429931640625,-0.223952293395996,15
-116.55053313255,49.2502252833812,2009-07-27,20,298.181442260742,284.521362304688,87584.703125,2806610,0.521713256835938,-0.357117652893066,15
-116.950534962263,49.3502257408094,2009-07-27,17,292.006591796875,282.979370117188,84133.30078125,2046706,-0.451171875,0.262290954589844,16
-116.950534962263,49.3502257408094,2009-07-27,18,293.371109008789,282.615783691406,84091.23828125,2647260,-0.085052490234375,-0.356895446777344,16
-116.950534962263,49.3502257408094,2009-07-27,19,294.892578125,282.522308349609,84056.8203125,2892472,0.470947265625,-0.386061668395996,16
-116.950534962263,49.3502257408094,2009-07-27,20,295.783004760742,282.689331054688,84030.703125,2920708,0.572494506835938,-0.698914527893066,16
-116.850534504834,49.3502257408094,2009-07-27,17,293.494873046875,284.373901367188,86143.30078125,2058870,-0.4140625,0.289634704589844,17
-116.850534504834,49.3502257408094,2009-07-27,18,294.886734008789,284.002502441406,86093.23828125,2636350,-0.084075927734375,-0.203575134277344,17
-116.850534504834,49.3502257408094,2009-07-27,19,296.384765625,283.721527099609,86046.8203125,2884612,0.510009765625,-0.361647605895996,17
-116.850534504834,49.3502257408094,2009-07-27,20,297.269332885742,283.843627929688,86012.703125,2894326,0.617416381835938,-0.599305152893066,17
-116.750534047406,49.3502257408094,2009-07-27,17,294.944091796875,285.149291992188,87847.30078125,2070988,-0.3759765625,0.317955017089844,18
-116.750534047406,49.3502257408094,2009-07-27,18,296.464859008789,284.734924316406,87791.23828125,2625442,-0.083099365234375,-0.0512313842773438,18
-116.750534047406,49.3502257408094,2009-07-27,19,297.94140625,284.147308349609,87733.8203125,2876702,0.549072265625,-0.336256980895996,18
-116.750534047406,49.3502257408094,2009-07-27,20,298.843551635742,284.201049804688,87692.703125,2867906,0.662338256835938,-0.499695777893066,18
-116.650533589978,49.3502257408094,2009-07-27,17,294.328857421875,284.871948242188,87262.30078125,2084444,-0.3564453125,0.329673767089844,19
-116.650533589978,49.3502257408094,2009-07-27,18,295.851577758789,284.574768066406,87210.23828125,2613374,-0.095794677734375,0.0630264282226562,19
-116.650533589978,49.3502257408094,2009-07-27,19,297.30078125,283.869964599609,87152.8203125,2868812,0.570556640625,-0.297194480895996,19
-116.650533589978,49.3502257408094,2009-07-27,20,298.179489135742,283.919799804688,87112.703125,2840326,0.682846069335938,-0.391297340393066,19
-116.55053313255,49.3502257408094,2009-07-27,17,292.606201171875,284.002807617188,85397.30078125,2099102,-0.369140625,0.314048767089844,20
-116.55053313255,49.3502257408094,2009-07-27,18,294.039077758789,283.930236816406,85353.23828125,2599042,-0.130950927734375,0.120643615722656,20
-116.55053313255,49.3502257408094,2009-07-27,19,295.494140625,283.229339599609,85302.8203125,2861824,0.555908203125,-0.224928855895996,20
-116.55053313255,49.3502257408094,2009-07-27,20,296.316207885742,283.333862304688,85266.703125,2808856,0.651596069335938,-0.266297340393066,20
-116.950534962263,49.0502243685248,2009-08-28,17,293.755340576172,274.661270141602,83230.375,1965364,-1.00985717773438,-0.363357543945312,1
-116.950534962263,49.0502243685248,2009-08-28,18,295.773254394531,273.828323364258,83210.14453125,2443540,-1.1927490234375,-0.246322631835938,1
-116.950534962263,49.0502243685248,2009-08-28,19,296.209167480469,272.80207824707,83234.8203125,2771820,-1.38935852050781,-0.211654663085938,1
-116.950534962263,49.0502243685248,2009-08-28,20,297.460754394531,272.749298095703,83187.8125,2920920,-1.92326354980469,-0.084686279296875,1
-116.850534504834,49.0502243685248,2009-08-28,17,293.349090576172,274.862442016602,82901.375,1969026,-0.896575927734375,-0.397537231445312,2
-116.850534504834,49.0502243685248,2009-08-28,18,295.370910644531,273.972854614258,82886.14453125,2446912,-1.0911865234375,-0.256088256835938,2
-116.850534504834,49.0502243685248,2009-08-28,19,295.818542480469,272.71809387207,82912.8203125,2774384,-1.26728820800781,-0.223373413085938,2
-116.850534504834,49.0502243685248,2009-08-28,20,297.109191894531,272.624298095703,82868.8125,2922092,-1.68888854980469,-0.087615966796875,2
-116.750534047406,49.0502243685248,2009-08-28,17,294.616668701172,276.616348266602,85691.375,1972666,-0.781341552734375,-0.432693481445312,3
-116.750534047406,49.0502243685248,2009-08-28,18,296.634582519531,275.631057739258,85660.14453125,2450310,-0.9896240234375,-0.265853881835938,3
-116.750534047406,49.0502243685248,2009-08-28,19,297.093933105469,274.11457824707,85686.8203125,2776978,-1.14424133300781,-0.236068725585938,3
-116.750534047406,49.0502243685248,2009-08-28,20,298.411926269531,273.964141845703,85630.8125,2923236,-1.45353698730469,-0.091522216796875,3
-116.650533589978,49.0502243685248,2009-08-28,17,296.216278076172,278.407363891602,89036.375,1976134,-0.686614990234375,-0.468826293945312,4
-116.650533589978,49.0502243685248,2009-08-28,18,298.242004394531,277.328323364258,88985.14453125,2453472,-0.8968505859375,-0.282455444335938,4
-116.650533589978,49.0502243685248,2009-08-28,19,298.715026855469,275.56575012207,89011.8203125,2779378,-1.03486633300781,-0.254623413085938,4
-116.650533589978,49.0502243685248,2009-08-28,20,300.060363769531,275.362579345703,88940.8125,2924270,-1.24357604980469,-0.102264404296875,4
-116.55053313255,49.0502243685248,2009-08-28,17,297.352996826172,278.842910766602,91233.375,1978990,-0.664154052734375,-0.513748168945312,5
-116.55053313255,49.0502243685248,2009-08-28,18,299.437316894531,277.720901489258,91166.14453125,2455744,-0.8431396484375,-0.325424194335938,5
-116.55053313255,49.0502243685248,2009-08-28,19,299.939636230469,275.80598449707,91193.8203125,2781064,-0.975296020507812,-0.294662475585938,5
-116.55053313255,49.0502243685248,2009-08-28,20,301.314270019531,275.600860595703,91110.8125,2924928,-1.13224792480469,-0.137420654296875,5
-116.950534962263,49.150224825953,2009-08-28,17,293.903778076172,275.233535766602,83710.375,1962456,-0.977630615234375,-0.284255981445312,6
-116.950534962263,49.150224825953,2009-08-28,18,295.960754394531,274.334182739258,83687.14453125,2439716,-1.1322021484375,-0.190658569335938,6
-116.950534962263,49.150224825953,2009-08-28,19,296.420104980469,273.16926574707,83710.8203125,2767544,-1.31123352050781,-0.133529663085938,6
-116.950534962263,49.150224825953,2009-08-28,20,297.689270019531,273.155548095703,83661.8125,2916174,-1.77775573730469,0.005157470703125,6
-116.850534504834,49.150224825953,2009-08-28,17,293.647918701172,275.458145141602,83636.375,1965524,-0.890716552734375,-0.316482543945312,7
-116.850534504834,49.150224825953,2009-08-28,18,295.669738769531,274.560745239258,83615.14453125,2442596,-1.0472412109375,-0.197494506835938,7
-116.850534504834,49.150224825953,2009-08-28,19,296.132995605469,273.24348449707,83639.8203125,2769488,-1.20967102050781,-0.135482788085938,7
-116.850534504834,49.150224825953,2009-08-28,20,297.417785644531,273.206329345703,83591.8125,2916756,-1.57267761230469,0.009063720703125,7
-116.750534047406,49.150224825953,2009-08-28,17,294.870574951172,276.958145141602,86160.375,1968680,-0.798919677734375,-0.349685668945312,8
-116.750534047406,49.150224825953,2009-08-28,18,296.867004394531,275.988479614258,86123.14453125,2445602,-0.9603271484375,-0.203353881835938,8
-116.750534047406,49.150224825953,2009-08-28,19,297.336120605469,274.46223449707,86149.8203125,2771534,-1.10420227050781,-0.139389038085938,8
-116.750534047406,49.150224825953,2009-08-28,20,298.636535644531,274.366485595703,86089.8125,2917426,-1.36271667480469,0.012969970703125,8
-116.650533589978,49.150224825953,2009-08-28,17,295.940887451172,278.089004516602,88473.375,1971602,-0.729583740234375,-0.384841918945312,9
-116.650533589978,49.150224825953,2009-08-28,18,297.919738769531,277.105667114258,88422.14453125,2448356,-0.8870849609375,-0.216049194335938,9
-116.650533589978,49.150224825953,2009-08-28,19,298.396667480469,275.41535949707,88448.8203125,2773404,-1.01826477050781,-0.149154663085938,9
-116.650533589978,49.150224825953,2009-08-28,20,299.710754394531,275.266876220703,88378.8125,2917950,-1.18595886230469,0.009063720703125,9
-116.55053313255,49.150224825953,2009-08-28,17,296.675262451172,278.309707641602,89937.375,1974718,-0.704193115234375,-0.435623168945312,10
-116.55053313255,49.150224825953,2009-08-28,18,298.693176269531,277.289260864258,89875.14453125,2450966,-0.8470458984375,-0.262924194335938,10
-116.55053313255,49.150224825953,2009-08-28,19,299.191589355469,275.46809387207,89902.8203125,2775400,-0.983108520507812,-0.197006225585938,10
-116.55053313255,49.150224825953,2009-08-28,20,300.546691894531,275.288360595703,89824.8125,2918844,-1.09025573730469,-0.036834716796875,10
-116.950534962263,49.2502252833812,2009-08-28,17,293.776824951172,275.581192016602,83783.375,1959666,-0.938568115234375,-0.205154418945312,11
-116.950534962263,49.2502252833812,2009-08-28,18,295.890441894531,274.613479614258,83760.14453125,2435992,-1.0687255859375,-0.136947631835938,11
-116.950534962263,49.2502252833812,2009-08-28,19,296.381042480469,273.30012512207,83784.8203125,2763394,-1.22920227050781,-0.0563812255859375,11
-116.950534962263,49.2502252833812,2009-08-28,20,297.673645019531,273.325469970703,83734.8125,2911522,-1.62541198730469,0.094024658203125,11
-116.850534504834,49.2502252833812,2009-08-28,17,294.745574951172,276.618301391602,85705.375,1962072,-0.880950927734375,-0.235427856445312,12
-116.850534504834,49.2502252833812,2009-08-28,18,296.792785644531,275.644729614258,85669.14453125,2438326,-1.0023193359375,-0.137924194335938,12
-116.850534504834,49.2502252833812,2009-08-28,19,297.277526855469,274.21809387207,85693.8203125,2764632,-1.15010070800781,-0.0485687255859375,12
-116.850534504834,49.2502252833812,2009-08-28,20,298.570129394531,274.200469970703,85634.8125,2911448,-1.45353698730469,0.106719970703125,12
-116.750534047406,49.2502252833812,2009-08-28,17,295.647918701172,277.131973266602,87395.375,1964618,-0.818450927734375,-0.266677856445312,13
-116.750534047406,49.2502252833812,2009-08-28,18,297.683410644531,276.088088989258,87347.14453125,2440814,-0.9320068359375,-0.139877319335938,13
-116.750534047406,49.2502252833812,2009-08-28,19,298.185729980469,274.47200012207,87373.8203125,2766050,-1.06611633300781,-0.0427093505859375,13
-116.750534047406,49.2502252833812,2009-08-28,20,299.490051269531,274.335235595703,87305.8125,2911554,-1.27580261230469,0.118438720703125,13
-116.650533589978,49.2502252833812,2009-08-28,17,296.561981201172,277.471817016602,89098.375,1967130,-0.756927490234375,-0.297927856445312,14
-116.650533589978,49.2502252833812,2009-08-28,18,298.603332519531,276.359573364258,89040.14453125,2443302,-0.8636474609375,-0.142807006835938,14
-116.650533589978,49.2502252833812,2009-08-28,19,299.131042480469,274.54035949707,89065.8203125,2767490,-0.984085083007812,-0.0368499755859375,14
-116.650533589978,49.2502252833812,2009-08-28,20,300.447082519531,274.259063720703,88990.8125,2911660,-1.10002136230469,0.129180908203125,14
-116.55053313255,49.2502252833812,2009-08-28,17,295.542449951172,277.339004516602,87698.375,1970398,-0.764739990234375,-0.363357543945312,15
-116.55053313255,49.2502252833812,2009-08-28,18,297.484191894531,276.496292114258,87648.14453125,2445928,-0.8646240234375,-0.210189819335938,15
-116.55053313255,49.2502252833812,2009-08-28,19,297.984558105469,274.82551574707,87673.8203125,2769666,-1.00752258300781,-0.111068725585938,15
-116.55053313255,49.2502252833812,2009-08-28,20,299.283020019531,274.749298095703,87604.8125,2912874,-1.08146667480469,0.051055908203125,15
-116.950534962263,49.3502257408094,2009-08-28,17,294.036590576172,275.385879516602,84082.375,1956818,-0.910247802734375,-0.154373168945312,16
-116.950534962263,49.3502257408094,2009-08-28,18,296.169738769531,274.285354614258,84055.14453125,2432320,-1.0101318359375,-0.0392913818359375,16
-116.950534962263,49.3502257408094,2009-08-28,19,296.699401855469,272.99153137207,84077.8203125,2759186,-1.12178039550781,0.0481109619140625,16
-116.950534962263,49.3502257408094,2009-08-28,20,298.005676269531,273.069610595703,84024.8125,2906846,-1.40080261230469,0.205352783203125,16
-116.850534504834,49.3502257408094,2009-08-28,17,295.138153076172,276.305801391602,86089.375,1959472,-0.870208740234375,-0.165115356445312,17
-116.850534504834,49.3502257408094,2009-08-28,18,297.210754394531,275.226760864258,86048.14453125,2434974,-0.9583740234375,-0.0285491943359375,17
-116.850534504834,49.3502257408094,2009-08-28,19,297.738464355469,273.83137512207,86069.8203125,2760764,-1.05342102050781,0.0695953369140625,17
-116.850534504834,49.3502257408094,2009-08-28,20,299.034973144531,273.874298095703,86006.8125,2907186,-1.26310729980469,0.228790283203125,17
-116.750534047406,49.3502257408094,2009-08-28,17,296.206512451172,276.280410766602,87796.375,1962124,-0.829193115234375,-0.175857543945312,18
-116.750534047406,49.3502257408094,2009-08-28,18,298.296691894531,275.127151489258,87743.14453125,2437570,-0.9056396484375,-0.0187835693359375,18
-116.750534047406,49.3502257408094,2009-08-28,19,298.857604980469,273.53450012207,87764.8203125,2762336,-0.985061645507812,0.0910797119140625,18
-116.750534047406,49.3502257408094,2009-08-28,20,300.165832519531,273.423126220703,87692.8125,2907462,-1.12638854980469,0.253204345703125,18
-116.650533589978,49.3502257408094,2009-08-28,17,295.671356201172,276.184707641602,87221.375,1964946,-0.801849365234375,-0.194412231445312,19
-116.650533589978,49.3502257408094,2009-08-28,18,297.689270019531,275.166213989258,87171.14453125,2440232,-0.8714599609375,-0.0236663818359375,19
-116.650533589978,49.3502257408094,2009-08-28,19,298.236511230469,273.58137512207,87193.8203125,2764090,-0.945022583007812,0.0930328369140625,19
-116.650533589978,49.3502257408094,2009-08-28,20,299.531066894531,273.499298095703,87125.8125,2908042,-1.03068542480469,0.255157470703125,19
-116.55053313255,49.3502257408094,2009-08-28,17,294.294403076172,275.977676391602,85369.375,1967960,-0.790130615234375,-0.239334106445312,20
-116.55053313255,49.3502257408094,2009-08-28,18,296.200988769531,275.211135864258,85331.14453125,2442844,-0.8597412109375,-0.0617523193359375,20
-116.55053313255,49.3502257408094,2009-08-28,19,296.713073730469,273.75910949707,85353.8203125,2766004,-0.946975708007812,0.0529937744140625,20
-116.55053313255,49.3502257408094,2009-08-28,20,297.982238769531,273.827423095703,85295.8125,2908964,-0.990646362304688,0.214141845703125,20
-116.950534962263,49.0502243685248,2010-06-12,17,284.526382446289,272.569717407227,83343.546875,2557408,-0.1900634765625,-0.215034484863281,1
-116.950534962263,49.0502243685248,2010-06-12,18,286.082931518555,270.709777832031,83317.84375,3023476,-0.11688232421875,0.0814533233642578,1
-116.950534962263,49.0502243685248,2010-06-12,19,287.285202026367,270.224822998047,83262.4140625,3333404,0.258163452148438,0.323297500610352,1
-116.950534962263,49.0502243685248,2010-06-12,20,288.379150390625,269.961715698242,83222.4921875,3471916,0.50927734375,0.342555999755859,1
-116.850534504834,49.0502243685248,2010-06-12,17,284.135757446289,272.522842407227,83000.546875,2566488,-0.1724853515625,-0.155464172363281,2
-116.850534504834,49.0502243685248,2010-06-12,18,285.682540893555,270.682434082031,82977.84375,3025748,-0.15496826171875,0.135164260864258,2
-116.850534504834,49.0502243685248,2010-06-12,19,286.898483276367,270.367401123047,82923.4140625,3335164,0.140975952148438,0.375055313110352,2
-116.850534504834,49.0502243685248,2010-06-12,20,288.000244140625,269.987106323242,82885.4921875,3471552,0.34130859375,0.407985687255859,2
-116.750534047406,49.0502243685248,2010-06-12,17,286.159194946289,275.212295532227,85876.546875,2575792,-0.1578369140625,-0.0968704223632812,3
-116.750534047406,49.0502243685248,2010-06-12,18,287.731369018555,273.586730957031,85839.84375,3028060,-0.19598388671875,0.188875198364258,3
-116.750534047406,49.0502243685248,2010-06-12,19,288.931686401367,273.457244873047,85769.4140625,3336964,0.0198822021484375,0.427789688110352,3
-116.750534047406,49.0502243685248,2010-06-12,20,290.064697265625,273.215621948242,85721.4921875,3471216,0.17041015625,0.473415374755859,3
-116.650533589978,49.0502243685248,2010-06-12,17,288.508804321289,278.145889282227,89325.546875,2583576,-0.1285400390625,-0.0480422973632812,4
-116.650533589978,49.0502243685248,2010-06-12,18,290.092697143555,276.713684082031,89270.84375,3029996,-0.20770263671875,0.230867385864258,4
-116.650533589978,49.0502243685248,2010-06-12,19,291.367233276367,276.834197998047,89182.4140625,3338320,-0.0611724853515625,0.469781875610352,4
-116.650533589978,49.0502243685248,2010-06-12,20,292.472900390625,276.504684448242,89120.4921875,3470636,0.04833984375,0.530055999755859,4
-116.55053313255,49.0502243685248,2010-06-12,17,289.922866821289,279.454483032227,91584.546875,2585664,-0.0474853515625,-0.0382766723632812,5
-116.55053313255,49.0502243685248,2010-06-12,18,291.495040893555,278.016418457031,91517.84375,3030508,-0.11590576171875,0.229890823364258,5
-116.55053313255,49.0502243685248,2010-06-12,19,292.757858276367,278.039276123047,91418.4140625,3338028,-0.0006256103515625,0.469781875610352,5
-116.55053313255,49.0502243685248,2010-06-12,20,293.847900390625,277.707809448242,91347.4921875,3469172,0.11376953125,0.549587249755859,5
-116.950534962263,49.150224825953,2010-06-12,17,284.856460571289,272.532608032227,83835.546875,2559528,-0.0816650390625,-0.199409484863281,6
-116.950534962263,49.150224825953,2010-06-12,18,286.463790893555,270.563293457031,83804.84375,3022744,0.01690673828125,0.0912189483642578,6
-116.950534962263,49.150224825953,2010-06-12,19,287.709030151367,270.019744873047,83745.4140625,3331784,0.354843139648438,0.306695938110352,6
-116.950534962263,49.150224825953,2010-06-12,20,288.707275390625,269.948043823242,83705.4921875,3469996,0.57763671875,0.305446624755859,6
-116.850534504834,49.150224825953,2010-06-12,17,284.786148071289,273.110733032227,83751.546875,2565604,-0.0338134765625,-0.139839172363281,7
-116.850534504834,49.150224825953,2010-06-12,18,286.401290893555,271.307434082031,83721.84375,3024324,0.01593017578125,0.143953323364258,7
-116.850534504834,49.150224825953,2010-06-12,19,287.660202026367,270.968963623047,83662.4140625,3332776,0.281600952148438,0.360406875610352,7
-116.850534504834,49.150224825953,2010-06-12,20,288.773681640625,270.672653198242,83621.4921875,3469268,0.46630859375,0.374782562255859,7
-116.750534047406,49.150224825953,2010-06-12,17,286.713882446289,275.989639282227,86351.546875,2572180,0.0091552734375,-0.0802688598632812,8
-116.750534047406,49.150224825953,2010-06-12,18,288.350509643555,274.448059082031,86309.84375,3026064,0.00811767578125,0.197664260864258,8
-116.750534047406,49.150224825953,2010-06-12,19,289.638717651367,274.367401123047,86235.4140625,3333936,0.201522827148438,0.414117813110352,8
-116.750534047406,49.150224825953,2010-06-12,20,290.746337890625,274.129684448242,86184.4921875,3468556,0.34521484375,0.443141937255859,8
-116.650533589978,49.150224825953,2010-06-12,17,288.204116821289,277.626358032227,88729.546875,2576980,0.0638427734375,-0.0294876098632812,9
-116.650533589978,49.150224825953,2010-06-12,18,289.846603393555,276.155090332031,88675.84375,3027428,0.02471923828125,0.241609573364258,9
-116.650533589978,49.150224825953,2010-06-12,19,291.150436401367,276.158416748047,88589.4140625,3334652,0.153671264648438,0.459039688110352,9
-116.650533589978,49.150224825953,2010-06-12,20,292.258056640625,275.864059448242,88527.4921875,3467732,0.27001953125,0.505641937255859,9
-116.55053313255,49.150224825953,2010-06-12,17,289.106460571289,278.501358032227,90231.546875,2579532,0.1077880859375,-0.0109329223632812,10
-116.55053313255,49.150224825953,2010-06-12,18,290.758712768555,277.075012207031,90169.84375,3028556,0.05987548828125,0.251375198364258,10
-116.55053313255,49.150224825953,2010-06-12,19,292.070358276367,277.025604248047,90073.4140625,3335068,0.152694702148438,0.473688125610352,10
-116.55053313255,49.150224825953,2010-06-12,20,293.177978515625,276.737106323242,90006.4921875,3467024,0.26513671875,0.540798187255859,10
-116.950534962263,49.2502252833812,2010-06-12,17,284.903335571289,272.280654907227,83906.546875,2562280,0.0198974609375,-0.184761047363281,11
-116.950534962263,49.2502252833812,2010-06-12,18,286.565353393555,270.215637207031,83876.84375,3022120,0.14190673828125,0.100984573364258,11
-116.950534962263,49.2502252833812,2010-06-12,19,287.851608276367,269.633026123047,83812.4140625,3330288,0.442733764648438,0.288141250610352,11
-116.950534962263,49.2502252833812,2010-06-12,20,288.574462890625,270.180465698242,83771.4921875,3468156,0.63330078125,0.268337249755859,11
-116.850534504834,49.2502252833812,2010-06-12,17,286.389663696289,274.747451782227,85882.546875,2564936,0.1029052734375,-0.123237609863281,12
-116.850534504834,49.2502252833812,2010-06-12,18,288.080978393555,273.090637207031,85839.84375,3022920,0.18389892578125,0.153718948364258,12
-116.850534504834,49.2502252833812,2010-06-12,19,289.394577026367,272.781463623047,85766.4140625,3330436,0.419296264648438,0.343805313110352,12
-116.850534504834,49.2502252833812,2010-06-12,20,290.461181640625,272.719528198242,85716.4921875,3466992,0.58642578125,0.340602874755859,12
-116.750534047406,49.2502252833812,2010-06-12,17,287.395523071289,275.938858032227,87616.546875,2568256,0.1800537109375,-0.0636672973632812,13
-116.750534047406,49.2502252833812,2010-06-12,18,289.084884643555,274.280090332031,87564.84375,3023924,0.21710205078125,0.206453323364258,13
-116.750534047406,49.2502252833812,2010-06-12,19,290.406295776367,274.054901123047,87481.4140625,3330804,0.387069702148438,0.399469375610352,13
-116.750534047406,49.2502252833812,2010-06-12,20,291.529541015625,273.772262573242,87424.4921875,3465896,0.52685546875,0.413845062255859,13
-116.650533589978,49.2502252833812,2010-06-12,17,288.202163696289,276.352920532227,89364.546875,2571452,0.2562255859375,-0.00409698486328125,14
-116.650533589978,49.2502252833812,2010-06-12,18,289.868087768555,274.465637207031,89302.84375,3024928,0.25128173828125,0.258211135864258,14
-116.650533589978,49.2502252833812,2010-06-12,19,291.191452026367,274.197479248047,89209.4140625,3331152,0.355819702148438,0.454156875610352,14
-116.650533589978,49.2502252833812,2010-06-12,20,292.316650390625,273.699996948242,89145.4921875,3464812,0.47021484375,0.485134124755859,14
-116.55053313255,49.2502252833812,2010-06-12,17,287.620132446289,276.522842407227,87909.546875,2572084,0.2679443359375,0.00371551513671875,15
-116.55053313255,49.2502252833812,2010-06-12,18,289.336837768555,275.016418457031,87855.84375,3026308,0.25421142578125,0.260164260864258,15
-116.55053313255,49.2502252833812,2010-06-12,19,290.693405151367,274.812713623047,87769.4140625,3331808,0.337265014648438,0.463922500610352,15
-116.55053313255,49.2502252833812,2010-06-12,20,291.814697265625,274.547653198242,87710.4921875,3464648,0.45947265625,0.522243499755859,15
-116.950534962263,49.3502257408094,2010-06-12,17,285.127944946289,272.731826782227,84209.546875,2564088,0.0560302734375,-0.135932922363281,16
-116.950534962263,49.3502257408094,2010-06-12,18,286.873947143555,271.371887207031,84176.84375,3021512,0.17413330078125,0.152742385864258,16
-116.950534962263,49.3502257408094,2010-06-12,19,288.201217651367,270.939666748047,84110.4140625,3328332,0.453475952148438,0.323297500610352,16
-116.950534962263,49.3502257408094,2010-06-12,20,288.912353515625,271.600387573242,84070.4921875,3465944,0.62548828125,0.298610687255859,16
-116.850534504834,49.3502257408094,2010-06-12,17,286.827163696289,274.628311157227,86273.546875,2566904,0.1575927734375,-0.0949172973632812,17
-116.850534504834,49.3502257408094,2010-06-12,18,288.334884643555,273.813293457031,86228.84375,3023532,0.24444580078125,0.183015823364258,17
-116.850534504834,49.3502257408094,2010-06-12,19,289.669967651367,273.562713623047,86151.4140625,3329620,0.470077514648438,0.352594375610352,17
-116.850534504834,49.3502257408094,2010-06-12,20,290.791259765625,273.371871948242,86101.4921875,3466072,0.62548828125,0.338649749755859,17
-116.750534047406,49.3502257408094,2010-06-12,17,287.422866821289,275.317764282227,88026.546875,2569692,0.2581787109375,-0.0529251098632812,18
-116.750534047406,49.3502257408094,2010-06-12,18,289.024337768555,273.664855957031,87970.84375,3025476,0.31475830078125,0.213289260864258,18
-116.750534047406,49.3502257408094,2010-06-12,19,290.351608276367,273.304901123047,87882.4140625,3330960,0.486679077148438,0.382867813110352,18
-116.750534047406,49.3502257408094,2010-06-12,20,291.474853515625,272.897262573242,87824.4921875,3466124,0.62548828125,0.378688812255859,18
-116.650533589978,49.3502257408094,2010-06-12,17,286.875991821289,275.140029907227,87421.546875,2571884,0.3353271484375,-0.0216751098632812,19
-116.650533589978,49.3502257408094,2010-06-12,18,288.561447143555,273.287902832031,87369.84375,3027444,0.36749267578125,0.233797073364258,19
-116.650533589978,49.3502257408094,2010-06-12,19,289.793014526367,272.482635498047,87284.4140625,3332280,0.494491577148438,0.404352188110352,19
-116.650533589978,49.3502257408094,2010-06-12,20,290.652587890625,272.946090698242,87228.4921875,3466316,0.62158203125,0.414821624755859,19
-116.55053313255,49.3502257408094,2010-06-12,17,285.934585571289,274.948623657227,85499.546875,2572932,0.3675537109375,0.00078582763671875,20
-116.55053313255,49.3502257408094,2010-06-12,18,287.659103393555,273.442199707031,85457.84375,3028972,0.37921142578125,0.247468948364258,20
-116.55053313255,49.3502257408094,2010-06-12,19,288.572311401367,271.408416748047,85382.4140625,3333104,0.472030639648438,0.422906875610352,20
-116.55053313255,49.3502257408094,2010-06-12,20,289.679931640625,273.504684448242,85334.4921875,3466212,0.59619140625,0.456813812255859,20
-116.950534962263,49.0502243685248,2010-06-28,17,288.510101318359,277.181579589844,82299.22265625,2352100,0.774917602539062,2.24297332763672,1
-116.950534962263,49.0502243685248,2010-06-28,18,289.597717285156,277.207977294922,82304.55859375,2756376,1.05178833007812,2.46146869659424,1
-116.950534962263,49.0502243685248,2010-06-28,19,290.418716430664,277.304092407227,82318.27734375,2819960,1.61398315429688,2.77484798431396,1
-116.950534962263,49.0502243685248,2010-06-28,20,291.225051879883,276.96174621582,82283.46875,3011112,1.66656494140625,3.03696918487549,1
-116.850534504834,49.0502243685248,2010-06-28,17,288.060882568359,277.074157714844,81967.22265625,2369428,0.460464477539062,2.14336395263672,2
-116.850534504834,49.0502243685248,2010-06-28,18,289.175842285156,277.106414794922,81976.55859375,2757768,0.797882080078125,2.39994525909424,2
-116.850534504834,49.0502243685248,2010-06-28,19,290.098403930664,277.054092407227,81991.27734375,2855628,1.44406127929688,2.75043392181396,2
-116.850534504834,49.0502243685248,2010-06-28,20,290.926223754883,276.74104309082,81956.46875,3033596,1.44195556640625,2.99693012237549,2
-116.750534047406,49.0502243685248,2010-06-28,17,290.234710693359,279.314392089844,84768.22265625,2386680,0.145034790039062,2.04277801513672,3
-116.750534047406,49.0502243685248,2010-06-28,18,291.353576660156,279.299774169922,84767.55859375,2759236,0.541046142578125,2.33842182159424,3
-116.750534047406,49.0502243685248,2010-06-28,19,292.367935180664,279.063858032227,84774.27734375,2891048,1.27218627929688,2.72601985931396,3
-116.750534047406,49.0502243685248,2010-06-28,20,293.217239379883,278.73908996582,84730.46875,3056248,1.21636962890625,2.95591449737549,3
-116.650533589978,49.0502243685248,2010-06-28,17,292.861663818359,281.898376464844,88124.22265625,2403256,-0.0971527099609375,1.96269989013672,4
-116.650533589978,49.0502243685248,2010-06-28,18,293.966857910156,281.842742919922,88113.55859375,2760896,0.338897705078125,2.28178119659424,4
-116.650533589978,49.0502243685248,2010-06-28,19,295.055435180664,281.472061157227,88109.27734375,2926540,1.12863159179688,2.69769954681396,4
-116.650533589978,49.0502243685248,2010-06-28,20,295.918411254883,281.13557434082,88054.46875,3078928,1.03179931640625,2.91392230987549,4
-116.55053313255,49.0502243685248,2010-06-28,17,294.521820068359,283.386657714844,90323.22265625,2417436,-0.0619964599609375,1.95586395263672,5
-116.55053313255,49.0502243685248,2010-06-28,18,295.587951660156,283.336883544922,90304.55859375,2763236,0.342803955078125,2.24760150909424,5
-116.55053313255,49.0502243685248,2010-06-28,19,296.682388305664,283.057998657227,90294.27734375,2962808,1.09640502929688,2.66059017181396,5
-116.55053313255,49.0502243685248,2010-06-28,20,297.525833129883,282.73908996582,90233.46875,3101856,1.00347900390625,2.86411762237549,5
-116.950534962263,49.150224825953,2010-06-28,17,288.982757568359,277.505798339844,82765.22265625,2327980,0.739761352539062,2.23711395263672,6
-116.950534962263,49.150224825953,2010-06-28,18,290.066467285156,277.313446044922,82769.55859375,2702884,1.22952270507812,2.56205463409424,6
-116.950534962263,49.150224825953,2010-06-28,19,290.729263305664,277.481826782227,82783.27734375,2700584,1.58468627929688,2.67816829681396,6
-116.950534962263,49.150224825953,2010-06-28,20,291.603958129883,277.07307434082,82744.46875,2918924,1.62652587890625,2.88657855987549,6
-116.850534504834,49.150224825953,2010-06-28,17,288.742523193359,277.611267089844,82687.22265625,2346456,0.470230102539062,2.14629364013672,7
-116.850534504834,49.150224825953,2010-06-28,18,289.859436035156,277.430633544922,82692.55859375,2702480,1.02737426757812,2.51908588409424,7
-116.850534504834,49.150224825953,2010-06-28,19,290.621841430664,277.456436157227,82706.27734375,2741972,1.46456909179688,2.67035579681396,7
-116.850534504834,49.150224825953,2010-06-28,20,291.504348754883,277.08479309082,82667.46875,2938896,1.44000244140625,2.85923480987549,7
-116.750534047406,49.150224825953,2010-06-28,17,290.762054443359,279.742126464844,85221.22265625,2364728,0.192886352539062,2.05352020263672,8
-116.750534047406,49.150224825953,2010-06-28,18,291.894592285156,279.532196044922,85219.55859375,2702368,0.816436767578125,2.47318744659424,8
-116.750534047406,49.150224825953,2010-06-28,19,292.754653930664,279.399795532227,85226.27734375,2782412,1.33468627929688,2.65961360931396,8
-116.750534047406,49.150224825953,2010-06-28,20,293.648880004883,279.02815246582,85178.46875,2959220,1.24761962890625,2.82993793487549,8
-116.650533589978,49.150224825953,2010-06-28,17,292.543304443359,281.611267089844,87537.22265625,2382896,-0.0063323974609375,1.98320770263672,9
-116.650533589978,49.150224825953,2010-06-28,18,293.689514160156,281.407196044922,87528.55859375,2702252,0.663116455078125,2.43607807159424,9
-116.650533589978,49.150224825953,2010-06-28,19,294.637466430664,281.173233032227,87526.27734375,2825224,1.24874877929688,2.65570735931396,9
-116.650533589978,49.150224825953,2010-06-28,20,295.531692504883,280.82112121582,87470.46875,2979876,1.10308837890625,2.80747699737549,9
-116.55053313255,49.150224825953,2010-06-28,17,293.703460693359,282.644470214844,89000.22265625,2399392,0.0239410400390625,1.99004364013672,10
-116.55053313255,49.150224825953,2010-06-28,18,294.816467285156,282.479461669922,88987.55859375,2704852,0.644561767578125,2.40678119659424,10
-116.55053313255,49.150224825953,2010-06-28,19,295.824966430664,282.233779907227,88980.27734375,2870684,1.25851440429688,2.66059017181396,10
-116.55053313255,49.150224825953,2010-06-28,20,296.703567504883,281.92073059082,88919.46875,3006120,1.09039306640625,2.80259418487549,10
-116.950534962263,49.2502252833812,2010-06-28,17,289.086273193359,277.497985839844,82822.22265625,2303556,0.695816040039062,2.23125457763672,11
-116.950534962263,49.2502252833812,2010-06-28,18,290.160217285156,277.082977294922,82825.55859375,2649728,1.39749145507812,2.65873432159424,11
-116.950534962263,49.2502252833812,2010-06-28,19,290.666763305664,277.331436157227,82840.27734375,2579940,1.54464721679688,2.57660579681396,11
-116.950534962263,49.2502252833812,2010-06-28,20,291.611770629883,276.86408996582,82799.46875,2827124,1.57769775390625,2.73130512237549,11
-116.850534504834,49.2502252833812,2010-06-28,17,290.619476318359,279.240173339844,84748.22265625,2323352,0.475112915039062,2.14824676513672,12
-116.850534504834,49.2502252833812,2010-06-28,18,291.734436035156,278.823211669922,84745.55859375,2647288,1.25393676757812,2.63724994659424,12
-116.850534504834,49.2502252833812,2010-06-28,19,292.340591430664,278.942764282227,84757.27734375,2627776,1.48019409179688,2.58832454681396,12
-116.850534504834,49.2502252833812,2010-06-28,20,293.281692504883,278.49494934082,84708.46875,2844260,1.43414306640625,2.71958637237549,12
-116.750534047406,49.2502252833812,2010-06-28,17,292.062835693359,280.478454589844,86439.22265625,2342896,0.245620727539062,2.06523895263672,13
-116.750534047406,49.2502252833812,2010-06-28,18,293.255920410156,280.038055419922,86432.55859375,2645240,1.09963989257812,2.61088275909424,13
-116.750534047406,49.2502252833812,2010-06-28,19,293.975357055664,280.013076782227,86438.27734375,2674336,1.40402221679688,2.59613704681396,13
-116.750534047406,49.2502252833812,2010-06-28,20,294.928176879883,279.55549621582,86382.46875,2861960,1.28277587890625,2.70396137237549,13
-116.650533589978,49.2502252833812,2010-06-28,17,293.539398193359,281.597595214844,88143.22265625,2362436,0.0219879150390625,1.98320770263672,14
-116.650533589978,49.2502252833812,2010-06-28,18,294.822326660156,281.129852294922,88129.55859375,2643196,0.949249267578125,2.58549213409424,14
-116.650533589978,49.2502252833812,2010-06-28,19,295.662857055664,280.970108032227,88129.27734375,2721108,1.33175659179688,2.60394954681396,14
-116.650533589978,49.2502252833812,2010-06-28,20,296.629348754883,280.49299621582,88065.46875,2879712,1.13433837890625,2.68931293487549,14
-116.55053313255,49.2502252833812,2010-06-28,17,292.150726318359,281.011657714844,86736.22265625,2380720,0.198745727539062,2.05156707763672,15
-116.55053313255,49.2502252833812,2010-06-28,18,293.287170410156,280.706024169922,86729.55859375,2647108,1.00491333007812,2.56986713409424,15
-116.55053313255,49.2502252833812,2010-06-28,19,294.168716430664,280.532608032227,86731.27734375,2779252,1.45773315429688,2.66254329681396,15
-116.55053313255,49.2502252833812,2010-06-28,20,295.064895629883,280.22151184082,86674.46875,2911516,1.22808837890625,2.74302387237549,15
-116.950534962263,49.3502257408094,2010-06-28,17,289.291351318359,277.705017089844,83106.22265625,2286512,0.628433227539062,2.13848114013672,16
-116.950534962263,49.3502257408094,2010-06-28,18,290.341857910156,277.219696044922,83108.55859375,2608988,1.33303833007812,2.57963275909424,16
-116.950534962263,49.3502257408094,2010-06-28,19,290.760513305664,277.464248657227,83127.27734375,2522880,1.44992065429688,2.47113704681396,16
-116.950534962263,49.3502257408094,2010-06-28,20,291.703567504883,276.98518371582,83081.46875,2767068,1.47320556640625,2.63364887237549,16
-116.850534504834,49.3502257408094,2010-06-28,17,291.031585693359,279.455017089844,85118.22265625,2306240,0.490737915039062,2.08184051513672,17
-116.850534504834,49.3502257408094,2010-06-28,18,292.109436035156,278.942352294922,85115.55859375,2607008,1.26858520507812,2.57474994659424,17
-116.850534504834,49.3502257408094,2010-06-28,19,292.635513305664,279.079483032227,85129.27734375,2573780,1.44503784179688,2.47797298431396,17
-116.850534504834,49.3502257408094,2010-06-28,20,293.566848754883,278.60237121582,85075.46875,2782532,1.38531494140625,2.60337543487549,17
-116.750534047406,49.3502257408094,2010-06-28,17,292.705413818359,280.470642089844,86825.22265625,2325964,0.353042602539062,2.02422332763672,18
-116.750534047406,49.3502257408094,2010-06-28,18,293.878967285156,279.905242919922,86817.55859375,2605064,1.20413208007812,2.57084369659424,18
-116.750534047406,49.3502257408094,2010-06-28,19,294.528091430664,279.917373657227,86825.27734375,2624604,1.43917846679688,2.48578548431396,18
-116.750534047406,49.3502257408094,2010-06-28,20,295.471145629883,279.39729309082,86763.46875,2797960,1.29742431640625,2.57212543487549,18
-116.650533589978,49.3502257408094,2010-06-28,17,292.068695068359,280.328063964844,86245.22265625,2345120,0.302261352539062,2.00371551513672,19
-116.650533589978,49.3502257408094,2010-06-28,18,293.222717285156,279.817352294922,86239.55859375,2604580,1.18362426757812,2.56986713409424,19
-116.650533589978,49.3502257408094,2010-06-28,19,293.961685180664,279.753311157227,86246.27734375,2677964,1.47335815429688,2.50434017181396,19
-116.650533589978,49.3502257408094,2010-06-28,20,294.877395629883,279.30940246582,86187.46875,2816736,1.26324462890625,2.55943012237549,19
-116.55053313255,49.3502257408094,2010-06-28,17,290.207366943359,279.451110839844,84384.22265625,2363392,0.365737915039062,2.03594207763672,20
-116.55053313255,49.3502257408094,2010-06-28,18,291.265686035156,279.067352294922,84385.55859375,2606356,1.20608520507812,2.56791400909424,20
-116.55053313255,49.3502257408094,2010-06-28,19,292.063247680664,278.977920532227,84395.27734375,2734488,1.55343627929688,2.54535579681396,20
-116.55053313255,49.3502257408094,2010-06-28,20,292.928176879883,278.67854309082,84345.46875,2842092,1.29840087890625,2.58677387237549,20
-116.950534962263,49.0502243685248,2010-07-14,17,285.503067016602,277.324417114258,82820.765625,2363910,0.868072509765625,0.4393310546875,1
-116.950534962263,49.0502243685248,2010-07-14,18,287.163848876953,277.798400878906,82841.703125,2622102,1.43418884277344,0.379074096679688,1
-116.950534962263,49.0502243685248,2010-07-14,19,286.953552246094,277.828811645508,82882.625,1869236,1.45870971679688,0.151535034179688,1
-116.950534962263,49.0502243685248,2010-07-14,20,287.428131103516,277.893218994141,82864.5625,1688074,1.58334350585938,0.117446899414062,1
-116.850534504834,49.0502243685248,2010-07-14,17,285.294082641602,276.994338989258,82478.765625,2375302,0.750885009765625,0.5467529296875,2
-116.850534504834,49.0502243685248,2010-07-14,18,286.999786376953,277.534729003906,82503.703125,2648326,1.28477478027344,0.475753784179688,2
-116.850534504834,49.0502243685248,2010-07-14,19,286.832458496094,277.588577270508,82540.625,1895532,1.28976440429688,0.260910034179688,2
-116.850534504834,49.0502243685248,2010-07-14,20,287.348052978516,277.676422119141,82520.5625,1701186,1.39096069335938,0.201431274414062,2
-116.750534047406,49.0502243685248,2010-07-14,17,286.643692016602,278.099807739258,85333.765625,2386686,0.629791259765625,0.6541748046875,3
-116.750534047406,49.0502243685248,2010-07-14,18,288.380645751953,278.679260253906,85339.703125,2674404,1.13243103027344,0.572433471679688,3
-116.750534047406,49.0502243685248,2010-07-14,19,288.254333496094,278.760452270508,85374.625,1921996,1.11886596679688,0.370285034179688,3
-116.750534047406,49.0502243685248,2010-07-14,20,288.810943603516,278.869781494141,85346.5625,1714754,1.19564819335938,0.286392211914062,3
-116.650533589978,49.0502243685248,2010-07-14,17,288.278457641602,279.459182739258,88757.765625,2397588,0.537994384765625,0.7567138671875,4
-116.650533589978,49.0502243685248,2010-07-14,18,290.042755126953,280.054260253906,88741.703125,2700392,1.02012634277344,0.673995971679688,4
-116.650533589978,49.0502243685248,2010-07-14,19,289.951599121094,280.172561645508,88775.625,1952106,0.988983154296875,0.483566284179688,4
-116.650533589978,49.0502243685248,2010-07-14,20,290.541412353516,280.305328369141,88737.5625,1731806,1.04525756835938,0.379165649414062,4
-116.55053313255,49.0502243685248,2010-07-14,17,289.335098266602,280.263870239258,91006.765625,2406708,0.552642822265625,0.8406982421875,5
-116.55053313255,49.0502243685248,2010-07-14,18,291.124786376953,280.808166503906,90976.703125,2726144,1.05821228027344,0.793136596679688,5
-116.55053313255,49.0502243685248,2010-07-14,19,291.051208496094,280.990921020508,91009.625,1995546,1.01242065429688,0.615402221679688,5
-116.55053313255,49.0502243685248,2010-07-14,20,291.639068603516,281.151031494141,90964.5625,1761184,1.06967163085938,0.505142211914062,5
-116.950534962263,49.150224825953,2010-07-14,17,285.676895141602,277.607620239258,83304.765625,2357152,0.860260009765625,0.3836669921875,6
-116.950534962263,49.150224825953,2010-07-14,18,287.273223876953,278.064025878906,83321.703125,2595268,1.30039978027344,0.342941284179688,6
-116.950534962263,49.150224825953,2010-07-14,19,287.031677246094,278.074905395508,83364.625,1791910,1.40792846679688,0.0841522216796875,6
-116.950534962263,49.150224825953,2010-07-14,20,287.494537353516,278.127593994141,83346.5625,1614614,1.48861694335938,0.0588531494140625,6
-116.850534504834,49.150224825953,2010-07-14,17,285.606582641602,277.443557739258,83220.765625,2369026,0.787994384765625,0.4813232421875,7
-116.850534504834,49.150224825953,2010-07-14,18,287.224395751953,277.966369628906,83237.703125,2624154,1.18907165527344,0.433761596679688,7
-116.850534504834,49.150224825953,2010-07-14,19,287.027770996094,277.996780395508,83276.625,1814834,1.28488159179688,0.184738159179688,7
-116.850534504834,49.150224825953,2010-07-14,20,287.488677978516,278.065093994141,83257.5625,1620218,1.35873413085938,0.136978149414062,7
-116.750534047406,49.150224825953,2010-07-14,17,286.786270141602,278.386917114258,85799.765625,2380848,0.708892822265625,0.5799560546875,8
-116.750534047406,49.150224825953,2010-07-14,18,288.417755126953,278.944885253906,85800.703125,2652618,1.07188415527344,0.524581909179688,8
-116.750534047406,49.150224825953,2010-07-14,19,288.264099121094,279.002639770508,85839.625,1838262,1.15499877929688,0.287277221679688,8
-116.750534047406,49.150224825953,2010-07-14,20,288.728912353516,279.088531494141,85811.5625,1627064,1.21908569335938,0.215103149414062,8
-116.650533589978,49.150224825953,2010-07-14,17,287.891738891602,279.244338989258,88161.765625,2392366,0.662017822265625,0.6727294921875,9
-116.650533589978,49.150224825953,2010-07-14,18,289.532989501953,279.806213378906,88149.703125,2681624,0.997665405273438,0.619308471679688,9
-116.650533589978,49.150224825953,2010-07-14,19,289.416442871094,279.883499145508,88186.625,1864690,1.07101440429688,0.393722534179688,9
-116.650533589978,49.150224825953,2010-07-14,20,289.871490478516,279.994781494141,88152.5625,1635226,1.13412475585938,0.303970336914062,9
-116.55053313255,49.150224825953,2010-07-14,17,288.577285766602,279.799026489258,89652.765625,2402338,0.667877197265625,0.7635498046875,10
-116.55053313255,49.150224825953,2010-07-14,18,290.238067626953,280.372619628906,89632.703125,2709172,1.02207946777344,0.739425659179688,10
-116.55053313255,49.150224825953,2010-07-14,19,290.150817871094,280.492874145508,89666.625,1906952,1.09054565429688,0.536300659179688,10
-116.55053313255,49.150224825953,2010-07-14,20,290.603912353516,280.598297119141,89629.5625,1658072,1.16635131835938,0.442642211914062,10
-116.950534962263,49.2502252833812,2010-07-14,17,285.622207641602,277.683792114258,83370.765625,2350264,0.842681884765625,0.3289794921875,11
-116.950534962263,49.2502252833812,2010-07-14,18,287.187286376953,278.148010253906,83385.703125,2567798,1.15684509277344,0.308761596679688,11
-116.950534962263,49.2502252833812,2010-07-14,19,286.920349121094,278.139358520508,83430.625,1715238,1.34738159179688,0.0177459716796875,11
-116.950534962263,49.2502252833812,2010-07-14,20,287.383209228516,278.188140869141,83412.5625,1542742,1.38119506835938,0.0022125244140625,11
-116.850534504834,49.2502252833812,2010-07-14,17,286.464004516602,278.359573364258,85329.765625,2362694,0.823150634765625,0.4158935546875,12
-116.850534504834,49.2502252833812,2010-07-14,18,288.003692626953,278.855041503906,85334.703125,2599730,1.09043884277344,0.391769409179688,12
-116.850534504834,49.2502252833812,2010-07-14,19,287.777770996094,278.865921020508,85377.625,1734346,1.27706909179688,0.109542846679688,12
-116.850534504834,49.2502252833812,2010-07-14,20,288.191802978516,278.918609619141,85355.5625,1539686,1.32162475585938,0.0725250244140625,12
-116.750534047406,49.2502252833812,2010-07-14,17,287.350723266602,278.709182739258,87049.765625,2374990,0.793853759765625,0.5047607421875,13
-116.750534047406,49.2502252833812,2010-07-14,18,288.898223876953,279.200744628906,87045.703125,2631060,1.01622009277344,0.475753784179688,13
-116.750534047406,49.2502252833812,2010-07-14,19,288.695739746094,279.244827270508,87087.625,1754162,1.19699096679688,0.203292846679688,13
-116.750534047406,49.2502252833812,2010-07-14,20,289.058990478516,279.320953369141,87060.5625,1538382,1.24935913085938,0.143814086914062,13
-116.650533589978,49.2502252833812,2010-07-14,17,288.313613891602,278.974807739258,88783.765625,2387244,0.766510009765625,0.5926513671875,14
-116.650533589978,49.2502252833812,2010-07-14,18,289.880645751953,279.435119628906,88770.703125,2662418,0.944931030273438,0.560714721679688,14
-116.650533589978,49.2502252833812,2010-07-14,19,289.691833496094,279.514358520508,88809.625,1774280,1.11984252929688,0.297042846679688,14
-116.650533589978,49.2502252833812,2010-07-14,20,289.998443603516,279.625640869141,88779.5625,1537224,1.18099975585938,0.217056274414062,14
-116.55053313255,49.2502252833812,2010-07-14,17,287.469863891602,278.838088989258,87334.765625,2397320,0.809478759765625,0.6844482421875,15
-116.55053313255,49.2502252833812,2010-07-14,18,288.999786376953,279.366760253906,87327.703125,2691848,1.02793884277344,0.692550659179688,15
-116.55053313255,49.2502252833812,2010-07-14,19,288.887145996094,279.444046020508,87363.625,1823606,1.21261596679688,0.467941284179688,15
-116.55053313255,49.2502252833812,2010-07-14,20,289.185943603516,279.529937744141,87336.5625,1559650,1.31381225585938,0.394790649414062,15
-116.950534962263,49.3502257408094,2010-07-14,17,285.753067016602,277.808792114258,83668.765625,2329698,0.851470947265625,0.3289794921875,16
-116.950534962263,49.3502257408094,2010-07-14,18,287.300567626953,278.220275878906,83679.703125,2511280,1.11582946777344,0.336105346679688,16
-116.950534962263,49.3502257408094,2010-07-14,19,286.914489746094,278.229202270508,83727.625,1657352,1.27120971679688,0.0773162841796875,16
-116.950534962263,49.3502257408094,2010-07-14,20,287.406646728516,278.242828369141,83708.5625,1499352,1.31088256835938,0.0774078369140625,16
-116.850534504834,49.3502257408094,2010-07-14,17,286.657363891602,278.459182739258,85712.765625,2337114,0.864166259765625,0.3983154296875,17
-116.850534504834,49.3502257408094,2010-07-14,18,288.173614501953,278.884338378906,85712.703125,2541260,1.08750915527344,0.406417846679688,17
-116.850534504834,49.3502257408094,2010-07-14,19,287.818786621094,278.904983520508,85761.625,1673916,1.24679565429688,0.152511596679688,17
-116.850534504834,49.3502257408094,2010-07-14,20,288.242584228516,278.916656494141,85738.5625,1494394,1.29330444335938,0.131118774414062,17
-116.750534047406,49.3502257408094,2010-07-14,17,287.635879516602,278.601760864258,87449.765625,2344586,0.876861572265625,0.4686279296875,18
-116.750534047406,49.3502257408094,2010-07-14,18,289.163848876953,278.981994628906,87440.703125,2571248,1.05918884277344,0.476730346679688,18
-116.750534047406,49.3502257408094,2010-07-14,19,288.803161621094,279.037796020508,87488.625,1690454,1.22140502929688,0.227706909179688,18
-116.750534047406,49.3502257408094,2010-07-14,20,289.141021728516,279.063140869141,87462.5625,1489462,1.27474975585938,0.185806274414062,18
-116.650533589978,49.3502257408094,2010-07-14,17,287.340957641602,278.443557739258,86844.765625,2350438,0.892486572265625,0.5389404296875,19
-116.650533589978,49.3502257408094,2010-07-14,18,288.829864501953,278.876525878906,86838.703125,2600002,1.05528259277344,0.556808471679688,19
-116.650533589978,49.3502257408094,2010-07-14,19,288.523864746094,278.926467895508,86883.625,1713648,1.22335815429688,0.320480346679688,19
-116.650533589978,49.3502257408094,2010-07-14,20,288.803131103516,278.944000244141,86858.5625,1489914,1.29135131835938,0.263931274414062,19
-116.55053313255,49.3502257408094,2010-07-14,17,286.329238891602,278.095901489258,84932.765625,2356136,0.903228759765625,0.6170654296875,20
-116.55053313255,49.3502257408094,2010-07-14,18,287.771270751953,278.624572753906,84934.703125,2627746,1.07774353027344,0.658370971679688,20
-116.55053313255,49.3502257408094,2010-07-14,19,287.560974121094,278.660842895508,84973.625,1749612,1.25656127929688,0.449386596679688,20
-116.55053313255,49.3502257408094,2010-07-14,20,287.810943603516,278.664703369141,84951.5625,1500528,1.35287475585938,0.390884399414062,20
-116.950534962263,49.0502243685248,2010-08-15,17,289.552536010742,277.080093383789,83100.80859375,2103744,-0.9449462890625,-0.100883483886719,1
-116.950534962263,49.0502243685248,2010-08-15,18,290.988418579102,276.9580078125,83096.6484375,2580214,-1.23536682128906,0.0464324951171875,1
-116.950534962263,49.0502243685248,2010-08-15,19,291.788360595703,276.920135498047,83099.87890625,2917936,-1.62051391601562,-0.03057861328125,1
-116.950534962263,49.0502243685248,2010-08-15,20,292.616470336914,276.750183105469,83074.78515625,3076810,-1.62593078613281,0.0800018310546875,1
-116.850534504834,49.0502243685248,2010-08-15,17,289.136520385742,276.521499633789,82765.80859375,2106526,-0.8765869140625,-0.0735397338867188,2
-116.850534504834,49.0502243685248,2010-08-15,18,290.595840454102,276.3232421875,82763.6484375,2582194,-1.13380432128906,0.0981903076171875,2
-116.850534504834,49.0502243685248,2010-08-15,19,291.428985595703,276.306854248047,82768.87890625,2917934,-1.53945922851562,-0.00128173828125,2
-116.850534504834,49.0502243685248,2010-08-15,20,292.278579711914,276.107604980469,82742.78515625,3076078,-1.55171203613281,0.104415893554688,2
-116.750534047406,49.0502243685248,2010-08-15,17,291.228317260742,278.212905883789,85583.80859375,2109354,-0.8072509765625,-0.0471725463867188,3
-116.750534047406,49.0502243685248,2010-08-15,18,292.681777954102,277.8818359375,85568.6484375,2584268,-1.03126525878906,0.148971557617188,3
-116.750534047406,49.0502243685248,2010-08-15,19,293.534454345703,277.853729248047,85567.87890625,2917918,-1.45840454101562,0.02703857421875,3
-116.750534047406,49.0502243685248,2010-08-15,20,294.399673461914,277.599792480469,85533.78515625,3075380,-1.47651672363281,0.127853393554688,3
-116.650533589978,49.0502243685248,2010-08-15,17,293.779098510742,280.273452758789,88959.80859375,2111996,-0.7398681640625,-0.0295944213867188,4
-116.650533589978,49.0502243685248,2010-08-15,18,295.230606079102,279.8095703125,88929.6484375,2586128,-0.932632446289062,0.188034057617188,4
-116.650533589978,49.0502243685248,2010-08-15,19,296.091094970703,279.761932373047,88921.87890625,2918166,-1.37246704101562,0.03778076171875,4
-116.650533589978,49.0502243685248,2010-08-15,20,296.975845336914,279.451354980469,88875.78515625,3074832,-1.39448547363281,0.135665893554688,4
-116.55053313255,49.0502243685248,2010-08-15,17,295.478317260742,281.457046508789,91169.80859375,2113974,-0.6812744140625,-0.0422897338867188,5
-116.55053313255,49.0502243685248,2010-08-15,18,296.959121704102,280.9248046875,91127.6484375,2587156,-0.849624633789062,0.186080932617188,5
-116.55053313255,49.0502243685248,2010-08-15,19,297.809844970703,280.875213623047,91115.87890625,2919410,-1.27383422851562,-0.01690673828125,5
-116.55053313255,49.0502243685248,2010-08-15,20,298.718032836914,280.523620605469,91059.78515625,3074832,-1.29096984863281,0.0839080810546875,5
-116.950534962263,49.150224825953,2010-08-15,17,289.913864135742,277.714859008789,83584.80859375,2099418,-0.8795166015625,-0.00713348388671875,6
-116.950534962263,49.150224825953,2010-08-15,18,291.339981079102,277.6845703125,83577.6484375,2574442,-1.06935119628906,0.121627807617188,6
-116.950534962263,49.150224825953,2010-08-15,19,292.159454345703,277.631072998047,83580.87890625,2911072,-1.35781860351562,-0.02081298828125,6
-116.950534962263,49.150224825953,2010-08-15,20,292.993423461914,277.506042480469,83553.78515625,3069176,-1.38179016113281,0.0741424560546875,6
-116.850534504834,49.150224825953,2010-08-15,17,289.720504760742,277.466812133789,83503.80859375,2101582,-0.8189697265625,0.0329055786132812,7
-116.850534504834,49.150224825953,2010-08-15,18,291.154434204102,277.3564453125,83496.6484375,2575770,-0.985366821289062,0.195846557617188,7
-116.850534504834,49.150224825953,2010-08-15,19,291.993438720703,277.318572998047,83500.87890625,2910326,-1.29238891601562,0.02899169921875,7
-116.850534504834,49.150224825953,2010-08-15,20,292.846939086914,277.158386230469,83474.78515625,3067932,-1.32514953613281,0.110275268554688,7
-116.750534047406,49.150224825953,2010-08-15,17,291.667770385742,279.089859008789,86052.80859375,2103784,-0.7564697265625,0.0709915161132812,8
-116.750534047406,49.150224825953,2010-08-15,18,293.103652954102,278.8466796875,86034.6484375,2577222,-0.898452758789062,0.265182495117188,8
-116.750534047406,49.150224825953,2010-08-15,19,293.956329345703,278.789276123047,86034.87890625,2909654,-1.22598266601562,0.07684326171875,8
-116.750534047406,49.150224825953,2010-08-15,20,294.827407836914,278.568542480469,85998.78515625,3066774,-1.26557922363281,0.144454956054688,8
-116.650533589978,49.150224825953,2010-08-15,17,293.443161010742,280.523452758789,88382.80859375,2105780,-0.7017822265625,0.101264953613281,9
-116.650533589978,49.150224825953,2010-08-15,18,294.873184204102,280.1572265625,88352.6484375,2578442,-0.823257446289062,0.326705932617188,9
-116.650533589978,49.150224825953,2010-08-15,19,295.731719970703,280.088104248047,88346.87890625,2909202,-1.16641235351562,0.10809326171875,9
-116.650533589978,49.150224825953,2010-08-15,20,296.616470336914,279.806823730469,88302.78515625,3065706,-1.21089172363281,0.163009643554688,9
-116.55053313255,49.150224825953,2010-08-15,17,294.542770385742,281.324234008789,89853.80859375,2108018,-0.6676025390625,0.0875930786132812,10
-116.55053313255,49.150224825953,2010-08-15,18,296.011856079102,280.8681640625,89816.6484375,2579780,-0.773452758789062,0.319869995117188,10
-116.55053313255,49.150224825953,2010-08-15,19,296.856719970703,280.779510498047,89806.87890625,2910372,-1.12539672851562,0.05145263671875,10
-116.55053313255,49.150224825953,2010-08-15,20,297.768814086914,280.453308105469,89757.78515625,3065830,-1.16596984863281,0.100509643554688,10
-116.950534962263,49.2502252833812,2010-08-15,17,289.927536010742,278.007827758789,83658.80859375,2095180,-0.8121337890625,0.0836868286132812,11
-116.950534962263,49.2502252833812,2010-08-15,18,291.347793579102,278.0712890625,83647.6484375,2568780,-0.899429321289062,0.190963745117188,11
-116.950534962263,49.2502252833812,2010-08-15,19,292.184844970703,278.008026123047,83651.87890625,2904310,-1.09121704101562,-0.01690673828125,11
-116.950534962263,49.2502252833812,2010-08-15,20,293.022720336914,277.929870605469,83624.78515625,3061640,-1.13276672363281,0.0653533935546875,11
-116.850534504834,49.2502252833812,2010-08-15,17,291.439254760742,279.373062133789,85593.80859375,2096638,-0.7603759765625,0.138374328613281,12
-116.850534504834,49.2502252833812,2010-08-15,18,292.853652954102,279.3154296875,85575.6484375,2569362,-0.834976196289062,0.290573120117188,12
-116.850534504834,49.2502252833812,2010-08-15,19,293.700469970703,279.232635498047,85575.87890625,2902782,-1.04434204101562,0.05731201171875,12
-116.850534504834,49.2502252833812,2010-08-15,20,294.553970336914,279.093933105469,85540.78515625,3059816,-1.09663391113281,0.115158081054688,12
-116.750534047406,49.2502252833812,2010-08-15,17,292.857223510742,280.269546508789,87293.80859375,2098198,-0.7076416015625,0.189155578613281,13
-116.750534047406,49.2502252833812,2010-08-15,18,294.293106079102,280.0576171875,87267.6484375,2570088,-0.766616821289062,0.384323120117188,13
-116.750534047406,49.2502252833812,2010-08-15,19,295.167266845703,279.941619873047,87263.87890625,2901390,-0.994537353515625,0.12762451171875,13
-116.750534047406,49.2502252833812,2010-08-15,20,296.050064086914,279.716979980469,87223.78515625,3058112,-1.05659484863281,0.162033081054688,13
-116.650533589978,49.2502252833812,2010-08-15,17,294.327926635742,281.064468383789,89005.80859375,2099712,-0.6549072265625,0.238960266113281,14
-116.650533589978,49.2502252833812,2010-08-15,18,295.789199829102,280.6826171875,88970.6484375,2570818,-0.700210571289062,0.477096557617188,14
-116.650533589978,49.2502252833812,2010-08-15,19,296.694610595703,280.531463623047,88961.87890625,2900050,-0.945709228515625,0.19500732421875,14
-116.650533589978,49.2502252833812,2010-08-15,20,297.606704711914,280.207214355469,88916.78515625,3056414,-1.01655578613281,0.207931518554688,14
-116.55053313255,49.2502252833812,2010-08-15,17,292.929489135742,280.501968383789,87588.80859375,2102028,-0.6588134765625,0.201850891113281,15
-116.55053313255,49.2502252833812,2010-08-15,18,294.384902954102,280.1552734375,87559.6484375,2572340,-0.705093383789062,0.433151245117188,15
-116.55053313255,49.2502252833812,2010-08-15,19,295.214141845703,280.029510498047,87555.87890625,2901798,-0.978912353515625,0.09051513671875,15
-116.55053313255,49.2502252833812,2010-08-15,20,296.116470336914,279.742370605469,87514.78515625,3057156,-1.03999328613281,0.0907440185546875,15
-116.950534962263,49.3502257408094,2010-08-15,17,290.214645385742,278.101577758789,83953.80859375,2091032,-0.6705322265625,0.225288391113281,16
-116.950534962263,49.3502257408094,2010-08-15,18,291.644668579102,278.2001953125,83941.6484375,2563788,-0.682632446289062,0.324752807617188,16
-116.950534962263,49.3502257408094,2010-08-15,19,292.499298095703,278.082244873047,83945.87890625,2898916,-0.848052978515625,0.10516357421875,16
-116.950534962263,49.3502257408094,2010-08-15,20,293.360610961914,278.015808105469,83916.78515625,3056092,-0.860305786132812,0.229415893554688,16
-116.850534504834,49.3502257408094,2010-08-15,17,291.888473510742,279.558609008789,85976.80859375,2092926,-0.6236572265625,0.276069641113281,17
-116.850534504834,49.3502257408094,2010-08-15,18,293.322402954102,279.5498046875,85955.6484375,2564650,-0.624038696289062,0.411666870117188,17
-116.850534504834,49.3502257408094,2010-08-15,19,294.190704345703,279.422088623047,85953.87890625,2898008,-0.815826416015625,0.18231201171875,17
-116.850534504834,49.3502257408094,2010-08-15,20,295.067642211914,279.295104980469,85918.78515625,3055396,-0.831985473632812,0.282150268554688,17
-116.750534047406,49.3502257408094,2010-08-15,17,293.501754760742,280.337905883789,87691.80859375,2094812,-0.5758056640625,0.326850891113281,18
-116.750534047406,49.3502257408094,2010-08-15,18,294.972793579102,280.1689453125,87661.6484375,2565510,-0.565444946289062,0.498580932617188,18
-116.750534047406,49.3502257408094,2010-08-15,19,295.887969970703,280.004119873047,87656.87890625,2897096,-0.783599853515625,0.25946044921875,18
-116.750534047406,49.3502257408094,2010-08-15,20,296.800064086914,279.775573730469,87614.78515625,3054624,-0.803665161132812,0.333908081054688,18
-116.650533589978,49.3502257408094,2010-08-15,17,292.911911010742,280.072280883789,87105.80859375,2096886,-0.5484619140625,0.357124328613281,19
-116.650533589978,49.3502257408094,2010-08-15,18,294.380996704102,279.8583984375,87077.6484375,2566578,-0.532241821289062,0.553268432617188,19
-116.650533589978,49.3502257408094,2010-08-15,19,295.278594970703,279.717010498047,87073.87890625,2896860,-0.779693603515625,0.29461669921875,19
-116.650533589978,49.3502257408094,2010-08-15,20,296.196548461914,279.470886230469,87033.78515625,3054476,-0.800735473632812,0.346603393554688,19
-116.55053313255,49.3502257408094,2010-08-15,17,291.101364135742,279.195327758789,85232.80859375,2099022,-0.5523681640625,0.351264953613281,20
-116.55053313255,49.3502257408094,2010-08-15,18,292.558731079102,279.0087890625,85212.6484375,2567922,-0.539077758789062,0.558151245117188,20
-116.55053313255,49.3502257408094,2010-08-15,19,293.393829345703,278.908416748047,85213.87890625,2897578,-0.815826416015625,0.25457763671875,20
-116.55053313255,49.3502257408094,2010-08-15,20,294.302017211914,278.683776855469,85178.78515625,3054868,-0.837844848632812,0.288986206054688,20
-116.950534962263,49.0502243685248,2011-07-17,17,289.825088500977,279.649032592773,82330.63671875,2346524,-0.841964721679688,-0.284713745117188,1
-116.950534962263,49.0502243685248,2011-07-17,18,291.314407348633,279.692672729492,82312.578125,2776838,-1.09178161621094,-0.107391357421875,1
-116.950534962263,49.0502243685248,2011-07-17,19,292.00520324707,280.278396606445,82294.94140625,3018326,-1.47604370117188,0.137481689453125,1
-116.950534962263,49.0502243685248,2011-07-17,20,293.085464477539,279.806503295898,82254.2578125,2966064,-1.60391235351562,0.543350219726562,1
-116.850534504834,49.0502243685248,2011-07-17,17,289.567276000977,279.182235717773,81999.63671875,2353666,-0.816574096679688,-0.251510620117188,2
-116.850534504834,49.0502243685248,2011-07-17,18,291.066360473633,279.220016479492,81983.578125,2787752,-1.05369567871094,-0.029266357421875,2
-116.850534504834,49.0502243685248,2011-07-17,19,291.73176574707,279.801834106445,81968.94140625,3034444,-1.39889526367188,0.137481689453125,2
-116.850534504834,49.0502243685248,2011-07-17,20,292.866714477539,279.327987670898,81930.2578125,3013386,-1.56973266601562,0.559951782226562,2
-116.750534047406,49.0502243685248,2011-07-17,17,291.537979125977,280.697860717773,84785.63671875,2360900,-0.790206909179688,-0.220260620117188,3
-116.750534047406,49.0502243685248,2011-07-17,18,293.048782348633,280.675094604492,84756.578125,2798784,-1.01560974121094,0.045928955078125,3
-116.750534047406,49.0502243685248,2011-07-17,19,293.69075012207,281.235427856445,84736.94140625,3050766,-1.32077026367188,0.134552001953125,3
-116.750534047406,49.0502243685248,2011-07-17,20,294.876480102539,280.708847045898,84685.2578125,3060796,-1.53555297851562,0.572647094726562,3
-116.650533589978,49.0502243685248,2011-07-17,17,293.912979125977,282.557235717773,88124.63671875,2367592,-0.760910034179688,-0.196823120117188,4
-116.650533589978,49.0502243685248,2011-07-17,18,295.437454223633,282.462203979492,88078.578125,2808920,-0.967758178710938,0.110382080078125,4
-116.650533589978,49.0502243685248,2011-07-17,19,296.06184387207,283.006912231445,88053.94140625,3065364,-1.23873901367188,0.132598876953125,4
-116.650533589978,49.0502243685248,2011-07-17,20,297.296401977539,282.413925170898,87986.2578125,3105340,-1.48184204101562,0.591201782226562,4
-116.55053313255,49.0502243685248,2011-07-17,17,295.528213500977,283.676376342773,90308.63671875,2372244,-0.722824096679688,-0.204635620117188,5
-116.55053313255,49.0502243685248,2011-07-17,18,297.066360473633,283.514938354492,90251.578125,2815696,-0.889633178710938,0.137725830078125,5
-116.55053313255,49.0502243685248,2011-07-17,19,297.69856262207,284.104568481445,90222.94140625,3073422,-1.14498901367188,0.134552001953125,5
-116.55053313255,49.0502243685248,2011-07-17,20,298.981948852539,283.431503295898,90142.2578125,3139330,-1.35781860351562,0.634170532226562,5
-116.950534962263,49.150224825953,2011-07-17,17,290.032119750977,280.354110717773,82814.63671875,2344644,-0.780441284179688,-0.219284057617188,6
-116.950534962263,49.150224825953,2011-07-17,18,291.517532348633,280.262985229492,82791.578125,2771072,-0.996078491210938,-0.056610107421875,6
-116.950534962263,49.150224825953,2011-07-17,19,292.27473449707,280.723709106445,82772.94140625,3025544,-1.35202026367188,0.111114501953125,6
-116.950534962263,49.150224825953,2011-07-17,20,293.345230102539,280.224472045898,82730.2578125,2963114,-1.44277954101562,0.472061157226562,6
-116.850534504834,49.150224825953,2011-07-17,17,289.989151000977,279.949813842773,82734.63671875,2350300,-0.758956909179688,-0.159713745117188,7
-116.850534504834,49.150224825953,2011-07-17,18,291.486282348633,279.897750854492,82713.578125,2780562,-0.969711303710938,0.065460205078125,7
-116.850534504834,49.150224825953,2011-07-17,19,292.20442199707,280.383865356445,82695.94140625,3036986,-1.29147338867188,0.157012939453125,7
-116.850534504834,49.150224825953,2011-07-17,20,293.337417602539,279.859237670898,82654.2578125,3010014,-1.41738891601562,0.550186157226562,7
-116.750534047406,49.150224825953,2011-07-17,17,291.830947875977,281.279891967773,85255.63671875,2356222,-0.736495971679688,-0.105026245117188,8
-116.750534047406,49.150224825953,2011-07-17,18,293.343704223633,281.225875854492,85222.578125,2790294,-0.940414428710938,0.179718017578125,8
-116.750534047406,49.150224825953,2011-07-17,19,294.01887512207,281.717849731445,85200.94140625,3049150,-1.22897338867188,0.196075439453125,8
-116.750534047406,49.150224825953,2011-07-17,20,295.214370727539,281.132675170898,85147.2578125,3057030,-1.38906860351562,0.617568969726562,8
-116.650533589978,49.150224825953,2011-07-17,17,293.495010375977,282.412704467773,87558.63671875,2361456,-0.715988159179688,-0.0522918701171875,9
-116.650533589978,49.150224825953,2011-07-17,18,295.025344848633,282.378219604492,87513.578125,2799082,-0.909164428710938,0.295928955078125,9
-116.650533589978,49.150224825953,2011-07-17,19,295.66340637207,282.901443481445,87488.94140625,3058674,-1.17037963867188,0.243927001953125,9
-116.650533589978,49.150224825953,2011-07-17,20,296.917495727539,282.253768920898,87425.2578125,3101648,-1.35195922851562,0.700576782226562,9
-116.55053313255,49.150224825953,2011-07-17,17,294.602432250977,283.137313842773,89013.63671875,2366388,-0.703292846679688,-0.0483856201171875,10
-116.55053313255,49.150224825953,2011-07-17,18,296.134719848633,283.050094604492,88961.578125,2806574,-0.854476928710938,0.354522705078125,10
-116.55053313255,49.150224825953,2011-07-17,19,296.76692199707,283.661209106445,88932.94140625,3064504,-1.10494995117188,0.260528564453125,10
-116.55053313255,49.150224825953,2011-07-17,20,298.073745727539,282.945175170898,88862.2578125,3138536,-1.27090454101562,0.749404907226562,10
-116.950534962263,49.2502252833812,2011-07-17,17,289.918838500977,280.785751342773,82890.63671875,2343024,-0.718917846679688,-0.160690307617188,11
-116.950534962263,49.2502252833812,2011-07-17,18,291.404251098633,280.555953979492,82866.578125,2765610,-0.898422241210938,-0.015594482421875,11
-116.950534962263,49.2502252833812,2011-07-17,19,292.23371887207,280.893630981445,82845.94140625,3033728,-1.22213745117188,0.073028564453125,11
-116.950534962263,49.2502252833812,2011-07-17,20,293.288589477539,280.378768920898,82803.2578125,2960278,-1.27969360351562,0.386123657226562,11
-116.850534504834,49.2502252833812,2011-07-17,17,291.370010375977,281.629501342773,84808.63671875,2346996,-0.701339721679688,-0.0708465576171875,12
-116.850534504834,49.2502252833812,2011-07-17,18,292.867141723633,281.479782104492,84774.578125,2773446,-0.884750366210938,0.157257080078125,12
-116.850534504834,49.2502252833812,2011-07-17,19,293.63215637207,281.868240356445,84749.94140625,3039852,-1.18307495117188,0.173614501953125,12
-116.850534504834,49.2502252833812,2011-07-17,20,294.763198852539,281.285018920898,84699.2578125,3006642,-1.26211547851562,0.535537719726562,12
-116.750534047406,49.2502252833812,2011-07-17,17,292.770401000977,282.025985717773,86489.63671875,2351310,-0.682785034179688,0.0141143798828125,13
-116.750534047406,49.2502252833812,2011-07-17,18,294.320266723633,281.899703979492,86447.578125,2781628,-0.868148803710938,0.319366455078125,13
-116.750534047406,49.2502252833812,2011-07-17,19,295.04817199707,282.319412231445,86421.94140625,3047026,-1.13912963867188,0.263458251953125,13
-116.750534047406,49.2502252833812,2011-07-17,20,296.267105102539,281.603378295898,86363.2578125,3053140,-1.24356079101562,0.670303344726562,13
-116.650533589978,49.2502252833812,2011-07-17,17,294.217666625977,282.299423217773,88181.63671875,2355582,-0.665206909179688,0.0980987548828125,14
-116.650533589978,49.2502252833812,2011-07-17,18,295.837844848633,282.188766479492,88131.578125,2789756,-0.850570678710938,0.481475830078125,14
-116.650533589978,49.2502252833812,2011-07-17,19,296.53645324707,282.635818481445,88103.94140625,3054002,-1.09616088867188,0.352325439453125,14
-116.650533589978,49.2502252833812,2011-07-17,20,297.849136352539,281.755722045898,88036.2578125,3099450,-1.22402954101562,0.805068969726562,14
-116.55053313255,49.2502252833812,2011-07-17,17,293.120010375977,281.879501342773,86777.63671875,2360186,-0.682785034179688,0.0932159423828125,15
-116.55053313255,49.2502252833812,2011-07-17,18,294.652297973633,281.813766479492,86735.578125,2796700,-0.809555053710938,0.555694580078125,15
-116.55053313255,49.2502252833812,2011-07-17,19,295.30598449707,282.430740356445,86711.94140625,3053902,-1.06295776367188,0.380645751953125,15
-116.55053313255,49.2502252833812,2011-07-17,20,296.620620727539,281.628768920898,86652.2578125,3134470,-1.16445922851562,0.861709594726562,15
-116.950534962263,49.3502257408094,2011-07-17,17,290.043838500977,280.856063842773,83188.63671875,2337442,-0.646652221679688,0.0277862548828125,16
-116.950534962263,49.3502257408094,2011-07-17,18,291.466751098633,280.581344604492,83163.578125,2751732,-0.699203491210938,0.251007080078125,16
-116.950534962263,49.3502257408094,2011-07-17,19,292.32551574707,280.948318481445,83144.94140625,3023424,-1.03756713867188,0.198028564453125,16
-116.950534962263,49.3502257408094,2011-07-17,20,293.372573852539,280.439315795898,83101.2578125,2953572,-1.10098266601562,0.428115844726562,16
-116.850534504834,49.3502257408094,2011-07-17,17,291.641494750977,281.758407592773,85192.63671875,2340588,-0.620285034179688,0.133255004882812,17
-116.850534504834,49.3502257408094,2011-07-17,18,293.074172973633,281.520797729492,85157.578125,2760162,-0.682601928710938,0.415069580078125,17
-116.850534504834,49.3502257408094,2011-07-17,19,293.86653137207,281.940505981445,85134.94140625,3026292,-1.00241088867188,0.319122314453125,17
-116.850534504834,49.3502257408094,2011-07-17,20,294.989761352539,281.333847045898,85083.2578125,2996182,-1.08340454101562,0.581436157226562,17
-116.750534047406,49.3502257408094,2011-07-17,17,293.235244750977,281.967391967773,86890.63671875,2343716,-0.593917846679688,0.237747192382812,18
-116.750534047406,49.3502257408094,2011-07-17,18,294.740188598633,281.702438354492,86847.578125,2768558,-0.666976928710938,0.580108642578125,18
-116.750534047406,49.3502257408094,2011-07-17,19,295.50129699707,282.151443481445,86821.94140625,3029196,-0.968231201171875,0.440216064453125,18
-116.750534047406,49.3502257408094,2011-07-17,20,296.722183227539,281.341659545898,86763.2578125,3038832,-1.06484985351562,0.733779907226562,18
-116.650533589978,49.3502257408094,2011-07-17,17,292.856338500977,281.438095092773,86306.63671875,2346842,-0.580245971679688,0.316848754882812,19
-116.650533589978,49.3502257408094,2011-07-17,18,294.343704223633,281.253219604492,86267.578125,2776778,-0.650375366210938,0.716827392578125,19
-116.650533589978,49.3502257408094,2011-07-17,19,295.03645324707,281.792068481445,86244.94140625,3030042,-0.942840576171875,0.536895751953125,19
-116.650533589978,49.3502257408094,2011-07-17,20,296.312026977539,280.954940795898,86189.2578125,3078146,-1.04336547851562,0.858779907226562,19
-116.55053313255,49.3502257408094,2011-07-17,17,291.393447875977,280.576766967773,84448.63671875,2350368,-0.592941284179688,0.345169067382812,20
-116.55053313255,49.3502257408094,2011-07-17,18,292.808547973633,280.495407104492,84420.578125,2784356,-0.634750366210938,0.811553955078125,20
-116.55053313255,49.3502257408094,2011-07-17,19,293.43684387207,281.178787231445,84402.94140625,3028846,-0.929168701171875,0.587677001953125,20
-116.55053313255,49.3502257408094,2011-07-17,20,294.728042602539,280.427597045898,84356.2578125,3113608,-1.01797485351562,0.937881469726562,20
-116.950534962263,49.0502243685248,2011-08-02,17,290.421112060547,271.731948852539,82533.8828125,2267002,0.3165283203125,1.2064962387085,1
-116.950534962263,49.0502243685248,2011-08-02,18,291.734390258789,272.27799987793,82537.46484375,2726442,0.607955932617188,1.4237813949585,1
-116.950534962263,49.0502243685248,2011-08-02,19,292.252365112305,273.179809570312,82523.1796875,3055888,0.824234008789062,1.70426654815674,1
-116.950534962263,49.0502243685248,2011-08-02,20,293.175003051758,273.5810546875,82494.54296875,3211446,1.37449645996094,1.91502475738525,1
-116.850534504834,49.0502243685248,2011-08-02,17,289.887908935547,272.249526977539,82201.8828125,2271030,0.1290283203125,1.1635274887085,2
-116.850534504834,49.0502243685248,2011-08-02,18,291.230484008789,272.37760925293,82208.46484375,2732852,0.360885620117188,1.3583517074585,2
-116.850534504834,49.0502243685248,2011-08-02,19,291.793380737305,273.005981445312,82194.1796875,3058598,0.546890258789062,1.63346576690674,2
-116.850534504834,49.0502243685248,2011-08-02,20,292.778518676758,273.4521484375,82166.54296875,3215476,1.06297302246094,1.85984897613525,2
-116.750534047406,49.0502243685248,2011-08-02,17,291.856658935547,274.851089477539,84994.8828125,2275174,-0.0614013671875,1.1205587387085,3
-116.750534047406,49.0502243685248,2011-08-02,18,293.244155883789,274.54362487793,84990.46484375,2739314,0.110885620117188,1.2909688949585,3
-116.750534047406,49.0502243685248,2011-08-02,19,293.848068237305,274.880981445312,84971.1796875,3061344,0.266616821289062,1.56120014190674,3
-116.750534047406,49.0502243685248,2011-08-02,20,294.893753051758,275.3505859375,84932.54296875,3219540,0.749496459960938,1.80418491363525,3
-116.650533589978,49.0502243685248,2011-08-02,17,294.333221435547,277.579605102539,88342.8828125,2279052,-0.1912841796875,1.0883321762085,4
-116.650533589978,49.0502243685248,2011-08-02,18,295.738296508789,276.91081237793,88324.46484375,2745122,-0.0658721923828125,1.2392110824585,4
-116.650533589978,49.0502243685248,2011-08-02,19,296.371505737305,277.007934570312,88299.1796875,3063868,0.0644683837890625,1.50455951690674,4
-116.650533589978,49.0502243685248,2011-08-02,20,297.456253051758,277.5087890625,88246.54296875,3223144,0.512191772460938,1.75975131988525,4
-116.55053313255,49.0502243685248,2011-08-02,17,296.157440185547,278.688980102539,90532.8828125,2281836,-0.0897216796875,1.1010274887085,5
-116.55053313255,49.0502243685248,2011-08-02,18,297.462905883789,277.93815612793,90507.46484375,2748492,0.0337371826171875,1.2411642074585,5
-116.55053313255,49.0502243685248,2011-08-02,19,298.084396362305,278.004028320312,90476.1796875,3065554,0.156265258789062,1.50455951690674,5
-116.55053313255,49.0502243685248,2011-08-02,20,299.132034301758,278.5771484375,90416.54296875,3225048,0.563949584960938,1.75584506988525,5
-116.950534962263,49.150224825953,2011-08-02,17,290.737518310547,272.442886352539,83006.8828125,2266434,0.2862548828125,1.2064962387085,6
-116.950534962263,49.150224825953,2011-08-02,18,292.021499633789,272.62565612793,83009.46484375,2724596,0.606002807617188,1.4042501449585,6
-116.950534962263,49.150224825953,2011-08-02,19,292.527755737305,273.593872070312,82991.1796875,3052474,0.807632446289062,1.62272357940674,6
-116.950534962263,49.150224825953,2011-08-02,20,293.434768676758,273.9990234375,82961.54296875,3207532,1.32957458496094,1.79637241363525,6
-116.850534504834,49.150224825953,2011-08-02,17,290.430877685547,273.019058227539,82925.8828125,2269472,0.1719970703125,1.1801290512085,7
-116.850534504834,49.150224825953,2011-08-02,18,291.736343383789,272.90299987793,82930.46484375,2730596,0.424362182617188,1.3505392074585,7
-116.850534504834,49.150224825953,2011-08-02,19,292.269943237305,273.621215820312,82912.1796875,3054534,0.593765258789062,1.56754779815674,7
-116.850534504834,49.150224825953,2011-08-02,20,293.216018676758,274.0771484375,82884.54296875,3211010,1.06687927246094,1.75535678863525,7
-116.750534047406,49.150224825953,2011-08-02,17,292.288299560547,275.372573852539,85454.8828125,2272638,0.0450439453125,1.1508321762085,8
-116.750534047406,49.150224825953,2011-08-02,18,293.617202758789,274.91667175293,85448.46484375,2736686,0.232955932617188,1.2948751449585,8
-116.750534047406,49.150224825953,2011-08-02,19,294.182052612305,275.375122070312,85427.1796875,3056652,0.369155883789062,1.50944232940674,8
-116.750534047406,49.150224825953,2011-08-02,20,295.165237426758,275.8564453125,85388.54296875,3214530,0.796371459960938,1.71238803863525,8
-116.650533589978,49.150224825953,2011-08-02,17,293.979705810547,277.358901977539,87763.8828125,2275488,-0.0145263671875,1.1352071762085,9
-116.650533589978,49.150224825953,2011-08-02,18,295.310562133789,276.65495300293,87750.46484375,2742148,0.118698120117188,1.2558126449585,9
-116.650533589978,49.150224825953,2011-08-02,19,295.894943237305,276.906372070312,87724.1796875,3058532,0.225601196289062,1.46940326690674,9
-116.650533589978,49.150224825953,2011-08-02,20,296.893753051758,277.4287109375,87677.54296875,3217624,0.604965209960938,1.68309116363525,9
-116.55053313255,49.150224825953,2011-08-02,17,295.194549560547,278.118667602539,89219.8828125,2278486,0.0704345703125,1.1508321762085,10
-116.55053313255,49.150224825953,2011-08-02,18,296.500015258789,277.30143737793,89201.46484375,2746002,0.192916870117188,1.2626485824585,10
-116.55053313255,49.150224825953,2011-08-02,19,297.090255737305,277.488403320312,89172.1796875,3060504,0.288101196289062,1.47672748565674,10
-116.55053313255,49.150224825953,2011-08-02,20,298.077346801758,278.0791015625,89121.54296875,3219954,0.642074584960938,1.69139194488525,10
-116.950534962263,49.2502252833812,2011-08-02,17,290.692596435547,272.876480102539,83070.8828125,2266046,0.2403564453125,1.2025899887085,11
-116.950534962263,49.2502252833812,2011-08-02,18,291.953140258789,272.67253112793,83072.46484375,2722796,0.588424682617188,1.3817892074585,11
-116.950534962263,49.2502252833812,2011-08-02,19,292.447677612305,273.697387695312,83053.1796875,3049230,0.778335571289062,1.53776264190674,11
-116.950534962263,49.2502252833812,2011-08-02,20,293.350784301758,274.1123046875,83025.54296875,3203764,1.27488708496094,1.67430210113525,11
-116.850534504834,49.2502252833812,2011-08-02,17,292.122283935547,274.718276977539,84990.8828125,2267868,0.2091064453125,1.1947774887085,12
-116.850534504834,49.2502252833812,2011-08-02,18,293.386734008789,274.32096862793,84987.46484375,2728338,0.482955932617188,1.3417501449585,12
-116.850534504834,49.2502252833812,2011-08-02,19,293.894943237305,275.130981445312,84965.1796875,3050466,0.636734008789062,1.50016498565674,12
-116.850534504834,49.2502252833812,2011-08-02,20,294.803909301758,275.5849609375,84930.54296875,3206536,1.06687927246094,1.64939975738525,12
-116.750534047406,49.2502252833812,2011-08-02,17,293.487518310547,275.974136352539,86676.8828125,2269962,0.1602783203125,1.1830587387085,13
-116.750534047406,49.2502252833812,2011-08-02,18,294.783218383789,275.26432800293,86668.46484375,2733970,0.362838745117188,1.2997579574585,13
-116.750534047406,49.2502252833812,2011-08-02,19,295.324630737305,275.855590820312,86643.1796875,3051908,0.480484008789062,1.45914936065674,13
-116.750534047406,49.2502252833812,2011-08-02,20,296.260940551758,276.3369140625,86602.54296875,3209446,0.848129272460938,1.62156772613525,13
-116.650533589978,49.2502252833812,2011-08-02,17,294.899627685547,277.065933227539,88373.8828125,2272070,0.1163330078125,1.1732931137085,14
-116.650533589978,49.2502252833812,2011-08-02,18,296.232437133789,276.01628112793,88359.46484375,2739554,0.248580932617188,1.2587423324585,14
-116.650533589978,49.2502252833812,2011-08-02,19,296.814865112305,276.396606445312,88332.1796875,3053348,0.331069946289062,1.42008686065674,14
-116.650533589978,49.2502252833812,2011-08-02,20,297.778518676758,276.9033203125,88286.54296875,3212322,0.637191772460938,1.59471225738525,14
-116.55053313255,49.2502252833812,2011-08-02,17,293.581268310547,276.603042602539,86964.8828125,2274978,0.2950439453125,1.2113790512085,15
-116.55053313255,49.2502252833812,2011-08-02,18,294.851577758789,275.81510925293,86956.46484375,2742796,0.433151245117188,1.3017110824585,15
-116.55053313255,49.2502252833812,2011-08-02,19,295.398849487305,276.177856445312,86931.1796875,3055380,0.506851196289062,1.46793842315674,15
-116.55053313255,49.2502252833812,2011-08-02,20,296.288284301758,276.7958984375,86890.54296875,3214396,0.811996459960938,1.64207553863525,15
-116.950534962263,49.3502257408094,2011-08-02,17,290.841033935547,273.138198852539,83359.8828125,2263964,0.2247314453125,1.1654806137085,16
-116.950534962263,49.3502257408094,2011-08-02,18,292.072280883789,272.74284362793,83360.46484375,2721516,0.561080932617188,1.3319845199585,16
-116.950534962263,49.3502257408094,2011-08-02,19,292.549240112305,273.795043945312,83340.1796875,3045716,0.753921508789062,1.47575092315674,16
-116.950534962263,49.3502257408094,2011-08-02,20,293.389846801758,274.2802734375,83314.54296875,3200712,1.21141052246094,1.59813022613525,16
-116.850534504834,49.3502257408094,2011-08-02,17,292.491424560547,274.792495727539,85365.8828125,2265880,0.2501220703125,1.1635274887085,17
-116.850534504834,49.3502257408094,2011-08-02,18,293.726577758789,274.22135925293,85360.46484375,2727304,0.522994995117188,1.2948751449585,17
-116.850534504834,49.3502257408094,2011-08-02,19,294.217208862305,275.119262695312,85338.1796875,3047148,0.681655883789062,1.44254779815674,17
-116.850534504834,49.3502257408094,2011-08-02,20,295.057815551758,275.6533203125,85304.54296875,3203132,1.08934020996094,1.58250522613525,17
-116.750534047406,49.3502257408094,2011-08-02,17,294.106658935547,275.491714477539,87067.8828125,2267796,0.2745361328125,1.1615743637085,18
-116.750534047406,49.3502257408094,2011-08-02,18,295.390640258789,274.59831237793,87056.46484375,2733088,0.483932495117188,1.2577657699585,18
-116.750534047406,49.3502257408094,2011-08-02,19,295.932052612305,275.367309570312,87029.1796875,3048638,0.609390258789062,1.40885639190674,18
-116.750534047406,49.3502257408094,2011-08-02,20,296.796096801758,275.9404296875,86991.54296875,3205622,0.967269897460938,1.56736850738525,18
-116.650533589978,49.3502257408094,2011-08-02,17,293.503143310547,275.497573852539,86484.8828125,2270000,0.3350830078125,1.1693868637085,19
-116.650533589978,49.3502257408094,2011-08-02,18,294.767593383789,274.58464050293,86476.46484375,2738234,0.500534057617188,1.2431173324585,19
-116.650533589978,49.3502257408094,2011-08-02,19,295.307052612305,275.224731445312,86450.1796875,3050294,0.596694946289062,1.39616107940674,19
-116.650533589978,49.3502257408094,2011-08-02,20,296.153518676758,275.8505859375,86413.54296875,3207738,0.921371459960938,1.56834506988525,19
-116.55053313255,49.3502257408094,2011-08-02,17,291.721893310547,274.966323852539,84621.8828125,2272600,0.4346923828125,1.1908712387085,20
-116.55053313255,49.3502257408094,2011-08-02,18,292.933609008789,274.23893737793,84620.46484375,2742168,0.587448120117188,1.2636251449585,20
-116.55053313255,49.3502257408094,2011-08-02,19,293.441818237305,274.785278320312,84599.1796875,3052136,0.663101196289062,1.41862201690674,20
-116.55053313255,49.3502257408094,2011-08-02,20,294.239456176758,275.4755859375,84568.54296875,3209436,0.974105834960938,1.59373569488525,20
-116.950534962263,49.0502243685248,2011-08-18,17,286.539138793945,272.439605712891,82587.6796875,2123278,1.28720092773438,-0.555007934570312,1
-116.950534962263,49.0502243685248,2011-08-18,18,287.888473510742,271.480361938477,82587.59375,2579640,1.64463806152344,-0.421905517578125,1
-116.950534962263,49.0502243685248,2011-08-18,19,288.526931762695,270.174789428711,82638.48046875,2954080,2.06034851074219,-0.454668045043945,1
-116.950534962263,49.0502243685248,2011-08-18,20,289.43424987793,269.478210449219,82616.0859375,3154676,2.30302429199219,-0.346797943115234,1
-116.850534504834,49.0502243685248,2011-08-18,17,286.265701293945,272.060699462891,82238.6796875,2121080,1.16757202148438,-0.477859497070312,2
-116.850534504834,49.0502243685248,2011-08-18,18,287.609176635742,271.259658813477,82240.59375,2575172,1.49082946777344,-0.251007080078125,2
-116.850534504834,49.0502243685248,2011-08-18,19,288.282791137695,269.868148803711,82290.48046875,2954302,1.92558288574219,-0.316972732543945,2
-116.850534504834,49.0502243685248,2011-08-18,20,289.19206237793,269.187194824219,82270.0859375,3146688,2.15165710449219,-0.257930755615234,2
-116.750534047406,49.0502243685248,2011-08-18,17,288.669998168945,274.021636962891,85057.6796875,2118890,1.04598999023438,-0.402664184570312,3
-116.750534047406,49.0502243685248,2011-08-18,18,289.997848510742,273.304580688477,85047.59375,2570646,1.33457946777344,-0.081085205078125,3
-116.750534047406,49.0502243685248,2011-08-18,19,290.702713012695,271.758773803711,85093.48046875,2954510,1.78886413574219,-0.180253982543945,3
-116.750534047406,49.0502243685248,2011-08-18,20,291.61003112793,271.040710449219,85063.0859375,3138496,1.99687194824219,-0.171016693115234,3
-116.650533589978,49.0502243685248,2011-08-18,17,291.564529418945,276.382965087891,88435.6796875,2116320,0.947845458984375,-0.313796997070312,4
-116.650533589978,49.0502243685248,2011-08-18,18,292.868942260742,275.710830688477,88412.59375,2566050,1.21299743652344,0.094696044921875,4
-116.650533589978,49.0502243685248,2011-08-18,19,293.593338012695,273.997055053711,88453.48046875,2954076,1.68193054199219,-0.0298633575439453,4
-116.650533589978,49.0502243685248,2011-08-18,20,294.49089050293,273.243835449219,88414.0859375,3129570,1.87528991699219,-0.0645713806152344,4
-116.55053313255,49.0502243685248,2011-08-18,17,293.529373168945,277.869293212891,90638.6796875,2112362,0.938568115234375,-0.175125122070312,5
-116.55053313255,49.0502243685248,2011-08-18,18,294.792770385742,277.195205688477,90609.59375,2561214,1.22422790527344,0.295867919921875,5
-116.55053313255,49.0502243685248,2011-08-18,19,295.487869262695,275.342758178711,90648.48046875,2951292,1.68974304199219,0.167402267456055,5
-116.55053313255,49.0502243685248,2011-08-18,20,296.35612487793,274.612976074219,90603.0859375,3118146,1.88261413574219,0.118045806884766,5
-116.950534962263,49.150224825953,2011-08-18,17,286.646560668945,272.951324462891,83072.6796875,2123136,1.22763061523438,-0.617507934570312,6
-116.950534962263,49.150224825953,2011-08-18,18,287.964645385742,272.001846313477,83069.59375,2583258,1.50547790527344,-0.494171142578125,6
-116.950534962263,49.150224825953,2011-08-18,19,288.556228637695,270.854476928711,83119.48046875,2948158,1.89286804199219,-0.539628982543945,6
-116.950534962263,49.150224825953,2011-08-18,20,289.42057800293,270.292663574219,83096.0859375,3139706,2.13700866699219,-0.461055755615234,6
-116.850534504834,49.150224825953,2011-08-18,17,286.623123168945,272.781402587891,82979.6796875,2121454,1.15536499023438,-0.516921997070312,7
-116.850534504834,49.150224825953,2011-08-18,18,287.929489135742,271.976455688477,82975.59375,2578756,1.39707946777344,-0.309600830078125,7
-116.850534504834,49.150224825953,2011-08-18,19,288.540603637695,270.713851928711,83025.48046875,2948788,1.80546569824219,-0.370683670043945,7
-116.850534504834,49.150224825953,2011-08-18,20,289.39518737793,270.210632324219,83003.0859375,3134532,2.04521179199219,-0.341915130615234,7
-116.750534047406,49.150224825953,2011-08-18,17,288.861404418945,274.511871337891,85529.6796875,2119690,1.07479858398438,-0.420242309570312,8
-116.750534047406,49.150224825953,2011-08-18,18,290.161911010742,273.771377563477,85516.59375,2574296,1.28086853027344,-0.126983642578125,8
-116.750534047406,49.150224825953,2011-08-18,19,290.796463012695,272.321273803711,85563.48046875,2949350,1.71122741699219,-0.207597732543945,8
-116.750534047406,49.150224825953,2011-08-18,20,291.64714050293,271.821960449219,85534.0859375,3128944,1.94316101074219,-0.227657318115234,8
-116.650533589978,49.150224825953,2011-08-18,17,290.945388793945,276.107574462891,87855.6796875,2117838,1.02206420898438,-0.309890747070312,9
-116.650533589978,49.150224825953,2011-08-18,18,292.216598510742,275.435440063477,87834.59375,2569860,1.20420837402344,0.062469482421875,9
-116.650533589978,49.150224825953,2011-08-18,19,292.857009887695,273.803695678711,87877.48046875,2949538,1.65361022949219,-0.0279102325439453,9
-116.650533589978,49.150224825953,2011-08-18,20,293.69401550293,273.331726074219,87843.0859375,3123638,1.88456726074219,-0.0899620056152344,9
-116.55053313255,49.150224825953,2011-08-18,17,292.400466918945,276.861480712891,89319.6796875,2115306,1.00204467773438,-0.190750122070312,10
-116.55053313255,49.150224825953,2011-08-18,18,293.671676635742,276.132705688477,89292.59375,2565806,1.20616149902344,0.251922607421875,10
-116.55053313255,49.150224825953,2011-08-18,19,294.327713012695,274.221664428711,89333.48046875,2948072,1.66923522949219,0.166425704956055,10
-116.55053313255,49.150224825953,2011-08-18,20,295.16276550293,273.734069824219,89295.0859375,3116042,1.90263366699219,0.0916786193847656,10
-116.950534962263,49.2502252833812,2011-08-18,17,286.421951293945,273.113433837891,83141.6796875,2122786,1.15829467773438,-0.685867309570312,11
-116.950534962263,49.2502252833812,2011-08-18,18,287.708786010742,272.173721313477,83138.59375,2586758,1.35508728027344,-0.569366455078125,11
-116.950534962263,49.2502252833812,2011-08-18,19,288.263259887695,271.184555053711,83189.48046875,2942018,1.71513366699219,-0.630449295043945,11
-116.950534962263,49.2502252833812,2011-08-18,20,289.08854675293,270.741882324219,83165.0859375,3123928,1.95732116699219,-0.581172943115234,11
-116.850534504834,49.2502252833812,2011-08-18,17,288.205154418945,274.404449462891,85080.6796875,2121690,1.13876342773438,-0.557937622070312,12
-116.850534504834,49.2502252833812,2011-08-18,18,289.478317260742,273.529190063477,85069.59375,2582310,1.29844665527344,-0.368194580078125,12
-116.850534504834,49.2502252833812,2011-08-18,19,290.036697387695,272.338851928711,85118.48046875,2943114,1.68193054199219,-0.427324295043945,12
-116.850534504834,49.2502252833812,2011-08-18,20,290.84635925293,271.974304199219,85089.0859375,3122034,1.93388366699219,-0.426876068115234,12
-116.750534047406,49.2502252833812,2011-08-18,17,289.875076293945,275.287261962891,86777.6796875,2120482,1.10897827148438,-0.434890747070312,13
-116.750534047406,49.2502252833812,2011-08-18,18,291.144332885742,274.456924438477,86759.59375,2577900,1.23204040527344,-0.169952392578125,13
-116.750534047406,49.2502252833812,2011-08-18,19,291.720291137695,273.026351928711,86806.48046875,2944114,1.63798522949219,-0.231035232543945,13
-116.750534047406,49.2502252833812,2011-08-18,20,292.52604675293,272.722351074219,86773.0859375,3119522,1.89677429199219,-0.280391693115234,13
-116.650533589978,49.2502252833812,2011-08-18,17,291.595779418945,276.136871337891,88483.6796875,2119260,1.08114624023438,-0.311843872070312,14
-116.650533589978,49.2502252833812,2011-08-18,18,292.851364135742,275.351455688477,88458.59375,2573504,1.16807556152344,0.028289794921875,14
-116.650533589978,49.2502252833812,2011-08-18,19,293.442947387695,273.678695678711,88503.48046875,2945080,1.59696960449219,-0.0337696075439453,14
-116.650533589978,49.2502252833812,2011-08-18,20,294.23893737793,273.435241699219,88467.0859375,3117060,1.86308288574219,-0.130977630615234,14
-116.55053313255,49.2502252833812,2011-08-18,17,290.416091918945,275.531402587891,87047.6796875,2117874,1.08651733398438,-0.197586059570312,15
-116.55053313255,49.2502252833812,2011-08-18,18,291.640426635742,274.810440063477,87026.59375,2570332,1.22373962402344,0.212860107421875,15
-116.55053313255,49.2502252833812,2011-08-18,19,292.198806762695,272.954086303711,87070.48046875,2944106,1.68193054199219,0.176191329956055,15
-116.55053313255,49.2502252833812,2011-08-18,20,292.95182800293,272.771179199219,87039.0859375,3112980,1.95878601074219,0.0858192443847656,15
-116.950534962263,49.3502257408094,2011-08-18,17,286.396560668945,273.408355712891,83442.6796875,2087960,1.05770874023438,-0.619461059570312,16
-116.950534962263,49.3502257408094,2011-08-18,18,287.659957885742,272.484268188477,83438.59375,2550908,1.22422790527344,-0.506866455078125,16
-116.950534962263,49.3502257408094,2011-08-18,19,288.232009887695,271.584945678711,83488.48046875,2914868,1.56571960449219,-0.559160232543945,16
-116.950534962263,49.3502257408094,2011-08-18,20,289.01628112793,271.196960449219,83462.0859375,3067496,1.81034851074219,-0.529415130615234,16
-116.850534504834,49.3502257408094,2011-08-18,17,288.347732543945,274.654449462891,85470.6796875,2088896,1.07284545898438,-0.499343872070312,17
-116.850534504834,49.3502257408094,2011-08-18,18,289.605270385742,273.753799438477,85458.59375,2547574,1.20957946777344,-0.322296142578125,17
-116.850534504834,49.3502257408094,2011-08-18,19,290.189041137695,272.684555053711,85504.48046875,2916294,1.57157897949219,-0.364824295043945,17
-116.850534504834,49.3502257408094,2011-08-18,20,290.95768737793,272.376647949219,85475.0859375,3067204,1.83915710449219,-0.377071380615234,17
-116.750534047406,49.3502257408094,2011-08-18,17,290.203201293945,275.246246337891,87184.6796875,2089822,1.08798217773438,-0.378250122070312,18
-116.750534047406,49.3502257408094,2011-08-18,18,291.474411010742,274.316299438477,87164.59375,2544240,1.19493103027344,-0.138702392578125,18
-116.750534047406,49.3502257408094,2011-08-18,19,292.087478637695,273.004867553711,87208.48046875,2917726,1.57646179199219,-0.169511795043945,18
-116.750534047406,49.3502257408094,2011-08-18,20,292.85417175293,272.759460449219,87175.0859375,3066912,1.86747741699219,-0.223751068115234,18
-116.650533589978,49.3502257408094,2011-08-18,17,289.816482543945,274.720855712891,86579.6796875,2091070,1.10311889648438,-0.264968872070312,19
-116.650533589978,49.3502257408094,2011-08-18,18,291.068161010742,273.880752563477,86561.59375,2541618,1.20030212402344,0.038055419921875,19
-116.650533589978,49.3502257408094,2011-08-18,19,291.673416137695,272.452133178711,86604.48046875,2918566,1.60136413574219,0.0209178924560547,19
-116.650533589978,49.3502257408094,2011-08-18,20,292.41667175293,272.308288574219,86574.0859375,3066422,1.91581726074219,-0.0606651306152344,19
-116.55053313255,49.3502257408094,2011-08-18,17,288.201248168945,273.650543212891,84680.6796875,2091856,1.10653686523438,-0.161453247070312,20
-116.55053313255,49.3502257408094,2011-08-18,18,289.423629760742,272.939346313477,84668.59375,2539632,1.22373962402344,0.210906982421875,20
-116.55053313255,49.3502257408094,2011-08-18,19,289.997634887695,271.420883178711,84710.48046875,2918220,1.64530944824219,0.212324142456055,20
-116.55053313255,49.3502257408094,2011-08-18,20,290.70573425293,271.353210449219,84687.0859375,3064858,1.97831726074219,0.124881744384766,20
-116.950534962263,49.0502243685248,2012-07-19,17,292.411346435547,279.777969360352,82723.7578125,2364034,0.704696655273438,1.36960124969482,1
-116.950534962263,49.0502243685248,2012-07-19,18,293.572570800781,279.381881713867,82755.50390625,2825368,0.933456420898438,1.44877052307129,1
-116.950534962263,49.0502243685248,2012-07-19,19,294.838165283203,279.481338500977,82766.55078125,3130934,1.39366149902344,1.4650936126709,1
-116.950534962263,49.0502243685248,2012-07-19,20,295.691940307617,279.251358032227,82761.9453125,3284382,1.63742065429688,1.34088706970215,1
-116.850534504834,49.0502243685248,2012-07-19,17,291.885955810547,280.192031860352,82391.7578125,2366012,0.467391967773438,1.32565593719482,2
-116.850534504834,49.0502243685248,2012-07-19,18,293.090148925781,279.805709838867,82425.50390625,2827052,0.663925170898438,1.41068458557129,2
-116.850534504834,49.0502243685248,2012-07-19,19,294.404571533203,279.784072875977,82437.55078125,3132472,1.14073181152344,1.4758358001709,2
-116.850534504834,49.0502243685248,2012-07-19,20,295.318893432617,279.395889282227,82434.9453125,3286582,1.33370971679688,1.36725425720215,2
-116.750534047406,49.0502243685248,2012-07-19,17,293.932830810547,282.928359985352,85162.7578125,2368054,0.228134155273438,1.28073406219482,3
-116.750534047406,49.0502243685248,2012-07-19,18,295.168273925781,282.502975463867,85187.50390625,2828776,0.392440795898438,1.37259864807129,3
-116.750534047406,49.0502243685248,2012-07-19,19,296.521759033203,282.330947875977,85187.55078125,3134056,0.886825561523438,1.4875545501709,3
-116.750534047406,49.0502243685248,2012-07-19,20,297.490768432617,281.759170532227,85175.9453125,3288828,1.02706909179688,1.39459800720215,3
-116.650533589978,49.0502243685248,2012-07-19,17,296.423065185547,285.928359985352,88484.7578125,2369882,0.0484466552734375,1.24850749969482,4
-116.650533589978,49.0502243685248,2012-07-19,18,297.683898925781,285.446334838867,88497.50390625,2830304,0.184432983398438,1.34623146057129,4
-116.650533589978,49.0502243685248,2012-07-19,19,299.054962158203,285.164932250977,88483.55078125,3135528,0.691513061523438,1.5031795501709,4
-116.650533589978,49.0502243685248,2012-07-19,20,300.063034057617,284.448623657227,88460.9453125,3291004,0.785858154296875,1.42389488220215,4
-116.55053313255,49.0502243685248,2012-07-19,17,297.975799560547,287.570938110352,90656.7578125,2370872,0.0894622802734375,1.26706218719482,5
-116.55053313255,49.0502243685248,2012-07-19,18,299.234680175781,287.018600463867,90664.50390625,2831074,0.216659545898438,1.36185646057129,5
-116.55053313255,49.0502243685248,2012-07-19,19,300.564727783203,286.801651000977,90642.55078125,3136552,0.719833374023438,1.5334529876709,5
-116.55053313255,49.0502243685248,2012-07-19,20,301.547409057617,286.112686157227,90612.9453125,3292910,0.789764404296875,1.46393394470215,5
-116.950534962263,49.150224825953,2012-07-19,17,292.901580810547,279.891250610352,83190.7578125,2362988,0.720321655273438,1.35397624969482,6
-116.950534962263,49.150224825953,2012-07-19,18,294.045227050781,279.411178588867,83219.50390625,2824154,0.938339233398438,1.42533302307129,6
-116.950534962263,49.150224825953,2012-07-19,19,295.260040283203,279.580947875977,83230.55078125,3128154,1.29991149902344,1.3654842376709,6
-116.950534962263,49.150224825953,2012-07-19,20,296.111862182617,279.311904907227,83224.9453125,3285458,1.58078002929688,1.27350425720215,6
-116.850534504834,49.150224825953,2012-07-19,17,292.604705810547,280.496719360352,83108.7578125,2364346,0.534774780273438,1.30905437469482,7
-116.850534504834,49.150224825953,2012-07-19,18,293.779602050781,280.024459838867,83138.50390625,2825140,0.724472045898438,1.38138771057129,7
-116.850534504834,49.150224825953,2012-07-19,19,295.025665283203,280.125869750977,83149.55078125,3128848,1.08897399902344,1.3674373626709,7
-116.850534504834,49.150224825953,2012-07-19,20,295.922409057617,279.727920532227,83144.9453125,3286772,1.32296752929688,1.29596519470215,7
-116.750534047406,49.150224825953,2012-07-19,17,294.540252685547,283.108047485352,85616.7578125,2365836,0.341415405273438,1.26413249969482,8
-116.750534047406,49.150224825953,2012-07-19,18,295.732727050781,282.598678588867,85639.50390625,2826224,0.501815795898438,1.33841896057129,8
-116.750534047406,49.150224825953,2012-07-19,19,297.008087158203,282.602432250977,85639.55078125,3129698,0.871200561523438,1.3713436126709,8
-116.750534047406,49.150224825953,2012-07-19,20,297.945846557617,282.054092407227,85626.9453125,3288198,1.05831909179688,1.32037925720215,8
-116.650533589978,49.150224825953,2012-07-19,17,296.235565185547,285.352188110352,87905.7578125,2367052,0.211532592773438,1.23385906219482,9
-116.650533589978,49.150224825953,2012-07-19,18,297.449523925781,284.809616088867,87921.50390625,2827070,0.349472045898438,1.31009864807129,9
-116.650533589978,49.150224825953,2012-07-19,19,298.738555908203,284.766494750977,87912.55078125,3130326,0.717880249023438,1.3820858001709,9
-116.650533589978,49.150224825953,2012-07-19,20,299.703659057617,284.112686157227,87891.9453125,3289484,0.863006591796875,1.34869956970215,9
-116.55053313255,49.150224825953,2012-07-19,17,297.294158935547,286.617813110352,89350.7578125,2368310,0.246688842773438,1.26608562469482,10
-116.55053313255,49.150224825953,2012-07-19,18,298.517883300781,286.014694213867,89361.50390625,2828042,0.371932983398438,1.34427833557129,10
-116.55053313255,49.150224825953,2012-07-19,19,299.793243408203,285.993057250977,89347.55078125,3131456,0.744247436523438,1.4367733001709,10
-116.55053313255,49.150224825953,2012-07-19,20,300.758346557617,285.345108032227,89323.9453125,3291280,0.859100341796875,1.40534019470215,10
-116.950534962263,49.2502252833812,2012-07-19,17,293.016815185547,279.680313110352,83250.7578125,2362054,0.725204467773438,1.33835124969482,11
-116.950534962263,49.2502252833812,2012-07-19,18,294.152648925781,279.126022338867,83279.50390625,2823080,0.930526733398438,1.40287208557129,11
-116.950534962263,49.2502252833812,2012-07-19,19,295.324493408203,279.358291625977,83292.55078125,3125532,1.19639587402344,1.2668514251709,11
-116.950534962263,49.2502252833812,2012-07-19,20,296.176315307617,279.040420532227,83287.9453125,3286724,1.51339721679688,1.20612144470215,11
-116.850534504834,49.2502252833812,2012-07-19,17,294.528533935547,281.889297485352,85155.7578125,2362708,0.598251342773438,1.29245281219482,12
-116.850534504834,49.2502252833812,2012-07-19,18,295.670227050781,281.305709838867,85177.50390625,2823226,0.781112670898438,1.35306739807129,12
-116.850534504834,49.2502252833812,2012-07-19,19,296.851837158203,281.530166625977,85183.55078125,3125278,1.03330993652344,1.2590389251709,12
-116.850534504834,49.2502252833812,2012-07-19,20,297.727096557617,281.112686157227,85173.9453125,3287014,1.31027221679688,1.22467613220215,12
-116.750534047406,49.2502252833812,2012-07-19,17,295.940643310547,283.557266235352,86826.7578125,2363504,0.460556030273438,1.24753093719482,13
-116.750534047406,49.2502252833812,2012-07-19,18,297.133117675781,282.901412963867,86843.50390625,2823554,0.619003295898438,1.30423927307129,13
-116.750534047406,49.2502252833812,2012-07-19,19,298.351837158203,283.069229125977,86843.55078125,3125220,0.860458374023438,1.2541561126709,13
-116.750534047406,49.2502252833812,2012-07-19,20,299.273971557617,282.493545532227,86827.9453125,3287494,1.09542846679688,1.24420738220215,13
-116.650533589978,49.2502252833812,2012-07-19,17,297.382049560547,285.061172485352,88508.7578125,2364288,0.328720092773438,1.20358562469482,14
-116.650533589978,49.2502252833812,2012-07-19,18,298.642883300781,284.315475463867,88519.50390625,2823886,0.462753295898438,1.25736427307129,14
-116.650533589978,49.2502252833812,2012-07-19,19,299.908477783203,284.420791625977,88513.55078125,3125144,0.693466186523438,1.2502498626709,14
-116.650533589978,49.2502252833812,2012-07-19,20,300.881393432617,283.673233032227,88490.9453125,3288000,0.887420654296875,1.26373863220215,14
-116.55053313255,49.2502252833812,2012-07-19,17,295.893768310547,284.699844360352,87111.7578125,2365664,0.472274780273438,1.28561687469482,15
-116.55053313255,49.2502252833812,2012-07-19,18,297.076477050781,284.026412963867,87128.50390625,2824862,0.600448608398438,1.34623146057129,15
-116.55053313255,49.2502252833812,2012-07-19,19,298.273712158203,284.243057250977,87127.55078125,3126360,0.837997436523438,1.3508358001709,15
-116.55053313255,49.2502252833812,2012-07-19,20,299.189987182617,283.700576782227,87110.9453125,3289658,1.00558471679688,1.35455894470215,15
-116.950534962263,49.3502257408094,2012-07-19,17,293.225799560547,279.776016235352,83537.7578125,2359184,0.681259155273438,1.26217937469482,16
-116.950534962263,49.3502257408094,2012-07-19,18,294.338195800781,279.139694213867,83563.50390625,2818892,0.858261108398438,1.33451271057129,16
-116.950534962263,49.3502257408094,2012-07-19,19,295.469024658203,279.340713500977,83578.55078125,3121030,1.10166931152344,1.2014217376709,16
-116.950534962263,49.3502257408094,2012-07-19,20,296.301315307617,279.079483032227,83572.9453125,3283122,1.40109252929688,1.17780113220215,16
-116.850534504834,49.3502257408094,2012-07-19,17,294.987518310547,281.840469360352,85526.7578125,2360106,0.632431030273438,1.20944499969482,17
-116.850534504834,49.3502257408094,2012-07-19,18,296.105773925781,281.155319213867,85547.50390625,2818300,0.785018920898438,1.27201271057129,17
-116.850534504834,49.3502257408094,2012-07-19,19,297.238555908203,281.352432250977,85554.55078125,3119352,1.00791931152344,1.1711483001709,17
-116.850534504834,49.3502257408094,2012-07-19,20,298.080612182617,281.015029907227,85543.9453125,3280574,1.28781127929688,1.18073081970215,17
-116.750534047406,49.3502257408094,2012-07-19,17,296.669158935547,283.080703735352,87211.7578125,2361026,0.580673217773438,1.15671062469482,18
-116.750534047406,49.3502257408094,2012-07-19,18,297.865539550781,282.272506713867,87226.50390625,2817686,0.711776733398438,1.20951271057129,18
-116.750534047406,49.3502257408094,2012-07-19,19,299.043243408203,282.418838500977,87228.55078125,3117656,0.915145874023438,1.1408748626709,18
-116.750534047406,49.3502257408094,2012-07-19,20,299.926315307617,281.931045532227,87212.9453125,3278120,1.17453002929688,1.18366050720215,18
-116.650533589978,49.3502257408094,2012-07-19,17,296.014862060547,283.217422485352,86631.7578125,2362102,0.581649780273438,1.13620281219482,19
-116.650533589978,49.3502257408094,2012-07-19,18,297.195617675781,282.428756713867,86648.50390625,2817080,0.696151733398438,1.18412208557129,19
-116.650533589978,49.3502257408094,2012-07-19,19,298.353790283203,282.614151000977,86652.55078125,3115968,0.884872436523438,1.1398983001709,19
-116.650533589978,49.3502257408094,2012-07-19,20,299.227096557617,282.138076782227,86638.9453125,3275320,1.12765502929688,1.20416831970215,19
-116.55053313255,49.3502257408094,2012-07-19,17,294.104705810547,282.651016235352,84785.7578125,2363334,0.641220092773438,1.17624187469482,20
-116.55053313255,49.3502257408094,2012-07-19,18,295.221008300781,281.940475463867,84808.50390625,2816876,0.749862670898438,1.22806739807129,20
-116.55053313255,49.3502257408094,2012-07-19,19,296.326446533203,282.207901000977,84817.55078125,3115026,0.938583374023438,1.1994686126709,20
-116.55053313255,49.3502257408094,2012-07-19,20,297.162643432617,281.860733032227,84810.9453125,3273412,1.15890502929688,1.26276206970215,20
-116.950534962263,49.0502243685248,2012-08-04,17,290.482818603516,277.421203613281,82913.99609375,2189762,-0.305755615234375,0.537528038024902,1
-116.950534962263,49.0502243685248,2012-08-04,18,291.831527709961,277.599792480469,82916.71484375,2657620,-0.0140380859375,0.681880950927734,1
-116.950534962263,49.0502243685248,2012-08-04,19,292.399810791016,278.185470581055,82925.23828125,2980674,-0.0385894775390625,0.713394165039062,1
-116.950534962263,49.0502243685248,2012-08-04,20,293.428421020508,278.42463684082,82897.79296875,3139584,0.171905517578125,0.712432861328125,1
-116.850534504834,49.0502243685248,2012-08-04,17,290.004302978516,276.841125488281,82579.99609375,2193280,-0.360443115234375,0.599051475524902,2
-116.850534504834,49.0502243685248,2012-08-04,18,291.386215209961,277.009948730469,82585.71484375,2660366,-0.1575927734375,0.734615325927734,2
-116.850534504834,49.0502243685248,2012-08-04,19,291.958404541016,277.632736206055,82595.23828125,2982138,-0.167495727539062,0.766128540039062,2
-116.850534504834,49.0502243685248,2012-08-04,20,293.000686645508,277.83088684082,82569.79296875,3140096,0.013702392578125,0.769073486328125,2
-116.750534047406,49.0502243685248,2012-08-04,17,291.955474853516,278.491516113281,85382.99609375,2196866,-0.418060302734375,0.658621788024902,3
-116.750534047406,49.0502243685248,2012-08-04,18,293.364730834961,278.613464355469,85377.71484375,2663182,-0.3040771484375,0.785396575927734,3
-116.750534047406,49.0502243685248,2012-08-04,19,293.934967041016,279.265548706055,85383.23828125,2983708,-0.299331665039062,0.817886352539062,3
-116.750534047406,49.0502243685248,2012-08-04,20,294.983108520508,279.40119934082,85347.79296875,3140648,-0.147430419921875,0.823760986328125,3
-116.650533589978,49.0502243685248,2012-08-04,17,294.351959228516,280.526672363281,88742.99609375,2200242,-0.439544677734375,0.706473350524902,4
-116.650533589978,49.0502243685248,2012-08-04,18,295.770980834961,280.591979980469,88722.71484375,2665788,-0.3939208984375,0.825435638427734,4
-116.650533589978,49.0502243685248,2012-08-04,19,296.337310791016,281.267501831055,88725.23828125,2985050,-0.375503540039062,0.860855102539062,4
-116.650533589978,49.0502243685248,2012-08-04,20,297.387405395508,281.34065246582,88675.79296875,3140982,-0.245086669921875,0.871612548828125,4
-116.55053313255,49.0502243685248,2012-08-04,17,295.955474853516,281.755187988281,90941.99609375,2202806,-0.326263427734375,0.707449913024902,5
-116.55053313255,49.0502243685248,2012-08-04,18,297.321762084961,281.787292480469,90911.71484375,2667546,-0.2718505859375,0.823482513427734,5
-116.55053313255,49.0502243685248,2012-08-04,19,297.872467041016,282.449142456055,90910.23828125,2985490,-0.243667602539062,0.876480102539062,5
-116.55053313255,49.0502243685248,2012-08-04,20,298.903030395508,282.49690246582,90851.79296875,3140470,-0.103485107421875,0.896026611328125,5
-116.950534962263,49.150224825953,2012-08-04,17,290.832427978516,277.846984863281,83392.99609375,2188220,-0.261810302734375,0.504324913024902,6
-116.950534962263,49.150224825953,2012-08-04,18,292.190902709961,278.017761230469,83391.71484375,2655058,0.0660400390625,0.639888763427734,6
-116.950534962263,49.150224825953,2012-08-04,19,292.782623291016,278.474533081055,83399.23828125,2977812,0.0385589599609375,0.672378540039062,6
-116.950534962263,49.150224825953,2012-08-04,20,293.813186645508,278.77033996582,83369.79296875,3136402,0.247100830078125,0.656768798828125,6
-116.850534504834,49.150224825953,2012-08-04,17,290.586334228516,277.565734863281,83312.99609375,2191048,-0.277435302734375,0.597098350524902,7
-116.850534504834,49.150224825953,2012-08-04,18,291.956527709961,277.718933105469,83311.71484375,2657082,-0.0208740234375,0.720943450927734,7
-116.850534504834,49.150224825953,2012-08-04,19,292.546295166016,278.218673706055,83320.23828125,2978556,-0.0366363525390625,0.755386352539062,7
-116.850534504834,49.150224825953,2012-08-04,20,293.580764770508,278.47541809082,83290.79296875,3136144,0.144561767578125,0.739776611328125,7
-116.750534047406,49.150224825953,2012-08-04,17,292.451568603516,279.153625488281,85847.99609375,2193994,-0.298919677734375,0.684012413024902,8
-116.750534047406,49.150224825953,2012-08-04,18,293.837387084961,279.244323730469,85838.71484375,2659254,-0.1165771484375,0.797115325927734,8
-116.750534047406,49.150224825953,2012-08-04,19,294.421295166016,279.781173706055,85842.23828125,2979422,-0.121597290039062,0.834487915039062,8
-116.750534047406,49.150224825953,2012-08-04,20,295.457717895508,279.97346496582,85802.79296875,3136014,0.033233642578125,0.818878173828125,8
-116.650533589978,49.150224825953,2012-08-04,17,294.107818603516,280.544250488281,88164.99609375,2196684,-0.286224365234375,0.764090538024902,9
-116.650533589978,49.150224825953,2012-08-04,18,295.507308959961,280.570495605469,88145.71484375,2661154,-0.1585693359375,0.869380950927734,9
-116.650533589978,49.150224825953,2012-08-04,19,296.089263916016,281.148361206055,88146.23828125,2980016,-0.153823852539062,0.911636352539062,9
-116.650533589978,49.150224825953,2012-08-04,20,297.125686645508,281.28205871582,88096.79296875,3135622,-0.018524169921875,0.897979736328125,9
-116.55053313255,49.150224825953,2012-08-04,17,295.209381103516,281.175109863281,89627.99609375,2199412,-0.211029052734375,0.776785850524902,10
-116.55053313255,49.150224825953,2012-08-04,18,296.620590209961,281.144714355469,89601.71484375,2663118,-0.0941162109375,0.886959075927734,10
-116.55053313255,49.150224825953,2012-08-04,19,297.206451416016,281.742111206055,89599.23828125,2980652,-0.0835113525390625,0.941909790039062,10
-116.55053313255,49.150224825953,2012-08-04,20,298.250686645508,281.83869934082,89543.79296875,3135294,0.057647705078125,0.941925048828125,10
-116.950534962263,49.2502252833812,2012-08-04,17,290.828521728516,277.903625488281,83460.99609375,2186786,-0.227630615234375,0.464285850524902,11
-116.950534962263,49.2502252833812,2012-08-04,18,292.204574584961,278.080261230469,83459.71484375,2652660,0.1343994140625,0.590084075927734,11
-116.950534962263,49.2502252833812,2012-08-04,19,292.817779541016,278.404220581055,83465.23828125,2975136,0.103988647460938,0.622573852539062,11
-116.950534962263,49.2502252833812,2012-08-04,20,293.856155395508,278.75862121582,83435.79296875,3133392,0.308624267578125,0.594268798828125,11
-116.850534504834,49.2502252833812,2012-08-04,17,292.307037353516,279.229797363281,85386.99609375,2188828,-0.197357177734375,0.591238975524902,12
-116.850534504834,49.2502252833812,2012-08-04,18,293.681137084961,279.336120605469,85377.71484375,2653862,0.1129150390625,0.704341888427734,12
-116.850534504834,49.2502252833812,2012-08-04,19,294.286529541016,279.705001831055,85380.23828125,2974992,0.0893402099609375,0.742691040039062,12
-116.850534504834,49.2502252833812,2012-08-04,20,295.319046020508,280.00666809082,85342.79296875,3132296,0.271514892578125,0.708526611328125,12
-116.750534047406,49.2502252833812,2012-08-04,17,293.682037353516,280.075500488281,87077.99609375,2191022,-0.175872802734375,0.712332725524902,13
-116.750534047406,49.2502252833812,2012-08-04,18,295.077621459961,280.076354980469,87061.71484375,2655248,0.0777587890625,0.811763763427734,13
-116.750534047406,49.2502252833812,2012-08-04,19,295.694732666016,280.494064331055,87061.23828125,2975032,0.0619964599609375,0.854019165039062,13
-116.750534047406,49.2502252833812,2012-08-04,20,296.733108520508,280.72151184082,87016.79296875,3131348,0.220733642578125,0.816925048828125,13
-116.650533589978,49.2502252833812,2012-08-04,17,295.078521728516,280.829406738281,88779.99609375,2193212,-0.153411865234375,0.831473350524902,14
-116.650533589978,49.2502252833812,2012-08-04,18,296.505355834961,280.709167480469,88755.71484375,2656634,0.0474853515625,0.917232513427734,14
-116.650533589978,49.2502252833812,2012-08-04,19,297.143951416016,281.179611206055,88753.23828125,2975056,0.0385589599609375,0.966323852539062,14
-116.650533589978,49.2502252833812,2012-08-04,20,298.188186645508,281.32893371582,88701.79296875,3130388,0.174835205078125,0.924346923828125,14
-116.55053313255,49.2502252833812,2012-08-04,17,293.736724853516,280.194641113281,87368.99609375,2195906,-0.063568115234375,0.824637413024902,15
-116.55053313255,49.2502252833812,2012-08-04,18,295.130355834961,280.160339355469,87349.71484375,2658560,0.1383056640625,0.932857513427734,15
-116.55053313255,49.2502252833812,2012-08-04,19,295.731842041016,280.675704956055,87349.23828125,2975638,0.126449584960938,0.994644165039062,15
-116.55053313255,49.2502252833812,2012-08-04,20,296.758499145508,280.86408996582,87300.79296875,3130018,0.281280517578125,0.977081298828125,15
-116.950534962263,49.3502257408094,2012-08-04,17,291.070709228516,277.837219238281,83755.99609375,2184688,-0.134857177734375,0.506278038024902,16
-116.950534962263,49.3502257408094,2012-08-04,18,292.427230834961,278.019714355469,83752.71484375,2649576,0.1978759765625,0.631099700927734,16
-116.950534962263,49.3502257408094,2012-08-04,19,293.081451416016,278.382736206055,83757.23828125,2971522,0.191879272460938,0.670425415039062,16
-116.950534962263,49.3502257408094,2012-08-04,20,294.117874145508,278.74494934082,83724.79296875,3129558,0.381866455078125,0.632354736328125,16
-116.850534504834,49.3502257408094,2012-08-04,17,292.730865478516,279.251281738281,85766.99609375,2186948,-0.073333740234375,0.618582725524902,17
-116.850534504834,49.3502257408094,2012-08-04,18,294.091293334961,279.353698730469,85756.71484375,2651044,0.2222900390625,0.725826263427734,17
-116.850534504834,49.3502257408094,2012-08-04,19,294.747467041016,279.765548706055,85757.23828125,2971632,0.215316772460938,0.771011352539062,17
-116.850534504834,49.3502257408094,2012-08-04,20,295.776077270508,280.07307434082,85715.79296875,3128692,0.391632080078125,0.722198486328125,17
-116.750534047406,49.3502257408094,2012-08-04,17,294.307037353516,279.962219238281,87471.99609375,2189206,-0.011810302734375,0.732840538024902,18
-116.750534047406,49.3502257408094,2012-08-04,18,295.714340209961,279.931823730469,87453.71484375,2652542,0.2476806640625,0.821529388427734,18
-116.750534047406,49.3502257408094,2012-08-04,19,296.401763916016,280.400314331055,87451.23828125,2971738,0.239730834960938,0.870620727539062,18
-116.750534047406,49.3502257408094,2012-08-04,20,297.440139770508,280.62580871582,87403.79296875,3127826,0.401397705078125,0.812042236328125,18
-116.650533589978,49.3502257408094,2012-08-04,17,293.740631103516,279.669250488281,86887.99609375,2191606,0.049713134765625,0.814871788024902,19
-116.650533589978,49.3502257408094,2012-08-04,18,295.136215209961,279.623229980469,86870.71484375,2654166,0.2828369140625,0.894771575927734,19
-116.650533589978,49.3502257408094,2012-08-04,19,295.808013916016,280.148361206055,86868.23828125,2972018,0.271957397460938,0.951675415039062,19
-116.650533589978,49.3502257408094,2012-08-04,20,296.838577270508,280.35237121582,86822.79296875,3127110,0.427764892578125,0.890167236328125,19
-116.55053313255,49.3502257408094,2012-08-04,17,292.006256103516,278.782531738281,85021.99609375,2194138,0.101470947265625,0.849051475524902,20
-116.55053313255,49.3502257408094,2012-08-04,18,293.360824584961,278.787292480469,85011.71484375,2655892,0.3209228515625,0.940670013427734,20
-116.55053313255,49.3502257408094,2012-08-04,19,293.997467041016,279.365158081055,85012.23828125,2972394,0.306137084960938,1.00636291503906,20
-116.55053313255,49.3502257408094,2012-08-04,20,295.014358520508,279.59260559082,84973.79296875,3126506,0.467803955078125,0.959503173828125,20
-116.950534962263,49.0502243685248,2012-08-20,17,294.603271484375,276.478012084961,82598.0703125,1998586,0.2098388671875,1.49974060058594,1
-116.950534962263,49.0502243685248,2012-08-20,18,295.854309082031,276.16731262207,82615.82421875,2491182,0.838333129882812,1.75752258300781,1
-116.950534962263,49.0502243685248,2012-08-20,19,296.491119384766,276.909515380859,82620.9609375,2621284,0.89093017578125,1.87156677246094,1
-116.950534962263,49.0502243685248,2012-08-20,20,297.302261352539,276.778411865234,82583.04296875,2849782,1.267822265625,2.05049133300781,1
-116.850534504834,49.0502243685248,2012-08-20,17,294.011474609375,276.228012084961,82269.0703125,2006790,0.0692138671875,1.46653747558594,2
-116.850534504834,49.0502243685248,2012-08-20,18,295.403137207031,276.09309387207,82288.82421875,2498802,0.564895629882812,1.70478820800781,2
-116.850534504834,49.0502243685248,2012-08-20,19,296.168853759766,276.600921630859,82295.9609375,2637032,0.67510986328125,1.76609802246094,2
-116.850534504834,49.0502243685248,2012-08-20,20,297.024917602539,276.534271240234,82258.04296875,2858938,0.995361328125,1.93721008300781,2
-116.750534047406,49.0502243685248,2012-08-20,17,295.904052734375,278.245590209961,85024.0703125,2015100,-0.0723876953125,1.43333435058594,3
-116.750534047406,49.0502243685248,2012-08-20,18,297.387512207031,278.24348449707,85031.82421875,2506492,0.288528442382812,1.65400695800781,3
-116.750534047406,49.0502243685248,2012-08-20,19,298.266510009766,278.514984130859,85031.9609375,2652704,0.45635986328125,1.65965270996094,3
-116.750534047406,49.0502243685248,2012-08-20,20,299.159683227539,278.493255615234,84986.04296875,2868064,0.721923828125,1.82392883300781,3
-116.650533589978,49.0502243685248,2012-08-20,17,298.230224609375,280.645980834961,88326.0703125,2023174,-0.1651611328125,1.40208435058594,4
-116.650533589978,49.0502243685248,2012-08-20,18,299.780090332031,280.73762512207,88318.82421875,2513524,0.0844268798828125,1.60615539550781,4
-116.650533589978,49.0502243685248,2012-08-20,19,300.752838134766,280.800140380859,88310.9609375,2669930,0.30303955078125,1.56394958496094,4
-116.650533589978,49.0502243685248,2012-08-20,20,301.667495727539,280.809661865234,88255.04296875,2877826,0.521728515625,1.72334289550781,4
-116.55053313255,49.0502243685248,2012-08-20,17,299.636474609375,282.224105834961,90489.0703125,2030282,-0.0714111328125,1.38255310058594,5
-116.55053313255,49.0502243685248,2012-08-20,18,301.200012207031,282.33528137207,90469.82421875,2518066,0.144973754882812,1.57197570800781,5
-116.55053313255,49.0502243685248,2012-08-20,19,302.213775634766,282.280609130859,90454.9609375,2693004,0.39288330078125,1.51023864746094,5
-116.55053313255,49.0502243685248,2012-08-20,20,303.095230102539,282.297943115234,90393.04296875,2890062,0.598876953125,1.66865539550781,5
-116.950534962263,49.150224825953,2012-08-20,17,295.224365234375,276.558090209961,83058.0703125,2005368,0.1854248046875,1.40110778808594,6
-116.950534962263,49.150224825953,2012-08-20,18,296.426574707031,276.13410949707,83075.82421875,2490946,0.833450317382812,1.72236633300781,6
-116.950534962263,49.150224825953,2012-08-20,19,296.981353759766,276.700531005859,83079.9609375,2577678,0.86944580078125,1.78758239746094,6
-116.950534962263,49.150224825953,2012-08-20,20,297.755386352539,276.411224365234,83039.04296875,2810290,1.271728515625,1.96553039550781,6
-116.850534504834,49.150224825953,2012-08-20,17,294.855224609375,276.649887084961,82980.0703125,2011682,0.0770263671875,1.38841247558594,7
-116.850534504834,49.150224825953,2012-08-20,18,296.160949707031,276.38996887207,82995.82421875,2497288,0.622512817382812,1.66963195800781,7
-116.850534504834,49.150224825953,2012-08-20,19,296.787994384766,276.727874755859,83001.9609375,2594614,0.70538330078125,1.69383239746094,7
-116.850534504834,49.150224825953,2012-08-20,20,297.587417602539,276.561614990234,82962.04296875,2819936,1.040283203125,1.86592102050781,7
-116.750534047406,49.150224825953,2012-08-20,17,296.683349609375,278.546371459961,85471.0703125,2018256,-0.0362548828125,1.37278747558594,8
-116.750534047406,49.150224825953,2012-08-20,18,298.069152832031,278.39778137207,85475.82421875,2503790,0.401809692382812,1.61592102050781,8
-116.750534047406,49.150224825953,2012-08-20,19,298.772369384766,278.509124755859,85479.9609375,2611414,0.53253173828125,1.59910583496094,8
-116.750534047406,49.150224825953,2012-08-20,20,299.599136352539,278.428802490234,85432.04296875,2829464,0.802001953125,1.76533508300781,8
-116.650533589978,49.150224825953,2012-08-20,17,298.238037109375,280.325668334961,87747.0703125,2024240,-0.1016845703125,1.36399841308594,9
-116.650533589978,49.150224825953,2012-08-20,18,299.686340332031,280.28450012207,87740.82421875,2509496,0.252395629882812,1.56806945800781,9
-116.650533589978,49.150224825953,2012-08-20,19,300.436431884766,280.206390380859,87740.9609375,2630360,0.42608642578125,1.51902770996094,9
-116.650533589978,49.150224825953,2012-08-20,20,301.276870727539,280.217864990234,87686.04296875,2840094,0.635986328125,1.67939758300781,9
-116.55053313255,49.150224825953,2012-08-20,17,299.368896484375,280.866683959961,89185.0703125,2030536,-0.0411376953125,1.35520935058594,10
-116.55053313255,49.150224825953,2012-08-20,18,300.930480957031,280.81575012207,89170.82421875,2514124,0.272903442382812,1.54463195800781,10
-116.55053313255,49.150224825953,2012-08-20,19,301.735260009766,280.583343505859,89166.9609375,2656318,0.48370361328125,1.47605895996094,10
-116.55053313255,49.150224825953,2012-08-20,20,302.581558227539,280.610443115234,89108.04296875,2854502,0.677001953125,1.63642883300781,10
-116.950534962263,49.2502252833812,2012-08-20,17,295.491943359375,276.222152709961,83117.0703125,2012550,0.1551513671875,1.29759216308594,11
-116.950534962263,49.2502252833812,2012-08-20,18,296.655090332031,275.67707824707,83133.82421875,2491006,0.815872192382812,1.68916320800781,11
-116.950534962263,49.2502252833812,2012-08-20,19,297.147369384766,276.054046630859,83137.9609375,2533784,0.83721923828125,1.70066833496094,11
-116.950534962263,49.2502252833812,2012-08-20,20,297.888198852539,275.579193115234,83097.04296875,2770612,1.267822265625,1.87666320800781,11
-116.850534504834,49.2502252833812,2012-08-20,17,296.939208984375,277.827621459961,85007.0703125,2016634,0.0828857421875,1.30833435058594,12
-116.850534504834,49.2502252833812,2012-08-20,18,298.166809082031,277.38801574707,85015.82421875,2495816,0.675247192382812,1.63252258300781,12
-116.850534504834,49.2502252833812,2012-08-20,19,298.670806884766,277.538421630859,85019.9609375,2552160,0.73272705078125,1.62156677246094,12
-116.850534504834,49.2502252833812,2012-08-20,20,299.423355102539,277.233489990234,84974.04296875,2780820,1.081298828125,1.79463195800781,12
-116.750534047406,49.2502252833812,2012-08-20,17,298.181396484375,279.132308959961,86668.0703125,2021158,0.0047607421875,1.31517028808594,13
-116.750534047406,49.2502252833812,2012-08-20,18,299.494934082031,278.80793762207,86667.82421875,2500932,0.520950317382812,1.57783508300781,13
-116.750534047406,49.2502252833812,2012-08-20,19,300.020416259766,278.737640380859,86672.9609375,2570230,0.61651611328125,1.54051208496094,13
-116.750534047406,49.2502252833812,2012-08-20,20,300.788589477539,278.587005615234,86622.04296875,2790914,0.885986328125,1.70771789550781,13
-116.650533589978,49.2502252833812,2012-08-20,17,299.372802734375,280.478012084961,88339.0703125,2025648,-0.0704345703125,1.32200622558594,14
-116.650533589978,49.2502252833812,2012-08-20,18,300.762512207031,280.28254699707,88328.82421875,2505978,0.372512817382812,1.52314758300781,14
-116.650533589978,49.2502252833812,2012-08-20,19,301.305572509766,280.011077880859,88334.9609375,2588528,0.50518798828125,1.46043395996094,14
-116.650533589978,49.2502252833812,2012-08-20,20,302.087417602539,280.010833740234,88279.04296875,2801114,0.697509765625,1.62373352050781,14
-116.55053313255,49.2502252833812,2012-08-20,17,298.165771484375,279.567855834961,86955.0703125,2030690,0.0438232421875,1.32981872558594,15
-116.55053313255,49.2502252833812,2012-08-20,18,299.575012207031,279.37825012207,86947.82421875,2509536,0.477005004882812,1.52510070800781,15
-116.55053313255,49.2502252833812,2012-08-20,19,300.100494384766,279.059906005859,86956.9609375,2621988,0.64483642578125,1.45555114746094,15
-116.55053313255,49.2502252833812,2012-08-20,20,300.843276977539,279.104583740234,86906.04296875,2820074,0.839111328125,1.61982727050781,15
-116.950534962263,49.3502257408094,2012-08-20,17,295.855224609375,276.122543334961,83400.0703125,2015474,0.1239013671875,1.22532653808594,16
-116.950534962263,49.3502257408094,2012-08-20,18,297.067199707031,275.26692199707,83412.82421875,2488886,0.750442504882812,1.64814758300781,16
-116.950534962263,49.3502257408094,2012-08-20,19,297.483306884766,275.532562255859,83420.9609375,2521268,0.79522705078125,1.65672302246094,16
-116.950534962263,49.3502257408094,2012-08-20,20,298.167495727539,275.040130615234,83379.04296875,2748038,1.176025390625,1.79951477050781,16
-116.850534504834,49.3502257408094,2012-08-20,17,297.493896484375,277.868637084961,85373.0703125,2018466,0.0994873046875,1.25267028808594,17
-116.850534504834,49.3502257408094,2012-08-20,18,298.733215332031,277.08137512207,85376.82421875,2493014,0.684036254882812,1.60420227050781,17
-116.850534504834,49.3502257408094,2012-08-20,19,299.149322509766,277.169281005859,85385.9609375,2540628,0.75421142578125,1.59324645996094,17
-116.850534504834,49.3502257408094,2012-08-20,20,299.835464477539,276.821380615234,85340.04296875,2758856,1.069580078125,1.73213195800781,17
-116.750534047406,49.3502257408094,2012-08-20,17,298.900146484375,279.163558959961,87046.0703125,2021524,0.0731201171875,1.27903747558594,18
-116.750534047406,49.3502257408094,2012-08-20,18,300.198059082031,278.45637512207,87042.82421875,2497212,0.616653442382812,1.55928039550781,18
-116.750534047406,49.3502257408094,2012-08-20,19,300.614166259766,278.376312255859,87051.9609375,2559980,0.71221923828125,1.53074645996094,18
-116.750534047406,49.3502257408094,2012-08-20,20,301.306167602539,278.167083740234,87001.04296875,2769672,0.963134765625,1.66572570800781,18
-116.650533589978,49.3502257408094,2012-08-20,17,298.273193359375,279.040512084961,86475.0703125,2024586,0.0780029296875,1.30052185058594,19
-116.650533589978,49.3502257408094,2012-08-20,18,299.612121582031,278.41340637207,86470.82421875,2500892,0.591262817382812,1.52705383300781,19
-116.650533589978,49.3502257408094,2012-08-20,19,300.028228759766,278.204437255859,86481.9609375,2582958,0.71319580078125,1.48484802246094,19
-116.650533589978,49.3502257408094,2012-08-20,20,300.712417602539,278.112396240234,86432.04296875,2782532,0.921142578125,1.61787414550781,19
-116.55053313255,49.3502257408094,2012-08-20,17,296.572021484375,278.013168334961,84646.0703125,2028170,0.1170654296875,1.30833435058594,20
-116.55053313255,49.3502257408094,2012-08-20,18,297.942199707031,277.44856262207,84646.82421875,2503988,0.611770629882812,1.51240539550781,20
-116.55053313255,49.3502257408094,2012-08-20,19,298.360260009766,277.153656005859,84660.9609375,2611732,0.76495361328125,1.46336364746094,20
-116.55053313255,49.3502257408094,2012-08-20,20,299.026870727539,277.133880615234,84616.04296875,2798682,0.958251953125,1.59541320800781,20
-116.950534962263,49.0502243685248,2013-06-04,17,280.387283325195,275.096618652344,82810.1953125,2474728,-0.933273315429688,-0.00154876708984375,1
-116.950534962263,49.0502243685248,2013-06-04,18,281.90153503418,275.367324829102,82798.71484375,2975804,-0.967086791992188,0.1488037109375,1
-116.950534962263,49.0502243685248,2013-06-04,19,285.32096862793,271.991729736328,82818.578125,2616660,-0.520278930664062,0.356900215148926,1
-116.950534962263,49.0502243685248,2013-06-04,20,286.67985534668,271.594879150391,82802.23828125,2895020,-0.244735717773438,0.511213302612305,1
-116.850534504834,49.0502243685248,2013-06-04,17,280.129470825195,274.830993652344,82470.1953125,2462676,-0.919601440429688,0.0248184204101562,2
-116.850534504834,49.0502243685248,2013-06-04,18,281.67692565918,275.013809204102,82463.71484375,2974924,-0.977340698242188,0.2039794921875,2
-116.850534504834,49.0502243685248,2013-06-04,19,283.68424987793,273.360870361328,82485.578125,2677832,-0.581802368164062,0.414517402648926,2
-116.850534504834,49.0502243685248,2013-06-04,20,285.32438659668,272.594879150391,82472.23828125,2927544,-0.353134155273438,0.567853927612305,2
-116.750534047406,49.0502243685248,2013-06-04,17,283.344314575195,275.832946777344,85352.1953125,2450648,-0.905929565429688,0.0511856079101562,3
-116.750534047406,49.0502243685248,2013-06-04,18,284.94450378418,275.668106079102,85333.71484375,2974152,-0.988082885742188,0.2596435546875,3
-116.750534047406,49.0502243685248,2013-06-04,19,286.37174987793,275.073760986328,85342.578125,2739288,-0.644302368164062,0.472134590148926,3
-116.750534047406,49.0502243685248,2013-06-04,20,287.79508972168,274.692535400391,85319.23828125,2960632,-0.463485717773438,0.623029708862305,3
-116.650533589978,49.0502243685248,2013-06-04,17,286.664627075195,277.321228027344,88807.1953125,2437872,-0.881515502929688,0.0726699829101562,4
-116.650533589978,49.0502243685248,2013-06-04,18,288.29216003418,276.877090454102,88772.71484375,2972676,-0.977828979492188,0.3070068359375,4
-116.650533589978,49.0502243685248,2013-06-04,19,289.54167175293,276.821807861328,88766.578125,2802844,-0.670669555664062,0.522427558898926,4
-116.650533589978,49.0502243685248,2013-06-04,20,290.74040222168,276.790191650391,88729.23828125,2992912,-0.526962280273438,0.667463302612305,4
-116.55053313255,49.0502243685248,2013-06-04,17,288.057205200195,278.553649902344,91074.1953125,2422380,-0.816085815429688,0.0755996704101562,5
-116.55053313255,49.0502243685248,2013-06-04,18,289.67301940918,278.047012329102,91028.71484375,2968428,-0.890914916992188,0.3245849609375,5
-116.55053313255,49.0502243685248,2013-06-04,19,291.02995300293,277.983917236328,91008.578125,2873756,-0.570083618164062,0.547329902648926,5
-116.55053313255,49.0502243685248,2013-06-04,20,292.21501159668,277.827301025391,90964.23828125,3021704,-0.412704467773438,0.675764083862305,5
-116.950534962263,49.150224825953,2013-06-04,17,280.606033325195,275.225524902344,83303.1953125,2466632,-0.834640502929688,0.0355606079101562,6
-116.950534962263,49.150224825953,2013-06-04,18,282.38200378418,275.222793579102,83287.71484375,2968648,-0.834762573242188,0.1395263671875,6
-116.950534962263,49.150224825953,2013-06-04,19,286.17253112793,271.714385986328,83300.578125,2644272,-0.390396118164062,0.281704902648926,6
-116.950534962263,49.150224825953,2013-06-04,20,287.30094909668,271.393707275391,83280.23828125,2861980,-0.123641967773438,0.358381271362305,6
-116.850534504834,49.150224825953,2013-06-04,17,281.332595825195,275.055603027344,83223.1953125,2454900,-0.819992065429688,0.0629043579101562,7
-116.850534504834,49.150224825953,2013-06-04,18,282.91325378418,275.213027954102,83211.71484375,2965824,-0.836715698242188,0.2005615234375,7
-116.850534504834,49.150224825953,2013-06-04,19,285.96745300293,272.106964111328,83225.578125,2698508,-0.424575805664062,0.339322090148926,7
-116.850534504834,49.150224825953,2013-06-04,20,287.08610534668,271.880035400391,83206.23828125,2884436,-0.192001342773438,0.443342208862305,7
-116.750534047406,49.150224825953,2013-06-04,17,284.619705200195,275.756774902344,85830.1953125,2443096,-0.805343627929688,0.0902481079101562,8
-116.750534047406,49.150224825953,2013-06-04,18,286.32145690918,275.490371704102,85804.71484375,2963328,-0.839645385742188,0.2611083984375,8
-116.750534047406,49.150224825953,2013-06-04,19,287.87370300293,274.929229736328,85808.578125,2753824,-0.462661743164062,0.396450996398926,8
-116.750534047406,49.150224825953,2013-06-04,20,288.98844909668,274.858551025391,85779.23828125,2908512,-0.267196655273438,0.523420333862305,8
-116.650533589978,49.150224825953,2013-06-04,17,286.178298950195,277.282165527344,88219.1953125,2430868,-0.784835815429688,0.111732482910156,9
-116.650533589978,49.150224825953,2013-06-04,18,287.96598815918,276.713027954102,88180.71484375,2959612,-0.828414916992188,0.3143310546875,9
-116.650533589978,49.150224825953,2013-06-04,19,289.40299987793,276.524932861328,88171.578125,2809620,-0.473403930664062,0.446255683898926,9
-116.650533589978,49.150224825953,2013-06-04,20,290.49821472168,276.446441650391,88133.23828125,2929616,-0.301376342773438,0.600080490112305,9
-116.55053313255,49.150224825953,2013-06-04,17,287.166580200195,277.995056152344,89727.1953125,2416880,-0.754562377929688,0.109779357910156,10
-116.55053313255,49.150224825953,2013-06-04,18,288.82536315918,277.576309204102,89681.71484375,2953852,-0.786911010742188,0.3319091796875,10
-116.55053313255,49.150224825953,2013-06-04,19,290.37565612793,277.374542236328,89661.578125,2875916,-0.434341430664062,0.470181465148926,10
-116.55053313255,49.150224825953,2013-06-04,20,291.45719909668,277.284332275391,89619.23828125,2952640,-0.248641967773438,0.625959396362305,10
-116.950534962263,49.2502252833812,2013-06-04,17,280.973220825195,275.077087402344,83375.1953125,2458440,-0.736007690429688,0.0726699829101562,11
-116.950534962263,49.2502252833812,2013-06-04,18,283.32731628418,274.351699829102,83358.71484375,2961904,-0.704879760742188,0.1292724609375,11
-116.950534962263,49.2502252833812,2013-06-04,19,286.37370300293,271.806182861328,83367.578125,2673316,-0.266372680664062,0.206509590148926,11
-116.950534962263,49.2502252833812,2013-06-04,20,287.39274597168,271.421051025391,83346.23828125,2831044,-0.0093841552734375,0.197736740112305,11
-116.850534504834,49.2502252833812,2013-06-04,17,283.670486450195,276.071228027344,85359.1953125,2447036,-0.719406127929688,0.100990295410156,12
-116.850534504834,49.2502252833812,2013-06-04,18,285.74528503418,275.470840454102,85328.71484375,2956872,-0.696578979492188,0.1966552734375,12
-116.850534504834,49.2502252833812,2013-06-04,19,287.85807800293,274.292510986328,85327.578125,2719672,-0.269302368164062,0.263638496398926,12
-116.850534504834,49.2502252833812,2013-06-04,20,288.88102722168,274.081207275391,85299.23828125,2841988,-0.0328216552734375,0.315412521362305,12
-116.750534047406,49.2502252833812,2013-06-04,17,285.363845825195,276.436462402344,87101.1953125,2435584,-0.703781127929688,0.129310607910156,13
-116.750534047406,49.2502252833812,2013-06-04,18,287.30583190918,275.707168579102,87062.71484375,2952252,-0.690231323242188,0.2630615234375,13
-116.750534047406,49.2502252833812,2013-06-04,19,288.85417175293,275.298370361328,87052.578125,2767580,-0.279067993164062,0.320279121398926,13
-116.750534047406,49.2502252833812,2013-06-04,20,289.86344909668,275.116363525391,87016.23828125,2855216,-0.0650482177734375,0.426252365112305,13
-116.650533589978,49.2502252833812,2013-06-04,17,286.043533325195,277.102478027344,88858.1953125,2424104,-0.688156127929688,0.156654357910156,14
-116.650533589978,49.2502252833812,2013-06-04,18,287.98551940918,276.017715454102,88810.71484375,2947508,-0.682418823242188,0.3284912109375,14
-116.650533589978,49.2502252833812,2013-06-04,19,289.66862487793,275.450714111328,88790.578125,2815632,-0.286880493164062,0.375943183898926,14
-116.650533589978,49.2502252833812,2013-06-04,20,290.65251159668,275.186676025391,88746.23828125,2868272,-0.0953216552734375,0.536115646362305,14
-116.55053313255,49.2502252833812,2013-06-04,17,285.332595825195,276.807556152344,87406.1953125,2410636,-0.685226440429688,0.136146545410156,15
-116.55053313255,49.2502252833812,2013-06-04,18,287.26676940918,276.043106079102,87367.71484375,2938472,-0.665817260742188,0.3270263671875,15
-116.55053313255,49.2502252833812,2013-06-04,19,289.01628112793,275.667510986328,87352.578125,2881284,-0.269302368164062,0.383267402648926,15
-116.55053313255,49.2502252833812,2013-06-04,20,289.99235534668,275.561676025391,87315.23828125,2883244,-0.0416107177734375,0.559553146362305,15
-116.950534962263,49.3502257408094,2013-06-04,17,282.357986450195,274.985290527344,83681.1953125,2452288,-0.647140502929688,0.172279357910156,16
-116.950534962263,49.3502257408094,2013-06-04,18,284.60466003418,274.248184204102,83663.71484375,2923972,-0.594528198242188,0.2161865234375,16
-116.950534962263,49.3502257408094,2013-06-04,19,286.61003112793,272.925323486328,83668.578125,2621672,-0.190200805664062,0.253872871398926,16
-116.950534962263,49.3502257408094,2013-06-04,20,287.53923034668,272.641754150391,83648.23828125,2743696,0.0443267822265625,0.201642990112305,16
-116.850534504834,49.3502257408094,2013-06-04,17,284.846267700195,275.573181152344,85751.1953125,2442276,-0.626632690429688,0.197669982910156,17
-116.850534504834,49.3502257408094,2013-06-04,18,286.63786315918,275.357559204102,85720.71484375,2919492,-0.571578979492188,0.2747802734375,17
-116.850534504834,49.3502257408094,2013-06-04,19,288.02409362793,275.138214111328,85715.578125,2671012,-0.158950805664062,0.303189277648926,17
-116.850534504834,49.3502257408094,2013-06-04,20,288.97477722168,274.956207275391,85689.23828125,2755412,0.0706939697265625,0.298810958862305,17
-116.750534047406,49.3502257408094,2013-06-04,17,285.275955200195,276.307556152344,87513.1953125,2432220,-0.607101440429688,0.224037170410156,18
-116.750534047406,49.3502257408094,2013-06-04,18,287.19255065918,275.464981079102,87471.71484375,2915084,-0.548629760742188,0.3333740234375,18
-116.750534047406,49.3502257408094,2013-06-04,19,288.70182800293,275.095245361328,87456.578125,2720328,-0.127700805664062,0.352505683898926,18
-116.750534047406,49.3502257408094,2013-06-04,20,289.64079284668,274.768707275391,87422.23828125,2767196,0.0970611572265625,0.395978927612305,18
-116.650533589978,49.3502257408094,2013-06-04,17,284.283767700195,276.092712402344,86913.1953125,2420580,-0.595382690429688,0.236732482910156,19
-116.650533589978,49.3502257408094,2013-06-04,18,286.32731628418,275.066543579102,86876.71484375,2908768,-0.529586791992188,0.3734130859375,19
-116.650533589978,49.3502257408094,2013-06-04,19,288.09831237793,274.530792236328,86863.578125,2773280,-0.0984039306640625,0.388150215148926,19
-116.650533589978,49.3502257408094,2013-06-04,20,289.04899597168,274.182769775391,86830.23828125,2778520,0.130264282226562,0.471174240112305,19
-116.55053313255,49.3502257408094,2013-06-04,17,283.143142700195,275.485290527344,84991.1953125,2405872,-0.598312377929688,0.227943420410156,20
-116.55053313255,49.3502257408094,2013-06-04,18,285.14372253418,274.765762329102,84969.71484375,2899112,-0.523239135742188,0.3875732421875,20
-116.55053313255,49.3502257408094,2013-06-04,19,287.03385925293,274.267120361328,84965.578125,2831116,-0.0866851806640625,0.403286933898926,20
-116.55053313255,49.3502257408094,2013-06-04,20,287.97673034668,274.089019775391,84937.23828125,2788796,0.157608032226562,0.518537521362305,20
-116.950534962263,49.0502243685248,2013-07-22,17,293.466461181641,277.930725097656,82261.58203125,2329642,0.603530883789062,1.31517124176025,1
-116.950534962263,49.0502243685248,2013-07-22,18,294.676666259766,278.249481201172,82290.875,2778448,1.03897094726562,1.36331844329834,1
-116.950534962263,49.0502243685248,2013-07-22,19,295.298431396484,278.489929199219,82361.13671875,3093242,1.50996398925781,1.45837211608887,1
-116.950534962263,49.0502243685248,2013-07-22,20,296.070648193359,277.861755371094,82364.8828125,3154332,1.94046020507812,1.41122531890869,1
-116.850534504834,49.0502243685248,2013-07-22,17,293.027008056641,277.211975097656,81933.58203125,2333376,0.417007446289062,1.38450717926025,2
-116.850534504834,49.0502243685248,2013-07-22,18,294.282135009766,277.704559326172,81963.875,2782110,0.796783447265625,1.42191219329834,2
-116.850534504834,49.0502243685248,2013-07-22,19,294.907806396484,278.052429199219,82033.13671875,3090312,1.22187805175781,1.49841117858887,2
-116.850534504834,49.0502243685248,2013-07-22,20,295.738616943359,277.646911621094,82037.8828125,3161730,1.63284301757812,1.48446750640869,2
-116.750534047406,49.0502243685248,2013-07-22,17,295.058258056641,278.729553222656,84682.58203125,2337112,0.229507446289062,1.45384311676025,3
-116.750534047406,49.0502243685248,2013-07-22,18,296.356353759766,279.380340576172,84701.875,2785826,0.552642822265625,1.48148250579834,3
-116.750534047406,49.0502243685248,2013-07-22,19,296.976165771484,279.818054199219,84770.13671875,3087542,0.931838989257812,1.53845024108887,3
-116.750534047406,49.0502243685248,2013-07-22,20,297.857757568359,279.611755371094,84764.8828125,3169132,1.32131958007812,1.55868625640869,3
-116.650533589978,49.0502243685248,2013-07-22,17,297.532867431641,280.626037597656,87978.58203125,2340668,0.0986480712890625,1.51243686676025,4
-116.650533589978,49.0502243685248,2013-07-22,18,298.864166259766,281.401824951172,87983.875,2789528,0.375885009765625,1.53812313079834,4
-116.650533589978,49.0502243685248,2013-07-22,19,299.480072021484,281.913757324219,88049.13671875,3084304,0.713088989257812,1.57946586608887,4
-116.650533589978,49.0502243685248,2013-07-22,20,300.402679443359,281.875427246094,88033.8828125,3177618,1.08206176757812,1.62899875640869,4
-116.55053313255,49.0502243685248,2013-07-22,17,299.144195556641,281.717834472656,90132.58203125,2343526,0.180679321289062,1.53587436676025,5
-116.55053313255,49.0502243685248,2013-07-22,18,300.481353759766,282.499481201172,90130.875,2793154,0.449127197265625,1.58890438079834,5
-116.55053313255,49.0502243685248,2013-07-22,19,301.085540771484,283.038757324219,90193.13671875,3079178,0.758010864257812,1.62731742858887,5
-116.55053313255,49.0502243685248,2013-07-22,20,302.019866943359,283.094177246094,90172.8828125,3190148,1.11135864257812,1.68759250640869,5
-116.950534962263,49.150224825953,2013-07-22,17,293.931304931641,278.063537597656,82723.58203125,2327338,0.651382446289062,1.19798374176025,6
-116.950534962263,49.150224825953,2013-07-22,18,295.137603759766,278.378387451172,82747.875,2772780,1.06143188476562,1.21781063079834,6
-116.950534962263,49.150224825953,2013-07-22,19,295.774993896484,278.499694824219,82816.13671875,3085408,1.51094055175781,1.27575492858887,6
-116.950534962263,49.150224825953,2013-07-22,20,296.488616943359,277.820739746094,82815.8828125,3119378,1.96975708007812,1.25497531890869,6
-116.850534504834,49.150224825953,2013-07-22,17,293.704742431641,277.688537597656,82643.58203125,2329938,0.504898071289062,1.26536655426025,7
-116.850534504834,49.150224825953,2013-07-22,18,294.940338134766,278.142059326172,82667.875,2775528,0.861236572265625,1.26566219329834,7
-116.850534504834,49.150224825953,2013-07-22,19,295.567962646484,278.388366699219,82736.13671875,3079692,1.28144836425781,1.32067680358887,7
-116.850534504834,49.150224825953,2013-07-22,20,296.334320068359,277.891052246094,82734.8828125,3126478,1.73049926757812,1.31942844390869,7
-116.750534047406,49.150224825953,2013-07-22,17,295.636383056641,279.190490722656,85129.58203125,2332786,0.351577758789062,1.33274936676025,8
-116.750534047406,49.150224825953,2013-07-22,18,296.893463134766,279.763153076172,85145.875,2778418,0.654205322265625,1.31546688079834,8
-116.750534047406,49.150224825953,2013-07-22,19,297.509368896484,280.111022949219,85211.13671875,3074392,1.04219055175781,1.36462211608887,8
-116.750534047406,49.150224825953,2013-07-22,20,298.326507568359,279.771911621094,85202.8828125,3133614,1.47952270507812,1.38485813140869,8
-116.650533589978,49.150224825953,2013-07-22,17,297.374664306641,280.501037597656,87401.58203125,2335242,0.254898071289062,1.39427280426025,9
-116.650533589978,49.150224825953,2013-07-22,18,298.659088134766,281.173309326172,87406.875,2781188,0.512603759765625,1.36624813079834,9
-116.650533589978,49.150224825953,2013-07-22,19,299.263275146484,281.618835449219,87470.13671875,3067960,0.875198364257812,1.41540336608887,9
-116.650533589978,49.150224825953,2013-07-22,20,300.125335693359,281.420349121094,87454.8828125,3142014,1.30374145507812,1.44833469390869,9
-116.55053313255,49.150224825953,2013-07-22,17,298.558258056641,280.954162597656,88834.58203125,2337876,0.301773071289062,1.43919467926025,10
-116.55053313255,49.150224825953,2013-07-22,18,299.871978759766,281.655731201172,88832.875,2784878,0.553619384765625,1.43949031829834,10
-116.55053313255,49.150224825953,2013-07-22,19,300.482025146484,282.150085449219,88894.13671875,3060718,0.891799926757812,1.48278617858887,10
-116.55053313255,49.150224825953,2013-07-22,20,301.377288818359,282.021911621094,88874.8828125,3156030,1.30178833007812,1.52353000640869,10
-116.950534962263,49.2502252833812,2013-07-22,17,294.056304931641,277.831115722656,82782.58203125,2325294,0.691421508789062,1.08177280426025,11
-116.950534962263,49.2502252833812,2013-07-22,18,295.268463134766,278.159637451172,82805.875,2767322,1.07510375976562,1.07327938079834,11
-116.950534962263,49.2502252833812,2013-07-22,19,295.929290771484,278.155944824219,82872.13671875,3078104,1.50019836425781,1.09118461608887,11
-116.950534962263,49.2502252833812,2013-07-22,20,296.582366943359,277.439880371094,82868.8828125,3084386,1.98538208007812,1.10067844390869,11
-116.850534504834,49.2502252833812,2013-07-22,17,295.585601806641,279.114318847656,84669.58203125,2326680,0.589859008789062,1.14817905426025,12
-116.850534504834,49.2502252833812,2013-07-22,18,296.801666259766,279.511199951172,84686.875,2769036,0.921783447265625,1.11038875579834,12
-116.850534504834,49.2502252833812,2013-07-22,19,297.439056396484,279.636413574219,84749.13671875,3069210,1.33613586425781,1.14196586608887,12
-116.850534504834,49.2502252833812,2013-07-22,20,298.142913818359,279.023864746094,84742.8828125,3091170,1.82424926757812,1.15438938140869,12
-116.750534047406,49.2502252833812,2013-07-22,17,297.032867431641,279.819396972656,86327.58203125,2328298,0.479507446289062,1.21360874176025,13
-116.750534047406,49.2502252833812,2013-07-22,18,298.286041259766,280.298309326172,86336.875,2770940,0.759674072265625,1.14945125579834,13
-116.750534047406,49.2502252833812,2013-07-22,19,298.915618896484,280.544616699219,86397.13671875,3060912,1.15840148925781,1.19177055358887,13
-116.750534047406,49.2502252833812,2013-07-22,20,299.683929443359,280.029724121094,86384.8828125,3098022,1.64651489257812,1.21005344390869,13
-116.650533589978,49.2502252833812,2013-07-22,17,298.519195556641,280.413146972656,87995.58203125,2329918,0.373062133789062,1.27903842926025,14
-116.650533589978,49.2502252833812,2013-07-22,18,299.819244384766,280.977996826172,87996.875,2772828,0.602447509765625,1.18851375579834,14
-116.650533589978,49.2502252833812,2013-07-22,19,300.444915771484,281.345397949219,88056.13671875,3052518,0.986526489257812,1.24255180358887,14
-116.650533589978,49.2502252833812,2013-07-22,20,301.279632568359,280.922302246094,88036.8828125,3104986,1.47463989257812,1.26669406890869,14
-116.55053313255,49.2502252833812,2013-07-22,17,297.101226806641,279.874084472656,86608.58203125,2332178,0.484390258789062,1.33470249176025,15
-116.55053313255,49.2502252833812,2013-07-22,18,298.354400634766,280.470184326172,86613.875,2776758,0.732330322265625,1.29495906829834,15
-116.55053313255,49.2502252833812,2013-07-22,19,298.950775146484,280.888366699219,86674.13671875,3041836,1.10176086425781,1.34411430358887,15
-116.55053313255,49.2502252833812,2013-07-22,20,299.754241943359,280.576599121094,86660.8828125,3123622,1.56936645507812,1.35946750640869,15
-116.950534962263,49.3502257408094,2013-07-22,17,294.368804931641,278.170959472656,83064.58203125,2322686,0.670913696289062,1.03587436676025,16
-116.950534962263,49.3502257408094,2013-07-22,18,295.539947509766,278.462371826172,83085.875,2768042,1.03701782226562,1.04886531829834,16
-116.950534962263,49.3502257408094,2013-07-22,19,296.204681396484,278.329772949219,83149.13671875,3063772,1.48066711425781,1.04333305358887,16
-116.950534962263,49.3502257408094,2013-07-22,20,296.840179443359,277.740661621094,83147.8828125,3047226,1.87210083007812,1.02645969390869,16
-116.850534504834,49.3502257408094,2013-07-22,17,296.107086181641,279.440490722656,85036.58203125,2324094,0.628921508789062,1.08177280426025,17
-116.850534504834,49.3502257408094,2013-07-22,18,297.284088134766,279.776824951172,85049.875,2769580,0.956939697265625,1.06253719329834,17
-116.850534504834,49.3502257408094,2013-07-22,19,297.933197021484,279.737976074219,85111.13671875,3053730,1.41133117675781,1.07848930358887,17
-116.850534504834,49.3502257408094,2013-07-22,20,298.584320068359,279.254333496094,85103.8828125,3051476,1.79690551757812,1.06747531890869,17
-116.750534047406,49.3502257408094,2013-07-22,17,297.816070556641,279.858459472656,86706.58203125,2325560,0.586929321289062,1.12864780426025,18
-116.750534047406,49.3502257408094,2013-07-22,18,299.045806884766,280.233856201172,86711.875,2771088,0.876861572265625,1.07620906829834,18
-116.750534047406,49.3502257408094,2013-07-22,19,299.710540771484,280.284851074219,86771.13671875,3043702,1.34101867675781,1.11266899108887,18
-116.750534047406,49.3502257408094,2013-07-22,20,300.398773193359,279.885192871094,86759.8828125,3055760,1.72171020507812,1.10946750640869,18
-116.650533589978,49.3502257408094,2013-07-22,17,297.212554931641,279.432678222656,86131.58203125,2327192,0.580093383789062,1.17259311676025,19
-116.650533589978,49.3502257408094,2013-07-22,18,298.428619384766,279.868621826172,86137.875,2772994,0.847564697265625,1.10843563079834,19
-116.650533589978,49.3502257408094,2013-07-22,19,299.067962646484,280.025085449219,86197.13671875,3032878,1.31953430175781,1.16149711608887,19
-116.650533589978,49.3502257408094,2013-07-22,20,299.760101318359,279.738708496094,86186.8828125,3062522,1.69631958007812,1.16317844390869,19
-116.55053313255,49.3502257408094,2013-07-22,17,295.351226806641,278.551818847656,84299.58203125,2329028,0.610366821289062,1.22142124176025,20
-116.55053313255,49.3502257408094,2013-07-22,18,296.532135009766,279.040496826172,84312.875,2775696,0.877838134765625,1.18265438079834,20
-116.55053313255,49.3502257408094,2013-07-22,19,297.130462646484,279.288757324219,84373.13671875,3021254,1.34492492675781,1.24059867858887,20
-116.55053313255,49.3502257408094,2013-07-22,20,297.810882568359,279.111755371094,84366.8828125,3074840,1.72073364257812,1.24228000640869,20
-116.950534962263,49.0502243685248,2014-06-23,17,288.896118164062,277.009643554688,82663.33984375,2284956,-0.863693237304688,0.512245178222656,1
-116.950534962263,49.0502243685248,2014-06-23,18,289.676330566406,276.014175415039,82657.44140625,2387360,-0.772079467773438,0.95958423614502,1
-116.950534962263,49.0502243685248,2014-06-23,19,290.325561523438,276.703094482422,82638.90234375,2365412,-1.03292846679688,1.23061943054199,1
-116.950534962263,49.0502243685248,2014-06-23,20,290.778579711914,276.715957641602,82617.4453125,2496688,-0.826446533203125,1.52000617980957,1
-116.850534504834,49.0502243685248,2014-06-23,17,288.366821289062,276.896362304688,82329.33984375,2262684,-0.852951049804688,0.453651428222656,2
-116.850534504834,49.0502243685248,2014-06-23,18,289.240783691406,276.063003540039,82323.44140625,2421648,-0.763290405273438,0.87852954864502,2
-116.850534504834,49.0502243685248,2014-06-23,19,289.848999023438,276.300750732422,82308.90234375,2393320,-1.12667846679688,1.12808036804199,2
-116.850534504834,49.0502243685248,2014-06-23,20,290.317642211914,276.065567016602,82289.4453125,2512656,-0.956329345703125,1.41649055480957,2
-116.750534047406,49.0502243685248,2014-06-23,17,290.368774414062,279.079956054688,85138.33984375,2240040,-0.842208862304688,0.395057678222656,3
-116.750534047406,49.0502243685248,2014-06-23,18,291.334533691406,278.355972290039,85121.44140625,2455724,-0.754501342773438,0.79454517364502,3
-116.750534047406,49.0502243685248,2014-06-23,19,291.901733398438,278.134735107422,85108.90234375,2420460,-1.22042846679688,1.02065849304199,3
-116.750534047406,49.0502243685248,2014-06-23,20,292.380142211914,277.612442016602,85084.4453125,2528272,-1.08621215820312,1.30906867980957,3
-116.650533589978,49.0502243685248,2014-06-23,17,292.827758789062,281.624877929688,88506.33984375,2216724,-0.821701049804688,0.339393615722656,4
-116.650533589978,49.0502243685248,2014-06-23,18,293.885314941406,280.969253540039,88476.44140625,2491780,-0.731063842773438,0.72130298614502,4
-116.650533589978,49.0502243685248,2014-06-23,19,294.405639648438,280.314422607422,88463.90234375,2451136,-1.27120971679688,0.928861618041992,4
-116.650533589978,49.0502243685248,2014-06-23,20,294.897720336914,279.516738891602,88432.4453125,2546836,-1.15945434570312,1.21336555480957,4
-116.55053313255,49.0502243685248,2014-06-23,17,294.425415039062,283.214721679688,90710.33984375,2191304,-0.768966674804688,0.301307678222656,5
-116.55053313255,49.0502243685248,2014-06-23,18,295.592346191406,282.539566040039,90669.44140625,2534960,-0.655868530273438,0.68809986114502,5
-116.55053313255,49.0502243685248,2014-06-23,19,296.038452148438,281.560516357422,90657.90234375,2495456,-1.16476440429688,0.897611618041992,5
-116.55053313255,49.0502243685248,2014-06-23,20,296.565689086914,280.557754516602,90622.4453125,2576356,-1.02859497070312,1.16258430480957,5
-116.950534962263,49.150224825953,2014-06-23,17,289.534790039062,277.458862304688,83140.33984375,2327392,-0.832443237304688,0.589393615722656,6
-116.950534962263,49.150224825953,2014-06-23,18,290.121643066406,276.484878540039,83136.44140625,2432748,-0.684188842773438,1.04747486114502,6
-116.950534962263,49.150224825953,2014-06-23,19,290.829467773438,276.970672607422,83111.90234375,2339360,-0.916717529296875,1.19058036804199,6
-116.950534962263,49.150224825953,2014-06-23,20,291.337173461914,276.844863891602,83087.4453125,2500028,-0.717071533203125,1.39695930480957,6
-116.850534504834,49.150224825953,2014-06-23,17,289.185180664062,277.456909179688,83060.33984375,2312476,-0.831466674804688,0.558143615722656,7
-116.850534504834,49.150224825953,2014-06-23,18,289.895080566406,276.590347290039,83054.44140625,2469332,-0.664657592773438,1.00059986114502,7
-116.850534504834,49.150224825953,2014-06-23,19,290.528686523438,276.749969482422,83035.90234375,2379004,-1.01046752929688,1.16128349304199,7
-116.850534504834,49.150224825953,2014-06-23,20,291.030532836914,276.452285766602,83012.4453125,2521080,-0.849884033203125,1.36277961730957,7
-116.750534047406,49.150224825953,2014-06-23,17,291.120727539062,279.519409179688,85602.33984375,2296364,-0.829513549804688,0.522010803222656,8
-116.750534047406,49.150224825953,2014-06-23,18,291.928283691406,278.725112915039,85586.44140625,2505544,-0.647079467773438,0.94786548614502,8
-116.750534047406,49.150224825953,2014-06-23,19,292.487670898438,278.531219482422,85569.90234375,2416680,-1.10226440429688,1.11929130554199,8
-116.750534047406,49.150224825953,2014-06-23,20,292.973892211914,278.018692016602,85541.4453125,2541280,-0.980743408203125,1.31688117980957,8
-116.650533589978,49.150224825953,2014-06-23,17,292.773071289062,281.265502929688,87924.33984375,2281856,-0.824630737304688,0.490760803222656,9
-116.650533589978,49.150224825953,2014-06-23,18,293.697814941406,280.512222290039,87899.44140625,2543684,-0.621688842773438,0.90782642364502,9
-116.650533589978,49.150224825953,2014-06-23,19,294.175170898438,280.031219482422,87884.90234375,2460984,-1.16378784179688,1.10171318054199,9
-116.650533589978,49.150224825953,2014-06-23,20,294.653579711914,279.317520141602,87853.4453125,2565416,-1.06961059570312,1.29246711730957,9
-116.55053313255,49.150224825953,2014-06-23,17,293.798461914062,282.437377929688,89391.33984375,2264540,-0.804122924804688,0.436073303222656,10
-116.55053313255,49.150224825953,2014-06-23,18,294.848205566406,281.711441040039,89357.44140625,2585312,-0.596298217773438,0.85509204864502,10
-116.55053313255,49.150224825953,2014-06-23,19,295.233764648438,280.986297607422,89346.90234375,2515172,-1.12277221679688,1.06558036804199,10
-116.55053313255,49.150224825953,2014-06-23,20,295.749282836914,280.131973266602,89314.4453125,2597640,-1.00418090820312,1.24461555480957,10
-116.950534962263,49.2502252833812,2014-06-23,17,289.841430664062,277.607299804688,83208.33984375,2368276,-0.799240112304688,0.660682678222656,11
-116.950534962263,49.2502252833812,2014-06-23,18,290.520080566406,275.979019165039,83205.44140625,2477760,-0.599227905273438,1.12755298614502,11
-116.950534962263,49.2502252833812,2014-06-23,19,290.995483398438,276.919891357422,83176.90234375,2310780,-0.800506591796875,1.13296318054199,11
-116.950534962263,49.2502252833812,2014-06-23,20,291.559829711914,276.635879516602,83148.4453125,2502420,-0.607696533203125,1.25828742980957,11
-116.850534504834,49.2502252833812,2014-06-23,17,291.290649414062,279.152221679688,85137.33984375,2361748,-0.809982299804688,0.659706115722656,12
-116.850534504834,49.2502252833812,2014-06-23,18,291.846252441406,278.137222290039,85128.44140625,2516972,-0.567001342773438,1.12071704864502,12
-116.850534504834,49.2502252833812,2014-06-23,19,292.458374023438,278.298797607422,85101.90234375,2363928,-0.893280029296875,1.18765068054199,12
-116.850534504834,49.2502252833812,2014-06-23,20,292.985610961914,277.913223266602,85071.4453125,2529244,-0.742462158203125,1.30320930480957,12
-116.750534047406,49.2502252833812,2014-06-23,17,291.941040039062,280.031127929688,86831.33984375,2353544,-0.817794799804688,0.652870178222656,13
-116.750534047406,49.2502252833812,2014-06-23,18,292.397033691406,279.137222290039,86816.44140625,2555676,-0.538681030273438,1.10606861114502,13
-116.750534047406,49.2502252833812,2014-06-23,19,291.895874023438,279.246063232422,86792.90234375,2414340,-0.985076904296875,1.22476005554199,13
-116.750534047406,49.2502252833812,2014-06-23,20,292.368423461914,278.782363891602,86761.4453125,2554864,-0.877227783203125,1.33250617980957,13
-116.650533589978,49.2502252833812,2014-06-23,17,292.359008789062,280.703002929688,88536.33984375,2345468,-0.825607299804688,0.645057678222656,14
-116.650533589978,49.2502252833812,2014-06-23,18,292.690002441406,279.822769165039,88514.44140625,2594528,-0.509384155273438,1.09142017364502,14
-116.650533589978,49.2502252833812,2014-06-23,19,290.638061523438,280.078094482422,88495.90234375,2465288,-1.07492065429688,1.26382255554199,14
-116.650533589978,49.2502252833812,2014-06-23,20,291.050064086914,279.538223266602,88463.4453125,2580792,-1.00808715820312,1.36277961730957,14
-116.55053313255,49.2502252833812,2014-06-23,17,292.196899414062,280.749877929688,87127.33984375,2337012,-0.832443237304688,0.566932678222656,15
-116.55053313255,49.2502252833812,2014-06-23,18,293.033752441406,279.936050415039,87103.44140625,2637452,-0.529891967773438,1.02599048614502,15
-116.55053313255,49.2502252833812,2014-06-23,19,292.831420898438,279.585906982422,87092.90234375,2539120,-1.03683471679688,1.23745536804199,15
-116.55053313255,49.2502252833812,2014-06-23,20,293.325454711914,278.899551391602,87063.4453125,2622196,-0.919219970703125,1.32859992980957,15
-116.950534962263,49.3502257408094,2014-06-23,17,290.091430664062,277.574096679688,83502.33984375,2390632,-0.700607299804688,0.690956115722656,16
-116.950534962263,49.3502257408094,2014-06-23,18,290.484924316406,276.537612915039,83499.44140625,2512872,-0.472274780273438,1.15684986114502,16
-116.950534962263,49.3502257408094,2014-06-23,19,291.069702148438,276.664031982422,83475.90234375,2298588,-0.630584716796875,1.12515068054199,16
-116.950534962263,49.3502257408094,2014-06-23,20,291.628189086914,276.491348266602,83447.4453125,2491900,-0.479766845703125,1.12938117980957,16
-116.850534504834,49.3502257408094,2014-06-23,17,291.747680664062,279.122924804688,85517.33984375,2389180,-0.702560424804688,0.702674865722656,17
-116.850534504834,49.3502257408094,2014-06-23,18,292.275939941406,278.039566040039,85509.44140625,2553040,-0.431259155273438,1.16075611114502,17
-116.850534504834,49.3502257408094,2014-06-23,19,292.770874023438,277.994110107422,85484.90234375,2356924,-0.697967529296875,1.18569755554199,17
-116.850534504834,49.3502257408094,2014-06-23,20,293.282485961914,277.731582641602,85455.4453125,2521192,-0.582305908203125,1.19676399230957,17
-116.750534047406,49.3502257408094,2014-06-23,17,293.237915039062,279.794799804688,87227.33984375,2387680,-0.703536987304688,0.715370178222656,18
-116.750534047406,49.3502257408094,2014-06-23,18,293.949768066406,278.561050415039,87211.44140625,2593164,-0.389266967773438,1.16466236114502,18
-116.750534047406,49.3502257408094,2014-06-23,19,294.376342773438,278.308563232422,87190.90234375,2415272,-0.764373779296875,1.24624443054199,18
-116.750534047406,49.3502257408094,2014-06-23,20,294.874282836914,277.889785766602,87160.4453125,2550404,-0.685821533203125,1.26317024230957,18
-116.650533589978,49.3502257408094,2014-06-23,17,292.554321289062,279.654174804688,86644.33984375,2386496,-0.710372924804688,0.709510803222656,19
-116.650533589978,49.3502257408094,2014-06-23,18,293.379455566406,278.482925415039,86625.44140625,2633792,-0.370712280273438,1.15294361114502,19
-116.650533589978,49.3502257408094,2014-06-23,19,293.714233398438,278.097625732422,86610.90234375,2478896,-0.815155029296875,1.28628349304199,19
-116.650533589978,49.3502257408094,2014-06-23,20,294.182876586914,277.622207641602,86583.4453125,2583132,-0.750274658203125,1.31297492980957,19
-116.55053313255,49.3502257408094,2014-06-23,17,290.575805664062,279.058471679688,84779.33984375,2383488,-0.731857299804688,0.666542053222656,20
-116.55053313255,49.3502257408094,2014-06-23,18,291.398986816406,278.154800415039,84759.44140625,2674972,-0.392196655273438,1.11192798614502,20
-116.55053313255,49.3502257408094,2014-06-23,19,291.640014648438,277.705047607422,84753.90234375,2549436,-0.845428466796875,1.29116630554199,20
-116.55053313255,49.3502257408094,2014-06-23,20,292.075454711914,277.247207641602,84731.4453125,2620912,-0.760040283203125,1.32567024230957,20
-116.950534962263,49.0502243685248,2014-07-09,17,295.115646362305,278.814468383789,82311.078125,2431040,1.03227233886719,1.3945198059082,1
-116.950534962263,49.0502243685248,2014-07-09,18,296.198287963867,277.734146118164,82298.05078125,2892240,1.53675842285156,1.53011131286621,1
-116.950534962263,49.0502243685248,2014-07-09,19,296.839462280273,277.027282714844,82322.07421875,3210132,2.07612609863281,1.44635200500488,1
-116.950534962263,49.0502243685248,2014-07-09,20,297.548492431641,275.767608642578,82281.07421875,3348796,2.41584777832031,1.294358253479,1
-116.850534504834,49.0502243685248,2014-07-09,17,294.529708862305,278.841812133789,81984.078125,2433236,0.663131713867188,1.4160041809082,2
-116.850534504834,49.0502243685248,2014-07-09,18,295.721725463867,277.997817993164,81972.05078125,2894732,1.13441467285156,1.58284568786621,2
-116.850534504834,49.0502243685248,2014-07-09,19,296.462509155273,277.236267089844,81995.07421875,3219360,1.72456359863281,1.53863716125488,2
-116.850534504834,49.0502243685248,2014-07-09,20,297.218414306641,275.943389892578,81955.07421875,3347480,2.07991027832031,1.404709815979,2
-116.750534047406,49.0502243685248,2014-07-09,17,296.545333862305,281.167984008789,84718.078125,2435444,0.289108276367188,1.4374885559082,3
-116.750534047406,49.0502243685248,2014-07-09,18,297.833053588867,280.478286743164,84695.05078125,2897212,0.730117797851562,1.63460350036621,3
-116.750534047406,49.0502243685248,2014-07-09,19,298.661727905273,279.613220214844,84710.07421875,3228584,1.37007141113281,1.63141059875488,3
-116.750534047406,49.0502243685248,2014-07-09,20,299.462554931641,278.236358642578,84661.07421875,3346136,1.74201965332031,1.516037940979,3
-116.650533589978,49.0502243685248,2014-07-09,17,299.053146362305,283.773452758789,87995.078125,2437452,0.0049285888671875,1.4609260559082,4
-116.650533589978,49.0502243685248,2014-07-09,18,300.407272338867,283.198989868164,87958.05078125,2899520,0.419570922851562,1.68929100036621,4
-116.650533589978,49.0502243685248,2014-07-09,19,301.300399780273,282.255798339844,87965.07421875,3237108,1.09175109863281,1.71930122375488,4
-116.650533589978,49.0502243685248,2014-07-09,20,302.130523681641,280.824249267578,87905.07421875,3344612,1.47053527832031,1.623459815979,4
-116.55053313255,49.0502243685248,2014-07-09,17,300.742599487305,285.121109008789,90138.078125,2438700,0.0566864013671875,1.4980354309082,5
-116.55053313255,49.0502243685248,2014-07-09,18,302.075241088867,284.607192993164,90090.05078125,2901204,0.463516235351562,1.75179100036621,5
-116.55053313255,49.0502243685248,2014-07-09,19,302.935165405273,283.728454589844,90095.07421875,3243040,1.09761047363281,1.78961372375488,5
-116.55053313255,49.0502243685248,2014-07-09,20,303.737945556641,282.396514892578,90027.07421875,3342412,1.44807434082031,1.716233253479,5
-116.950534962263,49.150224825953,2014-07-09,17,295.428146362305,279.546890258789,82770.078125,2428392,0.966842651367188,1.3017463684082,6
-116.950534962263,49.150224825953,2014-07-09,18,296.538131713867,278.448989868164,82754.05078125,2888640,1.48890686035156,1.39827537536621,6
-116.950534962263,49.150224825953,2014-07-09,19,297.169540405273,277.572204589844,82777.07421875,3210420,2.03999328613281,1.34234809875488,6
-116.950534962263,49.150224825953,2014-07-09,20,297.862945556641,276.250030517578,82735.07421875,3351356,2.38166809082031,1.217209815979,6
-116.850534504834,49.150224825953,2014-07-09,17,295.094161987305,279.716812133789,82691.078125,2429844,0.669967651367188,1.3495979309082,7
-116.850534504834,49.150224825953,2014-07-09,18,296.274459838867,278.839614868164,82675.05078125,2890236,1.14808654785156,1.45296287536621,7
-116.850534504834,49.150224825953,2014-07-09,19,296.991806030273,277.988220214844,82696.07421875,3219580,1.74604797363281,1.42730903625488,7
-116.850534504834,49.150224825953,2014-07-09,20,297.722320556641,276.666046142578,82652.07421875,3349356,2.09944152832031,1.314866065979,7
-116.750534047406,49.150224825953,2014-07-09,17,297.017990112305,281.835952758789,85165.078125,2431436,0.362350463867188,1.3935432434082,8
-116.750534047406,49.150224825953,2014-07-09,18,298.254928588867,281.097427368164,85140.05078125,2891960,0.795547485351562,1.50765037536621,8
-116.750534047406,49.150224825953,2014-07-09,19,299.048446655273,280.208923339844,85155.07421875,3228792,1.44233703613281,1.51324653625488,8
-116.750534047406,49.150224825953,2014-07-09,20,299.816070556641,278.828155517578,85103.07421875,3347456,1.80940246582031,1.414475440979,8
-116.650533589978,49.150224825953,2014-07-09,17,298.736740112305,283.673843383789,87424.078125,2432744,0.146530151367188,1.4482307434082,9
-116.650533589978,49.150224825953,2014-07-09,18,300.014694213867,283.070083618164,87389.05078125,2893432,0.540664672851562,1.56917381286621,9
-116.650533589978,49.150224825953,2014-07-09,19,300.862899780273,282.203063964844,87398.07421875,3237320,1.21870422363281,1.59771919250488,9
-116.650533589978,49.150224825953,2014-07-09,20,301.652008056641,280.824249267578,87338.07421875,3345296,1.58967590332031,1.512131690979,9
-116.55053313255,49.150224825953,2014-07-09,17,299.941818237305,284.474624633789,88850.078125,2434204,0.167037963867188,1.5136604309082,10
-116.55053313255,49.150224825953,2014-07-09,18,301.229537963867,283.904067993164,88806.05078125,2895236,0.558242797851562,1.66194725036621,10
-116.55053313255,49.150224825953,2014-07-09,19,302.077743530273,283.099548339844,88814.07421875,3243692,1.20893859863281,1.69342231750488,10
-116.55053313255,49.150224825953,2014-07-09,20,302.884429931641,281.761749267578,88748.07421875,3343416,1.55647277832031,1.623459815979,10
-116.950534962263,49.2502252833812,2014-07-09,17,295.377365112305,279.949234008789,82831.078125,2425888,0.885787963867188,1.2040901184082,11
-116.950534962263,49.2502252833812,2014-07-09,18,296.526412963867,278.851333618164,82812.05078125,2885168,1.42933654785156,1.26448631286621,11
-116.950534962263,49.2502252833812,2014-07-09,19,297.151962280273,277.792907714844,82835.07421875,3210660,1.99214172363281,1.23932075500488,11
-116.950534962263,49.2502252833812,2014-07-09,20,297.831695556641,276.400421142578,82791.07421875,3353984,2.33479309082031,1.143967628479,11
-116.850534504834,49.2502252833812,2014-07-09,17,296.871505737305,281.583999633789,84709.078125,2426508,0.672897338867188,1.2822151184082,12
-116.850534504834,49.2502252833812,2014-07-09,18,298.040084838867,280.632583618164,84685.05078125,2885828,1.15589904785156,1.32308006286621,12
-116.850534504834,49.2502252833812,2014-07-09,19,298.732040405273,279.650329589844,84704.07421875,3219768,1.76264953613281,1.31646919250488,12
-116.850534504834,49.2502252833812,2014-07-09,20,299.439117431641,278.255889892578,84653.07421875,3351212,2.11506652832031,1.226975440979,12
-116.750534047406,49.2502252833812,2014-07-09,17,298.305099487305,282.710952758789,86359.078125,2427308,0.443405151367188,1.3535041809082,13
-116.750534047406,49.2502252833812,2014-07-09,18,299.526412963867,281.865005493164,86327.05078125,2886628,0.869766235351562,1.37972068786621,13
-116.750534047406,49.2502252833812,2014-07-09,19,300.312118530273,280.902282714844,86342.07421875,3228908,1.52046203613281,1.39508247375488,13
-116.750534047406,49.2502252833812,2014-07-09,20,301.068023681641,279.439483642578,86285.07421875,3348604,1.88264465332031,1.312912940979,13
-116.650533589978,49.2502252833812,2014-07-09,17,299.785568237305,283.722671508789,88018.078125,2428072,0.220748901367188,1.4267463684082,14
-116.650533589978,49.2502252833812,2014-07-09,18,301.067428588867,282.972427368164,87978.05078125,2887408,0.590469360351562,1.43831443786621,14
-116.650533589978,49.2502252833812,2014-07-09,19,301.948837280273,282.023376464844,87988.07421875,3237952,1.28511047363281,1.47320747375488,14
-116.650533589978,49.2502252833812,2014-07-09,20,302.757476806641,280.482452392578,87925.07421875,3345964,1.65510559082031,1.398850440979,14
-116.55053313255,49.2502252833812,2014-07-09,17,298.381271362305,283.109390258789,86639.078125,2429592,0.375045776367188,1.5331916809082,15
-116.55053313255,49.2502252833812,2014-07-09,18,299.571334838867,282.482192993164,86605.05078125,2889284,0.762344360351562,1.57991600036621,15
-116.55053313255,49.2502252833812,2014-07-09,19,300.358993530273,281.790954589844,86616.07421875,3243448,1.40815734863281,1.59625434875488,15
-116.55053313255,49.2502252833812,2014-07-09,20,301.124664306641,280.537139892578,86557.07421875,3344336,1.74104309082031,1.531662940979,15
-116.950534962263,49.3502257408094,2014-07-09,17,295.517990112305,280.199234008789,83112.078125,2422856,0.810592651367188,1.1484260559082,16
-116.950534962263,49.3502257408094,2014-07-09,18,296.659225463867,279.208755493164,83092.05078125,2880256,1.35023498535156,1.21175193786621,16
-116.950534962263,49.3502257408094,2014-07-09,19,297.275009155273,278.072204589844,83116.07421875,3205776,1.88764953613281,1.18756294250488,16
-116.950534962263,49.3502257408094,2014-07-09,20,297.948883056641,276.707061767578,83072.07421875,3351592,2.18635559082031,1.069748878479,16
-116.850534504834,49.3502257408094,2014-07-09,17,297.264083862305,281.767593383789,85075.078125,2423624,0.691452026367188,1.2197151184082,17
-116.850534504834,49.3502257408094,2014-07-09,18,298.405319213867,280.851333618164,85048.05078125,2879544,1.17347717285156,1.24983787536621,17
-116.850534504834,49.3502257408094,2014-07-09,19,299.062118530273,279.808532714844,85068.07421875,3212784,1.74995422363281,1.24664497375488,17
-116.850534504834,49.3502257408094,2014-07-09,20,299.753570556641,278.451202392578,85017.07421875,3348472,2.05061340332031,1.133225440979,17
-116.750534047406,49.3502257408094,2014-07-09,17,298.969161987305,282.546890258789,86738.078125,2424416,0.572311401367188,1.2919807434082,18
-116.750534047406,49.3502257408094,2014-07-09,18,300.172897338867,281.657974243164,86704.05078125,2878844,0.993789672851562,1.28792381286621,18
-116.750534047406,49.3502257408094,2014-07-09,19,300.917587280273,280.642517089844,86720.07421875,3219816,1.61128234863281,1.30572700500488,18
-116.750534047406,49.3502257408094,2014-07-09,20,301.655914306641,279.201202392578,86662.07421875,3345300,1.91487121582031,1.198655128479,18
-116.650533589978,49.3502257408094,2014-07-09,17,298.355880737305,282.316421508789,86166.078125,2425416,0.522506713867188,1.3691291809082,19
-116.650533589978,49.3502257408094,2014-07-09,18,299.528366088867,281.548599243164,86133.05078125,2878144,0.905899047851562,1.34749412536621,19
-116.650533589978,49.3502257408094,2014-07-09,19,300.276962280273,280.697204589844,86149.07421875,3225448,1.54682922363281,1.37652778625488,19
-116.650533589978,49.3502257408094,2014-07-09,20,301.013336181641,279.373077392578,86091.07421875,3342296,1.84553527832031,1.275803565979,19
-116.55053313255,49.3502257408094,2014-07-09,17,296.514083862305,281.455093383789,84343.078125,2426692,0.556686401367188,1.4579963684082,20
-116.55053313255,49.3502257408094,2014-07-09,18,297.606491088867,280.833755493164,84316.05078125,2878148,0.936172485351562,1.45100975036621,20
-116.55053313255,49.3502257408094,2014-07-09,19,298.292587280273,280.214782714844,84333.07421875,3229772,1.57124328613281,1.47467231750488,20
-116.55053313255,49.3502257408094,2014-07-09,20,298.999664306641,279.136749267578,84280.07421875,3339752,1.85530090332031,1.381272315979,20
-116.950534962263,49.0502243685248,2014-08-10,17,294.110931396484,272.332656860352,83101.1015625,2151628,-0.348342895507812,0.0289154052734375,1
-116.950534962263,49.0502243685248,2014-08-10,18,295.594329833984,272.184906005859,83113.81640625,2621466,-0.272933959960938,0.147079467773438,1
-116.950534962263,49.0502243685248,2014-08-10,19,295.925308227539,272.613006591797,83169.7734375,2936318,0.292160034179688,0.0307769775390625,1
-116.950534962263,49.0502243685248,2014-08-10,20,296.808120727539,272.54133605957,83134.00390625,3077246,0.487762451171875,-0.006561279296875,1
-116.850534504834,49.0502243685248,2014-08-10,17,293.636322021484,271.902969360352,82769.1015625,2153934,-0.375686645507812,0.161727905273438,2
-116.850534504834,49.0502243685248,2014-08-10,18,295.164642333984,271.565765380859,82784.81640625,2623664,-0.335433959960938,0.288681030273438,2
-116.850534504834,49.0502243685248,2014-08-10,19,295.556167602539,272.007537841797,82840.7734375,2933606,0.123214721679688,0.193862915039062,2
-116.850534504834,49.0502243685248,2014-08-10,20,296.462417602539,271.92610168457,82806.00390625,3072924,0.298309326171875,0.146759033203125,2
-116.750534047406,49.0502243685248,2014-08-10,17,295.769134521484,273.852188110352,85544.1015625,2156262,-0.405960083007812,0.295516967773438,3
-116.750534047406,49.0502243685248,2014-08-10,18,297.326751708984,273.290374755859,85547.81640625,2625920,-0.401840209960938,0.430282592773438,3
-116.750534047406,49.0502243685248,2014-08-10,19,297.743667602539,273.663787841797,85604.7734375,2930994,-0.0506134033203125,0.355972290039062,3
-116.750534047406,49.0502243685248,2014-08-10,20,298.671401977539,273.56477355957,85561.00390625,3068588,0.104949951171875,0.299102783203125,3
-116.650533589978,49.0502243685248,2014-08-10,17,298.372650146484,276.190078735352,88870.1015625,2158420,-0.407913208007812,0.400985717773438,4
-116.650533589978,49.0502243685248,2014-08-10,18,299.945892333984,275.450531005859,88859.81640625,2628068,-0.428207397460938,0.547470092773438,4
-116.650533589978,49.0502243685248,2014-08-10,19,300.366714477539,275.741912841797,88915.7734375,2927896,-0.169754028320312,0.498550415039062,4
-116.650533589978,49.0502243685248,2014-08-10,20,301.310073852539,275.62141418457,88861.00390625,3063984,-0.027862548828125,0.435821533203125,4
-116.55053313255,49.0502243685248,2014-08-10,17,300.042572021484,277.682266235352,91043.1015625,2159924,-0.307327270507812,0.406845092773438,5
-116.55053313255,49.0502243685248,2014-08-10,18,301.594329833984,276.958343505859,91023.81640625,2629750,-0.309066772460938,0.574813842773438,5
-116.55053313255,49.0502243685248,2014-08-10,19,301.985855102539,277.218475341797,91079.7734375,2922916,-0.0877227783203125,0.565933227539062,5
-116.55053313255,49.0502243685248,2014-08-10,20,302.915542602539,277.08039855957,91017.00390625,3058418,0.066864013671875,0.512969970703125,5
-116.950534962263,49.150224825953,2014-08-10,17,294.243743896484,273.430313110352,83577.1015625,2147708,-0.295608520507812,-0.100967407226562,6
-116.950534962263,49.150224825953,2014-08-10,18,295.758392333984,273.393890380859,83587.81640625,2615430,-0.178207397460938,-0.0345611572265625,6
-116.950534962263,49.150224825953,2014-08-10,19,296.073745727539,273.513397216797,83643.7734375,2930302,0.356613159179688,-0.137191772460938,6
-116.950534962263,49.150224825953,2014-08-10,20,296.960464477539,273.42219543457,83606.00390625,3064446,0.531707763671875,-0.193084716796875,6
-116.850534504834,49.150224825953,2014-08-10,17,294.011322021484,273.369766235352,83495.1015625,2149102,-0.292678833007812,0.0367279052734375,7
-116.850534504834,49.150224825953,2014-08-10,18,295.527923583984,273.126312255859,83506.81640625,2617096,-0.193832397460938,0.114852905273438,7
-116.850534504834,49.150224825953,2014-08-10,19,295.878433227539,273.310272216797,83562.7734375,2925828,0.258956909179688,0.0288238525390625,7
-116.850534504834,49.150224825953,2014-08-10,20,296.771011352539,273.20930480957,83526.00390625,3059344,0.424285888671875,-0.031951904296875,7
-116.750534047406,49.150224825953,2014-08-10,17,296.034759521484,275.029922485352,86008.1015625,2150642,-0.294631958007812,0.173446655273438,8
-116.750534047406,49.150224825953,2014-08-10,18,297.559173583984,274.620452880859,86008.81640625,2618854,-0.217269897460938,0.263290405273438,8
-116.750534047406,49.150224825953,2014-08-10,19,297.948745727539,274.825897216797,86064.7734375,2921600,0.148605346679688,0.194839477539062,8
-116.750534047406,49.150224825953,2014-08-10,20,298.853042602539,274.69367980957,86020.00390625,3054360,0.303192138671875,0.128204345703125,8
-116.650533589978,49.150224825953,2014-08-10,17,297.843353271484,276.602188110352,88300.1015625,2151868,-0.275100708007812,0.288681030273438,9
-116.650533589978,49.150224825953,2014-08-10,18,299.359954833984,276.139984130859,88292.81640625,2620474,-0.208480834960938,0.393173217773438,9
-116.650533589978,49.150224825953,2014-08-10,19,299.763198852539,276.353240966797,88346.7734375,2916618,0.0890350341796875,0.346206665039062,9
-116.650533589978,49.150224825953,2014-08-10,20,300.669448852539,276.20344543457,88295.00390625,3049174,0.239715576171875,0.278594970703125,9
-116.55053313255,49.150224825953,2014-08-10,17,299.142181396484,276.955703735352,89745.1015625,2153284,-0.229202270507812,0.322860717773438,10
-116.55053313255,49.150224825953,2014-08-10,18,300.727142333984,276.358734130859,89731.81640625,2622490,-0.160629272460938,0.450790405273438,10
-116.55053313255,49.150224825953,2014-08-10,19,301.144058227539,276.542694091797,89785.7734375,2910920,0.0968475341796875,0.444839477539062,10
-116.55053313255,49.150224825953,2014-08-10,20,302.073745727539,276.32453918457,89729.00390625,3044176,0.263153076171875,0.392852783203125,10
-116.950534962263,49.2502252833812,2014-08-10,17,294.007415771484,274.201797485352,83647.1015625,2144000,-0.249710083007812,-0.230850219726562,11
-116.950534962263,49.2502252833812,2014-08-10,18,295.527923583984,273.985687255859,83657.81640625,2609532,-0.0932464599609375,-0.218154907226562,11
-116.950534962263,49.2502252833812,2014-08-10,19,295.874526977539,273.995819091797,83714.7734375,2924612,0.405441284179688,-0.307113647460938,11
-116.950534962263,49.2502252833812,2014-08-10,20,296.769058227539,273.88508605957,83676.00390625,3051678,0.559051513671875,-0.381561279296875,11
-116.850534504834,49.2502252833812,2014-08-10,17,295.642181396484,275.526016235352,85555.1015625,2144328,-0.211624145507812,-0.0882720947265625,12
-116.850534504834,49.2502252833812,2014-08-10,18,297.180267333984,275.331390380859,85558.81640625,2610556,-0.0551605224609375,-0.0599517822265625,12
-116.850534504834,49.2502252833812,2014-08-10,19,297.495620727539,275.198944091797,85614.7734375,2918124,0.388839721679688,-0.137191772460938,12
-116.850534504834,49.2502252833812,2014-08-10,20,298.382339477539,275.04914855957,85570.00390625,3045846,0.543426513671875,-0.210662841796875,12
-116.750534047406,49.2502252833812,2014-08-10,17,297.099212646484,276.481094360352,87230.1015625,2144898,-0.181350708007812,0.0523529052734375,13
-116.750534047406,49.2502252833812,2014-08-10,18,298.621673583984,276.145843505859,87225.81640625,2611704,-0.0278167724609375,0.0962982177734375,13
-116.750534047406,49.2502252833812,2014-08-10,19,298.968276977539,276.103240966797,87280.7734375,2912072,0.356613159179688,0.0327301025390625,13
-116.750534047406,49.2502252833812,2014-08-10,20,299.854995727539,275.92805480957,87231.00390625,3040116,0.510223388671875,-0.042694091796875,13
-116.650533589978,49.2502252833812,2014-08-10,17,298.550384521484,277.475234985352,88914.1015625,2145442,-0.149124145507812,0.191024780273438,14
-116.650533589978,49.2502252833812,2014-08-10,18,300.037689208984,277.036468505859,88901.81640625,2612850,0.0005035400390625,0.252548217773438,14
-116.650533589978,49.2502252833812,2014-08-10,19,300.419448852539,277.124725341797,88955.7734375,2905996,0.326339721679688,0.201675415039062,14
-116.650533589978,49.2502252833812,2014-08-10,20,301.300308227539,276.93586730957,88902.00390625,3034380,0.480926513671875,0.125274658203125,14
-116.55053313255,49.2502252833812,2014-08-10,17,297.296478271484,276.543594360352,87514.1015625,2146534,-0.130569458007812,0.206649780273438,15
-116.55053313255,49.2502252833812,2014-08-10,18,298.754486083984,276.257171630859,87507.81640625,2615230,0.0171051025390625,0.298446655273438,15
-116.55053313255,49.2502252833812,2014-08-10,19,299.104995727539,276.380584716797,87559.7734375,2898482,0.324386596679688,0.301284790039062,15
-116.55053313255,49.2502252833812,2014-08-10,20,299.981948852539,276.17805480957,87512.00390625,3029698,0.511199951171875,0.255157470703125,15
-116.950534962263,49.3502257408094,2014-08-10,17,294.134368896484,274.729141235352,83942.1015625,2140446,-0.176467895507812,-0.145889282226562,16
-116.950534962263,49.3502257408094,2014-08-10,18,295.654876708984,274.366546630859,83950.81640625,2604562,0.0053863525390625,-0.0785064697265625,16
-116.950534962263,49.3502257408094,2014-08-10,19,296.005386352539,274.284881591797,84005.7734375,2920310,0.469894409179688,-0.165512084960938,16
-116.950534962263,49.3502257408094,2014-08-10,20,296.872573852539,274.15071105957,83969.00390625,3043988,0.576629638671875,-0.219451904296875,16
-116.850534504834,49.3502257408094,2014-08-10,17,295.931243896484,276.154922485352,85936.1015625,2140950,-0.116897583007812,-0.0208892822265625,17
-116.850534504834,49.3502257408094,2014-08-10,18,297.426361083984,275.688812255859,85935.81640625,2605922,0.0737457275390625,0.0562591552734375,17
-116.850534504834,49.3502257408094,2014-08-10,19,297.774917602539,275.611053466797,85991.7734375,2913838,0.496261596679688,-0.0131683349609375,17
-116.850534504834,49.3502257408094,2014-08-10,20,298.634292602539,275.44953918457,85946.00390625,3038776,0.616668701171875,-0.066131591796875,17
-116.750534047406,49.3502257408094,2014-08-10,17,297.558197021484,276.981094360352,87625.1015625,2141452,-0.0573272705078125,0.105087280273438,18
-116.750534047406,49.3502257408094,2014-08-10,18,299.041595458984,276.477874755859,87617.81640625,2607246,0.142105102539062,0.192977905273438,18
-116.750534047406,49.3502257408094,2014-08-10,19,299.413589477539,276.484100341797,87671.7734375,2907306,0.522628784179688,0.139175415039062,18
-116.750534047406,49.3502257408094,2014-08-10,20,300.267105102539,276.30110168457,87622.00390625,3033500,0.656707763671875,0.087188720703125,18
-116.650533589978,49.3502257408094,2014-08-10,17,297.019134521484,276.529922485352,87043.1015625,2142070,-0.0143585205078125,0.201766967773438,19
-116.650533589978,49.3502257408094,2014-08-10,18,298.484954833984,276.085296630859,87037.81640625,2608878,0.189956665039062,0.302352905273438,19
-116.650533589978,49.3502257408094,2014-08-10,19,298.853042602539,276.140350341797,87089.7734375,2900430,0.533370971679688,0.273941040039062,19
-116.650533589978,49.3502257408094,2014-08-10,20,299.704605102539,275.95539855957,87043.00390625,3028576,0.687957763671875,0.230743408203125,19
-116.55053313255,49.3502257408094,2014-08-10,17,295.296478271484,275.346328735352,85190.1015625,2142844,-0.0084991455078125,0.255477905273438,20
-116.55053313255,49.3502257408094,2014-08-10,18,296.746673583984,275.036468505859,85192.81640625,2610896,0.190933227539062,0.376571655273438,20
-116.55053313255,49.3502257408094,2014-08-10,19,297.095230102539,275.120819091797,85242.7734375,2892968,0.506027221679688,0.386245727539062,20
-116.55053313255,49.3502257408094,2014-08-10,20,297.948745727539,274.93782043457,85203.00390625,3023924,0.687957763671875,0.366485595703125,20
-116.950534962263,49.0502243685248,2014-08-26,17,288.476928710938,276.363418579102,82776.328125,1940980,0.836776733398438,0.241455078125,1
-116.950534962263,49.0502243685248,2014-08-26,18,289.652816772461,276.639892578125,82785.98828125,2338676,1.2879638671875,0.276443481445312,1
-116.950534962263,49.0502243685248,2014-08-26,19,290.384963989258,277.091156005859,82784.171875,2733508,1.34091186523438,0.374496459960938,1
-116.950534962263,49.0502243685248,2014-08-26,20,291.320007324219,277.549270629883,82777.375,2886430,1.64015197753906,0.344329833984375,1
-116.850534504834,49.0502243685248,2014-08-26,17,287.992553710938,276.220840454102,82434.328125,1943764,0.675643920898438,0.338134765625,2
-116.850534504834,49.0502243685248,2014-08-26,18,289.260238647461,276.339111328125,82445.98828125,2348126,1.0848388671875,0.398513793945312,2
-116.850534504834,49.0502243685248,2014-08-26,19,290.021682739258,276.634124755859,82445.171875,2728380,1.15536499023438,0.490707397460938,2
-116.850534504834,49.0502243685248,2014-08-26,20,291.013366699219,277.041458129883,82439.375,2887456,1.43898010253906,0.446868896484375,2
-116.750534047406,49.0502243685248,2014-08-26,17,290.144897460938,278.470840454102,85244.328125,1946632,0.511581420898438,0.435791015625,3
-116.750534047406,49.0502243685248,2014-08-26,18,291.445785522461,278.378173828125,85243.98828125,2357772,0.8778076171875,0.521560668945312,3
-116.750534047406,49.0502243685248,2014-08-26,19,292.218948364258,278.481781005859,85237.171875,2723468,0.967864990234375,0.607894897460938,3
-116.750534047406,49.0502243685248,2014-08-26,20,293.255554199219,278.816848754883,85219.375,2888512,1.23487854003906,0.551361083984375,3
-116.650533589978,49.0502243685248,2014-08-26,17,292.754272460938,281.027481079102,88614.328125,1949290,0.388534545898438,0.531494140625,4
-116.650533589978,49.0502243685248,2014-08-26,18,294.078598022461,280.741455078125,88598.98828125,2367346,0.7147216796875,0.636795043945312,4
-116.650533589978,49.0502243685248,2014-08-26,19,294.855667114258,280.669281005859,88585.171875,2718076,0.824310302734375,0.722152709960938,4
-116.650533589978,49.0502243685248,2014-08-26,20,295.929382324219,280.937942504883,88553.375,2889442,1.07569885253906,0.659759521484375,4
-116.55053313255,49.0502243685248,2014-08-26,17,294.373413085938,282.291152954102,90819.328125,1951122,0.417831420898438,0.617431640625,5
-116.55053313255,49.0502243685248,2014-08-26,18,295.740707397461,281.946533203125,90793.98828125,2376430,0.7137451171875,0.726638793945312,5
-116.55053313255,49.0502243685248,2014-08-26,19,296.519729614258,281.790374755859,90775.171875,2710676,0.845794677734375,0.823715209960938,5
-116.55053313255,49.0502243685248,2014-08-26,20,297.611022949219,282.043411254883,90734.375,2889884,1.08546447753906,0.783782958984375,5
-116.950534962263,49.150224825953,2014-08-26,17,288.822631835938,276.607559204102,83255.328125,1938730,0.829940795898438,0.182861328125,6
-116.950534962263,49.150224825953,2014-08-26,18,289.996566772461,277.005126953125,83258.98828125,2355834,1.2235107421875,0.208084106445312,6
-116.950534962263,49.150224825953,2014-08-26,19,290.744338989258,277.489593505859,83256.171875,2727752,1.26473999023438,0.262191772460938,6
-116.950534962263,49.150224825953,2014-08-26,20,291.710632324219,277.955520629883,83249.375,2882072,1.52589416503906,0.217376708984375,6
-116.850534504834,49.150224825953,2014-08-26,17,288.619506835938,276.578262329102,83167.328125,1941170,0.733261108398438,0.263916015625,7
-116.850534504834,49.150224825953,2014-08-26,18,289.838363647461,276.852783203125,83171.98828125,2362776,1.0848388671875,0.310623168945312,7
-116.850534504834,49.150224825953,2014-08-26,19,290.595901489258,277.245452880859,83169.171875,2719872,1.12802124023438,0.369613647460938,7
-116.850534504834,49.150224825953,2014-08-26,20,291.601257324219,277.676223754883,83161.375,2882510,1.37062072753906,0.314056396484375,7
-116.750534047406,49.150224825953,2014-08-26,17,290.674194335938,278.578262329102,85710.328125,1943678,0.625839233398438,0.346923828125,8
-116.750534047406,49.150224825953,2014-08-26,18,291.893051147461,278.669189453125,85703.98828125,2370084,0.9344482421875,0.417068481445312,8
-116.750534047406,49.150224825953,2014-08-26,19,292.642776489258,278.932952880859,85695.171875,2712448,0.983489990234375,0.478988647460938,8
-116.750534047406,49.150224825953,2014-08-26,20,293.687194824219,279.309036254883,85677.375,2883034,1.20948791503906,0.412689208984375,8
-116.650533589978,49.150224825953,2014-08-26,17,292.453491210938,280.201309204102,88031.328125,1946004,0.564315795898438,0.427001953125,9
-116.650533589978,49.150224825953,2014-08-26,18,293.713363647461,280.188720703125,88015.98828125,2376728,0.8348388671875,0.515701293945312,9
-116.650533589978,49.150224825953,2014-08-26,19,294.470901489258,280.372406005859,88002.171875,2703898,0.885833740234375,0.586410522460938,9
-116.650533589978,49.150224825953,2014-08-26,20,295.546569824219,280.709426879883,87973.375,2883474,1.09620666503906,0.517181396484375,9
-116.55053313255,49.150224825953,2014-08-26,17,293.508178710938,281.236465454102,89495.328125,1948414,0.579940795898438,0.515869140625,10
-116.55053313255,49.150224825953,2014-08-26,18,294.807113647461,281.177001953125,89472.98828125,2384166,0.8270263671875,0.617263793945312,10
-116.55053313255,49.150224825953,2014-08-26,19,295.560745239258,281.288421630859,89456.171875,2694584,0.890716552734375,0.703598022460938,10
-116.55053313255,49.150224825953,2014-08-26,20,296.655944824219,281.617630004883,89420.375,2884274,1.09718322753906,0.657806396484375,10
-116.950534962263,49.2502252833812,2014-08-26,17,288.740600585938,276.523574829102,83321.328125,1936642,0.809432983398438,0.127197265625,11
-116.950534962263,49.2502252833812,2014-08-26,18,289.959457397461,277.055908203125,83322.98828125,2373616,1.1453857421875,0.143630981445312,11
-116.950534962263,49.2502252833812,2014-08-26,19,290.744338989258,277.565765380859,83321.171875,2722614,1.17880249023438,0.152816772460938,11
-116.950534962263,49.2502252833812,2014-08-26,20,291.745788574219,278.033645629883,83312.375,2877810,1.39894104003906,0.091400146484375,11
-116.850534504834,49.2502252833812,2014-08-26,17,290.398803710938,277.961074829102,85251.328125,1938610,0.785018920898438,0.190673828125,12
-116.850534504834,49.2502252833812,2014-08-26,18,291.566879272461,278.380126953125,85246.98828125,2377624,1.0799560546875,0.224685668945312,12
-116.850534504834,49.2502252833812,2014-08-26,19,292.322463989258,278.862640380859,85238.171875,2711536,1.09677124023438,0.249496459960938,12
-116.850534504834,49.2502252833812,2014-08-26,20,293.347351074219,279.310989379883,85222.375,2877662,1.29933166503906,0.181243896484375,12
-116.750534047406,49.2502252833812,2014-08-26,17,291.879272460938,278.855606079102,86944.328125,1940672,0.746932983398438,0.257080078125,13
-116.750534047406,49.2502252833812,2014-08-26,18,293.088363647461,279.163330078125,86932.98828125,2382180,0.9998779296875,0.310623168945312,13
-116.750534047406,49.2502252833812,2014-08-26,19,293.851760864258,279.608734130859,86919.171875,2701146,1.00399780273438,0.348129272460938,13
-116.750534047406,49.2502252833812,2014-08-26,20,294.917663574219,280.014114379883,86896.375,2877598,1.18800354003906,0.273040771484375,13
-116.650533589978,49.2502252833812,2014-08-26,17,293.349975585938,279.556777954102,88647.328125,1942726,0.712753295898438,0.324462890625,14
-116.650533589978,49.2502252833812,2014-08-26,18,294.648910522461,279.772705078125,88627.98828125,2386672,0.9227294921875,0.396560668945312,14
-116.650533589978,49.2502252833812,2014-08-26,19,295.441604614258,280.194671630859,88611.171875,2690688,0.915130615234375,0.446762084960938,14
-116.650533589978,49.2502252833812,2014-08-26,20,296.554382324219,280.549270629883,88580.375,2877530,1.08155822753906,0.364837646484375,14
-116.55053313255,49.2502252833812,2014-08-26,17,292.006225585938,279.195449829102,87223.328125,1945552,0.781112670898438,0.414306640625,15
-116.55053313255,49.2502252833812,2014-08-26,18,293.228988647461,279.427001953125,87208.98828125,2391936,0.9822998046875,0.503982543945312,15
-116.55053313255,49.2502252833812,2014-08-26,19,293.957229614258,279.809906005859,87196.171875,2678036,0.980560302734375,0.583480834960938,15
-116.55053313255,49.2502252833812,2014-08-26,20,295.050476074219,280.217239379883,87168.375,2878600,1.15870666503906,0.542572021484375,15
-116.950534962263,49.3502257408094,2014-08-26,17,288.982788085938,276.484512329102,83614.328125,1923270,0.765487670898438,0.164306640625,16
-116.950534962263,49.3502257408094,2014-08-26,18,290.178207397461,277.052001953125,83614.98828125,2374492,1.0487060546875,0.211013793945312,16
-116.950534962263,49.3502257408094,2014-08-26,19,291.004104614258,277.632171630859,83610.171875,2715390,1.10946655273438,0.218246459960938,16
-116.950534962263,49.3502257408094,2014-08-26,20,292.015319824219,278.094192504883,83601.375,2873898,1.30128479003906,0.168548583984375,16
-116.850534504834,49.3502257408094,2014-08-26,17,290.787475585938,277.949356079102,85632.328125,1926890,0.784042358398438,0.210205078125,17
-116.850534504834,49.3502257408094,2014-08-26,18,291.945785522461,278.452392578125,85623.98828125,2378540,1.0321044921875,0.267654418945312,17
-116.850534504834,49.3502257408094,2014-08-26,19,292.746292114258,278.993499755859,85613.171875,2704130,1.07235717773438,0.291488647460938,17
-116.850534504834,49.3502257408094,2014-08-26,20,293.775085449219,279.432083129883,85596.375,2874018,1.24952697753906,0.236907958984375,17
-116.750534047406,49.3502257408094,2014-08-26,17,292.375366210938,278.521621704102,87341.328125,1930552,0.802597045898438,0.256103515625,18
-116.750534047406,49.3502257408094,2014-08-26,18,293.637191772461,278.995361328125,87324.98828125,2382590,1.0164794921875,0.324295043945312,18
-116.750534047406,49.3502257408094,2014-08-26,19,294.472854614258,279.514984130859,87309.171875,2692930,1.03427124023438,0.364730834960938,18
-116.750534047406,49.3502257408094,2014-08-26,20,295.548522949219,279.902786254883,87284.375,2874200,1.19679260253906,0.306243896484375,18
-116.650533589978,49.3502257408094,2014-08-26,17,291.814819335938,278.259902954102,86746.328125,1934634,0.831893920898438,0.307861328125,19
-116.650533589978,49.3502257408094,2014-08-26,18,293.072738647461,278.723876953125,86731.98828125,2386946,1.0194091796875,0.387771606445312,19
-116.650533589978,49.3502257408094,2014-08-26,19,293.884963989258,279.220062255859,86718.171875,2681292,1.02255249023438,0.446762084960938,19
-116.650533589978,49.3502257408094,2014-08-26,20,294.970397949219,279.617630004883,86694.375,2874660,1.17628479003906,0.394134521484375,19
-116.55053313255,49.3502257408094,2014-08-26,17,290.078491210938,277.505996704102,84863.328125,1938542,0.865097045898438,0.375244140625,20
-116.55053313255,49.3502257408094,2014-08-26,18,291.279769897461,277.973876953125,84854.98828125,2391724,1.0389404296875,0.471755981445312,20
-116.55053313255,49.3502257408094,2014-08-26,19,292.037307739258,278.440765380859,84848.171875,2668866,1.03720092773438,0.556137084960938,20
-116.55053313255,49.3502257408094,2014-08-26,20,293.112976074219,278.887161254883,84830.375,2875442,1.19581604003906,0.525970458984375,20
-116.950534962263,49.0502243685248,2012-08-27,17,291.269592285156,272.516098022461,82516.26171875,1945256,0.382919311523438,1.79806900024414,1
-116.950534962263,49.0502243685248,2012-08-27,18,292.255981445312,272.211181640625,82571.41015625,2425174,0.699005126953125,2.02517509460449,1
-116.950534962263,49.0502243685248,2012-08-27,19,292.753234863281,273.08984375,82606.96875,2756558,0.498291015625,2.29310989379883,1
-116.950534962263,49.0502243685248,2012-08-27,20,293.337203979492,273.534439086914,82592.15625,2910310,0.714111328125,2.3076057434082,1
-116.850534504834,49.0502243685248,2012-08-27,17,290.603576660156,272.742660522461,82185.26171875,1943936,0.253036499023438,1.76584243774414,2
-116.850534504834,49.0502243685248,2012-08-27,18,291.656372070312,272.508056640625,82241.41015625,2425102,0.454864501953125,1.96365165710449,2
-116.850534504834,49.0502243685248,2012-08-27,19,292.268859863281,273.078125,82279.96875,2757584,0.287353515625,2.19935989379883,2
-116.850534504834,49.0502243685248,2012-08-27,20,292.915328979492,273.450454711914,82265.15625,2911190,0.468017578125,2.2275276184082,2
-116.750534047406,49.0502243685248,2012-08-27,17,292.375061035156,275.154769897461,84972.26171875,1942606,0.123153686523438,1.73361587524414,3
-116.750534047406,49.0502243685248,2012-08-27,18,293.447387695312,274.937744140625,85023.41015625,2425148,0.210723876953125,1.90017509460449,3
-116.750534047406,49.0502243685248,2012-08-27,19,294.159484863281,275.208984375,85058.96875,2758712,0.075439453125,2.10560989379883,3
-116.750534047406,49.0502243685248,2012-08-27,20,294.862594604492,275.503189086914,85037.15625,2912164,0.219970703125,2.1464729309082,3
-116.650533589978,49.0502243685248,2012-08-27,17,294.615295410156,277.809066772461,88314.26171875,1940676,0.0381927490234375,1.70529556274414,4
-116.650533589978,49.0502243685248,2012-08-27,18,295.703247070312,277.572509765625,88359.41015625,2424720,0.032012939453125,1.84353446960449,4
-116.650533589978,49.0502243685248,2012-08-27,19,296.509094238281,277.580078125,88388.96875,2759628,-0.068115234375,2.02162551879883,4
-116.650533589978,49.0502243685248,2012-08-27,20,297.253219604492,277.803970336914,88358.15625,2912972,0.044189453125,2.0722541809082,4
-116.55053313255,49.0502243685248,2012-08-27,17,296.154357910156,279.205551147461,90503.26171875,1936574,0.118270874023438,1.68869400024414,5
-116.55053313255,49.0502243685248,2012-08-27,18,297.265747070312,278.865478515625,90541.41015625,2422410,0.100372314453125,1.81326103210449,5
-116.55053313255,49.0502243685248,2012-08-27,19,298.153625488281,278.75,90567.96875,2759704,0.045166015625,1.97768020629883,5
-116.55053313255,49.0502243685248,2012-08-27,20,298.886032104492,278.927017211914,90533.15625,2913046,0.138916015625,2.0214729309082,5
-116.950534962263,49.150224825953,2012-08-27,17,291.968811035156,273.082504272461,82978.26171875,1942738,0.420028686523438,1.68967056274414,6
-116.950534962263,49.150224825953,2012-08-27,18,292.982543945312,272.435791015625,83028.41015625,2421104,0.744903564453125,1.96755790710449,6
-116.950534962263,49.150224825953,2012-08-27,19,293.446594238281,273.19921875,83064.96875,2753414,0.510009765625,2.26381301879883,6
-116.950534962263,49.150224825953,2012-08-27,20,293.958297729492,273.659439086914,83050.15625,2907060,0.740478515625,2.2460823059082,6
-116.850534504834,49.150224825953,2012-08-27,17,291.587951660156,273.561019897461,82898.26171875,1940662,0.296981811523438,1.67013931274414,7
-116.850534504834,49.150224825953,2012-08-27,18,292.623168945312,272.984619140625,82949.41015625,2418866,0.524200439453125,1.91482353210449,7
-116.850534504834,49.150224825953,2012-08-27,19,293.151672363281,273.466796875,82988.96875,2753718,0.318603515625,2.18861770629883,7
-116.850534504834,49.150224825953,2012-08-27,20,293.704391479492,273.866470336914,82972.15625,2907162,0.520751953125,2.1904182434082,7
-116.750534047406,49.150224825953,2012-08-27,17,293.363342285156,275.812973022461,85416.26171875,1938748,0.173934936523438,1.64865493774414,8
-116.750534047406,49.150224825953,2012-08-27,18,294.380981445312,275.236572265625,85463.41015625,2416964,0.300567626953125,1.86208915710449,8
-116.750534047406,49.150224825953,2012-08-27,19,294.970031738281,275.4453125,85500.96875,2754144,0.123291015625,2.10951614379883,8
-116.750534047406,49.150224825953,2012-08-27,20,295.567672729492,275.778579711914,85479.15625,2907356,0.296142578125,2.1318244934082,8
-116.650533589978,49.150224825953,2012-08-27,17,294.955139160156,277.727035522461,87718.26171875,1936228,0.0899505615234375,1.63400650024414,9
-116.650533589978,49.150224825953,2012-08-27,18,295.984497070312,277.158447265625,87760.41015625,2414180,0.138458251953125,1.81912040710449,9
-116.650533589978,49.150224825953,2012-08-27,19,296.632141113281,277.150390625,87795.96875,2754258,-0.004638671875,2.04701614379883,9
-116.650533589978,49.150224825953,2012-08-27,20,297.259078979492,277.427017211914,87768.15625,2907336,0.142822265625,2.0859260559082,9
-116.55053313255,49.150224825953,2012-08-27,17,296.002014160156,278.625473022461,89172.26171875,1932882,0.137802124023438,1.62814712524414,10
-116.55053313255,49.150224825953,2012-08-27,18,297.082153320312,277.968994140625,89211.41015625,2410940,0.174591064453125,1.80642509460449,10
-116.55053313255,49.150224825953,2012-08-27,19,297.804016113281,277.84765625,89245.96875,2754504,0.080322265625,2.02553176879883,10
-116.55053313255,49.150224825953,2012-08-27,20,298.444625854492,278.079360961914,89213.15625,2907556,0.211181640625,2.0644416809082,10
-116.950534962263,49.2502252833812,2012-08-27,17,292.328186035156,273.330551147461,83032.26171875,1940436,0.455184936523438,1.57834243774414,11
-116.950534962263,49.2502252833812,2012-08-27,18,293.375122070312,272.343994140625,83079.41015625,2417504,0.784942626953125,1.90603446960449,11
-116.950534962263,49.2502252833812,2012-08-27,19,293.821594238281,272.96875,83115.96875,2750364,0.516845703125,2.23256301879883,11
-116.950534962263,49.2502252833812,2012-08-27,20,294.262985229492,273.440689086914,83100.15625,2903910,0.760986328125,2.1786994934082,11
-116.850534504834,49.2502252833812,2012-08-27,17,293.785217285156,275.234848022461,84941.26171875,1937520,0.341903686523438,1.57248306274414,12
-116.850534504834,49.2502252833812,2012-08-27,18,294.800903320312,274.256103515625,84984.41015625,2412802,0.591583251953125,1.86697196960449,12
-116.850534504834,49.2502252833812,2012-08-27,19,295.259094238281,274.642578125,85021.96875,2749856,0.347900390625,2.17689895629883,12
-116.850534504834,49.2502252833812,2012-08-27,20,295.723922729492,275.063735961914,85002.15625,2903108,0.572509765625,2.1513557434082,12
-116.750534047406,49.2502252833812,2012-08-27,17,295.093811035156,276.629379272461,86617.26171875,1934790,0.225692749023438,1.56467056274414,13
-116.750534047406,49.2502252833812,2012-08-27,18,296.123168945312,275.646728515625,86657.41015625,2408574,0.392364501953125,1.82497978210449,13
-116.750534047406,49.2502252833812,2012-08-27,19,296.616516113281,275.80078125,86695.96875,2749472,0.174072265625,2.11732864379883,13
-116.750534047406,49.2502252833812,2012-08-27,20,297.114547729492,276.173110961914,86672.15625,2902468,0.376220703125,2.1191291809082,13
-116.650533589978,49.2502252833812,2012-08-27,17,296.423889160156,277.885238647461,88304.26171875,1932004,0.113388061523438,1.55685806274414,14
-116.650533589978,49.2502252833812,2012-08-27,18,297.486450195312,276.902587890625,88341.41015625,2404280,0.199005126953125,1.78396415710449,14
-116.650533589978,49.2502252833812,2012-08-27,19,298.018859863281,276.83984375,88381.96875,2749036,0.007080078125,2.05873489379883,14
-116.650533589978,49.2502252833812,2012-08-27,20,298.548141479492,277.167251586914,88353.15625,2901836,0.186767578125,2.0869026184082,14
-116.55053313255,49.2502252833812,2012-08-27,17,295.162170410156,277.473129272461,86906.26171875,1928676,0.208114624023438,1.57248306274414,15
-116.55053313255,49.2502252833812,2012-08-27,18,296.152465820312,276.496337890625,86946.41015625,2399126,0.326934814453125,1.80935478210449,15
-116.55053313255,49.2502252833812,2012-08-27,19,296.667297363281,276.419921875,86987.96875,2749176,0.197509765625,2.08803176879883,15
-116.55053313255,49.2502252833812,2012-08-27,20,297.175094604492,276.723892211914,86963.15625,2901974,0.369384765625,2.1161994934082,15
-116.950534962263,49.3502257408094,2012-08-27,17,292.763732910156,273.611801147461,83313.26171875,1938948,0.397567749023438,1.46701431274414,16
-116.950534962263,49.3502257408094,2012-08-27,18,293.849731445312,272.193603515625,83358.41015625,2413354,0.728302001953125,1.82009696960449,16
-116.950534962263,49.3502257408094,2012-08-27,19,294.304016113281,272.76171875,83394.96875,2746048,0.498291015625,2.15443801879883,16
-116.950534962263,49.3502257408094,2012-08-27,20,294.720016479492,273.184829711914,83378.15625,2900846,0.748291015625,2.1074104309082,16
-116.850534504834,49.3502257408094,2012-08-27,17,294.466857910156,275.434066772461,85306.26171875,1935782,0.329208374023438,1.48459243774414,17
-116.850534504834,49.3502257408094,2012-08-27,18,295.502075195312,274.084228515625,85346.41015625,2407952,0.601348876953125,1.80056571960449,17
-116.850534504834,49.3502257408094,2012-08-27,19,295.950500488281,274.498046875,85383.96875,2745196,0.383056640625,2.11635208129883,17
-116.850534504834,49.3502257408094,2012-08-27,20,296.384078979492,274.893814086914,85364.15625,2898512,0.612548828125,2.0937385559082,17
-116.750534047406,49.3502257408094,2012-08-27,17,296.017639160156,276.527816772461,86994.26171875,1932622,0.260848999023438,1.50217056274414,18
-116.750534047406,49.3502257408094,2012-08-27,18,297.076293945312,275.230712890625,87032.41015625,2402554,0.474395751953125,1.78103446960449,18
-116.750534047406,49.3502257408094,2012-08-27,19,297.542297363281,275.513671875,87069.96875,2744350,0.266845703125,2.07728958129883,18
-116.750534047406,49.3502257408094,2012-08-27,20,298.001266479492,275.887954711914,87047.15625,2896256,0.476806640625,2.0810432434082,18
-116.650533589978,49.3502257408094,2012-08-27,17,295.439514160156,276.496566772461,86416.26171875,1929288,0.229598999023438,1.51974868774414,19
-116.650533589978,49.3502257408094,2012-08-27,18,296.457153320312,275.304931640625,86456.41015625,2396900,0.409942626953125,1.77517509460449,19
-116.650533589978,49.3502257408094,2012-08-27,19,296.907531738281,275.484375,86495.96875,2743496,0.223876953125,2.05873489379883,19
-116.650533589978,49.3502257408094,2012-08-27,20,297.378219604492,275.833267211914,86473.15625,2893804,0.419189453125,2.0820198059082,19
-116.55053313255,49.3502257408094,2012-08-27,17,293.718811035156,275.832504272461,84570.26171875,1925810,0.247177124023438,1.52658462524414,20
-116.55053313255,49.3502257408094,2012-08-27,18,294.668090820312,274.722900390625,84614.41015625,2391078,0.427520751953125,1.78396415710449,20
-116.55053313255,49.3502257408094,2012-08-27,19,295.089172363281,274.8359375,84654.96875,2742778,0.286376953125,2.06850051879883,20
-116.55053313255,49.3502257408094,2012-08-27,20,295.554000854492,275.153579711914,84636.15625,2891760,0.472900390625,2.1005744934082,20
-116.950534962263,49.0502243685248,2013-07-14,17,288.604064941406,272.217834472656,82808.87890625,2437992,0.303670883178711,1.1855525970459,1
-116.950534962263,49.0502243685248,2013-07-14,18,289.72395324707,272.222259521484,82773.046875,2903068,0.57358455657959,1.34368991851807,1
-116.950534962263,49.0502243685248,2013-07-14,19,290.250900268555,272.89616394043,82783.25390625,3255540,1.0393533706665,1.60610771179199,1
-116.950534962263,49.0502243685248,2013-07-14,20,291.108413696289,272.422485351562,82749.1484375,3378044,1.25063133239746,1.76350021362305,1
-116.850534504834,49.0502243685248,2013-07-14,17,288.215393066406,271.622131347656,82471.87890625,2442648,0.116659164428711,1.2060604095459,2
-116.850534504834,49.0502243685248,2013-07-14,18,289.34114074707,271.636322021484,82438.046875,2907024,0.34848690032959,1.36273288726807,2
-116.850534504834,49.0502243685248,2013-07-14,19,289.877853393555,272.56022644043,82449.25390625,3257516,0.785447120666504,1.59927177429199,2
-116.850534504834,49.0502243685248,2013-07-14,20,290.754898071289,272.170532226562,82416.1484375,3384640,0.984518051147461,1.76154708862305,2
-116.750534047406,49.0502243685248,2013-07-14,17,290.479064941406,273.376037597656,85289.87890625,2447312,-0.0718173980712891,1.2255916595459,3
-116.750534047406,49.0502243685248,2013-07-14,18,291.60090637207,273.366790771484,85246.046875,2911088,0.12143611907959,1.38128757476807,3
-116.750534047406,49.0502243685248,2013-07-14,19,292.139572143555,274.53874206543,85254.25390625,3259600,0.529099464416504,1.59243583679199,3
-116.750534047406,49.0502243685248,2013-07-14,20,293.032241821289,274.205688476562,85211.1484375,3391140,0.715475082397461,1.75861740112305,3
-116.650533589978,49.0502243685248,2013-07-14,17,293.209533691406,275.510803222656,88667.87890625,2451832,-0.205606460571289,1.2451229095459,4
-116.650533589978,49.0502243685248,2013-07-14,18,294.32551574707,275.468353271484,88611.046875,2915020,-0.0431146621704102,1.40033054351807,4
-116.650533589978,49.0502243685248,2013-07-14,19,294.856369018555,276.87272644043,88615.25390625,3261408,0.338181495666504,1.58559989929199,4
-116.650533589978,49.0502243685248,2013-07-14,20,295.758804321289,276.588500976562,88561.1484375,3397108,0.510396957397461,1.75471115112305,4
-116.55053313255,49.0502243685248,2013-07-14,17,294.961486816406,276.713928222656,90876.87890625,2455792,-0.134317398071289,1.2627010345459,5
-116.55053313255,49.0502243685248,2013-07-14,18,296.06379699707,276.653900146484,90811.046875,2918388,0.0237798690795898,1.42035007476807,5
-116.55053313255,49.0502243685248,2013-07-14,19,296.561447143555,278.21647644043,90812.25390625,3262140,0.391404151916504,1.58364677429199,5
-116.55053313255,49.0502243685248,2013-07-14,20,297.450210571289,277.992797851562,90752.1484375,3401136,0.542623519897461,1.75178146362305,5
-116.950534962263,49.150224825953,2013-07-14,17,289.000549316406,272.756896972656,83284.87890625,2435328,0.301229476928711,1.1938533782959,6
-116.950534962263,49.150224825953,2013-07-14,18,290.11262512207,272.802337646484,83247.046875,2899044,0.60044002532959,1.32611179351807,6
-116.950534962263,49.150224825953,2013-07-14,19,290.621994018555,273.32975769043,83254.25390625,3251632,1.0735330581665,1.52895927429199,6
-116.950534962263,49.150224825953,2013-07-14,20,291.465835571289,272.879516601562,83217.1484375,3364076,1.30238914489746,1.66779708862305,6
-116.850534504834,49.150224825953,2013-07-14,17,288.836486816406,272.463928222656,83201.87890625,2439108,0.148885726928711,1.2260799407959,7
-116.850534504834,49.150224825953,2013-07-14,18,289.94075012207,272.534759521484,83165.046875,2902176,0.40903377532959,1.35394382476807,7
-116.850534504834,49.150224825953,2013-07-14,19,290.452072143555,273.31999206543,83174.25390625,3252888,0.864548683166504,1.53091239929199,7
-116.850534504834,49.150224825953,2013-07-14,20,291.323257446289,272.904907226562,83137.1484375,3371060,1.08315086364746,1.68146896362305,7
-116.750534047406,49.150224825953,2013-07-14,17,290.941955566406,274.116271972656,85752.87890625,2443032,-0.00882911682128906,1.2568416595459,8
-116.750534047406,49.150224825953,2013-07-14,18,292.03450012207,274.173431396484,85707.046875,2905436,0.21176815032959,1.37982273101807,8
-116.750534047406,49.150224825953,2013-07-14,19,292.547775268555,275.21452331543,85712.25390625,3254264,0.647751808166504,1.53091239929199,8
-116.750534047406,49.150224825953,2013-07-14,20,293.444351196289,274.811157226562,85666.1484375,3377980,0.856588363647461,1.69221115112305,8
-116.650533589978,49.150224825953,2013-07-14,17,292.832580566406,275.565490722656,88081.87890625,2446740,-0.115762710571289,1.2880916595459,9
-116.650533589978,49.150224825953,2013-07-14,18,293.92512512207,275.634368896484,88027.046875,2908488,0.0726079940795898,1.40863132476807,9
-116.650533589978,49.150224825953,2013-07-14,19,294.438400268555,276.92155456543,88028.25390625,3255368,0.494919776916504,1.53579521179199,9
-116.650533589978,49.150224825953,2013-07-14,20,295.356460571289,276.529907226562,87976.1484375,3384592,0.694967269897461,1.70783615112305,9
-116.55053313255,49.150224825953,2013-07-14,17,294.109924316406,275.960021972656,89551.87890625,2450852,-0.0889072418212891,1.3076229095459,10
-116.55053313255,49.150224825953,2013-07-14,18,295.22004699707,275.983978271484,89491.046875,2912020,0.0926275253295898,1.43451023101807,10
-116.55053313255,49.150224825953,2013-07-14,19,295.721603393555,277.50749206543,89490.25390625,3256228,0.512497901916504,1.54849052429199,10
-116.55053313255,49.150224825953,2013-07-14,20,296.659194946289,277.152954101562,89433.1484375,3389344,0.703756332397461,1.72150802612305,10
-116.950534962263,49.2502252833812,2013-07-14,17,289.041564941406,272.926818847656,83347.87890625,2432780,0.291463851928711,1.1987361907959,11
-116.950534962263,49.2502252833812,2013-07-14,18,290.15364074707,273.011322021484,83309.046875,2895228,0.62094783782959,1.30511569976807,11
-116.950534962263,49.2502252833812,2013-07-14,19,290.647384643555,273.40007019043,83314.25390625,3247856,1.0994119644165,1.44985771179199,11
-116.950534962263,49.2502252833812,2013-07-14,20,291.481460571289,272.986938476562,83276.1484375,3349872,1.34438133239746,1.56916427612305,11
-116.850534504834,49.2502252833812,2013-07-14,17,290.660705566406,274.239318847656,85286.87890625,2435660,0.178182601928711,1.2451229095459,12
-116.850534504834,49.2502252833812,2013-07-14,18,291.75520324707,274.343353271484,85241.046875,2897340,0.46762752532959,1.34417819976807,12
-116.850534504834,49.2502252833812,2013-07-14,19,292.250900268555,274.99186706543,85242.25390625,3248292,0.940720558166504,1.46157646179199,12
-116.850534504834,49.2502252833812,2013-07-14,20,293.120132446289,274.529907226562,85198.1484375,3357456,1.17983055114746,1.60041427612305,12
-116.750534047406,49.2502252833812,2013-07-14,17,292.203674316406,274.993225097656,86986.87890625,2438696,0.0575771331787109,1.2885799407959,13
-116.750534047406,49.2502252833812,2013-07-14,18,293.30598449707,275.101165771484,86935.046875,2899700,0.30649471282959,1.37982273101807,13
-116.750534047406,49.2502252833812,2013-07-14,19,293.815353393555,276.02897644043,86934.25390625,3248896,0.771775245666504,1.47134208679199,13
-116.750534047406,49.2502252833812,2013-07-14,20,294.729507446289,275.496704101562,86884.1484375,3364860,1.00356101989746,1.62775802612305,13
-116.650533589978,49.2502252833812,2013-07-14,17,293.781799316406,275.659240722656,88697.87890625,2441724,-0.0591220855712891,1.3320369720459,14
-116.650533589978,49.2502252833812,2013-07-14,18,294.90559387207,275.778900146484,88639.046875,2902060,0.15024471282959,1.41595554351807,14
-116.650533589978,49.2502252833812,2013-07-14,19,295.434494018555,276.99186706543,88636.25390625,3249504,0.607712745666504,1.48110771179199,14
-116.650533589978,49.2502252833812,2013-07-14,20,296.393569946289,276.377563476562,88580.1484375,3372232,0.833639144897461,1.65607833862305,14
-116.55053313255,49.2502252833812,2013-07-14,17,292.365783691406,274.926818847656,87277.87890625,2445856,0.0150966644287109,1.3501033782959,15
-116.55053313255,49.2502252833812,2013-07-14,18,293.44075012207,275.071868896484,87224.046875,2905608,0.22934627532959,1.44769382476807,15
-116.55053313255,49.2502252833812,2013-07-14,19,293.922775268555,276.47038269043,87224.25390625,3250100,0.706345558166504,1.51626396179199,15
-116.55053313255,49.2502252833812,2013-07-14,20,294.858413696289,276.037719726562,87173.1484375,3376832,0.935689926147461,1.69123458862305,15
-116.950534962263,49.3502257408094,2013-07-14,17,289.254455566406,273.002990722656,83641.87890625,2430388,0.294393539428711,1.2085018157959,16
-116.950534962263,49.3502257408094,2013-07-14,18,290.34114074707,273.116790771484,83602.046875,2893036,0.61557674407959,1.32269382476807,16
-116.950534962263,49.3502257408094,2013-07-14,19,290.782150268555,273.43522644043,83603.25390625,3188200,1.0608377456665,1.44106864929199,16
-116.950534962263,49.3502257408094,2013-07-14,20,291.575210571289,273.092407226562,83565.1484375,3286268,1.26137351989746,1.53791427612305,16
-116.850534504834,49.3502257408094,2013-07-14,17,291.053283691406,274.370178222656,85665.87890625,2433408,0.238241195678711,1.2558650970459,17
-116.850534504834,49.3502257408094,2013-07-14,18,292.12629699707,274.483978271484,85618.046875,2895240,0.52182674407959,1.35833835601807,17
-116.850534504834,49.3502257408094,2013-07-14,19,292.563400268555,275.01139831543,85618.25390625,3188972,0.971482276916504,1.45181083679199,17
-116.850534504834,49.3502257408094,2013-07-14,20,293.387710571289,274.623657226562,85574.1484375,3293392,1.17445945739746,1.56330490112305,17
-116.750534047406,49.3502257408094,2013-07-14,17,292.801330566406,274.893615722656,87380.87890625,2436428,0.182088851928711,1.3032283782959,18
-116.750534047406,49.3502257408094,2013-07-14,18,293.91340637207,274.989837646484,87327.046875,2897504,0.42807674407959,1.39398288726807,18
-116.750534047406,49.3502257408094,2013-07-14,19,294.371994018555,275.75749206543,87325.25390625,3189752,0.881638526916504,1.46157646179199,18
-116.750534047406,49.3502257408094,2013-07-14,20,295.245132446289,275.272094726562,87275.1484375,3300544,1.08754539489746,1.58869552612305,18
-116.650533589978,49.3502257408094,2013-07-14,17,292.215393066406,274.542053222656,86791.87890625,2439708,0.157186508178711,1.3437557220459,19
-116.650533589978,49.3502257408094,2013-07-14,18,293.30403137207,274.671478271484,86740.046875,2900004,0.37729549407959,1.42816257476807,19
-116.650533589978,49.3502257408094,2013-07-14,19,293.750900268555,275.64225769043,86738.25390625,3191160,0.840622901916504,1.48013114929199,19
-116.650533589978,49.3502257408094,2013-07-14,20,294.641616821289,275.178344726562,86690.1484375,3306964,1.05531883239746,1.61799240112305,19
-116.55053313255,49.3502257408094,2013-07-14,17,290.363830566406,273.590881347656,84915.87890625,2443392,0.165487289428711,1.3715877532959,20
-116.55053313255,49.3502257408094,2013-07-14,18,291.40168762207,273.765228271484,84869.046875,2902876,0.37729549407959,1.46234226226807,20
-116.55053313255,49.3502257408094,2013-07-14,19,291.817306518555,274.92741394043,84869.25390625,3193304,0.856247901916504,1.51040458679199,20
-116.55053313255,49.3502257408094,2013-07-14,20,292.698257446289,274.570922851562,84826.1484375,3312304,1.08705711364746,1.65510177612305,20
-116.950534962263,49.0502243685248,2013-07-30,17,288.697723388672,274.452651977539,82853.30859375,2025682,-0.303482055664062,-0.586502075195312,1
-116.950534962263,49.0502243685248,2013-07-30,18,290.244552612305,273.158477783203,82854.30859375,2551656,0.474014282226562,-0.322616577148438,1
-116.950534962263,49.0502243685248,2013-07-30,19,291.359527587891,273.088333129883,82893.6875,2964934,0.913619995117188,-0.110122680664062,1
-116.950534962263,49.0502243685248,2013-07-30,20,292.401077270508,272.414489746094,82905.828125,3131612,1.38838195800781,0.049072265625,1
-116.850534504834,49.0502243685248,2013-07-30,17,288.182098388672,274.601089477539,82514.30859375,2021472,-0.405044555664062,-0.500564575195312,2
-116.850534504834,49.0502243685248,2013-07-30,18,289.832443237305,273.511993408203,82520.30859375,2548582,0.224990844726562,-0.236679077148438,2
-116.850534504834,49.0502243685248,2013-07-30,19,291.058746337891,273.184036254883,82558.6875,2962958,0.667526245117188,-0.0437164306640625,2
-116.850534504834,49.0502243685248,2013-07-30,20,292.172561645508,272.553161621094,82573.828125,3133004,1.19306945800781,0.090087890625,2
-116.750534047406,49.0502243685248,2013-07-30,17,290.107879638672,277.024917602539,85335.30859375,2017236,-0.507583618164062,-0.415603637695312,3
-116.750534047406,49.0502243685248,2013-07-30,18,291.887130737305,276.140899658203,85326.30859375,2545688,-0.0259857177734375,-0.152694702148438,3
-116.750534047406,49.0502243685248,2013-07-30,19,293.195465087891,275.492630004883,85353.6875,2961118,0.418502807617188,0.0207366943359375,3
-116.750534047406,49.0502243685248,2013-07-30,20,294.365921020508,274.859802246094,85358.828125,3134506,0.994827270507812,0.129150390625,3
-116.650533589978,49.0502243685248,2013-07-30,17,292.451629638672,279.769058227539,88717.30859375,2013042,-0.591567993164062,-0.348220825195312,4
-116.650533589978,49.0502243685248,2013-07-30,18,294.340255737305,279.031524658203,88689.30859375,2541990,-0.235946655273438,-0.0823822021484375,4
-116.650533589978,49.0502243685248,2013-07-30,19,295.722808837891,278.096145629883,88704.6875,2959696,0.217330932617188,0.0793304443359375,4
-116.650533589978,49.0502243685248,2013-07-30,20,296.932327270508,277.457458496094,88696.828125,3136270,0.838577270507812,0.168212890625,4
-116.55053313255,49.0502243685248,2013-07-30,17,293.863739013672,281.464370727539,90933.30859375,2008938,-0.609146118164062,-0.346267700195312,5
-116.55053313255,49.0502243685248,2013-07-30,18,295.760177612305,280.681915283203,90890.30859375,2535104,-0.291610717773438,-0.0667572021484375,5
-116.55053313255,49.0502243685248,2013-07-30,19,297.211090087891,279.637161254883,90897.6875,2959546,0.198776245117188,0.113510131835938,5
-116.55053313255,49.0502243685248,2013-07-30,20,298.412796020508,279.029724121094,90880.828125,3138838,0.836624145507812,0.212158203125,5
-116.950534962263,49.150224825953,2013-07-30,17,288.939910888672,274.956558227539,83337.30859375,2083564,-0.283950805664062,-0.545486450195312,6
-116.950534962263,49.150224825953,2013-07-30,18,290.510177612305,273.607696533203,83334.30859375,2606810,0.360733032226562,-0.338241577148438,6
-116.950534962263,49.150224825953,2013-07-30,19,291.572418212891,273.516067504883,83372.6875,3002326,0.806198120117188,-0.168716430664062,6
-116.950534962263,49.150224825953,2013-07-30,20,292.572952270508,272.902770996094,83379.828125,3152992,1.31806945800781,-0.004638671875,6
-116.850534504834,49.150224825953,2013-07-30,17,288.639129638672,275.390151977539,83254.30859375,2079036,-0.380630493164062,-0.459548950195312,7
-116.850534504834,49.150224825953,2013-07-30,18,290.281661987305,274.244415283203,83252.30859375,2600496,0.155654907226562,-0.224960327148438,7
-116.850534504834,49.150224825953,2013-07-30,19,291.418121337891,273.904739379883,83289.6875,2998586,0.621627807617188,-0.0788726806640625,7
-116.850534504834,49.150224825953,2013-07-30,20,292.485061645508,273.355895996094,83297.828125,3153196,1.17451477050781,0.077392578125,7
-116.750534047406,49.150224825953,2013-07-30,17,290.467254638672,277.690933227539,85806.30859375,2074578,-0.476333618164062,-0.374588012695312,8
-116.750534047406,49.150224825953,2013-07-30,18,292.213302612305,276.736602783203,85792.30859375,2594770,-0.0562591552734375,-0.116561889648438,8
-116.750534047406,49.150224825953,2013-07-30,19,293.406402587891,276.070755004883,85820.6875,2995150,0.427291870117188,0.0070648193359375,8
-116.750534047406,49.150224825953,2013-07-30,20,294.529983520508,275.533630371094,85820.828125,3153560,1.02119445800781,0.152587890625,8
-116.650533589978,49.150224825953,2013-07-30,17,292.043426513672,279.741714477539,88140.30859375,2070156,-0.561294555664062,-0.306228637695312,9
-116.650533589978,49.150224825953,2013-07-30,18,293.836349487305,278.834259033203,88112.30859375,2587546,-0.228134155273438,-0.0179290771484375,9
-116.650533589978,49.150224825953,2013-07-30,19,295.115386962891,278.018020629883,88131.6875,2991480,0.281784057617188,0.0900726318359375,9
-116.650533589978,49.150224825953,2013-07-30,20,296.283889770508,277.498474121094,88124.828125,3153888,0.907913208007812,0.233642578125,9
-116.55053313255,49.150224825953,2013-07-30,17,292.992645263672,280.780776977539,89616.30859375,2066394,-0.614028930664062,-0.303298950195312,10
-116.55053313255,49.150224825953,2013-07-30,18,294.869552612305,279.765899658203,89579.30859375,2579290,-0.316024780273438,0.0055084228515625,10
-116.55053313255,49.150224825953,2013-07-30,19,296.250152587891,278.779739379883,89591.6875,2988856,0.218307495117188,0.129135131835938,10
-116.55053313255,49.150224825953,2013-07-30,20,297.459671020508,278.250427246094,89578.828125,3155630,0.861038208007812,0.275634765625,10
-116.950534962263,49.2502252833812,2013-07-30,17,288.828582763672,275.104995727539,83409.30859375,2141528,-0.265396118164062,-0.504470825195312,11
-116.950534962263,49.2502252833812,2013-07-30,18,290.437911987305,273.709259033203,83402.30859375,2662622,0.235733032226562,-0.358749389648438,11
-116.950534962263,49.2502252833812,2013-07-30,19,291.455230712891,273.584426879883,83440.6875,3040094,0.686080932617188,-0.235122680664062,11
-116.950534962263,49.2502252833812,2013-07-30,20,292.418655395508,273.027770996094,83445.828125,3174628,1.23896789550781,-0.068115234375,11
-116.850534504834,49.2502252833812,2013-07-30,17,290.262176513672,277.069839477539,85349.30859375,2136674,-0.355239868164062,-0.419509887695312,12
-116.850534504834,49.2502252833812,2013-07-30,18,291.916427612305,275.801055908203,85332.30859375,2652630,0.0814361572265625,-0.215194702148438,12
-116.850534504834,49.2502252833812,2013-07-30,19,292.968902587891,275.402786254883,85364.6875,3034258,0.571823120117188,-0.116958618164062,12
-116.850534504834,49.2502252833812,2013-07-30,20,293.994827270508,274.893005371094,85365.828125,3173388,1.15205383300781,0.060791015625,12
-116.750534047406,49.2502252833812,2013-07-30,17,291.533660888672,278.671401977539,87051.30859375,2131896,-0.446060180664062,-0.333572387695312,13
-116.750534047406,49.2502252833812,2013-07-30,18,293.264083862305,277.461212158203,87026.30859375,2643386,-0.0826263427734375,-0.0774993896484375,13
-116.750534047406,49.2502252833812,2013-07-30,19,294.377105712891,276.828567504883,87052.6875,3028882,0.443893432617188,-0.0046539306640625,13
-116.750534047406,49.2502252833812,2013-07-30,20,295.465530395508,276.342224121094,87048.828125,3172428,1.05439758300781,0.180908203125,13
-116.650533589978,49.2502252833812,2013-07-30,17,292.795379638672,280.229995727539,88766.30859375,2127144,-0.536880493164062,-0.249588012695312,14
-116.650533589978,49.2502252833812,2013-07-30,18,294.588302612305,279.027618408203,88732.30859375,2634046,-0.243759155273438,0.0592193603515625,14
-116.650533589978,49.2502252833812,2013-07-30,19,295.779449462891,278.234817504883,88751.6875,3023534,0.319869995117188,0.106674194335938,14
-116.650533589978,49.2502252833812,2013-07-30,20,296.920608520508,277.762145996094,88740.828125,3171490,0.958694458007812,0.300048828125,14
-116.55053313255,49.2502252833812,2013-07-30,17,291.283660888672,279.761245727539,87347.30859375,2124030,-0.605239868164062,-0.283767700195312,15
-116.55053313255,49.2502252833812,2013-07-30,18,293.059005737305,278.701446533203,87319.30859375,2622698,-0.301376342773438,0.0533599853515625,15
-116.55053313255,49.2502252833812,2013-07-30,19,294.308746337891,277.859817504883,87342.6875,3018516,0.279830932617188,0.133041381835938,15
-116.55053313255,49.2502252833812,2013-07-30,20,295.479202270508,277.492614746094,87334.828125,3172756,0.921585083007812,0.331298828125,15
-116.950534962263,49.3502257408094,2013-07-30,17,289.045379638672,275.112808227539,83707.30859375,2182066,-0.157974243164062,-0.344314575195312,16
-116.950534962263,49.3502257408094,2013-07-30,18,290.615646362305,273.654571533203,83698.30859375,2691976,0.315811157226562,-0.212265014648438,16
-116.950534962263,49.3502257408094,2013-07-30,19,291.588043212891,273.535598754883,83734.6875,3027880,0.685104370117188,-0.135513305664062,16
-116.950534962263,49.3502257408094,2013-07-30,20,292.584671020508,273.008239746094,83738.828125,3188362,1.17158508300781,0.010009765625,16
-116.850534504834,49.3502257408094,2013-07-30,17,290.658660888672,277.108901977539,85734.30859375,2176838,-0.222427368164062,-0.264236450195312,17
-116.850534504834,49.3502257408094,2013-07-30,18,292.258224487305,275.660430908203,85715.30859375,2682590,0.208389282226562,-0.0794525146484375,17
-116.850534504834,49.3502257408094,2013-07-30,19,293.269683837891,275.316848754883,85744.6875,3022060,0.631393432617188,-0.0202789306640625,17
-116.850534504834,49.3502257408094,2013-07-30,20,294.305374145508,274.812927246094,85742.828125,3187298,1.13349914550781,0.139892578125,17
-116.750534047406,49.3502257408094,2013-07-30,17,292.103973388672,278.526870727539,87453.30859375,2171576,-0.286880493164062,-0.183181762695312,18
-116.750534047406,49.3502257408094,2013-07-30,18,293.789474487305,277.033477783203,87424.30859375,2673248,0.100967407226562,0.0533599853515625,18
-116.750534047406,49.3502257408094,2013-07-30,19,294.855621337891,276.453567504883,87448.6875,3016246,0.577682495117188,0.0949554443359375,18
-116.750534047406,49.3502257408094,2013-07-30,20,295.934280395508,275.932067871094,87439.828125,3186168,1.09443664550781,0.268798828125,18
-116.650533589978,49.3502257408094,2013-07-30,17,291.402801513672,278.647964477539,86863.30859375,2166414,-0.355239868164062,-0.131423950195312,19
-116.650533589978,49.3502257408094,2013-07-30,18,293.117599487305,277.242462158203,86836.30859375,2663616,0.0052642822265625,0.151992797851562,19
-116.650533589978,49.3502257408094,2013-07-30,19,294.230621337891,276.529739379883,86861.6875,3010694,0.526901245117188,0.187728881835938,19
-116.650533589978,49.3502257408094,2013-07-30,20,295.338577270508,276.084411621094,86854.828125,3185514,1.05732727050781,0.373291015625,19
-116.55053313255,49.3502257408094,2013-07-30,17,289.502410888672,278.030776977539,84985.30859375,2161676,-0.437271118164062,-0.125564575195312,20
-116.55053313255,49.3502257408094,2013-07-30,18,291.205490112305,276.783477783203,84964.30859375,2653180,-0.0884857177734375,0.195938110351562,20
-116.55053313255,49.3502257408094,2013-07-30,19,292.377105712891,276.018020629883,84994.6875,3005540,0.458541870117188,0.246322631835938,20
-116.55053313255,49.3502257408094,2013-07-30,20,293.502639770508,275.701599121094,84995.828125,3185538,1.00361633300781,0.435791015625,20
-116.950534962263,49.0502243685248,2013-08-15,17,292.823120117188,277.16389465332,82540.37890625,1574072,0.871566772460938,1.16520309448242,1
-116.950534962263,49.0502243685248,2013-08-15,18,293.45654296875,276.044891357422,82557.6796875,1735126,1.17533874511719,1.4731502532959,1
-116.950534962263,49.0502243685248,2013-08-15,19,294.541900634766,275.926956176758,82591.3359375,2560124,1.85159301757812,1.64749050140381,1
-116.950534962263,49.0502243685248,2013-08-15,20,295.097854614258,276.345611572266,82568.3671875,2905718,2.07365417480469,1.62082576751709,1
-116.850534504834,49.0502243685248,2013-08-15,17,292.545776367188,276.74201965332,82207.37890625,1617584,0.626449584960938,1.13590621948242,2
-116.850534504834,49.0502243685248,2013-08-15,18,293.33935546875,275.771453857422,82224.6796875,1800874,0.872604370117188,1.4262752532959,2
-116.850534504834,49.0502243685248,2013-08-15,19,294.471588134766,275.550003051758,82260.3359375,2616528,1.55667114257812,1.67874050140381,2
-116.850534504834,49.0502243685248,2013-08-15,20,295.105667114258,275.722564697266,82238.3671875,2917512,1.77873229980469,1.60813045501709,2
-116.750534047406,49.0502243685248,2013-08-15,17,294.848510742188,278.66194152832,84964.37890625,1661408,0.377426147460938,1.10660934448242,3
-116.750534047406,49.0502243685248,2013-08-15,18,295.74169921875,277.769500732422,84975.6796875,1867096,0.566940307617188,1.3794002532959,3
-116.750534047406,49.0502243685248,2013-08-15,19,296.905181884766,277.395706176758,85002.3359375,2673228,1.26077270507812,1.71096706390381,3
-116.750534047406,49.0502243685248,2013-08-15,20,297.607620239258,277.296783447266,84974.3671875,2929612,1.48283386230469,1.59641170501709,3
-116.650533589978,49.0502243685248,2013-08-15,17,297.565307617188,280.97834777832,88270.37890625,1699734,0.180160522460938,1.08805465698242,4
-116.650533589978,49.0502243685248,2013-08-15,18,298.55029296875,280.119110107422,88273.6796875,1933480,0.330612182617188,1.3461971282959,4
-116.650533589978,49.0502243685248,2013-08-15,19,299.723541259766,279.622268676758,88289.3359375,2724830,1.02151489257812,1.73928737640381,4
-116.650533589978,49.0502243685248,2013-08-15,20,300.476760864258,279.290924072266,88253.3671875,2940434,1.24357604980469,1.59055233001709,4
-116.55053313255,49.0502243685248,2013-08-15,17,299.198120117188,282.48420715332,90433.37890625,1717684,0.177230834960938,1.11344528198242,5
-116.55053313255,49.0502243685248,2013-08-15,18,300.28857421875,281.560516357422,90427.6796875,2000218,0.352096557617188,1.3627986907959,5
-116.55053313255,49.0502243685248,2013-08-15,19,301.411041259766,281.104690551758,90437.3359375,2757868,0.999053955078125,1.75100612640381,5
-116.55053313255,49.0502243685248,2013-08-15,20,302.154495239258,280.714752197266,90396.3671875,2946222,1.22111511230469,1.61008358001709,5
-116.950534962263,49.150224825953,2013-08-15,17,293.118041992188,278.06037902832,83005.37890625,1571582,0.774887084960938,1.15446090698242,6
-116.950534962263,49.150224825953,2013-08-15,18,293.79638671875,276.759735107422,83018.6796875,1721408,1.11479187011719,1.4692440032959,6
-116.950534962263,49.150224825953,2013-08-15,19,294.879791259766,276.395706176758,83049.3359375,2511430,1.72756958007812,1.64651393890381,6
-116.950534962263,49.150224825953,2013-08-15,20,295.484573364258,276.757720947266,83029.3671875,2925372,2.04240417480469,1.68137264251709,6
-116.850534504834,49.150224825953,2013-08-15,17,293.067260742188,277.86311340332,82921.37890625,1610252,0.599105834960938,1.12516403198242,7
-116.850534504834,49.150224825953,2013-08-15,18,293.82958984375,276.767547607422,82936.6796875,1779148,0.882369995117188,1.4213924407959,7
-116.850534504834,49.150224825953,2013-08-15,19,294.938385009766,276.393753051758,82967.3359375,2563908,1.47366333007812,1.65823268890381,7
-116.850534504834,49.150224825953,2013-08-15,20,295.597854614258,276.544830322266,82945.3671875,2931684,1.78459167480469,1.64914608001709,7
-116.750534047406,49.150224825953,2013-08-15,17,295.266479492188,279.62287902832,85417.37890625,1649664,0.410629272460938,1.09684371948242,8
-116.750534047406,49.150224825953,2013-08-15,18,296.07177734375,278.650360107422,85427.6796875,1838202,0.639205932617188,1.3735408782959,8
-116.750534047406,49.150224825953,2013-08-15,19,297.194244384766,278.196487426758,85451.3359375,2617022,1.21292114257812,1.67190456390381,8
-116.750534047406,49.150224825953,2013-08-15,20,297.908401489258,278.113189697266,85423.3671875,2938850,1.51994323730469,1.62082576751709,8
-116.650533589978,49.150224825953,2013-08-15,17,297.184448242188,281.09553527832,87695.37890625,1683488,0.283676147460938,1.07926559448242,9
-116.650533589978,49.150224825953,2013-08-15,18,298.05029296875,280.281219482422,87698.6796875,1896214,0.472213745117188,1.3393611907959,9
-116.650533589978,49.150224825953,2013-08-15,19,299.180572509766,279.827346801758,87715.3359375,2665944,1.01370239257812,1.68264675140381,9
-116.650533589978,49.150224825953,2013-08-15,20,299.933792114258,279.552642822266,87682.3671875,2943484,1.31681823730469,1.59738826751709,9
-116.55053313255,49.150224825953,2013-08-15,17,298.373901367188,281.85530090332,89133.37890625,1703488,0.279769897460938,1.10563278198242,10
-116.55053313255,49.150224825953,2013-08-15,18,299.37451171875,280.970672607422,89132.6796875,1961606,0.487838745117188,1.3598690032959,10
-116.55053313255,49.150224825953,2013-08-15,19,300.506744384766,280.538284301758,89144.3359375,2706532,0.994171142578125,1.71096706390381,10
-116.55053313255,49.150224825953,2013-08-15,20,301.277542114258,280.175689697266,89107.3671875,2945820,1.28556823730469,1.61789608001709,10
-116.950534962263,49.2502252833812,2013-08-15,17,293.043823242188,278.60725402832,83063.37890625,1570070,0.662582397460938,1.14567184448242,11
-116.950534962263,49.2502252833812,2013-08-15,18,293.78857421875,277.134735107422,83076.6796875,1709462,1.03959655761719,1.4653377532959,11
-116.950534962263,49.2502252833812,2013-08-15,19,294.883697509766,276.518753051758,83105.3359375,2463448,1.59378051757812,1.64944362640381,11
-116.950534962263,49.2502252833812,2013-08-15,20,295.541213989258,276.812408447266,83087.3671875,2946164,2.00236511230469,1.74582576751709,11
-116.850534504834,49.2502252833812,2013-08-15,17,294.799682617188,279.92756652832,84961.37890625,1603238,0.565902709960938,1.11637496948242,12
-116.850534504834,49.2502252833812,2013-08-15,18,295.53271484375,278.658172607422,84970.6796875,1758086,0.887252807617188,1.4174861907959,12
-116.850534504834,49.2502252833812,2013-08-15,19,296.627838134766,278.092971801758,84993.3359375,2511490,1.38577270507812,1.63870143890381,12
-116.850534504834,49.2502252833812,2013-08-15,20,297.322463989258,278.203033447266,84969.3671875,2946164,1.78752136230469,1.69309139251709,12
-116.750534047406,49.2502252833812,2013-08-15,17,296.416870117188,280.72834777832,86624.37890625,1637486,0.453598022460938,1.08707809448242,13
-116.750534047406,49.2502252833812,2013-08-15,18,297.18896484375,279.656219482422,86629.6796875,1808512,0.719284057617188,1.3686580657959,13
-116.750534047406,49.2502252833812,2013-08-15,19,298.317291259766,279.118362426758,86648.3359375,2560364,1.16799926757812,1.63186550140381,13
-116.750534047406,49.2502252833812,2013-08-15,20,299.068557739258,279.023345947266,86619.3671875,2947424,1.56388854980469,1.64426326751709,13
-116.650533589978,49.2502252833812,2013-08-15,17,298.041870117188,281.39436340332,88297.37890625,1671292,0.345199584960938,1.05875778198242,14
-116.650533589978,49.2502252833812,2013-08-15,18,298.86669921875,280.546844482422,88296.6796875,1858956,0.558151245117188,1.3208065032959,14
-116.650533589978,49.2502252833812,2013-08-15,19,300.036041259766,280.051956176758,88310.3359375,2608920,0.956085205078125,1.62502956390381,14
-116.650533589978,49.2502252833812,2013-08-15,20,300.843948364258,279.751861572266,88278.3671875,2948492,1.34513854980469,1.59641170501709,14
-116.55053313255,49.2502252833812,2013-08-15,17,296.743041992188,280.90412902832,86904.37890625,1683556,0.437973022460938,1.11246871948242,15
-116.55053313255,49.2502252833812,2013-08-15,18,297.57373046875,280.089813232422,86907.6796875,1924618,0.699752807617188,1.3745174407959,15
-116.55053313255,49.2502252833812,2013-08-15,19,298.633697509766,279.731643676758,86925.3359375,2650720,1.05764770507812,1.67288112640381,15
-116.55053313255,49.2502252833812,2013-08-15,20,299.363479614258,279.482330322266,86895.3671875,2944128,1.41838073730469,1.63938045501709,15
-116.950534962263,49.3502257408094,2013-08-15,17,293.356323242188,278.60725402832,83348.37890625,1557336,0.601058959960938,1.11930465698242,16
-116.950534962263,49.3502257408094,2013-08-15,18,294.06005859375,277.011688232422,83359.6796875,1726904,1.00932312011719,1.4243221282959,16
-116.950534962263,49.3502257408094,2013-08-15,19,295.131744384766,276.456253051758,83387.3359375,2435280,1.45120239257812,1.64749050140381,16
-116.950534962263,49.3502257408094,2013-08-15,20,295.806838989258,276.785064697266,83367.3671875,2912536,1.82170104980469,1.75168514251709,16
-116.850534504834,49.3502257408094,2013-08-15,17,295.284057617188,279.95686340332,85331.37890625,1591680,0.582504272460938,1.09391403198242,17
-116.850534504834,49.3502257408094,2013-08-15,18,295.95654296875,278.570281982422,85338.6796875,1769328,0.947799682617188,1.3735408782959,17
-116.850534504834,49.3502257408094,2013-08-15,19,297.030181884766,278.079299926758,85360.3359375,2481436,1.33010864257812,1.62893581390381,17
-116.850534504834,49.3502257408094,2013-08-15,20,297.722854614258,278.261627197266,85336.3671875,2911218,1.69377136230469,1.69699764251709,17
-116.750534047406,49.3502257408094,2013-08-15,17,297.086791992188,280.47248840332,87009.37890625,1625950,0.562973022460938,1.06852340698242,18
-116.750534047406,49.3502257408094,2013-08-15,18,297.79248046875,279.302703857422,87013.6796875,1811802,0.885299682617188,1.3237361907959,18
-116.750534047406,49.3502257408094,2013-08-15,19,298.924713134766,278.876174926758,87030.3359375,2527616,1.20706176757812,1.61233425140381,18
-116.750534047406,49.3502257408094,2013-08-15,20,299.666213989258,278.894439697266,87001.3671875,2909918,1.56486511230469,1.64133358001709,18
-116.650533589978,49.3502257408094,2013-08-15,17,296.612182617188,280.05256652832,86430.37890625,1655522,0.574691772460938,1.06071090698242,19
-116.650533589978,49.3502257408094,2013-08-15,18,297.32763671875,279.103485107422,86436.6796875,1857746,0.880416870117188,1.2993221282959,19
-116.650533589978,49.3502257408094,2013-08-15,19,298.442291259766,278.776565551758,86454.3359375,2572888,1.14944458007812,1.61038112640381,19
-116.650533589978,49.3502257408094,2013-08-15,20,299.172073364258,278.701080322266,86426.3671875,2907726,1.50041198730469,1.61106014251709,19
-116.55053313255,49.3502257408094,2013-08-15,17,294.909057617188,279.18342590332,84590.37890625,1676184,0.609848022460938,1.08024215698242,20
-116.55053313255,49.3502257408094,2013-08-15,18,295.62451171875,278.363250732422,84599.6796875,1912474,0.937057495117188,1.3198299407959,20
-116.55053313255,49.3502257408094,2013-08-15,19,296.653228759766,278.157424926758,84621.3359375,2617146,1.16506958007812,1.63772487640381,20
-116.55053313255,49.3502257408094,2013-08-15,20,297.328323364258,278.062408447266,84596.3671875,2904384,1.51017761230469,1.62277889251709,20
-116.950534962263,49.0502243685248,2013-08-31,17,287.144760131836,275.758026123047,82886.01171875,1825078,-0.608810424804688,-0.17140007019043,1
-116.950534962263,49.0502243685248,2013-08-31,18,289.003982543945,275.412887573242,82879.87890625,2355414,-0.484222412109375,0.217258453369141,1
-116.950534962263,49.0502243685248,2013-08-31,19,289.591842651367,275.92204284668,82871.20703125,2687922,-0.342544555664062,0.538375854492188,1
-116.950534962263,49.0502243685248,2013-08-31,20,290.731018066406,275.949935913086,82835.0390625,2852012,-0.178695678710938,0.622346878051758,1
-116.850534504834,49.0502243685248,2013-08-31,17,286.842025756836,275.427947998047,82549.01171875,1833796,-0.633224487304688,-0.0981578826904297,2
-116.850534504834,49.0502243685248,2013-08-31,18,288.691482543945,275.071090698242,82545.87890625,2358782,-0.565277099609375,0.330539703369141,2
-116.850534504834,49.0502243685248,2013-08-31,19,289.242233276367,275.56462097168,82538.20703125,2689240,-0.459732055664062,0.618453979492188,2
-116.850534504834,49.0502243685248,2013-08-31,20,290.389221191406,275.528060913086,82504.0390625,2851794,-0.316390991210938,0.712190628051758,2
-116.750534047406,49.0502243685248,2013-08-31,17,288.847885131836,277.259979248047,85381.01171875,1842504,-0.659591674804688,-0.0249156951904297,3
-116.750534047406,49.0502243685248,2013-08-31,18,290.683670043945,276.844528198242,85363.87890625,2362086,-0.649261474609375,0.442844390869141,3
-116.750534047406,49.0502243685248,2013-08-31,19,291.191452026367,277.30680847168,85354.20703125,2690540,-0.577896118164062,0.698532104492188,3
-116.750534047406,49.0502243685248,2013-08-31,20,292.342346191406,277.182357788086,85308.0390625,2851678,-0.457015991210938,0.802034378051758,3
-116.650533589978,49.0502243685248,2013-08-31,17,291.295150756836,279.431854248047,88776.01171875,1851338,-0.669357299804688,0.0336780548095703,4
-116.650533589978,49.0502243685248,2013-08-31,18,293.107498168945,278.942184448242,88741.87890625,2365076,-0.697113037109375,0.535617828369141,4
-116.650533589978,49.0502243685248,2013-08-31,19,293.578170776367,279.37126159668,88728.20703125,2691462,-0.648208618164062,0.763961791992188,4
-116.650533589978,49.0502243685248,2013-08-31,20,294.732971191406,279.158920288086,88668.0390625,2851262,-0.542953491210938,0.876253128051758,4
-116.55053313255,49.0502243685248,2013-08-31,17,292.994369506836,280.681854248047,90999.01171875,1860642,-0.614669799804688,0.0385608673095703,5
-116.55053313255,49.0502243685248,2013-08-31,18,294.765701293945,280.119918823242,90952.87890625,2366980,-0.609222412109375,0.557102203369141,5
-116.55053313255,49.0502243685248,2013-08-31,19,295.220748901367,280.53337097168,90937.20703125,2691024,-0.541763305664062,0.778610229492188,5
-116.55053313255,49.0502243685248,2013-08-31,20,296.377502441406,280.248764038086,90866.0390625,2849650,-0.427719116210938,0.898714065551758,5
-116.950534962263,49.150224825953,2013-08-31,17,287.156478881836,276.342010498047,83374.01171875,1815392,-0.601974487304688,-0.16065788269043,6
-116.950534962263,49.150224825953,2013-08-31,18,289.111404418945,275.942184448242,83363.87890625,2346744,-0.465667724609375,0.232883453369141,6
-116.950534962263,49.150224825953,2013-08-31,19,289.738327026367,276.40055847168,83354.20703125,2678362,-0.279067993164062,0.510055541992188,6
-116.950534962263,49.150224825953,2013-08-31,20,290.877502441406,276.490951538086,83315.0390625,2846246,-0.109359741210938,0.578401565551758,6
-116.850534504834,49.150224825953,2013-08-31,17,287.105697631836,276.271697998047,83291.01171875,1824160,-0.608810424804688,-0.0756969451904297,7
-116.850534504834,49.150224825953,2013-08-31,18,289.002029418945,275.951950073242,83282.87890625,2350164,-0.511566162109375,0.353977203369141,7
-116.850534504834,49.150224825953,2013-08-31,19,289.584030151367,276.41032409668,83274.20703125,2679064,-0.359146118164062,0.602828979492188,7
-116.850534504834,49.150224825953,2013-08-31,20,290.717346191406,276.451889038086,83236.0390625,2845280,-0.205062866210938,0.686800003051758,7
-116.750534047406,49.150224825953,2013-08-31,17,288.968978881836,277.955291748047,85856.01171875,1832928,-0.617599487304688,0.00731086730957031,8
-116.750534047406,49.150224825953,2013-08-31,18,290.810623168945,277.641403198242,85833.87890625,2353614,-0.564300537109375,0.474094390869141,8
-116.750534047406,49.150224825953,2013-08-31,19,291.341842651367,278.08415222168,85821.20703125,2679866,-0.446060180664062,0.693649291992188,8
-116.750534047406,49.150224825953,2013-08-31,20,292.471252441406,278.051498413086,85773.0390625,2844388,-0.307601928710938,0.792268753051758,8
-116.650533589978,49.150224825953,2013-08-31,17,290.705307006836,279.396697998047,88199.01171875,1841952,-0.612716674804688,0.0795764923095703,9
-116.650533589978,49.150224825953,2013-08-31,18,292.492263793945,279.102340698242,88164.87890625,2356898,-0.583831787109375,0.576633453369141,9
-116.650533589978,49.150224825953,2013-08-31,19,292.986373901367,279.53727722168,88150.20703125,2680260,-0.490005493164062,0.773727416992188,9
-116.650533589978,49.150224825953,2013-08-31,20,294.113830566406,279.434310913086,88092.0390625,2843166,-0.362289428710938,0.887971878051758,9
-116.55053313255,49.150224825953,2013-08-31,17,291.822494506836,280.236541748047,89679.01171875,1851966,-0.591232299804688,0.0903186798095703,10
-116.55053313255,49.150224825953,2013-08-31,18,293.564529418945,279.907028198242,89636.87890625,2359796,-0.546722412109375,0.604953765869141,10
-116.55053313255,49.150224825953,2013-08-31,19,294.041061401367,280.32438659668,89621.20703125,2680244,-0.443130493164062,0.796188354492188,10
-116.55053313255,49.150224825953,2013-08-31,20,295.186096191406,280.160873413086,89554.0390625,2841712,-0.310531616210938,0.922151565551758,10
-116.950534962263,49.2502252833812,2013-08-31,17,286.849838256836,276.590057373047,83446.01171875,1805704,-0.600997924804688,-0.15089225769043,11
-116.950534962263,49.2502252833812,2013-08-31,18,288.910232543945,276.119918823242,83435.87890625,2337994,-0.454925537109375,0.246555328369141,11
-116.950534962263,49.2502252833812,2013-08-31,19,289.584030151367,276.52751159668,83426.20703125,2669086,-0.223403930664062,0.477828979492188,11
-116.950534962263,49.2502252833812,2013-08-31,20,290.729064941406,276.676498413086,83386.0390625,2840628,-0.0488128662109375,0.530550003051758,11
-116.850534504834,49.2502252833812,2013-08-31,17,288.316635131836,277.851776123047,85398.01171875,1814524,-0.584396362304688,-0.0532360076904297,12
-116.850534504834,49.2502252833812,2013-08-31,18,290.273513793945,277.502731323242,85374.87890625,2341566,-0.461761474609375,0.377414703369141,12
-116.850534504834,49.2502252833812,2013-08-31,19,290.890670776367,277.91618347168,85363.20703125,2669014,-0.262466430664062,0.585250854492188,12
-116.850534504834,49.2502252833812,2013-08-31,20,292.020080566406,278.008529663086,85315.0390625,2838736,-0.0966644287109375,0.659456253051758,12
-116.750534047406,49.2502252833812,2013-08-31,17,289.722885131836,278.734588623047,87109.01171875,1823360,-0.573654174804688,0.0414905548095703,13
-116.750534047406,49.2502252833812,2013-08-31,18,291.621170043945,278.440231323242,87076.87890625,2345118,-0.475433349609375,0.506320953369141,13
-116.750534047406,49.2502252833812,2013-08-31,19,292.212936401367,278.85758972168,87062.20703125,2669104,-0.309341430664062,0.689743041992188,13
-116.750534047406,49.2502252833812,2013-08-31,20,293.338439941406,278.867904663086,87007.0390625,2837028,-0.153305053710938,0.783479690551758,13
-116.650533589978,49.2502252833812,2013-08-31,17,291.191635131836,279.515838623047,88831.01171875,1832254,-0.560958862304688,0.13524055480957,14
-116.650533589978,49.2502252833812,2013-08-31,18,293.048904418945,279.258590698242,88789.87890625,2348644,-0.487152099609375,0.633274078369141,14
-116.650533589978,49.2502252833812,2013-08-31,19,293.628952026367,279.67790222168,88773.20703125,2669158,-0.353286743164062,0.793258666992188,14
-116.650533589978,49.2502252833812,2013-08-31,20,294.756408691406,279.598373413086,88710.0390625,2835302,-0.207015991210938,0.907503128051758,14
-116.55053313255,49.2502252833812,2013-08-31,17,290.107650756836,279.041229248047,87401.01171875,1843486,-0.555099487304688,0.12156867980957,15
-116.55053313255,49.2502252833812,2013-08-31,18,291.837966918945,278.899215698242,87367.87890625,2352356,-0.452972412109375,0.625461578369141,15
-116.55053313255,49.2502252833812,2013-08-31,19,292.359420776367,279.31266784668,87353.20703125,2669170,-0.298599243164062,0.796188354492188,15
-116.55053313255,49.2502252833812,2013-08-31,20,293.477111816406,279.268295288086,87296.0390625,2833634,-0.141586303710938,0.924104690551758,15
-116.950534962263,49.3502257408094,2013-08-31,17,286.886947631836,276.812713623047,83749.01171875,1790954,-0.547286987304688,-0.0864391326904297,16
-116.950534962263,49.3502257408094,2013-08-31,18,289.002029418945,276.057418823242,83734.87890625,2330894,-0.382659912109375,0.355930328369141,16
-116.950534962263,49.3502257408094,2013-08-31,19,289.726608276367,276.41227722168,83724.20703125,2659894,-0.120864868164062,0.574508666992188,16
-116.950534962263,49.3502257408094,2013-08-31,20,290.897033691406,276.559310913086,83682.0390625,2832294,0.0576324462890625,0.625276565551758,16
-116.850534504834,49.3502257408094,2013-08-31,17,288.453353881836,277.949432373047,85790.01171875,1799484,-0.525802612304688,0.0131702423095703,17
-116.850534504834,49.3502257408094,2013-08-31,18,290.466873168945,277.354293823242,85761.87890625,2334358,-0.366058349609375,0.472141265869141,17
-116.850534504834,49.3502257408094,2013-08-31,19,291.144577026367,277.72673034668,85746.20703125,2659834,-0.132583618164062,0.667282104492188,17
-116.850534504834,49.3502257408094,2013-08-31,20,292.297424316406,277.821029663086,85696.0390625,2830864,0.0420074462890625,0.734651565551758,17
-116.750534047406,49.3502257408094,2013-08-31,17,290.006088256836,278.496307373047,87518.01171875,1808082,-0.504318237304688,0.11277961730957,18
-116.750534047406,49.3502257408094,2013-08-31,18,291.980545043945,277.979293823242,87478.87890625,2337766,-0.348480224609375,0.587375640869141,18
-116.750534047406,49.3502257408094,2013-08-31,19,292.658248901367,278.36344909668,87462.20703125,2659774,-0.145278930664062,0.760055541992188,18
-116.750534047406,49.3502257408094,2013-08-31,20,293.811096191406,278.363998413086,87404.0390625,2829492,0.0254058837890625,0.844026565551758,18
-116.650533589978,49.3502257408094,2013-08-31,17,289.705307006836,278.191619873047,86923.01171875,1816964,-0.490646362304688,0.18309211730957,19
-116.650533589978,49.3502257408094,2013-08-31,18,291.570388793945,277.895309448242,86886.87890625,2341090,-0.332855224609375,0.669406890869141,19
-116.650533589978,49.3502257408094,2013-08-31,19,292.191452026367,278.30094909668,86872.20703125,2659656,-0.149185180664062,0.827438354492188,19
-116.650533589978,49.3502257408094,2013-08-31,20,293.328674316406,278.295639038086,86816.0390625,2828160,0.0214996337890625,0.926057815551758,19
-116.55053313255,49.3502257408094,2013-08-31,17,288.326400756836,277.437713623047,85031.01171875,1826550,-0.491622924804688,0.20359992980957,20
-116.55053313255,49.3502257408094,2013-08-31,18,290.062576293945,277.352340698242,85005.87890625,2344360,-0.327972412109375,0.698703765869141,20
-116.55053313255,49.3502257408094,2013-08-31,19,290.613327026367,277.75993347168,84993.20703125,2659476,-0.145278930664062,0.856735229492188,20
-116.55053313255,49.3502257408094,2013-08-31,20,291.732971191406,277.793685913086,84945.0390625,2826632,0.0273590087890625,0.971956253051758,20
-116.950534962263,49.0502243685248,2014-07-01,17,289.288421630859,275.827896118164,82961.30859375,2483588,-1.78564453125,0.13255500793457,1
-116.950534962263,49.0502243685248,2014-07-01,18,290.254196166992,275.856826782227,82913.47265625,2941576,-1.991455078125,0.311115264892578,1
-116.950534962263,49.0502243685248,2014-07-01,19,290.866088867188,276.777587890625,82908.47265625,3252014,-2.04917907714844,0.496622085571289,1
-116.950534962263,49.0502243685248,2014-07-01,20,291.744277954102,276.839752197266,82867.91796875,3404038,-1.93716430664062,0.642419815063477,1
-116.850534504834,49.0502243685248,2014-07-01,17,288.772796630859,275.507583618164,82629.30859375,2486188,-1.61279296875,0.0895862579345703,2
-116.850534504834,49.0502243685248,2014-07-01,18,289.760055541992,275.557998657227,82584.47265625,2948646,-1.851806640625,0.298419952392578,2
-116.850534504834,49.0502243685248,2014-07-01,19,290.371948242188,276.463134765625,82579.47265625,3258756,-1.94078063964844,0.485879898071289,2
-116.850534504834,49.0502243685248,2014-07-01,20,291.279434204102,276.474517822266,82538.91796875,3413854,-1.81607055664062,0.661951065063477,2
-116.750534047406,49.0502243685248,2014-07-01,17,290.884124755859,277.548599243164,85449.30859375,2488844,-1.43896484375,0.0456409454345703,3
-116.750534047406,49.0502243685248,2014-07-01,18,291.875289916992,277.583389282227,85394.47265625,2955648,-1.711181640625,0.285724639892578,3
-116.750534047406,49.0502243685248,2014-07-01,19,292.479370117188,278.467041015625,85386.47265625,3265446,-1.83238220214844,0.473184585571289,3
-116.750534047406,49.0502243685248,2014-07-01,20,293.416152954102,278.402252197266,85332.91796875,3423648,-1.69497680664062,0.680505752563477,3
-116.650533589978,49.0502243685248,2014-07-01,17,293.468109130859,280.013442993164,88828.30859375,2491226,-1.27392578125,-0.000257492065429688,4
-116.650533589978,49.0502243685248,2014-07-01,18,294.472946166992,280.018936157227,88761.47265625,2961708,-1.572509765625,0.270099639892578,4
-116.650533589978,49.0502243685248,2014-07-01,19,295.077026367188,280.883056640625,88746.47265625,3271064,-1.71910095214844,0.460489273071289,4
-116.650533589978,49.0502243685248,2014-07-01,20,296.039199829102,280.734283447266,88678.91796875,3431814,-1.57388305664062,0.693201065063477,4
-116.55053313255,49.0502243685248,2014-07-01,17,295.161468505859,281.642349243164,91038.30859375,2492544,-1.14013671875,-0.0471324920654297,5
-116.55053313255,49.0502243685248,2014-07-01,18,296.211227416992,281.622451782227,90961.47265625,2964344,-1.439697265625,0.247638702392578,5
-116.55053313255,49.0502243685248,2014-07-01,19,296.852416992188,282.470947265625,90939.47265625,3272748,-1.58433532714844,0.448770523071289,5
-116.55053313255,49.0502243685248,2014-07-01,20,297.838027954102,282.240142822266,90861.91796875,3433936,-1.45474243164062,0.687341690063477,5
-116.950534962263,49.150224825953,2014-07-01,17,289.706390380859,276.072036743164,83447.30859375,2482730,-1.60595703125,0.14134407043457,6
-116.950534962263,49.150224825953,2014-07-01,18,290.711227416992,276.091201782227,83395.47265625,2941156,-1.781494140625,0.332599639892578,6
-116.950534962263,49.150224825953,2014-07-01,19,291.327026367188,277.136962890625,83388.47265625,3250664,-1.86949157714844,0.509317398071289,6
-116.950534962263,49.150224825953,2014-07-01,20,292.238418579102,277.244049072266,83345.91796875,3402668,-1.79849243164062,0.654138565063477,6
-116.850534504834,49.150224825953,2014-07-01,17,289.454437255859,275.950942993164,83370.30859375,2484862,-1.46533203125,0.13646125793457,7
-116.850534504834,49.150224825953,2014-07-01,18,290.469039916992,275.997451782227,83319.47265625,2949370,-1.650634765625,0.344318389892578,7
-116.850534504834,49.150224825953,2014-07-01,19,291.092651367188,277.080322265625,83312.47265625,3258134,-1.76402282714844,0.523965835571289,7
-116.850534504834,49.150224825953,2014-07-01,20,292.037246704102,277.130767822266,83268.91796875,3413790,-1.68618774414062,0.699060440063477,7
-116.750534047406,49.150224825953,2014-07-01,17,291.448577880859,277.863052368164,85921.30859375,2487074,-1.31982421875,0.12669563293457,8
-116.750534047406,49.150224825953,2014-07-01,18,292.463180541992,277.903701782227,85862.47265625,2957364,-1.518798828125,0.353107452392578,8
-116.750534047406,49.150224825953,2014-07-01,19,293.090698242188,279.011962890625,85851.47265625,3265530,-1.65855407714844,0.533731460571289,8
-116.750534047406,49.150224825953,2014-07-01,20,294.064590454102,278.992095947266,85796.91796875,3424694,-1.57192993164062,0.739099502563477,8
-116.650533589978,49.150224825953,2014-07-01,17,293.249359130859,279.585708618164,88252.30859375,2489012,-1.19384765625,0.11888313293457,9
-116.650533589978,49.150224825953,2014-07-01,18,294.279586791992,279.643936157227,88185.47265625,2964862,-1.396728515625,0.359943389892578,9
-116.650533589978,49.150224825953,2014-07-01,19,294.920776367188,280.795166015625,88168.47265625,3272086,-1.55503845214844,0.543497085571289,9
-116.650533589978,49.150224825953,2014-07-01,20,295.923965454102,280.691314697266,88101.91796875,3434424,-1.46743774414062,0.775232315063477,9
-116.55053313255,49.150224825953,2014-07-01,17,294.368499755859,280.775161743164,89725.30859375,2490784,-1.10791015625,0.0681018829345703,10
-116.55053313255,49.150224825953,2014-07-01,18,295.429977416992,280.845108032227,89651.47265625,2968976,-1.309814453125,0.325763702392578,10
-116.55053313255,49.150224825953,2014-07-01,19,296.106323242188,282.025634765625,89631.47265625,3274896,-1.46519470214844,0.516153335571289,10
-116.55053313255,49.150224825953,2014-07-01,20,297.138809204102,281.804595947266,89556.91796875,3438032,-1.39614868164062,0.754724502563477,10
-116.950534962263,49.2502252833812,2014-07-01,17,289.755218505859,275.986099243164,83521.30859375,2481964,-1.41845703125,0.14134407043457,11
-116.950534962263,49.2502252833812,2014-07-01,18,290.801071166992,275.999404907227,83469.47265625,2940452,-1.568603515625,0.348224639892578,11
-116.950534962263,49.2502252833812,2014-07-01,19,291.420776367188,277.164306640625,83460.47265625,3249116,-1.68785095214844,0.517129898071289,11
-116.950534962263,49.2502252833812,2014-07-01,20,292.365371704102,277.320220947266,83415.91796875,3401048,-1.65786743164062,0.660974502563477,11
-116.850534504834,49.2502252833812,2014-07-01,17,291.329437255859,277.472427368164,85461.30859375,2483532,-1.31494140625,0.18138313293457,12
-116.850534504834,49.2502252833812,2014-07-01,18,292.373336791992,277.505264282227,85401.47265625,2950002,-1.448486328125,0.388263702392578,12
-116.850534504834,49.2502252833812,2014-07-01,19,293.010620117188,278.771728515625,85388.47265625,3257422,-1.58628845214844,0.559122085571289,12
-116.850534504834,49.2502252833812,2014-07-01,20,293.988418579102,278.861236572266,85334.91796875,3413664,-1.55532836914062,0.733240127563477,12
-116.750534047406,49.2502252833812,2014-07-01,17,292.831390380859,278.349380493164,87163.30859375,2485236,-1.20361328125,0.21165657043457,13
-116.750534047406,49.2502252833812,2014-07-01,18,293.912399291992,278.366592407227,87097.47265625,2959252,-1.326416015625,0.423419952392578,13
-116.750534047406,49.2502252833812,2014-07-01,19,294.584838867188,279.744384765625,87081.47265625,3265608,-1.48277282714844,0.596231460571289,13
-116.750534047406,49.2502252833812,2014-07-01,20,295.613418579102,279.730377197266,87019.91796875,3425972,-1.45083618164062,0.799646377563477,13
-116.650533589978,49.2502252833812,2014-07-01,17,294.388031005859,279.064224243164,88875.30859375,2486924,-1.09326171875,0.24193000793457,14
-116.650533589978,49.2502252833812,2014-07-01,18,295.529586791992,279.059951782227,88803.47265625,2968446,-1.205322265625,0.457599639892578,14
-116.650533589978,49.2502252833812,2014-07-01,19,296.246948242188,280.558837890625,88784.47265625,3273716,-1.38121032714844,0.633340835571289,14
-116.650533589978,49.2502252833812,2014-07-01,20,297.328262329102,280.427642822266,88712.91796875,3438158,-1.34732055664062,0.865076065063477,14
-116.55053313255,49.2502252833812,2014-07-01,17,292.852874755859,278.991958618164,87462.30859375,2488854,-1.08935546875,0.17357063293457,15
-116.55053313255,49.2502252833812,2014-07-01,18,293.955368041992,279.083389282227,87394.47265625,2972404,-1.187744140625,0.394123077392578,15
-116.55053313255,49.2502252833812,2014-07-01,19,294.688354492188,280.566650390625,87378.47265625,3275696,-1.34507751464844,0.575723648071289,15
-116.55053313255,49.2502252833812,2014-07-01,20,295.763809204102,280.343658447266,87311.91796875,3439962,-1.34536743164062,0.806482315063477,15
-116.950534962263,49.3502257408094,2014-07-01,17,289.960296630859,276.159927368164,83821.30859375,2481194,-1.18603515625,0.22142219543457,16
-116.950534962263,49.3502257408094,2014-07-01,18,291.033493041992,276.114639282227,83767.47265625,2939322,-1.297119140625,0.423419952392578,16
-116.950534962263,49.3502257408094,2014-07-01,19,291.678588867188,277.302978515625,83756.47265625,3246340,-1.42808532714844,0.570840835571289,16
-116.950534962263,49.3502257408094,2014-07-01,20,292.634902954102,277.456939697266,83712.91796875,3397904,-1.41763305664062,0.719568252563477,16
-116.850534504834,49.3502257408094,2014-07-01,17,291.735687255859,277.667739868164,85847.30859375,2483234,-1.11181640625,0.26927375793457,17
-116.850534504834,49.3502257408094,2014-07-01,18,292.814743041992,277.612686157227,85784.47265625,2949744,-1.208251953125,0.467365264892578,17
-116.850534504834,49.3502257408094,2014-07-01,19,293.489135742188,278.892822265625,85769.47265625,3254628,-1.35581970214844,0.614786148071289,17
-116.850534504834,49.3502257408094,2014-07-01,20,294.474746704102,278.986236572266,85715.91796875,3409594,-1.34341430664062,0.782068252563477,17
-116.750534047406,49.3502257408094,2014-07-01,17,293.475921630859,278.263442993164,87564.30859375,2485238,-1.03662109375,0.31810188293457,18
-116.750534047406,49.3502257408094,2014-07-01,18,294.629196166992,278.147842407227,87494.47265625,2960126,-1.118408203125,0.511310577392578,18
-116.750534047406,49.3502257408094,2014-07-01,19,295.366088867188,279.551025390625,87474.47265625,3262980,-1.28355407714844,0.657754898071289,18
-116.750534047406,49.3502257408094,2014-07-01,20,296.406387329102,279.531158447266,87411.91796875,3421238,-1.26724243164062,0.843591690063477,18
-116.650533589978,49.3502257408094,2014-07-01,17,292.841156005859,278.097427368164,86980.30859375,2487340,-0.99365234375,0.34153938293457,19
-116.650533589978,49.3502257408094,2014-07-01,18,293.988571166992,278.038467407227,86913.47265625,2969126,-1.062744140625,0.532794952392578,19
-116.650533589978,49.3502257408094,2014-07-01,19,294.741088867188,279.500244140625,86895.47265625,3269578,-1.23667907714844,0.679239273071289,19
-116.650533589978,49.3502257408094,2014-07-01,20,295.798965454102,279.439361572266,86831.91796875,3429868,-1.22622680664062,0.874841690063477,19
-116.55053313255,49.3502257408094,2014-07-01,17,290.895843505859,277.527114868164,85109.30859375,2489380,-0.98876953125,0.32103157043457,20
-116.55053313255,49.3502257408094,2014-07-01,18,291.996383666992,277.583389282227,85049.47265625,2975356,-1.047119140625,0.513263702392578,20
-116.55053313255,49.3502257408094,2014-07-01,19,292.748901367188,279.049072265625,85037.47265625,3273258,-1.21910095214844,0.660684585571289,20
-116.55053313255,49.3502257408094,2014-07-01,20,293.797012329102,278.958892822266,84979.91796875,3433824,-1.22915649414062,0.858240127563477,20
-116.950534962263,49.0502243685248,2014-07-17,17,295.14826965332,278.548141479492,82102.76171875,2386702,0.714462280273438,2.10160446166992,1
-116.950534962263,49.0502243685248,2014-07-17,18,296.039184570312,278.106384277344,82073.89453125,2836174,1.375732421875,2.15152454376221,1
-116.950534962263,49.0502243685248,2014-07-17,19,296.406112670898,278.016342163086,82107.94140625,3152780,1.8748779296875,1.95620822906494,1
-116.950534962263,49.0502243685248,2014-07-17,20,297.160903930664,277.164016723633,82067.86328125,3209850,2.26329040527344,1.98693752288818,1
-116.850534504834,49.0502243685248,2014-07-17,17,294.67756652832,278.262985229492,81776.76171875,2389230,0.491806030273438,2.10551071166992,2
-116.850534504834,49.0502243685248,2014-07-17,18,295.629028320312,277.998962402344,81747.89453125,2841886,1.077880859375,2.17593860626221,2
-116.850534504834,49.0502243685248,2014-07-17,19,295.978378295898,277.990951538086,81782.94140625,3157250,1.5877685546875,1.95327854156494,2
-116.850534504834,49.0502243685248,2014-07-17,20,296.821060180664,277.199172973633,81743.86328125,3199888,1.93809509277344,2.04846096038818,2
-116.750534047406,49.0502243685248,2014-07-17,17,296.64045715332,280.128219604492,84505.76171875,2391782,0.269149780273438,2.11137008666992,3
-116.750534047406,49.0502243685248,2014-07-17,18,297.650512695312,280.002868652344,84465.89453125,2847512,0.778076171875,2.20230579376221,3
-116.750534047406,49.0502243685248,2014-07-17,19,297.982284545898,280.051498413086,84499.94140625,3161682,1.2987060546875,1.95230197906494,3
-116.750534047406,49.0502243685248,2014-07-17,20,298.912857055664,279.285110473633,84452.86328125,3190178,1.61094665527344,2.11096096038818,3
-116.650533589978,49.0502243685248,2014-07-17,17,299.03694152832,282.317672729492,87775.76171875,2394110,0.107040405273438,2.11722946166992,4
-116.650533589978,49.0502243685248,2014-07-17,18,300.086059570312,282.291931152344,87723.89453125,2852512,0.549560546875,2.22671985626221,4
-116.650533589978,49.0502243685248,2014-07-17,19,300.408065795898,282.377670288086,87756.94140625,3165624,1.0740966796875,1.96109104156494,4
-116.650533589978,49.0502243685248,2014-07-17,20,301.391372680664,281.636672973633,87699.86328125,3180846,1.35118103027344,2.16857814788818,4
-116.55053313255,49.0502243685248,2014-07-17,17,300.55647277832,283.587203979492,89916.76171875,2395574,0.178329467773438,2.12308883666992,5
-116.55053313255,49.0502243685248,2014-07-17,18,301.582153320312,283.555603027344,89854.89453125,2855294,0.582763671875,2.24332141876221,5
-116.55053313255,49.0502243685248,2014-07-17,19,301.913925170898,283.643295288086,89886.94140625,3167752,1.0946044921875,2.00698947906494,5
-116.55053313255,49.0502243685248,2014-07-17,20,302.828872680664,282.976516723633,89825.86328125,3172716,1.34532165527344,2.20764064788818,5
-116.950534962263,49.150224825953,2014-07-17,17,295.73225402832,278.802047729492,82552.76171875,2385798,0.766220092773438,1.96195602416992,6
-116.950534962263,49.150224825953,2014-07-17,18,296.707153320312,278.188415527344,82520.89453125,2830360,1.412841796875,1.97476673126221,6
-116.950534962263,49.150224825953,2014-07-17,19,296.869003295898,278.131576538086,82551.94140625,3141570,1.8250732421875,1.77945041656494,6
-116.950534962263,49.150224825953,2014-07-17,20,297.637466430664,277.189407348633,82511.86328125,3175920,2.24375915527344,1.81506252288818,6
-116.850534504834,49.150224825953,2014-07-17,17,295.44319152832,278.864547729492,82474.76171875,2387858,0.578720092773438,1.95707321166992,7
-116.850534504834,49.150224825953,2014-07-17,18,296.453247070312,278.452087402344,82440.89453125,2836646,1.139404296875,1.98355579376221,7
-116.850534504834,49.150224825953,2014-07-17,19,296.654159545898,278.424545288086,82472.94140625,3145412,1.5662841796875,1.75503635406494,7
-116.850534504834,49.150224825953,2014-07-17,20,297.405044555664,277.623001098633,82432.86328125,3161504,1.95567321777344,1.86877346038818,7
-116.750534047406,49.150224825953,2014-07-17,17,297.29084777832,280.706344604492,84941.76171875,2389996,0.386337280273438,1.95414352416992,8
-116.750534047406,49.150224825953,2014-07-17,18,298.343872070312,280.440368652344,84897.89453125,2842786,0.862060546875,1.99527454376221,8
-116.750534047406,49.150224825953,2014-07-17,19,298.488143920898,280.625717163086,84933.94140625,3149296,1.3026123046875,1.73452854156494,8
-116.750534047406,49.150224825953,2014-07-17,20,299.324966430664,279.712844848633,84883.86328125,3147878,1.66075134277344,1.92443752288818,8
-116.650533589978,49.150224825953,2014-07-17,17,298.91194152832,282.378219604492,87194.76171875,2391916,0.255477905273438,1.95512008666992,9
-116.650533589978,49.150224825953,2014-07-17,18,299.992309570312,282.247009277344,87140.89453125,2848548,0.655029296875,2.00992298126221,9
-116.650533589978,49.150224825953,2014-07-17,19,299.915878295898,282.815170288086,87180.94140625,3152822,1.1063232421875,1.72476291656494,9
-116.650533589978,49.150224825953,2014-07-17,20,300.981216430664,281.607376098633,87122.86328125,3133588,1.43809509277344,1.97912502288818,9
-116.55053313255,49.150224825953,2014-07-17,17,300.07405090332,282.966110229492,88616.76171875,2393746,0.300399780273438,1.99027633666992,10
-116.55053313255,49.150224825953,2014-07-17,18,301.166137695312,282.842712402344,88554.89453125,2852400,0.669677734375,2.06851673126221,10
-116.55053313255,49.150224825953,2014-07-17,19,301.240097045898,283.180404663086,88595.94140625,3155776,1.1268310546875,1.79507541656494,10
-116.55053313255,49.150224825953,2014-07-17,20,302.176528930664,282.164016723633,88536.86328125,3123056,1.43321228027344,2.05432033538818,10
-116.950534962263,49.2502252833812,2014-07-17,17,295.97248840332,278.690719604492,82605.76171875,2384944,0.811141967773438,1.82426071166992,11
-116.950534962263,49.2502252833812,2014-07-17,18,297.035278320312,277.907165527344,82569.89453125,2824494,1.444091796875,1.80191516876221,11
-116.950534962263,49.2502252833812,2014-07-17,19,297.005722045898,277.862045288086,82598.94140625,3130346,1.7674560546875,1.60757541656494,11
-116.950534962263,49.2502252833812,2014-07-17,20,297.787857055664,276.851516723633,82557.86328125,3142976,2.21641540527344,1.64416408538818,11
-116.850534504834,49.2502252833812,2014-07-17,17,297.39436340332,280.345016479492,84476.76171875,2386474,0.663681030273438,1.80863571166992,12
-116.850534504834,49.2502252833812,2014-07-17,18,298.472778320312,279.745056152344,84432.89453125,2831348,1.199951171875,1.79214954376221,12
-116.850534504834,49.2502252833812,2014-07-17,19,298.275253295898,280.162826538086,84466.94140625,3133556,1.5418701171875,1.55874729156494,12
-116.850534504834,49.2502252833812,2014-07-17,20,299.199966430664,278.843704223633,84419.86328125,3123516,1.96934509277344,1.69006252288818,12
-116.750534047406,49.2502252833812,2014-07-17,17,298.73420715332,281.503219604492,86119.76171875,2388130,0.508407592773438,1.79594039916992,13
-116.750534047406,49.2502252833812,2014-07-17,18,299.857543945312,281.059509277344,86067.89453125,2838084,0.949951171875,1.78726673126221,13
-116.750534047406,49.2502252833812,2014-07-17,19,299.634628295898,281.629623413086,86109.94140625,3136880,1.3094482421875,1.51577854156494,13
-116.750534047406,49.2502252833812,2014-07-17,20,300.582778930664,280.269485473633,86054.86328125,3105044,1.71543884277344,1.73693752288818,13
-116.650533589978,49.2502252833812,2014-07-17,17,300.08967590332,282.596969604492,87773.76171875,2389782,0.358016967773438,1.78422164916992,14
-116.650533589978,49.2502252833812,2014-07-17,18,301.259887695312,282.305603027344,87713.89453125,2844764,0.705810546875,1.78238391876221,14
-116.650533589978,49.2502252833812,2014-07-17,19,300.849472045898,283.256576538086,87762.94140625,3140194,1.0828857421875,1.47280979156494,14
-116.650533589978,49.2502252833812,2014-07-17,20,301.981216430664,281.605422973633,87699.86328125,3086520,1.46739196777344,1.78381252288818,14
-116.55053313255,49.2502252833812,2014-07-17,17,298.69514465332,282.067672729492,86399.76171875,2391710,0.494735717773438,1.86527633666992,15
-116.55053313255,49.2502252833812,2014-07-17,18,299.773559570312,281.844665527344,86343.89453125,2848698,0.840576171875,1.90250110626221,15
-116.55053313255,49.2502252833812,2014-07-17,19,299.413925170898,282.678451538086,86387.94140625,3143414,1.2410888671875,1.60366916656494,15
-116.55053313255,49.2502252833812,2014-07-17,20,300.428482055664,281.056594848633,86333.86328125,3074314,1.60411071777344,1.90100002288818,15
-116.950534962263,49.3502257408094,2014-07-17,17,296.33381652832,278.637985229492,82877.76171875,2383094,0.781845092773438,1.70609664916992,16
-116.950534962263,49.3502257408094,2014-07-17,18,297.386840820312,277.803649902344,82839.89453125,2822290,1.380615234375,1.68961048126221,16
-116.950534962263,49.3502257408094,2014-07-17,19,297.609237670898,277.330795288086,82866.94140625,3105910,1.7108154296875,1.55972385406494,16
-116.950534962263,49.3502257408094,2014-07-17,20,298.162857055664,276.601516723633,82825.86328125,3132912,2.11387634277344,1.56799221038818,16
-116.850534504834,49.3502257408094,2014-07-17,17,297.98420715332,280.253219604492,84831.76171875,2385272,0.704696655273438,1.69535446166992,17
-116.850534504834,49.3502257408094,2014-07-17,18,299.027465820312,279.557556152344,84784.89453125,2829564,1.213623046875,1.66714954376221,17
-116.850534504834,49.3502257408094,2014-07-17,19,299.374862670898,278.887435913086,84816.94140625,3108352,1.5682373046875,1.52554416656494,17
-116.850534504834,49.3502257408094,2014-07-17,20,299.754653930664,278.535110473633,84767.86328125,3112498,1.94590759277344,1.60705471038818,17
-116.750534047406,49.3502257408094,2014-07-17,17,299.57209777832,281.157516479492,86487.76171875,2387444,0.627548217773438,1.68461227416992,18
-116.750534047406,49.3502257408094,2014-07-17,18,300.648559570312,280.573181152344,86432.89453125,2836834,1.046630859375,1.64566516876221,18
-116.750534047406,49.3502257408094,2014-07-17,19,300.632675170898,280.610092163086,86471.94140625,3110870,1.4256591796875,1.49136447906494,18
-116.750534047406,49.3502257408094,2014-07-17,20,301.354263305664,279.683547973633,86416.86328125,3092028,1.77500915527344,1.64611721038818,18
-116.650533589978,49.3502257408094,2014-07-17,17,298.93928527832,281.069625854492,85918.76171875,2389696,0.603134155273438,1.69828414916992,19
-116.650533589978,49.3502257408094,2014-07-17,18,299.982543945312,280.629821777344,85862.89453125,2843318,0.959716796875,1.65836048126221,19
-116.650533589978,49.3502257408094,2014-07-17,19,299.755722045898,281.069076538086,85904.94140625,3113428,1.3602294921875,1.49820041656494,19
-116.650533589978,49.3502257408094,2014-07-17,20,300.619888305664,279.873001098633,85850.86328125,3073162,1.69102478027344,1.70568752288818,19
-116.55053313255,49.3502257408094,2014-07-17,17,297.12092590332,280.352828979492,84103.76171875,2391760,0.644149780273438,1.75004196166992,20
-116.55053313255,49.3502257408094,2014-07-17,18,298.095825195312,280.030212402344,84052.89453125,2848268,0.980224609375,1.73746204376221,20
-116.55053313255,49.3502257408094,2014-07-17,19,297.859237670898,280.526107788086,84090.94140625,3116360,1.3983154296875,1.57144260406494,20
-116.55053313255,49.3502257408094,2014-07-17,20,298.655044555664,279.287063598633,84044.86328125,3057382,1.72129821777344,1.80236721038818,20
-116.950534962263,49.0502243685248,2014-08-18,17,291.495315551758,282.407913208008,82600.703125,2015548,0.773590087890625,0.308476448059082,1
-116.950534962263,49.0502243685248,2014-08-18,18,292.754776000977,281.222763061523,82563.83203125,2452980,1.477294921875,0.0389165878295898,1
-116.950534962263,49.0502243685248,2014-08-18,19,292.992721557617,281.287673950195,82540.05859375,2708290,1.72013854980469,-0.121596336364746,1
-116.950534962263,49.0502243685248,2014-08-18,20,293.813003540039,280.346694946289,82504.30078125,2747748,1.84275817871094,-0.000553131103515625,1
-116.850534504834,49.0502243685248,2014-08-18,17,291.120315551758,281.989944458008,82265.703125,2019870,0.580230712890625,0.427617073059082,2
-116.850534504834,49.0502243685248,2014-08-18,18,292.120010375977,281.408309936523,82227.83203125,2458400,1.274169921875,0.19321346282959,2
-116.850534504834,49.0502243685248,2014-08-18,19,292.688034057617,281.057205200195,82205.05859375,2711806,1.55119323730469,0.0151224136352539,2
-116.850534504834,49.0502243685248,2014-08-18,20,293.553237915039,280.155288696289,82169.30078125,2743282,1.64939880371094,0.0990562438964844,2
-116.750534047406,49.0502243685248,2014-08-18,17,293.151565551758,283.827835083008,85036.703125,2024252,0.381988525390625,0.545781135559082,3
-116.750534047406,49.0502243685248,2014-08-18,18,294.125869750977,283.361434936523,84987.83203125,2463862,1.068115234375,0.34751033782959,3
-116.750534047406,49.0502243685248,2014-08-18,19,294.740768432617,283.000564575195,84958.05859375,2715426,1.37931823730469,0.150864601135254,3
-116.750534047406,49.0502243685248,2014-08-18,20,295.643081665039,282.106460571289,84913.30078125,2739116,1.45408630371094,0.197689056396484,3
-116.650533589978,49.0502243685248,2014-08-18,17,295.632034301758,286.013381958008,88358.703125,2028324,0.230621337890625,0.658085823059082,4
-116.650533589978,49.0502243685248,2014-08-18,18,296.575088500977,285.636825561523,88296.83203125,2469542,0.901123046875,0.49887752532959,4
-116.650533589978,49.0502243685248,2014-08-18,19,297.225143432617,285.272048950195,88259.05859375,2719946,1.24552917480469,0.289536476135254,4
-116.650533589978,49.0502243685248,2014-08-18,20,298.150894165039,284.381851196289,88203.30078125,2736630,1.30369567871094,0.306087493896484,4
-116.55053313255,49.0502243685248,2014-08-18,17,297.296096801758,287.163772583008,90532.703125,2031256,0.256011962890625,0.748906135559082,5
-116.55053313255,49.0502243685248,2014-08-18,18,298.262588500977,286.826278686523,90459.83203125,2475990,0.883544921875,0.64438533782959,5
-116.55053313255,49.0502243685248,2014-08-18,19,298.885299682617,286.533767700195,90417.05859375,2727710,1.25627136230469,0.438950538635254,5
-116.55053313255,49.0502243685248,2014-08-18,20,299.787612915039,285.668960571289,90355.30078125,2739780,1.32225036621094,0.453548431396484,5
-116.950534962263,49.150224825953,2014-08-18,17,291.766799926758,282.882522583008,83073.703125,2014824,0.782379150390625,0.200078010559082,6
-116.950534962263,49.150224825953,2014-08-18,18,292.883682250977,281.978622436523,83035.83203125,2451512,1.380615234375,-0.0772943496704102,6
-116.950534962263,49.150224825953,2014-08-18,19,293.463424682617,281.389236450195,83008.05859375,2699122,1.54728698730469,-0.203627586364746,6
-116.950534962263,49.150224825953,2014-08-18,20,294.152847290039,280.741226196289,82969.30078125,2782762,1.68650817871094,-0.107975006103516,6
-116.850534504834,49.150224825953,2014-08-18,17,291.628128051758,282.652053833008,82988.703125,2018140,0.657379150390625,0.318242073059082,7
-116.850534504834,49.150224825953,2014-08-18,18,292.670791625977,282.060653686523,82947.83203125,2456072,1.234130859375,0.0789556503295898,7
-116.850534504834,49.150224825953,2014-08-18,19,293.240768432617,281.545486450195,82921.05859375,2700654,1.42424011230469,-0.0590963363647461,7
-116.850534504834,49.150224825953,2014-08-18,20,294.086441040039,280.706069946289,82881.30078125,2772294,1.53416442871094,0.00628280639648438,7
-116.750534047406,49.150224825953,2014-08-18,17,293.444534301758,284.253616333008,85495.703125,2021672,0.520660400390625,0.435429573059082,8
-116.750534047406,49.150224825953,2014-08-18,18,294.467666625977,283.824325561523,85445.83203125,2460784,1.078857421875,0.23422908782959,8
-116.750534047406,49.150224825953,2014-08-18,19,295.033737182617,283.348220825195,85412.05859375,2702530,1.29338073730469,0.0854349136352539,8
-116.750534047406,49.150224825953,2014-08-18,20,295.959487915039,282.409194946289,85365.30078125,2762810,1.37596130371094,0.118587493896484,8
-116.650533589978,49.150224825953,2014-08-18,17,295.176956176758,285.646194458008,87784.703125,2024740,0.435699462890625,0.550663948059082,9
-116.650533589978,49.150224825953,2014-08-18,18,296.211807250977,285.296981811523,87725.83203125,2465614,0.968505859375,0.38950252532959,9
-116.650533589978,49.150224825953,2014-08-18,19,296.768112182617,284.854080200195,87686.05859375,2704856,1.20646667480469,0.234848976135254,9
-116.650533589978,49.150224825953,2014-08-18,20,297.707534790039,283.897476196289,87631.30078125,2752946,1.26560974121094,0.245540618896484,9
-116.55053313255,49.150224825953,2014-08-18,17,296.274612426758,286.546585083008,89228.703125,2027860,0.438629150390625,0.659062385559082,10
-116.55053313255,49.150224825953,2014-08-18,18,297.309463500977,286.255966186523,89161.83203125,2472022,0.946044921875,0.54965877532959,10
-116.55053313255,49.150224825953,2014-08-18,19,297.836471557617,285.900955200195,89119.05859375,2711468,1.21916198730469,0.395981788635254,10
-116.55053313255,49.150224825953,2014-08-18,20,298.760269165039,284.989273071289,89059.30078125,2748706,1.27439880371094,0.408626556396484,10
-116.950534962263,49.2502252833812,2014-08-18,17,291.717971801758,283.071975708008,83139.703125,2014340,0.775543212890625,0.090703010559082,11
-116.950534962263,49.2502252833812,2014-08-18,18,293.131729125977,281.742294311523,83102.83203125,2450256,1.271240234375,-0.19252872467041,11
-116.950534962263,49.2502252833812,2014-08-18,19,293.729049682617,281.047439575195,83072.05859375,2690290,1.36369323730469,-0.288588523864746,11
-116.950534962263,49.2502252833812,2014-08-18,20,294.191909790039,280.875991821289,83032.30078125,2818994,1.52049255371094,-0.219303131103516,11
-116.850534504834,49.2502252833812,2014-08-18,17,293.083206176758,284.200881958008,85043.703125,2016526,0.729644775390625,0.207890510559082,12
-116.850534504834,49.2502252833812,2014-08-18,18,294.252822875977,283.425888061523,84998.83203125,2453826,1.190185546875,-0.0362787246704102,12
-116.850534504834,49.2502252833812,2014-08-18,19,294.777877807617,282.807205200195,84964.05859375,2689636,1.29338073730469,-0.133315086364746,12
-116.850534504834,49.2502252833812,2014-08-18,20,295.559097290039,282.088882446289,84916.30078125,2801714,1.41600036621094,-0.0874671936035156,12
-116.750534047406,49.2502252833812,2014-08-18,17,294.440628051758,284.972366333008,86713.703125,2018946,0.668121337890625,0.324101448059082,13
-116.750534047406,49.2502252833812,2014-08-18,18,295.534072875977,284.476669311523,86660.83203125,2457624,1.096435546875,0.12094783782959,13
-116.750534047406,49.2502252833812,2014-08-18,19,296.039596557617,283.889236450195,86622.05859375,2689364,1.21232604980469,0.0209817886352539,13
-116.750534047406,49.2502252833812,2014-08-18,20,296.998550415039,282.842788696289,86569.30078125,2785814,1.30271911621094,0.0414390563964844,13
-116.650533589978,49.2502252833812,2014-08-18,17,295.897659301758,285.654006958008,88394.703125,2021326,0.610504150390625,0.441288948059082,14
-116.650533589978,49.2502252833812,2014-08-18,18,297.057510375977,285.197372436523,88332.83203125,2461480,1.005615234375,0.27719783782959,14
-116.650533589978,49.2502252833812,2014-08-18,19,297.568893432617,284.602127075195,88290.05859375,2689166,1.13517761230469,0.175278663635254,14
-116.650533589978,49.2502252833812,2014-08-18,20,298.559097290039,283.454116821289,88231.30078125,2769904,1.19334411621094,0.171321868896484,14
-116.55053313255,49.2502252833812,2014-08-18,17,294.667190551758,285.003616333008,86989.703125,2024310,0.664215087890625,0.564335823059082,15
-116.55053313255,49.2502252833812,2014-08-18,18,295.815322875977,284.711044311523,86931.83203125,2468476,1.047607421875,0.45590877532959,15
-116.55053313255,49.2502252833812,2014-08-18,19,296.264205932617,284.272048950195,86890.05859375,2696566,1.22404479980469,0.354966163635254,15
-116.55053313255,49.2502252833812,2014-08-18,20,297.193862915039,283.290054321289,86836.30078125,2759558,1.27537536621094,0.376399993896484,15
-116.950534962263,49.3502257408094,2014-08-18,17,291.841018676758,283.093460083008,83433.703125,2014376,0.778472900390625,0.114140510559082,16
-116.950534962263,49.3502257408094,2014-08-18,18,292.918838500977,282.486434936523,83394.83203125,2451218,1.168701171875,-0.15444278717041,16
-116.950534962263,49.3502257408094,2014-08-18,19,293.439987182617,281.777908325195,83360.05859375,2683400,1.22404479980469,-0.194838523864746,16
-116.950534962263,49.3502257408094,2014-08-18,20,294.410659790039,280.831069946289,83318.30078125,2843216,1.37693786621094,-0.134342193603516,16
-116.850534504834,49.3502257408094,2014-08-18,17,293.358596801758,284.271194458008,85422.703125,2016230,0.773590087890625,0.211796760559082,17
-116.850534504834,49.3502257408094,2014-08-18,18,294.455947875977,283.714950561523,85374.83203125,2453052,1.135498046875,-0.0177240371704102,17
-116.850534504834,49.3502257408094,2014-08-18,19,294.953659057617,283.031814575195,85336.05859375,2681906,1.20744323730469,-0.0600728988647461,17
-116.850534504834,49.3502257408094,2014-08-18,20,295.924331665039,282.016616821289,85287.30078125,2825046,1.32908630371094,-0.0161781311035156,17
-116.750534047406,49.3502257408094,2014-08-18,17,294.897659301758,284.892288208008,87107.703125,2018086,0.769683837890625,0.309453010559082,18
-116.750534047406,49.3502257408094,2014-08-18,18,296.071182250977,284.320419311523,87050.83203125,2454906,1.101318359375,0.11997127532959,18
-116.750534047406,49.3502257408094,2014-08-18,19,296.584518432617,283.627517700195,87009.05859375,2680356,1.18986511230469,0.0756692886352539,18
-116.750534047406,49.3502257408094,2014-08-18,20,297.578628540039,282.463882446289,86954.30078125,2806940,1.27928161621094,0.102962493896484,18
-116.650533589978,49.3502257408094,2014-08-18,17,294.432815551758,284.495803833008,86520.703125,2020056,0.776519775390625,0.407109260559082,19
-116.650533589978,49.3502257408094,2014-08-18,18,295.620010375977,284.039169311523,86463.83203125,2457208,1.088623046875,0.25961971282959,19
-116.650533589978,49.3502257408094,2014-08-18,19,296.107955932617,283.424392700195,86423.05859375,2680620,1.20158386230469,0.212388038635254,19
-116.650533589978,49.3502257408094,2014-08-18,20,297.084487915039,282.288101196289,86369.30078125,2789980,1.26560974121094,0.234798431396484,19
-116.55053313255,49.3502257408094,2014-08-18,17,292.860549926758,283.525100708008,84663.703125,2022378,0.790191650390625,0.516484260559082,20
-116.55053313255,49.3502257408094,2014-08-18,18,294.037979125977,283.244247436523,84611.83203125,2461122,1.092529296875,0.41391658782959,20
-116.55053313255,49.3502257408094,2014-08-18,19,294.484909057617,282.746658325195,84572.05859375,2684320,1.24064636230469,0.362778663635254,20
-116.55053313255,49.3502257408094,2014-08-18,20,295.416519165039,281.758804321289,84525.30078125,2775426,1.28904724121094,0.397884368896484,20
